# Blender 4.3.0
# www.blender.org
o 1.Balloon
v -0.405740 -1.460774 5.927776
v -0.407597 -1.390966 5.924348
v -0.403283 -1.258020 5.906466
v -0.392465 -1.128078 5.875015
v -0.335133 -1.467631 5.945199
v -0.334797 -1.388324 5.960145
v -0.326306 -1.255789 5.939252
v -0.313180 -1.127684 5.901203
v -0.201817 -1.472387 5.970290
v -0.202625 -1.385138 6.016006
v -0.192246 -1.251480 5.998772
v -0.178531 -1.123750 5.959119
v -0.006413 -1.450456 6.097038
v -0.002984 -1.384122 6.085738
v 0.004957 -1.251957 6.062747
v 0.015067 -1.121351 6.032494
v -0.057329 -1.468777 6.021453
v -0.071186 -1.383652 6.065530
v -0.061063 -1.251177 6.043681
v -0.049147 -1.121980 6.008395
v 0.061156 -1.455634 6.102825
v 0.064748 -1.386565 6.095592
v 0.071835 -1.253673 6.077337
v 0.080553 -1.122019 6.052085
v 0.063521 -1.464527 6.022083
v 0.155474 -1.460336 6.105825
v 0.172315 -1.391005 6.105702
v 0.178193 -1.257139 6.096406
v 0.184894 -1.123992 6.079932
v 0.199837 -1.467482 6.037624
v 0.240276 -1.394055 6.106339
v 0.245401 -1.259796 6.103065
v 0.251209 -1.125977 6.092639
v 0.330753 -1.469719 6.002921
v 0.334984 -1.397617 6.082097
v 0.340711 -1.263899 6.098286
v 0.346519 -1.129832 6.097103
v 0.464510 -1.476130 5.982131
v 0.470304 -1.401646 6.041256
v 0.478135 -1.269296 6.065860
v 0.486119 -1.135669 6.076166
v -0.381454 -0.998641 5.841660
v -0.372972 -0.867430 5.814690
v -0.368826 -0.733721 5.803791
v -0.366591 -0.599505 5.801512
v -0.364826 -0.465263 5.799663
v -0.363440 -0.330996 5.798553
v -0.362333 -0.196728 5.797897
v -0.361205 -0.062448 5.796055
v -0.301588 -0.998470 5.866220
v -0.292266 -0.867612 5.836935
v -0.286355 -0.734634 5.818291
v -0.283211 -0.600525 5.809704
v -0.281284 -0.466207 5.806002
v -0.279837 -0.331858 5.804029
v -0.278689 -0.197524 5.802783
v -0.277533 -0.063204 5.800636
v -0.165350 -0.995670 5.920409
v -0.154015 -0.866178 5.886052
v -0.145460 -0.734683 5.859357
v -0.140057 -0.601428 5.842297
v -0.136971 -0.467314 5.833220
v -0.134871 -0.332990 5.827549
v -0.133384 -0.198584 5.824108
v -0.132128 -0.064160 5.821320
v 0.026835 -0.992198 5.997071
v 0.039095 -0.863398 5.960614
v 0.049783 -0.733245 5.928706
v 0.057649 -0.601222 5.904550
v 0.062843 -0.467868 5.888149
v 0.066201 -0.333860 5.877523
v 0.068404 -0.199562 5.870929
v 0.069780 -0.065133 5.867498
v -0.036479 -0.993443 5.970977
v -0.024396 -0.864477 5.934849
v -0.014320 -0.733939 5.904128
v -0.007060 -0.601565 5.881466
v -0.002415 -0.467948 5.866664
v 0.000559 -0.333779 5.857260
v 0.002556 -0.199385 5.851367
v 0.003953 -0.064899 5.847877
v 0.091306 -0.992173 6.019486
v 0.103007 -0.862984 5.984608
v 0.113590 -0.732733 5.953269
v 0.121842 -0.600889 5.928296
v 0.127706 -0.467807 5.910036
v 0.131598 -0.333963 5.897750
v 0.134275 -0.199783 5.889526
v 0.135877 -0.065410 5.885267
v 0.192920 -0.992196 6.055653
v 0.202250 -0.861518 6.026742
v 0.211724 -0.730824 5.998113
v 0.220216 -0.599327 5.972892
v 0.227014 -0.466808 5.952688
v 0.232162 -0.333504 5.937378
v 0.236543 -0.199897 5.924526
v 0.239343 -0.065853 5.916526
v 0.257259 -0.992898 6.075832
v 0.264228 -0.860912 6.053182
v 0.272058 -0.729526 6.028200
v 0.279984 -0.597976 6.004246
v 0.287087 -0.465757 5.983589
v 0.292977 -0.332843 5.966820
v 0.298742 -0.199809 5.950924
v 0.302951 -0.066245 5.939312
v 0.351538 -0.995896 6.090415
v 0.356155 -0.862406 6.078473
v 0.361120 -0.729547 6.062221
v 0.366588 -0.597057 6.044190
v 0.372286 -0.464536 6.026606
v 0.377982 -0.331786 6.010325
v 0.384722 -0.199264 5.992468
v 0.390964 -0.066433 5.976359
v 0.492447 -1.001767 6.082009
v 0.497234 -0.867724 6.083051
v 0.501060 -0.733705 6.080568
v 0.504233 -0.599827 6.075348
v 0.507107 -0.466116 6.068430
v 0.510062 -0.332510 6.060467
v 0.513642 -0.199088 6.050142
v 0.520295 -0.066579 6.033043
v 0.566545 -1.477003 5.968874
v 0.593546 -1.404947 5.996074
v 0.605027 -1.272329 6.014549
v 0.614778 -1.139137 6.029737
v 0.623374 -1.005617 6.042375
v 0.630576 -0.871853 6.052400
v 0.636402 -0.737951 6.060567
v 0.640740 -0.603877 6.066519
v 0.643847 -0.469776 6.071222
v 0.646120 -0.335678 6.075138
v 0.647663 -0.201453 6.077917
v 0.648885 -0.067162 6.079728
v -0.359945 0.071821 5.793019
v -0.358425 0.206005 5.787516
v -0.356949 0.340150 5.781240
v -0.355777 0.474323 5.774885
v -0.355760 0.608604 5.773005
v -0.358571 0.742392 5.783565
v -0.364929 0.874489 5.806555
v -0.374457 1.004533 5.838585
v -0.276251 0.071119 5.797274
v -0.274753 0.205399 5.792068
v -0.273342 0.339707 5.786910
v -0.272524 0.474130 5.784428
v -0.273682 0.608458 5.789851
v -0.278187 0.741690 5.806977
v -0.285877 0.873170 5.833711
v -0.295918 1.003059 5.866732
v -0.130908 0.070266 5.818435
v -0.129822 0.204706 5.815888
v -0.129304 0.339176 5.815625
v -0.129950 0.473580 5.819684
v -0.132861 0.607480 5.831516
v -0.139268 0.739838 5.854216
v -0.148535 0.870379 5.884995
v -0.159860 0.999403 5.921031
v 0.070701 0.069334 5.865936
v 0.071067 0.203808 5.866535
v 0.070199 0.338184 5.871675
v 0.067950 0.472283 5.881445
v 0.063317 0.605574 5.898555
v 0.056166 0.737598 5.922947
v 0.046173 0.867785 5.954996
v 0.034235 0.996394 5.992318
v 0.005005 0.069622 5.845856
v 0.005580 0.204167 5.845768
v 0.005140 0.338662 5.849580
v 0.003159 0.472884 5.858560
v -0.001121 0.606352 5.874749
v -0.008295 0.738356 5.899448
v -0.018205 0.868550 5.931630
v -0.030006 0.997274 5.968717
v 0.136554 0.069028 5.884606
v 0.136386 0.203444 5.887009
v 0.134991 0.337709 5.893780
v 0.132271 0.471674 5.904882
v 0.127171 0.604771 5.923182
v 0.120050 0.736852 5.947241
v 0.110435 0.867355 5.977952
v 0.098907 0.996291 6.013959
v 0.239435 0.068459 5.917749
v 0.237330 0.202477 5.925635
v 0.234114 0.336185 5.936866
v 0.230342 0.469679 5.950291
v 0.224526 0.602284 5.969911
v 0.217229 0.734012 5.994056
v 0.208516 0.864732 6.022590
v 0.199161 0.994886 6.053505
v 0.302421 0.067878 5.942227
v 0.298430 0.201387 5.954478
v 0.294007 0.334746 5.968121
v 0.289637 0.468014 5.982650
v 0.283636 0.600414 6.002463
v 0.276756 0.732106 6.025661
v 0.269434 0.863300 6.051286
v 0.262583 0.994762 6.076257
v 0.389675 0.067534 5.981046
v 0.383448 0.200279 5.997970
v 0.378557 0.333316 6.012504
v 0.374256 0.466297 6.026823
v 0.369526 0.598835 6.043837
v 0.364829 0.731229 6.062065
v 0.360466 0.863854 6.079518
v 0.356405 0.997089 6.093440
v 0.518353 0.067034 6.039337
v 0.513252 0.199932 6.053750
v 0.510934 0.333483 6.061856
v 0.508887 0.467065 6.069213
v 0.506808 0.600694 6.076461
v 0.504510 0.734493 6.082162
v 0.501486 0.868458 6.085614
v 0.497381 1.002487 6.085925
v -0.385961 1.133259 5.874711
v -0.397225 1.262416 5.909163
v -0.402341 1.394694 5.930879
v -0.400058 1.464465 5.934710
v -0.307715 1.131679 5.903726
v -0.320815 1.259321 5.943318
v -0.329622 1.391369 5.966786
v -0.328938 1.470321 5.950204
v -0.172852 1.127115 5.960969
v -0.186603 1.254203 6.002586
v -0.197326 1.387465 6.022300
v -0.195625 1.473470 5.974345
v 0.021910 1.124582 6.030942
v 0.011123 1.254194 6.065013
v 0.002810 1.385921 6.090485
v -0.000347 1.452429 6.100903
v -0.042701 1.125257 6.007987
v -0.054999 1.253559 6.046263
v -0.065683 1.385389 6.071254
v -0.051257 1.469174 6.024946
v 0.087319 1.124982 6.050664
v 0.077867 1.255666 6.080282
v 0.070526 1.388264 6.100536
v 0.067230 1.457451 6.106527
v 0.069127 1.462435 6.025439
v 0.190791 1.125897 6.081447
v 0.183903 1.258570 6.101226
v 0.178088 1.392417 6.110894
v 0.161569 1.461807 6.109338
v 0.256723 1.127395 6.095901
v 0.251070 1.260985 6.108524
v 0.246059 1.395193 6.111985
v 0.205153 1.465477 6.040362
v 0.351951 1.130883 6.102003
v 0.346416 1.264894 6.104040
v 0.340748 1.398533 6.087662
v 0.335832 1.467668 6.005923
v 0.491529 1.136402 6.080904
v 0.483624 1.269973 6.070608
v 0.475707 1.402233 6.045665
v 0.469127 1.474855 5.984348
v 0.648948 0.067145 6.080266
v 0.647986 0.201490 6.077911
v 0.647094 0.335762 6.075500
v 0.645619 0.469914 6.072135
v 0.643332 0.604051 6.068171
v 0.639956 0.738182 6.062898
v 0.634974 0.872180 6.055584
v 0.628155 1.005970 6.045803
v 0.619728 1.139487 6.033231
v 0.610003 1.272641 6.018015
v 0.598607 1.405260 5.999591
v 0.570902 1.476299 5.970530
v -2.238220 -1.470512 -2.903207
v -2.249650 -1.401326 -2.892915
v -2.261487 -1.267987 -2.883037
v -2.267242 -1.133938 -2.876589
v -2.261551 -1.472765 -2.984813
v -2.294002 -1.399371 -2.974186
v -2.303985 -1.265432 -2.967510
v -2.296982 -1.131383 -2.966318
v -2.303113 -1.470602 -3.134208
v -2.359548 -1.394797 -3.120791
v -2.364225 -1.259876 -3.118711
v -2.345774 -1.126835 -3.121480
v -2.347829 -1.466542 -3.282458
v -2.416507 -1.390555 -3.268651
v -2.410671 -1.255916 -3.269475
v -2.385638 -1.123902 -3.273990
v -2.385190 -1.463970 -3.431938
v -2.458839 -1.388237 -3.418642
v -2.445461 -1.254449 -3.420846
v -2.418855 -1.122748 -3.425686
v -2.087146 -1.472776 -2.760826
v -2.109026 -1.400476 -2.734131
v -2.131252 -1.269348 -2.714428
v -2.150757 -1.137296 -2.698419
v -2.152030 -1.474185 -2.861015
v -2.191584 -1.401661 -2.823555
v -2.210368 -1.269375 -2.809752
v -2.223223 -1.136128 -2.798872
v -2.182543 -1.449782 -2.999027
v -2.205715 -1.452034 -3.151652
v -2.234628 -1.436812 -3.302521
v -2.263843 -1.423194 -3.453331
v -1.933081 -1.464232 -2.635701
v -1.955866 -1.392427 -2.611241
v -1.981687 -1.262986 -2.587840
v -1.999294 -1.130597 -2.575375
v -1.993281 -1.469258 -2.723908
v -2.032804 -1.397193 -2.667603
v -2.056403 -1.266874 -2.644888
v -2.077745 -1.135363 -2.626956
v -2.021890 -1.455546 -2.873019
v -2.052943 -1.421956 -3.020778
v -2.080681 -1.407420 -3.172225
v -2.108324 -1.396664 -3.323947
v -2.136180 -1.387620 -3.475915
v -1.847030 -1.449072 -2.628211
v -1.856373 -1.383179 -2.559412
v -1.873936 -1.250872 -2.543769
v -1.883367 -1.118847 -2.564703
v -1.864911 -1.444420 -2.743263
v -1.895243 -1.415479 -2.892174
v -1.923367 -1.394916 -3.042835
v -1.950832 -1.381449 -3.194477
v -1.978156 -1.372113 -3.346608
v -2.005282 -1.367452 -3.499084
v -1.662486 -1.437696 -2.529385
v -1.683971 -1.361916 -2.520325
v -1.700237 -1.236819 -2.566146
v -1.718468 -1.118091 -2.625824
v -1.714973 -1.423601 -2.605914
v -1.759954 -1.371946 -2.520718
v -1.770858 -1.240857 -2.549480
v -1.784235 -1.115488 -2.594613
v -1.739877 -1.400048 -2.762220
v -1.766491 -1.384362 -2.913370
v -1.792923 -1.372389 -3.065118
v -1.819692 -1.362766 -3.217205
v -1.846593 -1.356768 -3.369636
v -1.873392 -1.355235 -3.522250
v -1.565969 -1.435119 -2.538183
v -1.568849 -1.347911 -2.526954
v -1.584975 -1.227415 -2.584239
v -1.604140 -1.112908 -2.651926
v -1.581306 -1.439517 -2.637742
v -1.607820 -1.400459 -2.785364
v -1.634470 -1.373303 -2.935585
v -1.661060 -1.359020 -3.087571
v -1.687696 -1.351180 -3.240023
v -1.714448 -1.347338 -3.392630
v -1.741155 -1.347373 -3.545315
v -1.433137 -1.428325 -2.554875
v -1.434562 -1.335871 -2.542639
v -1.450543 -1.217081 -2.604929
v -1.470119 -1.105657 -2.677572
v -1.449539 -1.428438 -2.659337
v -1.475945 -1.392195 -2.807580
v -1.502265 -1.367199 -2.958229
v -1.528676 -1.353404 -3.110312
v -1.555299 -1.345805 -3.262825
v -1.582047 -1.342418 -3.415490
v -1.608751 -1.342963 -3.568227
v -1.300341 -1.423023 -2.572281
v -1.301663 -1.327351 -2.563893
v -1.319044 -1.212254 -2.633225
v -1.338337 -1.100257 -2.705072
v -1.318361 -1.409329 -2.678627
v -1.343997 -1.380193 -2.828638
v -1.369826 -1.363948 -2.980573
v -1.396165 -1.353263 -3.132924
v -1.422792 -1.346375 -3.285459
v -1.449604 -1.343978 -3.438118
v -1.476391 -1.346877 -3.590788
v -2.261219 -0.999770 -2.876609
v -2.245406 -0.866650 -2.880191
v -2.225519 -0.734292 -2.884161
v -2.207896 -0.601582 -2.887018
v -2.196836 -0.468021 -2.888783
v -2.194726 -0.333839 -2.889840
v -2.199183 -0.199697 -2.890440
v -2.203534 -0.065501 -2.890797
v -2.278140 -0.998665 -2.969340
v -2.251124 -0.867476 -2.974174
v -2.225672 -0.735785 -2.978438
v -2.206979 -0.602732 -2.981457
v -2.195153 -0.468806 -2.983325
v -2.190472 -0.334435 -2.984267
v -2.191025 -0.199993 -2.984579
v -2.192736 -0.065609 -2.984730
v -2.319306 -0.995237 -3.126485
v -2.287077 -0.864927 -3.132644
v -2.254564 -0.734630 -3.138467
v -2.229334 -0.602634 -3.142645
v -2.213897 -0.469065 -3.145083
v -2.205891 -0.334801 -3.146339
v -2.202250 -0.200331 -3.146998
v -2.200926 -0.065819 -3.147337
v -2.354007 -0.993363 -3.280118
v -2.318014 -0.863986 -3.287107
v -2.283527 -0.734153 -3.293483
v -2.257286 -0.602322 -3.297959
v -2.240249 -0.468931 -3.300671
v -2.229720 -0.334841 -3.302310
v -2.223578 -0.200464 -3.303294
v -2.220757 -0.065970 -3.303826
v -2.385133 -0.992743 -3.432111
v -2.348557 -0.863537 -3.439219
v -2.315641 -0.733291 -3.445335
v -2.289435 -0.601471 -3.449889
v -2.269723 -0.468485 -3.453141
v -2.255855 -0.334740 -3.455353
v -2.247508 -0.200527 -3.456697
v -2.243861 -0.066097 -3.457353
v -2.166088 -1.004223 -2.686793
v -2.176625 -0.870344 -2.679826
v -2.182776 -0.736053 -2.676809
v -2.186193 -0.601666 -2.676228
v -2.188693 -0.467448 -2.676839
v -2.191099 -0.333395 -2.677744
v -2.193556 -0.199422 -2.678532
v -2.195807 -0.065433 -2.678959
v -2.228653 -1.002110 -2.793618
v -2.225837 -0.868095 -2.793299
v -2.217513 -0.734530 -2.795443
v -2.208289 -0.601140 -2.797857
v -2.202519 -0.467529 -2.799695
v -2.202616 -0.333617 -2.800885
v -2.207341 -0.199625 -2.801492
v -2.211434 -0.065494 -2.801805
v -2.008007 -0.996924 -2.577511
v -2.013906 -0.863620 -2.587088
v -2.017323 -0.730681 -2.598831
v -2.020082 -0.597810 -2.609172
v -2.021805 -0.464629 -2.616062
v -2.022591 -0.331172 -2.620337
v -2.023076 -0.197558 -2.623326
v -2.027581 -0.064267 -2.631718
v -2.094399 -1.002558 -2.614147
v -2.105689 -0.868806 -2.606440
v -2.111000 -0.734503 -2.604219
v -2.113802 -0.600241 -2.604250
v -2.115162 -0.466147 -2.606037
v -2.115842 -0.332282 -2.608802
v -2.116392 -0.198623 -2.611742
v -2.119321 -0.065086 -2.611373
v -1.892581 -0.988820 -2.594209
v -1.904578 -0.860411 -2.628046
v -1.918338 -0.731864 -2.660823
v -1.925112 -0.599418 -2.677453
v -1.927318 -0.465746 -2.685169
v -1.926980 -0.331800 -2.687928
v -1.926789 -0.197827 -2.690029
v -1.934302 -0.064627 -2.702466
v -1.733477 -0.992074 -2.670197
v -1.746941 -0.863338 -2.706608
v -1.758620 -0.732621 -2.735880
v -1.768411 -0.600512 -2.758958
v -1.776006 -0.467397 -2.776343
v -1.781153 -0.333537 -2.787942
v -1.784471 -0.199321 -2.795292
v -1.787084 -0.065004 -2.800725
v -1.800693 -0.991325 -2.641800
v -1.815343 -0.863831 -2.680689
v -1.827443 -0.733488 -2.711058
v -1.836182 -0.600871 -2.731311
v -1.841435 -0.467187 -2.743692
v -1.843745 -0.333065 -2.750133
v -1.845323 -0.198872 -2.754621
v -1.849615 -0.064918 -2.762707
v -1.619861 -0.988237 -2.699649
v -1.633463 -0.859797 -2.737069
v -1.645858 -0.729755 -2.769051
v -1.657264 -0.598713 -2.797192
v -1.667532 -0.466789 -2.821528
v -1.675774 -0.333731 -2.839943
v -1.680461 -0.199576 -2.850117
v -1.682388 -0.064998 -2.854250
v -1.486403 -0.982737 -2.729533
v -1.500653 -0.855277 -2.769907
v -1.513797 -0.726034 -2.804685
v -1.526257 -0.595954 -2.836479
v -1.538187 -0.465268 -2.865868
v -1.548858 -0.333505 -2.890560
v -1.549474 -0.199045 -2.889247
v -1.549747 -0.064714 -2.887650
v -1.354180 -0.976671 -2.755579
v -1.367801 -0.847920 -2.791823
v -1.379858 -0.716552 -2.817635
v -1.391902 -0.583954 -2.835620
v -1.406553 -0.450712 -2.840988
v -1.451460 -0.332199 -2.798099
v -1.444242 -0.198751 -2.805229
v -1.441402 -0.064803 -2.807368
v -2.401723 -1.463941 -3.585066
v -2.473478 -1.389865 -3.573633
v -2.469910 -1.255227 -3.574142
v -2.449142 -1.122518 -3.577883
v -2.410689 -1.467221 -3.739586
v -2.471081 -1.393033 -3.732096
v -2.479879 -1.258271 -3.731463
v -2.470949 -1.124143 -3.733958
v -2.422565 -1.469537 -3.894068
v -2.458312 -1.396168 -3.892312
v -2.470743 -1.262281 -3.893989
v -2.472813 -1.127873 -3.896602
v -2.429238 -1.467876 -3.979679
v -2.441060 -1.397655 -3.985387
v -2.449122 -1.264078 -3.988158
v -2.441412 -1.130487 -3.987850
v -2.289897 -1.425337 -3.605299
v -2.314718 -1.438576 -3.756864
v -2.343669 -1.443208 -3.908185
v -2.361800 -1.473669 -4.047743
v -2.408431 -1.398215 -4.069966
v -2.393703 -1.265344 -4.058140
v -2.373395 -1.133523 -4.045450
v -2.335116 -1.472928 -4.163640
v -2.350280 -1.395122 -4.175947
v -2.318317 -1.266309 -4.155391
v -2.289797 -1.136705 -4.135808
v -2.163136 -1.387099 -3.628433
v -2.189101 -1.397330 -3.780756
v -2.214098 -1.416884 -3.932216
v -2.234986 -1.456911 -4.080090
v -2.258503 -1.480178 -4.228879
v -2.296538 -1.393620 -4.261675
v -2.262093 -1.265504 -4.240242
v -2.229236 -1.137069 -4.217850
v -2.232382 -1.472318 -4.332112
v -2.241676 -1.393741 -4.339650
v -2.214296 -1.263518 -4.320857
v -2.178363 -1.136267 -4.296560
v -2.031956 -1.369053 -3.651720
v -2.058045 -1.378617 -3.804163
v -2.083543 -1.395357 -3.955982
v -2.107890 -1.422671 -4.106430
v -2.129851 -1.462555 -4.254198
v -2.152200 -1.476559 -4.370533
v -2.164275 -1.397720 -4.425272
v -2.143927 -1.264877 -4.417506
v -2.110879 -1.136502 -4.395157
v -1.899908 -1.358649 -3.674901
v -1.926081 -1.367389 -3.827395
v -1.951924 -1.381383 -3.979534
v -1.977469 -1.401339 -4.131015
v -2.002349 -1.431037 -4.280903
v -2.033792 -1.477950 -4.433926
v -2.092960 -1.401488 -4.492732
v -2.084220 -1.267294 -4.493458
v -2.065372 -1.135053 -4.480227
v -2.010663 -1.480914 -4.524241
v -2.031025 -1.403867 -4.537220
v -2.030971 -1.269920 -4.544900
v -2.023194 -1.135962 -4.541024
v -1.767630 -1.351677 -3.698004
v -1.793821 -1.360387 -3.850564
v -1.819762 -1.373257 -4.002860
v -1.845580 -1.390431 -4.154734
v -1.871236 -1.416050 -4.305415
v -1.894593 -1.463581 -4.450946
v -1.913009 -1.486585 -4.549354
v -1.919484 -1.406706 -4.590008
v -1.922311 -1.273576 -4.609425
v -1.923106 -1.139505 -4.618106
v -1.635226 -1.347905 -3.720958
v -1.661422 -1.357473 -3.873536
v -1.687325 -1.370900 -4.025851
v -1.713153 -1.387434 -4.177845
v -1.739045 -1.409494 -4.329094
v -1.764735 -1.446611 -4.477373
v -1.781958 -1.486751 -4.575449
v -1.789409 -1.408282 -4.627872
v -1.791199 -1.274566 -4.647290
v -1.791793 -1.140604 -4.654693
v -1.502994 -1.355119 -3.743299
v -1.529303 -1.367020 -3.895614
v -1.555227 -1.381004 -4.047794
v -1.580888 -1.397423 -4.199752
v -1.606934 -1.420858 -4.350701
v -1.633597 -1.461060 -4.497750
v -1.651215 -1.490229 -4.602034
v -1.657110 -1.408102 -4.653217
v -1.657085 -1.273026 -4.659843
v -1.657206 -1.139220 -4.654497
v -2.420657 -0.991286 -3.583027
v -2.386958 -0.861358 -3.589403
v -2.354589 -0.731065 -3.595494
v -2.325848 -0.599838 -3.600752
v -2.301509 -0.467676 -3.605052
v -2.282756 -0.334566 -3.608175
v -2.270991 -0.200634 -3.610096
v -2.266098 -0.066266 -3.610929
v -2.454144 -0.990767 -3.736911
v -2.429687 -0.858620 -3.740911
v -2.400738 -0.727496 -3.746024
v -2.370838 -0.596697 -3.751704
v -2.342831 -0.465496 -3.757102
v -2.317926 -0.333595 -3.761791
v -2.298761 -0.200631 -3.765262
v -2.289930 -0.066547 -3.766700
v -2.466882 -0.993566 -3.899161
v -2.453423 -0.859901 -3.901981
v -2.433643 -0.727214 -3.905451
v -2.411212 -0.595002 -3.909384
v -2.387630 -0.463065 -3.913520
v -2.361900 -0.331638 -3.918437
v -2.337305 -0.199970 -3.923465
v -2.321553 -0.066725 -3.926361
v -2.439830 -0.996744 -3.991837
v -2.438582 -0.863062 -3.997433
v -2.432527 -0.729466 -4.002107
v -2.422618 -0.596051 -4.005418
v -2.409173 -0.462925 -4.007767
v -2.393006 -0.330157 -4.009847
v -2.376672 -0.197614 -4.011646
v -2.351571 -0.066634 -4.018173
v -2.372518 -0.999617 -4.050360
v -2.379977 -0.866599 -4.064720
v -2.385365 -0.733414 -4.077854
v -2.387535 -0.599907 -4.087469
v -2.387300 -0.466357 -4.094304
v -2.385500 -0.332938 -4.098809
v -2.381892 -0.199681 -4.100718
v -2.380531 -0.066478 -4.102561
v -2.278591 -1.003190 -4.130001
v -2.282167 -0.869468 -4.139593
v -2.289340 -0.736425 -4.154938
v -2.295750 -0.603201 -4.169439
v -2.301424 -0.469624 -4.182381
v -2.305922 -0.335645 -4.192650
v -2.309089 -0.201406 -4.199936
v -2.310908 -0.066983 -4.204039
v -2.207960 -1.005149 -4.203573
v -2.199496 -0.871136 -4.199349
v -2.199512 -0.736949 -4.203312
v -2.202796 -0.603005 -4.211603
v -2.207136 -0.469181 -4.221431
v -2.211338 -0.335280 -4.230938
v -2.214565 -0.201162 -4.238355
v -2.216295 -0.066811 -4.242218
v -2.152965 -1.005346 -4.279587
v -2.136643 -0.872319 -4.268917
v -2.127298 -0.738303 -4.263203
v -2.123466 -0.603914 -4.261788
v -2.123272 -0.469512 -4.263642
v -2.124716 -0.335233 -4.267141
v -2.126374 -0.200997 -4.270528
v -2.127453 -0.066730 -4.272535
v -2.087149 -1.005094 -4.379475
v -2.069394 -0.872302 -4.367764
v -2.055597 -0.738784 -4.358819
v -2.045300 -0.604776 -4.352207
v -2.038320 -0.470444 -4.347762
v -2.034001 -0.335946 -4.345056
v -2.031734 -0.201379 -4.343665
v -2.030857 -0.066792 -4.343091
v -2.044145 -1.003485 -4.465938
v -2.029112 -0.870652 -4.455632
v -2.016943 -0.737278 -4.447463
v -2.006633 -0.603593 -4.440872
v -1.998488 -0.469653 -4.435879
v -1.992858 -0.335496 -4.432546
v -1.989750 -0.201152 -4.430762
v -1.988465 -0.066716 -4.430009
v -2.012474 -1.002571 -4.532758
v -2.001016 -0.869437 -4.524091
v -1.991013 -0.736140 -4.516823
v -1.982887 -0.602593 -4.511055
v -1.976496 -0.468806 -4.506649
v -1.971926 -0.334837 -4.503644
v -1.969490 -0.200756 -4.502070
v -1.968619 -0.066636 -4.501440
v -1.922043 -1.005280 -4.620942
v -1.919903 -0.871079 -4.620911
v -1.917840 -0.736963 -4.619763
v -1.915609 -0.602945 -4.617960
v -1.913593 -0.468979 -4.616230
v -1.912271 -0.334987 -4.615074
v -1.911802 -0.200915 -4.614571
v -1.911800 -0.066740 -4.614387
v -1.792433 -1.006742 -4.663360
v -1.793385 -0.872779 -4.671927
v -1.794616 -0.738676 -4.678270
v -1.795732 -0.604496 -4.683022
v -1.796805 -0.470202 -4.686648
v -1.797789 -0.335789 -4.689154
v -1.798445 -0.201341 -4.690370
v -1.798731 -0.066878 -4.690712
v -1.657670 -1.005538 -4.663935
v -1.658753 -0.872035 -4.677259
v -1.660396 -0.738418 -4.689733
v -1.662148 -0.604466 -4.699770
v -1.663648 -0.470181 -4.706144
v -1.664650 -0.335753 -4.708663
v -1.665021 -0.201300 -4.708267
v -1.665093 -0.066858 -4.707420
v -0.830078 -1.378417 5.020626
v -0.760552 -1.366299 5.007632
v -0.680943 -1.265033 5.046370
v -0.656261 -1.133198 5.056040
v -0.872051 -1.338481 4.940361
v -0.812252 -1.292798 4.944095
v -0.689808 -1.238002 4.940698
v -0.606426 -1.134112 4.958379
v -0.906675 -1.283596 4.800312
v -0.842477 -1.236668 4.803035
v -0.717068 -1.189782 4.796973
v -0.602769 -1.120193 4.804749
v -0.777154 -1.474460 5.446075
v -0.786584 -1.401772 5.455113
v -0.800888 -1.268406 5.463067
v -0.811745 -1.134542 5.469420
v -0.781635 -1.478645 5.356144
v -0.807517 -1.398811 5.356190
v -0.826452 -1.265843 5.362877
v -0.825594 -1.131616 5.366824
v -0.790682 -1.481698 5.200832
v -0.827751 -1.391774 5.196488
v -0.808248 -1.259174 5.200911
v -0.792436 -1.127088 5.207195
v -0.818383 -1.458443 5.043803
v -0.798094 -1.364057 5.076713
v -0.716765 -1.264586 5.115553
v -0.705544 -1.131053 5.116658
v -0.816616 -1.382261 4.912230
v -0.828258 -1.271978 4.804971
v -0.666740 -1.477785 5.620256
v -0.687809 -1.402133 5.639996
v -0.705929 -1.269363 5.651978
v -0.719026 -1.135752 5.659309
v -0.704308 -1.481078 5.507792
v -0.747303 -1.402215 5.536620
v -0.765711 -1.269221 5.544529
v -0.778481 -1.135545 5.551683
v -0.695409 -1.485391 5.360854
v -0.684892 -1.475126 5.206536
v -0.679863 -1.434252 5.057094
v -0.683863 -1.362405 4.919863
v -0.694682 -1.262171 4.802513
v -0.547435 -1.476061 5.779364
v -0.567012 -1.399498 5.793988
v -0.581225 -1.266294 5.802182
v -0.583676 -1.132249 5.798536
v -0.584857 -1.482672 5.678699
v -0.629847 -1.401206 5.721579
v -0.646851 -1.268452 5.733528
v -0.657657 -1.134695 5.739089
v -0.573054 -1.481382 5.525054
v -0.562113 -1.470491 5.370874
v -0.552876 -1.452270 5.217304
v -0.552183 -1.395729 5.073151
v -0.555366 -1.326367 4.934927
v -0.562148 -1.244504 4.804093
v -0.650058 -0.998923 5.054740
v -0.650966 -0.864632 5.050341
v -0.652046 -0.730480 5.047009
v -0.651632 -0.596368 5.045231
v -0.650764 -0.462293 5.044045
v -0.650131 -0.328216 5.043018
v -0.649870 -0.194137 5.042053
v -0.648616 -0.060061 5.041784
v -0.592648 -1.000518 4.961062
v -0.590167 -0.866110 4.958660
v -0.590886 -0.731696 4.955426
v -0.592121 -0.597335 4.952518
v -0.593043 -0.463072 4.950193
v -0.593879 -0.328859 4.948272
v -0.594882 -0.194670 4.946569
v -0.594585 -0.060470 4.945759
v -0.541931 -1.000928 4.814978
v -0.527260 -0.867491 4.817290
v -0.523273 -0.733118 4.816177
v -0.522155 -0.598694 4.814315
v -0.521965 -0.464276 4.812459
v -0.522141 -0.329906 4.810809
v -0.522554 -0.195571 4.809383
v -0.522346 -0.061249 4.808538
v -0.816438 -1.000222 5.473000
v -0.818184 -0.865840 5.475424
v -0.818170 -0.731517 5.477106
v -0.817192 -0.597245 5.478325
v -0.815721 -0.463016 5.479225
v -0.814043 -0.328828 5.479873
v -0.812239 -0.194680 5.480380
v -0.810672 -0.060531 5.480685
v -0.821254 -0.997555 5.369636
v -0.815478 -0.863684 5.372005
v -0.809839 -0.729852 5.373967
v -0.804695 -0.595996 5.375575
v -0.800097 -0.462102 5.376881
v -0.796136 -0.328173 5.377893
v -0.792936 -0.194218 5.378624
v -0.790488 -0.060252 5.379099
v -0.778649 -0.994737 5.212325
v -0.769947 -0.861767 5.215450
v -0.762998 -0.728502 5.217731
v -0.757091 -0.595028 5.219520
v -0.751670 -0.461410 5.221052
v -0.747109 -0.327685 5.222238
v -0.743451 -0.193884 5.223083
v -0.740631 -0.060054 5.223642
v -0.703384 -0.997259 5.111820
v -0.701674 -0.863378 5.109917
v -0.699475 -0.729496 5.109256
v -0.696350 -0.595634 5.109458
v -0.693440 -0.461770 5.109645
v -0.691094 -0.327889 5.109705
v -0.689341 -0.193962 5.109635
v -0.687227 -0.059993 5.109858
v -0.728560 -1.001719 5.664695
v -0.733878 -0.867382 5.667948
v -0.736647 -0.732959 5.669897
v -0.737755 -0.598525 5.671093
v -0.738009 -0.464139 5.672017
v -0.737947 -0.329796 5.672914
v -0.737630 -0.195479 5.673672
v -0.737205 -0.061181 5.674196
v -0.787752 -1.001455 5.556964
v -0.794107 -0.867140 5.560799
v -0.798151 -0.732723 5.563512
v -0.800422 -0.598278 5.565436
v -0.801345 -0.463836 5.566780
v -0.801352 -0.329437 5.567692
v -0.801019 -0.195139 5.568394
v -0.800542 -0.060888 5.568837
v -0.580653 -0.998616 5.788803
v -0.576166 -0.865286 5.778436
v -0.572762 -0.731721 5.771630
v -0.570260 -0.597928 5.767814
v -0.568374 -0.463965 5.765279
v -0.566849 -0.329906 5.763536
v -0.565789 -0.195765 5.763080
v -0.565004 -0.061547 5.763137
v -0.662212 -1.000440 5.740341
v -0.662143 -0.866177 5.738475
v -0.660417 -0.732086 5.735476
v -0.658508 -0.598060 5.732974
v -0.657272 -0.463971 5.731989
v -0.656281 -0.329812 5.731668
v -0.655463 -0.195606 5.731786
v -0.654782 -0.061349 5.732053
v -0.896286 -1.285419 4.646100
v -0.849150 -1.219939 4.648817
v -0.738977 -1.142961 4.652023
v -0.614674 -1.092561 4.654264
v -0.878572 -1.295077 4.493329
v -0.842478 -1.222508 4.494010
v -0.732344 -1.145483 4.497519
v -0.612619 -1.085005 4.501017
v -0.861850 -1.305802 4.340663
v -0.829960 -1.231364 4.340282
v -0.716492 -1.159683 4.344656
v -0.605809 -1.084040 4.347619
v -0.847249 -1.316141 4.187526
v -0.816039 -1.241400 4.187440
v -0.703416 -1.168423 4.191332
v -0.600921 -1.081593 4.193716
v -0.834891 -1.323217 4.033701
v -0.809621 -1.246117 4.034033
v -0.710500 -1.155518 4.037766
v -0.607461 -1.069370 4.039942
v -0.825574 -1.322036 3.879469
v -0.809052 -1.242529 3.880479
v -0.719741 -1.142123 3.884366
v -0.618860 -1.053376 3.886860
v -0.818935 -1.318344 3.725296
v -0.808099 -1.237892 3.726859
v -0.726612 -1.131033 3.730621
v -0.628677 -1.038987 3.733485
v -0.814358 -1.313099 3.571258
v -0.807768 -1.232213 3.573122
v -0.731493 -1.121578 3.576703
v -0.636285 -1.026728 3.579750
v -0.819166 -1.262793 4.651668
v -0.798736 -1.283773 4.500391
v -0.781559 -1.297034 4.347244
v -0.767192 -1.304556 4.193130
v -0.755342 -1.307862 4.038623
v -0.745776 -1.307674 3.883918
v -0.739170 -1.303784 3.729139
v -0.734887 -1.297127 3.574513
v -0.699955 -1.201653 4.660507
v -0.689606 -1.205393 4.506243
v -0.674993 -1.215284 4.352662
v -0.662552 -1.220399 4.198656
v -0.653426 -1.220444 4.044301
v -0.646563 -1.217261 3.889804
v -0.641629 -1.211552 3.735264
v -0.638916 -1.203235 3.580795
v -0.567739 -1.177659 4.664883
v -0.566849 -1.150953 4.512681
v -0.562484 -1.142079 4.358511
v -0.557146 -1.137268 4.204198
v -0.552213 -1.132235 4.049877
v -0.548235 -1.125923 3.895570
v -0.545103 -1.118357 3.741235
v -0.543009 -1.109444 3.586873
v -0.520267 -0.997631 4.662062
v -0.486964 -0.867701 4.667825
v -0.473770 -0.734005 4.669614
v -0.467521 -0.599709 4.669561
v -0.464164 -0.465304 4.668861
v -0.462051 -0.330873 4.668068
v -0.460614 -0.196435 4.667383
v -0.459462 -0.061992 4.666938
v -0.518070 -0.989994 4.507659
v -0.467978 -0.865554 4.514126
v -0.442237 -0.733825 4.518054
v -0.428685 -0.600140 4.519767
v -0.421189 -0.465903 4.520174
v -0.416664 -0.331517 4.520038
v -0.413777 -0.197074 4.519733
v -0.412004 -0.062596 4.519444
v -0.517559 -0.983061 4.353344
v -0.460670 -0.861619 4.359627
v -0.424113 -0.732422 4.364203
v -0.402259 -0.599961 4.367154
v -0.390025 -0.466190 4.368465
v -0.383229 -0.331943 4.368773
v -0.379389 -0.197548 4.368649
v -0.377266 -0.063092 4.368428
v -0.517728 -0.976112 4.199071
v -0.455133 -0.857367 4.205181
v -0.411243 -0.730460 4.209899
v -0.382420 -0.599348 4.213487
v -0.365413 -0.466192 4.215489
v -0.356188 -0.332227 4.216196
v -0.351258 -0.197950 4.216251
v -0.348690 -0.063532 4.216101
v -0.519834 -0.967627 4.044758
v -0.450779 -0.852512 4.050715
v -0.400006 -0.728207 4.055551
v -0.364988 -0.598616 4.059568
v -0.343513 -0.466120 4.062094
v -0.331776 -0.332413 4.063159
v -0.325650 -0.198283 4.063387
v -0.322536 -0.063954 4.063313
v -0.525749 -0.956603 3.890726
v -0.449265 -0.846254 3.896246
v -0.390863 -0.725348 3.901138
v -0.349361 -0.597687 3.905508
v -0.323101 -0.466052 3.908498
v -0.308650 -0.332621 3.909914
v -0.301324 -0.198593 3.910295
v -0.297693 -0.064335 3.910287
v -0.533392 -0.944298 3.736917
v -0.450945 -0.838304 3.741852
v -0.384882 -0.721388 3.746645
v -0.336156 -0.596297 3.751273
v -0.304299 -0.465903 3.754704
v -0.286593 -0.332858 3.756509
v -0.277957 -0.198925 3.757038
v -0.273864 -0.064714 3.757078
v -0.540952 -0.932044 3.583114
v -0.454789 -0.829017 3.587584
v -0.382095 -0.716066 3.592145
v -0.325871 -0.594142 3.596879
v -0.287526 -0.465508 3.600721
v -0.265679 -0.333081 3.602947
v -0.255404 -0.199277 3.603647
v -0.250835 -0.065099 3.603731
v -0.811700 -1.307170 3.417332
v -0.807629 -1.226125 3.419220
v -0.735648 -1.112702 3.422742
v -0.643168 -1.015226 3.425915
v -0.809916 -1.301444 3.263438
v -0.807259 -1.220272 3.265137
v -0.739561 -1.104237 3.268729
v -0.650443 -1.003631 3.272104
v -0.804811 -1.296782 3.109456
v -0.804922 -1.215502 3.110926
v -0.741829 -1.096908 3.114524
v -0.657022 -0.992642 3.118157
v -0.797642 -1.294459 2.955545
v -0.798626 -1.213179 2.956806
v -0.739809 -1.092322 2.960059
v -0.659296 -0.984719 2.963827
v -0.789923 -1.293943 2.801748
v -0.790220 -1.212656 2.802836
v -0.731900 -1.091550 2.805760
v -0.651085 -0.984296 2.809549
v -0.782676 -1.293983 2.647943
v -0.782609 -1.212718 2.648948
v -0.719414 -1.094093 2.651967
v -0.634970 -0.989749 2.656047
v -0.778168 -1.293889 2.493913
v -0.774363 -1.212695 2.495169
v -0.706819 -1.096500 2.498373
v -0.617667 -0.996155 2.502846
v -0.774377 -1.290744 2.339825
v -0.769605 -1.209635 2.341285
v -0.696731 -1.096826 2.344726
v -0.603208 -1.000532 2.349332
v -0.733027 -1.287810 3.420331
v -0.732518 -1.277368 3.266535
v -0.727321 -1.272755 3.112539
v -0.720065 -1.270815 2.958573
v -0.712008 -1.271431 2.804600
v -0.704597 -1.271911 2.650494
v -0.700667 -1.269793 2.496193
v -0.696348 -1.268445 2.341866
v -0.638371 -1.192598 3.426511
v -0.638264 -1.181814 3.272317
v -0.635778 -1.174471 3.117969
v -0.630530 -1.170697 2.963572
v -0.623341 -1.170479 2.809211
v -0.617563 -1.169528 2.654779
v -0.612774 -1.168195 2.500286
v -0.607220 -1.167925 2.345819
v -0.541764 -1.099553 3.432479
v -0.540780 -1.089683 3.277990
v -0.539474 -1.080966 3.123344
v -0.537376 -1.074046 2.968587
v -0.533944 -1.070283 2.813748
v -0.529769 -1.067932 2.658948
v -0.525459 -1.066186 2.504193
v -0.521317 -1.064698 2.349488
v -0.548585 -0.919812 3.429299
v -0.460178 -0.818656 3.433463
v -0.382101 -0.709298 3.437724
v -0.318576 -0.590976 3.442400
v -0.272949 -0.464737 3.446566
v -0.245952 -0.333269 3.449234
v -0.233547 -0.199652 3.450145
v -0.228403 -0.065497 3.450283
v -0.557236 -0.906824 3.275630
v -0.467404 -0.806883 3.279567
v -0.384956 -0.700760 3.283477
v -0.314363 -0.586473 3.287927
v -0.260691 -0.463433 3.292278
v -0.227490 -0.333402 3.295373
v -0.212385 -0.200059 3.296533
v -0.206501 -0.065923 3.296744
v -0.566392 -0.893421 3.122051
v -0.476501 -0.793551 3.125931
v -0.390966 -0.689920 3.129530
v -0.313692 -0.580076 3.133569
v -0.251195 -0.461306 3.137881
v -0.210652 -0.333403 3.141332
v -0.192167 -0.200484 3.142782
v -0.185272 -0.066380 3.143094
v -0.571372 -0.883128 2.968008
v -0.483315 -0.781673 2.972059
v -0.397292 -0.678560 2.975687
v -0.315494 -0.572156 2.979374
v -0.244829 -0.458129 2.983404
v -0.196237 -0.333110 2.987050
v -0.173419 -0.200880 2.988830
v -0.164981 -0.066863 2.989296
v -0.564692 -0.881564 2.813713
v -0.479544 -0.777865 2.817752
v -0.396648 -0.672400 2.821494
v -0.314953 -0.565982 2.825134
v -0.240112 -0.454638 2.828896
v -0.184833 -0.332402 2.832515
v -0.156738 -0.201193 2.834625
v -0.145893 -0.067359 2.835315
v -0.547498 -0.888102 2.660424
v -0.464766 -0.782521 2.664176
v -0.386869 -0.673281 2.667468
v -0.309630 -0.563556 2.670860
v -0.235467 -0.451698 2.674368
v -0.176213 -0.331263 2.677803
v -0.142452 -0.201370 2.680166
v -0.128266 -0.067856 2.681128
v -0.528359 -0.896028 2.507408
v -0.447031 -0.789241 2.510957
v -0.372804 -0.677332 2.513795
v -0.300859 -0.563926 2.516676
v -0.230297 -0.449653 2.519814
v -0.169815 -0.329751 2.522992
v -0.130653 -0.201344 2.525490
v -0.112484 -0.068314 2.526703
v -0.512306 -0.901716 2.353893
v -0.431821 -0.794170 2.357345
v -0.360031 -0.680584 2.359964
v -0.291797 -0.564801 2.362488
v -0.224893 -0.448248 2.365254
v -0.164624 -0.328165 2.368147
v -0.120985 -0.201148 2.370665
v -0.098920 -0.068693 2.372034
v -0.773886 -1.285640 2.185866
v -0.767165 -1.204706 2.187486
v -0.689788 -1.094952 2.190934
v -0.592890 -1.001926 2.195374
v -0.774467 -1.280045 2.031974
v -0.765488 -1.199342 2.033701
v -0.685061 -1.091751 2.036987
v -0.586118 -1.000831 2.041189
v -0.775805 -1.274242 1.878074
v -0.764770 -1.193811 1.879854
v -0.681879 -1.088046 1.882881
v -0.581622 -0.998570 1.886936
v -0.777423 -1.268450 1.724119
v -0.764829 -1.188269 1.725878
v -0.679661 -1.084317 1.728674
v -0.578432 -0.995990 1.732656
v -0.778866 -1.262917 1.570103
v -0.765095 -1.182935 1.571734
v -0.678019 -1.080567 1.574447
v -0.576122 -0.993044 1.578385
v -0.779808 -1.258037 1.416021
v -0.764824 -1.178254 1.417387
v -0.676421 -1.077018 1.420199
v -0.574095 -0.990090 1.424107
v -0.779963 -1.254278 1.261832
v -0.763501 -1.174761 1.262825
v -0.673967 -1.074536 1.265843
v -0.571148 -0.988253 1.269838
v -0.779043 -1.251847 1.107491
v -0.760723 -1.172724 1.108112
v -0.669594 -1.073984 1.111374
v -0.565798 -0.988899 1.115628
v -0.695637 -1.264254 2.187560
v -0.696018 -1.259508 2.033341
v -0.697147 -1.254590 1.879235
v -0.698458 -1.250071 1.725227
v -0.699484 -1.246400 1.571274
v -0.699978 -1.243825 1.417348
v -0.699721 -1.242635 1.263435
v -0.698429 -1.243225 1.109536
v -0.604839 -1.165256 2.191317
v -0.604519 -1.161180 2.036891
v -0.604388 -1.157465 1.882536
v -0.603076 -1.155538 1.728223
v -0.600919 -1.155201 1.573966
v -0.598393 -1.156009 1.419771
v -0.595387 -1.158125 1.265653
v -0.591998 -1.161416 1.111619
v -0.517842 -1.062918 2.194804
v -0.514729 -1.061284 2.040114
v -0.511335 -1.060628 1.885431
v -0.507420 -1.061302 1.730791
v -0.503214 -1.063102 1.576224
v -0.498994 -1.065748 1.421741
v -0.494740 -1.069271 1.267352
v -0.490146 -1.073990 1.113062
v -0.500285 -0.904619 2.199886
v -0.420079 -0.796813 2.203332
v -0.349900 -0.682210 2.205874
v -0.284114 -0.565002 2.208204
v -0.219598 -0.447078 2.210703
v -0.159553 -0.326835 2.213339
v -0.112776 -0.200884 2.215764
v -0.087605 -0.068972 2.217161
v -0.491666 -0.905276 2.045598
v -0.410995 -0.797829 2.049112
v -0.341708 -0.682726 2.051623
v -0.277369 -0.564758 2.053844
v -0.214183 -0.446143 2.056155
v -0.154156 -0.325895 2.058577
v -0.105433 -0.200661 2.060828
v -0.078146 -0.069169 2.062150
v -0.485677 -0.904512 1.891188
v -0.403866 -0.797943 1.894806
v -0.334540 -0.682840 1.897280
v -0.270693 -0.564624 1.899436
v -0.208041 -0.445755 1.901609
v -0.148107 -0.325483 1.903842
v -0.098542 -0.200582 1.905874
v -0.070201 -0.069316 1.907047
v -0.481505 -0.902990 1.736724
v -0.398322 -0.797442 1.740417
v -0.327992 -0.682879 1.742908
v -0.263700 -0.564882 1.745006
v -0.200994 -0.446048 1.747069
v -0.141315 -0.325663 1.749123
v -0.091948 -0.200689 1.750906
v -0.063584 -0.069430 1.751879
v -0.478567 -0.900744 1.582342
v -0.393950 -0.796370 1.586024
v -0.322021 -0.682834 1.588556
v -0.256542 -0.565473 1.590578
v -0.193334 -0.446905 1.592535
v -0.134007 -0.326352 1.594407
v -0.085669 -0.200977 1.595920
v -0.058217 -0.069525 1.596663
v -0.476161 -0.898267 1.428044
v -0.390454 -0.794852 1.431644
v -0.316761 -0.682519 1.434183
v -0.249725 -0.566099 1.436148
v -0.185596 -0.448065 1.437992
v -0.126519 -0.327415 1.439674
v -0.079829 -0.201415 1.440908
v -0.054093 -0.069614 1.441415
v -0.472930 -0.896800 1.273837
v -0.386876 -0.793751 1.277294
v -0.312194 -0.682109 1.279787
v -0.243774 -0.566535 1.281672
v -0.178494 -0.449182 1.283391
v -0.119482 -0.328581 1.284894
v -0.074849 -0.201928 1.285856
v -0.051289 -0.069712 1.286148
v -0.467197 -0.897929 1.119768
v -0.381685 -0.794597 1.123057
v -0.307594 -0.682706 1.125390
v -0.238955 -0.567362 1.127160
v -0.173056 -0.450427 1.128729
v -0.114342 -0.329688 1.130040
v -0.071527 -0.202420 1.130770
v -0.049921 -0.069822 1.130882
v -0.776771 -1.250645 0.953003
v -0.756139 -1.172111 0.953333
v -0.662810 -1.075510 0.956879
v -0.557360 -0.992487 0.961555
v -0.772923 -1.250515 0.798444
v -0.748825 -1.172981 0.798559
v -0.653190 -1.078796 0.802493
v -0.545739 -0.998481 0.807720
v -0.767749 -1.251281 0.643888
v -0.739116 -1.175305 0.643940
v -0.640440 -1.084318 0.648413
v -0.531458 -1.006080 0.654180
v -0.761346 -1.252991 0.489337
v -0.727785 -1.179030 0.489455
v -0.626027 -1.091433 0.494534
v -0.516137 -1.014347 0.500751
v -0.752953 -1.256213 0.334774
v -0.714942 -1.184381 0.335125
v -0.610749 -1.099612 0.340750
v -0.500457 -1.023005 0.347303
v -0.739703 -1.262959 0.180723
v -0.700325 -1.191880 0.181036
v -0.594695 -1.108922 0.187027
v -0.484518 -1.032144 0.193816
v -0.724584 -1.272193 0.027240
v -0.684180 -1.201798 0.027307
v -0.577635 -1.120150 0.033639
v -0.468047 -1.042558 0.040467
v -0.708429 -1.283815 -0.125811
v -0.666325 -1.214509 -0.125775
v -0.558619 -1.134577 -0.119060
v -0.450873 -1.054500 -0.112630
v -0.695849 -1.245855 0.955647
v -0.691855 -1.250260 0.801736
v -0.686811 -1.255235 0.647843
v -0.680678 -1.260048 0.494137
v -0.672783 -1.266893 0.340670
v -0.660438 -1.278426 0.187778
v -0.646293 -1.291577 0.035202
v -0.631076 -1.306278 -0.117132
v -0.587692 -1.166391 0.957699
v -0.579970 -1.175995 0.804140
v -0.572516 -1.184461 0.650406
v -0.567163 -1.188055 0.496533
v -0.559446 -1.194700 0.343029
v -0.545868 -1.208441 0.190467
v -0.528167 -1.227966 0.038963
v -0.509902 -1.248690 -0.112491
v -0.484593 -1.080529 0.958894
v -0.477724 -1.089111 0.804900
v -0.470736 -1.096862 0.650841
v -0.465944 -1.099871 0.496641
v -0.460215 -1.104219 0.342576
v -0.450049 -1.114447 0.189061
v -0.434339 -1.131878 0.036597
v -0.415805 -1.152873 -0.115104
v -0.458128 -0.902192 0.965878
v -0.373796 -0.797928 0.969048
v -0.301785 -0.684776 0.971086
v -0.234483 -0.568735 0.972663
v -0.169161 -0.451549 0.974077
v -0.111302 -0.330489 0.975134
v -0.070072 -0.202772 0.975667
v -0.050139 -0.069932 0.975640
v -0.445766 -0.909012 0.812223
v -0.362721 -0.803686 0.815326
v -0.293670 -0.688736 0.816961
v -0.228975 -0.571301 0.818255
v -0.165437 -0.453246 0.819463
v -0.109318 -0.331466 0.820267
v -0.070292 -0.203146 0.820581
v -0.052307 -0.070074 0.820450
v -0.430241 -0.917969 0.658898
v -0.348111 -0.811827 0.661957
v -0.282286 -0.694958 0.663107
v -0.221129 -0.575652 0.663996
v -0.160647 -0.456033 0.664931
v -0.107678 -0.332894 0.665448
v -0.072140 -0.203615 0.665537
v -0.056738 -0.070244 0.665350
v -0.413764 -0.927381 0.505681
v -0.331560 -0.821114 0.508744
v -0.267949 -0.702894 0.509515
v -0.210501 -0.581676 0.509942
v -0.154400 -0.459889 0.510494
v -0.106417 -0.334697 0.510667
v -0.075836 -0.204145 0.510562
v -0.063554 -0.070441 0.510387
v -0.398029 -0.936047 0.352327
v -0.315429 -0.829993 0.355315
v -0.252519 -0.711230 0.355938
v -0.198248 -0.588423 0.355989
v -0.147603 -0.464157 0.356081
v -0.106352 -0.336505 0.355897
v -0.081678 -0.204640 0.355687
v -0.072577 -0.070635 0.355593
v -0.382970 -0.944154 0.198787
v -0.300849 -0.837730 0.201496
v -0.238508 -0.718616 0.202031
v -0.187077 -0.594484 0.201847
v -0.142434 -0.467831 0.201545
v -0.108633 -0.337914 0.201138
v -0.089708 -0.205019 0.200940
v -0.083252 -0.070831 0.200957
v -0.368388 -0.952427 0.045180
v -0.288445 -0.844358 0.047359
v -0.227872 -0.724341 0.047692
v -0.179679 -0.598890 0.047344
v -0.140981 -0.470258 0.046845
v -0.113882 -0.338744 0.046433
v -0.099425 -0.205257 0.046327
v -0.094703 -0.071024 0.046425
v -0.354863 -0.960485 -0.108587
v -0.278580 -0.849867 -0.107026
v -0.221147 -0.728411 -0.106967
v -0.177033 -0.601549 -0.107423
v -0.143797 -0.471460 -0.107913
v -0.121641 -0.339066 -0.108190
v -0.109834 -0.205354 -0.108187
v -0.105891 -0.071150 -0.108049
v -0.691551 -1.297027 -0.278578
v -0.647602 -1.228899 -0.278343
v -0.539603 -1.149452 -0.271577
v -0.434350 -1.066181 -0.265762
v -0.674132 -1.310903 -0.431149
v -0.629554 -1.243142 -0.430795
v -0.522286 -1.162747 -0.424320
v -0.419276 -1.076799 -0.419113
v -0.656649 -1.324961 -0.583534
v -0.612157 -1.257109 -0.583249
v -0.505486 -1.175853 -0.577064
v -0.404624 -1.087377 -0.572546
v -0.639888 -1.339269 -0.735753
v -0.593886 -1.272467 -0.735353
v -0.487681 -1.190459 -0.729538
v -0.391281 -1.097121 -0.726250
v -0.624503 -1.353610 -0.887956
v -0.574155 -1.290079 -0.886773
v -0.470967 -1.204342 -0.882290
v -0.381151 -1.104612 -0.880415
v -0.610055 -1.366204 -1.040390
v -0.560648 -1.301726 -1.039361
v -0.458771 -1.214370 -1.035767
v -0.374666 -1.109774 -1.034953
v -0.597092 -1.377875 -1.192763
v -0.548335 -1.312877 -1.192192
v -0.447916 -1.223702 -1.189409
v -0.372492 -1.112734 -1.189740
v -0.586718 -1.389441 -1.345058
v -0.529675 -1.331655 -1.343615
v -0.441364 -1.230430 -1.343590
v -0.375539 -1.113445 -1.344542
v -0.615374 -1.322861 -0.269326
v -0.599463 -1.340608 -0.421530
v -0.583660 -1.358546 -0.573895
v -0.568347 -1.375936 -0.726502
v -0.553976 -1.392365 -0.879382
v -0.540828 -1.407427 -1.032548
v -0.529032 -1.421203 -1.185951
v -0.518897 -1.433346 -1.339631
v -0.493177 -1.267543 -0.264515
v -0.476878 -1.286298 -0.416745
v -0.460879 -1.304847 -0.569202
v -0.445236 -1.323119 -0.721949
v -0.430265 -1.341000 -0.875107
v -0.416248 -1.358144 -1.028518
v -0.403509 -1.374197 -1.182225
v -0.392481 -1.388508 -1.336299
v -0.399463 -1.171400 -0.267382
v -0.386863 -1.186753 -0.420455
v -0.375582 -1.201295 -0.573779
v -0.363730 -1.216563 -0.727091
v -0.350749 -1.232887 -0.880356
v -0.336603 -1.250064 -1.033556
v -0.321384 -1.267939 -1.186651
v -0.305247 -1.286374 -1.339639
v -0.342846 -0.967891 -0.262557
v -0.271091 -0.854418 -0.261610
v -0.217970 -0.731161 -0.261809
v -0.178592 -0.602879 -0.262274
v -0.149943 -0.471806 -0.262622
v -0.130644 -0.339045 -0.262754
v -0.119513 -0.205353 -0.262719
v -0.115407 -0.071255 -0.262568
v -0.332200 -0.974693 -0.416726
v -0.265834 -0.858115 -0.416361
v -0.218023 -0.732815 -0.416737
v -0.183377 -0.603274 -0.417091
v -0.157873 -0.471633 -0.417271
v -0.139215 -0.338851 -0.417352
v -0.126879 -0.205352 -0.417378
v -0.121730 -0.071383 -0.417256
v -0.323302 -0.980695 -0.571115
v -0.263597 -0.860633 -0.571248
v -0.221362 -0.733394 -0.571640
v -0.190367 -0.602968 -0.571834
v -0.165911 -0.471158 -0.571920
v -0.145769 -0.338631 -0.572074
v -0.130766 -0.205423 -0.572172
v -0.123921 -0.071547 -0.572066
v -0.317442 -0.985138 -0.725767
v -0.265011 -0.861728 -0.726178
v -0.227611 -0.732970 -0.726454
v -0.198277 -0.602120 -0.726533
v -0.172492 -0.470495 -0.726654
v -0.149166 -0.338414 -0.726903
v -0.130770 -0.205558 -0.727021
v -0.122173 -0.071713 -0.726889
v -0.315405 -0.987676 -0.880616
v -0.269877 -0.861515 -0.881042
v -0.235662 -0.731777 -0.881178
v -0.205594 -0.600932 -0.881227
v -0.176472 -0.469841 -0.881482
v -0.149223 -0.338374 -0.881774
v -0.128056 -0.205794 -0.881850
v -0.118441 -0.071879 -0.881684
v -0.317277 -0.988517 -1.035517
v -0.277520 -0.860352 -1.035750
v -0.244356 -0.730217 -1.035771
v -0.211487 -0.599900 -1.035948
v -0.178030 -0.469693 -1.036330
v -0.147609 -0.338741 -1.036644
v -0.125587 -0.206099 -1.036691
v -0.115958 -0.071963 -1.036464
v -0.323293 -0.987905 -1.190272
v -0.287866 -0.858416 -1.190173
v -0.254052 -0.728389 -1.190180
v -0.217333 -0.599074 -1.190620
v -0.179820 -0.469962 -1.191159
v -0.148626 -0.339154 -1.191455
v -0.128350 -0.206190 -1.191362
v -0.118648 -0.072018 -1.191008
v -0.334277 -0.985755 -1.344657
v -0.302492 -0.855344 -1.344111
v -0.267314 -0.725797 -1.344224
v -0.228429 -0.597391 -1.344891
v -0.190907 -0.468766 -1.345411
v -0.166925 -0.337208 -1.344985
v -0.162223 -0.204005 -1.342119
v -0.169494 -0.071496 -1.336753
v -0.740253 -1.239697 -2.639528
v -0.743844 -1.168934 -2.632467
v -0.762710 -1.037317 -2.611868
v -0.578835 -1.398705 -1.497669
v -0.531898 -1.332344 -1.497305
v -0.441294 -1.233225 -1.498134
v -0.384208 -1.111807 -1.499183
v -0.573672 -1.406493 -1.650383
v -0.529744 -1.338165 -1.650970
v -0.444901 -1.234196 -1.652781
v -0.401670 -1.107204 -1.653030
v -0.571993 -1.413428 -1.803209
v -0.525426 -1.346810 -1.804637
v -0.456977 -1.231358 -1.807031
v -0.430280 -1.099844 -1.805084
v -0.572703 -1.417171 -1.956116
v -0.522544 -1.353283 -1.958711
v -0.487593 -1.223459 -1.958558
v -0.469377 -1.090312 -1.954620
v -0.583557 -1.421261 -2.108616
v -0.573441 -1.340881 -2.103407
v -0.534810 -1.212248 -2.105470
v -0.517742 -1.079090 -2.101220
v -0.593264 -1.413044 -2.261803
v -0.608798 -1.333842 -2.252924
v -0.598055 -1.200049 -2.246159
v -0.578217 -1.067242 -2.243237
v -0.602669 -1.386859 -2.413716
v -0.649905 -1.322232 -2.400673
v -0.650759 -1.188270 -2.391094
v -0.637643 -1.054720 -2.385567
v -0.616217 -1.360642 -2.566009
v -0.703278 -1.298615 -2.567992
v -0.709371 -1.176955 -2.542374
v -0.713201 -1.043261 -2.529178
v -0.510917 -1.442757 -1.493727
v -0.505007 -1.449512 -1.648139
v -0.501198 -1.452914 -1.802903
v -0.499582 -1.451828 -1.957851
v -0.504086 -1.436203 -2.111965
v -0.512600 -1.407988 -2.264075
v -0.526060 -1.360684 -2.410648
v -0.529342 -1.329907 -2.562068
v -0.383609 -1.400101 -1.490787
v -0.377198 -1.408009 -1.645647
v -0.373489 -1.411197 -1.800745
v -0.372606 -1.408469 -1.955814
v -0.376509 -1.394853 -2.110144
v -0.387905 -1.358805 -2.260075
v -0.397699 -1.321481 -2.409787
v -0.395522 -1.322058 -2.564229
v -0.288764 -1.304967 -1.492588
v -0.274061 -1.321933 -1.645922
v -0.262462 -1.335589 -1.799852
v -0.253818 -1.345482 -1.954255
v -0.251655 -1.344980 -2.109004
v -0.258978 -1.322220 -2.261569
v -0.265035 -1.303058 -2.414681
v -0.263393 -1.344797 -2.563370
v -0.792674 -0.909383 -2.582948
v -0.827690 -0.783776 -2.549901
v -0.866736 -0.660313 -2.513546
v -0.909437 -0.539059 -2.474079
v -0.956689 -0.420955 -2.430463
v -1.008936 -0.306699 -2.382619
v -1.064947 -0.195974 -2.331360
v -1.091402 -0.066355 -2.308714
v -0.352500 -0.981447 -1.498269
v -0.323594 -0.850412 -1.497234
v -0.288321 -0.720972 -1.497436
v -0.254086 -0.591298 -1.497507
v -0.232496 -0.459005 -1.494346
v -0.235641 -0.325421 -1.483241
v -0.260572 -0.195798 -1.460710
v -0.296020 -0.071608 -1.425257
v -0.378678 -0.975049 -1.650622
v -0.352347 -0.843493 -1.649065
v -0.322292 -0.712762 -1.648206
v -0.301926 -0.580251 -1.644433
v -0.303228 -0.446714 -1.631651
v -0.330072 -0.317888 -1.605476
v -0.373937 -0.197643 -1.565391
v -0.404521 -0.070219 -1.535920
v -0.412018 -0.966889 -1.801476
v -0.390017 -0.834476 -1.798863
v -0.370839 -0.701691 -1.794775
v -0.369134 -0.567987 -1.783423
v -0.391058 -0.437827 -1.758985
v -0.432225 -0.315574 -1.721495
v -0.479971 -0.197844 -1.677818
v -0.508733 -0.069420 -1.650625
v -0.453514 -0.956898 -1.950184
v -0.438566 -0.823394 -1.945388
v -0.434344 -0.689415 -1.935441
v -0.450792 -0.557663 -1.914569
v -0.486666 -0.432653 -1.880722
v -0.534487 -0.314695 -1.837455
v -0.582274 -0.196935 -1.793758
v -0.611453 -0.068628 -1.766617
v -0.506758 -0.945319 -2.094984
v -0.501801 -0.811272 -2.086115
v -0.513755 -0.678659 -2.067923
v -0.543957 -0.551184 -2.038107
v -0.587547 -0.430518 -1.998176
v -0.638333 -0.314923 -1.952089
v -0.685197 -0.196509 -1.909213
v -0.713871 -0.067880 -1.882723
v -0.571841 -0.933403 -2.234922
v -0.579335 -0.800237 -2.219644
v -0.603672 -0.670807 -2.193776
v -0.643790 -0.548327 -2.156466
v -0.690681 -0.430104 -2.113645
v -0.740973 -0.314284 -2.067873
v -0.788089 -0.196039 -2.024633
v -0.816711 -0.067300 -1.998463
v -0.642219 -0.921021 -2.372233
v -0.663276 -0.790212 -2.349372
v -0.696084 -0.663670 -2.317926
v -0.736970 -0.541330 -2.279946
v -0.783056 -0.422360 -2.237507
v -0.834667 -0.307450 -2.190661
v -0.888236 -0.194217 -2.142268
v -0.920004 -0.066898 -2.113807
v -0.731999 -0.911917 -2.507776
v -0.763764 -0.784866 -2.477336
v -0.803020 -0.661592 -2.440712
v -0.845660 -0.540340 -2.401271
v -0.892041 -0.421616 -2.358529
v -0.945095 -0.307957 -2.310139
v -0.999293 -0.195236 -2.260837
v -1.028737 -0.066625 -2.235013
v -1.167837 -1.419650 -2.592069
v -1.169854 -1.322528 -2.590661
v -1.188701 -1.210688 -2.664996
v -1.206348 -1.093782 -2.728983
v -1.186266 -1.402528 -2.699309
v -1.211787 -1.385362 -2.851059
v -1.237745 -1.372820 -3.003217
v -1.264113 -1.363330 -3.155532
v -1.291000 -1.359257 -3.308022
v -1.318459 -1.362259 -3.460436
v -1.346678 -1.374410 -3.612239
v -1.035895 -1.417454 -2.616565
v -1.038989 -1.320165 -2.621549
v -1.057815 -1.207283 -2.694034
v -1.072788 -1.079892 -2.733715
v -1.058616 -1.435067 -2.723421
v -1.081733 -1.408982 -2.874141
v -1.107135 -1.394175 -3.026046
v -1.134338 -1.389595 -3.178207
v -1.163264 -1.394578 -3.329937
v -1.193636 -1.407428 -3.480840
v -1.225128 -1.428243 -3.630574
v -0.904879 -1.415853 -2.646730
v -0.913091 -1.321074 -2.667505
v -0.925134 -1.192071 -2.706654
v -0.942110 -1.059001 -2.710705
v -0.928460 -1.458303 -2.746084
v -0.953785 -1.441891 -2.897501
v -0.979102 -1.427891 -3.048992
v -1.010254 -1.436606 -3.199794
v -1.041634 -1.448058 -3.350242
v -1.072688 -1.462399 -3.500304
v -1.103943 -1.482614 -3.649397
v -0.774245 -1.407284 -2.678323
v -0.770896 -1.288894 -2.702531
v -0.795134 -1.168304 -2.684456
v -0.821825 -1.040985 -2.654710
v -0.797513 -1.478264 -2.769120
v -0.827422 -1.481014 -2.920742
v -0.856954 -1.478814 -3.072076
v -0.887937 -1.487384 -3.222889
v -0.916819 -1.491359 -3.374101
v -0.945251 -1.495791 -3.525233
v -0.973622 -1.499060 -3.676525
v -0.652715 -1.351669 -2.719511
v -0.692773 -1.291143 -2.664377
v -0.665971 -1.490153 -2.794589
v -0.696826 -1.500918 -2.945827
v -0.727028 -1.501424 -3.097684
v -0.756879 -1.499261 -3.249588
v -0.785436 -1.488208 -3.400914
v -0.815171 -1.476649 -3.551979
v -0.847385 -1.461232 -3.702296
v -0.519852 -1.373509 -2.709803
v -0.534750 -1.478413 -2.821873
v -0.568526 -1.470781 -2.972426
v -0.604780 -1.450983 -3.121229
v -0.647110 -1.424593 -3.267056
v -0.670470 -1.421652 -3.419371
v -0.698375 -1.413309 -3.571236
v -0.734054 -1.391638 -3.720285
v -0.391136 -1.406316 -2.693728
v -0.416927 -1.418021 -2.845686
v -0.463461 -1.388879 -2.990557
v -0.517301 -1.349793 -3.130055
v -0.556286 -1.326771 -3.277662
v -0.577088 -1.325647 -3.430883
v -0.596144 -1.327158 -3.584298
v -0.628588 -1.310098 -3.734359
v -0.267465 -1.359570 -2.717251
v -0.318251 -1.327767 -2.859923
v -0.375376 -1.287990 -2.998158
v -0.425066 -1.253262 -3.140291
v -0.459396 -1.234704 -3.290037
v -0.481191 -1.232264 -3.443288
v -0.497385 -1.237283 -3.596936
v -0.522101 -1.229962 -3.749345
v -1.220605 -0.965367 -2.765502
v -1.234512 -0.832903 -2.782472
v -1.249366 -0.699706 -2.789782
v -1.268395 -0.566975 -2.785039
v -1.306527 -0.442770 -2.751492
v -1.361005 -0.331904 -2.699402
v -1.376805 -0.199054 -2.688992
v -1.371536 -0.065071 -2.692407
v -1.089473 -0.947001 -2.742863
v -1.108472 -0.814214 -2.739973
v -1.131495 -0.682723 -2.727600
v -1.161616 -0.554175 -2.704340
v -1.210920 -0.438613 -2.657382
v -1.265934 -0.327970 -2.605172
v -1.297679 -0.199788 -2.580402
v -1.304623 -0.065606 -2.575798
v -0.964932 -0.927715 -2.696616
v -0.991954 -0.798253 -2.675353
v -1.022421 -0.670155 -2.650234
v -1.059551 -0.545512 -2.617245
v -1.109648 -0.430385 -2.569703
v -1.166251 -0.321242 -2.515843
v -1.207982 -0.198747 -2.480502
v -1.223685 -0.065879 -2.468452
v -0.853629 -0.915088 -2.623122
v -0.886813 -0.789019 -2.592700
v -0.922317 -0.663783 -2.561053
v -0.962723 -0.541332 -2.524340
v -1.012036 -0.425452 -2.477959
v -1.066763 -0.314207 -2.426511
v -1.116392 -0.197297 -2.382882
v -1.139491 -0.066216 -2.363936
v -1.375480 -1.392185 -3.763216
v -1.403072 -1.408410 -3.914373
v -1.427722 -1.418222 -4.066576
v -1.451564 -1.428166 -4.218997
v -1.477259 -1.448950 -4.369910
v -1.503868 -1.483677 -4.517685
v -1.519876 -1.494481 -4.626609
v -1.523584 -1.406607 -4.669415
v -1.522879 -1.271642 -4.660942
v -1.522893 -1.138067 -4.649863
v -1.257710 -1.454302 -3.779189
v -1.287558 -1.474979 -3.929398
v -1.311595 -1.483827 -4.081836
v -1.330791 -1.484550 -4.234885
v -1.352586 -1.494299 -4.386833
v -1.374798 -1.510224 -4.538156
v -1.387430 -1.497993 -4.647727
v -1.389524 -1.405225 -4.679567
v -1.388726 -1.270771 -4.663896
v -1.388437 -1.137216 -4.650342
v -1.133960 -1.502569 -3.798744
v -1.161716 -1.517187 -3.949213
v -1.186218 -1.527262 -4.100226
v -1.208529 -1.536373 -4.251843
v -1.228116 -1.539914 -4.404454
v -1.243912 -1.531320 -4.557664
v -1.253968 -1.500074 -4.663942
v -1.255385 -1.404458 -4.686436
v -1.254560 -1.270024 -4.669348
v -1.254042 -1.136493 -4.654793
v -1.003057 -1.494359 -3.827766
v -1.037699 -1.474484 -3.976351
v -1.072215 -1.461201 -4.125699
v -1.076882 -1.517098 -4.269393
v -1.095290 -1.549977 -4.419144
v -1.110758 -1.541765 -4.572948
v -1.120056 -1.500641 -4.676032
v -1.121396 -1.403947 -4.693357
v -1.120421 -1.269443 -4.676045
v -1.119759 -1.135796 -4.662026
v -0.883888 -1.437248 -3.850414
v -0.925278 -1.404237 -3.995466
v -0.949595 -1.410853 -4.148193
v -0.959380 -1.457957 -4.295185
v -0.963300 -1.532157 -4.430640
v -0.976790 -1.540769 -4.584539
v -0.986127 -1.500412 -4.687882
v -0.987664 -1.403376 -4.703125
v -0.986428 -1.268919 -4.685095
v -0.985631 -1.135155 -4.671843
v -0.775820 -1.359384 -3.865621
v -0.806894 -1.344522 -4.016510
v -0.821514 -1.374788 -4.167598
v -0.827435 -1.437621 -4.308896
v -0.831149 -1.516945 -4.441715
v -0.842793 -1.536207 -4.594641
v -0.852192 -1.499538 -4.699304
v -0.854217 -1.402774 -4.716138
v -0.852734 -1.268370 -4.697707
v -0.851721 -1.134600 -4.684337
v -0.662687 -1.289537 -3.883700
v -0.681825 -1.299984 -4.036959
v -0.689076 -1.355708 -4.181021
v -0.693316 -1.435100 -4.313819
v -0.698366 -1.505535 -4.451612
v -0.708918 -1.529766 -4.603937
v -0.718346 -1.498623 -4.710352
v -0.720886 -1.402501 -4.730452
v -0.719297 -1.267998 -4.712748
v -0.718086 -1.134211 -4.699538
v -0.541743 -1.234149 -3.902767
v -0.549603 -1.279740 -4.050458
v -0.554814 -1.351969 -4.187299
v -0.559249 -1.432904 -4.319354
v -0.565246 -1.495213 -4.461060
v -0.575216 -1.522570 -4.612973
v -0.584608 -1.497795 -4.721053
v -0.587622 -1.402595 -4.744939
v -0.586060 -1.267864 -4.729227
v -0.584766 -1.133983 -4.717253
v -1.523450 -1.003948 -4.655403
v -1.524570 -0.870477 -4.669755
v -1.526169 -0.737324 -4.685994
v -1.527974 -0.603680 -4.697637
v -1.529487 -0.469561 -4.702277
v -1.530515 -0.335299 -4.702240
v -1.530883 -0.201027 -4.700604
v -1.530937 -0.066753 -4.699315
v -1.389017 -1.002880 -4.651858
v -1.390224 -0.869187 -4.664595
v -1.391983 -0.736355 -4.682801
v -1.393876 -0.603017 -4.696227
v -1.395377 -0.469060 -4.700615
v -1.396295 -0.334951 -4.699968
v -1.396587 -0.200820 -4.697945
v -1.396587 -0.066680 -4.696606
v -1.254510 -1.002113 -4.653514
v -1.255756 -0.868165 -4.664046
v -1.257711 -0.735467 -4.683653
v -1.259906 -0.602635 -4.701860
v -1.261736 -0.468884 -4.710927
v -1.262675 -0.334829 -4.712487
v -1.262928 -0.200742 -4.711252
v -1.262895 -0.066649 -4.710103
v -1.120100 -1.001389 -4.659678
v -1.121317 -0.867245 -4.668128
v -1.123448 -0.734401 -4.687681
v -1.126070 -0.602138 -4.710348
v -1.128604 -0.468950 -4.726503
v -1.130200 -0.334997 -4.733794
v -1.130822 -0.200855 -4.735502
v -1.130945 -0.066692 -4.735515
v -0.985947 -1.000724 -4.670187
v -0.987171 -0.866528 -4.678194
v -0.989335 -0.733418 -4.696320
v -0.992326 -0.601342 -4.720531
v -0.995449 -0.468809 -4.742099
v -0.997830 -0.335216 -4.755794
v -0.999185 -0.201068 -4.762165
v -0.999698 -0.066780 -4.764358
v -0.852144 -1.000155 -4.684485
v -0.853613 -0.866060 -4.694170
v -0.855937 -0.732879 -4.712253
v -0.859076 -0.600608 -4.735864
v -0.862518 -0.468362 -4.759508
v -0.865379 -0.335196 -4.777374
v -0.867291 -0.201206 -4.787552
v -0.868133 -0.066884 -4.791739
v -0.718736 -0.999788 -4.702006
v -0.720711 -0.865956 -4.714801
v -0.723525 -0.733036 -4.734846
v -0.726895 -0.600749 -4.758571
v -0.730367 -0.468418 -4.782081
v -0.733225 -0.335288 -4.800715
v -0.735198 -0.201310 -4.811896
v -0.736069 -0.066933 -4.816604
v -0.585747 -0.999645 -4.722356
v -0.588391 -0.866223 -4.738790
v -0.591950 -0.733819 -4.761904
v -0.595728 -0.601737 -4.786783
v -0.599012 -0.469174 -4.809166
v -0.601298 -0.335663 -4.825320
v -0.602695 -0.201437 -4.833777
v -0.603250 -0.066964 -4.836740
v -0.453051 -1.476006 5.840508
v -0.476889 -1.395498 5.875678
v -0.477243 -1.261362 5.869250
v -0.471099 -1.128793 5.849665
v -0.452142 -1.469895 5.688788
v -0.444066 -1.446020 5.536149
v -0.431492 -1.440642 5.382044
v -0.421885 -1.424029 5.228398
v -0.424987 -1.356115 5.089280
v -0.428596 -1.285777 4.951493
v -0.431478 -1.217231 4.812759
v -0.329492 -1.469172 5.850609
v -0.323460 -1.433945 5.700115
v -0.316178 -1.407106 5.548112
v -0.303411 -1.401464 5.393965
v -0.291686 -1.392515 5.239896
v -0.293062 -1.333228 5.096944
v -0.296759 -1.262217 4.959399
v -0.298495 -1.201832 4.816692
v -0.195959 -1.457544 5.856282
v -0.192920 -1.405337 5.710810
v -0.186973 -1.371907 5.559928
v -0.176117 -1.359831 5.406029
v -0.163411 -1.354080 5.251904
v -0.159628 -1.319741 5.101068
v -0.162704 -1.260021 4.958560
v -0.164404 -1.200308 4.816030
v -0.064172 -1.436158 5.865476
v -0.060843 -1.383806 5.719962
v -0.056162 -1.342828 5.570884
v -0.048074 -1.320560 5.418074
v -0.036432 -1.311629 5.264143
v -0.029000 -1.290115 5.111204
v -0.028918 -1.251750 4.961432
v -0.030477 -1.204450 4.814357
v 0.067915 -1.418459 5.873713
v 0.071895 -1.366269 5.728102
v 0.076457 -1.322578 5.579700
v 0.082094 -1.288627 5.428916
v 0.090065 -1.267695 5.276033
v 0.096519 -1.243912 5.123592
v 0.100904 -1.219391 4.971223
v 0.102655 -1.189439 4.819751
v 0.201247 -1.413558 5.878758
v 0.205773 -1.359388 5.733645
v 0.210450 -1.313900 5.585601
v 0.215396 -1.272831 5.436365
v 0.220490 -1.237037 5.285835
v 0.225268 -1.207072 5.133983
v 0.229981 -1.184293 4.980864
v 0.234066 -1.164345 4.827566
v 0.333601 -1.430979 5.876264
v 0.339464 -1.369718 5.734192
v 0.344669 -1.318454 5.588050
v 0.349787 -1.274133 5.439638
v 0.354759 -1.233730 5.290082
v 0.359305 -1.198164 5.139261
v 0.363324 -1.169547 4.986944
v 0.366586 -1.145162 4.833908
v 0.465298 -1.452614 5.873863
v 0.471885 -1.389365 5.732578
v 0.478009 -1.334813 5.587648
v 0.483536 -1.287918 5.440007
v 0.488633 -1.246144 5.290764
v 0.493406 -1.207672 5.140549
v 0.497599 -1.173644 4.989179
v 0.500837 -1.145589 4.836511
v -0.461847 -0.997971 5.822662
v -0.454131 -0.866630 5.798101
v -0.451041 -0.732761 5.793647
v -0.449059 -0.598725 5.793002
v -0.447304 -0.464632 5.791222
v -0.445916 -0.330472 5.790091
v -0.444841 -0.196254 5.789678
v -0.443791 -0.061987 5.788564
v -0.434108 -1.163099 4.667607
v -0.434302 -1.128830 4.516555
v -0.433284 -1.105598 4.363467
v -0.431800 -1.089215 4.209485
v -0.430254 -1.076090 4.055195
v -0.428773 -1.064625 3.900776
v -0.427373 -1.053806 3.746314
v -0.426063 -1.043514 3.591790
v -0.300057 -1.154184 4.669234
v -0.300349 -1.117980 4.518559
v -0.299767 -1.090769 4.366013
v -0.298771 -1.070696 4.212349
v -0.297666 -1.054538 4.058204
v -0.296601 -1.040654 3.903838
v -0.295520 -1.028221 3.749342
v -0.294419 -1.016897 3.594751
v -0.165741 -1.152187 4.669060
v -0.166142 -1.111729 4.519691
v -0.165629 -1.081898 4.367818
v -0.164598 -1.062415 4.214115
v -0.163447 -1.048426 4.059793
v -0.162336 -1.036777 3.905279
v -0.161242 -1.026167 3.750685
v -0.160131 -1.016066 3.596051
v -0.031514 -1.154020 4.668419
v -0.031764 -1.109617 4.520391
v -0.031253 -1.077173 4.369155
v -0.030210 -1.058334 4.215539
v -0.029076 -1.047250 4.061091
v -0.028058 -1.039090 3.906421
v -0.027080 -1.031526 3.751678
v -0.026073 -1.023597 3.596943
v 0.102489 -1.148942 4.670673
v 0.102483 -1.106899 4.522014
v 0.103182 -1.075471 4.370660
v 0.104233 -1.058034 4.216921
v 0.105259 -1.048730 4.062356
v 0.106168 -1.042421 3.907579
v 0.107079 -1.036450 3.752759
v 0.108051 -1.029628 3.597972
v 0.235689 -1.134325 4.675931
v 0.236544 -1.101449 4.524844
v 0.237580 -1.076106 4.372260
v 0.238600 -1.061313 4.218173
v 0.239498 -1.052481 4.063521
v 0.240369 -1.045691 3.908733
v 0.241294 -1.038985 3.753940
v 0.242300 -1.031477 3.599187
v 0.368999 -1.121035 4.680839
v 0.370632 -1.098126 4.527571
v 0.371802 -1.080592 4.373620
v 0.372735 -1.068153 4.219163
v 0.373632 -1.058210 4.064517
v 0.374564 -1.049134 3.909822
v 0.375542 -1.040203 3.755128
v 0.376575 -1.031047 3.600457
v 0.503118 -1.123144 4.682924
v 0.504576 -1.105731 4.528729
v 0.505587 -1.091693 4.374242
v 0.506556 -1.079080 4.219676
v 0.507615 -1.067058 4.065102
v 0.508694 -1.055719 3.910507
v 0.509765 -1.045122 3.755884
v 0.510851 -1.035100 3.601243
v -0.424779 -1.033707 3.437166
v -0.423470 -1.024423 3.282487
v -0.422079 -1.015792 3.127743
v -0.420512 -1.007948 2.972932
v -0.418674 -1.001342 2.818050
v -0.416499 -0.995784 2.663126
v -0.414009 -0.991252 2.508173
v -0.411130 -0.987919 2.353208
v -0.293274 -1.006416 3.440094
v -0.292068 -0.996641 3.285383
v -0.290788 -0.987475 3.130628
v -0.289409 -0.978843 2.975836
v -0.287924 -0.970653 2.821015
v -0.286304 -0.962831 2.666167
v -0.284528 -0.955634 2.511281
v -0.282429 -0.949556 2.356347
v -0.158980 -1.006129 3.441401
v -0.157772 -0.996174 3.286748
v -0.156498 -0.986224 3.132088
v -0.155144 -0.976418 2.977414
v -0.153699 -0.966788 2.822725
v -0.152143 -0.957261 2.668024
v -0.150464 -0.947973 2.513303
v -0.148525 -0.939544 2.358530
v -0.024991 -1.014885 3.442248
v -0.023805 -1.005278 3.287605
v -0.022511 -0.994998 3.133006
v -0.021123 -0.984482 2.978424
v -0.019641 -0.974085 2.823837
v -0.018056 -0.963899 2.669238
v -0.016342 -0.954008 2.514623
v -0.014370 -0.944858 2.359963
v 0.109116 -1.021564 3.443247
v 0.110292 -1.012307 3.288591
v 0.111572 -1.002279 3.134001
v 0.112935 -0.992105 2.979443
v 0.114374 -0.982295 2.824881
v 0.115896 -0.972991 2.670304
v 0.117535 -0.964129 2.515702
v 0.119441 -0.955768 2.361077
v 0.243388 -1.022947 3.444500
v 0.244581 -1.013607 3.289880
v 0.245862 -1.003994 3.135310
v 0.247198 -0.994745 2.980754
v 0.248591 -0.986295 2.826183
v 0.250040 -0.978619 2.671583
v 0.251597 -0.971366 2.516964
v 0.253431 -0.964230 2.362344
v 0.377679 -1.021562 3.445840
v 0.378898 -1.011984 3.291275
v 0.380191 -1.002773 3.136724
v 0.381517 -0.994405 2.982155
v 0.382879 -0.987123 2.827561
v 0.384289 -0.980773 2.672944
v 0.385818 -0.974821 2.518320
v 0.387628 -0.968492 2.363732
v 0.511967 -1.025540 3.446589
v 0.513159 -1.016484 3.291920
v 0.514402 -1.008171 3.137284
v 0.515667 -1.000854 2.982658
v 0.516956 -0.994576 2.828044
v 0.518299 -0.989104 2.673460
v 0.519767 -0.983942 2.518932
v 0.521514 -0.978267 2.364491
v -0.407865 -0.985840 2.198247
v -0.404267 -0.984891 2.043303
v -0.400425 -0.984883 1.888386
v -0.396393 -0.985728 1.733492
v -0.392241 -0.987445 1.578652
v -0.388050 -0.990046 1.423917
v -0.383750 -0.993675 1.269290
v -0.379096 -0.998575 1.114789
v -0.279984 -0.944791 2.201380
v -0.277264 -0.941157 2.046399
v -0.274317 -0.938543 1.891415
v -0.271173 -0.936989 1.736436
v -0.267847 -0.936642 1.581479
v -0.264252 -0.937832 1.426565
v -0.260262 -0.940800 1.271778
v -0.255901 -0.945149 1.117158
v -0.146310 -0.932167 2.203714
v -0.143905 -0.925573 2.048868
v -0.141330 -0.919954 1.893990
v -0.138571 -0.915651 1.739080
v -0.135588 -0.913041 1.584148
v -0.132315 -0.912434 1.429220
v -0.128708 -0.913739 1.274319
v -0.124833 -0.916175 1.119557
v -0.012110 -0.936511 2.205266
v -0.009674 -0.928616 2.050561
v -0.007072 -0.921169 1.895846
v -0.004313 -0.914532 1.741106
v -0.001377 -0.909285 1.586332
v 0.001774 -0.905874 1.431540
v 0.005167 -0.904234 1.276758
v 0.008743 -0.903690 1.121999
v 0.121682 -0.947770 2.206439
v 0.124151 -0.939540 2.051833
v 0.126853 -0.930710 1.897274
v 0.129761 -0.921574 1.742749
v 0.132821 -0.912989 1.588209
v 0.136004 -0.905808 1.433616
v 0.139307 -0.900362 1.278962
v 0.142690 -0.896389 1.124265
v 0.255631 -0.956800 2.207742
v 0.258130 -0.948261 2.053213
v 0.260910 -0.938076 1.898803
v 0.263915 -0.926627 1.744487
v 0.267041 -0.915160 1.590166
v 0.270225 -0.904962 1.435738
v 0.273448 -0.896571 1.281180
v 0.276691 -0.889900 1.126515
v 0.389809 -0.961179 2.209225
v 0.392322 -0.952342 2.054834
v 0.395121 -0.941678 1.900583
v 0.398137 -0.929730 1.746412
v 0.401270 -0.917907 1.592178
v 0.404449 -0.907426 1.437788
v 0.407652 -0.898579 1.283247
v 0.410867 -0.891231 1.128579
v 0.523646 -0.971435 2.210149
v 0.526112 -0.963358 2.055884
v 0.528800 -0.954409 1.901648
v 0.531549 -0.945298 1.747388
v 0.534263 -0.936751 1.593067
v 0.536952 -0.929325 1.438659
v 0.539691 -0.922960 1.284164
v 0.542532 -0.917385 1.129596
v -0.373864 -1.004748 0.960431
v -0.368284 -1.011526 0.806134
v -0.362953 -1.016924 0.651772
v -0.358769 -1.019144 0.497336
v -0.354684 -1.021244 0.342904
v -0.348969 -1.026062 0.188595
v -0.339712 -1.036581 0.034742
v -0.327148 -1.052030 -0.118438
v -0.251364 -0.950000 0.962612
v -0.246934 -0.954381 0.808074
v -0.242989 -0.956918 0.653502
v -0.239807 -0.957139 0.498923
v -0.237047 -0.956627 0.344308
v -0.233997 -0.956734 0.189687
v -0.229818 -0.959440 0.035106
v -0.224186 -0.965818 -0.119334
v -0.120943 -0.918578 0.964882
v -0.117296 -0.920037 0.810230
v -0.114117 -0.919843 0.655574
v -0.111541 -0.917782 0.500904
v -0.109652 -0.914394 0.346216
v -0.107863 -0.910750 0.191519
v -0.105883 -0.907804 0.036756
v -0.103499 -0.906971 -0.118119
v 0.012292 -0.903228 0.967258
v 0.015589 -0.902065 0.812515
v 0.018495 -0.899858 0.657743
v 0.020930 -0.896383 0.502954
v 0.022631 -0.891662 0.348185
v 0.024164 -0.886146 0.193439
v 0.025702 -0.880728 0.038655
v 0.027480 -0.876927 -0.116237
v 0.146031 -0.893206 0.969529
v 0.149181 -0.890221 0.814759
v 0.152030 -0.887222 0.659951
v 0.154548 -0.884062 0.505098
v 0.156370 -0.880406 0.350246
v 0.158045 -0.876036 0.195420
v 0.159709 -0.871292 0.040583
v 0.161542 -0.867057 -0.114294
v 0.279888 -0.884611 0.971769
v 0.282955 -0.880374 0.816961
v 0.285802 -0.877025 0.662092
v 0.288399 -0.874721 0.507185
v 0.290393 -0.873244 0.352259
v 0.292217 -0.871785 0.197358
v 0.293986 -0.869773 0.042470
v 0.295899 -0.867051 -0.112426
v 0.414044 -0.885246 0.973798
v 0.417118 -0.880508 0.818953
v 0.420004 -0.876910 0.664062
v 0.422608 -0.874478 0.509134
v 0.424649 -0.873769 0.354176
v 0.426446 -0.873835 0.199228
v 0.428195 -0.873868 0.044297
v 0.430092 -0.872792 -0.110584
v 0.545470 -0.912494 0.974954
v 0.548446 -0.908233 0.820237
v 0.551357 -0.904622 0.665450
v 0.554091 -0.901708 0.510605
v 0.556460 -0.899705 0.355711
v 0.558502 -0.898454 0.200824
v 0.560398 -0.897580 0.045944
v 0.562399 -0.895836 -0.108899
v -0.315467 -1.066631 -0.271778
v -0.307246 -1.078711 -0.425565
v -0.300653 -1.089974 -0.579564
v -0.293106 -1.102426 -0.733517
v -0.283723 -1.116589 -0.887355
v -0.272161 -1.132340 -1.041008
v -0.258095 -1.149611 -1.194346
v -0.240585 -1.168746 -1.347110
v -0.218335 -0.973867 -0.273680
v -0.213291 -0.982728 -0.428011
v -0.208371 -0.992410 -0.582341
v -0.203210 -1.002724 -0.736717
v -0.197389 -1.013781 -0.891108
v -0.190406 -1.025801 -1.045431
v -0.181486 -1.039316 -1.199545
v -0.168390 -1.055503 -1.353095
v -0.100557 -0.909321 -0.273027
v -0.096991 -0.915598 -0.427806
v -0.093081 -0.923651 -0.582423
v -0.089180 -0.931964 -0.736947
v -0.085384 -0.939831 -0.891432
v -0.081697 -0.946980 -1.045922
v -0.077492 -0.954304 -1.200421
v -0.071405 -0.962546 -1.354789
v 0.029708 -0.876297 -0.271193
v 0.032430 -0.879449 -0.426095
v 0.035568 -0.885102 -0.580819
v 0.038836 -0.891534 -0.735373
v 0.042011 -0.897526 -0.889876
v 0.044950 -0.902453 -1.044383
v 0.047754 -0.905831 -1.198933
v 0.050250 -0.905693 -1.353437
v 0.163646 -0.864841 -0.269222
v 0.166116 -0.865403 -0.424147
v 0.168864 -0.868225 -0.578996
v 0.171765 -0.872288 -0.733737
v 0.174650 -0.876615 -0.888389
v 0.177361 -0.880264 -1.042990
v 0.179787 -0.881598 -1.197567
v 0.181703 -0.878720 -1.352060
v 0.298025 -0.864533 -0.267337
v 0.300451 -0.863281 -0.422250
v 0.303073 -0.863414 -0.577127
v 0.305793 -0.864645 -0.731966
v 0.308488 -0.866571 -0.886762
v 0.311042 -0.868426 -1.041521
v 0.313376 -0.869021 -1.196243
v 0.315410 -0.867397 -1.350935
v 0.432203 -0.870948 -0.265477
v 0.434650 -0.869063 -0.420380
v 0.437276 -0.867713 -0.575274
v 0.439990 -0.866954 -0.730173
v 0.442667 -0.866987 -0.885072
v 0.445203 -0.867523 -1.039972
v 0.447535 -0.868222 -1.194870
v 0.449593 -0.868902 -1.349784
v 0.564558 -0.893851 -0.263736
v 0.567076 -0.891527 -0.418597
v 0.569818 -0.889210 -0.573478
v 0.572622 -0.887513 -0.728392
v 0.575362 -0.886906 -0.883337
v 0.577929 -0.887094 -1.038312
v 0.580200 -0.888267 -1.193309
v 0.582050 -0.890586 -1.348318
v -0.219767 -1.189797 -1.499207
v -0.197143 -1.211905 -1.650897
v -0.175069 -1.233695 -1.802726
v -0.155549 -1.253900 -1.955152
v -0.139922 -1.270551 -2.108488
v -0.131739 -1.280143 -2.263042
v -0.132740 -1.281853 -2.418135
v -0.150300 -1.273216 -2.571992
v -0.151384 -1.074279 -1.505952
v -0.130058 -1.095670 -1.657907
v -0.104730 -1.119326 -1.808913
v -0.078232 -1.143998 -1.959562
v -0.055427 -1.166018 -2.111231
v -0.048154 -1.175113 -2.265681
v -0.057984 -1.170546 -2.420271
v -0.080619 -1.158246 -2.573077
v -0.063087 -0.973040 -1.508853
v -0.051111 -0.987027 -1.662361
v -0.033152 -1.005727 -1.814802
v -0.009875 -1.028414 -1.965968
v 0.020936 -1.055660 -2.114967
v 0.023716 -1.061561 -2.269426
v -0.003513 -1.048060 -2.420510
v -0.030305 -1.034022 -2.571249
v 0.052852 -0.905213 -1.507823
v 0.056042 -0.905944 -1.662079
v 0.060369 -0.909156 -1.816090
v 0.067775 -0.918716 -1.969400
v 0.081241 -0.936056 -2.120979
v 0.082568 -0.941249 -2.273825
v 0.067330 -0.934787 -2.425941
v 0.054348 -0.930447 -2.579038
v 0.183251 -0.873412 -1.506481
v 0.184663 -0.867619 -1.660866
v 0.186026 -0.862165 -1.815245
v 0.187288 -0.857976 -1.969621
v 0.188116 -0.855541 -2.123991
v 0.187757 -0.858358 -2.278542
v 0.185423 -0.871246 -2.432748
v 0.181735 -0.888552 -2.586494
v 0.317159 -0.864346 -1.505609
v 0.318711 -0.861198 -1.660315
v 0.320116 -0.858744 -1.815114
v 0.321331 -0.857852 -1.970055
v 0.322057 -0.860099 -2.125032
v 0.321565 -0.867634 -2.279898
v 0.319240 -0.882254 -2.434281
v 0.315187 -0.903361 -2.587867
v 0.451284 -0.869981 -1.504714
v 0.452534 -0.872238 -1.659645
v 0.453281 -0.876012 -1.814560
v 0.453484 -0.881750 -1.969431
v 0.453037 -0.889872 -2.124216
v 0.451731 -0.900956 -2.278831
v 0.449288 -0.916004 -2.433115
v 0.445677 -0.935448 -2.586883
v 0.583354 -0.894325 -1.503316
v 0.584008 -0.899816 -1.658273
v 0.583920 -0.907340 -1.813143
v 0.583260 -0.916527 -1.967921
v 0.582144 -0.927107 -2.122604
v 0.580559 -0.939206 -2.277169
v 0.578394 -0.953275 -2.431559
v 0.575535 -0.969891 -2.585685
v -0.186298 -1.252698 -2.721397
v -0.237188 -1.220847 -2.864188
v -0.291660 -1.183621 -3.003944
v -0.330390 -1.158977 -3.151607
v -0.355163 -1.151252 -3.304203
v -0.372706 -1.154488 -3.457994
v -0.387471 -1.161931 -3.611960
v -0.401690 -1.172983 -3.765867
v -0.123279 -1.134292 -2.719695
v -0.168269 -1.106018 -2.864442
v -0.203814 -1.082855 -3.012890
v -0.226627 -1.075018 -3.165669
v -0.241167 -1.081967 -3.319643
v -0.252246 -1.097124 -3.473366
v -0.261409 -1.118134 -3.626606
v -0.269140 -1.154771 -3.776979
v -0.057848 -1.017582 -2.721574
v -0.081440 -1.004233 -2.873371
v -0.097026 -1.002825 -3.027133
v -0.106869 -1.016135 -3.181000
v -0.114368 -1.039944 -3.333788
v -0.121433 -1.068888 -3.485751
v -0.128243 -1.103355 -3.636616
v -0.134904 -1.152498 -3.783227
v 0.044517 -0.931535 -2.732857
v 0.037662 -0.943468 -2.886672
v 0.031537 -0.965767 -3.039456
v 0.025336 -0.994414 -3.191325
v 0.019056 -1.026796 -3.342556
v 0.012597 -1.061669 -3.493283
v 0.006042 -1.101257 -3.642830
v -0.000627 -1.151935 -3.788854
v 0.177062 -0.910599 -2.739656
v 0.171696 -0.937386 -2.892138
v 0.165689 -0.968412 -3.043806
v 0.159416 -1.000936 -3.195132
v 0.153173 -1.033198 -3.346520
v 0.146897 -1.065829 -3.497805
v 0.140398 -1.102565 -3.648088
v 0.133586 -1.149218 -3.795488
v 0.310038 -0.929323 -2.740643
v 0.304287 -0.958677 -2.892748
v 0.298327 -0.989357 -3.044562
v 0.292451 -1.019319 -3.196508
v 0.286727 -1.047734 -3.348746
v 0.280921 -1.075999 -3.500995
v 0.274701 -1.107867 -3.652498
v 0.267866 -1.147784 -3.801948
v 0.441090 -0.958970 -2.740051
v 0.435952 -0.985234 -2.892745
v 0.430611 -1.012503 -3.045258
v 0.425248 -1.039342 -3.197847
v 0.419902 -1.065346 -3.350585
v 0.414420 -1.091699 -3.503258
v 0.408531 -1.120606 -3.655455
v 0.402075 -1.154281 -3.806639
v 0.571944 -0.989335 -2.739463
v 0.567710 -1.011319 -2.892882
v 0.562993 -1.035182 -3.046009
v 0.557932 -1.060239 -3.198941
v 0.552635 -1.086142 -3.351728
v 0.547113 -1.113094 -3.504330
v 0.541295 -1.141817 -3.656600
v 0.535135 -1.173404 -3.808288
v -0.409595 -1.213346 -3.915262
v -0.415279 -1.278156 -4.055898
v -0.420441 -1.354074 -4.190886
v -0.425226 -1.428941 -4.326468
v -0.431848 -1.485639 -4.470517
v -0.441609 -1.515233 -4.622132
v -0.450933 -1.496861 -4.731517
v -0.454462 -1.402955 -4.759954
v -0.453035 -1.267962 -4.747294
v -0.451820 -1.133971 -4.737579
v -0.275323 -1.212400 -3.920674
v -0.280936 -1.281827 -4.059082
v -0.286122 -1.354664 -4.195749
v -0.291361 -1.421992 -4.335211
v -0.298354 -1.475375 -4.480517
v -0.308038 -1.508043 -4.631637
v -0.317279 -1.495695 -4.741946
v -0.321389 -1.403585 -4.775729
v -0.320285 -1.268319 -4.767293
v -0.319354 -1.134200 -4.760758
v -0.141014 -1.214861 -3.924774
v -0.146636 -1.283154 -4.063674
v -0.151991 -1.350410 -4.203149
v -0.157854 -1.410686 -4.345769
v -0.165066 -1.462294 -4.491702
v -0.174508 -1.500319 -4.641622
v -0.183606 -1.493854 -4.752664
v -0.188396 -1.404291 -4.792941
v -0.187983 -1.268844 -4.790169
v -0.187474 -1.134647 -4.787021
v -0.006832 -1.213042 -3.930859
v -0.012648 -1.277189 -4.071578
v -0.018687 -1.337253 -4.214124
v -0.025595 -1.390845 -4.359225
v -0.032943 -1.441687 -4.505282
v -0.041631 -1.487297 -4.653057
v -0.050221 -1.490646 -4.764863
v -0.055712 -1.404857 -4.813413
v -0.056675 -1.269456 -4.818213
v -0.056397 -1.135358 -4.817004
v 0.126967 -1.205201 -3.939550
v 0.120428 -1.262836 -4.082935
v 0.113220 -1.315740 -4.228129
v 0.105123 -1.363701 -4.375018
v 0.096978 -1.411741 -4.521861
v 0.089719 -1.465957 -4.666530
v 0.083197 -1.487820 -4.775464
v 0.077990 -1.405069 -4.827829
v 0.075443 -1.270315 -4.842824
v 0.074616 -1.136165 -4.847008
v 0.260612 -1.195353 -3.949125
v 0.253019 -1.245404 -4.095406
v 0.245022 -1.293767 -4.242224
v 0.236555 -1.339658 -4.389869
v 0.228182 -1.386954 -4.537166
v 0.221035 -1.445417 -4.680475
v 0.216908 -1.484711 -4.781371
v 0.212664 -1.404201 -4.832590
v 0.209991 -1.270219 -4.851873
v 0.208901 -1.135893 -4.857423
v 0.394816 -1.194028 -3.956297
v 0.386837 -1.238181 -4.104665
v 0.378609 -1.284154 -4.252451
v 0.370225 -1.330424 -4.400126
v 0.361984 -1.379202 -4.546990
v 0.354397 -1.443882 -4.687604
v 0.350805 -1.482851 -4.783492
v 0.347967 -1.402710 -4.826094
v 0.345348 -1.268554 -4.836647
v 0.341784 -1.134784 -4.827568
v 0.528322 -1.209258 -3.958991
v 0.520721 -1.249458 -4.108554
v 0.512620 -1.292978 -4.257128
v 0.504294 -1.338720 -4.404982
v 0.495831 -1.389999 -4.550981
v 0.487466 -1.448835 -4.693795
v 0.485216 -1.476743 -4.781285
v 0.483533 -1.399789 -4.800535
v 0.475271 -1.266589 -4.785485
v 0.463628 -1.135518 -4.759681
v -0.453196 -0.999808 -4.745265
v -0.456431 -0.866802 -4.764605
v -0.460582 -0.734915 -4.790172
v -0.464519 -0.602944 -4.815436
v -0.467230 -0.469935 -4.834896
v -0.468433 -0.335811 -4.844445
v -0.468914 -0.201359 -4.845150
v -0.469098 -0.066939 -4.842723
v -0.321076 -1.000212 -4.770426
v -0.324597 -0.867434 -4.790985
v -0.328791 -0.735614 -4.816493
v -0.332024 -0.603067 -4.838086
v -0.333603 -0.469113 -4.848945
v -0.334135 -0.334723 -4.846974
v -0.334852 -0.200791 -4.836981
v -0.335611 -0.066855 -4.828097
v -0.189458 -1.000777 -4.797994
v -0.192853 -0.867976 -4.817750
v -0.196337 -0.735490 -4.839291
v -0.198338 -0.601847 -4.852307
v -0.199264 -0.467530 -4.851263
v -0.200289 -0.334011 -4.836804
v -0.201858 -0.200913 -4.818733
v -0.202911 -0.066982 -4.807448
v -0.058719 -1.001701 -4.829397
v -0.061431 -0.868471 -4.845942
v -0.063148 -0.734620 -4.857524
v -0.064058 -0.600236 -4.859138
v -0.064953 -0.466323 -4.847888
v -0.066434 -0.333688 -4.826225
v -0.068193 -0.200895 -4.805319
v -0.069285 -0.067001 -4.793248
v 0.072983 -1.002206 -4.856536
v 0.071867 -0.867954 -4.863636
v 0.071139 -0.733492 -4.864290
v 0.070398 -0.599204 -4.857333
v 0.069279 -0.465691 -4.841481
v 0.067657 -0.333318 -4.817943
v 0.065786 -0.200812 -4.795156
v 0.064601 -0.067043 -4.781499
v 0.207688 -1.001544 -4.857741
v 0.206271 -0.867354 -4.854137
v 0.205092 -0.733236 -4.849421
v 0.204481 -0.599182 -4.843137
v 0.203704 -0.465456 -4.831648
v 0.202278 -0.332575 -4.811968
v 0.200292 -0.200433 -4.787838
v 0.199032 -0.067059 -4.771872
v 0.336959 -1.001571 -4.814836
v 0.332747 -0.868299 -4.803698
v 0.332005 -0.734549 -4.800114
v 0.334260 -0.600765 -4.801776
v 0.336999 -0.466911 -4.803571
v 0.337756 -0.333148 -4.797788
v 0.336322 -0.199988 -4.783890
v 0.335119 -0.066843 -4.770445
v 0.452946 -1.003791 -4.737229
v 0.446875 -0.870546 -4.723344
v 0.447395 -0.736390 -4.721611
v 0.453572 -0.602672 -4.729368
v 0.461579 -0.469241 -4.740493
v 0.469034 -0.335561 -4.750261
v 0.472818 -0.201449 -4.754762
v 0.473863 -0.067214 -4.755747
v 0.605594 -1.469795 5.884023
v 0.662560 -1.405753 5.959747
v 0.673854 -1.273217 5.979669
v 0.683484 -1.139973 5.994722
v 0.602658 -1.416724 5.728852
v 0.610025 -1.358716 5.585591
v 0.616013 -1.310744 5.438382
v 0.620969 -1.269871 5.288963
v 0.625573 -1.232296 5.138629
v 0.629745 -1.198265 4.987391
v 0.633077 -1.169361 4.835019
v 0.732099 -1.473239 5.839853
v 0.744329 -1.405386 5.903312
v 0.752457 -1.272355 5.921545
v 0.758925 -1.138602 5.932651
v 0.732470 -1.447553 5.725101
v 0.740168 -1.390289 5.581886
v 0.746030 -1.343903 5.434530
v 0.750589 -1.304962 5.284874
v 0.754272 -1.270533 5.134146
v 0.757665 -1.239066 4.982715
v 0.760644 -1.211350 4.830501
v 0.812064 -1.475056 5.814853
v 0.830572 -1.404092 5.837422
v 0.837107 -1.270369 5.848425
v 0.840962 -1.136400 5.856716
v 0.858725 -1.471145 5.718161
v 0.898890 -1.401411 5.764835
v 0.905803 -1.267628 5.776140
v 0.907815 -1.133475 5.782818
v 0.865256 -1.437201 5.574036
v 0.871099 -1.391818 5.427037
v 0.876287 -1.352066 5.278237
v 0.877693 -1.322975 5.126850
v 0.878803 -1.296598 4.975013
v 0.879337 -1.273793 4.822628
v 0.943439 -1.468700 5.664651
v 0.963128 -1.398121 5.687537
v 0.972078 -1.264619 5.700405
v 0.974747 -1.130354 5.707804
v 0.961579 -1.460940 5.572986
v 1.018916 -1.393305 5.590057
v 1.030791 -1.260109 5.600837
v 1.025600 -1.126157 5.604081
v 1.000721 -1.444593 5.425570
v 1.070182 -1.388269 5.489883
v 1.046947 -1.256544 5.489901
v 1.026423 -1.124875 5.491932
v 0.994286 -1.415566 5.268392
v 0.993975 -1.389589 5.117093
v 0.991929 -1.368464 4.965095
v 0.990145 -1.349208 4.812853
v 1.075461 -1.448208 5.378015
v 1.079400 -1.373252 5.407714
v 1.006660 -1.260854 5.418286
v 0.986038 -1.128325 5.420112
v 1.082496 -1.437570 5.265644
v 1.094013 -1.349941 5.275375
v 1.005560 -1.248824 5.281241
v 0.941955 -1.131125 5.289302
v 1.088828 -1.417614 5.112711
v 1.108547 -1.324782 5.121800
v 1.018148 -1.224503 5.126426
v 0.924309 -1.128731 5.132314
v 1.094756 -1.398394 4.959959
v 1.120143 -1.302148 4.968418
v 1.025587 -1.205745 4.972702
v 0.922164 -1.120147 4.976914
v 1.099270 -1.380911 4.807302
v 1.128414 -1.282973 4.814914
v 1.033134 -1.187658 4.819496
v 0.924953 -1.108016 4.822657
v 0.692335 -1.006461 6.007867
v 0.700296 -0.872746 6.019463
v 0.707361 -0.738903 6.030400
v 0.713269 -0.604909 6.040329
v 0.717675 -0.470756 6.048965
v 0.720732 -0.336426 6.055748
v 0.722700 -0.201948 6.060163
v 0.723948 -0.067388 6.062462
v 0.766788 -1.005014 5.944645
v 0.775491 -0.871527 5.957079
v 0.782522 -0.737699 5.967978
v 0.788717 -0.603790 5.978312
v 0.791301 -0.469608 5.984992
v 0.790130 -0.335379 5.987222
v 0.787346 -0.201281 5.987039
v 0.785173 -0.067211 5.986399
v 0.846876 -1.002619 5.866721
v 0.854486 -0.869055 5.877944
v 0.858015 -0.735041 5.885503
v 0.857103 -0.600994 5.889885
v 0.845474 -0.467540 5.887307
v 0.832935 -0.334260 5.884011
v 0.823778 -0.200766 5.881396
v 0.818172 -0.067082 5.879618
v 0.909567 -0.999379 5.789359
v 0.913154 -0.865398 5.797362
v 0.909430 -0.731303 5.800100
v 0.894921 -0.597985 5.797649
v 0.867515 -0.466975 5.790214
v 0.846432 -0.334683 5.785344
v 0.832871 -0.201304 5.782179
v 0.826452 -0.067363 5.780304
v 0.972111 -0.995914 5.710690
v 0.964686 -0.861636 5.710967
v 0.951873 -0.727826 5.708865
v 0.930692 -0.595315 5.703596
v 0.899383 -0.465093 5.694923
v 0.871617 -0.333932 5.687996
v 0.851046 -0.201357 5.683273
v 0.841111 -0.067571 5.680778
v 1.016234 -0.992403 5.603997
v 1.003877 -0.858846 5.602252
v 0.988104 -0.725623 5.599009
v 0.966050 -0.593398 5.593460
v 0.936511 -0.462726 5.585517
v 0.904995 -0.332353 5.577339
v 0.875894 -0.201307 5.570440
v 0.860269 -0.067854 5.566694
v 1.016491 -0.991969 5.491880
v 1.015816 -0.858691 5.490695
v 1.010015 -0.725197 5.488911
v 0.995885 -0.592180 5.485246
v 0.974049 -0.459996 5.479762
v 0.944690 -0.329137 5.472460
v 0.907466 -0.200406 5.462891
v 0.885072 -0.068068 5.457208
v 0.977679 -0.994396 5.419201
v 0.993528 -0.861625 5.411388
v 1.002034 -0.728018 5.406767
v 1.000156 -0.594051 5.402783
v 0.988626 -0.460580 5.398479
v 0.966407 -0.328486 5.392859
v 0.928360 -0.200272 5.383195
v 0.905591 -0.068194 5.377234
v 0.932212 -0.997224 5.288631
v 0.946232 -0.863907 5.281621
v 0.971634 -0.732536 5.271923
v 0.987749 -0.599542 5.265121
v 0.994526 -0.465762 5.260380
v 0.991370 -0.331895 5.256917
v 0.974294 -0.199177 5.253031
v 0.949169 -0.068059 5.246131
v 0.889156 -0.999459 5.136492
v 0.896208 -0.865489 5.131696
v 0.921686 -0.733849 5.121881
v 0.946337 -0.602021 5.112505
v 0.964753 -0.469137 5.105097
v 0.977543 -0.335614 5.099431
v 0.985678 -0.201799 5.095401
v 0.989377 -0.067834 5.093350
v 0.860907 -1.000963 4.983092
v 0.850742 -0.867277 4.982498
v 0.869017 -0.734406 4.975081
v 0.893100 -0.602478 4.965919
v 0.912827 -0.469763 4.958061
v 0.927361 -0.336276 4.951891
v 0.937968 -0.202335 4.947126
v 0.943717 -0.068019 4.944430
v 0.845557 -0.999929 4.828629
v 0.815161 -0.869393 4.831364
v 0.820121 -0.735407 4.827754
v 0.838155 -0.602574 4.820781
v 0.854797 -0.469556 4.814122
v 0.866884 -0.335996 4.808990
v 0.875792 -0.202110 4.804987
v 0.880875 -0.067906 4.802606
v 0.635477 -1.146366 4.681602
v 0.637055 -1.128411 4.527547
v 0.638236 -1.113263 4.373236
v 0.639365 -1.099397 4.218840
v 0.640486 -1.086669 4.064370
v 0.641527 -1.075403 3.909810
v 0.642475 -1.065506 3.755175
v 0.643364 -1.056686 3.600491
v 0.762774 -1.189321 4.677287
v 0.764311 -1.171308 4.523596
v 0.765551 -1.155725 4.369612
v 0.766191 -1.143213 4.215351
v 0.766174 -1.133594 4.060914
v 0.765826 -1.125874 3.906448
v 0.765574 -1.118858 3.752002
v 0.765600 -1.112034 3.597547
v 0.879866 -1.254856 4.669713
v 0.880656 -1.238192 4.516535
v 0.880960 -1.224025 4.363014
v 0.877930 -1.217295 4.209042
v 0.873376 -1.214047 4.055009
v 0.869478 -1.210898 3.900964
v 0.867169 -1.206426 3.746900
v 0.866542 -1.200409 3.592835
v 0.988586 -1.333368 4.660219
v 0.987970 -1.318684 4.507533
v 0.987996 -1.304708 4.354972
v 0.981047 -1.302933 4.201941
v 0.974125 -1.302455 4.048698
v 0.968993 -1.300781 3.895144
v 0.965236 -1.297995 3.741371
v 0.962930 -1.293769 3.587532
v 1.101489 -1.365853 4.654665
v 1.133571 -1.267469 4.661216
v 1.040264 -1.170417 4.666142
v 0.929564 -1.094319 4.668897
v 1.101595 -1.353381 4.502014
v 1.136149 -1.255327 4.507310
v 1.044402 -1.156840 4.512178
v 0.933012 -1.081878 4.515106
v 1.100563 -1.343212 4.349276
v 1.136957 -1.245647 4.353281
v 1.045717 -1.146624 4.357838
v 0.934054 -1.072139 4.361064
v 1.094993 -1.337610 4.196217
v 1.133383 -1.240708 4.199127
v 1.044243 -1.139730 4.203336
v 0.932481 -1.065456 4.206830
v 1.089132 -1.333488 4.043127
v 1.128971 -1.237141 4.045128
v 1.040754 -1.135307 4.048862
v 0.928723 -1.061462 4.052503
v 1.084229 -1.330994 3.889940
v 1.124117 -1.234640 3.891232
v 1.035933 -1.132727 3.894505
v 0.923678 -1.059210 3.898153
v 1.080012 -1.329794 3.736712
v 1.118919 -1.233021 3.737392
v 1.030396 -1.131380 3.740292
v 0.917930 -1.058153 3.743801
v 1.076951 -1.327922 3.583408
v 1.114774 -1.230775 3.583596
v 1.025103 -1.130200 3.586196
v 0.912248 -1.057511 3.589430
v 0.838265 -0.995968 4.673935
v 0.791019 -0.870532 4.678179
v 0.780591 -0.736902 4.677846
v 0.788077 -0.603048 4.674143
v 0.798419 -0.469432 4.669789
v 0.806317 -0.335661 4.666325
v 0.812538 -0.201783 4.663486
v 0.816491 -0.067746 4.661611
v 0.834785 -0.990388 4.519401
v 0.775454 -0.870132 4.523947
v 0.753109 -0.737972 4.525304
v 0.748738 -0.603932 4.524370
v 0.750685 -0.469829 4.522486
v 0.753137 -0.335763 4.520810
v 0.755502 -0.201720 4.519411
v 0.757248 -0.067655 4.518428
v 0.832084 -0.984857 4.364981
v 0.764737 -0.868834 4.369339
v 0.735047 -0.738081 4.371347
v 0.722878 -0.604490 4.371683
v 0.717156 -0.470395 4.371370
v 0.713762 -0.336189 4.371024
v 0.711753 -0.201960 4.370769
v 0.710843 -0.067714 4.370591
v 0.828758 -0.980301 4.210587
v 0.756370 -0.867314 4.214613
v 0.722108 -0.737629 4.216870
v 0.706414 -0.604398 4.217617
v 0.696320 -0.470533 4.217957
v 0.688706 -0.336428 4.218203
v 0.683440 -0.202163 4.218432
v 0.680734 -0.067777 4.218591
v 0.824535 -0.976904 4.056170
v 0.749318 -0.865759 4.059839
v 0.711578 -0.736997 4.062211
v 0.694263 -0.603960 4.063138
v 0.682508 -0.470258 4.063667
v 0.672648 -0.336335 4.064125
v 0.665516 -0.202155 4.064518
v 0.661844 -0.067766 4.064779
v 0.819686 -0.974418 3.901711
v 0.743202 -0.864127 3.905068
v 0.702361 -0.736283 3.907475
v 0.683359 -0.603465 3.908557
v 0.671028 -0.469843 3.909148
v 0.660037 -0.336066 3.909690
v 0.651542 -0.202040 3.910181
v 0.647067 -0.067738 3.910501
v 0.814581 -0.972546 3.747196
v 0.737844 -0.862406 3.750293
v 0.694275 -0.735434 3.752688
v 0.672651 -0.602990 3.753959
v 0.659184 -0.469473 3.754650
v 0.647289 -0.335797 3.755254
v 0.637540 -0.201906 3.755830
v 0.632207 -0.067696 3.756215
v 0.809580 -0.971028 3.592620
v 0.733129 -0.860644 3.595501
v 0.687398 -0.734386 3.597855
v 0.662430 -0.602484 3.599330
v 0.646418 -0.469210 3.600223
v 0.632959 -0.335658 3.600949
v 0.621849 -0.201859 3.601629
v 0.615546 -0.067681 3.602098
v 0.644217 -1.048772 3.445820
v 0.645056 -1.041662 3.291171
v 0.645908 -1.035302 3.136543
v 0.646792 -1.029700 2.981949
v 0.647753 -1.024773 2.827397
v 0.648839 -1.020305 2.672891
v 0.650084 -1.016011 2.518434
v 0.651525 -1.011562 2.364023
v 0.765752 -1.105713 3.443067
v 0.765753 -1.100381 3.288575
v 0.765559 -1.096110 3.134104
v 0.765307 -1.092662 2.979680
v 0.765217 -1.089639 2.825304
v 0.765415 -1.086722 2.670953
v 0.765800 -1.083917 2.516590
v 0.766076 -1.081455 2.362194
v 0.867026 -1.193726 3.438778
v 0.867080 -1.188323 3.284679
v 0.866007 -1.185034 3.130549
v 0.863955 -1.183577 2.976437
v 0.861867 -1.182689 2.822342
v 0.860314 -1.181584 2.668234
v 0.858945 -1.180523 2.514090
v 0.857320 -1.179902 2.359898
v 0.961856 -1.288649 3.433778
v 0.961072 -1.284051 3.280123
v 0.959802 -1.280930 3.126501
v 0.957719 -1.279516 2.972841
v 0.955076 -1.279218 2.819104
v 0.952130 -1.279491 2.665297
v 0.948829 -1.280245 2.511443
v 0.944876 -1.281711 2.357551
v 1.075242 -1.324693 3.430050
v 1.112387 -1.227339 3.429871
v 1.020941 -1.128353 3.432109
v 0.907466 -1.056487 3.435004
v 1.073795 -1.322145 3.276557
v 1.110062 -1.224478 3.276091
v 1.017429 -1.126571 3.277967
v 0.903605 -1.055147 3.280539
v 1.072190 -1.320109 3.122953
v 1.107942 -1.222260 3.122210
v 1.014401 -1.125121 3.123726
v 0.900682 -1.053452 3.126029
v 1.070158 -1.318676 2.969277
v 1.105960 -1.220832 2.968142
v 1.013179 -1.122955 2.969401
v 0.899443 -1.051382 2.971508
v 1.067646 -1.318057 2.815555
v 1.103951 -1.220370 2.813899
v 1.012359 -1.121358 2.815071
v 0.899299 -1.048805 2.817031
v 1.064669 -1.318447 2.661768
v 1.101655 -1.220991 2.659520
v 1.010978 -1.121141 2.660663
v 0.898937 -1.047057 2.662563
v 1.061165 -1.319836 2.507886
v 1.098816 -1.222615 2.505070
v 1.008726 -1.122277 2.506169
v 0.897888 -1.046401 2.508102
v 1.056944 -1.322169 2.353902
v 1.095094 -1.225171 2.350569
v 1.005695 -1.124290 2.351637
v 0.896145 -1.046579 2.353654
v 0.805043 -0.969616 3.437975
v 0.728979 -0.858897 3.440684
v 0.681735 -0.733134 3.442984
v 0.653470 -0.601834 3.444627
v 0.634007 -0.468961 3.445769
v 0.618222 -0.335607 3.446677
v 0.605729 -0.201876 3.447461
v 0.598605 -0.067684 3.448000
v 0.801162 -0.968192 3.283267
v 0.725407 -0.857184 3.285833
v 0.677235 -0.731702 3.288085
v 0.646256 -0.600948 3.289839
v 0.623317 -0.468573 3.291188
v 0.604795 -0.335515 3.292281
v 0.590783 -0.201883 3.293162
v 0.582956 -0.067679 3.293749
v 0.798136 -0.966585 3.128500
v 0.722668 -0.855354 3.130944
v 0.673923 -0.730072 3.133165
v 0.640838 -0.599786 3.134983
v 0.614799 -0.467945 3.136476
v 0.593361 -0.335289 3.137720
v 0.577508 -0.201827 3.138697
v 0.568874 -0.067663 3.139329
v 0.797230 -0.964138 2.973748
v 0.721436 -0.853121 2.976054
v 0.671802 -0.728184 2.978239
v 0.637068 -0.598322 2.980088
v 0.608315 -0.467040 2.981668
v 0.583869 -0.334902 2.983025
v 0.565787 -0.201729 2.984094
v 0.556093 -0.067641 2.984775
v 0.797278 -0.961430 2.819083
v 0.721149 -0.850702 2.821240
v 0.670855 -0.726040 2.823356
v 0.634839 -0.596539 2.825172
v 0.603609 -0.465841 2.826800
v 0.576055 -0.334337 2.828235
v 0.555382 -0.201569 2.829385
v 0.544347 -0.067603 2.830118
v 0.797501 -0.959034 2.664497
v 0.721564 -0.848210 2.666504
v 0.671141 -0.723637 2.668556
v 0.634108 -0.594440 2.670276
v 0.600502 -0.464355 2.671893
v 0.569700 -0.333598 2.673378
v 0.546112 -0.201353 2.674591
v 0.533467 -0.067564 2.675375
v 0.797580 -0.957094 2.509973
v 0.722496 -0.845713 2.511841
v 0.672503 -0.721005 2.513821
v 0.634744 -0.592044 2.515429
v 0.598848 -0.462591 2.516989
v 0.564676 -0.332694 2.518474
v 0.537891 -0.201092 2.519728
v 0.523410 -0.067525 2.520554
v 0.797296 -0.955653 2.355492
v 0.723697 -0.843296 2.357233
v 0.674727 -0.718206 2.359131
v 0.636598 -0.589384 2.360633
v 0.598518 -0.460574 2.362103
v 0.560894 -0.331647 2.363539
v 0.530729 -0.200797 2.364805
v 0.514264 -0.067487 2.365654
v 0.653136 -1.006770 2.209642
v 0.654743 -1.001846 2.055252
v 0.656075 -0.997327 1.900834
v 0.656832 -0.993802 1.746397
v 0.657017 -0.991345 1.591963
v 0.657086 -0.989443 1.437551
v 0.657405 -0.987637 1.283165
v 0.658230 -0.985551 1.128795
v 0.765901 -1.079587 2.207753
v 0.764924 -1.078589 2.053260
v 0.762739 -1.078931 1.898749
v 0.759003 -1.080998 1.744314
v 0.754218 -1.084054 1.589985
v 0.749228 -1.087176 1.435723
v 0.744924 -1.089521 1.281454
v 0.742027 -1.090524 1.127127
v 0.854958 -1.180091 2.205670
v 0.851162 -1.181560 2.051428
v 0.845099 -1.185007 1.897234
v 0.836511 -1.190671 1.743216
v 0.827718 -1.196459 1.589149
v 0.819137 -1.201873 1.434957
v 0.811555 -1.206181 1.280582
v 0.805771 -1.208820 1.126022
v 0.940228 -1.283899 2.203595
v 0.934443 -1.287014 2.049618
v 0.926065 -1.292180 1.895770
v 0.916671 -1.298506 1.742028
v 0.907088 -1.304918 1.588130
v 0.897866 -1.310824 1.434002
v 0.889426 -1.315752 1.279623
v 0.882110 -1.319459 1.124991
v 1.051386 -1.326899 2.199947
v 1.089184 -1.229828 2.196142
v 1.001807 -1.127209 2.197131
v 0.893837 -1.047310 2.199229
v 1.044818 -1.331982 2.045988
v 1.082621 -1.234980 2.041736
v 0.997036 -1.130892 2.042682
v 0.890690 -1.048843 2.044838
v 1.036388 -1.337007 1.891981
v 1.075459 -1.240543 1.887395
v 0.991703 -1.134983 1.888309
v 0.886954 -1.050895 1.890476
v 1.027390 -1.342231 1.737967
v 1.067830 -1.246342 1.733133
v 0.986138 -1.139159 1.734003
v 0.883066 -1.053010 1.736128
v 1.018212 -1.347587 1.583934
v 1.059863 -1.252213 1.578948
v 0.980595 -1.143188 1.579742
v 0.879307 -1.054919 1.581778
v 1.009161 -1.353081 1.429880
v 1.051643 -1.258066 1.424844
v 0.974365 -1.147579 1.425555
v 0.875400 -1.056691 1.427409
v 1.000487 -1.358693 1.275792
v 1.042587 -1.263494 1.270864
v 0.966412 -1.152180 1.271453
v 0.869738 -1.058805 1.273104
v 0.992440 -1.364329 1.121643
v 1.033680 -1.268728 1.117009
v 0.958261 -1.156901 1.117385
v 0.863249 -1.061866 1.118854
v 0.796583 -0.954675 2.201036
v 0.725084 -0.840977 2.202663
v 0.677708 -0.715287 2.204479
v 0.639523 -0.586508 2.205880
v 0.599358 -0.458342 2.207235
v 0.558260 -0.330483 2.208585
v 0.524653 -0.200481 2.209828
v 0.506169 -0.067456 2.210676
v 0.795522 -0.954065 2.046597
v 0.726753 -0.838700 2.048128
v 0.681378 -0.712277 2.049849
v 0.643250 -0.583486 2.051152
v 0.601100 -0.455963 2.052383
v 0.556627 -0.329239 2.053623
v 0.519680 -0.200142 2.054809
v 0.499211 -0.067427 2.055627
v 0.794310 -0.953643 1.892171
v 0.728728 -0.836432 1.893630
v 0.685428 -0.709285 1.895229
v 0.647326 -0.580489 1.896436
v 0.603324 -0.453595 1.897540
v 0.555830 -0.327974 1.898658
v 0.515819 -0.199783 1.899755
v 0.493417 -0.067399 1.900519
v 0.793120 -0.953251 1.737754
v 0.730639 -0.834354 1.739150
v 0.689123 -0.706619 1.740597
v 0.650999 -0.577835 1.741707
v 0.605543 -0.451458 1.742696
v 0.555706 -0.326751 1.743690
v 0.513082 -0.199406 1.744675
v 0.488727 -0.067374 1.745369
v 0.791971 -0.952869 1.583346
v 0.731689 -0.832851 1.584663
v 0.691289 -0.704771 1.585926
v 0.653253 -0.575955 1.586944
v 0.607143 -0.449809 1.587844
v 0.555931 -0.325653 1.588724
v 0.511171 -0.199042 1.589585
v 0.484982 -0.067354 1.590199
v 0.790106 -0.952879 1.428942
v 0.730799 -0.832326 1.430172
v 0.690956 -0.704042 1.431255
v 0.653615 -0.575000 1.432160
v 0.607838 -0.448708 1.432985
v 0.556075 -0.324766 1.433755
v 0.509727 -0.198718 1.434493
v 0.481991 -0.067340 1.435019
v 0.785950 -0.953737 1.274590
v 0.727757 -0.832615 1.275691
v 0.689194 -0.703908 1.276608
v 0.653231 -0.574455 1.277382
v 0.608169 -0.447898 1.278115
v 0.556140 -0.324057 1.278784
v 0.508572 -0.198450 1.279400
v 0.479608 -0.067331 1.279837
v 0.781990 -0.954845 1.120238
v 0.726725 -0.832374 1.121173
v 0.689728 -0.703169 1.121955
v 0.654155 -0.573569 1.122600
v 0.608894 -0.447056 1.123241
v 0.556234 -0.323468 1.123812
v 0.507599 -0.198247 1.124309
v 0.477722 -0.067327 1.124656
v 0.659817 -0.982880 0.974412
v 0.662211 -0.979551 0.819986
v 0.665241 -0.975777 0.665500
v 0.668592 -0.971892 0.510935
v 0.672050 -0.968132 0.356322
v 0.675582 -0.964338 0.201649
v 0.679308 -0.960102 0.046949
v 0.682358 -0.956232 -0.107760
v 0.740986 -1.089924 0.972735
v 0.742145 -1.087532 0.818325
v 0.745369 -1.083638 0.663943
v 0.749765 -1.078946 0.509573
v 0.755024 -1.073847 0.355196
v 0.760781 -1.068279 0.200776
v 0.766759 -1.062131 0.046354
v 0.771874 -1.056404 -0.108112
v 0.802164 -1.209584 0.971346
v 0.800873 -1.208417 0.816642
v 0.801859 -1.205612 0.661943
v 0.804794 -1.201563 0.507278
v 0.810110 -1.196463 0.352748
v 0.816860 -1.190441 0.198385
v 0.824063 -1.183695 0.044087
v 0.831860 -1.176628 -0.110118
v 0.876117 -1.321816 0.970180
v 0.871536 -1.322747 0.815290
v 0.868370 -1.322432 0.660352
v 0.866981 -1.320702 0.505388
v 0.868228 -1.317662 0.350442
v 0.872736 -1.312693 0.195621
v 0.881410 -1.305249 0.041090
v 0.892799 -1.296350 -0.113012
v 0.985174 -1.369780 0.967414
v 1.025701 -1.273848 0.963225
v 0.948253 -1.163416 0.963537
v 0.854789 -1.066916 0.964745
v 0.978745 -1.374789 0.813092
v 1.018664 -1.278569 0.809488
v 0.936366 -1.171730 0.810002
v 0.846711 -1.071674 0.810571
v 0.973290 -1.379035 0.658659
v 1.012301 -1.282480 0.655733
v 0.924338 -1.180314 0.656555
v 0.843027 -1.073256 0.656049
v 0.970215 -1.380340 0.504230
v 1.010798 -1.284431 0.501819
v 0.940909 -1.169179 0.503813
v 0.858859 -1.062796 0.502574
v 0.968825 -1.381572 0.349985
v 1.001513 -1.282540 0.347914
v 0.967176 -1.152158 0.352993
v 0.896847 -1.037574 0.354826
v 0.966688 -1.386142 0.195816
v 0.966330 -1.282793 0.198212
v 0.945153 -1.150494 0.200601
v 0.923768 -1.018380 0.203521
v 0.980096 -1.371847 0.043048
v 1.016767 -1.274796 0.053166
v 0.988632 -1.142827 0.053093
v 0.919342 -1.027647 0.049351
v 0.993911 -1.359132 -0.109878
v 1.045986 -1.269444 -0.098736
v 0.986542 -1.148646 -0.100870
v 0.901674 -1.044702 -0.103248
v 0.779449 -0.955665 0.965858
v 0.729740 -0.830859 0.966735
v 0.694011 -0.701281 0.967374
v 0.656776 -0.572132 0.967820
v 0.609881 -0.446200 0.968350
v 0.556173 -0.323035 0.968840
v 0.506700 -0.198119 0.969221
v 0.476270 -0.067326 0.969475
v 0.778491 -0.955905 0.811450
v 0.733731 -0.829282 0.812409
v 0.697039 -0.699970 0.812762
v 0.657409 -0.571534 0.812994
v 0.609439 -0.446005 0.813448
v 0.555447 -0.322932 0.813873
v 0.505842 -0.198074 0.814134
v 0.475238 -0.067328 0.814291
v 0.776516 -0.956424 0.656980
v 0.728010 -0.831147 0.658279
v 0.689465 -0.702455 0.658327
v 0.650767 -0.573834 0.658308
v 0.605342 -0.447375 0.658633
v 0.553382 -0.323439 0.658922
v 0.504918 -0.198153 0.659048
v 0.474639 -0.067333 0.659103
v 0.781987 -0.952596 0.502505
v 0.715446 -0.835774 0.504617
v 0.672715 -0.708286 0.504690
v 0.637383 -0.578573 0.504192
v 0.597202 -0.450294 0.504022
v 0.549768 -0.324571 0.504013
v 0.503875 -0.198359 0.503960
v 0.474500 -0.067340 0.503909
v 0.811687 -0.933706 0.352204
v 0.725413 -0.830760 0.350776
v 0.664393 -0.711006 0.350148
v 0.626256 -0.582153 0.349853
v 0.589341 -0.452951 0.349452
v 0.545941 -0.325846 0.349123
v 0.502944 -0.198642 0.348869
v 0.474854 -0.067349 0.348709
v 0.836318 -0.916489 0.200783
v 0.739701 -0.823197 0.197495
v 0.667301 -0.710075 0.195415
v 0.625545 -0.582424 0.195080
v 0.587691 -0.453575 0.194739
v 0.544283 -0.326516 0.194215
v 0.502586 -0.198903 0.193772
v 0.475735 -0.067360 0.193500
v 0.832825 -0.924915 0.046744
v 0.744157 -0.824060 0.043433
v 0.680478 -0.705825 0.041279
v 0.637420 -0.578664 0.040824
v 0.594460 -0.451501 0.040207
v 0.546456 -0.326138 0.039336
v 0.503301 -0.199036 0.038677
v 0.477197 -0.067367 0.038285
v 0.818470 -0.939415 -0.106208
v 0.750627 -0.823545 -0.110553
v 0.700702 -0.698880 -0.111937
v 0.655685 -0.572458 -0.112697
v 0.605700 -0.447903 -0.114058
v 0.551559 -0.325080 -0.115456
v 0.505378 -0.199048 -0.116407
v 0.479457 -0.067364 -0.116936
v 0.685349 -0.952556 -0.262460
v 0.688492 -0.948936 -0.417160
v 0.691833 -0.945389 -0.571873
v 0.695350 -0.942138 -0.726629
v 0.698970 -0.939463 -0.881438
v 0.702103 -0.938206 -1.036331
v 0.704758 -0.938403 -1.191257
v 0.706954 -0.939901 -1.346196
v 0.776810 -1.050928 -0.262587
v 0.781683 -1.045660 -0.417039
v 0.786989 -1.040188 -0.571415
v 0.793320 -1.034033 -0.725690
v 0.800544 -1.027337 -0.879915
v 0.807281 -1.021711 -1.034280
v 0.812740 -1.018260 -1.188817
v 0.817389 -1.016318 -1.343428
v 0.839857 -1.169577 -0.264289
v 0.848039 -1.162507 -0.418459
v 0.857190 -1.154757 -0.572528
v 0.868217 -1.145553 -0.726327
v 0.881961 -1.134107 -0.879627
v 0.895354 -1.123058 -1.032917
v 0.904111 -1.116691 -1.186825
v 0.910755 -1.112835 -1.340875
v 0.905103 -1.287021 -0.266819
v 0.917691 -1.277440 -0.420453
v 0.930682 -1.267321 -0.573908
v 0.944667 -1.256142 -0.727088
v 0.960783 -1.242900 -0.879671
v 0.978322 -1.228624 -1.031710
v 0.985501 -1.223599 -1.185138
v 0.993188 -1.218892 -1.338491
v 1.007575 -1.347624 -0.263133
v 1.065752 -1.261833 -0.252261
v 0.992784 -1.148708 -0.254833
v 0.904532 -1.047686 -0.257718
v 1.021008 -1.336674 -0.416511
v 1.081857 -1.252750 -0.406105
v 1.014089 -1.136467 -0.406983
v 0.919200 -1.041654 -0.411276
v 1.034248 -1.326172 -0.569856
v 1.096773 -1.243481 -0.559921
v 1.031599 -1.125740 -0.560116
v 0.934295 -1.033390 -0.564691
v 1.047481 -1.316270 -0.723060
v 1.110949 -1.234283 -0.713691
v 1.045237 -1.116859 -0.713876
v 0.946118 -1.026570 -0.718391
v 1.060898 -1.307325 -0.876075
v 1.124460 -1.225372 -0.867454
v 1.057429 -1.108704 -0.867844
v 0.956187 -1.020841 -0.872293
v 1.074076 -1.299446 -1.028997
v 1.137122 -1.217022 -1.021282
v 1.068439 -1.101313 -1.021965
v 0.965202 -1.015778 -1.026343
v 1.083984 -1.290789 -1.181995
v 1.148682 -1.209539 -1.175227
v 1.078435 -1.094754 -1.176227
v 0.973313 -1.011474 -1.180527
v 1.093277 -1.283637 -1.334825
v 1.159105 -1.203168 -1.329279
v 1.087482 -1.089193 -1.330657
v 0.980602 -1.008077 -1.334842
v 0.826712 -0.938270 -0.260412
v 0.769747 -0.816782 -0.263286
v 0.721971 -0.691373 -0.264874
v 0.671865 -0.566905 -0.266498
v 0.615683 -0.445024 -0.268445
v 0.557010 -0.324289 -0.270234
v 0.508649 -0.199066 -0.271466
v 0.482808 -0.067364 -0.272151
v 0.837636 -0.935126 -0.414328
v 0.779416 -0.814318 -0.417033
v 0.731224 -0.689071 -0.419142
v 0.679580 -0.565196 -0.421088
v 0.620761 -0.444556 -0.423125
v 0.560786 -0.324463 -0.425059
v 0.512570 -0.199184 -0.426503
v 0.487383 -0.067355 -0.427340
v 0.845416 -0.932960 -0.568374
v 0.779346 -0.816299 -0.571185
v 0.728932 -0.691989 -0.573668
v 0.678369 -0.567738 -0.575857
v 0.620874 -0.446541 -0.577898
v 0.562722 -0.325604 -0.579905
v 0.516903 -0.199445 -0.581528
v 0.493280 -0.067336 -0.582486
v 0.851621 -0.931411 -0.722440
v 0.777786 -0.819439 -0.725384
v 0.722996 -0.696959 -0.728043
v 0.672870 -0.572499 -0.730472
v 0.618395 -0.449881 -0.732681
v 0.563984 -0.327238 -0.734783
v 0.522069 -0.199777 -0.736530
v 0.500710 -0.067315 -0.737561
v 0.857673 -0.929858 -0.876509
v 0.777744 -0.822110 -0.879658
v 0.718346 -0.701766 -0.882464
v 0.667824 -0.577437 -0.885087
v 0.616364 -0.453495 -0.887459
v 0.566416 -0.328940 -0.889646
v 0.528765 -0.200159 -0.891476
v 0.509893 -0.067309 -0.892526
v 0.863370 -0.928515 -1.030642
v 0.778715 -0.824420 -1.033989
v 0.715590 -0.705971 -1.036946
v 0.664590 -0.581807 -1.039759
v 0.615811 -0.456755 -1.042252
v 0.570311 -0.330478 -1.044507
v 0.536962 -0.200518 -1.046348
v 0.520779 -0.067300 -1.047361
v 0.868688 -0.927512 -1.184851
v 0.780230 -0.826590 -1.188374
v 0.714050 -0.709798 -1.191471
v 0.662624 -0.585770 -1.194450
v 0.616351 -0.459730 -1.197042
v 0.575309 -0.331917 -1.199362
v 0.546583 -0.200853 -1.201132
v 0.533331 -0.067295 -1.202047
v 0.873797 -0.926803 -1.339124
v 0.782285 -0.828578 -1.342797
v 0.713293 -0.713390 -1.346049
v 0.661304 -0.589565 -1.349144
v 0.617564 -0.462563 -1.351851
v 0.581333 -0.333267 -1.354195
v 0.557662 -0.201165 -1.355813
v 0.547481 -0.067299 -1.356570
v 0.708584 -0.942894 -1.501136
v 0.709551 -0.947633 -1.656050
v 0.709855 -0.954140 -1.810912
v 0.709613 -0.962193 -1.965707
v 0.708922 -0.971595 -2.120429
v 0.707795 -0.982391 -2.275061
v 0.706198 -0.994740 -2.429578
v 0.704097 -1.008845 -2.583948
v 0.821342 -1.015860 -1.498101
v 0.824413 -1.017282 -1.652820
v 0.826472 -1.020809 -1.807547
v 0.827550 -1.026477 -1.962249
v 0.827796 -1.034128 -2.116882
v 0.827358 -1.043615 -2.271408
v 0.826389 -1.054754 -2.425808
v 0.825001 -1.067423 -2.580084
v 0.917221 -1.109883 -1.494932
v 0.922866 -1.108634 -1.649059
v 0.926448 -1.110466 -1.803259
v 0.927671 -1.115955 -1.957436
v 0.927673 -1.123872 -2.111481
v 0.927197 -1.133388 -2.265428
v 0.926385 -1.144331 -2.419292
v 0.925303 -1.156633 -2.573070
v 1.001873 -1.214136 -1.491698
v 1.009188 -1.211519 -1.644921
v 1.012414 -1.213603 -1.798201
v 1.013053 -1.219602 -1.951408
v 1.013239 -1.227314 -2.104617
v 1.013332 -1.236302 -2.257825
v 1.013304 -1.246538 -2.411014
v 1.013105 -1.258047 -2.564179
v 1.102051 -1.278708 -1.487548
v 1.168227 -1.198339 -1.483465
v 1.095381 -1.085048 -1.485295
v 0.987065 -1.005736 -1.489290
v 1.108813 -1.276932 -1.640441
v 1.174637 -1.196138 -1.637876
v 1.101674 -1.082829 -1.640096
v 0.992409 -1.004763 -1.643857
v 1.112201 -1.278634 -1.793446
v 1.177302 -1.197253 -1.792303
v 1.106189 -1.082703 -1.794976
v 0.996192 -1.005667 -1.798510
v 1.114334 -1.282257 -1.946408
v 1.179072 -1.200616 -1.946598
v 1.108191 -1.085942 -1.949848
v 0.998085 -1.008995 -1.953187
v 1.115775 -1.287885 -2.099356
v 1.179792 -1.205708 -2.100703
v 1.108621 -1.091284 -2.104545
v 0.998222 -1.014681 -2.107793
v 1.116818 -1.295223 -2.252318
v 1.179832 -1.212301 -2.254633
v 1.107735 -1.098513 -2.259087
v 0.996902 -1.022537 -2.262258
v 1.117637 -1.303928 -2.405303
v 1.179527 -1.220185 -2.408412
v 1.106338 -1.107147 -2.413448
v 0.995038 -1.031812 -2.416622
v 1.118341 -1.313722 -2.558313
v 1.179143 -1.229208 -2.562065
v 1.104866 -1.116956 -2.567580
v 0.993446 -1.041900 -2.570897
v 0.878654 -0.926523 -1.493455
v 0.784854 -0.830428 -1.497244
v 0.713450 -0.716684 -1.500677
v 0.660852 -0.593080 -1.503872
v 0.619763 -0.465120 -1.506700
v 0.588713 -0.334424 -1.508984
v 0.570236 -0.201432 -1.510370
v 0.562991 -0.067314 -1.510935
v 0.882810 -0.927172 -1.647842
v 0.787538 -0.832522 -1.651710
v 0.714642 -0.719698 -1.655348
v 0.662101 -0.596024 -1.658677
v 0.623947 -0.467138 -1.661572
v 0.598001 -0.335268 -1.663686
v 0.584273 -0.201627 -1.664793
v 0.579520 -0.067332 -1.665166
v 0.885694 -0.929379 -1.802282
v 0.789733 -0.835444 -1.806217
v 0.716798 -0.722645 -1.810071
v 0.665681 -0.598355 -1.813559
v 0.630939 -0.468500 -1.816371
v 0.609575 -0.335779 -1.818246
v 0.599673 -0.201734 -1.819079
v 0.596773 -0.067340 -1.819294
v 0.887090 -0.933423 -1.956754
v 0.791237 -0.839376 -1.960780
v 0.719814 -0.725586 -1.964848
v 0.671645 -0.600121 -1.968394
v 0.640707 -0.469311 -1.971047
v 0.623351 -0.336007 -1.972638
v 0.616278 -0.201759 -1.973237
v 0.614584 -0.067334 -1.973339
v 0.887083 -0.939282 -2.111228
v 0.792370 -0.844052 -2.115420
v 0.723924 -0.728420 -2.119675
v 0.679749 -0.601495 -2.123150
v 0.652933 -0.469782 -2.125554
v 0.638980 -0.336079 -2.126856
v 0.633840 -0.201747 -2.127281
v 0.632812 -0.067324 -2.127321
v 0.886155 -0.946527 -2.265708
v 0.793770 -0.848965 -2.270149
v 0.729634 -0.730883 -2.274487
v 0.689948 -0.602482 -2.277786
v 0.667201 -0.470020 -2.279887
v 0.656028 -0.336072 -2.280925
v 0.652031 -0.201714 -2.281248
v 0.651161 -0.067309 -2.281280
v 0.885351 -0.954167 -2.420281
v 0.796712 -0.853220 -2.424948
v 0.737126 -0.732813 -2.429237
v 0.701995 -0.603127 -2.432289
v 0.682993 -0.470100 -2.434069
v 0.673864 -0.336022 -2.434904
v 0.670242 -0.201672 -2.435206
v 0.669036 -0.067291 -2.435291
v 0.886168 -0.961024 -2.574900
v 0.801557 -0.856711 -2.579707
v 0.746253 -0.734296 -2.583907
v 0.715448 -0.603528 -2.586678
v 0.699608 -0.470106 -2.588164
v 0.691670 -0.335969 -2.588883
v 0.687674 -0.201640 -2.589251
v 0.685719 -0.067281 -2.589433
v 0.701452 -1.024982 -2.738121
v 0.698159 -1.043375 -2.892038
v 0.694183 -1.064139 -3.045646
v 0.689513 -1.087393 -3.198884
v 0.684240 -1.113284 -3.351668
v 0.678532 -1.141233 -3.504054
v 0.672528 -1.170990 -3.656062
v 0.666276 -1.202884 -3.807607
v 0.823275 -1.081582 -2.734229
v 0.821079 -1.097531 -2.888188
v 0.818576 -1.114851 -3.042022
v 0.815595 -1.133719 -3.195711
v 0.811285 -1.156919 -3.348744
v 0.806148 -1.183205 -3.501277
v 0.800213 -1.212651 -3.653140
v 0.794208 -1.243649 -3.804657
v 0.923967 -1.170282 -2.726752
v 0.922473 -1.185418 -2.880288
v 0.921697 -1.200711 -3.033815
v 0.921859 -1.215509 -3.187392
v 0.922911 -1.231347 -3.340856
v 0.923402 -1.248357 -3.494265
v 0.918562 -1.275783 -3.646059
v 0.913936 -1.304056 -3.797589
v 1.012757 -1.270786 -2.717340
v 1.012231 -1.285032 -2.870471
v 1.012331 -1.299503 -3.023691
v 1.013608 -1.313183 -3.177063
v 1.019776 -1.324017 -3.330544
v 1.027955 -1.332066 -3.483962
v 1.025958 -1.355699 -3.635972
v 1.020657 -1.385119 -3.786964
v 1.119025 -1.324444 -2.711333
v 1.178674 -1.239137 -2.715651
v 1.103373 -1.127607 -2.721509
v 0.992455 -1.051894 -2.725117
v 1.119813 -1.336027 -2.864360
v 1.178003 -1.249736 -2.869203
v 1.102511 -1.138340 -2.875320
v 0.993481 -1.060104 -2.879388
v 1.120944 -1.348380 -3.017430
v 1.177087 -1.260697 -3.022762
v 1.102937 -1.148385 -3.029171
v 0.997044 -1.066079 -3.033654
v 1.123556 -1.358879 -3.170761
v 1.178345 -1.270318 -3.176544
v 1.103832 -1.158231 -3.183136
v 1.000269 -1.073004 -3.187816
v 1.130196 -1.370823 -3.323844
v 1.180447 -1.279425 -3.330490
v 1.104115 -1.168652 -3.337183
v 1.002297 -1.081297 -3.341883
v 1.138633 -1.383691 -3.476779
v 1.182404 -1.288571 -3.484678
v 1.103477 -1.179746 -3.491251
v 1.004269 -1.089393 -3.495897
v 1.135635 -1.399890 -3.629785
v 1.175765 -1.304533 -3.638388
v 1.099188 -1.193895 -3.645069
v 1.001227 -1.102082 -3.649569
v 1.123572 -1.417899 -3.782423
v 1.162428 -1.326030 -3.791824
v 1.090300 -1.211996 -3.798669
v 0.994111 -1.118227 -3.803264
v 0.888437 -0.966963 -2.729519
v 0.807733 -0.859636 -2.734421
v 0.756659 -0.735409 -2.738501
v 0.729874 -0.603771 -2.740981
v 0.716428 -0.470097 -2.742236
v 0.708797 -0.335942 -2.742936
v 0.703804 -0.201638 -2.743434
v 0.700882 -0.067288 -2.743731
v 0.892406 -0.971805 -2.884099
v 0.814958 -0.862135 -2.889075
v 0.768139 -0.736252 -2.893022
v 0.744974 -0.603940 -2.895219
v 0.733108 -0.470121 -2.896316
v 0.725112 -0.335970 -2.897069
v 0.718940 -0.201684 -2.897710
v 0.715199 -0.067317 -2.898105
v 0.897686 -0.975960 -3.038565
v 0.823186 -0.864310 -3.043653
v 0.780721 -0.736914 -3.047464
v 0.760715 -0.604110 -3.049394
v 0.749847 -0.470198 -3.050382
v 0.741422 -0.336028 -3.051190
v 0.734614 -0.201750 -3.051922
v 0.730652 -0.067349 -3.052366
v 0.903415 -0.980208 -3.192884
v 0.832398 -0.866334 -3.198138
v 0.794547 -0.737529 -3.201803
v 0.777520 -0.604337 -3.203447
v 0.767824 -0.470319 -3.204293
v 0.759855 -0.336114 -3.205053
v 0.753600 -0.201798 -3.205751
v 0.750152 -0.067366 -3.206157
v 0.908684 -0.985156 -3.347090
v 0.842436 -0.868460 -3.352564
v 0.810396 -0.738141 -3.355952
v 0.797346 -0.604530 -3.357124
v 0.790303 -0.470383 -3.357567
v 0.784572 -0.336121 -3.358009
v 0.780351 -0.201772 -3.358404
v 0.778119 -0.067352 -3.358623
v 0.912724 -0.991271 -3.501267
v 0.854398 -0.870519 -3.506922
v 0.831183 -0.738418 -3.509522
v 0.824667 -0.604373 -3.509617
v 0.822523 -0.470129 -3.509036
v 0.820848 -0.335857 -3.508614
v 0.819880 -0.201583 -3.508258
v 0.819633 -0.067292 -3.507968
v 0.916240 -0.998244 -3.655527
v 0.871820 -0.871758 -3.660881
v 0.860767 -0.738089 -3.661667
v 0.862485 -0.603920 -3.659816
v 0.865909 -0.469767 -3.657701
v 0.868343 -0.335605 -3.656111
v 0.870438 -0.201446 -3.654797
v 0.872191 -0.067243 -3.653822
v 0.924632 -1.003483 -3.810288
v 0.900783 -0.871504 -3.813619
v 0.903729 -0.737394 -3.811064
v 0.913065 -0.603569 -3.806692
v 0.920946 -0.469649 -3.802996
v 0.926269 -0.335604 -3.800368
v 0.930148 -0.201484 -3.798359
v 0.933030 -0.067258 -3.796928
v 0.659678 -1.237557 -3.958504
v 0.652588 -1.275171 -4.108658
v 0.645028 -1.315623 -4.258039
v 0.637019 -1.359289 -4.406415
v 0.627522 -1.413999 -4.550880
v 0.609618 -1.472392 -4.692424
v 0.633038 -1.396848 -4.745568
v 0.617126 -1.265727 -4.720171
v 0.601374 -1.136584 -4.686436
v 0.559493 -1.468041 -4.776008
v 0.560836 -1.397667 -4.775912
v 0.548455 -1.266652 -4.749012
v 0.533932 -1.136757 -4.718070
v 0.788102 -1.276732 -3.955704
v 0.781637 -1.312253 -4.106110
v 0.774997 -1.349144 -4.256192
v 0.767551 -1.390538 -4.405063
v 0.757889 -1.443401 -4.549905
v 0.755360 -1.471989 -4.642078
v 0.760747 -1.398783 -4.675784
v 0.747684 -1.266344 -4.656126
v 0.732506 -1.136821 -4.623717
v 0.911235 -1.329858 -3.949750
v 0.906386 -1.361744 -4.100803
v 0.899517 -1.398957 -4.250410
v 0.893903 -1.435002 -4.400247
v 0.877239 -1.469886 -4.537981
v 0.907330 -1.403319 -4.571504
v 0.906284 -1.269661 -4.562387
v 0.897249 -1.137654 -4.541233
v 0.825228 -1.468163 -4.630335
v 0.831133 -1.400117 -4.635000
v 0.824099 -1.267083 -4.617796
v 0.810596 -1.136603 -4.589194
v 1.024660 -1.401217 -3.940202
v 1.025667 -1.422685 -4.092635
v 1.021594 -1.458677 -4.243147
v 1.091542 -1.406757 -4.300114
v 1.094771 -1.272550 -4.299908
v 1.092356 -1.139174 -4.298595
v 0.976183 -1.468944 -4.397742
v 1.026691 -1.405455 -4.413701
v 1.050891 -1.273471 -4.423499
v 1.057940 -1.139189 -4.425056
v 0.961630 -1.472117 -4.480154
v 0.978138 -1.405383 -4.494890
v 0.991270 -1.271845 -4.501826
v 0.992289 -1.137457 -4.498101
v 1.115309 -1.438226 -3.935249
v 1.146461 -1.349225 -3.945263
v 1.078958 -1.232439 -3.952565
v 0.990188 -1.131711 -3.958323
v 1.107037 -1.457797 -4.088625
v 1.127771 -1.373937 -4.099205
v 1.064152 -1.255868 -4.108234
v 0.999623 -1.138453 -4.116346
v 1.098359 -1.466660 -4.192015
v 1.110309 -1.393286 -4.216820
v 1.052472 -1.272474 -4.228306
v 1.045358 -1.138581 -4.229688
v 0.589844 -1.004965 -4.661822
v 0.582333 -0.871752 -4.645466
v 0.579055 -0.737638 -4.637436
v 0.579623 -0.603247 -4.637082
v 0.582923 -0.469015 -4.641787
v 0.587430 -0.334958 -4.648484
v 0.591851 -0.200985 -4.655153
v 0.595640 -0.067100 -4.660945
v 0.522898 -1.004839 -4.694704
v 0.515755 -0.871512 -4.679101
v 0.514299 -0.737159 -4.674442
v 0.518085 -0.602871 -4.679137
v 0.525346 -0.469126 -4.689161
v 0.533855 -0.335505 -4.700289
v 0.540878 -0.201585 -4.709413
v 0.544856 -0.067324 -4.715267
v 0.721083 -1.005173 -4.599107
v 0.713521 -0.871961 -4.582674
v 0.709295 -0.737996 -4.572737
v 0.707450 -0.603700 -4.567763
v 0.707378 -0.469346 -4.566518
v 0.708607 -0.335103 -4.568066
v 0.710780 -0.201012 -4.571521
v 0.713445 -0.067073 -4.576025
v 0.890601 -1.004534 -4.526023
v 0.884570 -0.871126 -4.513237
v 0.881273 -0.737230 -4.505568
v 0.879753 -0.603178 -4.501611
v 0.879783 -0.469074 -4.500907
v 0.881286 -0.335006 -4.503370
v 0.884172 -0.201050 -4.508959
v 0.887014 -0.067032 -4.514471
v 0.800211 -1.004657 -4.566764
v 0.793094 -0.871482 -4.551447
v 0.789087 -0.737634 -4.542057
v 0.787182 -0.603517 -4.537009
v 0.787001 -0.469293 -4.535594
v 0.788361 -0.335093 -4.537551
v 0.791353 -0.201072 -4.543372
v 0.794677 -0.067115 -4.550149
v 1.094695 -1.005816 -4.297060
v 1.098279 -0.872121 -4.294499
v 1.100734 -0.738170 -4.291457
v 1.102956 -0.604057 -4.288794
v 1.104702 -0.469858 -4.286663
v 1.105851 -0.335624 -4.285034
v 1.106472 -0.201388 -4.283843
v 1.106243 -0.067172 -4.283041
v 1.061032 -1.004751 -4.423518
v 1.060566 -0.870359 -4.419844
v 1.058631 -0.736234 -4.415504
v 1.056534 -0.602308 -4.411408
v 1.054746 -0.468472 -4.407979
v 1.053378 -0.334643 -4.405356
v 1.052445 -0.200785 -4.403530
v 1.050434 -0.066918 -4.401921
v 0.988491 -1.003588 -4.489836
v 0.983994 -0.869942 -4.481535
v 0.981485 -0.736192 -4.476501
v 0.980171 -0.602445 -4.473390
v 0.979889 -0.468689 -4.471770
v 0.980493 -0.334879 -4.471414
v 0.981573 -0.200958 -4.471799
v 0.982963 -0.066915 -4.473580
v 0.947090 -1.004805 -3.964838
v 0.948325 -0.870670 -3.962601
v 0.962878 -0.737340 -3.955762
v 0.977207 -0.603946 -3.949217
v 0.987249 -0.470104 -3.944569
v 0.993581 -0.335982 -3.941504
v 0.997829 -0.201728 -3.939352
v 1.000691 -0.067349 -3.937950
v 0.997858 -1.004230 -4.115309
v 1.013854 -0.871011 -4.107284
v 1.032582 -0.738184 -4.098525
v 1.046628 -0.604693 -4.092147
v 1.055360 -0.470597 -4.088132
v 1.060699 -0.336276 -4.085544
v 1.064100 -0.201864 -4.083827
v 1.066304 -0.067407 -4.082749
v 1.053023 -1.004688 -4.224631
v 1.071759 -0.872176 -4.215249
v 1.084883 -0.738807 -4.209391
v 1.092177 -0.604761 -4.205901
v 1.096777 -0.470491 -4.203436
v 1.099916 -0.336138 -4.201628
v 1.102172 -0.201758 -4.200321
v 1.103959 -0.067370 -4.199425
v -2.203579 0.068830 -2.891004
v -2.198672 0.202995 -2.890843
v -2.193663 0.337104 -2.890524
v -2.196017 0.471284 -2.889717
v -2.207710 0.604793 -2.888070
v -2.226009 0.737412 -2.885268
v -2.245971 0.869779 -2.881396
v -2.261028 1.003020 -2.878206
v -2.192716 0.068777 -2.984897
v -2.190683 0.203147 -2.985002
v -2.189814 0.337585 -2.984968
v -2.194732 0.471953 -2.984270
v -2.207171 0.605817 -2.982505
v -2.226847 0.738727 -2.979519
v -2.252949 0.870272 -2.975282
v -2.278949 1.001665 -2.970773
v -2.200935 0.068698 -3.147482
v -2.202229 0.203208 -3.147415
v -2.205925 0.337673 -3.147010
v -2.214374 0.471905 -3.145927
v -2.230858 0.605343 -3.143507
v -2.257198 0.737120 -3.139265
v -2.289723 0.867403 -3.133551
v -2.320811 0.997994 -3.127747
v -2.220833 0.068557 -3.303960
v -2.223856 0.203048 -3.303682
v -2.230337 0.337407 -3.302900
v -2.241384 0.471454 -3.301408
v -2.259207 0.604740 -3.298747
v -2.286327 0.736391 -3.294219
v -2.320868 0.866215 -3.287958
v -2.355937 0.995860 -3.281290
v -2.243967 0.068385 -3.457487
v -2.248072 0.202807 -3.457049
v -2.257098 0.336988 -3.455858
v -2.271536 0.470687 -3.453752
v -2.291651 0.603628 -3.450609
v -2.318255 0.735382 -3.446109
v -2.351289 0.865613 -3.440092
v -2.387221 0.995022 -3.433257
v -2.197220 0.068687 -2.679045
v -2.195255 0.202793 -2.678735
v -2.192572 0.336834 -2.678249
v -2.189772 0.470897 -2.677605
v -2.186913 0.605093 -2.677159
v -2.183057 0.739452 -2.677917
v -2.176678 0.873725 -2.681137
v -2.166006 1.007586 -2.688254
v -2.211765 0.068780 -2.802042
v -2.207246 0.202883 -2.801926
v -2.202010 0.336876 -2.801595
v -2.202084 0.470819 -2.800631
v -2.208227 0.604423 -2.798915
v -2.217626 0.737801 -2.796596
v -2.225767 0.871388 -2.794658
v -2.228141 1.005419 -2.795335
v -2.033972 0.068502 -2.642374
v -2.026590 0.200910 -2.628388
v -2.025163 0.334371 -2.622218
v -2.023670 0.467729 -2.615444
v -2.021569 0.600861 -2.606745
v -2.018746 0.733751 -2.595450
v -2.015306 0.866847 -2.583985
v -2.009660 1.000361 -2.575983
v -2.121999 0.068458 -2.610038
v -2.118966 0.202043 -2.610940
v -2.118130 0.335717 -2.608451
v -2.117084 0.469559 -2.605964
v -2.115368 0.603636 -2.604353
v -2.112109 0.737912 -2.604512
v -2.106155 0.872197 -2.607329
v -2.095064 1.005983 -2.614862
v -1.940132 0.068943 -2.711985
v -1.933547 0.202131 -2.699384
v -1.929618 0.335626 -2.689860
v -1.927949 0.469292 -2.682740
v -1.925273 0.602691 -2.673059
v -1.917578 0.734573 -2.653726
v -1.904757 0.863275 -2.621601
v -1.893741 0.992006 -2.588795
v -1.788012 0.069436 -2.802282
v -1.785922 0.203761 -2.796793
v -1.782142 0.337836 -2.787373
v -1.776723 0.471530 -2.774089
v -1.769208 0.604531 -2.755791
v -1.759626 0.736552 -2.732108
v -1.748154 0.867157 -2.702258
v -1.734857 0.995761 -2.665308
v -1.852479 0.069269 -2.767747
v -1.849163 0.203282 -2.760008
v -1.845486 0.337159 -2.750838
v -1.841989 0.471035 -2.741111
v -1.836604 0.604539 -2.727323
v -1.827894 0.736948 -2.705907
v -1.816013 0.867107 -2.675000
v -1.801312 0.994272 -2.635312
v -1.682548 0.069675 -2.854172
v -1.680847 0.204236 -2.849456
v -1.676369 0.338342 -2.838544
v -1.668339 0.471325 -2.819471
v -1.658296 0.603180 -2.794639
v -1.647120 0.734151 -2.766033
v -1.634933 0.864110 -2.733582
v -1.621519 0.992457 -2.695741
v -1.549752 0.069622 -2.886987
v -1.549642 0.203954 -2.887974
v -1.549250 0.338411 -2.888734
v -1.538980 0.470156 -2.863805
v -1.527323 0.600785 -2.834079
v -1.515119 0.730795 -2.801922
v -1.502236 0.859981 -2.766835
v -1.488236 0.987433 -2.726332
v -1.440869 0.069468 -2.807431
v -1.444124 0.203417 -2.804327
v -1.452023 0.336766 -2.796094
v -1.407481 0.455730 -2.838117
v -1.392938 0.589004 -2.833288
v -1.381145 0.721534 -2.814849
v -1.369325 0.852798 -2.788663
v -1.356090 0.981629 -2.752697
v -2.266182 1.137216 -2.878671
v -2.260180 1.271239 -2.885227
v -2.248122 1.404537 -2.895247
v -2.236928 1.473797 -2.905333
v -2.296213 1.134602 -2.968303
v -2.302511 1.268676 -2.969783
v -2.292484 1.402614 -2.976522
v -2.260638 1.476284 -2.986956
v -2.345722 1.129905 -3.123232
v -2.363169 1.263073 -3.120813
v -2.358288 1.397971 -3.123023
v -2.302469 1.474235 -3.136367
v -2.386193 1.126742 -3.275583
v -2.410031 1.258979 -3.271441
v -2.415467 1.393607 -3.270808
v -2.347423 1.470157 -3.284609
v -2.419796 1.125342 -3.427193
v -2.445303 1.257276 -3.422698
v -2.458017 1.391143 -3.420740
v -2.385002 1.467487 -3.434076
v -2.150405 1.140619 -2.700012
v -2.130543 1.272603 -2.716152
v -2.107725 1.403594 -2.736231
v -2.085316 1.475654 -2.763136
v -2.222284 1.139409 -2.800886
v -2.209311 1.272647 -2.811767
v -2.190127 1.404858 -2.825811
v -2.150608 1.477424 -2.863211
v -2.181580 1.453606 -3.001320
v -2.205157 1.455400 -3.153912
v -2.234203 1.440648 -3.304832
v -2.263684 1.426693 -3.455586
v -2.000689 1.134105 -2.574667
v -1.982343 1.266359 -2.587890
v -1.955374 1.395461 -2.612312
v -1.930548 1.466163 -2.638269
v -2.078045 1.138728 -2.627887
v -2.056166 1.270118 -2.646102
v -2.031956 1.400267 -2.669170
v -1.991320 1.471012 -2.726314
v -2.020656 1.457314 -2.875397
v -2.052405 1.424249 -3.023170
v -2.080482 1.409872 -3.174596
v -2.108251 1.399488 -3.326315
v -2.136271 1.390328 -3.478226
v -1.885116 1.122357 -2.560530
v -1.875906 1.254508 -2.540547
v -1.857529 1.386487 -2.557370
v -1.844953 1.446945 -2.630510
v -1.863981 1.440934 -2.745426
v -1.895195 1.413661 -2.894462
v -1.923478 1.394628 -3.045249
v -1.951007 1.382350 -3.196942
v -1.978374 1.373640 -3.349056
v -2.005566 1.369079 -3.501487
v -1.720053 1.121722 -2.620709
v -1.702070 1.240830 -2.561686
v -1.686256 1.366708 -2.517759
v -1.666371 1.441728 -2.533903
v -1.785451 1.118714 -2.588761
v -1.772672 1.244507 -2.544528
v -1.762343 1.375632 -2.515678
v -1.715220 1.410216 -2.607796
v -1.741388 1.390281 -2.764260
v -1.767559 1.378417 -2.915717
v -1.793532 1.369851 -3.067633
v -1.820149 1.362163 -3.219759
v -1.846972 1.357088 -3.372143
v -1.873790 1.355873 -3.524741
v -1.605970 1.117136 -2.647912
v -1.586935 1.232277 -2.581259
v -1.571132 1.353840 -2.526126
v -1.569555 1.440295 -2.542025
v -1.584648 1.441547 -2.641668
v -1.609632 1.396195 -2.787719
v -1.635530 1.368167 -2.937889
v -1.661763 1.355887 -3.090052
v -1.688224 1.349876 -3.242583
v -1.714889 1.347035 -3.395195
v -1.741590 1.347532 -3.547853
v -1.472127 1.110535 -2.674747
v -1.452627 1.222766 -2.603336
v -1.436925 1.342534 -2.542823
v -1.436393 1.434528 -2.558081
v -1.452459 1.432795 -2.662586
v -1.477679 1.393993 -2.810371
v -1.503269 1.366191 -2.960644
v -1.529332 1.352153 -3.112751
v -1.555793 1.345313 -3.265313
v -1.582473 1.342487 -3.417985
v -1.609172 1.343339 -3.570709
v -1.340390 1.105409 -2.702633
v -1.321163 1.218136 -2.631928
v -1.304098 1.334467 -2.564605
v -1.303259 1.429955 -2.575103
v -1.320830 1.415796 -2.681442
v -1.345613 1.384327 -2.831129
v -1.370845 1.365466 -2.982873
v -1.396858 1.353900 -3.135217
v -1.423326 1.347046 -3.287780
v -1.450072 1.344899 -3.440451
v -1.476838 1.348089 -3.593115
v -2.266781 0.068195 -3.610996
v -2.273047 0.202511 -3.610222
v -2.285848 0.336354 -3.608363
v -2.304772 0.469448 -3.605357
v -2.328758 0.601685 -3.601291
v -2.357131 0.733005 -3.596270
v -2.389218 0.863396 -3.590390
v -2.422372 0.993492 -3.584282
v -2.293286 0.067815 -3.766387
v -2.305836 0.201591 -3.764390
v -2.325213 0.334493 -3.760970
v -2.348310 0.466720 -3.756806
v -2.374672 0.598262 -3.751952
v -2.403435 0.729315 -3.746730
v -2.431511 0.860628 -3.742013
v -2.455276 0.992907 -3.738314
v -2.331254 0.067159 -3.924750
v -2.349176 0.200006 -3.921297
v -2.371641 0.332025 -3.916934
v -2.393327 0.464206 -3.913188
v -2.415038 0.596453 -3.909628
v -2.436204 0.728862 -3.906168
v -2.454869 0.861706 -3.903137
v -2.467569 0.995462 -3.900627
v -2.370023 0.065514 -4.013237
v -2.385489 0.198110 -4.010769
v -2.399561 0.331026 -4.009439
v -2.413527 0.464062 -4.007744
v -2.425901 0.597270 -4.005726
v -2.434802 0.730785 -4.002826
v -2.440477 0.864484 -3.998669
v -2.443007 0.998291 -3.994017
v -2.381311 0.066741 -4.101750
v -2.383421 0.199990 -4.100025
v -2.386739 0.333373 -4.097800
v -2.388788 0.466930 -4.093511
v -2.389208 0.600606 -4.087059
v -2.387743 0.734251 -4.078623
v -2.383661 0.867628 -4.067458
v -2.377236 1.000777 -4.054307
v -2.310541 0.067512 -4.202463
v -2.308962 0.201909 -4.197999
v -2.306265 0.336148 -4.190856
v -2.302374 0.470137 -4.181066
v -2.297527 0.603757 -4.169174
v -2.292205 0.737146 -4.156361
v -2.286309 0.870422 -4.142906
v -2.283235 1.004162 -4.133893
v -2.216248 0.067623 -4.241475
v -2.214754 0.201944 -4.237174
v -2.212090 0.336062 -4.230120
v -2.208647 0.469988 -4.221413
v -2.205197 0.603858 -4.212656
v -2.202796 0.737846 -4.205529
v -2.203366 0.872046 -4.202260
v -2.211609 1.006053 -4.206501
v -2.127637 0.067542 -4.272463
v -2.127011 0.201798 -4.270560
v -2.125996 0.336057 -4.267569
v -2.125355 0.470381 -4.264729
v -2.126343 0.604808 -4.263562
v -2.130556 0.739180 -4.265366
v -2.139787 0.873194 -4.271164
v -2.155602 1.006285 -4.281764
v -2.031214 0.067795 -4.343235
v -2.032648 0.202371 -4.344028
v -2.035441 0.336920 -4.345658
v -2.040169 0.471391 -4.348607
v -2.047348 0.605696 -4.353267
v -2.057591 0.739692 -4.360027
v -2.071152 0.873222 -4.369053
v -2.088501 1.006062 -4.380782
v -1.988562 0.067732 -4.430022
v -1.990273 0.202156 -4.430935
v -1.993620 0.336469 -4.432830
v -1.999323 0.470601 -4.436267
v -2.007512 0.604528 -4.441414
v -2.017714 0.738214 -4.448123
v -2.029752 0.871600 -4.456396
v -2.044501 1.004477 -4.466745
v -1.968684 0.067492 -4.501441
v -1.969695 0.201607 -4.502151
v -1.972137 0.335700 -4.503768
v -1.976657 0.469688 -4.506825
v -1.983036 0.603493 -4.511348
v -1.991080 0.737059 -4.517218
v -2.000948 0.870375 -4.524563
v -2.012267 1.003527 -4.533292
v -1.911880 0.067515 -4.614396
v -1.911837 0.201697 -4.614567
v -1.912260 0.335778 -4.615090
v -1.913558 0.469771 -4.616298
v -1.915588 0.603735 -4.618146
v -1.917841 0.737751 -4.620110
v -1.919894 0.871870 -4.621435
v -1.922005 1.006083 -4.621641
v -1.798831 0.067593 -4.690758
v -1.798603 0.202058 -4.690571
v -1.797990 0.336510 -4.689502
v -1.797016 0.470929 -4.687130
v -1.795945 0.605225 -4.683645
v -1.794816 0.739403 -4.679039
v -1.793552 0.873496 -4.672904
v -1.792562 1.007475 -4.664607
v -1.665206 0.067591 -4.707563
v -1.665195 0.202035 -4.708663
v -1.664911 0.336487 -4.709393
v -1.663931 0.470919 -4.707093
v -1.662416 0.605206 -4.700778
v -1.660625 0.739152 -4.690737
v -1.658934 0.872762 -4.678319
v -1.657800 1.006271 -4.665203
v -2.450078 1.124915 -3.579418
v -2.470190 1.257744 -3.575931
v -2.473591 1.392398 -3.575651
v -2.401816 1.466435 -3.587212
v -2.471556 1.126351 -3.735573
v -2.480221 1.260501 -3.733260
v -2.471289 1.395259 -3.734127
v -2.410891 1.469431 -3.741772
v -2.473074 1.129797 -3.898273
v -2.471060 1.264211 -3.895815
v -2.458604 1.398095 -3.894358
v -2.422853 1.471457 -3.896267
v -2.444788 1.132150 -3.990562
v -2.450585 1.265942 -3.990272
v -2.441371 1.399432 -3.987443
v -2.429626 1.469674 -3.981861
v -2.290077 1.427611 -3.607507
v -2.315009 1.440481 -3.759098
v -2.344092 1.444701 -3.910419
v -2.378087 1.134648 -4.049736
v -2.396861 1.266752 -4.061535
v -2.408830 1.399939 -4.072061
v -2.362185 1.475412 -4.049920
v -2.293379 1.137776 -4.139074
v -2.321288 1.267512 -4.158659
v -2.350918 1.397043 -4.178185
v -2.335573 1.474756 -4.165811
v -2.163398 1.389161 -3.630681
v -2.189450 1.399032 -3.783038
v -2.214503 1.418366 -3.934524
v -2.235404 1.458538 -4.082354
v -2.231803 1.138180 -4.220351
v -2.263405 1.266983 -4.242406
v -2.296984 1.395347 -4.263795
v -2.258935 1.481932 -4.231115
v -2.179979 1.137422 -4.298447
v -2.214720 1.265058 -4.322477
v -2.241922 1.395265 -4.341639
v -2.232697 1.473897 -4.334356
v -2.032330 1.370485 -3.654102
v -2.058456 1.379972 -3.806543
v -2.083954 1.396829 -3.958351
v -2.108241 1.424539 -4.108737
v -2.130169 1.464637 -4.256450
v -2.111467 1.137619 -4.396341
v -2.143620 1.266232 -4.418568
v -2.164086 1.399016 -4.426883
v -2.152484 1.478427 -4.372857
v -1.900347 1.359433 -3.677370
v -1.926531 1.368370 -3.829844
v -1.952357 1.382671 -3.981954
v -1.977834 1.403099 -4.133375
v -2.002628 1.433124 -4.283193
v -2.065101 1.136163 -4.480953
v -2.083681 1.268422 -4.494321
v -2.092751 1.402594 -4.494334
v -2.033962 1.479917 -4.436267
v -2.022893 1.136911 -4.541725
v -2.030602 1.270863 -4.545923
v -2.031035 1.404853 -4.539135
v -2.010835 1.482015 -4.526640
v -1.768091 1.352072 -3.700508
v -1.794286 1.361110 -3.853034
v -1.820206 1.374327 -4.005296
v -1.845977 1.391832 -4.157133
v -1.871593 1.417421 -4.307818
v -1.894754 1.464861 -4.453377
v -1.923073 1.140316 -4.619154
v -1.922346 1.274423 -4.611110
v -1.919562 1.407600 -4.592073
v -1.913170 1.487677 -4.551814
v -1.635674 1.348400 -3.723417
v -1.661859 1.358148 -3.875982
v -1.687767 1.371811 -4.028276
v -1.713558 1.388536 -4.180256
v -1.739423 1.410481 -4.331534
v -1.765022 1.446783 -4.480036
v -1.791900 1.141363 -4.656268
v -1.791281 1.275346 -4.649133
v -1.789491 1.409097 -4.629961
v -1.782102 1.487737 -4.577797
v -1.503469 1.356298 -3.745615
v -1.529750 1.368203 -3.897929
v -1.555661 1.382285 -4.050101
v -1.581285 1.398690 -4.202065
v -1.607254 1.421830 -4.353072
v -1.633870 1.461876 -4.500159
v -1.657311 1.139957 -4.655868
v -1.657142 1.273747 -4.661421
v -1.657167 1.408839 -4.655191
v -1.651372 1.491196 -4.604378
v -0.644534 0.073945 5.043143
v -0.639246 0.207933 5.045346
v -0.635060 0.342013 5.047319
v -0.632287 0.476144 5.048835
v -0.630269 0.610290 5.050274
v -0.628799 0.744440 5.051746
v -0.628713 0.878649 5.053118
v -0.633092 1.012932 5.053190
v -0.591348 0.073688 4.946657
v -0.586745 0.207801 4.948480
v -0.583055 0.341947 4.950176
v -0.580410 0.476144 4.951620
v -0.578317 0.610438 4.953102
v -0.577006 0.744860 4.954549
v -0.577747 0.879308 4.955616
v -0.582532 1.013673 4.955597
v -0.520372 0.073060 4.808777
v -0.517842 0.207356 4.809551
v -0.516150 0.341687 4.810288
v -0.515149 0.476077 4.811020
v -0.514663 0.610513 4.811838
v -0.515072 0.744959 4.812627
v -0.517866 0.879375 4.812885
v -0.530354 1.013124 4.810055
v -0.809910 0.073625 5.480937
v -0.810181 0.207785 5.481107
v -0.810745 0.341945 5.481266
v -0.811110 0.476111 5.481314
v -0.811670 0.610290 5.481109
v -0.812503 0.744498 5.480541
v -0.813144 0.878784 5.479496
v -0.812263 1.013177 5.477733
v -0.788622 0.073726 5.379578
v -0.787513 0.207713 5.380054
v -0.786998 0.341703 5.380473
v -0.787205 0.475661 5.380568
v -0.788544 0.609569 5.380214
v -0.791502 0.743403 5.379227
v -0.796704 0.877120 5.377361
v -0.803994 1.010760 5.374586
v -0.737390 0.073751 5.224566
v -0.734120 0.207536 5.225780
v -0.731865 0.341343 5.226804
v -0.730995 0.475140 5.227303
v -0.731597 0.608883 5.227265
v -0.733622 0.742538 5.226686
v -0.738045 0.876028 5.225203
v -0.747237 1.009106 5.221759
v -0.683031 0.073940 5.111258
v -0.678006 0.207839 5.113307
v -0.674065 0.341784 5.115170
v -0.671700 0.475770 5.116454
v -0.670491 0.609772 5.117410
v -0.670115 0.743779 5.118208
v -0.671252 0.877780 5.118755
v -0.676249 1.011690 5.118299
v -0.736938 0.073142 5.674483
v -0.737202 0.207414 5.674488
v -0.737713 0.341662 5.674456
v -0.738460 0.475906 5.674598
v -0.739209 0.610185 5.674903
v -0.738962 0.744579 5.674870
v -0.736648 0.879006 5.673954
v -0.731202 1.013337 5.671672
v -0.800296 0.073362 5.569143
v -0.800765 0.207611 5.569327
v -0.801478 0.341908 5.569493
v -0.802007 0.476321 5.569559
v -0.801660 0.610780 5.569240
v -0.799924 0.745262 5.568335
v -0.796189 0.879737 5.566566
v -0.789365 1.014097 5.563433
v -0.564090 0.072728 5.762150
v -0.562962 0.206951 5.759012
v -0.561913 0.341047 5.755060
v -0.561126 0.475002 5.750889
v -0.560647 0.608788 5.746073
v -0.561331 0.742517 5.745172
v -0.565326 0.875252 5.759465
v -0.571611 1.007134 5.779766
v -0.654111 0.073001 5.731761
v -0.653612 0.207280 5.730579
v -0.653316 0.341442 5.729201
v -0.653282 0.475479 5.727988
v -0.653684 0.609343 5.727573
v -0.654821 0.743042 5.729693
v -0.656775 0.876624 5.734941
v -0.657769 1.010410 5.740389
v -0.645700 1.146677 5.049893
v -0.675440 1.277245 5.037566
v -0.736219 1.394901 5.014134
v -0.806957 1.402026 5.023846
v -0.596613 1.147321 4.951819
v -0.658548 1.264643 4.930042
v -0.769989 1.339328 4.925534
v -0.839744 1.365111 4.938071
v -0.583716 1.135897 4.798522
v -0.695577 1.209270 4.791056
v -0.819210 1.260115 4.801263
v -0.872109 1.319612 4.794458
v -0.807605 1.147507 5.474719
v -0.794138 1.281122 5.468393
v -0.777889 1.414177 5.460874
v -0.767203 1.486687 5.452148
v -0.810716 1.144553 5.371302
v -0.811978 1.278484 5.366547
v -0.796006 1.411727 5.361274
v -0.769362 1.491264 5.362341
v -0.764980 1.141154 5.214698
v -0.786590 1.272591 5.205475
v -0.807997 1.405217 5.200511
v -0.774299 1.496545 5.207558
v -0.688137 1.145057 5.115494
v -0.707247 1.277550 5.108639
v -0.781291 1.385340 5.077997
v -0.801422 1.481704 5.050287
v -0.799157 1.423278 4.910530
v -0.807431 1.358217 4.771428
v -0.720310 1.147277 5.666889
v -0.704608 1.280609 5.659781
v -0.683780 1.412951 5.648204
v -0.658854 1.487136 5.627528
v -0.778206 1.148098 5.558424
v -0.762519 1.281484 5.551311
v -0.741688 1.414148 5.543849
v -0.695304 1.491025 5.514915
v -0.683281 1.490041 5.368219
v -0.670080 1.479630 5.214196
v -0.663271 1.453908 5.061504
v -0.666279 1.402783 4.915162
v -0.676158 1.331536 4.778147
v -0.576429 1.139908 5.796504
v -0.575635 1.273732 5.805765
v -0.562908 1.407342 5.802093
v -0.540152 1.482703 5.786067
v -0.654911 1.144443 5.743332
v -0.644774 1.278187 5.740750
v -0.626328 1.410786 5.730216
v -0.576584 1.488294 5.685317
v -0.565688 1.471621 5.532880
v -0.557301 1.445866 5.380743
v -0.545874 1.430772 5.227312
v -0.536736 1.410267 5.074072
v -0.537727 1.364670 4.926005
v -0.547591 1.294374 4.788612
v -0.458536 0.072458 4.666716
v -0.458326 0.206907 4.666531
v -0.458867 0.341352 4.666409
v -0.459903 0.475795 4.666418
v -0.461526 0.610230 4.666501
v -0.464779 0.744629 4.666294
v -0.473875 0.878647 4.664481
v -0.505237 1.008935 4.657733
v -0.411394 0.071903 4.519123
v -0.412129 0.206387 4.518681
v -0.413767 0.340846 4.518292
v -0.416292 0.475278 4.517908
v -0.420447 0.609654 4.517287
v -0.429186 0.743716 4.515611
v -0.451485 0.876012 4.511215
v -0.509011 0.997110 4.503814
v -0.376508 0.071390 4.368143
v -0.377168 0.205864 4.367725
v -0.379117 0.340302 4.367298
v -0.383015 0.474668 4.366653
v -0.390960 0.608761 4.365225
v -0.408356 0.741849 4.362082
v -0.445207 0.870903 4.356560
v -0.513073 0.986542 4.349888
v -0.347722 0.070919 4.215857
v -0.348294 0.205367 4.215462
v -0.350718 0.339744 4.214967
v -0.356585 0.473914 4.213983
v -0.369678 0.607517 4.211753
v -0.395971 0.739159 4.207711
v -0.442440 0.865070 4.201932
v -0.516733 0.976769 4.195900
v -0.321354 0.070474 4.063107
v -0.321953 0.204884 4.062715
v -0.325138 0.339149 4.062118
v -0.333580 0.473125 4.060750
v -0.352239 0.606070 4.057807
v -0.386643 0.735865 4.053169
v -0.440766 0.858790 4.047377
v -0.518877 0.968061 4.041721
v -0.296237 0.070037 3.910125
v -0.296764 0.204393 3.909753
v -0.300795 0.338591 3.909057
v -0.312240 0.472326 3.907284
v -0.336783 0.604294 3.903744
v -0.378874 0.731747 3.898645
v -0.440135 0.851232 3.892870
v -0.522224 0.957540 3.887611
v -0.272027 0.069616 3.756972
v -0.272310 0.203938 3.756654
v -0.277326 0.338082 3.755855
v -0.292486 0.471445 3.753618
v -0.323809 0.601951 3.749504
v -0.374068 0.726409 3.744115
v -0.442847 0.841747 3.738489
v -0.529557 0.944339 3.733784
v -0.248518 0.069203 3.603688
v -0.248484 0.203507 3.603440
v -0.254879 0.337578 3.602501
v -0.274857 0.470305 3.599739
v -0.314106 0.598649 3.595104
v -0.373073 0.719260 3.589662
v -0.448953 0.830106 3.584346
v -0.538897 0.929916 3.580190
v -0.605761 1.097622 4.651421
v -0.730539 1.147057 4.654590
v -0.844427 1.218494 4.654001
v -0.903646 1.273371 4.651155
v -0.615801 1.078320 4.499394
v -0.738838 1.132058 4.500780
v -0.852385 1.203815 4.499936
v -0.893549 1.273347 4.496984
v -0.619855 1.067860 4.346216
v -0.740586 1.126489 4.346191
v -0.852304 1.201130 4.344943
v -0.882994 1.276222 4.343345
v -0.620378 1.062241 4.192490
v -0.739142 1.124728 4.191679
v -0.849181 1.201870 4.190032
v -0.873648 1.279186 4.189408
v -0.620401 1.056150 4.038560
v -0.736459 1.123730 4.037388
v -0.844008 1.204233 4.035463
v -0.864882 1.282612 4.035222
v -0.624077 1.045163 3.884706
v -0.737289 1.117567 3.883252
v -0.838002 1.206559 3.881104
v -0.856320 1.285645 3.880861
v -0.632012 1.031300 3.731189
v -0.740326 1.110846 3.729178
v -0.832623 1.208495 3.726891
v -0.847791 1.288276 3.726492
v -0.639982 1.018480 3.577607
v -0.742946 1.104883 3.575088
v -0.827633 1.209267 3.572662
v -0.839686 1.289643 3.572049
v -0.823809 1.259581 4.655026
v -0.812491 1.267656 4.501699
v -0.802054 1.271852 4.347672
v -0.792602 1.276525 4.193481
v -0.783904 1.278480 4.039131
v -0.775537 1.278893 3.884691
v -0.767320 1.278401 3.730207
v -0.759570 1.276839 3.575694
v -0.691929 1.237912 4.656270
v -0.697385 1.198205 4.507092
v -0.689184 1.198892 4.352831
v -0.680888 1.201817 4.198659
v -0.673581 1.201757 4.044347
v -0.667185 1.199527 3.889985
v -0.661128 1.196238 3.735625
v -0.655469 1.192018 3.581212
v -0.560210 1.214430 4.656888
v -0.568655 1.159760 4.512544
v -0.567851 1.141345 4.359065
v -0.565021 1.133936 4.204764
v -0.562172 1.126852 4.050379
v -0.559175 1.119809 3.895893
v -0.555778 1.113029 3.741377
v -0.552237 1.106203 3.586873
v -0.225555 0.068786 3.450304
v -0.225327 0.203079 3.450109
v -0.233839 0.337026 3.448953
v -0.260028 0.468665 3.445620
v -0.308285 0.593911 3.440626
v -0.376065 0.709853 3.435429
v -0.457854 0.816440 3.430527
v -0.549208 0.914940 3.426726
v -0.203148 0.068349 3.296818
v -0.203073 0.202638 3.296631
v -0.214710 0.336342 3.295164
v -0.248684 0.466180 3.291280
v -0.306946 0.587119 3.286214
v -0.383222 0.697723 3.281564
v -0.469656 0.800593 3.277189
v -0.561283 0.898784 3.273546
v -0.181498 0.067883 3.143203
v -0.182137 0.202160 3.142955
v -0.198195 0.335387 3.141085
v -0.241710 0.462321 3.136791
v -0.310762 0.577453 3.132089
v -0.394441 0.682544 3.128206
v -0.483733 0.782927 3.124341
v -0.574380 0.882046 3.120558
v -0.160909 0.067384 2.989420
v -0.163147 0.201615 2.989013
v -0.185271 0.333934 2.986678
v -0.239622 0.456585 2.982300
v -0.317830 0.565713 2.978268
v -0.405335 0.667631 2.974786
v -0.494248 0.768368 2.970927
v -0.582444 0.869717 2.966769
v -0.141744 0.066864 2.835428
v -0.146888 0.200980 2.834747
v -0.176273 0.331867 2.832009
v -0.238955 0.450495 2.827899
v -0.320789 0.556844 2.824165
v -0.406466 0.660128 2.820490
v -0.490989 0.764401 2.816559
v -0.576304 0.868023 2.812366
v -0.124403 0.066353 2.681194
v -0.133887 0.200201 2.680165
v -0.170200 0.329358 2.677245
v -0.236473 0.446047 2.673443
v -0.316181 0.554007 2.669863
v -0.395812 0.662004 2.666425
v -0.474098 0.770998 2.663176
v -0.557099 0.876389 2.659332
v -0.109345 0.065889 2.526696
v -0.124271 0.199231 2.525338
v -0.166176 0.326745 2.522460
v -0.231710 0.443885 2.518961
v -0.305990 0.555715 2.515775
v -0.379313 0.668202 2.512992
v -0.453879 0.779875 2.510274
v -0.535758 0.886246 2.506661
v -0.096754 0.065527 2.371957
v -0.116936 0.198235 2.370400
v -0.162450 0.324603 2.367659
v -0.225587 0.443158 2.364520
v -0.294623 0.558404 2.361789
v -0.364069 0.673414 2.359389
v -0.436866 0.786325 2.356829
v -0.518200 0.893216 2.353323
v -0.647631 1.006385 3.423944
v -0.745668 1.098260 3.421027
v -0.824159 1.207309 3.418410
v -0.832314 1.288131 3.417620
v -0.656250 0.993720 3.270374
v -0.748720 1.091166 3.267015
v -0.820900 1.204441 3.264182
v -0.827097 1.285414 3.263286
v -0.665024 0.981218 3.116738
v -0.751238 1.084319 3.112961
v -0.817432 1.201249 3.109941
v -0.821868 1.282419 3.109051
v -0.669236 0.972301 2.962541
v -0.749932 1.079771 2.958693
v -0.810243 1.199887 2.955811
v -0.813315 1.281125 2.954995
v -0.662429 0.971063 2.808126
v -0.742457 1.079026 2.804465
v -0.801112 1.199984 2.801832
v -0.804258 1.281223 2.801088
v -0.644700 0.977957 2.654833
v -0.729031 1.082437 2.650785
v -0.792584 1.200879 2.647941
v -0.795539 1.282105 2.647283
v -0.625191 0.986281 2.501971
v -0.714394 1.086610 2.497414
v -0.783718 1.201756 2.494185
v -0.789458 1.282838 2.493244
v -0.609177 0.991988 2.348649
v -0.701930 1.089072 2.343960
v -0.774102 1.202399 2.340551
v -0.782272 1.283271 2.339272
v -0.752378 1.274234 3.421211
v -0.747822 1.268342 3.266971
v -0.743052 1.263248 3.112803
v -0.734364 1.262743 2.958777
v -0.725189 1.263360 2.804751
v -0.716468 1.264015 2.650596
v -0.711089 1.261963 2.496195
v -0.703666 1.263251 2.341877
v -0.650918 1.186289 3.426780
v -0.648054 1.178564 3.272406
v -0.645374 1.171094 3.118007
v -0.639966 1.167210 2.963572
v -0.632319 1.166276 2.809176
v -0.625648 1.164945 2.654733
v -0.621161 1.162180 2.500221
v -0.613554 1.163506 2.345820
v -0.549214 1.098741 3.432400
v -0.546862 1.090490 3.277915
v -0.544832 1.082217 3.123338
v -0.542457 1.074964 2.968652
v -0.539250 1.069492 2.813879
v -0.535503 1.065361 2.659095
v -0.531143 1.062577 2.504339
v -0.525986 1.061633 2.349640
v -0.086322 0.065272 2.217041
v -0.110463 0.197372 2.215441
v -0.158072 0.323021 2.212870
v -0.219319 0.442643 2.210090
v -0.285176 0.559799 2.207650
v -0.352312 0.676206 2.205407
v -0.423871 0.789923 2.202887
v -0.505100 0.896932 2.199425
v -0.077444 0.065079 2.062018
v -0.104141 0.196693 2.060490
v -0.153137 0.321823 2.058109
v -0.213717 0.441813 2.055628
v -0.277709 0.559995 2.053364
v -0.343257 0.677279 2.051196
v -0.413939 0.791519 2.048689
v -0.495532 0.898264 2.045253
v -0.069844 0.064929 1.906917
v -0.097921 0.196254 1.905540
v -0.147661 0.321095 1.903392
v -0.207828 0.441259 1.901132
v -0.270901 0.559888 1.898995
v -0.335589 0.677603 1.896881
v -0.405918 0.792027 1.894411
v -0.488347 0.898132 1.890943
v -0.063432 0.064812 1.751756
v -0.091763 0.196081 1.750583
v -0.141310 0.320990 1.748694
v -0.201048 0.441338 1.746619
v -0.263828 0.560100 1.744586
v -0.328401 0.677884 1.742527
v -0.399055 0.792156 1.740148
v -0.482384 0.897529 1.736587
v -0.058181 0.064719 1.596548
v -0.085732 0.196155 1.595610
v -0.134250 0.321466 1.593994
v -0.193473 0.442061 1.592100
v -0.256344 0.560782 1.590170
v -0.321424 0.678320 1.588189
v -0.393006 0.792060 1.585852
v -0.477500 0.896556 1.582201
v -0.054123 0.064642 1.441304
v -0.080042 0.196418 1.440608
v -0.126864 0.322382 1.439270
v -0.185581 0.443221 1.437567
v -0.248927 0.561699 1.435751
v -0.315029 0.678687 1.433858
v -0.388036 0.791511 1.431522
v -0.473715 0.895027 1.427879
v -0.051356 0.064568 1.286041
v -0.075105 0.196766 1.285563
v -0.119762 0.323461 1.284495
v -0.178172 0.444409 1.282994
v -0.242383 0.562364 1.281301
v -0.309726 0.678574 1.279492
v -0.383899 0.790561 1.277172
v -0.470136 0.893517 1.273647
v -0.050039 0.064488 1.130775
v -0.071711 0.197066 1.130472
v -0.114197 0.324450 1.129647
v -0.172266 0.445488 1.128324
v -0.237173 0.562966 1.126798
v -0.304987 0.678813 1.125111
v -0.378935 0.790858 1.122865
v -0.464755 0.893987 1.119517
v -0.597738 0.994218 2.194800
v -0.693732 1.088159 2.190247
v -0.770935 1.198066 2.186752
v -0.780137 1.278775 2.185233
v -0.589993 0.993788 2.040667
v -0.688354 1.085331 2.036384
v -0.768709 1.192961 2.032980
v -0.779559 1.273438 2.031313
v -0.584326 0.992143 1.886467
v -0.684372 1.081852 1.882378
v -0.767345 1.187497 1.879169
v -0.780169 1.267667 1.877433
v -0.579490 0.990360 1.732250
v -0.680899 1.078525 1.728247
v -0.766676 1.181931 1.725271
v -0.781498 1.261735 1.723535
v -0.575335 0.988588 1.578022
v -0.677810 1.075482 1.574015
v -0.766447 1.176466 1.571240
v -0.783031 1.255901 1.569579
v -0.572095 0.986455 1.423781
v -0.675365 1.072361 1.419721
v -0.766169 1.171401 1.417027
v -0.784222 1.250510 1.415541
v -0.568951 0.984408 1.269545
v -0.672940 1.069365 1.265402
v -0.765083 1.167194 1.262609
v -0.784564 1.245981 1.261400
v -0.564075 0.984208 1.115346
v -0.669101 1.067816 1.110977
v -0.762550 1.164378 1.107971
v -0.783629 1.242765 1.107139
v -0.701210 1.260024 2.187355
v -0.700460 1.255592 2.032969
v -0.700933 1.250535 1.878746
v -0.702113 1.245370 1.724683
v -0.703424 1.240692 1.570757
v -0.704279 1.237189 1.416929
v -0.704198 1.235502 1.263162
v -0.702858 1.236112 1.109427
v -0.609280 1.162005 2.191277
v -0.607654 1.158469 2.036772
v -0.606923 1.154609 1.882367
v -0.606008 1.151565 1.728054
v -0.604612 1.149761 1.573818
v -0.602305 1.149843 1.419672
v -0.599062 1.152037 1.265645
v -0.594870 1.156445 1.111764
v -0.521528 1.060258 2.194949
v -0.517775 1.058609 2.040257
v -0.514141 1.057462 1.885588
v -0.510310 1.057322 1.730954
v -0.506152 1.058433 1.576371
v -0.501674 1.060945 1.421881
v -0.496732 1.065157 1.267529
v -0.491037 1.071467 1.113367
v -0.050408 0.064391 0.975531
v -0.070505 0.197206 0.975359
v -0.111254 0.325093 0.974733
v -0.168361 0.446525 0.973650
v -0.232820 0.564198 0.972273
v -0.299407 0.680655 0.970767
v -0.371262 0.793917 0.968789
v -0.456037 0.897824 0.965570
v -0.052771 0.064271 0.820338
v -0.071184 0.197292 0.820265
v -0.109788 0.325755 0.819835
v -0.165098 0.447920 0.819006
v -0.227727 0.566480 0.817829
v -0.291498 0.684434 0.816598
v -0.359923 0.799764 0.815047
v -0.443114 0.904970 0.811951
v -0.057402 0.064135 0.665238
v -0.073581 0.197423 0.665217
v -0.108882 0.326782 0.664986
v -0.161036 0.450286 0.664430
v -0.220521 0.570428 0.663517
v -0.280598 0.690314 0.662679
v -0.345469 0.807751 0.661629
v -0.427413 0.914073 0.658672
v -0.064394 0.063987 0.510279
v -0.077820 0.197587 0.510244
v -0.108413 0.328144 0.510173
v -0.155624 0.453642 0.509927
v -0.210749 0.575899 0.509370
v -0.267212 0.697612 0.508955
v -0.329844 0.816400 0.508261
v -0.411449 0.923201 0.505427
v -0.073561 0.063809 0.355488
v -0.084128 0.197703 0.355375
v -0.109094 0.329509 0.355375
v -0.149734 0.457359 0.355432
v -0.199541 0.581972 0.355286
v -0.253016 0.705145 0.355196
v -0.314943 0.824443 0.354630
v -0.396507 0.931306 0.351941
v -0.084367 0.063618 0.200854
v -0.092525 0.197703 0.200635
v -0.111994 0.330502 0.200594
v -0.145424 0.460503 0.200823
v -0.189450 0.587365 0.201015
v -0.240278 0.711743 0.201122
v -0.301634 0.831366 0.200630
v -0.382401 0.938827 0.198246
v -0.095990 0.063411 0.046324
v -0.102604 0.197555 0.046020
v -0.117727 0.330947 0.045873
v -0.144634 0.462485 0.046076
v -0.182916 0.591226 0.046426
v -0.230689 0.716828 0.046678
v -0.290480 0.837237 0.046357
v -0.369137 0.946253 0.044434
v -0.107409 0.063167 -0.108183
v -0.113528 0.197272 -0.108500
v -0.126001 0.330905 -0.108758
v -0.147904 0.463326 -0.108712
v -0.180787 0.593492 -0.108389
v -0.224668 0.720422 -0.108044
v -0.281637 0.842093 -0.108127
v -0.357018 0.953331 -0.109531
v -0.556085 0.987221 0.961258
v -0.662875 1.068451 0.956528
v -0.757851 1.163311 0.953185
v -0.781178 1.241066 0.952781
v -0.544044 0.993308 0.807527
v -0.652632 1.072026 0.802331
v -0.750152 1.164177 0.798502
v -0.777199 1.240724 0.798375
v -0.529365 1.001361 0.654117
v -0.639261 1.078274 0.648448
v -0.740140 1.166752 0.644017
v -0.771918 1.241463 0.643945
v -0.513925 1.010035 0.500752
v -0.624640 1.085895 0.494711
v -0.728640 1.170769 0.489685
v -0.765330 1.243216 0.489482
v -0.498535 1.018746 0.347292
v -0.609577 1.094276 0.341008
v -0.716000 1.176206 0.335443
v -0.757089 1.246318 0.334991
v -0.483207 1.027682 0.193737
v -0.594063 1.103492 0.187319
v -0.702071 1.183319 0.181309
v -0.744536 1.252613 0.180855
v -0.467876 1.037411 0.040204
v -0.577976 1.114311 0.033835
v -0.686752 1.193009 0.027569
v -0.730565 1.261376 0.027175
v -0.452454 1.047941 -0.113198
v -0.560690 1.127393 -0.119188
v -0.670206 1.204892 -0.125704
v -0.715653 1.272112 -0.126141
v -0.700159 1.239036 0.955693
v -0.696221 1.243732 0.801927
v -0.691320 1.249489 0.648153
v -0.685374 1.255919 0.494415
v -0.677945 1.263074 0.340842
v -0.666660 1.274246 0.187745
v -0.653775 1.286305 0.034856
v -0.639951 1.299898 -0.117798
v -0.589160 1.163663 0.958081
v -0.582098 1.173120 0.804582
v -0.574949 1.182582 0.651103
v -0.569098 1.188576 0.497399
v -0.560767 1.197310 0.343940
v -0.547626 1.212025 0.191276
v -0.531404 1.231214 0.039409
v -0.515200 1.250413 -0.112565
v -0.484475 1.079813 0.959415
v -0.477980 1.088476 0.805529
v -0.472111 1.096330 0.651530
v -0.466604 1.101708 0.497406
v -0.459255 1.109288 0.343515
v -0.448075 1.121867 0.190199
v -0.433066 1.139737 0.037729
v -0.416281 1.159564 -0.114320
v -0.117299 0.062893 -0.262702
v -0.124108 0.196883 -0.263010
v -0.135832 0.330515 -0.263310
v -0.154534 0.463348 -0.263439
v -0.182636 0.594531 -0.263270
v -0.221862 0.722851 -0.262930
v -0.274826 0.846184 -0.262767
v -0.346204 0.959904 -0.263646
v -0.124249 0.062661 -0.417388
v -0.132973 0.196446 -0.417612
v -0.145888 0.329895 -0.417850
v -0.163344 0.462833 -0.418076
v -0.187748 0.594677 -0.418107
v -0.222048 0.724314 -0.417867
v -0.269889 0.849618 -0.417542
v -0.336384 0.966142 -0.417903
v -0.127296 0.062463 -0.572207
v -0.138931 0.196011 -0.572362
v -0.154678 0.329139 -0.572477
v -0.172941 0.461945 -0.572671
v -0.195374 0.594110 -0.572855
v -0.225408 0.724770 -0.572779
v -0.267619 0.852034 -0.572442
v -0.327942 0.971815 -0.572331
v -0.126394 0.062341 -0.727062
v -0.141075 0.195657 -0.727220
v -0.160673 0.328338 -0.727242
v -0.181692 0.460803 -0.727316
v -0.204423 0.592979 -0.727527
v -0.231781 0.724261 -0.727598
v -0.268753 0.853150 -0.727375
v -0.322074 0.976199 -0.726983
v -0.123032 0.062307 -0.881890
v -0.139580 0.195548 -0.882092
v -0.162717 0.327808 -0.882117
v -0.187859 0.459706 -0.882081
v -0.213221 0.591560 -0.882208
v -0.240196 0.723031 -0.882313
v -0.273266 0.853034 -0.882255
v -0.319658 0.978875 -0.881818
v -0.120200 0.062463 -1.036732
v -0.136362 0.195956 -1.036946
v -0.161325 0.328064 -1.037007
v -0.190612 0.459254 -1.036948
v -0.220263 0.590321 -1.036908
v -0.249230 0.721477 -1.036963
v -0.280464 0.852020 -1.037026
v -0.320839 0.979958 -1.036737
v -0.123219 0.062437 -1.191406
v -0.136758 0.196262 -1.191677
v -0.160176 0.328697 -1.191808
v -0.191901 0.459358 -1.191787
v -0.226001 0.589404 -1.191592
v -0.258372 0.719830 -1.191495
v -0.289790 0.850404 -1.191611
v -0.325661 0.979729 -1.191584
v -0.163580 0.061136 -1.340550
v -0.161612 0.194323 -1.344239
v -0.171824 0.327564 -1.345932
v -0.200002 0.458516 -1.346282
v -0.234697 0.588097 -1.346065
v -0.269585 0.717744 -1.345788
v -0.302203 0.847995 -1.345859
v -0.334474 0.978282 -1.346193
v -0.437651 1.058254 -0.266624
v -0.543456 1.140849 -0.272076
v -0.652966 1.218258 -0.278570
v -0.700056 1.284300 -0.279204
v -0.423881 1.067912 -0.420180
v -0.527697 1.152915 -0.425131
v -0.636456 1.231332 -0.431378
v -0.683829 1.297205 -0.432081
v -0.410316 1.077719 -0.573772
v -0.512137 1.165121 -0.578132
v -0.620306 1.244391 -0.584141
v -0.667331 1.310527 -0.584746
v -0.397614 1.087067 -0.727547
v -0.495793 1.178554 -0.730909
v -0.603494 1.258601 -0.736639
v -0.651205 1.324218 -0.737221
v -0.387491 1.094622 -0.881692
v -0.479623 1.192235 -0.883750
v -0.584840 1.275482 -0.888408
v -0.636163 1.338233 -0.889598
v -0.380565 1.100082 -1.036183
v -0.467197 1.202606 -1.037193
v -0.570937 1.287751 -1.041002
v -0.621867 1.350994 -1.042123
v -0.377405 1.103516 -1.190934
v -0.456165 1.212161 -1.190813
v -0.558229 1.299455 -1.193774
v -0.608815 1.362998 -1.194576
v -0.378625 1.104995 -1.345765
v -0.448424 1.219646 -1.344893
v -0.541310 1.316665 -1.345532
v -0.597948 1.374797 -1.346970
v -0.625721 1.315292 -0.270316
v -0.611206 1.331819 -0.422802
v -0.596574 1.348730 -0.575360
v -0.582096 1.365352 -0.728072
v -0.568104 1.381193 -0.880989
v -0.555016 1.395948 -1.034139
v -0.542991 1.409613 -1.187484
v -0.532307 1.421848 -1.341048
v -0.500293 1.267660 -0.264974
v -0.485538 1.284997 -0.417458
v -0.470857 1.302243 -0.570059
v -0.456241 1.319406 -0.722830
v -0.441860 1.336430 -0.875846
v -0.428109 1.353109 -1.029240
v -0.415321 1.368985 -1.182886
v -0.403860 1.383501 -1.336833
v -0.401922 1.176277 -0.266982
v -0.390858 1.189859 -0.420293
v -0.381078 1.202524 -0.573785
v -0.370729 1.216046 -0.727242
v -0.359121 1.230823 -0.880615
v -0.346282 1.246719 -1.033927
v -0.332166 1.263567 -1.187143
v -0.316735 1.281302 -1.340187
v -1.089352 0.067838 -2.309928
v -1.063027 0.197608 -2.331839
v -1.009242 0.310329 -2.381016
v -0.956805 0.424276 -2.429207
v -0.909129 0.542067 -2.473206
v -0.867153 0.663807 -2.511954
v -0.829294 0.788004 -2.547030
v -0.794841 0.913953 -2.579305
v -0.270749 0.057205 -1.451325
v -0.242654 0.185606 -1.475739
v -0.226904 0.317885 -1.490417
v -0.231574 0.451688 -1.497798
v -0.255390 0.583635 -1.499459
v -0.287956 0.713800 -1.499372
v -0.320513 0.844010 -1.499424
v -0.349176 0.975107 -1.500279
v -0.391498 0.063043 -1.547313
v -0.350952 0.185010 -1.585705
v -0.313938 0.309697 -1.618251
v -0.294363 0.440784 -1.639001
v -0.297501 0.574561 -1.648287
v -0.318313 0.707001 -1.650981
v -0.346362 0.838182 -1.651814
v -0.371523 0.969960 -1.653345
v -0.499607 0.064472 -1.658220
v -0.461915 0.188691 -1.693049
v -0.415174 0.307303 -1.735315
v -0.379024 0.432330 -1.768466
v -0.360911 0.563708 -1.789175
v -0.363564 0.697496 -1.798742
v -0.381361 0.830422 -1.802299
v -0.401601 0.963059 -1.804992
v -0.604930 0.065510 -1.771770
v -0.569500 0.191049 -1.803966
v -0.521562 0.308772 -1.847754
v -0.476621 0.428701 -1.888638
v -0.442655 0.554835 -1.920334
v -0.426211 0.686761 -1.939923
v -0.428916 0.820760 -1.949235
v -0.441364 0.954440 -1.954291
v -0.709418 0.066428 -1.886038
v -0.677085 0.193648 -1.915063
v -0.630590 0.312400 -1.957601
v -0.582144 0.429645 -2.001934
v -0.539454 0.550869 -2.041042
v -0.507768 0.677891 -2.071184
v -0.493828 0.810304 -2.089314
v -0.495505 0.944389 -2.098875
v -0.813574 0.067100 -2.000637
v -0.782681 0.195045 -2.028100
v -0.736989 0.314358 -2.069956
v -0.688497 0.431463 -2.114403
v -0.642652 0.550368 -2.156417
v -0.601755 0.672458 -2.194108
v -0.574924 0.801174 -2.220872
v -0.564340 0.934000 -2.237098
v -0.917218 0.067310 -2.115674
v -0.883949 0.194048 -2.144890
v -0.832747 0.309238 -2.191186
v -0.781416 0.424333 -2.237835
v -0.735887 0.543690 -2.279787
v -0.695370 0.666296 -2.317324
v -0.662412 0.792902 -2.348413
v -0.639441 0.923256 -2.372064
v -1.026587 0.067794 -2.236292
v -0.996446 0.196232 -2.262149
v -0.944476 0.310860 -2.309405
v -0.891046 0.424134 -2.358264
v -0.844901 0.543002 -2.400793
v -0.803366 0.664973 -2.439168
v -0.765435 0.789065 -2.474407
v -0.733130 0.915965 -2.504945
v -0.764096 1.041628 -2.608483
v -0.743930 1.172893 -2.630044
v -0.741136 1.243745 -2.637080
v -0.384480 1.104540 -1.500563
v -0.446006 1.223784 -1.499363
v -0.538728 1.320939 -1.499070
v -0.589063 1.384735 -1.499611
v -0.397353 1.101592 -1.654926
v -0.447122 1.226163 -1.653998
v -0.535465 1.327245 -1.652580
v -0.582494 1.393496 -1.652328
v -0.420111 1.095928 -1.808068
v -0.453869 1.225785 -1.808612
v -0.532722 1.334390 -1.806181
v -0.578779 1.401362 -1.805131
v -0.454730 1.088026 -1.958868
v -0.472651 1.221033 -1.962221
v -0.528256 1.343216 -1.959876
v -0.577914 1.407552 -1.957982
v -0.503194 1.078443 -2.105597
v -0.513713 1.212355 -2.111281
v -0.533336 1.345298 -2.114009
v -0.580209 1.411632 -2.110892
v -0.565447 1.067915 -2.246977
v -0.578130 1.201524 -2.251622
v -0.595644 1.334731 -2.254527
v -0.592637 1.415509 -2.263302
v -0.629725 1.056477 -2.387390
v -0.636553 1.190358 -2.394441
v -0.636366 1.324315 -2.402975
v -0.602011 1.396777 -2.415739
v -0.711216 1.046636 -2.527833
v -0.703803 1.180114 -2.542227
v -0.703751 1.302505 -2.565567
v -0.615343 1.362493 -2.566147
v -0.523334 1.431897 -1.494919
v -0.516116 1.439891 -1.649032
v -0.510763 1.445425 -1.803453
v -0.507391 1.447544 -1.958210
v -0.506300 1.444498 -2.113133
v -0.512171 1.422923 -2.266331
v -0.524671 1.373647 -2.412244
v -0.528693 1.331684 -2.560817
v -0.394096 1.395921 -1.491133
v -0.386325 1.405441 -1.645787
v -0.380824 1.411157 -1.800738
v -0.377874 1.411968 -1.955832
v -0.377744 1.406042 -2.110747
v -0.386641 1.376153 -2.262193
v -0.397812 1.330622 -2.409493
v -0.394808 1.325491 -2.563762
v -0.300194 1.299876 -1.493110
v -0.284696 1.317587 -1.646269
v -0.271666 1.332850 -1.799932
v -0.261712 1.344359 -1.954149
v -0.254811 1.351479 -2.108774
v -0.259169 1.335079 -2.262238
v -0.265662 1.310574 -2.414411
v -0.263177 1.351060 -2.563302
v -1.370189 0.069053 -2.692964
v -1.375696 0.203024 -2.688648
v -1.361980 0.336246 -2.697016
v -1.307446 0.447191 -2.748783
v -1.269636 0.571443 -2.782413
v -1.250738 0.704182 -2.786936
v -1.236086 0.837394 -2.779278
v -1.222492 0.969891 -2.761980
v -1.303543 0.068821 -2.576198
v -1.296997 0.203044 -2.579757
v -1.266824 0.331911 -2.602833
v -1.212446 0.443264 -2.654150
v -1.163006 0.558566 -2.701536
v -1.132986 0.687137 -2.724620
v -1.110088 0.818620 -2.736787
v -1.091352 0.951429 -2.739401
v -1.222458 0.068470 -2.468969
v -1.206816 0.201404 -2.480304
v -1.167185 0.325240 -2.513385
v -1.111221 0.435083 -2.566513
v -1.060619 0.549658 -2.614848
v -1.023490 0.674294 -2.647919
v -0.993420 0.802566 -2.672575
v -0.966873 0.932221 -2.693043
v -1.138079 0.068223 -2.364607
v -1.115015 0.199413 -2.382868
v -1.067549 0.318160 -2.424172
v -1.013331 0.429879 -2.475142
v -0.962910 0.544689 -2.522915
v -0.922614 0.667164 -2.559658
v -0.888414 0.793129 -2.589813
v -0.856456 0.919861 -2.618281
v -1.208304 1.098560 -2.726159
v -1.190796 1.216214 -2.663543
v -1.172247 1.329295 -2.591041
v -1.170426 1.426395 -2.594565
v -1.188658 1.408095 -2.701587
v -1.213317 1.388502 -2.853179
v -1.238763 1.374553 -3.005307
v -1.264858 1.364611 -3.157644
v -1.291628 1.360724 -3.310158
v -1.319091 1.364269 -3.462545
v -1.347350 1.376846 -3.614267
v -1.074766 1.084358 -2.730292
v -1.059793 1.212171 -2.691864
v -1.041186 1.326076 -2.620998
v -1.038100 1.423490 -2.618224
v -1.060534 1.438906 -2.725477
v -1.083007 1.410803 -2.875985
v -1.108080 1.395594 -3.027924
v -1.135145 1.391210 -3.180121
v -1.164116 1.396890 -3.331816
v -1.194661 1.410607 -3.482586
v -1.226342 1.432035 -3.632188
v -0.944142 1.063526 -2.707044
v -0.927158 1.196610 -2.703876
v -0.915089 1.326034 -2.666276
v -0.906665 1.420997 -2.646636
v -0.929916 1.459621 -2.747619
v -0.954865 1.443095 -2.899141
v -0.980057 1.429458 -3.050694
v -1.011333 1.438976 -3.201427
v -1.042770 1.451106 -3.351807
v -1.073844 1.465928 -3.501819
v -1.104959 1.486088 -3.650982
v -0.824841 1.045914 -2.648892
v -0.797573 1.172740 -2.679641
v -0.772887 1.292656 -2.699904
v -0.775962 1.411377 -2.677766
v -0.799003 1.479893 -2.770479
v -0.828451 1.482279 -2.922213
v -0.858178 1.481129 -3.073532
v -0.889170 1.490160 -3.224321
v -0.917860 1.494153 -3.375592
v -0.946088 1.498097 -3.526824
v -0.974351 1.500296 -3.678214
v -0.694835 1.295069 -2.661961
v -0.655014 1.354110 -2.718587
v -0.667454 1.491324 -2.795999
v -0.697850 1.502172 -2.947324
v -0.728143 1.503126 -3.099108
v -0.757997 1.500700 -3.250949
v -0.786489 1.488921 -3.402213
v -0.816268 1.476633 -3.553219
v -0.848612 1.460375 -3.703431
v -0.521985 1.375844 -2.708621
v -0.536300 1.478424 -2.823038
v -0.569252 1.473226 -2.973865
v -0.606021 1.452313 -3.122482
v -0.650194 1.422939 -3.267303
v -0.672461 1.420486 -3.419902
v -0.700076 1.411941 -3.571862
v -0.735667 1.390021 -3.720917
v -0.392534 1.407416 -2.694749
v -0.416671 1.421644 -2.846734
v -0.463180 1.392523 -2.991599
v -0.516421 1.352978 -3.131314
v -0.557098 1.327264 -3.278074
v -0.578883 1.324615 -3.431185
v -0.597924 1.325685 -3.584632
v -0.630355 1.308212 -3.734684
v -0.267570 1.364011 -2.717387
v -0.316112 1.333528 -2.861166
v -0.372050 1.294376 -3.000168
v -0.423113 1.257504 -3.141354
v -0.459100 1.236389 -3.290403
v -0.481890 1.232339 -3.443501
v -0.498712 1.236280 -3.597138
v -0.523163 1.228994 -3.749618
v -1.531057 0.067538 -4.699456
v -1.531054 0.201800 -4.701076
v -1.530775 0.336057 -4.703090
v -1.529766 0.470319 -4.703423
v -1.528250 0.604435 -4.698847
v -1.526409 0.738058 -4.687054
v -1.524767 0.871185 -4.670679
v -1.523606 1.004640 -4.656267
v -1.396707 0.067466 -4.696765
v -1.396758 0.201601 -4.698483
v -1.396548 0.335725 -4.700934
v -1.395658 0.469831 -4.701898
v -1.394160 0.603783 -4.697567
v -1.392233 0.737090 -4.683919
v -1.390433 0.869871 -4.665408
v -1.389180 1.003538 -4.652495
v -1.263015 0.067448 -4.710313
v -1.263116 0.201535 -4.711947
v -1.262946 0.335616 -4.713682
v -1.262047 0.469670 -4.712478
v -1.260212 0.603422 -4.703449
v -1.257974 0.736201 -4.684884
v -1.255967 0.868820 -4.664796
v -1.254669 1.002737 -4.653984
v -1.131071 0.067470 -4.735786
v -1.131039 0.201632 -4.736369
v -1.130512 0.335781 -4.735243
v -1.128953 0.469755 -4.728343
v -1.126401 0.602941 -4.712151
v -1.123725 0.735122 -4.689006
v -1.121528 0.867864 -4.668805
v -1.120248 1.001982 -4.659952
v -0.999818 0.067527 -4.764641
v -0.999403 0.201824 -4.763053
v -0.998147 0.336001 -4.757275
v -0.995798 0.469632 -4.743957
v -0.992666 0.602150 -4.722303
v -0.989620 0.734117 -4.697523
v -0.987368 0.867118 -4.678672
v -0.986072 1.001282 -4.670211
v -0.868226 0.067510 -4.791945
v -0.867462 0.201853 -4.788217
v -0.865636 0.335885 -4.778490
v -0.862803 0.469094 -4.760890
v -0.859368 0.601324 -4.737116
v -0.856177 0.733508 -4.713004
v -0.853774 0.866607 -4.694340
v -0.852236 1.000668 -4.684215
v -0.736124 0.067537 -4.816669
v -0.735293 0.201922 -4.812171
v -0.733375 0.335921 -4.801227
v -0.730524 0.469070 -4.782717
v -0.727068 0.601382 -4.759078
v -0.723673 0.733617 -4.735033
v -0.720816 0.866470 -4.714608
v -0.718783 1.000269 -4.701438
v -0.603272 0.067551 -4.836631
v -0.602717 0.202022 -4.833634
v -0.601345 0.336254 -4.825278
v -0.599052 0.469775 -4.809212
v -0.595793 0.602326 -4.786752
v -0.592013 0.734368 -4.761660
v -0.588435 0.866720 -4.738262
v -0.585749 1.000101 -4.721507
v -1.376348 1.394983 -3.765138
v -1.403889 1.410910 -3.916365
v -1.428437 1.420658 -4.068610
v -1.452160 1.430484 -4.221056
v -1.477661 1.450618 -4.372076
v -1.504201 1.485083 -4.519895
v -1.523008 1.138769 -4.650800
v -1.522933 1.272329 -4.662041
v -1.523600 1.407256 -4.671072
v -1.519980 1.495431 -4.628872
v -1.258800 1.457724 -3.780940
v -1.288621 1.477972 -3.931240
v -1.312540 1.486715 -4.083689
v -1.331898 1.488031 -4.236693
v -1.353558 1.497712 -4.388645
v -1.375211 1.512284 -4.540174
v -1.388549 1.137881 -4.650986
v -1.388772 1.271422 -4.664702
v -1.389508 1.405816 -4.680841
v -1.387401 1.498804 -4.649654
v -1.134639 1.505066 -3.800556
v -1.162211 1.518328 -3.951166
v -1.186276 1.527406 -4.102290
v -1.209097 1.538581 -4.253650
v -1.229156 1.543702 -4.406088
v -1.244191 1.533233 -4.559297
v -1.254143 1.137126 -4.655210
v -1.254583 1.270657 -4.669825
v -1.255328 1.405080 -4.687088
v -1.253857 1.500857 -4.665284
v -1.003886 1.494092 -3.829423
v -1.039533 1.471462 -3.977392
v -1.073405 1.459197 -4.126988
v -1.077786 1.516384 -4.270209
v -1.095964 1.549613 -4.419918
v -1.110856 1.542411 -4.573836
v -1.119842 1.136396 -4.662169
v -1.120421 1.270049 -4.676186
v -1.121308 1.404531 -4.693719
v -1.119903 1.501317 -4.676922
v -0.885260 1.435608 -3.851358
v -0.926446 1.402306 -3.996390
v -0.950150 1.410278 -4.149144
v -0.959695 1.458326 -4.295825
v -0.963764 1.532926 -4.431057
v -0.976853 1.541319 -4.584960
v -0.985687 1.135714 -4.671655
v -0.986396 1.269485 -4.684866
v -0.987540 1.403900 -4.703217
v -0.985936 1.500988 -4.688305
v -0.777275 1.357566 -3.866284
v -0.807669 1.343411 -4.017426
v -0.821685 1.375413 -4.168194
v -0.827390 1.439913 -4.308726
v -0.831359 1.518998 -4.441668
v -0.842828 1.537058 -4.594752
v -0.851738 1.135109 -4.683760
v -0.852654 1.268886 -4.696989
v -0.854037 1.403238 -4.715783
v -0.851990 1.500062 -4.699305
v -0.663628 1.288523 -3.884364
v -0.682047 1.300369 -4.037614
v -0.688987 1.357793 -4.181015
v -0.693250 1.438448 -4.313056
v -0.698461 1.507878 -4.451334
v -0.708923 1.531050 -4.603834
v -0.718062 1.134687 -4.698620
v -0.719164 1.268500 -4.711592
v -0.720654 1.402977 -4.729497
v -0.718155 1.499237 -4.710063
v -0.541861 1.234874 -3.903107
v -0.549509 1.281808 -4.050419
v -0.554690 1.354827 -4.186867
v -0.559190 1.436124 -4.318699
v -0.565248 1.497855 -4.460639
v -0.575180 1.524274 -4.612725
v -0.584697 1.134425 -4.716034
v -0.585885 1.268329 -4.727724
v -0.587374 1.403031 -4.743644
v -0.584438 1.498426 -4.720566
v -0.442595 0.072283 5.786233
v -0.441103 0.206456 5.781151
v -0.439585 0.340529 5.774398
v -0.438266 0.474538 5.766455
v -0.437670 0.608625 5.760201
v -0.439073 0.742755 5.763984
v -0.443959 0.875607 5.782102
v -0.452725 1.005864 5.812487
v -0.463306 1.135158 5.845914
v -0.470881 1.266582 5.871423
v -0.471681 1.400393 5.882391
v -0.445810 1.479994 5.846668
v -0.446233 1.461624 5.696041
v -0.443017 1.419508 5.547365
v -0.434916 1.393025 5.395255
v -0.423698 1.376756 5.241659
v -0.412570 1.360612 5.088050
v -0.411573 1.319769 4.938699
v -0.419218 1.256431 4.797827
v -0.323019 1.468121 5.855718
v -0.320336 1.418247 5.709448
v -0.316504 1.377048 5.560642
v -0.310603 1.344266 5.409615
v -0.301115 1.323823 5.256443
v -0.290065 1.307512 5.102982
v -0.287980 1.268796 4.953204
v -0.294571 1.208797 4.811124
v -0.190334 1.453161 5.861179
v -0.189446 1.392009 5.719075
v -0.186827 1.344069 5.571988
v -0.182824 1.304529 5.422549
v -0.176357 1.275904 5.270776
v -0.167866 1.253782 5.118028
v -0.166094 1.214369 4.968714
v -0.170186 1.160092 4.824263
v -0.059110 1.430507 5.870408
v -0.057199 1.372746 5.726820
v -0.054642 1.322420 5.580388
v -0.051447 1.277865 5.432140
v -0.047416 1.239767 5.282219
v -0.042785 1.206969 5.131184
v -0.041110 1.166955 4.981841
v -0.040196 1.126689 4.832431
v 0.072922 1.413844 5.877903
v 0.075543 1.356396 5.734114
v 0.078759 1.309230 5.586545
v 0.082104 1.264775 5.438130
v 0.085602 1.222539 5.289061
v 0.088953 1.182756 5.139281
v 0.091839 1.148064 4.988181
v 0.094052 1.120076 4.835694
v 0.206020 1.406289 5.883356
v 0.209504 1.351843 5.738303
v 0.212932 1.306365 5.590177
v 0.216446 1.263436 5.441280
v 0.220018 1.222483 5.291802
v 0.223358 1.184801 5.141414
v 0.226204 1.152224 4.989793
v 0.228319 1.127277 4.836729
v 0.338045 1.425335 5.880429
v 0.342752 1.366320 5.737371
v 0.346715 1.317287 5.590410
v 0.350518 1.273257 5.441841
v 0.354088 1.232767 5.292240
v 0.357335 1.196228 5.141589
v 0.360126 1.164347 4.989847
v 0.362324 1.138658 4.836914
v 0.469001 1.450116 5.876462
v 0.474503 1.389058 5.734379
v 0.479268 1.337355 5.588488
v 0.483624 1.291286 5.440623
v 0.487380 1.250342 5.291219
v 0.490597 1.214115 5.140561
v 0.493418 1.182082 4.988910
v 0.495830 1.154804 4.836293
v -0.430009 1.184042 4.661685
v -0.437360 1.131060 4.516630
v -0.437618 1.108260 4.363675
v -0.436435 1.095340 4.209548
v -0.435323 1.083017 4.055291
v -0.434206 1.070766 3.900927
v -0.432867 1.058983 3.746440
v -0.431314 1.047888 3.591901
v -0.301881 1.146351 4.669981
v -0.305354 1.105859 4.520693
v -0.304701 1.088358 4.366953
v -0.303424 1.077244 4.212526
v -0.302260 1.065721 4.058058
v -0.301186 1.052691 3.903665
v -0.300055 1.039052 3.749305
v -0.298841 1.025807 3.594888
v -0.172243 1.112834 4.676879
v -0.171921 1.089622 4.523793
v -0.170639 1.079502 4.369220
v -0.169348 1.071471 4.214485
v -0.168165 1.062386 4.059800
v -0.167028 1.051366 3.905235
v -0.165850 1.038945 3.750767
v -0.164612 1.026200 3.596316
v -0.038678 1.098388 4.680119
v -0.037500 1.087274 4.525579
v -0.036345 1.080683 4.370757
v -0.035199 1.073840 4.215930
v -0.034089 1.065744 4.061159
v -0.032981 1.056022 3.906484
v -0.031828 1.044998 3.751898
v -0.030615 1.033380 3.597357
v 0.095601 1.102818 4.681625
v 0.096700 1.093431 4.526890
v 0.097761 1.086601 4.372014
v 0.098842 1.079395 4.217155
v 0.099938 1.070929 4.062371
v 0.101068 1.061028 3.907686
v 0.102244 1.050124 3.753080
v 0.103479 1.038766 3.598519
v 0.229796 1.110670 4.682554
v 0.230883 1.099959 4.527880
v 0.231911 1.091981 4.373045
v 0.232970 1.083846 4.218229
v 0.234084 1.074368 4.063503
v 0.235250 1.063489 3.908887
v 0.236465 1.051798 3.754347
v 0.237734 1.039893 3.599839
v 0.363948 1.119738 4.683005
v 0.365132 1.106473 4.528533
v 0.366164 1.096249 4.373851
v 0.367229 1.086356 4.219166
v 0.368358 1.075439 4.064562
v 0.369544 1.063432 3.910051
v 0.370780 1.050951 3.755590
v 0.372071 1.038597 3.601130
v 0.497744 1.133078 4.682774
v 0.499190 1.116592 4.528623
v 0.500347 1.103121 4.374193
v 0.501465 1.090585 4.219700
v 0.502617 1.078001 4.065228
v 0.503811 1.065374 3.910777
v 0.505046 1.053087 3.756313
v 0.506327 1.041442 3.601813
v -0.429679 1.037633 3.437296
v -0.428009 1.028067 3.282645
v -0.426291 1.019174 3.127938
v -0.424489 1.010861 2.973176
v -0.422523 1.003185 2.818361
v -0.420291 0.996411 2.663486
v -0.417669 0.990789 2.508567
v -0.414555 0.986615 2.353621
v -0.297571 1.013476 3.440377
v -0.296237 1.002157 3.285773
v -0.294820 0.991770 3.131093
v -0.293297 0.982133 2.976355
v -0.291649 0.973039 2.821576
v -0.289879 0.964374 2.666762
v -0.287938 0.956242 2.511911
v -0.285695 0.949004 2.357013
v -0.163321 1.013721 3.441834
v -0.161973 1.001664 3.287309
v -0.160557 0.990061 3.132743
v -0.159057 0.978963 2.978132
v -0.157464 0.968301 2.823485
v -0.155768 0.957840 2.668819
v -0.153950 0.947510 2.514136
v -0.151923 0.937762 2.359411
v -0.029332 1.021533 3.442835
v -0.027968 1.009538 3.288327
v -0.026516 0.997504 3.133823
v -0.024977 0.985679 2.979305
v -0.023352 0.974207 2.824762
v -0.021629 0.962951 2.670206
v -0.019774 0.951769 2.515646
v -0.017720 0.941012 2.361056
v 0.104776 1.027175 3.443986
v 0.106150 1.015406 3.289478
v 0.107599 1.003648 3.134979
v 0.109120 0.992252 2.980464
v 0.110708 0.981441 2.825923
v 0.112370 0.971088 2.671375
v 0.114151 0.960899 2.516821
v 0.116153 0.950919 2.362259
v 0.239054 1.028049 3.445343
v 0.240443 1.016413 3.290844
v 0.241893 1.005265 3.136344
v 0.243386 0.994987 2.981824
v 0.244912 0.985766 2.827266
v 0.246476 0.977343 2.672677
v 0.248138 0.969119 2.518080
v 0.250038 0.960714 2.363497
v 0.373399 1.026672 3.446646
v 0.374788 1.015379 3.292129
v 0.376234 1.005002 3.137609
v 0.377705 0.995853 2.983067
v 0.379184 0.988022 2.828499
v 0.380680 0.981189 2.673913
v 0.382269 0.974691 2.519323
v 0.384108 0.967722 2.364764
v 0.507636 1.030581 3.447266
v 0.508986 1.020579 3.292709
v 0.510372 1.011559 3.138129
v 0.511766 1.003677 2.983532
v 0.513159 0.996947 2.828935
v 0.514568 0.991125 2.674364
v 0.516066 0.985674 2.519845
v 0.517797 0.979829 2.365409
v -0.411018 0.983859 2.198672
v -0.407171 0.982336 2.043732
v -0.403074 0.981883 1.888813
v -0.398820 0.982405 1.733918
v -0.394364 0.983949 1.579050
v -0.389776 0.986632 1.424289
v -0.384936 0.990746 1.269657
v -0.379703 0.996494 1.115180
v -0.283079 0.943173 2.202067
v -0.280164 0.938723 2.047088
v -0.276982 0.935560 1.892094
v -0.273594 0.933664 1.737098
v -0.270010 0.932998 1.582119
v -0.266197 0.933860 1.427186
v -0.261979 0.936624 1.272313
v -0.257319 0.941265 1.117674
v -0.149572 0.929178 2.204627
v -0.147017 0.921612 2.049792
v -0.144270 0.915221 1.894909
v -0.141326 0.910340 1.739981
v -0.138150 0.907232 1.585022
v -0.134691 0.906162 1.430062
v -0.130882 0.907207 1.275138
v -0.126751 0.909984 1.120251
v -0.015333 0.931239 2.206409
v -0.012766 0.922231 2.051724
v -0.010021 0.913942 1.897004
v -0.007111 0.906770 1.742236
v -0.004019 0.901230 1.587410
v -0.000710 0.897677 1.432540
v 0.002862 0.896121 1.277671
v 0.006671 0.896116 1.122843
v 0.118524 0.941436 2.207673
v 0.121115 0.932136 2.053093
v 0.123940 0.922660 1.898534
v 0.126970 0.913306 1.743975
v 0.130164 0.904829 1.589373
v 0.133502 0.897890 1.434703
v 0.136992 0.892738 1.279974
v 0.140612 0.889194 1.125208
v 0.252343 0.952020 2.208937
v 0.254958 0.942545 2.054439
v 0.257866 0.931907 1.900036
v 0.261018 0.920483 1.745691
v 0.264318 0.909345 1.591312
v 0.267700 0.899509 1.436822
v 0.271155 0.891367 1.282209
v 0.274662 0.884827 1.127498
v 0.386362 0.959632 2.210291
v 0.388987 0.950108 2.055932
v 0.391927 0.939085 1.901690
v 0.395109 0.927182 1.747501
v 0.398425 0.915627 1.593234
v 0.401807 0.905377 1.438820
v 0.405246 0.896589 1.284261
v 0.408736 0.889130 1.129568
v 0.519939 0.972754 2.211081
v 0.522465 0.964366 2.056838
v 0.525238 0.955188 1.902625
v 0.528096 0.946033 1.748383
v 0.530931 0.937603 1.594070
v 0.533779 0.930255 1.439668
v 0.536724 0.923772 1.285192
v 0.539828 0.917973 1.130644
v -0.374062 1.003603 0.960861
v -0.368535 1.010910 0.806599
v -0.363558 1.017391 0.652280
v -0.358682 1.021791 0.497889
v -0.353278 1.026744 0.343592
v -0.346250 1.034300 0.189527
v -0.336535 1.046366 0.035932
v -0.324617 1.061444 -0.117243
v -0.252402 0.947025 0.963165
v -0.247609 0.952906 0.808656
v -0.243375 0.957675 0.654088
v -0.239488 0.960083 0.499478
v -0.235864 0.961621 0.344900
v -0.231898 0.963961 0.190383
v -0.226968 0.968717 0.035962
v -0.221071 0.975964 -0.118294
v -0.122481 0.913542 0.965522
v -0.118376 0.917067 0.810867
v -0.114746 0.919493 0.656201
v -0.111621 0.919457 0.501529
v -0.109010 0.917779 0.346858
v -0.106639 0.915715 0.192166
v -0.104180 0.914452 0.037446
v -0.101518 0.914871 -0.117309
v 0.010562 0.896824 0.968044
v 0.014268 0.897467 0.813259
v 0.017571 0.897407 0.658468
v 0.020411 0.895682 0.503691
v 0.022765 0.892232 0.348912
v 0.024661 0.887765 0.194129
v 0.026467 0.883470 0.039313
v 0.028393 0.880754 -0.115596
v 0.144256 0.886735 0.970417
v 0.147748 0.884836 0.815597
v 0.150946 0.883160 0.660749
v 0.153784 0.881117 0.505889
v 0.156268 0.878171 0.351004
v 0.158253 0.874349 0.196129
v 0.160155 0.870297 0.041255
v 0.162099 0.867113 -0.113648
v 0.278152 0.879669 0.972707
v 0.281524 0.875746 0.817850
v 0.284689 0.872949 0.662958
v 0.287589 0.871043 0.508040
v 0.290224 0.869581 0.353106
v 0.292358 0.868168 0.198164
v 0.294390 0.866477 0.043231
v 0.296432 0.864566 -0.111702
v 0.412228 0.882948 0.974780
v 0.415627 0.878048 0.819929
v 0.418842 0.874381 0.665024
v 0.421797 0.871853 0.510080
v 0.424450 0.870360 0.355114
v 0.426619 0.870078 0.200131
v 0.428627 0.870052 0.045158
v 0.430674 0.869439 -0.109806
v 0.543084 0.912755 0.976019
v 0.546424 0.908103 0.821314
v 0.549730 0.904061 0.666526
v 0.552896 0.900643 0.511652
v 0.555843 0.897918 0.356748
v 0.558412 0.896026 0.201817
v 0.560659 0.894792 0.046873
v 0.562874 0.893232 -0.108067
v -0.314323 1.074504 -0.270705
v -0.307586 1.084638 -0.424600
v -0.302648 1.093636 -0.578749
v -0.297092 1.103857 -0.732926
v -0.289675 1.115971 -0.886972
v -0.280072 1.129969 -1.040856
v -0.267887 1.145788 -1.194485
v -0.252093 1.163682 -1.347579
v -0.215753 0.983273 -0.272570
v -0.211860 0.990428 -0.426915
v -0.208435 0.997859 -0.581260
v -0.204769 1.006314 -0.735682
v -0.200462 1.015620 -0.890176
v -0.195059 1.026010 -1.044675
v -0.187898 1.037936 -1.199010
v -0.176988 1.052319 -1.352927
v -0.098620 0.917526 -0.272106
v -0.095620 0.923133 -0.426820
v -0.092400 0.930351 -0.581417
v -0.089259 0.937965 -0.735946
v -0.086202 0.945233 -0.890457
v -0.083250 0.951719 -1.044974
v -0.080148 0.957784 -1.199517
v -0.075432 0.964383 -1.354018
v 0.030636 0.881015 -0.270540
v 0.033254 0.885184 -0.425408
v 0.036164 0.891583 -0.580121
v 0.039124 0.898723 -0.734665
v 0.041983 0.905421 -0.889116
v 0.044618 0.910903 -1.043547
v 0.046906 0.914355 -1.198018
v 0.049076 0.914126 -1.352523
v 0.164224 0.866179 -0.268585
v 0.166609 0.868244 -0.423497
v 0.169239 0.872771 -0.578272
v 0.171968 0.878684 -0.732923
v 0.174671 0.884712 -0.887505
v 0.177200 0.889781 -1.042082
v 0.179378 0.892396 -1.196698
v 0.181159 0.890334 -1.351266
v 0.298589 0.863286 -0.266645
v 0.300918 0.863543 -0.421583
v 0.303371 0.865448 -0.576496
v 0.305890 0.868671 -0.731340
v 0.308380 0.872541 -0.886114
v 0.310743 0.876165 -1.040846
v 0.312873 0.878346 -1.195560
v 0.314738 0.877740 -1.350240
v 0.432834 0.868454 -0.264766
v 0.435181 0.867710 -0.419721
v 0.437635 0.867576 -0.574670
v 0.440139 0.868238 -0.729609
v 0.442570 0.869684 -0.884536
v 0.444864 0.871617 -1.039451
v 0.446980 0.873574 -1.194340
v 0.448897 0.875041 -1.349209
v 0.565143 0.891633 -0.263007
v 0.567639 0.889842 -0.417943
v 0.570279 0.888201 -0.572883
v 0.572984 0.887321 -0.727844
v 0.575595 0.887211 -0.882828
v 0.578020 0.888009 -1.037831
v 0.580165 0.889801 -1.192842
v 0.581948 0.892570 -1.347854
v -0.232584 1.183884 -1.499962
v -0.210725 1.205516 -1.651830
v -0.188436 1.227490 -1.803592
v -0.167601 1.248606 -1.955700
v -0.150239 1.267024 -2.108629
v -0.136626 1.281329 -2.262414
v -0.134312 1.285431 -2.417480
v -0.151750 1.276940 -2.571393
v -0.162009 1.069650 -1.506182
v -0.142844 1.089697 -1.658628
v -0.119263 1.112447 -1.810064
v -0.091966 1.137584 -1.960497
v -0.066302 1.162019 -2.111316
v -0.052724 1.176443 -2.264988
v -0.060317 1.173613 -2.419737
v -0.080808 1.162751 -2.572951
v -0.068591 0.973125 -1.508259
v -0.058780 0.984937 -1.662123
v -0.043628 1.001476 -1.815136
v -0.022024 1.022952 -1.966846
v 0.008813 1.050797 -2.115738
v 0.021153 1.064226 -2.269242
v -0.004600 1.051664 -2.420602
v -0.029371 1.038972 -2.571726
v 0.051096 0.912156 -1.506933
v 0.053686 0.911416 -1.661221
v 0.056974 0.912298 -1.815315
v 0.062340 0.918276 -1.968946
v 0.072662 0.932802 -2.121245
v 0.079341 0.943664 -2.273692
v 0.066281 0.938398 -2.426019
v 0.054113 0.934442 -2.579118
v 0.182441 0.884525 -1.505694
v 0.183556 0.877552 -1.660049
v 0.184646 0.871013 -1.814419
v 0.185704 0.865743 -1.968820
v 0.186517 0.862365 -2.123256
v 0.186468 0.863465 -2.277855
v 0.184441 0.874980 -2.432255
v 0.181069 0.891239 -2.586199
v 0.316283 0.874675 -1.504907
v 0.317601 0.870756 -1.659575
v 0.318779 0.867487 -1.814327
v 0.319793 0.865956 -1.969241
v 0.320456 0.867355 -2.124212
v 0.320166 0.873584 -2.279120
v 0.318186 0.886597 -2.433642
v 0.314544 0.906090 -2.587461
v 0.450498 0.876242 -1.504099
v 0.451675 0.878198 -1.659037
v 0.452342 0.881532 -1.813948
v 0.452464 0.886909 -1.968815
v 0.451967 0.894700 -2.123599
v 0.450708 0.905338 -2.278232
v 0.448443 0.919588 -2.432585
v 0.445102 0.937925 -2.586496
v 0.583230 0.896502 -1.502856
v 0.583858 0.902025 -1.657819
v 0.583669 0.909714 -1.812685
v 0.582868 0.919126 -1.967453
v 0.581604 0.929937 -2.122122
v 0.579947 0.942111 -2.276687
v 0.577806 0.956003 -2.431097
v 0.575034 0.972179 -2.585275
v -0.185681 1.257762 -2.721485
v -0.233503 1.227700 -2.865779
v -0.288382 1.189877 -3.005310
v -0.328561 1.163134 -3.152186
v -0.354730 1.153104 -3.304405
v -0.372899 1.155241 -3.458155
v -0.387820 1.162354 -3.612144
v -0.401730 1.174211 -3.766022
v -0.120354 1.140574 -2.720723
v -0.165169 1.112471 -2.865530
v -0.201626 1.088174 -3.013473
v -0.225640 1.078161 -3.165873
v -0.240954 1.083438 -3.319816
v -0.252270 1.098184 -3.473557
v -0.261398 1.119532 -3.626748
v -0.269084 1.156535 -3.777025
v -0.056241 1.023126 -2.722133
v -0.080132 1.009142 -2.873719
v -0.096277 1.006232 -3.027327
v -0.106596 1.017884 -3.181255
v -0.114330 1.040894 -3.334131
v -0.121469 1.069922 -3.486037
v -0.128223 1.104781 -3.636758
v -0.134849 1.154088 -3.783304
v 0.044436 0.935039 -2.732884
v 0.037610 0.945698 -2.886738
v 0.031583 0.966813 -3.039641
v 0.025425 0.995047 -3.191542
v 0.019110 1.027708 -3.342694
v 0.012584 1.063174 -3.493298
v 0.006065 1.102900 -3.642833
v -0.000579 1.153258 -3.788987
v 0.176700 0.912383 -2.739526
v 0.171576 0.938179 -2.892200
v 0.165739 0.968626 -3.044013
v 0.159490 1.001479 -3.195286
v 0.153179 1.034640 -3.346488
v 0.146867 1.067939 -3.497626
v 0.140418 1.104579 -3.647948
v 0.133640 1.150553 -3.795587
v 0.309744 0.930669 -2.740489
v 0.304223 0.959106 -2.892792
v 0.298364 0.989615 -3.044654
v 0.292462 1.020195 -3.196482
v 0.286670 1.049621 -3.348528
v 0.280853 1.078575 -3.500648
v 0.274701 1.110363 -3.652176
v 0.267935 1.149673 -3.801818
v 0.440795 0.960374 -2.739833
v 0.435846 0.985982 -2.892647
v 0.430588 1.013199 -3.045171
v 0.425226 1.040554 -3.197669
v 0.419839 1.067357 -3.350262
v 0.414348 1.094317 -3.502826
v 0.408503 1.123387 -3.654990
v 0.402120 1.156907 -3.806208
v 0.571584 0.991084 -2.739127
v 0.567496 1.012672 -2.892607
v 0.562884 1.036437 -3.045753
v 0.557878 1.061716 -3.198649
v 0.552591 1.088051 -3.351361
v 0.547075 1.115441 -3.503883
v 0.541287 1.144446 -3.656096
v 0.535172 1.176098 -3.807768
v -0.469104 0.067504 -4.842439
v -0.468904 0.201929 -4.844621
v -0.468419 0.336380 -4.843972
v -0.467213 0.470515 -4.834587
v -0.464527 0.603522 -4.815111
v -0.460586 0.735454 -4.789647
v -0.456418 0.867281 -4.763793
v -0.453149 1.000242 -4.744149
v -0.335614 0.067387 -4.827766
v -0.334859 0.201351 -4.836203
v -0.334117 0.335281 -4.846161
v -0.333567 0.469665 -4.848301
v -0.331993 0.603622 -4.837495
v -0.328743 0.736136 -4.815720
v -0.324533 0.867894 -4.789917
v -0.320985 1.000629 -4.769092
v -0.202888 0.067461 -4.807223
v -0.201844 0.201433 -4.818073
v -0.200283 0.334566 -4.835886
v -0.199239 0.468068 -4.850479
v -0.198298 0.602383 -4.851621
v -0.196254 0.735994 -4.838330
v -0.192736 0.868418 -4.816456
v -0.189330 1.001186 -4.796492
v -0.069236 0.067444 -4.793219
v -0.068124 0.201351 -4.805154
v -0.066389 0.334178 -4.825844
v -0.064937 0.466833 -4.847433
v -0.064029 0.600750 -4.858658
v -0.063070 0.735126 -4.856652
v -0.061310 0.868934 -4.844632
v -0.058569 1.002121 -4.827816
v 0.064690 0.067425 -4.781888
v 0.065921 0.201157 -4.795893
v 0.067753 0.333693 -4.818510
v 0.069319 0.466114 -4.841792
v 0.070435 0.599650 -4.857464
v 0.071183 0.733954 -4.864082
v 0.071906 0.868415 -4.862936
v 0.073045 1.002645 -4.855384
v 0.199167 0.067330 -4.772894
v 0.200482 0.200609 -4.789672
v 0.202399 0.332836 -4.813369
v 0.203789 0.465771 -4.832687
v 0.204617 0.599507 -4.844205
v 0.205261 0.733601 -4.850429
v 0.206406 0.867772 -4.854699
v 0.207742 1.002009 -4.857698
v 0.335266 0.066973 -4.772184
v 0.336522 0.200095 -4.785865
v 0.337873 0.333305 -4.799286
v 0.337121 0.467064 -4.804797
v 0.334630 0.600903 -4.803591
v 0.332533 0.734704 -4.802046
v 0.333389 0.868486 -4.805530
v 0.337267 1.001880 -4.815602
v 0.473902 0.067028 -4.756420
v 0.472728 0.201273 -4.755378
v 0.468816 0.335396 -4.750831
v 0.461511 0.469086 -4.741338
v 0.453742 0.602587 -4.730787
v 0.448044 0.736370 -4.723681
v 0.447228 0.870502 -4.724749
v 0.452761 1.003886 -4.737232
v -0.409498 1.215405 -3.915201
v -0.415172 1.280694 -4.055613
v -0.420315 1.357029 -4.190363
v -0.425148 1.432064 -4.325852
v -0.431787 1.488475 -4.470006
v -0.441533 1.517254 -4.621775
v -0.451715 1.134388 -4.736135
v -0.452834 1.268394 -4.745571
v -0.454209 1.403365 -4.758429
v -0.450777 1.497550 -4.730937
v -0.275231 1.214466 -3.920588
v -0.280817 1.284245 -4.058814
v -0.285979 1.357473 -4.195271
v -0.291245 1.425158 -4.334561
v -0.298244 1.478434 -4.479897
v -0.307933 1.510277 -4.631178
v -0.319218 1.134602 -4.759157
v -0.320064 1.268732 -4.765420
v -0.321148 1.403973 -4.774074
v -0.317128 1.496449 -4.741313
v -0.140928 1.216569 -3.924793
v -0.146512 1.285205 -4.063517
v -0.151828 1.353090 -4.202693
v -0.157665 1.414166 -4.344975
v -0.164882 1.465923 -4.490852
v -0.174388 1.502731 -4.641069
v -0.187315 1.135044 -4.785311
v -0.187755 1.269253 -4.788187
v -0.188148 1.404702 -4.791097
v -0.183449 1.494822 -4.752021
v -0.006768 1.214308 -3.931026
v -0.012547 1.279028 -4.071493
v -0.018477 1.340323 -4.213531
v -0.025157 1.395608 -4.358024
v -0.032413 1.447217 -4.503863
v -0.041366 1.490976 -4.652230
v -0.056231 1.135760 -4.815269
v -0.056454 1.269854 -4.816221
v -0.055470 1.405242 -4.811586
v -0.050008 1.491639 -4.764084
v 0.127021 1.206409 -3.939715
v 0.120556 1.264967 -4.082736
v 0.113571 1.319571 -4.227307
v 0.105834 1.369629 -4.373498
v 0.098038 1.419350 -4.519765
v 0.090519 1.472515 -4.664810
v 0.074727 1.136596 -4.845565
v 0.075580 1.270736 -4.841160
v 0.078212 1.405467 -4.826135
v 0.083473 1.488790 -4.774664
v 0.260725 1.197206 -3.949018
v 0.253240 1.248129 -4.095000
v 0.245411 1.297764 -4.241375
v 0.237110 1.344873 -4.388604
v 0.228845 1.393046 -4.535577
v 0.221693 1.451332 -4.678894
v 0.208936 1.136372 -4.856843
v 0.210077 1.270679 -4.850826
v 0.212871 1.404598 -4.831124
v 0.217240 1.486057 -4.781411
v 0.394962 1.196594 -3.955878
v 0.387078 1.240931 -4.104185
v 0.378931 1.287270 -4.251852
v 0.370622 1.333824 -4.399434
v 0.362424 1.383075 -4.546137
v 0.354964 1.447776 -4.686747
v 0.341902 1.135185 -4.827431
v 0.345472 1.268975 -4.836065
v 0.348197 1.403095 -4.825237
v 0.351245 1.483831 -4.783782
v 0.528466 1.211784 -3.958513
v 0.520999 1.251788 -4.108131
v 0.513009 1.295152 -4.256760
v 0.504779 1.340702 -4.404685
v 0.496403 1.392047 -4.550676
v 0.488104 1.451426 -4.693338
v 0.463148 1.135825 -4.758451
v 0.474960 1.266956 -4.783812
v 0.483732 1.400042 -4.799535
v 0.485720 1.477282 -4.781496
v 0.723900 0.067199 6.062409
v 0.723016 0.201750 6.060163
v 0.721718 0.336242 6.056267
v 0.719497 0.470623 6.050173
v 0.715907 0.604847 6.042117
v 0.710971 0.738938 6.032873
v 0.704530 0.872857 6.022311
v 0.696850 1.006601 6.010762
v 0.785111 0.066879 5.986334
v 0.787427 0.200949 5.986827
v 0.790411 0.335049 5.987020
v 0.792299 0.469261 5.985291
v 0.790862 0.603520 5.979574
v 0.785609 0.737512 5.969836
v 0.779222 0.871410 5.959326
v 0.771098 1.004997 5.947278
v 0.818198 0.066730 5.879581
v 0.823404 0.200431 5.881018
v 0.831768 0.333982 5.883224
v 0.844345 0.467232 5.886435
v 0.856911 0.600586 5.889427
v 0.859944 0.734622 5.886323
v 0.857283 0.868698 5.879272
v 0.850558 1.002370 5.868690
v 0.826850 0.066763 5.780295
v 0.833308 0.200702 5.781871
v 0.845963 0.334216 5.784642
v 0.865992 0.466728 5.789254
v 0.892724 0.597885 5.796402
v 0.909976 0.730828 5.800099
v 0.914879 0.864901 5.797924
v 0.912142 0.998947 5.790440
v 0.842398 0.066676 5.680897
v 0.852992 0.200409 5.683276
v 0.872569 0.333144 5.687674
v 0.898685 0.464662 5.694205
v 0.929052 0.595157 5.702627
v 0.951840 0.727348 5.708596
v 0.965436 0.861071 5.710954
v 0.973584 0.995305 5.710891
v 0.863268 0.066558 5.567112
v 0.880541 0.199770 5.571102
v 0.908009 0.331178 5.577661
v 0.937249 0.462086 5.585289
v 0.965775 0.593005 5.593029
v 0.988393 0.725088 5.598845
v 1.004437 0.858243 5.602164
v 1.017171 0.991729 5.603971
v 0.891189 0.066117 5.458377
v 0.916431 0.197870 5.464980
v 0.949582 0.327757 5.473490
v 0.976142 0.459228 5.480031
v 0.996981 0.591570 5.485215
v 1.011100 0.724539 5.488904
v 1.017233 0.857984 5.490694
v 1.017800 0.991244 5.491850
v 0.913884 0.065858 5.378989
v 0.939773 0.197226 5.386015
v 0.971179 0.327289 5.393816
v 0.990651 0.459805 5.398739
v 1.001669 0.593318 5.402778
v 1.003942 0.727269 5.406676
v 0.995745 0.860924 5.411143
v 0.979142 0.993611 5.419080
v 0.963929 0.064744 5.250209
v 0.980986 0.197297 5.254292
v 0.993517 0.330617 5.257391
v 0.995675 0.464558 5.260598
v 0.989268 0.598398 5.265104
v 0.973400 0.731453 5.271842
v 0.948892 0.863077 5.281187
v 0.933766 0.996278 5.288476
v 0.988362 0.066192 5.094090
v 0.984553 0.200166 5.096264
v 0.976779 0.334055 5.100181
v 0.964968 0.467729 5.105497
v 0.947605 0.600809 5.112561
v 0.923629 0.732779 5.121733
v 0.898396 0.864480 5.131433
v 0.890179 0.998389 5.136500
v 0.942443 0.066451 4.945207
v 0.935967 0.200721 4.948278
v 0.926046 0.334720 4.952833
v 0.912818 0.468354 4.958555
v 0.894357 0.601269 4.965980
v 0.870937 0.733324 4.974939
v 0.852289 0.866141 4.982429
v 0.861185 0.999918 4.983238
v 0.880062 0.066474 4.803144
v 0.874139 0.200615 4.805999
v 0.865881 0.334535 4.809817
v 0.855148 0.468213 4.814490
v 0.839657 0.601372 4.820753
v 0.821897 0.734241 4.827659
v 0.816119 0.868195 4.831433
v 0.845181 0.999033 4.828841
v 0.688070 1.140111 5.997498
v 0.678362 1.273330 5.982213
v 0.666507 1.405702 5.961330
v 0.609029 1.469119 5.885412
v 0.604730 1.418624 5.729539
v 0.610833 1.362646 5.585595
v 0.615644 1.315422 5.438338
v 0.619320 1.275671 5.288787
v 0.622326 1.240736 5.137991
v 0.625133 1.208923 4.986434
v 0.627819 1.180308 4.834173
v 0.763378 1.138604 5.935256
v 0.756618 1.272295 5.923626
v 0.748021 1.405183 5.904632
v 0.735207 1.472532 5.840748
v 0.734670 1.448916 5.725622
v 0.741041 1.393501 5.581702
v 0.745644 1.348363 5.434084
v 0.749016 1.310447 5.284307
v 0.751421 1.277729 5.133332
v 0.753722 1.247680 4.981746
v 0.756163 1.219883 4.829671
v 0.844834 1.136182 5.858692
v 0.840672 1.270138 5.849821
v 0.833797 1.403833 5.838156
v 0.814960 1.474652 5.815382
v 0.910832 1.133057 5.784016
v 0.908722 1.267199 5.776929
v 0.901601 1.400936 5.765159
v 0.861270 1.470684 5.718619
v 0.866652 1.438935 5.573985
v 0.871154 1.394962 5.426581
v 0.875302 1.355948 5.277668
v 0.876068 1.327326 5.126290
v 0.876704 1.301268 4.974437
v 0.876948 1.278242 4.822116
v 0.976807 1.129733 5.708151
v 0.974403 1.264001 5.700683
v 0.965423 1.397498 5.687601
v 0.945686 1.468089 5.664719
v 1.026892 1.125431 5.604057
v 1.032388 1.259343 5.600713
v 1.020670 1.392538 5.589905
v 0.963511 1.460376 5.573068
v 1.027213 1.124170 5.491903
v 1.047932 1.255790 5.489685
v 1.071501 1.387431 5.489600
v 1.002147 1.444216 5.425568
v 0.994788 1.416660 5.268209
v 0.993823 1.391316 5.116841
v 0.992311 1.369160 4.965028
v 0.990138 1.350110 4.812808
v 0.986846 1.127576 5.420070
v 1.007415 1.260123 5.418190
v 1.080148 1.372508 5.407451
v 1.076742 1.447521 5.377822
v 0.942579 1.130258 5.289326
v 1.005081 1.248539 5.281124
v 1.094214 1.349062 5.275181
v 1.083446 1.436793 5.265495
v 0.924031 1.128002 5.132437
v 1.017992 1.223639 5.126431
v 1.108647 1.323721 5.121716
v 1.089435 1.416658 5.112630
v 0.921397 1.119630 4.977035
v 1.024466 1.205628 4.972614
v 1.120110 1.300943 4.968392
v 1.095614 1.397418 4.959951
v 0.924006 1.107522 4.822759
v 1.032507 1.186761 4.819566
v 1.128212 1.281657 4.814940
v 1.099828 1.379825 4.807355
v 0.816128 0.066409 4.661947
v 0.811842 0.200429 4.664081
v 0.806329 0.334342 4.666741
v 0.799502 0.468179 4.669889
v 0.789825 0.601850 4.674054
v 0.782047 0.735681 4.677836
v 0.791284 0.869399 4.678357
v 0.837435 0.995234 4.674157
v 0.757475 0.066438 4.518522
v 0.756037 0.200494 4.519529
v 0.754297 0.334544 4.520824
v 0.752413 0.468616 4.522395
v 0.750472 0.602713 4.524300
v 0.753981 0.736771 4.525401
v 0.775113 0.869129 4.524183
v 0.833755 0.989716 4.519624
v 0.711519 0.066565 4.370543
v 0.713077 0.200790 4.370662
v 0.715510 0.334997 4.370895
v 0.718967 0.469186 4.371274
v 0.724195 0.603288 4.371700
v 0.735353 0.736958 4.371516
v 0.764012 0.867935 4.369597
v 0.830991 0.984167 4.365211
v 0.681423 0.066662 4.218535
v 0.684813 0.201020 4.218321
v 0.690318 0.335258 4.218107
v 0.697714 0.469356 4.217932
v 0.707183 0.603250 4.217712
v 0.722015 0.736569 4.217076
v 0.755461 0.866459 4.214878
v 0.827634 0.979583 4.210830
v 0.662298 0.066681 4.064749
v 0.666553 0.201050 4.064450
v 0.673777 0.335208 4.064091
v 0.683330 0.469137 4.063710
v 0.694550 0.602870 4.063276
v 0.711232 0.735975 4.062437
v 0.748351 0.864909 4.060104
v 0.823358 0.976196 4.056427
v 0.647337 0.066682 3.910489
v 0.652173 0.200972 3.910153
v 0.660613 0.334993 3.909704
v 0.671288 0.468782 3.909236
v 0.683249 0.602422 3.908728
v 0.701853 0.735282 3.907716
v 0.742251 0.863259 3.905330
v 0.818437 0.973757 3.901981
v 0.632308 0.066674 3.756218
v 0.637733 0.200883 3.755843
v 0.647288 0.334783 3.755318
v 0.658916 0.468470 3.754781
v 0.672204 0.601988 3.754159
v 0.693668 0.734441 3.752940
v 0.736951 0.861504 3.750558
v 0.813264 0.971937 3.747479
v 0.615497 0.066695 3.602117
v 0.621630 0.200882 3.601685
v 0.632451 0.334700 3.601060
v 0.645711 0.468260 3.600393
v 0.661714 0.601518 3.599553
v 0.686736 0.733391 3.598117
v 0.732314 0.859695 3.595774
v 0.808221 0.970452 3.592915
v 0.630093 1.156661 4.681027
v 0.631934 1.137341 4.527289
v 0.633450 1.120811 4.373226
v 0.634782 1.106145 4.218980
v 0.635986 1.092951 4.064607
v 0.637087 1.081170 3.910127
v 0.638106 1.070703 3.755592
v 0.639079 1.061386 3.601034
v 0.758463 1.196231 4.676838
v 0.760406 1.176460 4.523487
v 0.761883 1.159746 4.369719
v 0.762584 1.146924 4.215566
v 0.762623 1.137163 4.061204
v 0.762304 1.129302 3.906793
v 0.761989 1.122235 3.752393
v 0.761902 1.115445 3.598002
v 0.877482 1.258202 4.669375
v 0.879004 1.239333 4.516494
v 0.879408 1.224359 4.363143
v 0.875988 1.218398 4.209243
v 0.871354 1.215502 4.055283
v 0.867439 1.212475 3.901290
v 0.864834 1.208318 3.747247
v 0.863503 1.203064 3.593199
v 0.988060 1.334108 4.660238
v 0.987860 1.317750 4.507756
v 0.987971 1.303010 4.355268
v 0.980312 1.302579 4.202261
v 0.973234 1.302611 4.049037
v 0.968197 1.300992 3.895493
v 0.964303 1.298334 3.741746
v 0.961486 1.294757 3.587908
v 0.928680 1.093630 4.669034
v 1.039673 1.169307 4.666256
v 1.133240 1.266115 4.661284
v 1.101519 1.364624 4.654769
v 0.932153 1.081025 4.515275
v 1.043760 1.155671 4.512314
v 1.135732 1.253960 4.507414
v 1.101576 1.352156 4.502156
v 0.933176 1.071202 4.361258
v 1.044985 1.145481 4.357988
v 1.136464 1.244297 4.353411
v 1.100390 1.341972 4.349455
v 0.931510 1.064555 4.207043
v 1.043358 1.138706 4.203500
v 1.132675 1.239540 4.199295
v 1.094478 1.336507 4.196465
v 0.927573 1.060722 4.052736
v 1.039647 1.134504 4.049045
v 1.128088 1.236157 4.045336
v 1.088517 1.332605 4.043410
v 0.922270 1.058746 3.898410
v 1.034549 1.132224 3.894713
v 1.123120 1.233813 3.891478
v 1.083660 1.330335 3.890233
v 0.916254 1.057975 3.744085
v 1.028708 1.131212 3.740539
v 1.117839 1.232327 3.737674
v 1.079318 1.329248 3.736999
v 0.910333 1.057590 3.589737
v 1.023153 1.130319 3.586485
v 1.113365 1.230407 3.583906
v 1.075898 1.327693 3.583668
v 0.598447 0.066729 3.448030
v 0.605217 0.200941 3.447546
v 0.617355 0.334701 3.446821
v 0.632976 0.468063 3.445966
v 0.652544 0.600903 3.444867
v 0.681025 0.732136 3.443259
v 0.728235 0.857898 3.440973
v 0.803688 0.969028 3.438281
v 0.582724 0.066757 3.293785
v 0.590077 0.200988 3.293264
v 0.603688 0.334658 3.292443
v 0.622049 0.467728 3.291401
v 0.645139 0.600062 3.290091
v 0.676410 0.730725 3.288374
v 0.724653 0.856161 3.286148
v 0.799836 0.967547 3.283586
v 0.568589 0.066778 3.139367
v 0.576666 0.200977 3.138809
v 0.592078 0.334488 3.137891
v 0.613335 0.467164 3.136696
v 0.639516 0.598962 3.135245
v 0.672858 0.729163 3.133471
v 0.721704 0.854402 3.131296
v 0.796885 0.965827 3.128836
v 0.555776 0.066795 2.984814
v 0.564851 0.200926 2.984210
v 0.582451 0.334163 2.983198
v 0.606678 0.466335 2.981892
v 0.635539 0.597587 2.980356
v 0.670515 0.727376 2.978556
v 0.720278 0.852261 2.976428
v 0.796130 0.963238 2.974108
v 0.544013 0.066800 2.830157
v 0.554398 0.200817 2.829499
v 0.574550 0.333668 2.828406
v 0.601835 0.465230 2.827025
v 0.633099 0.595923 2.825444
v 0.669283 0.725380 2.823687
v 0.719717 0.849988 2.821622
v 0.796065 0.960573 2.819462
v 0.533132 0.066804 2.675413
v 0.545132 0.200652 2.674700
v 0.568181 0.332999 2.673542
v 0.598653 0.463837 2.672121
v 0.632175 0.593952 2.670548
v 0.669238 0.723144 2.668888
v 0.719801 0.847692 2.666897
v 0.796123 0.958260 2.664890
v 0.523095 0.066809 2.520588
v 0.536967 0.200443 2.519829
v 0.563222 0.332162 2.518627
v 0.597019 0.462162 2.517201
v 0.632705 0.591682 2.515691
v 0.670339 0.720686 2.514143
v 0.720437 0.845359 2.512236
v 0.796015 0.956419 2.510380
v 0.513991 0.066816 2.365684
v 0.529904 0.200194 2.364894
v 0.559571 0.331166 2.363679
v 0.596789 0.460215 2.362299
v 0.634536 0.589130 2.360882
v 0.672376 0.718040 2.359438
v 0.721330 0.843142 2.357623
v 0.795442 0.955172 2.355912
v 0.640010 1.053048 3.446456
v 0.640923 1.045544 3.291873
v 0.641842 1.038819 3.137298
v 0.642799 1.032863 2.982738
v 0.643830 1.027607 2.828204
v 0.644956 1.022894 2.673705
v 0.646191 1.018468 2.519247
v 0.647571 1.013992 2.364838
v 0.762024 1.108968 3.443604
v 0.762100 1.103273 3.289185
v 0.762038 1.098543 3.134768
v 0.761923 1.094655 2.980377
v 0.761912 1.091316 2.826019
v 0.762110 1.088256 2.671674
v 0.762405 1.085479 2.517314
v 0.762515 1.083197 2.362922
v 0.863857 1.196356 3.439184
v 0.864112 1.190446 3.285144
v 0.863534 1.186288 3.131068
v 0.862048 1.183941 2.976992
v 0.860188 1.182636 2.822930
v 0.858638 1.181436 2.668856
v 0.857132 1.180506 2.514744
v 0.855161 1.180291 2.360581
v 0.960026 1.289946 3.434115
v 0.959203 1.285109 3.280428
v 0.958252 1.281288 3.126810
v 0.956616 1.279086 2.973193
v 0.954278 1.278287 2.819526
v 0.951442 1.278385 2.665798
v 0.948070 1.279243 2.512024
v 0.943858 1.281077 2.358207
v 0.905467 1.056648 3.435322
v 1.018968 1.128470 3.432435
v 1.111006 1.226894 3.430206
v 1.073959 1.324286 3.430322
v 0.901664 1.055216 3.280869
v 1.015535 1.126560 3.278319
v 1.108736 1.223911 3.276462
v 1.072462 1.321573 3.276861
v 0.899065 1.053123 3.126372
v 1.012735 1.124868 3.124091
v 1.106740 1.221538 3.122625
v 1.070992 1.319378 3.123293
v 0.898313 1.050524 2.971863
v 1.011970 1.122244 2.969772
v 1.104959 1.219926 2.968597
v 1.069195 1.317765 2.969650
v 0.898356 1.047644 2.817391
v 1.011423 1.120193 2.815434
v 1.102982 1.219237 2.814366
v 1.066880 1.316982 2.815956
v 0.898020 1.045763 2.662927
v 1.010259 1.119552 2.661014
v 1.100616 1.219693 2.659967
v 1.063991 1.317276 2.662199
v 0.896906 1.045084 2.508474
v 1.007880 1.120783 2.506510
v 1.097765 1.221345 2.505470
v 1.060445 1.318690 2.508344
v 0.894922 1.045426 2.354032
v 1.004634 1.122933 2.351965
v 1.093880 1.223971 2.350932
v 1.056071 1.321101 2.354381
v 0.505952 0.066825 2.210701
v 0.523974 0.199912 2.209907
v 0.557105 0.330043 2.208713
v 0.597742 0.458054 2.207420
v 0.637442 0.586367 2.206112
v 0.675218 0.715269 2.204769
v 0.722458 0.841013 2.203044
v 0.794352 0.954471 2.201465
v 0.499071 0.066834 2.055646
v 0.519192 0.199599 2.054876
v 0.555655 0.328838 2.053739
v 0.599533 0.455770 2.052553
v 0.641064 0.583497 2.051362
v 0.678689 0.712437 2.050119
v 0.723858 0.838937 2.048492
v 0.792877 0.954163 2.047028
v 0.493358 0.066845 1.900534
v 0.515562 0.199258 1.899810
v 0.555058 0.327612 1.898761
v 0.601756 0.453532 1.897694
v 0.644939 0.580709 1.896619
v 0.682429 0.709686 1.895476
v 0.725485 0.836918 1.893966
v 0.791264 0.954029 1.892594
v 0.488718 0.066862 1.745382
v 0.512965 0.198917 1.744722
v 0.555079 0.326436 1.743783
v 0.603942 0.451530 1.742836
v 0.648382 0.578271 1.741864
v 0.685790 0.707269 1.740821
v 0.727051 0.835091 1.739450
v 0.789707 0.953905 1.738160
v 0.484976 0.066883 1.590211
v 0.511051 0.198594 1.589627
v 0.555316 0.325387 1.588805
v 0.605557 0.449951 1.587969
v 0.650578 0.576505 1.587080
v 0.687810 0.705571 1.586135
v 0.727933 0.833761 1.584929
v 0.788205 0.953807 1.583731
v 0.481957 0.066902 1.435031
v 0.509549 0.198310 1.434527
v 0.555508 0.324512 1.433824
v 0.606500 0.448786 1.433093
v 0.651292 0.575441 1.432279
v 0.687737 0.704751 1.431446
v 0.727051 0.833222 1.430407
v 0.786109 0.953914 1.429308
v 0.479535 0.066917 1.279849
v 0.508339 0.198071 1.279429
v 0.555714 0.323762 1.278841
v 0.607357 0.447772 1.278209
v 0.651703 0.574598 1.277479
v 0.686737 0.704324 1.276762
v 0.724379 0.833321 1.275896
v 0.782056 0.954696 1.274930
v 0.477619 0.066926 1.124665
v 0.507339 0.197880 1.124332
v 0.555974 0.323111 1.123858
v 0.608687 0.446679 1.123315
v 0.653643 0.573298 1.122682
v 0.688154 0.703173 1.122089
v 0.723810 0.832742 1.121366
v 0.778502 0.955472 1.120541
v 0.649107 1.009208 2.210464
v 0.650641 1.004310 2.056087
v 0.651899 0.999861 1.901687
v 0.652633 0.996408 1.747275
v 0.652892 0.993940 1.592875
v 0.653100 0.991951 1.438506
v 0.653580 0.989960 1.284165
v 0.654694 0.987520 1.129830
v 0.762109 1.081621 2.208492
v 0.760854 1.080983 2.054021
v 0.758377 1.081693 1.899548
v 0.754451 1.084002 1.745161
v 0.749643 1.087106 1.590872
v 0.744808 1.090077 1.436635
v 0.740819 1.092079 1.282373
v 0.738366 1.092601 1.128043
v 0.852280 1.181091 2.206385
v 0.847884 1.183254 2.052184
v 0.841312 1.187296 1.898039
v 0.832529 1.193257 1.744048
v 0.823683 1.199149 1.589982
v 0.815251 1.204446 1.435769
v 0.808028 1.208414 1.281355
v 0.802704 1.210583 1.126764
v 0.938786 1.283840 2.204316
v 0.932508 1.287606 2.050387
v 0.923856 1.293242 1.896556
v 0.914207 1.299940 1.742809
v 0.904527 1.306512 1.588881
v 0.895308 1.312425 1.434711
v 0.886934 1.317243 1.280287
v 0.879752 1.320728 1.125608
v 0.892237 1.046458 2.199617
v 1.000471 1.126026 2.197449
v 1.087798 1.228707 2.196486
v 1.050297 1.325892 2.200443
v 0.888603 1.048398 2.045236
v 0.995328 1.129979 2.043000
v 1.080991 1.234020 2.042081
v 1.043456 1.331123 2.046508
v 0.884361 1.050869 1.890886
v 0.989577 1.134397 1.888636
v 1.073579 1.239777 1.887752
v 1.034850 1.336375 1.892528
v 0.880005 1.053358 1.736547
v 0.983585 1.138924 1.734345
v 1.065702 1.245798 1.733515
v 1.025631 1.341835 1.738542
v 0.875658 1.055780 1.582199
v 0.977424 1.143508 1.580122
v 1.057535 1.251921 1.579366
v 1.016296 1.347464 1.584531
v 0.871373 1.057772 1.427831
v 0.970600 1.148399 1.425973
v 1.049150 1.258010 1.425304
v 1.007146 1.353228 1.430490
v 0.865802 1.059803 1.273508
v 0.962836 1.152810 1.271858
v 1.039818 1.263569 1.271392
v 0.998419 1.359072 1.276409
v 0.859720 1.062525 1.119219
v 0.954892 1.157408 1.117767
v 1.030773 1.268924 1.117592
v 0.990370 1.364879 1.122265
v 0.476152 0.066927 0.969481
v 0.506439 0.197751 0.969238
v 0.556001 0.322638 0.968875
v 0.609906 0.445730 0.968403
v 0.656690 0.571710 0.967892
v 0.693068 0.701106 0.967501
v 0.727455 0.831051 0.966918
v 0.776097 0.956291 0.966133
v 0.475119 0.066922 0.814296
v 0.505598 0.197700 0.814147
v 0.555247 0.322540 0.813900
v 0.609284 0.445603 0.813486
v 0.657032 0.571229 0.813045
v 0.696136 0.699833 0.812861
v 0.731807 0.829436 0.812564
v 0.775443 0.956460 0.811712
v 0.474518 0.066911 0.659106
v 0.504658 0.197763 0.659058
v 0.553102 0.323042 0.658946
v 0.604909 0.447040 0.658658
v 0.649868 0.573687 0.658365
v 0.688055 0.702480 0.658425
v 0.725984 0.831379 0.658395
v 0.773547 0.957040 0.657241
v 0.474388 0.066895 0.503911
v 0.503599 0.197948 0.503969
v 0.549384 0.324185 0.504037
v 0.596497 0.450016 0.504045
v 0.636199 0.578446 0.504253
v 0.670910 0.708325 0.504798
v 0.712516 0.836183 0.504773
v 0.777796 0.953715 0.502723
v 0.474751 0.066878 0.348708
v 0.502648 0.198202 0.348879
v 0.545399 0.325463 0.349152
v 0.588388 0.452683 0.349485
v 0.625071 0.581937 0.349898
v 0.663004 0.710844 0.350202
v 0.722809 0.831209 0.350908
v 0.808573 0.934564 0.352680
v 0.475629 0.066860 0.193498
v 0.502249 0.198433 0.193785
v 0.543591 0.326141 0.194243
v 0.586705 0.453288 0.194779
v 0.624756 0.582075 0.195119
v 0.666819 0.709624 0.195470
v 0.738708 0.823063 0.197783
v 0.835346 0.916302 0.201753
v 0.477066 0.066841 0.038283
v 0.502886 0.198548 0.038692
v 0.545730 0.325736 0.039371
v 0.593747 0.451076 0.040277
v 0.636953 0.578128 0.040887
v 0.680485 0.705106 0.041361
v 0.745403 0.822651 0.043766
v 0.834833 0.922802 0.047565
v 0.479278 0.066821 -0.116936
v 0.504889 0.198550 -0.116389
v 0.551009 0.324581 -0.115407
v 0.605527 0.447215 -0.113937
v 0.655827 0.571614 -0.112550
v 0.700953 0.697962 -0.111825
v 0.751882 0.822183 -0.110258
v 0.822251 0.936505 -0.105634
v 0.656642 0.984392 0.975470
v 0.659449 0.980573 0.821064
v 0.662914 0.976297 0.666590
v 0.666718 0.971901 0.512031
v 0.670698 0.967558 0.357412
v 0.674747 0.963197 0.202728
v 0.678704 0.958943 0.047963
v 0.682194 0.954932 -0.106856
v 0.737840 1.091410 0.973656
v 0.739508 1.088459 0.819264
v 0.743159 1.084061 0.664903
v 0.747849 1.078984 0.510541
v 0.753355 1.073515 0.356167
v 0.759328 1.067670 0.201745
v 0.765744 1.061356 0.047303
v 0.771178 1.055615 -0.107198
v 0.799569 1.210781 0.972080
v 0.798800 1.209071 0.817379
v 0.800277 1.205739 0.662682
v 0.803547 1.201299 0.508007
v 0.808932 1.195904 0.353440
v 0.815799 1.189652 0.199018
v 0.823223 1.182847 0.044678
v 0.831083 1.175896 -0.109581
v 0.873943 1.322728 0.970778
v 0.869583 1.323323 0.815876
v 0.866709 1.322596 0.660932
v 0.865874 1.320383 0.505970
v 0.867386 1.316948 0.351038
v 0.871990 1.311760 0.196239
v 0.880562 1.304371 0.041712
v 0.891905 1.295660 -0.112370
v 0.851281 1.067649 0.965099
v 0.944959 1.163948 0.963904
v 1.022734 1.274150 0.963860
v 0.983109 1.370453 0.968045
v 0.843142 1.072529 0.810924
v 0.933063 1.172333 0.810360
v 1.015679 1.278934 0.810184
v 0.976717 1.375539 0.813721
v 0.839065 1.074435 0.656405
v 0.919562 1.182100 0.657112
v 1.009231 1.282767 0.656504
v 0.971329 1.379754 0.659262
v 0.853558 1.064669 0.502722
v 0.934566 1.171834 0.504147
v 1.008415 1.284593 0.502658
v 0.968640 1.380825 0.504785
v 0.893934 1.038241 0.355785
v 0.964451 1.152713 0.354250
v 1.000404 1.282643 0.348761
v 0.967490 1.381603 0.350524
v 0.922756 1.018238 0.204898
v 0.944551 1.150215 0.201581
v 0.965991 1.282406 0.198925
v 0.965566 1.385689 0.196310
v 0.921490 1.025395 0.050585
v 0.988091 1.142154 0.054106
v 1.016011 1.274172 0.053796
v 0.979158 1.371116 0.043619
v 0.907631 1.040019 -0.102627
v 0.991343 1.144910 -0.099988
v 1.044780 1.268514 -0.098209
v 0.993028 1.358403 -0.109221
v 0.482599 0.066813 -0.272150
v 0.508179 0.198554 -0.271446
v 0.556853 0.323643 -0.270162
v 0.616221 0.444024 -0.268274
v 0.672932 0.565647 -0.266248
v 0.723320 0.689986 -0.264595
v 0.771324 0.815286 -0.262970
v 0.828424 0.936711 -0.259964
v 0.487182 0.066822 -0.427337
v 0.512232 0.198677 -0.426478
v 0.560986 0.323739 -0.424970
v 0.621830 0.443385 -0.422941
v 0.681456 0.563623 -0.420807
v 0.733896 0.687167 -0.418789
v 0.782238 0.812352 -0.416624
v 0.839511 0.933591 -0.413873
v 0.493093 0.066833 -0.582481
v 0.516670 0.198947 -0.581498
v 0.563092 0.324880 -0.579807
v 0.622109 0.445387 -0.577715
v 0.680449 0.566162 -0.575587
v 0.731527 0.690186 -0.573341
v 0.781664 0.814591 -0.570788
v 0.846774 0.931759 -0.567940
v 0.500548 0.066854 -0.737555
v 0.521900 0.199313 -0.736496
v 0.564364 0.326591 -0.734683
v 0.619474 0.448916 -0.732500
v 0.674560 0.571243 -0.730188
v 0.724876 0.695610 -0.727702
v 0.779253 0.818257 -0.724997
v 0.852344 0.930704 -0.722031
v 0.509764 0.066890 -0.892519
v 0.528626 0.199737 -0.891438
v 0.566670 0.328400 -0.889550
v 0.617102 0.452755 -0.887288
v 0.668941 0.576531 -0.884787
v 0.719562 0.700814 -0.882118
v 0.778651 0.821305 -0.879286
v 0.857932 0.929516 -0.876134
v 0.520679 0.066925 -1.047353
v 0.536835 0.200143 -1.046308
v 0.570410 0.330045 -1.044414
v 0.616164 0.456233 -1.042093
v 0.665176 0.581194 -1.039455
v 0.716328 0.705298 -1.036612
v 0.779295 0.823826 -1.033646
v 0.863339 0.928409 -1.030301
v 0.533255 0.066959 -1.202038
v 0.546456 0.200525 -1.201092
v 0.575259 0.331578 -1.199274
v 0.616379 0.459373 -1.196899
v 0.662811 0.585355 -1.194160
v 0.714507 0.709273 -1.191165
v 0.780695 0.826058 -1.188059
v 0.868657 0.927413 -1.184534
v 0.547419 0.066994 -1.356562
v 0.557527 0.200873 -1.355773
v 0.581171 0.332990 -1.354112
v 0.617374 0.462311 -1.351722
v 0.661280 0.589265 -1.348876
v 0.713656 0.712918 -1.345778
v 0.782798 0.828013 -1.342511
v 0.873949 0.926572 -1.338824
v 0.685443 0.951360 -0.261665
v 0.688702 0.948013 -0.416465
v 0.692080 0.944847 -0.571273
v 0.695778 0.941739 -0.726089
v 0.699373 0.939238 -0.880946
v 0.702596 0.938007 -1.035859
v 0.705312 0.938330 -1.190805
v 0.707505 0.940084 -1.345767
v 0.776281 1.050335 -0.261726
v 0.781240 1.045381 -0.416256
v 0.786622 1.040297 -0.570748
v 0.793045 1.034361 -0.725131
v 0.800324 1.027820 -0.879401
v 0.807359 1.022038 -1.033777
v 0.813228 1.018317 -1.188334
v 0.817992 1.016471 -1.342982
v 0.839140 1.169080 -0.263763
v 0.847298 1.162369 -0.417886
v 0.856471 1.155114 -0.571928
v 0.867325 1.146343 -0.725785
v 0.880592 1.135461 -0.879212
v 0.894062 1.124553 -1.032527
v 0.904592 1.116790 -1.186298
v 0.911496 1.112881 -1.340386
v 0.904189 1.286591 -0.266174
v 0.916757 1.277380 -0.419832
v 0.929688 1.267829 -0.573333
v 0.943487 1.257135 -0.726536
v 0.958979 1.244596 -0.879251
v 0.975536 1.231253 -1.031503
v 0.987664 1.222412 -1.184465
v 0.993412 1.219355 -1.337964
v 0.906388 1.046041 -0.257034
v 0.994214 1.147484 -0.254094
v 1.065135 1.261920 -0.251717
v 1.006500 1.347428 -0.262478
v 0.920011 1.040914 -0.410752
v 1.014166 1.136449 -0.406555
v 1.081207 1.253126 -0.405586
v 1.019950 1.336774 -0.415845
v 0.934703 1.032974 -0.564256
v 1.031192 1.126165 -0.559758
v 1.095958 1.244118 -0.559463
v 1.033211 1.326664 -0.569223
v 0.946061 1.026599 -0.718015
v 1.044497 1.117604 -0.713550
v 1.109953 1.235159 -0.713275
v 1.046385 1.317082 -0.722517
v 0.955722 1.021252 -0.871955
v 1.056484 1.109642 -0.867517
v 1.123343 1.226395 -0.867057
v 1.059609 1.308213 -0.875650
v 0.964505 1.016436 -1.026023
v 1.067439 1.102322 -1.021616
v 1.136036 1.218071 -1.020875
v 1.072633 1.300197 -1.028663
v 0.972703 1.012092 -1.180199
v 1.077537 1.095730 -1.175846
v 1.147790 1.210503 -1.174803
v 1.084105 1.292513 -1.181653
v 0.980285 1.008463 -1.334497
v 1.086826 1.090017 -1.330238
v 1.158375 1.204025 -1.328869
v 1.093012 1.284860 -1.334522
v 0.562931 0.067029 -1.510928
v 0.570086 0.201162 -1.510334
v 0.588493 0.334177 -1.508907
v 0.619500 0.464894 -1.506580
v 0.660825 0.592775 -1.503655
v 0.713848 0.716200 -1.500434
v 0.785491 0.829797 -1.496980
v 0.879092 0.926087 -1.493164
v 0.579442 0.067057 -1.665162
v 0.584094 0.201367 -1.664762
v 0.597792 0.335029 -1.663611
v 0.623789 0.466914 -1.661448
v 0.662203 0.595719 -1.658510
v 0.715159 0.719202 -1.655132
v 0.788318 0.831849 -1.651469
v 0.883555 0.926529 -1.647563
v 0.596654 0.067073 -1.819294
v 0.599433 0.201473 -1.819058
v 0.609375 0.335533 -1.818175
v 0.630915 0.468228 -1.816246
v 0.665959 0.597999 -1.813395
v 0.717434 0.722126 -1.809874
v 0.790650 0.834739 -1.805996
v 0.886713 0.928568 -1.802018
v 0.614405 0.067087 -1.973345
v 0.615903 0.201513 -1.973233
v 0.623053 0.335760 -1.972580
v 0.640678 0.469032 -1.970929
v 0.671984 0.599754 -1.968236
v 0.720505 0.725080 -1.964666
v 0.792322 0.838603 -1.960577
v 0.888368 0.932447 -1.956509
v 0.632541 0.067091 -2.127337
v 0.633233 0.201514 -2.127306
v 0.638407 0.335850 -2.126832
v 0.652659 0.469522 -2.125463
v 0.679943 0.601139 -2.123007
v 0.724678 0.727868 -2.119512
v 0.793571 0.843231 -2.115221
v 0.888662 0.938066 -2.111013
v 0.650788 0.067091 -2.281309
v 0.651135 0.201497 -2.281308
v 0.655064 0.335864 -2.280951
v 0.666510 0.469797 -2.279840
v 0.689758 0.602180 -2.277674
v 0.730134 0.730365 -2.274337
v 0.795104 0.847990 -2.269956
v 0.888023 0.945042 -2.265521
v 0.668569 0.067087 -2.435330
v 0.669070 0.201473 -2.435298
v 0.672500 0.335834 -2.434981
v 0.681846 0.469915 -2.434076
v 0.701341 0.602885 -2.432222
v 0.737239 0.732379 -2.429113
v 0.797786 0.852338 -2.424775
v 0.887368 0.952464 -2.420109
v 0.685182 0.067083 -2.589480
v 0.686294 0.201453 -2.589365
v 0.689969 0.335796 -2.589003
v 0.698040 0.469947 -2.588221
v 0.714327 0.603333 -2.586659
v 0.745948 0.733925 -2.583815
v 0.802383 0.855849 -2.579567
v 0.888117 0.959270 -2.574774
v 0.709099 0.943320 -1.500729
v 0.709960 0.948313 -1.655664
v 0.710104 0.955116 -1.810539
v 0.709659 0.963507 -1.965333
v 0.708776 0.973238 -2.120046
v 0.707532 0.984227 -2.274673
v 0.705875 0.996643 -2.429187
v 0.703744 1.010712 -2.583560
v 0.821908 1.016231 -1.497700
v 0.824852 1.017927 -1.652461
v 0.826781 1.021680 -1.807213
v 0.827802 1.027409 -1.961931
v 0.828021 1.035062 -2.116577
v 0.827547 1.044544 -2.271109
v 0.826507 1.055744 -2.425502
v 0.825026 1.068488 -2.579766
v 0.917523 1.110542 -1.494528
v 0.922721 1.109930 -1.648719
v 0.926038 1.112150 -1.802950
v 0.927781 1.117053 -1.957150
v 0.928467 1.124177 -2.111263
v 0.928292 1.133305 -2.265273
v 0.927508 1.144185 -2.419167
v 0.926362 1.156523 -2.572953
v 1.001769 1.215156 -1.491251
v 1.008544 1.213271 -1.644589
v 1.011830 1.215476 -1.797976
v 1.013748 1.220205 -1.951309
v 1.014934 1.226868 -2.104592
v 1.015501 1.235331 -2.257827
v 1.015656 1.245352 -2.411028
v 1.015558 1.256727 -2.564204
v 0.987150 1.005780 -1.488928
v 1.095131 1.085534 -1.484838
v 1.167578 1.199058 -1.483065
v 1.101889 1.279827 -1.487275
v 0.992928 1.004433 -1.643487
v 1.101941 1.082832 -1.639612
v 1.175056 1.196011 -1.637401
v 1.109329 1.276886 -1.640163
v 0.997115 1.004989 -1.798146
v 1.106898 1.082317 -1.794486
v 1.178061 1.196833 -1.791810
v 1.113062 1.278322 -1.793208
v 0.999382 1.007975 -1.952846
v 1.109483 1.084883 -1.949401
v 1.180181 1.199676 -1.946138
v 1.115808 1.281642 -1.946250
v 0.999909 1.013291 -2.107502
v 1.110342 1.089816 -2.104159
v 1.181451 1.204304 -2.100319
v 1.117840 1.286832 -2.099290
v 0.999034 1.020659 -2.262038
v 1.109904 1.096579 -2.258763
v 1.181962 1.210418 -2.254351
v 1.119328 1.293658 -2.252330
v 0.997452 1.029539 -2.416461
v 1.108809 1.104786 -2.413209
v 1.181992 1.217849 -2.408237
v 1.120463 1.301880 -2.405373
v 0.996034 1.039309 -2.570804
v 1.107601 1.114165 -2.567452
v 1.181814 1.226480 -2.561992
v 1.121388 1.311280 -2.558422
v 0.700329 0.067085 -2.743779
v 0.702356 0.201454 -2.743556
v 0.706920 0.335777 -2.743079
v 0.714554 0.469954 -2.742332
v 0.728333 0.603611 -2.741010
v 0.755930 0.735097 -2.738447
v 0.808278 0.858813 -2.734308
v 0.890250 0.965197 -2.729425
v 0.714720 0.067096 -2.898147
v 0.717636 0.201486 -2.897816
v 0.723298 0.335799 -2.897205
v 0.731124 0.469980 -2.896430
v 0.743141 0.603802 -2.895286
v 0.767003 0.736000 -2.893010
v 0.815150 0.861396 -2.888986
v 0.893954 0.970115 -2.884027
v 0.730333 0.067112 -3.052392
v 0.733659 0.201532 -3.051992
v 0.739900 0.335842 -3.051294
v 0.747976 0.470038 -3.050488
v 0.758773 0.603974 -3.049478
v 0.779241 0.736715 -3.047491
v 0.822912 0.863711 -3.043592
v 0.898891 0.974377 -3.038517
v 0.750010 0.067117 -3.206162
v 0.753031 0.201562 -3.205771
v 0.758773 0.335903 -3.205102
v 0.766258 0.470139 -3.204364
v 0.775662 0.604192 -3.203528
v 0.792839 0.737368 -3.201861
v 0.831589 0.865908 -3.198116
v 0.904152 0.978813 -3.192859
v 0.778095 0.067094 -3.358610
v 0.780246 0.201516 -3.358341
v 0.784129 0.335881 -3.357952
v 0.789318 0.470174 -3.357555
v 0.795831 0.604356 -3.357164
v 0.808662 0.737990 -3.356023
v 0.841150 0.868194 -3.352583
v 0.908785 0.984100 -3.347082
v 0.819838 0.067052 -3.507893
v 0.820456 0.201339 -3.508014
v 0.821401 0.335609 -3.508312
v 0.822591 0.469883 -3.508799
v 0.823975 0.604137 -3.509520
v 0.829795 0.738217 -3.509557
v 0.852811 0.870349 -3.506986
v 0.912110 0.990628 -3.501267
v 0.872704 0.067023 -3.653635
v 0.871831 0.201227 -3.654266
v 0.870157 0.335381 -3.655397
v 0.867496 0.469524 -3.657021
v 0.863285 0.603640 -3.659350
v 0.860435 0.737783 -3.661504
v 0.870474 0.871526 -3.660948
v 0.914969 0.997986 -3.655537
v 0.933744 0.067057 -3.796651
v 0.932177 0.201288 -3.797556
v 0.929164 0.335420 -3.799211
v 0.924067 0.469462 -3.801736
v 0.915724 0.603336 -3.805595
v 0.905222 0.737054 -3.810378
v 0.900642 0.871099 -3.813460
v 0.923258 1.003299 -3.810318
v 0.701100 1.026734 -2.737740
v 0.697882 1.045007 -2.891666
v 0.694008 1.065701 -3.045280
v 0.689443 1.088976 -3.198510
v 0.684253 1.114934 -3.351281
v 0.678611 1.143015 -3.503643
v 0.672655 1.172959 -3.655616
v 0.666453 1.204959 -3.807143
v 0.823212 1.082708 -2.733896
v 0.821059 1.098582 -2.887859
v 0.818567 1.115983 -3.041668
v 0.815664 1.134934 -3.195332
v 0.811575 1.157776 -3.348417
v 0.806565 1.183938 -3.500989
v 0.800650 1.213669 -3.652806
v 0.794632 1.244959 -3.804265
v 0.925018 1.170148 -2.726635
v 0.923660 1.185068 -2.880190
v 0.922763 1.200547 -3.033697
v 0.922785 1.215639 -3.187244
v 0.924091 1.230916 -3.340763
v 0.924866 1.247181 -3.494257
v 0.919713 1.275447 -3.645890
v 0.914701 1.304718 -3.797235
v 1.015317 1.269318 -2.717376
v 1.014997 1.283249 -2.870530
v 1.015039 1.297820 -3.023724
v 1.016004 1.311931 -3.177045
v 1.021900 1.322612 -3.330579
v 1.030906 1.328988 -3.484042
v 1.028221 1.353854 -3.635860
v 1.022263 1.384669 -3.786550
v 0.995116 1.049099 -2.725088
v 1.106265 1.124485 -2.721488
v 1.181464 1.236101 -2.715669
v 1.122228 1.321707 -2.711468
v 0.995904 1.057426 -2.879401
v 1.105384 1.135061 -2.875399
v 1.180865 1.246472 -2.869299
v 1.123132 1.333077 -2.864521
v 0.999093 1.063583 -3.033712
v 1.105553 1.145176 -3.029327
v 1.179996 1.257292 -3.022926
v 1.124278 1.345250 -3.017607
v 1.002215 1.070349 -3.187924
v 1.106146 1.155142 -3.183354
v 1.180778 1.267152 -3.176754
v 1.126594 1.356085 -3.170896
v 1.003628 1.079051 -3.342009
v 1.106012 1.165762 -3.337454
v 1.182660 1.276322 -3.330759
v 1.132932 1.367999 -3.323973
v 1.004872 1.087625 -3.496037
v 1.104788 1.177223 -3.491551
v 1.184329 1.285603 -3.484991
v 1.141359 1.381063 -3.476850
v 1.000953 1.101017 -3.649658
v 1.099819 1.191875 -3.645351
v 1.177333 1.301860 -3.638689
v 1.138090 1.397551 -3.629797
v 0.992960 1.117908 -3.803255
v 1.090234 1.210575 -3.798875
v 1.163634 1.323793 -3.792058
v 1.125646 1.415984 -3.782319
v 0.595387 0.066965 -4.661083
v 0.591475 0.200848 -4.655289
v 0.586926 0.334818 -4.648635
v 0.582351 0.468873 -4.641989
v 0.578947 0.603103 -4.637246
v 0.578200 0.737497 -4.637202
v 0.581374 0.871658 -4.644659
v 0.588840 1.004946 -4.660372
v 0.544574 0.067146 -4.715375
v 0.540429 0.201399 -4.709489
v 0.533394 0.335329 -4.700521
v 0.525042 0.468984 -4.689712
v 0.517931 0.602769 -4.680093
v 0.514156 0.737037 -4.675420
v 0.515359 0.871412 -4.679371
v 0.522205 1.004864 -4.693882
v 0.713074 0.066969 -4.576002
v 0.709936 0.200879 -4.570991
v 0.707342 0.334950 -4.567062
v 0.705785 0.469188 -4.565053
v 0.705586 0.603547 -4.565758
v 0.707298 0.737866 -4.570278
v 0.711691 0.871860 -4.580122
v 0.719625 1.005033 -4.596720
v 0.886252 0.067243 -4.513319
v 0.882389 0.201137 -4.505861
v 0.878682 0.335006 -4.498847
v 0.876583 0.469061 -4.495315
v 0.876308 0.603192 -4.495600
v 0.877808 0.737271 -4.499512
v 0.881411 0.871141 -4.507629
v 0.888231 1.004414 -4.521570
v 0.794069 0.067166 -4.549393
v 0.790008 0.201037 -4.541434
v 0.786431 0.335008 -4.534827
v 0.784595 0.469194 -4.532081
v 0.784505 0.603435 -4.532957
v 0.786384 0.737573 -4.537836
v 0.790669 0.871405 -4.547498
v 0.798385 1.004476 -4.563492
v 1.106704 0.067045 -4.282683
v 1.107800 0.201269 -4.283002
v 1.108460 0.335512 -4.283720
v 1.107324 0.469731 -4.285102
v 1.105761 0.603933 -4.287074
v 1.103729 0.738072 -4.289657
v 1.101437 0.872072 -4.292780
v 1.098017 1.005856 -4.295593
v 1.050323 0.066962 -4.401288
v 1.052076 0.200812 -4.401914
v 1.052116 0.334674 -4.402304
v 1.053471 0.468477 -4.404768
v 1.055140 0.602266 -4.408045
v 1.057240 0.736110 -4.412156
v 1.059429 0.870119 -4.416767
v 1.060352 1.004419 -4.420916
v 0.982134 0.067227 -4.472267
v 0.979786 0.201207 -4.468699
v 0.977856 0.335071 -4.466819
v 0.976722 0.468824 -4.466276
v 0.976752 0.602532 -4.467439
v 0.977995 0.736243 -4.470396
v 0.980761 0.869921 -4.475762
v 0.986093 1.003378 -4.485311
v 1.001435 0.067092 -3.937656
v 1.000080 0.201489 -3.938441
v 0.997021 0.335785 -3.940085
v 0.991390 0.469955 -3.942836
v 0.981468 0.603821 -3.947422
v 0.966483 0.737139 -3.954242
v 0.950343 0.870257 -3.961747
v 0.946815 1.004342 -3.964725
v 1.067124 0.067085 -4.082417
v 1.066431 0.201577 -4.082878
v 1.064204 0.336038 -4.084099
v 1.059729 0.470419 -4.086303
v 1.051607 0.604579 -4.090030
v 1.037746 0.738157 -4.096278
v 1.018256 0.870864 -4.105379
v 1.000357 1.003803 -4.114242
v 1.104898 0.067050 -4.199056
v 1.104446 0.201476 -4.199415
v 1.103310 0.335909 -4.200242
v 1.100738 0.470315 -4.201756
v 1.096581 0.604659 -4.203993
v 1.089793 0.738810 -4.207247
v 1.077146 0.872309 -4.212835
v 1.057748 1.004699 -4.222400
v 0.659942 1.239560 -3.958064
v 0.652974 1.277003 -4.108269
v 0.645520 1.317309 -4.257698
v 0.637589 1.360976 -4.406100
v 0.628321 1.414900 -4.550836
v 0.600449 1.136662 -4.684384
v 0.616390 1.265853 -4.717812
v 0.633141 1.396641 -4.744391
v 0.610610 1.473257 -4.692424
v 0.533077 1.136972 -4.716198
v 0.547538 1.267081 -4.746170
v 0.561035 1.397566 -4.774957
v 0.559897 1.467913 -4.775573
v 0.788575 1.278071 -3.955326
v 0.782186 1.313582 -4.105749
v 0.775579 1.350551 -4.255832
v 0.768146 1.392067 -4.404697
v 0.758082 1.447195 -4.548742
v 0.731542 1.136598 -4.621558
v 0.747132 1.266032 -4.654187
v 0.760914 1.398253 -4.674715
v 0.756365 1.472019 -4.642101
v 0.911970 1.330594 -3.949405
v 0.907072 1.362777 -4.100397
v 0.900383 1.399722 -4.250087
v 0.894404 1.436843 -4.399653
v 0.895871 1.137340 -4.538173
v 0.905617 1.269181 -4.560248
v 0.907633 1.402743 -4.570610
v 0.878371 1.470067 -4.537866
v 0.809488 1.136244 -4.586675
v 0.823494 1.266600 -4.615748
v 0.831314 1.399465 -4.633955
v 0.826048 1.467590 -4.629945
v 1.026047 1.400867 -3.939801
v 1.026209 1.424035 -4.092038
v 1.094592 1.139344 -4.297326
v 1.095253 1.272836 -4.298696
v 1.093163 1.407103 -4.300148
v 1.022959 1.458472 -4.242981
v 1.057734 1.138842 -4.423057
v 1.050988 1.273132 -4.422163
v 1.028006 1.405422 -4.413575
v 0.977472 1.468892 -4.397565
v 0.990901 1.137009 -4.495010
v 0.990952 1.271296 -4.500167
v 0.978955 1.404976 -4.494467
v 0.962743 1.471842 -4.479973
v 0.988594 1.131686 -3.958305
v 1.078237 1.231647 -3.952654
v 1.147270 1.347533 -3.945392
v 1.117126 1.436833 -3.935034
v 0.998916 1.138026 -4.116325
v 1.062660 1.255845 -4.108145
v 1.128150 1.372863 -4.099196
v 1.108527 1.456960 -4.088306
v 1.047388 1.138347 -4.228538
v 1.051033 1.272399 -4.228228
v 1.109966 1.392663 -4.216620
v 1.099593 1.466224 -4.191620
vn -0.3999 -0.6672 0.6285
vn -0.5168 -0.0278 0.8556
vn -0.4148 0.1781 0.8923
vn -0.3189 0.2455 0.9155
vn -0.1812 -0.8063 0.5631
vn -0.3670 -0.0278 0.9298
vn -0.3869 0.2225 0.8949
vn -0.3500 0.2842 0.8926
vn -0.1063 -0.9037 0.4148
vn -0.3420 -0.1266 0.9311
vn -0.3629 0.2311 0.9027
vn -0.3591 0.2966 0.8849
vn -0.2777 -0.5940 0.7550
vn -0.3004 0.0676 0.9514
vn -0.2484 0.2043 0.9469
vn -0.2991 0.2571 0.9189
vn -0.1542 -0.9351 0.3191
vn -0.3938 -0.0889 0.9149
vn -0.3105 0.2241 0.9238
vn -0.3335 0.2840 0.8990
vn -0.0734 -0.6671 0.7414
vn -0.1177 0.1181 0.9860
vn -0.1887 0.1631 0.9684
vn -0.2588 0.2183 0.9409
vn 0.0194 -0.9966 -0.0796
vn 0.0962 -0.7078 0.6998
vn 0.0644 -0.1084 0.9920
vn -0.1334 0.1071 0.9853
vn -0.2195 0.1642 0.9617
vn 0.0974 -0.9793 0.1776
vn 0.1659 -0.3571 0.9192
vn -0.0099 0.0363 0.9993
vn -0.1183 0.1009 0.9878
vn 0.0082 -0.9777 0.2098
vn 0.1841 -0.4421 0.8779
vn 0.1486 -0.0535 0.9874
vn 0.0502 0.0225 0.9985
vn 0.0335 -0.9530 0.3012
vn 0.2420 -0.4081 0.8803
vn 0.2864 -0.1230 0.9502
vn 0.2411 -0.0606 0.9686
vn -0.2594 0.2318 0.9375
vn -0.2159 0.1499 0.9648
vn -0.1567 0.0582 0.9859
vn -0.1090 0.0230 0.9938
vn -0.0902 0.0145 0.9958
vn -0.0837 0.0085 0.9965
vn -0.0784 0.0099 0.9969
vn -0.0724 0.0180 0.9972
vn -0.3215 0.2566 0.9115
vn -0.2856 0.1909 0.9391
vn -0.2274 0.1096 0.9676
vn -0.1692 0.0541 0.9841
vn -0.1335 0.0287 0.9906
vn -0.1145 0.0172 0.9933
vn -0.1035 0.0153 0.9945
vn -0.0986 0.0209 0.9949
vn -0.3534 0.2780 0.8932
vn -0.3322 0.2318 0.9143
vn -0.2964 0.1647 0.9408
vn -0.2536 0.1001 0.9621
vn -0.2161 0.0583 0.9746
vn -0.1895 0.0362 0.9812
vn -0.1737 0.0249 0.9845
vn -0.1685 0.0220 0.9855
vn -0.3363 0.2791 0.8994
vn -0.3498 0.2643 0.8988
vn -0.3488 0.2171 0.9117
vn -0.3360 0.1581 0.9285
vn -0.3157 0.1061 0.9429
vn -0.2955 0.0686 0.9529
vn -0.2808 0.0413 0.9589
vn -0.2764 0.0206 0.9608
vn -0.3547 0.2859 0.8902
vn -0.3516 0.2574 0.9001
vn -0.3333 0.2021 0.9209
vn -0.3067 0.1384 0.9417
vn -0.2786 0.0881 0.9563
vn -0.2565 0.0557 0.9649
vn -0.2438 0.0346 0.9692
vn -0.2410 0.0217 0.9703
vn -0.3160 0.2551 0.9138
vn -0.3556 0.2531 0.8997
vn -0.3748 0.2178 0.9012
vn -0.3726 0.1685 0.9126
vn -0.3548 0.1208 0.9271
vn -0.3286 0.0846 0.9407
vn -0.3000 0.0550 0.9524
vn -0.2840 0.0219 0.9586
vn -0.3051 0.2094 0.9290
vn -0.3755 0.2237 0.8994
vn -0.4171 0.2075 0.8849
vn -0.4298 0.1741 0.8860
vn -0.4210 0.1357 0.8969
vn -0.3953 0.1074 0.9122
vn -0.3567 0.0806 0.9307
vn -0.3296 0.0275 0.9437
vn -0.2210 0.1483 0.9639
vn -0.3174 0.1775 0.9315
vn -0.3893 0.1817 0.9030
vn -0.4311 0.1660 0.8869
vn -0.4461 0.1408 0.8838
vn -0.4373 0.1254 0.8905
vn -0.4068 0.1088 0.9070
vn -0.3807 0.0362 0.9240
vn -0.0458 0.0669 0.9967
vn -0.1455 0.1035 0.9839
vn -0.2383 0.1236 0.9633
vn -0.3140 0.1264 0.9410
vn -0.3676 0.1186 0.9224
vn -0.3999 0.1181 0.9089
vn -0.4082 0.1222 0.9047
vn -0.4049 0.0433 0.9133
vn 0.1738 -0.0244 0.9845
vn 0.0957 0.0083 0.9954
vn 0.0099 0.0329 0.9994
vn -0.0765 0.0482 0.9959
vn -0.1578 0.0551 0.9859
vn -0.2335 0.0648 0.9702
vn -0.3045 0.0857 0.9486
vn -0.3516 0.0319 0.9356
vn 0.2285 -0.8964 0.3799
vn 0.4281 -0.4256 0.7972
vn 0.4015 -0.1467 0.9040
vn 0.3908 -0.1110 0.9137
vn 0.3641 -0.0870 0.9273
vn 0.3234 -0.0658 0.9440
vn 0.2689 -0.0474 0.9620
vn 0.2048 -0.0314 0.9783
vn 0.1384 -0.0194 0.9902
vn 0.0753 -0.0067 0.9971
vn 0.0109 0.0122 0.9999
vn -0.0354 0.0046 0.9994
vn -0.0674 0.0314 0.9972
vn -0.0678 0.0432 0.9968
vn -0.0806 0.0449 0.9957
vn -0.1171 0.0260 0.9928
vn -0.1807 -0.0366 0.9828
vn -0.2502 -0.1288 0.9596
vn -0.2973 -0.2118 0.9310
vn -0.3208 -0.2632 0.9098
vn -0.1001 0.0298 0.9945
vn -0.1114 0.0337 0.9932
vn -0.1375 0.0230 0.9902
vn -0.1828 -0.0131 0.9831
vn -0.2409 -0.0854 0.9668
vn -0.2931 -0.1692 0.9410
vn -0.3269 -0.2341 0.9156
vn -0.3455 -0.2766 0.8967
vn -0.1742 0.0212 0.9845
vn -0.1923 0.0123 0.9813
vn -0.2226 -0.0117 0.9748
vn -0.2597 -0.0572 0.9640
vn -0.2936 -0.1278 0.9473
vn -0.3180 -0.2012 0.9265
vn -0.3346 -0.2552 0.9071
vn -0.3459 -0.2906 0.8921
vn -0.2846 0.0033 0.9586
vn -0.3016 -0.0223 0.9532
vn -0.3206 -0.0571 0.9455
vn -0.3368 -0.1036 0.9358
vn -0.3454 -0.1602 0.9247
vn -0.3413 -0.2178 0.9144
vn -0.3292 -0.2677 0.9055
vn -0.3155 -0.2937 0.9024
vn -0.2473 0.0111 0.9689
vn -0.2620 -0.0090 0.9650
vn -0.2834 -0.0417 0.9581
vn -0.3061 -0.0890 0.9478
vn -0.3225 -0.1522 0.9342
vn -0.3286 -0.2169 0.9192
vn -0.3301 -0.2674 0.9053
vn -0.3297 -0.2971 0.8961
vn -0.2958 -0.0103 0.9552
vn -0.3272 -0.0408 0.9441
vn -0.3581 -0.0716 0.9309
vn -0.3794 -0.1136 0.9182
vn -0.3899 -0.1635 0.9062
vn -0.3854 -0.2115 0.8982
vn -0.3634 -0.2550 0.8961
vn -0.3256 -0.2732 0.9052
vn -0.3442 -0.0334 0.9383
vn -0.3879 -0.0704 0.9190
vn -0.4259 -0.0910 0.9002
vn -0.4462 -0.1237 0.8864
vn -0.4517 -0.1652 0.8767
vn -0.4409 -0.2004 0.8749
vn -0.4048 -0.2280 0.8855
vn -0.3367 -0.2287 0.9134
vn -0.3932 -0.0592 0.9175
vn -0.4318 -0.0994 0.8965
vn -0.4590 -0.1054 0.8822
vn -0.4646 -0.1269 0.8764
vn -0.4509 -0.1577 0.8785
vn -0.4147 -0.1787 0.8922
vn -0.3487 -0.1860 0.9186
vn -0.2514 -0.1664 0.9535
vn -0.4089 -0.0776 0.9093
vn -0.4152 -0.1092 0.9031
vn -0.4052 -0.0984 0.9089
vn -0.3764 -0.1081 0.9201
vn -0.3282 -0.1228 0.9366
vn -0.2572 -0.1261 0.9581
vn -0.1656 -0.1141 0.9796
vn -0.0616 -0.0814 0.9948
vn -0.3428 -0.0608 0.9374
vn -0.2899 -0.0721 0.9543
vn -0.2263 -0.0536 0.9726
vn -0.1596 -0.0523 0.9858
vn -0.0834 -0.0503 0.9952
vn 0.0016 -0.0387 0.9993
vn 0.0896 -0.0172 0.9958
vn 0.1731 0.0159 0.9848
vn -0.3570 -0.2704 0.8941
vn -0.4298 -0.2037 0.8797
vn -0.5187 0.0201 0.8547
vn -0.3830 0.6822 0.6228
vn -0.3651 -0.2981 0.8819
vn -0.3944 -0.2398 0.8871
vn -0.3653 0.0265 0.9305
vn -0.1560 0.8255 0.5425
vn -0.3503 -0.3097 0.8840
vn -0.3566 -0.2484 0.9006
vn -0.3372 0.1306 0.9323
vn -0.0892 0.9185 0.3853
vn -0.2884 -0.2825 0.9149
vn -0.2452 -0.2278 0.9423
vn -0.2986 -0.0679 0.9520
vn -0.2682 0.6184 0.7387
vn -0.3155 -0.3021 0.8996
vn -0.2998 -0.2453 0.9219
vn -0.3875 0.0904 0.9174
vn -0.1432 0.9457 0.2918
vn -0.2709 -0.2474 0.9303
vn -0.1991 -0.1848 0.9624
vn -0.1224 -0.1155 0.9857
vn -0.0677 0.6921 0.7186
vn 0.0286 0.9931 -0.1141
vn -0.2447 -0.1900 0.9508
vn -0.1478 -0.1227 0.9814
vn 0.0624 0.1202 0.9908
vn 0.1007 0.7334 0.6723
vn -0.1388 -0.1198 0.9830
vn -0.0190 -0.0452 0.9988
vn 0.1633 0.3748 0.9126
vn 0.0989 0.9846 0.1441
vn 0.0429 -0.0335 0.9985
vn 0.1491 0.0503 0.9875
vn 0.1843 0.4600 0.8686
vn -0.0016 0.9831 0.1832
vn 0.2460 0.0563 0.9676
vn 0.2939 0.1230 0.9479
vn 0.2464 0.4242 0.8714
vn 0.0240 0.9592 0.2816
vn -0.0255 -0.0152 0.9996
vn 0.0245 -0.0074 0.9997
vn 0.0793 0.0062 0.9968
vn 0.1373 0.0152 0.9904
vn 0.2021 0.0255 0.9790
vn 0.2669 0.0407 0.9629
vn 0.3245 0.0601 0.9440
vn 0.3696 0.0840 0.9254
vn 0.3997 0.1105 0.9099
vn 0.4134 0.1484 0.8984
vn 0.4369 0.4363 0.7866
vn 0.2258 0.9032 0.3651
vn -0.4717 -0.8166 0.3326
vn -0.7993 -0.2563 0.5435
vn -0.8648 -0.0861 0.4947
vn -0.9166 -0.0026 0.3997
vn -0.4123 -0.8989 0.1481
vn -0.8874 -0.2628 0.3787
vn -0.9196 -0.0194 0.3924
vn -0.9461 0.0876 0.3120
vn -0.3289 -0.9388 0.1023
vn -0.8896 -0.3255 0.3205
vn -0.9420 0.0496 0.3319
vn -0.9461 0.1617 0.2805
vn -0.2882 -0.9558 0.0577
vn -0.9035 -0.3372 0.2647
vn -0.9575 0.1091 0.2669
vn -0.9506 0.2066 0.2317
vn -0.2672 -0.9630 0.0363
vn -0.9273 -0.3331 0.1710
vn -0.9732 0.1279 0.1912
vn -0.9561 0.2143 0.2000
vn -0.2977 -0.8844 0.3595
vn -0.6321 -0.3919 0.6685
vn -0.7121 -0.1956 0.6742
vn -0.7510 -0.1505 0.6429
vn -0.2299 -0.9526 0.1995
vn -0.7002 -0.3302 0.6329
vn -0.7892 -0.1477 0.5961
vn -0.8445 -0.0888 0.5281
vn 0.1915 -0.9739 -0.1215
vn 0.2457 -0.9647 -0.0948
vn 0.2575 -0.9588 -0.1204
vn 0.2799 -0.9568 -0.0780
vn -0.1654 -0.8868 0.4316
vn -0.4508 -0.4177 0.7889
vn -0.4525 -0.1586 0.8776
vn -0.3307 -0.0367 0.9430
vn -0.1177 -0.9662 0.2294
vn -0.5609 -0.4179 0.7147
vn -0.6151 -0.2132 0.7591
vn -0.6058 -0.1517 0.7810
vn 0.1701 -0.9696 -0.1757
vn 0.1988 -0.9665 -0.1623
vn 0.2272 -0.9677 -0.1092
vn 0.2229 -0.9690 -0.1068
vn 0.2083 -0.9759 -0.0646
vn 0.0785 -0.9474 0.3103
vn -0.2011 -0.4382 0.8761
vn -0.1695 0.0236 0.9853
vn 0.0755 0.1785 0.9810
vn 0.2276 -0.9631 -0.1437
vn 0.2155 -0.9598 -0.1801
vn 0.1777 -0.9735 -0.1441
vn 0.1515 -0.9837 -0.0973
vn 0.1359 -0.9883 -0.0691
vn 0.1200 -0.9922 -0.0325
vn -0.1275 -0.8027 0.5827
vn -0.0727 -0.0579 0.9957
vn 0.1441 0.3987 0.9057
vn 0.2590 0.4074 0.8758
vn -0.0746 -0.9806 0.1815
vn -0.1333 -0.3498 0.9273
vn 0.0949 0.2542 0.9625
vn 0.3023 0.3351 0.8924
vn 0.1085 -0.9801 -0.1661
vn 0.1316 -0.9810 -0.1427
vn 0.1188 -0.9877 -0.1018
vn 0.1020 -0.9922 -0.0716
vn 0.0870 -0.9953 -0.0422
vn 0.0761 -0.9971 -0.0092
vn 0.0700 -0.7886 0.6110
vn 0.0912 0.1637 0.9823
vn 0.0964 0.4708 0.8769
vn 0.1556 0.4460 0.8814
vn -0.0155 -0.9931 -0.1160
vn -0.0085 -0.9820 -0.1888
vn 0.0351 -0.9911 -0.1282
vn 0.0540 -0.9953 -0.0807
vn 0.0548 -0.9972 -0.0504
vn 0.0507 -0.9984 -0.0236
vn 0.0477 -0.9988 0.0048
vn 0.1416 -0.7905 0.5959
vn 0.1295 0.1961 0.9720
vn 0.1200 0.5131 0.8499
vn 0.1494 0.4717 0.8690
vn 0.0655 -0.9886 -0.1358
vn 0.0415 -0.9792 -0.1985
vn 0.0208 -0.9922 -0.1232
vn 0.0121 -0.9975 -0.0697
vn 0.0112 -0.9992 -0.0371
vn 0.0097 -0.9999 -0.0090
vn 0.0043 -0.9998 0.0209
vn 0.1443 -0.8061 0.5739
vn 0.1653 0.2428 0.9559
vn 0.1546 0.5312 0.8330
vn 0.1448 0.4560 0.8781
vn 0.0396 -0.9881 -0.1488
vn 0.0070 -0.9887 -0.1500
vn -0.0285 -0.9956 -0.0892
vn -0.0452 -0.9978 -0.0495
vn -0.0564 -0.9983 -0.0150
vn -0.0762 -0.9968 0.0245
vn -0.1093 -0.9918 0.0664
vn -0.9583 0.0810 0.2741
vn -0.9804 0.1286 0.1494
vn -0.9901 0.1289 0.0549
vn -0.9954 0.0960 -0.0032
vn -0.9982 0.0448 -0.0392
vn -0.9978 -0.0054 -0.0657
vn -0.9959 -0.0269 -0.0864
vn -0.9950 -0.0140 -0.0987
vn -0.9617 0.1631 0.2203
vn -0.9701 0.1946 0.1452
vn -0.9804 0.1731 0.0942
vn -0.9903 0.1225 0.0654
vn -0.9968 0.0653 0.0461
vn -0.9996 0.0165 0.0224
vn -1.0000 -0.0078 -0.0060
vn -0.9996 -0.0061 -0.0262
vn -0.9465 0.2185 0.2376
vn -0.9491 0.2388 0.2053
vn -0.9616 0.2080 0.1790
vn -0.9766 0.1461 0.1576
vn -0.9864 0.0856 0.1400
vn -0.9917 0.0415 0.1221
vn -0.9945 0.0157 0.1038
vn -0.9958 0.0036 0.0916
vn -0.9456 0.2502 0.2080
vn -0.9458 0.2603 0.1942
vn -0.9555 0.2250 0.1908
vn -0.9686 0.1632 0.1874
vn -0.9787 0.1055 0.1763
vn -0.9850 0.0632 0.1603
vn -0.9887 0.0329 0.1465
vn -0.9902 0.0099 0.1392
vn -0.9439 0.2559 0.2088
vn -0.9408 0.2606 0.2166
vn -0.9485 0.2267 0.2214
vn -0.9604 0.1774 0.2148
vn -0.9721 0.1298 0.1955
vn -0.9812 0.0862 0.1724
vn -0.9867 0.0467 0.1554
vn -0.9889 0.0133 0.1482
vn -0.7924 -0.0958 0.6025
vn -0.8318 -0.0431 0.5534
vn -0.8641 -0.0077 0.5033
vn -0.8873 0.0043 0.4612
vn -0.8995 0.0010 0.4368
vn -0.9000 -0.0083 0.4358
vn -0.8946 -0.0163 0.4466
vn -0.8929 -0.0149 0.4499
vn -0.9019 -0.0179 0.4315
vn -0.9494 0.0374 0.3118
vn -0.9794 0.0602 0.1928
vn -0.9941 0.0503 0.0962
vn -0.9992 0.0187 0.0343
vn -0.9998 -0.0156 0.0097
vn -0.9995 -0.0290 0.0104
vn -0.9998 -0.0157 0.0152
vn -0.1383 0.0515 0.9890
vn 0.0626 0.0977 0.9932
vn 0.2288 0.0933 0.9690
vn 0.3235 0.0601 0.9443
vn 0.3587 0.0351 0.9328
vn 0.3646 0.0226 0.9309
vn 0.3789 0.0421 0.9245
vn 0.4212 0.0656 0.9046
vn -0.5603 -0.0874 0.8237
vn -0.4958 -0.0336 0.8678
vn -0.4300 0.0008 0.9028
vn -0.3771 0.0129 0.9261
vn -0.3414 0.0156 0.9398
vn -0.3187 0.0146 0.9477
vn -0.2949 0.0126 0.9554
vn -0.2598 0.0137 0.9656
vn 0.2790 0.2267 0.9331
vn 0.4114 0.2253 0.8832
vn 0.4947 0.1710 0.8521
vn 0.5458 0.0956 0.8324
vn 0.5733 0.0463 0.8181
vn 0.5872 0.0233 0.8091
vn 0.5923 0.0541 0.8039
vn 0.5848 0.0820 0.8070
vn 0.2985 0.3287 0.8960
vn 0.2962 0.2687 0.9166
vn 0.3095 0.2160 0.9261
vn 0.3513 0.1676 0.9211
vn 0.4133 0.1210 0.9025
vn 0.4713 0.0782 0.8785
vn 0.4975 0.0535 0.8658
vn 0.4861 0.0327 0.8733
vn 0.3936 0.3123 0.8646
vn 0.4131 0.2700 0.8697
vn 0.4196 0.2047 0.8843
vn 0.4520 0.1308 0.8824
vn 0.5050 0.0758 0.8598
vn 0.5534 0.0434 0.8318
vn 0.5713 0.0534 0.8190
vn 0.5481 0.0590 0.8343
vn 0.2052 0.3360 0.9192
vn 0.2333 0.2760 0.9324
vn 0.2611 0.2379 0.9355
vn 0.2997 0.2071 0.9313
vn 0.3494 0.1704 0.9213
vn 0.3846 0.1016 0.9175
vn 0.3792 0.0403 0.9244
vn 0.3572 0.0139 0.9339
vn 0.1747 0.3474 0.9213
vn 0.1772 0.2762 0.9446
vn 0.1598 0.2329 0.9593
vn 0.1222 0.1937 0.9734
vn 0.0231 0.0922 0.9955
vn -0.1170 0.0288 0.9927
vn -0.2016 0.0253 0.9791
vn -0.2022 0.0043 0.9793
vn 0.1011 0.3095 0.9455
vn 0.0256 0.2125 0.9768
vn -0.0778 0.1386 0.9873
vn -0.2299 0.0307 0.9727
vn -0.4393 -0.2087 0.8738
vn -0.6489 -0.1735 0.7408
vn -0.7442 0.0109 0.6679
vn -0.7458 0.0131 0.6661
vn -0.2556 -0.9665 0.0247
vn -0.9332 -0.3525 0.0692
vn -0.9908 0.0844 0.1058
vn -0.9710 0.1748 0.1632
vn -0.2948 -0.9555 0.0111
vn -0.9386 -0.3450 -0.0015
vn -0.9999 0.0101 0.0089
vn -0.9924 0.0988 0.0729
vn -0.4157 -0.9094 0.0106
vn -0.9612 -0.2638 -0.0808
vn -0.9895 -0.0287 -0.1416
vn -0.9894 0.0375 -0.1400
vn -0.5820 -0.7970 -0.1616
vn -0.9267 -0.1964 -0.3203
vn -0.9072 0.0201 -0.4203
vn -0.8542 0.0327 -0.5190
vn 0.3010 -0.9536 -0.0099
vn 0.2931 -0.9560 0.0136
vn 0.2417 -0.9670 0.0806
vn -0.3142 -0.9428 -0.1117
vn -0.8623 -0.1506 -0.4835
vn -0.7921 0.1447 -0.5930
vn -0.7037 0.0870 -0.7051
vn -0.5029 -0.8172 -0.2816
vn -0.8464 -0.0812 -0.5264
vn -0.7898 0.2505 -0.5599
vn -0.7497 0.1695 -0.6397
vn 0.2157 -0.9765 -0.0003
vn 0.2205 -0.9743 0.0461
vn 0.2208 -0.9672 0.1257
vn 0.1908 -0.9685 0.1600
vn -0.3011 -0.9363 -0.1809
vn -0.8427 -0.0414 -0.5368
vn -0.8034 0.2880 -0.5212
vn -0.7935 0.2352 -0.5613
vn -0.4976 -0.7724 -0.3947
vn -0.8022 -0.0576 -0.5942
vn -0.7904 0.2740 -0.5479
vn -0.8020 0.2621 -0.5368
vn 0.1153 -0.9932 0.0159
vn 0.1279 -0.9897 0.0637
vn 0.1682 -0.9785 0.1192
vn 0.2154 -0.9623 0.1662
vn 0.1813 -0.9729 0.1434
vn -0.2148 -0.9235 -0.3178
vn -0.6773 -0.2028 -0.7072
vn -0.7737 0.2121 -0.5970
vn -0.8198 0.2409 -0.5195
vn 0.0736 -0.9969 0.0268
vn 0.0823 -0.9947 0.0621
vn 0.1061 -0.9895 0.0977
vn 0.1507 -0.9779 0.1449
vn 0.1727 -0.9640 0.2024
vn -0.1649 -0.9824 -0.0877
vn -0.6723 -0.3066 -0.6738
vn -0.7427 0.1137 -0.6599
vn -0.8286 0.1753 -0.5316
vn -0.3615 -0.8287 -0.4273
vn -0.5878 -0.2815 -0.7585
vn -0.6160 0.0063 -0.7877
vn -0.7204 0.0791 -0.6891
vn 0.0472 -0.9983 0.0349
vn 0.0498 -0.9967 0.0641
vn 0.0580 -0.9941 0.0914
vn 0.0787 -0.9886 0.1285
vn 0.1172 -0.9711 0.2080
vn 0.1164 -0.9636 0.2407
vn -0.1072 -0.9177 -0.3826
vn -0.3296 -0.2819 -0.9010
vn -0.4008 -0.0745 -0.9131
vn -0.4560 -0.0135 -0.8899
vn -0.0036 -0.9987 0.0515
vn -0.0097 -0.9969 0.0780
vn -0.0104 -0.9949 0.1001
vn -0.0027 -0.9914 0.1311
vn 0.0218 -0.9785 0.2050
vn 0.0490 -0.9582 0.2820
vn -0.0771 -0.9499 -0.3029
vn -0.2035 -0.3342 -0.9203
vn -0.1854 -0.0773 -0.9796
vn -0.1544 -0.0441 -0.9870
vn -0.1458 -0.9845 0.0974
vn -0.1654 -0.9802 0.1093
vn -0.1574 -0.9808 0.1152
vn -0.1352 -0.9804 0.1433
vn -0.1114 -0.9701 0.2157
vn -0.0683 -0.9625 0.2624
vn -0.1159 -0.9352 -0.3347
vn -0.1327 -0.2931 -0.9468
vn -0.0595 -0.0089 -0.9982
vn 0.0039 -0.0174 -0.9998
vn -0.9512 0.2232 0.2131
vn -0.9381 0.2407 0.2490
vn -0.9379 0.2263 0.2628
vn -0.9467 0.1978 0.2542
vn -0.9595 0.1628 0.2298
vn -0.9729 0.1200 0.1975
vn -0.9834 0.0691 0.1679
vn -0.9879 0.0165 0.1539
vn -0.9778 0.1552 0.1410
vn -0.9603 0.1948 0.1996
vn -0.9481 0.2087 0.2398
vn -0.9441 0.2028 0.2601
vn -0.9471 0.1871 0.2607
vn -0.9574 0.1597 0.2405
vn -0.9724 0.1068 0.2072
vn -0.9819 0.0202 0.1882
vn -0.9929 0.0751 -0.0927
vn -0.9929 0.1186 -0.0059
vn -0.9845 0.1506 0.0899
vn -0.9707 0.1644 0.1755
vn -0.9549 0.1713 0.2425
vn -0.9425 0.1669 0.2895
vn -0.9443 0.1418 0.2970
vn -0.9578 0.0231 0.2865
vn -0.8615 -0.0045 -0.5077
vn -0.9125 0.0111 -0.4088
vn -0.9594 0.0488 -0.2779
vn -0.9864 0.0793 -0.1437
vn -0.9946 0.1027 -0.0126
vn -0.9869 0.1141 0.1144
vn -0.9662 0.1228 0.2268
vn -0.9581 0.0195 0.2856
vn -0.6702 -0.0376 -0.7413
vn -0.6935 -0.0788 -0.7161
vn -0.7525 -0.0589 -0.6559
vn -0.8174 -0.0283 -0.5754
vn -0.8768 -0.0015 -0.4809
vn -0.9251 0.0205 -0.3791
vn -0.9631 0.0401 -0.2662
vn -0.9812 0.0051 -0.1929
vn -0.6873 0.0205 -0.7260
vn -0.6088 -0.0717 -0.7901
vn -0.5616 -0.0929 -0.8222
vn -0.5523 -0.0863 -0.8292
vn -0.5665 -0.0723 -0.8209
vn -0.5923 -0.0521 -0.8040
vn -0.6175 -0.0323 -0.7859
vn -0.6308 -0.0088 -0.7759
vn -0.7542 0.1153 -0.6464
vn -0.6703 0.0157 -0.7419
vn -0.5684 -0.0391 -0.8219
vn -0.4820 -0.0624 -0.8739
vn -0.4215 -0.0678 -0.9043
vn -0.3835 -0.0592 -0.9216
vn -0.3618 -0.0401 -0.9314
vn -0.3534 -0.0113 -0.9354
vn -0.8042 0.1720 -0.5690
vn -0.7776 0.0981 -0.6211
vn -0.7243 0.0439 -0.6881
vn -0.6573 0.0062 -0.7536
vn -0.5900 -0.0163 -0.8072
vn -0.5322 -0.0239 -0.8463
vn -0.4905 -0.0193 -0.8712
vn -0.4702 -0.0069 -0.8825
vn -0.8519 0.1794 -0.4920
vn -0.8620 0.1287 -0.4904
vn -0.8590 0.0922 -0.5036
vn -0.8450 0.0614 -0.5313
vn -0.8237 0.0361 -0.5659
vn -0.8014 0.0176 -0.5978
vn -0.7840 0.0064 -0.6208
vn -0.7746 0.0005 -0.6325
vn -0.8840 0.1525 -0.4419
vn -0.9098 0.1192 -0.3975
vn -0.9224 0.0956 -0.3741
vn -0.9297 0.0746 -0.3607
vn -0.9333 0.0536 -0.3551
vn -0.9346 0.0333 -0.3541
vn -0.9351 0.0163 -0.3541
vn -0.9351 0.0041 -0.3543
vn -0.8030 0.0944 -0.5885
vn -0.8520 0.0844 -0.5167
vn -0.8810 0.0712 -0.4677
vn -0.9013 0.0579 -0.4294
vn -0.9154 0.0431 -0.4002
vn -0.9247 0.0268 -0.3798
vn -0.9301 0.0126 -0.3671
vn -0.9326 0.0031 -0.3609
vn -0.5231 0.0100 -0.8522
vn -0.5903 0.0191 -0.8070
vn -0.6460 0.0213 -0.7630
vn -0.6879 0.0201 -0.7255
vn -0.7185 0.0155 -0.6953
vn -0.7392 0.0091 -0.6734
vn -0.7509 0.0037 -0.6604
vn -0.7558 0.0006 -0.6548
vn -0.1666 -0.0551 -0.9845
vn -0.2113 -0.0499 -0.9762
vn -0.2615 -0.0381 -0.9645
vn -0.3050 -0.0268 -0.9520
vn -0.3361 -0.0166 -0.9417
vn -0.3523 -0.0074 -0.9359
vn -0.3567 -0.0014 -0.9342
vn -0.3563 -0.0002 -0.9344
vn 0.0221 -0.0769 -0.9968
vn 0.0051 -0.0904 -0.9959
vn -0.0254 -0.0785 -0.9966
vn -0.0487 -0.0539 -0.9974
vn -0.0550 -0.0269 -0.9981
vn -0.0487 -0.0061 -0.9988
vn -0.0394 0.0035 -0.9992
vn -0.0337 0.0020 -0.9994
vn -0.9036 0.2468 0.3501
vn -0.6277 0.7239 0.2863
vn -0.8428 0.5181 -0.1461
vn -0.8693 0.1701 -0.4641
vn -0.9733 0.0285 0.2276
vn -0.4365 0.7346 0.5195
vn -0.6660 0.6978 0.2638
vn -0.9023 0.4031 -0.1530
vn -0.9827 -0.1849 0.0111
vn -0.5297 0.8056 0.2655
vn -0.4771 0.8353 0.2732
vn -0.7587 0.6454 0.0888
vn -0.6597 -0.7060 0.2575
vn -0.9135 -0.2276 0.3373
vn -0.9476 -0.1036 0.3022
vn -0.9658 -0.0522 0.2538
vn -0.6060 -0.7926 0.0670
vn -0.9771 -0.1809 0.1117
vn -0.9974 -0.0270 0.0667
vn -0.9994 0.0236 -0.0261
vn -0.5513 -0.8316 -0.0672
vn -0.9967 -0.0173 -0.0799
vn -0.9291 0.1581 -0.3343
vn -0.8921 0.0724 -0.4461
vn -0.5991 -0.7576 -0.2590
vn -0.8892 0.4293 -0.1581
vn -0.7718 0.3487 -0.5317
vn -0.7637 0.0706 -0.6416
vn -0.2671 -0.8263 -0.4958
vn 0.0790 -0.9263 -0.3684
vn -0.4859 -0.8109 0.3261
vn -0.7901 -0.3232 0.5208
vn -0.8339 -0.1310 0.5361
vn -0.8310 -0.0871 0.5494
vn -0.3876 -0.8934 0.2273
vn -0.8389 -0.2869 0.4626
vn -0.8889 -0.1251 0.4407
vn -0.9014 -0.0879 0.4239
vn 0.0267 -0.9994 -0.0224
vn 0.1349 -0.9786 -0.1557
vn 0.2174 -0.9077 -0.3590
vn 0.1955 -0.8116 -0.5505
vn 0.1833 -0.8562 -0.4830
vn -0.4151 -0.8176 0.3990
vn -0.6840 -0.2695 0.6779
vn -0.6316 -0.0348 0.7745
vn -0.5263 0.0521 0.8487
vn -0.2714 -0.9328 0.2370
vn -0.7407 -0.3236 0.5888
vn -0.7548 -0.1091 0.6469
vn -0.7114 -0.0443 0.7014
vn 0.1152 -0.9930 -0.0273
vn 0.1693 -0.9839 -0.0573
vn 0.2249 -0.9498 -0.2174
vn 0.2861 -0.8742 -0.3922
vn 0.2731 -0.8298 -0.4867
vn 0.1953 -0.8617 -0.4684
vn -0.8084 0.0140 -0.5885
vn -0.8024 -0.0119 -0.5967
vn -0.8148 -0.0076 -0.5797
vn -0.8306 -0.0006 -0.5569
vn -0.8445 0.0009 -0.5356
vn -0.8556 -0.0005 -0.5176
vn -0.8642 0.0027 -0.5031
vn -0.8697 0.0184 -0.4932
vn -0.9140 0.1055 -0.3918
vn -0.8821 0.0094 -0.4710
vn -0.8703 -0.0088 -0.4924
vn -0.8688 -0.0093 -0.4951
vn -0.8709 -0.0081 -0.4914
vn -0.8735 -0.0083 -0.4868
vn -0.8759 -0.0039 -0.4826
vn -0.8786 0.0122 -0.4773
vn -0.9407 0.2897 -0.1764
vn -0.9443 0.0780 -0.3196
vn -0.9274 0.0206 -0.3735
vn -0.9165 0.0037 -0.4001
vn -0.9098 -0.0017 -0.4151
vn -0.9052 -0.0040 -0.4251
vn -0.9019 -0.0020 -0.4320
vn -0.9011 0.0076 -0.4334
vn -0.9821 -0.0211 0.1874
vn -0.9920 -0.0043 0.1265
vn -0.9971 0.0051 0.0761
vn -0.9993 0.0103 0.0370
vn -0.9999 0.0129 0.0078
vn -0.9998 0.0135 -0.0135
vn -0.9995 0.0124 -0.0288
vn -0.9992 0.0091 -0.0399
vn -0.9943 0.0358 -0.1000
vn -0.9882 0.0362 -0.1490
vn -0.9828 0.0347 -0.1816
vn -0.9782 0.0324 -0.2050
vn -0.9745 0.0293 -0.2226
vn -0.9715 0.0250 -0.2355
vn -0.9695 0.0202 -0.2442
vn -0.9678 0.0163 -0.2513
vn -0.8988 0.0542 -0.4350
vn -0.9090 0.0442 -0.4144
vn -0.9161 0.0399 -0.3990
vn -0.9207 0.0366 -0.3886
vn -0.9241 0.0320 -0.3807
vn -0.9272 0.0260 -0.3737
vn -0.9295 0.0209 -0.3683
vn -0.9296 0.0216 -0.3678
vn -0.7713 0.0190 -0.6361
vn -0.8013 0.0120 -0.5982
vn -0.8287 0.0168 -0.5594
vn -0.8483 0.0202 -0.5292
vn -0.8627 0.0182 -0.5055
vn -0.8741 0.0142 -0.4855
vn -0.8827 0.0132 -0.4698
vn -0.8866 0.0224 -0.4620
vn -0.8173 -0.0519 0.5738
vn -0.7963 -0.0253 0.6044
vn -0.7740 -0.0108 0.6330
vn -0.7564 -0.0045 0.6541
vn -0.7455 -0.0022 0.6665
vn -0.7398 -0.0010 0.6728
vn -0.7371 -0.0000 0.6758
vn -0.7354 0.0009 0.6777
vn -0.9132 -0.0569 0.4035
vn -0.9233 -0.0341 0.3827
vn -0.9305 -0.0184 0.3659
vn -0.9357 -0.0079 0.3526
vn -0.9397 -0.0013 0.3420
vn -0.9430 0.0023 0.3328
vn -0.9458 0.0038 0.3249
vn -0.9478 0.0032 0.3189
vn -0.4056 0.0887 0.9097
vn -0.3167 0.0688 0.9460
vn -0.2859 0.0338 0.9577
vn -0.2840 0.0207 0.9586
vn -0.2812 0.0146 0.9595
vn -0.2764 0.0079 0.9610
vn -0.2721 0.0036 0.9623
vn -0.2662 0.0065 0.9639
vn -0.6454 -0.0018 0.7638
vn -0.5795 0.0177 0.8148
vn -0.5311 0.0187 0.8471
vn -0.5008 0.0131 0.8655
vn -0.4813 0.0075 0.8765
vn -0.4681 0.0036 0.8837
vn -0.4607 0.0010 0.8875
vn -0.4561 0.0023 0.8899
vn -0.8555 -0.5167 0.0342
vn -0.6642 0.7468 0.0327
vn -0.4758 0.8722 0.1137
vn -0.6122 0.7862 0.0840
vn -0.8134 -0.5816 0.0074
vn -0.7402 0.6663 -0.0905
vn -0.5112 0.8577 -0.0557
vn -0.5992 0.8005 -0.0120
vn -0.7995 -0.5999 -0.0319
vn -0.7557 0.6450 -0.1136
vn -0.5481 0.8321 -0.0846
vn -0.6598 0.7508 -0.0298
vn -0.7780 -0.6275 -0.0321
vn -0.7825 0.6189 -0.0676
vn -0.6005 0.7995 -0.0093
vn -0.7021 0.7115 0.0282
vn -0.7407 -0.6715 -0.0206
vn -0.8397 0.5430 -0.0046
vn -0.6546 0.7525 0.0721
vn -0.7025 0.7056 0.0930
vn -0.7129 -0.7008 -0.0253
vn -0.8902 0.4553 0.0153
vn -0.7025 0.7071 0.0800
vn -0.6929 0.7136 0.1037
vn -0.6864 -0.7264 -0.0346
vn -0.9220 0.3868 0.0146
vn -0.7395 0.6699 0.0663
vn -0.6952 0.7129 0.0920
vn -0.6610 -0.7493 -0.0403
vn -0.9408 0.3387 0.0155
vn -0.7667 0.6395 0.0574
vn -0.7049 0.7045 0.0822
vn 0.3041 -0.9526 0.0038
vn 0.3620 -0.9249 0.1163
vn 0.3724 -0.9232 0.0948
vn 0.3978 -0.9151 0.0653
vn 0.4264 -0.9039 0.0340
vn 0.4433 -0.8963 0.0052
vn 0.4546 -0.8905 -0.0170
vn 0.4714 -0.8812 -0.0356
vn 0.3176 -0.9371 -0.1450
vn 0.4720 -0.8800 0.0536
vn 0.5656 -0.8218 0.0685
vn 0.6175 -0.7852 0.0470
vn 0.6513 -0.7585 0.0239
vn 0.6747 -0.7381 0.0042
vn 0.6899 -0.7237 -0.0147
vn 0.6984 -0.7149 -0.0330
vn 0.1898 -0.9452 -0.2656
vn 0.2865 -0.9546 -0.0811
vn 0.4039 -0.9145 -0.0227
vn 0.4873 -0.8731 -0.0135
vn 0.5395 -0.8418 -0.0184
vn 0.5718 -0.8200 -0.0258
vn 0.5908 -0.8060 -0.0345
vn 0.5984 -0.8000 -0.0436
vn -0.8871 0.4587 -0.0512
vn -0.9682 0.1777 -0.1762
vn -0.9642 0.0769 -0.2538
vn -0.9539 0.0363 -0.2980
vn -0.9460 0.0185 -0.3236
vn -0.9405 0.0102 -0.3396
vn -0.9368 0.0068 -0.3499
vn -0.9352 0.0067 -0.3539
vn -0.8446 0.5353 -0.0102
vn -0.9585 0.2749 -0.0758
vn -0.9774 0.1473 -0.1516
vn -0.9755 0.0798 -0.2048
vn -0.9708 0.0441 -0.2360
vn -0.9672 0.0256 -0.2527
vn -0.9652 0.0154 -0.2611
vn -0.9644 0.0081 -0.2644
vn -0.8372 0.5469 -0.0002
vn -0.9375 0.3463 -0.0340
vn -0.9722 0.2151 -0.0929
vn -0.9816 0.1268 -0.1431
vn -0.9819 0.0710 -0.1757
vn -0.9804 0.0392 -0.1930
vn -0.9794 0.0217 -0.2007
vn -0.9789 0.0103 -0.2039
vn -0.8317 0.5548 0.0220
vn -0.9168 0.3989 -0.0187
vn -0.9598 0.2717 -0.0700
vn -0.9786 0.1712 -0.1145
vn -0.9844 0.0980 -0.1459
vn -0.9851 0.0526 -0.1637
vn -0.9847 0.0276 -0.1723
vn -0.9843 0.0128 -0.1761
vn -0.8090 0.5851 0.0556
vn -0.8933 0.4494 -0.0004
vn -0.9449 0.3226 -0.0549
vn -0.9720 0.2127 -0.1001
vn -0.9833 0.1250 -0.1321
vn -0.9863 0.0667 -0.1508
vn -0.9865 0.0340 -0.1600
vn -0.9863 0.0156 -0.1640
vn -0.7766 0.6253 0.0769
vn -0.8647 0.5018 0.0229
vn -0.9264 0.3749 -0.0350
vn -0.9630 0.2558 -0.0850
vn -0.9806 0.1540 -0.1213
vn -0.9864 0.0819 -0.1426
vn -0.9875 0.0406 -0.1526
vn -0.9875 0.0187 -0.1567
vn -0.7513 0.6549 0.0820
vn -0.8343 0.5498 0.0422
vn -0.9034 0.4285 -0.0123
vn -0.9506 0.3034 -0.0662
vn -0.9762 0.1877 -0.1084
vn -0.9859 0.0996 -0.1345
vn -0.9881 0.0476 -0.1464
vn -0.9883 0.0219 -0.1511
vn -0.7376 0.6701 0.0827
vn -0.8072 0.5876 0.0563
vn -0.8773 0.4798 0.0092
vn -0.9338 0.3550 -0.0455
vn -0.9692 0.2276 -0.0937
vn -0.9846 0.1217 -0.1258
vn -0.9884 0.0557 -0.1409
vn -0.9889 0.0255 -0.1466
vn -0.6349 -0.7713 -0.0445
vn -0.9525 0.3043 0.0154
vn -0.7887 0.6124 0.0537
vn -0.7180 0.6913 0.0806
vn -0.6149 -0.7876 -0.0409
vn -0.9615 0.2746 0.0061
vn -0.8107 0.5836 0.0461
vn -0.7354 0.6730 0.0786
vn -0.5994 -0.7996 -0.0363
vn -0.9692 0.2457 -0.0160
vn -0.8331 0.5527 0.0228
vn -0.7571 0.6506 0.0584
vn -0.5948 -0.8032 -0.0339
vn -0.9733 0.2262 -0.0399
vn -0.8484 0.5291 -0.0184
vn -0.7745 0.6325 0.0026
vn -0.5976 -0.8013 -0.0295
vn -0.9725 0.2266 -0.0535
vn -0.8467 0.5288 -0.0592
vn -0.7748 0.6286 -0.0670
vn -0.6005 -0.7990 -0.0309
vn -0.9673 0.2475 -0.0552
vn -0.8297 0.5528 -0.0769
vn -0.7602 0.6416 -0.1020
vn -0.6088 -0.7927 -0.0315
vn -0.9593 0.2792 -0.0432
vn -0.8068 0.5872 -0.0654
vn -0.7418 0.6640 -0.0939
vn -0.6193 -0.7846 -0.0297
vn -0.9501 0.3112 -0.0215
vn -0.7823 0.6216 -0.0393
vn -0.7242 0.6864 -0.0661
vn 0.4946 -0.8679 -0.0469
vn 0.5165 -0.8557 -0.0319
vn 0.5304 -0.8477 -0.0025
vn 0.5358 -0.8442 0.0184
vn 0.5369 -0.8432 0.0257
vn 0.5415 -0.8406 0.0159
vn 0.5419 -0.8404 0.0076
vn 0.5345 -0.8452 -0.0055
vn 0.7012 -0.7116 -0.0442
vn 0.7044 -0.7091 -0.0326
vn 0.7156 -0.6985 -0.0070
vn 0.7318 -0.6814 0.0160
vn 0.7466 -0.6647 0.0256
vn 0.7558 -0.6545 0.0196
vn 0.7580 -0.6520 0.0177
vn 0.7560 -0.6546 0.0097
vn 0.5971 -0.8008 -0.0482
vn 0.5945 -0.8030 -0.0428
vn 0.5996 -0.7998 -0.0295
vn 0.6148 -0.7886 -0.0120
vn 0.6351 -0.7724 0.0005
vn 0.6523 -0.7580 0.0043
vn 0.6647 -0.7470 0.0078
vn 0.6725 -0.7401 0.0070
vn -0.7321 0.6756 0.0878
vn -0.7851 0.6154 0.0706
vn -0.8499 0.5261 0.0304
vn -0.9122 0.4090 -0.0238
vn -0.9585 0.2743 -0.0777
vn -0.9819 0.1492 -0.1166
vn -0.9885 0.0660 -0.1357
vn -0.9893 0.0297 -0.1427
vn -0.7328 0.6739 0.0942
vn -0.7679 0.6347 0.0865
vn -0.8221 0.5668 0.0538
vn -0.8855 0.4646 0.0006
vn -0.9429 0.3279 -0.0592
vn -0.9774 0.1829 -0.1057
vn -0.9884 0.0792 -0.1297
vn -0.9898 0.0344 -0.1384
vn -0.7415 0.6659 0.0814
vn -0.7597 0.6445 0.0864
vn -0.7977 0.5992 0.0678
vn -0.8547 0.5186 0.0227
vn -0.9214 0.3867 -0.0382
vn -0.9705 0.2232 -0.0913
vn -0.9880 0.0962 -0.1211
vn -0.9904 0.0400 -0.1324
vn -0.7556 0.6546 0.0214
vn -0.7652 0.6426 0.0379
vn -0.7866 0.6161 0.0423
vn -0.8281 0.5602 0.0217
vn -0.8967 0.4420 -0.0238
vn -0.9605 0.2680 -0.0746
vn -0.9869 0.1186 -0.1090
vn -0.9912 0.0471 -0.1240
vn -0.7638 0.6422 -0.0644
vn -0.7789 0.6254 -0.0459
vn -0.7937 0.6080 -0.0202
vn -0.8180 0.5752 -0.0075
vn -0.8770 0.4799 -0.0228
vn -0.9486 0.3110 -0.0593
vn -0.9846 0.1470 -0.0946
vn -0.9919 0.0564 -0.1135
vn -0.7643 0.6348 -0.1134
vn -0.7935 0.6001 -0.1015
vn -0.8124 0.5787 -0.0712
vn -0.8268 0.5611 -0.0396
vn -0.8695 0.4931 -0.0285
vn -0.9371 0.3460 -0.0472
vn -0.9805 0.1799 -0.0795
vn -0.9926 0.0675 -0.1008
vn -0.7644 0.6353 -0.1099
vn -0.8077 0.5802 -0.1050
vn -0.8332 0.5467 -0.0829
vn -0.8448 0.5324 -0.0528
vn -0.8726 0.4873 -0.0323
vn -0.9280 0.3706 -0.0385
vn -0.9747 0.2137 -0.0656
vn -0.9931 0.0793 -0.0867
vn -0.7645 0.6393 -0.0829
vn -0.8187 0.5681 -0.0830
vn -0.8495 0.5230 -0.0695
vn -0.8614 0.5055 -0.0486
vn -0.8794 0.4750 -0.0317
vn -0.9215 0.3868 -0.0338
vn -0.9683 0.2439 -0.0548
vn -0.9933 0.0899 -0.0728
vn -0.6375 -0.7699 -0.0300
vn -0.9403 0.3404 -0.0054
vn -0.7600 0.6497 -0.0169
vn -0.7082 0.7050 -0.0377
vn -0.6525 -0.7573 -0.0276
vn -0.9303 0.3667 0.0037
vn -0.7428 0.6695 -0.0025
vn -0.6946 0.7192 -0.0174
vn -0.6672 -0.7445 -0.0237
vn -0.9212 0.3891 0.0101
vn -0.7297 0.6838 0.0057
vn -0.6838 0.7297 -0.0057
vn -0.6815 -0.7315 -0.0195
vn -0.9130 0.4077 0.0131
vn -0.7186 0.6953 0.0102
vn -0.6758 0.7371 0.0013
vn -0.6964 -0.7175 -0.0162
vn -0.9059 0.4232 0.0122
vn -0.7096 0.7045 0.0112
vn -0.6702 0.7422 0.0050
vn -0.7129 -0.7012 -0.0140
vn -0.8995 0.4370 0.0065
vn -0.7024 0.7117 0.0061
vn -0.6660 0.7460 0.0012
vn -0.7311 -0.6821 -0.0124
vn -0.8923 0.4514 -0.0040
vn -0.6950 0.7190 -0.0072
vn -0.6614 0.7499 -0.0139
vn -0.7522 -0.6588 -0.0120
vn -0.8829 0.4693 -0.0178
vn -0.6840 0.7290 -0.0261
vn -0.6539 0.7556 -0.0375
vn 0.5226 -0.8523 -0.0229
vn 0.5130 -0.8579 -0.0286
vn 0.5010 -0.8650 -0.0277
vn 0.4824 -0.8756 -0.0226
vn 0.4578 -0.8889 -0.0162
vn 0.4300 -0.9028 -0.0081
vn 0.4008 -0.9161 0.0020
vn 0.3706 -0.9287 0.0139
vn 0.7491 -0.6625 -0.0064
vn 0.7371 -0.6757 -0.0115
vn 0.7215 -0.6924 -0.0071
vn 0.7027 -0.7114 0.0014
vn 0.6828 -0.7306 0.0085
vn 0.6635 -0.7480 0.0154
vn 0.6460 -0.7630 0.0236
vn 0.6302 -0.7757 0.0346
vn 0.6708 -0.7416 0.0023
vn 0.6601 -0.7512 0.0030
vn 0.6466 -0.7627 0.0095
vn 0.6351 -0.7722 0.0176
vn 0.6263 -0.7792 0.0237
vn 0.6191 -0.7848 0.0292
vn 0.6127 -0.7895 0.0358
vn 0.6069 -0.7935 0.0455
vn -0.7618 0.6455 -0.0547
vn -0.8252 0.5617 -0.0599
vn -0.8599 0.5077 -0.0534
vn -0.8725 0.4869 -0.0409
vn -0.8848 0.4650 -0.0307
vn -0.9170 0.3975 -0.0327
vn -0.9625 0.2670 -0.0478
vn -0.9933 0.0983 -0.0613
vn -0.7559 0.6538 -0.0334
vn -0.8270 0.5605 -0.0431
vn -0.8654 0.4993 -0.0431
vn -0.8785 0.4763 -0.0377
vn -0.8876 0.4594 -0.0328
vn -0.9140 0.4043 -0.0345
vn -0.9584 0.2821 -0.0440
vn -0.9932 0.1040 -0.0525
vn -0.7483 0.6631 -0.0194
vn -0.8247 0.5647 -0.0315
vn -0.8666 0.4977 -0.0377
vn -0.8806 0.4723 -0.0388
vn -0.8888 0.4568 -0.0379
vn -0.9127 0.4069 -0.0384
vn -0.9564 0.2892 -0.0420
vn -0.9933 0.1066 -0.0454
vn -0.7407 0.6718 -0.0098
vn -0.8192 0.5730 -0.0230
vn -0.8639 0.5025 -0.0340
vn -0.8797 0.4739 -0.0406
vn -0.8890 0.4559 -0.0429
vn -0.9131 0.4054 -0.0422
vn -0.9566 0.2887 -0.0404
vn -0.9936 0.1060 -0.0389
vn -0.7340 0.6791 -0.0037
vn -0.8119 0.5835 -0.0164
vn -0.8584 0.5122 -0.0299
vn -0.8765 0.4798 -0.0403
vn -0.8885 0.4567 -0.0454
vn -0.9152 0.4007 -0.0442
vn -0.9587 0.2817 -0.0383
vn -0.9942 0.1022 -0.0325
vn -0.7290 0.6845 -0.0053
vn -0.8051 0.5930 -0.0146
vn -0.8518 0.5233 -0.0260
vn -0.8718 0.4884 -0.0369
vn -0.8873 0.4592 -0.0438
vn -0.9181 0.3940 -0.0430
vn -0.9623 0.2697 -0.0344
vn -0.9951 0.0957 -0.0254
vn -0.7261 0.6874 -0.0194
vn -0.8017 0.5973 -0.0228
vn -0.8472 0.5306 -0.0266
vn -0.8675 0.4964 -0.0324
vn -0.8859 0.4623 -0.0375
vn -0.9216 0.3865 -0.0361
vn -0.9665 0.2551 -0.0266
vn -0.9960 0.0880 -0.0168
vn -0.7247 0.6876 -0.0439
vn -0.8036 0.5938 -0.0413
vn -0.8478 0.5291 -0.0347
vn -0.8662 0.4987 -0.0307
vn -0.8860 0.4628 -0.0292
vn -0.9252 0.3786 -0.0249
vn -0.9704 0.2411 -0.0155
vn -0.9967 0.0804 -0.0066
vn -0.7775 -0.6287 -0.0149
vn -0.8697 0.4924 -0.0342
vn -0.6681 0.7426 -0.0467
vn -0.6426 0.7636 -0.0623
vn -0.8064 -0.5910 -0.0219
vn -0.8510 0.5227 -0.0517
vn -0.6484 0.7583 -0.0672
vn -0.6287 0.7731 -0.0847
vn -0.8362 -0.5476 -0.0309
vn -0.8261 0.5596 -0.0663
vn -0.6278 0.7740 -0.0831
vn -0.6154 0.7820 -0.0992
vn -0.8644 -0.5013 -0.0384
vn -0.7976 0.5980 -0.0785
vn -0.6096 0.7873 -0.0929
vn -0.6065 0.7882 -0.1044
vn -0.8904 -0.4528 -0.0456
vn -0.7722 0.6283 -0.0946
vn -0.5961 0.7965 -0.1015
vn -0.6041 0.7898 -0.1066
vn -0.9058 -0.4203 -0.0535
vn -0.7552 0.6456 -0.1130
vn -0.5879 0.8010 -0.1128
vn -0.6082 0.7859 -0.1118
vn -0.9185 -0.3905 -0.0619
vn -0.7426 0.6568 -0.1312
vn -0.5842 0.8012 -0.1296
vn -0.6202 0.7751 -0.1213
vn -0.9298 -0.3618 -0.0678
vn -0.7294 0.6685 -0.1453
vn -0.5865 0.7975 -0.1416
vn -0.6421 0.7563 -0.1253
vn 0.3341 -0.9421 0.0294
vn 0.2908 -0.9560 0.0392
vn 0.2549 -0.9663 0.0360
vn 0.2323 -0.9718 0.0401
vn 0.2051 -0.9765 0.0663
vn 0.1664 -0.9815 0.0943
vn 0.1184 -0.9871 0.1075
vn 0.0748 -0.9909 0.1116
vn 0.6148 -0.7868 0.0543
vn 0.6006 -0.7968 0.0660
vn 0.5940 -0.8028 0.0526
vn 0.5976 -0.8002 0.0503
vn 0.6042 -0.7921 0.0863
vn 0.6037 -0.7860 0.1332
vn 0.5910 -0.7904 0.1611
vn 0.5753 -0.8015 0.1629
vn 0.6052 -0.7938 0.0606
vn 0.6119 -0.7881 0.0670
vn 0.6221 -0.7814 0.0493
vn 0.6320 -0.7739 0.0401
vn 0.6492 -0.7576 0.0680
vn 0.6758 -0.7279 0.1157
vn 0.7027 -0.6946 0.1543
vn 0.7249 -0.6703 0.1586
vn -0.7241 0.6860 -0.0709
vn -0.8101 0.5827 -0.0649
vn -0.8543 0.5173 -0.0498
vn -0.8698 0.4921 -0.0359
vn -0.8889 0.4574 -0.0259
vn -0.9294 0.3686 -0.0162
vn -0.9737 0.2277 -0.0046
vn -0.9973 0.0731 0.0049
vn -0.7227 0.6844 -0.0961
vn -0.8185 0.5673 -0.0906
vn -0.8647 0.4971 -0.0714
vn -0.8780 0.4760 -0.0499
vn -0.8955 0.4439 -0.0311
vn -0.9355 0.3530 -0.0132
vn -0.9774 0.2113 0.0049
vn -0.9977 0.0648 0.0178
vn -0.7197 0.6852 -0.1123
vn -0.8260 0.5527 -0.1112
vn -0.8761 0.4729 -0.0936
vn -0.8896 0.4517 -0.0684
vn -0.9065 0.4203 -0.0410
vn -0.9447 0.3278 -0.0123
vn -0.9820 0.1886 0.0146
vn -0.9980 0.0545 0.0318
vn -0.7167 0.6879 -0.1148
vn -0.8308 0.5440 -0.1176
vn -0.8862 0.4510 -0.1063
vn -0.9030 0.4217 -0.0820
vn -0.9215 0.3855 -0.0477
vn -0.9566 0.2912 -0.0086
vn -0.9869 0.1593 0.0260
vn -0.9980 0.0427 0.0461
vn -0.7168 0.6885 -0.1105
vn -0.8339 0.5406 -0.1115
vn -0.8945 0.4348 -0.1037
vn -0.9174 0.3895 -0.0813
vn -0.9389 0.3414 -0.0431
vn -0.9693 0.2458 0.0019
vn -0.9912 0.1268 0.0392
vn -0.9978 0.0308 0.0590
vn -0.7231 0.6824 -0.1068
vn -0.8391 0.5350 -0.0990
vn -0.9030 0.4207 -0.0869
vn -0.9321 0.3567 -0.0632
vn -0.9557 0.2932 -0.0247
vn -0.9799 0.1988 0.0189
vn -0.9940 0.0967 0.0520
vn -0.9975 0.0207 0.0680
vn -0.7380 0.6668 -0.1037
vn -0.8497 0.5207 -0.0832
vn -0.9134 0.4023 -0.0621
vn -0.9457 0.3231 -0.0348
vn -0.9689 0.2474 0.0013
vn -0.9867 0.1584 0.0370
vn -0.9954 0.0740 0.0609
vn -0.9974 0.0136 0.0713
vn -0.7613 0.6412 -0.0968
vn -0.8654 0.4967 -0.0661
vn -0.9256 0.3766 -0.0370
vn -0.9575 0.2885 -0.0062
vn -0.9775 0.2093 0.0253
vn -0.9902 0.1304 0.0498
vn -0.9962 0.0613 0.0625
vn -0.9977 0.0098 0.0668
vn -0.9406 -0.3321 -0.0699
vn -0.7204 0.6777 -0.1475
vn -0.5965 0.7906 -0.1382
vn -0.6699 0.7329 -0.1186
vn -0.9500 -0.3043 -0.0708
vn -0.7190 0.6799 -0.1441
vn -0.6103 0.7812 -0.1319
vn -0.6977 0.7077 -0.1112
vn -0.9578 -0.2776 -0.0743
vn -0.7190 0.6794 -0.1465
vn -0.6255 0.7686 -0.1341
vn -0.7287 0.6766 -0.1058
vn -0.9660 -0.2455 -0.0810
vn -0.7137 0.6836 -0.1526
vn -0.6497 0.7481 -0.1350
vn -0.7676 0.6343 -0.0917
vn -0.9740 -0.2140 -0.0749
vn -0.7120 0.6891 -0.1349
vn -0.6836 0.7211 -0.1128
vn -0.8094 0.5835 -0.0657
vn -0.9792 -0.1930 -0.0635
vn -0.7199 0.6853 -0.1101
vn -0.7169 0.6918 -0.0860
vn -0.8483 0.5282 -0.0375
vn -0.9831 -0.1683 -0.0716
vn -0.7267 0.6771 -0.1160
vn -0.7583 0.6476 -0.0744
vn -0.8842 0.4671 -0.0068
vn -0.9873 -0.1527 -0.0444
vn -0.7430 0.6654 -0.0727
vn -0.8047 0.5929 -0.0298
vn -0.9155 0.4009 0.0336
vn 0.0402 -0.9929 0.1124
vn 0.0104 -0.9937 0.1115
vn -0.0167 -0.9940 0.1080
vn -0.0400 -0.9938 0.1033
vn -0.0612 -0.9935 0.0956
vn -0.0838 -0.9927 0.0862
vn -0.1037 -0.9915 0.0780
vn -0.1163 -0.9910 0.0662
vn 0.5711 -0.8063 0.1540
vn 0.5805 -0.8006 0.1486
vn 0.5951 -0.7902 0.1464
vn 0.6061 -0.7821 0.1448
vn 0.6089 -0.7805 0.1416
vn 0.6025 -0.7864 0.1363
vn 0.5863 -0.7998 0.1284
vn 0.5597 -0.8207 0.1154
vn 0.7468 -0.6506 0.1380
vn 0.7721 -0.6239 0.1211
vn 0.7978 -0.5913 0.1178
vn 0.8184 -0.5614 0.1225
vn 0.8316 -0.5403 0.1287
vn 0.8364 -0.5313 0.1348
vn 0.8312 -0.5377 0.1411
vn 0.8132 -0.5633 0.1463
vn -0.7886 0.6088 -0.0864
vn -0.8842 0.4645 -0.0498
vn -0.9388 0.3442 -0.0148
vn -0.9668 0.2551 0.0168
vn -0.9824 0.1822 0.0410
vn -0.9917 0.1172 0.0531
vn -0.9968 0.0593 0.0544
vn -0.9986 0.0088 0.0529
vn -0.8174 0.5711 -0.0750
vn -0.9045 0.4253 -0.0322
vn -0.9511 0.3087 0.0058
vn -0.9732 0.2274 0.0334
vn -0.9846 0.1686 0.0470
vn -0.9918 0.1189 0.0462
vn -0.9970 0.0671 0.0372
vn -0.9995 0.0102 0.0309
vn -0.8487 0.5255 -0.0591
vn -0.9244 0.3814 -0.0106
vn -0.9608 0.2760 0.0251
vn -0.9766 0.2108 0.0431
vn -0.9845 0.1700 0.0436
vn -0.9906 0.1333 0.0309
vn -0.9965 0.0823 0.0146
vn -0.9999 0.0130 0.0056
vn -0.8806 0.4726 -0.0358
vn -0.9412 0.3377 0.0124
vn -0.9667 0.2526 0.0400
vn -0.9768 0.2094 0.0448
vn -0.9821 0.1856 0.0323
vn -0.9877 0.1557 0.0120
vn -0.9950 0.0995 -0.0061
vn -0.9998 0.0161 -0.0145
vn -0.9087 0.4174 -0.0094
vn -0.9532 0.3006 0.0325
vn -0.9688 0.2432 0.0481
vn -0.9740 0.2232 0.0398
vn -0.9775 0.2102 0.0185
vn -0.9841 0.1779 -0.0023
vn -0.9936 0.1120 -0.0147
vn -0.9996 0.0185 -0.0193
vn -0.9310 0.3647 0.0172
vn -0.9603 0.2745 0.0504
vn -0.9672 0.2481 0.0544
vn -0.9682 0.2474 0.0368
vn -0.9718 0.2352 0.0141
vn -0.9817 0.1905 0.0016
vn -0.9933 0.1154 -0.0000
vn -0.9998 0.0195 0.0007
vn -0.9474 0.3166 0.0476
vn -0.9632 0.2585 0.0737
vn -0.9626 0.2611 0.0719
vn -0.9610 0.2707 0.0565
vn -0.9684 0.2444 0.0499
vn -0.9827 0.1709 0.0714
vn -0.9896 0.0814 0.1187
vn -0.9884 0.0131 0.1511
vn -0.9587 0.2706 0.0871
vn -0.9625 0.2473 0.1116
vn -0.9567 0.2668 0.1164
vn -0.9561 0.2614 0.1324
vn -0.9632 0.1915 0.1884
vn -0.9543 0.0641 0.2918
vn -0.9009 -0.0588 0.4301
vn -0.8501 -0.0128 0.5265
vn -0.8272 -0.3340 0.4518
vn -0.8212 -0.1730 0.5437
vn -0.7328 -0.2436 0.6353
vn -0.9835 -0.1805 -0.0132
vn -0.7751 0.6314 -0.0232
vn -0.8388 0.5440 0.0197
vn -0.9411 0.3280 0.0816
vn -0.9764 -0.2152 -0.0175
vn -0.8100 0.5860 -0.0224
vn -0.8797 0.4727 0.0515
vn -0.9593 0.2460 0.1390
vn -0.9730 -0.2304 -0.0161
vn -0.8478 0.5303 0.0063
vn -0.9291 0.3508 0.1173
vn -0.9629 0.1697 0.2100
vn -0.9397 -0.3365 0.0611
vn -0.8987 0.4129 0.1476
vn -0.9420 0.2335 0.2412
vn -0.9507 0.1174 0.2869
vn -0.7994 -0.5967 0.0700
vn -0.9478 0.1938 0.2534
vn -0.9240 0.1656 0.3447
vn -0.9263 0.0872 0.3665
vn -0.5822 -0.8119 -0.0436
vn -0.9716 -0.0749 0.2243
vn -0.9302 0.1006 0.3529
vn -0.9141 0.0571 0.4015
vn -0.3335 -0.9379 -0.0958
vn -0.9216 -0.3345 0.1969
vn -0.9350 0.0127 0.3544
vn -0.9043 -0.0153 0.4266
vn -0.2755 -0.9613 0.0002
vn -0.8453 -0.4934 0.2052
vn -0.9211 -0.0762 0.3819
vn -0.8715 -0.1312 0.4725
vn -0.1220 -0.9912 0.0508
vn -0.1150 -0.9928 0.0347
vn -0.0905 -0.9958 0.0122
vn -0.0310 -0.9990 -0.0327
vn 0.0713 -0.9906 -0.1169
vn 0.1961 -0.9560 -0.2182
vn 0.2559 -0.9443 -0.2067
vn 0.1162 -0.9917 0.0551
vn 0.5234 -0.8468 0.0951
vn 0.4824 -0.8734 0.0671
vn 0.4404 -0.8972 0.0322
vn 0.3944 -0.9185 -0.0288
vn 0.3479 -0.9271 -0.1397
vn 0.2931 -0.9297 -0.2231
vn 0.1743 -0.9784 -0.1115
vn 0.0419 -0.9795 0.1972
vn 0.7796 -0.6096 0.1434
vn 0.7291 -0.6725 0.1272
vn 0.6613 -0.7434 0.1005
vn 0.5743 -0.8171 0.0508
vn 0.4543 -0.8894 -0.0515
vn 0.2992 -0.9463 -0.1225
vn 0.1977 -0.9802 -0.0068
vn 0.3027 -0.9461 0.1155
vn -0.6516 -0.3176 0.6889
vn -0.6276 -0.3653 0.6875
vn -0.6347 -0.4061 0.6574
vn -0.6286 -0.4540 0.6315
vn -0.5936 -0.5092 0.6231
vn -0.5733 -0.5389 0.6171
vn -0.6528 -0.4051 0.6402
vn -0.7417 -0.1220 0.6596
vn -0.9649 0.2241 0.1369
vn -0.9589 0.2306 0.1654
vn -0.9511 0.2405 0.1938
vn -0.9481 0.1826 0.2604
vn -0.9254 0.0405 0.3769
vn -0.8425 -0.1437 0.5192
vn -0.7183 -0.2618 0.6446
vn -0.6728 -0.0561 0.7377
vn -0.9647 0.1797 0.1923
vn -0.9538 0.1954 0.2284
vn -0.9436 0.1652 0.2870
vn -0.9221 0.0395 0.3850
vn -0.8540 -0.1534 0.4972
vn -0.7404 -0.3345 0.5830
vn -0.6772 -0.3681 0.6371
vn -0.7043 -0.0888 0.7044
vn -0.9579 0.1389 0.2513
vn -0.9457 0.1324 0.2970
vn -0.9257 0.0471 0.3754
vn -0.8736 -0.1238 0.4707
vn -0.7791 -0.3118 0.5438
vn -0.6900 -0.4360 0.5777
vn -0.6860 -0.3885 0.6152
vn -0.7341 -0.1071 0.6705
vn -0.9430 0.0924 0.3198
vn -0.9254 0.0410 0.3767
vn -0.8847 -0.0911 0.4571
vn -0.8072 -0.2660 0.5270
vn -0.7167 -0.4131 0.5618
vn -0.6648 -0.4759 0.5759
vn -0.6898 -0.3893 0.6105
vn -0.7407 -0.1181 0.6614
vn -0.9177 0.0298 0.3962
vn -0.8871 -0.0688 0.4564
vn -0.8241 -0.2223 0.5209
vn -0.7406 -0.3689 0.5616
vn -0.6738 -0.4665 0.5730
vn -0.6527 -0.4889 0.5787
vn -0.6895 -0.3859 0.6129
vn -0.7400 -0.1265 0.6606
vn -0.8948 -0.0504 0.4436
vn -0.8470 -0.1782 0.5008
vn -0.7799 -0.3182 0.5390
vn -0.7210 -0.4242 0.5479
vn -0.6862 -0.4861 0.5412
vn -0.6724 -0.4997 0.5460
vn -0.6979 -0.3964 0.5966
vn -0.7406 -0.1353 0.6582
vn -0.8581 -0.1519 0.4905
vn -0.7944 -0.2767 0.5407
vn -0.7365 -0.3754 0.5627
vn -0.7020 -0.4425 0.5581
vn -0.6789 -0.4933 0.5439
vn -0.6569 -0.5212 0.5449
vn -0.6834 -0.4182 0.5984
vn -0.7368 -0.1423 0.6610
vn -0.7950 -0.2543 0.5508
vn -0.7320 -0.3465 0.5866
vn -0.6947 -0.4056 0.5940
vn -0.6715 -0.4493 0.5893
vn -0.6469 -0.4998 0.5759
vn -0.6243 -0.5383 0.5661
vn -0.6693 -0.4246 0.6097
vn -0.7401 -0.1368 0.6585
vn 0.0914 -0.7748 0.6256
vn 0.1892 0.2898 0.9382
vn 0.1493 0.5085 0.8480
vn 0.0679 0.3620 0.9297
vn -0.0874 -0.9916 -0.0950
vn -0.1233 -0.9875 -0.0982
vn -0.1274 -0.9905 -0.0515
vn -0.1450 -0.9894 -0.0101
vn -0.1797 -0.9830 0.0379
vn -0.2271 -0.9694 0.0937
vn -0.2834 -0.9478 0.1463
vn 0.1113 -0.6581 0.7447
vn 0.2143 0.2994 0.9298
vn 0.0987 0.3970 0.9125
vn -0.0777 0.1712 0.9822
vn -0.1516 -0.9882 0.0241
vn -0.2252 -0.9713 -0.0767
vn -0.2295 -0.9732 -0.0119
vn -0.2655 -0.9625 0.0555
vn -0.3129 -0.9437 0.1075
vn -0.3468 -0.9244 0.1590
vn -0.3674 -0.9084 0.1996
vn 0.1615 -0.5143 0.8423
vn 0.1803 0.2238 0.9578
vn -0.0316 0.1404 0.9896
vn -0.2666 -0.0752 0.9609
vn -0.1084 -0.9790 0.1727
vn -0.2642 -0.9638 -0.0354
vn -0.3137 -0.9487 0.0397
vn -0.3359 -0.9357 0.1078
vn -0.3355 -0.9334 0.1272
vn -0.2995 -0.9427 0.1470
vn -0.2304 -0.9619 0.1470
vn 0.1960 -0.4349 0.8789
vn -0.1915 -0.1450 0.9707
vn -0.4454 -0.1370 0.8848
vn -0.4769 -0.2442 0.8444
vn 0.0022 -0.9416 0.3367
vn -0.2068 -0.9781 0.0244
vn -0.2459 -0.9679 0.0519
vn -0.2156 -0.9741 0.0682
vn -0.1429 -0.9888 0.0438
vn -0.0402 -0.9988 0.0264
vn 0.0876 -0.9960 -0.0198
vn -0.0675 -0.7652 0.6403
vn -0.5625 -0.6867 0.4604
vn 0.1028 -0.9090 0.4039
vn 0.0450 -0.9989 -0.0144
vn 0.1154 -0.9913 -0.0637
vn 0.2055 -0.9759 -0.0739
vn 0.2627 -0.9611 -0.0847
vn 0.3065 -0.9441 -0.1212
vn 0.3766 -0.9072 -0.1875
vn 0.0167 -0.8991 0.4374
vn 0.2337 -0.9428 0.2377
vn 0.3965 -0.8994 -0.1842
vn 0.5209 -0.8181 -0.2439
vn 0.5987 -0.7792 -0.1852
vn 0.5953 -0.7934 -0.1271
vn 0.5505 -0.8154 -0.1791
vn 0.5191 -0.8161 -0.2538
vn 0.1758 -0.9567 0.2320
vn 0.4626 -0.8797 -0.1103
vn 0.6043 -0.7177 -0.3461
vn 0.6614 -0.6746 -0.3279
vn 0.6923 -0.6947 -0.1953
vn 0.6868 -0.7201 -0.0992
vn 0.6404 -0.7534 -0.1489
vn 0.5559 -0.8052 -0.2066
vn 0.5467 -0.8315 -0.0981
vn 0.6469 -0.6752 -0.3543
vn 0.6694 -0.6289 -0.3955
vn 0.6644 -0.6842 -0.3007
vn 0.6484 -0.7448 -0.1576
vn 0.6340 -0.7705 -0.0662
vn 0.5926 -0.8016 -0.0792
vn 0.4816 -0.8741 -0.0628
vn -0.0636 0.1824 0.9812
vn -0.2035 0.0641 0.9770
vn -0.3426 -0.0364 0.9388
vn -0.4822 -0.2116 0.8501
vn -0.5662 -0.4367 0.6991
vn -0.6956 -0.3434 0.6310
vn -0.8169 -0.0550 0.5742
vn -0.8550 0.0115 0.5185
vn -0.2492 -0.0072 0.9684
vn -0.3862 -0.1093 0.9159
vn -0.4935 -0.2034 0.8456
vn -0.5489 -0.3690 0.7500
vn -0.5483 -0.5215 0.6538
vn -0.6289 -0.4342 0.6449
vn -0.7595 -0.1714 0.6275
vn -0.8212 -0.0230 0.5701
vn -0.4159 -0.1898 0.8894
vn -0.5117 -0.2487 0.8224
vn -0.5703 -0.3145 0.7588
vn -0.5765 -0.4329 0.6930
vn -0.5436 -0.5394 0.6431
vn -0.5838 -0.4891 0.6480
vn -0.7026 -0.2746 0.6564
vn -0.7742 -0.0672 0.6293
vn -0.5072 -0.2981 0.8087
vn -0.5522 -0.3295 0.7658
vn -0.5910 -0.3743 0.7146
vn -0.5900 -0.4509 0.6697
vn -0.5453 -0.5261 0.6526
vn -0.5465 -0.5219 0.6549
vn -0.6595 -0.3534 0.6635
vn -0.7500 -0.1003 0.6538
vn -0.3396 -0.9256 0.1672
vn -0.3731 -0.9163 0.1457
vn -0.3619 -0.9248 0.1172
vn -0.3110 -0.9407 0.1357
vn -0.2359 -0.9513 0.1986
vn -0.1423 -0.9754 0.1685
vn -0.1297 -0.8837 -0.4497
vn -0.0941 -0.2022 -0.9748
vn -0.0286 0.0626 -0.9976
vn 0.0151 0.0179 -0.9997
vn -0.3794 -0.9039 0.1976
vn -0.3894 -0.9087 0.1506
vn -0.3964 -0.9123 0.1027
vn -0.3786 -0.9199 0.1025
vn -0.3015 -0.9454 0.1234
vn -0.1790 -0.9837 0.0188
vn -0.1249 -0.8046 -0.5805
vn -0.0746 -0.1166 -0.9904
vn -0.0365 0.1018 -0.9941
vn -0.0155 0.0424 -0.9990
vn -0.1273 -0.9870 0.0983
vn -0.0103 -0.9993 0.0362
vn 0.0229 -0.9971 0.0732
vn -0.0841 -0.9895 0.1173
vn -0.1622 -0.9854 0.0524
vn -0.1292 -0.9836 -0.1261
vn -0.0983 -0.7230 -0.6838
vn -0.0637 -0.0597 -0.9962
vn -0.0466 0.1148 -0.9923
vn -0.0405 0.0560 -0.9976
vn 0.2342 -0.9660 -0.1093
vn 0.3648 -0.9221 -0.1290
vn 0.4147 -0.9075 0.0663
vn 0.2963 -0.9287 0.2230
vn 0.0875 -0.9920 0.0910
vn -0.0286 -0.9822 -0.1859
vn -0.0706 -0.6713 -0.7378
vn -0.0681 -0.0286 -0.9973
vn -0.0608 0.1164 -0.9913
vn -0.0620 0.0591 -0.9963
vn 0.4331 -0.8680 -0.2427
vn 0.4310 -0.8916 -0.1389
vn 0.3803 -0.9135 0.1443
vn 0.2961 -0.8862 0.3563
vn 0.1630 -0.9614 0.2216
vn 0.0296 -0.9866 -0.1605
vn -0.0567 -0.6595 -0.7495
vn -0.0842 -0.0166 -0.9963
vn -0.0822 0.1165 -0.9898
vn -0.0848 0.0553 -0.9949
vn 0.4799 -0.8478 -0.2258
vn 0.3894 -0.9210 -0.0036
vn 0.2493 -0.9276 0.2783
vn 0.1457 -0.8862 0.4399
vn 0.0995 -0.9487 0.3000
vn 0.0389 -0.9932 -0.1099
vn -0.0511 -0.6765 -0.7347
vn -0.0974 -0.0216 -0.9950
vn -0.1024 0.1167 -0.9879
vn -0.1069 0.0484 -0.9931
vn 0.4395 -0.8941 -0.0865
vn 0.2811 -0.9419 0.1837
vn 0.1327 -0.9027 0.4094
vn 0.0710 -0.8800 0.4697
vn 0.0736 -0.9501 0.3031
vn 0.0424 -0.9969 -0.0661
vn -0.0460 -0.7067 -0.7060
vn -0.1030 -0.0401 -0.9939
vn -0.1156 0.1126 -0.9869
vn -0.1257 0.0386 -0.9913
vn 0.3082 -0.9435 0.1216
vn 0.1359 -0.9273 0.3488
vn 0.0490 -0.8778 0.4765
vn 0.0513 -0.8881 0.4568
vn 0.0723 -0.9549 0.2882
vn 0.0452 -0.9986 -0.0270
vn -0.0418 -0.7416 -0.6696
vn -0.1065 -0.0678 -0.9920
vn -0.1266 0.1010 -0.9868
vn -0.1431 0.0246 -0.9894
vn 0.0387 -0.0713 -0.9967
vn 0.0420 -0.1094 -0.9931
vn 0.0287 -0.1020 -0.9944
vn 0.0185 -0.0620 -0.9979
vn 0.0218 -0.0201 -0.9996
vn 0.0310 0.0038 -0.9995
vn 0.0374 0.0098 -0.9993
vn 0.0398 0.0039 -0.9992
vn 0.0046 -0.0537 -0.9985
vn 0.0153 -0.1141 -0.9934
vn 0.0065 -0.1202 -0.9927
vn -0.0134 -0.0741 -0.9972
vn -0.0296 -0.0214 -0.9993
vn -0.0371 0.0061 -0.9993
vn -0.0395 0.0112 -0.9992
vn -0.0402 0.0041 -0.9992
vn -0.0285 -0.0363 -0.9989
vn -0.0175 -0.1113 -0.9936
vn -0.0244 -0.1397 -0.9899
vn -0.0543 -0.1045 -0.9930
vn -0.0929 -0.0460 -0.9946
vn -0.1222 -0.0071 -0.9925
vn -0.1378 0.0057 -0.9904
vn -0.1438 0.0025 -0.9896
vn -0.0598 -0.0262 -0.9979
vn -0.0526 -0.1051 -0.9931
vn -0.0525 -0.1540 -0.9867
vn -0.0742 -0.1416 -0.9871
vn -0.1154 -0.0877 -0.9894
vn -0.1572 -0.0367 -0.9869
vn -0.1856 -0.0094 -0.9826
vn -0.1989 -0.0021 -0.9800
vn -0.0909 -0.0271 -0.9955
vn -0.0934 -0.1014 -0.9905
vn -0.0917 -0.1580 -0.9832
vn -0.0990 -0.1668 -0.9810
vn -0.1246 -0.1278 -0.9839
vn -0.1600 -0.0731 -0.9844
vn -0.1898 -0.0316 -0.9813
vn -0.2053 -0.0092 -0.9787
vn -0.1187 -0.0391 -0.9922
vn -0.1325 -0.1076 -0.9853
vn -0.1392 -0.1590 -0.9774
vn -0.1415 -0.1761 -0.9741
vn -0.1500 -0.1510 -0.9771
vn -0.1664 -0.1001 -0.9810
vn -0.1828 -0.0504 -0.9819
vn -0.1919 -0.0153 -0.9813
vn -0.1422 -0.0585 -0.9881
vn -0.1632 -0.1251 -0.9786
vn -0.1793 -0.1663 -0.9696
vn -0.1851 -0.1774 -0.9666
vn -0.1830 -0.1544 -0.9709
vn -0.1778 -0.1058 -0.9784
vn -0.1724 -0.0544 -0.9835
vn -0.1683 -0.0159 -0.9856
vn -0.1616 -0.0807 -0.9836
vn -0.1828 -0.1476 -0.9720
vn -0.2001 -0.1790 -0.9633
vn -0.2046 -0.1749 -0.9631
vn -0.1910 -0.1391 -0.9717
vn -0.1613 -0.0841 -0.9833
vn -0.1271 -0.0351 -0.9913
vn -0.1038 -0.0074 -0.9946
vn -0.2625 -0.9035 0.3388
vn -0.6145 -0.1555 0.7735
vn -0.4995 0.0821 0.8624
vn -0.3674 0.1669 0.9150
vn 0.1767 -0.9805 -0.0858
vn 0.2544 -0.9650 -0.0640
vn 0.2580 -0.9649 -0.0501
vn 0.2486 -0.9387 -0.2387
vn 0.2480 -0.8725 -0.4209
vn 0.2304 -0.8649 -0.4460
vn 0.1675 -0.8996 -0.4032
vn 0.0894 -0.9917 -0.0923
vn 0.2201 -0.9583 -0.1825
vn 0.2808 -0.9554 -0.0912
vn 0.2878 -0.9572 -0.0317
vn 0.2509 -0.9478 -0.1968
vn 0.1648 -0.9036 -0.3953
vn 0.1001 -0.9017 -0.4205
vn 0.0662 -0.9304 -0.3605
vn 0.1245 -0.9695 -0.2109
vn 0.1973 -0.9470 -0.2534
vn 0.2513 -0.9587 -0.1331
vn 0.2898 -0.9562 -0.0420
vn 0.2745 -0.9532 -0.1263
vn 0.1749 -0.9375 -0.3007
vn 0.0587 -0.9274 -0.3695
vn 0.0035 -0.9401 -0.3408
vn 0.1350 -0.9533 -0.2703
vn 0.1683 -0.9424 -0.2890
vn 0.2056 -0.9602 -0.1891
vn 0.2658 -0.9599 -0.0893
vn 0.3050 -0.9475 -0.0958
vn 0.2713 -0.9418 -0.1985
vn 0.1658 -0.9467 -0.2762
vn 0.0649 -0.9510 -0.3025
vn 0.0809 -0.9478 -0.3086
vn 0.1051 -0.9461 -0.3063
vn 0.1317 -0.9618 -0.2399
vn 0.1948 -0.9670 -0.1641
vn 0.2695 -0.9538 -0.1328
vn 0.2962 -0.9428 -0.1528
vn 0.2499 -0.9510 -0.1821
vn 0.1640 -0.9593 -0.2298
vn -0.0314 -0.9419 -0.3343
vn -0.0062 -0.9442 -0.3295
vn 0.0262 -0.9600 -0.2788
vn 0.0710 -0.9697 -0.2339
vn 0.1280 -0.9718 -0.1979
vn 0.1712 -0.9707 -0.1685
vn 0.1837 -0.9717 -0.1488
vn 0.1616 -0.9717 -0.1723
vn -0.1213 -0.9340 -0.3361
vn -0.1059 -0.9274 -0.3588
vn -0.0749 -0.9486 -0.3076
vn -0.0502 -0.9611 -0.2716
vn -0.0260 -0.9702 -0.2411
vn 0.0054 -0.9789 -0.2044
vn 0.0413 -0.9848 -0.1690
vn 0.0595 -0.9856 -0.1580
vn -0.1234 -0.9455 -0.3013
vn -0.1514 -0.9171 -0.3689
vn -0.1479 -0.9330 -0.3282
vn -0.1350 -0.9490 -0.2849
vn -0.1296 -0.9580 -0.2557
vn -0.1211 -0.9661 -0.2280
vn -0.1056 -0.9751 -0.1948
vn -0.0939 -0.9821 -0.1632
vn -0.2574 0.1808 0.9493
vn -0.1885 0.1118 0.9757
vn -0.1580 0.0347 0.9868
vn -0.1531 0.0164 0.9881
vn -0.1559 0.0139 0.9877
vn -0.1576 0.0080 0.9875
vn -0.1553 0.0067 0.9878
vn -0.1480 0.0129 0.9889
vn 0.1169 -0.9512 -0.2855
vn 0.1333 -0.9763 -0.1705
vn 0.1910 -0.9755 -0.1087
vn 0.2474 -0.9657 -0.0786
vn 0.2900 -0.9548 -0.0659
vn 0.3196 -0.9456 -0.0609
vn 0.3384 -0.9391 -0.0591
vn 0.3481 -0.9357 -0.0581
vn 0.0524 -0.9591 -0.2782
vn 0.0650 -0.9766 -0.2050
vn 0.0863 -0.9854 -0.1471
vn 0.0990 -0.9892 -0.1080
vn 0.1036 -0.9907 -0.0877
vn 0.1046 -0.9915 -0.0771
vn 0.1042 -0.9920 -0.0709
vn 0.1038 -0.9924 -0.0664
vn 0.0049 -0.9578 -0.2875
vn 0.0290 -0.9735 -0.2267
vn 0.0457 -0.9862 -0.1588
vn 0.0434 -0.9933 -0.1070
vn 0.0273 -0.9963 -0.0809
vn 0.0073 -0.9975 -0.0698
vn -0.0104 -0.9978 -0.0651
vn -0.0229 -0.9977 -0.0635
vn 0.0222 -0.9562 -0.2919
vn 0.0195 -0.9705 -0.2404
vn 0.0219 -0.9865 -0.1620
vn 0.0147 -0.9952 -0.0968
vn -0.0011 -0.9979 -0.0644
vn -0.0199 -0.9984 -0.0534
vn -0.0366 -0.9980 -0.0522
vn -0.0487 -0.9973 -0.0553
vn 0.0870 -0.9616 -0.2603
vn 0.0377 -0.9730 -0.2279
vn 0.0086 -0.9882 -0.1528
vn -0.0085 -0.9962 -0.0865
vn -0.0181 -0.9984 -0.0534
vn -0.0237 -0.9988 -0.0435
vn -0.0270 -0.9986 -0.0448
vn -0.0287 -0.9983 -0.0506
vn 0.1071 -0.9730 -0.2045
vn 0.0411 -0.9817 -0.1858
vn -0.0091 -0.9917 -0.1286
vn -0.0316 -0.9965 -0.0780
vn -0.0328 -0.9980 -0.0533
vn -0.0244 -0.9986 -0.0463
vn -0.0141 -0.9988 -0.0479
vn -0.0056 -0.9986 -0.0530
vn 0.0378 -0.9867 -0.1583
vn -0.0099 -0.9904 -0.1377
vn -0.0484 -0.9936 -0.1025
vn -0.0605 -0.9953 -0.0753
vn -0.0525 -0.9967 -0.0624
vn -0.0375 -0.9976 -0.0578
vn -0.0237 -0.9981 -0.0574
vn -0.0144 -0.9982 -0.0589
vn -0.0969 -0.9860 -0.1357
vn -0.1098 -0.9878 -0.1103
vn -0.1177 -0.9889 -0.0907
vn -0.1148 -0.9902 -0.0794
vn -0.1064 -0.9917 -0.0727
vn -0.0988 -0.9928 -0.0673
vn -0.0954 -0.9934 -0.0633
vn -0.0966 -0.9935 -0.0605
vn 0.3512 -0.9346 -0.0564
vn 0.3518 -0.9346 -0.0525
vn 0.3539 -0.9341 -0.0467
vn 0.3617 -0.9315 -0.0379
vn 0.3770 -0.9258 -0.0289
vn 0.3967 -0.9177 -0.0223
vn 0.4165 -0.9090 -0.0159
vn 0.4327 -0.9015 -0.0097
vn 0.1045 -0.9925 -0.0629
vn 0.1071 -0.9924 -0.0598
vn 0.1120 -0.9921 -0.0566
vn 0.1197 -0.9914 -0.0529
vn 0.1309 -0.9902 -0.0492
vn 0.1457 -0.9883 -0.0453
vn 0.1630 -0.9858 -0.0393
vn 0.1819 -0.9828 -0.0312
vn -0.0295 -0.9976 -0.0634
vn -0.0304 -0.9975 -0.0636
vn -0.0267 -0.9976 -0.0632
vn -0.0201 -0.9979 -0.0620
vn -0.0120 -0.9981 -0.0605
vn -0.0030 -0.9983 -0.0587
vn 0.0071 -0.9985 -0.0545
vn 0.0187 -0.9987 -0.0481
vn -0.0559 -0.9966 -0.0599
vn -0.0588 -0.9962 -0.0641
vn -0.0589 -0.9961 -0.0662
vn -0.0580 -0.9961 -0.0660
vn -0.0575 -0.9963 -0.0645
vn -0.0581 -0.9963 -0.0627
vn -0.0592 -0.9965 -0.0595
vn -0.0592 -0.9967 -0.0549
vn -0.0296 -0.9979 -0.0573
vn -0.0308 -0.9976 -0.0627
vn -0.0334 -0.9973 -0.0649
vn -0.0382 -0.9972 -0.0637
vn -0.0454 -0.9971 -0.0609
vn -0.0543 -0.9968 -0.0581
vn -0.0635 -0.9964 -0.0554
vn -0.0706 -0.9961 -0.0531
vn -0.0005 -0.9983 -0.0582
vn 0.0008 -0.9981 -0.0613
vn -0.0021 -0.9981 -0.0610
vn -0.0086 -0.9983 -0.0574
vn -0.0178 -0.9985 -0.0526
vn -0.0284 -0.9984 -0.0490
vn -0.0385 -0.9981 -0.0475
vn -0.0456 -0.9978 -0.0483
vn -0.0104 -0.9981 -0.0603
vn -0.0112 -0.9982 -0.0597
vn -0.0157 -0.9983 -0.0564
vn -0.0226 -0.9985 -0.0507
vn -0.0305 -0.9985 -0.0448
vn -0.0386 -0.9984 -0.0409
vn -0.0459 -0.9981 -0.0407
vn -0.0511 -0.9977 -0.0445
vn -0.1022 -0.9931 -0.0580
vn -0.1110 -0.9923 -0.0545
vn -0.1213 -0.9914 -0.0496
vn -0.1314 -0.9904 -0.0438
vn -0.1402 -0.9894 -0.0384
vn -0.1475 -0.9884 -0.0351
vn -0.1541 -0.9874 -0.0357
vn -0.1615 -0.9861 -0.0402
vn 0.4438 -0.8961 -0.0039
vn 0.4513 -0.8924 0.0022
vn 0.4580 -0.8889 0.0089
vn 0.4652 -0.8851 0.0156
vn 0.4721 -0.8813 0.0221
vn 0.4770 -0.8784 0.0289
vn 0.4795 -0.8768 0.0367
vn 0.4821 -0.8750 0.0453
vn 0.2018 -0.9792 -0.0231
vn 0.2224 -0.9748 -0.0159
vn 0.2428 -0.9700 -0.0087
vn 0.2615 -0.9652 -0.0007
vn 0.2772 -0.9608 0.0085
vn 0.2891 -0.9571 0.0189
vn 0.2985 -0.9540 0.0287
vn 0.3087 -0.9505 0.0352
vn 0.0322 -0.9986 -0.0419
vn 0.0479 -0.9982 -0.0363
vn 0.0656 -0.9974 -0.0295
vn 0.0840 -0.9963 -0.0206
vn 0.1020 -0.9947 -0.0093
vn 0.1192 -0.9929 0.0031
vn 0.1365 -0.9906 0.0134
vn 0.1548 -0.9878 0.0182
vn -0.0566 -0.9971 -0.0513
vn -0.0499 -0.9975 -0.0491
vn -0.0379 -0.9982 -0.0459
vn -0.0204 -0.9990 -0.0394
vn 0.0012 -0.9996 -0.0293
vn 0.0251 -0.9995 -0.0172
vn 0.0496 -0.9987 -0.0070
vn 0.0730 -0.9973 -0.0018
vn -0.0735 -0.9959 -0.0532
vn -0.0705 -0.9959 -0.0561
vn -0.0603 -0.9964 -0.0588
vn -0.0429 -0.9974 -0.0575
vn -0.0206 -0.9985 -0.0503
vn 0.0040 -0.9992 -0.0394
vn 0.0284 -0.9992 -0.0285
vn 0.0505 -0.9985 -0.0209
vn -0.0481 -0.9975 -0.0526
vn -0.0458 -0.9971 -0.0605
vn -0.0390 -0.9969 -0.0684
vn -0.0289 -0.9971 -0.0711
vn -0.0172 -0.9977 -0.0661
vn -0.0050 -0.9984 -0.0559
vn 0.0074 -0.9990 -0.0449
vn 0.0193 -0.9992 -0.0354
vn -0.0538 -0.9972 -0.0518
vn -0.0562 -0.9965 -0.0613
vn -0.0610 -0.9957 -0.0696
vn -0.0691 -0.9950 -0.0724
vn -0.0794 -0.9945 -0.0678
vn -0.0894 -0.9943 -0.0589
vn -0.0970 -0.9940 -0.0496
vn -0.1016 -0.9940 -0.0414
vn -0.1716 -0.9841 -0.0467
vn -0.1871 -0.9809 -0.0528
vn -0.2104 -0.9760 -0.0559
vn -0.2410 -0.9690 -0.0545
vn -0.2750 -0.9602 -0.0493
vn -0.3070 -0.9507 -0.0432
vn -0.3339 -0.9418 -0.0385
vn -0.3540 -0.9346 -0.0352
vn 0.4894 -0.8705 0.0525
vn 0.5040 -0.8622 0.0513
vn 0.5207 -0.8530 0.0359
vn 0.5353 -0.8443 0.0250
vn 0.5562 -0.8302 0.0375
vn 0.5927 -0.8024 0.0701
vn 0.6417 -0.7595 0.1072
vn 0.6916 -0.7123 0.1197
vn 0.3231 -0.9457 0.0365
vn 0.3422 -0.9392 0.0303
vn 0.3620 -0.9320 0.0168
vn 0.3804 -0.9248 0.0063
vn 0.4026 -0.9154 0.0075
vn 0.4362 -0.8996 0.0222
vn 0.4847 -0.8735 0.0465
vn 0.5395 -0.8396 0.0640
vn 0.1746 -0.9845 0.0166
vn 0.1945 -0.9809 0.0093
vn 0.2122 -0.9772 -0.0018
vn 0.2276 -0.9737 -0.0118
vn 0.2443 -0.9696 -0.0161
vn 0.2664 -0.9638 -0.0127
vn 0.2965 -0.9550 -0.0006
vn 0.3315 -0.9433 0.0169
vn 0.0936 -0.9956 -0.0024
vn 0.1098 -0.9939 -0.0070
vn 0.1203 -0.9926 -0.0138
vn 0.1252 -0.9919 -0.0212
vn 0.1275 -0.9915 -0.0270
vn 0.1308 -0.9910 -0.0287
vn 0.1380 -0.9902 -0.0233
vn 0.1502 -0.9886 -0.0089
vn 0.0681 -0.9975 -0.0175
vn 0.0793 -0.9967 -0.0169
vn 0.0832 -0.9964 -0.0176
vn 0.0791 -0.9967 -0.0195
vn 0.0682 -0.9974 -0.0228
vn 0.0545 -0.9982 -0.0257
vn 0.0433 -0.9987 -0.0252
vn 0.0398 -0.9991 -0.0177
vn 0.0292 -0.9992 -0.0284
vn 0.0355 -0.9991 -0.0231
vn 0.0375 -0.9991 -0.0183
vn 0.0338 -0.9993 -0.0136
vn 0.0235 -0.9997 -0.0114
vn 0.0081 -0.9999 -0.0128
vn -0.0079 -0.9998 -0.0158
vn -0.0185 -0.9997 -0.0163
vn -0.1035 -0.9940 -0.0342
vn -0.1037 -0.9942 -0.0278
vn -0.1028 -0.9945 -0.0213
vn -0.1010 -0.9948 -0.0136
vn -0.0996 -0.9950 -0.0073
vn -0.1004 -0.9949 -0.0056
vn -0.1035 -0.9946 -0.0088
vn -0.1068 -0.9942 -0.0133
vn -0.3669 -0.9297 -0.0328
vn -0.3727 -0.9274 -0.0303
vn -0.3723 -0.9277 -0.0270
vn -0.3664 -0.9302 -0.0219
vn -0.3555 -0.9345 -0.0168
vn -0.3409 -0.9400 -0.0145
vn -0.3261 -0.9452 -0.0159
vn -0.3147 -0.9490 -0.0185
vn 0.7315 -0.6738 0.1045
vn 0.7590 -0.6449 0.0890
vn 0.7796 -0.6201 0.0879
vn 0.7984 -0.5944 0.0964
vn 0.8169 -0.5666 0.1079
vn 0.8339 -0.5385 0.1210
vn 0.8464 -0.5143 0.1387
vn 0.8513 -0.4999 0.1594
vn 0.5834 -0.8093 0.0680
vn 0.6093 -0.7899 0.0687
vn 0.6251 -0.7772 0.0718
vn 0.6422 -0.7626 0.0771
vn 0.6662 -0.7411 0.0839
vn 0.6972 -0.7107 0.0937
vn 0.7325 -0.6715 0.1119
vn 0.7686 -0.6250 0.1363
vn 0.3625 -0.9313 0.0360
vn 0.3850 -0.9215 0.0513
vn 0.4015 -0.9140 0.0584
vn 0.4176 -0.9067 0.0597
vn 0.4379 -0.8971 0.0586
vn 0.4663 -0.8827 0.0591
vn 0.5084 -0.8587 0.0646
vn 0.5671 -0.8200 0.0774
vn 0.1669 -0.9859 0.0124
vn 0.1864 -0.9820 0.0317
vn 0.2054 -0.9778 0.0418
vn 0.2215 -0.9742 0.0437
vn 0.2355 -0.9710 0.0401
vn 0.2513 -0.9673 0.0332
vn 0.2768 -0.9607 0.0218
vn 0.3190 -0.9476 0.0146
vn 0.0462 -0.9989 -0.0030
vn 0.0611 -0.9981 0.0127
vn 0.0802 -0.9965 0.0234
vn 0.0987 -0.9947 0.0279
vn 0.1141 -0.9931 0.0267
vn 0.1264 -0.9918 0.0188
vn 0.1361 -0.9907 0.0013
vn 0.1442 -0.9894 -0.0155
vn -0.0199 -0.9997 -0.0107
vn -0.0120 -0.9999 -0.0019
vn 0.0024 -1.0000 0.0061
vn 0.0192 -0.9997 0.0116
vn 0.0346 -0.9993 0.0136
vn 0.0451 -0.9989 0.0097
vn 0.0460 -0.9989 -0.0012
vn 0.0341 -0.9993 -0.0123
vn -0.1076 -0.9941 -0.0141
vn -0.1039 -0.9945 -0.0115
vn -0.0957 -0.9954 -0.0072
vn -0.0857 -0.9963 -0.0020
vn -0.0768 -0.9970 0.0023
vn -0.0719 -0.9974 0.0039
vn -0.0752 -0.9972 0.0031
vn -0.0894 -0.9960 0.0029
vn -0.3066 -0.9516 -0.0201
vn -0.2994 -0.9539 -0.0205
vn -0.2912 -0.9565 -0.0186
vn -0.2819 -0.9593 -0.0141
vn -0.2728 -0.9620 -0.0083
vn -0.2664 -0.9639 -0.0021
vn -0.2645 -0.9644 0.0040
vn -0.2671 -0.9636 0.0112
vn 0.8468 -0.5021 0.1755
vn 0.8294 -0.5284 0.1815
vn 0.7953 -0.5803 0.1754
vn 0.7426 -0.6532 0.1479
vn 0.6697 -0.7390 0.0737
vn 0.5920 -0.8058 -0.0141
vn 0.5972 -0.8009 -0.0436
vn 0.7032 -0.7011 -0.1186
vn 0.8015 -0.5757 0.1618
vn 0.8240 -0.5348 0.1871
vn 0.8311 -0.5171 0.2049
vn 0.8190 -0.5352 0.2068
vn 0.8091 -0.5721 0.1341
vn 0.8273 -0.5616 -0.0089
vn 0.8587 -0.4973 -0.1238
vn 0.8635 -0.4537 -0.2204
vn 0.6373 -0.7642 0.0994
vn 0.7101 -0.6919 0.1306
vn 0.7752 -0.6098 0.1646
vn 0.8195 -0.5378 0.1981
vn 0.8534 -0.5052 0.1282
vn 0.8705 -0.4896 -0.0507
vn 0.8633 -0.4812 -0.1524
vn 0.8300 -0.5284 -0.1788
vn 0.3792 -0.9251 0.0215
vn 0.4568 -0.8887 0.0396
vn 0.5498 -0.8324 0.0694
vn 0.6542 -0.7480 0.1119
vn 0.7423 -0.6651 0.0815
vn 0.7508 -0.6598 -0.0300
vn 0.6754 -0.7337 -0.0748
vn 0.5562 -0.8297 -0.0472
vn 0.1543 -0.9878 -0.0205
vn 0.1700 -0.9853 -0.0167
vn 0.1957 -0.9807 -0.0038
vn 0.2394 -0.9707 0.0197
vn 0.2810 -0.9592 0.0317
vn 0.2709 -0.9620 0.0354
vn 0.2024 -0.9776 0.0574
vn 0.1074 -0.9899 0.0931
vn 0.0113 -0.9998 -0.0162
vn -0.0183 -0.9997 -0.0134
vn -0.0524 -0.9986 -0.0058
vn -0.0896 -0.9959 0.0076
vn -0.1264 -0.9915 0.0315
vn -0.1532 -0.9857 0.0702
vn -0.1660 -0.9798 0.1116
vn -0.1723 -0.9743 0.1450
vn -0.1138 -0.9935 0.0067
vn -0.1455 -0.9892 0.0147
vn -0.1815 -0.9831 0.0251
vn -0.2172 -0.9754 0.0385
vn -0.2461 -0.9676 0.0566
vn -0.2616 -0.9618 0.0812
vn -0.2601 -0.9593 0.1103
vn -0.2444 -0.9597 0.1385
vn -0.2734 -0.9617 0.0208
vn -0.2820 -0.9589 0.0325
vn -0.2913 -0.9556 0.0444
vn -0.2990 -0.9526 0.0556
vn -0.3030 -0.9506 0.0673
vn -0.3009 -0.9502 0.0815
vn -0.2904 -0.9518 0.0990
vn -0.2707 -0.9554 0.1184
vn 0.7708 -0.5679 -0.2889
vn 0.7489 -0.5386 -0.3861
vn 0.7035 -0.6256 -0.3373
vn 0.6436 -0.7373 -0.2055
vn 0.5727 -0.8155 -0.0830
vn 0.5099 -0.8602 -0.0088
vn 0.4277 -0.9035 0.0290
vn 0.2883 -0.9489 0.1283
vn 0.8272 -0.4776 -0.2961
vn 0.7595 -0.5823 -0.2899
vn 0.6582 -0.7270 -0.1959
vn 0.5400 -0.8390 -0.0663
vn 0.4293 -0.9026 0.0301
vn 0.3298 -0.9399 0.0890
vn 0.2222 -0.9620 0.1589
vn 0.1077 -0.9547 0.2775
vn 0.7425 -0.6454 -0.1795
vn 0.6071 -0.7862 -0.1155
vn 0.4549 -0.8904 -0.0133
vn 0.3229 -0.9430 0.0809
vn 0.2233 -0.9644 0.1415
vn 0.1455 -0.9723 0.1829
vn 0.0805 -0.9648 0.2505
vn 0.0356 -0.9378 0.3453
vn 0.4130 -0.9107 0.0012
vn 0.2677 -0.9610 0.0699
vn 0.1502 -0.9796 0.1339
vn 0.0760 -0.9813 0.1770
vn 0.0390 -0.9786 0.2019
vn 0.0227 -0.9737 0.2266
vn 0.0195 -0.9598 0.2801
vn 0.0316 -0.9352 0.3526
vn 0.0197 -0.9909 0.1328
vn -0.0435 -0.9843 0.1708
vn -0.0759 -0.9778 0.1951
vn -0.0820 -0.9756 0.2036
vn -0.0690 -0.9759 0.2071
vn -0.0446 -0.9739 0.2223
vn -0.0111 -0.9638 0.2662
vn 0.0334 -0.9449 0.3256
vn -0.1754 -0.9694 0.1720
vn -0.1715 -0.9667 0.1901
vn -0.1581 -0.9677 0.1963
vn -0.1379 -0.9716 0.1925
vn -0.1147 -0.9752 0.1891
vn -0.0888 -0.9757 0.2003
vn -0.0539 -0.9703 0.2357
vn -0.0032 -0.9589 0.2838
vn -0.2204 -0.9620 0.1612
vn -0.1934 -0.9654 0.1750
vn -0.1687 -0.9693 0.1790
vn -0.1506 -0.9727 0.1767
vn -0.1399 -0.9744 0.1761
vn -0.1316 -0.9737 0.1858
vn -0.1154 -0.9707 0.2108
vn -0.0836 -0.9656 0.2464
vn -0.2440 -0.9601 0.1369
vn -0.2157 -0.9647 0.1514
vn -0.1923 -0.9680 0.1611
vn -0.1790 -0.9694 0.1677
vn -0.1766 -0.9687 0.1744
vn -0.1799 -0.9662 0.1845
vn -0.1807 -0.9627 0.2012
vn -0.1723 -0.9588 0.2256
vn 0.1281 -0.9440 0.3042
vn 0.0309 -0.8993 0.4363
vn 0.0213 -0.8772 0.4796
vn 0.0566 -0.9042 0.4234
vn 0.0772 -0.9576 0.2775
vn 0.0481 -0.9988 0.0102
vn -0.0390 -0.7768 -0.6286
vn -0.1116 -0.1037 -0.9883
vn -0.1395 0.0814 -0.9869
vn -0.1610 0.0070 -0.9869
vn 0.0275 -0.9184 0.3947
vn 0.0093 -0.8917 0.4525
vn 0.0389 -0.8924 0.4496
vn 0.0808 -0.9183 0.3875
vn 0.0924 -0.9568 0.2757
vn 0.0559 -0.9973 0.0482
vn -0.0360 -0.8114 -0.5834
vn -0.1196 -0.1494 -0.9815
vn -0.1562 0.0544 -0.9862
vn -0.1809 -0.0116 -0.9834
vn 0.0226 -0.9100 0.4141
vn 0.0436 -0.9006 0.4324
vn 0.0882 -0.9094 0.4065
vn 0.1292 -0.9261 0.3546
vn 0.1318 -0.9499 0.2834
vn 0.0825 -0.9921 0.0947
vn -0.0273 -0.8488 -0.5281
vn -0.1353 -0.2079 -0.9687
vn -0.1822 0.0218 -0.9830
vn -0.2069 -0.0285 -0.9779
vn 0.0594 -0.9158 0.3972
vn 0.1018 -0.9134 0.3940
vn 0.1522 -0.9212 0.3581
vn 0.1926 -0.9269 0.3222
vn 0.1945 -0.9352 0.2959
vn 0.1312 -0.9777 0.1639
vn -0.0007 -0.8883 -0.4593
vn -0.1294 -0.2732 -0.9532
vn -0.1865 -0.0191 -0.9823
vn -0.2150 -0.0416 -0.9757
vn 0.0867 -0.9292 0.3592
vn 0.1398 -0.9264 0.3496
vn 0.1831 -0.9305 0.3174
vn 0.2122 -0.9308 0.2976
vn 0.2154 -0.9256 0.3113
vn 0.1558 -0.9531 0.2594
vn 0.0362 -0.9261 -0.3757
vn -0.0757 -0.3249 -0.9427
vn -0.1182 -0.0624 -0.9910
vn -0.1332 -0.0421 -0.9902
vn 0.0564 -0.9476 0.3145
vn 0.1062 -0.9432 0.3147
vn 0.1345 -0.9447 0.2991
vn 0.1440 -0.9447 0.2945
vn 0.1366 -0.9320 0.3358
vn 0.0971 -0.9327 0.3475
vn 0.0425 -0.9488 -0.3130
vn 0.0063 -0.3294 -0.9442
vn 0.0310 -0.0646 -0.9974
vn 0.0807 -0.0017 -0.9967
vn -0.0417 -0.9598 0.2775
vn -0.0051 -0.9561 0.2930
vn 0.0147 -0.9549 0.2966
vn 0.0166 -0.9518 0.3063
vn 0.0115 -0.9340 0.3571
vn 0.0132 -0.9261 0.3771
vn 0.0534 -0.9432 -0.3279
vn 0.1242 -0.2455 -0.9614
vn 0.2401 0.0197 -0.9705
vn 0.3493 0.0896 -0.9327
vn -0.1535 -0.9553 0.2528
vn -0.1296 -0.9527 0.2750
vn -0.1092 -0.9507 0.2904
vn -0.1031 -0.9429 0.3167
vn -0.1054 -0.9245 0.3663
vn -0.0706 -0.9428 0.3257
vn 0.0776 -0.8921 -0.4451
vn 0.2443 -0.0746 -0.9668
vn 0.3865 0.1453 -0.9107
vn 0.4795 0.1765 -0.8596
vn -0.1777 -0.1000 -0.9790
vn -0.1906 -0.1653 -0.9677
vn -0.1954 -0.1850 -0.9631
vn -0.1817 -0.1591 -0.9704
vn -0.1417 -0.0994 -0.9849
vn -0.0807 -0.0315 -0.9962
vn -0.0183 0.0100 -0.9998
vn 0.0214 0.0110 -0.9997
vn -0.1926 -0.1117 -0.9749
vn -0.1914 -0.1681 -0.9670
vn -0.1728 -0.1693 -0.9703
vn -0.1286 -0.1149 -0.9850
vn -0.0577 -0.0298 -0.9979
vn 0.0234 0.0432 -0.9988
vn 0.0890 0.0644 -0.9940
vn 0.1231 0.0305 -0.9919
vn -0.2122 -0.1139 -0.9706
vn -0.1935 -0.1479 -0.9699
vn -0.1457 -0.1223 -0.9817
vn -0.0761 -0.0445 -0.9961
vn 0.0013 0.0514 -0.9987
vn 0.0683 0.1118 -0.9914
vn 0.1101 0.1033 -0.9885
vn 0.1264 0.0414 -0.9911
vn -0.2068 -0.0994 -0.9733
vn -0.1625 -0.0996 -0.9817
vn -0.0937 -0.0519 -0.9943
vn -0.0237 0.0279 -0.9993
vn 0.0302 0.1128 -0.9932
vn 0.0649 0.1530 -0.9861
vn 0.0848 0.1230 -0.9888
vn 0.0937 0.0458 -0.9945
vn -0.0984 -0.0558 -0.9936
vn -0.0342 -0.0333 -0.9989
vn 0.0223 0.0098 -0.9997
vn 0.0520 0.0682 -0.9963
vn 0.0573 0.1333 -0.9894
vn 0.0565 0.1670 -0.9843
vn 0.0647 0.1363 -0.9886
vn 0.0747 0.0501 -0.9959
vn 0.1524 0.0154 -0.9882
vn 0.2110 0.0237 -0.9772
vn 0.2269 0.0279 -0.9735
vn 0.1977 0.0499 -0.9790
vn 0.1398 0.0980 -0.9853
vn 0.0817 0.1434 -0.9863
vn 0.0489 0.1346 -0.9897
vn 0.0398 0.0513 -0.9979
vn 0.4288 0.0889 -0.8990
vn 0.4655 0.0519 -0.8835
vn 0.4565 0.0038 -0.8897
vn 0.4077 -0.0158 -0.9130
vn 0.3274 0.0095 -0.9448
vn 0.2266 0.0607 -0.9721
vn 0.1305 0.0829 -0.9880
vn 0.0736 0.0343 -0.9967
vn 0.5298 0.1370 -0.8370
vn 0.5556 0.0641 -0.8289
vn 0.5660 -0.0169 -0.8242
vn 0.5604 -0.0664 -0.8256
vn 0.5331 -0.0714 -0.8430
vn 0.4765 -0.0407 -0.8783
vn 0.3960 -0.0057 -0.9182
vn 0.3329 0.0006 -0.9430
vn 0.0940 -0.9948 0.0392
vn 0.4861 -0.4816 0.7292
vn 0.5240 -0.1429 0.8396
vn 0.5404 -0.1188 0.8330
vn -0.1832 -0.9204 -0.3455
vn -0.2054 -0.9185 -0.3380
vn -0.2080 -0.9358 -0.2846
vn -0.2187 -0.9430 -0.2509
vn -0.2321 -0.9458 -0.2271
vn -0.2416 -0.9498 -0.1989
vn -0.2456 -0.9554 -0.1637
vn 0.0924 -0.9667 0.2385
vn 0.4894 -0.4300 0.7587
vn 0.6209 -0.1174 0.7751
vn 0.6514 -0.0998 0.7522
vn -0.2063 -0.9375 -0.2803
vn -0.2743 -0.9072 -0.3190
vn -0.3008 -0.9129 -0.2760
vn -0.3142 -0.9202 -0.2337
vn -0.3391 -0.9184 -0.2038
vn -0.3676 -0.9124 -0.1797
vn -0.3903 -0.9085 -0.1490
vn 0.3181 -0.8862 0.3367
vn 0.6464 -0.3348 0.6857
vn 0.6898 -0.0864 0.7189
vn 0.7125 -0.0725 0.6980
vn 0.1899 -0.9747 0.1177
vn 0.7117 -0.3286 0.6210
vn 0.7422 -0.0746 0.6661
vn 0.7520 -0.0459 0.6575
vn -0.2790 -0.9254 -0.2565
vn -0.3638 -0.8988 -0.2445
vn -0.4117 -0.8890 -0.2006
vn -0.4500 -0.8775 -0.1657
vn -0.4850 -0.8627 -0.1428
vn -0.5158 -0.8485 -0.1188
vn 0.4112 -0.8827 0.2275
vn 0.7798 -0.3354 0.5286
vn 0.8184 -0.0685 0.5705
vn 0.8347 -0.0101 0.5506
vn 0.2731 -0.9620 -0.0016
vn 0.8648 -0.3785 0.3298
vn 0.9399 0.0018 0.3415
vn 0.9681 0.0498 0.2456
vn 0.0756 -0.9970 -0.0151
vn 0.9322 -0.3028 0.1982
vn 0.9833 0.1687 -0.0680
vn 0.9692 0.0951 -0.2271
vn -0.3484 -0.9229 -0.1637
vn -0.3933 -0.9082 -0.1429
vn -0.4145 -0.9017 -0.1234
vn -0.4292 -0.8970 -0.1055
vn 0.5829 -0.8077 0.0882
vn 0.9910 0.0525 0.1231
vn 0.9114 0.3728 -0.1745
vn 0.9194 0.1498 -0.3636
vn 0.5643 -0.8229 -0.0664
vn 0.9595 0.2598 0.1085
vn 0.8359 0.5471 0.0443
vn 0.9415 0.2968 -0.1596
vn 0.5208 -0.8501 -0.0780
vn 0.9609 0.2568 0.1040
vn 0.7402 0.6642 0.1047
vn 0.8760 0.4805 -0.0418
vn 0.4969 -0.8644 -0.0767
vn 0.9648 0.2495 0.0827
vn 0.6825 0.7229 0.1078
vn 0.7874 0.6161 0.0199
vn 0.4842 -0.8718 -0.0746
vn 0.9684 0.2407 0.0654
vn 0.6556 0.7476 0.1064
vn 0.7140 0.6980 0.0553
vn 0.5453 -0.1087 0.8312
vn 0.5359 -0.0974 0.8387
vn 0.5187 -0.0851 0.8507
vn 0.5003 -0.0692 0.8631
vn 0.4927 -0.0484 0.8689
vn 0.5026 -0.0284 0.8640
vn 0.5219 -0.0144 0.8529
vn 0.5380 -0.0050 0.8430
vn 0.6670 -0.1050 0.7376
vn 0.6759 -0.0965 0.7306
vn 0.6924 -0.0773 0.7174
vn 0.7275 -0.0442 0.6847
vn 0.7792 -0.0046 0.6267
vn 0.8287 0.0149 0.5595
vn 0.8628 0.0173 0.5052
vn 0.8802 0.0078 0.4745
vn 0.7365 -0.0847 0.6712
vn 0.7656 -0.0697 0.6396
vn 0.8100 -0.0242 0.5859
vn 0.8707 0.0437 0.4899
vn 0.9254 0.0886 0.3685
vn 0.9593 0.0783 0.2712
vn 0.9748 0.0526 0.2169
vn 0.9806 0.0189 0.1950
vn 0.7859 -0.0411 0.6170
vn 0.8352 -0.0120 0.5498
vn 0.8831 0.0544 0.4660
vn 0.9187 0.1406 0.3691
vn 0.9462 0.1735 0.2733
vn 0.9714 0.1335 0.1966
vn 0.9862 0.0816 0.1443
vn 0.9923 0.0252 0.1213
vn 0.8663 0.0211 0.4990
vn 0.8998 0.0573 0.4326
vn 0.9204 0.1156 0.3736
vn 0.9228 0.1904 0.3350
vn 0.9265 0.2190 0.3060
vn 0.9475 0.1839 0.2615
vn 0.9715 0.1203 0.2041
vn 0.9850 0.0346 0.1690
vn 0.9759 0.0583 0.2101
vn 0.9714 0.0780 0.2242
vn 0.9592 0.1239 0.2541
vn 0.9402 0.1844 0.2863
vn 0.9234 0.2232 0.3122
vn 0.9265 0.2261 0.3008
vn 0.9528 0.1719 0.2503
vn 0.9760 0.0483 0.2122
vn 0.9791 0.0294 -0.2011
vn 0.9962 0.0141 -0.0865
vn 0.9967 0.0679 0.0443
vn 0.9791 0.1320 0.1545
vn 0.9515 0.1898 0.2420
vn 0.9286 0.2440 0.2797
vn 0.9397 0.2160 0.2650
vn 0.9666 0.0579 0.2495
vn 0.9255 -0.0175 -0.3782
vn 0.9527 -0.0855 -0.2916
vn 0.9865 -0.0374 -0.1597
vn 0.9991 0.0368 -0.0222
vn 0.9884 0.1109 0.1035
vn 0.9576 0.2004 0.2068
vn 0.9393 0.2157 0.2669
vn 0.9544 0.0544 0.2936
vn 0.9581 0.0055 -0.2863
vn 0.9432 -0.1381 -0.3023
vn 0.9564 -0.1406 -0.2559
vn 0.9822 -0.0769 -0.1716
vn 0.9975 -0.0069 -0.0696
vn 0.9957 0.0763 0.0529
vn 0.9747 0.1300 0.1820
vn 0.9654 0.0325 0.2586
vn 0.9722 0.1159 -0.2035
vn 0.9509 -0.1149 -0.2874
vn 0.9334 -0.1837 -0.3083
vn 0.9438 -0.1530 -0.2931
vn 0.9616 -0.1016 -0.2549
vn 0.9792 -0.0487 -0.1971
vn 0.9932 0.0010 -0.1164
vn 0.9983 0.0003 -0.0586
vn 0.9547 0.2695 -0.1266
vn 0.9688 -0.0273 -0.2465
vn 0.9374 -0.1579 -0.3105
vn 0.9262 -0.1652 -0.3388
vn 0.9280 -0.1293 -0.3496
vn 0.9309 -0.0937 -0.3531
vn 0.9339 -0.0599 -0.3525
vn 0.9365 -0.0161 -0.3502
vn 0.9093 0.4115 -0.0615
vn 0.9782 0.0933 -0.1853
vn 0.9579 -0.0869 -0.2737
vn 0.9349 -0.1314 -0.3297
vn 0.9246 -0.1109 -0.3645
vn 0.9182 -0.0826 -0.3873
vn 0.9140 -0.0558 -0.4018
vn 0.9128 -0.0168 -0.4080
vn -0.2465 -0.9605 -0.1294
vn -0.2445 -0.9640 -0.1047
vn -0.2413 -0.9663 -0.0899
vn -0.2425 -0.9669 -0.0796
vn -0.2508 -0.9655 -0.0704
vn -0.2635 -0.9626 -0.0626
vn -0.2769 -0.9592 -0.0570
vn -0.2894 -0.9558 -0.0525
vn -0.4050 -0.9064 -0.1198
vn -0.4122 -0.9056 -0.0996
vn -0.4224 -0.9030 -0.0788
vn -0.4464 -0.8930 -0.0569
vn -0.4793 -0.8766 -0.0434
vn -0.5090 -0.8599 -0.0383
vn -0.5293 -0.8475 -0.0384
vn -0.5403 -0.8406 -0.0388
vn -0.5378 -0.8373 -0.0988
vn -0.5508 -0.8302 -0.0859
vn -0.5666 -0.8223 -0.0525
vn -0.5957 -0.8030 -0.0152
vn -0.6278 -0.7784 -0.0055
vn -0.6511 -0.7589 -0.0096
vn -0.6668 -0.7450 -0.0187
vn -0.6767 -0.7358 -0.0267
vn -0.4419 -0.8926 -0.0899
vn -0.4558 -0.8865 -0.0797
vn -0.4675 -0.8830 -0.0405
vn -0.4726 -0.8813 0.0001
vn -0.4739 -0.8806 0.0039
vn -0.4784 -0.8781 -0.0017
vn -0.4903 -0.8715 -0.0107
vn -0.5059 -0.8623 -0.0208
vn 0.4709 -0.8793 -0.0713
vn 0.9735 0.2242 0.0444
vn 0.6481 0.7561 0.0910
vn 0.6599 0.7485 0.0649
vn 0.4521 -0.8893 -0.0688
vn 0.9780 0.2071 0.0241
vn 0.6489 0.7580 0.0662
vn 0.6257 0.7782 0.0541
vn 0.4437 -0.8947 -0.0508
vn 0.9808 0.1950 0.0002
vn 0.6519 0.7574 0.0381
vn 0.6064 0.7944 0.0350
vn 0.4355 -0.8996 -0.0319
vn 0.9841 0.1765 -0.0202
vn 0.6561 0.7546 0.0132
vn 0.5963 0.8026 0.0152
vn 0.4401 -0.8975 -0.0279
vn 0.9859 0.1650 -0.0267
vn 0.6584 0.7526 -0.0025
vn 0.5919 0.8060 -0.0002
vn 0.4432 -0.8960 -0.0259
vn 0.9862 0.1630 -0.0294
vn 0.6577 0.7532 -0.0128
vn 0.5910 0.8066 -0.0103
vn 0.4401 -0.8975 -0.0263
vn 0.9855 0.1672 -0.0277
vn 0.6547 0.7557 -0.0160
vn 0.5922 0.8056 -0.0149
vn 0.4356 -0.8997 -0.0287
vn 0.9840 0.1768 -0.0197
vn 0.6487 0.7610 -0.0106
vn 0.5931 0.8051 -0.0131
vn 0.8549 0.5185 -0.0187
vn 0.9698 0.2104 -0.1233
vn 0.9772 0.0058 -0.2123
vn 0.9571 -0.0692 -0.2815
vn 0.9409 -0.0708 -0.3312
vn 0.9297 -0.0553 -0.3641
vn 0.9219 -0.0396 -0.3853
vn 0.9184 -0.0136 -0.3953
vn 0.8070 0.5906 -0.0007
vn 0.9506 0.3008 -0.0773
vn 0.9849 0.0911 -0.1469
vn 0.9782 0.0021 -0.2077
vn 0.9658 -0.0198 -0.2586
vn 0.9549 -0.0198 -0.2964
vn 0.9464 -0.0166 -0.3226
vn 0.9417 -0.0075 -0.3363
vn 0.7721 0.6355 0.0002
vn 0.9310 0.3612 -0.0520
vn 0.9838 0.1500 -0.0981
vn 0.9888 0.0590 -0.1371
vn 0.9843 0.0283 -0.1740
vn 0.9784 0.0166 -0.2061
vn 0.9731 0.0082 -0.2301
vn 0.9700 0.0002 -0.2430
vn 0.7502 0.6612 -0.0061
vn 0.9158 0.3997 -0.0409
vn 0.9803 0.1842 -0.0713
vn 0.9915 0.0918 -0.0925
vn 0.9918 0.0614 -0.1120
vn 0.9903 0.0446 -0.1315
vn 0.9887 0.0275 -0.1473
vn 0.9877 0.0069 -0.1561
vn 0.7387 0.6739 -0.0125
vn 0.9047 0.4245 -0.0357
vn 0.9768 0.2059 -0.0586
vn 0.9915 0.1075 -0.0728
vn 0.9935 0.0785 -0.0821
vn 0.9938 0.0618 -0.0922
vn 0.9940 0.0396 -0.1016
vn 0.9941 0.0118 -0.1075
vn 0.7350 0.6779 -0.0167
vn 0.8970 0.4409 -0.0320
vn 0.9731 0.2246 -0.0519
vn 0.9907 0.1184 -0.0667
vn 0.9934 0.0873 -0.0750
vn 0.9940 0.0723 -0.0820
vn 0.9948 0.0483 -0.0893
vn 0.9954 0.0157 -0.0945
vn 0.7360 0.6767 -0.0183
vn 0.8917 0.4517 -0.0282
vn 0.9686 0.2442 -0.0461
vn 0.9890 0.1330 -0.0646
vn 0.9923 0.0965 -0.0779
vn 0.9929 0.0814 -0.0871
vn 0.9939 0.0565 -0.0950
vn 0.9947 0.0196 -0.1004
vn 0.7390 0.6734 -0.0170
vn 0.8885 0.4583 -0.0241
vn 0.9638 0.2638 -0.0394
vn 0.9863 0.1538 -0.0600
vn 0.9906 0.1115 -0.0788
vn 0.9914 0.0923 -0.0924
vn 0.9927 0.0648 -0.1016
vn 0.9940 0.0235 -0.1071
vn -0.3019 -0.9521 -0.0479
vn -0.3157 -0.9479 -0.0428
vn -0.3305 -0.9431 -0.0375
vn -0.3447 -0.9381 -0.0328
vn -0.3570 -0.9336 -0.0295
vn -0.3673 -0.9297 -0.0279
vn -0.3773 -0.9257 -0.0280
vn -0.3905 -0.9201 -0.0295
vn -0.5462 -0.8369 -0.0353
vn -0.5528 -0.8328 -0.0281
vn -0.5638 -0.8257 -0.0205
vn -0.5782 -0.8157 -0.0157
vn -0.5930 -0.8050 -0.0145
vn -0.6064 -0.7950 -0.0147
vn -0.6194 -0.7850 -0.0138
vn -0.6343 -0.7730 -0.0111
vn -0.6821 -0.7308 -0.0267
vn -0.6857 -0.7277 -0.0181
vn -0.6902 -0.7236 -0.0072
vn -0.6973 -0.7168 0.0001
vn -0.7070 -0.7072 0.0016
vn -0.7187 -0.6953 0.0016
vn -0.7318 -0.6815 0.0039
vn -0.7460 -0.6659 0.0091
vn -0.5201 -0.8538 -0.0232
vn -0.5303 -0.8477 -0.0162
vn -0.5353 -0.8447 -0.0060
vn -0.5366 -0.8438 0.0025
vn -0.5388 -0.8424 0.0072
vn -0.5449 -0.8384 0.0107
vn -0.5549 -0.8318 0.0155
vn -0.5683 -0.8225 0.0235
vn 0.4340 -0.9005 -0.0279
vn 0.9817 0.1898 -0.0134
vn 0.6409 0.7676 -0.0050
vn 0.5923 0.8057 -0.0087
vn 0.4309 -0.9021 -0.0231
vn 0.9798 0.1998 -0.0121
vn 0.6347 0.7727 -0.0033
vn 0.5913 0.8064 -0.0049
vn 0.4294 -0.9030 -0.0171
vn 0.9787 0.2049 -0.0103
vn 0.6325 0.7745 0.0006
vn 0.5916 0.8062 0.0020
vn 0.4289 -0.9033 -0.0113
vn 0.9792 0.2026 -0.0094
vn 0.6354 0.7722 0.0039
vn 0.5934 0.8049 0.0091
vn 0.4277 -0.9039 -0.0066
vn 0.9807 0.1954 -0.0122
vn 0.6423 0.7664 -0.0000
vn 0.5978 0.8016 0.0087
vn 0.4244 -0.9055 -0.0029
vn 0.9821 0.1876 -0.0171
vn 0.6507 0.7593 -0.0083
vn 0.6057 0.7957 0.0023
vn 0.4195 -0.9077 0.0001
vn 0.9832 0.1809 -0.0230
vn 0.6591 0.7519 -0.0167
vn 0.6165 0.7873 -0.0048
vn 0.4149 -0.9099 0.0039
vn 0.9840 0.1753 -0.0316
vn 0.6690 0.7428 -0.0257
vn 0.6293 0.7771 -0.0109
vn 0.7416 0.6707 -0.0137
vn 0.8866 0.4621 -0.0198
vn 0.9592 0.2810 -0.0319
vn 0.9828 0.1776 -0.0512
vn 0.9886 0.1319 -0.0721
vn 0.9904 0.1060 -0.0885
vn 0.9924 0.0732 -0.0988
vn 0.9942 0.0270 -0.1040
vn 0.7430 0.6692 -0.0093
vn 0.8857 0.4640 -0.0147
vn 0.9554 0.2945 -0.0239
vn 0.9790 0.2001 -0.0400
vn 0.9862 0.1544 -0.0600
vn 0.9895 0.1218 -0.0776
vn 0.9926 0.0818 -0.0892
vn 0.9950 0.0302 -0.0947
vn 0.7439 0.6683 -0.0010
vn 0.8848 0.4659 -0.0065
vn 0.9522 0.3050 -0.0151
vn 0.9752 0.2195 -0.0287
vn 0.9831 0.1767 -0.0468
vn 0.9881 0.1395 -0.0650
vn 0.9927 0.0919 -0.0784
vn 0.9958 0.0335 -0.0851
vn 0.7440 0.6681 0.0078
vn 0.8831 0.4691 0.0020
vn 0.9494 0.3139 -0.0064
vn 0.9716 0.2359 -0.0182
vn 0.9796 0.1981 -0.0348
vn 0.9858 0.1590 -0.0535
vn 0.9922 0.1042 -0.0689
vn 0.9963 0.0376 -0.0771
vn 0.7445 0.6675 0.0106
vn 0.8816 0.4720 0.0073
vn 0.9472 0.3208 0.0015
vn 0.9682 0.2500 -0.0082
vn 0.9754 0.2190 -0.0239
vn 0.9827 0.1802 -0.0435
vn 0.9911 0.1188 -0.0607
vn 0.9966 0.0427 -0.0705
vn 0.7474 0.6644 0.0090
vn 0.8817 0.4716 0.0107
vn 0.9457 0.3249 0.0086
vn 0.9649 0.2625 0.0011
vn 0.9707 0.2399 -0.0140
vn 0.9785 0.2031 -0.0344
vn 0.9893 0.1357 -0.0534
vn 0.9967 0.0486 -0.0646
vn 0.7538 0.6571 0.0058
vn 0.8843 0.4668 0.0125
vn 0.9453 0.3258 0.0145
vn 0.9618 0.2736 0.0094
vn 0.9654 0.2609 -0.0049
vn 0.9734 0.2275 -0.0260
vn 0.9869 0.1543 -0.0464
vn 0.9967 0.0554 -0.0586
vn 0.7631 0.6462 0.0024
vn 0.8892 0.4574 0.0133
vn 0.9461 0.3233 0.0193
vn 0.9590 0.2831 0.0166
vn 0.9595 0.2817 0.0032
vn 0.9674 0.2527 -0.0181
vn 0.9839 0.1741 -0.0393
vn 0.9967 0.0625 -0.0521
vn -0.4098 -0.9117 -0.0307
vn -0.4369 -0.8990 -0.0294
vn -0.4720 -0.8813 -0.0240
vn -0.5131 -0.8581 -0.0165
vn -0.5558 -0.8312 -0.0107
vn -0.5953 -0.8035 -0.0087
vn -0.6283 -0.7779 -0.0106
vn -0.6533 -0.7569 -0.0155
vn -0.6530 -0.7573 -0.0057
vn -0.6767 -0.7362 0.0037
vn -0.7058 -0.7082 0.0173
vn -0.7375 -0.6748 0.0285
vn -0.7675 -0.6402 0.0327
vn -0.7938 -0.6074 0.0304
vn -0.8159 -0.5778 0.0221
vn -0.8333 -0.5528 0.0098
vn -0.7606 -0.6490 0.0178
vn -0.7760 -0.6299 0.0322
vn -0.7922 -0.6083 0.0499
vn -0.8072 -0.5872 0.0602
vn -0.8201 -0.5690 0.0610
vn -0.8312 -0.5531 0.0559
vn -0.8419 -0.5378 0.0451
vn -0.8527 -0.5214 0.0304
vn -0.5841 -0.8110 0.0331
vn -0.5974 -0.8006 0.0461
vn -0.6046 -0.7942 0.0602
vn -0.6057 -0.7929 0.0665
vn -0.6054 -0.7932 0.0658
vn -0.6074 -0.7921 0.0612
vn -0.6140 -0.7875 0.0532
vn -0.6269 -0.7779 0.0428
vn 0.4054 -0.9141 0.0073
vn 0.9853 0.1659 -0.0401
vn 0.6816 0.7309 -0.0344
vn 0.6437 0.7651 -0.0170
vn 0.3987 -0.9170 0.0100
vn 0.9868 0.1555 -0.0462
vn 0.6951 0.7178 -0.0403
vn 0.6595 0.7514 -0.0224
vn 0.3918 -0.9200 0.0132
vn 0.9887 0.1412 -0.0506
vn 0.7083 0.7045 -0.0437
vn 0.6762 0.7363 -0.0250
vn 0.3884 -0.9214 0.0145
vn 0.9909 0.1245 -0.0521
vn 0.7221 0.6904 -0.0446
vn 0.6932 0.7203 -0.0252
vn 0.3862 -0.9223 0.0139
vn 0.9927 0.1080 -0.0532
vn 0.7366 0.6748 -0.0459
vn 0.7097 0.7040 -0.0261
vn 0.3840 -0.9233 0.0114
vn 0.9938 0.0955 -0.0561
vn 0.7505 0.6589 -0.0513
vn 0.7250 0.6880 -0.0330
vn 0.3814 -0.9244 0.0083
vn 0.9942 0.0912 -0.0577
vn 0.7615 0.6457 -0.0565
vn 0.7391 0.6724 -0.0409
vn 0.3764 -0.9264 0.0065
vn 0.9939 0.0944 -0.0575
vn 0.7677 0.6377 -0.0636
vn 0.7547 0.6542 -0.0489
vn 0.7749 0.6321 -0.0009
vn 0.8961 0.4436 0.0139
vn 0.9479 0.3179 0.0234
vn 0.9564 0.2912 0.0227
vn 0.9532 0.3023 0.0101
vn 0.9605 0.2782 -0.0109
vn 0.9804 0.1943 -0.0322
vn 0.9965 0.0698 -0.0450
vn 0.7890 0.6144 -0.0035
vn 0.9045 0.4262 0.0149
vn 0.9502 0.3105 0.0263
vn 0.9541 0.2984 0.0265
vn 0.9467 0.3219 0.0148
vn 0.9531 0.3028 -0.0049
vn 0.9765 0.2140 -0.0252
vn 0.9963 0.0770 -0.0376
vn 0.8047 0.5937 -0.0047
vn 0.9132 0.4072 0.0147
vn 0.9526 0.3030 0.0261
vn 0.9520 0.3051 0.0266
vn 0.9405 0.3395 0.0166
vn 0.9457 0.3249 -0.0004
vn 0.9724 0.2326 -0.0185
vn 0.9960 0.0840 -0.0303
vn 0.8196 0.5729 -0.0057
vn 0.9208 0.3899 0.0110
vn 0.9547 0.2968 0.0200
vn 0.9504 0.3102 0.0209
vn 0.9355 0.3531 0.0144
vn 0.9393 0.3430 0.0021
vn 0.9683 0.2495 -0.0130
vn 0.9956 0.0911 -0.0239
vn 0.8316 0.5553 -0.0096
vn 0.9259 0.3777 0.0015
vn 0.9564 0.2919 0.0073
vn 0.9501 0.3118 0.0100
vn 0.9327 0.3606 0.0087
vn 0.9344 0.3561 0.0019
vn 0.9644 0.2641 -0.0094
vn 0.9950 0.0978 -0.0188
vn 0.8399 0.5424 -0.0198
vn 0.9292 0.3694 -0.0119
vn 0.9582 0.2860 -0.0055
vn 0.9512 0.3086 0.0006
vn 0.9320 0.3626 0.0037
vn 0.9311 0.3647 0.0008
vn 0.9612 0.2759 -0.0074
vn 0.9945 0.1037 -0.0150
vn 0.8482 0.5290 -0.0262
vn 0.9332 0.3592 -0.0135
vn 0.9606 0.2780 -0.0039
vn 0.9528 0.3035 0.0020
vn 0.9319 0.3627 0.0039
vn 0.9286 0.3710 0.0008
vn 0.9584 0.2852 -0.0059
vn 0.9940 0.1085 -0.0120
vn 0.8625 0.5056 -0.0223
vn 0.9397 0.3420 0.0029
vn 0.9622 0.2721 0.0138
vn 0.9525 0.3042 0.0127
vn 0.9305 0.3663 0.0073
vn 0.9261 0.3772 0.0012
vn 0.9563 0.2925 -0.0050
vn 0.9937 0.1120 -0.0095
vn -0.6696 -0.7424 -0.0221
vn -0.6770 -0.7355 -0.0284
vn -0.6764 -0.7358 -0.0324
vn -0.6697 -0.7419 -0.0334
vn -0.6579 -0.7523 -0.0333
vn -0.6419 -0.7660 -0.0342
vn -0.6243 -0.7805 -0.0338
vn -0.6084 -0.7930 -0.0322
vn -0.8460 -0.5332 -0.0049
vn -0.8543 -0.5194 -0.0195
vn -0.8585 -0.5119 -0.0308
vn -0.8585 -0.5113 -0.0389
vn -0.8544 -0.5177 -0.0451
vn -0.8472 -0.5290 -0.0495
vn -0.8379 -0.5435 -0.0499
vn -0.8266 -0.5607 -0.0481
vn -0.8642 -0.5029 0.0140
vn -0.8765 -0.4814 -0.0025
vn -0.8886 -0.4583 -0.0168
vn -0.8988 -0.4373 -0.0305
vn -0.9052 -0.4226 -0.0439
vn -0.9065 -0.4185 -0.0556
vn -0.9016 -0.4279 -0.0640
vn -0.8910 -0.4489 -0.0682
vn -0.6463 -0.7625 0.0311
vn -0.6712 -0.7410 0.0190
vn -0.6979 -0.7162 0.0045
vn -0.7234 -0.6904 -0.0112
vn -0.7514 -0.6595 -0.0231
vn -0.7688 -0.6370 -0.0563
vn -0.7578 -0.6463 -0.0896
vn -0.7341 -0.6723 -0.0948
vn 0.3668 -0.9303 0.0045
vn 0.9925 0.1070 -0.0584
vn 0.7683 0.6360 -0.0725
vn 0.7772 0.6268 -0.0549
vn 0.3527 -0.9357 0.0011
vn 0.9898 0.1303 -0.0578
vn 0.7694 0.6348 -0.0708
vn 0.8058 0.5903 -0.0474
vn 0.3324 -0.9431 -0.0018
vn 0.9914 0.1298 -0.0143
vn 0.7875 0.6162 0.0127
vn 0.8204 0.5708 0.0325
vn 0.3245 -0.9458 -0.0159
vn 0.9978 0.0622 0.0244
vn 0.8345 0.5360 0.1279
vn 0.8020 0.5696 0.1801
vn 0.3542 -0.9326 -0.0694
vn 0.9975 0.0242 -0.0662
vn 0.9236 0.3808 0.0453
vn 0.8235 0.5346 0.1899
vn 0.3325 -0.9429 -0.0183
vn 0.9986 0.0085 0.0520
vn 0.9591 0.2737 0.0729
vn 0.8590 0.5062 0.0770
vn 0.3087 -0.9504 0.0391
vn 0.9833 -0.0328 0.1788
vn 0.9262 0.3620 0.1058
vn 0.8321 0.5528 -0.0444
vn 0.2507 -0.9679 -0.0161
vn 0.9948 -0.0452 0.0916
vn 0.8570 0.5148 0.0229
vn 0.7894 0.6118 -0.0498
vn 0.8837 0.4677 -0.0152
vn 0.9469 0.3210 0.0158
vn 0.9615 0.2740 0.0219
vn 0.9496 0.3133 0.0131
vn 0.9277 0.3732 0.0041
vn 0.9239 0.3827 -0.0014
vn 0.9548 0.2972 -0.0050
vn 0.9934 0.1141 -0.0074
vn 0.8999 0.4357 -0.0171
vn 0.9499 0.3123 -0.0091
vn 0.9594 0.2817 -0.0140
vn 0.9474 0.3197 -0.0176
vn 0.9273 0.3740 -0.0147
vn 0.9240 0.3822 -0.0095
vn 0.9546 0.2977 -0.0063
vn 0.9934 0.1147 -0.0053
vn 0.8907 0.4545 0.0040
vn 0.9392 0.3400 -0.0486
vn 0.9552 0.2865 -0.0744
vn 0.9492 0.3078 -0.0655
vn 0.9329 0.3575 -0.0428
vn 0.9288 0.3701 -0.0215
vn 0.9564 0.2920 -0.0085
vn 0.9935 0.1134 -0.0034
vn 0.8385 0.5318 0.1186
vn 0.9055 0.4242 0.0085
vn 0.9487 0.3093 -0.0656
vn 0.9547 0.2876 -0.0769
vn 0.9431 0.3280 -0.0546
vn 0.9373 0.3475 -0.0279
vn 0.9599 0.2801 -0.0094
vn 0.9939 0.1101 -0.0011
vn 0.7641 0.6162 0.1910
vn 0.8392 0.5359 0.0926
vn 0.9308 0.3654 0.0028
vn 0.9583 0.2838 -0.0328
vn 0.9514 0.3065 -0.0310
vn 0.9449 0.3269 -0.0186
vn 0.9638 0.2667 -0.0060
vn 0.9944 0.1056 0.0019
vn 0.7433 0.6654 0.0690
vn 0.7996 0.5973 0.0621
vn 0.9123 0.4062 0.0526
vn 0.9538 0.2980 0.0368
vn 0.9503 0.3109 0.0184
vn 0.9461 0.3238 0.0051
vn 0.9659 0.2588 0.0026
vn 0.9948 0.1014 0.0058
vn 0.7678 0.6372 -0.0671
vn 0.8311 0.5558 0.0196
vn 0.9145 0.3944 0.0902
vn 0.9420 0.3218 0.0950
vn 0.9376 0.3420 0.0620
vn 0.9390 0.3426 0.0291
vn 0.9654 0.2606 0.0132
vn 0.9951 0.0987 0.0111
vn 0.8201 0.5719 -0.0193
vn 0.8845 0.4616 0.0681
vn 0.9225 0.3662 0.1218
vn 0.9281 0.3549 0.1122
vn 0.9197 0.3856 0.0734
vn 0.9275 0.3717 0.0388
vn 0.9630 0.2687 0.0213
vn 0.9951 0.0978 0.0177
vn -0.5949 -0.8032 -0.0321
vn -0.5826 -0.8121 -0.0329
vn -0.5689 -0.8217 -0.0337
vn -0.5509 -0.8339 -0.0332
vn -0.5288 -0.8483 -0.0282
vn -0.5070 -0.8618 -0.0187
vn -0.4881 -0.8727 -0.0085
vn -0.4713 -0.8820 0.0015
vn -0.8138 -0.5792 -0.0478
vn -0.7996 -0.5984 -0.0497
vn -0.7821 -0.6206 -0.0555
vn -0.7580 -0.6492 -0.0638
vn -0.7261 -0.6846 -0.0647
vn -0.6932 -0.7189 -0.0507
vn -0.6671 -0.7442 -0.0334
vn -0.6459 -0.7631 -0.0222
vn -0.8768 -0.4757 -0.0700
vn -0.8606 -0.5040 -0.0737
vn -0.8425 -0.5322 -0.0830
vn -0.8217 -0.5614 -0.0983
vn -0.7963 -0.5953 -0.1073
vn -0.7744 -0.6272 -0.0833
vn -0.7625 -0.6448 -0.0531
vn -0.7525 -0.6571 -0.0448
vn -0.7136 -0.6940 -0.0956
vn -0.6958 -0.7116 -0.0973
vn -0.6826 -0.7235 -0.1026
vn -0.6774 -0.7268 -0.1137
vn -0.6812 -0.7217 -0.1227
vn -0.6877 -0.7196 -0.0958
vn -0.6854 -0.7255 -0.0630
vn -0.6750 -0.7355 -0.0578
vn 0.2242 -0.9739 -0.0349
vn 0.9949 -0.0327 0.0954
vn 0.8037 0.5878 0.0924
vn 0.7733 0.6309 0.0627
vn 0.2127 -0.9762 -0.0416
vn 0.9936 -0.0504 0.1010
vn 0.7856 0.6055 0.1274
vn 0.7468 0.6572 0.1019
vn 0.2038 -0.9780 -0.0451
vn 0.9936 -0.0702 0.0890
vn 0.7833 0.6116 0.1115
vn 0.7162 0.6923 0.0879
vn 0.1909 -0.9804 -0.0496
vn 0.9938 -0.0750 0.0818
vn 0.7777 0.6212 0.0966
vn 0.6892 0.7210 0.0723
vn 0.1712 -0.9837 -0.0543
vn 0.9945 -0.0697 0.0780
vn 0.7679 0.6345 0.0875
vn 0.6648 0.7443 0.0636
vn 0.1571 -0.9866 -0.0434
vn 0.9955 -0.0630 0.0701
vn 0.7569 0.6487 0.0791
vn 0.6425 0.7642 0.0562
vn 0.1511 -0.9881 -0.0294
vn 0.9962 -0.0611 0.0617
vn 0.7459 0.6623 0.0702
vn 0.6222 0.7813 0.0489
vn 0.1558 -0.9875 -0.0245
vn 0.9966 -0.0602 0.0564
vn 0.7358 0.6746 0.0598
vn 0.6045 0.7955 0.0409
vn 0.8488 0.5245 0.0672
vn 0.9102 0.4043 0.0902
vn 0.9268 0.3631 0.0963
vn 0.9178 0.3893 0.0782
vn 0.9053 0.4217 0.0513
vn 0.9186 0.3940 0.0316
vn 0.9612 0.2747 0.0245
vn 0.9950 0.0969 0.0248
vn 0.8434 0.5335 0.0638
vn 0.9135 0.4053 0.0351
vn 0.9282 0.3715 0.0221
vn 0.9138 0.4058 0.0173
vn 0.8998 0.4361 0.0146
vn 0.9170 0.3986 0.0170
vn 0.9621 0.2716 0.0249
vn 0.9950 0.0942 0.0318
vn 0.8135 0.5800 0.0434
vn 0.8993 0.4373 -0.0033
vn 0.9253 0.3784 -0.0272
vn 0.9155 0.4013 -0.0268
vn 0.9040 0.4274 -0.0132
vn 0.9230 0.3847 0.0065
vn 0.9658 0.2577 0.0269
vn 0.9953 0.0884 0.0397
vn 0.7771 0.6284 0.0348
vn 0.8774 0.4798 -0.0082
vn 0.9196 0.3912 -0.0359
vn 0.9201 0.3898 -0.0383
vn 0.9142 0.4048 -0.0205
vn 0.9335 0.3585 0.0070
vn 0.9711 0.2362 0.0336
vn 0.9955 0.0803 0.0495
vn 0.7445 0.6669 0.0325
vn 0.8545 0.5194 -0.0025
vn 0.9124 0.4085 -0.0270
vn 0.9246 0.3797 -0.0304
vn 0.9257 0.3780 -0.0133
vn 0.9449 0.3270 0.0153
vn 0.9765 0.2112 0.0435
vn 0.9957 0.0709 0.0603
vn 0.7163 0.6971 0.0296
vn 0.8339 0.5519 0.0014
vn 0.9052 0.4246 -0.0182
vn 0.9283 0.3713 -0.0203
vn 0.9362 0.3514 -0.0040
vn 0.9555 0.2941 0.0244
vn 0.9813 0.1848 0.0532
vn 0.9956 0.0607 0.0709
vn 0.6920 0.7214 0.0264
vn 0.8158 0.5783 0.0035
vn 0.8987 0.4385 -0.0126
vn 0.9314 0.3637 -0.0138
vn 0.9457 0.3250 0.0028
vn 0.9651 0.2599 0.0322
vn 0.9857 0.1565 0.0625
vn 0.9955 0.0497 0.0811
vn 0.6716 0.7405 0.0231
vn 0.7999 0.6001 0.0054
vn 0.8924 0.4511 -0.0079
vn 0.9343 0.3563 -0.0083
vn 0.9547 0.2976 0.0093
vn 0.9739 0.2233 0.0404
vn 0.9893 0.1266 0.0719
vn 0.9951 0.0384 0.0907
vn -0.4551 -0.8903 0.0132
vn -0.4395 -0.8979 0.0264
vn -0.4247 -0.9045 0.0393
vn -0.4115 -0.9100 0.0507
vn -0.4002 -0.9144 0.0614
vn -0.3897 -0.9181 0.0725
vn -0.3781 -0.9219 0.0847
vn -0.3630 -0.9266 0.0983
vn -0.6246 -0.7809 -0.0110
vn -0.6038 -0.7971 0.0039
vn -0.5876 -0.8089 0.0211
vn -0.5777 -0.8154 0.0366
vn -0.5720 -0.8188 0.0489
vn -0.5674 -0.8213 0.0596
vn -0.5623 -0.8240 0.0697
vn -0.5558 -0.8275 0.0798
vn -0.7386 -0.6732 -0.0364
vn -0.7266 -0.6869 -0.0170
vn -0.7214 -0.6925 0.0082
vn -0.7213 -0.6921 0.0276
vn -0.7215 -0.6913 0.0391
vn -0.7199 -0.6924 0.0477
vn -0.7169 -0.6950 0.0557
vn -0.7127 -0.6986 0.0634
vn -0.6671 -0.7434 -0.0479
vn -0.6645 -0.7469 -0.0222
vn -0.6632 -0.7484 0.0077
vn -0.6582 -0.7524 0.0272
vn -0.6505 -0.7586 0.0380
vn -0.6422 -0.7651 0.0464
vn -0.6336 -0.7718 0.0541
vn -0.6239 -0.7791 0.0614
vn 0.1586 -0.9872 -0.0147
vn 0.9973 -0.0556 0.0477
vn 0.7280 0.6841 0.0455
vn 0.5904 0.8066 0.0306
vn 0.1606 -0.9870 0.0027
vn 0.9981 -0.0527 0.0328
vn 0.7249 0.6884 0.0265
vn 0.5797 0.8147 0.0167
vn 0.1625 -0.9865 0.0220
vn 0.9983 -0.0551 0.0190
vn 0.7256 0.6881 0.0052
vn 0.5723 0.8200 -0.0016
vn 0.1735 -0.9842 0.0359
vn 0.9984 -0.0548 0.0108
vn 0.7262 0.6874 -0.0137
vn 0.5684 0.8225 -0.0206
vn 0.1870 -0.9813 0.0454
vn 0.9988 -0.0495 0.0050
vn 0.7240 0.6892 -0.0289
vn 0.5666 0.8232 -0.0368
vn 0.2005 -0.9782 0.0535
vn 0.9992 -0.0405 0.0013
vn 0.7197 0.6932 -0.0402
vn 0.5669 0.8224 -0.0480
vn 0.2141 -0.9749 0.0610
vn 0.9996 -0.0296 -0.0005
vn 0.7146 0.6980 -0.0471
vn 0.5715 0.8189 -0.0520
vn 0.2284 -0.9712 0.0677
vn 0.9998 -0.0185 -0.0015
vn 0.7109 0.7014 -0.0509
vn 0.5827 0.8111 -0.0506
vn 0.6557 0.7548 0.0178
vn 0.7869 0.6171 0.0060
vn 0.8871 0.4615 -0.0023
vn 0.9374 0.3481 0.0004
vn 0.9630 0.2688 0.0197
vn 0.9813 0.1856 0.0512
vn 0.9919 0.0970 0.0815
vn 0.9947 0.0277 0.0988
vn 0.6444 0.7647 0.0081
vn 0.7785 0.6277 0.0031
vn 0.8848 0.4660 0.0034
vn 0.9416 0.3365 0.0130
vn 0.9703 0.2393 0.0351
vn 0.9866 0.1496 0.0649
vn 0.9933 0.0705 0.0912
vn 0.9943 0.0187 0.1053
vn 0.6376 0.7704 -0.0054
vn 0.7763 0.6304 -0.0026
vn 0.8874 0.4609 0.0085
vn 0.9474 0.3187 0.0272
vn 0.9763 0.2098 0.0524
vn 0.9898 0.1183 0.0793
vn 0.9937 0.0494 0.1001
vn 0.9938 0.0119 0.1105
vn 0.6359 0.7715 -0.0195
vn 0.7811 0.6244 -0.0079
vn 0.8954 0.4450 0.0141
vn 0.9548 0.2943 0.0410
vn 0.9811 0.1808 0.0685
vn 0.9914 0.0927 0.0922
vn 0.9936 0.0341 0.1078
vn 0.9934 0.0075 0.1146
vn 0.6404 0.7674 -0.0309
vn 0.7929 0.6093 -0.0095
vn 0.9073 0.4199 0.0220
vn 0.9627 0.2651 0.0544
vn 0.9848 0.1531 0.0824
vn 0.9921 0.0727 0.1026
vn 0.9932 0.0242 0.1135
vn 0.9931 0.0053 0.1171
vn 0.6522 0.7572 -0.0355
vn 0.8105 0.5857 -0.0045
vn 0.9208 0.3887 0.0333
vn 0.9699 0.2339 0.0673
vn 0.9874 0.1279 0.0936
vn 0.9923 0.0581 0.1097
vn 0.9931 0.0193 0.1160
vn 0.9931 0.0051 0.1168
vn 0.6713 0.7405 -0.0311
vn 0.8308 0.5566 0.0066
vn 0.9335 0.3555 0.0457
vn 0.9760 0.2034 0.0781
vn 0.9892 0.1066 0.1009
vn 0.9925 0.0491 0.1122
vn 0.9933 0.0191 0.1141
vn 0.9937 0.0066 0.1122
vn 0.6955 0.7182 -0.0220
vn 0.8503 0.5259 0.0187
vn 0.9446 0.3233 0.0563
vn 0.9807 0.1756 0.0858
vn 0.9904 0.0905 0.1041
vn 0.9928 0.0460 0.1103
vn 0.9939 0.0230 0.1079
vn 0.9945 0.0095 0.1040
vn -0.3437 -0.9322 0.1130
vn -0.3212 -0.9384 0.1275
vn -0.2970 -0.9444 0.1411
vn -0.2760 -0.9483 0.1566
vn -0.2638 -0.9491 0.1723
vn -0.2601 -0.9475 0.1862
vn -0.2598 -0.9447 0.2002
vn -0.2562 -0.9420 0.2168
vn -0.5469 -0.8323 0.0909
vn -0.5338 -0.8395 0.1012
vn -0.5130 -0.8513 0.1100
vn -0.4820 -0.8672 0.1250
vn -0.4436 -0.8845 0.1443
vn -0.4094 -0.8964 0.1698
vn -0.3900 -0.9007 0.1914
vn -0.3725 -0.9063 0.1998
vn -0.7076 -0.7030 0.0716
vn -0.7007 -0.7093 0.0765
vn -0.6897 -0.7201 0.0761
vn -0.6667 -0.7414 0.0761
vn -0.6229 -0.7781 0.0811
vn -0.5715 -0.8112 0.1234
vn -0.5408 -0.8238 0.1697
vn -0.5174 -0.8401 0.1629
vn -0.6125 -0.7874 0.0690
vn -0.6000 -0.7966 0.0732
vn -0.5867 -0.8069 0.0689
vn -0.5713 -0.8187 0.0567
vn -0.5508 -0.8334 0.0455
vn -0.5265 -0.8455 0.0890
vn -0.4951 -0.8554 0.1521
vn -0.4703 -0.8712 0.1405
vn 0.2448 -0.9668 0.0738
vn 1.0000 -0.0080 -0.0015
vn 0.7113 0.7011 -0.0496
vn 0.6004 0.7986 -0.0424
vn 0.2637 -0.9614 0.0780
vn 1.0000 0.0007 0.0004
vn 0.7194 0.6933 -0.0421
vn 0.6217 0.7828 -0.0278
vn 0.2818 -0.9564 0.0767
vn 1.0000 0.0066 0.0059
vn 0.7322 0.6802 -0.0345
vn 0.6434 0.7652 -0.0200
vn 0.3006 -0.9509 0.0740
vn 0.9996 0.0231 0.0137
vn 0.7410 0.6706 -0.0338
vn 0.6646 0.7468 -0.0241
vn 0.3233 -0.9435 0.0723
vn 0.9983 0.0557 0.0169
vn 0.7443 0.6668 -0.0374
vn 0.6846 0.7283 -0.0292
vn 0.3683 -0.9260 0.0835
vn 0.9955 0.0938 -0.0133
vn 0.7482 0.6606 -0.0610
vn 0.7058 0.7069 -0.0455
vn 0.3969 -0.9130 0.0941
vn 0.9932 0.0964 -0.0651
vn 0.7580 0.6441 -0.1032
vn 0.7376 0.6717 -0.0683
vn 0.4045 -0.9109 0.0819
vn 0.9924 0.0824 -0.0917
vn 0.7781 0.6152 -0.1266
vn 0.7936 0.6057 -0.0576
vn 0.7203 0.6936 -0.0102
vn 0.8678 0.4960 0.0291
vn 0.9541 0.2925 0.0646
vn 0.9842 0.1517 0.0909
vn 0.9913 0.0802 0.1045
vn 0.9932 0.0480 0.1060
vn 0.9944 0.0296 0.1011
vn 0.9952 0.0128 0.0966
vn 0.7411 0.6714 0.0031
vn 0.8830 0.4678 0.0384
vn 0.9621 0.2630 0.0718
vn 0.9867 0.1321 0.0950
vn 0.9917 0.0748 0.1048
vn 0.9932 0.0525 0.1043
vn 0.9943 0.0360 0.0999
vn 0.9952 0.0151 0.0970
vn 0.7583 0.6518 0.0106
vn 0.8969 0.4398 0.0461
vn 0.9689 0.2344 0.0793
vn 0.9882 0.1155 0.1009
vn 0.9914 0.0711 0.1100
vn 0.9922 0.0550 0.1118
vn 0.9930 0.0385 0.1120
vn 0.9935 0.0153 0.1128
vn 0.7773 0.6290 0.0101
vn 0.9114 0.4081 0.0523
vn 0.9748 0.2039 0.0899
vn 0.9886 0.0976 0.1150
vn 0.9896 0.0629 0.1294
vn 0.9890 0.0501 0.1390
vn 0.9886 0.0342 0.1468
vn 0.9883 0.0128 0.1519
vn 0.8003 0.5996 0.0083
vn 0.9288 0.3653 0.0619
vn 0.9800 0.1641 0.1127
vn 0.9863 0.0704 0.1494
vn 0.9835 0.0435 0.1755
vn 0.9800 0.0340 0.1960
vn 0.9770 0.0220 0.2122
vn 0.9750 0.0075 0.2219
vn 0.8313 0.5558 0.0071
vn 0.9501 0.2999 0.0855
vn 0.9819 0.1066 0.1565
vn 0.9780 0.0289 0.2068
vn 0.9701 0.0121 0.2423
vn 0.9631 0.0088 0.2689
vn 0.9574 0.0037 0.2888
vn 0.9537 -0.0004 0.3007
vn 0.8787 0.4768 0.0226
vn 0.9695 0.2025 0.1381
vn 0.9737 0.0320 0.2255
vn 0.9597 -0.0210 0.2802
vn 0.9489 -0.0229 0.3147
vn 0.9410 -0.0172 0.3379
vn 0.9352 -0.0144 0.3538
vn 0.9317 -0.0085 0.3631
vn 0.9353 0.3434 0.0854
vn 0.9705 0.0757 0.2288
vn 0.9473 -0.0470 0.3168
vn 0.9296 -0.0660 0.3626
vn 0.9208 -0.0504 0.3867
vn 0.9158 -0.0351 0.4001
vn 0.9128 -0.0256 0.4075
vn 0.9114 -0.0135 0.4113
vn -0.2453 -0.9401 0.2369
vn -0.2267 -0.9397 0.2560
vn -0.2044 -0.9393 0.2754
vn -0.1891 -0.9290 0.3181
vn -0.1761 -0.9157 0.3612
vn 0.1412 -0.9794 -0.1441
vn 0.4814 -0.1257 -0.8675
vn 0.4095 0.2395 -0.8803
vn 0.4144 0.2343 -0.8794
vn 0.2843 -0.7735 -0.5664
vn 0.4198 -0.0280 -0.9072
vn 0.4006 0.2234 -0.8886
vn 0.4479 0.2210 -0.8663
vn -0.3462 -0.9131 0.2153
vn -0.3228 -0.9163 0.2368
vn -0.3035 -0.9179 0.2555
vn -0.2716 -0.9152 0.2978
vn -0.1994 -0.9327 0.3006
vn 0.1011 -0.9428 -0.3177
vn 0.4228 -0.1224 -0.8979
vn 0.4395 0.2198 -0.8709
vn 0.4102 0.2297 -0.8826
vn -0.4711 -0.8662 0.1668
vn -0.4247 -0.8807 0.2096
vn -0.3958 -0.8890 0.2304
vn -0.3331 -0.9118 0.2403
vn 0.1960 -0.9622 -0.1892
vn 0.6577 -0.1920 -0.7284
vn 0.5724 0.0924 -0.8148
vn 0.4601 0.1376 -0.8772
vn 0.3283 -0.8162 -0.4755
vn 0.5602 -0.1013 -0.8222
vn 0.5024 0.1769 -0.8464
vn 0.4396 0.2005 -0.8755
vn -0.4520 -0.8826 0.1290
vn -0.4142 -0.8933 0.1746
vn 0.0060 -1.0000 -0.0017
vn 0.8820 -0.3892 -0.2658
vn 0.9993 0.0333 -0.0171
vn 0.9910 -0.0130 0.1331
vn 0.2008 -0.9792 -0.0284
vn 0.8215 -0.4133 -0.3928
vn 0.8740 -0.0736 -0.4804
vn 0.8760 -0.0064 -0.4823
vn 0.3859 -0.8839 -0.2641
vn 0.7500 -0.2917 -0.5936
vn 0.7024 -0.0267 -0.7113
vn 0.6058 0.0499 -0.7941
vn 0.4206 -0.9049 0.0660
vn 0.9908 0.0872 -0.1038
vn 0.8189 0.5604 -0.1238
vn 0.8799 0.4750 0.0109
vn 0.4623 -0.8842 0.0674
vn 0.9868 0.1032 -0.1251
vn 0.8936 0.4430 -0.0728
vn 0.9507 0.2606 0.1680
vn 0.4878 -0.8682 -0.0909
vn 0.9847 -0.0738 -0.1581
vn 0.9547 0.2522 0.1577
vn 0.9120 0.0624 0.4054
vn 0.4295 0.1662 -0.8877
vn 0.4456 0.0969 -0.8900
vn 0.4763 0.0298 -0.8788
vn 0.5234 -0.0220 -0.8518
vn 0.5764 -0.0514 -0.8156
vn 0.6220 -0.0594 -0.7808
vn 0.6499 -0.0535 -0.7582
vn 0.6603 -0.0237 -0.7506
vn 0.4765 0.1590 -0.8647
vn 0.5019 0.0805 -0.8612
vn 0.5406 -0.0027 -0.8413
vn 0.5862 -0.0618 -0.8078
vn 0.6245 -0.0861 -0.7763
vn 0.6447 -0.0791 -0.7603
vn 0.6420 -0.0551 -0.7647
vn 0.6293 -0.0212 -0.7769
vn 0.4009 0.1650 -0.9011
vn 0.3990 0.1038 -0.9110
vn 0.4053 0.0526 -0.9127
vn 0.4210 0.0129 -0.9070
vn 0.4407 -0.0153 -0.8975
vn 0.4545 -0.0346 -0.8901
vn 0.4567 -0.0445 -0.8885
vn 0.4544 -0.0221 -0.8905
vn 0.3857 0.1134 -0.9156
vn 0.3468 0.0811 -0.9344
vn 0.3262 0.0464 -0.9442
vn 0.3168 0.0201 -0.9483
vn 0.3177 -0.0032 -0.9482
vn 0.3297 -0.0257 -0.9437
vn 0.3514 -0.0389 -0.9354
vn 0.3710 -0.0157 -0.9285
vn 0.3978 0.1483 -0.9054
vn 0.3750 0.0983 -0.9218
vn 0.3644 0.0558 -0.9296
vn 0.3590 0.0232 -0.9331
vn 0.3555 -0.0044 -0.9347
vn 0.3492 -0.0303 -0.9366
vn 0.3398 -0.0461 -0.9394
vn 0.3354 -0.0214 -0.9418
vn 0.9936 -0.0429 0.1045
vn 0.9989 -0.0413 0.0210
vn 0.9980 -0.0232 -0.0582
vn 0.9939 -0.0126 -0.1097
vn 0.9898 -0.0073 -0.1422
vn 0.9864 -0.0042 -0.1646
vn 0.9832 -0.0002 -0.1826
vn 0.9803 -0.0000 -0.1974
vn 0.8603 0.0126 -0.5097
vn 0.8394 0.0214 -0.5430
vn 0.8249 0.0207 -0.5649
vn 0.8174 0.0163 -0.5758
vn 0.8150 0.0113 -0.5794
vn 0.8165 0.0067 -0.5774
vn 0.8215 0.0056 -0.5702
vn 0.8256 0.0052 -0.5643
vn 0.5301 0.0647 -0.8454
vn 0.4840 0.0564 -0.8733
vn 0.4653 0.0373 -0.8844
vn 0.4666 0.0218 -0.8842
vn 0.4814 0.0074 -0.8764
vn 0.5072 -0.0053 -0.8618
vn 0.5407 -0.0130 -0.8411
vn 0.5668 -0.0027 -0.8238
vn 0.9659 0.1567 0.2060
vn 0.9394 -0.0496 0.3393
vn 0.9113 -0.1059 0.3980
vn 0.9033 -0.0909 0.4192
vn 0.9030 -0.0618 0.4251
vn 0.9039 -0.0406 0.4258
vn 0.9050 -0.0277 0.4246
vn 0.9059 -0.0142 0.4233
vn 0.9334 -0.0181 0.3584
vn 0.8977 -0.1215 0.4234
vn 0.8971 -0.1177 0.4258
vn 0.9104 -0.0838 0.4051
vn 0.9212 -0.0538 0.3853
vn 0.9274 -0.0347 0.3724
vn 0.9308 -0.0232 0.3649
vn 0.9324 -0.0127 0.3613
vn 0.8879 -0.0787 0.4533
vn 0.9133 -0.1088 0.3926
vn 0.9455 -0.0806 0.3154
vn 0.9651 -0.0518 0.2567
vn 0.9749 -0.0333 0.2202
vn 0.9800 -0.0218 0.1977
vn 0.9832 -0.0144 0.1818
vn 0.9853 -0.0088 0.1708
vn -0.9949 0.0148 -0.0995
vn -0.9957 0.0302 -0.0877
vn -0.9978 0.0062 -0.0663
vn -0.9981 -0.0478 -0.0389
vn -0.9949 -0.1005 -0.0011
vn -0.9894 -0.1319 0.0608
vn -0.9793 -0.1261 0.1580
vn -0.9570 -0.0740 0.2805
vn -0.9996 0.0071 -0.0258
vn -0.9999 0.0100 -0.0041
vn -0.9995 -0.0165 0.0263
vn -0.9963 -0.0691 0.0512
vn -0.9891 -0.1287 0.0718
vn -0.9787 -0.1779 0.1022
vn -0.9692 -0.1920 0.1541
vn -0.9616 -0.1536 0.2276
vn -0.9957 -0.0034 0.0922
vn -0.9943 -0.0155 0.1058
vn -0.9911 -0.0430 0.1258
vn -0.9853 -0.0902 0.1449
vn -0.9747 -0.1531 0.1628
vn -0.9597 -0.2124 0.1838
vn -0.9491 -0.2353 0.2095
vn -0.9477 -0.2084 0.2417
vn -0.9901 -0.0108 0.1397
vn -0.9883 -0.0347 0.1485
vn -0.9843 -0.0662 0.1639
vn -0.9775 -0.1100 0.1801
vn -0.9672 -0.1689 0.1897
vn -0.9546 -0.2282 0.1915
vn -0.9465 -0.2569 0.1953
vn -0.9473 -0.2414 0.2105
vn -0.9885 -0.0172 0.1501
vn -0.9856 -0.0513 0.1608
vn -0.9796 -0.0902 0.1797
vn -0.9704 -0.1323 0.2019
vn -0.9593 -0.1795 0.2181
vn -0.9482 -0.2277 0.2215
vn -0.9418 -0.2577 0.2157
vn -0.9458 -0.2489 0.2088
vn -0.8965 0.0050 0.4431
vn -0.9006 0.0186 0.4343
vn -0.9058 0.0113 0.4236
vn -0.9045 0.0011 0.4264
vn -0.8913 -0.0023 0.4534
vn -0.8670 0.0106 0.4981
vn -0.8344 0.0454 0.5493
vn -0.7960 0.0979 0.5973
vn -0.9999 0.0128 0.0112
vn -0.9995 0.0317 0.0013
vn -0.9999 0.0172 -0.0003
vn -0.9995 -0.0197 0.0265
vn -0.9944 -0.0517 0.0925
vn -0.9793 -0.0601 0.1934
vn -0.9489 -0.0347 0.3137
vn -0.9020 0.0221 0.4313
vn 0.4462 -0.0096 0.8949
vn 0.4200 -0.0674 0.9050
vn 0.3798 -0.0458 0.9239
vn 0.3499 -0.0496 0.9355
vn 0.2998 -0.0697 0.9515
vn 0.1945 -0.0951 0.9763
vn 0.0269 -0.0903 0.9955
vn -0.1687 -0.0424 0.9848
vn -0.2459 -0.0039 0.9693
vn -0.2689 -0.0208 0.9629
vn -0.3131 -0.0179 0.9496
vn -0.3493 -0.0177 0.9368
vn -0.3942 -0.0131 0.9189
vn -0.4509 0.0023 0.8926
vn -0.5147 0.0375 0.8566
vn -0.5753 0.0910 0.8129
vn 0.5805 -0.0110 0.8142
vn 0.5835 -0.0817 0.8080
vn 0.5817 -0.0610 0.8111
vn 0.5657 -0.0671 0.8219
vn 0.5384 -0.1091 0.8356
vn 0.4874 -0.1764 0.8551
vn 0.4009 -0.2206 0.8892
vn 0.2608 -0.2192 0.9402
vn 0.4694 -0.0145 0.8828
vn 0.4685 -0.0621 0.8813
vn 0.4563 -0.0941 0.8848
vn 0.4135 -0.1308 0.9010
vn 0.3596 -0.1730 0.9169
vn 0.3217 -0.2201 0.9209
vn 0.3106 -0.2725 0.9107
vn 0.3132 -0.3302 0.8904
vn 0.5263 -0.0113 0.8502
vn 0.5335 -0.0709 0.8428
vn 0.5344 -0.0752 0.8419
vn 0.5034 -0.0931 0.8590
vn 0.4607 -0.1407 0.8763
vn 0.4346 -0.2096 0.8759
vn 0.4265 -0.2705 0.8631
vn 0.4002 -0.3100 0.8624
vn 0.3519 -0.0129 0.9360
vn 0.3697 -0.0449 0.9281
vn 0.3793 -0.1077 0.9190
vn 0.3495 -0.1747 0.9205
vn 0.3029 -0.2103 0.9295
vn 0.2657 -0.2409 0.9335
vn 0.2391 -0.2788 0.9301
vn 0.2130 -0.3374 0.9170
vn -0.2022 -0.0088 0.9793
vn -0.2022 -0.0311 0.9788
vn -0.1194 -0.0337 0.9923
vn 0.0213 -0.0946 0.9953
vn 0.1224 -0.1955 0.9730
vn 0.1610 -0.2355 0.9584
vn 0.1794 -0.2776 0.9438
vn 0.1791 -0.3466 0.9208
vn -0.7438 -0.0127 0.6683
vn -0.7415 -0.0195 0.6707
vn -0.6500 0.1655 0.7417
vn -0.4410 0.2066 0.8734
vn -0.2307 -0.0318 0.9725
vn -0.0785 -0.1414 0.9868
vn 0.0248 -0.2135 0.9766
vn 0.1007 -0.3074 0.9462
vn -0.9160 0.0079 0.4011
vn -0.8652 0.0884 0.4935
vn -0.7997 0.2550 0.5436
vn -0.4731 0.8145 0.3356
vn -0.9455 -0.0792 0.3158
vn -0.9190 0.0227 0.3936
vn -0.8877 0.2598 0.3801
vn -0.4156 0.8970 0.1509
vn -0.9466 -0.1518 0.2845
vn -0.9413 -0.0447 0.3346
vn -0.8899 0.3225 0.3225
vn -0.3322 0.9375 0.1042
vn -0.9518 -0.1969 0.2350
vn -0.9574 -0.1030 0.2696
vn -0.9037 0.3351 0.2665
vn -0.2921 0.9546 0.0590
vn -0.9575 -0.2061 0.2017
vn -0.9734 -0.1220 0.1941
vn -0.9271 0.3326 0.1730
vn -0.2702 0.9622 0.0343
vn -0.7551 0.1532 0.6375
vn -0.7153 0.1993 0.6698
vn -0.6316 0.3978 0.6654
vn -0.2891 0.8887 0.3558
vn -0.8458 0.0917 0.5256
vn -0.7908 0.1502 0.5934
vn -0.7002 0.3321 0.6320
vn -0.2242 0.9536 0.2007
vn 0.1956 0.9731 -0.1214
vn 0.2497 0.9636 -0.0953
vn 0.2607 0.9578 -0.1210
vn 0.2817 0.9559 -0.0827
vn -0.3543 0.0452 0.9340
vn -0.4706 0.1681 0.8662
vn -0.4541 0.4412 0.7740
vn -0.1362 0.9044 0.4043
vn -0.6167 0.1564 0.7715
vn -0.6224 0.2191 0.7514
vn -0.5601 0.4299 0.7082
vn -0.0944 0.9707 0.2209
vn 0.1899 0.9659 -0.1761
vn 0.2136 0.9634 -0.1619
vn 0.2379 0.9652 -0.1090
vn 0.2313 0.9670 -0.1073
vn 0.2141 0.9744 -0.0684
vn 0.0527 -0.1693 0.9842
vn -0.1940 -0.0134 0.9809
vn -0.1928 0.4855 0.8527
vn 0.1306 0.9544 0.2684
vn 0.2724 0.9506 -0.1485
vn 0.2466 0.9533 -0.1743
vn 0.1980 0.9704 -0.1383
vn 0.1649 0.9818 -0.0939
vn 0.1455 0.9870 -0.0685
vn 0.1272 0.9913 -0.0342
vn 0.2722 -0.4036 0.8735
vn 0.1603 -0.3904 0.9066
vn -0.0739 0.1193 0.9901
vn -0.1755 0.8484 0.4994
vn 0.3031 -0.3290 0.8944
vn 0.0939 -0.2477 0.9643
vn -0.1164 0.4095 0.9049
vn -0.0899 0.9886 0.1204
vn 0.1121 0.9806 -0.1609
vn 0.1444 0.9810 -0.1296
vn 0.1317 0.9872 -0.0899
vn 0.1118 0.9916 -0.0648
vn 0.0943 0.9948 -0.0396
vn 0.0817 0.9966 -0.0090
vn 0.1665 -0.4424 0.8812
vn 0.1106 -0.4605 0.8808
vn 0.1025 -0.1273 0.9866
vn 0.0379 0.8203 0.5706
vn -0.0693 0.9867 -0.1474
vn -0.0526 0.9801 -0.1913
vn 0.0152 0.9927 -0.1195
vn 0.0490 0.9964 -0.0686
vn 0.0551 0.9976 -0.0424
vn 0.0520 0.9985 -0.0197
vn 0.0490 0.9988 0.0064
vn 0.1565 -0.4663 0.8707
vn 0.1288 -0.5020 0.8552
vn 0.1357 -0.1703 0.9760
vn 0.1315 0.8060 0.5771
vn 0.0454 0.9873 -0.1524
vn 0.0135 0.9771 -0.2125
vn -0.0036 0.9920 -0.1259
vn -0.0021 0.9980 -0.0639
vn 0.0039 0.9995 -0.0311
vn 0.0052 1.0000 -0.0051
vn 0.0008 0.9997 0.0230
vn 0.1454 -0.4494 0.8814
vn 0.1567 -0.5196 0.8399
vn 0.1666 -0.2219 0.9607
vn 0.1396 0.8159 0.5611
vn 0.0343 0.9865 -0.1603
vn -0.0012 0.9865 -0.1641
vn -0.0385 0.9945 -0.0972
vn -0.0544 0.9973 -0.0491
vn -0.0637 0.9979 -0.0116
vn -0.0831 0.9961 0.0281
vn -0.1169 0.9907 0.0692
vn -0.9863 -0.0318 0.1617
vn -0.9795 -0.0781 0.1858
vn -0.9689 -0.1216 0.2156
vn -0.9570 -0.1596 0.2422
vn -0.9458 -0.1941 0.2602
vn -0.9384 -0.2233 0.2639
vn -0.9395 -0.2369 0.2472
vn -0.9530 -0.2176 0.2110
vn -0.9773 -0.0624 0.2026
vn -0.9650 -0.1162 0.2349
vn -0.9534 -0.1514 0.2611
vn -0.9467 -0.1742 0.2711
vn -0.9449 -0.1934 0.2640
vn -0.9495 -0.2017 0.2405
vn -0.9618 -0.1890 0.1980
vn -0.9789 -0.1504 0.1385
vn -0.9483 -0.0988 0.3016
vn -0.9410 -0.1334 0.3110
vn -0.9473 -0.1492 0.2836
vn -0.9593 -0.1534 0.2370
vn -0.9730 -0.1535 0.1725
vn -0.9858 -0.1427 0.0890
vn -0.9934 -0.1146 -0.0026
vn -0.9939 -0.0736 -0.0826
vn -0.9619 -0.0939 0.2567
vn -0.9799 -0.0993 0.1733
vn -0.9925 -0.0994 0.0712
vn -0.9951 -0.0908 -0.0386
vn -0.9851 -0.0736 -0.1554
vn -0.9595 -0.0476 -0.2777
vn -0.9177 -0.0159 -0.3969
vn -0.8734 -0.0009 -0.4870
vn -0.9724 -0.0349 -0.2307
vn -0.9461 -0.0270 -0.3228
vn -0.9115 -0.0161 -0.4109
vn -0.8664 0.0021 -0.4993
vn -0.8123 0.0241 -0.5828
vn -0.7550 0.0488 -0.6539
vn -0.7027 0.0667 -0.7084
vn -0.6789 0.0323 -0.7336
vn -0.6297 0.0151 -0.7767
vn -0.6151 0.0314 -0.7878
vn -0.5920 0.0486 -0.8045
vn -0.5698 0.0655 -0.8192
vn -0.5582 0.0757 -0.8262
vn -0.5670 0.0791 -0.8199
vn -0.6094 0.0616 -0.7905
vn -0.6825 -0.0199 -0.7306
vn -0.3578 0.0176 -0.9336
vn -0.3717 0.0388 -0.9275
vn -0.3951 0.0539 -0.9171
vn -0.4334 0.0597 -0.8992
vn -0.4913 0.0526 -0.8694
vn -0.5709 0.0302 -0.8205
vn -0.6655 -0.0193 -0.7461
vn -0.7470 -0.1109 -0.6555
vn -0.4732 0.0068 -0.8810
vn -0.4971 0.0163 -0.8676
vn -0.5384 0.0183 -0.8425
vn -0.5935 0.0095 -0.8048
vn -0.6566 -0.0120 -0.7542
vn -0.7195 -0.0468 -0.6930
vn -0.7706 -0.0973 -0.6298
vn -0.7977 -0.1671 -0.5795
vn -0.7743 -0.0040 -0.6327
vn -0.7831 -0.0102 -0.6218
vn -0.7992 -0.0215 -0.6007
vn -0.8194 -0.0396 -0.5718
vn -0.8390 -0.0635 -0.5404
vn -0.8524 -0.0923 -0.5147
vn -0.8556 -0.1271 -0.5018
vn -0.8465 -0.1754 -0.5026
vn -0.9346 -0.0068 -0.3557
vn -0.9334 -0.0189 -0.3584
vn -0.9318 -0.0350 -0.3612
vn -0.9296 -0.0548 -0.3644
vn -0.9254 -0.0751 -0.3714
vn -0.9180 -0.0953 -0.3850
vn -0.9054 -0.1181 -0.4078
vn -0.8802 -0.1500 -0.4503
vn -0.9323 -0.0043 -0.3616
vn -0.9291 -0.0135 -0.3696
vn -0.9229 -0.0272 -0.3840
vn -0.9132 -0.0434 -0.4052
vn -0.8987 -0.0582 -0.4346
vn -0.8784 -0.0711 -0.4726
vn -0.8496 -0.0840 -0.5208
vn -0.8015 -0.0938 -0.5906
vn -0.7559 -0.0014 -0.6547
vn -0.7510 -0.0041 -0.6603
vn -0.7395 -0.0094 -0.6731
vn -0.7190 -0.0159 -0.6948
vn -0.6886 -0.0207 -0.7248
vn -0.6471 -0.0220 -0.7621
vn -0.5920 -0.0198 -0.8057
vn -0.5256 -0.0113 -0.8506
vn -0.3569 -0.0010 -0.9341
vn -0.3583 0.0003 -0.9336
vn -0.3549 0.0063 -0.9349
vn -0.3392 0.0157 -0.9406
vn -0.3081 0.0260 -0.9510
vn -0.2641 0.0371 -0.9638
vn -0.2135 0.0485 -0.9757
vn -0.1685 0.0533 -0.9843
vn -0.0341 -0.0038 -0.9994
vn -0.0405 -0.0055 -0.9992
vn -0.0505 0.0042 -0.9987
vn -0.0573 0.0259 -0.9980
vn -0.0507 0.0537 -0.9973
vn -0.0264 0.0783 -0.9966
vn 0.0053 0.0897 -0.9960
vn 0.0234 0.0757 -0.9969
vn -0.9721 -0.1690 0.1627
vn -0.9909 -0.0807 0.1074
vn -0.9332 0.3523 0.0703
vn -0.2566 0.9663 0.0215
vn -0.9929 -0.0955 0.0713
vn -0.9999 -0.0086 0.0086
vn -0.9384 0.3455 -0.0017
vn -0.2934 0.9560 0.0091
vn -0.9912 -0.0348 -0.1279
vn -0.9904 0.0317 -0.1346
vn -0.9611 0.2647 -0.0793
vn -0.4141 0.9102 0.0095
vn -0.8674 -0.0289 -0.4968
vn -0.9139 -0.0103 -0.4058
vn -0.9275 0.2007 -0.3155
vn -0.5817 0.7972 -0.1618
vn 0.3023 0.9531 -0.0149
vn 0.2948 0.9555 0.0110
vn 0.2438 0.9666 0.0797
vn -0.7101 -0.0814 -0.6994
vn -0.7983 -0.1301 -0.5880
vn -0.8629 0.1591 -0.4797
vn -0.3135 0.9431 -0.1107
vn -0.7437 -0.1625 -0.6484
vn -0.7874 -0.2386 -0.5683
vn -0.8443 0.0907 -0.5282
vn -0.5021 0.8179 -0.2810
vn 0.2189 0.9757 -0.0042
vn 0.2221 0.9740 0.0442
vn 0.2213 0.9671 0.1258
vn 0.1907 0.9683 0.1613
vn -0.7874 -0.2271 -0.5730
vn -0.7991 -0.2806 -0.5316
vn -0.8396 0.0455 -0.5413
vn -0.3017 0.9360 -0.1814
vn -0.7975 -0.2545 -0.5469
vn -0.7868 -0.2697 -0.5552
vn -0.7995 0.0560 -0.5980
vn -0.4989 0.7699 -0.3978
vn 0.1201 0.9927 0.0140
vn 0.1306 0.9894 0.0632
vn 0.1694 0.9782 0.1204
vn 0.2153 0.9620 0.1681
vn 0.1799 0.9732 0.1435
vn -0.8160 -0.2355 -0.5279
vn -0.7706 -0.2107 -0.6015
vn -0.6757 0.1969 -0.7104
vn -0.2171 0.9215 -0.3219
vn 0.0776 0.9966 0.0269
vn 0.0851 0.9944 0.0630
vn 0.1083 0.9891 0.0996
vn 0.1530 0.9773 0.1466
vn 0.1750 0.9636 0.2022
vn -0.8263 -0.1726 -0.5361
vn -0.7421 -0.1155 -0.6602
vn -0.6739 0.2995 -0.6754
vn -0.1649 0.9820 -0.0917
vn -0.7211 -0.0796 -0.6882
vn -0.6187 -0.0100 -0.7856
vn -0.5903 0.2750 -0.7589
vn -0.3628 0.8255 -0.4323
vn 0.0485 0.9982 0.0361
vn 0.0513 0.9965 0.0657
vn 0.0599 0.9938 0.0932
vn 0.0815 0.9883 0.1292
vn 0.1214 0.9709 0.2065
vn 0.1208 0.9635 0.2387
vn -0.4592 0.0109 -0.8883
vn -0.4035 0.0711 -0.9122
vn -0.3310 0.2777 -0.9018
vn -0.1054 0.9166 -0.3856
vn -0.0063 0.9986 0.0528
vn -0.0113 0.9968 0.0796
vn -0.0109 0.9948 0.1015
vn -0.0023 0.9914 0.1312
vn 0.0227 0.9789 0.2029
vn 0.0503 0.9581 0.2821
vn -0.1555 0.0418 -0.9869
vn -0.1855 0.0748 -0.9798
vn -0.2032 0.3312 -0.9214
vn -0.0761 0.9500 -0.3028
vn -0.1538 0.9831 0.0989
vn -0.1724 0.9788 0.1105
vn -0.1631 0.9797 0.1163
vn -0.1398 0.9798 0.1428
vn -0.1155 0.9700 0.2140
vn -0.0714 0.9623 0.2625
vn 0.0061 0.0160 -0.9999
vn -0.0571 0.0067 -0.9983
vn -0.1312 0.2893 -0.9482
vn -0.1172 0.9346 -0.3359
vn -0.8722 0.0352 -0.4879
vn -0.8733 0.0366 -0.4858
vn -0.8737 0.0276 -0.4857
vn -0.8726 0.0196 -0.4880
vn -0.8700 0.0145 -0.4929
vn -0.8667 0.0068 -0.4987
vn -0.8640 -0.0144 -0.5033
vn -0.8622 -0.0626 -0.5026
vn -0.8824 0.0287 -0.4697
vn -0.8871 0.0305 -0.4606
vn -0.8915 0.0232 -0.4524
vn -0.8948 0.0174 -0.4462
vn -0.8975 0.0129 -0.4409
vn -0.9008 0.0031 -0.4342
vn -0.9067 -0.0257 -0.4210
vn -0.9219 -0.1163 -0.3695
vn -0.9042 0.0168 -0.4268
vn -0.9099 0.0162 -0.4145
vn -0.9159 0.0108 -0.4012
vn -0.9212 0.0065 -0.3890
vn -0.9264 0.0009 -0.3765
vn -0.9330 -0.0151 -0.3594
vn -0.9447 -0.0723 -0.3199
vn -0.9428 -0.2809 -0.1793
vn -0.9988 0.0036 -0.0487
vn -0.9984 -0.0010 -0.0562
vn -0.9981 -0.0025 -0.0616
vn -0.9981 -0.0034 -0.0617
vn -0.9987 -0.0048 -0.0514
vn -0.9997 -0.0054 -0.0249
vn -0.9997 -0.0010 0.0232
vn -0.9954 0.0159 0.0946
vn -0.9653 0.0127 -0.2608
vn -0.9621 0.0082 -0.2725
vn -0.9594 0.0032 -0.2821
vn -0.9581 -0.0034 -0.2864
vn -0.9585 -0.0123 -0.2849
vn -0.9609 -0.0241 -0.2760
vn -0.9667 -0.0385 -0.2530
vn -0.9779 -0.0501 -0.2028
vn -0.9268 0.0248 -0.3748
vn -0.9220 0.0219 -0.3867
vn -0.9171 0.0135 -0.3984
vn -0.9127 0.0033 -0.4086
vn -0.9080 -0.0071 -0.4189
vn -0.9019 -0.0206 -0.4316
vn -0.8941 -0.0442 -0.4456
vn -0.8876 -0.0829 -0.4532
vn -0.8854 0.0338 -0.4635
vn -0.8817 0.0333 -0.4706
vn -0.8775 0.0236 -0.4791
vn -0.8724 0.0135 -0.4886
vn -0.8654 0.0060 -0.5011
vn -0.8555 -0.0034 -0.5179
vn -0.8425 -0.0253 -0.5380
vn -0.8267 -0.0706 -0.5583
vn -0.7326 0.0009 0.6807
vn -0.7280 0.0002 0.6856
vn -0.7227 -0.0008 0.6912
vn -0.7194 -0.0015 0.6946
vn -0.7225 -0.0007 0.6914
vn -0.7369 0.0035 0.6760
vn -0.7630 0.0169 0.6462
vn -0.7941 0.0470 0.6060
vn -0.9488 -0.0004 0.3160
vn -0.9490 -0.0037 0.3152
vn -0.9492 -0.0043 0.3148
vn -0.9494 -0.0025 0.3141
vn -0.9488 0.0026 0.3158
vn -0.9458 0.0126 0.3244
vn -0.9392 0.0301 0.3420
vn -0.9278 0.0593 0.3682
vn -0.2555 0.0173 0.9666
vn -0.2378 0.0276 0.9709
vn -0.2131 0.0319 0.9765
vn -0.1842 0.0317 0.9824
vn -0.1628 0.0108 0.9866
vn -0.1727 -0.0548 0.9834
vn -0.2349 -0.1253 0.9639
vn -0.3486 -0.1410 0.9266
vn -0.4480 0.0074 0.8940
vn -0.4335 0.0114 0.9011
vn -0.4143 0.0117 0.9101
vn -0.3922 0.0098 0.9198
vn -0.3737 0.0007 0.9275
vn -0.3866 -0.0261 0.9219
vn -0.4565 -0.0469 0.8885
vn -0.5628 -0.0301 0.8260
vn -0.8790 -0.1921 -0.4364
vn -0.8573 -0.4593 -0.2325
vn -0.6515 -0.7512 0.1059
vn -0.8629 -0.4288 0.2674
vn -0.9138 -0.3617 -0.1850
vn -0.7478 -0.6373 0.1863
vn -0.4501 -0.7656 0.4596
vn -0.9227 -0.2111 0.3224
vn -0.7838 -0.6095 0.1186
vn -0.5019 -0.7766 0.3807
vn -0.5028 -0.7483 0.4326
vn -0.9912 0.1004 0.0859
vn -0.9822 0.0568 0.1790
vn -0.9624 0.1116 0.2475
vn -0.9224 0.2386 0.3037
vn -0.6389 0.7324 0.2354
vn -0.9929 -0.0383 -0.1128
vn -0.9999 0.0149 0.0042
vn -0.9823 0.1729 0.0720
vn -0.5761 0.8160 0.0481
vn -0.8909 -0.1175 -0.4387
vn -0.9308 -0.1735 -0.3216
vn -0.9959 0.0059 -0.0897
vn -0.5253 0.8497 -0.0447
vn -0.8191 -0.1385 -0.5567
vn -0.8085 -0.3267 -0.4895
vn -0.9016 -0.3896 -0.1877
vn -0.6104 0.7706 -0.1833
vn -0.3995 0.8662 -0.3000
vn -0.1707 0.8726 -0.4576
vn -0.8199 0.0903 0.5653
vn -0.8320 0.1411 0.5365
vn -0.7825 0.3524 0.5134
vn -0.4185 0.8594 0.2937
vn -0.9135 0.1006 0.3941
vn -0.8992 0.1415 0.4140
vn -0.8420 0.3103 0.4413
vn -0.3001 0.9339 0.1944
vn 0.1693 0.9851 -0.0301
vn 0.2511 0.9645 -0.0821
vn 0.2640 0.9370 -0.2287
vn 0.2418 0.8891 -0.3887
vn 0.2088 0.8240 -0.5266
vn -0.4854 -0.0958 0.8691
vn -0.6078 0.0030 0.7941
vn -0.6690 0.2798 0.6886
vn -0.3589 0.8564 0.3713
vn -0.6645 0.0213 0.7470
vn -0.7336 0.0992 0.6722
vn -0.7250 0.3483 0.5942
vn -0.1827 0.9663 0.1814
vn 0.2675 0.9575 -0.1082
vn 0.3544 0.9317 -0.0794
vn 0.3772 0.9227 -0.0797
vn 0.3594 0.9133 -0.1915
vn 0.3215 0.8754 -0.3610
vn 0.2645 0.8322 -0.4873
vn -0.9366 0.0056 -0.3504
vn -0.9399 0.0010 -0.3413
vn -0.9438 -0.0040 -0.3305
vn -0.9479 -0.0091 -0.3185
vn -0.9533 -0.0204 -0.3014
vn -0.9619 -0.0555 -0.2679
vn -0.9675 -0.1690 -0.1884
vn -0.8761 -0.4816 -0.0232
vn -0.9645 0.0002 -0.2642
vn -0.9652 -0.0076 -0.2615
vn -0.9665 -0.0148 -0.2563
vn -0.9691 -0.0261 -0.2454
vn -0.9738 -0.0529 -0.2211
vn -0.9780 -0.1223 -0.1687
vn -0.9544 -0.2894 -0.0734
vn -0.7922 -0.6090 0.0392
vn -0.9787 -0.0001 -0.2053
vn -0.9787 -0.0103 -0.2052
vn -0.9793 -0.0228 -0.2013
vn -0.9811 -0.0466 -0.1878
vn -0.9830 -0.0975 -0.1555
vn -0.9749 -0.2005 -0.0965
vn -0.9222 -0.3862 -0.0182
vn -0.7545 -0.6550 0.0419
vn -0.9841 0.0009 -0.1776
vn -0.9841 -0.0119 -0.1770
vn -0.9847 -0.0322 -0.1713
vn -0.9854 -0.0726 -0.1538
vn -0.9820 -0.1483 -0.1171
vn -0.9606 -0.2711 -0.0615
vn -0.8936 -0.4489 -0.0004
vn -0.7435 -0.6677 0.0371
vn -0.9862 0.0019 -0.1657
vn -0.9862 -0.0145 -0.1648
vn -0.9865 -0.0444 -0.1575
vn -0.9852 -0.1030 -0.1370
vn -0.9749 -0.1998 -0.0982
vn -0.9424 -0.3314 -0.0443
vn -0.8690 -0.4946 0.0103
vn -0.7370 -0.6744 0.0452
vn -0.9873 0.0034 -0.1588
vn -0.9872 -0.0174 -0.1583
vn -0.9869 -0.0592 -0.1498
vn -0.9825 -0.1372 -0.1257
vn -0.9642 -0.2520 -0.0824
vn -0.9213 -0.3880 -0.0258
vn -0.8438 -0.5358 0.0307
vn -0.7246 -0.6856 0.0702
vn -0.9881 0.0056 -0.1536
vn -0.9880 -0.0205 -0.1533
vn -0.9868 -0.0775 -0.1424
vn -0.9777 -0.1773 -0.1123
vn -0.9493 -0.3082 -0.0616
vn -0.8955 -0.4451 0.0002
vn -0.8151 -0.5765 0.0572
vn -0.7098 -0.6984 0.0919
vn -0.9887 0.0084 -0.1494
vn -0.9887 -0.0249 -0.1482
vn -0.9859 -0.1014 -0.1331
vn -0.9696 -0.2254 -0.0948
vn -0.9285 -0.3695 -0.0356
vn -0.8647 -0.5015 0.0294
vn -0.7870 -0.6116 0.0809
vn -0.7031 -0.7037 0.1024
vn -0.5820 -0.7940 0.1755
vn -0.4431 -0.8609 0.2500
vn -0.6182 -0.7555 0.2166
vn -0.9610 0.2766 0.0085
vn -0.5135 -0.8533 0.0901
vn -0.4701 -0.8790 0.0790
vn -0.7055 -0.7079 0.0330
vn -0.8548 0.5180 0.0311
vn -0.5271 -0.8484 0.0484
vn -0.4961 -0.8679 0.0238
vn -0.7682 -0.6400 -0.0139
vn -0.8186 0.5743 -0.0089
vn -0.5536 -0.8322 0.0313
vn -0.5230 -0.8523 0.0029
vn -0.8035 -0.5945 -0.0302
vn -0.7963 0.6046 -0.0190
vn -0.5788 -0.8142 0.0452
vn -0.5573 -0.8302 0.0129
vn -0.8306 -0.5560 -0.0312
vn -0.7759 0.6303 -0.0272
vn -0.5986 -0.7976 0.0743
vn -0.6053 -0.7953 0.0340
vn -0.8597 -0.5103 -0.0242
vn -0.7540 0.6562 -0.0296
vn -0.6210 -0.7790 0.0867
vn -0.6608 -0.7496 0.0391
vn -0.8895 -0.4564 -0.0206
vn -0.7280 0.6849 -0.0300
vn -0.6501 -0.7550 0.0861
vn -0.7107 -0.7024 0.0394
vn -0.9149 -0.4034 -0.0147
vn -0.7007 0.7127 -0.0315
vn 0.1081 0.9489 -0.2964
vn 0.2682 0.9634 0.0038
vn 0.3049 0.9516 0.0393
vn 0.3094 0.9503 0.0346
vn 0.3247 0.9455 0.0238
vn 0.3504 0.9365 0.0177
vn 0.3796 0.9251 0.0128
vn 0.4066 0.9136 0.0045
vn 0.2440 0.8802 -0.4071
vn 0.3719 0.9229 -0.1002
vn 0.4771 0.8787 0.0145
vn 0.5277 0.8491 0.0221
vn 0.5628 0.8265 0.0120
vn 0.5912 0.8065 0.0067
vn 0.6149 0.7886 0.0035
vn 0.6353 0.7722 -0.0024
vn 0.2270 0.8729 -0.4320
vn 0.2624 0.9422 -0.2083
vn 0.3338 0.9409 -0.0575
vn 0.3971 0.9173 -0.0287
vn 0.4450 0.8950 -0.0299
vn 0.4833 0.8749 -0.0297
vn 0.5148 0.8569 -0.0281
vn 0.5395 0.8415 -0.0292
vn -0.9893 0.0109 -0.1455
vn -0.9893 -0.0326 -0.1420
vn -0.9837 -0.1332 -0.1206
vn -0.9565 -0.2826 -0.0724
vn -0.9005 -0.4349 -0.0050
vn -0.8305 -0.5537 0.0605
vn -0.7639 -0.6369 0.1038
vn -0.7065 -0.6986 0.1133
vn -0.9900 0.0120 -0.1406
vn -0.9900 -0.0454 -0.1336
vn -0.9791 -0.1748 -0.1039
vn -0.9360 -0.3492 -0.0441
vn -0.8646 -0.5015 0.0305
vn -0.7956 -0.5987 0.0930
vn -0.7476 -0.6521 0.1258
vn -0.7177 -0.6852 0.1244
vn -0.9910 0.0105 -0.1337
vn -0.9904 -0.0653 -0.1216
vn -0.9703 -0.2274 -0.0818
vn -0.9064 -0.4222 -0.0122
vn -0.8244 -0.5628 0.0609
vn -0.7677 -0.6315 0.1083
vn -0.7432 -0.6577 0.1223
vn -0.7364 -0.6678 0.1087
vn -0.9922 0.0052 -0.1242
vn -0.9900 -0.0941 -0.1055
vn -0.9561 -0.2872 -0.0586
vn -0.8723 -0.4890 0.0064
vn -0.7941 -0.6052 0.0558
vn -0.7612 -0.6448 0.0695
vn -0.7553 -0.6530 0.0563
vn -0.7567 -0.6528 0.0352
vn -0.9937 -0.0056 -0.1119
vn -0.9876 -0.1310 -0.0871
vn -0.9388 -0.3420 -0.0418
vn -0.8476 -0.5306 0.0001
vn -0.7887 -0.6147 0.0094
vn -0.7774 -0.6289 -0.0154
vn -0.7733 -0.6320 -0.0504
vn -0.7641 -0.6412 -0.0704
vn -0.9950 -0.0227 -0.0972
vn -0.9827 -0.1719 -0.0683
vn -0.9244 -0.3800 -0.0319
vn -0.8427 -0.5380 -0.0185
vn -0.8057 -0.5909 -0.0414
vn -0.8027 -0.5904 -0.0839
vn -0.7888 -0.6029 -0.1195
vn -0.7612 -0.6350 -0.1315
vn -0.9957 -0.0444 -0.0816
vn -0.9760 -0.2113 -0.0531
vn -0.9165 -0.3990 -0.0276
vn -0.8534 -0.5202 -0.0327
vn -0.8310 -0.5524 -0.0655
vn -0.8264 -0.5539 -0.1014
vn -0.8029 -0.5833 -0.1230
vn -0.7606 -0.6368 -0.1263
vn -0.9955 -0.0663 -0.0679
vn -0.9689 -0.2436 -0.0444
vn -0.9139 -0.4050 -0.0279
vn -0.8681 -0.4950 -0.0369
vn -0.8525 -0.5190 -0.0623
vn -0.8432 -0.5309 -0.0848
vn -0.8130 -0.5743 -0.0959
vn -0.7608 -0.6422 -0.0941
vn -0.6819 -0.7260 0.0894
vn -0.7515 -0.6583 0.0433
vn -0.9341 -0.3569 -0.0069
vn -0.6771 0.7350 -0.0358
vn -0.7159 -0.6920 0.0929
vn -0.7881 -0.6141 0.0434
vn -0.9484 -0.3170 -0.0054
vn -0.6580 0.7520 -0.0385
vn -0.7508 -0.6564 0.0738
vn -0.8214 -0.5698 0.0256
vn -0.9590 -0.2826 -0.0201
vn -0.6475 0.7611 -0.0370
vn -0.7760 -0.6307 0.0126
vn -0.8443 -0.5356 -0.0154
vn -0.9656 -0.2564 -0.0440
vn -0.6387 0.7686 -0.0360
vn -0.7770 -0.6255 -0.0706
vn -0.8461 -0.5293 -0.0628
vn -0.9665 -0.2497 -0.0594
vn -0.6376 0.7696 -0.0338
vn -0.7593 -0.6400 -0.1180
vn -0.8278 -0.5539 -0.0891
vn -0.9616 -0.2669 -0.0639
vn -0.6338 0.7727 -0.0341
vn -0.7405 -0.6629 -0.1107
vn -0.8039 -0.5887 -0.0847
vn -0.9525 -0.2981 -0.0627
vn -0.6411 0.7667 -0.0348
vn -0.7252 -0.6841 -0.0784
vn -0.7834 -0.6190 -0.0557
vn -0.9441 -0.3271 -0.0402
vn -0.6405 0.7674 -0.0310
vn 0.4313 0.9021 -0.0103
vn 0.4548 0.8904 -0.0182
vn 0.4738 0.8807 -0.0008
vn 0.4856 0.8739 0.0215
vn 0.4931 0.8696 0.0277
vn 0.5053 0.8628 0.0184
vn 0.5150 0.8569 0.0201
vn 0.5148 0.8572 0.0115
vn 0.6519 0.7582 -0.0145
vn 0.6639 0.7475 -0.0217
vn 0.6780 0.7350 -0.0074
vn 0.6984 0.7155 0.0151
vn 0.7199 0.6937 0.0239
vn 0.7352 0.6776 0.0174
vn 0.7429 0.6690 0.0240
vn 0.7459 0.6656 0.0236
vn 0.5560 0.8305 -0.0339
vn 0.5649 0.8243 -0.0364
vn 0.5736 0.8186 -0.0299
vn 0.5900 0.8072 -0.0167
vn 0.6125 0.7904 -0.0069
vn 0.6317 0.7752 -0.0026
vn 0.6465 0.7629 0.0077
vn 0.6600 0.7512 0.0129
vn -0.9948 -0.0841 -0.0577
vn -0.9629 -0.2666 -0.0408
vn -0.9132 -0.4066 -0.0292
vn -0.8790 -0.4757 -0.0340
vn -0.8664 -0.4970 -0.0490
vn -0.8536 -0.5172 -0.0625
vn -0.8189 -0.5699 -0.0683
vn -0.7583 -0.6489 -0.0628
vn -0.9941 -0.0961 -0.0502
vn -0.9588 -0.2814 -0.0392
vn -0.9124 -0.4081 -0.0310
vn -0.8848 -0.4649 -0.0324
vn -0.8743 -0.4838 -0.0403
vn -0.8598 -0.5085 -0.0478
vn -0.8212 -0.5686 -0.0493
vn -0.7528 -0.6570 -0.0409
vn -0.9937 -0.1027 -0.0439
vn -0.9566 -0.2889 -0.0385
vn -0.9120 -0.4087 -0.0350
vn -0.8875 -0.4594 -0.0360
vn -0.8780 -0.4770 -0.0394
vn -0.8626 -0.5042 -0.0416
vn -0.8205 -0.5703 -0.0389
vn -0.7459 -0.6655 -0.0289
vn -0.9938 -0.1045 -0.0380
vn -0.9565 -0.2892 -0.0382
vn -0.9129 -0.4063 -0.0398
vn -0.8888 -0.4564 -0.0418
vn -0.8789 -0.4751 -0.0423
vn -0.8623 -0.5048 -0.0399
vn -0.8174 -0.5751 -0.0333
vn -0.7391 -0.6733 -0.0225
vn -0.9943 -0.1022 -0.0319
vn -0.9585 -0.2827 -0.0369
vn -0.9151 -0.4008 -0.0431
vn -0.8894 -0.4549 -0.0458
vn -0.8777 -0.4772 -0.0439
vn -0.8594 -0.5099 -0.0377
vn -0.8124 -0.5825 -0.0276
vn -0.7328 -0.6802 -0.0160
vn -0.9950 -0.0965 -0.0250
vn -0.9621 -0.2707 -0.0337
vn -0.9185 -0.3930 -0.0429
vn -0.8893 -0.4550 -0.0455
vn -0.8749 -0.4825 -0.0411
vn -0.8548 -0.5180 -0.0324
vn -0.8065 -0.5909 -0.0216
vn -0.7274 -0.6861 -0.0113
vn -0.9959 -0.0891 -0.0166
vn -0.9664 -0.2555 -0.0267
vn -0.9225 -0.3842 -0.0371
vn -0.8888 -0.4565 -0.0396
vn -0.8716 -0.4890 -0.0350
vn -0.8505 -0.5251 -0.0286
vn -0.8026 -0.5961 -0.0231
vn -0.7236 -0.6900 -0.0177
vn -0.9966 -0.0819 -0.0061
vn -0.9705 -0.2405 -0.0150
vn -0.9267 -0.3750 -0.0252
vn -0.8892 -0.4566 -0.0299
vn -0.8701 -0.4918 -0.0308
vn -0.8505 -0.5250 -0.0335
vn -0.8035 -0.5940 -0.0386
vn -0.7213 -0.6914 -0.0397
vn -0.7106 -0.7021 -0.0459
vn -0.7633 -0.6456 -0.0242
vn -0.9352 -0.3539 -0.0116
vn -0.6609 0.7498 -0.0304
vn -0.6964 -0.7173 -0.0245
vn -0.7450 -0.6671 -0.0079
vn -0.9258 -0.3780 -0.0008
vn -0.6736 0.7385 -0.0294
vn -0.6841 -0.7293 -0.0146
vn -0.7297 -0.6837 -0.0007
vn -0.9161 -0.4009 0.0059
vn -0.6867 0.7265 -0.0269
vn -0.6741 -0.7385 -0.0103
vn -0.7153 -0.6988 0.0021
vn -0.9056 -0.4240 0.0096
vn -0.7001 0.7137 -0.0235
vn -0.6665 -0.7455 -0.0057
vn -0.7018 -0.7123 0.0047
vn -0.8952 -0.4456 0.0109
vn -0.7143 0.6996 -0.0195
vn -0.6605 -0.7509 -0.0027
vn -0.6907 -0.7231 0.0053
vn -0.8859 -0.4637 0.0085
vn -0.7303 0.6830 -0.0157
vn -0.6544 -0.7561 -0.0104
vn -0.6813 -0.7320 -0.0025
vn -0.8778 -0.4791 0.0002
vn -0.7494 0.6620 -0.0129
vn -0.6457 -0.7629 -0.0317
vn -0.6704 -0.7417 -0.0201
vn -0.8688 -0.4950 -0.0142
vn -0.7721 0.6354 -0.0124
vn 0.5039 0.8636 -0.0149
vn 0.4933 0.8695 -0.0252
vn 0.4827 0.8753 -0.0289
vn 0.4683 0.8831 -0.0278
vn 0.4483 0.8936 -0.0221
vn 0.4216 0.9067 -0.0121
vn 0.3884 0.9215 0.0011
vn 0.3490 0.9370 0.0166
vn 0.7426 0.6697 0.0027
vn 0.7324 0.6809 -0.0076
vn 0.7179 0.6961 -0.0090
vn 0.6996 0.7145 -0.0050
vn 0.6785 0.7346 0.0029
vn 0.6564 0.7543 0.0143
vn 0.6344 0.7725 0.0281
vn 0.6130 0.7888 0.0445
vn 0.6650 0.7468 0.0066
vn 0.6586 0.7525 0.0042
vn 0.6462 0.7632 0.0072
vn 0.6323 0.7746 0.0133
vn 0.6195 0.7847 0.0212
vn 0.6090 0.7926 0.0311
vn 0.6011 0.7980 0.0431
vn 0.5964 0.8007 0.0568
vn -0.9971 -0.0759 0.0059
vn -0.9739 -0.2268 -0.0024
vn -0.9312 -0.3642 -0.0139
vn -0.8921 -0.4512 -0.0238
vn -0.8735 -0.4857 -0.0339
vn -0.8568 -0.5134 -0.0483
vn -0.8099 -0.5830 -0.0644
vn -0.7199 -0.6905 -0.0706
vn -0.9974 -0.0699 0.0190
vn -0.9774 -0.2114 0.0082
vn -0.9373 -0.3485 -0.0088
vn -0.8988 -0.4375 -0.0267
vn -0.8819 -0.4692 -0.0460
vn -0.8681 -0.4915 -0.0690
vn -0.8197 -0.5656 -0.0907
vn -0.7187 -0.6883 -0.0981
vn -0.9975 -0.0623 0.0331
vn -0.9815 -0.1905 0.0182
vn -0.9461 -0.3239 -0.0070
vn -0.9097 -0.4137 -0.0352
vn -0.8937 -0.4443 -0.0626
vn -0.8804 -0.4659 -0.0883
vn -0.8291 -0.5488 -0.1073
vn -0.7181 -0.6869 -0.1114
vn -0.9975 -0.0530 0.0473
vn -0.9861 -0.1634 0.0294
vn -0.9575 -0.2884 -0.0032
vn -0.9244 -0.3793 -0.0411
vn -0.9069 -0.4148 -0.0746
vn -0.8906 -0.4440 -0.0981
vn -0.8355 -0.5384 -0.1100
vn -0.7188 -0.6864 -0.1105
vn -0.9973 -0.0433 0.0599
vn -0.9902 -0.1331 0.0421
vn -0.9696 -0.2446 0.0068
vn -0.9411 -0.3362 -0.0365
vn -0.9205 -0.3837 -0.0732
vn -0.8986 -0.4285 -0.0945
vn -0.8396 -0.5334 -0.1026
vn -0.7223 -0.6837 -0.1043
vn -0.9970 -0.0352 0.0689
vn -0.9930 -0.1048 0.0545
vn -0.9797 -0.1992 0.0229
vn -0.9570 -0.2895 -0.0190
vn -0.9342 -0.3523 -0.0559
vn -0.9063 -0.4153 -0.0782
vn -0.8451 -0.5270 -0.0899
vn -0.7307 -0.6755 -0.0989
vn -0.9969 -0.0303 0.0724
vn -0.9945 -0.0833 0.0636
vn -0.9863 -0.1597 0.0406
vn -0.9695 -0.2448 0.0056
vn -0.9470 -0.3199 -0.0294
vn -0.9157 -0.3981 -0.0553
vn -0.8548 -0.5136 -0.0746
vn -0.7457 -0.6597 -0.0936
vn -0.9972 -0.0295 0.0685
vn -0.9952 -0.0719 0.0665
vn -0.9898 -0.1314 0.0541
vn -0.9780 -0.2065 0.0289
vn -0.9582 -0.2860 -0.0027
vn -0.9269 -0.3739 -0.0324
vn -0.8687 -0.4918 -0.0592
vn -0.7666 -0.6363 -0.0865
vn -0.6332 -0.7716 -0.0610
vn -0.6548 -0.7544 -0.0452
vn -0.8556 -0.5165 -0.0338
vn -0.7989 0.6013 -0.0160
vn -0.6190 -0.7805 -0.0877
vn -0.6346 -0.7696 -0.0704
vn -0.8350 -0.5477 -0.0537
vn -0.8294 0.5582 -0.0228
vn -0.6076 -0.7878 -0.1014
vn -0.6133 -0.7852 -0.0862
vn -0.8073 -0.5862 -0.0682
vn -0.8611 0.5075 -0.0301
vn -0.6018 -0.7919 -0.1038
vn -0.5949 -0.7984 -0.0935
vn -0.7766 -0.6251 -0.0785
vn -0.8903 0.4537 -0.0379
vn -0.6023 -0.7915 -0.1035
vn -0.5815 -0.8075 -0.0989
vn -0.7498 -0.6554 -0.0912
vn -0.9151 0.4005 -0.0464
vn -0.6089 -0.7862 -0.1058
vn -0.5738 -0.8119 -0.1074
vn -0.7316 -0.6733 -0.1070
vn -0.9293 0.3652 -0.0553
vn -0.6223 -0.7749 -0.1107
vn -0.5720 -0.8115 -0.1196
vn -0.7186 -0.6846 -0.1220
vn -0.9400 0.3353 -0.0634
vn -0.6436 -0.7570 -0.1122
vn -0.5767 -0.8069 -0.1280
vn -0.7065 -0.6951 -0.1332
vn -0.9494 0.3065 -0.0684
vn 0.3034 0.9523 0.0311
vn 0.2550 0.9661 0.0400
vn 0.2123 0.9763 0.0411
vn 0.1786 0.9829 0.0447
vn 0.1413 0.9879 0.0643
vn 0.0972 0.9916 0.0857
vn 0.0494 0.9943 0.0943
vn 0.0085 0.9953 0.0967
vn 0.5937 0.8024 0.0596
vn 0.5796 0.8122 0.0662
vn 0.5736 0.8170 0.0599
vn 0.5733 0.8170 0.0626
vn 0.5712 0.8154 0.0940
vn 0.5620 0.8167 0.1312
vn 0.5447 0.8252 0.1498
vn 0.5284 0.8361 0.1474
vn 0.5970 0.7995 0.0665
vn 0.6039 0.7943 0.0667
vn 0.6133 0.7878 0.0565
vn 0.6222 0.7808 0.0570
vn 0.6362 0.7669 0.0843
vn 0.6575 0.7435 0.1223
vn 0.6795 0.7185 0.1485
vn 0.6986 0.7006 0.1452
vn -0.9979 -0.0337 0.0557
vn -0.9955 -0.0718 0.0611
vn -0.9913 -0.1168 0.0601
vn -0.9831 -0.1773 0.0459
vn -0.9675 -0.2519 0.0197
vn -0.9394 -0.3427 -0.0121
vn -0.8855 -0.4624 -0.0453
vn -0.7905 -0.6074 -0.0784
vn -0.9985 -0.0430 0.0350
vn -0.9954 -0.0830 0.0473
vn -0.9915 -0.1165 0.0573
vn -0.9857 -0.1594 0.0551
vn -0.9745 -0.2212 0.0374
vn -0.9517 -0.3069 0.0074
vn -0.9044 -0.4257 -0.0300
vn -0.8163 -0.5734 -0.0697
vn -0.9984 -0.0561 0.0104
vn -0.9943 -0.1032 0.0269
vn -0.9905 -0.1294 0.0455
vn -0.9863 -0.1554 0.0552
vn -0.9787 -0.1991 0.0494
vn -0.9620 -0.2716 0.0268
vn -0.9237 -0.3831 -0.0104
vn -0.8451 -0.5316 -0.0567
vn -0.9976 -0.0690 -0.0107
vn -0.9920 -0.1264 0.0043
vn -0.9880 -0.1523 0.0259
vn -0.9850 -0.1663 0.0455
vn -0.9802 -0.1908 0.0532
vn -0.9690 -0.2433 0.0425
vn -0.9408 -0.3389 0.0115
vn -0.8755 -0.4818 -0.0364
vn -0.9969 -0.0760 -0.0188
vn -0.9895 -0.1441 -0.0120
vn -0.9840 -0.1782 0.0046
vn -0.9815 -0.1896 0.0281
vn -0.9790 -0.1985 0.0475
vn -0.9724 -0.2277 0.0508
vn -0.9536 -0.2995 0.0308
vn -0.9036 -0.4282 -0.0124
vn -0.9972 -0.0745 -0.0019
vn -0.9890 -0.1478 -0.0067
vn -0.9804 -0.1971 -0.0034
vn -0.9759 -0.2179 0.0148
vn -0.9748 -0.2195 0.0390
vn -0.9724 -0.2271 0.0536
vn -0.9617 -0.2701 0.0461
vn -0.9265 -0.3760 0.0113
vn -0.9900 -0.0438 0.1343
vn -0.9899 -0.1140 0.0847
vn -0.9810 -0.1887 0.0449
vn -0.9712 -0.2357 0.0352
vn -0.9689 -0.2428 0.0477
vn -0.9694 -0.2372 0.0629
vn -0.9657 -0.2520 0.0633
vn -0.9438 -0.3285 0.0365
vn -0.8779 0.0713 0.4734
vn -0.9384 0.0061 0.3456
vn -0.9680 -0.1063 0.2272
vn -0.9687 -0.2021 0.1443
vn -0.9644 -0.2426 0.1054
vn -0.9646 -0.2446 0.0982
vn -0.9663 -0.2393 0.0944
vn -0.9565 -0.2835 0.0690
vn -0.6689 -0.7356 -0.1071
vn -0.5877 -0.7994 -0.1252
vn -0.6992 -0.7021 -0.1350
vn -0.9581 0.2777 -0.0703
vn -0.6939 -0.7128 -0.1023
vn -0.6008 -0.7902 -0.1209
vn -0.6993 -0.7024 -0.1330
vn -0.9651 0.2518 -0.0714
vn -0.7218 -0.6850 -0.0991
vn -0.6148 -0.7789 -0.1239
vn -0.7014 -0.6996 -0.1362
vn -0.9706 0.2287 -0.0749
vn -0.7574 -0.6469 -0.0888
vn -0.6362 -0.7609 -0.1276
vn -0.6988 -0.7007 -0.1443
vn -0.9761 0.2013 -0.0816
vn -0.7974 -0.5996 -0.0674
vn -0.6674 -0.7362 -0.1123
vn -0.6975 -0.7041 -0.1332
vn -0.9816 0.1739 -0.0784
vn -0.8360 -0.5470 -0.0425
vn -0.7001 -0.7084 -0.0894
vn -0.7041 -0.7010 -0.1130
vn -0.9856 0.1545 -0.0692
vn -0.8720 -0.4892 -0.0163
vn -0.7395 -0.6686 -0.0783
vn -0.7111 -0.6936 -0.1152
vn -0.9882 0.1339 -0.0736
vn -0.9041 -0.4271 0.0170
vn -0.7839 -0.6193 -0.0438
vn -0.7253 -0.6834 -0.0834
vn -0.9913 0.1197 -0.0542
vn -0.0236 0.9949 0.0977
vn -0.0514 0.9939 0.0979
vn -0.0768 0.9924 0.0958
vn -0.0984 0.9908 0.0928
vn -0.1172 0.9893 0.0875
vn -0.1366 0.9874 0.0805
vn -0.1540 0.9853 0.0739
vn -0.1657 0.9840 0.0647
vn 0.5255 0.8394 0.1389
vn 0.5370 0.8327 0.1351
vn 0.5546 0.8212 0.1345
vn 0.5691 0.8110 0.1353
vn 0.5761 0.8062 0.1348
vn 0.5738 0.8083 0.1321
vn 0.5617 0.8176 0.1269
vn 0.5383 0.8344 0.1181
vn 0.7197 0.6833 0.1234
vn 0.7466 0.6566 0.1072
vn 0.7756 0.6225 0.1043
vn 0.8005 0.5891 0.1103
vn 0.8181 0.5628 0.1182
vn 0.8274 0.5473 0.1259
vn 0.8269 0.5460 0.1343
vn 0.8139 0.5630 0.1432
vn -0.7369 0.1366 0.6621
vn -0.6489 0.3912 0.6526
vn -0.5665 0.5274 0.6332
vn -0.5795 0.5119 0.6342
vn -0.6217 0.4529 0.6390
vn -0.6368 0.3958 0.6616
vn -0.6279 0.3548 0.6928
vn -0.6380 0.3175 0.7015
vn -0.6785 0.2185 0.7013
vn -0.7772 0.2045 0.5951
vn -0.8861 0.0731 0.4577
vn -0.9433 -0.0791 0.3224
vn -0.9573 -0.1852 0.2219
vn -0.9593 -0.2260 0.1691
vn -0.9645 -0.2212 0.1441
vn -0.9651 -0.2362 0.1132
vn -0.6657 0.2663 0.6970
vn -0.6698 0.3598 0.6496
vn -0.7720 0.2695 0.5757
vn -0.8763 0.1015 0.4709
vn -0.9329 -0.0606 0.3551
vn -0.9515 -0.1606 0.2622
vn -0.9607 -0.1854 0.2067
vn -0.9682 -0.1863 0.1668
vn -0.7024 0.2407 0.6699
vn -0.6511 0.4170 0.6342
vn -0.6895 0.3996 0.6041
vn -0.7889 0.2692 0.5524
vn -0.8802 0.1007 0.4638
vn -0.9309 -0.0474 0.3622
vn -0.9516 -0.1218 0.2823
vn -0.9636 -0.1348 0.2307
vn -0.7169 0.2113 0.6644
vn -0.6529 0.4163 0.6328
vn -0.6430 0.4585 0.6134
vn -0.7053 0.3865 0.5942
vn -0.7994 0.2537 0.5446
vn -0.8811 0.0947 0.4634
vn -0.9258 -0.0270 0.3771
vn -0.9463 -0.0764 0.3140
vn -0.7239 0.1875 0.6639
vn -0.6625 0.4003 0.6331
vn -0.6308 0.4752 0.6134
vn -0.6547 0.4496 0.6077
vn -0.7210 0.3662 0.5883
vn -0.8079 0.2330 0.5413
vn -0.8770 0.0879 0.4725
vn -0.9131 -0.0043 0.4076
vn -0.7314 0.1762 0.6588
vn -0.6850 0.3988 0.6098
vn -0.6631 0.4861 0.5692
vn -0.6778 0.4751 0.5612
vn -0.7098 0.4226 0.5635
vn -0.7640 0.3277 0.5557
vn -0.8301 0.1968 0.5218
vn -0.8811 0.0814 0.4658
vn -0.7303 0.1720 0.6611
vn -0.6778 0.4124 0.6088
vn -0.6541 0.5089 0.5597
vn -0.6760 0.4884 0.5518
vn -0.7002 0.4379 0.5638
vn -0.7293 0.3744 0.5727
vn -0.7791 0.2852 0.5583
vn -0.8386 0.1794 0.5144
vn -0.7346 0.1581 0.6598
vn -0.6649 0.4140 0.6217
vn -0.6198 0.5281 0.5805
vn -0.6394 0.5004 0.5837
vn -0.6688 0.4443 0.5961
vn -0.6935 0.3961 0.6019
vn -0.7251 0.3432 0.5970
vn -0.7777 0.2693 0.5680
vn -0.7050 0.2555 0.6615
vn -0.7963 0.1752 0.5790
vn -0.8143 0.3251 0.4809
vn -0.9315 -0.3591 0.0577
vn -0.8193 -0.5733 -0.0022
vn -0.7531 -0.6565 -0.0421
vn -0.9900 0.1382 -0.0277
vn -0.9540 -0.2798 0.1081
vn -0.8574 -0.5139 0.0283
vn -0.7856 -0.6179 -0.0320
vn -0.9848 0.1720 -0.0221
vn -0.9657 -0.1927 0.1739
vn -0.9067 -0.4145 0.0775
vn -0.8198 -0.5724 -0.0144
vn -0.9808 0.1939 -0.0188
vn -0.9582 -0.1123 0.2632
vn -0.9481 -0.2712 0.1659
vn -0.8669 -0.4971 0.0377
vn -0.9758 0.2185 -0.0053
vn -0.9285 -0.0547 0.3672
vn -0.9370 -0.1398 0.3201
vn -0.9217 -0.3272 0.2082
vn -0.9194 0.3849 0.0813
vn -0.9067 -0.0116 0.4215
vn -0.9187 -0.0691 0.3888
vn -0.9572 -0.0450 0.2859
vn -0.7073 0.7063 0.0298
vn -0.8869 0.0587 0.4581
vn -0.9188 -0.0020 0.3946
vn -0.9346 0.2660 0.2362
vn -0.4044 0.9099 -0.0927
vn -0.8479 0.1604 0.5053
vn -0.8982 0.0794 0.4323
vn -0.8442 0.4759 0.2464
vn -0.2907 0.9568 0.0002
vn -0.1722 0.9836 0.0532
vn -0.1693 0.9847 0.0413
vn -0.1514 0.9881 0.0258
vn -0.1144 0.9934 0.0022
vn -0.0245 0.9977 -0.0632
vn 0.1228 0.9733 -0.1937
vn 0.2320 0.9429 -0.2388
vn 0.1151 0.9930 0.0256
vn 0.5045 0.8572 0.1033
vn 0.4652 0.8815 0.0813
vn 0.4256 0.9034 0.0521
vn 0.3868 0.9220 0.0145
vn 0.3526 0.9319 -0.0851
vn 0.3053 0.9265 -0.2198
vn 0.1821 0.9716 -0.1510
vn 0.0376 0.9840 0.1740
vn 0.7863 0.6005 0.1456
vn 0.7431 0.6552 0.1358
vn 0.6841 0.7204 0.1145
vn 0.6092 0.7887 0.0828
vn 0.5060 0.8625 -0.0047
vn 0.3516 0.9293 -0.1128
vn 0.2241 0.9742 -0.0264
vn 0.3041 0.9468 0.1057
vn -0.8545 -0.0059 0.5195
vn -0.8164 0.0435 0.5759
vn -0.6986 0.3326 0.6335
vn -0.5679 0.4352 0.6986
vn -0.4839 0.2113 0.8492
vn -0.3441 0.0341 0.9383
vn -0.2049 -0.0660 0.9766
vn -0.0659 -0.1810 0.9813
vn -0.8210 0.0295 0.5702
vn -0.7608 0.1584 0.6293
vn -0.6336 0.4213 0.6489
vn -0.5499 0.5198 0.6538
vn -0.5481 0.3703 0.7500
vn -0.4922 0.2013 0.8469
vn -0.3855 0.1059 0.9166
vn -0.2500 0.0060 0.9682
vn -0.7728 0.0745 0.6302
vn -0.7036 0.2609 0.6610
vn -0.5883 0.4749 0.6545
vn -0.5414 0.5394 0.6450
vn -0.5701 0.4366 0.6960
vn -0.5661 0.3108 0.7635
vn -0.5124 0.2411 0.8242
vn -0.4218 0.1849 0.8876
vn -0.7467 0.1106 0.6559
vn -0.6583 0.3387 0.6722
vn -0.5453 0.5078 0.6669
vn -0.5341 0.5281 0.6602
vn -0.5804 0.4544 0.6758
vn -0.5897 0.3673 0.7193
vn -0.5543 0.3175 0.7693
vn -0.5052 0.2904 0.8126
vn 0.0647 -0.3548 0.9327
vn 0.1461 -0.4966 0.8556
vn 0.1855 -0.2709 0.9446
vn 0.0915 0.7859 0.6116
vn -0.0813 0.9906 -0.1097
vn -0.1183 0.9867 -0.1117
vn -0.1269 0.9902 -0.0579
vn -0.1484 0.9889 -0.0100
vn -0.1854 0.9818 0.0416
vn -0.2347 0.9671 0.0982
vn -0.2921 0.9446 0.1495
vn -0.0803 -0.1654 0.9830
vn 0.0942 -0.3856 0.9178
vn 0.2078 -0.2833 0.9362
vn 0.1097 0.6757 0.7290
vn -0.1437 0.9896 0.0057
vn -0.2186 0.9721 -0.0854
vn -0.2286 0.9734 -0.0132
vn -0.2685 0.9615 0.0583
vn -0.3175 0.9416 0.1123
vn -0.3514 0.9219 0.1633
vn -0.3705 0.9070 0.2002
vn -0.2750 0.0792 0.9582
vn -0.0397 -0.1283 0.9909
vn 0.1734 -0.2094 0.9623
vn 0.1575 0.5352 0.8299
vn -0.1057 0.9822 0.1554
vn -0.2621 0.9643 -0.0372
vn -0.3154 0.9480 0.0427
vn -0.3387 0.9342 0.1117
vn -0.3363 0.9328 0.1299
vn -0.2962 0.9438 0.1469
vn -0.2224 0.9646 0.1419
vn -0.4664 0.2467 0.8495
vn -0.4318 0.1469 0.8899
vn -0.1872 0.1556 0.9699
vn 0.1961 0.4542 0.8691
vn 0.0021 0.9460 0.3242
vn -0.2065 0.9781 0.0259
vn -0.2448 0.9680 0.0552
vn -0.2119 0.9749 0.0686
vn -0.1347 0.9900 0.0411
vn -0.0281 0.9994 0.0205
vn 0.1015 0.9944 -0.0290
vn -0.5510 0.6943 0.4631
vn -0.0598 0.7711 0.6340
vn 0.1040 0.9117 0.3975
vn 0.0458 0.9989 -0.0122
vn 0.1201 0.9905 -0.0672
vn 0.2184 0.9726 -0.0794
vn 0.2778 0.9565 -0.0891
vn 0.3188 0.9392 -0.1273
vn 0.3856 0.9021 -0.1939
vn 0.0160 0.9017 0.4320
vn 0.2262 0.9443 0.2389
vn 0.3890 0.9035 -0.1799
vn 0.5133 0.8201 -0.2531
vn 0.5978 0.7779 -0.1939
vn 0.5999 0.7897 -0.1286
vn 0.5553 0.8116 -0.1817
vn 0.5218 0.8140 -0.2551
vn 0.1623 0.9588 0.2333
vn 0.4473 0.8887 -0.1002
vn 0.5893 0.7312 -0.3435
vn 0.6456 0.6842 -0.3393
vn 0.6796 0.7036 -0.2078
vn 0.6803 0.7257 -0.1032
vn 0.6377 0.7554 -0.1504
vn 0.5530 0.8081 -0.2031
vn 0.5378 0.8383 -0.0898
vn 0.6392 0.6889 -0.3418
vn 0.6597 0.6370 -0.3988
vn 0.6550 0.6866 -0.3155
vn 0.6407 0.7482 -0.1720
vn 0.6266 0.7759 -0.0734
vn 0.5843 0.8076 -0.0800
vn 0.4720 0.8798 -0.0559
vn 0.0396 -0.0062 -0.9992
vn 0.0369 -0.0124 -0.9992
vn 0.0301 -0.0062 -0.9995
vn 0.0206 0.0189 -0.9996
vn 0.0175 0.0623 -0.9979
vn 0.0284 0.1030 -0.9943
vn 0.0430 0.1099 -0.9930
vn 0.0408 0.0711 -0.9966
vn -0.0404 -0.0069 -0.9992
vn -0.0403 -0.0143 -0.9991
vn -0.0383 -0.0089 -0.9992
vn -0.0310 0.0200 -0.9993
vn -0.0146 0.0748 -0.9971
vn 0.0060 0.1223 -0.9925
vn 0.0159 0.1159 -0.9931
vn 0.0060 0.0543 -0.9985
vn -0.1442 -0.0060 -0.9895
vn -0.1389 -0.0095 -0.9903
vn -0.1240 0.0039 -0.9923
vn -0.0948 0.0446 -0.9945
vn -0.0559 0.1058 -0.9928
vn -0.0250 0.1429 -0.9894
vn -0.0171 0.1142 -0.9933
vn -0.0272 0.0376 -0.9989
vn -0.1991 -0.0021 -0.9800
vn -0.1863 0.0051 -0.9825
vn -0.1582 0.0331 -0.9869
vn -0.1164 0.0864 -0.9894
vn -0.0748 0.1435 -0.9868
vn -0.0523 0.1581 -0.9860
vn -0.0516 0.1089 -0.9927
vn -0.0582 0.0281 -0.9979
vn -0.2050 0.0050 -0.9787
vn -0.1890 0.0274 -0.9816
vn -0.1588 0.0697 -0.9848
vn -0.1229 0.1268 -0.9843
vn -0.0969 0.1691 -0.9808
vn -0.0896 0.1625 -0.9826
vn -0.0913 0.1055 -0.9902
vn -0.0887 0.0296 -0.9956
vn -0.1911 0.0121 -0.9815
vn -0.1806 0.0471 -0.9824
vn -0.1629 0.0975 -0.9818
vn -0.1456 0.1505 -0.9778
vn -0.1370 0.1783 -0.9744
vn -0.1353 0.1629 -0.9773
vn -0.1296 0.1113 -0.9853
vn -0.1163 0.0418 -0.9923
vn -0.1673 0.0146 -0.9858
vn -0.1695 0.0526 -0.9841
vn -0.1737 0.1042 -0.9793
vn -0.1782 0.1543 -0.9718
vn -0.1805 0.1791 -0.9671
vn -0.1756 0.1691 -0.9698
vn -0.1604 0.1280 -0.9787
vn -0.1398 0.0612 -0.9883
vn -0.1027 0.0083 -0.9947
vn -0.1243 0.0347 -0.9916
vn -0.1579 0.0832 -0.9840
vn -0.1875 0.1390 -0.9724
vn -0.2015 0.1761 -0.9635
vn -0.1973 0.1810 -0.9635
vn -0.1804 0.1500 -0.9721
vn -0.1595 0.0832 -0.9837
vn -0.3479 0.9224 0.1679
vn -0.3801 0.9134 0.1456
vn -0.3686 0.9220 0.1181
vn -0.3192 0.9380 0.1355
vn -0.2445 0.9495 0.1965
vn -0.1477 0.9751 0.1651
vn 0.0177 -0.0188 -0.9997
vn -0.0259 -0.0651 -0.9975
vn -0.0918 0.1972 -0.9761
vn -0.1306 0.8811 -0.4545
vn -0.3793 0.9046 0.1943
vn -0.3854 0.9110 0.1469
vn -0.3910 0.9146 0.1034
vn -0.3778 0.9198 0.1056
vn -0.3065 0.9442 0.1203
vn -0.1830 0.9831 0.0102
vn -0.0136 -0.0430 -0.9990
vn -0.0340 -0.1038 -0.9940
vn -0.0713 0.1115 -0.9912
vn -0.1238 0.7996 -0.5877
vn -0.1141 0.9896 0.0875
vn 0.0083 0.9996 0.0273
vn 0.0437 0.9962 0.0748
vn -0.0680 0.9901 0.1229
vn -0.1508 0.9873 0.0501
vn -0.1233 0.9832 -0.1344
vn -0.0386 -0.0560 -0.9977
vn -0.0441 -0.1160 -0.9923
vn -0.0605 0.0554 -0.9966
vn -0.0945 0.7181 -0.6895
vn 0.2464 0.9615 -0.1218
vn 0.3739 0.9177 -0.1341
vn 0.4210 0.9042 0.0720
vn 0.3028 0.9252 0.2285
vn 0.0963 0.9911 0.0922
vn -0.0223 0.9819 -0.1878
vn -0.0598 -0.0586 -0.9965
vn -0.0585 -0.1173 -0.9914
vn -0.0656 0.0251 -0.9975
vn -0.0667 0.6685 -0.7407
vn 0.4360 0.8652 -0.2476
vn 0.4273 0.8939 -0.1353
vn 0.3714 0.9155 0.1548
vn 0.2854 0.8872 0.3626
vn 0.1549 0.9625 0.2227
vn 0.0275 0.9866 -0.1609
vn -0.0822 -0.0542 -0.9951
vn -0.0794 -0.1174 -0.9899
vn -0.0812 0.0136 -0.9966
vn -0.0545 0.6579 -0.7511
vn 0.4786 0.8493 -0.2226
vn 0.3833 0.9236 0.0058
vn 0.2395 0.9266 0.2899
vn 0.1353 0.8855 0.4445
vn 0.0923 0.9505 0.2967
vn 0.0359 0.9928 -0.1140
vn -0.1041 -0.0468 -0.9935
vn -0.0991 -0.1173 -0.9881
vn -0.0939 0.0182 -0.9954
vn -0.0500 0.6738 -0.7373
vn 0.4326 0.8982 -0.0775
vn 0.2710 0.9428 0.1944
vn 0.1243 0.8996 0.4187
vn 0.0661 0.8794 0.4714
vn 0.0702 0.9521 0.2976
vn 0.0399 0.9966 -0.0725
vn -0.1233 -0.0365 -0.9917
vn -0.1127 -0.1126 -0.9872
vn -0.1001 0.0359 -0.9943
vn -0.0457 0.7022 -0.7105
vn 0.2980 0.9455 0.1315
vn 0.1278 0.9256 0.3563
vn 0.0452 0.8753 0.4814
vn 0.0503 0.8882 0.4567
vn 0.0705 0.9564 0.2833
vn 0.0428 0.9985 -0.0345
vn -0.1411 -0.0222 -0.9897
vn -0.1245 -0.1007 -0.9871
vn -0.1047 0.0627 -0.9925
vn -0.0423 0.7355 -0.6762
vn -0.1381 0.0266 0.9901
vn -0.1282 0.0406 0.9909
vn -0.1198 0.0475 0.9917
vn -0.1200 0.0429 0.9918
vn -0.1443 0.0011 0.9895
vn -0.1906 -0.0882 0.9777
vn -0.2387 -0.1816 0.9540
vn -0.2947 -0.2276 0.9281
vn -0.3825 -0.2076 0.9003
vn -0.4999 -0.1178 0.8580
vn -0.6105 0.1502 0.7777
vn -0.2178 0.9291 0.2989
vn 0.2567 0.9505 -0.1751
vn 0.3512 0.9191 -0.1786
vn 0.3878 0.9150 -0.1112
vn 0.3978 0.9145 -0.0745
vn 0.3928 0.9055 -0.1608
vn 0.3661 0.8713 -0.3266
vn 0.3156 0.8431 -0.4354
vn 0.1191 0.9812 -0.1519
vn 0.2423 0.9306 -0.2743
vn 0.3022 0.9262 -0.2256
vn 0.3413 0.9281 -0.1490
vn 0.3793 0.9205 -0.0936
vn 0.4040 0.9018 -0.1537
vn 0.3997 0.8664 -0.2991
vn 0.3529 0.8552 -0.3797
vn 0.1337 0.9552 -0.2639
vn 0.1835 0.9263 -0.3292
vn 0.2189 0.9387 -0.2663
vn 0.2654 0.9425 -0.2032
vn 0.3235 0.9351 -0.1450
vn 0.3736 0.9106 -0.1769
vn 0.3735 0.8851 -0.2776
vn 0.3020 0.9015 -0.3098
vn 0.1367 0.9412 -0.3089
vn 0.1472 0.9283 -0.3413
vn 0.1458 0.9453 -0.2918
vn 0.1667 0.9536 -0.2508
vn 0.2135 0.9541 -0.2102
vn 0.2554 0.9427 -0.2147
vn 0.2372 0.9393 -0.2477
vn 0.1515 0.9622 -0.2264
vn 0.0824 0.9387 -0.3348
vn 0.0865 0.9386 -0.3340
vn 0.0711 0.9533 -0.2936
vn 0.0654 0.9600 -0.2722
vn 0.0735 0.9653 -0.2506
vn 0.0776 0.9693 -0.2335
vn 0.0522 0.9760 -0.2113
vn 0.0039 0.9868 -0.1618
vn -0.0368 0.9359 -0.3504
vn -0.0307 0.9423 -0.3334
vn -0.0268 0.9560 -0.2921
vn -0.0279 0.9613 -0.2739
vn -0.0353 0.9661 -0.2557
vn -0.0464 0.9723 -0.2291
vn -0.0578 0.9800 -0.1903
vn -0.0641 0.9881 -0.1399
vn -0.1405 0.9291 -0.3420
vn -0.1360 0.9281 -0.3465
vn -0.1151 0.9466 -0.3012
vn -0.1034 0.9558 -0.2751
vn -0.1023 0.9626 -0.2508
vn -0.1061 0.9691 -0.2228
vn -0.1070 0.9764 -0.1876
vn -0.0989 0.9844 -0.1454
vn -0.1420 0.9435 -0.2994
vn -0.1738 0.9197 -0.3521
vn -0.1700 0.9332 -0.3166
vn -0.1583 0.9471 -0.2793
vn -0.1587 0.9559 -0.2472
vn -0.1630 0.9619 -0.2193
vn -0.1624 0.9681 -0.1910
vn -0.1529 0.9756 -0.1574
vn 0.2572 0.8816 -0.3957
vn 0.2155 0.9495 -0.2278
vn 0.2037 0.9741 -0.0984
vn 0.2139 0.9746 -0.0669
vn 0.2318 0.9705 -0.0666
vn 0.2540 0.9649 -0.0663
vn 0.2789 0.9582 -0.0634
vn 0.3021 0.9514 -0.0597
vn 0.2666 0.9085 -0.3218
vn 0.1735 0.9681 -0.1810
vn 0.1158 0.9893 -0.0884
vn 0.0916 0.9934 -0.0697
vn 0.0799 0.9940 -0.0749
vn 0.0752 0.9939 -0.0805
vn 0.0768 0.9937 -0.0812
vn 0.0826 0.9935 -0.0778
vn 0.1881 0.9558 -0.2262
vn 0.0885 0.9895 -0.1145
vn 0.0356 0.9974 -0.0629
vn 0.0142 0.9982 -0.0578
vn 0.0008 0.9978 -0.0666
vn -0.0109 0.9970 -0.0761
vn -0.0204 0.9965 -0.0807
vn -0.0263 0.9964 -0.0804
vn 0.0547 0.9884 -0.1414
vn -0.0035 0.9976 -0.0686
vn -0.0236 0.9986 -0.0478
vn -0.0288 0.9983 -0.0507
vn -0.0317 0.9977 -0.0600
vn -0.0357 0.9970 -0.0694
vn -0.0408 0.9963 -0.0750
vn -0.0456 0.9960 -0.0770
vn -0.0340 0.9947 -0.0971
vn -0.0450 0.9974 -0.0558
vn -0.0417 0.9980 -0.0467
vn -0.0367 0.9980 -0.0518
vn -0.0318 0.9977 -0.0606
vn -0.0276 0.9973 -0.0687
vn -0.0250 0.9970 -0.0734
vn -0.0238 0.9969 -0.0753
vn -0.0601 0.9940 -0.0918
vn -0.0485 0.9969 -0.0624
vn -0.0362 0.9979 -0.0537
vn -0.0257 0.9980 -0.0580
vn -0.0166 0.9977 -0.0662
vn -0.0088 0.9973 -0.0730
vn -0.0029 0.9971 -0.0761
vn 0.0007 0.9971 -0.0764
vn -0.0822 0.9911 -0.1051
vn -0.0618 0.9951 -0.0774
vn -0.0421 0.9969 -0.0666
vn -0.0259 0.9973 -0.0682
vn -0.0143 0.9972 -0.0738
vn -0.0075 0.9969 -0.0779
vn -0.0050 0.9969 -0.0784
vn -0.0059 0.9970 -0.0765
vn -0.1360 0.9831 -0.1226
vn -0.1146 0.9887 -0.0965
vn -0.0928 0.9922 -0.0837
vn -0.0759 0.9939 -0.0801
vn -0.0674 0.9945 -0.0796
vn -0.0676 0.9946 -0.0782
vn -0.0744 0.9944 -0.0750
vn -0.0854 0.9938 -0.0706
vn 0.3203 0.9456 -0.0566
vn 0.3325 0.9416 -0.0535
vn 0.3414 0.9386 -0.0491
vn 0.3512 0.9353 -0.0433
vn 0.3646 0.9304 -0.0367
vn 0.3817 0.9238 -0.0295
vn 0.4019 0.9154 -0.0204
vn 0.4228 0.9062 -0.0120
vn 0.0907 0.9932 -0.0728
vn 0.0999 0.9927 -0.0677
vn 0.1099 0.9919 -0.0630
vn 0.1204 0.9910 -0.0589
vn 0.1320 0.9897 -0.0553
vn 0.1461 0.9879 -0.0514
vn 0.1636 0.9855 -0.0458
vn 0.1838 0.9822 -0.0376
vn -0.0281 0.9965 -0.0781
vn -0.0258 0.9968 -0.0752
vn -0.0201 0.9972 -0.0722
vn -0.0122 0.9975 -0.0691
vn -0.0033 0.9978 -0.0667
vn 0.0066 0.9979 -0.0651
vn 0.0180 0.9979 -0.0622
vn 0.0311 0.9979 -0.0562
vn -0.0488 0.9958 -0.0774
vn -0.0500 0.9958 -0.0772
vn -0.0497 0.9959 -0.0759
vn -0.0489 0.9961 -0.0735
vn -0.0484 0.9963 -0.0712
vn -0.0486 0.9964 -0.0700
vn -0.0487 0.9965 -0.0684
vn -0.0476 0.9968 -0.0642
vn -0.0238 0.9968 -0.0760
vn -0.0253 0.9968 -0.0759
vn -0.0287 0.9968 -0.0741
vn -0.0346 0.9969 -0.0707
vn -0.0429 0.9968 -0.0671
vn -0.0530 0.9965 -0.0652
vn -0.0633 0.9959 -0.0643
vn -0.0715 0.9955 -0.0626
vn 0.0019 0.9971 -0.0754
vn -0.0000 0.9973 -0.0732
vn -0.0052 0.9976 -0.0691
vn -0.0134 0.9979 -0.0632
vn -0.0244 0.9980 -0.0576
vn -0.0372 0.9978 -0.0546
vn -0.0502 0.9973 -0.0545
vn -0.0605 0.9966 -0.0562
vn -0.0095 0.9973 -0.0733
vn -0.0155 0.9975 -0.0688
vn -0.0232 0.9978 -0.0627
vn -0.0320 0.9980 -0.0552
vn -0.0414 0.9980 -0.0484
vn -0.0512 0.9977 -0.0445
vn -0.0611 0.9971 -0.0449
vn -0.0699 0.9963 -0.0494
vn -0.0985 0.9930 -0.0657
vn -0.1123 0.9918 -0.0602
vn -0.1257 0.9906 -0.0539
vn -0.1376 0.9894 -0.0471
vn -0.1474 0.9882 -0.0410
vn -0.1557 0.9871 -0.0374
vn -0.1639 0.9858 -0.0375
vn -0.1736 0.9839 -0.0420
vn 0.4391 0.8984 -0.0059
vn 0.4496 0.8932 0.0002
vn 0.4567 0.8896 0.0068
vn 0.4627 0.8864 0.0138
vn 0.4685 0.8832 0.0216
vn 0.4740 0.8800 0.0309
vn 0.4794 0.8766 0.0421
vn 0.4861 0.8723 0.0530
vn 0.2055 0.9782 -0.0285
vn 0.2276 0.9736 -0.0198
vn 0.2491 0.9684 -0.0112
vn 0.2688 0.9632 -0.0024
vn 0.2858 0.9583 0.0073
vn 0.2997 0.9538 0.0187
vn 0.3115 0.9497 0.0309
vn 0.3231 0.9455 0.0406
vn 0.0459 0.9978 -0.0487
vn 0.0628 0.9972 -0.0414
vn 0.0814 0.9961 -0.0331
vn 0.1005 0.9947 -0.0230
vn 0.1183 0.9929 -0.0112
vn 0.1349 0.9909 0.0020
vn 0.1511 0.9884 0.0147
vn 0.1684 0.9854 0.0236
vn -0.0441 0.9973 -0.0591
vn -0.0372 0.9978 -0.0549
vn -0.0257 0.9984 -0.0497
vn -0.0096 0.9991 -0.0415
vn 0.0099 0.9995 -0.0303
vn 0.0314 0.9994 -0.0173
vn 0.0541 0.9985 -0.0051
vn 0.0772 0.9970 0.0033
vn -0.0752 0.9953 -0.0612
vn -0.0731 0.9954 -0.0616
vn -0.0643 0.9960 -0.0618
vn -0.0490 0.9971 -0.0582
vn -0.0288 0.9983 -0.0497
vn -0.0059 0.9992 -0.0383
vn 0.0181 0.9995 -0.0267
vn 0.0418 0.9990 -0.0176
vn -0.0656 0.9961 -0.0597
vn -0.0649 0.9958 -0.0653
vn -0.0593 0.9958 -0.0704
vn -0.0501 0.9962 -0.0707
vn -0.0390 0.9971 -0.0647
vn -0.0267 0.9981 -0.0547
vn -0.0133 0.9989 -0.0441
vn 0.0007 0.9994 -0.0347
vn -0.0762 0.9955 -0.0567
vn -0.0809 0.9946 -0.0649
vn -0.0866 0.9937 -0.0711
vn -0.0946 0.9929 -0.0720
vn -0.1042 0.9923 -0.0667
vn -0.1131 0.9919 -0.0585
vn -0.1195 0.9916 -0.0502
vn -0.1226 0.9915 -0.0427
vn -0.1864 0.9813 -0.0489
vn -0.2044 0.9774 -0.0546
vn -0.2291 0.9718 -0.0567
vn -0.2599 0.9641 -0.0543
vn -0.2931 0.9548 -0.0490
vn -0.3241 0.9450 -0.0437
vn -0.3499 0.9359 -0.0400
vn -0.3691 0.9286 -0.0377
vn 0.4952 0.8668 0.0585
vn 0.5060 0.8608 0.0556
vn 0.5175 0.8545 0.0456
vn 0.5313 0.8461 0.0420
vn 0.5545 0.8303 0.0560
vn 0.5906 0.8027 0.0829
vn 0.6352 0.7646 0.1092
vn 0.6795 0.7251 0.1115
vn 0.3361 0.9408 0.0447
vn 0.3504 0.9357 0.0413
vn 0.3661 0.9301 0.0305
vn 0.3844 0.9229 0.0213
vn 0.4100 0.9118 0.0230
vn 0.4467 0.8940 0.0363
vn 0.4943 0.8675 0.0548
vn 0.5443 0.8365 0.0630
vn 0.1871 0.9820 0.0267
vn 0.2062 0.9782 0.0235
vn 0.2242 0.9745 0.0130
vn 0.2413 0.9704 0.0011
vn 0.2610 0.9653 -0.0044
vn 0.2869 0.9579 -0.0012
vn 0.3197 0.9475 0.0090
vn 0.3535 0.9352 0.0214
vn 0.0993 0.9950 0.0068
vn 0.1189 0.9929 0.0056
vn 0.1336 0.9910 -0.0012
vn 0.1424 0.9897 -0.0112
vn 0.1484 0.9887 -0.0189
vn 0.1556 0.9876 -0.0209
vn 0.1658 0.9860 -0.0154
vn 0.1783 0.9840 -0.0021
vn 0.0630 0.9979 -0.0118
vn 0.0794 0.9968 -0.0090
vn 0.0889 0.9960 -0.0095
vn 0.0900 0.9959 -0.0133
vn 0.0837 0.9963 -0.0183
vn 0.0737 0.9971 -0.0213
vn 0.0652 0.9977 -0.0194
vn 0.0626 0.9980 -0.0103
vn 0.0139 0.9995 -0.0268
vn 0.0247 0.9995 -0.0201
vn 0.0316 0.9994 -0.0150
vn 0.0329 0.9994 -0.0121
vn 0.0273 0.9996 -0.0111
vn 0.0156 0.9998 -0.0114
vn 0.0024 0.9999 -0.0121
vn -0.0061 0.9999 -0.0098
vn -0.1227 0.9918 -0.0356
vn -0.1203 0.9923 -0.0286
vn -0.1160 0.9930 -0.0220
vn -0.1109 0.9937 -0.0161
vn -0.1067 0.9942 -0.0106
vn -0.1050 0.9945 -0.0070
vn -0.1055 0.9944 -0.0076
vn -0.1062 0.9943 -0.0091
vn -0.3810 0.9239 -0.0358
vn -0.3855 0.9221 -0.0335
vn -0.3837 0.9230 -0.0304
vn -0.3768 0.9259 -0.0265
vn -0.3657 0.9305 -0.0219
vn -0.3510 0.9362 -0.0177
vn -0.3356 0.9419 -0.0166
vn -0.3224 0.9465 -0.0171
vn 0.7158 0.6923 0.0913
vn 0.7425 0.6658 0.0738
vn 0.7638 0.6415 0.0718
vn 0.7836 0.6160 0.0809
vn 0.8034 0.5881 0.0934
vn 0.8222 0.5589 0.1076
vn 0.8373 0.5319 0.1262
vn 0.8460 0.5119 0.1491
vn 0.5821 0.8109 0.0591
vn 0.6028 0.7960 0.0553
vn 0.6135 0.7876 0.0574
vn 0.6252 0.7778 0.0636
vn 0.6444 0.7614 0.0711
vn 0.6723 0.7359 0.0807
vn 0.7073 0.7002 0.0975
vn 0.7454 0.6554 0.1220
vn 0.3788 0.9249 0.0343
vn 0.3920 0.9188 0.0458
vn 0.3980 0.9159 0.0521
vn 0.4041 0.9131 0.0539
vn 0.4153 0.9081 0.0529
vn 0.4357 0.8986 0.0515
vn 0.4712 0.8804 0.0539
vn 0.5254 0.8484 0.0642
vn 0.1914 0.9814 0.0175
vn 0.2035 0.9784 0.0357
vn 0.2133 0.9759 0.0453
vn 0.2201 0.9743 0.0471
vn 0.2255 0.9733 0.0428
vn 0.2328 0.9719 0.0339
vn 0.2492 0.9682 0.0197
vn 0.2830 0.9591 0.0079
vn 0.0682 0.9977 0.0056
vn 0.0808 0.9965 0.0222
vn 0.0963 0.9948 0.0335
vn 0.1103 0.9932 0.0379
vn 0.1211 0.9920 0.0356
vn 0.1286 0.9914 0.0261
vn 0.1333 0.9911 0.0065
vn 0.1365 0.9905 -0.0158
vn -0.0059 1.0000 -0.0022
vn 0.0036 1.0000 0.0082
vn 0.0197 0.9997 0.0175
vn 0.0380 0.9990 0.0234
vn 0.0544 0.9982 0.0246
vn 0.0652 0.9977 0.0196
vn 0.0662 0.9978 0.0066
vn 0.0538 0.9985 -0.0095
vn -0.1040 0.9945 -0.0078
vn -0.0967 0.9953 -0.0039
vn -0.0844 0.9964 0.0016
vn -0.0699 0.9975 0.0072
vn -0.0561 0.9984 0.0112
vn -0.0467 0.9988 0.0124
vn -0.0465 0.9989 0.0099
vn -0.0589 0.9982 0.0061
vn -0.3116 0.9501 -0.0170
vn -0.3013 0.9534 -0.0162
vn -0.2895 0.9571 -0.0136
vn -0.2760 0.9611 -0.0093
vn -0.2621 0.9650 -0.0038
vn -0.2509 0.9680 0.0024
vn -0.2450 0.9695 0.0081
vn -0.2457 0.9692 0.0137
vn 0.8464 0.5052 0.1685
vn 0.8354 0.5197 0.1790
vn 0.8079 0.5611 0.1803
vn 0.7622 0.6255 0.1666
vn 0.6983 0.7069 0.1121
vn 0.6231 0.7820 0.0148
vn 0.6156 0.7871 -0.0377
vn 0.7068 0.6987 -0.1112
vn 0.7823 0.6049 0.1483
vn 0.8111 0.5581 0.1750
vn 0.8246 0.5289 0.2007
vn 0.8173 0.5342 0.2162
vn 0.8062 0.5663 0.1712
vn 0.8257 0.5634 0.0294
vn 0.8573 0.5034 -0.1082
vn 0.8630 0.4614 -0.2057
vn 0.5948 0.7995 0.0840
vn 0.6704 0.7333 0.1133
vn 0.7432 0.6519 0.1505
vn 0.8000 0.5679 0.1937
vn 0.8422 0.5146 0.1611
vn 0.8688 0.4951 -0.0115
vn 0.8632 0.4856 -0.1385
vn 0.8335 0.5265 -0.1678
vn 0.3373 0.9414 0.0098
vn 0.4101 0.9117 0.0247
vn 0.5000 0.8645 0.0516
vn 0.6062 0.7896 0.0955
vn 0.7071 0.7005 0.0966
vn 0.7387 0.6740 -0.0033
vn 0.6760 0.7338 -0.0675
vn 0.5642 0.8244 -0.0456
vn 0.1422 0.9895 -0.0267
vn 0.1535 0.9878 -0.0254
vn 0.1724 0.9849 -0.0145
vn 0.2056 0.9786 0.0077
vn 0.2466 0.9687 0.0287
vn 0.2513 0.9672 0.0368
vn 0.1981 0.9787 0.0535
vn 0.1109 0.9900 0.0875
vn 0.0292 0.9994 -0.0188
vn -0.0032 0.9998 -0.0183
vn -0.0400 0.9991 -0.0105
vn -0.0796 0.9968 0.0032
vn -0.1194 0.9925 0.0252
vn -0.1498 0.9868 0.0619
vn -0.1650 0.9809 0.1026
vn -0.1716 0.9757 0.1366
vn -0.0839 0.9965 0.0064
vn -0.1183 0.9929 0.0127
vn -0.1576 0.9872 0.0233
vn -0.1969 0.9797 0.0369
vn -0.2300 0.9717 0.0541
vn -0.2503 0.9651 0.0769
vn -0.2539 0.9616 0.1041
vn -0.2426 0.9612 0.1316
vn -0.2523 0.9674 0.0217
vn -0.2627 0.9643 0.0330
vn -0.2744 0.9605 0.0453
vn -0.2847 0.9569 0.0568
vn -0.2912 0.9543 0.0679
vn -0.2917 0.9531 0.0807
vn -0.2843 0.9538 0.0965
vn -0.2683 0.9564 0.1149
vn 0.7706 0.5750 -0.2748
vn 0.7494 0.5430 -0.3789
vn 0.7035 0.6205 -0.3466
vn 0.6438 0.7323 -0.2221
vn 0.5716 0.8150 -0.0952
vn 0.5054 0.8628 -0.0136
vn 0.4196 0.9072 0.0304
vn 0.2796 0.9507 0.1342
vn 0.8293 0.4809 -0.2847
vn 0.7646 0.5748 -0.2914
vn 0.6655 0.7167 -0.2083
vn 0.5465 0.8336 -0.0804
vn 0.4324 0.9014 0.0222
vn 0.3291 0.9402 0.0879
vn 0.2198 0.9622 0.1611
vn 0.1064 0.9540 0.2802
vn 0.7517 0.6351 -0.1776
vn 0.6208 0.7742 -0.1231
vn 0.4684 0.8832 -0.0244
vn 0.3316 0.9406 0.0723
vn 0.2262 0.9641 0.1389
vn 0.1449 0.9722 0.1842
vn 0.0801 0.9644 0.2519
vn 0.0370 0.9375 0.3459
vn 0.4264 0.9045 -0.0036
vn 0.2819 0.9574 0.0619
vn 0.1610 0.9786 0.1278
vn 0.0806 0.9812 0.1755
vn 0.0381 0.9782 0.2040
vn 0.0196 0.9733 0.2287
vn 0.0175 0.9599 0.2797
vn 0.0318 0.9356 0.3515
vn 0.0264 0.9917 0.1262
vn -0.0376 0.9855 0.1652
vn -0.0732 0.9783 0.1937
vn -0.0826 0.9749 0.2068
vn -0.0721 0.9747 0.2118
vn -0.0484 0.9733 0.2244
vn -0.0145 0.9643 0.2644
vn 0.0307 0.9457 0.3236
vn -0.1748 0.9707 0.1652
vn -0.1717 0.9674 0.1864
vn -0.1597 0.9673 0.1971
vn -0.1401 0.9703 0.1971
vn -0.1168 0.9740 0.1943
vn -0.0911 0.9751 0.2024
vn -0.0573 0.9705 0.2340
vn -0.0080 0.9593 0.2821
vn -0.2218 0.9626 0.1556
vn -0.1966 0.9652 0.1724
vn -0.1721 0.9685 0.1801
vn -0.1527 0.9716 0.1806
vn -0.1403 0.9735 0.1804
vn -0.1313 0.9733 0.1881
vn -0.1163 0.9707 0.2105
vn -0.0861 0.9656 0.2454
vn -0.2450 0.9603 0.1336
vn -0.2186 0.9643 0.1497
vn -0.1952 0.9674 0.1615
vn -0.1802 0.9689 0.1698
vn -0.1755 0.9684 0.1770
vn -0.1773 0.9663 0.1865
vn -0.1779 0.9631 0.2020
vn -0.1701 0.9593 0.2252
vn 0.0222 -0.0082 -0.9997
vn -0.0162 -0.0093 -0.9998
vn -0.0780 0.0308 -0.9965
vn -0.1392 0.0989 -0.9853
vn -0.1796 0.1599 -0.9707
vn -0.1934 0.1869 -0.9632
vn -0.1886 0.1675 -0.9677
vn -0.1759 0.1023 -0.9791
vn 0.1231 -0.0269 -0.9920
vn 0.0896 -0.0627 -0.9940
vn 0.0248 -0.0436 -0.9987
vn -0.0561 0.0291 -0.9980
vn -0.1270 0.1155 -0.9852
vn -0.1712 0.1712 -0.9703
vn -0.1896 0.1702 -0.9670
vn -0.1911 0.1137 -0.9750
vn 0.1256 -0.0386 -0.9913
vn 0.1083 -0.1012 -0.9890
vn 0.0667 -0.1114 -0.9915
vn 0.0004 -0.0519 -0.9987
vn -0.0764 0.0454 -0.9960
vn -0.1454 0.1247 -0.9815
vn -0.1926 0.1501 -0.9697
vn -0.2114 0.1156 -0.9705
vn 0.0918 -0.0457 -0.9947
vn 0.0803 -0.1219 -0.9893
vn 0.0598 -0.1519 -0.9866
vn 0.0260 -0.1123 -0.9933
vn -0.0270 -0.0265 -0.9993
vn -0.0963 0.0548 -0.9938
vn -0.1646 0.1023 -0.9810
vn -0.2082 0.1012 -0.9728
vn 0.0718 -0.0547 -0.9959
vn 0.0583 -0.1366 -0.9889
vn 0.0499 -0.1651 -0.9850
vn 0.0514 -0.1321 -0.9899
vn 0.0459 -0.0669 -0.9967
vn 0.0156 -0.0069 -0.9999
vn -0.0409 0.0368 -0.9985
vn -0.1041 0.0587 -0.9928
vn 0.0373 -0.0612 -0.9974
vn 0.0444 -0.1352 -0.9898
vn 0.0780 -0.1408 -0.9870
vn 0.1357 -0.0973 -0.9860
vn 0.1917 -0.0502 -0.9802
vn 0.2190 -0.0264 -0.9754
vn 0.2025 -0.0197 -0.9791
vn 0.1451 -0.0105 -0.9894
vn 0.0750 -0.0451 -0.9962
vn 0.1339 -0.0826 -0.9876
vn 0.2295 -0.0587 -0.9715
vn 0.3284 -0.0108 -0.9445
vn 0.4065 0.0129 -0.9136
vn 0.4536 -0.0037 -0.8912
vn 0.4634 -0.0468 -0.8849
vn 0.4291 -0.0816 -0.8996
vn 0.3368 -0.0060 -0.9416
vn 0.4032 0.0064 -0.9151
vn 0.4818 0.0406 -0.8753
vn 0.5372 0.0686 -0.8407
vn 0.5651 0.0626 -0.8227
vn 0.5722 0.0173 -0.8199
vn 0.5634 -0.0572 -0.8242
vn 0.5380 -0.1282 -0.8331
vn 0.1225 0.9428 0.3099
vn 0.0289 0.8975 0.4401
vn 0.0211 0.8759 0.4821
vn 0.0563 0.9042 0.4233
vn 0.0757 0.9588 0.2738
vn 0.0460 0.9989 0.0017
vn -0.1595 -0.0047 -0.9872
vn -0.1381 -0.0811 -0.9871
vn -0.1106 0.0980 -0.9890
vn -0.0399 0.7698 -0.6370
vn 0.0283 0.9173 0.3971
vn 0.0109 0.8904 0.4551
vn 0.0396 0.8910 0.4523
vn 0.0795 0.9179 0.3887
vn 0.0898 0.9579 0.2727
vn 0.0535 0.9978 0.0390
vn -0.1798 0.0137 -0.9836
vn -0.1552 -0.0540 -0.9864
vn -0.1190 0.1429 -0.9826
vn -0.0373 0.8042 -0.5932
vn 0.0252 0.9092 0.4157
vn 0.0454 0.8989 0.4359
vn 0.0868 0.9071 0.4118
vn 0.1235 0.9252 0.3588
vn 0.1238 0.9518 0.2807
vn 0.0763 0.9936 0.0832
vn -0.2063 0.0303 -0.9780
vn -0.1817 -0.0213 -0.9831
vn -0.1351 0.2010 -0.9702
vn -0.0301 0.8413 -0.5397
vn 0.0606 0.9150 0.3990
vn 0.1012 0.9110 0.3999
vn 0.1478 0.9182 0.3675
vn 0.1832 0.9257 0.3311
vn 0.1802 0.9383 0.2953
vn 0.1180 0.9822 0.1462
vn -0.2161 0.0433 -0.9754
vn -0.1875 0.0197 -0.9821
vn -0.1301 0.2668 -0.9549
vn -0.0073 0.8793 -0.4762
vn 0.0842 0.9284 0.3618
vn 0.1369 0.9239 0.3574
vn 0.1805 0.9272 0.3283
vn 0.2105 0.9279 0.3077
vn 0.2117 0.9260 0.3125
vn 0.1492 0.9603 0.2356
vn -0.1377 0.0444 -0.9895
vn -0.1214 0.0639 -0.9906
vn -0.0783 0.3188 -0.9446
vn 0.0298 0.9161 -0.3999
vn 0.0518 0.9470 0.3169
vn 0.1046 0.9413 0.3209
vn 0.1381 0.9418 0.3065
vn 0.1536 0.9412 0.3008
vn 0.1491 0.9297 0.3368
vn 0.1053 0.9397 0.3254
vn 0.0754 0.0054 -0.9971
vn 0.0270 0.0672 -0.9974
vn 0.0027 0.3229 -0.9464
vn 0.0427 0.9395 -0.3399
vn -0.0435 0.9596 0.2781
vn -0.0033 0.9554 0.2953
vn 0.0218 0.9540 0.2990
vn 0.0287 0.9508 0.3085
vn 0.0259 0.9333 0.3582
vn 0.0241 0.9319 0.3618
vn 0.3515 -0.0847 -0.9324
vn 0.2416 -0.0181 -0.9702
vn 0.1240 0.2377 -0.9634
vn 0.0580 0.9351 -0.3495
vn -0.1512 0.9558 0.2520
vn -0.1261 0.9533 0.2745
vn -0.1040 0.9513 0.2901
vn -0.0957 0.9438 0.3163
vn -0.0950 0.9255 0.3666
vn -0.0600 0.9473 0.3146
vn 0.4883 -0.1706 -0.8558
vn 0.3941 -0.1469 -0.9073
vn 0.2483 0.0642 -0.9666
vn 0.0858 0.8833 -0.4609
vn 0.5389 0.0044 0.8423
vn 0.5244 0.0122 0.8514
vn 0.5061 0.0228 0.8622
vn 0.4967 0.0409 0.8670
vn 0.5037 0.0612 0.8617
vn 0.5227 0.0782 0.8489
vn 0.5409 0.0931 0.8359
vn 0.5505 0.1073 0.8279
vn 0.8806 -0.0073 0.4738
vn 0.8653 -0.0175 0.5010
vn 0.8350 -0.0179 0.5500
vn 0.7891 -0.0030 0.6143
vn 0.7383 0.0337 0.6736
vn 0.7016 0.0687 0.7093
vn 0.6830 0.0909 0.7247
vn 0.6722 0.1022 0.7333
vn 0.9804 -0.0188 0.1961
vn 0.9747 -0.0495 0.2177
vn 0.9607 -0.0757 0.2672
vn 0.9299 -0.0911 0.3563
vn 0.8791 -0.0553 0.4735
vn 0.8196 0.0114 0.5728
vn 0.7740 0.0619 0.6301
vn 0.7442 0.0800 0.6631
vn 0.9916 -0.0294 0.1259
vn 0.9849 -0.0783 0.1546
vn 0.9704 -0.1264 0.2057
vn 0.9465 -0.1685 0.2754
vn 0.9197 -0.1488 0.3632
vn 0.8870 -0.0684 0.4567
vn 0.8419 0.0040 0.5396
vn 0.7940 0.0358 0.6068
vn 0.9830 -0.0485 0.1769
vn 0.9680 -0.1186 0.2210
vn 0.9450 -0.1730 0.2776
vn 0.9248 -0.2090 0.3180
vn 0.9198 -0.1934 0.3416
vn 0.9191 -0.1252 0.3735
vn 0.9019 -0.0630 0.4274
vn 0.8705 -0.0258 0.4915
vn 0.9710 -0.0800 0.2252
vn 0.9460 -0.1702 0.2760
vn 0.9236 -0.2091 0.3214
vn 0.9215 -0.2105 0.3263
vn 0.9372 -0.1833 0.2968
vn 0.9570 -0.1283 0.2603
vn 0.9706 -0.0809 0.2267
vn 0.9760 -0.0603 0.2091
vn 0.9579 -0.1123 0.2640
vn 0.9332 -0.2100 0.2915
vn 0.9304 -0.2177 0.2950
vn 0.9522 -0.1761 0.2495
vn 0.9782 -0.1296 0.1625
vn 0.9961 -0.0702 0.0529
vn 0.9967 -0.0149 -0.0792
vn 0.9798 -0.0277 -0.1980
vn 0.9453 -0.1266 0.3006
vn 0.9418 -0.1954 0.2737
vn 0.9646 -0.1700 0.2015
vn 0.9899 -0.1002 0.1001
vn 0.9991 -0.0362 -0.0207
vn 0.9873 0.0345 -0.1554
vn 0.9540 0.0860 -0.2870
vn 0.9263 0.0225 -0.3761
vn 0.9665 -0.0904 0.2403
vn 0.9834 -0.1016 0.1502
vn 0.9978 -0.0576 0.0322
vn 0.9970 0.0093 -0.0774
vn 0.9820 0.0741 -0.1737
vn 0.9569 0.1367 -0.2563
vn 0.9429 0.1396 -0.3026
vn 0.9577 0.0022 -0.2877
vn 0.9969 -0.0138 -0.0777
vn 0.9893 0.0116 -0.1452
vn 0.9764 0.0496 -0.2102
vn 0.9609 0.0956 -0.2599
vn 0.9442 0.1471 -0.2946
vn 0.9337 0.1805 -0.3093
vn 0.9497 0.1183 -0.2900
vn 0.9723 -0.1069 -0.2077
vn 0.9362 0.0281 -0.3503
vn 0.9336 0.0602 -0.3533
vn 0.9312 0.0865 -0.3540
vn 0.9292 0.1198 -0.3498
vn 0.9274 0.1583 -0.3389
vn 0.9372 0.1570 -0.3116
vn 0.9678 0.0334 -0.2496
vn 0.9565 -0.2609 -0.1307
vn 0.9134 0.0270 -0.4061
vn 0.9157 0.0562 -0.3979
vn 0.9205 0.0750 -0.3834
vn 0.9267 0.1017 -0.3617
vn 0.9360 0.1263 -0.3287
vn 0.9573 0.0891 -0.2751
vn 0.9783 -0.0854 -0.1887
vn 0.9121 -0.4049 -0.0648
vn 0.5463 0.1198 0.8290
vn 0.5327 0.1467 0.8335
vn 0.4932 0.4893 0.7193
vn 0.0875 0.9954 0.0397
vn -0.1903 0.9248 -0.3294
vn -0.2110 0.9213 -0.3267
vn -0.2132 0.9369 -0.2771
vn -0.2239 0.9450 -0.2385
vn -0.2357 0.9485 -0.2118
vn -0.2425 0.9513 -0.1904
vn -0.2418 0.9563 -0.1641
vn 0.6557 0.1014 0.7482
vn 0.6254 0.1225 0.7707
vn 0.4925 0.4360 0.7532
vn 0.0960 0.9653 0.2428
vn -0.1996 0.9431 -0.2659
vn -0.2677 0.9131 -0.3075
vn -0.2951 0.9172 -0.2677
vn -0.3060 0.9253 -0.2240
vn -0.3244 0.9260 -0.1933
vn -0.3466 0.9215 -0.1753
vn -0.3660 0.9178 -0.1537
vn 0.7193 0.0735 0.6908
vn 0.6957 0.0908 0.7126
vn 0.6501 0.3392 0.6799
vn 0.3218 0.8848 0.3371
vn 0.7597 0.0452 0.6486
vn 0.7479 0.0771 0.6593
vn 0.7152 0.3304 0.6159
vn 0.1984 0.9723 0.1238
vn -0.2637 0.9329 -0.2453
vn -0.3473 0.9075 -0.2365
vn -0.3943 0.8982 -0.1945
vn -0.4282 0.8889 -0.1628
vn -0.4579 0.8774 -0.1434
vn -0.4884 0.8639 -0.1232
vn 0.8398 0.0078 0.5429
vn 0.8227 0.0686 0.5643
vn 0.7829 0.3353 0.5240
vn 0.4186 0.8787 0.2293
vn 0.9691 -0.0515 0.2411
vn 0.9418 -0.0033 0.3361
vn 0.8672 0.3763 0.3261
vn 0.2851 0.9585 0.0032
vn 0.9689 -0.0946 -0.2286
vn 0.9828 -0.1702 -0.0721
vn 0.9341 0.2994 0.1946
vn 0.0919 0.9957 -0.0106
vn -0.3277 0.9312 -0.1594
vn -0.3707 0.9175 -0.1439
vn -0.3912 0.9117 -0.1259
vn -0.4072 0.9071 -0.1069
vn 0.9194 -0.1463 -0.3650
vn 0.9104 -0.3730 -0.1788
vn 0.9913 -0.0572 0.1189
vn 0.5910 0.8018 0.0891
vn 0.9427 -0.2913 -0.1626
vn 0.8361 -0.5470 0.0418
vn 0.9582 -0.2655 0.1068
vn 0.5752 0.8155 -0.0644
vn 0.8785 -0.4755 -0.0460
vn 0.7393 -0.6654 0.1028
vn 0.9592 -0.2629 0.1040
vn 0.5331 0.8424 -0.0782
vn 0.7902 -0.6127 0.0173
vn 0.6802 -0.7252 0.1069
vn 0.9629 -0.2569 0.0828
vn 0.5095 0.8570 -0.0773
vn 0.7150 -0.6969 0.0553
vn 0.6527 -0.7498 0.1083
vn 0.9668 -0.2469 0.0658
vn 0.4952 0.8655 -0.0750
vn 0.9195 0.0182 -0.3927
vn 0.9245 0.0384 -0.3792
vn 0.9325 0.0488 -0.3579
vn 0.9428 0.0644 -0.3272
vn 0.9574 0.0679 -0.2808
vn 0.9767 -0.0004 -0.2146
vn 0.9711 -0.2022 -0.1269
vn 0.8572 -0.5145 -0.0208
vn 0.9426 0.0057 -0.3338
vn 0.9483 0.0136 -0.3171
vn 0.9565 0.0154 -0.2914
vn 0.9664 0.0174 -0.2564
vn 0.9780 0.0007 -0.2087
vn 0.9851 -0.0838 -0.1500
vn 0.9525 -0.2938 -0.0803
vn 0.8083 -0.5888 -0.0018
vn 0.9703 -0.0064 -0.2420
vn 0.9736 -0.0119 -0.2280
vn 0.9786 -0.0186 -0.2050
vn 0.9842 -0.0272 -0.1750
vn 0.9887 -0.0539 -0.1397
vn 0.9846 -0.1426 -0.1011
vn 0.9329 -0.3560 -0.0540
vn 0.7726 -0.6349 -0.0004
vn 0.9876 -0.0140 -0.1565
vn 0.9884 -0.0308 -0.1484
vn 0.9900 -0.0449 -0.1336
vn 0.9916 -0.0586 -0.1150
vn 0.9917 -0.0864 -0.0956
vn 0.9813 -0.1780 -0.0735
vn 0.9174 -0.3957 -0.0420
vn 0.7504 -0.6610 -0.0066
vn 0.9940 -0.0173 -0.1085
vn 0.9937 -0.0420 -0.1040
vn 0.9936 -0.0610 -0.0954
vn 0.9935 -0.0754 -0.0855
vn 0.9918 -0.1032 -0.0755
vn 0.9777 -0.2012 -0.0601
vn 0.9062 -0.4213 -0.0363
vn 0.7394 -0.6732 -0.0133
vn 0.9952 -0.0191 -0.0955
vn 0.9945 -0.0494 -0.0919
vn 0.9938 -0.0710 -0.0854
vn 0.9933 -0.0848 -0.0783
vn 0.9909 -0.1155 -0.0691
vn 0.9737 -0.2215 -0.0529
vn 0.8983 -0.4381 -0.0323
vn 0.7365 -0.6762 -0.0176
vn 0.9946 -0.0207 -0.1014
vn 0.9937 -0.0561 -0.0975
vn 0.9927 -0.0797 -0.0903
vn 0.9922 -0.0948 -0.0808
vn 0.9891 -0.1317 -0.0665
vn 0.9690 -0.2425 -0.0467
vn 0.8931 -0.4490 -0.0283
vn 0.7387 -0.6737 -0.0192
vn 0.9939 -0.0227 -0.1079
vn 0.9926 -0.0632 -0.1037
vn 0.9914 -0.0905 -0.0950
vn 0.9905 -0.1106 -0.0812
vn 0.9862 -0.1539 -0.0615
vn 0.9639 -0.2634 -0.0398
vn 0.8898 -0.4556 -0.0240
vn 0.7427 -0.6694 -0.0174
vn -0.2349 0.9627 -0.1344
vn -0.2241 0.9682 -0.1109
vn -0.2150 0.9720 -0.0946
vn -0.2143 0.9732 -0.0829
vn -0.2241 0.9717 -0.0741
vn -0.2409 0.9682 -0.0672
vn -0.2598 0.9637 -0.0616
vn -0.2780 0.9589 -0.0566
vn -0.3786 0.9163 -0.1307
vn -0.3844 0.9166 -0.1102
vn -0.3963 0.9143 -0.0838
vn -0.4246 0.9035 -0.0585
vn -0.4612 0.8862 -0.0449
vn -0.4936 0.8688 -0.0395
vn -0.5173 0.8549 -0.0383
vn -0.5319 0.8459 -0.0390
vn -0.5136 0.8510 -0.1096
vn -0.5286 0.8434 -0.0963
vn -0.5466 0.8356 -0.0539
vn -0.5798 0.8147 -0.0128
vn -0.6147 0.7887 -0.0052
vn -0.6391 0.7690 -0.0092
vn -0.6559 0.7547 -0.0159
vn -0.6674 0.7443 -0.0242
vn -0.4245 0.9003 -0.0960
vn -0.4448 0.8915 -0.0866
vn -0.4595 0.8873 -0.0393
vn -0.4638 0.8859 0.0044
vn -0.4644 0.8856 0.0051
vn -0.4686 0.8834 -0.0010
vn -0.4797 0.8774 -0.0077
vn -0.4941 0.8692 -0.0179
vn 0.6590 -0.7493 0.0651
vn 0.6457 -0.7581 0.0917
vn 0.9727 -0.2280 0.0441
vn 0.4786 0.8749 -0.0739
vn 0.6241 -0.7795 0.0543
vn 0.6469 -0.7597 0.0662
vn 0.9774 -0.2101 0.0238
vn 0.4560 0.8871 -0.0718
vn 0.6048 -0.7956 0.0348
vn 0.6503 -0.7587 0.0374
vn 0.9802 -0.1978 -0.0008
vn 0.4456 0.8938 -0.0504
vn 0.5952 -0.8034 0.0143
vn 0.6549 -0.7556 0.0117
vn 0.9837 -0.1788 -0.0216
vn 0.4385 0.8983 -0.0298
vn 0.5915 -0.8063 -0.0019
vn 0.6572 -0.7537 -0.0044
vn 0.9855 -0.1676 -0.0277
vn 0.4449 0.8952 -0.0270
vn 0.5916 -0.8061 -0.0124
vn 0.6560 -0.7546 -0.0150
vn 0.9855 -0.1668 -0.0305
vn 0.4487 0.8933 -0.0255
vn 0.5938 -0.8044 -0.0170
vn 0.6527 -0.7574 -0.0184
vn 0.9847 -0.1720 -0.0294
vn 0.4462 0.8946 -0.0254
vn 0.5955 -0.8032 -0.0143
vn 0.6466 -0.7628 -0.0118
vn 0.9833 -0.1807 -0.0210
vn 0.4415 0.8968 -0.0279
vn 0.9942 -0.0246 -0.1045
vn 0.9925 -0.0706 -0.1003
vn 0.9905 -0.1040 -0.0904
vn 0.9886 -0.1316 -0.0738
vn 0.9825 -0.1786 -0.0524
vn 0.9590 -0.2816 -0.0324
vn 0.8879 -0.4596 -0.0198
vn 0.7457 -0.6662 -0.0137
vn 0.9951 -0.0267 -0.0951
vn 0.9928 -0.0786 -0.0902
vn 0.9897 -0.1197 -0.0790
vn 0.9861 -0.1543 -0.0614
vn 0.9786 -0.2016 -0.0413
vn 0.9550 -0.2957 -0.0250
vn 0.8866 -0.4622 -0.0152
vn 0.7467 -0.6651 -0.0088
vn 0.9959 -0.0293 -0.0854
vn 0.9930 -0.0882 -0.0792
vn 0.9883 -0.1371 -0.0661
vn 0.9831 -0.1765 -0.0481
vn 0.9748 -0.2210 -0.0301
vn 0.9518 -0.3064 -0.0166
vn 0.8852 -0.4652 -0.0073
vn 0.7460 -0.6659 0.0001
vn 0.9965 -0.0330 -0.0773
vn 0.9926 -0.1001 -0.0694
vn 0.9862 -0.1564 -0.0544
vn 0.9796 -0.1976 -0.0359
vn 0.9713 -0.2371 -0.0196
vn 0.9490 -0.3152 -0.0081
vn 0.8829 -0.4696 0.0008
vn 0.7442 -0.6680 0.0084
vn 0.9968 -0.0378 -0.0706
vn 0.9915 -0.1145 -0.0610
vn 0.9832 -0.1773 -0.0439
vn 0.9756 -0.2181 -0.0248
vn 0.9680 -0.2506 -0.0097
vn 0.9468 -0.3219 -0.0006
vn 0.8808 -0.4734 0.0054
vn 0.7429 -0.6693 0.0100
vn 0.9970 -0.0438 -0.0645
vn 0.9899 -0.1313 -0.0534
vn 0.9792 -0.1999 -0.0344
vn 0.9711 -0.2384 -0.0145
vn 0.9650 -0.2623 -0.0001
vn 0.9455 -0.3255 0.0067
vn 0.8807 -0.4735 0.0087
vn 0.7446 -0.6675 0.0079
vn 0.9970 -0.0508 -0.0585
vn 0.9876 -0.1501 -0.0460
vn 0.9742 -0.2241 -0.0256
vn 0.9659 -0.2587 -0.0049
vn 0.9622 -0.2723 0.0087
vn 0.9454 -0.3257 0.0129
vn 0.8832 -0.4689 0.0105
vn 0.7503 -0.6610 0.0041
vn 0.9969 -0.0585 -0.0518
vn 0.9846 -0.1702 -0.0387
vn 0.9683 -0.2493 -0.0174
vn 0.9603 -0.2789 0.0036
vn 0.9596 -0.2808 0.0163
vn 0.9465 -0.3223 0.0180
vn 0.8883 -0.4592 0.0112
vn 0.7596 -0.6504 -0.0001
vn -0.2947 0.9542 -0.0515
vn -0.3108 0.9494 -0.0461
vn -0.3266 0.9443 -0.0405
vn -0.3414 0.9393 -0.0354
vn -0.3542 0.9346 -0.0315
vn -0.3653 0.9304 -0.0290
vn -0.3764 0.9260 -0.0283
vn -0.3911 0.9199 -0.0292
vn -0.5396 0.8411 -0.0373
vn -0.5458 0.8373 -0.0313
vn -0.5552 0.8314 -0.0243
vn -0.5680 0.8228 -0.0188
vn -0.5822 0.8129 -0.0162
vn -0.5960 0.8029 -0.0150
vn -0.6100 0.7923 -0.0129
vn -0.6265 0.7793 -0.0091
vn -0.6744 0.7379 -0.0277
vn -0.6784 0.7343 -0.0220
vn -0.6824 0.7309 -0.0126
vn -0.6886 0.7252 -0.0043
vn -0.6976 0.7165 -0.0004
vn -0.7091 0.7051 0.0016
vn -0.7225 0.6914 0.0057
vn -0.7373 0.6755 0.0126
vn -0.5081 0.8610 -0.0236
vn -0.5197 0.8541 -0.0195
vn -0.5272 0.8496 -0.0109
vn -0.5309 0.8474 -0.0017
vn -0.5341 0.8454 0.0051
vn -0.5403 0.8414 0.0105
vn -0.5496 0.8353 0.0171
vn -0.5617 0.8269 0.0266
vn 0.5950 -0.8037 -0.0086
vn 0.6385 -0.7696 -0.0045
vn 0.9810 -0.1933 -0.0134
vn 0.4406 0.8973 -0.0284
vn 0.5938 -0.8046 -0.0034
vn 0.6324 -0.7746 -0.0017
vn 0.9792 -0.2026 -0.0113
vn 0.4367 0.8993 -0.0246
vn 0.5934 -0.8049 0.0050
vn 0.6310 -0.7758 0.0036
vn 0.9783 -0.2071 -0.0085
vn 0.4335 0.9010 -0.0190
vn 0.5939 -0.8045 0.0119
vn 0.6349 -0.7726 0.0070
vn 0.9790 -0.2039 -0.0075
vn 0.4314 0.9021 -0.0131
vn 0.5966 -0.8025 0.0101
vn 0.6424 -0.7664 0.0022
vn 0.9805 -0.1962 -0.0111
vn 0.4296 0.9030 -0.0079
vn 0.6030 -0.7977 0.0024
vn 0.6509 -0.7591 -0.0077
vn 0.9820 -0.1883 -0.0169
vn 0.4265 0.9045 -0.0033
vn 0.6133 -0.7899 -0.0060
vn 0.6592 -0.7517 -0.0177
vn 0.9831 -0.1814 -0.0238
vn 0.4221 0.9065 0.0006
vn 0.6258 -0.7799 -0.0131
vn 0.6687 -0.7430 -0.0275
vn 0.9838 -0.1762 -0.0330
vn 0.4185 0.9082 0.0046
vn 0.9968 -0.0665 -0.0447
vn 0.9811 -0.1908 -0.0313
vn 0.9615 -0.2746 -0.0101
vn 0.9543 -0.2987 0.0103
vn 0.9574 -0.2879 0.0221
vn 0.9485 -0.3159 0.0220
vn 0.8956 -0.4447 0.0118
vn 0.7717 -0.6360 -0.0039
vn 0.9965 -0.0746 -0.0372
vn 0.9772 -0.2109 -0.0242
vn 0.9544 -0.2986 -0.0041
vn 0.9482 -0.3173 0.0147
vn 0.9554 -0.2942 0.0253
vn 0.9511 -0.3080 0.0244
vn 0.9044 -0.4266 0.0123
vn 0.7865 -0.6175 -0.0067
vn 0.9961 -0.0827 -0.0300
vn 0.9731 -0.2299 -0.0176
vn 0.9474 -0.3201 0.0002
vn 0.9426 -0.3335 0.0162
vn 0.9537 -0.2998 0.0249
vn 0.9537 -0.2999 0.0238
vn 0.9133 -0.4072 0.0119
vn 0.8027 -0.5963 -0.0079
vn 0.9956 -0.0904 -0.0238
vn 0.9689 -0.2471 -0.0127
vn 0.9413 -0.3377 0.0022
vn 0.9382 -0.3459 0.0140
vn 0.9525 -0.3039 0.0197
vn 0.9559 -0.2932 0.0183
vn 0.9210 -0.3895 0.0087
vn 0.8184 -0.5746 -0.0088
vn 0.9951 -0.0972 -0.0189
vn 0.9651 -0.2619 -0.0096
vn 0.9364 -0.3509 0.0020
vn 0.9355 -0.3533 0.0093
vn 0.9523 -0.3049 0.0106
vn 0.9577 -0.2876 0.0075
vn 0.9265 -0.3763 0.0006
vn 0.8313 -0.5558 -0.0119
vn 0.9946 -0.1029 -0.0151
vn 0.9617 -0.2740 -0.0075
vn 0.9327 -0.3606 0.0016
vn 0.9344 -0.3563 0.0061
vn 0.9534 -0.3017 0.0041
vn 0.9598 -0.2806 -0.0024
vn 0.9304 -0.3664 -0.0104
vn 0.8405 -0.5414 -0.0199
vn 0.9941 -0.1073 -0.0121
vn 0.9588 -0.2839 -0.0059
vn 0.9295 -0.3689 0.0023
vn 0.9334 -0.3587 0.0077
vn 0.9547 -0.2974 0.0075
vn 0.9626 -0.2710 0.0012
vn 0.9352 -0.3540 -0.0101
vn 0.8494 -0.5273 -0.0238
vn 0.9938 -0.1107 -0.0096
vn 0.9565 -0.2918 -0.0049
vn 0.9262 -0.3770 0.0023
vn 0.9310 -0.3648 0.0102
vn 0.9540 -0.2992 0.0172
vn 0.9644 -0.2638 0.0186
vn 0.9422 -0.3348 0.0066
vn 0.8641 -0.5029 -0.0198
vn -0.4123 0.9105 -0.0303
vn -0.4417 0.8967 -0.0288
vn -0.4788 0.8776 -0.0233
vn -0.5209 0.8534 -0.0161
vn -0.5636 0.8260 -0.0110
vn -0.6023 0.7982 -0.0100
vn -0.6343 0.7729 -0.0131
vn -0.6583 0.7525 -0.0189
vn -0.6474 0.7621 -0.0030
vn -0.6734 0.7392 0.0067
vn -0.7042 0.7097 0.0196
vn -0.7370 0.6753 0.0295
vn -0.7674 0.6404 0.0322
vn -0.7936 0.6077 0.0284
vn -0.8153 0.5787 0.0189
vn -0.8323 0.5543 0.0056
vn -0.7528 0.6578 0.0223
vn -0.7691 0.6381 0.0366
vn -0.7858 0.6162 0.0530
vn -0.8014 0.5950 0.0616
vn -0.8148 0.5765 0.0608
vn -0.8267 0.5601 0.0542
vn -0.8381 0.5439 0.0421
vn -0.8498 0.5264 0.0267
vn -0.5755 0.8170 0.0371
vn -0.5869 0.8081 0.0499
vn -0.5927 0.8030 0.0629
vn -0.5935 0.8019 0.0680
vn -0.5940 0.8018 0.0662
vn -0.5975 0.7996 0.0606
vn -0.6064 0.7935 0.0517
vn -0.6219 0.7820 0.0407
vn 0.6399 -0.7682 -0.0201
vn 0.6806 -0.7317 -0.0369
vn 0.9850 -0.1671 -0.0419
vn 0.4109 0.9116 0.0084
vn 0.6555 -0.7547 -0.0260
vn 0.6932 -0.7195 -0.0434
vn 0.9864 -0.1573 -0.0483
vn 0.4058 0.9139 0.0109
vn 0.6724 -0.7396 -0.0286
vn 0.7055 -0.7071 -0.0469
vn 0.9882 -0.1440 -0.0528
vn 0.4003 0.9163 0.0138
vn 0.6899 -0.7233 -0.0292
vn 0.7185 -0.6939 -0.0484
vn 0.9902 -0.1285 -0.0545
vn 0.3975 0.9175 0.0148
vn 0.7075 -0.7061 -0.0299
vn 0.7322 -0.6793 -0.0499
vn 0.9919 -0.1139 -0.0556
vn 0.3951 0.9186 0.0139
vn 0.7237 -0.6892 -0.0340
vn 0.7461 -0.6638 -0.0528
vn 0.9931 -0.1027 -0.0575
vn 0.3923 0.9198 0.0110
vn 0.7383 -0.6734 -0.0388
vn 0.7581 -0.6498 -0.0555
vn 0.9934 -0.0984 -0.0581
vn 0.3891 0.9212 0.0076
vn 0.7543 -0.6549 -0.0474
vn 0.7655 -0.6403 -0.0630
vn 0.9932 -0.1008 -0.0577
vn 0.3832 0.9236 0.0056
vn 0.9936 -0.1127 -0.0074
vn 0.9549 -0.2969 -0.0049
vn 0.9236 -0.3833 -0.0012
vn 0.9278 -0.3730 0.0043
vn 0.9508 -0.3096 0.0139
vn 0.9636 -0.2663 0.0239
vn 0.9497 -0.3127 0.0183
vn 0.8860 -0.4635 -0.0138
vn 0.9935 -0.1133 -0.0053
vn 0.9547 -0.2974 -0.0063
vn 0.9239 -0.3825 -0.0100
vn 0.9276 -0.3731 -0.0163
vn 0.9484 -0.3164 -0.0198
vn 0.9611 -0.2757 -0.0154
vn 0.9524 -0.3046 -0.0088
vn 0.9028 -0.4297 -0.0169
vn 0.9937 -0.1119 -0.0034
vn 0.9566 -0.2914 -0.0087
vn 0.9290 -0.3695 -0.0222
vn 0.9337 -0.3554 -0.0445
vn 0.9502 -0.3042 -0.0680
vn 0.9565 -0.2813 -0.0773
vn 0.9416 -0.3328 -0.0521
vn 0.8945 -0.4472 -0.0006
vn 0.9941 -0.1086 -0.0011
vn 0.9602 -0.2791 -0.0096
vn 0.9378 -0.3459 -0.0287
vn 0.9439 -0.3254 -0.0558
vn 0.9556 -0.2842 -0.0776
vn 0.9505 -0.3036 -0.0662
vn 0.9090 -0.4167 0.0073
vn 0.8425 -0.5254 0.1185
vn 0.9946 -0.1041 0.0018
vn 0.9642 -0.2651 -0.0063
vn 0.9456 -0.3247 -0.0193
vn 0.9520 -0.3045 -0.0313
vn 0.9588 -0.2824 -0.0312
vn 0.9326 -0.3609 0.0071
vn 0.8422 -0.5300 0.0996
vn 0.7640 -0.6128 0.2018
vn 0.9950 -0.0997 0.0057
vn 0.9665 -0.2567 0.0023
vn 0.9468 -0.3218 0.0050
vn 0.9504 -0.3104 0.0193
vn 0.9534 -0.2992 0.0395
vn 0.9120 -0.4060 0.0591
vn 0.7990 -0.5967 0.0748
vn 0.7413 -0.6656 0.0864
vn 0.9953 -0.0967 0.0110
vn 0.9659 -0.2586 0.0130
vn 0.9393 -0.3418 0.0300
vn 0.9371 -0.3431 0.0645
vn 0.9410 -0.3240 0.0981
vn 0.9123 -0.3984 0.0945
vn 0.8264 -0.5624 0.0286
vn 0.7635 -0.6439 -0.0497
vn 0.9953 -0.0954 0.0176
vn 0.9633 -0.2676 0.0216
vn 0.9269 -0.3730 0.0408
vn 0.9183 -0.3883 0.0775
vn 0.9267 -0.3570 0.1172
vn 0.9203 -0.3703 0.1259
vn 0.8796 -0.4707 0.0692
vn 0.8131 -0.5818 -0.0207
vn -0.6737 0.7386 -0.0261
vn -0.6803 0.7322 -0.0326
vn -0.6796 0.7327 -0.0364
vn -0.6735 0.7383 -0.0378
vn -0.6629 0.7477 -0.0379
vn -0.6481 0.7607 -0.0374
vn -0.6310 0.7750 -0.0355
vn -0.6148 0.7880 -0.0328
vn -0.8447 0.5352 -0.0094
vn -0.8528 0.5218 -0.0239
vn -0.8569 0.5143 -0.0346
vn -0.8573 0.5131 -0.0420
vn -0.8540 0.5180 -0.0479
vn -0.8476 0.5281 -0.0519
vn -0.8389 0.5418 -0.0517
vn -0.8283 0.5582 -0.0489
vn -0.8622 0.5065 0.0099
vn -0.8750 0.4840 -0.0065
vn -0.8874 0.4606 -0.0205
vn -0.8974 0.4399 -0.0332
vn -0.9038 0.4254 -0.0456
vn -0.9054 0.4206 -0.0570
vn -0.9012 0.4286 -0.0648
vn -0.8913 0.4483 -0.0681
vn -0.6441 0.7644 0.0286
vn -0.6714 0.7409 0.0163
vn -0.6997 0.7144 0.0012
vn -0.7254 0.6882 -0.0144
vn -0.7529 0.6576 -0.0254
vn -0.7697 0.6358 -0.0575
vn -0.7583 0.6457 -0.0897
vn -0.7348 0.6718 -0.0938
vn 0.7772 -0.6269 -0.0548
vn 0.7666 -0.6380 -0.0727
vn 0.9918 -0.1132 -0.0586
vn 0.3721 0.9282 0.0035
vn 0.8071 -0.5883 -0.0498
vn 0.7672 -0.6370 -0.0745
vn 0.9886 -0.1381 -0.0598
vn 0.3566 0.9343 -0.0002
vn 0.8244 -0.5655 0.0253
vn 0.7837 -0.6211 0.0055
vn 0.9894 -0.1439 -0.0167
vn 0.3342 0.9425 -0.0030
vn 0.8050 -0.5641 0.1837
vn 0.8285 -0.5436 0.1344
vn 0.9965 -0.0774 0.0304
vn 0.3244 0.9458 -0.0161
vn 0.8213 -0.5322 0.2056
vn 0.9201 -0.3868 0.0618
vn 0.9979 -0.0309 -0.0570
vn 0.3510 0.9338 -0.0691
vn 0.8585 -0.5042 0.0936
vn 0.9585 -0.2731 0.0824
vn 0.9985 -0.0078 0.0548
vn 0.3286 0.9443 -0.0194
vn 0.8346 -0.5504 -0.0212
vn 0.9291 -0.3491 0.1224
vn 0.9824 0.0406 0.1824
vn 0.3077 0.9507 0.0377
vn 0.7899 -0.6113 -0.0496
vn 0.8676 -0.4967 0.0257
vn 0.9939 0.0585 0.0932
vn 0.2508 0.9679 -0.0142
vn 0.9952 -0.0945 0.0249
vn 0.9611 -0.2749 0.0254
vn 0.9170 -0.3975 0.0340
vn 0.9029 -0.4263 0.0555
vn 0.9158 -0.3927 0.0844
vn 0.9249 -0.3659 0.1034
vn 0.9084 -0.4077 0.0931
vn 0.8472 -0.5279 0.0594
vn 0.9952 -0.0921 0.0320
vn 0.9617 -0.2730 0.0257
vn 0.9148 -0.4036 0.0185
vn 0.8968 -0.4420 0.0169
vn 0.9115 -0.4109 0.0206
vn 0.9271 -0.3740 0.0256
vn 0.9144 -0.4030 0.0371
vn 0.8467 -0.5283 0.0622
vn 0.9954 -0.0869 0.0398
vn 0.9653 -0.2597 0.0272
vn 0.9208 -0.3900 0.0067
vn 0.9011 -0.4334 -0.0135
vn 0.9134 -0.4061 -0.0282
vn 0.9247 -0.3794 -0.0303
vn 0.9013 -0.4330 -0.0077
vn 0.8185 -0.5732 0.0390
vn 0.9956 -0.0791 0.0496
vn 0.9707 -0.2381 0.0336
vn 0.9318 -0.3630 0.0062
vn 0.9120 -0.4096 -0.0227
vn 0.9186 -0.3929 -0.0420
vn 0.9196 -0.3907 -0.0408
vn 0.8797 -0.4754 -0.0133
vn 0.7820 -0.6226 0.0303
vn 0.9957 -0.0699 0.0604
vn 0.9762 -0.2127 0.0433
vn 0.9438 -0.3303 0.0141
vn 0.9243 -0.3812 -0.0160
vn 0.9237 -0.3815 -0.0342
vn 0.9126 -0.4077 -0.0310
vn 0.8568 -0.5157 -0.0060
vn 0.7492 -0.6617 0.0295
vn 0.9957 -0.0598 0.0709
vn 0.9812 -0.1856 0.0529
vn 0.9549 -0.2960 0.0232
vn 0.9355 -0.3532 -0.0064
vn 0.9276 -0.3728 -0.0234
vn 0.9052 -0.4246 -0.0209
vn 0.8358 -0.5490 -0.0004
vn 0.7209 -0.6924 0.0284
vn 0.9955 -0.0490 0.0811
vn 0.9857 -0.1567 0.0622
vn 0.9650 -0.2606 0.0312
vn 0.9454 -0.3260 0.0010
vn 0.9308 -0.3653 -0.0158
vn 0.8982 -0.4394 -0.0139
vn 0.8172 -0.5763 0.0033
vn 0.6961 -0.7174 0.0271
vn 0.9952 -0.0377 0.0907
vn 0.9894 -0.1263 0.0717
vn 0.9739 -0.2233 0.0398
vn 0.9545 -0.2982 0.0084
vn 0.9335 -0.3583 -0.0090
vn 0.8915 -0.4530 -0.0081
vn 0.8006 -0.5992 0.0062
vn 0.6750 -0.7374 0.0250
vn -0.6008 0.7988 -0.0312
vn -0.5878 0.8084 -0.0310
vn -0.5730 0.8189 -0.0318
vn -0.5536 0.8322 -0.0317
vn -0.5297 0.8478 -0.0273
vn -0.5052 0.8628 -0.0182
vn -0.4836 0.8753 -0.0074
vn -0.4652 0.8852 0.0031
vn -0.8161 0.5759 -0.0474
vn -0.8024 0.5948 -0.0485
vn -0.7855 0.6165 -0.0544
vn -0.7624 0.6440 -0.0626
vn -0.7318 0.6784 -0.0645
vn -0.6981 0.7140 -0.0538
vn -0.6688 0.7425 -0.0360
vn -0.6460 0.7631 -0.0211
vn -0.8776 0.4744 -0.0693
vn -0.8617 0.5022 -0.0724
vn -0.8442 0.5299 -0.0811
vn -0.8245 0.5577 -0.0953
vn -0.8014 0.5889 -0.1045
vn -0.7780 0.6216 -0.0916
vn -0.7622 0.6446 -0.0605
vn -0.7525 0.6573 -0.0413
vn -0.7147 0.6931 -0.0940
vn -0.6971 0.7106 -0.0953
vn -0.6835 0.7230 -0.1001
vn -0.6777 0.7270 -0.1100
vn -0.6805 0.7231 -0.1182
vn -0.6871 0.7189 -0.1055
vn -0.6878 0.7224 -0.0713
vn -0.6795 0.7318 -0.0526
vn 0.7754 -0.6299 0.0455
vn 0.8137 -0.5761 0.0777
vn 0.9948 0.0461 0.0906
vn 0.2214 0.9747 -0.0320
vn 0.7519 -0.6521 0.0965
vn 0.7910 -0.5996 0.1216
vn 0.9935 0.0564 0.0984
vn 0.2098 0.9769 -0.0397
vn 0.7225 -0.6862 0.0842
vn 0.7872 -0.6071 0.1084
vn 0.9935 0.0733 0.0876
vn 0.2023 0.9784 -0.0430
vn 0.6950 -0.7157 0.0689
vn 0.7808 -0.6176 0.0941
vn 0.9938 0.0769 0.0806
vn 0.1913 0.9804 -0.0474
vn 0.6699 -0.7399 0.0613
vn 0.7702 -0.6320 0.0861
vn 0.9944 0.0718 0.0771
vn 0.1741 0.9834 -0.0516
vn 0.6469 -0.7606 0.0557
vn 0.7584 -0.6470 0.0791
vn 0.9954 0.0634 0.0721
vn 0.1570 0.9865 -0.0468
vn 0.6262 -0.7781 0.0502
vn 0.7471 -0.6609 0.0715
vn 0.9963 0.0582 0.0639
vn 0.1512 0.9880 -0.0320
vn 0.6082 -0.7926 0.0435
vn 0.7373 -0.6727 0.0622
vn 0.9967 0.0571 0.0571
vn 0.1530 0.9880 -0.0222
vn 0.9947 -0.0269 0.0988
vn 0.9920 -0.0965 0.0814
vn 0.9813 -0.1853 0.0511
vn 0.9628 -0.2696 0.0198
vn 0.9366 -0.3505 0.0007
vn 0.8859 -0.4639 -0.0018
vn 0.7869 -0.6171 0.0071
vn 0.6581 -0.7527 0.0201
vn 0.9943 -0.0177 0.1052
vn 0.9934 -0.0701 0.0910
vn 0.9866 -0.1498 0.0650
vn 0.9700 -0.2405 0.0357
vn 0.9407 -0.3390 0.0138
vn 0.8835 -0.4685 0.0041
vn 0.7778 -0.6284 0.0043
vn 0.6456 -0.7636 0.0102
vn 0.9938 -0.0105 0.1103
vn 0.9938 -0.0490 0.0997
vn 0.9897 -0.1191 0.0791
vn 0.9759 -0.2116 0.0527
vn 0.9466 -0.3213 0.0278
vn 0.8861 -0.4634 0.0091
vn 0.7751 -0.6319 -0.0015
vn 0.6377 -0.7703 -0.0034
vn 0.9934 -0.0053 0.1142
vn 0.9937 -0.0335 0.1068
vn 0.9914 -0.0939 0.0911
vn 0.9807 -0.1832 0.0677
vn 0.9539 -0.2973 0.0407
vn 0.8939 -0.4480 0.0143
vn 0.7793 -0.6267 -0.0068
vn 0.6349 -0.7724 -0.0174
vn 0.9932 -0.0020 0.1166
vn 0.9935 -0.0230 0.1119
vn 0.9922 -0.0739 0.1005
vn 0.9845 -0.1559 0.0803
vn 0.9617 -0.2688 0.0528
vn 0.9054 -0.4239 0.0215
vn 0.7902 -0.6127 -0.0086
vn 0.6383 -0.7693 -0.0285
vn 0.9932 -0.0004 0.1162
vn 0.9933 -0.0171 0.1143
vn 0.9925 -0.0588 0.1072
vn 0.9873 -0.1307 0.0908
vn 0.9691 -0.2382 0.0646
vn 0.9186 -0.3940 0.0313
vn 0.8068 -0.5908 -0.0048
vn 0.6486 -0.7604 -0.0337
vn 0.9937 -0.0006 0.1117
vn 0.9935 -0.0158 0.1126
vn 0.9927 -0.0492 0.1099
vn 0.9892 -0.1092 0.0981
vn 0.9752 -0.2081 0.0751
vn 0.9312 -0.3620 0.0430
vn 0.8261 -0.5635 0.0051
vn 0.6661 -0.7453 -0.0306
vn 0.9946 -0.0025 0.1037
vn 0.9941 -0.0188 0.1070
vn 0.9931 -0.0453 0.1086
vn 0.9905 -0.0925 0.1018
vn 0.9801 -0.1803 0.0830
vn 0.9423 -0.3305 0.0537
vn 0.8452 -0.5342 0.0168
vn 0.6889 -0.7245 -0.0224
vn -0.4489 0.8934 0.0147
vn -0.4337 0.9006 0.0281
vn -0.4190 0.9070 0.0412
vn -0.4053 0.9127 0.0526
vn -0.3933 0.9173 0.0628
vn -0.3827 0.9210 0.0731
vn -0.3719 0.9244 0.0846
vn -0.3585 0.9284 0.0975
vn -0.6255 0.7801 -0.0087
vn -0.6060 0.7954 0.0062
vn -0.5895 0.8075 0.0219
vn -0.5769 0.8160 0.0359
vn -0.5675 0.8219 0.0484
vn -0.5606 0.8259 0.0599
vn -0.5547 0.8291 0.0704
vn -0.5481 0.8325 0.0805
vn -0.7412 0.6705 -0.0324
vn -0.7301 0.6832 -0.0139
vn -0.7237 0.6900 0.0065
vn -0.7201 0.6935 0.0221
vn -0.7167 0.6965 0.0352
vn -0.7130 0.6996 0.0466
vn -0.7087 0.7032 0.0561
vn -0.7037 0.7076 0.0641
vn -0.6682 0.7426 -0.0454
vn -0.6608 0.7503 -0.0210
vn -0.6564 0.7544 0.0040
vn -0.6514 0.7585 0.0196
vn -0.6443 0.7641 0.0325
vn -0.6357 0.7707 0.0436
vn -0.6257 0.7783 0.0529
vn -0.6144 0.7866 0.0608
vn 0.5935 -0.8041 0.0340
vn 0.7296 -0.6821 0.0497
vn 0.9972 0.0551 0.0505
vn 0.1608 0.9869 -0.0144
vn 0.5820 -0.8129 0.0200
vn 0.7258 -0.6872 0.0309
vn 0.9981 0.0507 0.0361
vn 0.1696 0.9855 0.0025
vn 0.5736 -0.8191 0.0018
vn 0.7262 -0.6875 0.0092
vn 0.9983 0.0542 0.0218
vn 0.1723 0.9848 0.0197
vn 0.5684 -0.8225 -0.0173
vn 0.7265 -0.6871 -0.0094
vn 0.9985 0.0531 0.0140
vn 0.1819 0.9828 0.0318
vn 0.5657 -0.8239 -0.0334
vn 0.7242 -0.6892 -0.0247
vn 0.9988 0.0474 0.0079
vn 0.1932 0.9803 0.0421
vn 0.5653 -0.8237 -0.0448
vn 0.7197 -0.6934 -0.0364
vn 0.9993 0.0382 0.0035
vn 0.2061 0.9772 0.0512
vn 0.5689 -0.8209 -0.0497
vn 0.7144 -0.6983 -0.0440
vn 0.9996 0.0274 0.0010
vn 0.2205 0.9736 0.0592
vn 0.5788 -0.8140 -0.0492
vn 0.7105 -0.7020 -0.0485
vn 0.9999 0.0164 -0.0004
vn 0.2358 0.9695 0.0661
vn 0.9953 -0.0056 0.0967
vn 0.9946 -0.0248 0.1012
vn 0.9933 -0.0464 0.1056
vn 0.9913 -0.0814 0.1031
vn 0.9838 -0.1559 0.0887
vn 0.9519 -0.3001 0.0620
vn 0.8625 -0.5054 0.0267
vn 0.7130 -0.7011 -0.0117
vn 0.9952 -0.0088 0.0976
vn 0.9944 -0.0312 0.1012
vn 0.9932 -0.0500 0.1053
vn 0.9917 -0.0747 0.1047
vn 0.9864 -0.1351 0.0937
vn 0.9603 -0.2703 0.0694
vn 0.8778 -0.4777 0.0355
vn 0.7337 -0.6795 0.0006
vn 0.9935 -0.0106 0.1136
vn 0.9929 -0.0341 0.1141
vn 0.9921 -0.0517 0.1139
vn 0.9914 -0.0696 0.1112
vn 0.9880 -0.1169 0.1007
vn 0.9676 -0.2404 0.0773
vn 0.8922 -0.4497 0.0429
vn 0.7507 -0.6606 0.0077
vn 0.9882 -0.0102 0.1529
vn 0.9883 -0.0310 0.1493
vn 0.9888 -0.0466 0.1421
vn 0.9894 -0.0601 0.1320
vn 0.9885 -0.0970 0.1162
vn 0.9741 -0.2077 0.0889
vn 0.9075 -0.4171 0.0490
vn 0.7695 -0.6386 0.0062
vn 0.9748 -0.0074 0.2231
vn 0.9763 -0.0208 0.2156
vn 0.9791 -0.0310 0.2009
vn 0.9828 -0.0396 0.1804
vn 0.9859 -0.0675 0.1529
vn 0.9798 -0.1647 0.1135
vn 0.9263 -0.3720 0.0593
vn 0.7931 -0.6090 0.0034
vn 0.9532 -0.0030 0.3024
vn 0.9559 -0.0054 0.2935
vn 0.9612 -0.0072 0.2759
vn 0.9682 -0.0078 0.2501
vn 0.9766 -0.0236 0.2138
vn 0.9816 -0.1031 0.1607
vn 0.9494 -0.3024 0.0852
vn 0.8261 -0.5634 0.0024
vn 0.9311 0.0012 0.3647
vn 0.9335 0.0092 0.3584
vn 0.9383 0.0161 0.3453
vn 0.9456 0.0263 0.3242
vn 0.9565 0.0278 0.2903
vn 0.9719 -0.0242 0.2340
vn 0.9697 -0.1989 0.1422
vn 0.8768 -0.4803 0.0203
vn 0.9111 0.0031 0.4122
vn 0.9117 0.0172 0.4105
vn 0.9136 0.0307 0.4055
vn 0.9173 0.0510 0.3949
vn 0.9250 0.0717 0.3731
vn 0.9428 0.0569 0.3284
vn 0.9690 -0.0654 0.2383
vn 0.9364 -0.3397 0.0887
vn -0.3411 0.9333 0.1119
vn -0.3198 0.9390 0.1267
vn -0.2962 0.9446 0.1411
vn -0.2745 0.9487 0.1569
vn -0.2601 0.9500 0.1728
vn -0.2546 0.9487 0.1874
vn -0.2539 0.9460 0.2014
vn -0.2510 0.9433 0.2170
vn -0.5393 0.8372 0.0909
vn -0.5263 0.8442 0.1013
vn -0.5061 0.8553 0.1108
vn -0.4754 0.8709 0.1245
vn -0.4353 0.8889 0.1428
vn -0.3995 0.9007 0.1706
vn -0.3814 0.9037 0.1944
vn -0.3664 0.9084 0.2015
vn -0.6978 0.7127 0.0716
vn -0.6903 0.7194 0.0771
vn -0.6793 0.7297 0.0784
vn -0.6571 0.7499 0.0766
vn -0.6127 0.7864 0.0779
vn -0.5596 0.8194 0.1243
vn -0.5300 0.8294 0.1764
vn -0.5098 0.8440 0.1670
vn -0.6021 0.7955 0.0681
vn -0.5889 0.8049 0.0731
vn -0.5749 0.8151 0.0715
vn -0.5598 0.8265 0.0587
vn -0.5414 0.8397 0.0424
vn -0.5192 0.8500 0.0895
vn -0.4868 0.8588 0.1597
vn -0.4605 0.8756 0.1457
vn 0.5953 -0.8024 -0.0425
vn 0.7104 -0.7021 -0.0486
vn 1.0000 0.0057 -0.0010
vn 0.2527 0.9648 0.0722
vn 0.6158 -0.7873 -0.0296
vn 0.7175 -0.6953 -0.0427
vn 1.0000 -0.0035 0.0001
vn 0.2720 0.9592 0.0769
vn 0.6372 -0.7704 -0.0219
vn 0.7297 -0.6828 -0.0361
vn 0.9999 -0.0104 0.0043
vn 0.2913 0.9535 0.0770
vn 0.6580 -0.7525 -0.0270
vn 0.7386 -0.6732 -0.0363
vn 0.9996 -0.0267 0.0113
vn 0.3099 0.9479 0.0743
vn 0.6777 -0.7346 -0.0343
vn 0.7412 -0.6701 -0.0412
vn 0.9981 -0.0605 0.0145
vn 0.3304 0.9412 0.0699
vn 0.6988 -0.7135 -0.0516
vn 0.7436 -0.6653 -0.0660
vn 0.9948 -0.1004 -0.0165
vn 0.3735 0.9239 0.0830
vn 0.7314 -0.6779 -0.0745
vn 0.7517 -0.6504 -0.1091
vn 0.9921 -0.1046 -0.0692
vn 0.4036 0.9098 0.0969
vn 0.7901 -0.6099 -0.0612
vn 0.7710 -0.6229 -0.1324
vn 0.9911 -0.0922 -0.0962
vn 0.4141 0.9064 0.0835
vn 0.6608 0.0255 -0.7501
vn 0.6516 0.0550 -0.7565
vn 0.6262 0.0602 -0.7773
vn 0.5843 0.0519 -0.8098
vn 0.5356 0.0236 -0.8442
vn 0.4907 -0.0268 -0.8709
vn 0.4581 -0.0932 -0.8840
vn 0.4369 -0.1628 -0.8846
vn 0.6305 0.0210 -0.7759
vn 0.6444 0.0555 -0.7626
vn 0.6475 0.0781 -0.7580
vn 0.6291 0.0839 -0.7728
vn 0.5948 0.0601 -0.8016
vn 0.5535 0.0050 -0.8329
vn 0.5152 -0.0738 -0.8539
vn 0.4863 -0.1515 -0.8605
vn 0.4581 0.0272 -0.8885
vn 0.4662 0.0492 -0.8833
vn 0.4681 0.0386 -0.8828
vn 0.4576 0.0190 -0.8889
vn 0.4395 -0.0097 -0.8982
vn 0.4227 -0.0509 -0.9048
vn 0.4126 -0.1044 -0.9049
vn 0.4088 -0.1670 -0.8972
vn 0.3729 0.0325 -0.9273
vn 0.3571 0.0516 -0.9326
vn 0.3384 0.0352 -0.9404
vn 0.3277 0.0092 -0.9447
vn 0.3268 -0.0178 -0.9449
vn 0.3360 -0.0477 -0.9407
vn 0.3554 -0.0876 -0.9306
vn 0.3914 -0.1238 -0.9118
vn 0.3403 0.0328 -0.9397
vn 0.3530 0.0552 -0.9340
vn 0.3678 0.0376 -0.9291
vn 0.3770 0.0099 -0.9262
vn 0.3805 -0.0203 -0.9246
vn 0.3839 -0.0561 -0.9217
vn 0.3908 -0.1026 -0.9147
vn 0.4081 -0.1553 -0.8996
vn 0.9794 -0.0047 -0.2017
vn 0.9808 -0.0039 -0.1950
vn 0.9831 0.0016 -0.1831
vn 0.9862 0.0059 -0.1652
vn 0.9907 0.0107 -0.1355
vn 0.9960 0.0206 -0.0865
vn 0.9992 0.0395 -0.0073
vn 0.9955 0.0467 0.0824
vn 0.8221 0.0014 -0.5693
vn 0.8116 0.0005 -0.5842
vn 0.8015 -0.0021 -0.5980
vn 0.7968 -0.0097 -0.6042
vn 0.7977 -0.0161 -0.6029
vn 0.8048 -0.0225 -0.5932
vn 0.8209 -0.0262 -0.5705
vn 0.8459 -0.0180 -0.5330
vn 0.5635 0.0187 -0.8259
vn 0.5328 0.0260 -0.8458
vn 0.4966 0.0148 -0.8678
vn 0.4680 -0.0027 -0.8837
vn 0.4510 -0.0199 -0.8923
vn 0.4493 -0.0386 -0.8925
vn 0.4692 -0.0628 -0.8809
vn 0.5185 -0.0752 -0.8517
vn 0.9058 0.0023 0.4236
vn 0.9047 0.0173 0.4257
vn 0.9031 0.0336 0.4280
vn 0.9012 0.0588 0.4294
vn 0.8996 0.0928 0.4266
vn 0.9055 0.1137 0.4088
vn 0.9338 0.0630 0.3523
vn 0.9656 -0.1439 0.2167
vn 0.9324 0.0001 0.3615
vn 0.9309 0.0126 0.3650
vn 0.9278 0.0269 0.3721
vn 0.9217 0.0489 0.3848
vn 0.9103 0.0816 0.4059
vn 0.8946 0.1200 0.4305
vn 0.8912 0.1310 0.4342
vn 0.9268 0.0353 0.3738
vn 0.9857 -0.0024 0.1688
vn 0.9842 0.0048 0.1771
vn 0.9814 0.0151 0.1913
vn 0.9770 0.0294 0.2112
vn 0.9682 0.0486 0.2454
vn 0.9494 0.0786 0.3041
vn 0.9161 0.1114 0.3851
vn 0.8861 0.0913 0.4544
vn -0.2409 0.9414 0.2362
vn -0.2231 0.9408 0.2551
vn -0.2018 0.9401 0.2749
vn -0.1893 0.9288 0.3186
vn -0.1763 0.9168 0.3582
vn 0.4157 -0.2320 -0.8794
vn 0.4068 -0.2443 -0.8802
vn 0.4808 0.1117 -0.8697
vn 0.1477 0.9767 -0.1557
vn 0.4541 -0.2154 -0.8645
vn 0.4034 -0.2274 -0.8863
vn 0.4212 0.0147 -0.9068
vn 0.2913 0.7626 -0.5776
vn -0.3418 0.9147 0.2155
vn -0.3194 0.9176 0.2367
vn -0.3012 0.9185 0.2563
vn -0.2703 0.9147 0.3004
vn -0.1939 0.9371 0.2903
vn 0.4126 -0.2320 -0.8809
vn 0.4386 -0.2255 -0.8699
vn 0.4241 0.1091 -0.8990
vn 0.1091 0.9356 -0.3359
vn -0.4662 0.8683 0.1694
vn -0.4217 0.8821 0.2099
vn -0.3909 0.8912 0.2303
vn -0.3219 0.9159 0.2399
vn 0.4618 -0.1476 -0.8746
vn 0.5707 -0.1026 -0.8147
vn 0.6572 0.1797 -0.7320
vn 0.2095 0.9573 -0.1994
vn 0.4442 -0.2069 -0.8717
vn 0.5030 -0.1844 -0.8444
vn 0.5608 0.0883 -0.8233
vn 0.3414 0.8019 -0.4903
vn -0.4420 0.8869 0.1342
vn -0.4047 0.8974 0.1758
vn 0.9918 0.0237 0.1254
vn 0.9994 -0.0332 -0.0113
vn 0.8850 0.3860 -0.2603
vn 0.0143 0.9999 -0.0017
vn 0.8677 0.0031 -0.4971
vn 0.8707 0.0662 -0.4874
vn 0.8218 0.4083 -0.3975
vn 0.2077 0.9777 -0.0315
vn 0.5983 -0.0607 -0.7989
vn 0.6981 0.0152 -0.7159
vn 0.7491 0.2822 -0.5994
vn 0.3928 0.8785 -0.2719
vn 0.8810 -0.4729 0.0134
vn 0.8132 -0.5676 -0.1282
vn 0.9892 -0.0986 -0.1088
vn 0.4330 0.8989 0.0678
vn 0.9520 -0.2473 0.1803
vn 0.8924 -0.4455 -0.0723
vn 0.9847 -0.1159 -0.1304
vn 0.4759 0.8770 0.0655
vn 0.9086 -0.0436 0.4154
vn 0.9536 -0.2490 0.1691
vn 0.9865 0.0624 -0.1511
vn 0.4984 0.8622 -0.0907
s 1
usemtl Material.005
f 6//6 2//2 1//1 5//5
f 7//7 3//3 2//2 6//6
f 8//8 4//4 3//3 7//7
f 10//10 6//6 5//5 9//9
f 11//11 7//7 6//6 10//10
f 12//12 8//8 7//7 11//11
f 18//18 17//17 13//13 14//14
f 18//18 10//10 9//9 17//17
f 19//19 18//18 14//14 15//15
f 19//19 11//11 10//10 18//18
f 20//20 19//19 15//15 16//16
f 20//20 12//12 11//11 19//19
f 22//22 14//14 13//13 21//21
f 23//23 15//15 14//14 22//22
f 24//24 16//16 15//15 23//23
f 17//17 25//25 21//21 13//13
f 27//27 22//22 21//21 26//26
f 28//28 23//23 22//22 27//27
f 29//29 24//24 23//23 28//28
f 25//25 30//30 26//26 21//21
f 30//30 31//31 27//27 26//26
f 31//31 32//32 28//28 27//27
f 32//32 33//33 29//29 28//28
f 35//35 31//31 30//30 34//34
f 36//36 32//32 31//31 35//35
f 37//37 33//33 32//32 36//36
f 39//39 35//35 34//34 38//38
f 40//40 36//36 35//35 39//39
f 41//41 37//37 36//36 40//40
f 50//50 42//42 4//4 8//8
f 51//51 43//43 42//42 50//50
f 52//52 44//44 43//43 51//51
f 53//53 45//45 44//44 52//52
f 54//54 46//46 45//45 53//53
f 55//55 47//47 46//46 54//54
f 56//56 48//48 47//47 55//55
f 57//57 49//49 48//48 56//56
f 58//58 50//50 8//8 12//12
f 59//59 51//51 50//50 58//58
f 60//60 52//52 51//51 59//59
f 61//61 53//53 52//52 60//60
f 62//62 54//54 53//53 61//61
f 63//63 55//55 54//54 62//62
f 64//64 56//56 55//55 63//63
f 65//65 57//57 56//56 64//64
f 74//74 20//20 16//16 66//66
f 74//74 58//58 12//12 20//20
f 75//75 74//74 66//66 67//67
f 75//75 59//59 58//58 74//74
f 76//76 75//75 67//67 68//68
f 76//76 60//60 59//59 75//75
f 77//77 76//76 68//68 69//69
f 77//77 61//61 60//60 76//76
f 78//78 77//77 69//69 70//70
f 78//78 62//62 61//61 77//77
f 79//79 78//78 70//70 71//71
f 79//79 63//63 62//62 78//78
f 80//80 79//79 71//71 72//72
f 80//80 64//64 63//63 79//79
f 81//81 80//80 72//72 73//73
f 81//81 65//65 64//64 80//80
f 82//82 66//66 16//16 24//24
f 83//83 67//67 66//66 82//82
f 84//84 68//68 67//67 83//83
f 85//85 69//69 68//68 84//84
f 86//86 70//70 69//69 85//85
f 87//87 71//71 70//70 86//86
f 88//88 72//72 71//71 87//87
f 89//89 73//73 72//72 88//88
f 90//90 82//82 24//24 29//29
f 91//91 83//83 82//82 90//90
f 92//92 84//84 83//83 91//91
f 93//93 85//85 84//84 92//92
f 94//94 86//86 85//85 93//93
f 95//95 87//87 86//86 94//94
f 96//96 88//88 87//87 95//95
f 97//97 89//89 88//88 96//96
f 33//33 98//98 90//90 29//29
f 98//98 99//99 91//91 90//90
f 99//99 100//100 92//92 91//91
f 100//100 101//101 93//93 92//92
f 101//101 102//102 94//94 93//93
f 102//102 103//103 95//95 94//94
f 103//103 104//104 96//96 95//95
f 104//104 105//105 97//97 96//96
f 106//106 98//98 33//33 37//37
f 107//107 99//99 98//98 106//106
f 108//108 100//100 99//99 107//107
f 109//109 101//101 100//100 108//108
f 110//110 102//102 101//101 109//109
f 111//111 103//103 102//102 110//110
f 112//112 104//104 103//103 111//111
f 113//113 105//105 104//104 112//112
f 114//114 106//106 37//37 41//41
f 115//115 107//107 106//106 114//114
f 116//116 108//108 107//107 115//115
f 117//117 109//109 108//108 116//116
f 118//118 110//110 109//109 117//117
f 119//119 111//111 110//110 118//118
f 120//120 112//112 111//111 119//119
f 121//121 113//113 112//112 120//120
f 123//123 39//39 38//38 122//122
f 124//124 40//40 39//39 123//123
f 125//125 41//41 40//40 124//124
f 126//126 114//114 41//41 125//125
f 127//127 115//115 114//114 126//126
f 128//128 116//116 115//115 127//127
f 129//129 117//117 116//116 128//128
f 130//130 118//118 117//117 129//129
f 131//131 119//119 118//118 130//130
f 132//132 120//120 119//119 131//131
f 133//133 121//121 120//120 132//132
f 142//142 134//134 49//49 57//57
f 143//143 135//135 134//134 142//142
f 144//144 136//136 135//135 143//143
f 145//145 137//137 136//136 144//144
f 146//146 138//138 137//137 145//145
f 147//147 139//139 138//138 146//146
f 148//148 140//140 139//139 147//147
f 149//149 141//141 140//140 148//148
f 150//150 142//142 57//57 65//65
f 151//151 143//143 142//142 150//150
f 152//152 144//144 143//143 151//151
f 153//153 145//145 144//144 152//152
f 154//154 146//146 145//145 153//153
f 155//155 147//147 146//146 154//154
f 156//156 148//148 147//147 155//155
f 157//157 149//149 148//148 156//156
f 166//166 81//81 73//73 158//158
f 166//166 150//150 65//65 81//81
f 167//167 166//166 158//158 159//159
f 167//167 151//151 150//150 166//166
f 168//168 167//167 159//159 160//160
f 168//168 152//152 151//151 167//167
f 169//169 168//168 160//160 161//161
f 169//169 153//153 152//152 168//168
f 170//170 169//169 161//161 162//162
f 170//170 154//154 153//153 169//169
f 171//171 170//170 162//162 163//163
f 171//171 155//155 154//154 170//170
f 172//172 171//171 163//163 164//164
f 172//172 156//156 155//155 171//171
f 173//173 172//172 164//164 165//165
f 173//173 157//157 156//156 172//172
f 174//174 158//158 73//73 89//89
f 175//175 159//159 158//158 174//174
f 176//176 160//160 159//159 175//175
f 177//177 161//161 160//160 176//176
f 178//178 162//162 161//161 177//177
f 179//179 163//163 162//162 178//178
f 180//180 164//164 163//163 179//179
f 181//181 165//165 164//164 180//180
f 182//182 174//174 89//89 97//97
f 183//183 175//175 174//174 182//182
f 184//184 176//176 175//175 183//183
f 185//185 177//177 176//176 184//184
f 186//186 178//178 177//177 185//185
f 187//187 179//179 178//178 186//186
f 188//188 180//180 179//179 187//187
f 189//189 181//181 180//180 188//188
f 105//105 190//190 182//182 97//97
f 190//190 191//191 183//183 182//182
f 191//191 192//192 184//184 183//183
f 192//192 193//193 185//185 184//184
f 193//193 194//194 186//186 185//185
f 194//194 195//195 187//187 186//186
f 195//195 196//196 188//188 187//187
f 196//196 197//197 189//189 188//188
f 198//198 190//190 105//105 113//113
f 199//199 191//191 190//190 198//198
f 200//200 192//192 191//191 199//199
f 201//201 193//193 192//192 200//200
f 202//202 194//194 193//193 201//201
f 203//203 195//195 194//194 202//202
f 204//204 196//196 195//195 203//203
f 205//205 197//197 196//196 204//204
f 206//206 198//198 113//113 121//121
f 207//207 199//199 198//198 206//206
f 208//208 200//200 199//199 207//207
f 209//209 201//201 200//200 208//208
f 210//210 202//202 201//201 209//209
f 211//211 203//203 202//202 210//210
f 212//212 204//204 203//203 211//211
f 213//213 205//205 204//204 212//212
f 218//218 214//214 141//141 149//149
f 219//219 215//215 214//214 218//218
f 220//220 216//216 215//215 219//219
f 221//221 217//217 216//216 220//220
f 222//222 218//218 149//149 157//157
f 223//223 219//219 218//218 222//222
f 224//224 220//220 219//219 223//223
f 225//225 221//221 220//220 224//224
f 230//230 173//173 165//165 226//226
f 230//230 222//222 157//157 173//173
f 231//231 230//230 226//226 227//227
f 231//231 223//223 222//222 230//230
f 232//232 231//231 227//227 228//228
f 232//232 224//224 223//223 231//231
f 233//233 232//232 228//228 229//229
f 233//233 225//225 224//224 232//232
f 234//234 226//226 165//165 181//181
f 235//235 227//227 226//226 234//234
f 236//236 228//228 227//227 235//235
f 237//237 229//229 228//228 236//236
f 238//238 233//233 229//229 237//237
f 239//239 234//234 181//181 189//189
f 240//240 235//235 234//234 239//239
f 241//241 236//236 235//235 240//240
f 242//242 237//237 236//236 241//241
f 197//197 243//243 239//239 189//189
f 243//243 244//244 240//240 239//239
f 244//244 245//245 241//241 240//240
f 245//245 246//246 242//242 241//241
f 246//246 238//238 237//237 242//242
f 247//247 243//243 197//197 205//205
f 248//248 244//244 243//243 247//247
f 249//249 245//245 244//244 248//248
f 250//250 246//246 245//245 249//249
f 251//251 247//247 205//205 213//213
f 252//252 248//248 247//247 251//251
f 253//253 249//249 248//248 252//252
f 254//254 250//250 249//249 253//253
f 255//255 206//206 121//121 133//133
f 256//256 207//207 206//206 255//255
f 257//257 208//208 207//207 256//256
f 258//258 209//209 208//208 257//257
f 259//259 210//210 209//209 258//258
f 260//260 211//211 210//210 259//259
f 261//261 212//212 211//211 260//260
f 262//262 213//213 212//212 261//261
f 263//263 251//251 213//213 262//262
f 264//264 252//252 251//251 263//263
f 265//265 253//253 252//252 264//264
f 266//266 254//254 253//253 265//265
f 272//272 271//271 267//267 268//268
f 273//273 272//272 268//268 269//269
f 274//274 273//273 269//269 270//270
f 276//276 275//275 271//271 272//272
f 277//277 276//276 272//272 273//273
f 278//278 277//277 273//273 274//274
f 280//280 279//279 275//275 276//276
f 281//281 280//280 276//276 277//277
f 282//282 281//281 277//277 278//278
f 284//284 283//283 279//279 280//280
f 285//285 284//284 280//280 281//281
f 286//286 285//285 281//281 282//282
f 292//292 291//291 287//287 288//288
f 292//292 268//268 267//267 291//291
f 293//293 292//292 288//288 289//289
f 293//293 269//269 268//268 292//292
f 294//294 293//293 289//289 290//290
f 294//294 270//270 269//269 293//293
f 271//271 295//295 291//291 267//267
f 275//275 296//296 295//295 271//271
f 279//279 297//297 296//296 275//275
f 283//283 298//298 297//297 279//279
f 304//304 303//303 299//299 300//300
f 304//304 288//288 287//287 303//303
f 305//305 304//304 300//300 301//301
f 305//305 289//289 288//288 304//304
f 306//306 305//305 301//301 302//302
f 306//306 290//290 289//289 305//305
f 291//291 307//307 303//303 287//287
f 295//295 308//308 307//307 291//291
f 296//296 309//309 308//308 295//295
f 297//297 310//310 309//309 296//296
f 298//298 311//311 310//310 297//297
f 313//313 300//300 299//299 312//312
f 314//314 301//301 300//300 313//313
f 315//315 302//302 301//301 314//314
f 303//303 316//316 312//312 299//299
f 307//307 317//317 316//316 303//303
f 308//308 318//318 317//317 307//307
f 309//309 319//319 318//318 308//308
f 310//310 320//320 319//319 309//309
f 311//311 321//321 320//320 310//310
f 327//327 326//326 322//322 323//323
f 327//327 313//313 312//312 326//326
f 328//328 327//327 323//323 324//324
f 328//328 314//314 313//313 327//327
f 329//329 328//328 324//324 325//325
f 329//329 315//315 314//314 328//328
f 316//316 330//330 326//326 312//312
f 317//317 331//331 330//330 316//316
f 318//318 332//332 331//331 317//317
f 319//319 333//333 332//332 318//318
f 320//320 334//334 333//333 319//319
f 321//321 335//335 334//334 320//320
f 337//337 323//323 322//322 336//336
f 338//338 324//324 323//323 337//337
f 339//339 325//325 324//324 338//338
f 326//326 340//340 336//336 322//322
f 330//330 341//341 340//340 326//326
f 331//331 342//342 341//341 330//330
f 332//332 343//343 342//342 331//331
f 333//333 344//344 343//343 332//332
f 334//334 345//345 344//344 333//333
f 335//335 346//346 345//345 334//334
f 348//348 337//337 336//336 347//347
f 349//349 338//338 337//337 348//348
f 350//350 339//339 338//338 349//349
f 340//340 351//351 347//347 336//336
f 341//341 352//352 351//351 340//340
f 342//342 353//353 352//352 341//341
f 343//343 354//354 353//353 342//342
f 344//344 355//355 354//354 343//343
f 345//345 356//356 355//355 344//344
f 346//346 357//357 356//356 345//345
f 359//359 348//348 347//347 358//358
f 360//360 349//349 348//348 359//359
f 361//361 350//350 349//349 360//360
f 351//351 362//362 358//358 347//347
f 352//352 363//363 362//362 351//351
f 353//353 364//364 363//363 352//352
f 354//354 365//365 364//364 353//353
f 355//355 366//366 365//365 354//354
f 356//356 367//367 366//366 355//355
f 357//357 368//368 367//367 356//356
f 377//377 274//274 270//270 369//369
f 378//378 377//377 369//369 370//370
f 379//379 378//378 370//370 371//371
f 380//380 379//379 371//371 372//372
f 381//381 380//380 372//372 373//373
f 382//382 381//381 373//373 374//374
f 383//383 382//382 374//374 375//375
f 384//384 383//383 375//375 376//376
f 385//385 278//278 274//274 377//377
f 386//386 385//385 377//377 378//378
f 387//387 386//386 378//378 379//379
f 388//388 387//387 379//379 380//380
f 389//389 388//388 380//380 381//381
f 390//390 389//389 381//381 382//382
f 391//391 390//390 382//382 383//383
f 392//392 391//391 383//383 384//384
f 393//393 282//282 278//278 385//385
f 394//394 393//393 385//385 386//386
f 395//395 394//394 386//386 387//387
f 396//396 395//395 387//387 388//388
f 397//397 396//396 388//388 389//389
f 398//398 397//397 389//389 390//390
f 399//399 398//398 390//390 391//391
f 400//400 399//399 391//391 392//392
f 401//401 286//286 282//282 393//393
f 402//402 401//401 393//393 394//394
f 403//403 402//402 394//394 395//395
f 404//404 403//403 395//395 396//396
f 405//405 404//404 396//396 397//397
f 406//406 405//405 397//397 398//398
f 407//407 406//406 398//398 399//399
f 408//408 407//407 399//399 400//400
f 417//417 294//294 290//290 409//409
f 417//417 369//369 270//270 294//294
f 418//418 417//417 409//409 410//410
f 418//418 370//370 369//369 417//417
f 419//419 418//418 410//410 411//411
f 419//419 371//371 370//370 418//418
f 420//420 419//419 411//411 412//412
f 420//420 372//372 371//371 419//419
f 421//421 420//420 412//412 413//413
f 421//421 373//373 372//372 420//420
f 422//422 421//421 413//413 414//414
f 422//422 374//374 373//373 421//421
f 423//423 422//422 414//414 415//415
f 423//423 375//375 374//374 422//422
f 424//424 423//423 415//415 416//416
f 424//424 376//376 375//375 423//423
f 433//433 306//306 302//302 425//425
f 433//433 409//409 290//290 306//306
f 434//434 433//433 425//425 426//426
f 434//434 410//410 409//409 433//433
f 435//435 434//434 426//426 427//427
f 435//435 411//411 410//410 434//434
f 436//436 435//435 427//427 428//428
f 436//436 412//412 411//411 435//435
f 437//437 436//436 428//428 429//429
f 437//437 413//413 412//412 436//436
f 438//438 437//437 429//429 430//430
f 438//438 414//414 413//413 437//437
f 439//439 438//438 430//430 431//431
f 439//439 415//415 414//414 438//438
f 440//440 439//439 431//431 432//432
f 440//440 416//416 415//415 439//439
f 441//441 425//425 302//302 315//315
f 442//442 426//426 425//425 441//441
f 443//443 427//427 426//426 442//442
f 444//444 428//428 427//427 443//443
f 445//445 429//429 428//428 444//444
f 446//446 430//430 429//429 445//445
f 447//447 431//431 430//430 446//446
f 448//448 432//432 431//431 447//447
f 457//457 329//329 325//325 449//449
f 457//457 441//441 315//315 329//329
f 458//458 457//457 449//449 450//450
f 458//458 442//442 441//441 457//457
f 459//459 458//458 450//450 451//451
f 459//459 443//443 442//442 458//458
f 460//460 459//459 451//451 452//452
f 460//460 444//444 443//443 459//459
f 461//461 460//460 452//452 453//453
f 461//461 445//445 444//444 460//460
f 462//462 461//461 453//453 454//454
f 462//462 446//446 445//445 461//461
f 463//463 462//462 454//454 455//455
f 463//463 447//447 446//446 462//462
f 464//464 463//463 455//455 456//456
f 464//464 448//448 447//447 463//463
f 465//465 449//449 325//325 339//339
f 466//466 450//450 449//449 465//465
f 467//467 451//451 450//450 466//466
f 468//468 452//452 451//451 467//467
f 469//469 453//453 452//452 468//468
f 470//470 454//454 453//453 469//469
f 471//471 455//455 454//454 470//470
f 472//472 456//456 455//455 471//471
f 473//473 465//465 339//339 350//350
f 474//474 466//466 465//465 473//473
f 475//475 467//467 466//466 474//474
f 476//476 468//468 467//467 475//475
f 477//477 469//469 468//468 476//476
f 478//478 470//470 469//469 477//477
f 479//479 471//471 470//470 478//478
f 480//480 472//472 471//471 479//479
f 481//481 473//473 350//350 361//361
f 482//482 474//474 473//473 481//481
f 483//483 475//475 474//474 482//482
f 484//484 476//476 475//475 483//483
f 485//485 477//477 476//476 484//484
f 486//486 478//478 477//477 485//485
f 487//487 479//479 478//478 486//486
f 488//488 480//480 479//479 487//487
f 490//490 489//489 283//283 284//284
f 491//491 490//490 284//284 285//285
f 492//492 491//491 285//285 286//286
f 494//494 493//493 489//489 490//490
f 495//495 494//494 490//490 491//491
f 496//496 495//495 491//491 492//492
f 498//498 497//497 493//493 494//494
f 499//499 498//498 494//494 495//495
f 500//500 499//499 495//495 496//496
f 502//502 501//501 497//497 498//498
f 503//503 502//502 498//498 499//499
f 504//504 503//503 499//499 500//500
f 489//489 505//505 298//298 283//283
f 493//493 506//506 505//505 489//489
f 497//497 507//507 506//506 493//493
f 501//501 508//508 507//507 497//497
f 502//502 509//509 508//508 501//501
f 503//503 510//510 509//509 502//502
f 504//504 511//511 510//510 503//503
f 513//513 512//512 508//508 509//509
f 514//514 513//513 509//509 510//510
f 515//515 514//514 510//510 511//511
f 505//505 516//516 311//311 298//298
f 506//506 517//517 516//516 505//505
f 507//507 518//518 517//517 506//506
f 508//508 519//519 518//518 507//507
f 512//512 520//520 519//519 508//508
f 513//513 521//521 520//520 512//512
f 514//514 522//522 521//521 513//513
f 515//515 523//523 522//522 514//514
f 525//525 524//524 520//520 521//521
f 526//526 525//525 521//521 522//522
f 527//527 526//526 522//522 523//523
f 516//516 528//528 321//321 311//311
f 517//517 529//529 528//528 516//516
f 518//518 530//530 529//529 517//517
f 519//519 531//531 530//530 518//518
f 520//520 532//532 531//531 519//519
f 524//524 533//533 532//532 520//520
f 525//525 534//534 533//533 524//524
f 526//526 535//535 534//534 525//525
f 527//527 536//536 535//535 526//526
f 528//528 537//537 335//335 321//321
f 529//529 538//538 537//537 528//528
f 530//530 539//539 538//538 529//529
f 531//531 540//540 539//539 530//530
f 532//532 541//541 540//540 531//531
f 533//533 542//542 541//541 532//532
f 534//534 543//543 542//542 533//533
f 535//535 544//544 543//543 534//534
f 536//536 545//545 544//544 535//535
f 547//547 546//546 542//542 543//543
f 548//548 547//547 543//543 544//544
f 549//549 548//548 544//544 545//545
f 537//537 550//550 346//346 335//335
f 538//538 551//551 550//550 537//537
f 539//539 552//552 551//551 538//538
f 540//540 553//553 552//552 539//539
f 541//541 554//554 553//553 540//540
f 542//542 555//555 554//554 541//541
f 546//546 556//556 555//555 542//542
f 547//547 557//557 556//556 546//546
f 548//548 558//558 557//557 547//547
f 549//549 559//559 558//558 548//548
f 550//550 560//560 357//357 346//346
f 551//551 561//561 560//560 550//550
f 552//552 562//562 561//561 551//551
f 553//553 563//563 562//562 552//552
f 554//554 564//564 563//563 553//553
f 555//555 565//565 564//564 554//554
f 556//556 566//566 565//565 555//555
f 557//557 567//567 566//566 556//556
f 558//558 568//568 567//567 557//557
f 559//559 569//569 568//568 558//558
f 560//560 570//570 368//368 357//357
f 561//561 571//571 570//570 560//560
f 562//562 572//572 571//571 561//561
f 563//563 573//573 572//572 562//562
f 564//564 574//574 573//573 563//563
f 565//565 575//575 574//574 564//564
f 566//566 576//576 575//575 565//565
f 567//567 577//577 576//576 566//566
f 568//568 578//578 577//577 567//567
f 569//569 579//579 578//578 568//568
f 580//580 492//492 286//286 401//401
f 581//581 580//580 401//401 402//402
f 582//582 581//581 402//402 403//403
f 583//583 582//582 403//403 404//404
f 584//584 583//583 404//404 405//405
f 585//585 584//584 405//405 406//406
f 586//586 585//585 406//406 407//407
f 587//587 586//586 407//407 408//408
f 588//588 496//496 492//492 580//580
f 589//589 588//588 580//580 581//581
f 590//590 589//589 581//581 582//582
f 591//591 590//590 582//582 583//583
f 592//592 591//591 583//583 584//584
f 593//593 592//592 584//584 585//585
f 594//594 593//593 585//585 586//586
f 595//595 594//594 586//586 587//587
f 596//596 500//500 496//496 588//588
f 597//597 596//596 588//588 589//589
f 598//598 597//597 589//589 590//590
f 599//599 598//598 590//590 591//591
f 600//600 599//599 591//591 592//592
f 601//601 600//600 592//592 593//593
f 602//602 601//601 593//593 594//594
f 603//603 602//602 594//594 595//595
f 604//604 504//504 500//500 596//596
f 605//605 604//604 596//596 597//597
f 606//606 605//605 597//597 598//598
f 607//607 606//606 598//598 599//599
f 608//608 607//607 599//599 600//600
f 609//609 608//608 600//600 601//601
f 610//610 609//609 601//601 602//602
f 611//611 610//610 602//602 603//603
f 604//604 612//612 511//511 504//504
f 605//605 613//613 612//612 604//604
f 606//606 614//614 613//613 605//605
f 607//607 615//615 614//614 606//606
f 608//608 616//616 615//615 607//607
f 609//609 617//617 616//616 608//608
f 610//610 618//618 617//617 609//609
f 611//611 619//619 618//618 610//610
f 620//620 515//515 511//511 612//612
f 621//621 620//620 612//612 613//613
f 622//622 621//621 613//613 614//614
f 623//623 622//622 614//614 615//615
f 624//624 623//623 615//615 616//616
f 625//625 624//624 616//616 617//617
f 626//626 625//625 617//617 618//618
f 627//627 626//626 618//618 619//619
f 620//620 628//628 523//523 515//515
f 621//621 629//629 628//628 620//620
f 622//622 630//630 629//629 621//621
f 623//623 631//631 630//630 622//622
f 624//624 632//632 631//631 623//623
f 625//625 633//633 632//632 624//624
f 626//626 634//634 633//633 625//625
f 627//627 635//635 634//634 626//626
f 636//636 527//527 523//523 628//628
f 637//637 636//636 628//628 629//629
f 638//638 637//637 629//629 630//630
f 639//639 638//638 630//630 631//631
f 640//640 639//639 631//631 632//632
f 641//641 640//640 632//632 633//633
f 642//642 641//641 633//633 634//634
f 643//643 642//642 634//634 635//635
f 636//636 644//644 536//536 527//527
f 637//637 645//645 644//644 636//636
f 638//638 646//646 645//645 637//637
f 639//639 647//647 646//646 638//638
f 640//640 648//648 647//647 639//639
f 641//641 649//649 648//648 640//640
f 642//642 650//650 649//649 641//641
f 643//643 651//651 650//650 642//642
f 644//644 652//652 545//545 536//536
f 645//645 653//653 652//652 644//644
f 646//646 654//654 653//653 645//645
f 647//647 655//655 654//654 646//646
f 648//648 656//656 655//655 647//647
f 649//649 657//657 656//656 648//648
f 650//650 658//658 657//657 649//649
f 651//651 659//659 658//658 650//650
f 660//660 549//549 545//545 652//652
f 661//661 660//660 652//652 653//653
f 662//662 661//661 653//653 654//654
f 663//663 662//662 654//654 655//655
f 664//664 663//663 655//655 656//656
f 665//665 664//664 656//656 657//657
f 666//666 665//665 657//657 658//658
f 667//667 666//666 658//658 659//659
f 660//660 668//668 559//559 549//549
f 661//661 669//669 668//668 660//660
f 662//662 670//670 669//669 661//661
f 663//663 671//671 670//670 662//662
f 664//664 672//672 671//671 663//663
f 665//665 673//673 672//672 664//664
f 666//666 674//674 673//673 665//665
f 667//667 675//675 674//674 666//666
f 668//668 676//676 569//569 559//559
f 669//669 677//677 676//676 668//668
f 670//670 678//678 677//677 669//669
f 671//671 679//679 678//678 670//670
f 672//672 680//680 679//679 671//671
f 673//673 681//681 680//680 672//672
f 674//674 682//682 681//681 673//673
f 675//675 683//683 682//682 674//674
f 676//676 684//684 579//579 569//569
f 677//677 685//685 684//684 676//676
f 678//678 686//686 685//685 677//677
f 679//679 687//687 686//686 678//678
f 680//680 688//688 687//687 679//679
f 681//681 689//689 688//688 680//680
f 682//682 690//690 689//689 681//681
f 683//683 691//691 690//690 682//682
f 697//697 696//696 692//692 693//693
f 698//698 697//697 693//693 694//694
f 699//699 698//698 694//694 695//695
f 701//701 700//700 696//696 697//697
f 702//702 701//701 697//697 698//698
f 703//703 702//702 698//698 699//699
f 709//709 708//708 704//704 705//705
f 710//710 709//709 705//705 706//706
f 711//711 710//710 706//706 707//707
f 713//713 712//712 708//708 709//709
f 714//714 713//713 709//709 710//710
f 715//715 714//714 710//710 711//711
f 717//717 716//716 712//712 713//713
f 717//717 693//693 692//692 716//716
f 718//718 717//717 713//713 714//714
f 718//718 694//694 693//693 717//717
f 719//719 718//718 714//714 715//715
f 719//719 695//695 694//694 718//718
f 696//696 720//720 716//716 692//692
f 700//700 721//721 720//720 696//696
f 727//727 726//726 722//722 723//723
f 727//727 705//705 704//704 726//726
f 728//728 727//727 723//723 724//724
f 728//728 706//706 705//705 727//727
f 729//729 728//728 724//724 725//725
f 729//729 707//707 706//706 728//728
f 708//708 730//730 726//726 704//704
f 712//712 731//731 730//730 708//708
f 716//716 732//732 731//731 712//712
f 720//720 733//733 732//732 716//716
f 721//721 734//734 733//733 720//720
f 740//740 739//739 735//735 736//736
f 740//740 723//723 722//722 739//739
f 741//741 740//740 736//736 737//737
f 741//741 724//724 723//723 740//740
f 742//742 741//741 737//737 738//738
f 742//742 725//725 724//724 741//741
f 726//726 743//743 739//739 722//722
f 730//730 744//744 743//743 726//726
f 731//731 745//745 744//744 730//730
f 732//732 746//746 745//745 731//731
f 733//733 747//747 746//746 732//732
f 734//734 748//748 747//747 733//733
f 757//757 699//699 695//695 749//749
f 758//758 757//757 749//749 750//750
f 759//759 758//758 750//750 751//751
f 760//760 759//759 751//751 752//752
f 761//761 760//760 752//752 753//753
f 762//762 761//761 753//753 754//754
f 763//763 762//762 754//754 755//755
f 764//764 763//763 755//755 756//756
f 765//765 703//703 699//699 757//757
f 766//766 765//765 757//757 758//758
f 767//767 766//766 758//758 759//759
f 768//768 767//767 759//759 760//760
f 769//769 768//768 760//760 761//761
f 770//770 769//769 761//761 762//762
f 771//771 770//770 762//762 763//763
f 772//772 771//771 763//763 764//764
f 781//781 711//711 707//707 773//773
f 782//782 781//781 773//773 774//774
f 783//783 782//782 774//774 775//775
f 784//784 783//783 775//775 776//776
f 785//785 784//784 776//776 777//777
f 786//786 785//785 777//777 778//778
f 787//787 786//786 778//778 779//779
f 788//788 787//787 779//779 780//780
f 789//789 715//715 711//711 781//781
f 790//790 789//789 781//781 782//782
f 791//791 790//790 782//782 783//783
f 792//792 791//791 783//783 784//784
f 793//793 792//792 784//784 785//785
f 794//794 793//793 785//785 786//786
f 795//795 794//794 786//786 787//787
f 796//796 795//795 787//787 788//788
f 797//797 719//719 715//715 789//789
f 797//797 749//749 695//695 719//719
f 798//798 797//797 789//789 790//790
f 798//798 750//750 749//749 797//797
f 799//799 798//798 790//790 791//791
f 799//799 751//751 750//750 798//798
f 800//800 799//799 791//791 792//792
f 800//800 752//752 751//751 799//799
f 801//801 800//800 792//792 793//793
f 801//801 753//753 752//752 800//800
f 802//802 801//801 793//793 794//794
f 802//802 754//754 753//753 801//801
f 803//803 802//802 794//794 795//795
f 803//803 755//755 754//754 802//802
f 804//804 803//803 795//795 796//796
f 804//804 756//756 755//755 803//803
f 813//813 729//729 725//725 805//805
f 813//813 773//773 707//707 729//729
f 814//814 813//813 805//805 806//806
f 814//814 774//774 773//773 813//813
f 815//815 814//814 806//806 807//807
f 815//815 775//775 774//774 814//814
f 816//816 815//815 807//807 808//808
f 816//816 776//776 775//775 815//815
f 817//817 816//816 808//808 809//809
f 817//817 777//777 776//776 816//816
f 818//818 817//817 809//809 810//810
f 818//818 778//778 777//777 817//817
f 819//819 818//818 810//810 811//811
f 819//819 779//779 778//778 818//818
f 820//820 819//819 811//811 812//812
f 820//820 780//780 779//779 819//819
f 829//829 742//742 738//738 821//821
f 829//829 805//805 725//725 742//742
f 830//830 829//829 821//821 822//822
f 830//830 806//806 805//805 829//829
f 831//831 830//830 822//822 823//823
f 831//831 807//807 806//806 830//830
f 832//832 831//831 823//823 824//824
f 832//832 808//808 807//807 831//831
f 833//833 832//832 824//824 825//825
f 833//833 809//809 808//808 832//832
f 834//834 833//833 825//825 826//826
f 834//834 810//810 809//809 833//833
f 835//835 834//834 826//826 827//827
f 835//835 811//811 810//810 834//834
f 836//836 835//835 827//827 828//828
f 836//836 812//812 811//811 835//835
f 838//838 837//837 700//700 701//701
f 839//839 838//838 701//701 702//702
f 840//840 839//839 702//702 703//703
f 842//842 841//841 837//837 838//838
f 843//843 842//842 838//838 839//839
f 844//844 843//843 839//839 840//840
f 846//846 845//845 841//841 842//842
f 847//847 846//846 842//842 843//843
f 848//848 847//847 843//843 844//844
f 850//850 849//849 845//845 846//846
f 851//851 850//850 846//846 847//847
f 852//852 851//851 847//847 848//848
f 854//854 853//853 849//849 850//850
f 855//855 854//854 850//850 851//851
f 856//856 855//855 851//851 852//852
f 858//858 857//857 853//853 854//854
f 859//859 858//858 854//854 855//855
f 860//860 859//859 855//855 856//856
f 862//862 861//861 857//857 858//858
f 863//863 862//862 858//858 859//859
f 864//864 863//863 859//859 860//860
f 866//866 865//865 861//861 862//862
f 867//867 866//866 862//862 863//863
f 868//868 867//867 863//863 864//864
f 837//837 869//869 721//721 700//700
f 841//841 870//870 869//869 837//837
f 845//845 871//871 870//870 841//841
f 849//849 872//872 871//871 845//845
f 853//853 873//873 872//872 849//849
f 857//857 874//874 873//873 853//853
f 861//861 875//875 874//874 857//857
f 865//865 876//876 875//875 861//861
f 869//869 877//877 734//734 721//721
f 870//870 878//878 877//877 869//869
f 871//871 879//879 878//878 870//870
f 872//872 880//880 879//879 871//871
f 873//873 881//881 880//880 872//872
f 874//874 882//882 881//881 873//873
f 875//875 883//883 882//882 874//874
f 876//876 884//884 883//883 875//875
f 877//877 885//885 748//748 734//734
f 878//878 886//886 885//885 877//877
f 879//879 887//887 886//886 878//878
f 880//880 888//888 887//887 879//879
f 881//881 889//889 888//888 880//880
f 882//882 890//890 889//889 881//881
f 883//883 891//891 890//890 882//882
f 884//884 892//892 891//891 883//883
f 893//893 840//840 703//703 765//765
f 894//894 893//893 765//765 766//766
f 895//895 894//894 766//766 767//767
f 896//896 895//895 767//767 768//768
f 897//897 896//896 768//768 769//769
f 898//898 897//897 769//769 770//770
f 899//899 898//898 770//770 771//771
f 900//900 899//899 771//771 772//772
f 901//901 844//844 840//840 893//893
f 902//902 901//901 893//893 894//894
f 903//903 902//902 894//894 895//895
f 904//904 903//903 895//895 896//896
f 905//905 904//904 896//896 897//897
f 906//906 905//905 897//897 898//898
f 907//907 906//906 898//898 899//899
f 908//908 907//907 899//899 900//900
f 909//909 848//848 844//844 901//901
f 910//910 909//909 901//901 902//902
f 911//911 910//910 902//902 903//903
f 912//912 911//911 903//903 904//904
f 913//913 912//912 904//904 905//905
f 914//914 913//913 905//905 906//906
f 915//915 914//914 906//906 907//907
f 916//916 915//915 907//907 908//908
f 917//917 852//852 848//848 909//909
f 918//918 917//917 909//909 910//910
f 919//919 918//918 910//910 911//911
f 920//920 919//919 911//911 912//912
f 921//921 920//920 912//912 913//913
f 922//922 921//921 913//913 914//914
f 923//923 922//922 914//914 915//915
f 924//924 923//923 915//915 916//916
f 925//925 856//856 852//852 917//917
f 926//926 925//925 917//917 918//918
f 927//927 926//926 918//918 919//919
f 928//928 927//927 919//919 920//920
f 929//929 928//928 920//920 921//921
f 930//930 929//929 921//921 922//922
f 931//931 930//930 922//922 923//923
f 932//932 931//931 923//923 924//924
f 933//933 860//860 856//856 925//925
f 934//934 933//933 925//925 926//926
f 935//935 934//934 926//926 927//927
f 936//936 935//935 927//927 928//928
f 937//937 936//936 928//928 929//929
f 938//938 937//937 929//929 930//930
f 939//939 938//938 930//930 931//931
f 940//940 939//939 931//931 932//932
f 941//941 864//864 860//860 933//933
f 942//942 941//941 933//933 934//934
f 943//943 942//942 934//934 935//935
f 944//944 943//943 935//935 936//936
f 945//945 944//944 936//936 937//937
f 946//946 945//945 937//937 938//938
f 947//947 946//946 938//938 939//939
f 948//948 947//947 939//939 940//940
f 949//949 868//868 864//864 941//941
f 950//950 949//949 941//941 942//942
f 951//951 950//950 942//942 943//943
f 952//952 951//951 943//943 944//944
f 953//953 952//952 944//944 945//945
f 954//954 953//953 945//945 946//946
f 955//955 954//954 946//946 947//947
f 956//956 955//955 947//947 948//948
f 958//958 957//957 865//865 866//866
f 959//959 958//958 866//866 867//867
f 960//960 959//959 867//867 868//868
f 962//962 961//961 957//957 958//958
f 963//963 962//962 958//958 959//959
f 964//964 963//963 959//959 960//960
f 966//966 965//965 961//961 962//962
f 967//967 966//966 962//962 963//963
f 968//968 967//967 963//963 964//964
f 970//970 969//969 965//965 966//966
f 971//971 970//970 966//966 967//967
f 972//972 971//971 967//967 968//968
f 974//974 973//973 969//969 970//970
f 975//975 974//974 970//970 971//971
f 976//976 975//975 971//971 972//972
f 978//978 977//977 973//973 974//974
f 979//979 978//978 974//974 975//975
f 980//980 979//979 975//975 976//976
f 982//982 981//981 977//977 978//978
f 983//983 982//982 978//978 979//979
f 984//984 983//983 979//979 980//980
f 986//986 985//985 981//981 982//982
f 987//987 986//986 982//982 983//983
f 988//988 987//987 983//983 984//984
f 957//957 989//989 876//876 865//865
f 961//961 990//990 989//989 957//957
f 965//965 991//991 990//990 961//961
f 969//969 992//992 991//991 965//965
f 973//973 993//993 992//992 969//969
f 977//977 994//994 993//993 973//973
f 981//981 995//995 994//994 977//977
f 985//985 996//996 995//995 981//981
f 989//989 997//997 884//884 876//876
f 990//990 998//998 997//997 989//989
f 991//991 999//999 998//998 990//990
f 992//992 1000//1000 999//999 991//991
f 993//993 1001//1001 1000//1000 992//992
f 994//994 1002//1002 1001//1001 993//993
f 995//995 1003//1003 1002//1002 994//994
f 996//996 1004//1004 1003//1003 995//995
f 997//997 1005//1005 892//892 884//884
f 998//998 1006//1006 1005//1005 997//997
f 999//999 1007//1007 1006//1006 998//998
f 1000//1000 1008//1008 1007//1007 999//999
f 1001//1001 1009//1009 1008//1008 1000//1000
f 1002//1002 1010//1010 1009//1009 1001//1001
f 1003//1003 1011//1011 1010//1010 1002//1002
f 1004//1004 1012//1012 1011//1011 1003//1003
f 1013//1013 960//960 868//868 949//949
f 1014//1014 1013//1013 949//949 950//950
f 1015//1015 1014//1014 950//950 951//951
f 1016//1016 1015//1015 951//951 952//952
f 1017//1017 1016//1016 952//952 953//953
f 1018//1018 1017//1017 953//953 954//954
f 1019//1019 1018//1018 954//954 955//955
f 1020//1020 1019//1019 955//955 956//956
f 1021//1021 964//964 960//960 1013//1013
f 1022//1022 1021//1021 1013//1013 1014//1014
f 1023//1023 1022//1022 1014//1014 1015//1015
f 1024//1024 1023//1023 1015//1015 1016//1016
f 1025//1025 1024//1024 1016//1016 1017//1017
f 1026//1026 1025//1025 1017//1017 1018//1018
f 1027//1027 1026//1026 1018//1018 1019//1019
f 1028//1028 1027//1027 1019//1019 1020//1020
f 1029//1029 968//968 964//964 1021//1021
f 1030//1030 1029//1029 1021//1021 1022//1022
f 1031//1031 1030//1030 1022//1022 1023//1023
f 1032//1032 1031//1031 1023//1023 1024//1024
f 1033//1033 1032//1032 1024//1024 1025//1025
f 1034//1034 1033//1033 1025//1025 1026//1026
f 1035//1035 1034//1034 1026//1026 1027//1027
f 1036//1036 1035//1035 1027//1027 1028//1028
f 1037//1037 972//972 968//968 1029//1029
f 1038//1038 1037//1037 1029//1029 1030//1030
f 1039//1039 1038//1038 1030//1030 1031//1031
f 1040//1040 1039//1039 1031//1031 1032//1032
f 1041//1041 1040//1040 1032//1032 1033//1033
f 1042//1042 1041//1041 1033//1033 1034//1034
f 1043//1043 1042//1042 1034//1034 1035//1035
f 1044//1044 1043//1043 1035//1035 1036//1036
f 1045//1045 976//976 972//972 1037//1037
f 1046//1046 1045//1045 1037//1037 1038//1038
f 1047//1047 1046//1046 1038//1038 1039//1039
f 1048//1048 1047//1047 1039//1039 1040//1040
f 1049//1049 1048//1048 1040//1040 1041//1041
f 1050//1050 1049//1049 1041//1041 1042//1042
f 1051//1051 1050//1050 1042//1042 1043//1043
f 1052//1052 1051//1051 1043//1043 1044//1044
f 1053//1053 980//980 976//976 1045//1045
f 1054//1054 1053//1053 1045//1045 1046//1046
f 1055//1055 1054//1054 1046//1046 1047//1047
f 1056//1056 1055//1055 1047//1047 1048//1048
f 1057//1057 1056//1056 1048//1048 1049//1049
f 1058//1058 1057//1057 1049//1049 1050//1050
f 1059//1059 1058//1058 1050//1050 1051//1051
f 1060//1060 1059//1059 1051//1051 1052//1052
f 1061//1061 984//984 980//980 1053//1053
f 1062//1062 1061//1061 1053//1053 1054//1054
f 1063//1063 1062//1062 1054//1054 1055//1055
f 1064//1064 1063//1063 1055//1055 1056//1056
f 1065//1065 1064//1064 1056//1056 1057//1057
f 1066//1066 1065//1065 1057//1057 1058//1058
f 1067//1067 1066//1066 1058//1058 1059//1059
f 1068//1068 1067//1067 1059//1059 1060//1060
f 1069//1069 988//988 984//984 1061//1061
f 1070//1070 1069//1069 1061//1061 1062//1062
f 1071//1071 1070//1070 1062//1062 1063//1063
f 1072//1072 1071//1071 1063//1063 1064//1064
f 1073//1073 1072//1072 1064//1064 1065//1065
f 1074//1074 1073//1073 1065//1065 1066//1066
f 1075//1075 1074//1074 1066//1066 1067//1067
f 1076//1076 1075//1075 1067//1067 1068//1068
f 1078//1078 1077//1077 985//985 986//986
f 1079//1079 1078//1078 986//986 987//987
f 1080//1080 1079//1079 987//987 988//988
f 1082//1082 1081//1081 1077//1077 1078//1078
f 1083//1083 1082//1082 1078//1078 1079//1079
f 1084//1084 1083//1083 1079//1079 1080//1080
f 1086//1086 1085//1085 1081//1081 1082//1082
f 1087//1087 1086//1086 1082//1082 1083//1083
f 1088//1088 1087//1087 1083//1083 1084//1084
f 1090//1090 1089//1089 1085//1085 1086//1086
f 1091//1091 1090//1090 1086//1086 1087//1087
f 1092//1092 1091//1091 1087//1087 1088//1088
f 1094//1094 1093//1093 1089//1089 1090//1090
f 1095//1095 1094//1094 1090//1090 1091//1091
f 1096//1096 1095//1095 1091//1091 1092//1092
f 1098//1098 1097//1097 1093//1093 1094//1094
f 1099//1099 1098//1098 1094//1094 1095//1095
f 1100//1100 1099//1099 1095//1095 1096//1096
f 1102//1102 1101//1101 1097//1097 1098//1098
f 1103//1103 1102//1102 1098//1098 1099//1099
f 1104//1104 1103//1103 1099//1099 1100//1100
f 1106//1106 1105//1105 1101//1101 1102//1102
f 1107//1107 1106//1106 1102//1102 1103//1103
f 1108//1108 1107//1107 1103//1103 1104//1104
f 1077//1077 1109//1109 996//996 985//985
f 1081//1081 1110//1110 1109//1109 1077//1077
f 1085//1085 1111//1111 1110//1110 1081//1081
f 1089//1089 1112//1112 1111//1111 1085//1085
f 1093//1093 1113//1113 1112//1112 1089//1089
f 1097//1097 1114//1114 1113//1113 1093//1093
f 1101//1101 1115//1115 1114//1114 1097//1097
f 1105//1105 1116//1116 1115//1115 1101//1101
f 1109//1109 1117//1117 1004//1004 996//996
f 1110//1110 1118//1118 1117//1117 1109//1109
f 1111//1111 1119//1119 1118//1118 1110//1110
f 1112//1112 1120//1120 1119//1119 1111//1111
f 1113//1113 1121//1121 1120//1120 1112//1112
f 1114//1114 1122//1122 1121//1121 1113//1113
f 1115//1115 1123//1123 1122//1122 1114//1114
f 1116//1116 1124//1124 1123//1123 1115//1115
f 1117//1117 1125//1125 1012//1012 1004//1004
f 1118//1118 1126//1126 1125//1125 1117//1117
f 1119//1119 1127//1127 1126//1126 1118//1118
f 1120//1120 1128//1128 1127//1127 1119//1119
f 1121//1121 1129//1129 1128//1128 1120//1120
f 1122//1122 1130//1130 1129//1129 1121//1121
f 1123//1123 1131//1131 1130//1130 1122//1122
f 1124//1124 1132//1132 1131//1131 1123//1123
f 1133//1133 1080//1080 988//988 1069//1069
f 1134//1134 1133//1133 1069//1069 1070//1070
f 1135//1135 1134//1134 1070//1070 1071//1071
f 1136//1136 1135//1135 1071//1071 1072//1072
f 1137//1137 1136//1136 1072//1072 1073//1073
f 1138//1138 1137//1137 1073//1073 1074//1074
f 1139//1139 1138//1138 1074//1074 1075//1075
f 1140//1140 1139//1139 1075//1075 1076//1076
f 1141//1141 1084//1084 1080//1080 1133//1133
f 1142//1142 1141//1141 1133//1133 1134//1134
f 1143//1143 1142//1142 1134//1134 1135//1135
f 1144//1144 1143//1143 1135//1135 1136//1136
f 1145//1145 1144//1144 1136//1136 1137//1137
f 1146//1146 1145//1145 1137//1137 1138//1138
f 1147//1147 1146//1146 1138//1138 1139//1139
f 1148//1148 1147//1147 1139//1139 1140//1140
f 1149//1149 1088//1088 1084//1084 1141//1141
f 1150//1150 1149//1149 1141//1141 1142//1142
f 1151//1151 1150//1150 1142//1142 1143//1143
f 1152//1152 1151//1151 1143//1143 1144//1144
f 1153//1153 1152//1152 1144//1144 1145//1145
f 1154//1154 1153//1153 1145//1145 1146//1146
f 1155//1155 1154//1154 1146//1146 1147//1147
f 1156//1156 1155//1155 1147//1147 1148//1148
f 1157//1157 1092//1092 1088//1088 1149//1149
f 1158//1158 1157//1157 1149//1149 1150//1150
f 1159//1159 1158//1158 1150//1150 1151//1151
f 1160//1160 1159//1159 1151//1151 1152//1152
f 1161//1161 1160//1160 1152//1152 1153//1153
f 1162//1162 1161//1161 1153//1153 1154//1154
f 1163//1163 1162//1162 1154//1154 1155//1155
f 1164//1164 1163//1163 1155//1155 1156//1156
f 1165//1165 1096//1096 1092//1092 1157//1157
f 1166//1166 1165//1165 1157//1157 1158//1158
f 1167//1167 1166//1166 1158//1158 1159//1159
f 1168//1168 1167//1167 1159//1159 1160//1160
f 1169//1169 1168//1168 1160//1160 1161//1161
f 1170//1170 1169//1169 1161//1161 1162//1162
f 1171//1171 1170//1170 1162//1162 1163//1163
f 1172//1172 1171//1171 1163//1163 1164//1164
f 1173//1173 1100//1100 1096//1096 1165//1165
f 1174//1174 1173//1173 1165//1165 1166//1166
f 1175//1175 1174//1174 1166//1166 1167//1167
f 1176//1176 1175//1175 1167//1167 1168//1168
f 1177//1177 1176//1176 1168//1168 1169//1169
f 1178//1178 1177//1177 1169//1169 1170//1170
f 1179//1179 1178//1178 1170//1170 1171//1171
f 1180//1180 1179//1179 1171//1171 1172//1172
f 1181//1181 1104//1104 1100//1100 1173//1173
f 1182//1182 1181//1181 1173//1173 1174//1174
f 1183//1183 1182//1182 1174//1174 1175//1175
f 1184//1184 1183//1183 1175//1175 1176//1176
f 1185//1185 1184//1184 1176//1176 1177//1177
f 1186//1186 1185//1185 1177//1177 1178//1178
f 1187//1187 1186//1186 1178//1178 1179//1179
f 1188//1188 1187//1187 1179//1179 1180//1180
f 1189//1189 1108//1108 1104//1104 1181//1181
f 1190//1190 1189//1189 1181//1181 1182//1182
f 1191//1191 1190//1190 1182//1182 1183//1183
f 1192//1192 1191//1191 1183//1183 1184//1184
f 1193//1193 1192//1192 1184//1184 1185//1185
f 1194//1194 1193//1193 1185//1185 1186//1186
f 1195//1195 1194//1194 1186//1186 1187//1187
f 1196//1196 1195//1195 1187//1187 1188//1188
f 1198//1198 1197//1197 1105//1105 1106//1106
f 1199//1199 1198//1198 1106//1106 1107//1107
f 1200//1200 1199//1199 1107//1107 1108//1108
f 1202//1202 1201//1201 1197//1197 1198//1198
f 1203//1203 1202//1202 1198//1198 1199//1199
f 1204//1204 1203//1203 1199//1199 1200//1200
f 1206//1206 1205//1205 1201//1201 1202//1202
f 1207//1207 1206//1206 1202//1202 1203//1203
f 1208//1208 1207//1207 1203//1203 1204//1204
f 1210//1210 1209//1209 1205//1205 1206//1206
f 1211//1211 1210//1210 1206//1206 1207//1207
f 1212//1212 1211//1211 1207//1207 1208//1208
f 1214//1214 1213//1213 1209//1209 1210//1210
f 1215//1215 1214//1214 1210//1210 1211//1211
f 1216//1216 1215//1215 1211//1211 1212//1212
f 1218//1218 1217//1217 1213//1213 1214//1214
f 1219//1219 1218//1218 1214//1214 1215//1215
f 1220//1220 1219//1219 1215//1215 1216//1216
f 1222//1222 1221//1221 1217//1217 1218//1218
f 1223//1223 1222//1222 1218//1218 1219//1219
f 1224//1224 1223//1223 1219//1219 1220//1220
f 1226//1226 1225//1225 1221//1221 1222//1222
f 1227//1227 1226//1226 1222//1222 1223//1223
f 1228//1228 1227//1227 1223//1223 1224//1224
f 1197//1197 1229//1229 1116//1116 1105//1105
f 1201//1201 1230//1230 1229//1229 1197//1197
f 1205//1205 1231//1231 1230//1230 1201//1201
f 1209//1209 1232//1232 1231//1231 1205//1205
f 1213//1213 1233//1233 1232//1232 1209//1209
f 1217//1217 1234//1234 1233//1233 1213//1213
f 1221//1221 1235//1235 1234//1234 1217//1217
f 1225//1225 1236//1236 1235//1235 1221//1221
f 1229//1229 1237//1237 1124//1124 1116//1116
f 1230//1230 1238//1238 1237//1237 1229//1229
f 1231//1231 1239//1239 1238//1238 1230//1230
f 1232//1232 1240//1240 1239//1239 1231//1231
f 1233//1233 1241//1241 1240//1240 1232//1232
f 1234//1234 1242//1242 1241//1241 1233//1233
f 1235//1235 1243//1243 1242//1242 1234//1234
f 1236//1236 1244//1244 1243//1243 1235//1235
f 1237//1237 1245//1245 1132//1132 1124//1124
f 1238//1238 1246//1246 1245//1245 1237//1237
f 1239//1239 1247//1247 1246//1246 1238//1238
f 1240//1240 1248//1248 1247//1247 1239//1239
f 1241//1241 1249//1249 1248//1248 1240//1240
f 1242//1242 1250//1250 1249//1249 1241//1241
f 1243//1243 1251//1251 1250//1250 1242//1242
f 1244//1244 1252//1252 1251//1251 1243//1243
f 1253//1253 1200//1200 1108//1108 1189//1189
f 1254//1254 1253//1253 1189//1189 1190//1190
f 1255//1255 1254//1254 1190//1190 1191//1191
f 1256//1256 1255//1255 1191//1191 1192//1192
f 1257//1257 1256//1256 1192//1192 1193//1193
f 1258//1258 1257//1257 1193//1193 1194//1194
f 1259//1259 1258//1258 1194//1194 1195//1195
f 1260//1260 1259//1259 1195//1195 1196//1196
f 1261//1261 1204//1204 1200//1200 1253//1253
f 1262//1262 1261//1261 1253//1253 1254//1254
f 1263//1263 1262//1262 1254//1254 1255//1255
f 1264//1264 1263//1263 1255//1255 1256//1256
f 1265//1265 1264//1264 1256//1256 1257//1257
f 1266//1266 1265//1265 1257//1257 1258//1258
f 1267//1267 1266//1266 1258//1258 1259//1259
f 1268//1268 1267//1267 1259//1259 1260//1260
f 1269//1269 1208//1208 1204//1204 1261//1261
f 1270//1270 1269//1269 1261//1261 1262//1262
f 1271//1271 1270//1270 1262//1262 1263//1263
f 1272//1272 1271//1271 1263//1263 1264//1264
f 1273//1273 1272//1272 1264//1264 1265//1265
f 1274//1274 1273//1273 1265//1265 1266//1266
f 1275//1275 1274//1274 1266//1266 1267//1267
f 1276//1276 1275//1275 1267//1267 1268//1268
f 1277//1277 1212//1212 1208//1208 1269//1269
f 1278//1278 1277//1277 1269//1269 1270//1270
f 1279//1279 1278//1278 1270//1270 1271//1271
f 1280//1280 1279//1279 1271//1271 1272//1272
f 1281//1281 1280//1280 1272//1272 1273//1273
f 1282//1282 1281//1281 1273//1273 1274//1274
f 1283//1283 1282//1282 1274//1274 1275//1275
f 1284//1284 1283//1283 1275//1275 1276//1276
f 1285//1285 1216//1216 1212//1212 1277//1277
f 1286//1286 1285//1285 1277//1277 1278//1278
f 1287//1287 1286//1286 1278//1278 1279//1279
f 1288//1288 1287//1287 1279//1279 1280//1280
f 1289//1289 1288//1288 1280//1280 1281//1281
f 1290//1290 1289//1289 1281//1281 1282//1282
f 1291//1291 1290//1290 1282//1282 1283//1283
f 1292//1292 1291//1291 1283//1283 1284//1284
f 1293//1293 1220//1220 1216//1216 1285//1285
f 1294//1294 1293//1293 1285//1285 1286//1286
f 1295//1295 1294//1294 1286//1286 1287//1287
f 1296//1296 1295//1295 1287//1287 1288//1288
f 1297//1297 1296//1296 1288//1288 1289//1289
f 1298//1298 1297//1297 1289//1289 1290//1290
f 1299//1299 1298//1298 1290//1290 1291//1291
f 1300//1300 1299//1299 1291//1291 1292//1292
f 1301//1301 1224//1224 1220//1220 1293//1293
f 1302//1302 1301//1301 1293//1293 1294//1294
f 1303//1303 1302//1302 1294//1294 1295//1295
f 1304//1304 1303//1303 1295//1295 1296//1296
f 1305//1305 1304//1304 1296//1296 1297//1297
f 1306//1306 1305//1305 1297//1297 1298//1298
f 1307//1307 1306//1306 1298//1298 1299//1299
f 1308//1308 1307//1307 1299//1299 1300//1300
f 1309//1309 1228//1228 1224//1224 1301//1301
f 1310//1310 1309//1309 1301//1301 1302//1302
f 1311//1311 1310//1310 1302//1302 1303//1303
f 1312//1312 1311//1311 1303//1303 1304//1304
f 1313//1313 1312//1312 1304//1304 1305//1305
f 1314//1314 1313//1313 1305//1305 1306//1306
f 1315//1315 1314//1314 1306//1306 1307//1307
f 1316//1316 1315//1315 1307//1307 1308//1308
f 1318//1318 1317//1317 1225//1225 1226//1226
f 1319//1319 1318//1318 1226//1226 1227//1227
f 1320//1320 1319//1319 1227//1227 1228//1228
f 1322//1322 1321//1321 1317//1317 1318//1318
f 1323//1323 1322//1322 1318//1318 1319//1319
f 1324//1324 1323//1323 1319//1319 1320//1320
f 1326//1326 1325//1325 1321//1321 1322//1322
f 1327//1327 1326//1326 1322//1322 1323//1323
f 1328//1328 1327//1327 1323//1323 1324//1324
f 1330//1330 1329//1329 1325//1325 1326//1326
f 1331//1331 1330//1330 1326//1326 1327//1327
f 1332//1332 1331//1331 1327//1327 1328//1328
f 1334//1334 1333//1333 1329//1329 1330//1330
f 1335//1335 1334//1334 1330//1330 1331//1331
f 1336//1336 1335//1335 1331//1331 1332//1332
f 1338//1338 1337//1337 1333//1333 1334//1334
f 1339//1339 1338//1338 1334//1334 1335//1335
f 1340//1340 1339//1339 1335//1335 1336//1336
f 1342//1342 1341//1341 1337//1337 1338//1338
f 1343//1343 1342//1342 1338//1338 1339//1339
f 1344//1344 1343//1343 1339//1339 1340//1340
f 1346//1346 1345//1345 1341//1341 1342//1342
f 1347//1347 1346//1346 1342//1342 1343//1343
f 1348//1348 1347//1347 1343//1343 1344//1344
f 1317//1317 1349//1349 1236//1236 1225//1225
f 1321//1321 1350//1350 1349//1349 1317//1317
f 1325//1325 1351//1351 1350//1350 1321//1321
f 1329//1329 1352//1352 1351//1351 1325//1325
f 1333//1333 1353//1353 1352//1352 1329//1329
f 1337//1337 1354//1354 1353//1353 1333//1333
f 1341//1341 1355//1355 1354//1354 1337//1337
f 1345//1345 1356//1356 1355//1355 1341//1341
f 1349//1349 1357//1357 1244//1244 1236//1236
f 1350//1350 1358//1358 1357//1357 1349//1349
f 1351//1351 1359//1359 1358//1358 1350//1350
f 1352//1352 1360//1360 1359//1359 1351//1351
f 1353//1353 1361//1361 1360//1360 1352//1352
f 1354//1354 1362//1362 1361//1361 1353//1353
f 1355//1355 1363//1363 1362//1362 1354//1354
f 1356//1356 1364//1364 1363//1363 1355//1355
f 1357//1357 1365//1365 1252//1252 1244//1244
f 1358//1358 1366//1366 1365//1365 1357//1357
f 1359//1359 1367//1367 1366//1366 1358//1358
f 1360//1360 1368//1368 1367//1367 1359//1359
f 1361//1361 1369//1369 1368//1368 1360//1360
f 1362//1362 1370//1370 1369//1369 1361//1361
f 1363//1363 1371//1371 1370//1370 1362//1362
f 1364//1364 1372//1372 1371//1371 1363//1363
f 1373//1373 1320//1320 1228//1228 1309//1309
f 1374//1374 1373//1373 1309//1309 1310//1310
f 1375//1375 1374//1374 1310//1310 1311//1311
f 1376//1376 1375//1375 1311//1311 1312//1312
f 1377//1377 1376//1376 1312//1312 1313//1313
f 1378//1378 1377//1377 1313//1313 1314//1314
f 1379//1379 1378//1378 1314//1314 1315//1315
f 1380//1380 1379//1379 1315//1315 1316//1316
f 1381//1381 1324//1324 1320//1320 1373//1373
f 1382//1382 1381//1381 1373//1373 1374//1374
f 1383//1383 1382//1382 1374//1374 1375//1375
f 1384//1384 1383//1383 1375//1375 1376//1376
f 1385//1385 1384//1384 1376//1376 1377//1377
f 1386//1386 1385//1385 1377//1377 1378//1378
f 1387//1387 1386//1386 1378//1378 1379//1379
f 1388//1388 1387//1387 1379//1379 1380//1380
f 1389//1389 1328//1328 1324//1324 1381//1381
f 1390//1390 1389//1389 1381//1381 1382//1382
f 1391//1391 1390//1390 1382//1382 1383//1383
f 1392//1392 1391//1391 1383//1383 1384//1384
f 1393//1393 1392//1392 1384//1384 1385//1385
f 1394//1394 1393//1393 1385//1385 1386//1386
f 1395//1395 1394//1394 1386//1386 1387//1387
f 1396//1396 1395//1395 1387//1387 1388//1388
f 1397//1397 1332//1332 1328//1328 1389//1389
f 1398//1398 1397//1397 1389//1389 1390//1390
f 1399//1399 1398//1398 1390//1390 1391//1391
f 1400//1400 1399//1399 1391//1391 1392//1392
f 1401//1401 1400//1400 1392//1392 1393//1393
f 1402//1402 1401//1401 1393//1393 1394//1394
f 1403//1403 1402//1402 1394//1394 1395//1395
f 1404//1404 1403//1403 1395//1395 1396//1396
f 1405//1405 1336//1336 1332//1332 1397//1397
f 1406//1406 1405//1405 1397//1397 1398//1398
f 1407//1407 1406//1406 1398//1398 1399//1399
f 1408//1408 1407//1407 1399//1399 1400//1400
f 1409//1409 1408//1408 1400//1400 1401//1401
f 1410//1410 1409//1409 1401//1401 1402//1402
f 1411//1411 1410//1410 1402//1402 1403//1403
f 1412//1412 1411//1411 1403//1403 1404//1404
f 1413//1413 1340//1340 1336//1336 1405//1405
f 1414//1414 1413//1413 1405//1405 1406//1406
f 1415//1415 1414//1414 1406//1406 1407//1407
f 1416//1416 1415//1415 1407//1407 1408//1408
f 1417//1417 1416//1416 1408//1408 1409//1409
f 1418//1418 1417//1417 1409//1409 1410//1410
f 1419//1419 1418//1418 1410//1410 1411//1411
f 1420//1420 1419//1419 1411//1411 1412//1412
f 1421//1421 1344//1344 1340//1340 1413//1413
f 1422//1422 1421//1421 1413//1413 1414//1414
f 1423//1423 1422//1422 1414//1414 1415//1415
f 1424//1424 1423//1423 1415//1415 1416//1416
f 1425//1425 1424//1424 1416//1416 1417//1417
f 1426//1426 1425//1425 1417//1417 1418//1418
f 1427//1427 1426//1426 1418//1418 1419//1419
f 1428//1428 1427//1427 1419//1419 1420//1420
f 1429//1429 1348//1348 1344//1344 1421//1421
f 1430//1430 1429//1429 1421//1421 1422//1422
f 1431//1431 1430//1430 1422//1422 1423//1423
f 1432//1432 1431//1431 1423//1423 1424//1424
f 1433//1433 1432//1432 1424//1424 1425//1425
f 1434//1434 1433//1433 1425//1425 1426//1426
f 1435//1435 1434//1434 1426//1426 1427//1427
f 1436//1436 1435//1435 1427//1427 1428//1428
f 1441//1441 1440//1440 1345//1345 1346//1346
f 1442//1442 1441//1441 1346//1346 1347//1347
f 1443//1443 1442//1442 1347//1347 1348//1348
f 1445//1445 1444//1444 1440//1440 1441//1441
f 1446//1446 1445//1445 1441//1441 1442//1442
f 1447//1447 1446//1446 1442//1442 1443//1443
f 1449//1449 1448//1448 1444//1444 1445//1445
f 1450//1450 1449//1449 1445//1445 1446//1446
f 1451//1451 1450//1450 1446//1446 1447//1447
f 1453//1453 1452//1452 1448//1448 1449//1449
f 1454//1454 1453//1453 1449//1449 1450//1450
f 1455//1455 1454//1454 1450//1450 1451//1451
f 1457//1457 1456//1456 1452//1452 1453//1453
f 1458//1458 1457//1457 1453//1453 1454//1454
f 1459//1459 1458//1458 1454//1454 1455//1455
f 1461//1461 1460//1460 1456//1456 1457//1457
f 1462//1462 1461//1461 1457//1457 1458//1458
f 1463//1463 1462//1462 1458//1458 1459//1459
f 1465//1465 1464//1464 1460//1460 1461//1461
f 1466//1466 1465//1465 1461//1461 1462//1462
f 1467//1467 1466//1466 1462//1462 1463//1463
f 1469//1469 1468//1468 1464//1464 1465//1465
f 1470//1470 1469//1469 1465//1465 1466//1466
f 1470//1470 1438//1438 1437//1437 1469//1469
f 1471//1471 1470//1470 1466//1466 1467//1467
f 1471//1471 1439//1439 1438//1438 1470//1470
f 1440//1440 1472//1472 1356//1356 1345//1345
f 1444//1444 1473//1473 1472//1472 1440//1440
f 1448//1448 1474//1474 1473//1473 1444//1444
f 1452//1452 1475//1475 1474//1474 1448//1448
f 1456//1456 1476//1476 1475//1475 1452//1452
f 1460//1460 1477//1477 1476//1476 1456//1456
f 1464//1464 1478//1478 1477//1477 1460//1460
f 1468//1468 1479//1479 1478//1478 1464//1464
f 1472//1472 1480//1480 1364//1364 1356//1356
f 1473//1473 1481//1481 1480//1480 1472//1472
f 1474//1474 1482//1482 1481//1481 1473//1473
f 1475//1475 1483//1483 1482//1482 1474//1474
f 1476//1476 1484//1484 1483//1483 1475//1475
f 1477//1477 1485//1485 1484//1484 1476//1476
f 1478//1478 1486//1486 1485//1485 1477//1477
f 1479//1479 1487//1487 1486//1486 1478//1478
f 1480//1480 1488//1488 1372//1372 1364//1364
f 1481//1481 1489//1489 1488//1488 1480//1480
f 1482//1482 1490//1490 1489//1489 1481//1481
f 1483//1483 1491//1491 1490//1490 1482//1482
f 1484//1484 1492//1492 1491//1491 1483//1483
f 1485//1485 1493//1493 1492//1492 1484//1484
f 1486//1486 1494//1494 1493//1493 1485//1485
f 1487//1487 1495//1495 1494//1494 1486//1486
f 1504//1504 1443//1443 1348//1348 1429//1429
f 1505//1505 1504//1504 1429//1429 1430//1430
f 1506//1506 1505//1505 1430//1430 1431//1431
f 1507//1507 1506//1506 1431//1431 1432//1432
f 1508//1508 1507//1507 1432//1432 1433//1433
f 1509//1509 1508//1508 1433//1433 1434//1434
f 1510//1510 1509//1509 1434//1434 1435//1435
f 1511//1511 1510//1510 1435//1435 1436//1436
f 1512//1512 1447//1447 1443//1443 1504//1504
f 1513//1513 1512//1512 1504//1504 1505//1505
f 1514//1514 1513//1513 1505//1505 1506//1506
f 1515//1515 1514//1514 1506//1506 1507//1507
f 1516//1516 1515//1515 1507//1507 1508//1508
f 1517//1517 1516//1516 1508//1508 1509//1509
f 1518//1518 1517//1517 1509//1509 1510//1510
f 1519//1519 1518//1518 1510//1510 1511//1511
f 1520//1520 1451//1451 1447//1447 1512//1512
f 1521//1521 1520//1520 1512//1512 1513//1513
f 1522//1522 1521//1521 1513//1513 1514//1514
f 1523//1523 1522//1522 1514//1514 1515//1515
f 1524//1524 1523//1523 1515//1515 1516//1516
f 1525//1525 1524//1524 1516//1516 1517//1517
f 1526//1526 1525//1525 1517//1517 1518//1518
f 1527//1527 1526//1526 1518//1518 1519//1519
f 1528//1528 1455//1455 1451//1451 1520//1520
f 1529//1529 1528//1528 1520//1520 1521//1521
f 1530//1530 1529//1529 1521//1521 1522//1522
f 1531//1531 1530//1530 1522//1522 1523//1523
f 1532//1532 1531//1531 1523//1523 1524//1524
f 1533//1533 1532//1532 1524//1524 1525//1525
f 1534//1534 1533//1533 1525//1525 1526//1526
f 1535//1535 1534//1534 1526//1526 1527//1527
f 1536//1536 1459//1459 1455//1455 1528//1528
f 1537//1537 1536//1536 1528//1528 1529//1529
f 1538//1538 1537//1537 1529//1529 1530//1530
f 1539//1539 1538//1538 1530//1530 1531//1531
f 1540//1540 1539//1539 1531//1531 1532//1532
f 1541//1541 1540//1540 1532//1532 1533//1533
f 1542//1542 1541//1541 1533//1533 1534//1534
f 1543//1543 1542//1542 1534//1534 1535//1535
f 1544//1544 1463//1463 1459//1459 1536//1536
f 1545//1545 1544//1544 1536//1536 1537//1537
f 1546//1546 1545//1545 1537//1537 1538//1538
f 1547//1547 1546//1546 1538//1538 1539//1539
f 1548//1548 1547//1547 1539//1539 1540//1540
f 1549//1549 1548//1548 1540//1540 1541//1541
f 1550//1550 1549//1549 1541//1541 1542//1542
f 1551//1551 1550//1550 1542//1542 1543//1543
f 1552//1552 1467//1467 1463//1463 1544//1544
f 1553//1553 1552//1552 1544//1544 1545//1545
f 1554//1554 1553//1553 1545//1545 1546//1546
f 1555//1555 1554//1554 1546//1546 1547//1547
f 1556//1556 1555//1555 1547//1547 1548//1548
f 1557//1557 1556//1556 1548//1548 1549//1549
f 1558//1558 1557//1557 1549//1549 1550//1550
f 1559//1559 1558//1558 1550//1550 1551//1551
f 1560//1560 1471//1471 1467//1467 1552//1552
f 1560//1560 1496//1496 1439//1439 1471//1471
f 1561//1561 1560//1560 1552//1552 1553//1553
f 1561//1561 1497//1497 1496//1496 1560//1560
f 1562//1562 1561//1561 1553//1553 1554//1554
f 1562//1562 1498//1498 1497//1497 1561//1561
f 1563//1563 1562//1562 1554//1554 1555//1555
f 1563//1563 1499//1499 1498//1498 1562//1562
f 1564//1564 1563//1563 1555//1555 1556//1556
f 1564//1564 1500//1500 1499//1499 1563//1563
f 1565//1565 1564//1564 1556//1556 1557//1557
f 1565//1565 1501//1501 1500//1500 1564//1564
f 1566//1566 1565//1565 1557//1557 1558//1558
f 1566//1566 1502//1502 1501//1501 1565//1565
f 1567//1567 1566//1566 1558//1558 1559//1559
f 1567//1567 1503//1503 1502//1502 1566//1566
f 1569//1569 359//359 358//358 1568//1568
f 1570//1570 360//360 359//359 1569//1569
f 1571//1571 361//361 360//360 1570//1570
f 362//362 1572//1572 1568//1568 358//358
f 363//363 1573//1573 1572//1572 362//362
f 364//364 1574//1574 1573//1573 363//363
f 365//365 1575//1575 1574//1574 364//364
f 366//366 1576//1576 1575//1575 365//365
f 367//367 1577//1577 1576//1576 366//366
f 368//368 1578//1578 1577//1577 367//367
f 1580//1580 1569//1569 1568//1568 1579//1579
f 1581//1581 1570//1570 1569//1569 1580//1580
f 1582//1582 1571//1571 1570//1570 1581//1581
f 1572//1572 1583//1583 1579//1579 1568//1568
f 1573//1573 1584//1584 1583//1583 1572//1572
f 1574//1574 1585//1585 1584//1584 1573//1573
f 1575//1575 1586//1586 1585//1585 1574//1574
f 1576//1576 1587//1587 1586//1586 1575//1575
f 1577//1577 1588//1588 1587//1587 1576//1576
f 1578//1578 1589//1589 1588//1588 1577//1577
f 1591//1591 1580//1580 1579//1579 1590//1590
f 1592//1592 1581//1581 1580//1580 1591//1591
f 1593//1593 1582//1582 1581//1581 1592//1592
f 1583//1583 1594//1594 1590//1590 1579//1579
f 1584//1584 1595//1595 1594//1594 1583//1583
f 1585//1585 1596//1596 1595//1595 1584//1584
f 1586//1586 1597//1597 1596//1596 1585//1585
f 1587//1587 1598//1598 1597//1597 1586//1586
f 1588//1588 1599//1599 1598//1598 1587//1587
f 1589//1589 1600//1600 1599//1599 1588//1588
f 1602//1602 1591//1591 1590//1590 1601//1601
f 1603//1603 1602//1602 1437//1437 1438//1438
f 1603//1603 1592//1592 1591//1591 1602//1602
f 1604//1604 1603//1603 1438//1438 1439//1439
f 1604//1604 1593//1593 1592//1592 1603//1603
f 1594//1594 1605//1605 1601//1601 1590//1590
f 1595//1595 1606//1606 1605//1605 1594//1594
f 1596//1596 1607//1607 1606//1606 1595//1595
f 1597//1597 1608//1608 1607//1607 1596//1596
f 1598//1598 1609//1609 1608//1608 1597//1597
f 1599//1599 1610//1610 1609//1609 1598//1598
f 1600//1600 1611//1611 1610//1610 1599//1599
f 1613//1613 1612//1612 1468//1468 1469//1469
f 1613//1613 1602//1602 1601//1601 1612//1612
f 1602//1602 1613//1613 1469//1469 1437//1437
f 1605//1605 1614//1614 1612//1612 1601//1601
f 1606//1606 1615//1615 1614//1614 1605//1605
f 1607//1607 1616//1616 1615//1615 1606//1606
f 1608//1608 1617//1617 1616//1616 1607//1607
f 1609//1609 1618//1618 1617//1617 1608//1608
f 1610//1610 1619//1619 1618//1618 1609//1609
f 1611//1611 1620//1620 1619//1619 1610//1610
f 1612//1612 1621//1621 1479//1479 1468//1468
f 1614//1614 1622//1622 1621//1621 1612//1612
f 1615//1615 1623//1623 1622//1622 1614//1614
f 1616//1616 1624//1624 1623//1623 1615//1615
f 1617//1617 1625//1625 1624//1624 1616//1616
f 1618//1618 1626//1626 1625//1625 1617//1617
f 1619//1619 1627//1627 1626//1626 1618//1618
f 1620//1620 1628//1628 1627//1627 1619//1619
f 1621//1621 1629//1629 1487//1487 1479//1479
f 1622//1622 1630//1630 1629//1629 1621//1621
f 1623//1623 1631//1631 1630//1630 1622//1622
f 1624//1624 1632//1632 1631//1631 1623//1623
f 1625//1625 1633//1633 1632//1632 1624//1624
f 1626//1626 1634//1634 1633//1633 1625//1625
f 1627//1627 1635//1635 1634//1634 1626//1626
f 1628//1628 1636//1636 1635//1635 1627//1627
f 1629//1629 1637//1637 1495//1495 1487//1487
f 1630//1630 1638//1638 1637//1637 1629//1629
f 1631//1631 1639//1639 1638//1638 1630//1630
f 1632//1632 1640//1640 1639//1639 1631//1631
f 1633//1633 1641//1641 1640//1640 1632//1632
f 1634//1634 1642//1642 1641//1641 1633//1633
f 1635//1635 1643//1643 1642//1642 1634//1634
f 1636//1636 1644//1644 1643//1643 1635//1635
f 1645//1645 481//481 361//361 1571//1571
f 1646//1646 482//482 481//481 1645//1645
f 1647//1647 483//483 482//482 1646//1646
f 1648//1648 484//484 483//483 1647//1647
f 1649//1649 485//485 484//484 1648//1648
f 1650//1650 486//486 485//485 1649//1649
f 1651//1651 487//487 486//486 1650//1650
f 1652//1652 488//488 487//487 1651//1651
f 1653//1653 1645//1645 1571//1571 1582//1582
f 1654//1654 1646//1646 1645//1645 1653//1653
f 1655//1655 1647//1647 1646//1646 1654//1654
f 1656//1656 1648//1648 1647//1647 1655//1655
f 1657//1657 1649//1649 1648//1648 1656//1656
f 1658//1658 1650//1650 1649//1649 1657//1657
f 1659//1659 1651//1651 1650//1650 1658//1658
f 1660//1660 1652//1652 1651//1651 1659//1659
f 1661//1661 1653//1653 1582//1582 1593//1593
f 1662//1662 1654//1654 1653//1653 1661//1661
f 1663//1663 1655//1655 1654//1654 1662//1662
f 1664//1664 1656//1656 1655//1655 1663//1663
f 1665//1665 1657//1657 1656//1656 1664//1664
f 1666//1666 1658//1658 1657//1657 1665//1665
f 1667//1667 1659//1659 1658//1658 1666//1666
f 1668//1668 1660//1660 1659//1659 1667//1667
f 1669//1669 1604//1604 1439//1439 1496//1496
f 1669//1669 1661//1661 1593//1593 1604//1604
f 1670//1670 1669//1669 1496//1496 1497//1497
f 1670//1670 1662//1662 1661//1661 1669//1669
f 1671//1671 1670//1670 1497//1497 1498//1498
f 1671//1671 1663//1663 1662//1662 1670//1670
f 1672//1672 1671//1671 1498//1498 1499//1499
f 1672//1672 1664//1664 1663//1663 1671//1671
f 1673//1673 1672//1672 1499//1499 1500//1500
f 1673//1673 1665//1665 1664//1664 1672//1672
f 1674//1674 1673//1673 1500//1500 1501//1501
f 1674//1674 1666//1666 1665//1665 1673//1673
f 1675//1675 1674//1674 1501//1501 1502//1502
f 1675//1675 1667//1667 1666//1666 1674//1674
f 1676//1676 1675//1675 1502//1502 1503//1503
f 1676//1676 1668//1668 1667//1667 1675//1675
f 570//570 1677//1677 1578//1578 368//368
f 571//571 1678//1678 1677//1677 570//570
f 572//572 1679//1679 1678//1678 571//571
f 573//573 1680//1680 1679//1679 572//572
f 574//574 1681//1681 1680//1680 573//573
f 575//575 1682//1682 1681//1681 574//574
f 576//576 1683//1683 1682//1682 575//575
f 577//577 1684//1684 1683//1683 576//576
f 578//578 1685//1685 1684//1684 577//577
f 579//579 1686//1686 1685//1685 578//578
f 1677//1677 1687//1687 1589//1589 1578//1578
f 1678//1678 1688//1688 1687//1687 1677//1677
f 1679//1679 1689//1689 1688//1688 1678//1678
f 1680//1680 1690//1690 1689//1689 1679//1679
f 1681//1681 1691//1691 1690//1690 1680//1680
f 1682//1682 1692//1692 1691//1691 1681//1681
f 1683//1683 1693//1693 1692//1692 1682//1682
f 1684//1684 1694//1694 1693//1693 1683//1683
f 1685//1685 1695//1695 1694//1694 1684//1684
f 1686//1686 1696//1696 1695//1695 1685//1685
f 1687//1687 1697//1697 1600//1600 1589//1589
f 1688//1688 1698//1698 1697//1697 1687//1687
f 1689//1689 1699//1699 1698//1698 1688//1688
f 1690//1690 1700//1700 1699//1699 1689//1689
f 1691//1691 1701//1701 1700//1700 1690//1690
f 1692//1692 1702//1702 1701//1701 1691//1691
f 1693//1693 1703//1703 1702//1702 1692//1692
f 1694//1694 1704//1704 1703//1703 1693//1693
f 1695//1695 1705//1705 1704//1704 1694//1694
f 1696//1696 1706//1706 1705//1705 1695//1695
f 1697//1697 1707//1707 1611//1611 1600//1600
f 1698//1698 1708//1708 1707//1707 1697//1697
f 1699//1699 1709//1709 1708//1708 1698//1698
f 1700//1700 1710//1710 1709//1709 1699//1699
f 1701//1701 1711//1711 1710//1710 1700//1700
f 1702//1702 1712//1712 1711//1711 1701//1701
f 1703//1703 1713//1713 1712//1712 1702//1702
f 1704//1704 1714//1714 1713//1713 1703//1703
f 1705//1705 1715//1715 1714//1714 1704//1704
f 1706//1706 1716//1716 1715//1715 1705//1705
f 1707//1707 1717//1717 1620//1620 1611//1611
f 1708//1708 1718//1718 1717//1717 1707//1707
f 1709//1709 1719//1719 1718//1718 1708//1708
f 1710//1710 1720//1720 1719//1719 1709//1709
f 1711//1711 1721//1721 1720//1720 1710//1710
f 1712//1712 1722//1722 1721//1721 1711//1711
f 1713//1713 1723//1723 1722//1722 1712//1712
f 1714//1714 1724//1724 1723//1723 1713//1713
f 1715//1715 1725//1725 1724//1724 1714//1714
f 1716//1716 1726//1726 1725//1725 1715//1715
f 1717//1717 1727//1727 1628//1628 1620//1620
f 1718//1718 1728//1728 1727//1727 1717//1717
f 1719//1719 1729//1729 1728//1728 1718//1718
f 1720//1720 1730//1730 1729//1729 1719//1719
f 1721//1721 1731//1731 1730//1730 1720//1720
f 1722//1722 1732//1732 1731//1731 1721//1721
f 1723//1723 1733//1733 1732//1732 1722//1722
f 1724//1724 1734//1734 1733//1733 1723//1723
f 1725//1725 1735//1735 1734//1734 1724//1724
f 1726//1726 1736//1736 1735//1735 1725//1725
f 1727//1727 1737//1737 1636//1636 1628//1628
f 1728//1728 1738//1738 1737//1737 1727//1727
f 1729//1729 1739//1739 1738//1738 1728//1728
f 1730//1730 1740//1740 1739//1739 1729//1729
f 1731//1731 1741//1741 1740//1740 1730//1730
f 1732//1732 1742//1742 1741//1741 1731//1731
f 1733//1733 1743//1743 1742//1742 1732//1732
f 1734//1734 1744//1744 1743//1743 1733//1733
f 1735//1735 1745//1745 1744//1744 1734//1734
f 1736//1736 1746//1746 1745//1745 1735//1735
f 1737//1737 1747//1747 1644//1644 1636//1636
f 1738//1738 1748//1748 1747//1747 1737//1737
f 1739//1739 1749//1749 1748//1748 1738//1738
f 1740//1740 1750//1750 1749//1749 1739//1739
f 1741//1741 1751//1751 1750//1750 1740//1740
f 1742//1742 1752//1752 1751//1751 1741//1741
f 1743//1743 1753//1753 1752//1752 1742//1742
f 1744//1744 1754//1754 1753//1753 1743//1743
f 1745//1745 1755//1755 1754//1754 1744//1744
f 1746//1746 1756//1756 1755//1755 1745//1745
f 684//684 1757//1757 1686//1686 579//579
f 685//685 1758//1758 1757//1757 684//684
f 686//686 1759//1759 1758//1758 685//685
f 687//687 1760//1760 1759//1759 686//686
f 688//688 1761//1761 1760//1760 687//687
f 689//689 1762//1762 1761//1761 688//688
f 690//690 1763//1763 1762//1762 689//689
f 691//691 1764//1764 1763//1763 690//690
f 1757//1757 1765//1765 1696//1696 1686//1686
f 1758//1758 1766//1766 1765//1765 1757//1757
f 1759//1759 1767//1767 1766//1766 1758//1758
f 1760//1760 1768//1768 1767//1767 1759//1759
f 1761//1761 1769//1769 1768//1768 1760//1760
f 1762//1762 1770//1770 1769//1769 1761//1761
f 1763//1763 1771//1771 1770//1770 1762//1762
f 1764//1764 1772//1772 1771//1771 1763//1763
f 1765//1765 1773//1773 1706//1706 1696//1696
f 1766//1766 1774//1774 1773//1773 1765//1765
f 1767//1767 1775//1775 1774//1774 1766//1766
f 1768//1768 1776//1776 1775//1775 1767//1767
f 1769//1769 1777//1777 1776//1776 1768//1768
f 1770//1770 1778//1778 1777//1777 1769//1769
f 1771//1771 1779//1779 1778//1778 1770//1770
f 1772//1772 1780//1780 1779//1779 1771//1771
f 1773//1773 1781//1781 1716//1716 1706//1706
f 1774//1774 1782//1782 1781//1781 1773//1773
f 1775//1775 1783//1783 1782//1782 1774//1774
f 1776//1776 1784//1784 1783//1783 1775//1775
f 1777//1777 1785//1785 1784//1784 1776//1776
f 1778//1778 1786//1786 1785//1785 1777//1777
f 1779//1779 1787//1787 1786//1786 1778//1778
f 1780//1780 1788//1788 1787//1787 1779//1779
f 1781//1781 1789//1789 1726//1726 1716//1716
f 1782//1782 1790//1790 1789//1789 1781//1781
f 1783//1783 1791//1791 1790//1790 1782//1782
f 1784//1784 1792//1792 1791//1791 1783//1783
f 1785//1785 1793//1793 1792//1792 1784//1784
f 1786//1786 1794//1794 1793//1793 1785//1785
f 1787//1787 1795//1795 1794//1794 1786//1786
f 1788//1788 1796//1796 1795//1795 1787//1787
f 1789//1789 1797//1797 1736//1736 1726//1726
f 1790//1790 1798//1798 1797//1797 1789//1789
f 1791//1791 1799//1799 1798//1798 1790//1790
f 1792//1792 1800//1800 1799//1799 1791//1791
f 1793//1793 1801//1801 1800//1800 1792//1792
f 1794//1794 1802//1802 1801//1801 1793//1793
f 1795//1795 1803//1803 1802//1802 1794//1794
f 1796//1796 1804//1804 1803//1803 1795//1795
f 1797//1797 1805//1805 1746//1746 1736//1736
f 1798//1798 1806//1806 1805//1805 1797//1797
f 1799//1799 1807//1807 1806//1806 1798//1798
f 1800//1800 1808//1808 1807//1807 1799//1799
f 1801//1801 1809//1809 1808//1808 1800//1800
f 1802//1802 1810//1810 1809//1809 1801//1801
f 1803//1803 1811//1811 1810//1810 1802//1802
f 1804//1804 1812//1812 1811//1811 1803//1803
f 1805//1805 1813//1813 1756//1756 1746//1746
f 1806//1806 1814//1814 1813//1813 1805//1805
f 1807//1807 1815//1815 1814//1814 1806//1806
f 1808//1808 1816//1816 1815//1815 1807//1807
f 1809//1809 1817//1817 1816//1816 1808//1808
f 1810//1810 1818//1818 1817//1817 1809//1809
f 1811//1811 1819//1819 1818//1818 1810//1810
f 1812//1812 1820//1820 1819//1819 1811//1811
f 1822//1822 1821//1821 1//1 2//2
f 1822//1822 736//736 735//735 1821//1821
f 1823//1823 1822//1822 2//2 3//3
f 1823//1823 737//737 736//736 1822//1822
f 1824//1824 1823//1823 3//3 4//4
f 1824//1824 738//738 737//737 1823//1823
f 739//739 1825//1825 1821//1821 735//735
f 743//743 1826//1826 1825//1825 739//739
f 744//744 1827//1827 1826//1826 743//743
f 745//745 1828//1828 1827//1827 744//744
f 746//746 1829//1829 1828//1828 745//745
f 747//747 1830//1830 1829//1829 746//746
f 748//748 1831//1831 1830//1830 747//747
f 1821//1821 1832//1832 5//5 1//1
f 1825//1825 1833//1833 1832//1832 1821//1821
f 1826//1826 1834//1834 1833//1833 1825//1825
f 1827//1827 1835//1835 1834//1834 1826//1826
f 1828//1828 1836//1836 1835//1835 1827//1827
f 1829//1829 1837//1837 1836//1836 1828//1828
f 1830//1830 1838//1838 1837//1837 1829//1829
f 1831//1831 1839//1839 1838//1838 1830//1830
f 1832//1832 1840//1840 9//9 5//5
f 1833//1833 1841//1841 1840//1840 1832//1832
f 1834//1834 1842//1842 1841//1841 1833//1833
f 1835//1835 1843//1843 1842//1842 1834//1834
f 1836//1836 1844//1844 1843//1843 1835//1835
f 1837//1837 1845//1845 1844//1844 1836//1836
f 1838//1838 1846//1846 1845//1845 1837//1837
f 1839//1839 1847//1847 1846//1846 1838//1838
f 1840//1840 1848//1848 17//17 9//9
f 1841//1841 1849//1849 1848//1848 1840//1840
f 1842//1842 1850//1850 1849//1849 1841//1841
f 1843//1843 1851//1851 1850//1850 1842//1842
f 1844//1844 1852//1852 1851//1851 1843//1843
f 1845//1845 1853//1853 1852//1852 1844//1844
f 1846//1846 1854//1854 1853//1853 1845//1845
f 1847//1847 1855//1855 1854//1854 1846//1846
f 1848//1848 1856//1856 25//25 17//17
f 1849//1849 1857//1857 1856//1856 1848//1848
f 1850//1850 1858//1858 1857//1857 1849//1849
f 1851//1851 1859//1859 1858//1858 1850//1850
f 1852//1852 1860//1860 1859//1859 1851//1851
f 1853//1853 1861//1861 1860//1860 1852//1852
f 1854//1854 1862//1862 1861//1861 1853//1853
f 1855//1855 1863//1863 1862//1862 1854//1854
f 1856//1856 1864//1864 30//30 25//25
f 1857//1857 1865//1865 1864//1864 1856//1856
f 1858//1858 1866//1866 1865//1865 1857//1857
f 1859//1859 1867//1867 1866//1866 1858//1858
f 1860//1860 1868//1868 1867//1867 1859//1859
f 1861//1861 1869//1869 1868//1868 1860//1860
f 1862//1862 1870//1870 1869//1869 1861//1861
f 1863//1863 1871//1871 1870//1870 1862//1862
f 1864//1864 1872//1872 34//34 30//30
f 1865//1865 1873//1873 1872//1872 1864//1864
f 1866//1866 1874//1874 1873//1873 1865//1865
f 1867//1867 1875//1875 1874//1874 1866//1866
f 1868//1868 1876//1876 1875//1875 1867//1867
f 1869//1869 1877//1877 1876//1876 1868//1868
f 1870//1870 1878//1878 1877//1877 1869//1869
f 1871//1871 1879//1879 1878//1878 1870//1870
f 1872//1872 1880//1880 38//38 34//34
f 1873//1873 1881//1881 1880//1880 1872//1872
f 1874//1874 1882//1882 1881//1881 1873//1873
f 1875//1875 1883//1883 1882//1882 1874//1874
f 1876//1876 1884//1884 1883//1883 1875//1875
f 1877//1877 1885//1885 1884//1884 1876//1876
f 1878//1878 1886//1886 1885//1885 1877//1877
f 1879//1879 1887//1887 1886//1886 1878//1878
f 1888//1888 1824//1824 4//4 42//42
f 1888//1888 821//821 738//738 1824//1824
f 1889//1889 1888//1888 42//42 43//43
f 1889//1889 822//822 821//821 1888//1888
f 1890//1890 1889//1889 43//43 44//44
f 1890//1890 823//823 822//822 1889//1889
f 1891//1891 1890//1890 44//44 45//45
f 1891//1891 824//824 823//823 1890//1890
f 1892//1892 1891//1891 45//45 46//46
f 1892//1892 825//825 824//824 1891//1891
f 1893//1893 1892//1892 46//46 47//47
f 1893//1893 826//826 825//825 1892//1892
f 1894//1894 1893//1893 47//47 48//48
f 1894//1894 827//827 826//826 1893//1893
f 1895//1895 1894//1894 48//48 49//49
f 1895//1895 828//828 827//827 1894//1894
f 885//885 1896//1896 1831//1831 748//748
f 886//886 1897//1897 1896//1896 885//885
f 887//887 1898//1898 1897//1897 886//886
f 888//888 1899//1899 1898//1898 887//887
f 889//889 1900//1900 1899//1899 888//888
f 890//890 1901//1901 1900//1900 889//889
f 891//891 1902//1902 1901//1901 890//890
f 892//892 1903//1903 1902//1902 891//891
f 1896//1896 1904//1904 1839//1839 1831//1831
f 1897//1897 1905//1905 1904//1904 1896//1896
f 1898//1898 1906//1906 1905//1905 1897//1897
f 1899//1899 1907//1907 1906//1906 1898//1898
f 1900//1900 1908//1908 1907//1907 1899//1899
f 1901//1901 1909//1909 1908//1908 1900//1900
f 1902//1902 1910//1910 1909//1909 1901//1901
f 1903//1903 1911//1911 1910//1910 1902//1902
f 1904//1904 1912//1912 1847//1847 1839//1839
f 1905//1905 1913//1913 1912//1912 1904//1904
f 1906//1906 1914//1914 1913//1913 1905//1905
f 1907//1907 1915//1915 1914//1914 1906//1906
f 1908//1908 1916//1916 1915//1915 1907//1907
f 1909//1909 1917//1917 1916//1916 1908//1908
f 1910//1910 1918//1918 1917//1917 1909//1909
f 1911//1911 1919//1919 1918//1918 1910//1910
f 1912//1912 1920//1920 1855//1855 1847//1847
f 1913//1913 1921//1921 1920//1920 1912//1912
f 1914//1914 1922//1922 1921//1921 1913//1913
f 1915//1915 1923//1923 1922//1922 1914//1914
f 1916//1916 1924//1924 1923//1923 1915//1915
f 1917//1917 1925//1925 1924//1924 1916//1916
f 1918//1918 1926//1926 1925//1925 1917//1917
f 1919//1919 1927//1927 1926//1926 1918//1918
f 1920//1920 1928//1928 1863//1863 1855//1855
f 1921//1921 1929//1929 1928//1928 1920//1920
f 1922//1922 1930//1930 1929//1929 1921//1921
f 1923//1923 1931//1931 1930//1930 1922//1922
f 1924//1924 1932//1932 1931//1931 1923//1923
f 1925//1925 1933//1933 1932//1932 1924//1924
f 1926//1926 1934//1934 1933//1933 1925//1925
f 1927//1927 1935//1935 1934//1934 1926//1926
f 1928//1928 1936//1936 1871//1871 1863//1863
f 1929//1929 1937//1937 1936//1936 1928//1928
f 1930//1930 1938//1938 1937//1937 1929//1929
f 1931//1931 1939//1939 1938//1938 1930//1930
f 1932//1932 1940//1940 1939//1939 1931//1931
f 1933//1933 1941//1941 1940//1940 1932//1932
f 1934//1934 1942//1942 1941//1941 1933//1933
f 1935//1935 1943//1943 1942//1942 1934//1934
f 1936//1936 1944//1944 1879//1879 1871//1871
f 1937//1937 1945//1945 1944//1944 1936//1936
f 1938//1938 1946//1946 1945//1945 1937//1937
f 1939//1939 1947//1947 1946//1946 1938//1938
f 1940//1940 1948//1948 1947//1947 1939//1939
f 1941//1941 1949//1949 1948//1948 1940//1940
f 1942//1942 1950//1950 1949//1949 1941//1941
f 1943//1943 1951//1951 1950//1950 1942//1942
f 1944//1944 1952//1952 1887//1887 1879//1879
f 1945//1945 1953//1953 1952//1952 1944//1944
f 1946//1946 1954//1954 1953//1953 1945//1945
f 1947//1947 1955//1955 1954//1954 1946//1946
f 1948//1948 1956//1956 1955//1955 1947//1947
f 1949//1949 1957//1957 1956//1956 1948//1948
f 1950//1950 1958//1958 1957//1957 1949//1949
f 1951//1951 1959//1959 1958//1958 1950//1950
f 1005//1005 1960//1960 1903//1903 892//892
f 1006//1006 1961//1961 1960//1960 1005//1005
f 1007//1007 1962//1962 1961//1961 1006//1006
f 1008//1008 1963//1963 1962//1962 1007//1007
f 1009//1009 1964//1964 1963//1963 1008//1008
f 1010//1010 1965//1965 1964//1964 1009//1009
f 1011//1011 1966//1966 1965//1965 1010//1010
f 1012//1012 1967//1967 1966//1966 1011//1011
f 1960//1960 1968//1968 1911//1911 1903//1903
f 1961//1961 1969//1969 1968//1968 1960//1960
f 1962//1962 1970//1970 1969//1969 1961//1961
f 1963//1963 1971//1971 1970//1970 1962//1962
f 1964//1964 1972//1972 1971//1971 1963//1963
f 1965//1965 1973//1973 1972//1972 1964//1964
f 1966//1966 1974//1974 1973//1973 1965//1965
f 1967//1967 1975//1975 1974//1974 1966//1966
f 1968//1968 1976//1976 1919//1919 1911//1911
f 1969//1969 1977//1977 1976//1976 1968//1968
f 1970//1970 1978//1978 1977//1977 1969//1969
f 1971//1971 1979//1979 1978//1978 1970//1970
f 1972//1972 1980//1980 1979//1979 1971//1971
f 1973//1973 1981//1981 1980//1980 1972//1972
f 1974//1974 1982//1982 1981//1981 1973//1973
f 1975//1975 1983//1983 1982//1982 1974//1974
f 1976//1976 1984//1984 1927//1927 1919//1919
f 1977//1977 1985//1985 1984//1984 1976//1976
f 1978//1978 1986//1986 1985//1985 1977//1977
f 1979//1979 1987//1987 1986//1986 1978//1978
f 1980//1980 1988//1988 1987//1987 1979//1979
f 1981//1981 1989//1989 1988//1988 1980//1980
f 1982//1982 1990//1990 1989//1989 1981//1981
f 1983//1983 1991//1991 1990//1990 1982//1982
f 1984//1984 1992//1992 1935//1935 1927//1927
f 1985//1985 1993//1993 1992//1992 1984//1984
f 1986//1986 1994//1994 1993//1993 1985//1985
f 1987//1987 1995//1995 1994//1994 1986//1986
f 1988//1988 1996//1996 1995//1995 1987//1987
f 1989//1989 1997//1997 1996//1996 1988//1988
f 1990//1990 1998//1998 1997//1997 1989//1989
f 1991//1991 1999//1999 1998//1998 1990//1990
f 1992//1992 2000//2000 1943//1943 1935//1935
f 1993//1993 2001//2001 2000//2000 1992//1992
f 1994//1994 2002//2002 2001//2001 1993//1993
f 1995//1995 2003//2003 2002//2002 1994//1994
f 1996//1996 2004//2004 2003//2003 1995//1995
f 1997//1997 2005//2005 2004//2004 1996//1996
f 1998//1998 2006//2006 2005//2005 1997//1997
f 1999//1999 2007//2007 2006//2006 1998//1998
f 2000//2000 2008//2008 1951//1951 1943//1943
f 2001//2001 2009//2009 2008//2008 2000//2000
f 2002//2002 2010//2010 2009//2009 2001//2001
f 2003//2003 2011//2011 2010//2010 2002//2002
f 2004//2004 2012//2012 2011//2011 2003//2003
f 2005//2005 2013//2013 2012//2012 2004//2004
f 2006//2006 2014//2014 2013//2013 2005//2005
f 2007//2007 2015//2015 2014//2014 2006//2006
f 2008//2008 2016//2016 1959//1959 1951//1951
f 2009//2009 2017//2017 2016//2016 2008//2008
f 2010//2010 2018//2018 2017//2017 2009//2009
f 2011//2011 2019//2019 2018//2018 2010//2010
f 2012//2012 2020//2020 2019//2019 2011//2011
f 2013//2013 2021//2021 2020//2020 2012//2012
f 2014//2014 2022//2022 2021//2021 2013//2013
f 2015//2015 2023//2023 2022//2022 2014//2014
f 1125//1125 2024//2024 1967//1967 1012//1012
f 1126//1126 2025//2025 2024//2024 1125//1125
f 1127//1127 2026//2026 2025//2025 1126//1126
f 1128//1128 2027//2027 2026//2026 1127//1127
f 1129//1129 2028//2028 2027//2027 1128//1128
f 1130//1130 2029//2029 2028//2028 1129//1129
f 1131//1131 2030//2030 2029//2029 1130//1130
f 1132//1132 2031//2031 2030//2030 1131//1131
f 2024//2024 2032//2032 1975//1975 1967//1967
f 2025//2025 2033//2033 2032//2032 2024//2024
f 2026//2026 2034//2034 2033//2033 2025//2025
f 2027//2027 2035//2035 2034//2034 2026//2026
f 2028//2028 2036//2036 2035//2035 2027//2027
f 2029//2029 2037//2037 2036//2036 2028//2028
f 2030//2030 2038//2038 2037//2037 2029//2029
f 2031//2031 2039//2039 2038//2038 2030//2030
f 2032//2032 2040//2040 1983//1983 1975//1975
f 2033//2033 2041//2041 2040//2040 2032//2032
f 2034//2034 2042//2042 2041//2041 2033//2033
f 2035//2035 2043//2043 2042//2042 2034//2034
f 2036//2036 2044//2044 2043//2043 2035//2035
f 2037//2037 2045//2045 2044//2044 2036//2036
f 2038//2038 2046//2046 2045//2045 2037//2037
f 2039//2039 2047//2047 2046//2046 2038//2038
f 2040//2040 2048//2048 1991//1991 1983//1983
f 2041//2041 2049//2049 2048//2048 2040//2040
f 2042//2042 2050//2050 2049//2049 2041//2041
f 2043//2043 2051//2051 2050//2050 2042//2042
f 2044//2044 2052//2052 2051//2051 2043//2043
f 2045//2045 2053//2053 2052//2052 2044//2044
f 2046//2046 2054//2054 2053//2053 2045//2045
f 2047//2047 2055//2055 2054//2054 2046//2046
f 2048//2048 2056//2056 1999//1999 1991//1991
f 2049//2049 2057//2057 2056//2056 2048//2048
f 2050//2050 2058//2058 2057//2057 2049//2049
f 2051//2051 2059//2059 2058//2058 2050//2050
f 2052//2052 2060//2060 2059//2059 2051//2051
f 2053//2053 2061//2061 2060//2060 2052//2052
f 2054//2054 2062//2062 2061//2061 2053//2053
f 2055//2055 2063//2063 2062//2062 2054//2054
f 2056//2056 2064//2064 2007//2007 1999//1999
f 2057//2057 2065//2065 2064//2064 2056//2056
f 2058//2058 2066//2066 2065//2065 2057//2057
f 2059//2059 2067//2067 2066//2066 2058//2058
f 2060//2060 2068//2068 2067//2067 2059//2059
f 2061//2061 2069//2069 2068//2068 2060//2060
f 2062//2062 2070//2070 2069//2069 2061//2061
f 2063//2063 2071//2071 2070//2070 2062//2062
f 2064//2064 2072//2072 2015//2015 2007//2007
f 2065//2065 2073//2073 2072//2072 2064//2064
f 2066//2066 2074//2074 2073//2073 2065//2065
f 2067//2067 2075//2075 2074//2074 2066//2066
f 2068//2068 2076//2076 2075//2075 2067//2067
f 2069//2069 2077//2077 2076//2076 2068//2068
f 2070//2070 2078//2078 2077//2077 2069//2069
f 2071//2071 2079//2079 2078//2078 2070//2070
f 2072//2072 2080//2080 2023//2023 2015//2015
f 2073//2073 2081//2081 2080//2080 2072//2072
f 2074//2074 2082//2082 2081//2081 2073//2073
f 2075//2075 2083//2083 2082//2082 2074//2074
f 2076//2076 2084//2084 2083//2083 2075//2075
f 2077//2077 2085//2085 2084//2084 2076//2076
f 2078//2078 2086//2086 2085//2085 2077//2077
f 2079//2079 2087//2087 2086//2086 2078//2078
f 1245//1245 2088//2088 2031//2031 1132//1132
f 1246//1246 2089//2089 2088//2088 1245//1245
f 1247//1247 2090//2090 2089//2089 1246//1246
f 1248//1248 2091//2091 2090//2090 1247//1247
f 1249//1249 2092//2092 2091//2091 1248//1248
f 1250//1250 2093//2093 2092//2092 1249//1249
f 1251//1251 2094//2094 2093//2093 1250//1250
f 1252//1252 2095//2095 2094//2094 1251//1251
f 2088//2088 2096//2096 2039//2039 2031//2031
f 2089//2089 2097//2097 2096//2096 2088//2088
f 2090//2090 2098//2098 2097//2097 2089//2089
f 2091//2091 2099//2099 2098//2098 2090//2090
f 2092//2092 2100//2100 2099//2099 2091//2091
f 2093//2093 2101//2101 2100//2100 2092//2092
f 2094//2094 2102//2102 2101//2101 2093//2093
f 2095//2095 2103//2103 2102//2102 2094//2094
f 2096//2096 2104//2104 2047//2047 2039//2039
f 2097//2097 2105//2105 2104//2104 2096//2096
f 2098//2098 2106//2106 2105//2105 2097//2097
f 2099//2099 2107//2107 2106//2106 2098//2098
f 2100//2100 2108//2108 2107//2107 2099//2099
f 2101//2101 2109//2109 2108//2108 2100//2100
f 2102//2102 2110//2110 2109//2109 2101//2101
f 2103//2103 2111//2111 2110//2110 2102//2102
f 2104//2104 2112//2112 2055//2055 2047//2047
f 2105//2105 2113//2113 2112//2112 2104//2104
f 2106//2106 2114//2114 2113//2113 2105//2105
f 2107//2107 2115//2115 2114//2114 2106//2106
f 2108//2108 2116//2116 2115//2115 2107//2107
f 2109//2109 2117//2117 2116//2116 2108//2108
f 2110//2110 2118//2118 2117//2117 2109//2109
f 2111//2111 2119//2119 2118//2118 2110//2110
f 2112//2112 2120//2120 2063//2063 2055//2055
f 2113//2113 2121//2121 2120//2120 2112//2112
f 2114//2114 2122//2122 2121//2121 2113//2113
f 2115//2115 2123//2123 2122//2122 2114//2114
f 2116//2116 2124//2124 2123//2123 2115//2115
f 2117//2117 2125//2125 2124//2124 2116//2116
f 2118//2118 2126//2126 2125//2125 2117//2117
f 2119//2119 2127//2127 2126//2126 2118//2118
f 2120//2120 2128//2128 2071//2071 2063//2063
f 2121//2121 2129//2129 2128//2128 2120//2120
f 2122//2122 2130//2130 2129//2129 2121//2121
f 2123//2123 2131//2131 2130//2130 2122//2122
f 2124//2124 2132//2132 2131//2131 2123//2123
f 2125//2125 2133//2133 2132//2132 2124//2124
f 2126//2126 2134//2134 2133//2133 2125//2125
f 2127//2127 2135//2135 2134//2134 2126//2126
f 2128//2128 2136//2136 2079//2079 2071//2071
f 2129//2129 2137//2137 2136//2136 2128//2128
f 2130//2130 2138//2138 2137//2137 2129//2129
f 2131//2131 2139//2139 2138//2138 2130//2130
f 2132//2132 2140//2140 2139//2139 2131//2131
f 2133//2133 2141//2141 2140//2140 2132//2132
f 2134//2134 2142//2142 2141//2141 2133//2133
f 2135//2135 2143//2143 2142//2142 2134//2134
f 2136//2136 2144//2144 2087//2087 2079//2079
f 2137//2137 2145//2145 2144//2144 2136//2136
f 2138//2138 2146//2146 2145//2145 2137//2137
f 2139//2139 2147//2147 2146//2146 2138//2138
f 2140//2140 2148//2148 2147//2147 2139//2139
f 2141//2141 2149//2149 2148//2148 2140//2140
f 2142//2142 2150//2150 2149//2149 2141//2141
f 2143//2143 2151//2151 2150//2150 2142//2142
f 1365//1365 2152//2152 2095//2095 1252//1252
f 1366//1366 2153//2153 2152//2152 1365//1365
f 1367//1367 2154//2154 2153//2153 1366//1366
f 1368//1368 2155//2155 2154//2154 1367//1367
f 1369//1369 2156//2156 2155//2155 1368//1368
f 1370//1370 2157//2157 2156//2156 1369//1369
f 1371//1371 2158//2158 2157//2157 1370//1370
f 1372//1372 2159//2159 2158//2158 1371//1371
f 2152//2152 2160//2160 2103//2103 2095//2095
f 2153//2153 2161//2161 2160//2160 2152//2152
f 2154//2154 2162//2162 2161//2161 2153//2153
f 2155//2155 2163//2163 2162//2162 2154//2154
f 2156//2156 2164//2164 2163//2163 2155//2155
f 2157//2157 2165//2165 2164//2164 2156//2156
f 2158//2158 2166//2166 2165//2165 2157//2157
f 2159//2159 2167//2167 2166//2166 2158//2158
f 2160//2160 2168//2168 2111//2111 2103//2103
f 2161//2161 2169//2169 2168//2168 2160//2160
f 2162//2162 2170//2170 2169//2169 2161//2161
f 2163//2163 2171//2171 2170//2170 2162//2162
f 2164//2164 2172//2172 2171//2171 2163//2163
f 2165//2165 2173//2173 2172//2172 2164//2164
f 2166//2166 2174//2174 2173//2173 2165//2165
f 2167//2167 2175//2175 2174//2174 2166//2166
f 2168//2168 2176//2176 2119//2119 2111//2111
f 2169//2169 2177//2177 2176//2176 2168//2168
f 2170//2170 2178//2178 2177//2177 2169//2169
f 2171//2171 2179//2179 2178//2178 2170//2170
f 2172//2172 2180//2180 2179//2179 2171//2171
f 2173//2173 2181//2181 2180//2180 2172//2172
f 2174//2174 2182//2182 2181//2181 2173//2173
f 2175//2175 2183//2183 2182//2182 2174//2174
f 2176//2176 2184//2184 2127//2127 2119//2119
f 2177//2177 2185//2185 2184//2184 2176//2176
f 2178//2178 2186//2186 2185//2185 2177//2177
f 2179//2179 2187//2187 2186//2186 2178//2178
f 2180//2180 2188//2188 2187//2187 2179//2179
f 2181//2181 2189//2189 2188//2188 2180//2180
f 2182//2182 2190//2190 2189//2189 2181//2181
f 2183//2183 2191//2191 2190//2190 2182//2182
f 2184//2184 2192//2192 2135//2135 2127//2127
f 2185//2185 2193//2193 2192//2192 2184//2184
f 2186//2186 2194//2194 2193//2193 2185//2185
f 2187//2187 2195//2195 2194//2194 2186//2186
f 2188//2188 2196//2196 2195//2195 2187//2187
f 2189//2189 2197//2197 2196//2196 2188//2188
f 2190//2190 2198//2198 2197//2197 2189//2189
f 2191//2191 2199//2199 2198//2198 2190//2190
f 2192//2192 2200//2200 2143//2143 2135//2135
f 2193//2193 2201//2201 2200//2200 2192//2192
f 2194//2194 2202//2202 2201//2201 2193//2193
f 2195//2195 2203//2203 2202//2202 2194//2194
f 2196//2196 2204//2204 2203//2203 2195//2195
f 2197//2197 2205//2205 2204//2204 2196//2196
f 2198//2198 2206//2206 2205//2205 2197//2197
f 2199//2199 2207//2207 2206//2206 2198//2198
f 2200//2200 2208//2208 2151//2151 2143//2143
f 2201//2201 2209//2209 2208//2208 2200//2200
f 2202//2202 2210//2210 2209//2209 2201//2201
f 2203//2203 2211//2211 2210//2210 2202//2202
f 2204//2204 2212//2212 2211//2211 2203//2203
f 2205//2205 2213//2213 2212//2212 2204//2204
f 2206//2206 2214//2214 2213//2213 2205//2205
f 2207//2207 2215//2215 2214//2214 2206//2206
f 1488//1488 2216//2216 2159//2159 1372//1372
f 1489//1489 2217//2217 2216//2216 1488//1488
f 1490//1490 2218//2218 2217//2217 1489//1489
f 1491//1491 2219//2219 2218//2218 1490//1490
f 1492//1492 2220//2220 2219//2219 1491//1491
f 1493//1493 2221//2221 2220//2220 1492//1492
f 1494//1494 2222//2222 2221//2221 1493//1493
f 1495//1495 2223//2223 2222//2222 1494//1494
f 2216//2216 2224//2224 2167//2167 2159//2159
f 2217//2217 2225//2225 2224//2224 2216//2216
f 2218//2218 2226//2226 2225//2225 2217//2217
f 2219//2219 2227//2227 2226//2226 2218//2218
f 2220//2220 2228//2228 2227//2227 2219//2219
f 2221//2221 2229//2229 2228//2228 2220//2220
f 2222//2222 2230//2230 2229//2229 2221//2221
f 2223//2223 2231//2231 2230//2230 2222//2222
f 2224//2224 2232//2232 2175//2175 2167//2167
f 2225//2225 2233//2233 2232//2232 2224//2224
f 2226//2226 2234//2234 2233//2233 2225//2225
f 2227//2227 2235//2235 2234//2234 2226//2226
f 2228//2228 2236//2236 2235//2235 2227//2227
f 2229//2229 2237//2237 2236//2236 2228//2228
f 2230//2230 2238//2238 2237//2237 2229//2229
f 2231//2231 2239//2239 2238//2238 2230//2230
f 2232//2232 2240//2240 2183//2183 2175//2175
f 2233//2233 2241//2241 2240//2240 2232//2232
f 2234//2234 2242//2242 2241//2241 2233//2233
f 2235//2235 2243//2243 2242//2242 2234//2234
f 2236//2236 2244//2244 2243//2243 2235//2235
f 2237//2237 2245//2245 2244//2244 2236//2236
f 2238//2238 2246//2246 2245//2245 2237//2237
f 2239//2239 2247//2247 2246//2246 2238//2238
f 2240//2240 2248//2248 2191//2191 2183//2183
f 2241//2241 2249//2249 2248//2248 2240//2240
f 2242//2242 2250//2250 2249//2249 2241//2241
f 2243//2243 2251//2251 2250//2250 2242//2242
f 2244//2244 2252//2252 2251//2251 2243//2243
f 2245//2245 2253//2253 2252//2252 2244//2244
f 2246//2246 2254//2254 2253//2253 2245//2245
f 2247//2247 2255//2255 2254//2254 2246//2246
f 2248//2248 2256//2256 2199//2199 2191//2191
f 2249//2249 2257//2257 2256//2256 2248//2248
f 2250//2250 2258//2258 2257//2257 2249//2249
f 2251//2251 2259//2259 2258//2258 2250//2250
f 2252//2252 2260//2260 2259//2259 2251//2251
f 2253//2253 2261//2261 2260//2260 2252//2252
f 2254//2254 2262//2262 2261//2261 2253//2253
f 2255//2255 2263//2263 2262//2262 2254//2254
f 2256//2256 2264//2264 2207//2207 2199//2199
f 2257//2257 2265//2265 2264//2264 2256//2256
f 2258//2258 2266//2266 2265//2265 2257//2257
f 2259//2259 2267//2267 2266//2266 2258//2258
f 2260//2260 2268//2268 2267//2267 2259//2259
f 2261//2261 2269//2269 2268//2268 2260//2260
f 2262//2262 2270//2270 2269//2269 2261//2261
f 2263//2263 2271//2271 2270//2270 2262//2262
f 2264//2264 2272//2272 2215//2215 2207//2207
f 2265//2265 2273//2273 2272//2272 2264//2264
f 2266//2266 2274//2274 2273//2273 2265//2265
f 2267//2267 2275//2275 2274//2274 2266//2266
f 2268//2268 2276//2276 2275//2275 2267//2267
f 2269//2269 2277//2277 2276//2276 2268//2268
f 2270//2270 2278//2278 2277//2277 2269//2269
f 2271//2271 2279//2279 2278//2278 2270//2270
f 1637//1637 2280//2280 2223//2223 1495//1495
f 1638//1638 2281//2281 2280//2280 1637//1637
f 1639//1639 2282//2282 2281//2281 1638//1638
f 1640//1640 2283//2283 2282//2282 1639//1639
f 1641//1641 2284//2284 2283//2283 1640//1640
f 1642//1642 2285//2285 2284//2284 1641//1641
f 1643//1643 2286//2286 2285//2285 1642//1642
f 1644//1644 2287//2287 2286//2286 1643//1643
f 2280//2280 2288//2288 2231//2231 2223//2223
f 2281//2281 2289//2289 2288//2288 2280//2280
f 2282//2282 2290//2290 2289//2289 2281//2281
f 2283//2283 2291//2291 2290//2290 2282//2282
f 2284//2284 2292//2292 2291//2291 2283//2283
f 2285//2285 2293//2293 2292//2292 2284//2284
f 2286//2286 2294//2294 2293//2293 2285//2285
f 2287//2287 2295//2295 2294//2294 2286//2286
f 2288//2288 2296//2296 2239//2239 2231//2231
f 2289//2289 2297//2297 2296//2296 2288//2288
f 2290//2290 2298//2298 2297//2297 2289//2289
f 2291//2291 2299//2299 2298//2298 2290//2290
f 2292//2292 2300//2300 2299//2299 2291//2291
f 2293//2293 2301//2301 2300//2300 2292//2292
f 2294//2294 2302//2302 2301//2301 2293//2293
f 2295//2295 2303//2303 2302//2302 2294//2294
f 2296//2296 2304//2304 2247//2247 2239//2239
f 2297//2297 2305//2305 2304//2304 2296//2296
f 2298//2298 2306//2306 2305//2305 2297//2297
f 2299//2299 2307//2307 2306//2306 2298//2298
f 2300//2300 2308//2308 2307//2307 2299//2299
f 2301//2301 2309//2309 2308//2308 2300//2300
f 2302//2302 2310//2310 2309//2309 2301//2301
f 2303//2303 2311//2311 2310//2310 2302//2302
f 2304//2304 2312//2312 2255//2255 2247//2247
f 2305//2305 2313//2313 2312//2312 2304//2304
f 2306//2306 2314//2314 2313//2313 2305//2305
f 2307//2307 2315//2315 2314//2314 2306//2306
f 2308//2308 2316//2316 2315//2315 2307//2307
f 2309//2309 2317//2317 2316//2316 2308//2308
f 2310//2310 2318//2318 2317//2317 2309//2309
f 2311//2311 2319//2319 2318//2318 2310//2310
f 2312//2312 2320//2320 2263//2263 2255//2255
f 2313//2313 2321//2321 2320//2320 2312//2312
f 2314//2314 2322//2322 2321//2321 2313//2313
f 2315//2315 2323//2323 2322//2322 2314//2314
f 2316//2316 2324//2324 2323//2323 2315//2315
f 2317//2317 2325//2325 2324//2324 2316//2316
f 2318//2318 2326//2326 2325//2325 2317//2317
f 2319//2319 2327//2327 2326//2326 2318//2318
f 2320//2320 2328//2328 2271//2271 2263//2263
f 2321//2321 2329//2329 2328//2328 2320//2320
f 2322//2322 2330//2330 2329//2329 2321//2321
f 2323//2323 2331//2331 2330//2330 2322//2322
f 2324//2324 2332//2332 2331//2331 2323//2323
f 2325//2325 2333//2333 2332//2332 2324//2324
f 2326//2326 2334//2334 2333//2333 2325//2325
f 2327//2327 2335//2335 2334//2334 2326//2326
f 2328//2328 2336//2336 2279//2279 2271//2271
f 2329//2329 2337//2337 2336//2336 2328//2328
f 2330//2330 2338//2338 2337//2337 2329//2329
f 2331//2331 2339//2339 2338//2338 2330//2330
f 2332//2332 2340//2340 2339//2339 2331//2331
f 2333//2333 2341//2341 2340//2340 2332//2332
f 2334//2334 2342//2342 2341//2341 2333//2333
f 2335//2335 2343//2343 2342//2342 2334//2334
f 1747//1747 2344//2344 2287//2287 1644//1644
f 1748//1748 2345//2345 2344//2344 1747//1747
f 1749//1749 2346//2346 2345//2345 1748//1748
f 1750//1750 2347//2347 2346//2346 1749//1749
f 1751//1751 2348//2348 2347//2347 1750//1750
f 1752//1752 2349//2349 2348//2348 1751//1751
f 1753//1753 2350//2350 2349//2349 1752//1752
f 1754//1754 2351//2351 2350//2350 1753//1753
f 1755//1755 2352//2352 2351//2351 1754//1754
f 1756//1756 2353//2353 2352//2352 1755//1755
f 2344//2344 2354//2354 2295//2295 2287//2287
f 2345//2345 2355//2355 2354//2354 2344//2344
f 2346//2346 2356//2356 2355//2355 2345//2345
f 2347//2347 2357//2357 2356//2356 2346//2346
f 2348//2348 2358//2358 2357//2357 2347//2347
f 2349//2349 2359//2359 2358//2358 2348//2348
f 2350//2350 2360//2360 2359//2359 2349//2349
f 2351//2351 2361//2361 2360//2360 2350//2350
f 2352//2352 2362//2362 2361//2361 2351//2351
f 2353//2353 2363//2363 2362//2362 2352//2352
f 2354//2354 2364//2364 2303//2303 2295//2295
f 2355//2355 2365//2365 2364//2364 2354//2354
f 2356//2356 2366//2366 2365//2365 2355//2355
f 2357//2357 2367//2367 2366//2366 2356//2356
f 2358//2358 2368//2368 2367//2367 2357//2357
f 2359//2359 2369//2369 2368//2368 2358//2358
f 2360//2360 2370//2370 2369//2369 2359//2359
f 2361//2361 2371//2371 2370//2370 2360//2360
f 2362//2362 2372//2372 2371//2371 2361//2361
f 2363//2363 2373//2373 2372//2372 2362//2362
f 2364//2364 2374//2374 2311//2311 2303//2303
f 2365//2365 2375//2375 2374//2374 2364//2364
f 2366//2366 2376//2376 2375//2375 2365//2365
f 2367//2367 2377//2377 2376//2376 2366//2366
f 2368//2368 2378//2378 2377//2377 2367//2367
f 2369//2369 2379//2379 2378//2378 2368//2368
f 2370//2370 2380//2380 2379//2379 2369//2369
f 2371//2371 2381//2381 2380//2380 2370//2370
f 2372//2372 2382//2382 2381//2381 2371//2371
f 2373//2373 2383//2383 2382//2382 2372//2372
f 2374//2374 2384//2384 2319//2319 2311//2311
f 2375//2375 2385//2385 2384//2384 2374//2374
f 2376//2376 2386//2386 2385//2385 2375//2375
f 2377//2377 2387//2387 2386//2386 2376//2376
f 2378//2378 2388//2388 2387//2387 2377//2377
f 2379//2379 2389//2389 2388//2388 2378//2378
f 2380//2380 2390//2390 2389//2389 2379//2379
f 2381//2381 2391//2391 2390//2390 2380//2380
f 2382//2382 2392//2392 2391//2391 2381//2381
f 2383//2383 2393//2393 2392//2392 2382//2382
f 2384//2384 2394//2394 2327//2327 2319//2319
f 2385//2385 2395//2395 2394//2394 2384//2384
f 2386//2386 2396//2396 2395//2395 2385//2385
f 2387//2387 2397//2397 2396//2396 2386//2386
f 2388//2388 2398//2398 2397//2397 2387//2387
f 2389//2389 2399//2399 2398//2398 2388//2388
f 2390//2390 2400//2400 2399//2399 2389//2389
f 2391//2391 2401//2401 2400//2400 2390//2390
f 2392//2392 2402//2402 2401//2401 2391//2391
f 2393//2393 2403//2403 2402//2402 2392//2392
f 2394//2394 2404//2404 2335//2335 2327//2327
f 2395//2395 2405//2405 2404//2404 2394//2394
f 2396//2396 2406//2406 2405//2405 2395//2395
f 2397//2397 2407//2407 2406//2406 2396//2396
f 2398//2398 2408//2408 2407//2407 2397//2397
f 2399//2399 2409//2409 2408//2408 2398//2398
f 2400//2400 2410//2410 2409//2409 2399//2399
f 2401//2401 2411//2411 2410//2410 2400//2400
f 2402//2402 2412//2412 2411//2411 2401//2401
f 2403//2403 2413//2413 2412//2412 2402//2402
f 2404//2404 2414//2414 2343//2343 2335//2335
f 2405//2405 2415//2415 2414//2414 2404//2404
f 2406//2406 2416//2416 2415//2415 2405//2405
f 2407//2407 2417//2417 2416//2416 2406//2406
f 2408//2408 2418//2418 2417//2417 2407//2407
f 2409//2409 2419//2419 2418//2418 2408//2408
f 2410//2410 2420//2420 2419//2419 2409//2409
f 2411//2411 2421//2421 2420//2420 2410//2410
f 2412//2412 2422//2422 2421//2421 2411//2411
f 2413//2413 2423//2423 2422//2422 2412//2412
f 1813//1813 2424//2424 2353//2353 1756//1756
f 1814//1814 2425//2425 2424//2424 1813//1813
f 1815//1815 2426//2426 2425//2425 1814//1814
f 1816//1816 2427//2427 2426//2426 1815//1815
f 1817//1817 2428//2428 2427//2427 1816//1816
f 1818//1818 2429//2429 2428//2428 1817//1817
f 1819//1819 2430//2430 2429//2429 1818//1818
f 1820//1820 2431//2431 2430//2430 1819//1819
f 2424//2424 2432//2432 2363//2363 2353//2353
f 2425//2425 2433//2433 2432//2432 2424//2424
f 2426//2426 2434//2434 2433//2433 2425//2425
f 2427//2427 2435//2435 2434//2434 2426//2426
f 2428//2428 2436//2436 2435//2435 2427//2427
f 2429//2429 2437//2437 2436//2436 2428//2428
f 2430//2430 2438//2438 2437//2437 2429//2429
f 2431//2431 2439//2439 2438//2438 2430//2430
f 2432//2432 2440//2440 2373//2373 2363//2363
f 2433//2433 2441//2441 2440//2440 2432//2432
f 2434//2434 2442//2442 2441//2441 2433//2433
f 2435//2435 2443//2443 2442//2442 2434//2434
f 2436//2436 2444//2444 2443//2443 2435//2435
f 2437//2437 2445//2445 2444//2444 2436//2436
f 2438//2438 2446//2446 2445//2445 2437//2437
f 2439//2439 2447//2447 2446//2446 2438//2438
f 2440//2440 2448//2448 2383//2383 2373//2373
f 2441//2441 2449//2449 2448//2448 2440//2440
f 2442//2442 2450//2450 2449//2449 2441//2441
f 2443//2443 2451//2451 2450//2450 2442//2442
f 2444//2444 2452//2452 2451//2451 2443//2443
f 2445//2445 2453//2453 2452//2452 2444//2444
f 2446//2446 2454//2454 2453//2453 2445//2445
f 2447//2447 2455//2455 2454//2454 2446//2446
f 2448//2448 2456//2456 2393//2393 2383//2383
f 2449//2449 2457//2457 2456//2456 2448//2448
f 2450//2450 2458//2458 2457//2457 2449//2449
f 2451//2451 2459//2459 2458//2458 2450//2450
f 2452//2452 2460//2460 2459//2459 2451//2451
f 2453//2453 2461//2461 2460//2460 2452//2452
f 2454//2454 2462//2462 2461//2461 2453//2453
f 2455//2455 2463//2463 2462//2462 2454//2454
f 2456//2456 2464//2464 2403//2403 2393//2393
f 2457//2457 2465//2465 2464//2464 2456//2456
f 2458//2458 2466//2466 2465//2465 2457//2457
f 2459//2459 2467//2467 2466//2466 2458//2458
f 2460//2460 2468//2468 2467//2467 2459//2459
f 2461//2461 2469//2469 2468//2468 2460//2460
f 2462//2462 2470//2470 2469//2469 2461//2461
f 2463//2463 2471//2471 2470//2470 2462//2462
f 2464//2464 2472//2472 2413//2413 2403//2403
f 2465//2465 2473//2473 2472//2472 2464//2464
f 2466//2466 2474//2474 2473//2473 2465//2465
f 2467//2467 2475//2475 2474//2474 2466//2466
f 2468//2468 2476//2476 2475//2475 2467//2467
f 2469//2469 2477//2477 2476//2476 2468//2468
f 2470//2470 2478//2478 2477//2477 2469//2469
f 2471//2471 2479//2479 2478//2478 2470//2470
f 2472//2472 2480//2480 2423//2423 2413//2413
f 2473//2473 2481//2481 2480//2480 2472//2472
f 2474//2474 2482//2482 2481//2481 2473//2473
f 2475//2475 2483//2483 2482//2482 2474//2474
f 2476//2476 2484//2484 2483//2483 2475//2475
f 2477//2477 2485//2485 2484//2484 2476//2476
f 2478//2478 2486//2486 2485//2485 2477//2477
f 2479//2479 2487//2487 2486//2486 2478//2478
f 1880//1880 2488//2488 122//122 38//38
f 2488//2488 2489//2489 123//123 122//122
f 2489//2489 2490//2490 124//124 123//123
f 2490//2490 2491//2491 125//125 124//124
f 1881//1881 2492//2492 2488//2488 1880//1880
f 1882//1882 2493//2493 2492//2492 1881//1881
f 1883//1883 2494//2494 2493//2493 1882//1882
f 1884//1884 2495//2495 2494//2494 1883//1883
f 1885//1885 2496//2496 2495//2495 1884//1884
f 1886//1886 2497//2497 2496//2496 1885//1885
f 1887//1887 2498//2498 2497//2497 1886//1886
f 2500//2500 2489//2489 2488//2488 2499//2499
f 2501//2501 2490//2490 2489//2489 2500//2500
f 2502//2502 2491//2491 2490//2490 2501//2501
f 2492//2492 2503//2503 2499//2499 2488//2488
f 2493//2493 2504//2504 2503//2503 2492//2492
f 2494//2494 2505//2505 2504//2504 2493//2493
f 2495//2495 2506//2506 2505//2505 2494//2494
f 2496//2496 2507//2507 2506//2506 2495//2495
f 2497//2497 2508//2508 2507//2507 2496//2496
f 2498//2498 2509//2509 2508//2508 2497//2497
f 2511//2511 2500//2500 2499//2499 2510//2510
f 2512//2512 2501//2501 2500//2500 2511//2511
f 2513//2513 2502//2502 2501//2501 2512//2512
f 2503//2503 2514//2514 2510//2510 2499//2499
f 2514//2514 2515//2515 2511//2511 2510//2510
f 2515//2515 2516//2516 2512//2512 2511//2511
f 2516//2516 2517//2517 2513//2513 2512//2512
f 2504//2504 2518//2518 2514//2514 2503//2503
f 2505//2505 2519//2519 2518//2518 2504//2504
f 2506//2506 2520//2520 2519//2519 2505//2505
f 2507//2507 2521//2521 2520//2520 2506//2506
f 2508//2508 2522//2522 2521//2521 2507//2507
f 2509//2509 2523//2523 2522//2522 2508//2508
f 2525//2525 2515//2515 2514//2514 2524//2524
f 2526//2526 2516//2516 2515//2515 2525//2525
f 2527//2527 2517//2517 2516//2516 2526//2526
f 2518//2518 2528//2528 2524//2524 2514//2514
f 2528//2528 2529//2529 2525//2525 2524//2524
f 2529//2529 2530//2530 2526//2526 2525//2525
f 2530//2530 2531//2531 2527//2527 2526//2526
f 2519//2519 2532//2532 2528//2528 2518//2518
f 2532//2532 2533//2533 2529//2529 2528//2528
f 2533//2533 2534//2534 2530//2530 2529//2529
f 2534//2534 2535//2535 2531//2531 2530//2530
f 2520//2520 2536//2536 2532//2532 2519//2519
f 2521//2521 2537//2537 2536//2536 2520//2520
f 2522//2522 2538//2538 2537//2537 2521//2521
f 2523//2523 2539//2539 2538//2538 2522//2522
f 2541//2541 2533//2533 2532//2532 2540//2540
f 2542//2542 2534//2534 2533//2533 2541//2541
f 2543//2543 2535//2535 2534//2534 2542//2542
f 2536//2536 2544//2544 2540//2540 2532//2532
f 2544//2544 2545//2545 2541//2541 2540//2540
f 2545//2545 2546//2546 2542//2542 2541//2541
f 2546//2546 2547//2547 2543//2543 2542//2542
f 2537//2537 2548//2548 2544//2544 2536//2536
f 2548//2548 2549//2549 2545//2545 2544//2544
f 2549//2549 2550//2550 2546//2546 2545//2545
f 2550//2550 2551//2551 2547//2547 2546//2546
f 2538//2538 2552//2552 2548//2548 2537//2537
f 2552//2552 2553//2553 2549//2549 2548//2548
f 2553//2553 2554//2554 2550//2550 2549//2549
f 2554//2554 2555//2555 2551//2551 2550//2550
f 2539//2539 2556//2556 2552//2552 2538//2538
f 2556//2556 2557//2557 2553//2553 2552//2552
f 2557//2557 2558//2558 2554//2554 2553//2553
f 2558//2558 2559//2559 2555//2555 2554//2554
f 2491//2491 2560//2560 126//126 125//125
f 2560//2560 2561//2561 127//127 126//126
f 2561//2561 2562//2562 128//128 127//127
f 2562//2562 2563//2563 129//129 128//128
f 2563//2563 2564//2564 130//130 129//129
f 2564//2564 2565//2565 131//131 130//130
f 2565//2565 2566//2566 132//132 131//131
f 2566//2566 2567//2567 133//133 132//132
f 2568//2568 2560//2560 2491//2491 2502//2502
f 2569//2569 2561//2561 2560//2560 2568//2568
f 2570//2570 2562//2562 2561//2561 2569//2569
f 2571//2571 2563//2563 2562//2562 2570//2570
f 2572//2572 2564//2564 2563//2563 2571//2571
f 2573//2573 2565//2565 2564//2564 2572//2572
f 2574//2574 2566//2566 2565//2565 2573//2573
f 2575//2575 2567//2567 2566//2566 2574//2574
f 2576//2576 2568//2568 2502//2502 2513//2513
f 2577//2577 2569//2569 2568//2568 2576//2576
f 2578//2578 2570//2570 2569//2569 2577//2577
f 2579//2579 2571//2571 2570//2570 2578//2578
f 2580//2580 2572//2572 2571//2571 2579//2579
f 2581//2581 2573//2573 2572//2572 2580//2580
f 2582//2582 2574//2574 2573//2573 2581//2581
f 2583//2583 2575//2575 2574//2574 2582//2582
f 2517//2517 2584//2584 2576//2576 2513//2513
f 2584//2584 2585//2585 2577//2577 2576//2576
f 2585//2585 2586//2586 2578//2578 2577//2577
f 2586//2586 2587//2587 2579//2579 2578//2578
f 2587//2587 2588//2588 2580//2580 2579//2579
f 2588//2588 2589//2589 2581//2581 2580//2580
f 2589//2589 2590//2590 2582//2582 2581//2581
f 2590//2590 2591//2591 2583//2583 2582//2582
f 2592//2592 2584//2584 2517//2517 2527//2527
f 2593//2593 2585//2585 2584//2584 2592//2592
f 2594//2594 2586//2586 2585//2585 2593//2593
f 2595//2595 2587//2587 2586//2586 2594//2594
f 2596//2596 2588//2588 2587//2587 2595//2595
f 2597//2597 2589//2589 2588//2588 2596//2596
f 2598//2598 2590//2590 2589//2589 2597//2597
f 2599//2599 2591//2591 2590//2590 2598//2598
f 2531//2531 2600//2600 2592//2592 2527//2527
f 2600//2600 2601//2601 2593//2593 2592//2592
f 2601//2601 2602//2602 2594//2594 2593//2593
f 2602//2602 2603//2603 2595//2595 2594//2594
f 2603//2603 2604//2604 2596//2596 2595//2595
f 2604//2604 2605//2605 2597//2597 2596//2596
f 2605//2605 2606//2606 2598//2598 2597//2597
f 2606//2606 2607//2607 2599//2599 2598//2598
f 2535//2535 2608//2608 2600//2600 2531//2531
f 2608//2608 2609//2609 2601//2601 2600//2600
f 2609//2609 2610//2610 2602//2602 2601//2601
f 2610//2610 2611//2611 2603//2603 2602//2602
f 2611//2611 2612//2612 2604//2604 2603//2603
f 2612//2612 2613//2613 2605//2605 2604//2604
f 2613//2613 2614//2614 2606//2606 2605//2605
f 2614//2614 2615//2615 2607//2607 2606//2606
f 2616//2616 2608//2608 2535//2535 2543//2543
f 2617//2617 2609//2609 2608//2608 2616//2616
f 2618//2618 2610//2610 2609//2609 2617//2617
f 2619//2619 2611//2611 2610//2610 2618//2618
f 2620//2620 2612//2612 2611//2611 2619//2619
f 2621//2621 2613//2613 2612//2612 2620//2620
f 2622//2622 2614//2614 2613//2613 2621//2621
f 2623//2623 2615//2615 2614//2614 2622//2622
f 2547//2547 2624//2624 2616//2616 2543//2543
f 2624//2624 2625//2625 2617//2617 2616//2616
f 2625//2625 2626//2626 2618//2618 2617//2617
f 2626//2626 2627//2627 2619//2619 2618//2618
f 2627//2627 2628//2628 2620//2620 2619//2619
f 2628//2628 2629//2629 2621//2621 2620//2620
f 2629//2629 2630//2630 2622//2622 2621//2621
f 2630//2630 2631//2631 2623//2623 2622//2622
f 2551//2551 2632//2632 2624//2624 2547//2547
f 2632//2632 2633//2633 2625//2625 2624//2624
f 2633//2633 2634//2634 2626//2626 2625//2625
f 2634//2634 2635//2635 2627//2627 2626//2626
f 2635//2635 2636//2636 2628//2628 2627//2627
f 2636//2636 2637//2637 2629//2629 2628//2628
f 2637//2637 2638//2638 2630//2630 2629//2629
f 2638//2638 2639//2639 2631//2631 2630//2630
f 2555//2555 2640//2640 2632//2632 2551//2551
f 2640//2640 2641//2641 2633//2633 2632//2632
f 2641//2641 2642//2642 2634//2634 2633//2633
f 2642//2642 2643//2643 2635//2635 2634//2634
f 2643//2643 2644//2644 2636//2636 2635//2635
f 2644//2644 2645//2645 2637//2637 2636//2636
f 2645//2645 2646//2646 2638//2638 2637//2637
f 2646//2646 2647//2647 2639//2639 2638//2638
f 2559//2559 2648//2648 2640//2640 2555//2555
f 2648//2648 2649//2649 2641//2641 2640//2640
f 2649//2649 2650//2650 2642//2642 2641//2641
f 2650//2650 2651//2651 2643//2643 2642//2642
f 2651//2651 2652//2652 2644//2644 2643//2643
f 2652//2652 2653//2653 2645//2645 2644//2644
f 2653//2653 2654//2654 2646//2646 2645//2645
f 2654//2654 2655//2655 2647//2647 2646//2646
f 1952//1952 2656//2656 2498//2498 1887//1887
f 1953//1953 2657//2657 2656//2656 1952//1952
f 1954//1954 2658//2658 2657//2657 1953//1953
f 1955//1955 2659//2659 2658//2658 1954//1954
f 1956//1956 2660//2660 2659//2659 1955//1955
f 1957//1957 2661//2661 2660//2660 1956//1956
f 1958//1958 2662//2662 2661//2661 1957//1957
f 1959//1959 2663//2663 2662//2662 1958//1958
f 2656//2656 2664//2664 2509//2509 2498//2498
f 2657//2657 2665//2665 2664//2664 2656//2656
f 2658//2658 2666//2666 2665//2665 2657//2657
f 2659//2659 2667//2667 2666//2666 2658//2658
f 2660//2660 2668//2668 2667//2667 2659//2659
f 2661//2661 2669//2669 2668//2668 2660//2660
f 2662//2662 2670//2670 2669//2669 2661//2661
f 2663//2663 2671//2671 2670//2670 2662//2662
f 2664//2664 2672//2672 2523//2523 2509//2509
f 2665//2665 2673//2673 2672//2672 2664//2664
f 2666//2666 2674//2674 2673//2673 2665//2665
f 2667//2667 2675//2675 2674//2674 2666//2666
f 2668//2668 2676//2676 2675//2675 2667//2667
f 2669//2669 2677//2677 2676//2676 2668//2668
f 2670//2670 2678//2678 2677//2677 2669//2669
f 2671//2671 2679//2679 2678//2678 2670//2670
f 2672//2672 2680//2680 2539//2539 2523//2523
f 2673//2673 2681//2681 2680//2680 2672//2672
f 2674//2674 2682//2682 2681//2681 2673//2673
f 2675//2675 2683//2683 2682//2682 2674//2674
f 2676//2676 2684//2684 2683//2683 2675//2675
f 2677//2677 2685//2685 2684//2684 2676//2676
f 2678//2678 2686//2686 2685//2685 2677//2677
f 2679//2679 2687//2687 2686//2686 2678//2678
f 2680//2680 2688//2688 2556//2556 2539//2539
f 2688//2688 2689//2689 2557//2557 2556//2556
f 2689//2689 2690//2690 2558//2558 2557//2557
f 2690//2690 2691//2691 2559//2559 2558//2558
f 2681//2681 2692//2692 2688//2688 2680//2680
f 2692//2692 2693//2693 2689//2689 2688//2688
f 2693//2693 2694//2694 2690//2690 2689//2689
f 2694//2694 2695//2695 2691//2691 2690//2690
f 2682//2682 2696//2696 2692//2692 2681//2681
f 2696//2696 2697//2697 2693//2693 2692//2692
f 2697//2697 2698//2698 2694//2694 2693//2693
f 2698//2698 2699//2699 2695//2695 2694//2694
f 2683//2683 2700//2700 2696//2696 2682//2682
f 2700//2700 2701//2701 2697//2697 2696//2696
f 2701//2701 2702//2702 2698//2698 2697//2697
f 2702//2702 2703//2703 2699//2699 2698//2698
f 2684//2684 2704//2704 2700//2700 2683//2683
f 2704//2704 2705//2705 2701//2701 2700//2700
f 2705//2705 2706//2706 2702//2702 2701//2701
f 2706//2706 2707//2707 2703//2703 2702//2702
f 2685//2685 2708//2708 2704//2704 2684//2684
f 2708//2708 2709//2709 2705//2705 2704//2704
f 2709//2709 2710//2710 2706//2706 2705//2705
f 2710//2710 2711//2711 2707//2707 2706//2706
f 2686//2686 2712//2712 2708//2708 2685//2685
f 2712//2712 2713//2713 2709//2709 2708//2708
f 2713//2713 2714//2714 2710//2710 2709//2709
f 2714//2714 2715//2715 2711//2711 2710//2710
f 2687//2687 2716//2716 2712//2712 2686//2686
f 2716//2716 2717//2717 2713//2713 2712//2712
f 2717//2717 2718//2718 2714//2714 2713//2713
f 2718//2718 2719//2719 2715//2715 2714//2714
f 2691//2691 2720//2720 2648//2648 2559//2559
f 2720//2720 2721//2721 2649//2649 2648//2648
f 2721//2721 2722//2722 2650//2650 2649//2649
f 2722//2722 2723//2723 2651//2651 2650//2650
f 2723//2723 2724//2724 2652//2652 2651//2651
f 2724//2724 2725//2725 2653//2653 2652//2652
f 2725//2725 2726//2726 2654//2654 2653//2653
f 2726//2726 2727//2727 2655//2655 2654//2654
f 2695//2695 2728//2728 2720//2720 2691//2691
f 2728//2728 2729//2729 2721//2721 2720//2720
f 2729//2729 2730//2730 2722//2722 2721//2721
f 2730//2730 2731//2731 2723//2723 2722//2722
f 2731//2731 2732//2732 2724//2724 2723//2723
f 2732//2732 2733//2733 2725//2725 2724//2724
f 2733//2733 2734//2734 2726//2726 2725//2725
f 2734//2734 2735//2735 2727//2727 2726//2726
f 2699//2699 2736//2736 2728//2728 2695//2695
f 2736//2736 2737//2737 2729//2729 2728//2728
f 2737//2737 2738//2738 2730//2730 2729//2729
f 2738//2738 2739//2739 2731//2731 2730//2730
f 2739//2739 2740//2740 2732//2732 2731//2731
f 2740//2740 2741//2741 2733//2733 2732//2732
f 2741//2741 2742//2742 2734//2734 2733//2733
f 2742//2742 2743//2743 2735//2735 2734//2734
f 2703//2703 2744//2744 2736//2736 2699//2699
f 2744//2744 2745//2745 2737//2737 2736//2736
f 2745//2745 2746//2746 2738//2738 2737//2737
f 2746//2746 2747//2747 2739//2739 2738//2738
f 2747//2747 2748//2748 2740//2740 2739//2739
f 2748//2748 2749//2749 2741//2741 2740//2740
f 2749//2749 2750//2750 2742//2742 2741//2741
f 2750//2750 2751//2751 2743//2743 2742//2742
f 2707//2707 2752//2752 2744//2744 2703//2703
f 2752//2752 2753//2753 2745//2745 2744//2744
f 2753//2753 2754//2754 2746//2746 2745//2745
f 2754//2754 2755//2755 2747//2747 2746//2746
f 2755//2755 2756//2756 2748//2748 2747//2747
f 2756//2756 2757//2757 2749//2749 2748//2748
f 2757//2757 2758//2758 2750//2750 2749//2749
f 2758//2758 2759//2759 2751//2751 2750//2750
f 2711//2711 2760//2760 2752//2752 2707//2707
f 2760//2760 2761//2761 2753//2753 2752//2752
f 2761//2761 2762//2762 2754//2754 2753//2753
f 2762//2762 2763//2763 2755//2755 2754//2754
f 2763//2763 2764//2764 2756//2756 2755//2755
f 2764//2764 2765//2765 2757//2757 2756//2756
f 2765//2765 2766//2766 2758//2758 2757//2757
f 2766//2766 2767//2767 2759//2759 2758//2758
f 2715//2715 2768//2768 2760//2760 2711//2711
f 2768//2768 2769//2769 2761//2761 2760//2760
f 2769//2769 2770//2770 2762//2762 2761//2761
f 2770//2770 2771//2771 2763//2763 2762//2762
f 2771//2771 2772//2772 2764//2764 2763//2763
f 2772//2772 2773//2773 2765//2765 2764//2764
f 2773//2773 2774//2774 2766//2766 2765//2765
f 2774//2774 2775//2775 2767//2767 2766//2766
f 2719//2719 2776//2776 2768//2768 2715//2715
f 2776//2776 2777//2777 2769//2769 2768//2768
f 2777//2777 2778//2778 2770//2770 2769//2769
f 2778//2778 2779//2779 2771//2771 2770//2770
f 2779//2779 2780//2780 2772//2772 2771//2771
f 2780//2780 2781//2781 2773//2773 2772//2772
f 2781//2781 2782//2782 2774//2774 2773//2773
f 2782//2782 2783//2783 2775//2775 2774//2774
f 2016//2016 2784//2784 2663//2663 1959//1959
f 2017//2017 2785//2785 2784//2784 2016//2016
f 2018//2018 2786//2786 2785//2785 2017//2017
f 2019//2019 2787//2787 2786//2786 2018//2018
f 2020//2020 2788//2788 2787//2787 2019//2019
f 2021//2021 2789//2789 2788//2788 2020//2020
f 2022//2022 2790//2790 2789//2789 2021//2021
f 2023//2023 2791//2791 2790//2790 2022//2022
f 2784//2784 2792//2792 2671//2671 2663//2663
f 2785//2785 2793//2793 2792//2792 2784//2784
f 2786//2786 2794//2794 2793//2793 2785//2785
f 2787//2787 2795//2795 2794//2794 2786//2786
f 2788//2788 2796//2796 2795//2795 2787//2787
f 2789//2789 2797//2797 2796//2796 2788//2788
f 2790//2790 2798//2798 2797//2797 2789//2789
f 2791//2791 2799//2799 2798//2798 2790//2790
f 2792//2792 2800//2800 2679//2679 2671//2671
f 2793//2793 2801//2801 2800//2800 2792//2792
f 2794//2794 2802//2802 2801//2801 2793//2793
f 2795//2795 2803//2803 2802//2802 2794//2794
f 2796//2796 2804//2804 2803//2803 2795//2795
f 2797//2797 2805//2805 2804//2804 2796//2796
f 2798//2798 2806//2806 2805//2805 2797//2797
f 2799//2799 2807//2807 2806//2806 2798//2798
f 2800//2800 2808//2808 2687//2687 2679//2679
f 2801//2801 2809//2809 2808//2808 2800//2800
f 2802//2802 2810//2810 2809//2809 2801//2801
f 2803//2803 2811//2811 2810//2810 2802//2802
f 2804//2804 2812//2812 2811//2811 2803//2803
f 2805//2805 2813//2813 2812//2812 2804//2804
f 2806//2806 2814//2814 2813//2813 2805//2805
f 2807//2807 2815//2815 2814//2814 2806//2806
f 2808//2808 2816//2816 2716//2716 2687//2687
f 2816//2816 2817//2817 2717//2717 2716//2716
f 2817//2817 2818//2818 2718//2718 2717//2717
f 2818//2818 2819//2819 2719//2719 2718//2718
f 2809//2809 2820//2820 2816//2816 2808//2808
f 2820//2820 2821//2821 2817//2817 2816//2816
f 2821//2821 2822//2822 2818//2818 2817//2817
f 2822//2822 2823//2823 2819//2819 2818//2818
f 2810//2810 2824//2824 2820//2820 2809//2809
f 2824//2824 2825//2825 2821//2821 2820//2820
f 2825//2825 2826//2826 2822//2822 2821//2821
f 2826//2826 2827//2827 2823//2823 2822//2822
f 2811//2811 2828//2828 2824//2824 2810//2810
f 2828//2828 2829//2829 2825//2825 2824//2824
f 2829//2829 2830//2830 2826//2826 2825//2825
f 2830//2830 2831//2831 2827//2827 2826//2826
f 2812//2812 2832//2832 2828//2828 2811//2811
f 2832//2832 2833//2833 2829//2829 2828//2828
f 2833//2833 2834//2834 2830//2830 2829//2829
f 2834//2834 2835//2835 2831//2831 2830//2830
f 2813//2813 2836//2836 2832//2832 2812//2812
f 2836//2836 2837//2837 2833//2833 2832//2832
f 2837//2837 2838//2838 2834//2834 2833//2833
f 2838//2838 2839//2839 2835//2835 2834//2834
f 2814//2814 2840//2840 2836//2836 2813//2813
f 2840//2840 2841//2841 2837//2837 2836//2836
f 2841//2841 2842//2842 2838//2838 2837//2837
f 2842//2842 2843//2843 2839//2839 2838//2838
f 2815//2815 2844//2844 2840//2840 2814//2814
f 2844//2844 2845//2845 2841//2841 2840//2840
f 2845//2845 2846//2846 2842//2842 2841//2841
f 2846//2846 2847//2847 2843//2843 2842//2842
f 2819//2819 2848//2848 2776//2776 2719//2719
f 2848//2848 2849//2849 2777//2777 2776//2776
f 2849//2849 2850//2850 2778//2778 2777//2777
f 2850//2850 2851//2851 2779//2779 2778//2778
f 2851//2851 2852//2852 2780//2780 2779//2779
f 2852//2852 2853//2853 2781//2781 2780//2780
f 2853//2853 2854//2854 2782//2782 2781//2781
f 2854//2854 2855//2855 2783//2783 2782//2782
f 2823//2823 2856//2856 2848//2848 2819//2819
f 2856//2856 2857//2857 2849//2849 2848//2848
f 2857//2857 2858//2858 2850//2850 2849//2849
f 2858//2858 2859//2859 2851//2851 2850//2850
f 2859//2859 2860//2860 2852//2852 2851//2851
f 2860//2860 2861//2861 2853//2853 2852//2852
f 2861//2861 2862//2862 2854//2854 2853//2853
f 2862//2862 2863//2863 2855//2855 2854//2854
f 2827//2827 2864//2864 2856//2856 2823//2823
f 2864//2864 2865//2865 2857//2857 2856//2856
f 2865//2865 2866//2866 2858//2858 2857//2857
f 2866//2866 2867//2867 2859//2859 2858//2858
f 2867//2867 2868//2868 2860//2860 2859//2859
f 2868//2868 2869//2869 2861//2861 2860//2860
f 2869//2869 2870//2870 2862//2862 2861//2861
f 2870//2870 2871//2871 2863//2863 2862//2862
f 2831//2831 2872//2872 2864//2864 2827//2827
f 2872//2872 2873//2873 2865//2865 2864//2864
f 2873//2873 2874//2874 2866//2866 2865//2865
f 2874//2874 2875//2875 2867//2867 2866//2866
f 2875//2875 2876//2876 2868//2868 2867//2867
f 2876//2876 2877//2877 2869//2869 2868//2868
f 2877//2877 2878//2878 2870//2870 2869//2869
f 2878//2878 2879//2879 2871//2871 2870//2870
f 2835//2835 2880//2880 2872//2872 2831//2831
f 2880//2880 2881//2881 2873//2873 2872//2872
f 2881//2881 2882//2882 2874//2874 2873//2873
f 2882//2882 2883//2883 2875//2875 2874//2874
f 2883//2883 2884//2884 2876//2876 2875//2875
f 2884//2884 2885//2885 2877//2877 2876//2876
f 2885//2885 2886//2886 2878//2878 2877//2877
f 2886//2886 2887//2887 2879//2879 2878//2878
f 2839//2839 2888//2888 2880//2880 2835//2835
f 2888//2888 2889//2889 2881//2881 2880//2880
f 2889//2889 2890//2890 2882//2882 2881//2881
f 2890//2890 2891//2891 2883//2883 2882//2882
f 2891//2891 2892//2892 2884//2884 2883//2883
f 2892//2892 2893//2893 2885//2885 2884//2884
f 2893//2893 2894//2894 2886//2886 2885//2885
f 2894//2894 2895//2895 2887//2887 2886//2886
f 2843//2843 2896//2896 2888//2888 2839//2839
f 2896//2896 2897//2897 2889//2889 2888//2888
f 2897//2897 2898//2898 2890//2890 2889//2889
f 2898//2898 2899//2899 2891//2891 2890//2890
f 2899//2899 2900//2900 2892//2892 2891//2891
f 2900//2900 2901//2901 2893//2893 2892//2892
f 2901//2901 2902//2902 2894//2894 2893//2893
f 2902//2902 2903//2903 2895//2895 2894//2894
f 2847//2847 2904//2904 2896//2896 2843//2843
f 2904//2904 2905//2905 2897//2897 2896//2896
f 2905//2905 2906//2906 2898//2898 2897//2897
f 2906//2906 2907//2907 2899//2899 2898//2898
f 2907//2907 2908//2908 2900//2900 2899//2899
f 2908//2908 2909//2909 2901//2901 2900//2900
f 2909//2909 2910//2910 2902//2902 2901//2901
f 2910//2910 2911//2911 2903//2903 2902//2902
f 2080//2080 2912//2912 2791//2791 2023//2023
f 2081//2081 2913//2913 2912//2912 2080//2080
f 2082//2082 2914//2914 2913//2913 2081//2081
f 2083//2083 2915//2915 2914//2914 2082//2082
f 2084//2084 2916//2916 2915//2915 2083//2083
f 2085//2085 2917//2917 2916//2916 2084//2084
f 2086//2086 2918//2918 2917//2917 2085//2085
f 2087//2087 2919//2919 2918//2918 2086//2086
f 2912//2912 2920//2920 2799//2799 2791//2791
f 2913//2913 2921//2921 2920//2920 2912//2912
f 2914//2914 2922//2922 2921//2921 2913//2913
f 2915//2915 2923//2923 2922//2922 2914//2914
f 2916//2916 2924//2924 2923//2923 2915//2915
f 2917//2917 2925//2925 2924//2924 2916//2916
f 2918//2918 2926//2926 2925//2925 2917//2917
f 2919//2919 2927//2927 2926//2926 2918//2918
f 2920//2920 2928//2928 2807//2807 2799//2799
f 2921//2921 2929//2929 2928//2928 2920//2920
f 2922//2922 2930//2930 2929//2929 2921//2921
f 2923//2923 2931//2931 2930//2930 2922//2922
f 2924//2924 2932//2932 2931//2931 2923//2923
f 2925//2925 2933//2933 2932//2932 2924//2924
f 2926//2926 2934//2934 2933//2933 2925//2925
f 2927//2927 2935//2935 2934//2934 2926//2926
f 2928//2928 2936//2936 2815//2815 2807//2807
f 2929//2929 2937//2937 2936//2936 2928//2928
f 2930//2930 2938//2938 2937//2937 2929//2929
f 2931//2931 2939//2939 2938//2938 2930//2930
f 2932//2932 2940//2940 2939//2939 2931//2931
f 2933//2933 2941//2941 2940//2940 2932//2932
f 2934//2934 2942//2942 2941//2941 2933//2933
f 2935//2935 2943//2943 2942//2942 2934//2934
f 2936//2936 2944//2944 2844//2844 2815//2815
f 2944//2944 2945//2945 2845//2845 2844//2844
f 2945//2945 2946//2946 2846//2846 2845//2845
f 2946//2946 2947//2947 2847//2847 2846//2846
f 2937//2937 2948//2948 2944//2944 2936//2936
f 2948//2948 2949//2949 2945//2945 2944//2944
f 2949//2949 2950//2950 2946//2946 2945//2945
f 2950//2950 2951//2951 2947//2947 2946//2946
f 2938//2938 2952//2952 2948//2948 2937//2937
f 2952//2952 2953//2953 2949//2949 2948//2948
f 2953//2953 2954//2954 2950//2950 2949//2949
f 2954//2954 2955//2955 2951//2951 2950//2950
f 2939//2939 2956//2956 2952//2952 2938//2938
f 2956//2956 2957//2957 2953//2953 2952//2952
f 2957//2957 2958//2958 2954//2954 2953//2953
f 2958//2958 2959//2959 2955//2955 2954//2954
f 2940//2940 2960//2960 2956//2956 2939//2939
f 2960//2960 2961//2961 2957//2957 2956//2956
f 2961//2961 2962//2962 2958//2958 2957//2957
f 2962//2962 2963//2963 2959//2959 2958//2958
f 2941//2941 2964//2964 2960//2960 2940//2940
f 2964//2964 2965//2965 2961//2961 2960//2960
f 2965//2965 2966//2966 2962//2962 2961//2961
f 2966//2966 2967//2967 2963//2963 2962//2962
f 2942//2942 2968//2968 2964//2964 2941//2941
f 2968//2968 2969//2969 2965//2965 2964//2964
f 2969//2969 2970//2970 2966//2966 2965//2965
f 2970//2970 2971//2971 2967//2967 2966//2966
f 2943//2943 2972//2972 2968//2968 2942//2942
f 2972//2972 2973//2973 2969//2969 2968//2968
f 2973//2973 2974//2974 2970//2970 2969//2969
f 2974//2974 2975//2975 2971//2971 2970//2970
f 2947//2947 2976//2976 2904//2904 2847//2847
f 2976//2976 2977//2977 2905//2905 2904//2904
f 2977//2977 2978//2978 2906//2906 2905//2905
f 2978//2978 2979//2979 2907//2907 2906//2906
f 2979//2979 2980//2980 2908//2908 2907//2907
f 2980//2980 2981//2981 2909//2909 2908//2908
f 2981//2981 2982//2982 2910//2910 2909//2909
f 2982//2982 2983//2983 2911//2911 2910//2910
f 2951//2951 2984//2984 2976//2976 2947//2947
f 2984//2984 2985//2985 2977//2977 2976//2976
f 2985//2985 2986//2986 2978//2978 2977//2977
f 2986//2986 2987//2987 2979//2979 2978//2978
f 2987//2987 2988//2988 2980//2980 2979//2979
f 2988//2988 2989//2989 2981//2981 2980//2980
f 2989//2989 2990//2990 2982//2982 2981//2981
f 2990//2990 2991//2991 2983//2983 2982//2982
f 2955//2955 2992//2992 2984//2984 2951//2951
f 2992//2992 2993//2993 2985//2985 2984//2984
f 2993//2993 2994//2994 2986//2986 2985//2985
f 2994//2994 2995//2995 2987//2987 2986//2986
f 2995//2995 2996//2996 2988//2988 2987//2987
f 2996//2996 2997//2997 2989//2989 2988//2988
f 2997//2997 2998//2998 2990//2990 2989//2989
f 2998//2998 2999//2999 2991//2991 2990//2990
f 2959//2959 3000//3000 2992//2992 2955//2955
f 3000//3000 3001//3001 2993//2993 2992//2992
f 3001//3001 3002//3002 2994//2994 2993//2993
f 3002//3002 3003//3003 2995//2995 2994//2994
f 3003//3003 3004//3004 2996//2996 2995//2995
f 3004//3004 3005//3005 2997//2997 2996//2996
f 3005//3005 3006//3006 2998//2998 2997//2997
f 3006//3006 3007//3007 2999//2999 2998//2998
f 2963//2963 3008//3008 3000//3000 2959//2959
f 3008//3008 3009//3009 3001//3001 3000//3000
f 3009//3009 3010//3010 3002//3002 3001//3001
f 3010//3010 3011//3011 3003//3003 3002//3002
f 3011//3011 3012//3012 3004//3004 3003//3003
f 3012//3012 3013//3013 3005//3005 3004//3004
f 3013//3013 3014//3014 3006//3006 3005//3005
f 3014//3014 3015//3015 3007//3007 3006//3006
f 2967//2967 3016//3016 3008//3008 2963//2963
f 3016//3016 3017//3017 3009//3009 3008//3008
f 3017//3017 3018//3018 3010//3010 3009//3009
f 3018//3018 3019//3019 3011//3011 3010//3010
f 3019//3019 3020//3020 3012//3012 3011//3011
f 3020//3020 3021//3021 3013//3013 3012//3012
f 3021//3021 3022//3022 3014//3014 3013//3013
f 3022//3022 3023//3023 3015//3015 3014//3014
f 2971//2971 3024//3024 3016//3016 2967//2967
f 3024//3024 3025//3025 3017//3017 3016//3016
f 3025//3025 3026//3026 3018//3018 3017//3017
f 3026//3026 3027//3027 3019//3019 3018//3018
f 3027//3027 3028//3028 3020//3020 3019//3019
f 3028//3028 3029//3029 3021//3021 3020//3020
f 3029//3029 3030//3030 3022//3022 3021//3021
f 3030//3030 3031//3031 3023//3023 3022//3022
f 2975//2975 3032//3032 3024//3024 2971//2971
f 3032//3032 3033//3033 3025//3025 3024//3024
f 3033//3033 3034//3034 3026//3026 3025//3025
f 3034//3034 3035//3035 3027//3027 3026//3026
f 3035//3035 3036//3036 3028//3028 3027//3027
f 3036//3036 3037//3037 3029//3029 3028//3028
f 3037//3037 3038//3038 3030//3030 3029//3029
f 3038//3038 3039//3039 3031//3031 3030//3030
f 2144//2144 3040//3040 2919//2919 2087//2087
f 2145//2145 3041//3041 3040//3040 2144//2144
f 2146//2146 3042//3042 3041//3041 2145//2145
f 2147//2147 3043//3043 3042//3042 2146//2146
f 2148//2148 3044//3044 3043//3043 2147//2147
f 2149//2149 3045//3045 3044//3044 2148//2148
f 2150//2150 3046//3046 3045//3045 2149//2149
f 2151//2151 3047//3047 3046//3046 2150//2150
f 3040//3040 3048//3048 2927//2927 2919//2919
f 3041//3041 3049//3049 3048//3048 3040//3040
f 3042//3042 3050//3050 3049//3049 3041//3041
f 3043//3043 3051//3051 3050//3050 3042//3042
f 3044//3044 3052//3052 3051//3051 3043//3043
f 3045//3045 3053//3053 3052//3052 3044//3044
f 3046//3046 3054//3054 3053//3053 3045//3045
f 3047//3047 3055//3055 3054//3054 3046//3046
f 3048//3048 3056//3056 2935//2935 2927//2927
f 3049//3049 3057//3057 3056//3056 3048//3048
f 3050//3050 3058//3058 3057//3057 3049//3049
f 3051//3051 3059//3059 3058//3058 3050//3050
f 3052//3052 3060//3060 3059//3059 3051//3051
f 3053//3053 3061//3061 3060//3060 3052//3052
f 3054//3054 3062//3062 3061//3061 3053//3053
f 3055//3055 3063//3063 3062//3062 3054//3054
f 3056//3056 3064//3064 2943//2943 2935//2935
f 3057//3057 3065//3065 3064//3064 3056//3056
f 3058//3058 3066//3066 3065//3065 3057//3057
f 3059//3059 3067//3067 3066//3066 3058//3058
f 3060//3060 3068//3068 3067//3067 3059//3059
f 3061//3061 3069//3069 3068//3068 3060//3060
f 3062//3062 3070//3070 3069//3069 3061//3061
f 3063//3063 3071//3071 3070//3070 3062//3062
f 3064//3064 3072//3072 2972//2972 2943//2943
f 3072//3072 3073//3073 2973//2973 2972//2972
f 3073//3073 3074//3074 2974//2974 2973//2973
f 3074//3074 3075//3075 2975//2975 2974//2974
f 3065//3065 3076//3076 3072//3072 3064//3064
f 3076//3076 3077//3077 3073//3073 3072//3072
f 3077//3077 3078//3078 3074//3074 3073//3073
f 3078//3078 3079//3079 3075//3075 3074//3074
f 3066//3066 3080//3080 3076//3076 3065//3065
f 3080//3080 3081//3081 3077//3077 3076//3076
f 3081//3081 3082//3082 3078//3078 3077//3077
f 3082//3082 3083//3083 3079//3079 3078//3078
f 3067//3067 3084//3084 3080//3080 3066//3066
f 3084//3084 3085//3085 3081//3081 3080//3080
f 3085//3085 3086//3086 3082//3082 3081//3081
f 3086//3086 3087//3087 3083//3083 3082//3082
f 3068//3068 3088//3088 3084//3084 3067//3067
f 3088//3088 3089//3089 3085//3085 3084//3084
f 3089//3089 3090//3090 3086//3086 3085//3085
f 3090//3090 3091//3091 3087//3087 3086//3086
f 3069//3069 3092//3092 3088//3088 3068//3068
f 3092//3092 3093//3093 3089//3089 3088//3088
f 3093//3093 3094//3094 3090//3090 3089//3089
f 3094//3094 3095//3095 3091//3091 3090//3090
f 3070//3070 3096//3096 3092//3092 3069//3069
f 3096//3096 3097//3097 3093//3093 3092//3092
f 3097//3097 3098//3098 3094//3094 3093//3093
f 3098//3098 3099//3099 3095//3095 3094//3094
f 3071//3071 3100//3100 3096//3096 3070//3070
f 3100//3100 3101//3101 3097//3097 3096//3096
f 3101//3101 3102//3102 3098//3098 3097//3097
f 3102//3102 3103//3103 3099//3099 3098//3098
f 3075//3075 3104//3104 3032//3032 2975//2975
f 3104//3104 3105//3105 3033//3033 3032//3032
f 3105//3105 3106//3106 3034//3034 3033//3033
f 3106//3106 3107//3107 3035//3035 3034//3034
f 3107//3107 3108//3108 3036//3036 3035//3035
f 3108//3108 3109//3109 3037//3037 3036//3036
f 3109//3109 3110//3110 3038//3038 3037//3037
f 3110//3110 3111//3111 3039//3039 3038//3038
f 3079//3079 3112//3112 3104//3104 3075//3075
f 3112//3112 3113//3113 3105//3105 3104//3104
f 3113//3113 3114//3114 3106//3106 3105//3105
f 3114//3114 3115//3115 3107//3107 3106//3106
f 3115//3115 3116//3116 3108//3108 3107//3107
f 3116//3116 3117//3117 3109//3109 3108//3108
f 3117//3117 3118//3118 3110//3110 3109//3109
f 3118//3118 3119//3119 3111//3111 3110//3110
f 3083//3083 3120//3120 3112//3112 3079//3079
f 3120//3120 3121//3121 3113//3113 3112//3112
f 3121//3121 3122//3122 3114//3114 3113//3113
f 3122//3122 3123//3123 3115//3115 3114//3114
f 3123//3123 3124//3124 3116//3116 3115//3115
f 3124//3124 3125//3125 3117//3117 3116//3116
f 3125//3125 3126//3126 3118//3118 3117//3117
f 3126//3126 3127//3127 3119//3119 3118//3118
f 3087//3087 3128//3128 3120//3120 3083//3083
f 3128//3128 3129//3129 3121//3121 3120//3120
f 3129//3129 3130//3130 3122//3122 3121//3121
f 3130//3130 3131//3131 3123//3123 3122//3122
f 3131//3131 3132//3132 3124//3124 3123//3123
f 3132//3132 3133//3133 3125//3125 3124//3124
f 3133//3133 3134//3134 3126//3126 3125//3125
f 3134//3134 3135//3135 3127//3127 3126//3126
f 3091//3091 3136//3136 3128//3128 3087//3087
f 3136//3136 3137//3137 3129//3129 3128//3128
f 3137//3137 3138//3138 3130//3130 3129//3129
f 3138//3138 3139//3139 3131//3131 3130//3130
f 3139//3139 3140//3140 3132//3132 3131//3131
f 3140//3140 3141//3141 3133//3133 3132//3132
f 3141//3141 3142//3142 3134//3134 3133//3133
f 3142//3142 3143//3143 3135//3135 3134//3134
f 3095//3095 3144//3144 3136//3136 3091//3091
f 3144//3144 3145//3145 3137//3137 3136//3136
f 3145//3145 3146//3146 3138//3138 3137//3137
f 3146//3146 3147//3147 3139//3139 3138//3138
f 3147//3147 3148//3148 3140//3140 3139//3139
f 3148//3148 3149//3149 3141//3141 3140//3140
f 3149//3149 3150//3150 3142//3142 3141//3141
f 3150//3150 3151//3151 3143//3143 3142//3142
f 3099//3099 3152//3152 3144//3144 3095//3095
f 3152//3152 3153//3153 3145//3145 3144//3144
f 3153//3153 3154//3154 3146//3146 3145//3145
f 3154//3154 3155//3155 3147//3147 3146//3146
f 3155//3155 3156//3156 3148//3148 3147//3147
f 3156//3156 3157//3157 3149//3149 3148//3148
f 3157//3157 3158//3158 3150//3150 3149//3149
f 3158//3158 3159//3159 3151//3151 3150//3150
f 3103//3103 3160//3160 3152//3152 3099//3099
f 3160//3160 3161//3161 3153//3153 3152//3152
f 3161//3161 3162//3162 3154//3154 3153//3153
f 3162//3162 3163//3163 3155//3155 3154//3154
f 3163//3163 3164//3164 3156//3156 3155//3155
f 3164//3164 3165//3165 3157//3157 3156//3156
f 3165//3165 3166//3166 3158//3158 3157//3157
f 3166//3166 3167//3167 3159//3159 3158//3158
f 2208//2208 3168//3168 3047//3047 2151//2151
f 2209//2209 3169//3169 3168//3168 2208//2208
f 2210//2210 3170//3170 3169//3169 2209//2209
f 2211//2211 3171//3171 3170//3170 2210//2210
f 2212//2212 3172//3172 3171//3171 2211//2211
f 2213//2213 3173//3173 3172//3172 2212//2212
f 2214//2214 3174//3174 3173//3173 2213//2213
f 2215//2215 3175//3175 3174//3174 2214//2214
f 3168//3168 3176//3176 3055//3055 3047//3047
f 3169//3169 3177//3177 3176//3176 3168//3168
f 3170//3170 3178//3178 3177//3177 3169//3169
f 3171//3171 3179//3179 3178//3178 3170//3170
f 3172//3172 3180//3180 3179//3179 3171//3171
f 3173//3173 3181//3181 3180//3180 3172//3172
f 3174//3174 3182//3182 3181//3181 3173//3173
f 3175//3175 3183//3183 3182//3182 3174//3174
f 3176//3176 3184//3184 3063//3063 3055//3055
f 3177//3177 3185//3185 3184//3184 3176//3176
f 3178//3178 3186//3186 3185//3185 3177//3177
f 3179//3179 3187//3187 3186//3186 3178//3178
f 3180//3180 3188//3188 3187//3187 3179//3179
f 3181//3181 3189//3189 3188//3188 3180//3180
f 3182//3182 3190//3190 3189//3189 3181//3181
f 3183//3183 3191//3191 3190//3190 3182//3182
f 3184//3184 3192//3192 3071//3071 3063//3063
f 3185//3185 3193//3193 3192//3192 3184//3184
f 3186//3186 3194//3194 3193//3193 3185//3185
f 3187//3187 3195//3195 3194//3194 3186//3186
f 3188//3188 3196//3196 3195//3195 3187//3187
f 3189//3189 3197//3197 3196//3196 3188//3188
f 3190//3190 3198//3198 3197//3197 3189//3189
f 3191//3191 3199//3199 3198//3198 3190//3190
f 3192//3192 3200//3200 3100//3100 3071//3071
f 3200//3200 3201//3201 3101//3101 3100//3100
f 3201//3201 3202//3202 3102//3102 3101//3101
f 3202//3202 3203//3203 3103//3103 3102//3102
f 3193//3193 3204//3204 3200//3200 3192//3192
f 3204//3204 3205//3205 3201//3201 3200//3200
f 3205//3205 3206//3206 3202//3202 3201//3201
f 3206//3206 3207//3207 3203//3203 3202//3202
f 3194//3194 3208//3208 3204//3204 3193//3193
f 3208//3208 3209//3209 3205//3205 3204//3204
f 3209//3209 3210//3210 3206//3206 3205//3205
f 3210//3210 3211//3211 3207//3207 3206//3206
f 3195//3195 3212//3212 3208//3208 3194//3194
f 3212//3212 3213//3213 3209//3209 3208//3208
f 3213//3213 3214//3214 3210//3210 3209//3209
f 3214//3214 3215//3215 3211//3211 3210//3210
f 3196//3196 3216//3216 3212//3212 3195//3195
f 3216//3216 3217//3217 3213//3213 3212//3212
f 3217//3217 3218//3218 3214//3214 3213//3213
f 3218//3218 3219//3219 3215//3215 3214//3214
f 3197//3197 3220//3220 3216//3216 3196//3196
f 3220//3220 3221//3221 3217//3217 3216//3216
f 3221//3221 3222//3222 3218//3218 3217//3217
f 3222//3222 3223//3223 3219//3219 3218//3218
f 3198//3198 3224//3224 3220//3220 3197//3197
f 3224//3224 3225//3225 3221//3221 3220//3220
f 3225//3225 3226//3226 3222//3222 3221//3221
f 3226//3226 3227//3227 3223//3223 3222//3222
f 3199//3199 3228//3228 3224//3224 3198//3198
f 3228//3228 3229//3229 3225//3225 3224//3224
f 3229//3229 3230//3230 3226//3226 3225//3225
f 3230//3230 3231//3231 3227//3227 3226//3226
f 3203//3203 3232//3232 3160//3160 3103//3103
f 3232//3232 3233//3233 3161//3161 3160//3160
f 3233//3233 3234//3234 3162//3162 3161//3161
f 3234//3234 3235//3235 3163//3163 3162//3162
f 3235//3235 3236//3236 3164//3164 3163//3163
f 3236//3236 3237//3237 3165//3165 3164//3164
f 3237//3237 3238//3238 3166//3166 3165//3165
f 3238//3238 3239//3239 3167//3167 3166//3166
f 3207//3207 3240//3240 3232//3232 3203//3203
f 3240//3240 3241//3241 3233//3233 3232//3232
f 3241//3241 3242//3242 3234//3234 3233//3233
f 3242//3242 3243//3243 3235//3235 3234//3234
f 3243//3243 3244//3244 3236//3236 3235//3235
f 3244//3244 3245//3245 3237//3237 3236//3236
f 3245//3245 3246//3246 3238//3238 3237//3237
f 3246//3246 3247//3247 3239//3239 3238//3238
f 3211//3211 3248//3248 3240//3240 3207//3207
f 3248//3248 3249//3249 3241//3241 3240//3240
f 3249//3249 3250//3250 3242//3242 3241//3241
f 3250//3250 3251//3251 3243//3243 3242//3242
f 3251//3251 3252//3252 3244//3244 3243//3243
f 3252//3252 3253//3253 3245//3245 3244//3244
f 3253//3253 3254//3254 3246//3246 3245//3245
f 3254//3254 3255//3255 3247//3247 3246//3246
f 3215//3215 3256//3256 3248//3248 3211//3211
f 3256//3256 3257//3257 3249//3249 3248//3248
f 3257//3257 3258//3258 3250//3250 3249//3249
f 3258//3258 3259//3259 3251//3251 3250//3250
f 3259//3259 3260//3260 3252//3252 3251//3251
f 3260//3260 3261//3261 3253//3253 3252//3252
f 3261//3261 3262//3262 3254//3254 3253//3253
f 3262//3262 3263//3263 3255//3255 3254//3254
f 3219//3219 3264//3264 3256//3256 3215//3215
f 3264//3264 3265//3265 3257//3257 3256//3256
f 3265//3265 3266//3266 3258//3258 3257//3257
f 3266//3266 3267//3267 3259//3259 3258//3258
f 3267//3267 3268//3268 3260//3260 3259//3259
f 3268//3268 3269//3269 3261//3261 3260//3260
f 3269//3269 3270//3270 3262//3262 3261//3261
f 3270//3270 3271//3271 3263//3263 3262//3262
f 3223//3223 3272//3272 3264//3264 3219//3219
f 3272//3272 3273//3273 3265//3265 3264//3264
f 3273//3273 3274//3274 3266//3266 3265//3265
f 3274//3274 3275//3275 3267//3267 3266//3266
f 3275//3275 3276//3276 3268//3268 3267//3267
f 3276//3276 3277//3277 3269//3269 3268//3268
f 3277//3277 3278//3278 3270//3270 3269//3269
f 3278//3278 3279//3279 3271//3271 3270//3270
f 3227//3227 3280//3280 3272//3272 3223//3223
f 3280//3280 3281//3281 3273//3273 3272//3272
f 3281//3281 3282//3282 3274//3274 3273//3273
f 3282//3282 3283//3283 3275//3275 3274//3274
f 3283//3283 3284//3284 3276//3276 3275//3275
f 3284//3284 3285//3285 3277//3277 3276//3276
f 3285//3285 3286//3286 3278//3278 3277//3277
f 3286//3286 3287//3287 3279//3279 3278//3278
f 3231//3231 3288//3288 3280//3280 3227//3227
f 3288//3288 3289//3289 3281//3281 3280//3280
f 3289//3289 3290//3290 3282//3282 3281//3281
f 3290//3290 3291//3291 3283//3283 3282//3282
f 3291//3291 3292//3292 3284//3284 3283//3283
f 3292//3292 3293//3293 3285//3285 3284//3284
f 3293//3293 3294//3294 3286//3286 3285//3285
f 3294//3294 3295//3295 3287//3287 3286//3286
f 2272//2272 3296//3296 3175//3175 2215//2215
f 2273//2273 3297//3297 3296//3296 2272//2272
f 2274//2274 3298//3298 3297//3297 2273//2273
f 2275//2275 3299//3299 3298//3298 2274//2274
f 2276//2276 3300//3300 3299//3299 2275//2275
f 2277//2277 3301//3301 3300//3300 2276//2276
f 2278//2278 3302//3302 3301//3301 2277//2277
f 2279//2279 3303//3303 3302//3302 2278//2278
f 3296//3296 3304//3304 3183//3183 3175//3175
f 3297//3297 3305//3305 3304//3304 3296//3296
f 3298//3298 3306//3306 3305//3305 3297//3297
f 3299//3299 3307//3307 3306//3306 3298//3298
f 3300//3300 3308//3308 3307//3307 3299//3299
f 3301//3301 3309//3309 3308//3308 3300//3300
f 3302//3302 3310//3310 3309//3309 3301//3301
f 3303//3303 3311//3311 3310//3310 3302//3302
f 3304//3304 3312//3312 3191//3191 3183//3183
f 3305//3305 3313//3313 3312//3312 3304//3304
f 3306//3306 3314//3314 3313//3313 3305//3305
f 3307//3307 3315//3315 3314//3314 3306//3306
f 3308//3308 3316//3316 3315//3315 3307//3307
f 3309//3309 3317//3317 3316//3316 3308//3308
f 3310//3310 3318//3318 3317//3317 3309//3309
f 3311//3311 3319//3319 3318//3318 3310//3310
f 3312//3312 3320//3320 3199//3199 3191//3191
f 3313//3313 3321//3321 3320//3320 3312//3312
f 3314//3314 3322//3322 3321//3321 3313//3313
f 3315//3315 3323//3323 3322//3322 3314//3314
f 3316//3316 3324//3324 3323//3323 3315//3315
f 3317//3317 3325//3325 3324//3324 3316//3316
f 3318//3318 3326//3326 3325//3325 3317//3317
f 3319//3319 3327//3327 3326//3326 3318//3318
f 3320//3320 3328//3328 3228//3228 3199//3199
f 3328//3328 3329//3329 3229//3229 3228//3228
f 3329//3329 3330//3330 3230//3230 3229//3229
f 3330//3330 3331//3331 3231//3231 3230//3230
f 3321//3321 3332//3332 3328//3328 3320//3320
f 3332//3332 3333//3333 3329//3329 3328//3328
f 3333//3333 3334//3334 3330//3330 3329//3329
f 3334//3334 3335//3335 3331//3331 3330//3330
f 3322//3322 3336//3336 3332//3332 3321//3321
f 3336//3336 3337//3337 3333//3333 3332//3332
f 3337//3337 3338//3338 3334//3334 3333//3333
f 3338//3338 3339//3339 3335//3335 3334//3334
f 3323//3323 3340//3340 3336//3336 3322//3322
f 3340//3340 3341//3341 3337//3337 3336//3336
f 3341//3341 3342//3342 3338//3338 3337//3337
f 3342//3342 3343//3343 3339//3339 3338//3338
f 3324//3324 3344//3344 3340//3340 3323//3323
f 3344//3344 3345//3345 3341//3341 3340//3340
f 3345//3345 3346//3346 3342//3342 3341//3341
f 3346//3346 3347//3347 3343//3343 3342//3342
f 3325//3325 3348//3348 3344//3344 3324//3324
f 3348//3348 3349//3349 3345//3345 3344//3344
f 3349//3349 3350//3350 3346//3346 3345//3345
f 3350//3350 3351//3351 3347//3347 3346//3346
f 3326//3326 3352//3352 3348//3348 3325//3325
f 3352//3352 3353//3353 3349//3349 3348//3348
f 3353//3353 3354//3354 3350//3350 3349//3349
f 3354//3354 3355//3355 3351//3351 3350//3350
f 3327//3327 3356//3356 3352//3352 3326//3326
f 3356//3356 3357//3357 3353//3353 3352//3352
f 3357//3357 3358//3358 3354//3354 3353//3353
f 3358//3358 3359//3359 3355//3355 3354//3354
f 3331//3331 3360//3360 3288//3288 3231//3231
f 3360//3360 3361//3361 3289//3289 3288//3288
f 3361//3361 3362//3362 3290//3290 3289//3289
f 3362//3362 3363//3363 3291//3291 3290//3290
f 3363//3363 3364//3364 3292//3292 3291//3291
f 3364//3364 3365//3365 3293//3293 3292//3292
f 3365//3365 3366//3366 3294//3294 3293//3293
f 3366//3366 3367//3367 3295//3295 3294//3294
f 3335//3335 3368//3368 3360//3360 3331//3331
f 3368//3368 3369//3369 3361//3361 3360//3360
f 3369//3369 3370//3370 3362//3362 3361//3361
f 3370//3370 3371//3371 3363//3363 3362//3362
f 3371//3371 3372//3372 3364//3364 3363//3363
f 3372//3372 3373//3373 3365//3365 3364//3364
f 3373//3373 3374//3374 3366//3366 3365//3365
f 3374//3374 3375//3375 3367//3367 3366//3366
f 3339//3339 3376//3376 3368//3368 3335//3335
f 3376//3376 3377//3377 3369//3369 3368//3368
f 3377//3377 3378//3378 3370//3370 3369//3369
f 3378//3378 3379//3379 3371//3371 3370//3370
f 3379//3379 3380//3380 3372//3372 3371//3371
f 3380//3380 3381//3381 3373//3373 3372//3372
f 3381//3381 3382//3382 3374//3374 3373//3373
f 3382//3382 3383//3383 3375//3375 3374//3374
f 3343//3343 3384//3384 3376//3376 3339//3339
f 3384//3384 3385//3385 3377//3377 3376//3376
f 3385//3385 3386//3386 3378//3378 3377//3377
f 3386//3386 3387//3387 3379//3379 3378//3378
f 3387//3387 3388//3388 3380//3380 3379//3379
f 3388//3388 3389//3389 3381//3381 3380//3380
f 3389//3389 3390//3390 3382//3382 3381//3381
f 3390//3390 3391//3391 3383//3383 3382//3382
f 3347//3347 3392//3392 3384//3384 3343//3343
f 3392//3392 3393//3393 3385//3385 3384//3384
f 3393//3393 3394//3394 3386//3386 3385//3385
f 3394//3394 3395//3395 3387//3387 3386//3386
f 3395//3395 3396//3396 3388//3388 3387//3387
f 3396//3396 3397//3397 3389//3389 3388//3388
f 3397//3397 3398//3398 3390//3390 3389//3389
f 3398//3398 3399//3399 3391//3391 3390//3390
f 3351//3351 3400//3400 3392//3392 3347//3347
f 3400//3400 3401//3401 3393//3393 3392//3392
f 3401//3401 3402//3402 3394//3394 3393//3393
f 3402//3402 3403//3403 3395//3395 3394//3394
f 3403//3403 3404//3404 3396//3396 3395//3395
f 3404//3404 3405//3405 3397//3397 3396//3396
f 3405//3405 3406//3406 3398//3398 3397//3397
f 3406//3406 3407//3407 3399//3399 3398//3398
f 3355//3355 3408//3408 3400//3400 3351//3351
f 3408//3408 3409//3409 3401//3401 3400//3400
f 3409//3409 3410//3410 3402//3402 3401//3401
f 3410//3410 3411//3411 3403//3403 3402//3402
f 3411//3411 3412//3412 3404//3404 3403//3403
f 3412//3412 3413//3413 3405//3405 3404//3404
f 3413//3413 3414//3414 3406//3406 3405//3405
f 3414//3414 3415//3415 3407//3407 3406//3406
f 3359//3359 3416//3416 3408//3408 3355//3355
f 3416//3416 3417//3417 3409//3409 3408//3408
f 3417//3417 3418//3418 3410//3410 3409//3409
f 3418//3418 3419//3419 3411//3411 3410//3410
f 3419//3419 3420//3420 3412//3412 3411//3411
f 3420//3420 3421//3421 3413//3413 3412//3412
f 3421//3421 3422//3422 3414//3414 3413//3413
f 3422//3422 3423//3423 3415//3415 3414//3414
f 2336//2336 3424//3424 3303//3303 2279//2279
f 2337//2337 3425//3425 3424//3424 2336//2336
f 2338//2338 3426//3426 3425//3425 2337//2337
f 2339//2339 3427//3427 3426//3426 2338//2338
f 2340//2340 3428//3428 3427//3427 2339//2339
f 2341//2341 3429//3429 3428//3428 2340//2340
f 2342//2342 3430//3430 3429//3429 2341//2341
f 2343//2343 3431//3431 3430//3430 2342//2342
f 3424//3424 3432//3432 3311//3311 3303//3303
f 3425//3425 3433//3433 3432//3432 3424//3424
f 3426//3426 3434//3434 3433//3433 3425//3425
f 3427//3427 3435//3435 3434//3434 3426//3426
f 3428//3428 3436//3436 3435//3435 3427//3427
f 3429//3429 3437//3437 3436//3436 3428//3428
f 3430//3430 3438//3438 3437//3437 3429//3429
f 3431//3431 3439//3439 3438//3438 3430//3430
f 3432//3432 3440//3440 3319//3319 3311//3311
f 3433//3433 3441//3441 3440//3440 3432//3432
f 3434//3434 3442//3442 3441//3441 3433//3433
f 3435//3435 3443//3443 3442//3442 3434//3434
f 3436//3436 3444//3444 3443//3443 3435//3435
f 3437//3437 3445//3445 3444//3444 3436//3436
f 3438//3438 3446//3446 3445//3445 3437//3437
f 3439//3439 3447//3447 3446//3446 3438//3438
f 3440//3440 3448//3448 3327//3327 3319//3319
f 3441//3441 3449//3449 3448//3448 3440//3440
f 3442//3442 3450//3450 3449//3449 3441//3441
f 3443//3443 3451//3451 3450//3450 3442//3442
f 3444//3444 3452//3452 3451//3451 3443//3443
f 3445//3445 3453//3453 3452//3452 3444//3444
f 3446//3446 3454//3454 3453//3453 3445//3445
f 3447//3447 3455//3455 3454//3454 3446//3446
f 3448//3448 3456//3456 3356//3356 3327//3327
f 3456//3456 3457//3457 3357//3357 3356//3356
f 3457//3457 3458//3458 3358//3358 3357//3357
f 3458//3458 3459//3459 3359//3359 3358//3358
f 3449//3449 3460//3460 3456//3456 3448//3448
f 3460//3460 3461//3461 3457//3457 3456//3456
f 3461//3461 3462//3462 3458//3458 3457//3457
f 3462//3462 3463//3463 3459//3459 3458//3458
f 3450//3450 3464//3464 3460//3460 3449//3449
f 3464//3464 3465//3465 3461//3461 3460//3460
f 3465//3465 3466//3466 3462//3462 3461//3461
f 3466//3466 3467//3467 3463//3463 3462//3462
f 3451//3451 3468//3468 3464//3464 3450//3450
f 3468//3468 3469//3469 3465//3465 3464//3464
f 3469//3469 3470//3470 3466//3466 3465//3465
f 3470//3470 3471//3471 3467//3467 3466//3466
f 3452//3452 3472//3472 3468//3468 3451//3451
f 3472//3472 3473//3473 3469//3469 3468//3468
f 3473//3473 3474//3474 3470//3470 3469//3469
f 3474//3474 3475//3475 3471//3471 3470//3470
f 3453//3453 3476//3476 3472//3472 3452//3452
f 3476//3476 3477//3477 3473//3473 3472//3472
f 3477//3477 3478//3478 3474//3474 3473//3473
f 3478//3478 3479//3479 3475//3475 3474//3474
f 3454//3454 3480//3480 3476//3476 3453//3453
f 3480//3480 3481//3481 3477//3477 3476//3476
f 3481//3481 3482//3482 3478//3478 3477//3477
f 3482//3482 3483//3483 3479//3479 3478//3478
f 3455//3455 3484//3484 3480//3480 3454//3454
f 3484//3484 3485//3485 3481//3481 3480//3480
f 3485//3485 3486//3486 3482//3482 3481//3481
f 3486//3486 3487//3487 3483//3483 3482//3482
f 3459//3459 3488//3488 3416//3416 3359//3359
f 3488//3488 3489//3489 3417//3417 3416//3416
f 3489//3489 3490//3490 3418//3418 3417//3417
f 3490//3490 3491//3491 3419//3419 3418//3418
f 3491//3491 3492//3492 3420//3420 3419//3419
f 3492//3492 3493//3493 3421//3421 3420//3420
f 3493//3493 3494//3494 3422//3422 3421//3421
f 3494//3494 3495//3495 3423//3423 3422//3422
f 3463//3463 3496//3496 3488//3488 3459//3459
f 3496//3496 3497//3497 3489//3489 3488//3488
f 3497//3497 3498//3498 3490//3490 3489//3489
f 3498//3498 3499//3499 3491//3491 3490//3490
f 3499//3499 3500//3500 3492//3492 3491//3491
f 3500//3500 3501//3501 3493//3493 3492//3492
f 3501//3501 3502//3502 3494//3494 3493//3493
f 3502//3502 3503//3503 3495//3495 3494//3494
f 3467//3467 3504//3504 3496//3496 3463//3463
f 3504//3504 3505//3505 3497//3497 3496//3496
f 3505//3505 3506//3506 3498//3498 3497//3497
f 3506//3506 3507//3507 3499//3499 3498//3498
f 3507//3507 3508//3508 3500//3500 3499//3499
f 3508//3508 3509//3509 3501//3501 3500//3500
f 3509//3509 3510//3510 3502//3502 3501//3501
f 3510//3510 3511//3511 3503//3503 3502//3502
f 3471//3471 3512//3512 3504//3504 3467//3467
f 3512//3512 3513//3513 3505//3505 3504//3504
f 3513//3513 3514//3514 3506//3506 3505//3505
f 3514//3514 3515//3515 3507//3507 3506//3506
f 3515//3515 3516//3516 3508//3508 3507//3507
f 3516//3516 3517//3517 3509//3509 3508//3508
f 3517//3517 3518//3518 3510//3510 3509//3509
f 3518//3518 3519//3519 3511//3511 3510//3510
f 3475//3475 3520//3520 3512//3512 3471//3471
f 3520//3520 3521//3521 3513//3513 3512//3512
f 3521//3521 3522//3522 3514//3514 3513//3513
f 3522//3522 3523//3523 3515//3515 3514//3514
f 3523//3523 3524//3524 3516//3516 3515//3515
f 3524//3524 3525//3525 3517//3517 3516//3516
f 3525//3525 3526//3526 3518//3518 3517//3517
f 3526//3526 3527//3527 3519//3519 3518//3518
f 3479//3479 3528//3528 3520//3520 3475//3475
f 3528//3528 3529//3529 3521//3521 3520//3520
f 3529//3529 3530//3530 3522//3522 3521//3521
f 3530//3530 3531//3531 3523//3523 3522//3522
f 3531//3531 3532//3532 3524//3524 3523//3523
f 3532//3532 3533//3533 3525//3525 3524//3524
f 3533//3533 3534//3534 3526//3526 3525//3525
f 3534//3534 3535//3535 3527//3527 3526//3526
f 3483//3483 3536//3536 3528//3528 3479//3479
f 3536//3536 3537//3537 3529//3529 3528//3528
f 3537//3537 3538//3538 3530//3530 3529//3529
f 3538//3538 3539//3539 3531//3531 3530//3530
f 3539//3539 3540//3540 3532//3532 3531//3531
f 3540//3540 3541//3541 3533//3533 3532//3532
f 3541//3541 3542//3542 3534//3534 3533//3533
f 3542//3542 3543//3543 3535//3535 3534//3534
f 3487//3487 3544//3544 3536//3536 3483//3483
f 3544//3544 3545//3545 3537//3537 3536//3536
f 3545//3545 3546//3546 3538//3538 3537//3537
f 3546//3546 3547//3547 3539//3539 3538//3538
f 3547//3547 3548//3548 3540//3540 3539//3539
f 3548//3548 3549//3549 3541//3541 3540//3540
f 3549//3549 3550//3550 3542//3542 3541//3541
f 3550//3550 3551//3551 3543//3543 3542//3542
f 2414//2414 3552//3552 3431//3431 2343//2343
f 2415//2415 3553//3553 3552//3552 2414//2414
f 2416//2416 3554//3554 3553//3553 2415//2415
f 2417//2417 3555//3555 3554//3554 2416//2416
f 2418//2418 3556//3556 3555//3555 2417//2417
f 2419//2419 3557//3557 3556//3556 2418//2418
f 2420//2420 3561//3561 3557//3557 2419//2419
f 3561//3561 3562//3562 3558//3558 3557//3557
f 2421//2421 3562//3562 3561//3561 2420//2420
f 3562//3562 3563//3563 3559//3559 3558//3558
f 2422//2422 3563//3563 3562//3562 2421//2421
f 3563//3563 3564//3564 3560//3560 3559//3559
f 2423//2423 3564//3564 3563//3563 2422//2422
f 3552//3552 3565//3565 3439//3439 3431//3431
f 3553//3553 3566//3566 3565//3565 3552//3552
f 3554//3554 3567//3567 3566//3566 3553//3553
f 3555//3555 3568//3568 3567//3567 3554//3554
f 3556//3556 3569//3569 3568//3568 3555//3555
f 3557//3557 3570//3570 3569//3569 3556//3556
f 3558//3558 3571//3571 3570//3570 3557//3557
f 3559//3559 3572//3572 3571//3571 3558//3558
f 3560//3560 3573//3573 3572//3572 3559//3559
f 3565//3565 3574//3574 3447//3447 3439//3439
f 3566//3566 3575//3575 3574//3574 3565//3565
f 3567//3567 3576//3576 3575//3575 3566//3566
f 3568//3568 3577//3577 3576//3576 3567//3567
f 3569//3569 3578//3578 3577//3577 3568//3568
f 3570//3570 3582//3582 3578//3578 3569//3569
f 3582//3582 3583//3583 3579//3579 3578//3578
f 3571//3571 3583//3583 3582//3582 3570//3570
f 3583//3583 3584//3584 3580//3580 3579//3579
f 3572//3572 3584//3584 3583//3583 3571//3571
f 3584//3584 3585//3585 3581//3581 3580//3580
f 3573//3573 3585//3585 3584//3584 3572//3572
f 3574//3574 3586//3586 3455//3455 3447//3447
f 3575//3575 3587//3587 3586//3586 3574//3574
f 3576//3576 3588//3588 3587//3587 3575//3575
f 3577//3577 3592//3592 3588//3588 3576//3576
f 3592//3592 3593//3593 3589//3589 3588//3588
f 3593//3593 3594//3594 3590//3590 3589//3589
f 3594//3594 3595//3595 3591//3591 3590//3590
f 3578//3578 3596//3596 3592//3592 3577//3577
f 3596//3596 3597//3597 3593//3593 3592//3592
f 3579//3579 3597//3597 3596//3596 3578//3578
f 3597//3597 3598//3598 3594//3594 3593//3593
f 3580//3580 3598//3598 3597//3597 3579//3579
f 3598//3598 3599//3599 3595//3595 3594//3594
f 3581//3581 3599//3599 3598//3598 3580//3580
f 3586//3586 3600//3600 3484//3484 3455//3455
f 3600//3600 3601//3601 3485//3485 3484//3484
f 3601//3601 3602//3602 3486//3486 3485//3485
f 3602//3602 3603//3603 3487//3487 3486//3486
f 3587//3587 3604//3604 3600//3600 3586//3586
f 3604//3604 3605//3605 3601//3601 3600//3600
f 3605//3605 3606//3606 3602//3602 3601//3601
f 3606//3606 3607//3607 3603//3603 3602//3602
f 3588//3588 3608//3608 3604//3604 3587//3587
f 3608//3608 3609//3609 3605//3605 3604//3604
f 3589//3589 3609//3609 3608//3608 3588//3588
f 3609//3609 3610//3610 3606//3606 3605//3605
f 3590//3590 3610//3610 3609//3609 3589//3589
f 3610//3610 3611//3611 3607//3607 3606//3606
f 3591//3591 3611//3611 3610//3610 3590//3590
f 3564//3564 3620//3620 3612//3612 3560//3560
f 2480//2480 3620//3620 3564//3564 2423//2423
f 3620//3620 3621//3621 3613//3613 3612//3612
f 2481//2481 3621//3621 3620//3620 2480//2480
f 3621//3621 3622//3622 3614//3614 3613//3613
f 2482//2482 3622//3622 3621//3621 2481//2481
f 3622//3622 3623//3623 3615//3615 3614//3614
f 2483//2483 3623//3623 3622//3622 2482//2482
f 3623//3623 3624//3624 3616//3616 3615//3615
f 2484//2484 3624//3624 3623//3623 2483//2483
f 3624//3624 3625//3625 3617//3617 3616//3616
f 2485//2485 3625//3625 3624//3624 2484//2484
f 3625//3625 3626//3626 3618//3618 3617//3617
f 2486//2486 3626//3626 3625//3625 2485//2485
f 3626//3626 3627//3627 3619//3619 3618//3618
f 2487//2487 3627//3627 3626//3626 2486//2486
f 3612//3612 3628//3628 3573//3573 3560//3560
f 3613//3613 3629//3629 3628//3628 3612//3612
f 3614//3614 3630//3630 3629//3629 3613//3613
f 3615//3615 3631//3631 3630//3630 3614//3614
f 3616//3616 3632//3632 3631//3631 3615//3615
f 3617//3617 3633//3633 3632//3632 3616//3616
f 3618//3618 3634//3634 3633//3633 3617//3617
f 3619//3619 3635//3635 3634//3634 3618//3618
f 3585//3585 3644//3644 3636//3636 3581//3581
f 3628//3628 3644//3644 3585//3585 3573//3573
f 3644//3644 3645//3645 3637//3637 3636//3636
f 3629//3629 3645//3645 3644//3644 3628//3628
f 3645//3645 3646//3646 3638//3638 3637//3637
f 3630//3630 3646//3646 3645//3645 3629//3629
f 3646//3646 3647//3647 3639//3639 3638//3638
f 3631//3631 3647//3647 3646//3646 3630//3630
f 3647//3647 3648//3648 3640//3640 3639//3639
f 3632//3632 3648//3648 3647//3647 3631//3631
f 3648//3648 3649//3649 3641//3641 3640//3640
f 3633//3633 3649//3649 3648//3648 3632//3632
f 3649//3649 3650//3650 3642//3642 3641//3641
f 3634//3634 3650//3650 3649//3649 3633//3633
f 3650//3650 3651//3651 3643//3643 3642//3642
f 3635//3635 3651//3651 3650//3650 3634//3634
f 3595//3595 3660//3660 3652//3652 3591//3591
f 3660//3660 3661//3661 3653//3653 3652//3652
f 3661//3661 3662//3662 3654//3654 3653//3653
f 3662//3662 3663//3663 3655//3655 3654//3654
f 3663//3663 3664//3664 3656//3656 3655//3655
f 3664//3664 3665//3665 3657//3657 3656//3656
f 3665//3665 3666//3666 3658//3658 3657//3657
f 3666//3666 3667//3667 3659//3659 3658//3658
f 3599//3599 3668//3668 3660//3660 3595//3595
f 3636//3636 3668//3668 3599//3599 3581//3581
f 3668//3668 3669//3669 3661//3661 3660//3660
f 3637//3637 3669//3669 3668//3668 3636//3636
f 3669//3669 3670//3670 3662//3662 3661//3661
f 3638//3638 3670//3670 3669//3669 3637//3637
f 3670//3670 3671//3671 3663//3663 3662//3662
f 3639//3639 3671//3671 3670//3670 3638//3638
f 3671//3671 3672//3672 3664//3664 3663//3663
f 3640//3640 3672//3672 3671//3671 3639//3639
f 3672//3672 3673//3673 3665//3665 3664//3664
f 3641//3641 3673//3673 3672//3672 3640//3640
f 3673//3673 3674//3674 3666//3666 3665//3665
f 3642//3642 3674//3674 3673//3673 3641//3641
f 3674//3674 3675//3675 3667//3667 3666//3666
f 3643//3643 3675//3675 3674//3674 3642//3642
f 3603//3603 3676//3676 3544//3544 3487//3487
f 3676//3676 3677//3677 3545//3545 3544//3544
f 3677//3677 3678//3678 3546//3546 3545//3545
f 3678//3678 3679//3679 3547//3547 3546//3546
f 3679//3679 3680//3680 3548//3548 3547//3547
f 3680//3680 3681//3681 3549//3549 3548//3548
f 3681//3681 3682//3682 3550//3550 3549//3549
f 3682//3682 3683//3683 3551//3551 3550//3550
f 3607//3607 3684//3684 3676//3676 3603//3603
f 3684//3684 3685//3685 3677//3677 3676//3676
f 3685//3685 3686//3686 3678//3678 3677//3677
f 3686//3686 3687//3687 3679//3679 3678//3678
f 3687//3687 3688//3688 3680//3680 3679//3679
f 3688//3688 3689//3689 3681//3681 3680//3680
f 3689//3689 3690//3690 3682//3682 3681//3681
f 3690//3690 3691//3691 3683//3683 3682//3682
f 3611//3611 3692//3692 3684//3684 3607//3607
f 3652//3652 3692//3692 3611//3611 3591//3591
f 3692//3692 3693//3693 3685//3685 3684//3684
f 3653//3653 3693//3693 3692//3692 3652//3652
f 3693//3693 3694//3694 3686//3686 3685//3685
f 3654//3654 3694//3694 3693//3693 3653//3653
f 3694//3694 3695//3695 3687//3687 3686//3686
f 3655//3655 3695//3695 3694//3694 3654//3654
f 3695//3695 3696//3696 3688//3688 3687//3687
f 3656//3656 3696//3696 3695//3695 3655//3655
f 3696//3696 3697//3697 3689//3689 3688//3688
f 3657//3657 3697//3697 3696//3696 3656//3656
f 3697//3697 3698//3698 3690//3690 3689//3689
f 3658//3658 3698//3698 3697//3697 3657//3657
f 3698//3698 3699//3699 3691//3691 3690//3690
f 3659//3659 3699//3699 3698//3698 3658//3658
f 3708//3708 384//384 376//376 3700//3700
f 3709//3709 3708//3708 3700//3700 3701//3701
f 3710//3710 3709//3709 3701//3701 3702//3702
f 3711//3711 3710//3710 3702//3702 3703//3703
f 3712//3712 3711//3711 3703//3703 3704//3704
f 3713//3713 3712//3712 3704//3704 3705//3705
f 3714//3714 3713//3713 3705//3705 3706//3706
f 3715//3715 3714//3714 3706//3706 3707//3707
f 3716//3716 392//392 384//384 3708//3708
f 3717//3717 3716//3716 3708//3708 3709//3709
f 3718//3718 3717//3717 3709//3709 3710//3710
f 3719//3719 3718//3718 3710//3710 3711//3711
f 3720//3720 3719//3719 3711//3711 3712//3712
f 3721//3721 3720//3720 3712//3712 3713//3713
f 3722//3722 3721//3721 3713//3713 3714//3714
f 3723//3723 3722//3722 3714//3714 3715//3715
f 3724//3724 400//400 392//392 3716//3716
f 3725//3725 3724//3724 3716//3716 3717//3717
f 3726//3726 3725//3725 3717//3717 3718//3718
f 3727//3727 3726//3726 3718//3718 3719//3719
f 3728//3728 3727//3727 3719//3719 3720//3720
f 3729//3729 3728//3728 3720//3720 3721//3721
f 3730//3730 3729//3729 3721//3721 3722//3722
f 3731//3731 3730//3730 3722//3722 3723//3723
f 3732//3732 408//408 400//400 3724//3724
f 3733//3733 3732//3732 3724//3724 3725//3725
f 3734//3734 3733//3733 3725//3725 3726//3726
f 3735//3735 3734//3734 3726//3726 3727//3727
f 3736//3736 3735//3735 3727//3727 3728//3728
f 3737//3737 3736//3736 3728//3728 3729//3729
f 3738//3738 3737//3737 3729//3729 3730//3730
f 3739//3739 3738//3738 3730//3730 3731//3731
f 3748//3748 424//424 416//416 3740//3740
f 3748//3748 3700//3700 376//376 424//424
f 3749//3749 3748//3748 3740//3740 3741//3741
f 3749//3749 3701//3701 3700//3700 3748//3748
f 3750//3750 3749//3749 3741//3741 3742//3742
f 3750//3750 3702//3702 3701//3701 3749//3749
f 3751//3751 3750//3750 3742//3742 3743//3743
f 3751//3751 3703//3703 3702//3702 3750//3750
f 3752//3752 3751//3751 3743//3743 3744//3744
f 3752//3752 3704//3704 3703//3703 3751//3751
f 3753//3753 3752//3752 3744//3744 3745//3745
f 3753//3753 3705//3705 3704//3704 3752//3752
f 3754//3754 3753//3753 3745//3745 3746//3746
f 3754//3754 3706//3706 3705//3705 3753//3753
f 3755//3755 3754//3754 3746//3746 3747//3747
f 3755//3755 3707//3707 3706//3706 3754//3754
f 3764//3764 440//440 432//432 3756//3756
f 3764//3764 3740//3740 416//416 440//440
f 3765//3765 3764//3764 3756//3756 3757//3757
f 3765//3765 3741//3741 3740//3740 3764//3764
f 3766//3766 3765//3765 3757//3757 3758//3758
f 3766//3766 3742//3742 3741//3741 3765//3765
f 3767//3767 3766//3766 3758//3758 3759//3759
f 3767//3767 3743//3743 3742//3742 3766//3766
f 3768//3768 3767//3767 3759//3759 3760//3760
f 3768//3768 3744//3744 3743//3743 3767//3767
f 3769//3769 3768//3768 3760//3760 3761//3761
f 3769//3769 3745//3745 3744//3744 3768//3768
f 3770//3770 3769//3769 3761//3761 3762//3762
f 3770//3770 3746//3746 3745//3745 3769//3769
f 3771//3771 3770//3770 3762//3762 3763//3763
f 3771//3771 3747//3747 3746//3746 3770//3770
f 3772//3772 3756//3756 432//432 448//448
f 3773//3773 3757//3757 3756//3756 3772//3772
f 3774//3774 3758//3758 3757//3757 3773//3773
f 3775//3775 3759//3759 3758//3758 3774//3774
f 3776//3776 3760//3760 3759//3759 3775//3775
f 3777//3777 3761//3761 3760//3760 3776//3776
f 3778//3778 3762//3762 3761//3761 3777//3777
f 3779//3779 3763//3763 3762//3762 3778//3778
f 3788//3788 464//464 456//456 3780//3780
f 3788//3788 3772//3772 448//448 464//464
f 3789//3789 3788//3788 3780//3780 3781//3781
f 3789//3789 3773//3773 3772//3772 3788//3788
f 3790//3790 3789//3789 3781//3781 3782//3782
f 3790//3790 3774//3774 3773//3773 3789//3789
f 3791//3791 3790//3790 3782//3782 3783//3783
f 3791//3791 3775//3775 3774//3774 3790//3790
f 3792//3792 3791//3791 3783//3783 3784//3784
f 3792//3792 3776//3776 3775//3775 3791//3791
f 3793//3793 3792//3792 3784//3784 3785//3785
f 3793//3793 3777//3777 3776//3776 3792//3792
f 3794//3794 3793//3793 3785//3785 3786//3786
f 3794//3794 3778//3778 3777//3777 3793//3793
f 3795//3795 3794//3794 3786//3786 3787//3787
f 3795//3795 3779//3779 3778//3778 3794//3794
f 3796//3796 3780//3780 456//456 472//472
f 3797//3797 3781//3781 3780//3780 3796//3796
f 3798//3798 3782//3782 3781//3781 3797//3797
f 3799//3799 3783//3783 3782//3782 3798//3798
f 3800//3800 3784//3784 3783//3783 3799//3799
f 3801//3801 3785//3785 3784//3784 3800//3800
f 3802//3802 3786//3786 3785//3785 3801//3801
f 3803//3803 3787//3787 3786//3786 3802//3802
f 3804//3804 3796//3796 472//472 480//480
f 3805//3805 3797//3797 3796//3796 3804//3804
f 3806//3806 3798//3798 3797//3797 3805//3805
f 3807//3807 3799//3799 3798//3798 3806//3806
f 3808//3808 3800//3800 3799//3799 3807//3807
f 3809//3809 3801//3801 3800//3800 3808//3808
f 3810//3810 3802//3802 3801//3801 3809//3809
f 3811//3811 3803//3803 3802//3802 3810//3810
f 3812//3812 3804//3804 480//480 488//488
f 3813//3813 3805//3805 3804//3804 3812//3812
f 3814//3814 3806//3806 3805//3805 3813//3813
f 3815//3815 3807//3807 3806//3806 3814//3814
f 3816//3816 3808//3808 3807//3807 3815//3815
f 3817//3817 3809//3809 3808//3808 3816//3816
f 3818//3818 3810//3810 3809//3809 3817//3817
f 3819//3819 3811//3811 3810//3810 3818//3818
f 3824//3824 3715//3715 3707//3707 3820//3820
f 3825//3825 3824//3824 3820//3820 3821//3821
f 3826//3826 3825//3825 3821//3821 3822//3822
f 3827//3827 3826//3826 3822//3822 3823//3823
f 3828//3828 3723//3723 3715//3715 3824//3824
f 3829//3829 3828//3828 3824//3824 3825//3825
f 3830//3830 3829//3829 3825//3825 3826//3826
f 3831//3831 3830//3830 3826//3826 3827//3827
f 3832//3832 3731//3731 3723//3723 3828//3828
f 3833//3833 3832//3832 3828//3828 3829//3829
f 3834//3834 3833//3833 3829//3829 3830//3830
f 3835//3835 3834//3834 3830//3830 3831//3831
f 3836//3836 3739//3739 3731//3731 3832//3832
f 3837//3837 3836//3836 3832//3832 3833//3833
f 3838//3838 3837//3837 3833//3833 3834//3834
f 3839//3839 3838//3838 3834//3834 3835//3835
f 3844//3844 3755//3755 3747//3747 3840//3840
f 3844//3844 3820//3820 3707//3707 3755//3755
f 3845//3845 3844//3844 3840//3840 3841//3841
f 3845//3845 3821//3821 3820//3820 3844//3844
f 3846//3846 3845//3845 3841//3841 3842//3842
f 3846//3846 3822//3822 3821//3821 3845//3845
f 3847//3847 3846//3846 3842//3842 3843//3843
f 3847//3847 3823//3823 3822//3822 3846//3846
f 3848//3848 3827//3827 3823//3823 3847//3847
f 3849//3849 3831//3831 3827//3827 3848//3848
f 3850//3850 3835//3835 3831//3831 3849//3849
f 3851//3851 3839//3839 3835//3835 3850//3850
f 3856//3856 3771//3771 3763//3763 3852//3852
f 3856//3856 3840//3840 3747//3747 3771//3771
f 3857//3857 3856//3856 3852//3852 3853//3853
f 3857//3857 3841//3841 3840//3840 3856//3856
f 3858//3858 3857//3857 3853//3853 3854//3854
f 3858//3858 3842//3842 3841//3841 3857//3857
f 3859//3859 3858//3858 3854//3854 3855//3855
f 3859//3859 3843//3843 3842//3842 3858//3858
f 3860//3860 3847//3847 3843//3843 3859//3859
f 3861//3861 3848//3848 3847//3847 3860//3860
f 3862//3862 3849//3849 3848//3848 3861//3861
f 3863//3863 3850//3850 3849//3849 3862//3862
f 3864//3864 3851//3851 3850//3850 3863//3863
f 3865//3865 3852//3852 3763//3763 3779//3779
f 3866//3866 3853//3853 3852//3852 3865//3865
f 3867//3867 3854//3854 3853//3853 3866//3866
f 3868//3868 3855//3855 3854//3854 3867//3867
f 3869//3869 3859//3859 3855//3855 3868//3868
f 3870//3870 3860//3860 3859//3859 3869//3869
f 3871//3871 3861//3861 3860//3860 3870//3870
f 3872//3872 3862//3862 3861//3861 3871//3871
f 3873//3873 3863//3863 3862//3862 3872//3872
f 3874//3874 3864//3864 3863//3863 3873//3873
f 3879//3879 3795//3795 3787//3787 3875//3875
f 3879//3879 3865//3865 3779//3779 3795//3795
f 3880//3880 3879//3879 3875//3875 3876//3876
f 3880//3880 3866//3866 3865//3865 3879//3879
f 3881//3881 3880//3880 3876//3876 3877//3877
f 3881//3881 3867//3867 3866//3866 3880//3880
f 3882//3882 3881//3881 3877//3877 3878//3878
f 3882//3882 3868//3868 3867//3867 3881//3881
f 3883//3883 3869//3869 3868//3868 3882//3882
f 3884//3884 3870//3870 3869//3869 3883//3883
f 3885//3885 3871//3871 3870//3870 3884//3884
f 3886//3886 3872//3872 3871//3871 3885//3885
f 3887//3887 3873//3873 3872//3872 3886//3886
f 3888//3888 3874//3874 3873//3873 3887//3887
f 3889//3889 3875//3875 3787//3787 3803//3803
f 3890//3890 3876//3876 3875//3875 3889//3889
f 3891//3891 3877//3877 3876//3876 3890//3890
f 3892//3892 3878//3878 3877//3877 3891//3891
f 3893//3893 3882//3882 3878//3878 3892//3892
f 3894//3894 3883//3883 3882//3882 3893//3893
f 3895//3895 3884//3884 3883//3883 3894//3894
f 3896//3896 3885//3885 3884//3884 3895//3895
f 3897//3897 3886//3886 3885//3885 3896//3896
f 3898//3898 3887//3887 3886//3886 3897//3897
f 3899//3899 3888//3888 3887//3887 3898//3898
f 3900//3900 3889//3889 3803//3803 3811//3811
f 3901//3901 3890//3890 3889//3889 3900//3900
f 3902//3902 3891//3891 3890//3890 3901//3901
f 3903//3903 3892//3892 3891//3891 3902//3902
f 3904//3904 3893//3893 3892//3892 3903//3903
f 3905//3905 3894//3894 3893//3893 3904//3904
f 3906//3906 3895//3895 3894//3894 3905//3905
f 3907//3907 3896//3896 3895//3895 3906//3906
f 3908//3908 3897//3897 3896//3896 3907//3907
f 3909//3909 3898//3898 3897//3897 3908//3908
f 3910//3910 3899//3899 3898//3898 3909//3909
f 3911//3911 3900//3900 3811//3811 3819//3819
f 3912//3912 3901//3901 3900//3900 3911//3911
f 3913//3913 3902//3902 3901//3901 3912//3912
f 3914//3914 3903//3903 3902//3902 3913//3913
f 3915//3915 3904//3904 3903//3903 3914//3914
f 3916//3916 3905//3905 3904//3904 3915//3915
f 3917//3917 3906//3906 3905//3905 3916//3916
f 3918//3918 3907//3907 3906//3906 3917//3917
f 3919//3919 3908//3908 3907//3907 3918//3918
f 3920//3920 3909//3909 3908//3908 3919//3919
f 3921//3921 3910//3910 3909//3909 3920//3920
f 3922//3922 587//587 408//408 3732//3732
f 3923//3923 3922//3922 3732//3732 3733//3733
f 3924//3924 3923//3923 3733//3733 3734//3734
f 3925//3925 3924//3924 3734//3734 3735//3735
f 3926//3926 3925//3925 3735//3735 3736//3736
f 3927//3927 3926//3926 3736//3736 3737//3737
f 3928//3928 3927//3927 3737//3737 3738//3738
f 3929//3929 3928//3928 3738//3738 3739//3739
f 3930//3930 595//595 587//587 3922//3922
f 3931//3931 3930//3930 3922//3922 3923//3923
f 3932//3932 3931//3931 3923//3923 3924//3924
f 3933//3933 3932//3932 3924//3924 3925//3925
f 3934//3934 3933//3933 3925//3925 3926//3926
f 3935//3935 3934//3934 3926//3926 3927//3927
f 3936//3936 3935//3935 3927//3927 3928//3928
f 3937//3937 3936//3936 3928//3928 3929//3929
f 3938//3938 603//603 595//595 3930//3930
f 3939//3939 3938//3938 3930//3930 3931//3931
f 3940//3940 3939//3939 3931//3931 3932//3932
f 3941//3941 3940//3940 3932//3932 3933//3933
f 3942//3942 3941//3941 3933//3933 3934//3934
f 3943//3943 3942//3942 3934//3934 3935//3935
f 3944//3944 3943//3943 3935//3935 3936//3936
f 3945//3945 3944//3944 3936//3936 3937//3937
f 3946//3946 611//611 603//603 3938//3938
f 3947//3947 3946//3946 3938//3938 3939//3939
f 3948//3948 3947//3947 3939//3939 3940//3940
f 3949//3949 3948//3948 3940//3940 3941//3941
f 3950//3950 3949//3949 3941//3941 3942//3942
f 3951//3951 3950//3950 3942//3942 3943//3943
f 3952//3952 3951//3951 3943//3943 3944//3944
f 3953//3953 3952//3952 3944//3944 3945//3945
f 3946//3946 3954//3954 619//619 611//611
f 3947//3947 3955//3955 3954//3954 3946//3946
f 3948//3948 3956//3956 3955//3955 3947//3947
f 3949//3949 3957//3957 3956//3956 3948//3948
f 3950//3950 3958//3958 3957//3957 3949//3949
f 3951//3951 3959//3959 3958//3958 3950//3950
f 3952//3952 3960//3960 3959//3959 3951//3951
f 3953//3953 3961//3961 3960//3960 3952//3952
f 3962//3962 627//627 619//619 3954//3954
f 3963//3963 3962//3962 3954//3954 3955//3955
f 3964//3964 3963//3963 3955//3955 3956//3956
f 3965//3965 3964//3964 3956//3956 3957//3957
f 3966//3966 3965//3965 3957//3957 3958//3958
f 3967//3967 3966//3966 3958//3958 3959//3959
f 3968//3968 3967//3967 3959//3959 3960//3960
f 3969//3969 3968//3968 3960//3960 3961//3961
f 3962//3962 3970//3970 635//635 627//627
f 3963//3963 3971//3971 3970//3970 3962//3962
f 3964//3964 3972//3972 3971//3971 3963//3963
f 3965//3965 3973//3973 3972//3972 3964//3964
f 3966//3966 3974//3974 3973//3973 3965//3965
f 3967//3967 3975//3975 3974//3974 3966//3966
f 3968//3968 3976//3976 3975//3975 3967//3967
f 3969//3969 3977//3977 3976//3976 3968//3968
f 3978//3978 643//643 635//635 3970//3970
f 3979//3979 3978//3978 3970//3970 3971//3971
f 3980//3980 3979//3979 3971//3971 3972//3972
f 3981//3981 3980//3980 3972//3972 3973//3973
f 3982//3982 3981//3981 3973//3973 3974//3974
f 3983//3983 3982//3982 3974//3974 3975//3975
f 3984//3984 3983//3983 3975//3975 3976//3976
f 3985//3985 3984//3984 3976//3976 3977//3977
f 3978//3978 3986//3986 651//651 643//643
f 3979//3979 3987//3987 3986//3986 3978//3978
f 3980//3980 3988//3988 3987//3987 3979//3979
f 3981//3981 3989//3989 3988//3988 3980//3980
f 3982//3982 3990//3990 3989//3989 3981//3981
f 3983//3983 3991//3991 3990//3990 3982//3982
f 3984//3984 3992//3992 3991//3991 3983//3983
f 3985//3985 3993//3993 3992//3992 3984//3984
f 3986//3986 3994//3994 659//659 651//651
f 3987//3987 3995//3995 3994//3994 3986//3986
f 3988//3988 3996//3996 3995//3995 3987//3987
f 3989//3989 3997//3997 3996//3996 3988//3988
f 3990//3990 3998//3998 3997//3997 3989//3989
f 3991//3991 3999//3999 3998//3998 3990//3990
f 3992//3992 4000//4000 3999//3999 3991//3991
f 3993//3993 4001//4001 4000//4000 3992//3992
f 4002//4002 667//667 659//659 3994//3994
f 4003//4003 4002//4002 3994//3994 3995//3995
f 4004//4004 4003//4003 3995//3995 3996//3996
f 4005//4005 4004//4004 3996//3996 3997//3997
f 4006//4006 4005//4005 3997//3997 3998//3998
f 4007//4007 4006//4006 3998//3998 3999//3999
f 4008//4008 4007//4007 3999//3999 4000//4000
f 4009//4009 4008//4008 4000//4000 4001//4001
f 4002//4002 4010//4010 675//675 667//667
f 4003//4003 4011//4011 4010//4010 4002//4002
f 4004//4004 4012//4012 4011//4011 4003//4003
f 4005//4005 4013//4013 4012//4012 4004//4004
f 4006//4006 4014//4014 4013//4013 4005//4005
f 4007//4007 4015//4015 4014//4014 4006//4006
f 4008//4008 4016//4016 4015//4015 4007//4007
f 4009//4009 4017//4017 4016//4016 4008//4008
f 4010//4010 4018//4018 683//683 675//675
f 4011//4011 4019//4019 4018//4018 4010//4010
f 4012//4012 4020//4020 4019//4019 4011//4011
f 4013//4013 4021//4021 4020//4020 4012//4012
f 4014//4014 4022//4022 4021//4021 4013//4013
f 4015//4015 4023//4023 4022//4022 4014//4014
f 4016//4016 4024//4024 4023//4023 4015//4015
f 4017//4017 4025//4025 4024//4024 4016//4016
f 4018//4018 4026//4026 691//691 683//683
f 4019//4019 4027//4027 4026//4026 4018//4018
f 4020//4020 4028//4028 4027//4027 4019//4019
f 4021//4021 4029//4029 4028//4028 4020//4020
f 4022//4022 4030//4030 4029//4029 4021//4021
f 4023//4023 4031//4031 4030//4030 4022//4022
f 4024//4024 4032//4032 4031//4031 4023//4023
f 4025//4025 4033//4033 4032//4032 4024//4024
f 4034//4034 3929//3929 3739//3739 3836//3836
f 4035//4035 4034//4034 3836//3836 3837//3837
f 4036//4036 4035//4035 3837//3837 3838//3838
f 4037//4037 4036//4036 3838//3838 3839//3839
f 4038//4038 3937//3937 3929//3929 4034//4034
f 4039//4039 4038//4038 4034//4034 4035//4035
f 4040//4040 4039//4039 4035//4035 4036//4036
f 4041//4041 4040//4040 4036//4036 4037//4037
f 4042//4042 3945//3945 3937//3937 4038//4038
f 4043//4043 4042//4042 4038//4038 4039//4039
f 4044//4044 4043//4043 4039//4039 4040//4040
f 4045//4045 4044//4044 4040//4040 4041//4041
f 4046//4046 3953//3953 3945//3945 4042//4042
f 4047//4047 4046//4046 4042//4042 4043//4043
f 4048//4048 4047//4047 4043//4043 4044//4044
f 4049//4049 4048//4048 4044//4044 4045//4045
f 4050//4050 4037//4037 3839//3839 3851//3851
f 4051//4051 4041//4041 4037//4037 4050//4050
f 4052//4052 4045//4045 4041//4041 4051//4051
f 4046//4046 4053//4053 3961//3961 3953//3953
f 4047//4047 4054//4054 4053//4053 4046//4046
f 4048//4048 4055//4055 4054//4054 4047//4047
f 4049//4049 4056//4056 4055//4055 4048//4048
f 4056//4056 4049//4049 4045//4045 4052//4052
f 4057//4057 3969//3969 3961//3961 4053//4053
f 4058//4058 4057//4057 4053//4053 4054//4054
f 4059//4059 4058//4058 4054//4054 4055//4055
f 4060//4060 4059//4059 4055//4055 4056//4056
f 4061//4061 4050//4050 3851//3851 3864//3864
f 4062//4062 4051//4051 4050//4050 4061//4061
f 4063//4063 4052//4052 4051//4051 4062//4062
f 4064//4064 4056//4056 4052//4052 4063//4063
f 4057//4057 4065//4065 3977//3977 3969//3969
f 4058//4058 4066//4066 4065//4065 4057//4057
f 4059//4059 4067//4067 4066//4066 4058//4058
f 4060//4060 4068//4068 4067//4067 4059//4059
f 4068//4068 4060//4060 4056//4056 4064//4064
f 4069//4069 3985//3985 3977//3977 4065//4065
f 4070//4070 4069//4069 4065//4065 4066//4066
f 4071//4071 4070//4070 4066//4066 4067//4067
f 4072//4072 4071//4071 4067//4067 4068//4068
f 4073//4073 4061//4061 3864//3864 3874//3874
f 4074//4074 4062//4062 4061//4061 4073//4073
f 4075//4075 4063//4063 4062//4062 4074//4074
f 4076//4076 4064//4064 4063//4063 4075//4075
f 4077//4077 4068//4068 4064//4064 4076//4076
f 4069//4069 4078//4078 3993//3993 3985//3985
f 4070//4070 4079//4079 4078//4078 4069//4069
f 4071//4071 4080//4080 4079//4079 4070//4070
f 4072//4072 4081//4081 4080//4080 4071//4071
f 4081//4081 4072//4072 4068//4068 4077//4077
f 4082//4082 4073//4073 3874//3874 3888//3888
f 4083//4083 4074//4074 4073//4073 4082//4082
f 4084//4084 4075//4075 4074//4074 4083//4083
f 4085//4085 4076//4076 4075//4075 4084//4084
f 4086//4086 4077//4077 4076//4076 4085//4085
f 4078//4078 4087//4087 4001//4001 3993//3993
f 4079//4079 4088//4088 4087//4087 4078//4078
f 4080//4080 4089//4089 4088//4088 4079//4079
f 4081//4081 4090//4090 4089//4089 4080//4080
f 4090//4090 4081//4081 4077//4077 4086//4086
f 4091//4091 4009//4009 4001//4001 4087//4087
f 4092//4092 4091//4091 4087//4087 4088//4088
f 4093//4093 4092//4092 4088//4088 4089//4089
f 4094//4094 4093//4093 4089//4089 4090//4090
f 4095//4095 4082//4082 3888//3888 3899//3899
f 4096//4096 4083//4083 4082//4082 4095//4095
f 4097//4097 4084//4084 4083//4083 4096//4096
f 4098//4098 4085//4085 4084//4084 4097//4097
f 4099//4099 4086//4086 4085//4085 4098//4098
f 4100//4100 4090//4090 4086//4086 4099//4099
f 4091//4091 4101//4101 4017//4017 4009//4009
f 4092//4092 4102//4102 4101//4101 4091//4091
f 4093//4093 4103//4103 4102//4102 4092//4092
f 4094//4094 4104//4104 4103//4103 4093//4093
f 4104//4104 4094//4094 4090//4090 4100//4100
f 4105//4105 4095//4095 3899//3899 3910//3910
f 4106//4106 4096//4096 4095//4095 4105//4105
f 4107//4107 4097//4097 4096//4096 4106//4106
f 4108//4108 4098//4098 4097//4097 4107//4107
f 4109//4109 4099//4099 4098//4098 4108//4108
f 4110//4110 4100//4100 4099//4099 4109//4109
f 4101//4101 4111//4111 4025//4025 4017//4017
f 4102//4102 4112//4112 4111//4111 4101//4101
f 4103//4103 4113//4113 4112//4112 4102//4102
f 4104//4104 4114//4114 4113//4113 4103//4103
f 4114//4114 4104//4104 4100//4100 4110//4110
f 4115//4115 4105//4105 3910//3910 3921//3921
f 4116//4116 4106//4106 4105//4105 4115//4115
f 4117//4117 4107//4107 4106//4106 4116//4116
f 4118//4118 4108//4108 4107//4107 4117//4117
f 4119//4119 4109//4109 4108//4108 4118//4118
f 4120//4120 4110//4110 4109//4109 4119//4119
f 4111//4111 4121//4121 4033//4033 4025//4025
f 4112//4112 4122//4122 4121//4121 4111//4111
f 4113//4113 4123//4123 4122//4122 4112//4112
f 4114//4114 4124//4124 4123//4123 4113//4113
f 4124//4124 4114//4114 4110//4110 4120//4120
f 4133//4133 764//764 756//756 4125//4125
f 4134//4134 4133//4133 4125//4125 4126//4126
f 4135//4135 4134//4134 4126//4126 4127//4127
f 4136//4136 4135//4135 4127//4127 4128//4128
f 4137//4137 4136//4136 4128//4128 4129//4129
f 4138//4138 4137//4137 4129//4129 4130//4130
f 4139//4139 4138//4138 4130//4130 4131//4131
f 4140//4140 4139//4139 4131//4131 4132//4132
f 4141//4141 772//772 764//764 4133//4133
f 4142//4142 4141//4141 4133//4133 4134//4134
f 4143//4143 4142//4142 4134//4134 4135//4135
f 4144//4144 4143//4143 4135//4135 4136//4136
f 4145//4145 4144//4144 4136//4136 4137//4137
f 4146//4146 4145//4145 4137//4137 4138//4138
f 4147//4147 4146//4146 4138//4138 4139//4139
f 4148//4148 4147//4147 4139//4139 4140//4140
f 4157//4157 788//788 780//780 4149//4149
f 4158//4158 4157//4157 4149//4149 4150//4150
f 4159//4159 4158//4158 4150//4150 4151//4151
f 4160//4160 4159//4159 4151//4151 4152//4152
f 4161//4161 4160//4160 4152//4152 4153//4153
f 4162//4162 4161//4161 4153//4153 4154//4154
f 4163//4163 4162//4162 4154//4154 4155//4155
f 4164//4164 4163//4163 4155//4155 4156//4156
f 4165//4165 796//796 788//788 4157//4157
f 4166//4166 4165//4165 4157//4157 4158//4158
f 4167//4167 4166//4166 4158//4158 4159//4159
f 4168//4168 4167//4167 4159//4159 4160//4160
f 4169//4169 4168//4168 4160//4160 4161//4161
f 4170//4170 4169//4169 4161//4161 4162//4162
f 4171//4171 4170//4170 4162//4162 4163//4163
f 4172//4172 4171//4171 4163//4163 4164//4164
f 4173//4173 804//804 796//796 4165//4165
f 4173//4173 4125//4125 756//756 804//804
f 4174//4174 4173//4173 4165//4165 4166//4166
f 4174//4174 4126//4126 4125//4125 4173//4173
f 4175//4175 4174//4174 4166//4166 4167//4167
f 4175//4175 4127//4127 4126//4126 4174//4174
f 4176//4176 4175//4175 4167//4167 4168//4168
f 4176//4176 4128//4128 4127//4127 4175//4175
f 4177//4177 4176//4176 4168//4168 4169//4169
f 4177//4177 4129//4129 4128//4128 4176//4176
f 4178//4178 4177//4177 4169//4169 4170//4170
f 4178//4178 4130//4130 4129//4129 4177//4177
f 4179//4179 4178//4178 4170//4170 4171//4171
f 4179//4179 4131//4131 4130//4130 4178//4178
f 4180//4180 4179//4179 4171//4171 4172//4172
f 4180//4180 4132//4132 4131//4131 4179//4179
f 4189//4189 820//820 812//812 4181//4181
f 4189//4189 4149//4149 780//780 820//820
f 4190//4190 4189//4189 4181//4181 4182//4182
f 4190//4190 4150//4150 4149//4149 4189//4189
f 4191//4191 4190//4190 4182//4182 4183//4183
f 4191//4191 4151//4151 4150//4150 4190//4190
f 4192//4192 4191//4191 4183//4183 4184//4184
f 4192//4192 4152//4152 4151//4151 4191//4191
f 4193//4193 4192//4192 4184//4184 4185//4185
f 4193//4193 4153//4153 4152//4152 4192//4192
f 4194//4194 4193//4193 4185//4185 4186//4186
f 4194//4194 4154//4154 4153//4153 4193//4193
f 4195//4195 4194//4194 4186//4186 4187//4187
f 4195//4195 4155//4155 4154//4154 4194//4194
f 4196//4196 4195//4195 4187//4187 4188//4188
f 4196//4196 4156//4156 4155//4155 4195//4195
f 4205//4205 836//836 828//828 4197//4197
f 4205//4205 4181//4181 812//812 836//836
f 4206//4206 4205//4205 4197//4197 4198//4198
f 4206//4206 4182//4182 4181//4181 4205//4205
f 4207//4207 4206//4206 4198//4198 4199//4199
f 4207//4207 4183//4183 4182//4182 4206//4206
f 4208//4208 4207//4207 4199//4199 4200//4200
f 4208//4208 4184//4184 4183//4183 4207//4207
f 4209//4209 4208//4208 4200//4200 4201//4201
f 4209//4209 4185//4185 4184//4184 4208//4208
f 4210//4210 4209//4209 4201//4201 4202//4202
f 4210//4210 4186//4186 4185//4185 4209//4209
f 4211//4211 4210//4210 4202//4202 4203//4203
f 4211//4211 4187//4187 4186//4186 4210//4210
f 4212//4212 4211//4211 4203//4203 4204//4204
f 4212//4212 4188//4188 4187//4187 4211//4211
f 4217//4217 4140//4140 4132//4132 4213//4213
f 4218//4218 4217//4217 4213//4213 4214//4214
f 4219//4219 4218//4218 4214//4214 4215//4215
f 4220//4220 4219//4219 4215//4215 4216//4216
f 4221//4221 4148//4148 4140//4140 4217//4217
f 4222//4222 4221//4221 4217//4217 4218//4218
f 4223//4223 4222//4222 4218//4218 4219//4219
f 4224//4224 4223//4223 4219//4219 4220//4220
f 4229//4229 4164//4164 4156//4156 4225//4225
f 4230//4230 4229//4229 4225//4225 4226//4226
f 4231//4231 4230//4230 4226//4226 4227//4227
f 4232//4232 4231//4231 4227//4227 4228//4228
f 4233//4233 4172//4172 4164//4164 4229//4229
f 4234//4234 4233//4233 4229//4229 4230//4230
f 4235//4235 4234//4234 4230//4230 4231//4231
f 4236//4236 4235//4235 4231//4231 4232//4232
f 4237//4237 4180//4180 4172//4172 4233//4233
f 4237//4237 4213//4213 4132//4132 4180//4180
f 4238//4238 4237//4237 4233//4233 4234//4234
f 4238//4238 4214//4214 4213//4213 4237//4237
f 4239//4239 4238//4238 4234//4234 4235//4235
f 4239//4239 4215//4215 4214//4214 4238//4238
f 4240//4240 4239//4239 4235//4235 4236//4236
f 4240//4240 4216//4216 4215//4215 4239//4239
f 4241//4241 4220//4220 4216//4216 4240//4240
f 4242//4242 4224//4224 4220//4220 4241//4241
f 4247//4247 4196//4196 4188//4188 4243//4243
f 4247//4247 4225//4225 4156//4156 4196//4196
f 4248//4248 4247//4247 4243//4243 4244//4244
f 4248//4248 4226//4226 4225//4225 4247//4247
f 4249//4249 4248//4248 4244//4244 4245//4245
f 4249//4249 4227//4227 4226//4226 4248//4248
f 4250//4250 4249//4249 4245//4245 4246//4246
f 4250//4250 4228//4228 4227//4227 4249//4249
f 4251//4251 4232//4232 4228//4228 4250//4250
f 4252//4252 4236//4236 4232//4232 4251//4251
f 4253//4253 4240//4240 4236//4236 4252//4252
f 4254//4254 4241//4241 4240//4240 4253//4253
f 4255//4255 4242//4242 4241//4241 4254//4254
f 4260//4260 4212//4212 4204//4204 4256//4256
f 4260//4260 4243//4243 4188//4188 4212//4212
f 4261//4261 4260//4260 4256//4256 4257//4257
f 4261//4261 4244//4244 4243//4243 4260//4260
f 4262//4262 4261//4261 4257//4257 4258//4258
f 4262//4262 4245//4245 4244//4244 4261//4261
f 4263//4263 4262//4262 4258//4258 4259//4259
f 4263//4263 4246//4246 4245//4245 4262//4262
f 4264//4264 4250//4250 4246//4246 4263//4263
f 4265//4265 4251//4251 4250//4250 4264//4264
f 4266//4266 4252//4252 4251//4251 4265//4265
f 4267//4267 4253//4253 4252//4252 4266//4266
f 4268//4268 4254//4254 4253//4253 4267//4267
f 4269//4269 4255//4255 4254//4254 4268//4268
f 4270//4270 900//900 772//772 4141//4141
f 4271//4271 4270//4270 4141//4141 4142//4142
f 4272//4272 4271//4271 4142//4142 4143//4143
f 4273//4273 4272//4272 4143//4143 4144//4144
f 4274//4274 4273//4273 4144//4144 4145//4145
f 4275//4275 4274//4274 4145//4145 4146//4146
f 4276//4276 4275//4275 4146//4146 4147//4147
f 4277//4277 4276//4276 4147//4147 4148//4148
f 4278//4278 908//908 900//900 4270//4270
f 4279//4279 4278//4278 4270//4270 4271//4271
f 4280//4280 4279//4279 4271//4271 4272//4272
f 4281//4281 4280//4280 4272//4272 4273//4273
f 4282//4282 4281//4281 4273//4273 4274//4274
f 4283//4283 4282//4282 4274//4274 4275//4275
f 4284//4284 4283//4283 4275//4275 4276//4276
f 4285//4285 4284//4284 4276//4276 4277//4277
f 4286//4286 916//916 908//908 4278//4278
f 4287//4287 4286//4286 4278//4278 4279//4279
f 4288//4288 4287//4287 4279//4279 4280//4280
f 4289//4289 4288//4288 4280//4280 4281//4281
f 4290//4290 4289//4289 4281//4281 4282//4282
f 4291//4291 4290//4290 4282//4282 4283//4283
f 4292//4292 4291//4291 4283//4283 4284//4284
f 4293//4293 4292//4292 4284//4284 4285//4285
f 4294//4294 924//924 916//916 4286//4286
f 4295//4295 4294//4294 4286//4286 4287//4287
f 4296//4296 4295//4295 4287//4287 4288//4288
f 4297//4297 4296//4296 4288//4288 4289//4289
f 4298//4298 4297//4297 4289//4289 4290//4290
f 4299//4299 4298//4298 4290//4290 4291//4291
f 4300//4300 4299//4299 4291//4291 4292//4292
f 4301//4301 4300//4300 4292//4292 4293//4293
f 4302//4302 932//932 924//924 4294//4294
f 4303//4303 4302//4302 4294//4294 4295//4295
f 4304//4304 4303//4303 4295//4295 4296//4296
f 4305//4305 4304//4304 4296//4296 4297//4297
f 4306//4306 4305//4305 4297//4297 4298//4298
f 4307//4307 4306//4306 4298//4298 4299//4299
f 4308//4308 4307//4307 4299//4299 4300//4300
f 4309//4309 4308//4308 4300//4300 4301//4301
f 4310//4310 940//940 932//932 4302//4302
f 4311//4311 4310//4310 4302//4302 4303//4303
f 4312//4312 4311//4311 4303//4303 4304//4304
f 4313//4313 4312//4312 4304//4304 4305//4305
f 4314//4314 4313//4313 4305//4305 4306//4306
f 4315//4315 4314//4314 4306//4306 4307//4307
f 4316//4316 4315//4315 4307//4307 4308//4308
f 4317//4317 4316//4316 4308//4308 4309//4309
f 4318//4318 948//948 940//940 4310//4310
f 4319//4319 4318//4318 4310//4310 4311//4311
f 4320//4320 4319//4319 4311//4311 4312//4312
f 4321//4321 4320//4320 4312//4312 4313//4313
f 4322//4322 4321//4321 4313//4313 4314//4314
f 4323//4323 4322//4322 4314//4314 4315//4315
f 4324//4324 4323//4323 4315//4315 4316//4316
f 4325//4325 4324//4324 4316//4316 4317//4317
f 4326//4326 956//956 948//948 4318//4318
f 4327//4327 4326//4326 4318//4318 4319//4319
f 4328//4328 4327//4327 4319//4319 4320//4320
f 4329//4329 4328//4328 4320//4320 4321//4321
f 4330//4330 4329//4329 4321//4321 4322//4322
f 4331//4331 4330//4330 4322//4322 4323//4323
f 4332//4332 4331//4331 4323//4323 4324//4324
f 4333//4333 4332//4332 4324//4324 4325//4325
f 4334//4334 4277//4277 4148//4148 4221//4221
f 4335//4335 4334//4334 4221//4221 4222//4222
f 4336//4336 4335//4335 4222//4222 4223//4223
f 4337//4337 4336//4336 4223//4223 4224//4224
f 4338//4338 4285//4285 4277//4277 4334//4334
f 4339//4339 4338//4338 4334//4334 4335//4335
f 4340//4340 4339//4339 4335//4335 4336//4336
f 4341//4341 4340//4340 4336//4336 4337//4337
f 4342//4342 4293//4293 4285//4285 4338//4338
f 4343//4343 4342//4342 4338//4338 4339//4339
f 4344//4344 4343//4343 4339//4339 4340//4340
f 4345//4345 4344//4344 4340//4340 4341//4341
f 4346//4346 4301//4301 4293//4293 4342//4342
f 4347//4347 4346//4346 4342//4342 4343//4343
f 4348//4348 4347//4347 4343//4343 4344//4344
f 4349//4349 4348//4348 4344//4344 4345//4345
f 4350//4350 4309//4309 4301//4301 4346//4346
f 4351//4351 4350//4350 4346//4346 4347//4347
f 4352//4352 4351//4351 4347//4347 4348//4348
f 4353//4353 4352//4352 4348//4348 4349//4349
f 4354//4354 4317//4317 4309//4309 4350//4350
f 4355//4355 4354//4354 4350//4350 4351//4351
f 4356//4356 4355//4355 4351//4351 4352//4352
f 4357//4357 4356//4356 4352//4352 4353//4353
f 4358//4358 4325//4325 4317//4317 4354//4354
f 4359//4359 4358//4358 4354//4354 4355//4355
f 4360//4360 4359//4359 4355//4355 4356//4356
f 4361//4361 4360//4360 4356//4356 4357//4357
f 4362//4362 4333//4333 4325//4325 4358//4358
f 4363//4363 4362//4362 4358//4358 4359//4359
f 4364//4364 4363//4363 4359//4359 4360//4360
f 4365//4365 4364//4364 4360//4360 4361//4361
f 4366//4366 4337//4337 4224//4224 4242//4242
f 4367//4367 4341//4341 4337//4337 4366//4366
f 4368//4368 4345//4345 4341//4341 4367//4367
f 4369//4369 4349//4349 4345//4345 4368//4368
f 4370//4370 4353//4353 4349//4349 4369//4369
f 4371//4371 4357//4357 4353//4353 4370//4370
f 4372//4372 4361//4361 4357//4357 4371//4371
f 4373//4373 4365//4365 4361//4361 4372//4372
f 4374//4374 4366//4366 4242//4242 4255//4255
f 4375//4375 4367//4367 4366//4366 4374//4374
f 4376//4376 4368//4368 4367//4367 4375//4375
f 4377//4377 4369//4369 4368//4368 4376//4376
f 4378//4378 4370//4370 4369//4369 4377//4377
f 4379//4379 4371//4371 4370//4370 4378//4378
f 4380//4380 4372//4372 4371//4371 4379//4379
f 4381//4381 4373//4373 4372//4372 4380//4380
f 4382//4382 4374//4374 4255//4255 4269//4269
f 4383//4383 4375//4375 4374//4374 4382//4382
f 4384//4384 4376//4376 4375//4375 4383//4383
f 4385//4385 4377//4377 4376//4376 4384//4384
f 4386//4386 4378//4378 4377//4377 4385//4385
f 4387//4387 4379//4379 4378//4378 4386//4386
f 4388//4388 4380//4380 4379//4379 4387//4387
f 4389//4389 4381//4381 4380//4380 4388//4388
f 4390//4390 1020//1020 956//956 4326//4326
f 4391//4391 4390//4390 4326//4326 4327//4327
f 4392//4392 4391//4391 4327//4327 4328//4328
f 4393//4393 4392//4392 4328//4328 4329//4329
f 4394//4394 4393//4393 4329//4329 4330//4330
f 4395//4395 4394//4394 4330//4330 4331//4331
f 4396//4396 4395//4395 4331//4331 4332//4332
f 4397//4397 4396//4396 4332//4332 4333//4333
f 4398//4398 1028//1028 1020//1020 4390//4390
f 4399//4399 4398//4398 4390//4390 4391//4391
f 4400//4400 4399//4399 4391//4391 4392//4392
f 4401//4401 4400//4400 4392//4392 4393//4393
f 4402//4402 4401//4401 4393//4393 4394//4394
f 4403//4403 4402//4402 4394//4394 4395//4395
f 4404//4404 4403//4403 4395//4395 4396//4396
f 4405//4405 4404//4404 4396//4396 4397//4397
f 4406//4406 1036//1036 1028//1028 4398//4398
f 4407//4407 4406//4406 4398//4398 4399//4399
f 4408//4408 4407//4407 4399//4399 4400//4400
f 4409//4409 4408//4408 4400//4400 4401//4401
f 4410//4410 4409//4409 4401//4401 4402//4402
f 4411//4411 4410//4410 4402//4402 4403//4403
f 4412//4412 4411//4411 4403//4403 4404//4404
f 4413//4413 4412//4412 4404//4404 4405//4405
f 4414//4414 1044//1044 1036//1036 4406//4406
f 4415//4415 4414//4414 4406//4406 4407//4407
f 4416//4416 4415//4415 4407//4407 4408//4408
f 4417//4417 4416//4416 4408//4408 4409//4409
f 4418//4418 4417//4417 4409//4409 4410//4410
f 4419//4419 4418//4418 4410//4410 4411//4411
f 4420//4420 4419//4419 4411//4411 4412//4412
f 4421//4421 4420//4420 4412//4412 4413//4413
f 4422//4422 1052//1052 1044//1044 4414//4414
f 4423//4423 4422//4422 4414//4414 4415//4415
f 4424//4424 4423//4423 4415//4415 4416//4416
f 4425//4425 4424//4424 4416//4416 4417//4417
f 4426//4426 4425//4425 4417//4417 4418//4418
f 4427//4427 4426//4426 4418//4418 4419//4419
f 4428//4428 4427//4427 4419//4419 4420//4420
f 4429//4429 4428//4428 4420//4420 4421//4421
f 4430//4430 1060//1060 1052//1052 4422//4422
f 4431//4431 4430//4430 4422//4422 4423//4423
f 4432//4432 4431//4431 4423//4423 4424//4424
f 4433//4433 4432//4432 4424//4424 4425//4425
f 4434//4434 4433//4433 4425//4425 4426//4426
f 4435//4435 4434//4434 4426//4426 4427//4427
f 4436//4436 4435//4435 4427//4427 4428//4428
f 4437//4437 4436//4436 4428//4428 4429//4429
f 4438//4438 1068//1068 1060//1060 4430//4430
f 4439//4439 4438//4438 4430//4430 4431//4431
f 4440//4440 4439//4439 4431//4431 4432//4432
f 4441//4441 4440//4440 4432//4432 4433//4433
f 4442//4442 4441//4441 4433//4433 4434//4434
f 4443//4443 4442//4442 4434//4434 4435//4435
f 4444//4444 4443//4443 4435//4435 4436//4436
f 4445//4445 4444//4444 4436//4436 4437//4437
f 4446//4446 1076//1076 1068//1068 4438//4438
f 4447//4447 4446//4446 4438//4438 4439//4439
f 4448//4448 4447//4447 4439//4439 4440//4440
f 4449//4449 4448//4448 4440//4440 4441//4441
f 4450//4450 4449//4449 4441//4441 4442//4442
f 4451//4451 4450//4450 4442//4442 4443//4443
f 4452//4452 4451//4451 4443//4443 4444//4444
f 4453//4453 4452//4452 4444//4444 4445//4445
f 4454//4454 4397//4397 4333//4333 4362//4362
f 4455//4455 4454//4454 4362//4362 4363//4363
f 4456//4456 4455//4455 4363//4363 4364//4364
f 4457//4457 4456//4456 4364//4364 4365//4365
f 4458//4458 4405//4405 4397//4397 4454//4454
f 4459//4459 4458//4458 4454//4454 4455//4455
f 4460//4460 4459//4459 4455//4455 4456//4456
f 4461//4461 4460//4460 4456//4456 4457//4457
f 4462//4462 4413//4413 4405//4405 4458//4458
f 4463//4463 4462//4462 4458//4458 4459//4459
f 4464//4464 4463//4463 4459//4459 4460//4460
f 4465//4465 4464//4464 4460//4460 4461//4461
f 4466//4466 4421//4421 4413//4413 4462//4462
f 4467//4467 4466//4466 4462//4462 4463//4463
f 4468//4468 4467//4467 4463//4463 4464//4464
f 4469//4469 4468//4468 4464//4464 4465//4465
f 4470//4470 4429//4429 4421//4421 4466//4466
f 4471//4471 4470//4470 4466//4466 4467//4467
f 4472//4472 4471//4471 4467//4467 4468//4468
f 4473//4473 4472//4472 4468//4468 4469//4469
f 4474//4474 4437//4437 4429//4429 4470//4470
f 4475//4475 4474//4474 4470//4470 4471//4471
f 4476//4476 4475//4475 4471//4471 4472//4472
f 4477//4477 4476//4476 4472//4472 4473//4473
f 4478//4478 4445//4445 4437//4437 4474//4474
f 4479//4479 4478//4478 4474//4474 4475//4475
f 4480//4480 4479//4479 4475//4475 4476//4476
f 4481//4481 4480//4480 4476//4476 4477//4477
f 4482//4482 4453//4453 4445//4445 4478//4478
f 4483//4483 4482//4482 4478//4478 4479//4479
f 4484//4484 4483//4483 4479//4479 4480//4480
f 4485//4485 4484//4484 4480//4480 4481//4481
f 4486//4486 4457//4457 4365//4365 4373//4373
f 4487//4487 4461//4461 4457//4457 4486//4486
f 4488//4488 4465//4465 4461//4461 4487//4487
f 4489//4489 4469//4469 4465//4465 4488//4488
f 4490//4490 4473//4473 4469//4469 4489//4489
f 4491//4491 4477//4477 4473//4473 4490//4490
f 4492//4492 4481//4481 4477//4477 4491//4491
f 4493//4493 4485//4485 4481//4481 4492//4492
f 4494//4494 4486//4486 4373//4373 4381//4381
f 4495//4495 4487//4487 4486//4486 4494//4494
f 4496//4496 4488//4488 4487//4487 4495//4495
f 4497//4497 4489//4489 4488//4488 4496//4496
f 4498//4498 4490//4490 4489//4489 4497//4497
f 4499//4499 4491//4491 4490//4490 4498//4498
f 4500//4500 4492//4492 4491//4491 4499//4499
f 4501//4501 4493//4493 4492//4492 4500//4500
f 4502//4502 4494//4494 4381//4381 4389//4389
f 4503//4503 4495//4495 4494//4494 4502//4502
f 4504//4504 4496//4496 4495//4495 4503//4503
f 4505//4505 4497//4497 4496//4496 4504//4504
f 4506//4506 4498//4498 4497//4497 4505//4505
f 4507//4507 4499//4499 4498//4498 4506//4506
f 4508//4508 4500//4500 4499//4499 4507//4507
f 4509//4509 4501//4501 4500//4500 4508//4508
f 4510//4510 1140//1140 1076//1076 4446//4446
f 4511//4511 4510//4510 4446//4446 4447//4447
f 4512//4512 4511//4511 4447//4447 4448//4448
f 4513//4513 4512//4512 4448//4448 4449//4449
f 4514//4514 4513//4513 4449//4449 4450//4450
f 4515//4515 4514//4514 4450//4450 4451//4451
f 4516//4516 4515//4515 4451//4451 4452//4452
f 4517//4517 4516//4516 4452//4452 4453//4453
f 4518//4518 1148//1148 1140//1140 4510//4510
f 4519//4519 4518//4518 4510//4510 4511//4511
f 4520//4520 4519//4519 4511//4511 4512//4512
f 4521//4521 4520//4520 4512//4512 4513//4513
f 4522//4522 4521//4521 4513//4513 4514//4514
f 4523//4523 4522//4522 4514//4514 4515//4515
f 4524//4524 4523//4523 4515//4515 4516//4516
f 4525//4525 4524//4524 4516//4516 4517//4517
f 4526//4526 1156//1156 1148//1148 4518//4518
f 4527//4527 4526//4526 4518//4518 4519//4519
f 4528//4528 4527//4527 4519//4519 4520//4520
f 4529//4529 4528//4528 4520//4520 4521//4521
f 4530//4530 4529//4529 4521//4521 4522//4522
f 4531//4531 4530//4530 4522//4522 4523//4523
f 4532//4532 4531//4531 4523//4523 4524//4524
f 4533//4533 4532//4532 4524//4524 4525//4525
f 4534//4534 1164//1164 1156//1156 4526//4526
f 4535//4535 4534//4534 4526//4526 4527//4527
f 4536//4536 4535//4535 4527//4527 4528//4528
f 4537//4537 4536//4536 4528//4528 4529//4529
f 4538//4538 4537//4537 4529//4529 4530//4530
f 4539//4539 4538//4538 4530//4530 4531//4531
f 4540//4540 4539//4539 4531//4531 4532//4532
f 4541//4541 4540//4540 4532//4532 4533//4533
f 4542//4542 1172//1172 1164//1164 4534//4534
f 4543//4543 4542//4542 4534//4534 4535//4535
f 4544//4544 4543//4543 4535//4535 4536//4536
f 4545//4545 4544//4544 4536//4536 4537//4537
f 4546//4546 4545//4545 4537//4537 4538//4538
f 4547//4547 4546//4546 4538//4538 4539//4539
f 4548//4548 4547//4547 4539//4539 4540//4540
f 4549//4549 4548//4548 4540//4540 4541//4541
f 4550//4550 1180//1180 1172//1172 4542//4542
f 4551//4551 4550//4550 4542//4542 4543//4543
f 4552//4552 4551//4551 4543//4543 4544//4544
f 4553//4553 4552//4552 4544//4544 4545//4545
f 4554//4554 4553//4553 4545//4545 4546//4546
f 4555//4555 4554//4554 4546//4546 4547//4547
f 4556//4556 4555//4555 4547//4547 4548//4548
f 4557//4557 4556//4556 4548//4548 4549//4549
f 4558//4558 1188//1188 1180//1180 4550//4550
f 4559//4559 4558//4558 4550//4550 4551//4551
f 4560//4560 4559//4559 4551//4551 4552//4552
f 4561//4561 4560//4560 4552//4552 4553//4553
f 4562//4562 4561//4561 4553//4553 4554//4554
f 4563//4563 4562//4562 4554//4554 4555//4555
f 4564//4564 4563//4563 4555//4555 4556//4556
f 4565//4565 4564//4564 4556//4556 4557//4557
f 4566//4566 1196//1196 1188//1188 4558//4558
f 4567//4567 4566//4566 4558//4558 4559//4559
f 4568//4568 4567//4567 4559//4559 4560//4560
f 4569//4569 4568//4568 4560//4560 4561//4561
f 4570//4570 4569//4569 4561//4561 4562//4562
f 4571//4571 4570//4570 4562//4562 4563//4563
f 4572//4572 4571//4571 4563//4563 4564//4564
f 4573//4573 4572//4572 4564//4564 4565//4565
f 4574//4574 4517//4517 4453//4453 4482//4482
f 4575//4575 4574//4574 4482//4482 4483//4483
f 4576//4576 4575//4575 4483//4483 4484//4484
f 4577//4577 4576//4576 4484//4484 4485//4485
f 4578//4578 4525//4525 4517//4517 4574//4574
f 4579//4579 4578//4578 4574//4574 4575//4575
f 4580//4580 4579//4579 4575//4575 4576//4576
f 4581//4581 4580//4580 4576//4576 4577//4577
f 4582//4582 4533//4533 4525//4525 4578//4578
f 4583//4583 4582//4582 4578//4578 4579//4579
f 4584//4584 4583//4583 4579//4579 4580//4580
f 4585//4585 4584//4584 4580//4580 4581//4581
f 4586//4586 4541//4541 4533//4533 4582//4582
f 4587//4587 4586//4586 4582//4582 4583//4583
f 4588//4588 4587//4587 4583//4583 4584//4584
f 4589//4589 4588//4588 4584//4584 4585//4585
f 4590//4590 4549//4549 4541//4541 4586//4586
f 4591//4591 4590//4590 4586//4586 4587//4587
f 4592//4592 4591//4591 4587//4587 4588//4588
f 4593//4593 4592//4592 4588//4588 4589//4589
f 4594//4594 4557//4557 4549//4549 4590//4590
f 4595//4595 4594//4594 4590//4590 4591//4591
f 4596//4596 4595//4595 4591//4591 4592//4592
f 4597//4597 4596//4596 4592//4592 4593//4593
f 4598//4598 4565//4565 4557//4557 4594//4594
f 4599//4599 4598//4598 4594//4594 4595//4595
f 4600//4600 4599//4599 4595//4595 4596//4596
f 4601//4601 4600//4600 4596//4596 4597//4597
f 4602//4602 4573//4573 4565//4565 4598//4598
f 4603//4603 4602//4602 4598//4598 4599//4599
f 4604//4604 4603//4603 4599//4599 4600//4600
f 4605//4605 4604//4604 4600//4600 4601//4601
f 4606//4606 4577//4577 4485//4485 4493//4493
f 4607//4607 4581//4581 4577//4577 4606//4606
f 4608//4608 4585//4585 4581//4581 4607//4607
f 4609//4609 4589//4589 4585//4585 4608//4608
f 4610//4610 4593//4593 4589//4589 4609//4609
f 4611//4611 4597//4597 4593//4593 4610//4610
f 4612//4612 4601//4601 4597//4597 4611//4611
f 4613//4613 4605//4605 4601//4601 4612//4612
f 4614//4614 4606//4606 4493//4493 4501//4501
f 4615//4615 4607//4607 4606//4606 4614//4614
f 4616//4616 4608//4608 4607//4607 4615//4615
f 4617//4617 4609//4609 4608//4608 4616//4616
f 4618//4618 4610//4610 4609//4609 4617//4617
f 4619//4619 4611//4611 4610//4610 4618//4618
f 4620//4620 4612//4612 4611//4611 4619//4619
f 4621//4621 4613//4613 4612//4612 4620//4620
f 4622//4622 4614//4614 4501//4501 4509//4509
f 4623//4623 4615//4615 4614//4614 4622//4622
f 4624//4624 4616//4616 4615//4615 4623//4623
f 4625//4625 4617//4617 4616//4616 4624//4624
f 4626//4626 4618//4618 4617//4617 4625//4625
f 4627//4627 4619//4619 4618//4618 4626//4626
f 4628//4628 4620//4620 4619//4619 4627//4627
f 4629//4629 4621//4621 4620//4620 4628//4628
f 4630//4630 1260//1260 1196//1196 4566//4566
f 4631//4631 4630//4630 4566//4566 4567//4567
f 4632//4632 4631//4631 4567//4567 4568//4568
f 4633//4633 4632//4632 4568//4568 4569//4569
f 4634//4634 4633//4633 4569//4569 4570//4570
f 4635//4635 4634//4634 4570//4570 4571//4571
f 4636//4636 4635//4635 4571//4571 4572//4572
f 4637//4637 4636//4636 4572//4572 4573//4573
f 4638//4638 1268//1268 1260//1260 4630//4630
f 4639//4639 4638//4638 4630//4630 4631//4631
f 4640//4640 4639//4639 4631//4631 4632//4632
f 4641//4641 4640//4640 4632//4632 4633//4633
f 4642//4642 4641//4641 4633//4633 4634//4634
f 4643//4643 4642//4642 4634//4634 4635//4635
f 4644//4644 4643//4643 4635//4635 4636//4636
f 4645//4645 4644//4644 4636//4636 4637//4637
f 4646//4646 1276//1276 1268//1268 4638//4638
f 4647//4647 4646//4646 4638//4638 4639//4639
f 4648//4648 4647//4647 4639//4639 4640//4640
f 4649//4649 4648//4648 4640//4640 4641//4641
f 4650//4650 4649//4649 4641//4641 4642//4642
f 4651//4651 4650//4650 4642//4642 4643//4643
f 4652//4652 4651//4651 4643//4643 4644//4644
f 4653//4653 4652//4652 4644//4644 4645//4645
f 4654//4654 1284//1284 1276//1276 4646//4646
f 4655//4655 4654//4654 4646//4646 4647//4647
f 4656//4656 4655//4655 4647//4647 4648//4648
f 4657//4657 4656//4656 4648//4648 4649//4649
f 4658//4658 4657//4657 4649//4649 4650//4650
f 4659//4659 4658//4658 4650//4650 4651//4651
f 4660//4660 4659//4659 4651//4651 4652//4652
f 4661//4661 4660//4660 4652//4652 4653//4653
f 4662//4662 1292//1292 1284//1284 4654//4654
f 4663//4663 4662//4662 4654//4654 4655//4655
f 4664//4664 4663//4663 4655//4655 4656//4656
f 4665//4665 4664//4664 4656//4656 4657//4657
f 4666//4666 4665//4665 4657//4657 4658//4658
f 4667//4667 4666//4666 4658//4658 4659//4659
f 4668//4668 4667//4667 4659//4659 4660//4660
f 4669//4669 4668//4668 4660//4660 4661//4661
f 4670//4670 1300//1300 1292//1292 4662//4662
f 4671//4671 4670//4670 4662//4662 4663//4663
f 4672//4672 4671//4671 4663//4663 4664//4664
f 4673//4673 4672//4672 4664//4664 4665//4665
f 4674//4674 4673//4673 4665//4665 4666//4666
f 4675//4675 4674//4674 4666//4666 4667//4667
f 4676//4676 4675//4675 4667//4667 4668//4668
f 4677//4677 4676//4676 4668//4668 4669//4669
f 4678//4678 1308//1308 1300//1300 4670//4670
f 4679//4679 4678//4678 4670//4670 4671//4671
f 4680//4680 4679//4679 4671//4671 4672//4672
f 4681//4681 4680//4680 4672//4672 4673//4673
f 4682//4682 4681//4681 4673//4673 4674//4674
f 4683//4683 4682//4682 4674//4674 4675//4675
f 4684//4684 4683//4683 4675//4675 4676//4676
f 4685//4685 4684//4684 4676//4676 4677//4677
f 4686//4686 1316//1316 1308//1308 4678//4678
f 4687//4687 4686//4686 4678//4678 4679//4679
f 4688//4688 4687//4687 4679//4679 4680//4680
f 4689//4689 4688//4688 4680//4680 4681//4681
f 4690//4690 4689//4689 4681//4681 4682//4682
f 4691//4691 4690//4690 4682//4682 4683//4683
f 4692//4692 4691//4691 4683//4683 4684//4684
f 4693//4693 4692//4692 4684//4684 4685//4685
f 4694//4694 4637//4637 4573//4573 4602//4602
f 4695//4695 4694//4694 4602//4602 4603//4603
f 4696//4696 4695//4695 4603//4603 4604//4604
f 4697//4697 4696//4696 4604//4604 4605//4605
f 4698//4698 4645//4645 4637//4637 4694//4694
f 4699//4699 4698//4698 4694//4694 4695//4695
f 4700//4700 4699//4699 4695//4695 4696//4696
f 4701//4701 4700//4700 4696//4696 4697//4697
f 4702//4702 4653//4653 4645//4645 4698//4698
f 4703//4703 4702//4702 4698//4698 4699//4699
f 4704//4704 4703//4703 4699//4699 4700//4700
f 4705//4705 4704//4704 4700//4700 4701//4701
f 4706//4706 4661//4661 4653//4653 4702//4702
f 4707//4707 4706//4706 4702//4702 4703//4703
f 4708//4708 4707//4707 4703//4703 4704//4704
f 4709//4709 4708//4708 4704//4704 4705//4705
f 4710//4710 4669//4669 4661//4661 4706//4706
f 4711//4711 4710//4710 4706//4706 4707//4707
f 4712//4712 4711//4711 4707//4707 4708//4708
f 4713//4713 4712//4712 4708//4708 4709//4709
f 4714//4714 4677//4677 4669//4669 4710//4710
f 4715//4715 4714//4714 4710//4710 4711//4711
f 4716//4716 4715//4715 4711//4711 4712//4712
f 4717//4717 4716//4716 4712//4712 4713//4713
f 4718//4718 4685//4685 4677//4677 4714//4714
f 4719//4719 4718//4718 4714//4714 4715//4715
f 4720//4720 4719//4719 4715//4715 4716//4716
f 4721//4721 4720//4720 4716//4716 4717//4717
f 4722//4722 4693//4693 4685//4685 4718//4718
f 4723//4723 4722//4722 4718//4718 4719//4719
f 4724//4724 4723//4723 4719//4719 4720//4720
f 4725//4725 4724//4724 4720//4720 4721//4721
f 4726//4726 4697//4697 4605//4605 4613//4613
f 4727//4727 4701//4701 4697//4697 4726//4726
f 4728//4728 4705//4705 4701//4701 4727//4727
f 4729//4729 4709//4709 4705//4705 4728//4728
f 4730//4730 4713//4713 4709//4709 4729//4729
f 4731//4731 4717//4717 4713//4713 4730//4730
f 4732//4732 4721//4721 4717//4717 4731//4731
f 4733//4733 4725//4725 4721//4721 4732//4732
f 4734//4734 4726//4726 4613//4613 4621//4621
f 4735//4735 4727//4727 4726//4726 4734//4734
f 4736//4736 4728//4728 4727//4727 4735//4735
f 4737//4737 4729//4729 4728//4728 4736//4736
f 4738//4738 4730//4730 4729//4729 4737//4737
f 4739//4739 4731//4731 4730//4730 4738//4738
f 4740//4740 4732//4732 4731//4731 4739//4739
f 4741//4741 4733//4733 4732//4732 4740//4740
f 4742//4742 4734//4734 4621//4621 4629//4629
f 4743//4743 4735//4735 4734//4734 4742//4742
f 4744//4744 4736//4736 4735//4735 4743//4743
f 4745//4745 4737//4737 4736//4736 4744//4744
f 4746//4746 4738//4738 4737//4737 4745//4745
f 4747//4747 4739//4739 4738//4738 4746//4746
f 4748//4748 4740//4740 4739//4739 4747//4747
f 4749//4749 4741//4741 4740//4740 4748//4748
f 4750//4750 1380//1380 1316//1316 4686//4686
f 4751//4751 4750//4750 4686//4686 4687//4687
f 4752//4752 4751//4751 4687//4687 4688//4688
f 4753//4753 4752//4752 4688//4688 4689//4689
f 4754//4754 4753//4753 4689//4689 4690//4690
f 4755//4755 4754//4754 4690//4690 4691//4691
f 4756//4756 4755//4755 4691//4691 4692//4692
f 4757//4757 4756//4756 4692//4692 4693//4693
f 4758//4758 1388//1388 1380//1380 4750//4750
f 4759//4759 4758//4758 4750//4750 4751//4751
f 4760//4760 4759//4759 4751//4751 4752//4752
f 4761//4761 4760//4760 4752//4752 4753//4753
f 4762//4762 4761//4761 4753//4753 4754//4754
f 4763//4763 4762//4762 4754//4754 4755//4755
f 4764//4764 4763//4763 4755//4755 4756//4756
f 4765//4765 4764//4764 4756//4756 4757//4757
f 4766//4766 1396//1396 1388//1388 4758//4758
f 4767//4767 4766//4766 4758//4758 4759//4759
f 4768//4768 4767//4767 4759//4759 4760//4760
f 4769//4769 4768//4768 4760//4760 4761//4761
f 4770//4770 4769//4769 4761//4761 4762//4762
f 4771//4771 4770//4770 4762//4762 4763//4763
f 4772//4772 4771//4771 4763//4763 4764//4764
f 4773//4773 4772//4772 4764//4764 4765//4765
f 4774//4774 1404//1404 1396//1396 4766//4766
f 4775//4775 4774//4774 4766//4766 4767//4767
f 4776//4776 4775//4775 4767//4767 4768//4768
f 4777//4777 4776//4776 4768//4768 4769//4769
f 4778//4778 4777//4777 4769//4769 4770//4770
f 4779//4779 4778//4778 4770//4770 4771//4771
f 4780//4780 4779//4779 4771//4771 4772//4772
f 4781//4781 4780//4780 4772//4772 4773//4773
f 4782//4782 1412//1412 1404//1404 4774//4774
f 4783//4783 4782//4782 4774//4774 4775//4775
f 4784//4784 4783//4783 4775//4775 4776//4776
f 4785//4785 4784//4784 4776//4776 4777//4777
f 4786//4786 4785//4785 4777//4777 4778//4778
f 4787//4787 4786//4786 4778//4778 4779//4779
f 4788//4788 4787//4787 4779//4779 4780//4780
f 4789//4789 4788//4788 4780//4780 4781//4781
f 4790//4790 1420//1420 1412//1412 4782//4782
f 4791//4791 4790//4790 4782//4782 4783//4783
f 4792//4792 4791//4791 4783//4783 4784//4784
f 4793//4793 4792//4792 4784//4784 4785//4785
f 4794//4794 4793//4793 4785//4785 4786//4786
f 4795//4795 4794//4794 4786//4786 4787//4787
f 4796//4796 4795//4795 4787//4787 4788//4788
f 4797//4797 4796//4796 4788//4788 4789//4789
f 4798//4798 1428//1428 1420//1420 4790//4790
f 4799//4799 4798//4798 4790//4790 4791//4791
f 4800//4800 4799//4799 4791//4791 4792//4792
f 4801//4801 4800//4800 4792//4792 4793//4793
f 4802//4802 4801//4801 4793//4793 4794//4794
f 4803//4803 4802//4802 4794//4794 4795//4795
f 4804//4804 4803//4803 4795//4795 4796//4796
f 4805//4805 4804//4804 4796//4796 4797//4797
f 4806//4806 1436//1436 1428//1428 4798//4798
f 4807//4807 4806//4806 4798//4798 4799//4799
f 4808//4808 4807//4807 4799//4799 4800//4800
f 4809//4809 4808//4808 4800//4800 4801//4801
f 4810//4810 4809//4809 4801//4801 4802//4802
f 4811//4811 4810//4810 4802//4802 4803//4803
f 4812//4812 4811//4811 4803//4803 4804//4804
f 4813//4813 4812//4812 4804//4804 4805//4805
f 4814//4814 4757//4757 4693//4693 4722//4722
f 4815//4815 4814//4814 4722//4722 4723//4723
f 4816//4816 4815//4815 4723//4723 4724//4724
f 4817//4817 4816//4816 4724//4724 4725//4725
f 4818//4818 4765//4765 4757//4757 4814//4814
f 4819//4819 4818//4818 4814//4814 4815//4815
f 4820//4820 4819//4819 4815//4815 4816//4816
f 4821//4821 4820//4820 4816//4816 4817//4817
f 4822//4822 4773//4773 4765//4765 4818//4818
f 4823//4823 4822//4822 4818//4818 4819//4819
f 4824//4824 4823//4823 4819//4819 4820//4820
f 4825//4825 4824//4824 4820//4820 4821//4821
f 4826//4826 4781//4781 4773//4773 4822//4822
f 4827//4827 4826//4826 4822//4822 4823//4823
f 4828//4828 4827//4827 4823//4823 4824//4824
f 4829//4829 4828//4828 4824//4824 4825//4825
f 4830//4830 4789//4789 4781//4781 4826//4826
f 4831//4831 4830//4830 4826//4826 4827//4827
f 4832//4832 4831//4831 4827//4827 4828//4828
f 4833//4833 4832//4832 4828//4828 4829//4829
f 4834//4834 4797//4797 4789//4789 4830//4830
f 4835//4835 4834//4834 4830//4830 4831//4831
f 4836//4836 4835//4835 4831//4831 4832//4832
f 4837//4837 4836//4836 4832//4832 4833//4833
f 4838//4838 4805//4805 4797//4797 4834//4834
f 4839//4839 4838//4838 4834//4834 4835//4835
f 4840//4840 4839//4839 4835//4835 4836//4836
f 4841//4841 4840//4840 4836//4836 4837//4837
f 4842//4842 4813//4813 4805//4805 4838//4838
f 4843//4843 4842//4842 4838//4838 4839//4839
f 4844//4844 4843//4843 4839//4839 4840//4840
f 4845//4845 4844//4844 4840//4840 4841//4841
f 4846//4846 4817//4817 4725//4725 4733//4733
f 4847//4847 4821//4821 4817//4817 4846//4846
f 4848//4848 4825//4825 4821//4821 4847//4847
f 4849//4849 4829//4829 4825//4825 4848//4848
f 4850//4850 4833//4833 4829//4829 4849//4849
f 4851//4851 4837//4837 4833//4833 4850//4850
f 4852//4852 4841//4841 4837//4837 4851//4851
f 4853//4853 4845//4845 4841//4841 4852//4852
f 4854//4854 4846//4846 4733//4733 4741//4741
f 4855//4855 4847//4847 4846//4846 4854//4854
f 4856//4856 4848//4848 4847//4847 4855//4855
f 4857//4857 4849//4849 4848//4848 4856//4856
f 4858//4858 4850//4850 4849//4849 4857//4857
f 4859//4859 4851//4851 4850//4850 4858//4858
f 4860//4860 4852//4852 4851//4851 4859//4859
f 4861//4861 4853//4853 4852//4852 4860//4860
f 4862//4862 4854//4854 4741//4741 4749//4749
f 4863//4863 4855//4855 4854//4854 4862//4862
f 4864//4864 4856//4856 4855//4855 4863//4863
f 4865//4865 4857//4857 4856//4856 4864//4864
f 4866//4866 4858//4858 4857//4857 4865//4865
f 4867//4867 4859//4859 4858//4858 4866//4866
f 4868//4868 4860//4860 4859//4859 4867//4867
f 4869//4869 4861//4861 4860//4860 4868//4868
f 4878//4878 1511//1511 1436//1436 4806//4806
f 4879//4879 4878//4878 4806//4806 4807//4807
f 4880//4880 4879//4879 4807//4807 4808//4808
f 4881//4881 4880//4880 4808//4808 4809//4809
f 4882//4882 4881//4881 4809//4809 4810//4810
f 4883//4883 4882//4882 4810//4810 4811//4811
f 4884//4884 4883//4883 4811//4811 4812//4812
f 4885//4885 4884//4884 4812//4812 4813//4813
f 4886//4886 1519//1519 1511//1511 4878//4878
f 4887//4887 4886//4886 4878//4878 4879//4879
f 4888//4888 4887//4887 4879//4879 4880//4880
f 4889//4889 4888//4888 4880//4880 4881//4881
f 4890//4890 4889//4889 4881//4881 4882//4882
f 4891//4891 4890//4890 4882//4882 4883//4883
f 4892//4892 4891//4891 4883//4883 4884//4884
f 4893//4893 4892//4892 4884//4884 4885//4885
f 4894//4894 1527//1527 1519//1519 4886//4886
f 4895//4895 4894//4894 4886//4886 4887//4887
f 4896//4896 4895//4895 4887//4887 4888//4888
f 4897//4897 4896//4896 4888//4888 4889//4889
f 4898//4898 4897//4897 4889//4889 4890//4890
f 4899//4899 4898//4898 4890//4890 4891//4891
f 4900//4900 4899//4899 4891//4891 4892//4892
f 4901//4901 4900//4900 4892//4892 4893//4893
f 4902//4902 1535//1535 1527//1527 4894//4894
f 4903//4903 4902//4902 4894//4894 4895//4895
f 4904//4904 4903//4903 4895//4895 4896//4896
f 4905//4905 4904//4904 4896//4896 4897//4897
f 4906//4906 4905//4905 4897//4897 4898//4898
f 4907//4907 4906//4906 4898//4898 4899//4899
f 4908//4908 4907//4907 4899//4899 4900//4900
f 4909//4909 4908//4908 4900//4900 4901//4901
f 4910//4910 1543//1543 1535//1535 4902//4902
f 4911//4911 4910//4910 4902//4902 4903//4903
f 4912//4912 4911//4911 4903//4903 4904//4904
f 4913//4913 4912//4912 4904//4904 4905//4905
f 4914//4914 4913//4913 4905//4905 4906//4906
f 4915//4915 4914//4914 4906//4906 4907//4907
f 4916//4916 4915//4915 4907//4907 4908//4908
f 4917//4917 4916//4916 4908//4908 4909//4909
f 4918//4918 1551//1551 1543//1543 4910//4910
f 4919//4919 4918//4918 4910//4910 4911//4911
f 4920//4920 4919//4919 4911//4911 4912//4912
f 4921//4921 4920//4920 4912//4912 4913//4913
f 4922//4922 4921//4921 4913//4913 4914//4914
f 4923//4923 4922//4922 4914//4914 4915//4915
f 4924//4924 4923//4923 4915//4915 4916//4916
f 4925//4925 4924//4924 4916//4916 4917//4917
f 4926//4926 1559//1559 1551//1551 4918//4918
f 4927//4927 4926//4926 4918//4918 4919//4919
f 4928//4928 4927//4927 4919//4919 4920//4920
f 4929//4929 4928//4928 4920//4920 4921//4921
f 4930//4930 4929//4929 4921//4921 4922//4922
f 4931//4931 4930//4930 4922//4922 4923//4923
f 4932//4932 4931//4931 4923//4923 4924//4924
f 4933//4933 4932//4932 4924//4924 4925//4925
f 4934//4934 1567//1567 1559//1559 4926//4926
f 4934//4934 4870//4870 1503//1503 1567//1567
f 4935//4935 4934//4934 4926//4926 4927//4927
f 4935//4935 4871//4871 4870//4870 4934//4934
f 4936//4936 4935//4935 4927//4927 4928//4928
f 4936//4936 4872//4872 4871//4871 4935//4935
f 4937//4937 4936//4936 4928//4928 4929//4929
f 4937//4937 4873//4873 4872//4872 4936//4936
f 4938//4938 4937//4937 4929//4929 4930//4930
f 4938//4938 4874//4874 4873//4873 4937//4937
f 4939//4939 4938//4938 4930//4930 4931//4931
f 4939//4939 4875//4875 4874//4874 4938//4938
f 4940//4940 4939//4939 4931//4931 4932//4932
f 4940//4940 4876//4876 4875//4875 4939//4939
f 4941//4941 4940//4940 4932//4932 4933//4933
f 4941//4941 4877//4877 4876//4876 4940//4940
f 4945//4945 4885//4885 4813//4813 4842//4842
f 4946//4946 4945//4945 4842//4842 4843//4843
f 4947//4947 4946//4946 4843//4843 4844//4844
f 4948//4948 4947//4947 4844//4844 4845//4845
f 4949//4949 4893//4893 4885//4885 4945//4945
f 4950//4950 4949//4949 4945//4945 4946//4946
f 4951//4951 4950//4950 4946//4946 4947//4947
f 4952//4952 4951//4951 4947//4947 4948//4948
f 4953//4953 4901//4901 4893//4893 4949//4949
f 4954//4954 4953//4953 4949//4949 4950//4950
f 4955//4955 4954//4954 4950//4950 4951//4951
f 4956//4956 4955//4955 4951//4951 4952//4952
f 4957//4957 4909//4909 4901//4901 4953//4953
f 4958//4958 4957//4957 4953//4953 4954//4954
f 4959//4959 4958//4958 4954//4954 4955//4955
f 4960//4960 4959//4959 4955//4955 4956//4956
f 4961//4961 4917//4917 4909//4909 4957//4957
f 4962//4962 4961//4961 4957//4957 4958//4958
f 4963//4963 4962//4962 4958//4958 4959//4959
f 4964//4964 4963//4963 4959//4959 4960//4960
f 4965//4965 4925//4925 4917//4917 4961//4961
f 4966//4966 4965//4965 4961//4961 4962//4962
f 4967//4967 4966//4966 4962//4962 4963//4963
f 4968//4968 4967//4967 4963//4963 4964//4964
f 4969//4969 4933//4933 4925//4925 4965//4965
f 4970//4970 4969//4969 4965//4965 4966//4966
f 4971//4971 4970//4970 4966//4966 4967//4967
f 4972//4972 4971//4971 4967//4967 4968//4968
f 4973//4973 4941//4941 4933//4933 4969//4969
f 4973//4973 4942//4942 4877//4877 4941//4941
f 4974//4974 4973//4973 4969//4969 4970//4970
f 4974//4974 4943//4943 4942//4942 4973//4973
f 4975//4975 4974//4974 4970//4970 4971//4971
f 4975//4975 4944//4944 4943//4943 4974//4974
f 4976//4976 4975//4975 4971//4971 4972//4972
f 4977//4977 4948//4948 4845//4845 4853//4853
f 4978//4978 4952//4952 4948//4948 4977//4977
f 4979//4979 4956//4956 4952//4952 4978//4978
f 4980//4980 4960//4960 4956//4956 4979//4979
f 4981//4981 4964//4964 4960//4960 4980//4980
f 4982//4982 4968//4968 4964//4964 4981//4981
f 4983//4983 4972//4972 4968//4968 4982//4982
f 4984//4984 4976//4976 4972//4972 4983//4983
f 4985//4985 4977//4977 4853//4853 4861//4861
f 4986//4986 4978//4978 4977//4977 4985//4985
f 4987//4987 4979//4979 4978//4978 4986//4986
f 4988//4988 4980//4980 4979//4979 4987//4987
f 4989//4989 4981//4981 4980//4980 4988//4988
f 4990//4990 4982//4982 4981//4981 4989//4989
f 4991//4991 4983//4983 4982//4982 4990//4990
f 4992//4992 4984//4984 4983//4983 4991//4991
f 4993//4993 4985//4985 4861//4861 4869//4869
f 4994//4994 4986//4986 4985//4985 4993//4993
f 4995//4995 4987//4987 4986//4986 4994//4994
f 4996//4996 4988//4988 4987//4987 4995//4995
f 4997//4997 4989//4989 4988//4988 4996//4996
f 4998//4998 4990//4990 4989//4989 4997//4997
f 4999//4999 4991//4991 4990//4990 4998//4998
f 5000//5000 4992//4992 4991//4991 4999//4999
f 5001//5001 3812//3812 488//488 1652//1652
f 5002//5002 3813//3813 3812//3812 5001//5001
f 5003//5003 3814//3814 3813//3813 5002//5002
f 5004//5004 3815//3815 3814//3814 5003//5003
f 5005//5005 3816//3816 3815//3815 5004//5004
f 5006//5006 3817//3817 3816//3816 5005//5005
f 5007//5007 3818//3818 3817//3817 5006//5006
f 5008//5008 3819//3819 3818//3818 5007//5007
f 5009//5009 5001//5001 1652//1652 1660//1660
f 5010//5010 5002//5002 5001//5001 5009//5009
f 5011//5011 5003//5003 5002//5002 5010//5010
f 5012//5012 5004//5004 5003//5003 5011//5011
f 5013//5013 5005//5005 5004//5004 5012//5012
f 5014//5014 5006//5006 5005//5005 5013//5013
f 5015//5015 5007//5007 5006//5006 5014//5014
f 5016//5016 5008//5008 5007//5007 5015//5015
f 5017//5017 5009//5009 1660//1660 1668//1668
f 5018//5018 5010//5010 5009//5009 5017//5017
f 5019//5019 5011//5011 5010//5010 5018//5018
f 5020//5020 5012//5012 5011//5011 5019//5019
f 5021//5021 5013//5013 5012//5012 5020//5020
f 5022//5022 5014//5014 5013//5013 5021//5021
f 5023//5023 5015//5015 5014//5014 5022//5022
f 5024//5024 5016//5016 5015//5015 5023//5023
f 5025//5025 1676//1676 1503//1503 4870//4870
f 5025//5025 5017//5017 1668//1668 1676//1676
f 5026//5026 5025//5025 4870//4870 4871//4871
f 5026//5026 5018//5018 5017//5017 5025//5025
f 5027//5027 5026//5026 4871//4871 4872//4872
f 5027//5027 5019//5019 5018//5018 5026//5026
f 5028//5028 5027//5027 4872//4872 4873//4873
f 5028//5028 5020//5020 5019//5019 5027//5027
f 5029//5029 5028//5028 4873//4873 4874//4874
f 5029//5029 5021//5021 5020//5020 5028//5028
f 5030//5030 5029//5029 4874//4874 4875//4875
f 5030//5030 5022//5022 5021//5021 5029//5029
f 5031//5031 5030//5030 4875//4875 4876//4876
f 5031//5031 5023//5023 5022//5022 5030//5030
f 5032//5032 5031//5031 4876//4876 4877//4877
f 5032//5032 5024//5024 5023//5023 5031//5031
f 5033//5033 3911//3911 3819//3819 5008//5008
f 5034//5034 3912//3912 3911//3911 5033//5033
f 5035//5035 3913//3913 3912//3912 5034//5034
f 5036//5036 3914//3914 3913//3913 5035//5035
f 5037//5037 3915//3915 3914//3914 5036//5036
f 5038//5038 3916//3916 3915//3915 5037//5037
f 5039//5039 3917//3917 3916//3916 5038//5038
f 5040//5040 3918//3918 3917//3917 5039//5039
f 5041//5041 3919//3919 3918//3918 5040//5040
f 5042//5042 3920//3920 3919//3919 5041//5041
f 5043//5043 3921//3921 3920//3920 5042//5042
f 5044//5044 5033//5033 5008//5008 5016//5016
f 5045//5045 5034//5034 5033//5033 5044//5044
f 5046//5046 5035//5035 5034//5034 5045//5045
f 5047//5047 5036//5036 5035//5035 5046//5046
f 5048//5048 5037//5037 5036//5036 5047//5047
f 5049//5049 5038//5038 5037//5037 5048//5048
f 5050//5050 5039//5039 5038//5038 5049//5049
f 5051//5051 5040//5040 5039//5039 5050//5050
f 5052//5052 5041//5041 5040//5040 5051//5051
f 5053//5053 5042//5042 5041//5041 5052//5052
f 5054//5054 5043//5043 5042//5042 5053//5053
f 5055//5055 5044//5044 5016//5016 5024//5024
f 5056//5056 5045//5045 5044//5044 5055//5055
f 5057//5057 5046//5046 5045//5045 5056//5056
f 5058//5058 5047//5047 5046//5046 5057//5057
f 5059//5059 5048//5048 5047//5047 5058//5058
f 5060//5060 5049//5049 5048//5048 5059//5059
f 5061//5061 5050//5050 5049//5049 5060//5060
f 5062//5062 5051//5051 5050//5050 5061//5061
f 5063//5063 5052//5052 5051//5051 5062//5062
f 5064//5064 5053//5053 5052//5052 5063//5063
f 5065//5065 5054//5054 5053//5053 5064//5064
f 5066//5066 5032//5032 4877//4877 4942//4942
f 5066//5066 5055//5055 5024//5024 5032//5032
f 5067//5067 5066//5066 4942//4942 4943//4943
f 5067//5067 5056//5056 5055//5055 5066//5066
f 5068//5068 5067//5067 4943//4943 4944//4944
f 5068//5068 5057//5057 5056//5056 5067//5067
f 5069//5069 5058//5058 5057//5057 5068//5068
f 5070//5070 5059//5059 5058//5058 5069//5069
f 5071//5071 5060//5060 5059//5059 5070//5070
f 5072//5072 5061//5061 5060//5060 5071//5071
f 5073//5073 5062//5062 5061//5061 5072//5072
f 5074//5074 5063//5063 5062//5062 5073//5073
f 5075//5075 5064//5064 5063//5063 5074//5074
f 5076//5076 5065//5065 5064//5064 5075//5075
f 5077//5077 5068//5068 4944//4944 4975//4975
f 5078//5078 5077//5077 4975//4975 4976//4976
f 5078//5078 5069//5069 5068//5068 5077//5077
f 5079//5079 5070//5070 5069//5069 5078//5078
f 5080//5080 5071//5071 5070//5070 5079//5079
f 5081//5081 5072//5072 5071//5071 5080//5080
f 5082//5082 5073//5073 5072//5072 5081//5081
f 5083//5083 5074//5074 5073//5073 5082//5082
f 5084//5084 5075//5075 5074//5074 5083//5083
f 5085//5085 5076//5076 5075//5075 5084//5084
f 5086//5086 5078//5078 4976//4976 4984//4984
f 5087//5087 5079//5079 5078//5078 5086//5086
f 5088//5088 5080//5080 5079//5079 5087//5087
f 5089//5089 5081//5081 5080//5080 5088//5088
f 5090//5090 5082//5082 5081//5081 5089//5089
f 5091//5091 5083//5083 5082//5082 5090//5090
f 5092//5092 5084//5084 5083//5083 5091//5091
f 5093//5093 5085//5085 5084//5084 5092//5092
f 5094//5094 5086//5086 4984//4984 4992//4992
f 5095//5095 5087//5087 5086//5086 5094//5094
f 5096//5096 5088//5088 5087//5087 5095//5095
f 5097//5097 5089//5089 5088//5088 5096//5096
f 5098//5098 5090//5090 5089//5089 5097//5097
f 5099//5099 5091//5091 5090//5090 5098//5098
f 5100//5100 5092//5092 5091//5091 5099//5099
f 5101//5101 5093//5093 5092//5092 5100//5100
f 5102//5102 5094//5094 4992//4992 5000//5000
f 5103//5103 5095//5095 5094//5094 5102//5102
f 5104//5104 5096//5096 5095//5095 5103//5103
f 5105//5105 5097//5097 5096//5096 5104//5104
f 5106//5106 5098//5098 5097//5097 5105//5105
f 5107//5107 5099//5099 5098//5098 5106//5106
f 5108//5108 5100//5100 5099//5099 5107//5107
f 5109//5109 5101//5101 5100//5100 5108//5108
f 4026//4026 5110//5110 1764//1764 691//691
f 4027//4027 5111//5111 5110//5110 4026//4026
f 4028//4028 5112//5112 5111//5111 4027//4027
f 4029//4029 5113//5113 5112//5112 4028//4028
f 4030//4030 5114//5114 5113//5113 4029//4029
f 4031//4031 5115//5115 5114//5114 4030//4030
f 4032//4032 5116//5116 5115//5115 4031//4031
f 4033//4033 5117//5117 5116//5116 4032//4032
f 5110//5110 5118//5118 1772//1772 1764//1764
f 5111//5111 5119//5119 5118//5118 5110//5110
f 5112//5112 5120//5120 5119//5119 5111//5111
f 5113//5113 5121//5121 5120//5120 5112//5112
f 5114//5114 5122//5122 5121//5121 5113//5113
f 5115//5115 5123//5123 5122//5122 5114//5114
f 5116//5116 5124//5124 5123//5123 5115//5115
f 5117//5117 5125//5125 5124//5124 5116//5116
f 5118//5118 5126//5126 1780//1780 1772//1772
f 5119//5119 5127//5127 5126//5126 5118//5118
f 5120//5120 5128//5128 5127//5127 5119//5119
f 5121//5121 5129//5129 5128//5128 5120//5120
f 5122//5122 5130//5130 5129//5129 5121//5121
f 5123//5123 5131//5131 5130//5130 5122//5122
f 5124//5124 5132//5132 5131//5131 5123//5123
f 5125//5125 5133//5133 5132//5132 5124//5124
f 5126//5126 5134//5134 1788//1788 1780//1780
f 5127//5127 5135//5135 5134//5134 5126//5126
f 5128//5128 5136//5136 5135//5135 5127//5127
f 5129//5129 5137//5137 5136//5136 5128//5128
f 5130//5130 5138//5138 5137//5137 5129//5129
f 5131//5131 5139//5139 5138//5138 5130//5130
f 5132//5132 5140//5140 5139//5139 5131//5131
f 5133//5133 5141//5141 5140//5140 5132//5132
f 5134//5134 5142//5142 1796//1796 1788//1788
f 5135//5135 5143//5143 5142//5142 5134//5134
f 5136//5136 5144//5144 5143//5143 5135//5135
f 5137//5137 5145//5145 5144//5144 5136//5136
f 5138//5138 5146//5146 5145//5145 5137//5137
f 5139//5139 5147//5147 5146//5146 5138//5138
f 5140//5140 5148//5148 5147//5147 5139//5139
f 5141//5141 5149//5149 5148//5148 5140//5140
f 5142//5142 5150//5150 1804//1804 1796//1796
f 5143//5143 5151//5151 5150//5150 5142//5142
f 5144//5144 5152//5152 5151//5151 5143//5143
f 5145//5145 5153//5153 5152//5152 5144//5144
f 5146//5146 5154//5154 5153//5153 5145//5145
f 5147//5147 5155//5155 5154//5154 5146//5146
f 5148//5148 5156//5156 5155//5155 5147//5147
f 5149//5149 5157//5157 5156//5156 5148//5148
f 5150//5150 5158//5158 1812//1812 1804//1804
f 5151//5151 5159//5159 5158//5158 5150//5150
f 5152//5152 5160//5160 5159//5159 5151//5151
f 5153//5153 5161//5161 5160//5160 5152//5152
f 5154//5154 5162//5162 5161//5161 5153//5153
f 5155//5155 5163//5163 5162//5162 5154//5154
f 5156//5156 5164//5164 5163//5163 5155//5155
f 5157//5157 5165//5165 5164//5164 5156//5156
f 5158//5158 5166//5166 1820//1820 1812//1812
f 5159//5159 5167//5167 5166//5166 5158//5158
f 5160//5160 5168//5168 5167//5167 5159//5159
f 5161//5161 5169//5169 5168//5168 5160//5160
f 5162//5162 5170//5170 5169//5169 5161//5161
f 5163//5163 5171//5171 5170//5170 5162//5162
f 5164//5164 5172//5172 5171//5171 5163//5163
f 5165//5165 5173//5173 5172//5172 5164//5164
f 5174//5174 4115//4115 3921//3921 5043//5043
f 5175//5175 4116//4116 4115//4115 5174//5174
f 5176//5176 4117//4117 4116//4116 5175//5175
f 5177//5177 4118//4118 4117//4117 5176//5176
f 5178//5178 4119//4119 4118//4118 5177//5177
f 5179//5179 4120//4120 4119//4119 5178//5178
f 4121//4121 5180//5180 5117//5117 4033//4033
f 4122//4122 5181//5181 5180//5180 4121//4121
f 4123//4123 5182//5182 5181//5181 4122//4122
f 4124//4124 5183//5183 5182//5182 4123//4123
f 5183//5183 4124//4124 4120//4120 5179//5179
f 5184//5184 5174//5174 5043//5043 5054//5054
f 5185//5185 5175//5175 5174//5174 5184//5184
f 5186//5186 5176//5176 5175//5175 5185//5185
f 5187//5187 5177//5177 5176//5176 5186//5186
f 5188//5188 5178//5178 5177//5177 5187//5187
f 5189//5189 5179//5179 5178//5178 5188//5188
f 5180//5180 5190//5190 5125//5125 5117//5117
f 5181//5181 5191//5191 5190//5190 5180//5180
f 5182//5182 5192//5192 5191//5191 5181//5181
f 5183//5183 5193//5193 5192//5192 5182//5182
f 5193//5193 5183//5183 5179//5179 5189//5189
f 5194//5194 5184//5184 5054//5054 5065//5065
f 5195//5195 5185//5185 5184//5184 5194//5194
f 5196//5196 5186//5186 5185//5185 5195//5195
f 5197//5197 5187//5187 5186//5186 5196//5196
f 5198//5198 5188//5188 5187//5187 5197//5197
f 5199//5199 5189//5189 5188//5188 5198//5198
f 5190//5190 5200//5200 5133//5133 5125//5125
f 5191//5191 5201//5201 5200//5200 5190//5190
f 5192//5192 5202//5202 5201//5201 5191//5191
f 5193//5193 5203//5203 5202//5202 5192//5192
f 5203//5203 5193//5193 5189//5189 5199//5199
f 5204//5204 5194//5194 5065//5065 5076//5076
f 5205//5205 5195//5195 5194//5194 5204//5204
f 5206//5206 5196//5196 5195//5195 5205//5205
f 5207//5207 5197//5197 5196//5196 5206//5206
f 5208//5208 5198//5198 5197//5197 5207//5207
f 5209//5209 5199//5199 5198//5198 5208//5208
f 5200//5200 5210//5210 5141//5141 5133//5133
f 5201//5201 5211//5211 5210//5210 5200//5200
f 5202//5202 5212//5212 5211//5211 5201//5201
f 5203//5203 5213//5213 5212//5212 5202//5202
f 5213//5213 5203//5203 5199//5199 5209//5209
f 5214//5214 5204//5204 5076//5076 5085//5085
f 5215//5215 5205//5205 5204//5204 5214//5214
f 5216//5216 5206//5206 5205//5205 5215//5215
f 5217//5217 5207//5207 5206//5206 5216//5216
f 5218//5218 5208//5208 5207//5207 5217//5217
f 5219//5219 5209//5209 5208//5208 5218//5218
f 5210//5210 5220//5220 5149//5149 5141//5141
f 5211//5211 5221//5221 5220//5220 5210//5210
f 5212//5212 5222//5222 5221//5221 5211//5211
f 5213//5213 5223//5223 5222//5222 5212//5212
f 5223//5223 5213//5213 5209//5209 5219//5219
f 5224//5224 5214//5214 5085//5085 5093//5093
f 5225//5225 5215//5215 5214//5214 5224//5224
f 5226//5226 5216//5216 5215//5215 5225//5225
f 5227//5227 5217//5217 5216//5216 5226//5226
f 5228//5228 5218//5218 5217//5217 5227//5227
f 5229//5229 5219//5219 5218//5218 5228//5228
f 5220//5220 5230//5230 5157//5157 5149//5149
f 5221//5221 5231//5231 5230//5230 5220//5220
f 5222//5222 5232//5232 5231//5231 5221//5221
f 5223//5223 5233//5233 5232//5232 5222//5222
f 5233//5233 5223//5223 5219//5219 5229//5229
f 5234//5234 5224//5224 5093//5093 5101//5101
f 5235//5235 5225//5225 5224//5224 5234//5234
f 5236//5236 5226//5226 5225//5225 5235//5235
f 5237//5237 5227//5227 5226//5226 5236//5236
f 5238//5238 5228//5228 5227//5227 5237//5237
f 5239//5239 5229//5229 5228//5228 5238//5238
f 5230//5230 5240//5240 5165//5165 5157//5157
f 5231//5231 5241//5241 5240//5240 5230//5230
f 5232//5232 5242//5242 5241//5241 5231//5231
f 5233//5233 5243//5243 5242//5242 5232//5232
f 5243//5243 5233//5233 5229//5229 5239//5239
f 5244//5244 5234//5234 5101//5101 5109//5109
f 5245//5245 5235//5235 5234//5234 5244//5244
f 5246//5246 5236//5236 5235//5235 5245//5245
f 5247//5247 5237//5237 5236//5236 5246//5246
f 5248//5248 5238//5238 5237//5237 5247//5247
f 5249//5249 5239//5239 5238//5238 5248//5248
f 5240//5240 5250//5250 5173//5173 5165//5165
f 5241//5241 5251//5251 5250//5250 5240//5240
f 5242//5242 5252//5252 5251//5251 5241//5241
f 5243//5243 5253//5253 5252//5252 5242//5242
f 5253//5253 5243//5243 5239//5239 5249//5249
f 5254//5254 1895//1895 49//49 134//134
f 5254//5254 4197//4197 828//828 1895//1895
f 5255//5255 5254//5254 134//134 135//135
f 5255//5255 4198//4198 4197//4197 5254//5254
f 5256//5256 5255//5255 135//135 136//136
f 5256//5256 4199//4199 4198//4198 5255//5255
f 5257//5257 5256//5256 136//136 137//137
f 5257//5257 4200//4200 4199//4199 5256//5256
f 5258//5258 5257//5257 137//137 138//138
f 5258//5258 4201//4201 4200//4200 5257//5257
f 5259//5259 5258//5258 138//138 139//139
f 5259//5259 4202//4202 4201//4201 5258//5258
f 5260//5260 5259//5259 139//139 140//140
f 5260//5260 4203//4203 4202//4202 5259//5259
f 5261//5261 5260//5260 140//140 141//141
f 5261//5261 4204//4204 4203//4203 5260//5260
f 5262//5262 5261//5261 141//141 214//214
f 5262//5262 4256//4256 4204//4204 5261//5261
f 5263//5263 5262//5262 214//214 215//215
f 5263//5263 4257//4257 4256//4256 5262//5262
f 5264//5264 5263//5263 215//215 216//216
f 5264//5264 4258//4258 4257//4257 5263//5263
f 5265//5265 5264//5264 216//216 217//217
f 5265//5265 4259//4259 4258//4258 5264//5264
f 5266//5266 4263//4263 4259//4259 5265//5265
f 5267//5267 4264//4264 4263//4263 5266//5266
f 5268//5268 4265//4265 4264//4264 5267//5267
f 5269//5269 4266//4266 4265//4265 5268//5268
f 5270//5270 4267//4267 4266//4266 5269//5269
f 5271//5271 4268//4268 4267//4267 5270//5270
f 5272//5272 4269//4269 4268//4268 5271//5271
f 5273//5273 5265//5265 217//217 221//221
f 5274//5274 5266//5266 5265//5265 5273//5273
f 5275//5275 5267//5267 5266//5266 5274//5274
f 5276//5276 5268//5268 5267//5267 5275//5275
f 5277//5277 5269//5269 5268//5268 5276//5276
f 5278//5278 5270//5270 5269//5269 5277//5277
f 5279//5279 5271//5271 5270//5270 5278//5278
f 5280//5280 5272//5272 5271//5271 5279//5279
f 5281//5281 5273//5273 221//221 225//225
f 5282//5282 5274//5274 5273//5273 5281//5281
f 5283//5283 5275//5275 5274//5274 5282//5282
f 5284//5284 5276//5276 5275//5275 5283//5283
f 5285//5285 5277//5277 5276//5276 5284//5284
f 5286//5286 5278//5278 5277//5277 5285//5285
f 5287//5287 5279//5279 5278//5278 5286//5286
f 5288//5288 5280//5280 5279//5279 5287//5287
f 5289//5289 5281//5281 225//225 233//233
f 5290//5290 5282//5282 5281//5281 5289//5289
f 5291//5291 5283//5283 5282//5282 5290//5290
f 5292//5292 5284//5284 5283//5283 5291//5291
f 5293//5293 5285//5285 5284//5284 5292//5292
f 5294//5294 5286//5286 5285//5285 5293//5293
f 5295//5295 5287//5287 5286//5286 5294//5294
f 5296//5296 5288//5288 5287//5287 5295//5295
f 5297//5297 5289//5289 233//233 238//238
f 5298//5298 5290//5290 5289//5289 5297//5297
f 5299//5299 5291//5291 5290//5290 5298//5298
f 5300//5300 5292//5292 5291//5291 5299//5299
f 5301//5301 5293//5293 5292//5292 5300//5300
f 5302//5302 5294//5294 5293//5293 5301//5301
f 5303//5303 5295//5295 5294//5294 5302//5302
f 5304//5304 5296//5296 5295//5295 5303//5303
f 5305//5305 5297//5297 238//238 246//246
f 5306//5306 5298//5298 5297//5297 5305//5305
f 5307//5307 5299//5299 5298//5298 5306//5306
f 5308//5308 5300//5300 5299//5299 5307//5307
f 5309//5309 5301//5301 5300//5300 5308//5308
f 5310//5310 5302//5302 5301//5301 5309//5309
f 5311//5311 5303//5303 5302//5302 5310//5310
f 5312//5312 5304//5304 5303//5303 5311//5311
f 5313//5313 5305//5305 246//246 250//250
f 5314//5314 5306//5306 5305//5305 5313//5313
f 5315//5315 5307//5307 5306//5306 5314//5314
f 5316//5316 5308//5308 5307//5307 5315//5315
f 5317//5317 5309//5309 5308//5308 5316//5316
f 5318//5318 5310//5310 5309//5309 5317//5317
f 5319//5319 5311//5311 5310//5310 5318//5318
f 5320//5320 5312//5312 5311//5311 5319//5319
f 5321//5321 5313//5313 250//250 254//254
f 5322//5322 5314//5314 5313//5313 5321//5321
f 5323//5323 5315//5315 5314//5314 5322//5322
f 5324//5324 5316//5316 5315//5315 5323//5323
f 5325//5325 5317//5317 5316//5316 5324//5324
f 5326//5326 5318//5318 5317//5317 5325//5325
f 5327//5327 5319//5319 5318//5318 5326//5326
f 5328//5328 5320//5320 5319//5319 5327//5327
f 5329//5329 4382//4382 4269//4269 5272//5272
f 5330//5330 4383//4383 4382//4382 5329//5329
f 5331//5331 4384//4384 4383//4383 5330//5330
f 5332//5332 4385//4385 4384//4384 5331//5331
f 5333//5333 4386//4386 4385//4385 5332//5332
f 5334//5334 4387//4387 4386//4386 5333//5333
f 5335//5335 4388//4388 4387//4387 5334//5334
f 5336//5336 4389//4389 4388//4388 5335//5335
f 5337//5337 5329//5329 5272//5272 5280//5280
f 5338//5338 5330//5330 5329//5329 5337//5337
f 5339//5339 5331//5331 5330//5330 5338//5338
f 5340//5340 5332//5332 5331//5331 5339//5339
f 5341//5341 5333//5333 5332//5332 5340//5340
f 5342//5342 5334//5334 5333//5333 5341//5341
f 5343//5343 5335//5335 5334//5334 5342//5342
f 5344//5344 5336//5336 5335//5335 5343//5343
f 5345//5345 5337//5337 5280//5280 5288//5288
f 5346//5346 5338//5338 5337//5337 5345//5345
f 5347//5347 5339//5339 5338//5338 5346//5346
f 5348//5348 5340//5340 5339//5339 5347//5347
f 5349//5349 5341//5341 5340//5340 5348//5348
f 5350//5350 5342//5342 5341//5341 5349//5349
f 5351//5351 5343//5343 5342//5342 5350//5350
f 5352//5352 5344//5344 5343//5343 5351//5351
f 5353//5353 5345//5345 5288//5288 5296//5296
f 5354//5354 5346//5346 5345//5345 5353//5353
f 5355//5355 5347//5347 5346//5346 5354//5354
f 5356//5356 5348//5348 5347//5347 5355//5355
f 5357//5357 5349//5349 5348//5348 5356//5356
f 5358//5358 5350//5350 5349//5349 5357//5357
f 5359//5359 5351//5351 5350//5350 5358//5358
f 5360//5360 5352//5352 5351//5351 5359//5359
f 5361//5361 5353//5353 5296//5296 5304//5304
f 5362//5362 5354//5354 5353//5353 5361//5361
f 5363//5363 5355//5355 5354//5354 5362//5362
f 5364//5364 5356//5356 5355//5355 5363//5363
f 5365//5365 5357//5357 5356//5356 5364//5364
f 5366//5366 5358//5358 5357//5357 5365//5365
f 5367//5367 5359//5359 5358//5358 5366//5366
f 5368//5368 5360//5360 5359//5359 5367//5367
f 5369//5369 5361//5361 5304//5304 5312//5312
f 5370//5370 5362//5362 5361//5361 5369//5369
f 5371//5371 5363//5363 5362//5362 5370//5370
f 5372//5372 5364//5364 5363//5363 5371//5371
f 5373//5373 5365//5365 5364//5364 5372//5372
f 5374//5374 5366//5366 5365//5365 5373//5373
f 5375//5375 5367//5367 5366//5366 5374//5374
f 5376//5376 5368//5368 5367//5367 5375//5375
f 5377//5377 5369//5369 5312//5312 5320//5320
f 5378//5378 5370//5370 5369//5369 5377//5377
f 5379//5379 5371//5371 5370//5370 5378//5378
f 5380//5380 5372//5372 5371//5371 5379//5379
f 5381//5381 5373//5373 5372//5372 5380//5380
f 5382//5382 5374//5374 5373//5373 5381//5381
f 5383//5383 5375//5375 5374//5374 5382//5382
f 5384//5384 5376//5376 5375//5375 5383//5383
f 5385//5385 5377//5377 5320//5320 5328//5328
f 5386//5386 5378//5378 5377//5377 5385//5385
f 5387//5387 5379//5379 5378//5378 5386//5386
f 5388//5388 5380//5380 5379//5379 5387//5387
f 5389//5389 5381//5381 5380//5380 5388//5388
f 5390//5390 5382//5382 5381//5381 5389//5389
f 5391//5391 5383//5383 5382//5382 5390//5390
f 5392//5392 5384//5384 5383//5383 5391//5391
f 5393//5393 4502//4502 4389//4389 5336//5336
f 5394//5394 4503//4503 4502//4502 5393//5393
f 5395//5395 4504//4504 4503//4503 5394//5394
f 5396//5396 4505//4505 4504//4504 5395//5395
f 5397//5397 4506//4506 4505//4505 5396//5396
f 5398//5398 4507//4507 4506//4506 5397//5397
f 5399//5399 4508//4508 4507//4507 5398//5398
f 5400//5400 4509//4509 4508//4508 5399//5399
f 5401//5401 5393//5393 5336//5336 5344//5344
f 5402//5402 5394//5394 5393//5393 5401//5401
f 5403//5403 5395//5395 5394//5394 5402//5402
f 5404//5404 5396//5396 5395//5395 5403//5403
f 5405//5405 5397//5397 5396//5396 5404//5404
f 5406//5406 5398//5398 5397//5397 5405//5405
f 5407//5407 5399//5399 5398//5398 5406//5406
f 5408//5408 5400//5400 5399//5399 5407//5407
f 5409//5409 5401//5401 5344//5344 5352//5352
f 5410//5410 5402//5402 5401//5401 5409//5409
f 5411//5411 5403//5403 5402//5402 5410//5410
f 5412//5412 5404//5404 5403//5403 5411//5411
f 5413//5413 5405//5405 5404//5404 5412//5412
f 5414//5414 5406//5406 5405//5405 5413//5413
f 5415//5415 5407//5407 5406//5406 5414//5414
f 5416//5416 5408//5408 5407//5407 5415//5415
f 5417//5417 5409//5409 5352//5352 5360//5360
f 5418//5418 5410//5410 5409//5409 5417//5417
f 5419//5419 5411//5411 5410//5410 5418//5418
f 5420//5420 5412//5412 5411//5411 5419//5419
f 5421//5421 5413//5413 5412//5412 5420//5420
f 5422//5422 5414//5414 5413//5413 5421//5421
f 5423//5423 5415//5415 5414//5414 5422//5422
f 5424//5424 5416//5416 5415//5415 5423//5423
f 5425//5425 5417//5417 5360//5360 5368//5368
f 5426//5426 5418//5418 5417//5417 5425//5425
f 5427//5427 5419//5419 5418//5418 5426//5426
f 5428//5428 5420//5420 5419//5419 5427//5427
f 5429//5429 5421//5421 5420//5420 5428//5428
f 5430//5430 5422//5422 5421//5421 5429//5429
f 5431//5431 5423//5423 5422//5422 5430//5430
f 5432//5432 5424//5424 5423//5423 5431//5431
f 5433//5433 5425//5425 5368//5368 5376//5376
f 5434//5434 5426//5426 5425//5425 5433//5433
f 5435//5435 5427//5427 5426//5426 5434//5434
f 5436//5436 5428//5428 5427//5427 5435//5435
f 5437//5437 5429//5429 5428//5428 5436//5436
f 5438//5438 5430//5430 5429//5429 5437//5437
f 5439//5439 5431//5431 5430//5430 5438//5438
f 5440//5440 5432//5432 5431//5431 5439//5439
f 5441//5441 5433//5433 5376//5376 5384//5384
f 5442//5442 5434//5434 5433//5433 5441//5441
f 5443//5443 5435//5435 5434//5434 5442//5442
f 5444//5444 5436//5436 5435//5435 5443//5443
f 5445//5445 5437//5437 5436//5436 5444//5444
f 5446//5446 5438//5438 5437//5437 5445//5445
f 5447//5447 5439//5439 5438//5438 5446//5446
f 5448//5448 5440//5440 5439//5439 5447//5447
f 5449//5449 5441//5441 5384//5384 5392//5392
f 5450//5450 5442//5442 5441//5441 5449//5449
f 5451//5451 5443//5443 5442//5442 5450//5450
f 5452//5452 5444//5444 5443//5443 5451//5451
f 5453//5453 5445//5445 5444//5444 5452//5452
f 5454//5454 5446//5446 5445//5445 5453//5453
f 5455//5455 5447//5447 5446//5446 5454//5454
f 5456//5456 5448//5448 5447//5447 5455//5455
f 5457//5457 4622//4622 4509//4509 5400//5400
f 5458//5458 4623//4623 4622//4622 5457//5457
f 5459//5459 4624//4624 4623//4623 5458//5458
f 5460//5460 4625//4625 4624//4624 5459//5459
f 5461//5461 4626//4626 4625//4625 5460//5460
f 5462//5462 4627//4627 4626//4626 5461//5461
f 5463//5463 4628//4628 4627//4627 5462//5462
f 5464//5464 4629//4629 4628//4628 5463//5463
f 5465//5465 5457//5457 5400//5400 5408//5408
f 5466//5466 5458//5458 5457//5457 5465//5465
f 5467//5467 5459//5459 5458//5458 5466//5466
f 5468//5468 5460//5460 5459//5459 5467//5467
f 5469//5469 5461//5461 5460//5460 5468//5468
f 5470//5470 5462//5462 5461//5461 5469//5469
f 5471//5471 5463//5463 5462//5462 5470//5470
f 5472//5472 5464//5464 5463//5463 5471//5471
f 5473//5473 5465//5465 5408//5408 5416//5416
f 5474//5474 5466//5466 5465//5465 5473//5473
f 5475//5475 5467//5467 5466//5466 5474//5474
f 5476//5476 5468//5468 5467//5467 5475//5475
f 5477//5477 5469//5469 5468//5468 5476//5476
f 5478//5478 5470//5470 5469//5469 5477//5477
f 5479//5479 5471//5471 5470//5470 5478//5478
f 5480//5480 5472//5472 5471//5471 5479//5479
f 5481//5481 5473//5473 5416//5416 5424//5424
f 5482//5482 5474//5474 5473//5473 5481//5481
f 5483//5483 5475//5475 5474//5474 5482//5482
f 5484//5484 5476//5476 5475//5475 5483//5483
f 5485//5485 5477//5477 5476//5476 5484//5484
f 5486//5486 5478//5478 5477//5477 5485//5485
f 5487//5487 5479//5479 5478//5478 5486//5486
f 5488//5488 5480//5480 5479//5479 5487//5487
f 5489//5489 5481//5481 5424//5424 5432//5432
f 5490//5490 5482//5482 5481//5481 5489//5489
f 5491//5491 5483//5483 5482//5482 5490//5490
f 5492//5492 5484//5484 5483//5483 5491//5491
f 5493//5493 5485//5485 5484//5484 5492//5492
f 5494//5494 5486//5486 5485//5485 5493//5493
f 5495//5495 5487//5487 5486//5486 5494//5494
f 5496//5496 5488//5488 5487//5487 5495//5495
f 5497//5497 5489//5489 5432//5432 5440//5440
f 5498//5498 5490//5490 5489//5489 5497//5497
f 5499//5499 5491//5491 5490//5490 5498//5498
f 5500//5500 5492//5492 5491//5491 5499//5499
f 5501//5501 5493//5493 5492//5492 5500//5500
f 5502//5502 5494//5494 5493//5493 5501//5501
f 5503//5503 5495//5495 5494//5494 5502//5502
f 5504//5504 5496//5496 5495//5495 5503//5503
f 5505//5505 5497//5497 5440//5440 5448//5448
f 5506//5506 5498//5498 5497//5497 5505//5505
f 5507//5507 5499//5499 5498//5498 5506//5506
f 5508//5508 5500//5500 5499//5499 5507//5507
f 5509//5509 5501//5501 5500//5500 5508//5508
f 5510//5510 5502//5502 5501//5501 5509//5509
f 5511//5511 5503//5503 5502//5502 5510//5510
f 5512//5512 5504//5504 5503//5503 5511//5511
f 5513//5513 5505//5505 5448//5448 5456//5456
f 5514//5514 5506//5506 5505//5505 5513//5513
f 5515//5515 5507//5507 5506//5506 5514//5514
f 5516//5516 5508//5508 5507//5507 5515//5515
f 5517//5517 5509//5509 5508//5508 5516//5516
f 5518//5518 5510//5510 5509//5509 5517//5517
f 5519//5519 5511//5511 5510//5510 5518//5518
f 5520//5520 5512//5512 5511//5511 5519//5519
f 5521//5521 4742//4742 4629//4629 5464//5464
f 5522//5522 4743//4743 4742//4742 5521//5521
f 5523//5523 4744//4744 4743//4743 5522//5522
f 5524//5524 4745//4745 4744//4744 5523//5523
f 5525//5525 4746//4746 4745//4745 5524//5524
f 5526//5526 4747//4747 4746//4746 5525//5525
f 5527//5527 4748//4748 4747//4747 5526//5526
f 5528//5528 4749//4749 4748//4748 5527//5527
f 5529//5529 5521//5521 5464//5464 5472//5472
f 5530//5530 5522//5522 5521//5521 5529//5529
f 5531//5531 5523//5523 5522//5522 5530//5530
f 5532//5532 5524//5524 5523//5523 5531//5531
f 5533//5533 5525//5525 5524//5524 5532//5532
f 5534//5534 5526//5526 5525//5525 5533//5533
f 5535//5535 5527//5527 5526//5526 5534//5534
f 5536//5536 5528//5528 5527//5527 5535//5535
f 5537//5537 5529//5529 5472//5472 5480//5480
f 5538//5538 5530//5530 5529//5529 5537//5537
f 5539//5539 5531//5531 5530//5530 5538//5538
f 5540//5540 5532//5532 5531//5531 5539//5539
f 5541//5541 5533//5533 5532//5532 5540//5540
f 5542//5542 5534//5534 5533//5533 5541//5541
f 5543//5543 5535//5535 5534//5534 5542//5542
f 5544//5544 5536//5536 5535//5535 5543//5543
f 5545//5545 5537//5537 5480//5480 5488//5488
f 5546//5546 5538//5538 5537//5537 5545//5545
f 5547//5547 5539//5539 5538//5538 5546//5546
f 5548//5548 5540//5540 5539//5539 5547//5547
f 5549//5549 5541//5541 5540//5540 5548//5548
f 5550//5550 5542//5542 5541//5541 5549//5549
f 5551//5551 5543//5543 5542//5542 5550//5550
f 5552//5552 5544//5544 5543//5543 5551//5551
f 5553//5553 5545//5545 5488//5488 5496//5496
f 5554//5554 5546//5546 5545//5545 5553//5553
f 5555//5555 5547//5547 5546//5546 5554//5554
f 5556//5556 5548//5548 5547//5547 5555//5555
f 5557//5557 5549//5549 5548//5548 5556//5556
f 5558//5558 5550//5550 5549//5549 5557//5557
f 5559//5559 5551//5551 5550//5550 5558//5558
f 5560//5560 5552//5552 5551//5551 5559//5559
f 5561//5561 5553//5553 5496//5496 5504//5504
f 5562//5562 5554//5554 5553//5553 5561//5561
f 5563//5563 5555//5555 5554//5554 5562//5562
f 5564//5564 5556//5556 5555//5555 5563//5563
f 5565//5565 5557//5557 5556//5556 5564//5564
f 5566//5566 5558//5558 5557//5557 5565//5565
f 5567//5567 5559//5559 5558//5558 5566//5566
f 5568//5568 5560//5560 5559//5559 5567//5567
f 5569//5569 5561//5561 5504//5504 5512//5512
f 5570//5570 5562//5562 5561//5561 5569//5569
f 5571//5571 5563//5563 5562//5562 5570//5570
f 5572//5572 5564//5564 5563//5563 5571//5571
f 5573//5573 5565//5565 5564//5564 5572//5572
f 5574//5574 5566//5566 5565//5565 5573//5573
f 5575//5575 5567//5567 5566//5566 5574//5574
f 5576//5576 5568//5568 5567//5567 5575//5575
f 5577//5577 5569//5569 5512//5512 5520//5520
f 5578//5578 5570//5570 5569//5569 5577//5577
f 5579//5579 5571//5571 5570//5570 5578//5578
f 5580//5580 5572//5572 5571//5571 5579//5579
f 5581//5581 5573//5573 5572//5572 5580//5580
f 5582//5582 5574//5574 5573//5573 5581//5581
f 5583//5583 5575//5575 5574//5574 5582//5582
f 5584//5584 5576//5576 5575//5575 5583//5583
f 5585//5585 4862//4862 4749//4749 5528//5528
f 5586//5586 4863//4863 4862//4862 5585//5585
f 5587//5587 4864//4864 4863//4863 5586//5586
f 5588//5588 4865//4865 4864//4864 5587//5587
f 5589//5589 4866//4866 4865//4865 5588//5588
f 5590//5590 4867//4867 4866//4866 5589//5589
f 5591//5591 4868//4868 4867//4867 5590//5590
f 5592//5592 4869//4869 4868//4868 5591//5591
f 5593//5593 5585//5585 5528//5528 5536//5536
f 5594//5594 5586//5586 5585//5585 5593//5593
f 5595//5595 5587//5587 5586//5586 5594//5594
f 5596//5596 5588//5588 5587//5587 5595//5595
f 5597//5597 5589//5589 5588//5588 5596//5596
f 5598//5598 5590//5590 5589//5589 5597//5597
f 5599//5599 5591//5591 5590//5590 5598//5598
f 5600//5600 5592//5592 5591//5591 5599//5599
f 5601//5601 5593//5593 5536//5536 5544//5544
f 5602//5602 5594//5594 5593//5593 5601//5601
f 5603//5603 5595//5595 5594//5594 5602//5602
f 5604//5604 5596//5596 5595//5595 5603//5603
f 5605//5605 5597//5597 5596//5596 5604//5604
f 5606//5606 5598//5598 5597//5597 5605//5605
f 5607//5607 5599//5599 5598//5598 5606//5606
f 5608//5608 5600//5600 5599//5599 5607//5607
f 5609//5609 5601//5601 5544//5544 5552//5552
f 5610//5610 5602//5602 5601//5601 5609//5609
f 5611//5611 5603//5603 5602//5602 5610//5610
f 5612//5612 5604//5604 5603//5603 5611//5611
f 5613//5613 5605//5605 5604//5604 5612//5612
f 5614//5614 5606//5606 5605//5605 5613//5613
f 5615//5615 5607//5607 5606//5606 5614//5614
f 5616//5616 5608//5608 5607//5607 5615//5615
f 5617//5617 5609//5609 5552//5552 5560//5560
f 5618//5618 5610//5610 5609//5609 5617//5617
f 5619//5619 5611//5611 5610//5610 5618//5618
f 5620//5620 5612//5612 5611//5611 5619//5619
f 5621//5621 5613//5613 5612//5612 5620//5620
f 5622//5622 5614//5614 5613//5613 5621//5621
f 5623//5623 5615//5615 5614//5614 5622//5622
f 5624//5624 5616//5616 5615//5615 5623//5623
f 5625//5625 5617//5617 5560//5560 5568//5568
f 5626//5626 5618//5618 5617//5617 5625//5625
f 5627//5627 5619//5619 5618//5618 5626//5626
f 5628//5628 5620//5620 5619//5619 5627//5627
f 5629//5629 5621//5621 5620//5620 5628//5628
f 5630//5630 5622//5622 5621//5621 5629//5629
f 5631//5631 5623//5623 5622//5622 5630//5630
f 5632//5632 5624//5624 5623//5623 5631//5631
f 5633//5633 5625//5625 5568//5568 5576//5576
f 5634//5634 5626//5626 5625//5625 5633//5633
f 5635//5635 5627//5627 5626//5626 5634//5634
f 5636//5636 5628//5628 5627//5627 5635//5635
f 5637//5637 5629//5629 5628//5628 5636//5636
f 5638//5638 5630//5630 5629//5629 5637//5637
f 5639//5639 5631//5631 5630//5630 5638//5638
f 5640//5640 5632//5632 5631//5631 5639//5639
f 5641//5641 5633//5633 5576//5576 5584//5584
f 5642//5642 5634//5634 5633//5633 5641//5641
f 5643//5643 5635//5635 5634//5634 5642//5642
f 5644//5644 5636//5636 5635//5635 5643//5643
f 5645//5645 5637//5637 5636//5636 5644//5644
f 5646//5646 5638//5638 5637//5637 5645//5645
f 5647//5647 5639//5639 5638//5638 5646//5646
f 5648//5648 5640//5640 5639//5639 5647//5647
f 5649//5649 4993//4993 4869//4869 5592//5592
f 5650//5650 4994//4994 4993//4993 5649//5649
f 5651//5651 4995//4995 4994//4994 5650//5650
f 5652//5652 4996//4996 4995//4995 5651//5651
f 5653//5653 4997//4997 4996//4996 5652//5652
f 5654//5654 4998//4998 4997//4997 5653//5653
f 5655//5655 4999//4999 4998//4998 5654//5654
f 5656//5656 5000//5000 4999//4999 5655//5655
f 5657//5657 5649//5649 5592//5592 5600//5600
f 5658//5658 5650//5650 5649//5649 5657//5657
f 5659//5659 5651//5651 5650//5650 5658//5658
f 5660//5660 5652//5652 5651//5651 5659//5659
f 5661//5661 5653//5653 5652//5652 5660//5660
f 5662//5662 5654//5654 5653//5653 5661//5661
f 5663//5663 5655//5655 5654//5654 5662//5662
f 5664//5664 5656//5656 5655//5655 5663//5663
f 5665//5665 5657//5657 5600//5600 5608//5608
f 5666//5666 5658//5658 5657//5657 5665//5665
f 5667//5667 5659//5659 5658//5658 5666//5666
f 5668//5668 5660//5660 5659//5659 5667//5667
f 5669//5669 5661//5661 5660//5660 5668//5668
f 5670//5670 5662//5662 5661//5661 5669//5669
f 5671//5671 5663//5663 5662//5662 5670//5670
f 5672//5672 5664//5664 5663//5663 5671//5671
f 5673//5673 5665//5665 5608//5608 5616//5616
f 5674//5674 5666//5666 5665//5665 5673//5673
f 5675//5675 5667//5667 5666//5666 5674//5674
f 5676//5676 5668//5668 5667//5667 5675//5675
f 5677//5677 5669//5669 5668//5668 5676//5676
f 5678//5678 5670//5670 5669//5669 5677//5677
f 5679//5679 5671//5671 5670//5670 5678//5678
f 5680//5680 5672//5672 5671//5671 5679//5679
f 5681//5681 5673//5673 5616//5616 5624//5624
f 5682//5682 5674//5674 5673//5673 5681//5681
f 5683//5683 5675//5675 5674//5674 5682//5682
f 5684//5684 5676//5676 5675//5675 5683//5683
f 5685//5685 5677//5677 5676//5676 5684//5684
f 5686//5686 5678//5678 5677//5677 5685//5685
f 5687//5687 5679//5679 5678//5678 5686//5686
f 5688//5688 5680//5680 5679//5679 5687//5687
f 5689//5689 5681//5681 5624//5624 5632//5632
f 5690//5690 5682//5682 5681//5681 5689//5689
f 5691//5691 5683//5683 5682//5682 5690//5690
f 5692//5692 5684//5684 5683//5683 5691//5691
f 5693//5693 5685//5685 5684//5684 5692//5692
f 5694//5694 5686//5686 5685//5685 5693//5693
f 5695//5695 5687//5687 5686//5686 5694//5694
f 5696//5696 5688//5688 5687//5687 5695//5695
f 5697//5697 5689//5689 5632//5632 5640//5640
f 5698//5698 5690//5690 5689//5689 5697//5697
f 5699//5699 5691//5691 5690//5690 5698//5698
f 5700//5700 5692//5692 5691//5691 5699//5699
f 5701//5701 5693//5693 5692//5692 5700//5700
f 5702//5702 5694//5694 5693//5693 5701//5701
f 5703//5703 5695//5695 5694//5694 5702//5702
f 5704//5704 5696//5696 5695//5695 5703//5703
f 5705//5705 5697//5697 5640//5640 5648//5648
f 5706//5706 5698//5698 5697//5697 5705//5705
f 5707//5707 5699//5699 5698//5698 5706//5706
f 5708//5708 5700//5700 5699//5699 5707//5707
f 5709//5709 5701//5701 5700//5700 5708//5708
f 5710//5710 5702//5702 5701//5701 5709//5709
f 5711//5711 5703//5703 5702//5702 5710//5710
f 5712//5712 5704//5704 5703//5703 5711//5711
f 5713//5713 5102//5102 5000//5000 5656//5656
f 5714//5714 5103//5103 5102//5102 5713//5713
f 5715//5715 5104//5104 5103//5103 5714//5714
f 5716//5716 5105//5105 5104//5104 5715//5715
f 5717//5717 5106//5106 5105//5105 5716//5716
f 5718//5718 5107//5107 5106//5106 5717//5717
f 5719//5719 5108//5108 5107//5107 5718//5718
f 5720//5720 5109//5109 5108//5108 5719//5719
f 5721//5721 5713//5713 5656//5656 5664//5664
f 5722//5722 5714//5714 5713//5713 5721//5721
f 5723//5723 5715//5715 5714//5714 5722//5722
f 5724//5724 5716//5716 5715//5715 5723//5723
f 5725//5725 5717//5717 5716//5716 5724//5724
f 5726//5726 5718//5718 5717//5717 5725//5725
f 5727//5727 5719//5719 5718//5718 5726//5726
f 5728//5728 5720//5720 5719//5719 5727//5727
f 5729//5729 5721//5721 5664//5664 5672//5672
f 5730//5730 5722//5722 5721//5721 5729//5729
f 5731//5731 5723//5723 5722//5722 5730//5730
f 5732//5732 5724//5724 5723//5723 5731//5731
f 5733//5733 5725//5725 5724//5724 5732//5732
f 5734//5734 5726//5726 5725//5725 5733//5733
f 5735//5735 5727//5727 5726//5726 5734//5734
f 5736//5736 5728//5728 5727//5727 5735//5735
f 5737//5737 5729//5729 5672//5672 5680//5680
f 5738//5738 5730//5730 5729//5729 5737//5737
f 5739//5739 5731//5731 5730//5730 5738//5738
f 5740//5740 5732//5732 5731//5731 5739//5739
f 5741//5741 5733//5733 5732//5732 5740//5740
f 5742//5742 5734//5734 5733//5733 5741//5741
f 5743//5743 5735//5735 5734//5734 5742//5742
f 5744//5744 5736//5736 5735//5735 5743//5743
f 5745//5745 5737//5737 5680//5680 5688//5688
f 5746//5746 5738//5738 5737//5737 5745//5745
f 5747//5747 5739//5739 5738//5738 5746//5746
f 5748//5748 5740//5740 5739//5739 5747//5747
f 5749//5749 5741//5741 5740//5740 5748//5748
f 5750//5750 5742//5742 5741//5741 5749//5749
f 5751//5751 5743//5743 5742//5742 5750//5750
f 5752//5752 5744//5744 5743//5743 5751//5751
f 5753//5753 5745//5745 5688//5688 5696//5696
f 5754//5754 5746//5746 5745//5745 5753//5753
f 5755//5755 5747//5747 5746//5746 5754//5754
f 5756//5756 5748//5748 5747//5747 5755//5755
f 5757//5757 5749//5749 5748//5748 5756//5756
f 5758//5758 5750//5750 5749//5749 5757//5757
f 5759//5759 5751//5751 5750//5750 5758//5758
f 5760//5760 5752//5752 5751//5751 5759//5759
f 5761//5761 5753//5753 5696//5696 5704//5704
f 5762//5762 5754//5754 5753//5753 5761//5761
f 5763//5763 5755//5755 5754//5754 5762//5762
f 5764//5764 5756//5756 5755//5755 5763//5763
f 5765//5765 5757//5757 5756//5756 5764//5764
f 5766//5766 5758//5758 5757//5757 5765//5765
f 5767//5767 5759//5759 5758//5758 5766//5766
f 5768//5768 5760//5760 5759//5759 5767//5767
f 5769//5769 5761//5761 5704//5704 5712//5712
f 5770//5770 5762//5762 5761//5761 5769//5769
f 5771//5771 5763//5763 5762//5762 5770//5770
f 5772//5772 5764//5764 5763//5763 5771//5771
f 5773//5773 5765//5765 5764//5764 5772//5772
f 5774//5774 5766//5766 5765//5765 5773//5773
f 5775//5775 5767//5767 5766//5766 5774//5774
f 5776//5776 5768//5768 5767//5767 5775//5775
f 5166//5166 5777//5777 2431//2431 1820//1820
f 5167//5167 5778//5778 5777//5777 5166//5166
f 5168//5168 5779//5779 5778//5778 5167//5167
f 5169//5169 5780//5780 5779//5779 5168//5168
f 5170//5170 5781//5781 5780//5780 5169//5169
f 5171//5171 5782//5782 5781//5781 5170//5170
f 5172//5172 5783//5783 5782//5782 5171//5171
f 5173//5173 5784//5784 5783//5783 5172//5172
f 5777//5777 5785//5785 2439//2439 2431//2431
f 5778//5778 5786//5786 5785//5785 5777//5777
f 5779//5779 5787//5787 5786//5786 5778//5778
f 5780//5780 5788//5788 5787//5787 5779//5779
f 5781//5781 5789//5789 5788//5788 5780//5780
f 5782//5782 5790//5790 5789//5789 5781//5781
f 5783//5783 5791//5791 5790//5790 5782//5782
f 5784//5784 5792//5792 5791//5791 5783//5783
f 5785//5785 5793//5793 2447//2447 2439//2439
f 5786//5786 5794//5794 5793//5793 5785//5785
f 5787//5787 5795//5795 5794//5794 5786//5786
f 5788//5788 5796//5796 5795//5795 5787//5787
f 5789//5789 5797//5797 5796//5796 5788//5788
f 5790//5790 5798//5798 5797//5797 5789//5789
f 5791//5791 5799//5799 5798//5798 5790//5790
f 5792//5792 5800//5800 5799//5799 5791//5791
f 5793//5793 5801//5801 2455//2455 2447//2447
f 5794//5794 5802//5802 5801//5801 5793//5793
f 5795//5795 5803//5803 5802//5802 5794//5794
f 5796//5796 5804//5804 5803//5803 5795//5795
f 5797//5797 5805//5805 5804//5804 5796//5796
f 5798//5798 5806//5806 5805//5805 5797//5797
f 5799//5799 5807//5807 5806//5806 5798//5798
f 5800//5800 5808//5808 5807//5807 5799//5799
f 5801//5801 5809//5809 2463//2463 2455//2455
f 5802//5802 5810//5810 5809//5809 5801//5801
f 5803//5803 5811//5811 5810//5810 5802//5802
f 5804//5804 5812//5812 5811//5811 5803//5803
f 5805//5805 5813//5813 5812//5812 5804//5804
f 5806//5806 5814//5814 5813//5813 5805//5805
f 5807//5807 5815//5815 5814//5814 5806//5806
f 5808//5808 5816//5816 5815//5815 5807//5807
f 5809//5809 5817//5817 2471//2471 2463//2463
f 5810//5810 5818//5818 5817//5817 5809//5809
f 5811//5811 5819//5819 5818//5818 5810//5810
f 5812//5812 5820//5820 5819//5819 5811//5811
f 5813//5813 5821//5821 5820//5820 5812//5812
f 5814//5814 5822//5822 5821//5821 5813//5813
f 5815//5815 5823//5823 5822//5822 5814//5814
f 5816//5816 5824//5824 5823//5823 5815//5815
f 5817//5817 5825//5825 2479//2479 2471//2471
f 5818//5818 5826//5826 5825//5825 5817//5817
f 5819//5819 5827//5827 5826//5826 5818//5818
f 5820//5820 5828//5828 5827//5827 5819//5819
f 5821//5821 5829//5829 5828//5828 5820//5820
f 5822//5822 5830//5830 5829//5829 5821//5821
f 5823//5823 5831//5831 5830//5830 5822//5822
f 5824//5824 5832//5832 5831//5831 5823//5823
f 5825//5825 5833//5833 2487//2487 2479//2479
f 5826//5826 5834//5834 5833//5833 5825//5825
f 5827//5827 5835//5835 5834//5834 5826//5826
f 5828//5828 5836//5836 5835//5835 5827//5827
f 5829//5829 5837//5837 5836//5836 5828//5828
f 5830//5830 5838//5838 5837//5837 5829//5829
f 5831//5831 5839//5839 5838//5838 5830//5830
f 5832//5832 5840//5840 5839//5839 5831//5831
f 5841//5841 5244//5244 5109//5109 5720//5720
f 5842//5842 5245//5245 5244//5244 5841//5841
f 5843//5843 5246//5246 5245//5245 5842//5842
f 5844//5844 5247//5247 5246//5246 5843//5843
f 5845//5845 5248//5248 5247//5247 5844//5844
f 5846//5846 5249//5249 5248//5248 5845//5845
f 5250//5250 5847//5847 5784//5784 5173//5173
f 5251//5251 5848//5848 5847//5847 5250//5250
f 5252//5252 5849//5849 5848//5848 5251//5251
f 5253//5253 5850//5850 5849//5849 5252//5252
f 5850//5850 5253//5253 5249//5249 5846//5846
f 5851//5851 5841//5841 5720//5720 5728//5728
f 5852//5852 5842//5842 5841//5841 5851//5851
f 5853//5853 5843//5843 5842//5842 5852//5852
f 5854//5854 5844//5844 5843//5843 5853//5853
f 5855//5855 5845//5845 5844//5844 5854//5854
f 5856//5856 5846//5846 5845//5845 5855//5855
f 5847//5847 5857//5857 5792//5792 5784//5784
f 5848//5848 5858//5858 5857//5857 5847//5847
f 5849//5849 5859//5859 5858//5858 5848//5848
f 5850//5850 5860//5860 5859//5859 5849//5849
f 5860//5860 5850//5850 5846//5846 5856//5856
f 5861//5861 5851//5851 5728//5728 5736//5736
f 5862//5862 5852//5852 5851//5851 5861//5861
f 5863//5863 5853//5853 5852//5852 5862//5862
f 5864//5864 5854//5854 5853//5853 5863//5863
f 5865//5865 5855//5855 5854//5854 5864//5864
f 5866//5866 5856//5856 5855//5855 5865//5865
f 5857//5857 5867//5867 5800//5800 5792//5792
f 5858//5858 5868//5868 5867//5867 5857//5857
f 5859//5859 5869//5869 5868//5868 5858//5858
f 5860//5860 5870//5870 5869//5869 5859//5859
f 5870//5870 5860//5860 5856//5856 5866//5866
f 5871//5871 5861//5861 5736//5736 5744//5744
f 5872//5872 5862//5862 5861//5861 5871//5871
f 5873//5873 5863//5863 5862//5862 5872//5872
f 5874//5874 5864//5864 5863//5863 5873//5873
f 5875//5875 5865//5865 5864//5864 5874//5874
f 5876//5876 5866//5866 5865//5865 5875//5875
f 5867//5867 5877//5877 5808//5808 5800//5800
f 5868//5868 5878//5878 5877//5877 5867//5867
f 5869//5869 5879//5879 5878//5878 5868//5868
f 5870//5870 5880//5880 5879//5879 5869//5869
f 5880//5880 5870//5870 5866//5866 5876//5876
f 5881//5881 5871//5871 5744//5744 5752//5752
f 5882//5882 5872//5872 5871//5871 5881//5881
f 5883//5883 5873//5873 5872//5872 5882//5882
f 5884//5884 5874//5874 5873//5873 5883//5883
f 5885//5885 5875//5875 5874//5874 5884//5884
f 5886//5886 5876//5876 5875//5875 5885//5885
f 5877//5877 5887//5887 5816//5816 5808//5808
f 5878//5878 5888//5888 5887//5887 5877//5877
f 5879//5879 5889//5889 5888//5888 5878//5878
f 5880//5880 5890//5890 5889//5889 5879//5879
f 5890//5890 5880//5880 5876//5876 5886//5886
f 5891//5891 5881//5881 5752//5752 5760//5760
f 5892//5892 5882//5882 5881//5881 5891//5891
f 5893//5893 5883//5883 5882//5882 5892//5892
f 5894//5894 5884//5884 5883//5883 5893//5893
f 5895//5895 5885//5885 5884//5884 5894//5894
f 5896//5896 5886//5886 5885//5885 5895//5895
f 5887//5887 5897//5897 5824//5824 5816//5816
f 5888//5888 5898//5898 5897//5897 5887//5887
f 5889//5889 5899//5899 5898//5898 5888//5888
f 5890//5890 5900//5900 5899//5899 5889//5889
f 5900//5900 5890//5890 5886//5886 5896//5896
f 5901//5901 5891//5891 5760//5760 5768//5768
f 5902//5902 5892//5892 5891//5891 5901//5901
f 5903//5903 5893//5893 5892//5892 5902//5902
f 5904//5904 5894//5894 5893//5893 5903//5903
f 5905//5905 5895//5895 5894//5894 5904//5904
f 5906//5906 5896//5896 5895//5895 5905//5905
f 5897//5897 5907//5907 5832//5832 5824//5824
f 5898//5898 5908//5908 5907//5907 5897//5897
f 5899//5899 5909//5909 5908//5908 5898//5898
f 5900//5900 5910//5910 5909//5909 5899//5899
f 5910//5910 5900//5900 5896//5896 5906//5906
f 5911//5911 5901//5901 5768//5768 5776//5776
f 5912//5912 5902//5902 5901//5901 5911//5911
f 5913//5913 5903//5903 5902//5902 5912//5912
f 5914//5914 5904//5904 5903//5903 5913//5913
f 5915//5915 5905//5905 5904//5904 5914//5914
f 5916//5916 5906//5906 5905//5905 5915//5915
f 5907//5907 5917//5917 5840//5840 5832//5832
f 5908//5908 5918//5918 5917//5917 5907//5907
f 5909//5909 5919//5919 5918//5918 5908//5908
f 5910//5910 5920//5920 5919//5919 5909//5909
f 5920//5920 5910//5910 5906//5906 5916//5916
f 2567//2567 5921//5921 255//255 133//133
f 5921//5921 5922//5922 256//256 255//255
f 5922//5922 5923//5923 257//257 256//256
f 5923//5923 5924//5924 258//258 257//257
f 5924//5924 5925//5925 259//259 258//258
f 5925//5925 5926//5926 260//260 259//259
f 5926//5926 5927//5927 261//261 260//260
f 5927//5927 5928//5928 262//262 261//261
f 5929//5929 5921//5921 2567//2567 2575//2575
f 5930//5930 5922//5922 5921//5921 5929//5929
f 5931//5931 5923//5923 5922//5922 5930//5930
f 5932//5932 5924//5924 5923//5923 5931//5931
f 5933//5933 5925//5925 5924//5924 5932//5932
f 5934//5934 5926//5926 5925//5925 5933//5933
f 5935//5935 5927//5927 5926//5926 5934//5934
f 5936//5936 5928//5928 5927//5927 5935//5935
f 5937//5937 5929//5929 2575//2575 2583//2583
f 5938//5938 5930//5930 5929//5929 5937//5937
f 5939//5939 5931//5931 5930//5930 5938//5938
f 5940//5940 5932//5932 5931//5931 5939//5939
f 5941//5941 5933//5933 5932//5932 5940//5940
f 5942//5942 5934//5934 5933//5933 5941//5941
f 5943//5943 5935//5935 5934//5934 5942//5942
f 5944//5944 5936//5936 5935//5935 5943//5943
f 2591//2591 5945//5945 5937//5937 2583//2583
f 5945//5945 5946//5946 5938//5938 5937//5937
f 5946//5946 5947//5947 5939//5939 5938//5938
f 5947//5947 5948//5948 5940//5940 5939//5939
f 5948//5948 5949//5949 5941//5941 5940//5940
f 5949//5949 5950//5950 5942//5942 5941//5941
f 5950//5950 5951//5951 5943//5943 5942//5942
f 5951//5951 5952//5952 5944//5944 5943//5943
f 5953//5953 5945//5945 2591//2591 2599//2599
f 5954//5954 5946//5946 5945//5945 5953//5953
f 5955//5955 5947//5947 5946//5946 5954//5954
f 5956//5956 5948//5948 5947//5947 5955//5955
f 5957//5957 5949//5949 5948//5948 5956//5956
f 5958//5958 5950//5950 5949//5949 5957//5957
f 5959//5959 5951//5951 5950//5950 5958//5958
f 5960//5960 5952//5952 5951//5951 5959//5959
f 2607//2607 5961//5961 5953//5953 2599//2599
f 5961//5961 5962//5962 5954//5954 5953//5953
f 5962//5962 5963//5963 5955//5955 5954//5954
f 5963//5963 5964//5964 5956//5956 5955//5955
f 5964//5964 5965//5965 5957//5957 5956//5956
f 5965//5965 5966//5966 5958//5958 5957//5957
f 5966//5966 5967//5967 5959//5959 5958//5958
f 5967//5967 5968//5968 5960//5960 5959//5959
f 2615//2615 5969//5969 5961//5961 2607//2607
f 5969//5969 5970//5970 5962//5962 5961//5961
f 5970//5970 5971//5971 5963//5963 5962//5962
f 5971//5971 5972//5972 5964//5964 5963//5963
f 5972//5972 5973//5973 5965//5965 5964//5964
f 5973//5973 5974//5974 5966//5966 5965//5965
f 5974//5974 5975//5975 5967//5967 5966//5966
f 5975//5975 5976//5976 5968//5968 5967//5967
f 5977//5977 5969//5969 2615//2615 2623//2623
f 5978//5978 5970//5970 5969//5969 5977//5977
f 5979//5979 5971//5971 5970//5970 5978//5978
f 5980//5980 5972//5972 5971//5971 5979//5979
f 5981//5981 5973//5973 5972//5972 5980//5980
f 5982//5982 5974//5974 5973//5973 5981//5981
f 5983//5983 5975//5975 5974//5974 5982//5982
f 5984//5984 5976//5976 5975//5975 5983//5983
f 2631//2631 5985//5985 5977//5977 2623//2623
f 5985//5985 5986//5986 5978//5978 5977//5977
f 5986//5986 5987//5987 5979//5979 5978//5978
f 5987//5987 5988//5988 5980//5980 5979//5979
f 5988//5988 5989//5989 5981//5981 5980//5980
f 5989//5989 5990//5990 5982//5982 5981//5981
f 5990//5990 5991//5991 5983//5983 5982//5982
f 5991//5991 5992//5992 5984//5984 5983//5983
f 2639//2639 5993//5993 5985//5985 2631//2631
f 5993//5993 5994//5994 5986//5986 5985//5985
f 5994//5994 5995//5995 5987//5987 5986//5986
f 5995//5995 5996//5996 5988//5988 5987//5987
f 5996//5996 5997//5997 5989//5989 5988//5988
f 5997//5997 5998//5998 5990//5990 5989//5989
f 5998//5998 5999//5999 5991//5991 5990//5990
f 5999//5999 6000//6000 5992//5992 5991//5991
f 2647//2647 6001//6001 5993//5993 2639//2639
f 6001//6001 6002//6002 5994//5994 5993//5993
f 6002//6002 6003//6003 5995//5995 5994//5994
f 6003//6003 6004//6004 5996//5996 5995//5995
f 6004//6004 6005//6005 5997//5997 5996//5996
f 6005//6005 6006//6006 5998//5998 5997//5997
f 6006//6006 6007//6007 5999//5999 5998//5998
f 6007//6007 6008//6008 6000//6000 5999//5999
f 2655//2655 6009//6009 6001//6001 2647//2647
f 6009//6009 6010//6010 6002//6002 6001//6001
f 6010//6010 6011//6011 6003//6003 6002//6002
f 6011//6011 6012//6012 6004//6004 6003//6003
f 6012//6012 6013//6013 6005//6005 6004//6004
f 6013//6013 6014//6014 6006//6006 6005//6005
f 6014//6014 6015//6015 6007//6007 6006//6006
f 6015//6015 6016//6016 6008//6008 6007//6007
f 5928//5928 6017//6017 263//263 262//262
f 6017//6017 6018//6018 264//264 263//263
f 6018//6018 6019//6019 265//265 264//264
f 6019//6019 6020//6020 266//266 265//265
f 6020//6020 5321//5321 254//254 266//266
f 6021//6021 5322//5322 5321//5321 6020//6020
f 6022//6022 5323//5323 5322//5322 6021//6021
f 6023//6023 5324//5324 5323//5323 6022//6022
f 6024//6024 5325//5325 5324//5324 6023//6023
f 6025//6025 5326//5326 5325//5325 6024//6024
f 6026//6026 5327//5327 5326//5326 6025//6025
f 6027//6027 5328//5328 5327//5327 6026//6026
f 6028//6028 6017//6017 5928//5928 5936//5936
f 6029//6029 6018//6018 6017//6017 6028//6028
f 6030//6030 6019//6019 6018//6018 6029//6029
f 6031//6031 6020//6020 6019//6019 6030//6030
f 6032//6032 6021//6021 6020//6020 6031//6031
f 6033//6033 6022//6022 6021//6021 6032//6032
f 6034//6034 6023//6023 6022//6022 6033//6033
f 6035//6035 6024//6024 6023//6023 6034//6034
f 6036//6036 6025//6025 6024//6024 6035//6035
f 6037//6037 6026//6026 6025//6025 6036//6036
f 6038//6038 6027//6027 6026//6026 6037//6037
f 6039//6039 6028//6028 5936//5936 5944//5944
f 6040//6040 6029//6029 6028//6028 6039//6039
f 6041//6041 6030//6030 6029//6029 6040//6040
f 6042//6042 6031//6031 6030//6030 6041//6041
f 5952//5952 6043//6043 6039//6039 5944//5944
f 6043//6043 6044//6044 6040//6040 6039//6039
f 6044//6044 6045//6045 6041//6041 6040//6040
f 6045//6045 6046//6046 6042//6042 6041//6041
f 6046//6046 6032//6032 6031//6031 6042//6042
f 6047//6047 6033//6033 6032//6032 6046//6046
f 6048//6048 6034//6034 6033//6033 6047//6047
f 6049//6049 6035//6035 6034//6034 6048//6048
f 6050//6050 6036//6036 6035//6035 6049//6049
f 6051//6051 6037//6037 6036//6036 6050//6050
f 6052//6052 6038//6038 6037//6037 6051//6051
f 6053//6053 6043//6043 5952//5952 5960//5960
f 6054//6054 6044//6044 6043//6043 6053//6053
f 6055//6055 6045//6045 6044//6044 6054//6054
f 6056//6056 6046//6046 6045//6045 6055//6055
f 5968//5968 6057//6057 6053//6053 5960//5960
f 6057//6057 6058//6058 6054//6054 6053//6053
f 6058//6058 6059//6059 6055//6055 6054//6054
f 6059//6059 6060//6060 6056//6056 6055//6055
f 6060//6060 6047//6047 6046//6046 6056//6056
f 5976//5976 6061//6061 6057//6057 5968//5968
f 6061//6061 6062//6062 6058//6058 6057//6057
f 6062//6062 6063//6063 6059//6059 6058//6058
f 6063//6063 6064//6064 6060//6060 6059//6059
f 6064//6064 6048//6048 6047//6047 6060//6060
f 6065//6065 6049//6049 6048//6048 6064//6064
f 6066//6066 6050//6050 6049//6049 6065//6065
f 6067//6067 6051//6051 6050//6050 6066//6066
f 6068//6068 6052//6052 6051//6051 6067//6067
f 6069//6069 6061//6061 5976//5976 5984//5984
f 6070//6070 6062//6062 6061//6061 6069//6069
f 6071//6071 6063//6063 6062//6062 6070//6070
f 6072//6072 6064//6064 6063//6063 6071//6071
f 5992//5992 6073//6073 6069//6069 5984//5984
f 6073//6073 6074//6074 6070//6070 6069//6069
f 6074//6074 6075//6075 6071//6071 6070//6070
f 6075//6075 6076//6076 6072//6072 6071//6071
f 6076//6076 6065//6065 6064//6064 6072//6072
f 6000//6000 6077//6077 6073//6073 5992//5992
f 6077//6077 6078//6078 6074//6074 6073//6073
f 6078//6078 6079//6079 6075//6075 6074//6074
f 6079//6079 6080//6080 6076//6076 6075//6075
f 6080//6080 6066//6066 6065//6065 6076//6076
f 6008//6008 6081//6081 6077//6077 6000//6000
f 6081//6081 6082//6082 6078//6078 6077//6077
f 6082//6082 6083//6083 6079//6079 6078//6078
f 6083//6083 6084//6084 6080//6080 6079//6079
f 6084//6084 6067//6067 6066//6066 6080//6080
f 6016//6016 6085//6085 6081//6081 6008//6008
f 6085//6085 6086//6086 6082//6082 6081//6081
f 6086//6086 6087//6087 6083//6083 6082//6082
f 6087//6087 6088//6088 6084//6084 6083//6083
f 6088//6088 6068//6068 6067//6067 6084//6084
f 2727//2727 6089//6089 6009//6009 2655//2655
f 6089//6089 6090//6090 6010//6010 6009//6009
f 6090//6090 6091//6091 6011//6011 6010//6010
f 6091//6091 6092//6092 6012//6012 6011//6011
f 6092//6092 6093//6093 6013//6013 6012//6012
f 6093//6093 6094//6094 6014//6014 6013//6013
f 6094//6094 6095//6095 6015//6015 6014//6014
f 6095//6095 6096//6096 6016//6016 6015//6015
f 2735//2735 6097//6097 6089//6089 2727//2727
f 6097//6097 6098//6098 6090//6090 6089//6089
f 6098//6098 6099//6099 6091//6091 6090//6090
f 6099//6099 6100//6100 6092//6092 6091//6091
f 6100//6100 6101//6101 6093//6093 6092//6092
f 6101//6101 6102//6102 6094//6094 6093//6093
f 6102//6102 6103//6103 6095//6095 6094//6094
f 6103//6103 6104//6104 6096//6096 6095//6095
f 2743//2743 6105//6105 6097//6097 2735//2735
f 6105//6105 6106//6106 6098//6098 6097//6097
f 6106//6106 6107//6107 6099//6099 6098//6098
f 6107//6107 6108//6108 6100//6100 6099//6099
f 6108//6108 6109//6109 6101//6101 6100//6100
f 6109//6109 6110//6110 6102//6102 6101//6101
f 6110//6110 6111//6111 6103//6103 6102//6102
f 6111//6111 6112//6112 6104//6104 6103//6103
f 2751//2751 6113//6113 6105//6105 2743//2743
f 6113//6113 6114//6114 6106//6106 6105//6105
f 6114//6114 6115//6115 6107//6107 6106//6106
f 6115//6115 6116//6116 6108//6108 6107//6107
f 6116//6116 6117//6117 6109//6109 6108//6108
f 6117//6117 6118//6118 6110//6110 6109//6109
f 6118//6118 6119//6119 6111//6111 6110//6110
f 6119//6119 6120//6120 6112//6112 6111//6111
f 2759//2759 6121//6121 6113//6113 2751//2751
f 6121//6121 6122//6122 6114//6114 6113//6113
f 6122//6122 6123//6123 6115//6115 6114//6114
f 6123//6123 6124//6124 6116//6116 6115//6115
f 6124//6124 6125//6125 6117//6117 6116//6116
f 6125//6125 6126//6126 6118//6118 6117//6117
f 6126//6126 6127//6127 6119//6119 6118//6118
f 6127//6127 6128//6128 6120//6120 6119//6119
f 2767//2767 6129//6129 6121//6121 2759//2759
f 6129//6129 6130//6130 6122//6122 6121//6121
f 6130//6130 6131//6131 6123//6123 6122//6122
f 6131//6131 6132//6132 6124//6124 6123//6123
f 6132//6132 6133//6133 6125//6125 6124//6124
f 6133//6133 6134//6134 6126//6126 6125//6125
f 6134//6134 6135//6135 6127//6127 6126//6126
f 6135//6135 6136//6136 6128//6128 6127//6127
f 2775//2775 6137//6137 6129//6129 2767//2767
f 6137//6137 6138//6138 6130//6130 6129//6129
f 6138//6138 6139//6139 6131//6131 6130//6130
f 6139//6139 6140//6140 6132//6132 6131//6131
f 6140//6140 6141//6141 6133//6133 6132//6132
f 6141//6141 6142//6142 6134//6134 6133//6133
f 6142//6142 6143//6143 6135//6135 6134//6134
f 6143//6143 6144//6144 6136//6136 6135//6135
f 2783//2783 6145//6145 6137//6137 2775//2775
f 6145//6145 6146//6146 6138//6138 6137//6137
f 6146//6146 6147//6147 6139//6139 6138//6138
f 6147//6147 6148//6148 6140//6140 6139//6139
f 6148//6148 6149//6149 6141//6141 6140//6140
f 6149//6149 6150//6150 6142//6142 6141//6141
f 6150//6150 6151//6151 6143//6143 6142//6142
f 6151//6151 6152//6152 6144//6144 6143//6143
f 6153//6153 5385//5385 5328//5328 6027//6027
f 6154//6154 5386//5386 5385//5385 6153//6153
f 6155//6155 5387//5387 5386//5386 6154//6154
f 6156//6156 5388//5388 5387//5387 6155//6155
f 6157//6157 5389//5389 5388//5388 6156//6156
f 6158//6158 5390//5390 5389//5389 6157//6157
f 6159//6159 5391//5391 5390//5390 6158//6158
f 6160//6160 5392//5392 5391//5391 6159//6159
f 6161//6161 6153//6153 6027//6027 6038//6038
f 6162//6162 6154//6154 6153//6153 6161//6161
f 6163//6163 6155//6155 6154//6154 6162//6162
f 6164//6164 6156//6156 6155//6155 6163//6163
f 6165//6165 6157//6157 6156//6156 6164//6164
f 6166//6166 6158//6158 6157//6157 6165//6165
f 6167//6167 6159//6159 6158//6158 6166//6166
f 6168//6168 6160//6160 6159//6159 6167//6167
f 6169//6169 6161//6161 6038//6038 6052//6052
f 6170//6170 6162//6162 6161//6161 6169//6169
f 6171//6171 6163//6163 6162//6162 6170//6170
f 6172//6172 6164//6164 6163//6163 6171//6171
f 6173//6173 6165//6165 6164//6164 6172//6172
f 6174//6174 6166//6166 6165//6165 6173//6173
f 6175//6175 6167//6167 6166//6166 6174//6174
f 6176//6176 6168//6168 6167//6167 6175//6175
f 6177//6177 6169//6169 6052//6052 6068//6068
f 6178//6178 6170//6170 6169//6169 6177//6177
f 6179//6179 6171//6171 6170//6170 6178//6178
f 6180//6180 6172//6172 6171//6171 6179//6179
f 6181//6181 6173//6173 6172//6172 6180//6180
f 6182//6182 6174//6174 6173//6173 6181//6181
f 6183//6183 6175//6175 6174//6174 6182//6182
f 6184//6184 6176//6176 6175//6175 6183//6183
f 6096//6096 6185//6185 6085//6085 6016//6016
f 6185//6185 6186//6186 6086//6086 6085//6085
f 6186//6186 6187//6187 6087//6087 6086//6086
f 6187//6187 6188//6188 6088//6088 6087//6087
f 6188//6188 6177//6177 6068//6068 6088//6088
f 6104//6104 6189//6189 6185//6185 6096//6096
f 6189//6189 6190//6190 6186//6186 6185//6185
f 6190//6190 6191//6191 6187//6187 6186//6186
f 6191//6191 6192//6192 6188//6188 6187//6187
f 6192//6192 6178//6178 6177//6177 6188//6188
f 6112//6112 6193//6193 6189//6189 6104//6104
f 6193//6193 6194//6194 6190//6190 6189//6189
f 6194//6194 6195//6195 6191//6191 6190//6190
f 6195//6195 6196//6196 6192//6192 6191//6191
f 6196//6196 6179//6179 6178//6178 6192//6192
f 6120//6120 6197//6197 6193//6193 6112//6112
f 6197//6197 6198//6198 6194//6194 6193//6193
f 6198//6198 6199//6199 6195//6195 6194//6194
f 6199//6199 6200//6200 6196//6196 6195//6195
f 6200//6200 6180//6180 6179//6179 6196//6196
f 6128//6128 6201//6201 6197//6197 6120//6120
f 6201//6201 6202//6202 6198//6198 6197//6197
f 6202//6202 6203//6203 6199//6199 6198//6198
f 6203//6203 6204//6204 6200//6200 6199//6199
f 6204//6204 6181//6181 6180//6180 6200//6200
f 6136//6136 6205//6205 6201//6201 6128//6128
f 6205//6205 6206//6206 6202//6202 6201//6201
f 6206//6206 6207//6207 6203//6203 6202//6202
f 6207//6207 6208//6208 6204//6204 6203//6203
f 6208//6208 6182//6182 6181//6181 6204//6204
f 6144//6144 6209//6209 6205//6205 6136//6136
f 6209//6209 6210//6210 6206//6206 6205//6205
f 6210//6210 6211//6211 6207//6207 6206//6206
f 6211//6211 6212//6212 6208//6208 6207//6207
f 6212//6212 6183//6183 6182//6182 6208//6208
f 6152//6152 6213//6213 6209//6209 6144//6144
f 6213//6213 6214//6214 6210//6210 6209//6209
f 6214//6214 6215//6215 6211//6211 6210//6210
f 6215//6215 6216//6216 6212//6212 6211//6211
f 6216//6216 6184//6184 6183//6183 6212//6212
f 2855//2855 6217//6217 6145//6145 2783//2783
f 6217//6217 6218//6218 6146//6146 6145//6145
f 6218//6218 6219//6219 6147//6147 6146//6146
f 6219//6219 6220//6220 6148//6148 6147//6147
f 6220//6220 6221//6221 6149//6149 6148//6148
f 6221//6221 6222//6222 6150//6150 6149//6149
f 6222//6222 6223//6223 6151//6151 6150//6150
f 6223//6223 6224//6224 6152//6152 6151//6151
f 2863//2863 6225//6225 6217//6217 2855//2855
f 6225//6225 6226//6226 6218//6218 6217//6217
f 6226//6226 6227//6227 6219//6219 6218//6218
f 6227//6227 6228//6228 6220//6220 6219//6219
f 6228//6228 6229//6229 6221//6221 6220//6220
f 6229//6229 6230//6230 6222//6222 6221//6221
f 6230//6230 6231//6231 6223//6223 6222//6222
f 6231//6231 6232//6232 6224//6224 6223//6223
f 2871//2871 6233//6233 6225//6225 2863//2863
f 6233//6233 6234//6234 6226//6226 6225//6225
f 6234//6234 6235//6235 6227//6227 6226//6226
f 6235//6235 6236//6236 6228//6228 6227//6227
f 6236//6236 6237//6237 6229//6229 6228//6228
f 6237//6237 6238//6238 6230//6230 6229//6229
f 6238//6238 6239//6239 6231//6231 6230//6230
f 6239//6239 6240//6240 6232//6232 6231//6231
f 2879//2879 6241//6241 6233//6233 2871//2871
f 6241//6241 6242//6242 6234//6234 6233//6233
f 6242//6242 6243//6243 6235//6235 6234//6234
f 6243//6243 6244//6244 6236//6236 6235//6235
f 6244//6244 6245//6245 6237//6237 6236//6236
f 6245//6245 6246//6246 6238//6238 6237//6237
f 6246//6246 6247//6247 6239//6239 6238//6238
f 6247//6247 6248//6248 6240//6240 6239//6239
f 2887//2887 6249//6249 6241//6241 2879//2879
f 6249//6249 6250//6250 6242//6242 6241//6241
f 6250//6250 6251//6251 6243//6243 6242//6242
f 6251//6251 6252//6252 6244//6244 6243//6243
f 6252//6252 6253//6253 6245//6245 6244//6244
f 6253//6253 6254//6254 6246//6246 6245//6245
f 6254//6254 6255//6255 6247//6247 6246//6246
f 6255//6255 6256//6256 6248//6248 6247//6247
f 2895//2895 6257//6257 6249//6249 2887//2887
f 6257//6257 6258//6258 6250//6250 6249//6249
f 6258//6258 6259//6259 6251//6251 6250//6250
f 6259//6259 6260//6260 6252//6252 6251//6251
f 6260//6260 6261//6261 6253//6253 6252//6252
f 6261//6261 6262//6262 6254//6254 6253//6253
f 6262//6262 6263//6263 6255//6255 6254//6254
f 6263//6263 6264//6264 6256//6256 6255//6255
f 2903//2903 6265//6265 6257//6257 2895//2895
f 6265//6265 6266//6266 6258//6258 6257//6257
f 6266//6266 6267//6267 6259//6259 6258//6258
f 6267//6267 6268//6268 6260//6260 6259//6259
f 6268//6268 6269//6269 6261//6261 6260//6260
f 6269//6269 6270//6270 6262//6262 6261//6261
f 6270//6270 6271//6271 6263//6263 6262//6262
f 6271//6271 6272//6272 6264//6264 6263//6263
f 2911//2911 6273//6273 6265//6265 2903//2903
f 6273//6273 6274//6274 6266//6266 6265//6265
f 6274//6274 6275//6275 6267//6267 6266//6266
f 6275//6275 6276//6276 6268//6268 6267//6267
f 6276//6276 6277//6277 6269//6269 6268//6268
f 6277//6277 6278//6278 6270//6270 6269//6269
f 6278//6278 6279//6279 6271//6271 6270//6270
f 6279//6279 6280//6280 6272//6272 6271//6271
f 6281//6281 5449//5449 5392//5392 6160//6160
f 6282//6282 5450//5450 5449//5449 6281//6281
f 6283//6283 5451//5451 5450//5450 6282//6282
f 6284//6284 5452//5452 5451//5451 6283//6283
f 6285//6285 5453//5453 5452//5452 6284//6284
f 6286//6286 5454//5454 5453//5453 6285//6285
f 6287//6287 5455//5455 5454//5454 6286//6286
f 6288//6288 5456//5456 5455//5455 6287//6287
f 6289//6289 6281//6281 6160//6160 6168//6168
f 6290//6290 6282//6282 6281//6281 6289//6289
f 6291//6291 6283//6283 6282//6282 6290//6290
f 6292//6292 6284//6284 6283//6283 6291//6291
f 6293//6293 6285//6285 6284//6284 6292//6292
f 6294//6294 6286//6286 6285//6285 6293//6293
f 6295//6295 6287//6287 6286//6286 6294//6294
f 6296//6296 6288//6288 6287//6287 6295//6295
f 6297//6297 6289//6289 6168//6168 6176//6176
f 6298//6298 6290//6290 6289//6289 6297//6297
f 6299//6299 6291//6291 6290//6290 6298//6298
f 6300//6300 6292//6292 6291//6291 6299//6299
f 6301//6301 6293//6293 6292//6292 6300//6300
f 6302//6302 6294//6294 6293//6293 6301//6301
f 6303//6303 6295//6295 6294//6294 6302//6302
f 6304//6304 6296//6296 6295//6295 6303//6303
f 6305//6305 6297//6297 6176//6176 6184//6184
f 6306//6306 6298//6298 6297//6297 6305//6305
f 6307//6307 6299//6299 6298//6298 6306//6306
f 6308//6308 6300//6300 6299//6299 6307//6307
f 6309//6309 6301//6301 6300//6300 6308//6308
f 6310//6310 6302//6302 6301//6301 6309//6309
f 6311//6311 6303//6303 6302//6302 6310//6310
f 6312//6312 6304//6304 6303//6303 6311//6311
f 6224//6224 6313//6313 6213//6213 6152//6152
f 6313//6313 6314//6314 6214//6214 6213//6213
f 6314//6314 6315//6315 6215//6215 6214//6214
f 6315//6315 6316//6316 6216//6216 6215//6215
f 6316//6316 6305//6305 6184//6184 6216//6216
f 6232//6232 6317//6317 6313//6313 6224//6224
f 6317//6317 6318//6318 6314//6314 6313//6313
f 6318//6318 6319//6319 6315//6315 6314//6314
f 6319//6319 6320//6320 6316//6316 6315//6315
f 6320//6320 6306//6306 6305//6305 6316//6316
f 6240//6240 6321//6321 6317//6317 6232//6232
f 6321//6321 6322//6322 6318//6318 6317//6317
f 6322//6322 6323//6323 6319//6319 6318//6318
f 6323//6323 6324//6324 6320//6320 6319//6319
f 6324//6324 6307//6307 6306//6306 6320//6320
f 6248//6248 6325//6325 6321//6321 6240//6240
f 6325//6325 6326//6326 6322//6322 6321//6321
f 6326//6326 6327//6327 6323//6323 6322//6322
f 6327//6327 6328//6328 6324//6324 6323//6323
f 6328//6328 6308//6308 6307//6307 6324//6324
f 6256//6256 6329//6329 6325//6325 6248//6248
f 6329//6329 6330//6330 6326//6326 6325//6325
f 6330//6330 6331//6331 6327//6327 6326//6326
f 6331//6331 6332//6332 6328//6328 6327//6327
f 6332//6332 6309//6309 6308//6308 6328//6328
f 6264//6264 6333//6333 6329//6329 6256//6256
f 6333//6333 6334//6334 6330//6330 6329//6329
f 6334//6334 6335//6335 6331//6331 6330//6330
f 6335//6335 6336//6336 6332//6332 6331//6331
f 6336//6336 6310//6310 6309//6309 6332//6332
f 6272//6272 6337//6337 6333//6333 6264//6264
f 6337//6337 6338//6338 6334//6334 6333//6333
f 6338//6338 6339//6339 6335//6335 6334//6334
f 6339//6339 6340//6340 6336//6336 6335//6335
f 6340//6340 6311//6311 6310//6310 6336//6336
f 6280//6280 6341//6341 6337//6337 6272//6272
f 6341//6341 6342//6342 6338//6338 6337//6337
f 6342//6342 6343//6343 6339//6339 6338//6338
f 6343//6343 6344//6344 6340//6340 6339//6339
f 6344//6344 6312//6312 6311//6311 6340//6340
f 2983//2983 6345//6345 6273//6273 2911//2911
f 6345//6345 6346//6346 6274//6274 6273//6273
f 6346//6346 6347//6347 6275//6275 6274//6274
f 6347//6347 6348//6348 6276//6276 6275//6275
f 6348//6348 6349//6349 6277//6277 6276//6276
f 6349//6349 6350//6350 6278//6278 6277//6277
f 6350//6350 6351//6351 6279//6279 6278//6278
f 6351//6351 6352//6352 6280//6280 6279//6279
f 2991//2991 6353//6353 6345//6345 2983//2983
f 6353//6353 6354//6354 6346//6346 6345//6345
f 6354//6354 6355//6355 6347//6347 6346//6346
f 6355//6355 6356//6356 6348//6348 6347//6347
f 6356//6356 6357//6357 6349//6349 6348//6348
f 6357//6357 6358//6358 6350//6350 6349//6349
f 6358//6358 6359//6359 6351//6351 6350//6350
f 6359//6359 6360//6360 6352//6352 6351//6351
f 2999//2999 6361//6361 6353//6353 2991//2991
f 6361//6361 6362//6362 6354//6354 6353//6353
f 6362//6362 6363//6363 6355//6355 6354//6354
f 6363//6363 6364//6364 6356//6356 6355//6355
f 6364//6364 6365//6365 6357//6357 6356//6356
f 6365//6365 6366//6366 6358//6358 6357//6357
f 6366//6366 6367//6367 6359//6359 6358//6358
f 6367//6367 6368//6368 6360//6360 6359//6359
f 3007//3007 6369//6369 6361//6361 2999//2999
f 6369//6369 6370//6370 6362//6362 6361//6361
f 6370//6370 6371//6371 6363//6363 6362//6362
f 6371//6371 6372//6372 6364//6364 6363//6363
f 6372//6372 6373//6373 6365//6365 6364//6364
f 6373//6373 6374//6374 6366//6366 6365//6365
f 6374//6374 6375//6375 6367//6367 6366//6366
f 6375//6375 6376//6376 6368//6368 6367//6367
f 3015//3015 6377//6377 6369//6369 3007//3007
f 6377//6377 6378//6378 6370//6370 6369//6369
f 6378//6378 6379//6379 6371//6371 6370//6370
f 6379//6379 6380//6380 6372//6372 6371//6371
f 6380//6380 6381//6381 6373//6373 6372//6372
f 6381//6381 6382//6382 6374//6374 6373//6373
f 6382//6382 6383//6383 6375//6375 6374//6374
f 6383//6383 6384//6384 6376//6376 6375//6375
f 3023//3023 6385//6385 6377//6377 3015//3015
f 6385//6385 6386//6386 6378//6378 6377//6377
f 6386//6386 6387//6387 6379//6379 6378//6378
f 6387//6387 6388//6388 6380//6380 6379//6379
f 6388//6388 6389//6389 6381//6381 6380//6380
f 6389//6389 6390//6390 6382//6382 6381//6381
f 6390//6390 6391//6391 6383//6383 6382//6382
f 6391//6391 6392//6392 6384//6384 6383//6383
f 3031//3031 6393//6393 6385//6385 3023//3023
f 6393//6393 6394//6394 6386//6386 6385//6385
f 6394//6394 6395//6395 6387//6387 6386//6386
f 6395//6395 6396//6396 6388//6388 6387//6387
f 6396//6396 6397//6397 6389//6389 6388//6388
f 6397//6397 6398//6398 6390//6390 6389//6389
f 6398//6398 6399//6399 6391//6391 6390//6390
f 6399//6399 6400//6400 6392//6392 6391//6391
f 3039//3039 6401//6401 6393//6393 3031//3031
f 6401//6401 6402//6402 6394//6394 6393//6393
f 6402//6402 6403//6403 6395//6395 6394//6394
f 6403//6403 6404//6404 6396//6396 6395//6395
f 6404//6404 6405//6405 6397//6397 6396//6396
f 6405//6405 6406//6406 6398//6398 6397//6397
f 6406//6406 6407//6407 6399//6399 6398//6398
f 6407//6407 6408//6408 6400//6400 6399//6399
f 6409//6409 5513//5513 5456//5456 6288//6288
f 6410//6410 5514//5514 5513//5513 6409//6409
f 6411//6411 5515//5515 5514//5514 6410//6410
f 6412//6412 5516//5516 5515//5515 6411//6411
f 6413//6413 5517//5517 5516//5516 6412//6412
f 6414//6414 5518//5518 5517//5517 6413//6413
f 6415//6415 5519//5519 5518//5518 6414//6414
f 6416//6416 5520//5520 5519//5519 6415//6415
f 6417//6417 6409//6409 6288//6288 6296//6296
f 6418//6418 6410//6410 6409//6409 6417//6417
f 6419//6419 6411//6411 6410//6410 6418//6418
f 6420//6420 6412//6412 6411//6411 6419//6419
f 6421//6421 6413//6413 6412//6412 6420//6420
f 6422//6422 6414//6414 6413//6413 6421//6421
f 6423//6423 6415//6415 6414//6414 6422//6422
f 6424//6424 6416//6416 6415//6415 6423//6423
f 6425//6425 6417//6417 6296//6296 6304//6304
f 6426//6426 6418//6418 6417//6417 6425//6425
f 6427//6427 6419//6419 6418//6418 6426//6426
f 6428//6428 6420//6420 6419//6419 6427//6427
f 6429//6429 6421//6421 6420//6420 6428//6428
f 6430//6430 6422//6422 6421//6421 6429//6429
f 6431//6431 6423//6423 6422//6422 6430//6430
f 6432//6432 6424//6424 6423//6423 6431//6431
f 6433//6433 6425//6425 6304//6304 6312//6312
f 6434//6434 6426//6426 6425//6425 6433//6433
f 6435//6435 6427//6427 6426//6426 6434//6434
f 6436//6436 6428//6428 6427//6427 6435//6435
f 6437//6437 6429//6429 6428//6428 6436//6436
f 6438//6438 6430//6430 6429//6429 6437//6437
f 6439//6439 6431//6431 6430//6430 6438//6438
f 6440//6440 6432//6432 6431//6431 6439//6439
f 6352//6352 6441//6441 6341//6341 6280//6280
f 6441//6441 6442//6442 6342//6342 6341//6341
f 6442//6442 6443//6443 6343//6343 6342//6342
f 6443//6443 6444//6444 6344//6344 6343//6343
f 6444//6444 6433//6433 6312//6312 6344//6344
f 6360//6360 6445//6445 6441//6441 6352//6352
f 6445//6445 6446//6446 6442//6442 6441//6441
f 6446//6446 6447//6447 6443//6443 6442//6442
f 6447//6447 6448//6448 6444//6444 6443//6443
f 6448//6448 6434//6434 6433//6433 6444//6444
f 6368//6368 6449//6449 6445//6445 6360//6360
f 6449//6449 6450//6450 6446//6446 6445//6445
f 6450//6450 6451//6451 6447//6447 6446//6446
f 6451//6451 6452//6452 6448//6448 6447//6447
f 6452//6452 6435//6435 6434//6434 6448//6448
f 6376//6376 6453//6453 6449//6449 6368//6368
f 6453//6453 6454//6454 6450//6450 6449//6449
f 6454//6454 6455//6455 6451//6451 6450//6450
f 6455//6455 6456//6456 6452//6452 6451//6451
f 6456//6456 6436//6436 6435//6435 6452//6452
f 6384//6384 6457//6457 6453//6453 6376//6376
f 6457//6457 6458//6458 6454//6454 6453//6453
f 6458//6458 6459//6459 6455//6455 6454//6454
f 6459//6459 6460//6460 6456//6456 6455//6455
f 6460//6460 6437//6437 6436//6436 6456//6456
f 6392//6392 6461//6461 6457//6457 6384//6384
f 6461//6461 6462//6462 6458//6458 6457//6457
f 6462//6462 6463//6463 6459//6459 6458//6458
f 6463//6463 6464//6464 6460//6460 6459//6459
f 6464//6464 6438//6438 6437//6437 6460//6460
f 6400//6400 6465//6465 6461//6461 6392//6392
f 6465//6465 6466//6466 6462//6462 6461//6461
f 6466//6466 6467//6467 6463//6463 6462//6462
f 6467//6467 6468//6468 6464//6464 6463//6463
f 6468//6468 6439//6439 6438//6438 6464//6464
f 6408//6408 6469//6469 6465//6465 6400//6400
f 6469//6469 6470//6470 6466//6466 6465//6465
f 6470//6470 6471//6471 6467//6467 6466//6466
f 6471//6471 6472//6472 6468//6468 6467//6467
f 6472//6472 6440//6440 6439//6439 6468//6468
f 3111//3111 6473//6473 6401//6401 3039//3039
f 6473//6473 6474//6474 6402//6402 6401//6401
f 6474//6474 6475//6475 6403//6403 6402//6402
f 6475//6475 6476//6476 6404//6404 6403//6403
f 6476//6476 6477//6477 6405//6405 6404//6404
f 6477//6477 6478//6478 6406//6406 6405//6405
f 6478//6478 6479//6479 6407//6407 6406//6406
f 6479//6479 6480//6480 6408//6408 6407//6407
f 3119//3119 6481//6481 6473//6473 3111//3111
f 6481//6481 6482//6482 6474//6474 6473//6473
f 6482//6482 6483//6483 6475//6475 6474//6474
f 6483//6483 6484//6484 6476//6476 6475//6475
f 6484//6484 6485//6485 6477//6477 6476//6476
f 6485//6485 6486//6486 6478//6478 6477//6477
f 6486//6486 6487//6487 6479//6479 6478//6478
f 6487//6487 6488//6488 6480//6480 6479//6479
f 3127//3127 6489//6489 6481//6481 3119//3119
f 6489//6489 6490//6490 6482//6482 6481//6481
f 6490//6490 6491//6491 6483//6483 6482//6482
f 6491//6491 6492//6492 6484//6484 6483//6483
f 6492//6492 6493//6493 6485//6485 6484//6484
f 6493//6493 6494//6494 6486//6486 6485//6485
f 6494//6494 6495//6495 6487//6487 6486//6486
f 6495//6495 6496//6496 6488//6488 6487//6487
f 3135//3135 6497//6497 6489//6489 3127//3127
f 6497//6497 6498//6498 6490//6490 6489//6489
f 6498//6498 6499//6499 6491//6491 6490//6490
f 6499//6499 6500//6500 6492//6492 6491//6491
f 6500//6500 6501//6501 6493//6493 6492//6492
f 6501//6501 6502//6502 6494//6494 6493//6493
f 6502//6502 6503//6503 6495//6495 6494//6494
f 6503//6503 6504//6504 6496//6496 6495//6495
f 3143//3143 6505//6505 6497//6497 3135//3135
f 6505//6505 6506//6506 6498//6498 6497//6497
f 6506//6506 6507//6507 6499//6499 6498//6498
f 6507//6507 6508//6508 6500//6500 6499//6499
f 6508//6508 6509//6509 6501//6501 6500//6500
f 6509//6509 6510//6510 6502//6502 6501//6501
f 6510//6510 6511//6511 6503//6503 6502//6502
f 6511//6511 6512//6512 6504//6504 6503//6503
f 3151//3151 6513//6513 6505//6505 3143//3143
f 6513//6513 6514//6514 6506//6506 6505//6505
f 6514//6514 6515//6515 6507//6507 6506//6506
f 6515//6515 6516//6516 6508//6508 6507//6507
f 6516//6516 6517//6517 6509//6509 6508//6508
f 6517//6517 6518//6518 6510//6510 6509//6509
f 6518//6518 6519//6519 6511//6511 6510//6510
f 6519//6519 6520//6520 6512//6512 6511//6511
f 3159//3159 6521//6521 6513//6513 3151//3151
f 6521//6521 6522//6522 6514//6514 6513//6513
f 6522//6522 6523//6523 6515//6515 6514//6514
f 6523//6523 6524//6524 6516//6516 6515//6515
f 6524//6524 6525//6525 6517//6517 6516//6516
f 6525//6525 6526//6526 6518//6518 6517//6517
f 6526//6526 6527//6527 6519//6519 6518//6518
f 6527//6527 6528//6528 6520//6520 6519//6519
f 3167//3167 6529//6529 6521//6521 3159//3159
f 6529//6529 6530//6530 6522//6522 6521//6521
f 6530//6530 6531//6531 6523//6523 6522//6522
f 6531//6531 6532//6532 6524//6524 6523//6523
f 6532//6532 6533//6533 6525//6525 6524//6524
f 6533//6533 6534//6534 6526//6526 6525//6525
f 6534//6534 6535//6535 6527//6527 6526//6526
f 6535//6535 6536//6536 6528//6528 6527//6527
f 6537//6537 5577//5577 5520//5520 6416//6416
f 6538//6538 5578//5578 5577//5577 6537//6537
f 6539//6539 5579//5579 5578//5578 6538//6538
f 6540//6540 5580//5580 5579//5579 6539//6539
f 6541//6541 5581//5581 5580//5580 6540//6540
f 6542//6542 5582//5582 5581//5581 6541//6541
f 6543//6543 5583//5583 5582//5582 6542//6542
f 6544//6544 5584//5584 5583//5583 6543//6543
f 6545//6545 6537//6537 6416//6416 6424//6424
f 6546//6546 6538//6538 6537//6537 6545//6545
f 6547//6547 6539//6539 6538//6538 6546//6546
f 6548//6548 6540//6540 6539//6539 6547//6547
f 6549//6549 6541//6541 6540//6540 6548//6548
f 6550//6550 6542//6542 6541//6541 6549//6549
f 6551//6551 6543//6543 6542//6542 6550//6550
f 6552//6552 6544//6544 6543//6543 6551//6551
f 6553//6553 6545//6545 6424//6424 6432//6432
f 6554//6554 6546//6546 6545//6545 6553//6553
f 6555//6555 6547//6547 6546//6546 6554//6554
f 6556//6556 6548//6548 6547//6547 6555//6555
f 6557//6557 6549//6549 6548//6548 6556//6556
f 6558//6558 6550//6550 6549//6549 6557//6557
f 6559//6559 6551//6551 6550//6550 6558//6558
f 6560//6560 6552//6552 6551//6551 6559//6559
f 6561//6561 6553//6553 6432//6432 6440//6440
f 6562//6562 6554//6554 6553//6553 6561//6561
f 6563//6563 6555//6555 6554//6554 6562//6562
f 6564//6564 6556//6556 6555//6555 6563//6563
f 6565//6565 6557//6557 6556//6556 6564//6564
f 6566//6566 6558//6558 6557//6557 6565//6565
f 6567//6567 6559//6559 6558//6558 6566//6566
f 6568//6568 6560//6560 6559//6559 6567//6567
f 6480//6480 6569//6569 6469//6469 6408//6408
f 6569//6569 6570//6570 6470//6470 6469//6469
f 6570//6570 6571//6571 6471//6471 6470//6470
f 6571//6571 6572//6572 6472//6472 6471//6471
f 6572//6572 6561//6561 6440//6440 6472//6472
f 6488//6488 6573//6573 6569//6569 6480//6480
f 6573//6573 6574//6574 6570//6570 6569//6569
f 6574//6574 6575//6575 6571//6571 6570//6570
f 6575//6575 6576//6576 6572//6572 6571//6571
f 6576//6576 6562//6562 6561//6561 6572//6572
f 6496//6496 6577//6577 6573//6573 6488//6488
f 6577//6577 6578//6578 6574//6574 6573//6573
f 6578//6578 6579//6579 6575//6575 6574//6574
f 6579//6579 6580//6580 6576//6576 6575//6575
f 6580//6580 6563//6563 6562//6562 6576//6576
f 6504//6504 6581//6581 6577//6577 6496//6496
f 6581//6581 6582//6582 6578//6578 6577//6577
f 6582//6582 6583//6583 6579//6579 6578//6578
f 6583//6583 6584//6584 6580//6580 6579//6579
f 6584//6584 6564//6564 6563//6563 6580//6580
f 6512//6512 6585//6585 6581//6581 6504//6504
f 6585//6585 6586//6586 6582//6582 6581//6581
f 6586//6586 6587//6587 6583//6583 6582//6582
f 6587//6587 6588//6588 6584//6584 6583//6583
f 6588//6588 6565//6565 6564//6564 6584//6584
f 6520//6520 6589//6589 6585//6585 6512//6512
f 6589//6589 6590//6590 6586//6586 6585//6585
f 6590//6590 6591//6591 6587//6587 6586//6586
f 6591//6591 6592//6592 6588//6588 6587//6587
f 6592//6592 6566//6566 6565//6565 6588//6588
f 6528//6528 6593//6593 6589//6589 6520//6520
f 6593//6593 6594//6594 6590//6590 6589//6589
f 6594//6594 6595//6595 6591//6591 6590//6590
f 6595//6595 6596//6596 6592//6592 6591//6591
f 6596//6596 6567//6567 6566//6566 6592//6592
f 6536//6536 6597//6597 6593//6593 6528//6528
f 6597//6597 6598//6598 6594//6594 6593//6593
f 6598//6598 6599//6599 6595//6595 6594//6594
f 6599//6599 6600//6600 6596//6596 6595//6595
f 6600//6600 6568//6568 6567//6567 6596//6596
f 3239//3239 6601//6601 6529//6529 3167//3167
f 6601//6601 6602//6602 6530//6530 6529//6529
f 6602//6602 6603//6603 6531//6531 6530//6530
f 6603//6603 6604//6604 6532//6532 6531//6531
f 6604//6604 6605//6605 6533//6533 6532//6532
f 6605//6605 6606//6606 6534//6534 6533//6533
f 6606//6606 6607//6607 6535//6535 6534//6534
f 6607//6607 6608//6608 6536//6536 6535//6535
f 3247//3247 6609//6609 6601//6601 3239//3239
f 6609//6609 6610//6610 6602//6602 6601//6601
f 6610//6610 6611//6611 6603//6603 6602//6602
f 6611//6611 6612//6612 6604//6604 6603//6603
f 6612//6612 6613//6613 6605//6605 6604//6604
f 6613//6613 6614//6614 6606//6606 6605//6605
f 6614//6614 6615//6615 6607//6607 6606//6606
f 6615//6615 6616//6616 6608//6608 6607//6607
f 3255//3255 6617//6617 6609//6609 3247//3247
f 6617//6617 6618//6618 6610//6610 6609//6609
f 6618//6618 6619//6619 6611//6611 6610//6610
f 6619//6619 6620//6620 6612//6612 6611//6611
f 6620//6620 6621//6621 6613//6613 6612//6612
f 6621//6621 6622//6622 6614//6614 6613//6613
f 6622//6622 6623//6623 6615//6615 6614//6614
f 6623//6623 6624//6624 6616//6616 6615//6615
f 3263//3263 6625//6625 6617//6617 3255//3255
f 6625//6625 6626//6626 6618//6618 6617//6617
f 6626//6626 6627//6627 6619//6619 6618//6618
f 6627//6627 6628//6628 6620//6620 6619//6619
f 6628//6628 6629//6629 6621//6621 6620//6620
f 6629//6629 6630//6630 6622//6622 6621//6621
f 6630//6630 6631//6631 6623//6623 6622//6622
f 6631//6631 6632//6632 6624//6624 6623//6623
f 3271//3271 6633//6633 6625//6625 3263//3263
f 6633//6633 6634//6634 6626//6626 6625//6625
f 6634//6634 6635//6635 6627//6627 6626//6626
f 6635//6635 6636//6636 6628//6628 6627//6627
f 6636//6636 6637//6637 6629//6629 6628//6628
f 6637//6637 6638//6638 6630//6630 6629//6629
f 6638//6638 6639//6639 6631//6631 6630//6630
f 6639//6639 6640//6640 6632//6632 6631//6631
f 3279//3279 6641//6641 6633//6633 3271//3271
f 6641//6641 6642//6642 6634//6634 6633//6633
f 6642//6642 6643//6643 6635//6635 6634//6634
f 6643//6643 6644//6644 6636//6636 6635//6635
f 6644//6644 6645//6645 6637//6637 6636//6636
f 6645//6645 6646//6646 6638//6638 6637//6637
f 6646//6646 6647//6647 6639//6639 6638//6638
f 6647//6647 6648//6648 6640//6640 6639//6639
f 3287//3287 6649//6649 6641//6641 3279//3279
f 6649//6649 6650//6650 6642//6642 6641//6641
f 6650//6650 6651//6651 6643//6643 6642//6642
f 6651//6651 6652//6652 6644//6644 6643//6643
f 6652//6652 6653//6653 6645//6645 6644//6644
f 6653//6653 6654//6654 6646//6646 6645//6645
f 6654//6654 6655//6655 6647//6647 6646//6646
f 6655//6655 6656//6656 6648//6648 6647//6647
f 3295//3295 6657//6657 6649//6649 3287//3287
f 6657//6657 6658//6658 6650//6650 6649//6649
f 6658//6658 6659//6659 6651//6651 6650//6650
f 6659//6659 6660//6660 6652//6652 6651//6651
f 6660//6660 6661//6661 6653//6653 6652//6652
f 6661//6661 6662//6662 6654//6654 6653//6653
f 6662//6662 6663//6663 6655//6655 6654//6654
f 6663//6663 6664//6664 6656//6656 6655//6655
f 6665//6665 5641//5641 5584//5584 6544//6544
f 6666//6666 5642//5642 5641//5641 6665//6665
f 6667//6667 5643//5643 5642//5642 6666//6666
f 6668//6668 5644//5644 5643//5643 6667//6667
f 6669//6669 5645//5645 5644//5644 6668//6668
f 6670//6670 5646//5646 5645//5645 6669//6669
f 6671//6671 5647//5647 5646//5646 6670//6670
f 6672//6672 5648//5648 5647//5647 6671//6671
f 6673//6673 6665//6665 6544//6544 6552//6552
f 6674//6674 6666//6666 6665//6665 6673//6673
f 6675//6675 6667//6667 6666//6666 6674//6674
f 6676//6676 6668//6668 6667//6667 6675//6675
f 6677//6677 6669//6669 6668//6668 6676//6676
f 6678//6678 6670//6670 6669//6669 6677//6677
f 6679//6679 6671//6671 6670//6670 6678//6678
f 6680//6680 6672//6672 6671//6671 6679//6679
f 6681//6681 6673//6673 6552//6552 6560//6560
f 6682//6682 6674//6674 6673//6673 6681//6681
f 6683//6683 6675//6675 6674//6674 6682//6682
f 6684//6684 6676//6676 6675//6675 6683//6683
f 6685//6685 6677//6677 6676//6676 6684//6684
f 6686//6686 6678//6678 6677//6677 6685//6685
f 6687//6687 6679//6679 6678//6678 6686//6686
f 6688//6688 6680//6680 6679//6679 6687//6687
f 6689//6689 6681//6681 6560//6560 6568//6568
f 6690//6690 6682//6682 6681//6681 6689//6689
f 6691//6691 6683//6683 6682//6682 6690//6690
f 6692//6692 6684//6684 6683//6683 6691//6691
f 6693//6693 6685//6685 6684//6684 6692//6692
f 6694//6694 6686//6686 6685//6685 6693//6693
f 6695//6695 6687//6687 6686//6686 6694//6694
f 6696//6696 6688//6688 6687//6687 6695//6695
f 6608//6608 6697//6697 6597//6597 6536//6536
f 6697//6697 6698//6698 6598//6598 6597//6597
f 6698//6698 6699//6699 6599//6599 6598//6598
f 6699//6699 6700//6700 6600//6600 6599//6599
f 6700//6700 6689//6689 6568//6568 6600//6600
f 6616//6616 6701//6701 6697//6697 6608//6608
f 6701//6701 6702//6702 6698//6698 6697//6697
f 6702//6702 6703//6703 6699//6699 6698//6698
f 6703//6703 6704//6704 6700//6700 6699//6699
f 6704//6704 6690//6690 6689//6689 6700//6700
f 6624//6624 6705//6705 6701//6701 6616//6616
f 6705//6705 6706//6706 6702//6702 6701//6701
f 6706//6706 6707//6707 6703//6703 6702//6702
f 6707//6707 6708//6708 6704//6704 6703//6703
f 6708//6708 6691//6691 6690//6690 6704//6704
f 6632//6632 6709//6709 6705//6705 6624//6624
f 6709//6709 6710//6710 6706//6706 6705//6705
f 6710//6710 6711//6711 6707//6707 6706//6706
f 6711//6711 6712//6712 6708//6708 6707//6707
f 6712//6712 6692//6692 6691//6691 6708//6708
f 6640//6640 6713//6713 6709//6709 6632//6632
f 6713//6713 6714//6714 6710//6710 6709//6709
f 6714//6714 6715//6715 6711//6711 6710//6710
f 6715//6715 6716//6716 6712//6712 6711//6711
f 6716//6716 6693//6693 6692//6692 6712//6712
f 6648//6648 6717//6717 6713//6713 6640//6640
f 6717//6717 6718//6718 6714//6714 6713//6713
f 6718//6718 6719//6719 6715//6715 6714//6714
f 6719//6719 6720//6720 6716//6716 6715//6715
f 6720//6720 6694//6694 6693//6693 6716//6716
f 6656//6656 6721//6721 6717//6717 6648//6648
f 6721//6721 6722//6722 6718//6718 6717//6717
f 6722//6722 6723//6723 6719//6719 6718//6718
f 6723//6723 6724//6724 6720//6720 6719//6719
f 6724//6724 6695//6695 6694//6694 6720//6720
f 6664//6664 6725//6725 6721//6721 6656//6656
f 6725//6725 6726//6726 6722//6722 6721//6721
f 6726//6726 6727//6727 6723//6723 6722//6722
f 6727//6727 6728//6728 6724//6724 6723//6723
f 6728//6728 6696//6696 6695//6695 6724//6724
f 3367//3367 6729//6729 6657//6657 3295//3295
f 6729//6729 6730//6730 6658//6658 6657//6657
f 6730//6730 6731//6731 6659//6659 6658//6658
f 6731//6731 6732//6732 6660//6660 6659//6659
f 6732//6732 6733//6733 6661//6661 6660//6660
f 6733//6733 6734//6734 6662//6662 6661//6661
f 6734//6734 6735//6735 6663//6663 6662//6662
f 6735//6735 6736//6736 6664//6664 6663//6663
f 3375//3375 6737//6737 6729//6729 3367//3367
f 6737//6737 6738//6738 6730//6730 6729//6729
f 6738//6738 6739//6739 6731//6731 6730//6730
f 6739//6739 6740//6740 6732//6732 6731//6731
f 6740//6740 6741//6741 6733//6733 6732//6732
f 6741//6741 6742//6742 6734//6734 6733//6733
f 6742//6742 6743//6743 6735//6735 6734//6734
f 6743//6743 6744//6744 6736//6736 6735//6735
f 3383//3383 6745//6745 6737//6737 3375//3375
f 6745//6745 6746//6746 6738//6738 6737//6737
f 6746//6746 6747//6747 6739//6739 6738//6738
f 6747//6747 6748//6748 6740//6740 6739//6739
f 6748//6748 6749//6749 6741//6741 6740//6740
f 6749//6749 6750//6750 6742//6742 6741//6741
f 6750//6750 6751//6751 6743//6743 6742//6742
f 6751//6751 6752//6752 6744//6744 6743//6743
f 3391//3391 6753//6753 6745//6745 3383//3383
f 6753//6753 6754//6754 6746//6746 6745//6745
f 6754//6754 6755//6755 6747//6747 6746//6746
f 6755//6755 6756//6756 6748//6748 6747//6747
f 6756//6756 6757//6757 6749//6749 6748//6748
f 6757//6757 6758//6758 6750//6750 6749//6749
f 6758//6758 6759//6759 6751//6751 6750//6750
f 6759//6759 6760//6760 6752//6752 6751//6751
f 3399//3399 6761//6761 6753//6753 3391//3391
f 6761//6761 6762//6762 6754//6754 6753//6753
f 6762//6762 6763//6763 6755//6755 6754//6754
f 6763//6763 6764//6764 6756//6756 6755//6755
f 6764//6764 6765//6765 6757//6757 6756//6756
f 6765//6765 6766//6766 6758//6758 6757//6757
f 6766//6766 6767//6767 6759//6759 6758//6758
f 6767//6767 6768//6768 6760//6760 6759//6759
f 3407//3407 6769//6769 6761//6761 3399//3399
f 6769//6769 6770//6770 6762//6762 6761//6761
f 6770//6770 6771//6771 6763//6763 6762//6762
f 6771//6771 6772//6772 6764//6764 6763//6763
f 6772//6772 6773//6773 6765//6765 6764//6764
f 6773//6773 6774//6774 6766//6766 6765//6765
f 6774//6774 6775//6775 6767//6767 6766//6766
f 6775//6775 6776//6776 6768//6768 6767//6767
f 3415//3415 6777//6777 6769//6769 3407//3407
f 6777//6777 6778//6778 6770//6770 6769//6769
f 6778//6778 6779//6779 6771//6771 6770//6770
f 6779//6779 6780//6780 6772//6772 6771//6771
f 6780//6780 6781//6781 6773//6773 6772//6772
f 6781//6781 6782//6782 6774//6774 6773//6773
f 6782//6782 6783//6783 6775//6775 6774//6774
f 6783//6783 6784//6784 6776//6776 6775//6775
f 3423//3423 6785//6785 6777//6777 3415//3415
f 6785//6785 6786//6786 6778//6778 6777//6777
f 6786//6786 6787//6787 6779//6779 6778//6778
f 6787//6787 6788//6788 6780//6780 6779//6779
f 6788//6788 6789//6789 6781//6781 6780//6780
f 6789//6789 6790//6790 6782//6782 6781//6781
f 6790//6790 6791//6791 6783//6783 6782//6782
f 6791//6791 6792//6792 6784//6784 6783//6783
f 6793//6793 5705//5705 5648//5648 6672//6672
f 6794//6794 5706//5706 5705//5705 6793//6793
f 6795//6795 5707//5707 5706//5706 6794//6794
f 6796//6796 5708//5708 5707//5707 6795//6795
f 6797//6797 5709//5709 5708//5708 6796//6796
f 6798//6798 5710//5710 5709//5709 6797//6797
f 6799//6799 5711//5711 5710//5710 6798//6798
f 6800//6800 5712//5712 5711//5711 6799//6799
f 6801//6801 6793//6793 6672//6672 6680//6680
f 6802//6802 6794//6794 6793//6793 6801//6801
f 6803//6803 6795//6795 6794//6794 6802//6802
f 6804//6804 6796//6796 6795//6795 6803//6803
f 6805//6805 6797//6797 6796//6796 6804//6804
f 6806//6806 6798//6798 6797//6797 6805//6805
f 6807//6807 6799//6799 6798//6798 6806//6806
f 6808//6808 6800//6800 6799//6799 6807//6807
f 6809//6809 6801//6801 6680//6680 6688//6688
f 6810//6810 6802//6802 6801//6801 6809//6809
f 6811//6811 6803//6803 6802//6802 6810//6810
f 6812//6812 6804//6804 6803//6803 6811//6811
f 6813//6813 6805//6805 6804//6804 6812//6812
f 6814//6814 6806//6806 6805//6805 6813//6813
f 6815//6815 6807//6807 6806//6806 6814//6814
f 6816//6816 6808//6808 6807//6807 6815//6815
f 6817//6817 6809//6809 6688//6688 6696//6696
f 6818//6818 6810//6810 6809//6809 6817//6817
f 6819//6819 6811//6811 6810//6810 6818//6818
f 6820//6820 6812//6812 6811//6811 6819//6819
f 6821//6821 6813//6813 6812//6812 6820//6820
f 6822//6822 6814//6814 6813//6813 6821//6821
f 6823//6823 6815//6815 6814//6814 6822//6822
f 6824//6824 6816//6816 6815//6815 6823//6823
f 6736//6736 6825//6825 6725//6725 6664//6664
f 6825//6825 6826//6826 6726//6726 6725//6725
f 6826//6826 6827//6827 6727//6727 6726//6726
f 6827//6827 6828//6828 6728//6728 6727//6727
f 6828//6828 6817//6817 6696//6696 6728//6728
f 6744//6744 6829//6829 6825//6825 6736//6736
f 6829//6829 6830//6830 6826//6826 6825//6825
f 6830//6830 6831//6831 6827//6827 6826//6826
f 6831//6831 6832//6832 6828//6828 6827//6827
f 6832//6832 6818//6818 6817//6817 6828//6828
f 6752//6752 6833//6833 6829//6829 6744//6744
f 6833//6833 6834//6834 6830//6830 6829//6829
f 6834//6834 6835//6835 6831//6831 6830//6830
f 6835//6835 6836//6836 6832//6832 6831//6831
f 6836//6836 6819//6819 6818//6818 6832//6832
f 6760//6760 6837//6837 6833//6833 6752//6752
f 6837//6837 6838//6838 6834//6834 6833//6833
f 6838//6838 6839//6839 6835//6835 6834//6834
f 6839//6839 6840//6840 6836//6836 6835//6835
f 6840//6840 6820//6820 6819//6819 6836//6836
f 6768//6768 6841//6841 6837//6837 6760//6760
f 6841//6841 6842//6842 6838//6838 6837//6837
f 6842//6842 6843//6843 6839//6839 6838//6838
f 6843//6843 6844//6844 6840//6840 6839//6839
f 6844//6844 6821//6821 6820//6820 6840//6840
f 6776//6776 6845//6845 6841//6841 6768//6768
f 6845//6845 6846//6846 6842//6842 6841//6841
f 6846//6846 6847//6847 6843//6843 6842//6842
f 6847//6847 6848//6848 6844//6844 6843//6843
f 6848//6848 6822//6822 6821//6821 6844//6844
f 6784//6784 6849//6849 6845//6845 6776//6776
f 6849//6849 6850//6850 6846//6846 6845//6845
f 6850//6850 6851//6851 6847//6847 6846//6846
f 6851//6851 6852//6852 6848//6848 6847//6847
f 6852//6852 6823//6823 6822//6822 6848//6848
f 6792//6792 6853//6853 6849//6849 6784//6784
f 6853//6853 6854//6854 6850//6850 6849//6849
f 6854//6854 6855//6855 6851//6851 6850//6850
f 6855//6855 6856//6856 6852//6852 6851//6851
f 6856//6856 6824//6824 6823//6823 6852//6852
f 3495//3495 6857//6857 6785//6785 3423//3423
f 6857//6857 6858//6858 6786//6786 6785//6785
f 6858//6858 6859//6859 6787//6787 6786//6786
f 6859//6859 6860//6860 6788//6788 6787//6787
f 6860//6860 6861//6861 6789//6789 6788//6788
f 6861//6861 6862//6862 6790//6790 6789//6789
f 6862//6862 6863//6863 6791//6791 6790//6790
f 6863//6863 6864//6864 6792//6792 6791//6791
f 3503//3503 6865//6865 6857//6857 3495//3495
f 6865//6865 6866//6866 6858//6858 6857//6857
f 6866//6866 6867//6867 6859//6859 6858//6858
f 6867//6867 6868//6868 6860//6860 6859//6859
f 6868//6868 6869//6869 6861//6861 6860//6860
f 6869//6869 6870//6870 6862//6862 6861//6861
f 6870//6870 6871//6871 6863//6863 6862//6862
f 6871//6871 6872//6872 6864//6864 6863//6863
f 3511//3511 6873//6873 6865//6865 3503//3503
f 6873//6873 6874//6874 6866//6866 6865//6865
f 6874//6874 6875//6875 6867//6867 6866//6866
f 6875//6875 6876//6876 6868//6868 6867//6867
f 6876//6876 6877//6877 6869//6869 6868//6868
f 6877//6877 6878//6878 6870//6870 6869//6869
f 6878//6878 6879//6879 6871//6871 6870//6870
f 6879//6879 6880//6880 6872//6872 6871//6871
f 3519//3519 6881//6881 6873//6873 3511//3511
f 6881//6881 6882//6882 6874//6874 6873//6873
f 6882//6882 6883//6883 6875//6875 6874//6874
f 6883//6883 6884//6884 6876//6876 6875//6875
f 6884//6884 6885//6885 6877//6877 6876//6876
f 6885//6885 6886//6886 6878//6878 6877//6877
f 6886//6886 6887//6887 6879//6879 6878//6878
f 6887//6887 6888//6888 6880//6880 6879//6879
f 3527//3527 6889//6889 6881//6881 3519//3519
f 6889//6889 6890//6890 6882//6882 6881//6881
f 6890//6890 6891//6891 6883//6883 6882//6882
f 6891//6891 6892//6892 6884//6884 6883//6883
f 6892//6892 6893//6893 6885//6885 6884//6884
f 6893//6893 6894//6894 6886//6886 6885//6885
f 6894//6894 6895//6895 6887//6887 6886//6886
f 6895//6895 6896//6896 6888//6888 6887//6887
f 3535//3535 6897//6897 6889//6889 3527//3527
f 6897//6897 6898//6898 6890//6890 6889//6889
f 6898//6898 6899//6899 6891//6891 6890//6890
f 6899//6899 6900//6900 6892//6892 6891//6891
f 6900//6900 6901//6901 6893//6893 6892//6892
f 6901//6901 6902//6902 6894//6894 6893//6893
f 6902//6902 6903//6903 6895//6895 6894//6894
f 6903//6903 6904//6904 6896//6896 6895//6895
f 3543//3543 6905//6905 6897//6897 3535//3535
f 6905//6905 6906//6906 6898//6898 6897//6897
f 6906//6906 6907//6907 6899//6899 6898//6898
f 6907//6907 6908//6908 6900//6900 6899//6899
f 6908//6908 6909//6909 6901//6901 6900//6900
f 6909//6909 6910//6910 6902//6902 6901//6901
f 6910//6910 6911//6911 6903//6903 6902//6902
f 6911//6911 6912//6912 6904//6904 6903//6903
f 3551//3551 6913//6913 6905//6905 3543//3543
f 6913//6913 6914//6914 6906//6906 6905//6905
f 6914//6914 6915//6915 6907//6907 6906//6906
f 6915//6915 6916//6916 6908//6908 6907//6907
f 6916//6916 6917//6917 6909//6909 6908//6908
f 6917//6917 6918//6918 6910//6910 6909//6909
f 6918//6918 6919//6919 6911//6911 6910//6910
f 6919//6919 6920//6920 6912//6912 6911//6911
f 6921//6921 5769//5769 5712//5712 6800//6800
f 6922//6922 5770//5770 5769//5769 6921//6921
f 6923//6923 5771//5771 5770//5770 6922//6922
f 6924//6924 5772//5772 5771//5771 6923//6923
f 6925//6925 5773//5773 5772//5772 6924//6924
f 6926//6926 5774//5774 5773//5773 6925//6925
f 6927//6927 5775//5775 5774//5774 6926//6926
f 6928//6928 5776//5776 5775//5775 6927//6927
f 6929//6929 6921//6921 6800//6800 6808//6808
f 6930//6930 6922//6922 6921//6921 6929//6929
f 6931//6931 6923//6923 6922//6922 6930//6930
f 6932//6932 6924//6924 6923//6923 6931//6931
f 6933//6933 6925//6925 6924//6924 6932//6932
f 6934//6934 6926//6926 6925//6925 6933//6933
f 6935//6935 6927//6927 6926//6926 6934//6934
f 6936//6936 6928//6928 6927//6927 6935//6935
f 6937//6937 6929//6929 6808//6808 6816//6816
f 6938//6938 6930//6930 6929//6929 6937//6937
f 6939//6939 6931//6931 6930//6930 6938//6938
f 6940//6940 6932//6932 6931//6931 6939//6939
f 6941//6941 6933//6933 6932//6932 6940//6940
f 6942//6942 6934//6934 6933//6933 6941//6941
f 6943//6943 6935//6935 6934//6934 6942//6942
f 6944//6944 6936//6936 6935//6935 6943//6943
f 6945//6945 6937//6937 6816//6816 6824//6824
f 6946//6946 6938//6938 6937//6937 6945//6945
f 6947//6947 6939//6939 6938//6938 6946//6946
f 6948//6948 6940//6940 6939//6939 6947//6947
f 6949//6949 6941//6941 6940//6940 6948//6948
f 6950//6950 6942//6942 6941//6941 6949//6949
f 6951//6951 6943//6943 6942//6942 6950//6950
f 6952//6952 6944//6944 6943//6943 6951//6951
f 6864//6864 6953//6953 6853//6853 6792//6792
f 6953//6953 6954//6954 6854//6854 6853//6853
f 6954//6954 6955//6955 6855//6855 6854//6854
f 6955//6955 6956//6956 6856//6856 6855//6855
f 6956//6956 6945//6945 6824//6824 6856//6856
f 6872//6872 6957//6957 6953//6953 6864//6864
f 6957//6957 6958//6958 6954//6954 6953//6953
f 6958//6958 6959//6959 6955//6955 6954//6954
f 6959//6959 6960//6960 6956//6956 6955//6955
f 6960//6960 6946//6946 6945//6945 6956//6956
f 6880//6880 6961//6961 6957//6957 6872//6872
f 6961//6961 6962//6962 6958//6958 6957//6957
f 6962//6962 6963//6963 6959//6959 6958//6958
f 6963//6963 6964//6964 6960//6960 6959//6959
f 6964//6964 6947//6947 6946//6946 6960//6960
f 6888//6888 6965//6965 6961//6961 6880//6880
f 6965//6965 6966//6966 6962//6962 6961//6961
f 6966//6966 6967//6967 6963//6963 6962//6962
f 6967//6967 6968//6968 6964//6964 6963//6963
f 6968//6968 6948//6948 6947//6947 6964//6964
f 6896//6896 6969//6969 6965//6965 6888//6888
f 6969//6969 6970//6970 6966//6966 6965//6965
f 6970//6970 6971//6971 6967//6967 6966//6966
f 6971//6971 6972//6972 6968//6968 6967//6967
f 6972//6972 6949//6949 6948//6948 6968//6968
f 6904//6904 6973//6973 6969//6969 6896//6896
f 6973//6973 6974//6974 6970//6970 6969//6969
f 6974//6974 6975//6975 6971//6971 6970//6970
f 6975//6975 6976//6976 6972//6972 6971//6971
f 6976//6976 6950//6950 6949//6949 6972//6972
f 6912//6912 6977//6977 6973//6973 6904//6904
f 6977//6977 6978//6978 6974//6974 6973//6973
f 6978//6978 6979//6979 6975//6975 6974//6974
f 6979//6979 6980//6980 6976//6976 6975//6975
f 6980//6980 6951//6951 6950//6950 6976//6976
f 6920//6920 6981//6981 6977//6977 6912//6912
f 6981//6981 6982//6982 6978//6978 6977//6977
f 6982//6982 6983//6983 6979//6979 6978//6978
f 6983//6983 6984//6984 6980//6980 6979//6979
f 6984//6984 6952//6952 6951//6951 6980//6980
f 3627//3627 6993//6993 6985//6985 3619//3619
f 5833//5833 6993//6993 3627//3627 2487//2487
f 6993//6993 6994//6994 6986//6986 6985//6985
f 5834//5834 6994//6994 6993//6993 5833//5833
f 6994//6994 6995//6995 6987//6987 6986//6986
f 5835//5835 6995//6995 6994//6994 5834//5834
f 6995//6995 6996//6996 6988//6988 6987//6987
f 5836//5836 6996//6996 6995//6995 5835//5835
f 6996//6996 6997//6997 6989//6989 6988//6988
f 5837//5837 6997//6997 6996//6996 5836//5836
f 6997//6997 6998//6998 6990//6990 6989//6989
f 5838//5838 6998//6998 6997//6997 5837//5837
f 6998//6998 6999//6999 6991//6991 6990//6990
f 5839//5839 6999//6999 6998//6998 5838//5838
f 6999//6999 7000//7000 6992//6992 6991//6991
f 5840//5840 7000//7000 6999//6999 5839//5839
f 6985//6985 7001//7001 3635//3635 3619//3619
f 6986//6986 7002//7002 7001//7001 6985//6985
f 6987//6987 7003//7003 7002//7002 6986//6986
f 6988//6988 7004//7004 7003//7003 6987//6987
f 6989//6989 7005//7005 7004//7004 6988//6988
f 6990//6990 7006//7006 7005//7005 6989//6989
f 6991//6991 7007//7007 7006//7006 6990//6990
f 6992//6992 7008//7008 7007//7007 6991//6991
f 3651//3651 7017//7017 7009//7009 3643//3643
f 7001//7001 7017//7017 3651//3651 3635//3635
f 7017//7017 7018//7018 7010//7010 7009//7009
f 7002//7002 7018//7018 7017//7017 7001//7001
f 7018//7018 7019//7019 7011//7011 7010//7010
f 7003//7003 7019//7019 7018//7018 7002//7002
f 7019//7019 7020//7020 7012//7012 7011//7011
f 7004//7004 7020//7020 7019//7019 7003//7003
f 7020//7020 7021//7021 7013//7013 7012//7012
f 7005//7005 7021//7021 7020//7020 7004//7004
f 7021//7021 7022//7022 7014//7014 7013//7013
f 7006//7006 7022//7022 7021//7021 7005//7005
f 7022//7022 7023//7023 7015//7015 7014//7014
f 7007//7007 7023//7023 7022//7022 7006//7006
f 7023//7023 7024//7024 7016//7016 7015//7015
f 7008//7008 7024//7024 7023//7023 7007//7007
f 3667//3667 7033//7033 7025//7025 3659//3659
f 7033//7033 7034//7034 7026//7026 7025//7025
f 7034//7034 7035//7035 7027//7027 7026//7026
f 7035//7035 7036//7036 7028//7028 7027//7027
f 7036//7036 7037//7037 7029//7029 7028//7028
f 7037//7037 7038//7038 7030//7030 7029//7029
f 7038//7038 7039//7039 7031//7031 7030//7030
f 7039//7039 7040//7040 7032//7032 7031//7031
f 3675//3675 7041//7041 7033//7033 3667//3667
f 7009//7009 7041//7041 3675//3675 3643//3643
f 7041//7041 7042//7042 7034//7034 7033//7033
f 7010//7010 7042//7042 7041//7041 7009//7009
f 7042//7042 7043//7043 7035//7035 7034//7034
f 7011//7011 7043//7043 7042//7042 7010//7010
f 7043//7043 7044//7044 7036//7036 7035//7035
f 7012//7012 7044//7044 7043//7043 7011//7011
f 7044//7044 7045//7045 7037//7037 7036//7036
f 7013//7013 7045//7045 7044//7044 7012//7012
f 7045//7045 7046//7046 7038//7038 7037//7037
f 7014//7014 7046//7046 7045//7045 7013//7013
f 7046//7046 7047//7047 7039//7039 7038//7038
f 7015//7015 7047//7047 7046//7046 7014//7014
f 7047//7047 7048//7048 7040//7040 7039//7039
f 7016//7016 7048//7048 7047//7047 7015//7015
f 3683//3683 7049//7049 6913//6913 3551//3551
f 7049//7049 7050//7050 6914//6914 6913//6913
f 7050//7050 7051//7051 6915//6915 6914//6914
f 7051//7051 7052//7052 6916//6916 6915//6915
f 7052//7052 7053//7053 6917//6917 6916//6916
f 7053//7053 7054//7054 6918//6918 6917//6917
f 7054//7054 7055//7055 6919//6919 6918//6918
f 7055//7055 7056//7056 6920//6920 6919//6919
f 3691//3691 7057//7057 7049//7049 3683//3683
f 7057//7057 7058//7058 7050//7050 7049//7049
f 7058//7058 7059//7059 7051//7051 7050//7050
f 7059//7059 7060//7060 7052//7052 7051//7051
f 7060//7060 7061//7061 7053//7053 7052//7052
f 7061//7061 7062//7062 7054//7054 7053//7053
f 7062//7062 7063//7063 7055//7055 7054//7054
f 7063//7063 7064//7064 7056//7056 7055//7055
f 3699//3699 7065//7065 7057//7057 3691//3691
f 7025//7025 7065//7065 3699//3699 3659//3659
f 7065//7065 7066//7066 7058//7058 7057//7057
f 7026//7026 7066//7066 7065//7065 7025//7025
f 7066//7066 7067//7067 7059//7059 7058//7058
f 7027//7027 7067//7067 7066//7066 7026//7026
f 7067//7067 7068//7068 7060//7060 7059//7059
f 7028//7028 7068//7068 7067//7067 7027//7027
f 7068//7068 7069//7069 7061//7061 7060//7060
f 7029//7029 7069//7069 7068//7068 7028//7028
f 7069//7069 7070//7070 7062//7062 7061//7061
f 7030//7030 7070//7070 7069//7069 7029//7029
f 7070//7070 7071//7071 7063//7063 7062//7062
f 7031//7031 7071//7071 7070//7070 7030//7030
f 7071//7071 7072//7072 7064//7064 7063//7063
f 7032//7032 7072//7072 7071//7071 7031//7031
f 7073//7073 5911//5911 5776//5776 6928//6928
f 7074//7074 5912//5912 5911//5911 7073//7073
f 7075//7075 5913//5913 5912//5912 7074//7074
f 7076//7076 5914//5914 5913//5913 7075//7075
f 7077//7077 5915//5915 5914//5914 7076//7076
f 7081//7081 5916//5916 5915//5915 7077//7077
f 7000//7000 7082//7082 7078//7078 6992//6992
f 5917//5917 7082//7082 7000//7000 5840//5840
f 7082//7082 7083//7083 7079//7079 7078//7078
f 5918//5918 7083//7083 7082//7082 5917//5917
f 7083//7083 7084//7084 7080//7080 7079//7079
f 5919//5919 7084//7084 7083//7083 5918//5918
f 7084//7084 7085//7085 7081//7081 7080//7080
f 5920//5920 7085//7085 7084//7084 5919//5919
f 7085//7085 5920//5920 5916//5916 7081//7081
f 7086//7086 7073//7073 6928//6928 6936//6936
f 7087//7087 7074//7074 7073//7073 7086//7086
f 7088//7088 7075//7075 7074//7074 7087//7087
f 7089//7089 7076//7076 7075//7075 7088//7088
f 7090//7090 7077//7077 7076//7076 7089//7089
f 7078//7078 7091//7091 7008//7008 6992//6992
f 7079//7079 7092//7092 7091//7091 7078//7078
f 7080//7080 7093//7093 7092//7092 7079//7079
f 7081//7081 7094//7094 7093//7093 7080//7080
f 7094//7094 7081//7081 7077//7077 7090//7090
f 7095//7095 7086//7086 6936//6936 6944//6944
f 7096//7096 7087//7087 7086//7086 7095//7095
f 7097//7097 7088//7088 7087//7087 7096//7096
f 7098//7098 7089//7089 7088//7088 7097//7097
f 7102//7102 7090//7090 7089//7089 7098//7098
f 7024//7024 7103//7103 7099//7099 7016//7016
f 7091//7091 7103//7103 7024//7024 7008//7008
f 7103//7103 7104//7104 7100//7100 7099//7099
f 7092//7092 7104//7104 7103//7103 7091//7091
f 7104//7104 7105//7105 7101//7101 7100//7100
f 7093//7093 7105//7105 7104//7104 7092//7092
f 7105//7105 7106//7106 7102//7102 7101//7101
f 7094//7094 7106//7106 7105//7105 7093//7093
f 7106//7106 7094//7094 7090//7090 7102//7102
f 7107//7107 7095//7095 6944//6944 6952//6952
f 7108//7108 7096//7096 7095//7095 7107//7107
f 7112//7112 7097//7097 7096//7096 7108//7108
f 7040//7040 7113//7113 7109//7109 7032//7032
f 7113//7113 7114//7114 7110//7110 7109//7109
f 7114//7114 7115//7115 7111//7111 7110//7110
f 7115//7115 7116//7116 7112//7112 7111//7111
f 7116//7116 7098//7098 7097//7097 7112//7112
f 7048//7048 7117//7117 7113//7113 7040//7040
f 7099//7099 7117//7117 7048//7048 7016//7016
f 7117//7117 7118//7118 7114//7114 7113//7113
f 7100//7100 7118//7118 7117//7117 7099//7099
f 7118//7118 7119//7119 7115//7115 7114//7114
f 7101//7101 7119//7119 7118//7118 7100//7100
f 7119//7119 7120//7120 7116//7116 7115//7115
f 7102//7102 7120//7120 7119//7119 7101//7101
f 7120//7120 7102//7102 7098//7098 7116//7116
f 7056//7056 7121//7121 6981//6981 6920//6920
f 7121//7121 7122//7122 6982//6982 6981//6981
f 7122//7122 7123//7123 6983//6983 6982//6982
f 7123//7123 7124//7124 6984//6984 6983//6983
f 7124//7124 7107//7107 6952//6952 6984//6984
f 7064//7064 7125//7125 7121//7121 7056//7056
f 7125//7125 7126//7126 7122//7122 7121//7121
f 7126//7126 7127//7127 7123//7123 7122//7122
f 7127//7127 7128//7128 7124//7124 7123//7123
f 7128//7128 7108//7108 7107//7107 7124//7124
f 7072//7072 7129//7129 7125//7125 7064//7064
f 7109//7109 7129//7129 7072//7072 7032//7032
f 7129//7129 7130//7130 7126//7126 7125//7125
f 7110//7110 7130//7130 7129//7129 7109//7109
f 7130//7130 7131//7131 7127//7127 7126//7126
f 7111//7111 7131//7131 7130//7130 7110//7110
f 7131//7131 7132//7132 7128//7128 7127//7127
f 7112//7112 7132//7132 7131//7131 7111//7111
f 7132//7132 7112//7112 7108//7108 7128//7128
