# Blender 4.3.0
# www.blender.org
mtllib balloon2.mtl
o 2.Ballooon
v -1.847988 -1.529710 6.080873
v -1.814365 -1.795479 5.903110
v -1.550097 -1.533880 6.111434
v -1.518668 -1.787507 5.919908
v -1.227905 -1.787760 5.940941
v -1.903766 -0.936096 6.328638
v -1.880267 -1.244879 6.234904
v -1.599467 -0.947257 6.348125
v -1.929664 -0.306646 6.384541
v -1.922102 -0.627832 6.371933
v -1.615479 -0.310070 6.343716
v -1.577553 -1.245245 6.248124
v -1.279541 -1.248687 6.264662
v -1.614669 -0.637561 6.376393
v -1.312106 -0.644960 6.375235
v -1.255082 -1.526740 6.116406
v -0.963594 -1.525315 6.129230
v -0.939346 -1.772447 5.942019
v -0.652563 -1.763973 5.951312
v -0.367867 -1.753255 5.958489
v -0.674542 -1.516179 6.129982
v -1.298241 -0.948565 6.347167
v -1.001278 -0.954152 6.354701
v -1.314840 -0.325521 6.361596
v -1.015918 -0.332389 6.338431
v -0.984841 -1.244644 6.261392
v -0.693402 -1.243201 6.268269
v -0.404518 -1.240836 6.272396
v -0.707469 -0.954414 6.355912
v -1.013446 -0.654059 6.376959
v -0.719130 -0.655993 6.364089
v -0.388096 -1.505819 6.129647
v -0.103661 -1.501852 6.139927
v 0.178864 -1.488874 6.136436
v 0.195194 -1.725292 5.966207
v 0.459719 -1.484449 6.147819
v 0.473842 -1.708333 5.967975
v 0.750535 -1.703043 5.982511
v -0.720893 -0.350057 6.361731
v -0.426112 -0.360743 6.421892
v -0.117918 -1.235536 6.268976
v -0.416425 -0.956693 6.359801
v -0.424803 -0.664866 6.376222
v -0.136394 -0.666634 6.363586
v 0.166841 -1.234087 6.277188
v -0.128058 -0.954696 6.356737
v -0.133090 -0.374753 6.364073
v 0.130440 -0.402887 6.358049
v 0.158505 -0.956038 6.357799
v 0.444872 -0.959151 6.352472
v 0.151356 -0.671112 6.377470
v 0.435627 -0.387162 6.352100
v 0.450094 -1.226235 6.272992
v 0.732014 -1.224487 6.284441
v 0.440866 -0.676695 6.378147
v 0.724780 -0.677735 6.371974
v 0.739015 -1.472586 6.147574
v 1.017064 -1.468132 6.158763
v 1.297900 -1.674280 5.989008
v 1.570507 -1.674197 5.999925
v 1.294668 -1.458759 6.160503
v 0.728393 -0.954491 6.356130
v 1.012082 -0.957083 6.367718
v 0.725402 -0.392402 6.373611
v 1.010416 -0.397738 6.348219
v 1.013375 -1.217142 6.282077
v 1.294431 -1.215886 6.292661
v 1.011458 -0.686946 6.383108
v 1.296732 -0.686548 6.374238
v 1.295794 -0.951568 6.361667
v 1.579694 -0.951489 6.364760
v 1.295419 -0.404690 6.358877
v 1.583482 -0.686175 6.380653
v 1.575066 -1.208233 6.281323
v -2.218528 0.349649 6.374436
v -2.235265 0.030514 6.376140
v -1.910483 0.336760 6.379721
v -1.921075 0.018294 6.366079
v -2.195020 0.665752 6.328737
v -1.888012 0.650063 6.366526
v -1.600673 0.316681 6.351207
v -1.583334 0.629858 6.381898
v -1.614802 0.003864 6.349992
v -1.310390 -0.013350 6.421137
v -1.557008 0.928183 6.312059
v -1.259768 0.900016 6.331715
v -1.526526 1.216174 6.203650
v -2.087048 1.611686 5.918437
v -2.129688 1.293044 6.124568
v -1.781967 1.524606 5.989927
v -1.822506 1.255561 6.160182
v -1.495329 1.473620 6.051714
v -1.299963 0.298992 6.362810
v -1.001714 0.276815 6.348660
v -1.283068 0.605944 6.378537
v -0.967036 0.872655 6.344701
v -1.011860 -0.026340 6.368493
v -0.718316 -0.041983 6.344771
v -0.987993 0.582667 6.384158
v -0.697382 0.555193 6.380467
v -0.943483 1.147507 6.237359
v -0.658158 1.117205 6.263503
v -0.918227 1.402671 6.105655
v -1.204373 1.438600 6.077659
v -1.177890 1.668216 5.899403
v -0.636521 1.365822 6.132723
v -0.892557 1.621061 5.944876
v -0.708838 0.255868 6.365854
v -0.420633 0.232579 6.359125
v -0.678110 0.840638 6.347265
v -0.391287 0.817431 6.362906
v -0.354903 1.338623 6.152513
v -0.426062 -0.061900 6.355727
v -0.121900 -0.060715 6.343359
v -0.408123 0.533860 6.384728
v -0.121192 0.509737 6.376432
v -0.373942 1.085728 6.271848
v -0.090969 1.064983 6.291321
v -0.130919 0.220542 6.374650
v 0.159243 0.200111 6.358512
v -0.105807 0.792315 6.363993
v 0.178529 0.775510 6.373606
v -0.074335 1.316042 6.167144
v 0.205202 1.296272 6.179486
v 0.149885 -0.091343 6.359702
v 0.439578 -0.097789 6.413125
v 0.166106 0.493558 6.383127
v 0.451016 0.470326 6.369825
v 0.191086 1.041157 6.294490
v 0.472283 1.026094 6.311131
v 0.726300 -0.108867 6.348022
v 0.441843 0.189079 6.362190
v -0.613379 1.584522 5.976047
v -0.333586 1.566122 6.000414
v -0.055526 1.542028 6.008137
v 0.221539 1.528008 6.025762
v 0.483790 1.278301 6.189949
v 0.728891 0.172488 6.353184
v 0.462312 0.755931 6.377795
v 0.744923 0.739253 6.385796
v 0.761118 1.261493 6.198198
v 1.018163 -0.116620 6.400334
v 0.736720 0.456331 6.379502
v 1.020936 0.435162 6.359736
v 0.752390 1.004932 6.311680
v 1.031685 0.989817 6.325871
v 1.018446 0.158896 6.403941
v 1.306271 0.143674 6.354443
v 1.027356 0.722025 6.387409
v 1.308861 0.700318 6.381694
v 1.037158 1.242133 6.206732
v 1.311822 1.220012 6.209363
v 1.302996 -0.130320 6.366085
v 1.586392 -0.139846 6.361622
v 1.307285 0.423286 6.375546
v 1.590438 0.405975 6.372601
v 1.309365 0.963376 6.317760
v 1.585958 0.940260 6.316391
v 0.497334 1.506082 6.029612
v 0.771824 1.495986 6.042881
v 1.044688 1.472646 6.047064
v 1.317183 1.459329 6.057492
v 1.584074 1.190937 6.206355
v -3.536254 -1.720608 4.948255
v -3.547822 -1.563333 4.744865
v -3.449218 -1.783219 4.632023
v -3.429803 -1.556294 5.261259
v -3.356025 -1.786582 5.101015
v -3.243997 -1.675545 5.489866
v -3.040820 -1.445538 5.803194
v -2.976719 -1.743272 5.623224
v -2.890596 -1.984965 5.354864
v -2.690176 -1.774552 5.728319
v -2.811690 -2.159646 5.042276
v -2.625818 -2.021213 5.460818
v -3.536746 -1.466412 5.025330
v -3.541587 -1.390856 4.769441
v -3.540534 -1.155205 4.785989
v -3.544657 -1.212579 5.082851
v -3.534552 -0.950411 5.130189
v -3.570310 -0.907783 4.817288
v -3.504404 -0.631633 4.831434
v -3.547204 -0.684518 5.164417
v -3.538399 -0.412969 5.184620
v -3.285174 -1.376001 5.608989
v -3.466177 -1.292302 5.357831
v -3.470108 -1.014925 5.420424
v -3.467237 -0.453380 5.490176
v -3.470234 -0.734854 5.464039
v -3.307123 -1.080761 5.688451
v -3.312607 -0.493073 5.770947
v -3.301579 -0.785111 5.731388
v -3.477516 -0.171982 5.513958
v -3.082808 -0.834442 5.956205
v -3.061974 -1.136780 5.885916
v -3.090492 -0.227148 6.019544
v -3.084551 -0.529730 5.989628
v -3.306270 -0.200329 5.788641
v -3.085100 0.076289 6.027647
v -2.789260 -1.185387 6.036064
v -2.827371 -0.563941 6.167773
v -3.479848 -1.613788 4.241563
v -3.369118 -1.818690 4.326823
v -3.293558 -1.855635 4.023595
v -3.277764 -1.952973 4.776847
v -3.199725 -2.032882 4.454811
v -3.328196 -1.641481 3.653433
v -3.185718 -1.877782 3.732288
v -3.424850 -1.631199 3.942973
v -3.101653 -2.061718 4.143289
v -3.232141 -1.642081 3.362358
v -3.067396 -1.875882 3.441665
v -2.896225 -2.067356 3.537188
v -3.002574 -2.071004 3.838854
v -3.128575 -1.635311 3.074408
v -2.950345 -1.867573 3.156790
v -3.514886 -1.590140 4.534966
v -3.535839 -1.371225 4.488525
v -3.543639 -1.383276 4.193818
v -3.530523 -1.123013 4.177997
v -3.532314 -1.127539 4.483254
v -3.507173 -0.867627 4.488456
v -3.499827 -0.853781 4.179942
v -3.547324 -0.591610 4.184944
v -3.511237 -0.608671 4.503950
v -3.589823 -0.343691 4.519968
v -3.545464 -1.126869 3.872689
v -3.508189 -1.383038 3.899498
v -3.589724 -0.577594 3.864377
v -3.523270 -0.852666 3.864513
v -3.524284 -1.124653 3.575316
v -3.450899 -1.393180 3.602031
v -3.565394 -0.568437 3.557149
v -3.530885 -0.847113 3.559818
v -3.461929 -1.114351 3.277822
v -3.547643 -0.550593 3.251588
v -3.529270 -0.837703 3.257910
v -3.364980 -1.386071 3.309948
v -3.381502 -1.103073 2.983141
v -3.268572 -1.374010 3.020336
v -3.513019 -0.533524 2.952822
v -3.462244 -0.821724 2.961969
v -3.532857 -0.241543 2.950999
v -3.536928 -0.257579 3.253667
v -3.174588 -0.574378 -0.327361
v -3.350120 -0.856687 -0.537299
v -3.156987 -0.837388 -0.331228
v -3.174908 -0.058892 -0.356771
v -3.368085 -0.327228 -0.556980
v -3.171742 -0.315215 -0.345366
v -2.909179 -1.072913 -0.201531
v -3.130519 -1.105143 -0.343687
v -2.859195 -1.325576 -0.263588
v -2.931983 -0.815109 -0.177780
v -2.937668 -0.558237 -0.183240
v -2.939704 -0.303335 -0.189965
v -2.945972 -0.049992 -0.193577
v -3.456442 -1.424188 -1.372719
v -3.547430 -1.186321 -1.377526
v -3.463652 -1.472315 -1.651514
v -3.462990 -1.420704 -1.071296
v -3.360879 -1.392086 -0.824755
v -3.540176 -1.156982 -1.070462
v -3.254984 -1.566214 -0.889444
v -3.361460 -1.580399 -1.379191
v -3.311535 -1.641132 -1.610626
v -3.109512 -1.577952 -0.690542
v -3.244075 -1.393535 -0.586506
v -3.241558 -1.667751 -1.142484
v -3.142553 -1.699275 -1.010159
v -3.352896 -1.563974 -1.115280
v -3.062441 -1.370459 -0.401975
v -2.938156 -1.560892 -0.521922
v -3.049760 -1.826555 -1.728627
v -3.243456 -1.681110 -1.840032
v -3.175011 -1.722223 -2.091418
v -3.550953 -1.216776 -1.675846
v -3.515077 -0.930615 -1.702745
v -3.519956 -0.906633 -1.395625
v -3.585138 -0.656485 -1.719641
v -3.524063 -0.636184 -1.407894
v -3.517834 -0.368641 -1.426065
v -3.518733 -0.380368 -1.743418
v -3.539353 -0.110558 -1.761153
v -3.513956 -0.100445 -1.450599
v -3.561156 0.170107 -1.459520
v -3.518741 -0.688039 -2.036688
v -3.528400 -0.962396 -2.003405
v -3.581150 -0.127661 -2.074674
v -3.582178 -0.404101 -2.057686
v -3.564937 0.162411 -1.773561
v -3.497752 -0.604370 -0.804821
v -3.544265 -0.887882 -1.077936
v -3.485540 -0.872354 -0.793007
v -3.532696 -0.618684 -1.098396
v -3.534171 -0.352494 -1.117389
v -3.509553 -0.076948 -0.835616
v -3.504279 -0.339334 -0.820227
v -3.532152 -0.087739 -1.135862
v -3.532600 0.175755 -1.150397
v -3.355528 -1.527306 -2.182619
v -3.492235 -1.276364 -2.250655
v -3.292485 -1.550970 -2.450468
v -3.007996 -1.772333 -2.615790
v -2.872629 -1.890860 -2.217833
v -3.094116 -1.743747 -2.348409
v -3.217838 -1.580868 -2.731852
v -2.910052 -1.789093 -2.888695
v -3.542318 -1.248321 -1.962697
v -3.546445 -1.010998 -2.302963
v -3.449316 -1.307287 -2.537716
v -3.543992 -1.038651 -2.599669
v -3.508481 -0.714007 -2.342343
v -3.571740 -0.427876 -2.368259
v -3.526704 -0.745055 -2.645530
v -3.580511 -0.454059 -2.674812
v -3.522644 -0.157895 -2.698740
v -3.537800 -0.142133 -2.390707
v -3.551241 0.134676 -2.402995
v -3.498355 -1.058999 -2.898729
v -3.386195 -1.331831 -2.829875
v -3.523147 -0.178157 -3.002367
v -3.523854 -0.472466 -2.983470
v -3.429171 -1.081698 -3.195240
v -3.294592 -1.348809 -3.119572
v -3.541811 -0.772619 -2.950357
v -3.494838 -0.790540 -3.246408
v -3.537634 -0.195507 -3.306406
v -3.540094 -0.494580 -3.283226
v -3.520977 0.112783 -3.010564
v -3.323559 -1.095716 -3.481110
v -3.066167 -1.373297 -3.677385
v -3.184976 -1.365169 -3.400321
v -3.477589 -0.507897 -3.576588
v -3.306308 -0.813070 -3.821690
v -3.418986 -0.806127 -3.538308
v -3.504705 -0.207509 -3.594923
v -3.372666 -0.514612 -3.860380
v -2.744188 -1.482072 5.906277
v -2.449897 -1.518608 5.990970
v -2.548683 -2.204395 5.149715
v -2.398537 -1.789329 5.786153
v -2.107687 -1.802952 5.841660
v -2.474518 -2.336150 4.825014
v -2.279795 -2.232854 5.243475
v -2.731362 -2.270512 4.714851
v -2.148282 -1.530294 6.040298
v -2.059767 -2.040932 5.599628
v -2.344586 -2.030696 5.534667
v -2.209772 -2.375412 4.923506
v -1.483022 -2.036373 5.683708
v -1.435091 -2.234031 5.406305
v -1.718469 -2.241578 5.364904
v -1.771772 -2.043307 5.649442
v -1.194757 -2.021025 5.701216
v -1.660456 -2.398046 5.060577
v -1.937279 -2.388829 4.999499
v -1.593497 -2.503200 4.740185
v -2.810141 -0.873882 6.108403
v -2.519783 -0.907509 6.227158
v -2.826965 -0.251003 6.189089
v -2.540789 -0.273149 6.319925
v -2.489217 -1.214735 6.122481
v -2.185101 -1.235661 6.189740
v -2.533135 -0.590207 6.279721
v -2.228261 -0.610788 6.357100
v -2.212320 -0.926987 6.293201
v -2.235737 -0.291683 6.382439
v -2.795641 -2.237030 3.949709
v -2.887997 -2.222636 4.266929
v -2.844793 -1.837886 2.865779
v -2.977054 -2.174869 4.590798
v -2.652674 -2.341691 4.385710
v -2.482734 -2.174569 3.036341
v -2.589391 -2.200616 3.334429
v -2.789072 -2.041806 3.239662
v -2.313876 -2.454920 4.163972
v -2.561645 -2.359970 4.060077
v -2.468044 -2.358437 3.741305
v -2.694658 -2.226719 3.638304
v -2.364946 -2.339254 3.436163
v -2.254304 -2.316749 3.136741
v -2.221467 -2.459061 3.844698
v -1.962484 -2.532475 3.941971
v -2.121406 -2.452100 3.536400
v -1.865642 -2.489351 4.673784
v -2.135029 -2.464166 4.591659
v -1.785149 -2.548701 4.347241
v -1.694792 -2.569823 4.027490
v -2.052816 -2.512280 4.262282
v -1.749870 -2.497450 3.334924
v -1.859962 -2.518620 3.633447
v -2.008033 -2.424753 3.238264
v -1.593700 -2.562720 3.720471
v -1.513556 -2.560104 4.418547
v -1.482547 -2.529855 3.428489
v -1.628639 -2.458083 3.050748
v -1.885293 -2.388676 2.951490
v -3.288494 -1.086095 2.691718
v -3.166552 -1.352683 2.732905
v -3.429636 -0.515980 2.657596
v -3.368535 -0.803516 2.670226
v -3.462433 -0.222998 2.655668
v -2.631452 -1.753551 2.286312
v -2.446837 -1.940140 2.363354
v -2.585357 -1.965675 2.635194
v -2.757303 -1.785762 2.566662
v -2.307172 -1.905312 2.095746
v -2.491812 -1.717178 2.019029
v -2.174373 -1.862486 1.828915
v -1.888411 -2.198945 2.292683
v -2.011443 -2.244105 2.565563
v -2.117117 -2.059625 2.185135
v -1.994591 -2.013868 1.911127
v -1.766077 -2.352602 2.670721
v -2.133249 -2.293219 2.845182
v -2.031365 -1.829488 1.577036
v -1.848889 -1.974621 1.661408
v -2.207767 -1.653898 1.505176
v -3.060814 -1.324896 2.447033
v -3.266855 -0.784002 2.382159
v -3.322860 -0.496382 2.371010
v -3.353867 -0.204091 2.369702
v -3.206775 -0.477272 2.090036
v -3.100317 -0.168344 1.819730
v -3.070042 -0.456952 1.821469
v -3.230581 -0.185810 2.091797
v -2.802763 -1.267752 1.902331
v -2.657170 -1.503102 1.956021
v -2.796172 -1.537685 2.222297
v -2.936857 -1.295816 2.170668
v -2.923196 -1.012393 1.860798
v -3.052025 -1.035058 2.132162
v -2.961943 -0.151316 1.554669
v -2.930733 -0.437656 1.557568
v -2.517052 -1.474092 1.694699
v -2.661493 -1.240355 1.641559
v -2.868708 -0.717183 1.573433
v -3.013263 -0.740372 1.833741
v -2.377213 -1.448569 1.438181
v -2.779607 -0.986587 1.600710
v -2.517620 -1.214221 1.386336
v -2.727140 -0.696696 1.314900
v -2.783620 -0.418283 1.301547
v -2.432456 -1.242594 -0.099586
v -2.594963 -1.469321 -0.266489
v -2.432603 -1.425346 -0.121015
v -2.417667 -1.604653 -0.391308
v -2.280583 -1.450136 -0.270003
v -2.069796 -1.510636 -0.369110
v -2.207994 -1.254712 -0.170880
v -2.238436 -1.673707 -0.544733
v -1.983242 -1.286649 -0.285871
v -1.900535 -1.526212 -0.582096
v -1.780719 -1.316862 -0.469859
v -1.740885 -1.551645 -0.807236
v -2.673605 -1.036937 -0.105178
v -2.683318 -0.543308 -0.093440
v -2.686470 -0.292579 -0.089825
v -2.422872 -1.017469 -0.074951
v -2.650891 -1.269366 -0.154583
v -2.681080 -0.792156 -0.091288
v -2.419231 -0.779795 -0.065400
v -2.417704 -0.534716 -0.061498
v -2.417795 -0.285858 -0.063671
v -2.418389 -0.035468 -0.069010
v -2.170671 -1.027584 -0.117442
v -2.150716 -0.536173 -0.090081
v -2.159499 -0.784057 -0.108911
v -1.907735 -0.797975 -0.205244
v -2.150436 -0.284615 -0.098359
v -1.890344 -0.289495 -0.184390
v -1.933060 -1.047284 -0.234206
v -1.675272 -0.816533 -0.359989
v -1.720011 -1.069399 -0.411045
v -1.896021 -0.544429 -0.189788
v -1.655330 -0.317362 -0.335750
v -1.662148 -0.554996 -0.344439
v -1.525000 -1.090747 -0.619871
v -1.452307 -0.570848 -0.543076
v -2.837569 -1.911442 -1.587581
v -2.963073 -1.861629 -1.967638
v -2.613004 -1.945070 -1.432617
v -2.734645 -1.946475 -1.820513
v -2.512864 -1.888554 -1.058521
v -2.853230 -1.828215 -1.017699
v -2.730406 -1.895668 -1.217845
v -2.496806 -1.975772 -1.661139
v -2.382116 -1.992391 -1.900175
v -2.444289 -1.772971 -0.706462
v -2.653625 -1.817919 -0.863780
v -2.149555 -1.851805 -1.111727
v -2.289210 -1.825330 -0.898100
v -2.380762 -1.926764 -1.271606
v -1.930550 -1.729457 -0.956818
v -2.074758 -1.708043 -0.737072
v -1.883126 -1.866130 -1.568707
v -1.658230 -1.717358 -1.422992
v -2.015072 -1.867343 -1.337986
v -2.253811 -1.950006 -1.497030
v -2.130382 -1.962576 -1.730709
v -2.013311 -1.962933 -1.972896
v -1.899450 -1.979230 -2.219244
v -1.758818 -1.865330 -1.806875
v -1.618311 -1.329925 -0.704446
v -1.459381 -1.344930 -0.943721
v -1.490641 -1.552306 -1.310589
v -1.607959 -1.558642 -1.047953
v -1.368522 -1.098896 -0.863807
v -1.478793 -0.829941 -0.569819
v -1.296438 -0.845733 -0.794957
v -1.275236 -0.577424 -0.764263
v -1.457157 -0.300936 -0.537883
v -1.263369 -0.290942 -0.773680
v -1.252679 -0.031352 -0.751509
v -1.459429 -0.056130 -0.550199
v -2.631181 -1.971261 -2.064477
v -2.525244 -1.990415 -2.316177
v -2.668031 -1.921058 -2.736023
v -2.795146 -1.792601 -3.155583
v -2.269229 -2.012064 -2.145595
v -2.300837 -2.006322 -2.824864
v -2.415353 -2.001681 -2.570668
v -2.557171 -1.932377 -2.997299
v -2.156596 -2.023515 -2.395813
v -2.180600 -2.019778 -3.074760
v -1.648568 -1.869690 -2.053396
v -1.539658 -1.890968 -2.300292
v -2.924898 -1.372898 -3.939971
v -2.745114 -1.615018 -3.821365
v -2.895941 -1.614885 -3.569088
v -2.534674 -1.807151 -3.669343
v -2.672524 -1.803817 -3.420028
v -2.770432 -1.365044 -4.191027
v -2.593694 -1.615178 -4.066535
v -2.599935 -1.344600 -4.427969
v -2.435239 -1.595392 -4.301193
v -2.245192 -1.797711 -4.156475
v -2.394688 -1.808473 -3.917152
v -2.252214 -1.574438 -4.518699
v -2.170100 -1.954369 -3.745404
v -2.094182 -1.768354 -4.385718
v -2.077855 -1.512503 -4.738447
v -1.941748 -1.723133 -4.625340
v -1.588790 -1.914204 -4.652535
v -1.756226 -1.689309 -4.813976
v -1.890458 -1.463727 -4.929867
v -3.237975 -0.512910 -4.130295
v -3.173050 -0.812859 -4.094133
v -3.274662 -0.211531 -4.146482
v -3.409523 -0.213272 -3.879251
v -3.063693 -1.099328 -4.027763
v -3.202258 -1.100734 -3.759872
v -2.907095 -1.089489 -4.282427
v -3.076714 -0.501908 -4.382739
v -3.007524 -0.799310 -4.344941
v -3.119060 -0.202814 -4.399853
v -2.730620 -1.069666 -4.520964
v -2.891233 -0.482049 -4.614351
v -2.821448 -0.777026 -4.576529
v -2.934892 -0.185403 -4.629943
v -2.408964 -1.314246 -4.644531
v -2.685980 -0.454015 -4.822709
v -2.618371 -0.746518 -4.786236
v -2.727772 -0.159432 -4.834491
v -2.207559 -1.263797 -4.841749
v -2.396899 -0.705999 -4.969113
v -2.314782 -0.991113 -4.918368
v -2.457495 -0.415937 -4.999117
v -1.998514 -1.207091 -5.014863
v -2.160497 -0.656473 -5.119021
v -2.092427 -0.938773 -5.083291
v -2.214177 -0.370531 -5.142480
v -0.908521 -2.008700 5.717089
v -1.152355 -2.218585 5.432604
v -1.380132 -2.384974 5.104193
v -1.099240 -2.367749 5.138246
v -0.868267 -2.198298 5.453835
v -0.819131 -2.338524 5.164150
v -0.623667 -1.988932 5.725575
v -0.586316 -2.165436 5.461429
v -0.484518 -2.393212 4.880105
v -0.539727 -2.304926 5.179097
v -0.340855 -1.966158 5.729387
v -0.305489 -2.145326 5.473866
v -0.211426 -2.342872 4.890681
v -0.261773 -2.270851 5.189981
v -1.211950 -2.532198 3.511302
v -1.322067 -2.568748 3.799667
v -1.036987 -2.469379 4.831834
v -1.316254 -2.491921 4.792173
v -1.239075 -2.549282 4.477206
v -1.151210 -2.567597 4.164670
v -0.965144 -2.517625 4.518900
v -1.051620 -2.547043 3.865779
v -0.880520 -2.527170 4.214224
v -0.944474 -2.494437 3.585073
v -0.832182 -2.432228 3.317803
v -0.692499 -2.476047 4.552228
v -0.760379 -2.430169 4.859871
v -0.575779 -2.353849 3.388215
v -0.421324 -2.427359 4.573787
v -0.524521 -2.422865 3.957913
v -0.350603 -2.404752 4.271037
v -0.613687 -2.471538 4.248775
v -0.784774 -2.494648 3.920689
v -0.427470 -2.338942 3.688849
v -0.099636 -2.091772 3.475956
v -0.183022 -2.230432 3.712616
v -0.332686 -2.235011 3.443282
v -0.238381 -2.136804 3.214436
v -1.622402 -2.118043 1.772177
v -1.887382 -1.805724 1.333668
v -1.703575 -1.950068 1.417465
v -2.066211 -1.631941 1.256639
v -1.506522 -2.411391 2.776279
v -1.383943 -2.368202 2.508801
v -0.978967 -2.419694 2.974089
v -1.096895 -2.476741 3.238261
v -1.243212 -2.436099 2.877797
v -0.995058 -2.339115 2.361501
v -1.121323 -2.383664 2.615923
v -0.864770 -2.306250 2.112807
v -1.256163 -2.317003 2.251868
v -1.240669 -2.186584 1.636776
v -1.125243 -2.281572 1.999357
v -1.378852 -2.216753 1.885850
v -1.099865 -2.166289 1.390890
v -1.479783 -2.083504 1.524944
v -0.734282 -2.317288 2.468782
v -0.719707 -2.363581 3.062012
v -0.604661 -2.278489 2.226386
v -0.468914 -2.250385 1.989604
v -0.603231 -2.301877 2.814509
v -0.471166 -2.269105 3.143827
v -0.480069 -2.253571 2.572699
v -0.349540 -2.216218 2.337208
v -0.182280 -2.210378 1.530316
v -0.588323 -2.247963 1.635166
v -0.443144 -2.229434 1.403799
v -2.370578 -1.189549 1.136997
v -2.228311 -1.420084 1.191845
v -2.486491 -0.939705 1.095408
v -2.631371 -0.399464 1.052444
v -2.574150 -0.674908 1.067047
v -2.656067 -0.117846 1.052211
v -1.744199 -1.781092 1.093395
v -1.559361 -1.928246 1.174755
v -1.919513 -1.604530 1.014754
v -1.595833 -1.767068 0.846696
v -1.426963 -1.902140 0.918895
v -1.338476 -2.062442 1.276361
v -1.443679 -1.747003 0.608594
v -1.266213 -1.887758 0.684731
v -1.621247 -1.565855 0.535849
v -1.048495 -2.029069 0.797550
v -1.287158 -1.731784 0.379817
v -1.111369 -1.872922 0.458685
v -1.465858 -1.552737 0.306144
v -0.963254 -1.854197 0.229669
v -0.771825 -1.979637 0.326324
v -1.304991 -1.538111 0.087273
v -1.130755 -1.714808 0.158380
v -0.667148 -2.113707 0.685727
v -0.903128 -2.000733 0.564254
v -0.981293 -1.707016 -0.062773
v -1.149945 -1.523353 -0.129734
v -0.413460 -2.180476 0.814502
v -0.297164 -2.216741 1.174682
v -0.557020 -2.193531 1.045352
v -0.270601 -2.169208 0.583296
v -0.999167 -1.511126 -0.349031
v -2.223289 -1.167942 0.891344
v -2.080983 -1.395964 0.947495
v -2.335977 -0.918476 0.851035
v -2.477612 -0.381492 0.808627
v -2.419848 -0.654521 0.824356
v -2.504818 -0.102187 0.806153
v -1.932995 -1.376879 0.706491
v -2.266505 -0.636278 0.585632
v -2.183387 -0.898716 0.612432
v -2.319791 -0.364198 0.572362
v -2.071359 -1.146839 0.652781
v -1.784138 -1.360397 0.469923
v -2.030085 -0.881566 0.378757
v -2.159933 -0.347850 0.342536
v -2.107597 -0.618565 0.355692
v -1.947399 -0.602578 0.131640
v -1.759715 -1.111374 0.194177
v -1.624976 -1.342194 0.244478
v -1.867650 -0.863440 0.156343
v -1.599964 -1.096594 -0.025436
v -1.461960 -1.324729 0.027458
v -1.779990 -0.585756 -0.081509
v -1.702487 -0.846520 -0.058849
v -1.827253 -0.316719 -0.090374
v -1.436518 -1.079890 -0.237153
v -1.306507 -1.311775 -0.190390
v -1.650966 -0.281920 -0.279903
v -1.610289 -0.569876 -0.286236
v -1.275606 -1.066561 -0.446435
v -1.153486 -1.302074 -0.407126
v -1.446137 -0.263606 -0.451396
v -1.436055 -0.557102 -0.481630
v -0.674625 -1.834859 -0.211300
v -0.833559 -1.694927 -0.280705
v -1.217842 -0.808447 -0.682390
v -1.372526 -0.816742 -0.473890
v -1.263643 -0.538881 -0.671847
v -1.408820 -1.708028 -1.905667
v -1.508462 -1.697712 -1.655379
v -1.246609 -1.538421 -1.799744
v -1.142023 -1.564846 -2.037739
v -1.351659 -1.533564 -1.554607
v -1.222194 -1.338946 -1.458731
v -1.341017 -1.342262 -1.206066
v -1.229354 -1.108139 -1.115096
v -1.102475 -1.115047 -1.364637
v -1.019667 -0.858077 -1.292809
v -1.149631 -0.853425 -1.042972
v -1.107890 -0.587231 -0.999510
v -0.960776 -0.589497 -1.245712
v -0.953501 -0.314071 -1.238280
v -1.107764 -0.292216 -1.012901
v -0.997577 -1.365139 -1.937491
v -1.105069 -1.350061 -1.699800
v -0.988775 -1.120263 -1.610691
v -0.865436 -1.135739 -1.843282
v -0.768479 -0.874011 -1.772253
v -0.887245 -0.868477 -1.532780
v -0.825344 -0.592284 -1.483088
v -0.696378 -0.595790 -1.721723
v -0.803879 -0.303349 -1.471246
v -0.666367 -0.316514 -1.710656
v -1.166424 -2.164036 -3.634594
v -1.294680 -2.114102 -3.412259
v -1.421746 -2.152126 -3.830904
v -1.044193 -1.613131 -2.281071
v -1.099710 -1.814968 -2.637129
v -0.921327 -1.651261 -2.504746
v -0.810879 -1.928204 -3.060597
v -0.964234 -1.863814 -2.859661
v -1.182564 -1.988639 -3.013883
v -0.782819 -1.690450 -2.716226
v -0.912996 -2.121256 -3.444206
v -1.037375 -2.221831 -3.854090
v -0.756759 -1.423229 -2.384380
v -0.619866 -1.461486 -2.586876
v -0.614368 -1.741975 -2.913093
v -0.392562 -1.817029 -3.109901
v -0.470816 -1.499442 -2.776437
v -0.540433 -2.125389 -3.483889
v -0.785976 -2.201805 -3.660635
v -0.650918 -2.272999 -3.879902
v -0.876133 -1.396669 -2.163275
v -0.618110 -1.174268 -2.285112
v -0.748152 -1.148714 -2.072413
v -0.640422 -0.885395 -1.998816
v -0.445330 -0.614078 -2.178437
v -0.571020 -0.603496 -1.952963
v -0.518597 -0.899185 -2.219444
v -0.395082 -0.919279 -2.427483
v -0.322939 -0.630724 -2.388453
v -0.418491 -0.329992 -2.173275
v -0.313925 -0.332723 -2.402380
v -0.357294 -1.224791 -2.679906
v -0.492889 -1.199070 -2.491292
v -0.267855 -0.937298 -2.622344
v -0.211880 -0.645348 -2.598460
v -0.195524 -0.365275 -2.605067
v -1.667200 -2.073861 -4.026499
v -1.548012 -2.116346 -3.602910
v -1.799017 -2.065193 -3.795531
v -1.529036 -2.088040 -4.251646
v -1.746344 -1.926666 -4.439837
v -1.285909 -2.175082 -4.053015
v -1.142540 -2.198566 -4.267488
v -1.375227 -2.078328 -4.462390
v -1.053484 -1.730361 -5.135838
v -1.053823 -2.013880 -4.844013
v -1.243869 -1.766761 -5.016042
v -0.583982 -2.277981 -4.483689
v -0.746540 -2.279865 -4.280993
v -0.989297 -2.202701 -4.472864
v -0.897796 -2.261751 -4.069871
v -0.651508 -2.135226 -4.826412
v -0.824274 -2.170466 -4.658824
v -1.576625 -1.663298 -4.993232
v -1.682842 -1.406716 -5.083172
v -1.775659 -1.150048 -5.157194
v -1.850795 -0.880497 -5.201295
v -1.914891 -0.605165 -5.236982
v -1.657035 -0.554615 -5.291718
v -1.607322 -0.830203 -5.288970
v -1.454025 -1.349371 -5.193458
v -1.354630 -1.577738 -5.110402
v -1.149662 -1.516104 -5.210406
v -1.231418 -1.290762 -5.270055
v -1.347533 -0.772215 -5.283166
v -1.381926 -0.501162 -5.274093
v -1.000687 -1.236555 -5.290006
v -0.944890 -1.473322 -5.283458
v -1.126688 -0.448631 -5.267002
v -1.029238 -0.784907 -5.267217
v -0.858777 -1.685867 -5.225325
v -0.664309 -1.654176 -5.261780
v -0.517706 -1.853224 -5.177677
v -0.732206 -1.428312 -5.291263
v -0.772663 -1.186827 -5.279246
v -0.803282 -0.942227 -5.270609
v -0.830487 -0.689970 -5.286507
v -0.853588 -0.425621 -5.255892
v -0.551520 -1.149678 -5.274430
v -0.528064 -1.390580 -5.277257
v -0.571197 -0.906168 -5.284263
v -0.590016 -0.396844 -5.284275
v -0.581379 -0.656088 -5.267663
v -0.085545 -1.735018 5.957583
v -0.059903 -1.946338 5.733786
v 0.014738 -2.240066 5.199710
v 0.062058 -2.308028 4.902071
v 0.219254 -1.932911 5.743736
v 0.251008 -2.091351 5.484801
v -0.026141 -2.120306 5.481153
v 0.290309 -2.213672 5.208304
v 0.383915 -2.279403 4.605348
v 0.334271 -2.277248 4.911399
v 0.115926 -2.320542 4.597171
v 0.496680 -1.917230 5.751029
v 0.563287 -2.184701 5.214344
v 0.526858 -2.075975 5.495686
v 0.771413 -1.898829 5.755713
v -0.152297 -2.371086 4.586766
v -0.087237 -2.342974 4.283996
v -0.019815 -2.251129 3.994321
v -0.271071 -2.336985 3.981185
v 0.173412 -2.274521 4.294775
v 0.054565 -2.114638 3.722903
v 0.234033 -2.174757 4.000192
v 0.346541 -1.822387 3.522100
v 0.180127 -1.708980 3.318543
v 0.411331 -1.593883 3.368405
v -0.025097 -1.967376 3.274959
v 0.064261 -1.881002 3.056195
v 0.490727 -2.110390 4.008812
v 0.436691 -2.224425 4.302474
v 0.252411 -1.631009 3.094028
v 0.180366 -1.819392 2.843684
v 0.543889 -1.930520 3.732574
v 0.295248 -2.008276 3.721280
v 0.593235 -1.745371 3.533163
v 0.698068 -2.183661 4.311101
v 0.748244 -2.066333 4.016491
v 0.843102 -1.690068 3.542397
v 0.798457 -1.890073 3.740741
v 0.913634 -2.214986 4.620594
v 0.649758 -2.247231 4.614163
v 0.959102 -2.159006 4.315513
v 1.051565 -1.853033 3.755005
v 1.095869 -1.656194 3.548793
v 0.245464 -1.334777 3.262175
v 0.479706 -1.306543 3.254986
v 0.526903 -1.002442 3.176818
v 0.314155 -0.696987 3.189156
v 0.575760 -0.689970 3.151403
v 0.593655 -0.353588 3.139856
v 0.333547 -0.101072 3.153469
v 0.604210 -0.087667 3.131565
v 0.285116 -1.010503 3.216192
v 0.396665 -1.336701 3.118590
v 0.324772 -0.395880 3.159950
v 0.521223 -0.724904 3.111610
v 0.484180 -1.028857 3.134739
v 0.522825 -1.313333 2.939340
v 0.540762 -0.435459 3.102192
v 0.704765 -0.723153 2.992162
v 0.650923 -1.520582 3.377513
v 0.710209 -1.262254 3.239352
v 0.753638 -0.975832 3.138906
v 0.786257 -0.678494 3.060248
v 0.948823 -1.221662 3.236277
v 0.895876 -1.472665 3.374817
v 1.020920 -0.658863 3.041495
v 0.991185 -0.948035 3.124041
v 1.193176 -1.188351 3.242068
v 1.144660 -1.437076 3.379441
v 1.264874 -0.637589 3.045365
v 1.235041 -0.923032 3.122987
v -0.109228 -2.107918 2.442792
v 0.029585 -2.081870 2.218775
v -0.071963 -2.167840 1.879541
v -0.328158 -2.225617 1.757985
v 0.115510 -1.964340 2.543342
v -0.238711 -2.150151 2.670915
v 0.074260 -2.150243 1.655185
v 0.173295 -2.064113 1.996655
v 0.399951 -1.915684 2.106925
v 0.258599 -1.940285 2.327210
v 0.468660 -2.032439 1.554192
v 0.318704 -2.043772 1.775153
v 0.367999 -1.584471 2.900279
v 0.317010 -1.780529 2.635554
v 0.549714 -1.903557 1.888906
v 0.503786 -1.553584 2.702570
v 0.465014 -1.755980 2.428485
v 0.612465 -1.737159 2.213454
v 0.650053 -1.533788 2.500975
v 0.802621 -1.524568 2.295647
v 0.759213 -1.729208 1.989864
v 0.700480 -1.894090 1.669940
v 0.908253 -1.718510 1.771607
v 0.634548 -1.022310 2.972986
v 0.666977 -1.298461 2.756491
v 0.743717 -0.424375 2.998053
v 0.874132 -0.725159 2.829241
v 0.918884 -0.424851 2.840381
v 0.938190 -0.123592 2.843904
v 0.747599 -0.103203 2.984051
v 0.812214 -1.285006 2.561019
v 0.784328 -1.016203 2.794493
v 0.939744 -1.013209 2.608443
v 1.031631 -0.726702 2.642933
v 1.088705 -0.431578 2.663627
v 1.112089 -0.133326 2.670044
v 0.964319 -1.278435 2.360138
v 1.095344 -1.011896 2.411748
v 1.187351 -0.728139 2.445616
v 1.253886 -0.438042 2.472433
v 1.275739 -0.141854 2.476243
v 0.951522 -1.515883 2.079283
v 1.111969 -1.270984 2.147072
v 1.249565 -1.011396 2.204564
v 1.348403 -0.732471 2.243471
v 1.441989 -0.149684 2.275962
v -0.035306 -2.198433 1.303890
v -0.152213 -2.205796 0.945441
v -0.126946 -2.165263 0.352048
v -0.526833 -2.096131 0.453441
v 0.110569 -2.187459 1.076684
v 0.220619 -2.130847 1.430708
v 0.370294 -2.132236 1.206361
v 0.153815 -2.163237 -0.112296
v 0.279082 -2.198006 0.252511
v 0.015228 -2.161508 0.119761
v 0.401103 -2.181499 0.617491
v 0.136211 -2.199109 0.484989
v 0.546059 -2.190961 0.385698
v 0.809573 -2.134325 0.517429
v 0.663573 -2.131880 0.749711
v 0.951952 -2.140136 0.280918
v -0.530168 -1.821126 -0.447411
v -0.345710 -1.950570 -0.358717
v -0.489515 -1.961583 -0.130017
v -0.849299 -1.504874 -0.565188
v -0.685298 -1.686159 -0.504992
v -0.102508 -2.078779 -0.237968
v -0.379839 -1.828327 -0.662849
v -0.199243 -1.955771 -0.579754
v -0.701716 -1.500826 -0.780539
v -0.537646 -1.683052 -0.723644
v -0.236973 -1.833578 -0.875514
v -0.401869 -1.682063 -0.942322
v -0.057337 -1.958848 -0.803174
v -0.565694 -1.499811 -1.000782
v 0.066388 -1.964567 -1.045887
v -0.264689 -1.690475 -1.168722
v 0.291947 -2.161200 -0.345853
v 0.037875 -2.078835 -0.466110
v 0.175415 -2.084778 -0.701062
v 0.032005 -1.846547 -1.340237
v 0.209716 -1.976246 -1.273695
v 0.418510 -2.196868 0.018076
v 0.426082 -2.174959 -0.585081
v 0.151132 -1.852723 -1.581493
v 0.329812 -1.987431 -1.529586
v 0.560343 -2.177789 -0.827052
v 0.308243 -2.090240 -0.939683
v 0.437691 -2.107877 -1.184867
v 0.951665 -2.236726 -0.954903
v 0.822019 -2.227075 -0.705266
v 0.689079 -2.193588 -1.076055
v -1.120376 -1.057362 -0.655300
v -0.997889 -1.291779 -0.616916
v -0.971030 -1.051105 -0.865098
v -0.850069 -1.286094 -0.829290
v -1.103026 -0.542620 -0.884456
v -1.060771 -0.800194 -0.886123
v -1.105051 -0.266720 -0.836864
v -0.832309 -1.045981 -1.079114
v -0.708249 -1.279625 -1.043409
v -0.972858 -0.535852 -1.100655
v -0.916427 -0.793161 -1.095447
v -0.958412 -0.263411 -1.048995
v -0.577904 -1.276835 -1.261259
v -0.786704 -0.782454 -1.309895
v -0.836274 -0.522074 -1.305397
v 0.273221 -1.864576 -1.823015
v -0.013733 -1.698630 -1.624030
v 0.099440 -1.701283 -1.855299
v -0.072105 -1.501436 -1.886212
v -0.178408 -1.498152 -1.660927
v 0.192799 -1.707103 -2.093473
v 0.464092 -1.879313 -2.339943
v 0.368280 -1.876329 -2.086816
v 0.022731 -1.496732 -2.108831
v 0.281746 -1.705945 -2.317438
v 0.158083 -1.491665 -2.511257
v 0.113234 -1.489564 -2.316389
v 0.415173 -1.820785 -2.499717
v 0.313696 -1.705089 -2.484604
v 0.360049 -1.709044 -2.697834
v 0.697331 -2.056327 -2.386804
v 0.534737 -1.913750 -2.672489
v 0.777907 -2.119987 -2.835814
v -0.300796 -1.497749 -1.439268
v -0.453310 -1.274518 -1.479266
v -0.328090 -1.269360 -1.694025
v -0.447283 -1.023389 -1.718487
v -0.567919 -1.028981 -1.504101
v -0.661993 -0.774527 -1.523946
v -0.535829 -0.764284 -1.732598
v -0.585741 -0.496398 -1.730042
v -0.708828 -0.506210 -1.518600
v -0.603863 -0.234343 -1.708462
v -0.339058 -1.018043 -1.932288
v -0.215636 -1.265025 -1.910120
v -0.474479 -0.484461 -1.938627
v -0.420649 -0.753757 -1.940794
v -0.484534 -0.199490 -1.916866
v -0.029397 -1.250450 -2.329585
v -0.123454 -1.261527 -2.126935
v -0.144708 -0.997195 -2.345728
v -0.234043 -1.006737 -2.139869
v -0.325187 -0.744405 -2.153468
v -0.215079 -0.728228 -2.351633
v -0.255776 -0.457209 -2.340512
v -0.365628 -0.470478 -2.145615
v -0.264819 -0.190066 -2.329140
v 0.212018 -1.485711 -2.719737
v 0.087840 -1.241533 -2.738647
v -0.074104 -0.988158 -2.552987
v 0.027714 -1.247381 -2.533302
v 0.011936 -0.984050 -2.752809
v -0.038779 -0.712677 -2.754661
v -0.056735 -0.440756 -2.756352
v -0.145405 -0.721044 -2.566180
v -0.053874 -0.185734 -2.746746
v -0.156062 -0.426714 -2.546950
v -0.300133 -1.535405 -2.945210
v -0.087461 -1.781610 -3.157787
v -0.025699 -1.969971 -3.294402
v -0.170149 -2.179446 -3.569485
v -0.296206 -2.021678 -3.347061
v 0.161314 -1.483403 -3.038081
v 0.181800 -1.737167 -3.150185
v 0.422818 -1.633682 -3.173954
v -0.084635 -1.511422 -3.061889
v 0.079834 -2.129785 -3.477983
v 0.324530 -2.094854 -3.385143
v 0.477566 -1.808215 -3.235856
v 0.234584 -1.907688 -3.251009
v 0.381041 -2.343113 -3.911964
v 0.216420 -2.261771 -3.685826
v 0.141180 -2.348717 -4.034838
v -0.024739 -2.288129 -3.799926
v 0.467915 -1.883927 -2.980237
v 0.337739 -1.702577 -2.951701
v 0.228690 -1.476135 -2.950068
v 0.646916 -2.093183 -3.090645
v 0.571013 -2.010436 -3.338778
v 0.687175 -2.209920 -3.466444
v -0.138398 -0.948891 -2.808478
v -0.170979 -0.065198 -2.611192
v -0.073355 -0.050770 -2.827850
v -0.215879 -1.241127 -2.855396
v -0.077678 -1.225847 -3.025465
v -0.086794 -0.352469 -2.830756
v -0.030999 -0.364943 -3.031011
v -0.074072 -0.939556 -3.022994
v 0.060704 -0.933997 -2.934816
v 0.004978 -0.080375 -3.037519
v -0.051718 -0.105171 -2.889650
v 0.394285 -1.405559 -3.096749
v 0.129393 -1.208141 -2.995907
v 0.352887 -0.915088 -2.922375
v 0.377882 -1.167124 -2.996566
v 0.009804 -0.663672 -2.915625
v 0.324548 -0.658667 -2.842174
v 0.017696 -0.341511 -2.895762
v 0.271831 -0.123463 -2.768515
v 0.285646 -0.401607 -2.768049
v 0.149427 -0.970568 -2.889963
v 0.163850 -1.223372 -2.920040
v 0.094281 -0.440750 -2.874242
v -0.501124 -2.315656 -4.102420
v -0.471641 -2.073026 -4.966409
v -0.410033 -2.240309 -4.670585
v -0.337535 -2.325638 -4.320199
v -0.096611 -2.351682 -4.170014
v -0.163103 -2.302232 -4.530600
v -0.231744 -2.169048 -4.840921
v 0.014717 -2.232513 -4.731178
v 0.080468 -2.337977 -4.399274
v -0.057162 -2.060463 -5.001532
v 0.259681 -2.275249 -4.622400
v 0.320556 -2.353083 -4.271982
v 0.183931 -2.111380 -4.919675
v 0.330423 -1.941986 -5.098240
v 0.745072 -2.311002 -4.388333
v 0.561872 -2.364490 -4.149568
v 0.502426 -2.294180 -4.507475
v 0.675472 -2.178982 -4.735711
v 0.826373 -2.002955 -4.946685
v 0.428259 -2.150883 -4.832953
v 0.573923 -1.967417 -5.022203
v 0.355379 -1.170396 -5.260157
v 0.290290 -1.433759 -5.287714
v 0.116525 -1.150781 -5.266123
v 0.063360 -1.406438 -5.289772
v 0.144566 -0.896000 -5.321661
v 0.432801 -0.649842 -5.264451
v 0.166234 -0.642574 -5.320005
v 0.448497 -0.385087 -5.258432
v 0.533184 -1.463855 -5.290994
v 0.604723 -1.195475 -5.272440
v 0.715258 -0.390871 -5.258863
v 0.695149 -0.658257 -5.265738
v -0.336929 -1.773530 -5.237789
v -0.490083 -1.641644 -5.288690
v -0.333688 -1.555274 -5.286046
v -0.334461 -1.378962 -5.288728
v -0.332224 -1.134559 -5.276820
v -0.333303 -0.887937 -5.268778
v -0.340438 -0.638750 -5.284628
v -0.338243 -0.384313 -5.258795
v -0.110421 -1.134724 -5.264555
v -0.136707 -1.380126 -5.278570
v -0.099862 -0.886323 -5.271186
v -0.084999 -0.379097 -5.263567
v -0.090062 -0.633711 -5.262784
v 0.176949 -0.383205 -5.274514
v 1.025275 -1.689977 5.988311
v 1.043706 -1.891541 5.768589
v 1.069475 -2.041505 5.510244
v 0.800207 -2.064727 5.505947
v 1.174955 -2.195609 4.629111
v 1.136883 -2.208233 4.934631
v 1.312681 -1.878896 5.774549
v 1.335562 -2.038720 5.523055
v 1.396630 -2.179919 4.943978
v 1.432894 -2.176623 4.640399
v 1.576638 -1.868838 5.779296
v 1.596230 -2.012582 5.523080
v 1.687504 -2.158455 4.656096
v 1.654277 -2.173578 4.957398
v 1.836942 -1.671072 5.956714
v 1.907391 -2.145721 4.972970
v 1.939176 -2.142081 4.676092
v 1.572447 -1.452083 6.155507
v 1.845587 -1.451573 6.135067
v 2.099805 -1.649920 5.948834
v 1.839731 -1.843741 5.762733
v 2.097003 -1.819702 5.760256
v 2.157311 -2.110768 4.989697
v 2.187980 -2.116459 4.701270
v 1.854387 -1.206737 6.262783
v 1.870217 -0.685737 6.376178
v 1.584493 -0.412770 6.367722
v 1.216127 -2.125430 4.327389
v 1.304328 -1.824869 3.772212
v 1.348844 -1.632131 3.561079
v 1.472394 -2.112958 4.338538
v 1.600448 -1.607020 3.586631
v 1.557457 -1.811338 3.787248
v 1.807105 -1.786734 3.818700
v 1.853185 -1.592149 3.610366
v 1.974709 -2.069849 4.382737
v 1.725461 -2.095346 4.356225
v 2.103876 -1.570446 3.650235
v 2.056956 -1.775366 3.846821
v 2.222580 -2.056812 4.411479
v 2.260775 -1.930412 4.137043
v 2.014977 -1.953858 4.099022
v 2.304958 -1.761590 3.881319
v 2.352352 -1.544090 3.704324
v 1.395311 -1.407774 3.395560
v 1.442937 -1.165408 3.249209
v 1.482733 -0.897899 3.142644
v 1.513583 -0.619418 3.054918
v 1.694016 -1.139617 3.279289
v 1.648551 -1.388362 3.412641
v 1.763655 -0.598713 3.093231
v 1.734940 -0.878243 3.165206
v 1.900433 -1.362670 3.451437
v 1.947832 -1.118517 3.314826
v 1.986702 -0.854568 3.214681
v 2.015646 -0.579264 3.142585
v 2.199533 -1.092105 3.374126
v 2.153700 -1.341050 3.495322
v 2.234957 -0.827288 3.288929
v 2.264422 -0.556927 3.218700
v 2.442619 -1.057318 3.465497
v 2.403932 -1.312602 3.560576
v 2.498109 -0.528652 3.337726
v 2.478418 -0.797735 3.384801
v 1.098513 -1.509698 1.860570
v 1.061825 -1.712035 1.556977
v 1.266098 -1.271436 1.932622
v 1.412784 -0.443450 2.267340
v 1.508808 -0.737087 2.032750
v 1.401893 -1.011317 1.988724
v 1.424814 -1.273146 1.716709
v 1.559128 -1.013197 1.770289
v 1.664606 -0.739325 1.811769
v 1.570982 -0.448339 2.053914
v 1.734062 -0.453556 1.836862
v 1.767444 -0.161975 1.846093
v 1.607876 -0.156519 2.067151
v 1.251102 -1.503184 1.642446
v 1.411729 -1.505775 1.423331
v 1.377310 -1.711899 1.109594
v 1.219995 -1.710049 1.337125
v 1.003424 -1.887417 1.224832
v 1.571701 -1.511175 1.197949
v 1.521431 -1.721147 0.869145
v 1.155978 -1.894837 0.998312
v 1.453647 -1.903145 0.526824
v 1.064339 -2.034867 0.644154
v 1.209910 -2.042842 0.407812
v 1.351542 -2.056293 0.168360
v 1.718955 -1.511598 0.959394
v 1.676896 -1.727668 0.637206
v 1.596395 -1.911094 0.285891
v 1.869335 -1.517169 0.719588
v 2.022007 -1.524545 0.478282
v 1.965920 -1.740054 0.143976
v 1.824759 -1.727658 0.395152
v 1.740429 -1.928062 0.043724
v 1.580492 -1.272687 1.492873
v 1.719034 -1.016353 1.547809
v 1.824405 -0.742845 1.587245
v 1.895095 -0.457786 1.611526
v 1.929780 -0.166577 1.620173
v 1.735588 -1.273494 1.263165
v 1.879241 -1.020872 1.319423
v 1.980457 -0.745515 1.353998
v 2.057127 -0.462275 1.380410
v 2.087776 -0.170346 1.384866
v 1.893764 -1.281326 1.029601
v 2.141257 -0.751557 1.117956
v 2.250618 -0.174178 1.146720
v 2.041980 -1.284205 0.785058
v 2.029032 -1.022181 1.078142
v 2.183066 -1.027913 0.834835
v 2.291000 -0.754466 0.869440
v 2.208470 -0.464969 1.136285
v 2.363545 -0.468974 0.889121
v 2.400589 -0.177035 0.894639
v 2.191673 -1.288820 0.538270
v 2.331671 -1.031705 0.583991
v 2.438577 -0.757619 0.614988
v 2.511200 -0.471920 0.632229
v 2.548073 -0.179642 0.635825
v 2.331547 -1.290409 0.281509
v 2.165838 -1.529707 0.225958
v 2.476120 -1.036379 0.326213
v 2.576227 -0.759468 0.350460
v 2.653681 -0.475168 0.367319
v 2.684296 -0.182085 0.365856
v 1.090599 -2.223235 -0.577341
v 1.081571 -2.259570 -1.206659
v 1.091008 -2.150093 0.041168
v 0.823662 -2.198027 -0.089436
v 0.958910 -2.215911 -0.331152
v 1.214077 -2.274479 -1.459423
v 0.819672 -2.210595 -1.330143
v 0.950355 -2.232485 -1.588697
v 1.226717 -2.160387 -0.201828
v 1.360668 -2.179271 -0.446640
v 1.488706 -2.064049 -0.075470
v 1.617761 -2.289546 -1.567986
v 1.481245 -2.272758 -1.324430
v 1.354196 -2.299908 -1.707748
v 1.624903 -2.081429 -0.320092
v 1.747394 -2.221459 -1.191318
v 2.011125 -2.230367 -1.673007
v 1.876276 -2.223564 -1.436700
v 2.002555 -2.109444 -1.069839
v 2.125211 -2.115913 -1.319236
v 2.106853 -1.743413 -0.103408
v 1.875587 -1.930779 -0.204707
v 2.133307 -1.953676 -0.707214
v 2.006506 -1.948574 -0.453005
v 1.880564 -2.101672 -0.818402
v 1.751491 -2.091053 -0.569769
v 0.570283 -2.117193 -1.438489
v 0.698547 -2.134944 -1.701631
v 0.833060 -2.173395 -1.971968
v 0.986135 -2.212811 -2.243967
v 0.590609 -2.031863 -2.060675
v 0.968072 -2.212719 -2.620408
v 1.198642 -2.286802 -2.465842
v 1.247666 -2.294739 -2.095833
v 1.414823 -2.350866 -2.689999
v 1.436333 -2.332975 -2.317800
v 1.633303 -2.360586 -2.536386
v 1.674435 -2.346807 -2.169533
v 2.064263 -2.300860 -2.238355
v 1.849836 -2.341573 -2.384499
v 2.023681 -2.324604 -2.591201
v 2.145474 -2.223165 -1.899793
v 1.911307 -2.303048 -2.027503
v 2.394744 -2.180365 -2.294718
v 2.211232 -2.265508 -2.433636
v 2.196509 -2.272921 -2.782361
v 1.012282 -2.270931 -3.044667
v 0.851042 -2.237733 -3.261316
v 1.233800 -2.348141 -3.277229
v 1.049769 -2.330322 -3.472568
v 1.426858 -2.352788 -3.092947
v 1.249275 -2.361046 -3.704999
v 1.641303 -2.348705 -3.330552
v 1.447601 -2.356886 -3.517635
v 1.448720 -2.317045 -3.941977
v 1.410947 -2.213769 -4.342929
v 1.225721 -2.320460 -4.111726
v 1.638076 -2.198071 -4.166399
v 1.654539 -2.303119 -3.753380
v 0.989817 -2.324627 -4.261030
v 0.693733 -1.743109 -5.179764
v 1.169177 -2.209595 -4.492985
v 1.331881 -2.029557 -4.707318
v 1.079541 -2.024444 -4.837641
v 1.212681 -1.783186 -5.025660
v 1.577334 -2.038233 -4.553291
v 1.473217 -1.799031 -4.894815
v 1.813653 -2.030900 -4.373391
v 1.725350 -1.815280 -4.753654
v 1.851196 -2.187015 -3.971987
v 1.964366 -1.813533 -4.543080
v 2.029023 -2.017105 -4.165775
v 1.847298 -1.565554 -4.865313
v 2.084543 -1.568305 -4.664170
v 0.864636 -1.222522 -5.278630
v 0.659349 -0.933679 -5.309583
v 0.926439 -0.951503 -5.272316
v 0.963996 -0.678350 -5.265701
v 0.988436 -0.407190 -5.262836
v 0.723925 -0.119026 -5.261840
v 1.001931 -0.131061 -5.302932
v 1.048563 -1.515521 -5.213938
v 0.787551 -1.496947 -5.277887
v 1.136117 -1.256268 -5.284377
v 1.267029 -0.419275 -5.281105
v 1.240935 -0.698915 -5.283597
v 1.408851 -1.275024 -5.210616
v 1.321982 -1.539366 -5.139987
v 1.522655 -0.720824 -5.278776
v 1.474690 -1.000463 -5.253987
v 1.200511 -0.979139 -5.289867
v 1.552351 -0.438019 -5.286367
v 1.677282 -1.291613 -5.092738
v 1.587042 -1.557342 -5.017650
v 1.750558 -1.018234 -5.154014
v 1.799697 -0.735695 -5.187610
v 1.831949 -0.450333 -5.207388
v 1.942553 -1.302665 -4.946924
v 2.067391 -0.745199 -5.047463
v 2.015421 -1.027664 -5.006451
v 2.101547 -0.459277 -5.073720
v 2.192058 -1.309768 -4.758358
v 2.263876 -1.030882 -4.816928
v 2.355790 -0.462948 -4.896474
v 2.118248 -0.172098 -5.087001
v 2.367735 -0.175403 -4.906199
v 2.433263 -2.068905 4.732866
v 2.407655 -2.080498 5.010194
v 2.113693 -1.432914 6.104504
v 2.378075 -1.410538 6.070797
v 2.354465 -1.617360 5.924283
v 2.609822 -1.609913 5.915578
v 2.572897 -1.774977 5.728827
v 2.343002 -1.796236 5.752742
v 2.650271 -1.999458 5.032283
v 2.679362 -2.007404 4.770497
v 2.636138 -1.394910 6.007392
v 2.579114 -1.894770 5.525198
v 2.795015 -1.791587 5.525597
v 2.867241 -1.386406 5.874755
v 2.817064 -1.594591 5.791241
v 2.964763 -1.617468 5.592062
v 2.872463 -1.869402 5.066432
v 3.027313 -1.651446 5.108705
v 2.844753 -1.847091 5.309040
v 3.039032 -1.420558 5.130179
v 3.042725 -1.639169 4.853599
v 3.041889 -1.426589 4.862518
v 3.038075 -1.452288 4.600058
v 3.030311 -1.650733 4.608704
v 1.861457 -0.946738 6.341191
v 2.142424 -0.943556 6.304816
v 1.874044 -0.417933 6.381029
v 2.153872 -0.418858 6.364017
v 2.128822 -1.194094 6.217796
v 2.399867 -1.180576 6.170395
v 2.147842 -0.681471 6.343662
v 2.418639 -0.677991 6.265116
v 2.410044 -0.931043 6.223188
v 2.661559 -0.920905 6.107932
v 2.651209 -1.161675 6.065725
v 2.415825 -0.420872 6.274055
v 2.655447 -0.425171 6.136468
v 2.657166 -0.673954 6.123411
v 2.866148 -1.153744 5.903513
v 2.852204 -0.677062 5.934427
v 2.989311 -0.688434 5.699691
v 2.851025 -0.434647 5.942421
v 2.861122 -0.916841 5.923613
v 3.011473 -1.159516 5.682967
v 2.985643 -0.450640 5.700859
v 3.047111 -0.706266 5.431786
v 3.045441 -1.175221 5.418828
v 3.008550 -1.392966 5.654120
v 3.031286 -1.210165 4.859357
v 3.025292 -1.190860 5.136438
v 3.043082 -0.962028 5.142083
v 3.033438 -0.988461 4.850286
v 3.092975 -0.763732 4.838821
v 3.016579 -0.732986 5.130046
v 3.037657 -0.501175 5.125999
v 3.089914 -0.534563 4.825254
v 3.020556 -0.303740 4.807471
v 3.026327 -0.269630 5.109032
v 3.032564 -1.025378 4.563133
v 3.033069 -1.243617 4.583289
v 3.030373 -0.572691 4.522826
v 3.031616 -0.801004 4.542431
v 2.547486 -1.731085 3.937978
v 2.503836 -1.914376 4.178617
v 2.598526 -1.516176 3.771167
v 2.723200 -1.853192 4.250679
v 2.770219 -1.690162 4.033900
v 2.820179 -1.463901 3.895832
v 2.903870 -1.754488 4.332810
v 2.904145 -1.852656 4.569460
v 2.997922 -1.390650 4.066040
v 2.961413 -1.630079 4.155472
v 3.050874 -1.681576 4.387840
v 3.042010 -1.507094 4.347749
v 2.637866 -1.268866 3.668126
v 2.674820 -1.017605 3.584155
v 2.694166 -0.757541 3.533669
v 2.715788 -0.497650 3.486976
v 2.863365 -0.964099 3.766272
v 2.854321 -1.217747 3.811373
v 2.885152 -0.459757 3.694818
v 2.883127 -0.713392 3.721421
v 2.997633 -0.906129 3.990649
v 2.991537 -1.147325 4.024869
v 3.005783 -0.420262 3.937102
v 2.996424 -0.663196 3.965400
v 3.047027 -1.298901 4.312840
v 3.038581 -1.077703 4.281659
v 3.047317 -0.848991 4.253376
v 3.042472 -0.616252 4.229111
v 3.047459 -0.380320 4.210199
v 3.025553 -0.341635 4.506810
v 2.469791 -1.297074 0.020914
v 2.709715 -0.762854 0.079373
v 2.250965 -1.754930 -0.350020
v 2.300938 -1.534841 -0.031096
v 2.470875 -1.955878 -1.481426
v 2.356884 -1.962944 -1.225574
v 2.250393 -2.112576 -1.563225
v 2.546171 -1.538822 -0.564242
v 2.362456 -1.753763 -0.619026
v 2.656012 -1.545080 -0.839150
v 2.472001 -1.762891 -0.885339
v 2.753810 -1.546332 -1.121638
v 2.575243 -1.776385 -1.157349
v 2.834537 -1.545639 -1.411459
v 2.606720 -1.037962 0.057196
v 2.598948 -1.298721 -0.247015
v 2.779322 -0.477048 0.089281
v 2.827432 -0.764185 -0.203190
v 2.437972 -1.538230 -0.289280
v 2.711870 -1.303113 -0.525823
v 2.729190 -1.038900 -0.219096
v 2.930029 -0.766092 -0.495716
v 2.892447 -0.479108 -0.198352
v 3.016625 -0.193024 -0.504498
v 2.925994 -0.188653 -0.202664
v 2.808138 -1.301256 -0.813333
v 2.831522 -1.038865 -0.506897
v 2.924471 -1.039153 -0.801474
v 2.997646 -0.764741 -0.800004
v 2.981746 -0.480731 -0.498118
v 3.044108 -0.483245 -0.806269
v 3.049506 -0.198128 -0.818113
v 2.891277 -1.297698 -1.108240
v 2.990989 -1.038093 -1.105634
v 3.046597 -0.764461 -1.112886
v 3.037511 -0.483704 -1.129790
v 3.033966 -0.203099 -1.145061
v 2.952755 -1.295883 -1.411379
v 2.275294 -2.203436 -2.110834
v 2.354008 -2.208262 -2.595739
v 2.369653 -2.177604 -2.953900
v 2.599948 -2.033504 -2.213678
v 2.495337 -2.075027 -2.019533
v 2.463075 -2.154571 -2.465271
v 2.498662 -2.115449 -2.736283
v 2.704041 -1.892706 -1.970280
v 2.660151 -1.983545 -2.839369
v 2.595461 -2.061839 -2.502723
v 2.657277 -1.764220 -1.432999
v 2.761673 -1.766392 -1.701064
v 2.802288 -1.827343 -2.915438
v 2.749270 -1.920027 -2.569780
v 2.907247 -1.531222 -1.707932
v 2.840249 -1.729339 -1.998395
v 2.749653 -1.889578 -2.272119
v 2.877727 -1.732920 -2.308374
v 2.860996 -1.769673 -2.615229
v 3.006607 -1.289401 -1.722642
v 3.027772 -1.033324 -1.420260
v 3.047608 -1.038842 -1.740464
v 3.028239 -0.762534 -1.764420
v 3.037776 -0.763490 -1.436971
v 3.026289 -0.485728 -1.455806
v 3.019816 -0.493119 -1.784369
v 3.037607 -0.223436 -1.806675
v 3.093383 -0.210534 -1.473164
v 2.957452 -1.526604 -2.020186
v 3.038370 -1.298868 -2.043501
v 3.013319 -0.779287 -2.093359
v 3.040306 -1.046417 -2.071452
v 3.083616 -0.513187 -2.122525
v 3.049352 -0.239402 -2.140849
v 2.970973 -1.575310 -2.657485
v 2.987061 -1.542650 -2.338910
v 2.209509 -2.216252 -3.157712
v 2.396579 -2.082223 -3.327778
v 2.230962 -2.130786 -3.548151
v 2.035192 -2.260881 -3.360487
v 2.229975 -1.997836 -3.945023
v 2.573136 -1.904931 -3.462517
v 2.415766 -1.966384 -3.710718
v 2.388542 -1.795144 -4.101536
v 2.560079 -1.772482 -3.842334
v 2.521467 -1.546853 -4.205682
v 2.694397 -1.515189 -3.933330
v 2.920351 -1.615211 -2.970257
v 2.834077 -1.661544 -3.271910
v 2.977587 -0.949218 -3.753781
v 2.922717 -1.220695 -3.704470
v 2.864111 -0.982492 -4.063221
v 2.901306 -0.703803 -4.101776
v 3.022251 -0.675344 -3.794496
v 3.039045 -0.398385 -3.826648
v 2.932639 -0.425321 -4.135533
v 2.942538 -0.145630 -4.152359
v 3.040895 -0.121637 -3.845296
v 2.748214 -0.728384 -4.390192
v 2.773163 -0.445021 -4.417439
v 3.008836 -1.383353 -3.019995
v 3.050146 -1.349072 -2.696815
v 3.032101 -1.092357 -2.737195
v 3.029997 -1.135673 -3.067216
v 3.027983 -0.871758 -3.102361
v 3.024487 -0.835923 -2.772733
v 3.110943 -0.565290 -2.797272
v 3.088447 -0.602980 -3.132333
v 3.022076 -0.324496 -3.155818
v 3.088760 -0.299136 -2.818295
v 2.939202 -1.428820 -3.335365
v 2.714978 -1.716377 -3.556127
v 2.179272 -1.799686 -4.330548
v 2.416615 -1.299296 -4.532995
v 2.317320 -1.565464 -4.452766
v 2.579733 -0.457905 -4.673348
v 2.546715 -0.742546 -4.642519
v 2.317331 -0.748012 -4.861797
v 2.621792 -1.281574 -4.283727
v -3.517835 -0.373694 4.851574
v -3.546823 -0.108061 4.868529
v -3.555354 -0.141128 5.201750
v -3.543132 0.132724 5.214246
v -3.518747 0.432238 4.888836
v -3.535638 0.405587 5.220482
v -3.520202 0.700222 4.899380
v -3.548490 0.676680 5.226087
v -3.539454 0.949384 5.213079
v -3.467220 0.391058 5.524286
v -3.465976 0.109705 5.519040
v -3.464678 0.673324 5.523210
v -3.302039 0.091824 5.797661
v -3.297212 0.679033 5.788488
v -3.303603 0.385056 5.802463
v -3.461963 0.955271 5.495872
v -3.063996 0.684402 5.999099
v -3.075068 0.379992 6.019796
v -2.827073 0.061328 6.206091
v -2.813240 0.374120 6.189180
v -2.764783 0.995403 6.080092
v -2.792680 0.686110 6.148705
v -3.525461 0.964270 4.898136
v -3.528615 1.228499 4.899842
v -3.549648 1.213858 5.190172
v -3.549157 1.412929 5.172967
v -3.449255 1.234622 5.451220
v -3.544353 1.503401 4.939872
v -3.356139 1.676728 5.099559
v -3.265457 1.265380 5.685536
v -3.278119 0.971394 5.744112
v -3.404840 1.493685 5.333182
v -3.285907 1.750584 4.826945
v -3.470097 1.537844 4.676407
v -3.039487 0.985103 5.942863
v -3.205262 1.534009 5.531824
v -3.124192 1.736523 5.285107
v -3.004503 1.278562 5.851623
v -2.874578 1.785577 5.445255
v -3.617600 -0.323312 4.197413
v -3.560102 -0.041747 4.214730
v -3.511058 -0.071511 4.533183
v -3.590317 0.192184 4.550045
v -3.529940 0.231909 4.224340
v -3.587913 0.469629 4.559314
v -3.587529 0.504457 4.235023
v -3.525574 0.779893 4.246565
v -3.620910 0.740022 4.568468
v -3.571905 1.012298 4.581882
v -3.588164 -0.019063 3.891836
v -3.576586 -0.302797 3.877379
v -3.503029 0.263499 3.906540
v -3.530262 0.819068 3.939304
v -3.513344 0.541725 3.919476
v -3.512888 0.295794 3.593667
v -3.513031 0.012179 3.572787
v -3.541169 0.863207 3.636240
v -3.532406 0.579789 3.609431
v -3.551085 0.323866 3.281049
v -3.527909 0.033251 3.268229
v -3.476236 0.891255 3.342942
v -3.540998 0.611146 3.307045
v -3.517061 0.345359 2.982614
v -3.540075 0.052678 2.960674
v -3.394949 0.917633 3.051164
v -3.470564 0.634621 3.011958
v -3.536560 1.056514 4.276070
v -3.508293 1.326059 4.317334
v -3.546359 1.278960 4.609196
v -3.462093 1.368629 4.023123
v -3.532893 1.101184 3.972648
v -3.214061 1.806515 4.540207
v -3.402825 1.577210 4.397141
v -3.127611 1.844683 4.248605
v -3.324328 1.614134 4.111135
v -3.367642 1.400008 3.735839
v -3.471081 1.138410 3.678059
v -3.033727 1.871142 3.954724
v -3.225844 1.641201 3.821974
v -3.261996 1.423368 3.453509
v -3.392547 1.168688 3.388324
v -3.153514 1.444330 3.172186
v -3.289450 1.189630 3.103912
v -3.182718 0.195083 -0.362953
v -3.370800 -0.067762 -0.571844
v -3.187125 0.695470 -0.385642
v -3.374550 0.444394 -0.597416
v -3.177821 0.446134 -0.382226
v -3.180959 1.186844 -0.413272
v -3.369975 0.950494 -0.621991
v -3.179387 0.941812 -0.405926
v -2.944391 0.200763 -0.212037
v -2.951032 0.449736 -0.215300
v -2.950760 0.695370 -0.233754
v -2.957501 0.938588 -0.238373
v -2.952271 1.177625 -0.262651
v -2.943218 1.414731 -0.280473
v -3.108294 1.646598 -0.496078
v -3.322045 1.450716 -0.662495
v -3.153476 1.425713 -0.444776
v -2.908398 1.630577 -0.331574
v -3.047301 1.769003 -0.554457
v -3.232130 1.679638 -0.716115
v -2.945913 1.870813 -0.614453
v -2.958675 1.925103 -0.768507
v -2.858931 1.776881 -0.423821
v -2.801442 1.874701 -0.541052
v -3.501587 0.183406 -0.854430
v -3.508276 0.443158 -0.858361
v -3.536177 0.705979 -1.168924
v -3.549564 0.442389 -1.152723
v -3.497494 0.701988 -0.875748
v -3.546677 0.967660 -1.176192
v -3.513568 0.443501 -1.472502
v -3.586352 0.434272 -1.781798
v -3.566665 0.708579 -1.785430
v -3.524343 0.708509 -1.479611
v -3.526465 0.967928 -1.487420
v -3.520853 0.978531 -1.787134
v -3.538053 1.250826 -1.783568
v -3.584775 0.146762 -2.085567
v -3.479198 1.221106 -0.899233
v -3.499236 0.961320 -0.885843
v -3.540372 1.235135 -1.184652
v -3.485601 1.496029 -1.195052
v -3.548228 1.249869 -1.482384
v -3.481236 1.513714 -1.770524
v -3.481909 1.503009 -1.482522
v -3.352502 1.745685 -1.483474
v -3.422879 1.477707 -0.922037
v -3.357404 1.731595 -1.210868
v -3.305193 1.712651 -0.962522
v -3.149912 1.867643 -0.988752
v -3.160063 1.908664 -1.222284
v -3.320135 1.739053 -1.754145
v -3.107543 1.931036 -1.722743
v -3.125207 1.808999 -0.751166
v -2.931381 2.030342 -1.196689
v -3.143624 1.923398 -1.467999
v -2.857351 2.058824 -1.667163
v -3.061245 1.925459 -1.980743
v -2.952514 1.978174 -0.975170
v -2.771449 1.978588 -0.727489
v -2.641181 2.104469 -1.354034
v -2.900244 2.043866 -1.425905
v -3.585606 0.421503 -2.400280
v -3.643477 0.428995 -2.088556
v -3.514495 0.706725 -2.405831
v -3.587556 0.703318 -2.090039
v -3.539048 0.988381 -2.389204
v -3.520717 0.981614 -2.089375
v -3.513828 1.258723 -2.367098
v -3.549846 1.270806 -2.074955
v -3.527547 0.126415 -2.708793
v -3.512074 0.410460 -2.712606
v -3.521961 0.696529 -2.703585
v -3.541578 0.986709 -2.686104
v -3.480932 1.253937 -2.658398
v -3.529031 0.402404 -3.011162
v -3.542163 0.693856 -3.002085
v -3.444678 1.246866 -2.947678
v -3.519305 0.973574 -2.976554
v -3.539069 0.395131 -3.310039
v -3.546342 0.101296 -3.314309
v -3.506851 0.091472 -3.598971
v -3.500810 0.386867 -3.593529
v -3.473031 0.676737 -3.575977
v -3.527522 0.683474 -3.289742
v -3.406057 0.956924 -3.545003
v -3.477574 0.967222 -3.266582
v -3.305684 1.221822 -3.503335
v -3.377758 1.231211 -3.228852
v -3.422681 0.086568 -3.883429
v -3.413703 0.382451 -3.873544
v -3.213444 1.213998 -3.764866
v -3.304267 0.947810 -3.810439
v -3.406395 1.516660 -2.342309
v -3.439825 1.514363 -2.056032
v -3.288168 1.737806 -2.030809
v -3.223147 1.736874 -2.299906
v -3.181813 1.726642 -2.576159
v -2.888866 1.894351 -2.767028
v -3.115887 1.712525 -2.843087
v -3.002188 1.916405 -2.241694
v -2.744856 2.042545 -2.166034
v -2.945326 1.903090 -2.504593
v -3.244162 1.478897 -3.182615
v -3.073611 1.694174 -3.122887
v -3.168444 1.463694 -3.451287
v -2.522375 0.363806 6.306843
v -2.501836 0.682459 6.264689
v -2.469929 0.997120 6.179516
v -2.532334 0.045264 6.318470
v -2.716650 1.289287 5.954653
v -2.428562 1.304699 6.045736
v -2.664236 1.567437 5.787799
v -2.376754 1.576307 5.852830
v -2.600655 1.793055 5.558467
v -3.058635 1.877127 5.003613
v -2.808635 1.948087 5.161113
v -2.988305 1.961994 4.704566
v -2.738394 2.057593 4.854897
v -2.908647 2.020751 4.400636
v -2.478090 2.109594 4.987174
v -2.658830 2.129170 4.544274
v -1.752313 1.715480 5.834754
v -2.038783 1.775326 5.738641
v -2.139747 2.249539 4.797463
v -2.402242 2.201951 4.677166
v -2.323845 1.788968 5.654806
v -2.271368 1.978288 5.391724
v -1.937541 2.141746 5.205763
v -2.210493 2.134873 5.103510
v -1.993573 1.971258 5.485932
v -1.712308 1.943829 5.576252
v -1.597991 2.262343 4.994431
v -1.870318 2.266095 4.902555
v -3.435768 0.366663 2.688050
v -3.456433 0.072139 2.668105
v -3.291472 0.936195 2.765380
v -3.375199 0.654774 2.721791
v -2.808657 2.042501 4.096677
v -3.032923 1.456347 2.895423
v -3.176841 1.204892 2.823040
v -2.678452 1.885827 3.098743
v -2.330302 2.052270 2.937603
v -2.543785 1.881150 2.822041
v -2.573778 2.176497 4.235666
v -2.319279 2.264202 4.364995
v -2.462199 2.053170 3.218310
v -2.232128 2.195129 3.338438
v -2.222469 2.295938 4.054540
v -1.964252 2.362462 4.171404
v -2.111978 2.304978 3.751251
v -2.357779 2.202247 3.629781
v -1.988751 2.300929 3.456846
v -2.095169 2.178834 3.056369
v -1.850969 2.275411 3.174205
v -3.354006 0.090405 2.380436
v -3.177916 0.949864 2.483131
v -3.263103 0.670171 2.438086
v -3.323898 0.383164 2.403277
v -3.235091 0.107164 2.100433
v -3.140604 0.683312 2.159929
v -3.064425 0.410668 1.855759
v -3.098060 0.122338 1.831288
v -3.197532 0.397115 2.126610
v -2.904489 0.963023 1.943659
v -2.999682 0.692381 1.893077
v -3.043024 0.955461 2.211126
v -2.920574 0.422989 1.593431
v -2.952210 0.136751 1.570181
v -2.755241 0.968191 1.684757
v -2.852515 0.701207 1.632763
v -2.806699 0.151751 1.312408
v -2.601823 0.973784 1.431446
v -2.695672 0.708083 1.381489
v -2.541636 0.716784 1.132199
v -2.612492 0.445015 1.091151
v -2.652584 0.165374 1.063348
v -2.440055 0.975686 1.186849
v -2.385272 0.725433 0.888206
v -2.911398 1.460785 2.619601
v -3.053607 1.211079 2.546205
v -2.863327 1.685894 2.987470
v -2.735740 1.678831 2.713252
v -2.926936 1.218211 2.270647
v -2.629004 1.453033 2.084690
v -2.780434 1.218275 2.007519
v -2.774869 1.456200 2.348542
v -2.605279 1.673669 2.437857
v -2.403664 1.872133 2.549240
v -2.459433 1.666158 2.171663
v -2.476724 1.449152 1.826870
v -2.628976 1.218915 1.749774
v -2.258917 1.856813 2.283587
v -2.319570 1.446586 1.575447
v -2.469762 1.217609 1.500054
v -2.302799 1.653599 1.917226
v -2.103283 1.835172 2.028382
v -2.313823 1.220824 1.252073
v -2.690455 0.207734 -0.107037
v -2.698775 0.699896 -0.127791
v -2.709543 1.176671 -0.161184
v -2.686080 -0.042185 -0.107307
v -2.421052 0.214664 -0.076038
v -2.424628 0.463154 -0.085345
v -2.691828 0.454957 -0.126299
v -2.431150 0.708404 -0.096734
v -2.439807 0.948597 -0.111805
v -2.702675 0.940029 -0.150620
v -2.148052 -0.031601 -0.090312
v -2.154255 0.473863 -0.103816
v -2.451836 1.181499 -0.131357
v -2.174100 0.967220 -0.136137
v -2.152088 0.221468 -0.104820
v -1.888482 0.228144 -0.182927
v -2.163934 0.722365 -0.126632
v -1.902103 0.741456 -0.205108
v -1.922151 0.991272 -0.234268
v -1.720970 1.273104 -0.426367
v -1.946583 1.235286 -0.267313
v -1.888190 -0.031845 -0.181561
v -1.651532 0.226424 -0.327139
v -1.656711 -0.051492 -0.332457
v -1.892245 0.486032 -0.189765
v -1.661161 0.764406 -0.348304
v -1.649947 0.501813 -0.334750
v -1.688301 1.021535 -0.384472
v -1.444431 0.234124 -0.529402
v -1.444193 0.791360 -0.537671
v -1.438408 0.518214 -0.531894
v -1.481490 1.055333 -0.583866
v -2.630160 1.875800 -0.477980
v -2.707588 1.407202 -0.197539
v -2.580840 1.973225 -0.645480
v -2.503492 1.863418 -0.426835
v -2.311531 1.979694 -0.711042
v -2.516535 2.036424 -0.833025
v -2.466475 1.405149 -0.160753
v -2.193447 1.202559 -0.169330
v -2.478347 1.759713 -0.280008
v -2.477284 1.616967 -0.200449
v -2.252520 1.614658 -0.279919
v -2.217772 1.426335 -0.204046
v -2.273339 1.767010 -0.378690
v -2.046059 1.682013 -0.398814
v -1.984761 1.470110 -0.315361
v -1.874681 1.720851 -0.597730
v -1.784196 1.506291 -0.497450
v -1.729137 1.747339 -0.827100
v -1.619735 1.538611 -0.728944
v -1.538053 1.307804 -0.647831
v -1.254865 0.280123 -0.758399
v -1.251723 0.536680 -0.743586
v -1.264775 0.815763 -0.768782
v -1.307303 1.090002 -0.818484
v -1.393939 1.343139 -0.900861
v -2.735170 2.042314 -0.925681
v -2.684816 2.081316 -1.131981
v -2.588829 2.119823 -1.586897
v -2.380710 2.110837 -1.251506
v -2.318968 2.115273 -1.484436
v -2.444407 2.081885 -1.032443
v -2.218782 2.019657 -0.906483
v -2.130228 2.050104 -1.126338
v -1.913208 1.924827 -0.979312
v -1.829499 1.937604 -1.230874
v -1.925574 2.058574 -1.864898
v -1.687544 1.956811 -1.755661
v -1.853963 2.060855 -2.120423
v -2.017085 1.904168 -0.748670
v -1.757046 1.950914 -1.491951
v -1.563858 1.798809 -1.375546
v -1.495238 1.576174 -0.988844
v -1.628107 1.766297 -1.090319
v -1.416304 1.628063 -1.271361
v -2.685365 2.032247 -2.420602
v -2.405679 2.100418 -2.324530
v -2.344061 2.097614 -2.573922
v -2.057236 2.112424 -2.474271
v -2.564906 2.015365 -2.922260
v -2.282641 2.097732 -2.820159
v -2.505970 2.017514 -3.168231
v -1.994253 2.119496 -2.725811
v -2.225717 2.098604 -3.068583
v -1.782315 2.065318 -2.378007
v -1.610569 1.961105 -2.019093
v -1.401894 1.826484 -1.919142
v -1.529912 1.969608 -2.285511
v -1.715137 2.080637 -2.636647
v -1.448784 2.001366 -2.551693
v -1.942197 2.125953 -2.978861
v -1.660420 2.110119 -2.897152
v -1.894215 2.137720 -3.235616
v -3.284449 0.381021 -4.135033
v -3.298535 0.086955 -4.152450
v -3.096911 1.202302 -4.007111
v -3.190066 0.943118 -4.063975
v -2.965632 1.192124 -4.234639
v -3.054559 0.940800 -4.302660
v -3.131335 0.385284 -4.380453
v -3.138004 0.093995 -4.399484
v -2.955749 0.397165 -4.607440
v -2.955588 0.108782 -4.627156
v -2.823295 1.190059 -4.450090
v -2.890001 0.941465 -4.517529
v -2.756475 0.418474 -4.811097
v -2.748952 0.132370 -4.828731
v -2.653398 1.196115 -4.642532
v -2.700809 0.953089 -4.708743
v -2.527989 0.449682 -4.977704
v -2.523559 0.165226 -5.005067
v -2.448853 1.220900 -4.794645
v -2.493946 0.986654 -4.877903
v -2.277064 0.205334 -5.141935
v -2.253915 -0.082675 -5.151040
v -2.258529 1.035943 -5.001534
v -2.281132 0.770360 -5.072961
v -2.492607 1.608142 -4.464550
v -2.581595 1.412362 -4.559319
v -2.731370 1.418416 -4.369360
v -2.297279 1.972652 -3.881087
v -2.215674 1.939996 -4.110604
v -2.430641 1.808449 -4.168879
v -2.356137 1.788700 -4.316966
v -2.154301 1.882695 -4.335731
v -2.280289 1.728855 -4.505847
v -2.394472 1.423419 -4.704568
v -2.338162 1.594308 -4.608613
v -2.114457 2.091861 -3.564826
v -1.807934 2.128127 -3.761715
v -2.056156 2.069617 -3.813550
v -2.182513 1.465192 -4.802880
v -2.224418 1.276851 -4.912693
v -2.124950 1.776477 -4.521421
v -1.927419 1.840443 -4.537695
v -1.938447 1.684628 -4.733497
v -1.955482 1.530901 -4.868388
v -2.143958 1.625058 -4.687402
v -1.428024 1.911492 5.645961
v -1.660216 2.122831 5.293828
v -1.791814 2.351873 4.590328
v -1.523071 2.356440 4.683501
v -1.382906 2.097179 5.372917
v -1.325064 2.242986 5.075222
v -1.466494 1.697870 5.876384
v -1.147493 1.852373 5.722404
v -1.107761 2.054043 5.443180
v -0.830140 2.022991 5.500423
v -1.052734 2.211076 5.143823
v -0.986541 2.311968 4.832649
v -0.780679 2.178419 5.198661
v -0.719565 2.277456 4.886281
v -0.647604 2.327289 4.573076
v -0.907158 2.367971 4.520304
v -0.864218 1.792457 5.777998
v -0.584162 1.781198 5.806380
v -0.452460 2.245636 4.927516
v -0.389359 2.281195 4.613952
v -1.699501 2.392724 4.276740
v -1.595108 2.413825 3.969254
v -1.598940 2.334021 3.287659
v -1.456282 2.295614 3.016097
v -1.332350 2.418432 4.064405
v -1.215838 2.396510 3.770057
v -1.475421 2.394421 3.674496
v -1.086231 2.349431 3.490974
v -1.341581 2.356131 3.394272
v -1.071461 2.399893 4.143977
v -1.169135 2.394555 4.452229
v -0.815634 2.368991 4.211182
v -0.711407 2.328435 3.914884
v -0.835294 2.313136 3.573064
v -0.472939 2.269855 3.967683
v -1.201070 2.309845 3.125587
v -0.807360 2.212537 2.974746
v -1.056302 2.251181 2.868454
v -0.565033 2.323946 4.264319
v -0.316372 2.274567 4.305914
v -2.185440 2.033106 2.664806
v -1.806025 2.131797 2.517120
v -2.036960 2.007370 2.400648
v -1.886771 1.987131 2.141981
v -1.944542 1.819939 1.778863
v -1.952909 2.157674 2.783360
v -1.708395 2.244855 2.900588
v -1.976154 1.641613 1.429750
v -2.141946 1.643088 1.669489
v -1.408357 2.169855 2.383765
v -1.652513 2.097870 2.262492
v -1.496024 2.066586 2.014634
v -1.729048 1.963429 1.893405
v -1.783934 1.805386 1.533731
v -1.567343 1.937805 1.651528
v -1.309125 2.249675 2.755473
v -1.253342 2.136368 2.136808
v -1.560046 2.207210 2.638178
v -1.158396 2.208507 2.502681
v -0.907274 2.195266 2.619948
v -1.003987 2.163453 2.259453
v -0.753083 2.153581 2.379461
v -1.095100 2.114639 1.896411
v -0.683306 2.112329 1.793162
v -0.931611 2.087940 1.665584
v -2.452408 0.455157 0.850007
v -2.492219 0.178189 0.822765
v -2.294794 0.466655 0.612071
v -2.331662 0.191337 0.587281
v -2.121102 0.985862 0.707523
v -2.218365 0.730795 0.656235
v -2.279991 0.979464 0.945032
v -2.150690 1.218605 1.011789
v -2.169928 0.204608 0.357834
v -2.055094 0.740331 0.427443
v -2.127538 0.476744 0.386011
v -2.000448 0.216900 0.139739
v -1.953232 0.990693 0.481852
v -1.888724 0.750313 0.206280
v -1.831124 0.229386 -0.072400
v -1.844123 -0.043604 -0.087069
v -2.016500 -0.057545 0.121886
v -1.712647 0.757040 -0.001806
v -1.788729 0.498328 -0.045346
v -1.614893 1.005895 0.048958
v -1.649224 0.245427 -0.263858
v -1.656328 -0.015569 -0.268637
v -1.545160 0.768335 -0.210774
v -1.610417 0.506288 -0.244441
v -1.441692 1.013259 -0.156508
v -1.458722 0.268366 -0.435726
v -1.458995 0.002783 -0.439823
v -1.371791 0.776315 -0.409098
v -1.435707 0.516547 -0.435530
v -1.994900 1.436505 1.091337
v -1.838560 1.435531 0.852374
v -1.988091 1.218015 0.776907
v -1.814246 1.631863 1.187759
v -1.824249 1.223531 0.548657
v -1.670652 1.434095 0.626711
v -1.657851 1.229906 0.327305
v -1.407796 1.932866 1.413362
v -1.497880 1.618347 0.716697
v -1.661777 1.619673 0.944308
v -1.458970 1.791280 1.063961
v -1.293540 1.788592 0.838452
v -1.329474 1.625807 0.498148
v -1.332881 1.440896 0.193799
v -1.485834 1.234486 0.115451
v -1.240328 1.923505 1.186144
v -1.073757 1.918679 0.961119
v -1.166603 1.449660 -0.016715
v -1.314260 1.241534 -0.091770
v -0.766541 2.078494 1.438856
v -1.009528 2.024832 1.310091
v -0.841345 2.010285 1.087468
v -0.959535 1.786775 0.400603
v -1.156997 1.624267 0.288568
v -1.148127 1.254623 -0.299375
v -1.274635 1.024634 -0.361535
v -1.296004 0.017614 -0.640180
v -1.258957 0.531450 -0.625637
v -1.111596 1.036064 -0.563825
v -0.674098 1.644428 -0.344902
v -0.830198 1.479229 -0.426931
v -0.832177 1.633939 -0.134651
v -1.088808 -0.019580 -0.989197
v -0.933263 -0.044049 -1.232822
v -1.066504 0.249444 -0.998008
v -0.926968 0.268295 -1.234504
v -0.927106 0.565991 -1.228454
v -1.074698 0.555549 -0.984847
v -1.100013 0.838815 -1.010910
v -0.955947 0.859073 -1.264548
v -1.042774 1.138388 -1.339818
v -1.166181 1.117972 -1.075120
v -0.650532 -0.012095 -1.703927
v -0.787122 -0.014324 -1.474424
v -0.788055 0.266350 -1.475288
v -0.654289 0.276702 -1.729180
v -0.661628 0.587427 -1.734476
v -0.783603 0.580231 -1.477332
v -0.836675 0.873182 -1.528298
v -0.710103 0.887586 -1.783656
v -0.812042 1.172460 -1.871051
v -0.920011 1.161729 -1.602883
v -1.270231 1.383074 -1.163652
v -1.157109 1.409486 -1.432160
v -1.321190 1.649862 -1.542601
v -1.486575 1.818034 -1.648787
v -1.229550 1.665146 -1.822320
v -1.056833 1.426790 -1.706525
v -0.943836 1.445262 -1.976834
v -1.122794 1.680805 -2.098610
v -0.541013 -0.317167 -1.947871
v -0.398777 -0.033342 -2.169144
v -0.523268 -0.018917 -1.937647
v -0.520767 0.301595 -1.958704
v -0.415564 0.593572 -2.214147
v -0.537955 0.591565 -1.976120
v -0.592176 0.893273 -2.034961
v -0.549676 1.189241 -2.362458
v -0.685865 1.185157 -2.124634
v -0.406867 0.293494 -2.185702
v -0.303883 0.266615 -2.413340
v -0.469349 0.889970 -2.271261
v -0.328867 0.878329 -2.479096
v -0.168751 0.237241 -2.622298
v -0.284769 -0.039668 -2.389838
v -0.169598 0.559836 -2.630427
v -0.296215 0.574912 -2.428621
v -0.187598 0.849299 -2.666273
v -0.243275 1.146506 -2.749151
v -0.403107 1.175317 -2.574006
v -1.308250 1.838738 -2.194861
v -1.388733 2.034334 -2.820177
v -1.207630 1.869483 -2.469796
v -1.621735 2.128117 -3.160163
v -1.356097 2.080492 -3.085764
v -0.998301 1.695230 -2.377508
v -0.817782 1.459357 -2.241726
v -1.119747 1.917089 -2.747238
v -1.101318 2.003516 -3.024692
v -0.841262 1.733894 -2.678850
v -0.675447 1.466931 -2.497885
v -0.855423 1.909439 -2.994536
v -0.489412 1.445024 -2.700578
v -0.307164 1.439965 -2.871733
v -0.365055 1.678826 -3.034760
v -0.862754 2.018576 -3.262054
v -0.661860 1.958044 -3.251242
v -1.957877 -0.321896 -5.243717
v -1.997195 -0.037410 -5.255291
v -2.031108 0.537225 -5.220940
v -2.287912 0.491102 -5.120080
v -2.031832 0.824452 -5.182762
v -1.723936 0.009118 -5.276321
v -1.691286 -0.272968 -5.276865
v -1.756619 0.294996 -5.291299
v -2.022604 0.249814 -5.248476
v -1.773119 0.876776 -5.248459
v -1.772296 0.585623 -5.291873
v -1.511175 0.925308 -5.291242
v -1.497054 0.628828 -5.281662
v -1.419108 -0.228173 -5.266080
v -1.454651 0.050944 -5.318809
v -1.471715 0.340158 -5.242816
v -1.186157 0.090952 -5.327828
v -1.152881 -0.183943 -5.263594
v -1.203143 0.369876 -5.302403
v -1.240926 0.958791 -5.285923
v -1.218020 0.660398 -5.252109
v -1.590234 2.151830 -3.430460
v -1.736042 2.016089 -4.290915
v -1.952059 1.954170 -4.312961
v -1.766435 2.095230 -4.031401
v -1.334905 2.128547 -3.360822
v -1.714495 1.907702 -4.533429
v -1.712146 1.618253 -4.900257
v -1.509412 2.069182 -4.268981
v -1.714332 1.764667 -4.741506
v -1.477607 1.672596 -4.929575
v -1.484125 1.832275 -4.747173
v -1.239108 1.725821 -4.962175
v -1.279577 2.115836 -4.241266
v -1.067869 2.166533 -3.905316
v -1.047484 2.140758 -4.209104
v -0.998435 1.771586 -4.994821
v -1.234704 1.523422 -5.128946
v -0.860584 2.104377 -3.543553
v -0.645433 2.079378 -3.532572
v -1.014274 1.943586 -4.763753
v -0.750810 1.796933 -5.009785
v -0.983794 1.548308 -5.179882
v -0.733037 1.565307 -5.199201
v -0.915625 0.122727 -5.305755
v -0.940132 0.397860 -5.318436
v -0.955413 0.686560 -5.244788
v -0.964072 0.971096 -5.243414
v -0.672659 0.423569 -5.382007
v -0.637584 0.134621 -5.259476
v -0.699873 0.992648 -5.249431
v -0.690840 0.710532 -5.301087
v -0.986175 1.279155 -5.297243
v -1.246883 1.253313 -5.260138
v -0.723478 1.294356 -5.292766
v -0.552015 1.989365 5.525978
v -0.276797 1.969049 5.554106
v -0.129875 2.243876 4.647119
v -0.308985 1.759249 5.812305
v -0.033764 1.747319 5.826632
v -0.187022 2.203802 4.957332
v -0.236411 2.111556 5.261794
v 0.078225 2.170035 4.983982
v -0.004028 1.935873 5.568888
v 0.267292 1.912069 5.586792
v 0.033384 2.081174 5.286383
v 0.302012 2.055324 5.307512
v 0.343459 2.138539 5.005831
v 0.129398 2.200703 4.673744
v 0.650633 2.132924 4.715366
v 0.910934 2.102431 4.734296
v 0.956592 2.072891 4.424109
v 0.590339 0.260113 3.127388
v 0.309045 0.526313 3.195561
v 0.558036 0.549626 3.123960
v 0.318848 0.209347 3.160247
v 0.552076 -0.091517 3.091903
v 0.275904 0.829393 3.215254
v 0.512409 0.473591 3.083957
v 0.178330 1.531701 3.303127
v 0.234283 1.156037 3.252135
v 0.397208 1.109254 3.098068
v 0.556246 0.182050 3.086502
v 0.476002 0.810717 3.109171
v 0.712745 0.483238 2.978591
v 0.275131 1.388539 3.071485
v 0.551494 1.058708 2.930168
v 0.807945 -0.375935 3.018737
v 0.820467 -0.077999 3.006952
v 0.800129 0.245386 3.006578
v 0.773444 0.552066 3.033777
v 0.744617 0.856438 3.106211
v 1.015852 0.553155 3.031261
v 0.986482 0.852884 3.105192
v 1.288033 -0.043752 2.975061
v 1.283398 -0.344439 2.987222
v 1.043231 -0.055721 2.966664
v 1.230349 0.846869 3.122600
v 1.261033 0.557905 3.030221
v -0.370201 2.170359 3.691097
v -0.159317 2.088677 3.729675
v -0.468923 2.142224 3.389173
v -0.339929 2.029586 3.158540
v -0.564951 2.140136 3.072287
v -0.239529 2.206909 4.008848
v -0.004310 2.143986 4.041088
v -0.420647 2.061013 2.838416
v 0.239154 2.083557 4.067928
v 0.293853 1.944063 3.794226
v 0.344778 1.743633 3.545715
v 0.114779 1.821466 3.509511
v 0.057204 2.013763 3.761739
v -0.141252 1.894117 3.227071
v 0.021940 1.739891 3.268523
v -0.021538 1.785894 3.014594
v 0.133495 1.612848 3.053190
v -0.199770 1.930072 2.940872
v 0.118789 1.713406 2.800693
v 0.278429 1.533803 2.854469
v 0.438657 2.126263 4.387984
v 0.697941 2.098925 4.407032
v 0.492480 2.042797 4.090924
v 0.542861 1.890172 3.815080
v 0.705338 1.153825 3.215680
v 0.466856 1.171658 3.211203
v 0.647342 1.433555 3.366031
v 0.945782 1.135984 3.230648
v 0.894538 1.405109 3.382617
v 0.746016 1.998403 4.110844
v 1.002911 1.976861 4.124083
v 1.142910 1.380669 3.401507
v 1.190682 1.127252 3.238045
v 0.648797 0.779935 2.962755
v 0.892763 0.470238 2.824299
v 0.423672 1.313574 2.893397
v 0.719142 1.024252 2.756000
v 0.742408 0.183908 2.983582
v 0.926846 0.176711 2.836124
v 1.102720 0.163492 2.662871
v 1.061101 0.454236 2.642316
v 0.816762 0.753351 2.791215
v 0.987331 0.733871 2.609841
v 0.883303 0.996919 2.566275
v 1.273240 0.153040 2.473633
v 1.228264 0.440782 2.449420
v 1.155575 0.718305 2.416121
v 1.052069 0.979359 2.370076
v 0.921084 1.219477 2.312031
v 0.756326 1.240852 2.515933
v 1.395196 0.430612 2.247305
v 1.326646 0.708636 2.215524
v 1.219513 0.967406 2.164315
v 1.084743 1.205211 2.100368
v -0.658138 2.153491 2.731355
v -0.269355 2.001604 2.612374
v -0.507324 2.095767 2.497436
v -0.349541 2.058312 2.270052
v -0.595757 2.115055 2.147247
v -0.845584 2.135067 2.022528
v -0.433387 2.096204 1.921045
v -0.189606 2.027580 2.047243
v -0.519006 2.093972 1.568629
v -0.270964 2.074291 1.698333
v -0.050629 1.861685 2.723179
v -0.027212 2.013556 1.827055
v 0.104763 1.815825 2.507133
v 0.272841 1.666360 2.590077
v 0.436585 1.483789 2.654638
v 0.586429 1.267719 2.707762
v 0.263919 1.783739 2.290539
v 0.433658 1.636454 2.377832
v 0.048373 1.930383 2.172382
v 0.429254 1.767188 2.073120
v 0.205468 1.905739 1.951607
v 0.367352 1.902567 1.731639
v 0.133989 1.997929 1.605705
v 0.600818 1.452660 2.450833
v 0.767059 1.434599 2.241610
v 0.600013 1.624393 2.162635
v 0.525909 1.890307 1.505364
v 0.298082 1.995506 1.383643
v 0.932627 1.424933 2.027623
v 0.762719 1.607516 1.939710
v 0.582031 1.762117 1.845982
v -0.907427 1.915504 0.739133
v -0.674918 2.004550 0.865569
v -1.126927 1.788160 0.616764
v -0.743363 1.914938 0.519849
v -0.796533 1.788816 0.185764
v -0.990996 1.629729 0.078908
v -0.513243 2.009301 0.643950
v -0.353862 2.089188 1.346198
v 0.056509 2.053602 1.255192
v -0.189459 2.073651 1.124825
v -0.580552 1.912911 0.303225
v -0.350114 2.001039 0.426278
v -0.026930 2.069778 0.902575
v -0.107589 2.060132 1.476859
v -0.110648 2.055327 0.552005
v 0.046698 2.062076 0.330167
v 0.218227 2.048129 1.031744
v 0.458589 1.987184 1.158978
v 0.688041 1.888476 1.282211
v 0.133756 2.076487 0.679371
v 0.536296 2.056124 0.580614
v 0.291231 2.074679 0.454551
v 0.445313 2.077781 0.227712
v 0.200896 2.066226 0.106887
v -1.107497 0.281028 -0.816946
v -1.147269 -0.003739 -0.844372
v -0.970758 0.291933 -1.029442
v -1.010015 0.023757 -1.059681
v -0.900655 0.810536 -1.014406
v -0.954509 0.549420 -1.030727
v -1.097900 0.540145 -0.832255
v -0.839560 0.304847 -1.247592
v -0.859558 0.044932 -1.274363
v -0.768035 0.825847 -1.225282
v -0.823068 0.563399 -1.253522
v -0.805154 1.062468 -0.971137
v -0.637692 0.837287 -1.433884
v -0.584105 0.589361 -1.679008
v -0.703360 0.575221 -1.466551
v -0.634734 1.789605 -0.026292
v -0.512779 1.658047 -0.547139
v -0.668879 1.499963 -0.630755
v -0.676747 1.298341 -0.912623
v -0.956547 1.050461 -0.767770
v -0.538138 1.311425 -1.122184
v -0.664819 1.074003 -1.177585
v -0.381823 1.517991 -1.052966
v -0.520931 1.502835 -0.836236
v -0.367704 1.669696 -0.758342
v -0.229967 1.675895 -0.975464
v -0.324330 1.807297 -0.448168
v -0.116312 1.933017 -0.344823
v -0.178887 1.813715 -0.664646
v -0.406287 1.323990 -1.332491
v -0.418572 1.101424 -1.601433
v -0.538409 1.088584 -1.388995
v -0.037086 2.011979 -0.011401
v 0.111180 2.017130 -0.233987
v 0.028520 1.934830 -0.564863
v -0.042680 1.823891 -0.883555
v -0.093882 1.688814 -1.191673
v 0.087618 1.832714 -1.106255
v 0.252980 2.023890 -0.459759
v 0.387843 2.032256 -0.689580
v 0.164330 1.943215 -0.788528
v 0.514378 2.042943 -0.924406
v 0.292870 1.950402 -1.016939
v -0.734478 -0.246510 -1.504583
v -0.727535 0.030620 -1.472679
v -0.609378 0.072051 -1.697882
v -0.601209 0.329520 -1.673315
v -0.487547 0.326671 -1.896993
v -0.489789 0.064892 -1.912956
v -0.404551 0.865286 -1.859262
v -0.470951 0.604397 -1.891609
v -0.518123 0.851041 -1.645926
v -0.376326 -0.180762 -2.122788
v -0.381765 0.068101 -2.119491
v -0.284759 0.109628 -2.328749
v -0.268454 0.366790 -2.305048
v -0.256345 0.638899 -2.313214
v -0.364341 0.621793 -2.104459
v -0.099657 1.146579 -2.247781
v -0.195129 0.899564 -2.286405
v -0.201157 1.130630 -2.032144
v -0.048452 0.414460 -2.722937
v -0.046063 0.685058 -2.728496
v 0.102817 0.414321 -2.836365
v 0.066021 0.695787 -2.860837
v 0.134831 0.957875 -2.885405
v 0.002734 0.940700 -2.719583
v 0.083870 1.191473 -2.692179
v -0.071790 0.162793 -2.738862
v -0.168616 0.131794 -2.536424
v -0.144733 0.653391 -2.517891
v -0.175821 1.347135 -1.762311
v -0.305693 1.114310 -1.815372
v -0.285784 1.336532 -1.546289
v -0.126198 1.545616 -1.481338
v 0.024794 1.704675 -1.415298
v -0.020268 1.554884 -1.704036
v 0.169865 1.573315 -2.150086
v 0.023847 1.373684 -2.200543
v 0.075445 1.561596 -1.923609
v 0.309169 1.726593 -2.105002
v 0.223175 1.715196 -1.871512
v 0.216609 1.195378 -2.892178
v 0.310618 1.435236 -2.875762
v 0.204688 1.417346 -2.650144
v 0.335831 1.622070 -2.602992
v 0.430463 1.643943 -2.845834
v 0.480569 1.780571 -2.572470
v 0.137605 1.712982 -1.640401
v 0.315583 1.861793 -1.569215
v 0.114358 1.397286 -2.423376
v -0.000867 1.164442 -2.465269
v 0.407855 1.749482 -2.334330
v 0.208102 1.847674 -1.334930
v 0.412140 1.965078 -1.251391
v 0.412182 1.867361 -1.807154
v 0.585007 1.898531 -2.285792
v 0.553508 1.794291 -2.822122
v 0.741500 1.967715 -2.790066
v -0.049550 0.509274 -2.840456
v -0.070520 1.095688 -2.884905
v -0.065019 0.194245 -2.854377
v 0.005968 0.211610 -3.035316
v -0.048220 0.807262 -2.840109
v 0.019247 0.753789 -3.054416
v 0.005558 0.481873 -3.037941
v 0.021953 0.468644 -2.887725
v 0.038524 1.029960 -3.067814
v 0.193489 0.990992 -2.937229
v -0.019330 0.115910 -2.914826
v 0.317945 0.413819 -2.838980
v 0.291150 0.153058 -2.779987
v 0.144413 0.716052 -2.907051
v 0.398974 0.913888 -2.945261
v 0.355635 0.660641 -2.892908
v 0.255170 1.271701 -2.972436
v 0.079466 0.155184 -2.835085
v -0.301263 1.852977 -3.247435
v -0.075814 1.802351 -3.245809
v -0.489280 1.811481 -3.115549
v -0.640420 1.839145 -3.048122
v -0.109757 1.366805 -2.976036
v 0.068270 1.295077 -3.093084
v -0.120909 1.611971 -3.092439
v -0.445954 2.047147 -3.524467
v -0.491108 1.910504 -3.252624
v -0.237121 2.022677 -3.513476
v -0.006135 2.011739 -3.505497
v 0.105247 1.543911 -3.149925
v 0.326181 1.518993 -3.078683
v 0.511193 1.404750 -3.023979
v 0.450051 1.159971 -2.994348
v 0.438707 1.778940 -3.223057
v 0.234941 2.015617 -3.495016
v 0.476832 2.031313 -3.490753
v 0.296403 2.154335 -3.805065
v 0.651389 1.839730 -3.059365
v 0.827008 2.028086 -3.027668
v 0.654135 1.960294 -3.265816
v 0.881574 2.116501 -3.263066
v 0.712214 2.121305 -3.517819
v 0.540514 2.173686 -3.805612
v 0.453034 0.149982 -5.283907
v 0.204810 0.117489 -5.237271
v 0.466201 0.410618 -5.261311
v 0.427277 0.711490 -5.280971
v 0.173238 0.704502 -5.257102
v 0.385391 1.006215 -5.262908
v 0.728085 0.156377 -5.266950
v 0.713747 0.435306 -5.269200
v 0.661321 0.997845 -5.277866
v 0.692707 0.714893 -5.255526
v -0.816155 2.163710 -4.182205
v -0.618368 2.157419 -3.842042
v -0.587543 2.169792 -4.161584
v -0.772476 1.972828 -4.763537
v -0.528627 2.004222 -4.767733
v -0.555823 2.119053 -4.474778
v -0.316652 2.139213 -4.468243
v -0.124169 2.184130 -4.138135
v -0.177585 2.140551 -3.814641
v 0.115414 2.191200 -4.135131
v 0.055505 2.144743 -3.808004
v 0.360428 2.208032 -4.134250
v -0.247291 1.821620 -5.018892
v -0.280204 2.019583 -4.765559
v 0.010114 1.829862 -5.023041
v 0.173636 2.157731 -4.462643
v 0.227291 2.025190 -4.762168
v 0.486692 2.031090 -4.759854
v 0.273894 1.822589 -5.013729
v 0.787090 2.206830 -3.819137
v 0.609843 2.206712 -4.134083
v 0.425333 2.152288 -4.457798
v 0.679809 2.154538 -4.454826
v -0.367865 0.151770 -5.250138
v -0.395560 0.433481 -5.314610
v -0.422281 0.717658 -5.374303
v -0.432256 1.010895 -5.252286
v -0.024130 0.364493 -5.262060
v -0.046576 0.114511 -5.251067
v -0.163649 1.015046 -5.252060
v -0.144954 0.737003 -5.314727
v 0.225307 0.390563 -5.296032
v 0.108067 1.021273 -5.247363
v -0.458817 1.305429 -5.289691
v 1.592488 0.132817 6.370422
v 1.876520 0.120243 6.378522
v 1.587690 0.676047 6.369645
v 1.865604 0.656227 6.349279
v 1.858328 0.912640 6.283978
v 1.852676 1.162240 6.183506
v 2.125428 0.883878 6.234644
v 2.114325 1.129618 6.143359
v 1.872245 0.391045 6.379672
v 2.142824 0.370988 6.340389
v 2.135453 0.630646 6.301350
v 2.384302 0.848912 6.158680
v 0.785343 1.693313 5.844523
v 0.538572 1.891678 5.603151
v 0.513597 1.712758 5.843152
v 0.569232 2.024132 5.323446
v 0.835057 2.004037 5.342415
v 0.607757 2.108566 5.025536
v 0.870910 2.086535 5.044379
v 1.170893 2.089728 4.753870
v 1.055350 1.683730 5.858568
v 0.806499 1.862531 5.615363
v 1.074248 1.850552 5.630153
v 1.131792 2.065694 5.063694
v 1.213689 2.045890 4.444314
v 1.471161 2.042279 4.463877
v 1.325353 1.666427 5.854704
v 1.098925 1.976589 5.357077
v 1.359889 1.961584 5.383720
v 1.428019 2.071139 4.776011
v 1.683619 2.055028 4.804161
v 1.339288 1.819236 5.644413
v 1.606844 1.801028 5.676840
v 1.389442 2.038502 5.085262
v 1.644733 2.027204 5.112060
v 1.586311 1.422492 6.057169
v 1.851501 1.395232 6.044024
v 1.857462 1.596036 5.873418
v 1.598581 1.639380 5.879376
v 2.102973 1.361687 6.016804
v 1.615849 1.931844 5.405206
v 1.869508 1.904311 5.432615
v 1.979374 2.006059 4.534729
v 2.231213 1.988896 4.588896
v 2.022225 1.921629 4.230085
v 2.368901 1.087624 6.081888
v 1.896823 1.995634 5.143450
v 2.143512 1.958999 5.188715
v 1.938096 2.036528 4.841708
v 1.531145 -0.327788 3.010505
v 1.536942 -0.031854 2.985370
v 1.507896 0.558751 3.058826
v 1.477724 0.846279 3.136860
v 1.786189 -0.020317 3.028977
v 1.782701 -0.312812 3.039237
v 1.725795 0.841113 3.174330
v 1.758180 0.562380 3.086479
v 2.032652 -0.296094 3.098780
v 2.036955 -0.008814 3.082767
v 2.028486 0.279021 3.095917
v 1.779110 0.272929 3.038386
v 2.007726 0.563451 3.138996
v 1.976152 0.839774 3.214430
v 2.277686 -0.277826 3.185651
v 2.283913 0.002985 3.164036
v 2.273050 0.284232 3.180147
v 2.254736 0.563596 3.211438
v 2.225404 0.836845 3.272393
v 2.514749 0.015944 3.288676
v 2.515052 -0.258026 3.298334
v 2.492696 0.561891 3.313792
v 2.511699 0.290075 3.285877
v 2.464300 0.828080 3.366963
v 1.258978 1.953748 4.142602
v 1.097093 1.615686 3.594043
v 1.049251 1.819266 3.846433
v 1.349908 1.595861 3.610794
v 1.437345 1.115046 3.263477
v 1.393644 1.370298 3.413096
v 1.303959 1.800330 3.862014
v 1.558670 1.784138 3.883474
v 1.643048 1.353084 3.443370
v 1.687097 1.110623 3.284837
v 1.514892 1.941041 4.163008
v 1.814067 1.780017 3.906343
v 1.936347 1.102407 3.324721
v 1.893454 1.345958 3.470402
v 1.769817 1.930485 4.190994
v 2.065743 1.771837 3.941771
v 1.853366 1.570122 3.657565
v 2.184487 1.093787 3.377908
v 2.143456 1.339055 3.506217
v 2.388803 1.325121 3.564587
v 2.431713 1.088362 3.439347
v 1.435958 0.143473 2.269179
v 1.562019 0.422742 2.037022
v 1.490225 0.699138 2.001248
v 1.730392 0.417354 1.820484
v 1.599722 0.135734 2.057658
v 1.763973 0.129800 1.839046
v 1.254158 1.201834 1.887535
v 0.916629 1.605940 1.719836
v 0.736882 1.757895 1.621326
v 1.095458 1.421544 1.810339
v 1.422677 1.200770 1.669547
v 0.900524 1.755188 1.400980
v 1.079081 1.605689 1.500674
v 1.928697 0.125241 1.613833
v 1.892118 0.412349 1.592416
v 1.653313 0.692006 1.780097
v 1.821112 0.689670 1.556329
v 1.717772 0.952473 1.505929
v 1.553015 0.955534 1.731795
v 1.583902 1.196005 1.441454
v 2.092607 0.121841 1.381470
v 2.051477 0.408643 1.356624
v 1.986778 0.688747 1.324804
v 1.880507 0.950937 1.273116
v 1.744963 1.193725 1.208414
v 2.212249 0.406952 1.115664
v 2.039041 0.950617 1.031557
v 1.904622 1.195522 0.969002
v 2.142408 0.686051 1.080487
v 2.369979 0.405998 0.866816
v 2.246677 0.118438 1.136539
v 2.400280 0.116054 0.885761
v 2.549825 0.113992 0.626932
v 2.516062 0.404048 0.605455
v 2.294300 0.684148 0.828337
v 2.447369 0.685627 0.571608
v 2.345238 0.953750 0.525545
v 2.195037 0.952017 0.782616
v 2.211057 1.203096 0.467295
v 2.064424 1.201941 0.724081
v 2.692322 0.111831 0.358660
v 2.653608 0.401761 0.334391
v 2.592897 0.686834 0.305076
v 2.488225 0.955822 0.259405
v 2.350849 1.205530 0.202084
v 0.593417 2.088450 -0.003319
v 1.064954 1.753704 1.176601
v 0.849936 1.888411 1.056916
v 0.618404 1.987014 0.933537
v 0.775009 1.987488 0.704616
v 1.244911 1.609195 1.276842
v 1.232551 1.756626 0.950623
v 1.008949 1.891964 0.829077
v 0.690546 2.056683 0.350188
v 1.082914 2.007735 0.234457
v 0.839118 2.061126 0.114461
v 1.422236 1.415629 1.363553
v 1.586823 1.415761 1.133120
v 1.410522 1.605637 1.046644
v 0.931675 1.996221 0.472951
v 1.163786 1.897675 0.593683
v 1.225537 2.013964 -0.010335
v 0.981652 2.075272 -0.125244
v 1.747303 1.420375 0.895506
v 1.568365 1.603019 0.806027
v 1.382663 1.763348 0.708990
v 1.315030 1.903685 0.351025
v 1.532259 1.768867 0.466788
v 1.717413 1.614091 0.563697
v 1.897537 1.422529 0.648096
v 2.047859 1.428279 0.396854
v 1.682466 1.775094 0.221361
v 1.870681 1.624999 0.318305
v 1.463696 1.919886 0.106608
v 1.824452 1.791142 -0.035787
v 1.598994 1.928345 -0.147464
v 2.192533 1.437642 0.136737
v 2.012940 1.629186 0.055141
v 0.634384 2.053203 -1.164086
v 0.489885 2.078655 -0.351418
v 0.869409 2.109012 -0.479572
v 0.624610 2.088158 -0.586740
v 0.751243 2.096913 -0.827149
v 0.869360 2.114289 -1.072642
v 0.980193 2.126387 -1.322832
v 0.743554 2.069446 -1.410995
v 1.117160 2.087080 -0.370387
v 1.115462 2.135413 -0.975875
v 1.245743 2.103975 -0.620611
v 1.365358 2.112512 -0.876571
v 1.492455 2.044624 -0.514873
v 1.478685 2.134289 -1.135450
v 1.727430 1.939885 -0.410145
v 1.853085 1.963976 -0.672756
v 1.614224 2.060850 -0.775004
v 1.966503 1.977576 -0.945517
v 1.725893 2.070465 -1.041295
v 1.585726 2.144145 -1.397703
v 1.836690 2.087998 -1.308449
v 0.619771 1.991791 -1.736707
v 0.502230 1.877017 -2.045182
v 0.709970 2.007791 -1.982711
v 0.795561 2.022783 -2.231967
v 0.670212 1.930075 -2.537580
v 0.880453 2.056382 -2.485116
v 0.938231 2.101760 -1.912779
v 1.025936 2.121153 -2.165768
v 1.113495 2.147330 -2.420253
v 0.961862 2.098144 -2.737535
v 0.844561 2.084815 -1.661500
v 1.181349 2.158913 -1.831278
v 1.271405 2.182989 -2.088655
v 1.290059 2.226770 -2.926797
v 1.200815 2.184172 -2.674670
v 1.540757 2.254772 -2.861514
v 1.432374 2.181256 -1.746377
v 1.526051 2.193330 -2.007971
v 1.361961 2.196882 -2.347417
v 1.617650 2.209105 -2.270422
v 1.451815 2.223673 -2.605011
v 1.793565 2.232685 -2.793002
v 1.781204 2.168649 -1.928175
v 1.938100 2.092404 -1.578862
v 1.686577 2.154841 -1.661749
v 1.706906 2.214960 -2.532735
v 1.960181 2.173148 -2.463072
v 0.957243 2.196370 -3.525311
v 1.048730 2.154209 -2.982654
v 1.202624 2.251861 -3.501291
v 1.032040 2.241293 -3.813988
v 1.125237 2.206546 -3.235250
v 1.278477 2.262725 -3.785707
v 1.372243 2.259145 -3.184803
v 1.621917 2.268372 -3.122672
v 1.449291 2.272140 -3.453684
v 1.359422 2.202464 -4.074312
v 1.600130 2.182652 -4.012968
v 1.870308 2.238197 -3.055014
v 1.694360 2.261372 -3.390522
v 1.934649 2.219329 -3.318423
v 1.758745 2.222269 -3.662868
v 2.037963 2.104971 -3.848483
v 1.824300 2.148962 -3.934546
v 2.042193 2.170829 -2.729043
v 1.003820 0.150759 -5.259404
v 0.993363 0.431753 -5.306529
v 0.971714 0.714092 -5.270650
v 0.943266 0.994953 -5.283633
v 0.622605 1.288486 -5.294925
v 0.900942 1.282254 -5.267762
v 1.283417 0.142415 -5.274980
v 1.285392 -0.138475 -5.268356
v 1.275474 0.424652 -5.276171
v 1.222237 0.992973 -5.291045
v 1.253739 0.706907 -5.278992
v 1.575014 0.131903 -5.293646
v 1.573645 -0.152396 -5.286299
v 1.565943 0.416295 -5.293366
v 1.503023 0.978437 -5.233138
v 1.540972 0.700000 -5.278966
v 1.847952 -0.164098 -5.217934
v 1.852817 0.122129 -5.219154
v 1.817858 0.690882 -5.185079
v 1.778402 0.968005 -5.139585
v 2.121554 0.114646 -5.089392
v 2.041815 0.955672 -5.011484
v 2.080754 0.680118 -5.050539
v 2.375106 0.110214 -4.916396
v 2.109409 0.399492 -5.077966
v 2.358737 0.393057 -4.903829
v 2.327499 0.670806 -4.878069
v 2.283844 0.942580 -4.840114
v 1.980601 1.215851 -4.936060
v 2.223105 1.204595 -4.780398
v 0.861612 2.213627 -4.133855
v 0.538417 1.824507 -5.010488
v 0.806342 1.801861 -4.983881
v 0.582030 1.552765 -5.207679
v 0.851825 1.554915 -5.171478
v 1.112524 2.214418 -4.115901
v 0.936939 2.134335 -4.438653
v 1.191785 2.120330 -4.408224
v 1.518728 1.922889 -4.609134
v 1.266513 1.952471 -4.668838
v 1.074782 1.776349 -4.948500
v 1.341547 1.744549 -4.898816
v 1.125953 1.531866 -5.122262
v 1.455497 1.251002 -5.167275
v 1.177697 1.269474 -5.235068
v 1.396207 1.505320 -5.062957
v 1.439143 2.093244 -4.355072
v 1.757447 1.891120 -4.524091
v 1.724927 1.234687 -5.066597
v 1.661807 1.476377 -4.964154
v 1.599871 1.703161 -4.823533
v 1.846445 1.661849 -4.721281
v 1.914171 1.457010 -4.849343
v 2.066670 1.654650 -4.572838
v 2.145001 1.442468 -4.689787
v 1.876657 -0.149185 6.373577
v 2.150662 0.109459 6.360272
v 2.395940 0.601950 6.213887
v 2.151585 -0.154535 6.360816
v 2.415855 -0.163606 6.282867
v 2.402601 0.348778 6.246218
v 2.641012 0.323879 6.109157
v 2.624263 0.809520 6.038294
v 2.646975 -0.175215 6.132900
v 2.642607 0.074763 6.123272
v 2.844039 0.052862 5.931973
v 2.842216 -0.191043 5.937742
v 2.628990 0.568453 6.073566
v 2.833014 0.534823 5.890122
v 2.834363 0.294946 5.912120
v 2.984383 -0.212272 5.695312
v 2.985460 0.501188 5.655722
v 2.977791 0.264271 5.670500
v 2.982312 0.026332 5.685689
v 3.049958 -0.238182 5.420263
v 3.049733 0.231806 5.396139
v 3.044474 -0.036198 5.102643
v 3.093308 -0.072370 4.796536
v 3.039807 0.161569 4.783405
v 3.028666 0.197305 5.083241
v 3.032740 0.431449 5.070897
v 3.026958 0.396935 4.767203
v 3.041604 0.667026 5.057281
v 3.023193 0.632869 4.752554
v 3.037119 0.875595 4.737167
v 3.025699 0.906832 5.028883
v 3.039019 -0.108617 4.492069
v 2.189320 2.004323 4.892296
v 2.610824 1.041051 5.983373
v 2.348765 1.315177 5.975991
v 2.107497 1.851272 5.466585
v 2.389471 1.917010 5.242001
v 2.342677 1.790711 5.513390
v 2.440354 1.955108 4.956378
v 2.480973 1.949420 4.660688
v 2.587915 1.258101 5.906938
v 2.814275 1.205005 5.777645
v 2.823263 0.994850 5.821542
v 2.567796 1.448178 5.817361
v 2.804734 1.391732 5.737387
v 2.756846 1.672049 5.582837
v 2.570550 1.722231 5.557465
v 2.559373 1.596348 5.711176
v 2.628049 1.827315 5.306994
v 2.690941 1.868469 5.040953
v 2.720940 1.873813 4.749392
v 2.972940 1.178085 5.565645
v 2.972690 0.961523 5.596221
v 2.918835 1.702087 5.151970
v 3.043178 1.162919 5.301038
v 3.049399 0.934465 5.335295
v 2.962345 1.373479 5.529877
v 2.940710 1.723595 4.558217
v 2.919250 1.734099 4.845152
v 3.044518 1.567362 4.631546
v 3.015144 1.566280 4.915222
v 3.045810 1.391186 4.962353
v 3.030486 1.149620 5.002575
v 3.042561 1.126890 4.709145
v 2.720803 -0.233580 3.464598
v 2.728678 0.030565 3.443712
v 2.719390 0.295324 3.447041
v 2.711187 0.559455 3.455241
v 2.695311 0.821636 3.480501
v 2.893928 0.048621 3.656462
v 2.898506 -0.206433 3.667672
v 2.891608 0.558706 3.649021
v 2.900891 0.303698 3.644831
v 2.885101 0.812878 3.659454
v 3.009727 0.070093 3.902716
v 3.002832 -0.175266 3.920350
v 3.017091 0.562121 3.888292
v 3.004106 0.316304 3.896867
v 3.036685 -0.143032 4.191912
v 3.045105 0.095517 4.178244
v 3.019676 0.126440 4.478938
v 3.040641 0.363776 4.466379
v 3.037875 0.335443 4.167262
v 3.044930 0.574343 4.158419
v 3.031819 0.601478 4.454592
v 3.042952 0.812189 4.150209
v 3.021964 0.841493 4.441330
v 2.663682 1.074685 3.542536
v 2.633615 1.319991 3.626250
v 2.547043 1.759556 4.057282
v 2.512883 1.886164 4.358973
v 2.761143 1.727439 4.157454
v 2.846467 1.302591 3.757678
v 2.594940 1.539148 3.782029
v 2.804754 1.522427 3.897300
v 2.983285 1.498932 4.005433
v 3.022452 1.286610 3.920372
v 3.018163 1.050493 3.892467
v 2.878131 1.065647 3.680686
v 3.028663 1.088925 4.427335
v 3.037015 1.048699 4.150406
v 3.047688 1.277364 4.153547
v 3.047613 1.333606 4.402209
v 3.042737 1.435745 4.166155
v 3.047921 1.515188 4.370371
v 2.934469 1.657275 4.274349
v 2.814592 -0.185202 0.087999
v 2.785228 0.399099 0.055262
v 2.492562 1.212898 -0.067974
v 2.141743 1.649028 -0.210804
v 2.817009 0.108238 0.076585
v 2.719753 0.682969 0.023826
v 2.899946 0.394068 -0.236300
v 2.625251 0.957369 -0.015603
v 2.839373 0.678922 -0.265591
v 2.928060 0.103536 -0.215687
v 2.996101 0.386371 -0.539340
v 2.745927 0.954029 -0.303455
v 2.737743 1.213252 -0.643754
v 2.618666 1.214311 -0.350821
v 3.011733 0.096710 -0.521149
v 3.045238 0.089259 -0.834610
v 3.047377 0.375137 -0.853828
v 2.939021 0.670634 -0.567505
v 3.013508 0.658440 -0.881140
v 2.849514 0.945850 -0.603431
v 2.940747 0.937264 -0.912888
v 2.832360 1.204687 -0.951600
v 3.021357 0.081614 -1.165143
v 3.041938 0.363922 -1.178981
v 3.048411 0.645420 -1.203008
v 3.002764 0.923125 -1.233695
v 2.904117 1.194244 -1.269511
v 3.040972 0.627205 -1.536303
v 3.035445 0.903185 -1.558222
v 1.949208 1.808034 -0.304452
v 2.330952 1.447986 -0.131433
v 2.073820 1.825789 -0.574566
v 2.267232 1.659639 -0.487263
v 2.192006 1.844256 -0.852060
v 2.395829 1.677509 -0.765981
v 2.576408 1.453673 -0.698974
v 2.685256 1.454108 -0.998670
v 2.500085 1.675477 -1.055032
v 2.302244 1.851846 -1.137125
v 2.769178 1.452186 -1.312772
v 2.583541 1.671981 -1.372433
v 3.024969 0.068255 -1.490588
v 3.081452 0.051695 -1.826484
v 3.095196 0.324601 -1.849823
v 3.006071 0.346888 -1.509856
v 3.019686 0.609787 -1.868489
v 3.033193 0.026038 -2.168554
v 3.089858 0.304250 -2.180654
v 3.032056 0.584879 -2.203591
v 3.033694 0.883010 -1.890584
v 2.996926 1.144348 -1.916102
v 2.968101 1.172135 -1.590343
v 3.021654 0.547013 -2.534203
v 3.041311 0.277893 -2.522778
v 3.036352 0.243296 -2.855827
v 1.872359 2.173067 -2.195760
v 2.118104 2.096458 -2.128260
v 2.202991 2.088460 -2.403254
v 2.179189 1.989050 -1.500071
v 2.028571 2.095904 -1.853622
v 2.396190 1.844461 -1.431718
v 2.264142 1.991223 -1.784891
v 2.424429 1.962430 -2.355887
v 2.342557 1.974402 -2.071612
v 2.548849 1.828540 -2.022416
v 2.278787 2.070620 -2.676642
v 2.494079 1.932338 -2.639751
v 2.728074 1.651185 -1.983049
v 2.615771 1.804487 -2.317806
v 2.681200 1.769048 -2.612287
v 2.555555 1.908419 -2.920978
v 2.675390 1.671481 -1.677120
v 2.837873 1.429003 -1.629343
v 2.896751 1.414543 -1.946049
v 2.927595 1.381733 -2.264717
v 3.028247 1.120167 -2.241875
v 2.966981 1.345159 -2.581686
v 3.036846 0.152738 -3.854599
v 2.940462 0.131487 -4.159829
v 3.017364 0.422715 -3.853522
v 2.927217 0.404516 -4.159784
v 2.895953 0.670776 -4.148941
v 2.998384 0.688321 -3.850493
v 2.786100 0.117037 -4.441658
v 2.787938 -0.162905 -4.435994
v 2.747351 0.662922 -4.428732
v 2.854151 0.928720 -4.132343
v 2.639535 1.174182 -4.367318
v 2.793654 1.173385 -4.104466
v 2.963925 0.944339 -3.838119
v 3.036054 -0.019702 -2.839434
v 3.022468 -0.052276 -3.172616
v 3.027897 0.816266 -2.553340
v 3.023308 0.782375 -2.882818
v 3.047160 1.050408 -2.891957
v 3.041763 1.086864 -2.567153
v 2.992093 1.299348 -2.898250
v 3.093110 0.482971 -3.204637
v 3.089744 0.215832 -3.193189
v 3.035934 0.184749 -3.524854
v 2.995941 1.252980 -3.211092
v 3.048195 1.007800 -3.212957
v 3.025389 0.972342 -3.530361
v 1.986495 2.174728 -3.584085
v 2.206993 2.098163 -3.509803
v 2.109620 1.970097 -4.086896
v 2.296588 1.914130 -3.996673
v 2.191269 1.815282 -4.284236
v 2.110942 2.160347 -2.992571
v 2.340745 2.049789 -2.948474
v 2.168128 2.141880 -3.253680
v 2.417391 1.981497 -3.467592
v 2.234298 2.033440 -3.757849
v 2.425327 1.920761 -3.692459
v 2.434058 1.864397 -3.889920
v 2.384988 1.762125 -4.136146
v 2.386538 2.021397 -3.213378
v 2.590094 1.873510 -3.197454
v 2.540884 1.733656 -3.956474
v 2.715677 1.396722 -4.066179
v 2.560570 1.411498 -4.317471
v 2.625209 1.584678 -4.013693
v 2.471133 1.609089 -4.244462
v 2.746216 1.719143 -2.907833
v 2.749984 1.648685 -3.478616
v 2.766287 1.681528 -3.201490
v 2.872629 1.442405 -3.503187
v 2.716955 1.606456 -3.761277
v 2.821052 1.412221 -3.793511
v 2.831292 1.591110 -2.594183
v 2.883013 1.529293 -2.902644
v 2.596561 0.110419 -4.696133
v 2.595241 -0.172811 -4.690263
v 2.503563 0.929145 -4.636254
v 2.554006 0.664257 -4.672750
v 2.362989 1.428586 -4.520263
v 2.278159 1.632014 -4.424751
v -3.303794 1.493902 -2.904447
v 2.331671 1.509243 5.848462
v -1.487208 1.495673 -5.080979
v -0.069895 1.356666 -1.979400
v 2.094390 1.551282 5.854785
v -3.352859 1.504035 -2.623070
v 0.444051 -1.711953 -5.237844
v 3.036552 -0.940911 5.426630
v 3.053403 -0.003265 5.408875
v 3.055291 0.466644 5.379146
v 3.048043 -0.472459 5.427259
v 3.048029 0.701430 5.356999
v 2.705531 -1.855018 -3.199561
v 2.900056 1.187204 -3.818550
v 2.963962 1.214330 -3.518404
v 2.829931 -1.478342 -3.638117
v 3.013274 -0.356247 -3.486125
v 3.040864 0.451944 -3.536114
v 3.056349 -0.914541 -3.437035
v 1.602389 1.581603 3.631254
v 2.102829 1.555668 3.694565
v -0.293774 0.880828 -2.071683
v -0.382004 0.356031 -2.113636
v 0.591842 1.681074 3.569761
v 0.094708 -0.148698 -2.874029
v 0.114921 -0.690681 -2.857047
v -1.292069 -1.035321 -5.284385
v -1.535153 -1.093876 -5.248435
v 0.401392 -0.911325 -5.262425
v 0.452239 -0.119044 -5.269667
v 0.185249 -0.124989 -5.268310
v 0.346957 1.302406 -5.292129
v 0.076835 1.308664 -5.281242
v 2.890132 1.477540 -3.205894
v 3.069916 0.514708 -2.873528
v 3.038868 0.748311 -3.211669
v 3.012325 -1.177175 -3.389612
v -0.479355 1.561281 -5.196039
v 2.407805 0.093218 6.268096
v -1.505384 1.218018 -5.216011
v -0.885788 -0.151091 -5.259839
v -1.045829 -0.992429 -5.283400
v 2.352241 1.555875 3.728094
v 3.092121 -0.801429 -2.432992
v 3.027517 -1.057761 -2.405590
v 3.057613 -1.320960 -2.370268
v 3.053566 0.008237 -2.503083
v 3.079478 -0.265183 -2.482541
v 3.115671 -0.540141 -2.460257
v -2.693986 1.612179 -0.262021
v -2.166326 0.981312 6.251944
v 3.034284 0.854143 -2.222488
v 0.400268 1.470254 3.345681
v 0.513902 0.854065 3.147603
v 3.047677 -1.410403 5.396847
v 2.996848 -1.637463 5.353273
v -3.410681 -1.493254 -1.906854
v -3.519629 0.164927 4.876597
v -0.330482 -0.137539 -5.251627
v -0.599848 -0.141227 -5.271648
v -1.232682 1.181564 6.222964
v 1.528709 0.265602 3.004704
v 1.280536 0.258148 2.985270
v 1.035573 0.249740 2.981752
v 1.039156 -0.359627 2.989059
v 0.240651 1.723478 5.830390
v 0.205595 -1.677002 -5.244691
v 0.094099 -1.888901 -5.142141
v -0.020384 -1.649471 -5.274506
v -0.251204 1.530574 -1.266612
v -1.675412 -2.091353 -3.371823
v -1.549373 -2.030387 -2.955214
v -1.800902 -2.062641 -3.135879
v -3.127073 -1.773329 -1.508237
v -2.169674 2.093844 -3.316785
v -2.439703 2.004654 -3.410116
v -2.369253 1.988162 -3.648873
v 2.050113 -2.169178 -3.765173
v 0.850142 -2.335301 -3.653389
v 0.453817 -2.244097 -3.574098
v 1.333023 2.166710 -1.487359
v 1.227246 2.144751 -1.230535
v -2.255145 2.115828 -1.725691
v 2.247926 -1.958252 -0.965520
v 0.686314 -2.191807 0.149703
v 0.555132 -2.206077 -0.219152
v -3.005736 -1.600968 -3.292472
v -0.241206 -2.080135 -0.009308
v 0.349439 2.065747 -0.119874
v -0.478370 1.803451 -0.236533
v -0.420819 1.915961 0.088166
v -0.264023 1.922383 -0.125845
v 1.361529 2.025260 -0.260030
v -1.851118 2.134515 -3.496678
v -2.904139 1.664331 -3.625396
v -2.769297 1.872710 -3.275770
v -2.690872 1.861846 -3.517744
v -2.937789 -1.862991 -1.369646
v -0.400383 2.145996 -3.826572
v -1.561961 2.155211 -3.708606
v -1.320075 2.159396 -3.652284
v 0.802305 -2.363305 -4.022067
v -0.988736 -2.251104 1.752837
v -1.434710 2.408290 4.369744
v -1.759481 -2.155855 2.026960
v -2.147104 1.841277 -0.554381
v -0.948412 2.283646 3.226713
v -2.991774 1.677508 3.262386
v -0.682944 -2.429394 3.645861
v -2.685331 -2.006575 2.942699
v -1.337362 2.044816 1.772507
v -1.174242 2.027401 1.538692
v -0.017326 -2.003922 2.761739
v -0.135567 -2.061383 2.985004
v -0.361115 -2.198898 2.904362
v 0.852277 -1.891230 1.448402
v 0.618808 -2.030293 1.330862
v -0.500033 1.816724 -5.018522
v -0.793848 2.098980 -4.485551
v -1.090394 2.076906 -3.287285
v -0.959984 2.370225 3.850133
v -1.196924 -2.042003 1.033970
v 2.271206 1.912874 4.283744
v -2.803872 2.052569 -1.914258
v 2.695215 -1.954684 4.507478
v 2.464013 -2.020700 4.452663
v -3.061040 -2.080611 4.918044
v -0.115576 1.952474 2.390059
v -1.254677 2.344316 4.765094
v -1.513041 -2.257107 2.140050
v -1.897629 -1.946929 -4.216046
v -1.434585 -1.912210 -2.548891
v -1.670093 -2.006205 -2.716077
v -2.396909 -2.413625 4.492397
v -2.123751 2.105918 -2.223124
v -2.604056 1.619573 -4.272868
v -2.041446 -2.027335 -2.646778
v 2.616193 -1.963211 5.285698
v 2.376114 -2.029236 5.277248
v 1.878140 -2.095320 5.260318
v 1.853551 -1.994392 5.529136
v 1.623204 -2.119321 5.249582
v 0.833941 -2.168225 5.223423
v 0.390176 2.165839 4.696591
v 2.129230 -2.064721 5.269141
v 2.106222 -1.964580 5.529558
v 1.364067 -2.136835 5.240988
v 1.100967 -2.152211 5.231714
v -3.138025 -1.901677 5.224787
v -2.057569 2.318985 4.483245
v 0.183662 2.171474 4.364782
v -0.068097 2.221407 4.338574
v -0.729377 -2.268959 1.871612
v -0.257495 2.033210 3.443938
v 1.219958 -2.238482 -0.826184
v 2.476095 1.846266 -1.726924
v 2.310407 1.759279 3.995280
v 3.051672 1.399143 4.670022
v 0.520672 1.979647 -1.492283
v 1.725865 2.020554 4.494749
v 0.796047 1.851691 3.830021
v 0.843886 1.643382 3.581430
v -1.991430 2.030986 -4.062495
v -1.855577 2.371594 3.866570
v -1.733744 2.360852 3.571107
v -2.920887 1.881634 3.666011
v 2.348372 -1.933269 5.527871
v 0.921776 -2.200119 -4.621133
v 2.019898 -2.310177 -2.964602
v 1.832908 -2.333830 -3.146723
v 1.849319 -2.286014 -3.558515
v 1.626307 -2.368444 -2.921216
v 1.827983 -2.356489 -2.754956
v 1.205525 -2.305802 -2.853132
v 1.035482 -2.367102 -3.877784
v 1.760670 -2.296607 -1.803700
v 1.505877 -2.322540 -1.947055
v 1.091138 -2.261554 -1.845791
v 1.260509 -2.010101 4.034287
v 1.004550 -2.030870 4.025707
v 0.872091 -2.218225 4.925497
v -2.034391 -1.956042 -3.982367
v -1.785863 -1.985225 -2.471070
v -2.801805 -1.718002 -0.682931
v -2.767924 -1.525971 -0.375566
v -1.249681 1.890531 -4.753502
v -1.262640 2.022951 -4.511501
v -0.357345 2.178523 -4.147316
v -0.694658 -1.916374 -5.101058
v -0.294159 -1.984683 -5.082857
v -0.215801 -2.182091 2.105965
v -0.660516 -2.011177 -3.264927
v 0.996377 2.119606 -0.725356
v 0.734733 2.090709 -0.239470
v 2.074831 1.986473 -1.222645
v -0.028876 2.024749 -4.764683
v -0.073423 2.144356 -4.462492
v -1.300870 2.152785 -3.949774
v -1.534883 2.128536 -3.991904
v 2.372776 -2.101629 -1.798894
v 2.580922 -1.940376 -1.733196
v 0.618621 -2.338382 -3.789565
v 1.617697 -2.200900 -0.944473
v 1.488712 -2.190130 -0.695796
v 1.349952 -2.255311 -1.075731
v 1.302953 -1.893541 0.762411
v 0.768880 -2.031420 1.106172
v -1.413321 -1.862443 -4.838537
v -1.313023 -1.944783 -2.786520
v -1.423101 -2.578499 4.103270
v -0.192112 2.006802 0.207523
v -0.007897 -2.198052 0.715600
v 0.690084 -2.210552 -0.460256
v 1.009942 1.987003 -4.716759
v 1.900688 2.020507 -4.190906
v 1.979153 1.852958 -4.409770
v 1.675977 2.061977 -4.281130
v 0.377799 2.047729 0.807205
v -0.271943 2.058055 0.772745
v -2.838201 1.884887 -3.028193
v -2.627019 2.024209 -2.675125
v -2.468396 2.107834 -2.074872
v -2.190201 2.111512 -1.972927
v -2.061291 2.057609 -1.363735
v -2.708034 2.065049 3.796716
v 1.765111 -1.967679 4.073294
v 0.516669 -2.128399 0.978706
v -2.773982 -1.910375 -2.474859
v -0.600459 2.068716 1.215844
v 1.084016 2.144156 -1.576253
v -2.609522 -1.680539 -0.535194
v 2.738400 1.821971 4.455066
v -2.530052 2.115717 -1.828084
v -1.029573 2.067263 -4.498108
v 1.513399 -1.984405 4.052680
v -2.001132 -2.242632 5.316096
v -2.589317 2.063451 3.504143
v -2.514953 1.822587 -3.970270
v -2.607998 1.841055 -3.750510
v -1.994061 2.056386 -1.611886
v -0.858855 -2.363849 2.717930
v -1.641275 -2.300826 2.402260
v 0.604735 -2.244666 4.918244
v -1.727882 1.441557 -5.029871
v -2.544283 1.974060 5.284915
v -0.222754 1.570266 -5.219829
v -0.135869 -1.851085 -5.179859
v -0.181871 -1.630876 -5.289562
v 0.256978 -2.190678 0.848622
v -0.840524 2.163308 -3.866408
v -0.596565 2.244384 3.640140
v -0.507926 2.149449 5.235085
v -0.873373 -1.960547 -4.983113
v -0.434793 2.059438 0.994409
v -2.802877 1.887720 3.380059
v -3.113090 1.664332 3.540603
v -1.363901 -2.489272 3.147797
v 2.593110 1.765780 -3.720559
v 1.520980 2.251977 -3.732212
v 0.915551 -2.030945 0.876129
v -1.423471 -2.064098 -3.187412
v 2.775568 1.624239 -2.288866
v -3.202447 -1.721557 -1.314276
v 0.163205 1.763165 -3.253707
v -0.192124 1.304834 -5.287509
v -0.063313 -0.651017 -3.024950
v -0.100621 -0.655401 -2.799892
v 0.044611 1.561412 -5.195678
v -0.131313 -1.695884 -1.393428
v -0.429943 -1.498950 -1.219599
v -0.697441 -1.036730 -1.291698
v -0.850321 -0.235824 -1.284684
v -0.721886 0.317505 -1.473024
v 0.949197 -1.765220 -5.110209
v 2.445460 1.188066 -4.592057
v 2.700574 0.923712 -4.403265
v -3.375083 0.698099 -0.608790
v -3.364456 -0.590002 -0.543815
v -3.372595 0.189255 -0.585187
v -3.357993 1.201909 -0.637140
v -3.450207 -1.141476 -0.791432
v -3.318156 -1.127424 -0.543962
v 1.843734 0.407877 -5.209575
v 2.792977 -1.253109 -4.006197
v -0.823395 1.282956 -0.704462
v -0.983997 1.269637 -0.502811
v -1.045922 0.796944 -0.807951
v -1.206873 0.785662 -0.608788
v -3.018570 -1.607548 2.789800
v -0.096060 0.917593 -2.501674
v -0.162157 -0.148603 -2.540514
v -0.155403 0.376932 -2.516166
v -2.947667 1.553082 5.687047
v -3.374169 0.670893 -3.848912
v -3.075496 1.452415 -3.702400
v 2.926939 1.526664 5.477819
v 2.846658 1.664312 5.406125
v 2.978209 0.734202 5.627054
v 2.829166 0.769441 5.859630
v 2.457012 1.452463 -0.410158
v -2.399924 1.907344 -0.537440
v -0.383344 -2.089063 0.222861
v -1.310812 -1.728225 -2.150198
v -1.214976 -1.771404 -2.404856
v 0.460689 -2.002529 -1.783278
v -0.070745 1.928507 3.478498
v -2.363561 -2.150183 2.740482
v 2.774239 0.392929 -4.440617
v 2.693400 -1.006752 -4.342469
v -1.992848 -0.331810 0.123722
v -1.957650 0.487131 0.167822
v -2.176402 -0.071884 0.346441
v -1.782828 0.996265 0.263733
v -1.500857 1.435089 0.407729
v -1.770766 -1.584703 0.773357
v -1.916003 -1.127018 0.421078
v -2.341738 -0.086788 0.572808
v -2.808940 -0.134112 1.301469
v -2.349530 -1.682838 1.758548
v -2.153378 1.438665 1.334562
v -2.767394 0.434094 1.339869
v -2.632094 -0.961141 1.346794
v -3.142200 -0.761002 2.105546
v -3.177162 -1.061135 2.407822
v -2.914155 -1.565759 2.502862
v -2.010723 1.102835 -5.097998
v -1.758153 1.168007 -5.167858
v -1.289460 -0.261233 -0.651740
v -1.288068 0.263125 -0.632507
v -0.995194 1.455715 -0.221809
v -1.973033 1.362086 -4.978590
v 0.584571 1.642714 -3.057680
v 1.257814 1.416991 1.589073
v 3.013145 0.807544 3.886421
v 2.327563 1.662017 5.698164
v 2.096270 1.705731 5.682722
v 1.867012 1.757638 5.681175
v -2.970359 1.439955 -3.938420
v -2.812236 1.649720 -3.858391
v -2.713272 1.640540 -4.074544
v -2.996129 1.672780 -3.384511
v -3.251644 0.667774 -4.106853
v -3.105546 0.668704 -4.348906
v -2.856156 1.428533 -4.160871
v 0.264208 1.598123 -2.373699
v -3.509862 -0.271805 3.563773
v 2.493428 -1.024130 -4.596424
v 2.582609 0.390059 -4.690375
v -2.934083 0.676037 -4.570351
v 1.386617 0.960127 1.951165
v 2.780989 1.533124 5.673406
v -2.737711 0.693500 -4.767590
v -2.525045 -1.033137 -4.725565
v 3.031746 1.538111 5.219244
v -1.538353 -0.831179 -0.269693
v 2.993348 -0.924740 5.690673
v 0.118979 -1.937493 3.490731
v -2.667509 1.758251 -0.357013
v 3.046474 0.715670 -3.535999
v 3.035078 -0.085442 -3.511860
v -1.859231 0.960482 6.292985
v 0.309981 1.568802 -5.195736
v -1.795052 -1.732516 -1.191239
v 3.037138 -0.637274 -3.466630
v -3.124870 -1.586595 -3.020248
v 3.046470 1.372478 5.262251
v -2.517335 0.724965 -4.934705
v -0.084875 -0.121984 -5.278877
v -2.499426 -0.124566 -5.010128
v -1.046889 -2.046354 -3.231275
v -1.922825 -2.038896 -2.893793
v -2.056282 -2.036701 -3.320295
v -2.432727 -1.937905 -3.251975
v -1.928969 -2.055000 -3.560674
v -1.084193 2.137015 -3.596097
v -0.846784 -2.221226 1.512628
v -0.702292 -2.206380 1.277105
v -2.241735 -2.103822 2.460783
v -1.492795 1.968249 -4.524254
v -0.954218 -2.141732 1.153502
v -1.214486 -2.054775 -4.660092
v -0.262828 -2.310994 -3.938354
v -0.410217 -2.227908 -3.710982
v 2.895585 -1.861398 4.817808
v -2.305276 -1.952848 -3.502337
v -0.704076 2.223848 3.316547
v 2.739385 -1.731006 5.690094
v -3.035668 -1.792038 -1.172846
v 2.542564 -2.037932 -3.089774
v -1.621965 1.793284 1.296328
v -2.980065 -1.718856 -0.842247
v 0.748783 2.007924 -4.741480
v -0.809538 -2.129920 0.918294
v -2.470759 2.195868 3.930352
v 2.596076 1.824971 -3.463893
v -0.630233 -1.970368 0.098037
v -0.814394 -1.843192 0.013258
v -0.100467 -1.835165 -1.115089
v -0.577676 1.675523 -2.856160
vn -0.0978 -0.5244 0.8458
vn -0.0905 -0.6493 0.7551
vn -0.0470 -0.5206 0.8525
vn -0.0407 -0.6463 0.7620
vn -0.0122 -0.6456 0.7636
vn -0.0810 -0.2277 0.9704
vn -0.0976 -0.3893 0.9159
vn -0.0314 -0.2046 0.9783
vn 0.0327 0.0058 0.9994
vn -0.0258 -0.0805 0.9964
vn -0.0073 0.0031 1.0000
vn -0.0458 -0.3790 0.9243
vn -0.0188 -0.3720 0.9280
vn -0.0027 -0.0269 0.9996
vn -0.0000 -0.0055 1.0000
vn -0.0181 -0.5181 0.8552
vn -0.0032 -0.5184 0.8551
vn 0.0067 -0.6464 0.7630
vn 0.0142 -0.6494 0.7603
vn 0.0239 -0.6571 0.7534
vn 0.0041 -0.5207 0.8537
vn -0.0130 -0.1898 0.9817
vn -0.0043 -0.1815 0.9834
vn -0.0037 -0.0234 0.9997
vn 0.0359 -0.0052 0.9993
vn -0.0087 -0.3702 0.9289
vn -0.0063 -0.3751 0.9270
vn 0.0008 -0.3790 0.9254
vn -0.0090 -0.1729 0.9849
vn 0.0055 0.0022 1.0000
vn -0.0373 -0.0252 0.9990
vn 0.0056 -0.5234 0.8521
vn 0.0070 -0.5293 0.8484
vn 0.0062 -0.5336 0.8457
vn 0.0149 -0.6675 0.7444
vn -0.0013 -0.5353 0.8446
vn 0.0108 -0.6710 0.7414
vn 0.0015 -0.6757 0.7372
vn -0.0633 0.0293 0.9976
vn -0.0001 0.0317 0.9995
vn -0.0001 -0.3770 0.9262
vn 0.0002 -0.1701 0.9854
vn -0.0013 -0.0577 0.9983
vn 0.0271 -0.0325 0.9991
vn 0.0016 -0.3752 0.9270
vn -0.0001 -0.1694 0.9855
vn 0.0530 0.0307 0.9981
vn -0.0235 0.0137 0.9996
vn -0.0042 -0.1758 0.9844
vn 0.0019 -0.1789 0.9839
vn -0.0060 -0.0018 1.0000
vn -0.0065 -0.0115 0.9999
vn -0.0030 -0.3707 0.9288
vn -0.0117 -0.3722 0.9281
vn -0.0019 -0.0080 1.0000
vn -0.0086 -0.0074 0.9999
vn -0.0046 -0.5331 0.8461
vn 0.0010 -0.5361 0.8441
vn 0.0121 -0.6728 0.7398
vn 0.0506 -0.6727 0.7382
vn 0.0124 -0.5377 0.8430
vn -0.0182 -0.1725 0.9848
vn -0.0080 -0.1717 0.9851
vn 0.0061 -0.0020 1.0000
vn 0.0036 -0.0021 1.0000
vn -0.0082 -0.3746 0.9271
vn 0.0103 -0.3755 0.9267
vn 0.0021 0.0084 1.0000
vn -0.0045 0.0082 1.0000
vn 0.0061 -0.1685 0.9857
vn 0.0317 -0.1846 0.9823
vn 0.0006 0.0075 1.0000
vn -0.0017 -0.0214 0.9998
vn 0.0487 -0.3790 0.9241
vn -0.1165 0.0642 0.9911
vn -0.0966 0.0157 0.9952
vn 0.0073 0.0065 1.0000
vn 0.0460 0.0026 0.9989
vn -0.1440 0.1880 0.9716
vn -0.0481 0.1370 0.9894
vn -0.0142 -0.0086 0.9999
vn -0.0112 0.0826 0.9965
vn -0.0280 -0.0028 0.9996
vn -0.0113 -0.0077 0.9999
vn -0.0298 0.2942 0.9553
vn -0.0144 0.2675 0.9635
vn -0.0379 0.4447 0.8949
vn -0.1246 0.6454 0.7536
vn -0.1345 0.4837 0.8649
vn -0.0516 0.5965 0.8009
vn -0.0588 0.4671 0.8823
vn -0.0355 0.5680 0.8223
vn -0.0070 0.0146 0.9999
vn 0.0274 -0.0106 0.9996
vn -0.0100 0.0467 0.9989
vn -0.0055 0.2431 0.9700
vn 0.0632 -0.0126 0.9979
vn -0.0272 0.0162 0.9995
vn -0.0061 0.0274 0.9996
vn -0.0111 0.0179 0.9998
vn -0.0132 0.4094 0.9123
vn -0.0120 0.3875 0.9218
vn -0.0139 0.5353 0.8445
vn -0.0069 0.5513 0.8343
vn -0.0046 0.6607 0.7506
vn -0.0133 0.5183 0.8551
vn -0.0101 0.6418 0.7668
vn -0.0072 -0.0477 0.9988
vn -0.0083 -0.0532 0.9985
vn -0.0084 0.2153 0.9765
vn -0.0080 0.1903 0.9817
vn -0.0056 0.5059 0.8626
vn -0.0036 0.0456 0.9990
vn 0.0224 0.0120 0.9997
vn -0.0061 0.0112 0.9999
vn -0.0029 0.0016 1.0000
vn -0.0104 0.3708 0.9287
vn -0.0065 0.3578 0.9338
vn -0.0033 -0.0511 0.9987
vn -0.0187 -0.0160 0.9997
vn -0.0053 0.1661 0.9861
vn -0.0082 0.1463 0.9892
vn -0.0023 0.5000 0.8660
vn -0.0002 0.4965 0.8680
vn -0.0493 -0.0075 0.9988
vn 0.0082 0.0022 1.0000
vn 0.0043 -0.0147 0.9999
vn -0.0018 -0.0349 0.9994
vn -0.0082 0.3475 0.9376
vn -0.0054 0.3417 0.9398
vn -0.0051 -0.0116 0.9999
vn 0.0097 0.0132 0.9999
vn -0.0092 0.6284 0.7779
vn 0.0049 0.6243 0.7812
vn 0.0095 0.6253 0.7804
vn 0.0117 0.6274 0.7786
vn 0.0023 0.4944 0.8692
vn -0.0233 0.0104 0.9997
vn -0.0081 0.1253 0.9921
vn -0.0042 0.1060 0.9944
vn 0.0060 0.4922 0.8704
vn -0.0084 -0.0381 0.9992
vn -0.0145 -0.0287 0.9995
vn 0.0027 -0.0111 0.9999
vn -0.0020 0.3355 0.9420
vn 0.0161 0.3276 0.9447
vn -0.0072 0.0181 0.9998
vn 0.0407 0.0040 0.9992
vn 0.0103 0.0912 0.9958
vn 0.0224 0.0960 0.9951
vn 0.0179 0.4863 0.8736
vn 0.0447 0.4754 0.8786
vn 0.0382 -0.0230 0.9990
vn -0.0265 0.0009 0.9996
vn 0.0111 -0.0157 0.9998
vn 0.0004 0.0024 1.0000
vn 0.0441 0.3140 0.9484
vn 0.0836 0.3068 0.9481
vn 0.0129 0.6283 0.7779
vn 0.0137 0.6282 0.7779
vn 0.0220 0.6228 0.7820
vn 0.0398 0.6133 0.7889
vn 0.0897 0.4622 0.8822
vn -0.8763 -0.4517 0.1678
vn -0.9888 -0.1337 -0.0660
vn -0.8135 -0.5785 -0.0591
vn -0.8322 -0.3623 0.4198
vn -0.6939 -0.6460 0.3182
vn -0.6475 -0.5454 0.5322
vn -0.5004 -0.3972 0.7693
vn -0.4262 -0.6354 0.6439
vn -0.3839 -0.7979 0.4647
vn -0.2718 -0.6556 0.7045
vn -0.3669 -0.8783 0.3065
vn -0.2532 -0.8022 0.5406
vn -0.9712 -0.1308 0.1991
vn -0.9998 -0.0107 -0.0170
vn -0.9997 -0.0129 -0.0228
vn -0.9879 -0.0631 0.1417
vn -0.9916 -0.0113 0.1290
vn -0.9985 0.0424 -0.0341
vn -0.9998 0.0074 -0.0181
vn -0.9953 0.0127 0.0964
vn -0.9961 -0.0372 0.0800
vn -0.7311 -0.2915 0.6169
vn -0.9057 -0.1687 0.3889
vn -0.9230 -0.0808 0.3762
vn -0.9283 -0.0431 0.3694
vn -0.9269 -0.0493 0.3720
vn -0.7670 -0.1582 0.6218
vn -0.7958 -0.0669 0.6019
vn -0.7859 -0.0978 0.6106
vn -0.9263 -0.0164 0.3764
vn -0.6136 -0.1560 0.7740
vn -0.5695 -0.2419 0.7856
vn -0.6446 -0.0417 0.7633
vn -0.6353 -0.0930 0.7666
vn -0.7969 -0.0238 0.6036
vn -0.6418 0.0081 0.7668
vn -0.3920 -0.3187 0.8630
vn -0.4695 -0.1229 0.8743
vn -0.9207 -0.3752 -0.1077
vn -0.7980 -0.5920 -0.1133
vn -0.7573 -0.6286 -0.1772
vn -0.6272 -0.7715 0.1072
vn -0.6402 -0.7671 -0.0410
vn -0.8206 -0.5116 -0.2546
vn -0.7160 -0.6542 -0.2436
vn -0.8714 -0.4539 -0.1861
vn -0.6221 -0.7720 -0.1301
vn -0.7848 -0.5499 -0.2858
vn -0.6903 -0.6677 -0.2786
vn -0.5868 -0.7706 -0.2487
vn -0.6026 -0.7735 -0.1964
vn -0.7573 -0.5723 -0.3145
vn -0.6681 -0.6802 -0.3016
vn -0.9593 -0.2644 -0.0994
vn -0.9983 -0.0499 -0.0292
vn -0.9895 -0.1353 -0.0508
vn -0.9989 0.0466 0.0062
vn -0.9987 0.0370 -0.0355
vn -0.9987 0.0331 -0.0381
vn -0.9985 -0.0279 0.0473
vn -0.9832 -0.1740 0.0545
vn -0.9932 -0.1098 0.0384
vn -0.9948 -0.0334 0.0964
vn -0.9988 -0.0383 -0.0314
vn -0.9602 -0.2480 -0.1285
vn -0.9956 -0.0919 -0.0206
vn -0.9975 -0.0662 0.0262
vn -0.9788 -0.1618 -0.1257
vn -0.9087 -0.3584 -0.2142
vn -0.9988 -0.0104 -0.0471
vn -0.9938 -0.0987 -0.0510
vn -0.9360 -0.2750 -0.2198
vn -0.9975 -0.0291 -0.0646
vn -0.9774 -0.1566 -0.1418
vn -0.8667 -0.4174 -0.2729
vn -0.8964 -0.3369 -0.2882
vn -0.8371 -0.4515 -0.3090
vn -0.9748 -0.1047 -0.1971
vn -0.9424 -0.2158 -0.2556
vn -0.9897 -0.0243 -0.1411
vn -0.9996 0.0256 0.0088
vn -0.6489 0.0043 0.7609
vn -0.8141 -0.0718 0.5763
vn -0.6421 -0.0691 0.7635
vn -0.6596 0.0212 0.7513
vn -0.8223 0.0214 0.5687
vn -0.6534 0.0303 0.7564
vn -0.4386 -0.1916 0.8780
vn -0.6139 -0.2072 0.7617
vn -0.3898 -0.4422 0.8078
vn -0.4431 -0.0534 0.8949
vn -0.4444 0.0082 0.8958
vn -0.4546 0.0231 0.8904
vn -0.4599 0.0288 0.8875
vn -0.8900 -0.4541 0.0417
vn -0.9919 -0.1268 0.0094
vn -0.8583 -0.5131 -0.0103
vn -0.8681 -0.4578 0.1920
vn -0.7944 -0.4702 0.3845
vn -0.9756 -0.1611 0.1492
vn -0.6324 -0.6954 0.3413
vn -0.7437 -0.6670 0.0449
vn -0.6876 -0.7259 -0.0142
vn -0.5125 -0.7345 0.4447
vn -0.6884 -0.4959 0.5292
vn -0.5992 -0.7832 0.1658
vn -0.4991 -0.8253 0.2644
vn -0.7274 -0.6641 0.1729
vn -0.5221 -0.4889 0.6988
vn -0.3837 -0.7338 0.5607
vn -0.4807 -0.8768 -0.0086
vn -0.6505 -0.7572 -0.0585
vn -0.6205 -0.7798 -0.0836
vn -0.9902 -0.1397 -0.0028
vn -0.9999 -0.0128 0.0018
vn -1.0000 0.0067 0.0019
vn -0.9993 -0.0247 0.0289
vn -0.9997 0.0078 0.0235
vn -0.9995 0.0315 0.0090
vn -0.9970 0.0223 0.0747
vn -0.9942 -0.0583 0.0903
vn -0.9981 -0.0600 0.0146
vn -0.9986 -0.0276 0.0444
vn -0.9977 -0.0637 -0.0231
vn -0.9996 -0.0042 -0.0284
vn -0.9998 -0.0134 0.0144
vn -0.9989 -0.0450 0.0133
vn -0.9927 -0.0671 0.0999
vn -0.9542 -0.0050 0.2992
vn -0.9963 -0.0021 0.0854
vn -0.9393 -0.0498 0.3394
vn -0.9990 0.0043 0.0438
vn -0.9997 0.0011 0.0251
vn -0.9617 0.0180 0.2734
vn -0.9597 0.0030 0.2811
vn -0.9993 -0.0155 0.0348
vn -0.9984 -0.0140 0.0541
vn -0.7818 -0.6148 -0.1036
vn -0.9327 -0.3522 -0.0778
vn -0.7489 -0.6516 -0.1206
vn -0.5486 -0.8265 -0.1258
vn -0.4040 -0.9127 -0.0617
vn -0.5856 -0.8039 -0.1041
vn -0.7098 -0.6856 -0.1618
vn -0.5133 -0.8412 -0.1698
vn -0.9718 -0.2293 -0.0555
vn -0.9986 -0.0493 -0.0186
vn -0.8876 -0.4476 -0.1088
vn -0.9859 -0.1576 -0.0554
vn -0.9981 -0.0592 0.0169
vn -0.9986 -0.0504 -0.0160
vn -0.9985 -0.0545 -0.0081
vn -0.9996 -0.0051 -0.0293
vn -0.9976 0.0511 -0.0471
vn -0.9968 0.0351 -0.0724
vn -0.9909 -0.0647 -0.1183
vn -0.9502 -0.2769 -0.1430
vn -0.8415 -0.5104 -0.1770
vn -0.9998 0.0218 0.0026
vn -0.9992 -0.0044 -0.0387
vn -0.8988 -0.3694 -0.2360
vn -0.7954 -0.5547 -0.2443
vn -0.9916 -0.0980 -0.0843
vn -0.9650 -0.1918 -0.1787
vn -0.9989 -0.0184 -0.0435
vn -0.9928 -0.0733 -0.0948
vn -0.9995 -0.0009 0.0329
vn -0.8517 -0.4217 -0.3111
vn -0.7371 -0.5801 -0.3466
vn -0.7651 -0.5758 -0.2881
vn -0.9528 -0.1510 -0.2633
vn -0.8681 -0.3126 -0.3857
vn -0.9141 -0.2766 -0.2965
vn -0.9718 -0.0553 -0.2291
vn -0.9033 -0.1840 -0.3876
vn -0.3256 -0.4715 0.8195
vn -0.2230 -0.5128 0.8290
vn -0.2637 -0.8867 0.3797
vn -0.1884 -0.6653 0.7224
vn -0.1478 -0.6622 0.7346
vn -0.2722 -0.9338 0.2324
vn -0.1883 -0.8777 0.4407
vn -0.3640 -0.9174 0.1609
vn -0.1543 -0.5276 0.8353
vn -0.1395 -0.7757 0.6155
vn -0.1814 -0.7862 0.5907
vn -0.1885 -0.9386 0.2890
vn -0.0327 -0.7636 0.6448
vn -0.0218 -0.8573 0.5144
vn -0.0714 -0.8631 0.4999
vn -0.0807 -0.7708 0.6320
vn -0.0022 -0.7592 0.6508
vn -0.0630 -0.9281 0.3670
vn -0.1212 -0.9347 0.3340
vn -0.0507 -0.9711 0.2333
vn -0.4419 -0.2095 0.8723
vn -0.2954 -0.2463 0.9231
vn -0.4766 -0.0536 0.8775
vn -0.3030 -0.0506 0.9516
vn -0.2633 -0.3692 0.8913
vn -0.1697 -0.3891 0.9054
vn -0.3097 -0.1422 0.9401
vn -0.1464 -0.1315 0.9804
vn -0.1702 -0.2524 0.9526
vn -0.1116 -0.0288 0.9933
vn -0.4901 -0.8601 -0.1418
vn -0.4913 -0.8692 -0.0553
vn -0.6624 -0.6796 -0.3153
vn -0.4871 -0.8709 0.0654
vn -0.3723 -0.9276 0.0305
vn -0.4832 -0.8369 -0.2571
vn -0.4800 -0.8433 -0.2418
vn -0.5780 -0.7671 -0.2783
vn -0.2782 -0.9605 -0.0112
vn -0.3760 -0.9233 -0.0784
vn -0.3830 -0.9113 -0.1515
vn -0.4814 -0.8523 -0.2044
vn -0.3859 -0.9007 -0.1993
vn -0.3745 -0.8996 -0.2247
vn -0.2830 -0.9544 -0.0951
vn -0.1822 -0.9822 -0.0463
vn -0.2755 -0.9490 -0.1536
vn -0.1210 -0.9719 0.2021
vn -0.1886 -0.9693 0.1580
vn -0.1084 -0.9902 0.0881
vn -0.0856 -0.9963 -0.0094
vn -0.1899 -0.9806 0.0484
vn -0.1379 -0.9768 -0.1636
vn -0.1630 -0.9798 -0.1155
vn -0.2541 -0.9473 -0.1952
vn -0.0573 -0.9946 -0.0864
vn -0.0270 -0.9933 0.1122
vn -0.0198 -0.9904 -0.1370
vn -0.1085 -0.9750 -0.1939
vn -0.2272 -0.9477 -0.2244
vn -0.8721 -0.3576 -0.3339
vn -0.8120 -0.4749 -0.3393
vn -0.9383 -0.1465 -0.3134
vn -0.9134 -0.2441 -0.3258
vn -0.9522 -0.0405 -0.3029
vn -0.6295 -0.6736 -0.3874
vn -0.5350 -0.7638 -0.3611
vn -0.5647 -0.7601 -0.3216
vn -0.6588 -0.6701 -0.3420
vn -0.5274 -0.7613 -0.3771
vn -0.6102 -0.6766 -0.4121
vn -0.5251 -0.7568 -0.3894
vn -0.3218 -0.8980 -0.3001
vn -0.3290 -0.8972 -0.2948
vn -0.4327 -0.8363 -0.3367
vn -0.4288 -0.8318 -0.3524
vn -0.2096 -0.9457 -0.2484
vn -0.3462 -0.9013 -0.2604
vn -0.5170 -0.7637 -0.3866
vn -0.4232 -0.8344 -0.3530
vn -0.5979 -0.6860 -0.4145
vn -0.7936 -0.4797 -0.3742
vn -0.8891 -0.2564 -0.3792
vn -0.9146 -0.1494 -0.3757
vn -0.9265 -0.0398 -0.3742
vn -0.8944 -0.1461 -0.4228
vn -0.8884 -0.0324 -0.4580
vn -0.8754 -0.1484 -0.4600
vn -0.9062 -0.0377 -0.4212
vn -0.7533 -0.4856 -0.4436
vn -0.6861 -0.5848 -0.4327
vn -0.7090 -0.5789 -0.4028
vn -0.7740 -0.4792 -0.4138
vn -0.8088 -0.3769 -0.4514
vn -0.8279 -0.3720 -0.4198
vn -0.8717 -0.0259 -0.4894
vn -0.8602 -0.1489 -0.4877
vn -0.6784 -0.5914 -0.4358
vn -0.7423 -0.4863 -0.4610
vn -0.8330 -0.2656 -0.4853
vn -0.8487 -0.2634 -0.4587
vn -0.6718 -0.5912 -0.4464
vn -0.7914 -0.3793 -0.4794
vn -0.7371 -0.4821 -0.4736
vn -0.8220 -0.2673 -0.5028
vn -0.8463 -0.1415 -0.5136
vn 0.0334 -0.2738 0.9612
vn -0.1950 -0.6619 0.7238
vn 0.0386 -0.5683 0.8219
vn 0.0299 -0.8216 0.5694
vn 0.2459 -0.6339 0.7332
vn 0.3825 -0.6661 0.6403
vn 0.3461 -0.3242 0.8804
vn 0.2060 -0.8537 0.4783
vn 0.4880 -0.4075 0.7719
vn 0.5254 -0.6978 0.4869
vn 0.6364 -0.4685 0.6128
vn 0.5711 -0.7112 0.4098
vn -0.2464 -0.1399 0.9590
vn -0.2269 0.0010 0.9739
vn -0.2327 0.0199 0.9723
vn 0.0323 -0.1098 0.9934
vn -0.3071 -0.3308 0.8924
vn -0.2240 -0.0330 0.9740
vn 0.0218 -0.0357 0.9991
vn 0.0093 -0.0088 0.9999
vn -0.0018 0.0144 0.9999
vn -0.0132 0.0237 0.9996
vn 0.3014 -0.1516 0.9414
vn 0.2401 -0.0262 0.9704
vn 0.2652 -0.0676 0.9618
vn 0.4726 -0.1156 0.8737
vn 0.2229 -0.0018 0.9748
vn 0.4420 -0.0173 0.8969
vn 0.5008 -0.2233 0.8363
vn 0.6352 -0.1636 0.7548
vn 0.6481 -0.2931 0.7029
vn 0.4515 -0.0482 0.8910
vn 0.6343 -0.0140 0.7730
vn 0.6280 -0.0616 0.7758
vn 0.7285 -0.3547 0.5860
vn 0.7395 -0.0692 0.6696
vn -0.2943 -0.9544 0.0500
vn -0.4383 -0.8979 -0.0406
vn -0.1122 -0.9872 0.1135
vn -0.2431 -0.9699 0.0154
vn -0.0141 -0.9712 0.2380
vn -0.2687 -0.9295 0.2526
vn -0.1799 -0.9688 0.1703
vn -0.0582 -0.9955 0.0749
vn -0.0191 -0.9981 0.0592
vn 0.0310 -0.9217 0.3866
vn -0.1238 -0.9384 0.3226
vn 0.2450 -0.9390 0.2414
vn 0.1595 -0.9404 0.3003
vn 0.0688 -0.9815 0.1788
vn 0.4077 -0.8585 0.3112
vn 0.3408 -0.8631 0.3727
vn 0.3495 -0.9187 0.1838
vn 0.5033 -0.8286 0.2451
vn 0.3058 -0.9300 0.2040
vn 0.1261 -0.9819 0.1416
vn 0.1698 -0.9783 0.1188
vn 0.1918 -0.9735 0.1247
vn 0.1944 -0.9723 0.1300
vn 0.3654 -0.9120 0.1866
vn 0.6870 -0.5199 0.5076
vn 0.7273 -0.5496 0.4111
vn 0.6357 -0.7130 0.2960
vn 0.6150 -0.7176 0.3268
vn 0.7752 -0.4022 0.4871
vn 0.7361 -0.2034 0.6455
vn 0.7944 -0.2486 0.5542
vn 0.8015 -0.0772 0.5930
vn 0.7367 -0.0082 0.6762
vn 0.7954 -0.0305 0.6053
vn 0.7793 -0.0413 0.6253
vn 0.7311 -0.0241 0.6819
vn -0.2091 -0.9779 -0.0006
vn -0.1867 -0.9822 -0.0188
vn -0.3397 -0.9347 -0.1045
vn -0.4941 -0.8488 -0.1880
vn 0.0031 -0.9983 0.0578
vn -0.1615 -0.9860 -0.0411
vn -0.1676 -0.9851 -0.0393
vn -0.3276 -0.9373 -0.1188
vn 0.0162 -0.9990 0.0418
vn -0.1760 -0.9840 -0.0292
vn 0.3613 -0.9098 0.2042
vn 0.3408 -0.9130 0.2243
vn -0.6977 -0.5858 -0.4124
vn -0.5853 -0.7338 -0.3450
vn -0.6193 -0.7305 -0.2878
vn -0.4624 -0.8506 -0.2505
vn -0.4742 -0.8546 -0.2116
vn -0.6613 -0.5844 -0.4702
vn -0.5679 -0.7241 -0.3913
vn -0.6122 -0.5644 -0.5537
vn -0.5406 -0.7005 -0.4659
vn -0.4566 -0.8155 -0.3556
vn -0.4614 -0.8376 -0.2926
vn -0.5205 -0.6639 -0.5368
vn -0.3484 -0.9188 -0.1853
vn -0.4632 -0.7776 -0.4252
vn -0.5092 -0.5985 -0.6185
vn -0.4726 -0.7215 -0.5060
vn -0.3907 -0.8042 -0.4478
vn -0.4593 -0.6675 -0.5861
vn -0.4816 -0.5226 -0.7036
vn -0.8524 -0.1922 -0.4864
vn -0.8198 -0.3221 -0.4735
vn -0.8678 -0.1009 -0.4866
vn -0.9219 -0.0867 -0.3777
vn -0.7701 -0.4543 -0.4478
vn -0.8122 -0.4461 -0.3759
vn -0.7253 -0.4446 -0.5256
vn -0.7912 -0.1971 -0.5789
vn -0.7633 -0.3140 -0.5646
vn -0.8084 -0.1003 -0.5800
vn -0.6650 -0.4216 -0.6165
vn -0.7222 -0.1952 -0.6636
vn -0.6986 -0.3007 -0.6493
vn -0.7363 -0.0922 -0.6704
vn -0.5655 -0.5286 -0.6331
vn -0.6402 -0.1793 -0.7470
vn -0.6241 -0.2837 -0.7280
vn -0.6511 -0.0809 -0.7546
vn -0.5290 -0.4774 -0.7016
vn -0.5439 -0.2460 -0.8023
vn -0.5435 -0.3538 -0.7612
vn -0.5414 -0.1528 -0.8268
vn -0.4671 -0.4073 -0.7848
vn -0.4430 -0.1902 -0.8761
vn -0.4546 -0.2938 -0.8408
vn -0.4302 -0.1177 -0.8950
vn 0.0227 -0.7597 0.6499
vn 0.0124 -0.8542 0.5198
vn -0.0050 -0.9229 0.3849
vn 0.0382 -0.9219 0.3856
vn 0.0488 -0.8546 0.5169
vn 0.0791 -0.9214 0.3805
vn 0.0372 -0.7671 0.6404
vn 0.0659 -0.8591 0.5076
vn 0.1405 -0.9655 0.2195
vn 0.0977 -0.9252 0.3666
vn 0.0435 -0.7735 0.6323
vn 0.0622 -0.8655 0.4971
vn 0.1452 -0.9712 0.1891
vn 0.0984 -0.9348 0.3414
vn 0.1007 -0.9873 -0.1229
vn 0.0487 -0.9964 -0.0687
vn 0.0757 -0.9652 0.2502
vn 0.0204 -0.9679 0.2506
vn 0.0529 -0.9906 0.1262
vn 0.0949 -0.9952 0.0222
vn 0.1201 -0.9851 0.1234
vn 0.1534 -0.9858 -0.0680
vn 0.1754 -0.9844 0.0121
vn 0.2136 -0.9696 -0.1196
vn 0.2653 -0.9553 -0.1301
vn 0.1608 -0.9818 0.1009
vn 0.1131 -0.9644 0.2389
vn 0.3856 -0.9124 -0.1371
vn 0.1901 -0.9793 0.0691
vn 0.3044 -0.9445 -0.1233
vn 0.2508 -0.9650 -0.0769
vn 0.2276 -0.9735 -0.0241
vn 0.2421 -0.9665 -0.0851
vn 0.3917 -0.9019 -0.1820
vn 0.5532 -0.7816 -0.2882
vn 0.4278 -0.8620 -0.2720
vn 0.4880 -0.8537 -0.1816
vn 0.5609 -0.8230 -0.0901
vn -0.3155 -0.8992 -0.3032
vn -0.5125 -0.7699 -0.3802
vn -0.4272 -0.8389 -0.3371
vn -0.5936 -0.6852 -0.4220
vn -0.0830 -0.9750 -0.2060
vn -0.0690 -0.9752 -0.2104
vn 0.1783 -0.9746 -0.1357
vn 0.1469 -0.9790 -0.1415
vn 0.0490 -0.9844 -0.1692
vn 0.0566 -0.9897 -0.1317
vn 0.0620 -0.9855 -0.1578
vn 0.0512 -0.9925 -0.1108
vn -0.0739 -0.9773 -0.1986
vn -0.2136 -0.9506 -0.2253
vn -0.0853 -0.9801 -0.1794
vn -0.2025 -0.9487 -0.2427
vn -0.2129 -0.9536 -0.2130
vn -0.3279 -0.9008 -0.2846
vn 0.1903 -0.9794 -0.0675
vn 0.3082 -0.9450 -0.1098
vn 0.1842 -0.9821 -0.0395
vn 0.1692 -0.9855 -0.0119
vn 0.3253 -0.9440 -0.0549
vn 0.4396 -0.8935 -0.0914
vn 0.3198 -0.9475 -0.0023
vn 0.3093 -0.9503 0.0345
vn 0.1416 -0.9896 0.0253
vn 0.0264 -0.9972 -0.0705
vn 0.0174 -0.9985 -0.0524
vn -0.7298 -0.4843 -0.4825
vn -0.6663 -0.5884 -0.4581
vn -0.7784 -0.3753 -0.5033
vn -0.8367 -0.1386 -0.5298
vn -0.8113 -0.2612 -0.5231
vn -0.8480 -0.0193 -0.5296
vn -0.5213 -0.7658 -0.3765
vn -0.4351 -0.8403 -0.3233
vn -0.5965 -0.6811 -0.4246
vn -0.5262 -0.7601 -0.3812
vn -0.4388 -0.8355 -0.3308
vn -0.3342 -0.9024 -0.2718
vn -0.5172 -0.7580 -0.3974
vn -0.4296 -0.8342 -0.3459
vn -0.5934 -0.6743 -0.4397
vn -0.3319 -0.9010 -0.2794
vn -0.5111 -0.7572 -0.4067
vn -0.4300 -0.8319 -0.3507
vn -0.5851 -0.6673 -0.4608
vn -0.4459 -0.8263 -0.3442
vn -0.3622 -0.8895 -0.2786
vn -0.5895 -0.6594 -0.4666
vn -0.5198 -0.7511 -0.4069
vn -0.2346 -0.9486 -0.2125
vn -0.3397 -0.8953 -0.2881
vn -0.5359 -0.7436 -0.3998
vn -0.6046 -0.6522 -0.4572
vn -0.1152 -0.9854 -0.1251
vn 0.0120 -0.9989 -0.0445
vn -0.1085 -0.9865 -0.1229
vn -0.1343 -0.9842 -0.1158
vn -0.6153 -0.6427 -0.4566
vn -0.7246 -0.4842 -0.4905
vn -0.6651 -0.5877 -0.4607
vn -0.7735 -0.3669 -0.5169
vn -0.8264 -0.1381 -0.5459
vn -0.8058 -0.2536 -0.5351
vn -0.8347 -0.0101 -0.5506
vn -0.6656 -0.5832 -0.4657
vn -0.7986 -0.2441 -0.5501
vn -0.7668 -0.3613 -0.5305
vn -0.8137 -0.1266 -0.5673
vn -0.7206 -0.4769 -0.5032
vn -0.6617 -0.5732 -0.4833
vn -0.7559 -0.3549 -0.5502
vn -0.8022 -0.1145 -0.5860
vn -0.7863 -0.2312 -0.5729
vn -0.7708 -0.2205 -0.5977
vn -0.7043 -0.4571 -0.5432
vn -0.6503 -0.5654 -0.5073
vn -0.7430 -0.3428 -0.5749
vn -0.6987 -0.4480 -0.5579
vn -0.6485 -0.5594 -0.5163
vn -0.7528 -0.2034 -0.6260
vn -0.7352 -0.3255 -0.5947
vn -0.7536 -0.0865 -0.6517
vn -0.7039 -0.4304 -0.5650
vn -0.6615 -0.5488 -0.5111
vn -0.7011 -0.0338 -0.7123
vn -0.7319 -0.1545 -0.6637
vn -0.7180 -0.4117 -0.5613
vn -0.6730 -0.5335 -0.5123
vn -0.7252 0.0005 -0.6886
vn -0.7428 -0.0978 -0.6624
vn -0.4775 -0.8106 -0.3390
vn -0.5506 -0.7336 -0.3983
vn -0.7658 -0.2414 -0.5960
vn -0.7429 -0.2718 -0.6117
vn -0.7688 -0.0535 -0.6372
vn 0.5160 -0.8144 0.2654
vn 0.5275 -0.8109 0.2534
vn 0.6297 -0.7088 0.3180
vn 0.5908 -0.7247 0.3547
vn 0.6440 -0.6999 0.3088
vn 0.7229 -0.5933 0.3542
vn 0.7368 -0.5766 0.3531
vn 0.7935 -0.4407 0.4198
vn 0.7861 -0.4702 0.4013
vn 0.8294 -0.3276 0.4525
vn 0.8261 -0.2929 0.4814
vn 0.8396 -0.1043 0.5331
vn 0.8506 -0.1454 0.5053
vn 0.8439 -0.0526 0.5339
vn 0.8319 -0.0471 0.5530
vn 0.6827 -0.6142 0.3957
vn 0.7080 -0.6048 0.3647
vn 0.7735 -0.4872 0.4055
vn 0.7586 -0.4937 0.4252
vn 0.8176 -0.3604 0.4490
vn 0.8242 -0.3520 0.4436
vn 0.8563 -0.1798 0.4841
vn 0.8601 -0.1959 0.4710
vn 0.8584 -0.0668 0.5087
vn 0.8715 -0.0797 0.4838
vn -0.0910 -0.9786 0.1848
vn -0.0194 -0.9784 0.2056
vn -0.1953 -0.9805 0.0205
vn 0.5470 -0.7413 0.3889
vn 0.3751 -0.8499 0.3701
vn 0.5099 -0.7421 0.4350
vn 0.2360 -0.8462 0.4778
vn 0.3116 -0.8500 0.4247
vn 0.1754 -0.9314 0.3190
vn 0.4599 -0.7316 0.5032
vn 0.0200 -0.9371 0.3484
vn -0.1487 -0.9807 0.1267
vn 0.6316 -0.6123 0.4756
vn 0.5979 -0.5929 0.5394
vn 0.3972 -0.7085 0.5833
vn 0.2600 -0.6715 0.6939
vn 0.5653 -0.5477 0.6168
vn 0.0290 -0.8816 0.4711
vn -0.0460 -0.9518 0.3033
vn -0.0829 -0.9760 0.2012
vn 0.6579 -0.6167 0.4322
vn 0.7275 -0.4774 0.4928
vn 0.7423 -0.4899 0.4572
vn 0.8068 -0.3566 0.4711
vn 0.8571 -0.1757 0.4843
vn 0.8564 -0.1946 0.4782
vn 0.7987 -0.3437 0.4940
vn 0.7931 -0.3192 0.5188
vn 0.8572 -0.1470 0.4935
vn 0.8823 -0.0741 0.4648
vn 0.8814 -0.0611 0.4684
vn 0.6973 -0.4064 0.5904
vn 0.7117 -0.4516 0.5381
vn 0.7923 -0.2733 0.5455
vn 0.8605 -0.1107 0.4974
vn 0.8848 -0.0426 0.4641
vn -0.2960 -0.9451 -0.1385
vn -0.1374 -0.9891 0.0535
vn -0.2537 -0.9626 -0.0954
vn -0.3223 -0.9242 -0.2046
vn -0.4075 -0.8387 -0.3613
vn -0.2339 -0.9713 -0.0431
vn -0.2523 -0.9581 -0.1357
vn -0.3209 -0.8973 -0.3033
vn -0.2914 -0.5593 -0.7761
vn -0.2815 -0.7924 -0.5412
vn -0.2990 -0.6440 -0.7042
vn -0.1388 -0.9657 -0.2193
vn -0.1601 -0.9829 -0.0907
vn -0.2387 -0.9372 -0.2542
vn -0.1686 -0.9852 0.0313
vn -0.1729 -0.8599 -0.4803
vn -0.2111 -0.9026 -0.3752
vn -0.3675 -0.5984 -0.7120
vn -0.3839 -0.4320 -0.8161
vn -0.3630 -0.3225 -0.8742
vn -0.3368 -0.2167 -0.9163
vn -0.2995 -0.1135 -0.9473
vn -0.0853 -0.0163 -0.9962
vn -0.1415 -0.1068 -0.9842
vn -0.2636 -0.3339 -0.9050
vn -0.2828 -0.4927 -0.8229
vn -0.2568 -0.3686 -0.8934
vn -0.1648 -0.1986 -0.9661
vn 0.0172 -0.0014 -0.9999
vn 0.0343 0.0280 -0.9990
vn -0.0395 -0.0412 -0.9984
vn -0.1315 -0.2028 -0.9704
vn 0.0145 0.0228 -0.9996
vn 0.0031 0.0246 -0.9997
vn -0.1874 -0.4459 -0.8753
vn -0.0833 -0.3093 -0.9473
vn -0.0858 -0.5771 -0.8121
vn -0.0134 -0.0561 -0.9983
vn 0.0170 0.0208 -0.9996
vn 0.0038 0.0084 -1.0000
vn -0.0143 0.0207 -0.9997
vn -0.0245 0.0210 -0.9995
vn 0.0027 0.0139 -0.9999
vn -0.0131 0.0102 -0.9999
vn 0.0047 -0.0007 -1.0000
vn 0.0010 0.0232 -0.9997
vn -0.0002 0.0121 -0.9999
vn 0.0202 -0.6650 0.7465
vn 0.0391 -0.7795 0.6252
vn 0.0908 -0.9422 0.3225
vn 0.1211 -0.9806 0.1544
vn 0.0304 -0.7882 0.6146
vn 0.0566 -0.8814 0.4690
vn 0.0665 -0.8719 0.4851
vn 0.0857 -0.9465 0.3111
vn 0.1417 -0.9883 -0.0564
vn 0.1130 -0.9850 0.1302
vn 0.1706 -0.9852 -0.0157
vn 0.0252 -0.7920 0.6100
vn 0.0692 -0.9548 0.2890
vn 0.0401 -0.8892 0.4557
vn 0.0189 -0.7963 0.6047
vn 0.1938 -0.9805 0.0315
vn 0.2487 -0.9593 -0.1342
vn 0.3160 -0.9081 -0.2746
vn 0.3296 -0.9246 -0.1911
vn 0.2210 -0.9571 -0.1875
vn 0.3998 -0.8278 -0.3935
vn 0.2677 -0.8967 -0.3525
vn 0.3333 -0.6761 -0.6572
vn 0.7132 -0.6157 -0.3350
vn 0.2205 -0.4714 -0.8539
vn 0.6837 -0.7153 -0.1445
vn 0.7114 -0.6945 0.1072
vn 0.2003 -0.8911 -0.4072
vn 0.1738 -0.9567 -0.2334
vn 0.8113 -0.4882 0.3216
vn 0.6708 -0.6997 0.2459
vn 0.2096 -0.7923 -0.5730
vn 0.3141 -0.8023 -0.5075
vn 0.1935 -0.6672 -0.7193
vn 0.1335 -0.9559 -0.2617
vn 0.1440 -0.8877 -0.4373
vn 0.1332 -0.6703 -0.7300
vn 0.1489 -0.7880 -0.5974
vn 0.0950 -0.9912 -0.0927
vn 0.1209 -0.9898 -0.0755
vn 0.1121 -0.9546 -0.2761
vn 0.1237 -0.7854 -0.6065
vn 0.1137 -0.6771 -0.7271
vn 0.8523 -0.4291 -0.2991
vn 0.0276 -0.3040 -0.9523
vn -0.1368 -0.1676 -0.9763
vn 0.9791 -0.0908 -0.1820
vn -0.2445 -0.0772 -0.9666
vn -0.2893 -0.0341 -0.9566
vn 0.9913 -0.0114 -0.1311
vn -0.3084 -0.0167 -0.9511
vn 0.9059 -0.3762 -0.1943
vn 0.7498 -0.2865 0.5964
vn 0.9901 -0.0628 -0.1252
vn 0.4692 -0.0217 0.8828
vn 0.5992 -0.1232 0.7911
vn 0.7491 -0.4136 0.5175
vn 0.3930 0.0090 0.9195
vn 0.6376 -0.1346 0.7585
vn 0.1279 -0.5299 -0.8384
vn 0.0253 -0.3920 -0.9196
vn -0.0978 -0.2567 -0.9615
vn -0.2196 -0.1494 -0.9641
vn 0.0585 -0.4348 -0.8986
vn 0.0996 -0.5552 -0.8257
vn -0.0215 -0.2160 -0.9762
vn 0.0146 -0.3248 -0.9457
vn 0.0804 -0.4532 -0.8878
vn 0.0985 -0.5609 -0.8220
vn 0.0521 -0.2312 -0.9715
vn 0.0641 -0.3404 -0.9381
vn 0.4256 -0.8971 0.1184
vn 0.3973 -0.9036 0.1603
vn 0.2671 -0.9588 0.0972
vn 0.1501 -0.9886 0.0133
vn 0.5306 -0.8194 0.2169
vn 0.4473 -0.8918 0.0681
vn 0.2662 -0.9584 0.1029
vn 0.3882 -0.9041 0.1785
vn 0.4887 -0.8335 0.2577
vn 0.5050 -0.8271 0.2469
vn 0.3526 -0.9119 0.2101
vn 0.3759 -0.9073 0.1887
vn 0.7353 -0.5628 0.3776
vn 0.6240 -0.7128 0.3201
vn 0.4696 -0.8391 0.2744
vn 0.6861 -0.5930 0.4214
vn 0.5952 -0.7267 0.3430
vn 0.5735 -0.7425 0.3460
vn 0.6593 -0.6135 0.4347
vn 0.6473 -0.6293 0.4302
vn 0.5604 -0.7518 0.3475
vn 0.4580 -0.8407 0.2887
vn 0.5539 -0.7515 0.3582
vn 0.7134 -0.2583 0.6514
vn 0.7200 -0.4624 0.5175
vn 0.5767 -0.0384 0.8160
vn 0.7143 -0.2093 0.6678
vn 0.6902 -0.0876 0.7183
vn 0.6675 -0.0009 0.7446
vn 0.5520 0.0129 0.8338
vn 0.7032 -0.4914 0.5138
vn 0.7256 -0.3329 0.6023
vn 0.7298 -0.3676 0.5764
vn 0.7416 -0.2464 0.6239
vn 0.7399 -0.1263 0.6607
vn 0.7338 -0.0160 0.6792
vn 0.6997 -0.5127 0.4976
vn 0.7340 -0.3905 0.5557
vn 0.7530 -0.2691 0.6005
vn 0.7644 -0.1467 0.6278
vn 0.7671 -0.0256 0.6410
vn 0.6426 -0.6418 0.4185
vn 0.6975 -0.5300 0.4823
vn 0.7341 -0.4131 0.5390
vn 0.7613 -0.2845 0.5827
vn 0.7833 -0.0338 0.6207
vn 0.1359 -0.9900 0.0389
vn 0.0003 -0.9993 -0.0382
vn -0.1519 -0.9822 -0.1102
vn -0.2539 -0.9459 -0.2023
vn 0.1158 -0.9917 0.0555
vn 0.2498 -0.9601 0.1259
vn 0.2302 -0.9623 0.1449
vn -0.1756 -0.9791 -0.1024
vn -0.0379 -0.9991 -0.0197
vn -0.1645 -0.9804 -0.1079
vn 0.0949 -0.9935 0.0630
vn -0.0282 -0.9993 -0.0227
vn 0.0844 -0.9943 0.0657
vn 0.2109 -0.9660 0.1497
vn 0.2153 -0.9656 0.1458
vn 0.2013 -0.9680 0.1502
vn -0.4922 -0.8027 -0.3368
vn -0.4018 -0.8763 -0.2659
vn -0.3865 -0.8807 -0.2739
vn -0.6285 -0.6331 -0.4519
vn -0.5654 -0.7237 -0.3958
vn -0.2981 -0.9359 -0.1876
vn -0.5055 -0.8004 -0.3222
vn -0.4164 -0.8733 -0.2530
vn -0.6477 -0.6253 -0.4354
vn -0.5805 -0.7198 -0.3805
vn -0.5212 -0.7978 -0.3031
vn -0.5964 -0.7173 -0.3603
vn -0.4352 -0.8688 -0.2363
vn -0.6676 -0.6178 -0.4155
vn -0.4567 -0.8602 -0.2268
vn -0.6102 -0.7118 -0.3480
vn -0.1928 -0.9772 -0.0892
vn -0.3143 -0.9328 -0.1765
vn -0.3307 -0.9296 -0.1624
vn -0.5559 -0.7845 -0.2748
vn -0.4695 -0.8572 -0.2115
vn -0.0496 -0.9986 -0.0177
vn -0.2057 -0.9751 -0.0825
vn -0.5761 -0.7752 -0.2592
vn -0.4849 -0.8513 -0.2005
vn -0.2165 -0.9736 -0.0720
vn -0.3438 -0.9269 -0.1504
vn -0.3573 -0.9239 -0.1368
vn -0.0930 -0.9955 0.0164
vn -0.0849 -0.9964 0.0025
vn -0.2286 -0.9717 -0.0592
vn -0.7313 -0.4008 -0.5518
vn -0.6862 -0.5214 -0.5072
vn -0.7512 -0.3920 -0.5310
vn -0.7057 -0.5149 -0.4867
vn -0.8093 -0.0303 -0.5867
vn -0.7919 -0.2344 -0.5638
vn -0.7975 -0.0175 -0.6030
vn -0.7716 -0.3857 -0.5059
vn -0.7246 -0.5073 -0.4664
vn -0.8489 -0.0401 -0.5271
vn -0.8123 -0.2396 -0.5317
vn -0.8527 -0.0136 -0.5221
vn -0.7404 -0.4980 -0.4514
vn -0.8242 -0.2381 -0.5139
vn -0.8594 -0.0720 -0.5063
vn -0.5958 -0.7703 -0.2275
vn -0.6513 -0.6908 -0.3140
vn -0.6740 -0.6824 -0.2831
vn -0.7419 -0.5804 -0.3358
vn -0.7168 -0.5913 -0.3696
vn -0.6988 -0.6615 -0.2723
vn -0.6424 -0.7543 -0.1357
vn -0.6201 -0.7569 -0.2065
vn -0.7568 -0.5628 -0.3325
vn -0.7297 -0.6508 -0.2099
vn -0.8198 -0.5345 -0.2054
vn -0.7896 -0.5508 -0.2703
vn -0.7038 -0.7026 -0.1051
vn -0.7613 -0.6311 -0.1488
vn -0.8022 -0.5935 -0.0655
vn -0.5329 -0.8443 -0.0563
vn -0.6733 -0.7391 0.0186
vn -0.5256 -0.8450 0.0984
vn -0.6930 -0.6037 -0.3940
vn -0.7511 -0.4907 -0.4416
vn -0.7675 -0.4849 -0.4194
vn -0.8106 -0.3668 -0.4565
vn -0.7952 -0.3742 -0.4770
vn -0.8322 -0.2363 -0.5016
vn -0.8436 -0.2323 -0.4842
vn -0.8617 -0.0878 -0.4998
vn -0.8563 -0.0894 -0.5087
vn -0.8664 -0.0021 -0.4994
vn -0.8305 -0.3607 -0.4244
vn -0.7928 -0.4722 -0.3853
vn -0.8800 -0.0784 -0.4684
vn -0.8639 -0.2257 -0.4503
vn -0.8790 -0.0045 -0.4768
vn -0.8357 -0.4468 -0.3193
vn -0.8067 -0.4555 -0.3765
vn -0.8730 -0.3300 -0.3592
vn -0.8422 -0.3455 -0.4138
vn -0.8682 -0.2093 -0.4500
vn -0.8956 -0.1771 -0.4080
vn -0.8926 -0.0479 -0.4482
vn -0.8800 -0.0640 -0.4707
vn -0.8880 -0.0206 -0.4593
vn -0.8633 -0.4763 -0.1671
vn -0.8813 -0.3238 -0.3442
vn -0.8913 -0.2961 -0.3433
vn -0.8666 -0.4199 -0.2696
vn -0.8237 -0.1877 -0.5351
vn -0.7721 -0.0966 -0.6281
vn -0.7746 -0.0196 -0.6322
vn -0.9060 -0.1401 -0.3995
vn -0.7780 0.0074 -0.6283
vn -0.9020 -0.0229 -0.4311
vn 0.5058 -0.4526 0.7344
vn 0.1177 -0.5259 0.8424
vn 0.0127 -0.6846 0.7288
vn -0.0361 -0.8759 0.4812
vn 0.0516 -0.7831 0.6197
vn 0.0935 -0.2770 0.9563
vn 0.1110 -0.4140 0.9035
vn -0.6470 -0.6220 0.4410
vn 0.2347 -0.3280 0.9151
vn -0.0626 -0.8131 0.5788
vn -0.0467 -0.7027 0.7100
vn -0.5781 -0.6550 0.4866
vn 0.0497 -0.5406 0.8398
vn -0.0571 -0.9845 0.1660
vn -0.0866 -0.9198 0.3828
vn -0.0372 -0.9931 0.1109
vn -0.0567 -0.9485 0.3116
vn -0.8032 -0.5955 -0.0168
vn -0.8758 -0.4417 -0.1944
vn -0.8638 -0.2456 -0.4399
vn -0.6547 -0.7476 0.1120
vn -0.4671 -0.7405 0.4832
vn -0.3095 -0.8717 0.3800
vn 0.8718 -0.1848 0.4537
vn 0.8911 -0.0218 0.4533
vn 0.9256 -0.0280 0.3775
vn 0.7278 -0.3009 0.6162
vn 0.3568 -0.2098 0.9103
vn 0.9351 -0.0547 0.3503
vn 0.0557 -0.1408 0.9885
vn 0.3925 -0.1813 0.9017
vn -0.2981 -0.1716 0.9390
vn -0.2696 -0.2299 0.9351
vn -0.8938 0.0049 0.4484
vn -0.8035 -0.4952 0.3304
vn -0.0507 -0.2006 0.9784
vn -0.9855 -0.1666 0.0333
vn -0.9556 -0.2610 0.1365
vn -0.5777 -0.0988 0.8102
vn -0.9845 -0.1465 -0.0965
vn -0.7619 -0.0746 0.6434
vn 0.7332 0.6137 0.2930
vn 0.4700 -0.8658 0.1719
vn -0.5007 0.0461 -0.8644
vn -0.7323 -0.0679 -0.6775
vn -0.1575 0.0279 -0.9871
vn -0.0975 -0.9931 0.0657
vn -0.0991 -0.7980 -0.5944
vn -0.0928 -0.9299 -0.3560
vn -0.0832 -0.9925 -0.0900
vn -0.0492 -0.9986 0.0210
vn -0.0450 -0.9652 -0.2578
vn -0.0349 -0.8663 -0.4984
vn 0.0053 -0.9037 -0.4281
vn -0.0065 -0.9856 -0.1688
vn 0.0182 -0.7546 -0.6560
vn 0.0467 -0.9321 -0.3592
vn 0.0108 -0.9947 -0.1026
vn 0.0526 -0.7992 -0.5988
vn 0.0762 -0.6446 -0.7607
vn 0.0842 -0.9601 -0.2667
vn 0.0095 -0.9981 -0.0608
vn 0.0714 -0.9495 -0.3054
vn 0.1219 -0.8622 -0.4916
vn 0.1675 -0.7241 -0.6690
vn 0.0954 -0.8356 -0.5410
vn 0.1317 -0.6931 -0.7087
vn 0.0034 -0.0007 -1.0000
vn 0.0087 -0.0368 -0.9993
vn 0.0023 -0.0180 -0.9998
vn 0.0177 0.0010 -0.9998
vn 0.0022 -0.0575 -0.9983
vn 0.0612 0.0473 -0.9970
vn 0.0057 0.0472 -0.9989
vn 0.0419 0.0189 -0.9989
vn 0.0208 -0.1024 -0.9945
vn -0.0203 -0.0016 -0.9998
vn -0.0205 -0.0152 -0.9997
vn -0.0033 0.0528 -0.9986
vn -0.0062 -0.4451 -0.8954
vn -0.0500 -0.2232 -0.9735
vn -0.0009 -0.0641 -0.9979
vn 0.0025 0.0284 -0.9996
vn 0.0180 0.0193 -0.9997
vn 0.0217 -0.0034 -0.9998
vn 0.0216 0.0133 -0.9997
vn 0.0195 0.0236 -0.9995
vn -0.0171 0.0034 -0.9998
vn 0.0161 0.0341 -0.9993
vn -0.0663 -0.0237 -0.9975
vn -0.0405 0.0262 -0.9988
vn -0.0670 0.0400 -0.9969
vn 0.0091 0.0386 -0.9992
vn 0.0133 -0.6754 0.7374
vn 0.0184 -0.7985 0.6017
vn 0.0291 -0.8965 0.4421
vn 0.0390 -0.8929 0.4485
vn 0.0828 -0.9908 -0.1070
vn 0.0667 -0.9946 0.0796
vn 0.0210 -0.7988 0.6012
vn 0.0376 -0.8995 0.4353
vn 0.0643 -0.9951 0.0750
vn 0.0723 -0.9911 -0.1115
vn 0.0609 -0.8014 0.5951
vn 0.0687 -0.8966 0.4374
vn 0.0806 -0.9903 -0.1132
vn 0.0670 -0.9948 0.0765
vn 0.0985 -0.6804 0.7262
vn 0.1045 -0.9905 0.0892
vn 0.1026 -0.9890 -0.1062
vn 0.0497 -0.5342 0.8439
vn 0.1032 -0.5335 0.8395
vn 0.1137 -0.6662 0.7371
vn 0.0913 -0.7980 0.5957
vn 0.0992 -0.7894 0.6058
vn 0.1279 -0.9871 0.0965
vn 0.1406 -0.9861 -0.0883
vn 0.1088 -0.3816 0.9179
vn 0.0620 -0.0687 0.9957
vn -0.0230 0.0226 0.9995
vn 0.0949 -0.9535 -0.2860
vn 0.1086 -0.7843 -0.6108
vn 0.1134 -0.6765 -0.7277
vn 0.0840 -0.9520 -0.2943
vn 0.1269 -0.6723 -0.7293
vn 0.1171 -0.7811 -0.6133
vn 0.1243 -0.7760 -0.6184
vn 0.1492 -0.6624 -0.7341
vn 0.1079 -0.9492 -0.2957
vn 0.0971 -0.9499 -0.2972
vn 0.1881 -0.6373 -0.7473
vn 0.1417 -0.7663 -0.6266
vn 0.1432 -0.9492 -0.2803
vn 0.1532 -0.8742 -0.4607
vn 0.1189 -0.8752 -0.4689
vn 0.1931 -0.7468 -0.6364
vn 0.2632 -0.5936 -0.7605
vn 0.1114 -0.5650 -0.8176
vn 0.1093 -0.4556 -0.8834
vn 0.1096 -0.3439 -0.9326
vn 0.1102 -0.2321 -0.9664
vn 0.1535 -0.4507 -0.8794
vn 0.1401 -0.5606 -0.8161
vn 0.1778 -0.2263 -0.9577
vn 0.1660 -0.3378 -0.9265
vn 0.1793 -0.5440 -0.8197
vn 0.2128 -0.4345 -0.8752
vn 0.2443 -0.3207 -0.9151
vn 0.2643 -0.2165 -0.9398
vn 0.3002 -0.3954 -0.8681
vn 0.2433 -0.5156 -0.8216
vn 0.3458 -0.2954 -0.8906
vn 0.3757 -0.1965 -0.9057
vn 0.4237 -0.3415 -0.8390
vn 0.3496 -0.4570 -0.8179
vn 0.5162 -0.1683 -0.8398
vn 0.4795 -0.2506 -0.8410
vn 0.6280 -0.6527 0.4238
vn 0.5434 -0.7525 0.3720
vn 0.6847 -0.5433 0.4858
vn 0.7780 -0.1587 0.6079
vn 0.7690 -0.2965 0.5663
vn 0.7321 -0.4257 0.5317
vn 0.6786 -0.5493 0.4876
vn 0.7334 -0.4280 0.5282
vn 0.7719 -0.3044 0.5581
vn 0.7884 -0.1687 0.5915
vn 0.7960 -0.1756 0.5792
vn 0.8070 -0.0448 0.5888
vn 0.7967 -0.0406 0.6030
vn 0.6133 -0.6598 0.4342
vn 0.6100 -0.6604 0.4379
vn 0.5350 -0.7632 0.3623
vn 0.5317 -0.7574 0.3790
vn 0.4426 -0.8437 0.3037
vn 0.6204 -0.6616 0.4212
vn 0.5353 -0.7658 0.3563
vn 0.4396 -0.8480 0.2962
vn 0.4346 -0.8497 0.2986
vn 0.3298 -0.9167 0.2258
vn 0.3229 -0.9175 0.2325
vn 0.3200 -0.9198 0.2269
vn 0.6256 -0.6644 0.4090
vn 0.5388 -0.7628 0.3575
vn 0.4401 -0.8482 0.2947
vn 0.6291 -0.6624 0.4067
vn 0.6414 -0.6582 0.3942
vn 0.5591 -0.7576 0.3370
vn 0.5476 -0.7603 0.3494
vn 0.4482 -0.8459 0.2891
vn 0.6820 -0.5495 0.4826
vn 0.7373 -0.4307 0.5204
vn 0.7776 -0.3073 0.5486
vn 0.8045 -0.1793 0.5662
vn 0.8165 -0.0483 0.5754
vn 0.6898 -0.5509 0.4697
vn 0.7466 -0.4327 0.5053
vn 0.7886 -0.3095 0.5313
vn 0.8165 -0.1813 0.5482
vn 0.8292 -0.0519 0.5565
vn 0.6993 -0.5535 0.4524
vn 0.8008 -0.3108 0.5120
vn 0.8446 -0.0533 0.5328
vn 0.7060 -0.5514 0.4443
vn 0.7573 -0.4342 0.4878
vn 0.7674 -0.4339 0.4720
vn 0.8140 -0.3091 0.4918
vn 0.8301 -0.1824 0.5270
vn 0.8446 -0.1821 0.5036
vn 0.8599 -0.0525 0.5078
vn 0.7200 -0.5466 0.4275
vn 0.7824 -0.4294 0.4510
vn 0.8301 -0.3052 0.4666
vn 0.8614 -0.1798 0.4751
vn 0.8764 -0.0522 0.4787
vn 0.7372 -0.5414 0.4042
vn 0.6583 -0.6522 0.3757
vn 0.8016 -0.4219 0.4235
vn 0.8499 -0.2992 0.4339
vn 0.8817 -0.1755 0.4380
vn 0.8973 -0.0521 0.4384
vn 0.0514 -0.9956 0.0782
vn -0.0946 -0.9952 0.0246
vn 0.1931 -0.9689 0.1545
vn 0.0629 -0.9950 0.0780
vn 0.0548 -0.9951 0.0817
vn -0.0902 -0.9953 0.0341
vn -0.2388 -0.9696 -0.0530
vn -0.2438 -0.9693 -0.0327
vn 0.1908 -0.9687 0.1587
vn 0.1898 -0.9695 0.1549
vn 0.3192 -0.9201 0.2271
vn 0.0871 -0.9908 0.1033
vn 0.0609 -0.9931 0.0999
vn -0.0744 -0.9960 0.0493
vn 0.3275 -0.9184 0.2220
vn 0.2226 -0.9615 0.1608
vn 0.2804 -0.9463 0.1607
vn 0.2497 -0.9555 0.1573
vn 0.3743 -0.9041 0.2062
vn 0.4014 -0.8929 0.2040
vn 0.5686 -0.7500 0.3379
vn 0.4550 -0.8442 0.2834
vn 0.4933 -0.8346 0.2452
vn 0.4639 -0.8440 0.2692
vn 0.3487 -0.9136 0.2094
vn 0.3349 -0.9182 0.2117
vn -0.3682 -0.9204 -0.1316
vn -0.3867 -0.9166 -0.1019
vn -0.3851 -0.9197 -0.0762
vn -0.3620 -0.9319 -0.0242
vn -0.5149 -0.8461 -0.1375
vn -0.4198 -0.9067 0.0410
vn -0.2792 -0.9597 0.0316
vn -0.2036 -0.9790 0.0120
vn -0.1520 -0.9879 0.0300
vn -0.1362 -0.9898 0.0422
vn -0.0201 -0.9991 0.0365
vn 0.0192 -0.9971 0.0737
vn 0.2474 -0.9643 0.0950
vn 0.1069 -0.9929 0.0512
vn 0.2141 -0.9768 0.0092
vn 0.3318 -0.9304 0.1558
vn 0.1771 -0.9768 0.1203
vn 0.4602 -0.8826 0.0960
vn 0.3272 -0.9438 0.0475
vn 0.3443 -0.9372 -0.0561
vn -0.3303 -0.9374 0.1106
vn -0.4183 -0.8923 0.1698
vn -0.1308 -0.9897 0.0587
vn -0.1711 -0.9787 0.1132
vn -0.0745 -0.9971 0.0119
vn 0.0310 -0.9993 -0.0229
vn 0.1031 -0.9928 -0.0617
vn 0.0584 -0.9975 -0.0394
vn 0.1915 -0.9649 -0.1795
vn 0.2672 -0.8915 -0.3658
vn 0.1537 -0.9676 -0.2002
vn 0.3195 -0.8908 -0.3230
vn 0.2222 -0.9606 -0.1673
vn 0.1134 -0.9662 -0.2316
vn 0.1450 -0.4971 -0.8555
vn 0.2125 -0.8867 -0.4107
vn 0.2883 -0.7729 -0.5652
vn 0.2366 -0.7548 -0.6118
vn 0.2715 -0.5916 -0.7591
vn 0.3507 -0.7887 -0.5049
vn 0.3422 -0.6298 -0.6973
vn 0.4257 -0.7886 -0.4437
vn 0.4292 -0.6461 -0.6312
vn 0.3566 -0.8865 -0.2948
vn 0.5171 -0.6549 -0.5511
vn 0.4699 -0.7831 -0.4074
vn 0.4889 -0.4892 -0.7222
vn 0.5709 -0.5184 -0.6367
vn 0.0336 -0.0537 -0.9980
vn -0.0180 0.0115 -0.9998
vn 0.0053 0.0166 -0.9998
vn -0.0153 0.0365 -0.9992
vn -0.0325 -0.0226 -0.9992
vn -0.0212 -0.0166 -0.9996
vn -0.0196 0.0020 -0.9998
vn 0.1804 -0.3471 -0.9203
vn 0.1029 -0.2282 -0.9682
vn 0.1170 -0.1561 -0.9808
vn -0.0188 -0.0050 -0.9998
vn -0.0131 -0.0021 -0.9999
vn 0.2831 -0.2684 -0.9208
vn 0.2888 -0.4254 -0.8577
vn 0.1726 -0.0729 -0.9823
vn 0.2321 -0.1497 -0.9611
vn 0.0428 -0.0358 -0.9984
vn 0.1294 -0.0247 -0.9913
vn 0.4024 -0.3306 -0.8537
vn 0.3875 -0.4598 -0.7990
vn 0.3958 -0.2301 -0.8890
vn 0.3810 -0.1385 -0.9142
vn 0.3607 -0.0752 -0.9296
vn 0.5080 -0.3683 -0.7787
vn 0.5200 -0.1776 -0.8355
vn 0.5201 -0.2609 -0.8133
vn 0.5129 -0.1023 -0.8523
vn 0.6060 -0.3884 -0.6942
vn 0.6273 -0.2774 -0.7277
vn 0.6388 -0.1144 -0.7608
vn 0.5093 -0.0413 -0.8596
vn 0.6393 -0.0472 -0.7675
vn 0.2267 -0.9713 -0.0723
vn 0.2072 -0.9731 0.1012
vn 0.1422 -0.5177 0.8437
vn 0.1929 -0.4602 0.8666
vn 0.1274 -0.6370 0.7602
vn 0.2784 -0.5961 0.7531
vn 0.2345 -0.7865 0.5714
vn 0.1153 -0.7872 0.6058
vn 0.3870 -0.9159 0.1065
vn 0.4033 -0.9142 -0.0396
vn 0.3823 -0.3559 0.8528
vn 0.2739 -0.8721 0.4054
vn 0.5252 -0.7699 0.3624
vn 0.6821 -0.2480 0.6879
vn 0.5704 -0.5401 0.6189
vn 0.8005 -0.4860 0.3506
vn 0.6610 -0.7437 0.0997
vn 0.9331 -0.3528 0.0699
vn 0.6078 -0.7648 0.2137
vn 0.9997 -0.0216 0.0119
vn 0.9572 -0.2894 0.0105
vn 0.9999 0.0123 0.0034
vn 0.9999 0.0076 0.0102
vn 0.9482 -0.3175 -0.0106
vn 0.0989 -0.2133 0.9720
vn 0.1989 -0.2213 0.9547
vn 0.0213 0.0027 0.9998
vn 0.1896 -0.0236 0.9816
vn 0.1736 -0.3638 0.9152
vn 0.2822 -0.3039 0.9100
vn 0.2008 -0.1010 0.9744
vn 0.3925 -0.0875 0.9156
vn 0.3501 -0.1813 0.9190
vn 0.5572 -0.1052 0.8237
vn 0.4849 -0.1992 0.8516
vn 0.4114 -0.0245 0.9111
vn 0.6137 -0.0052 0.7895
vn 0.5954 -0.0466 0.8021
vn 0.7360 -0.0831 0.6719
vn 0.7893 -0.0112 0.6139
vn 0.9355 -0.0021 0.3534
vn 0.7946 0.0095 0.6071
vn 0.7734 -0.0287 0.6333
vn 0.9391 -0.0055 0.3436
vn 0.9324 0.0097 0.3614
vn 0.9971 -0.0084 0.0752
vn 0.9985 0.0114 0.0532
vn 0.9184 -0.1703 0.3572
vn 0.9999 0.0108 0.0016
vn 0.9998 0.0065 -0.0172
vn 0.9996 -0.0240 0.0137
vn 0.9979 -0.0644 0.0050
vn 0.9983 -0.0576 0.0097
vn 0.9979 -0.0264 0.0593
vn 0.9989 0.0305 0.0346
vn 0.9974 0.0722 -0.0044
vn 0.9999 -0.0126 -0.0049
vn 0.9998 -0.0150 0.0120
vn 0.9995 -0.0313 -0.0024
vn 0.9998 0.0161 0.0146
vn 0.9979 0.0398 -0.0514
vn 0.9982 -0.0348 -0.0488
vn 0.3213 -0.7107 -0.6259
vn 0.2658 -0.8598 -0.4361
vn 0.4103 -0.5222 -0.7476
vn 0.4412 -0.8117 -0.3828
vn 0.5096 -0.6480 -0.5660
vn 0.6204 -0.3993 -0.6750
vn 0.6480 -0.6999 -0.3005
vn 0.6566 -0.7454 -0.1150
vn 0.8879 -0.1959 -0.4162
vn 0.7595 -0.4710 -0.4488
vn 0.8959 -0.4136 -0.1621
vn 0.9838 -0.1271 -0.1265
vn 0.5078 -0.3648 -0.7804
vn 0.5918 -0.2610 -0.7626
vn 0.6475 -0.1891 -0.7382
vn 0.6801 -0.1294 -0.7216
vn 0.7885 -0.1573 -0.5945
vn 0.7246 -0.2297 -0.6498
vn 0.8421 -0.0845 -0.5327
vn 0.8240 -0.1184 -0.5540
vn 0.9431 -0.0672 -0.3256
vn 0.9274 -0.0852 -0.3643
vn 0.9584 -0.0382 -0.2829
vn 0.9519 -0.0527 -0.3020
vn 0.9962 -0.0239 -0.0840
vn 0.9973 -0.0113 -0.0721
vn 0.9977 -0.0132 -0.0665
vn 0.9983 -0.0080 -0.0582
vn 0.9987 -0.0055 -0.0505
vn 0.9998 -0.0043 -0.0199
vn 0.7559 -0.5293 0.3854
vn 0.8729 -0.2891 0.3931
vn 0.5985 -0.7382 0.3112
vn 0.6727 -0.6394 0.3725
vn 0.5814 -0.7830 0.2210
vn 0.5411 -0.8091 0.2292
vn 0.4382 -0.8764 0.1996
vn 0.7313 -0.6148 0.2952
vn 0.6311 -0.7248 0.2763
vn 0.7564 -0.5903 0.2820
vn 0.6450 -0.7122 0.2769
vn 0.7963 -0.5566 0.2367
vn 0.6758 -0.6974 0.2385
vn 0.8328 -0.5132 0.2074
vn 0.8239 -0.4093 0.3919
vn 0.7866 -0.5118 0.3456
vn 0.9049 -0.1684 0.3909
vn 0.8997 -0.2734 0.3402
vn 0.7055 -0.6255 0.3333
vn 0.8157 -0.4932 0.3023
vn 0.8521 -0.3919 0.3469
vn 0.9311 -0.2467 0.2685
vn 0.9310 -0.1568 0.3298
vn 0.9782 -0.0325 0.2052
vn 0.9462 -0.0468 0.3202
vn 0.8467 -0.4621 0.2637
vn 0.8829 -0.3674 0.2925
vn 0.9160 -0.3267 0.2328
vn 0.9665 -0.1872 0.1756
vn 0.9624 -0.1322 0.2372
vn 0.9924 -0.0741 0.0978
vn 0.9991 -0.0054 0.0410
vn 0.8868 -0.4126 0.2084
vn 0.9542 -0.2596 0.1486
vn 0.9936 -0.0928 0.0642
vn 0.9993 -0.0343 0.0176
vn 0.9997 0.0142 0.0173
vn 0.9247 -0.3451 0.1607
vn 0.3926 -0.9091 0.1390
vn 0.4350 -0.9003 -0.0176
vn 0.4762 -0.8711 -0.1200
vn 0.6241 -0.7732 0.1128
vn 0.5466 -0.8217 0.1613
vn 0.5103 -0.8598 0.0203
vn 0.5568 -0.8278 -0.0692
vn 0.6973 -0.7008 0.1504
vn 0.6687 -0.7369 -0.0994
vn 0.6205 -0.7841 0.0111
vn 0.7104 -0.6668 0.2252
vn 0.7570 -0.6216 0.2014
vn 0.7847 -0.6076 -0.1228
vn 0.7306 -0.6828 -0.0027
vn 0.8754 -0.4529 0.1688
vn 0.8137 -0.5666 0.1298
vn 0.7409 -0.6660 0.0864
vn 0.8330 -0.5493 0.0666
vn 0.8264 -0.5626 -0.0207
vn 0.9592 -0.2594 0.1126
vn 0.9845 -0.1564 0.0791
vn 0.9983 -0.0483 0.0329
vn 0.9999 0.0074 0.0076
vn 1.0000 -0.0063 0.0003
vn 0.9986 -0.0502 -0.0164
vn 0.9986 -0.0503 0.0182
vn 0.9994 -0.0329 -0.0068
vn 0.9996 -0.0186 0.0191
vn 0.9045 -0.4103 0.1166
vn 0.9832 -0.1707 0.0650
vn 0.9952 -0.0601 0.0776
vn 0.9997 0.0009 0.0264
vn 0.9936 -0.0216 0.1109
vn 0.9975 0.0490 0.0515
vn 0.9075 -0.4180 -0.0410
vn 0.9150 -0.4004 0.0502
vn 0.3999 -0.9047 -0.1468
vn 0.5406 -0.8185 -0.1945
vn 0.4755 -0.8533 -0.2139
vn 0.3327 -0.9319 -0.1442
vn 0.5184 -0.7777 -0.3556
vn 0.6668 -0.7092 -0.2287
vn 0.5945 -0.7547 -0.2774
vn 0.6236 -0.6489 -0.4359
vn 0.7091 -0.6176 -0.3402
vn 0.7176 -0.4999 -0.4849
vn 0.7957 -0.4722 -0.3793
vn 0.8803 -0.4566 -0.1290
vn 0.8314 -0.5160 -0.2064
vn 0.9479 -0.1860 -0.2585
vn 0.9068 -0.3126 -0.2829
vn 0.8810 -0.2479 -0.4029
vn 0.9007 -0.1648 -0.4021
vn 0.9758 -0.0893 -0.1996
vn 0.9878 -0.0463 -0.1483
vn 0.9117 -0.0924 -0.4003
vn 0.9182 -0.0282 -0.3952
vn 0.9899 -0.0184 -0.1402
vn 0.8244 -0.1858 -0.5347
vn 0.8356 -0.1077 -0.5387
vn 0.9627 -0.2485 -0.1073
vn 0.9876 -0.1509 -0.0443
vn 0.9992 -0.0072 -0.0394
vn 0.9968 -0.0710 -0.0360
vn 0.9951 -0.0992 0.0003
vn 0.9887 -0.1443 -0.0404
vn 0.9968 -0.0522 -0.0603
vn 0.9976 -0.0133 -0.0683
vn 0.9924 0.0842 -0.0898
vn 0.9900 0.1197 -0.0740
vn 0.9125 -0.3622 -0.1901
vn 0.7767 -0.5721 -0.2635
vn 0.5579 -0.6594 -0.5039
vn 0.6903 -0.3871 -0.6113
vn 0.6331 -0.5212 -0.5722
vn 0.7454 -0.1143 -0.6567
vn 0.7326 -0.2002 -0.6505
vn 0.6338 -0.1993 -0.7474
vn 0.7701 -0.3770 -0.5146
vn -0.9989 -0.0473 0.0050
vn -1.0000 -0.0003 0.0029
vn -0.9953 -0.0106 0.0958
vn -0.9948 0.0335 0.0965
vn -0.9966 -0.0195 0.0795
vn -0.9961 -0.0049 0.0883
vn -0.9966 -0.0066 0.0827
vn -0.9953 0.0001 0.0973
vn -0.9931 0.0161 0.1161
vn -0.9255 0.0001 0.3787
vn -0.9253 0.0097 0.3790
vn -0.9141 0.0371 0.4038
vn -0.7945 0.0011 0.6073
vn -0.7599 0.0913 0.6437
vn -0.7837 0.0224 0.6207
vn -0.8962 0.0821 0.4359
vn -0.5792 0.1412 0.8028
vn -0.6169 0.0605 0.7847
vn -0.4688 0.0159 0.8832
vn -0.4511 0.0918 0.8877
vn -0.3673 0.3149 0.8752
vn -0.4187 0.1824 0.8896
vn -0.9981 0.0228 0.0581
vn -0.9995 0.0271 -0.0158
vn -0.9853 0.0509 0.1629
vn -0.9308 0.2840 0.2300
vn -0.8471 0.2116 0.4874
vn -0.9137 0.4060 0.0188
vn -0.6291 0.7466 0.2162
vn -0.6547 0.3402 0.6751
vn -0.7201 0.1667 0.6735
vn -0.7247 0.5280 0.4427
vn -0.6334 0.7730 0.0362
vn -0.8699 0.4865 -0.0811
vn -0.5220 0.2516 0.8150
vn -0.5491 0.6123 0.5689
vn -0.4776 0.7905 0.3834
vn -0.4405 0.4206 0.7931
vn -0.3454 0.7954 0.4980
vn -0.9986 -0.0150 0.0499
vn -0.9942 0.1043 0.0271
vn -0.9979 0.0335 0.0548
vn -0.9969 -0.0706 0.0339
vn -0.9974 -0.0193 -0.0698
vn -0.9981 -0.0318 0.0537
vn -0.9914 -0.0173 -0.1300
vn -0.9927 0.0520 -0.1091
vn -0.9986 0.0386 0.0350
vn -0.9970 0.0766 0.0058
vn -0.9915 0.1045 -0.0772
vn -0.9953 0.0238 -0.0938
vn -0.9975 0.0458 -0.0533
vn -0.9991 0.0321 -0.0289
vn -0.9985 -0.0310 -0.0454
vn -0.9996 0.0060 0.0286
vn -0.9990 0.0269 -0.0365
vn -0.9894 0.1221 -0.0786
vn -0.9998 -0.0052 0.0195
vn -0.9999 0.0122 -0.0118
vn -0.9994 -0.0086 0.0325
vn -0.9471 0.2568 -0.1924
vn -0.9882 0.1163 -0.0998
vn -0.9775 0.1022 -0.1848
vn -0.9903 0.0253 -0.1363
vn -0.9035 0.3331 -0.2697
vn -0.9459 0.2206 -0.2379
vn -0.9923 0.0891 -0.0866
vn -0.9522 0.2886 -0.1001
vn -0.9853 0.1631 -0.0514
vn -0.9073 0.3917 -0.1528
vn -0.9834 0.1618 -0.0826
vn -0.6575 0.7524 -0.0405
vn -0.8263 0.5526 -0.1088
vn -0.6465 0.7549 -0.1098
vn -0.7837 0.6006 -0.1584
vn -0.8475 0.4784 -0.2300
vn -0.9347 0.3066 -0.1800
vn -0.6276 0.7603 -0.1673
vn -0.7459 0.6293 -0.2181
vn -0.8076 0.5292 -0.2602
vn -0.8836 0.4006 -0.2426
vn -0.7734 0.5645 -0.2884
vn -0.8462 0.4499 -0.2856
vn -0.6627 0.0315 0.7482
vn -0.8252 0.0224 0.5644
vn -0.6686 0.0342 0.7428
vn -0.8328 0.0227 0.5531
vn -0.6643 0.0282 0.7469
vn -0.6805 0.1007 0.7257
vn -0.8392 0.0533 0.5412
vn -0.6736 0.0529 0.7372
vn -0.4608 0.0346 0.8868
vn -0.4652 0.0330 0.8846
vn -0.4675 0.0370 0.8832
vn -0.4699 0.0535 0.8811
vn -0.4710 0.0924 0.8773
vn -0.4635 0.2051 0.8620
vn -0.6451 0.4569 0.6125
vn -0.8264 0.2936 0.4805
vn -0.6828 0.2361 0.6914
vn -0.4110 0.4338 0.8018
vn -0.5393 0.6752 0.5033
vn -0.7499 0.5280 0.3986
vn -0.3971 0.8116 0.4286
vn -0.4187 0.8590 0.2945
vn -0.3179 0.6765 0.6643
vn -0.2468 0.8244 0.5093
vn -0.9611 0.0033 0.2760
vn -0.9578 0.0130 0.2870
vn -0.9993 0.0025 0.0376
vn -0.9989 0.0180 0.0440
vn -0.9574 0.0268 0.2875
vn -0.9979 -0.0034 0.0654
vn -0.9980 0.0322 0.0540
vn -0.9902 0.0172 0.1388
vn -0.9887 0.1112 0.1004
vn -0.9994 0.0194 0.0302
vn -0.9999 -0.0088 -0.0086
vn -0.9993 0.0328 0.0205
vn -0.9952 0.0965 -0.0153
vn -0.9952 -0.0971 -0.0085
vn -0.9403 0.1395 0.3105
vn -0.9536 0.0359 0.2988
vn -0.9878 0.1183 0.1013
vn -0.9287 0.3519 0.1170
vn -0.9955 0.0939 -0.0114
vn -0.9077 0.4165 -0.0511
vn -0.9292 0.3694 -0.0099
vn -0.7706 0.6367 -0.0281
vn -0.8937 0.3363 0.2971
vn -0.7837 0.6123 0.1043
vn -0.7677 0.5893 0.2517
vn -0.5889 0.7811 0.2075
vn -0.5723 0.8153 0.0876
vn -0.7454 0.6610 -0.0859
vn -0.5449 0.8345 -0.0814
vn -0.6100 0.7259 0.3178
vn -0.3620 0.9279 0.0894
vn -0.5591 0.8287 -0.0245
vn -0.3282 0.9434 -0.0478
vn -0.5245 0.8423 -0.1242
vn -0.4010 0.8951 0.1949
vn -0.2194 0.9156 0.3370
vn -0.1332 0.9899 0.0490
vn -0.3432 0.9392 0.0080
vn -0.9877 0.0319 -0.1527
vn -0.9996 0.0138 -0.0228
vn -0.9928 0.0763 -0.0926
vn -0.9865 0.1600 -0.0340
vn -0.9983 0.0425 -0.0389
vn -0.9987 0.0485 -0.0174
vn -0.9646 0.2488 -0.0877
vn -0.9849 0.1673 -0.0438
vn -0.9985 -0.0149 -0.0517
vn -0.9989 0.0096 -0.0452
vn -0.9999 0.0006 -0.0101
vn -0.9954 0.0881 -0.0374
vn -0.9349 0.3364 -0.1129
vn -0.9995 -0.0078 0.0319
vn -0.9995 0.0268 -0.0136
vn -0.9044 0.3937 -0.1647
vn -0.9789 0.1786 -0.0995
vn -0.9977 0.0255 -0.0629
vn -0.9994 -0.0015 -0.0352
vn -0.9769 0.0017 -0.2137
vn -0.9714 0.0668 -0.2277
vn -0.9497 0.1730 -0.2612
vn -0.9868 0.1070 -0.1217
vn -0.9082 0.3061 -0.2853
vn -0.9459 0.2641 -0.1886
vn -0.8495 0.4450 -0.2836
vn -0.8753 0.4279 -0.2253
vn -0.9310 -0.0012 -0.3650
vn -0.9250 0.0925 -0.3685
vn -0.8193 0.4495 -0.3560
vn -0.8722 0.3178 -0.3718
vn -0.8400 0.5243 -0.1398
vn -0.8708 0.4812 -0.1003
vn -0.7170 0.6854 -0.1266
vn -0.6830 0.7152 -0.1483
vn -0.6685 0.7256 -0.1629
vn -0.4928 0.8591 -0.1383
vn -0.6603 0.7322 -0.1669
vn -0.5027 0.8530 -0.1402
vn -0.3071 0.9456 -0.1076
vn -0.4943 0.8578 -0.1405
vn -0.7823 0.5813 -0.2239
vn -0.6590 0.7257 -0.1978
vn -0.7608 0.5883 -0.2740
vn -0.2853 0.0949 0.9537
vn -0.2761 0.2037 0.9393
vn -0.2586 0.3364 0.9055
vn -0.2889 0.0202 0.9571
vn -0.3046 0.4721 0.8272
vn -0.2392 0.4920 0.8371
vn -0.2550 0.6389 0.7258
vn -0.2144 0.6434 0.7349
vn -0.2315 0.7826 0.5779
vn -0.4756 0.8559 0.2031
vn -0.3470 0.8777 0.3305
vn -0.4967 0.8645 0.0768
vn -0.3590 0.9144 0.1872
vn -0.5029 0.8640 -0.0233
vn -0.2643 0.9220 0.2830
vn -0.3759 0.9236 0.0753
vn -0.0610 0.7092 0.7024
vn -0.1192 0.7525 0.6477
vn -0.2071 0.9510 0.2296
vn -0.2853 0.9451 0.1595
vn -0.1868 0.7683 0.6123
vn -0.1824 0.8507 0.4930
vn -0.1287 0.8969 0.4232
vn -0.1976 0.9106 0.3631
vn -0.1251 0.8290 0.5450
vn -0.0754 0.8056 0.5876
vn -0.0649 0.9384 0.3393
vn -0.1282 0.9479 0.2915
vn -0.9387 0.1585 -0.3060
vn -0.9518 0.0567 -0.3014
vn -0.8726 0.3709 -0.3178
vn -0.9125 0.2645 -0.3120
vn -0.5032 0.8585 -0.0987
vn -0.7440 0.5899 -0.3139
vn -0.8154 0.4824 -0.3199
vn -0.5669 0.7780 -0.2707
vn -0.4381 0.8621 -0.2549
vn -0.5475 0.7849 -0.2902
vn -0.3892 0.9210 -0.0187
vn -0.2921 0.9548 0.0560
vn -0.4639 0.8547 -0.2328
vn -0.3598 0.9116 -0.1986
vn -0.2871 0.9572 -0.0354
vn -0.1916 0.9813 0.0196
vn -0.2713 0.9569 -0.1035
vn -0.3775 0.9127 -0.1566
vn -0.2411 0.9575 -0.1585
vn -0.3241 0.9187 -0.2257
vn -0.2049 0.9591 -0.1955
vn -0.9265 0.0681 -0.3700
vn -0.8454 0.3953 -0.3591
vn -0.8869 0.2832 -0.3650
vn -0.9127 0.1772 -0.3681
vn -0.9052 0.0761 -0.4182
vn -0.8626 0.2985 -0.4084
vn -0.8700 0.1974 -0.4518
vn -0.8854 0.0848 -0.4571
vn -0.8908 0.1891 -0.4131
vn -0.7961 0.4244 -0.4315
vn -0.8400 0.3139 -0.4425
vn -0.8191 0.4113 -0.3998
vn -0.8512 0.2087 -0.4816
vn -0.8689 0.0926 -0.4862
vn -0.7758 0.4365 -0.4557
vn -0.8194 0.3248 -0.4723
vn -0.8553 0.0976 -0.5089
vn -0.7602 0.4463 -0.4721
vn -0.8049 0.3339 -0.4906
vn -0.7953 0.3437 -0.4994
vn -0.8246 0.2284 -0.5176
vn -0.8419 0.1054 -0.5293
vn -0.7485 0.4568 -0.4807
vn -0.7821 0.3514 -0.5146
vn -0.7194 0.6081 -0.3357
vn -0.7904 0.5025 -0.3504
vn -0.6594 0.6898 -0.2991
vn -0.6369 0.7030 -0.3165
vn -0.7637 0.5172 -0.3865
vn -0.6693 0.6297 -0.3943
vn -0.7377 0.5319 -0.4157
vn -0.6936 0.6205 -0.3659
vn -0.6156 0.7115 -0.3389
vn -0.5158 0.7979 -0.3120
vn -0.5864 0.7215 -0.3682
vn -0.6484 0.6410 -0.4107
vn -0.7177 0.5444 -0.4341
vn -0.4823 0.8102 -0.3331
vn -0.6279 0.6547 -0.4208
vn -0.7008 0.5554 -0.4477
vn -0.5592 0.7358 -0.3819
vn -0.4634 0.8162 -0.3451
vn -0.6875 0.5659 -0.4550
vn -0.2438 0.0342 0.9692
vn -0.2474 0.0440 0.9679
vn -0.2465 0.0952 0.9644
vn -0.2372 0.0313 0.9710
vn -0.0211 0.0325 0.9992
vn -0.0237 0.0419 0.9988
vn -0.2469 0.0372 0.9683
vn -0.0206 0.0561 0.9982
vn -0.0142 0.0767 0.9970
vn -0.2464 0.0615 0.9672
vn 0.2086 0.0119 0.9779
vn 0.1933 0.0469 0.9800
vn -0.0025 0.1173 0.9931
vn 0.2201 0.1070 0.9696
vn 0.1976 0.0271 0.9799
vn 0.4180 0.0151 0.9083
vn 0.2007 0.0761 0.9767
vn 0.4107 0.1004 0.9062
vn 0.4284 0.1501 0.8910
vn 0.6251 0.2971 0.7218
vn 0.4545 0.2197 0.8632
vn 0.4311 -0.0033 0.9023
vn 0.6203 -0.0105 0.7843
vn 0.6367 -0.0158 0.7710
vn 0.4082 0.0482 0.9116
vn 0.5870 0.1169 0.8011
vn 0.6004 0.0362 0.7989
vn 0.5966 0.2015 0.7768
vn 0.7272 -0.0280 0.6859
vn 0.7156 0.1325 0.6859
vn 0.7236 0.0208 0.6899
vn 0.7179 0.2630 0.6446
vn -0.1450 0.8313 0.5366
vn -0.2497 0.1944 0.9486
vn -0.0510 0.9184 0.3924
vn 0.0062 0.8384 0.5451
vn 0.1788 0.9086 0.3775
vn 0.0063 0.9617 0.2740
vn 0.0089 0.2077 0.9782
vn 0.2433 0.1619 0.9563
vn 0.0260 0.6678 0.7439
vn 0.0133 0.4032 0.9150
vn 0.3050 0.4651 0.8310
vn 0.2720 0.2685 0.9241
vn 0.2879 0.7068 0.6462
vn 0.4242 0.5934 0.6841
vn 0.4676 0.3648 0.8052
vn 0.5519 0.6528 0.5188
vn 0.6291 0.4456 0.6369
vn 0.6162 0.6914 0.3771
vn 0.7079 0.5112 0.4874
vn 0.7265 0.3810 0.5719
vn 0.7766 -0.0235 0.6296
vn 0.7843 0.0294 0.6197
vn 0.7900 0.1656 0.5903
vn 0.7802 0.3249 0.5345
vn 0.7632 0.4546 0.4592
vn -0.1905 0.9583 0.2130
vn -0.1540 0.9807 0.1204
vn -0.1108 0.9938 -0.0052
vn 0.0690 0.9926 0.1000
vn 0.0954 0.9946 0.0406
vn 0.0400 0.9824 0.1823
vn 0.2261 0.9365 0.2679
vn 0.2750 0.9466 0.1681
vn 0.4541 0.8539 0.2544
vn 0.4661 0.8654 0.1841
vn 0.2636 0.9616 0.0762
vn 0.4252 0.8939 0.1418
vn 0.2454 0.9659 0.0821
vn 0.3957 0.8371 0.3777
vn 0.4473 0.8809 0.1546
vn 0.5893 0.7752 0.2276
vn 0.7281 0.5756 0.3722
vn 0.6224 0.7331 0.2741
vn 0.6965 0.6491 0.3060
vn -0.3115 0.9447 -0.1030
vn -0.1172 0.9920 -0.0468
vn -0.1399 0.9894 -0.0385
vn 0.0443 0.9984 0.0338
vn -0.3289 0.9396 -0.0948
vn -0.1617 0.9862 -0.0344
vn -0.3417 0.9330 -0.1130
vn 0.0142 0.9991 0.0397
vn -0.1830 0.9822 -0.0423
vn 0.2172 0.9705 0.1045
vn 0.4038 0.9033 0.1445
vn 0.5308 0.8220 0.2061
vn 0.3664 0.9137 0.1759
vn 0.1752 0.9769 0.1221
vn 0.3208 0.9257 0.2004
vn -0.0265 0.9991 0.0330
vn 0.1294 0.9850 0.1141
vn -0.0663 0.9977 0.0121
vn -0.8716 0.1025 -0.4794
vn -0.8746 -0.0031 -0.4848
vn -0.7878 0.4501 -0.4205
vn -0.8373 0.3220 -0.4419
vn -0.7597 0.4396 -0.4791
vn -0.7914 0.3184 -0.5219
vn -0.8168 0.0983 -0.5684
vn -0.8151 -0.0008 -0.5793
vn -0.7505 0.0940 -0.6541
vn -0.7450 -0.0008 -0.6671
vn -0.7199 0.4138 -0.5572
vn -0.7319 0.3027 -0.6105
vn -0.6608 0.0980 -0.7442
vn -0.6580 0.0030 -0.7530
vn -0.6425 0.3977 -0.6550
vn -0.6584 0.2902 -0.6944
vn -0.5610 0.1045 -0.8212
vn -0.5548 0.0145 -0.8318
vn -0.5386 0.4121 -0.7349
vn -0.5622 0.2971 -0.7718
vn -0.4419 0.0254 -0.8967
vn -0.4307 -0.0516 -0.9010
vn -0.4585 0.3233 -0.8278
vn -0.4662 0.2037 -0.8609
vn -0.5728 0.6456 -0.5051
vn -0.6159 0.5134 -0.5975
vn -0.6869 0.5373 -0.4894
vn -0.3918 0.8923 -0.2241
vn -0.3711 0.8833 -0.2866
vn -0.5061 0.7974 -0.3287
vn -0.4706 0.7850 -0.4030
vn -0.3358 0.8524 -0.4008
vn -0.4029 0.7393 -0.5396
vn -0.5010 0.5152 -0.6954
vn -0.4528 0.6275 -0.6335
vn -0.2396 0.9656 -0.1009
vn -0.1439 0.9845 -0.1002
vn -0.2586 0.9519 -0.1647
vn -0.4048 0.5525 -0.7286
vn -0.4363 0.4459 -0.7815
vn -0.3220 0.7731 -0.5465
vn -0.2730 0.8075 -0.5229
vn -0.3116 0.7035 -0.6387
vn -0.3400 0.5957 -0.7277
vn -0.3555 0.6555 -0.6663
vn -0.0331 0.7847 0.6190
vn -0.0719 0.8820 0.4658
vn -0.1230 0.9784 0.1662
vn -0.0515 0.9766 0.2086
vn -0.0252 0.8667 0.4982
vn -0.0106 0.9282 0.3720
vn -0.0348 0.6788 0.7335
vn -0.0011 0.7568 0.6536
vn 0.0047 0.8495 0.5275
vn 0.0157 0.8381 0.5453
vn 0.0259 0.9213 0.3880
vn 0.0624 0.9657 0.2519
vn 0.0428 0.9186 0.3929
vn 0.0844 0.9658 0.2452
vn 0.1397 0.9845 0.1057
vn 0.1044 0.9879 0.1147
vn -0.0025 0.7367 0.6762
vn 0.0037 0.7345 0.6787
vn 0.1057 0.9669 0.2321
vn 0.1524 0.9848 0.0827
vn -0.1059 0.9925 0.0617
vn -0.0726 0.9969 -0.0311
vn -0.0849 0.9830 -0.1625
vn -0.0437 0.9825 -0.1812
vn 0.0265 0.9996 -0.0093
vn 0.0796 0.9930 -0.0873
vn -0.0239 0.9941 -0.1056
vn 0.1413 0.9808 -0.1342
vn 0.0287 0.9896 -0.1413
vn 0.1009 0.9949 -0.0056
vn 0.0518 0.9929 0.1074
vn 0.1585 0.9873 -0.0134
vn 0.2352 0.9653 -0.1139
vn 0.2472 0.9580 -0.1451
vn 0.2785 0.9472 -0.1587
vn 0.0851 0.9842 -0.1555
vn 0.2583 0.9599 -0.1094
vn 0.1304 0.9814 -0.1411
vn 0.2016 0.9789 -0.0324
vn 0.2137 0.9745 -0.0682
vn -0.4038 0.8699 -0.2832
vn -0.2595 0.9309 -0.2569
vn -0.3791 0.8764 -0.2970
vn -0.3572 0.8837 -0.3024
vn -0.4488 0.8246 -0.3442
vn -0.2892 0.9253 -0.2454
vn -0.1673 0.9631 -0.2106
vn -0.5329 0.7547 -0.3827
vn -0.5433 0.7464 -0.3843
vn -0.1124 0.9710 -0.2109
vn -0.2322 0.9381 -0.2571
vn -0.2237 0.9429 -0.2468
vn -0.3362 0.8924 -0.3009
vn -0.4364 0.8347 -0.3359
vn -0.3327 0.8996 -0.2828
vn -0.0070 0.9839 -0.1787
vn -0.1046 0.9768 -0.1869
vn -0.1327 0.9673 -0.2164
vn 0.0192 0.9872 -0.1585
vn 0.1525 0.9826 -0.1058
vn 0.0308 0.9917 -0.1247
vn 0.1617 0.9847 -0.0650
vn -0.0976 0.9816 -0.1641
vn 0.0274 0.9975 -0.0658
vn -0.0936 0.9860 -0.1378
vn -0.8134 0.2286 -0.5349
vn -0.8293 0.1134 -0.5472
vn -0.8001 0.2354 -0.5517
vn -0.8169 0.1133 -0.5656
vn -0.7255 0.4695 -0.5032
vn -0.7679 0.3549 -0.5332
vn -0.7370 0.4657 -0.4899
vn -0.6806 0.5723 -0.4575
vn -0.8014 0.1180 -0.5863
vn -0.7549 0.3575 -0.5498
vn -0.7829 0.2401 -0.5740
vn -0.7847 0.1282 -0.6065
vn -0.7127 0.4715 -0.5194
vn -0.7388 0.3600 -0.5697
vn -0.7505 0.1213 -0.6496
vn -0.7478 0.0157 -0.6638
vn -0.7917 0.0075 -0.6108
vn -0.7281 0.3555 -0.5861
vn -0.7475 0.2370 -0.6206
vn -0.6930 0.4686 -0.5478
vn -0.7044 0.0901 -0.7040
vn -0.6857 0.0195 -0.7276
vn -0.7232 0.3413 -0.6004
vn -0.7269 0.2074 -0.6547
vn -0.6912 0.4670 -0.5514
vn -0.7213 0.0635 -0.6897
vn -0.7176 0.0145 -0.6963
vn -0.7275 0.3183 -0.6078
vn -0.7314 0.1683 -0.6608
vn -0.6129 0.6716 -0.4162
vn -0.6055 0.6728 -0.4251
vn -0.6724 0.5739 -0.4674
vn -0.5272 0.7638 -0.3723
vn -0.6598 0.5758 -0.4828
vn -0.5925 0.6761 -0.4380
vn -0.6492 0.5796 -0.4926
vn -0.3333 0.9050 -0.2645
vn -0.5147 0.7677 -0.3818
vn -0.5206 0.7678 -0.3734
vn -0.4279 0.8450 -0.3208
vn -0.4187 0.8516 -0.3154
vn -0.5066 0.7691 -0.3897
vn -0.5803 0.6803 -0.4476
vn -0.6421 0.5792 -0.5022
vn -0.3230 0.9097 -0.2611
vn -0.3130 0.9150 -0.2545
vn -0.5821 0.6819 -0.4428
vn -0.6459 0.5756 -0.5014
vn -0.0927 0.9891 -0.1142
vn -0.2093 0.9592 -0.1900
vn -0.2019 0.9612 -0.1878
vn -0.4144 0.8525 -0.3187
vn -0.5023 0.7728 -0.3880
vn -0.6534 0.5756 -0.4917
vn -0.7009 0.4574 -0.5473
vn -0.7679 0.0215 -0.6402
vn -0.7540 0.1400 -0.6417
vn -0.7132 0.4474 -0.5396
vn -0.5240 0.7752 -0.3529
vn -0.6021 0.6798 -0.4188
vn -0.5191 0.7728 -0.3651
vn 0.8283 -0.0553 0.5575
vn 0.8473 -0.0482 0.5289
vn 0.8297 -0.0182 0.5579
vn 0.8595 -0.0126 0.5110
vn 0.8646 0.0769 0.4966
vn 0.8309 0.0544 0.5537
vn 0.8282 0.2127 0.5186
vn 0.8504 0.2578 0.4587
vn 0.8142 0.4150 0.4060
vn 0.8053 0.3777 0.4570
vn 0.8718 -0.0105 0.4898
vn 0.8620 -0.0202 0.5065
vn 0.8736 0.0061 0.4866
vn 0.8782 0.0327 0.4772
vn 0.8832 0.1295 0.4508
vn 0.8811 0.1041 0.4614
vn 0.8577 0.2899 0.4246
vn 0.8536 0.3103 0.4184
vn 0.7989 0.4608 0.3867
vn 0.8119 0.4434 0.3797
vn 0.7660 0.5127 0.3879
vn 0.7572 0.5545 0.3452
vn 0.6700 0.6895 0.2751
vn 0.5600 0.8022 0.2070
vn 0.6441 0.7160 0.2693
vn 0.7424 0.5843 0.3278
vn 0.7183 0.6014 0.3498
vn 0.6098 0.7353 0.2956
vn 0.8754 -0.0824 0.4763
vn 0.8917 -0.0137 0.4523
vn 0.8794 -0.0133 0.4759
vn 0.8810 0.0508 0.4704
vn 0.8746 0.1432 0.4631
vn 0.8784 0.1500 0.4537
vn 0.8440 0.3147 0.4342
vn 0.7559 0.4512 0.4744
vn 0.7812 0.4621 0.4197
vn 0.8929 0.0517 0.4473
vn 0.8776 0.0406 0.4777
vn 0.8261 0.3002 0.4770
vn 0.8007 0.2684 0.5356
vn 0.8800 0.0119 0.4749
vn 0.8858 -0.0113 0.4639
vn 0.8483 0.0503 0.5271
vn 0.8541 0.1014 0.5101
vn 0.7853 0.1984 0.5865
vn 0.6809 0.3554 0.6404
vn 0.7217 0.4177 0.5520
vn 0.4943 0.8360 0.2384
vn 0.2671 0.9426 0.2006
vn 0.4524 0.8491 0.2726
vn 0.0711 0.9928 0.0959
vn 0.1870 0.9636 0.1911
vn 0.5761 0.7447 0.3369
vn 0.6922 0.6088 0.3876
vn 0.3841 0.8717 0.3044
vn 0.2760 0.9152 0.2937
vn 0.5040 0.7560 0.4177
vn 0.6510 0.6002 0.4647
vn 0.3501 0.8516 0.3902
vn 0.6166 0.5483 0.5649
vn 0.5534 0.4879 0.6750
vn 0.3932 0.6454 0.6548
vn 0.2231 0.9187 0.3259
vn 0.2436 0.8753 0.4179
vn -0.2527 -0.0593 -0.9657
vn -0.2414 -0.0362 -0.9697
vn -0.3225 0.0941 -0.9419
vn -0.4563 0.1055 -0.8836
vn -0.3557 0.2104 -0.9106
vn -0.0647 -0.0138 -0.9978
vn -0.0635 -0.0219 -0.9977
vn -0.0615 0.0168 -0.9980
vn -0.2770 0.0181 -0.9607
vn -0.2174 0.1840 -0.9586
vn -0.1143 0.0426 -0.9925
vn -0.0804 0.1075 -0.9909
vn 0.0115 -0.0119 -0.9999
vn 0.0084 -0.0580 -0.9983
vn -0.0422 -0.0092 -0.9991
vn -0.0232 0.0557 -0.9982
vn -0.0146 -0.0484 -0.9987
vn 0.0332 -0.0944 -0.9950
vn -0.0575 0.1017 -0.9931
vn 0.0188 0.0052 -0.9998
vn 0.0187 0.0281 -0.9994
vn 0.0026 0.9985 0.0546
vn -0.2019 0.9145 -0.3507
vn -0.2570 0.8860 -0.3860
vn -0.1722 0.9608 -0.2174
vn 0.1034 0.9840 0.1453
vn -0.2321 0.8444 -0.4828
vn -0.2804 0.6470 -0.7091
vn -0.1602 0.9417 -0.2958
vn -0.2576 0.7509 -0.6081
vn -0.2389 0.6791 -0.6941
vn -0.2234 0.7849 -0.5779
vn -0.2220 0.6940 -0.6849
vn -0.1181 0.9657 -0.2312
vn -0.0104 0.9999 0.0065
vn -0.0771 0.9827 -0.1683
vn -0.1617 0.7111 -0.6842
vn -0.2136 0.5292 -0.8211
vn 0.1088 0.9654 0.2370
vn 0.1222 0.9396 0.3198
vn -0.1509 0.8422 -0.5176
vn -0.0861 0.7151 -0.6937
vn -0.1420 0.5123 -0.8470
vn -0.0450 0.4914 -0.8698
vn 0.0310 -0.1155 -0.9928
vn -0.0716 0.0611 -0.9956
vn -0.0747 0.1211 -0.9898
vn -0.0033 -0.0400 -0.9992
vn -0.0337 -0.0592 -0.9977
vn 0.0655 -0.1402 -0.9880
vn -0.0654 0.0215 -0.9976
vn -0.1332 0.1658 -0.9771
vn -0.0607 0.1541 -0.9862
vn -0.1255 0.2518 -0.9596
vn -0.0073 0.1082 -0.9941
vn 0.0301 0.8378 0.5452
vn 0.0436 0.8415 0.5384
vn 0.1556 0.9862 0.0572
vn 0.0198 0.7361 0.6765
vn 0.0281 0.7404 0.6716
vn 0.1139 0.9683 0.2222
vn 0.0785 0.9205 0.3828
vn 0.1033 0.9728 0.2076
vn 0.0497 0.8436 0.5346
vn 0.0416 0.8463 0.5311
vn 0.0715 0.9241 0.3754
vn 0.0698 0.9269 0.3688
vn 0.1000 0.9759 0.1937
vn 0.1483 0.9885 0.0295
vn 0.1106 0.9939 -0.0026
vn 0.0881 0.9961 -0.0101
vn 0.1040 0.9756 -0.1931
vn -0.3225 -0.0002 -0.9466
vn 0.9544 0.1056 -0.2792
vn -0.3013 0.0473 -0.9523
vn 0.9845 0.0461 -0.1693
vn 0.3801 0.0128 0.9249
vn 0.8889 0.3519 -0.2934
vn 0.4712 0.0302 0.8815
vn 0.6758 0.6100 -0.4137
vn 0.8243 0.4291 -0.3693
vn 0.7297 0.2549 0.6344
vn 0.4095 0.0191 0.9121
vn 0.5944 0.1132 0.7961
vn 0.5951 0.1212 0.7944
vn 0.8199 0.4219 0.3870
vn 0.7161 0.3671 0.5936
vn -0.2994 -0.0677 -0.9517
vn -0.3235 -0.0207 -0.9460
vn -0.2927 0.0253 -0.9559
vn -0.2044 0.1174 -0.9718
vn -0.0813 0.2523 -0.9642
vn -0.0076 0.1968 -0.9804
vn 0.0321 0.3232 -0.9458
vn 0.0424 -0.0071 -0.9991
vn 0.0462 -0.1206 -0.9916
vn -0.0617 -0.0122 -0.9980
vn 0.0643 0.3451 -0.9364
vn 0.0523 0.2234 -0.9733
vn 0.3793 0.8939 -0.2387
vn 0.3853 0.8638 -0.3246
vn 0.4280 0.8867 -0.1748
vn 0.5142 0.8524 -0.0949
vn 0.3887 0.9169 -0.0906
vn 0.2903 0.9328 -0.2134
vn 0.2738 0.9235 -0.2688
vn 0.4251 0.9051 -0.0059
vn 0.2291 0.9212 -0.3145
vn 0.2643 0.8338 -0.4847
vn 0.2716 0.6983 -0.6622
vn 0.4605 0.7059 -0.5382
vn 0.3445 0.8427 -0.4138
vn 0.6182 0.7752 -0.1299
vn 0.7125 0.6722 -0.2012
vn 0.6603 0.7466 0.0818
vn 0.7620 0.6300 0.1500
vn 0.5489 0.8350 0.0383
vn 0.6337 0.7360 0.2381
vn 0.7051 0.6176 0.3483
vn 0.1551 0.9727 -0.1728
vn 0.1251 0.9745 -0.1864
vn 0.1794 0.9210 -0.3459
vn 0.1936 0.8303 -0.5226
vn 0.0416 0.3999 -0.9156
vn -0.0418 0.2885 -0.9566
vn 0.1285 0.5602 -0.8183
vn 0.0704 0.4521 -0.8892
vn 0.1074 0.5809 -0.8068
vn 0.1391 0.9194 -0.3679
vn 0.1118 0.9193 -0.3773
vn 0.0900 0.5917 -0.8011
vn 0.0771 0.4692 -0.8797
vn 0.6643 0.2228 0.7135
vn 0.6910 0.1792 0.7003
vn 0.7302 0.4931 0.4730
vn 0.7056 0.4064 0.5805
vn 0.5560 0.0506 0.8297
vn 0.6705 0.0742 0.7382
vn 0.7319 0.0908 0.6753
vn 0.7311 0.2062 0.6504
vn 0.7055 0.2942 0.6448
vn 0.7221 0.3199 0.6134
vn 0.7058 0.4270 0.5653
vn 0.7635 0.0935 0.6390
vn 0.7504 0.2135 0.6256
vn 0.7299 0.3283 0.5995
vn 0.7041 0.4467 0.5519
vn 0.6695 0.5549 0.4938
vn 0.6729 0.5452 0.4999
vn 0.7672 0.2110 0.6058
vn 0.7418 0.3328 0.5823
vn 0.7039 0.4585 0.5424
vn 0.6616 0.5625 0.4959
vn 0.2848 0.9569 -0.0564
vn 0.4245 0.9022 0.0759
vn 0.2952 0.9554 0.0011
vn 0.2875 0.9557 0.0624
vn 0.1586 0.9872 -0.0151
vn 0.0317 0.9953 -0.0914
vn 0.1534 0.9880 0.0177
vn 0.2750 0.9557 0.1052
vn 0.0241 0.9989 -0.0399
vn 0.1490 0.9880 0.0415
vn 0.5373 0.8294 0.1529
vn 0.2638 0.9565 0.1246
vn 0.5106 0.8289 0.2284
vn 0.5970 0.7390 0.3121
vn 0.6562 0.6356 0.4067
vn 0.6870 0.5264 0.5009
vn 0.4846 0.8316 0.2712
vn 0.5640 0.7453 0.3555
vn 0.3855 0.9034 0.1876
vn 0.4652 0.8350 0.2938
vn 0.3704 0.9042 0.2128
vn 0.3601 0.9048 0.2272
vn 0.2492 0.9576 0.1447
vn 0.6260 0.6495 0.4316
vn 0.6171 0.6571 0.4329
vn 0.5491 0.7511 0.3664
vn 0.3578 0.9045 0.2322
vn 0.2459 0.9574 0.1515
vn 0.6070 0.6648 0.4354
vn 0.5409 0.7581 0.3643
vn 0.4605 0.8369 0.2958
vn -0.3132 0.9184 -0.2417
vn -0.2086 0.9641 -0.1645
vn -0.4118 0.8538 -0.3187
vn -0.3161 0.9177 -0.2405
vn -0.4193 0.8531 -0.3107
vn -0.5074 0.7742 -0.3784
vn -0.2067 0.9651 -0.1608
vn 0.0274 0.9993 -0.0257
vn 0.1313 0.9890 0.0676
vn 0.0251 0.9996 -0.0155
vn -0.3173 0.9180 -0.2379
vn -0.2113 0.9649 -0.1560
vn 0.0126 0.9999 0.0059
vn 0.1419 0.9882 0.0578
vn -0.1070 0.9918 -0.0694
vn -0.1119 0.9919 -0.0604
vn 0.1269 0.9886 0.0816
vn 0.2421 0.9569 0.1605
vn 0.3459 0.9063 0.2429
vn 0.0072 0.9998 0.0173
vn 0.1238 0.9873 0.0997
vn 0.0073 0.9998 0.0178
vn 0.0035 0.9998 0.0212
vn -0.1091 0.9924 -0.0570
vn -0.7970 0.0894 -0.5973
vn -0.8006 0.0084 -0.5991
vn -0.8406 0.0987 -0.5326
vn -0.8462 0.0209 -0.5325
vn -0.8005 0.2985 -0.5198
vn -0.8357 0.1245 -0.5349
vn -0.7932 0.1207 -0.5969
vn -0.8589 0.0802 -0.5058
vn -0.8560 0.0422 -0.5152
vn -0.8152 0.3196 -0.4831
vn -0.8585 0.1441 -0.4922
vn -0.7472 0.4504 -0.4887
vn -0.8236 0.3325 -0.4595
vn -0.8692 0.1655 -0.4659
vn -0.8616 0.1603 -0.4817
vn -0.4273 0.8553 -0.2929
vn -0.5238 0.7780 -0.3469
vn -0.6038 0.6831 -0.4107
vn -0.6885 0.5751 -0.4417
vn -0.7291 0.4459 -0.5192
vn -0.7059 0.5748 -0.4139
vn -0.7633 0.4557 -0.4580
vn -0.6331 0.6851 -0.3604
vn -0.6197 0.6834 -0.3859
vn -0.5392 0.7772 -0.3246
vn -0.5510 0.7763 -0.3062
vn -0.4393 0.8540 -0.2786
vn -0.3407 0.9178 -0.2038
vn -0.4500 0.8537 -0.2621
vn -0.7184 0.5764 -0.3895
vn -0.7910 0.4602 -0.4031
vn -0.7780 0.4593 -0.4287
vn -0.2264 0.9650 -0.1326
vn -0.2275 0.9659 -0.1234
vn -0.3508 0.9161 -0.1942
vn -0.4607 0.8532 -0.2444
vn -0.5658 0.7758 -0.2794
vn -0.4762 0.8516 -0.2193
vn -0.2418 0.9637 -0.1133
vn -0.2557 0.9608 -0.1075
vn -0.3638 0.9143 -0.1781
vn -0.2674 0.9590 -0.0938
vn -0.3772 0.9124 -0.1587
vn -0.8631 0.0003 -0.5050
vn -0.8644 0.0451 -0.5007
vn -0.8736 0.0339 -0.4855
vn -0.8763 0.0535 -0.4788
vn -0.8896 0.0489 -0.4541
vn -0.8830 0.0143 -0.4691
vn -0.8457 0.3352 -0.4153
vn -0.8814 0.1698 -0.4407
vn -0.8353 0.3357 -0.4354
vn -0.8850 -0.0124 -0.4654
vn -0.8900 0.0029 -0.4560
vn -0.8861 0.0182 -0.4632
vn -0.8798 0.0557 -0.4720
vn -0.8826 0.1432 -0.4478
vn -0.8828 0.1677 -0.4388
vn -0.8306 0.4431 -0.3373
vn -0.8665 0.3126 -0.3892
vn -0.8174 0.4531 -0.3559
vn -0.7856 0.0261 -0.6182
vn -0.8314 0.0736 -0.5508
vn -0.3118 -0.0776 -0.9470
vn -0.5065 -0.0275 -0.8618
vn -0.5639 0.0974 -0.8201
vn -0.8444 0.2497 -0.4741
vn -0.8314 0.3895 -0.3964
vn -0.7721 0.0474 -0.6338
vn -0.8895 0.0311 -0.4558
vn -0.8936 0.1117 -0.4348
vn -0.7465 0.5734 -0.3375
vn -0.8036 0.4576 -0.3806
vn -0.7323 0.5774 -0.3611
vn -0.6615 0.6826 -0.3105
vn -0.5842 0.7702 -0.2559
vn -0.6779 0.6756 -0.2898
vn -0.7147 0.6564 -0.2415
vn -0.7798 0.5566 -0.2866
vn -0.6987 0.6644 -0.2653
vn -0.6340 0.7478 -0.1968
vn -0.6186 0.7553 -0.2164
vn -0.6391 0.2248 -0.7355
vn -0.7216 0.3684 -0.5862
vn -0.8040 0.5097 -0.3062
vn -0.7536 0.6219 -0.2127
vn -0.7616 0.5035 -0.4080
vn -0.6716 0.7284 -0.1358
vn -0.5995 0.7638 -0.2391
vn -0.5085 0.8411 -0.1843
vn -0.7968 0.5450 -0.2608
vn -0.8482 0.4254 -0.3156
vn -0.6516 0.7433 -0.1513
vn -0.4937 0.8478 -0.1938
vn -0.3891 0.9116 -0.1328
vn -0.5236 0.8349 -0.1695
vn -0.5533 0.8264 -0.1042
vn -0.7262 0.6520 -0.2182
vn -0.5954 0.8015 -0.0552
vn 0.9164 -0.0067 0.4003
vn 0.7567 0.2072 0.6200
vn 0.9237 -0.0098 0.3830
vn -0.2309 0.1723 0.9576
vn 0.8733 0.0792 0.4807
vn 0.2275 0.2032 0.9523
vn 0.0690 0.2526 0.9651
vn -0.7255 0.1709 0.6667
vn 0.2156 0.1920 0.9574
vn -0.3025 0.1616 0.9394
vn -0.9026 0.0971 0.4194
vn -0.9949 -0.0648 -0.0770
vn -0.8334 0.5119 -0.2084
vn -0.4290 0.2009 0.8806
vn -0.9109 0.4018 0.0940
vn -0.9761 0.2169 0.0146
vn -0.1996 0.2480 0.9480
vn -0.2130 0.0086 -0.9770
vn 0.1951 0.7614 0.6182
vn 0.1591 0.6721 0.7231
vn 0.3283 0.7623 0.5578
vn 0.3673 0.8018 0.4713
vn 0.5619 0.3348 0.7564
vn 0.1121 0.2911 0.9501
vn 0.3465 0.4921 0.7986
vn 0.1171 0.9109 0.3957
vn 0.2277 0.8268 0.5143
vn 0.0745 0.8823 0.4648
vn 0.0270 0.8513 0.5240
vn 0.0538 0.4250 0.9036
vn -0.2005 0.3982 0.8951
vn -0.7742 0.6147 0.1510
vn -0.7759 0.6116 0.1544
vn -0.3142 0.6074 0.7297
vn -0.0413 0.8332 0.5514
vn -0.2003 0.8443 0.4970
vn -0.0515 0.9621 0.2678
vn -0.7357 0.6620 0.1432
vn -0.5773 0.8109 0.0960
vn -0.5145 0.7427 0.4286
vn -0.4440 0.8704 0.2127
vn -0.3089 0.8981 0.3129
vn -0.1054 0.9702 0.2182
vn -0.0114 -0.0103 -0.9999
vn -0.0284 -0.0108 -0.9995
vn 0.0139 0.0018 -0.9999
vn 0.0015 0.0138 -0.9999
vn 0.0186 0.0419 -0.9990
vn -0.0378 -0.0401 -0.9985
vn -0.0140 -0.0058 -0.9999
vn -0.0253 0.0071 -0.9997
vn -0.0010 -0.0345 -0.9994
vn -0.0187 -0.0016 -0.9998
vn -0.0436 0.9930 -0.1100
vn 0.0339 0.9883 0.1490
vn -0.0243 0.9979 -0.0603
vn -0.1008 0.8594 -0.5012
vn -0.0711 0.8664 -0.4943
vn -0.0630 0.9592 -0.2755
vn -0.0372 0.9665 -0.2539
vn -0.0230 0.9997 0.0028
vn 0.0033 0.9689 0.2473
vn -0.0377 0.9993 0.0050
vn -0.0298 0.9635 0.2661
vn -0.0286 0.9995 -0.0099
vn -0.0205 0.7002 -0.7137
vn -0.0321 0.8693 -0.4932
vn 0.0125 0.6938 -0.7201
vn -0.0207 0.9653 -0.2603
vn 0.0015 0.8613 -0.5081
vn 0.0416 0.8563 -0.5147
vn 0.0086 0.6864 -0.7272
vn -0.1440 0.9837 0.1077
vn -0.0241 0.9984 -0.0511
vn 0.0081 0.9612 -0.2756
vn 0.0470 0.9518 -0.3030
vn 0.0555 -0.0932 -0.9941
vn 0.0952 -0.1387 -0.9857
vn 0.0228 0.1247 -0.9919
vn -0.0110 0.0839 -0.9964
vn 0.0437 -0.0993 -0.9941
vn 0.0067 -0.0190 -0.9998
vn 0.0584 0.0550 -0.9968
vn 0.1085 0.0778 -0.9910
vn 0.0034 -0.0403 -0.9992
vn 0.0063 -0.0144 -0.9999
vn -0.0069 0.0986 -0.9951
vn -0.0270 -0.0166 0.9995
vn 0.0257 -0.0002 0.9997
vn 0.0531 0.1236 0.9909
vn 0.1264 0.1684 0.9776
vn 0.1597 0.3055 0.9387
vn 0.1543 0.4426 0.8833
vn 0.2504 0.2951 0.9221
vn 0.2291 0.4095 0.8831
vn 0.0699 0.0577 0.9959
vn 0.2403 0.0986 0.9657
vn 0.2561 0.1910 0.9476
vn 0.3871 0.2528 0.8867
vn 0.0236 0.7490 0.6622
vn 0.0465 0.8492 0.5261
vn 0.0266 0.7460 0.6654
vn 0.0663 0.9292 0.3636
vn 0.0562 0.9298 0.3637
vn 0.0888 0.9790 0.1836
vn 0.0707 0.9815 0.1780
vn 0.0696 0.9975 -0.0104
vn 0.0271 0.7487 0.6624
vn 0.0391 0.8518 0.5224
vn 0.0370 0.8536 0.5196
vn 0.0652 0.9810 0.1828
vn 0.0769 0.9770 -0.1989
vn 0.0709 0.9778 -0.1971
vn 0.0345 0.7432 0.6681
vn 0.0523 0.9299 0.3640
vn 0.0454 0.9289 0.3675
vn 0.0640 0.9979 0.0003
vn 0.0722 0.9973 0.0094
vn 0.0362 0.8489 0.5273
vn 0.0638 0.8369 0.5437
vn 0.0567 0.9800 0.1907
vn 0.0620 0.9770 0.2041
vn 0.0853 0.5916 0.8017
vn 0.1434 0.5755 0.8051
vn 0.1484 0.6973 0.7013
vn 0.0736 0.7197 0.6904
vn 0.1962 0.5495 0.8121
vn 0.0622 0.9225 0.3810
vn 0.1067 0.9056 0.4105
vn 0.0943 0.9816 -0.1659
vn 0.1451 0.9810 -0.1289
vn 0.1052 0.9299 -0.3524
vn 0.3407 0.3583 0.8692
vn 0.0945 0.9683 0.2312
vn 0.1193 0.9569 0.2649
vn 0.0943 0.9951 0.0297
vn 0.1097 -0.1194 -0.9868
vn 0.1070 -0.0056 -0.9942
vn 0.1044 0.2334 -0.9668
vn 0.1016 0.3532 -0.9300
vn 0.1846 -0.0032 -0.9828
vn 0.1841 -0.1162 -0.9760
vn 0.1418 0.3504 -0.9258
vn 0.1565 0.2347 -0.9594
vn 0.2740 -0.1095 -0.9555
vn 0.2718 -0.0034 -0.9623
vn 0.2615 0.1043 -0.9596
vn 0.1740 0.1112 -0.9784
vn 0.2334 0.2176 -0.9477
vn 0.1959 0.3405 -0.9196
vn 0.3895 -0.1028 -0.9153
vn 0.3864 -0.0078 -0.9223
vn 0.3643 0.0904 -0.9269
vn 0.3312 0.1901 -0.9242
vn 0.2827 0.3108 -0.9075
vn 0.5294 -0.0155 -0.8482
vn 0.5327 -0.0915 -0.8413
vn 0.4622 0.1518 -0.8737
vn 0.5070 0.0639 -0.8596
vn 0.3966 0.2568 -0.8813
vn 0.0895 0.9197 -0.3824
vn 0.1064 0.7185 -0.6873
vn 0.1133 0.8324 -0.5425
vn 0.0982 0.7218 -0.6851
vn 0.0988 0.4756 -0.8741
vn 0.0992 0.5969 -0.7962
vn 0.0972 0.8327 -0.5451
vn 0.0860 0.8327 -0.5470
vn 0.1143 0.5963 -0.7946
vn 0.1262 0.4751 -0.8708
vn 0.0781 0.9204 -0.3831
vn 0.0951 0.8318 -0.5469
vn 0.1641 0.4623 -0.8714
vn 0.1340 0.5904 -0.7959
vn 0.0870 0.9251 -0.3695
vn 0.1223 0.8329 -0.5398
vn 0.1132 0.7128 -0.6922
vn 0.2242 0.4365 -0.8714
vn 0.1716 0.5708 -0.8030
vn 0.2270 0.5329 -0.8152
vn 0.3135 0.3838 -0.8685
vn 0.7803 0.0932 0.6184
vn 0.7775 0.2114 0.5922
vn 0.7537 0.3364 0.5646
vn 0.7867 0.2130 0.5794
vn 0.7917 0.0897 0.6044
vn 0.8036 0.0825 0.5895
vn 0.6564 0.5680 0.4965
vn 0.5246 0.7653 0.3729
vn 0.4485 0.8393 0.3074
vn 0.5949 0.6747 0.4370
vn 0.6636 0.5718 0.4824
vn 0.4354 0.8428 0.3165
vn 0.5180 0.7661 0.3805
vn 0.8151 0.0797 0.5738
vn 0.7993 0.2099 0.5631
vn 0.7583 0.3386 0.5571
vn 0.7671 0.3355 0.5468
vn 0.7263 0.4557 0.5146
vn 0.7211 0.4497 0.5270
vn 0.6724 0.5716 0.4703
vn 0.8284 0.0808 0.5542
vn 0.8135 0.2065 0.5436
vn 0.7834 0.3311 0.5259
vn 0.7355 0.4607 0.4967
vn 0.6798 0.5675 0.4646
vn 0.8269 0.2057 0.5234
vn 0.7502 0.4526 0.4819
vn 0.6887 0.5648 0.4547
vn 0.7982 0.3313 0.5032
vn 0.8412 0.2046 0.5006
vn 0.8429 0.0791 0.5322
vn 0.8585 0.0739 0.5074
vn 0.8764 0.0716 0.4763
vn 0.8599 0.1996 0.4698
vn 0.8093 0.3307 0.4855
vn 0.8259 0.3233 0.4620
vn 0.7803 0.4443 0.4401
vn 0.7661 0.4427 0.4660
vn 0.7203 0.5599 0.4096
vn 0.7021 0.5643 0.4342
vn 0.8973 0.0707 0.4358
vn 0.8816 0.1933 0.4306
vn 0.8503 0.3112 0.4243
vn 0.7964 0.4416 0.4132
vn 0.7339 0.5509 0.3975
vn -0.0020 0.9996 0.0294
vn 0.4304 0.8450 0.3174
vn 0.3377 0.9087 0.2452
vn 0.2356 0.9565 0.1723
vn 0.2338 0.9560 0.1774
vn 0.5214 0.7636 0.3809
vn 0.4407 0.8421 0.3108
vn 0.3339 0.9099 0.2461
vn 0.1190 0.9877 0.1017
vn 0.2282 0.9573 0.1774
vn 0.1112 0.9884 0.1032
vn 0.6035 0.6720 0.4292
vn 0.6117 0.6693 0.4217
vn 0.5344 0.7610 0.3677
vn 0.2297 0.9567 0.1786
vn 0.3415 0.9076 0.2443
vn 0.2304 0.9576 0.1728
vn 0.1087 0.9881 0.1086
vn 0.6171 0.6726 0.4085
vn 0.5402 0.7621 0.3568
vn 0.4507 0.8399 0.3024
vn 0.3472 0.9046 0.2472
vn 0.4498 0.8389 0.3066
vn 0.5402 0.7623 0.3564
vn 0.6257 0.6712 0.3974
vn 0.6436 0.6629 0.3826
vn 0.4562 0.8380 0.2994
vn 0.5526 0.7580 0.3464
vn 0.3499 0.9054 0.2405
vn 0.4670 0.8382 0.2816
vn 0.3554 0.9064 0.2284
vn 0.6576 0.6562 0.3701
vn 0.5662 0.7557 0.3292
vn -0.2787 0.9574 -0.0759
vn -0.1293 0.9910 -0.0350
vn -0.0200 0.9989 0.0427
vn -0.1380 0.9899 -0.0312
vn -0.1498 0.9884 -0.0256
vn -0.1560 0.9876 -0.0165
vn -0.1575 0.9875 -0.0074
vn -0.2859 0.9561 -0.0639
vn 0.1088 0.9873 0.1154
vn -0.0223 0.9988 0.0432
vn 0.1081 0.9882 0.1087
vn 0.1070 0.9890 0.1018
vn 0.2365 0.9556 0.1760
vn 0.1095 0.9885 0.1039
vn 0.3577 0.9045 0.2321
vn 0.3631 0.9056 0.2193
vn 0.2379 0.9578 0.1614
vn 0.3733 0.9074 0.1929
vn 0.2456 0.9577 0.1501
vn 0.1240 0.9876 0.0959
vn 0.2619 0.9554 0.1363
vn -0.4150 0.9028 -0.1127
vn -0.5390 0.8299 -0.1442
vn -0.4291 0.8984 -0.0940
vn -0.4367 0.8975 -0.0613
vn -0.5667 0.8209 -0.0708
vn -0.4372 0.8992 -0.0168
vn -0.2989 0.9534 -0.0402
vn -0.3016 0.9532 -0.0193
vn -0.2870 0.9578 0.0159
vn -0.4293 0.9028 0.0264
vn -0.2916 0.9551 -0.0531
vn -0.1599 0.9871 0.0097
vn -0.1480 0.9888 0.0200
vn -0.2086 0.9751 0.0753
vn -0.2595 0.9638 0.0608
vn -0.0304 0.9964 0.0793
vn -0.0063 0.9985 0.0538
vn 0.0098 0.9983 0.0567
vn -0.1229 0.9917 0.0380
vn 0.0386 0.9977 0.0558
vn -0.0852 0.9935 0.0758
vn 0.1401 0.9870 0.0789
vn 0.1662 0.9821 0.0885
vn 0.2858 0.9507 0.1200
vn 0.1427 0.9856 0.0905
vn 0.0817 0.9937 0.0761
vn 0.2396 0.9681 0.0732
vn -0.2663 0.9512 0.1561
vn -0.3830 0.9199 0.0838
vn -0.1552 0.9862 0.0569
vn -0.1097 0.9940 0.0010
vn -0.2858 0.9525 0.1051
vn -0.0142 0.9967 -0.0794
vn -0.1258 0.9906 0.0532
vn 0.0385 0.9988 0.0312
vn -0.0145 0.9999 -0.0079
vn 0.1106 0.9633 -0.2445
vn 0.1948 0.9435 -0.2682
vn 0.2029 0.9787 0.0300
vn 0.1200 0.9917 -0.0463
vn 0.2578 0.9648 -0.0513
vn 0.1975 0.9696 -0.1445
vn 0.3605 0.8946 -0.2641
vn 0.2742 0.9219 -0.2737
vn 0.2991 0.9520 0.0652
vn -0.0130 -0.0102 -0.9999
vn -0.0195 -0.0082 -0.9998
vn -0.0316 0.0073 -0.9995
vn 0.0052 0.0088 -0.9999
vn 0.0282 0.1460 -0.9889
vn 0.0926 0.2183 -0.9715
vn -0.0168 -0.0106 -0.9998
vn -0.0111 0.0037 -0.9999
vn -0.0070 -0.0036 -1.0000
vn 0.0915 0.1044 -0.9903
vn 0.0256 0.0295 -0.9992
vn 0.1038 -0.0048 -0.9946
vn 0.1059 -0.0132 -0.9943
vn 0.1281 0.0348 -0.9911
vn 0.2468 0.2024 -0.9477
vn 0.1779 0.0980 -0.9792
vn 0.3479 -0.0317 -0.9370
vn 0.3532 0.0116 -0.9355
vn 0.3826 0.1529 -0.9112
vn 0.3860 0.2563 -0.8862
vn 0.5075 0.0180 -0.8614
vn 0.5006 0.2638 -0.8245
vn 0.5112 0.1648 -0.8435
vn 0.6380 0.0159 -0.7699
vn 0.5097 0.0942 -0.8552
vn 0.6309 0.0981 -0.7696
vn 0.6229 0.1712 -0.7634
vn 0.6083 0.2568 -0.7510
vn 0.4800 0.3792 -0.7911
vn 0.5743 0.3706 -0.7300
vn -0.0158 0.9925 -0.1212
vn 0.0595 0.6932 -0.7183
vn 0.1369 0.6915 -0.7093
vn 0.0553 0.4667 -0.8827
vn 0.1418 0.4918 -0.8591
vn 0.0298 0.9804 -0.1950
vn 0.0854 0.9339 -0.3472
vn 0.1379 0.9127 -0.3847
vn 0.2736 0.7839 -0.5574
vn 0.2105 0.8059 -0.5533
vn 0.1888 0.6837 -0.7049
vn 0.2568 0.6698 -0.6967
vn 0.1989 0.5035 -0.8408
vn 0.2884 0.3489 -0.8917
vn 0.1677 0.2980 -0.9397
vn 0.2838 0.5055 -0.8148
vn 0.2021 0.8913 -0.4059
vn 0.3519 0.7594 -0.5473
vn 0.3850 0.3708 -0.8451
vn 0.3704 0.5015 -0.7819
vn 0.3335 0.6478 -0.6849
vn 0.4128 0.6270 -0.6606
vn 0.4534 0.4977 -0.7394
vn 0.4771 0.6174 -0.6254
vn 0.5302 0.4922 -0.6904
vn 0.0080 0.0032 1.0000
vn 0.2077 0.0374 0.9775
vn 0.4195 0.1713 0.8914
vn 0.1835 0.0095 0.9830
vn 0.4230 0.0199 0.9059
vn 0.4309 0.1071 0.8960
vn 0.6131 0.0931 0.7845
vn 0.5679 0.1836 0.8023
vn 0.6200 0.0286 0.7841
vn 0.6186 0.0537 0.7839
vn 0.7935 0.0427 0.6070
vn 0.7936 0.0270 0.6078
vn 0.5985 0.1318 0.7902
vn 0.7729 0.0842 0.6289
vn 0.7869 0.0645 0.6136
vn 0.9302 0.0146 0.3667
vn 0.9199 0.0409 0.3899
vn 0.9239 0.0280 0.3816
vn 0.9279 0.0293 0.3717
vn 0.9958 -0.0055 0.0915
vn 0.9954 0.0085 0.0958
vn 0.9998 -0.0080 0.0169
vn 0.9998 -0.0190 -0.0067
vn 0.9971 0.0749 -0.0123
vn 0.9989 0.0455 -0.0087
vn 0.9993 -0.0071 -0.0373
vn 1.0000 0.0051 -0.0005
vn 0.9993 0.0020 -0.0373
vn 1.0000 0.0018 -0.0073
vn 0.9999 -0.0126 -0.0072
vn 0.9998 0.0018 -0.0203
vn 0.9995 -0.0088 -0.0306
vn 0.1342 0.9890 0.0614
vn 0.5139 0.2728 0.8133
vn 0.2781 0.4833 0.8301
vn 0.1220 0.8798 0.4594
vn 0.1842 0.9376 0.2950
vn 0.1429 0.8538 0.5007
vn 0.2266 0.9694 0.0942
vn 0.2539 0.9637 -0.0827
vn 0.4275 0.3655 0.8268
vn 0.6819 0.2153 0.6991
vn 0.7327 0.1641 0.6605
vn 0.3226 0.4959 0.8063
vn 0.6139 0.3393 0.7127
vn 0.4499 0.7302 0.5143
vn 0.2330 0.8210 0.5212
vn 0.2232 0.6571 0.7200
vn 0.3385 0.8907 0.3033
vn 0.4176 0.8979 0.1394
vn 0.4330 0.9011 -0.0224
vn 0.8997 0.0986 0.4251
vn 0.9095 0.0773 0.4084
vn 0.6840 0.7101 0.1668
vn 0.9930 0.0187 0.1166
vn 0.9939 0.0282 0.1065
vn 0.8738 0.2077 0.4397
vn 0.6937 0.7154 -0.0836
vn 0.6996 0.7135 0.0388
vn 0.9438 0.3304 0.0039
vn 0.9347 0.3535 0.0385
vn 0.9990 0.0425 0.0116
vn 0.9996 -0.0274 -0.0025
vn 0.9993 -0.0362 0.0016
vn 0.6943 -0.0755 -0.7157
vn 0.6927 -0.0226 -0.7208
vn 0.6738 0.0330 -0.7381
vn 0.6339 0.0930 -0.7678
vn 0.5644 0.1755 -0.8066
vn 0.8513 -0.0237 -0.5241
vn 0.8514 -0.0537 -0.5218
vn 0.8176 0.0339 -0.5748
vn 0.8412 0.0016 -0.5407
vn 0.7768 0.0779 -0.6250
vn 0.9641 -0.0160 -0.2650
vn 0.9628 -0.0250 -0.2690
vn 0.9596 -0.0053 -0.2814
vn 0.9635 -0.0120 -0.2675
vn 0.9988 -0.0010 -0.0485
vn 0.9990 -0.0036 -0.0436
vn 0.9993 0.0330 -0.0190
vn 0.9998 -0.0032 0.0199
vn 0.9989 -0.0123 -0.0451
vn 0.9993 -0.0009 -0.0370
vn 0.9996 0.0134 0.0250
vn 0.9997 0.0105 -0.0241
vn 0.9999 -0.0026 0.0130
vn 0.4706 0.3020 -0.8290
vn 0.3784 0.4782 -0.7926
vn 0.2582 0.8459 -0.4666
vn 0.2570 0.9292 -0.2654
vn 0.4181 0.8254 -0.3793
vn 0.5862 0.3868 -0.7119
vn 0.3031 0.6808 -0.6669
vn 0.4713 0.6467 -0.5997
vn 0.7479 0.5171 -0.4162
vn 0.8845 0.2035 -0.4198
vn 0.9375 0.0495 -0.3445
vn 0.7013 0.1814 -0.6894
vn 0.9993 -0.0372 0.0014
vn 0.9995 -0.0194 -0.0256
vn 0.9978 0.0192 -0.0636
vn 0.9997 -0.0219 -0.0053
vn 0.9624 0.2408 -0.1256
vn 0.9526 0.2926 -0.0836
vn 0.6708 0.6995 -0.2464
vn 0.9205 -0.0504 0.3876
vn 0.9049 0.1853 0.3832
vn 0.7568 0.5395 0.3689
vn 0.5770 0.7550 0.3114
vn 0.9205 0.0670 0.3850
vn 0.8753 0.2989 0.3802
vn 0.9311 0.1683 0.3235
vn 0.8241 0.4233 0.3764
vn 0.9007 0.2865 0.3266
vn 0.9464 0.0598 0.3174
vn 0.9658 0.1296 0.2244
vn 0.8565 0.3986 0.3279
vn 0.8219 0.4938 0.2839
vn 0.7879 0.5219 0.3269
vn 0.9792 0.0410 0.1985
vn 0.9994 0.0096 0.0338
vn 0.9953 0.0541 0.0805
vn 0.9322 0.2583 0.2534
vn 0.9708 0.1867 0.1509
vn 0.8886 0.3681 0.2737
vn 0.9242 0.3246 0.2011
vn 0.8605 0.4584 0.2222
vn 0.9994 0.0315 -0.0152
vn 0.9995 -0.0183 -0.0269
vn 0.9966 0.0733 0.0385
vn 0.9611 0.2502 0.1172
vn 0.8949 0.4160 0.1614
vn 0.9998 0.0198 0.0089
vn 0.9887 0.1455 0.0371
vn 0.4717 0.8379 0.2745
vn 0.6744 0.6526 0.3454
vn 0.4807 0.8349 0.2682
vn 0.5952 0.7454 0.3002
vn 0.4981 0.8343 0.2365
vn 0.6261 0.7308 0.2720
vn 0.7329 0.6180 0.2846
vn 0.7719 0.5946 0.2252
vn 0.6645 0.7170 0.2103
vn 0.5353 0.8235 0.1880
vn 0.8046 0.5666 0.1778
vn 0.6893 0.7021 0.1787
vn 0.9966 0.0531 0.0631
vn 0.9993 -0.0298 0.0231
vn 0.9971 0.0512 0.0569
vn 0.9989 0.0042 0.0477
vn 0.9977 0.0645 0.0196
vn 0.9988 -0.0450 -0.0210
vn 0.9979 0.0379 -0.0534
vn 0.9965 0.0790 -0.0261
vn 0.9981 0.0594 0.0140
vn 0.9630 0.2638 0.0559
vn 0.9326 0.3471 0.0986
vn 0.9989 0.0461 -0.0013
vn 0.9996 0.0105 -0.0244
vn 0.9975 -0.0454 0.0540
vn 0.1982 0.9772 0.0763
vn 0.3609 0.9277 0.0954
vn 0.4052 0.9108 0.0791
vn 0.4323 0.8899 0.1458
vn 0.3191 0.9416 0.1075
vn 0.5685 0.8056 0.1666
vn 0.4657 0.8769 0.1186
vn 0.5522 0.8296 0.0826
vn 0.5076 0.8557 0.1007
vn 0.6329 0.7687 0.0920
vn 0.4521 0.8903 0.0555
vn 0.5939 0.8025 0.0574
vn 0.7585 0.6462 0.0841
vn 0.6758 0.7329 0.0789
vn 0.7150 0.6966 0.0592
vn 0.6306 0.7759 0.0199
vn 0.7229 0.6765 0.1405
vn 0.8430 0.5210 0.1333
vn 0.8737 0.4798 0.0797
vn 0.8958 0.4408 0.0573
vn 0.9807 0.1913 0.0394
vn 0.9209 0.3878 0.0402
vn 0.9873 0.0234 -0.1573
vn 0.9203 0.0237 -0.3906
vn 0.9807 0.0525 -0.1882
vn 0.9175 0.0780 -0.3900
vn 0.9060 0.1384 -0.4000
vn 0.9667 0.0975 -0.2364
vn 0.8404 0.0170 -0.5417
vn 0.8400 -0.0416 -0.5410
vn 0.8232 0.1562 -0.5459
vn 0.8843 0.2178 -0.4130
vn 0.7725 0.3220 -0.5473
vn 0.8554 0.3114 -0.4139
vn 0.9420 0.1962 -0.2722
vn 0.9992 0.0296 -0.0277
vn 0.9984 -0.0501 -0.0261
vn 0.9999 -0.0073 0.0129
vn 0.9989 0.0319 0.0352
vn 0.9965 0.0834 0.0073
vn 0.9921 0.1237 0.0195
vn 0.9411 0.3381 -0.0086
vn 0.9988 0.0466 -0.0169
vn 0.9966 -0.0826 -0.0063
vn 0.9979 -0.0304 -0.0574
vn 0.9456 0.3161 -0.0770
vn 0.9946 0.0986 -0.0324
vn 0.9790 0.1538 -0.1336
vn 0.3063 0.9411 -0.1429
vn 0.4399 0.8884 -0.1310
vn 0.4219 0.8167 -0.3937
vn 0.5085 0.7823 -0.3598
vn 0.4820 0.7216 -0.4970
vn 0.3589 0.9329 0.0307
vn 0.4944 0.8688 0.0250
vn 0.4035 0.9142 -0.0384
vn 0.5750 0.8080 -0.1285
vn 0.4669 0.8534 -0.2318
vn 0.5940 0.7788 -0.2016
vn 0.6005 0.7457 -0.2888
vn 0.5783 0.6814 -0.4486
vn 0.5371 0.8426 -0.0402
vn 0.6674 0.7425 -0.0569
vn 0.6799 0.6507 -0.3382
vn 0.8125 0.4222 -0.4019
vn 0.7241 0.4419 -0.5296
vn 0.7502 0.5439 -0.3761
vn 0.6540 0.5718 -0.4953
vn 0.7604 0.6494 0.0074
vn 0.7974 0.5856 -0.1455
vn 0.7905 0.6081 -0.0730
vn 0.8806 0.4463 -0.1593
vn 0.7935 0.5561 -0.2472
vn 0.8631 0.4250 -0.2728
vn 0.8229 0.5654 0.0552
vn 0.8591 0.5118 -0.0071
vn 0.7508 0.0155 -0.6603
vn 0.7505 -0.0477 -0.6591
vn 0.7042 0.2466 -0.6658
vn 0.7242 0.1681 -0.6688
vn 0.6114 0.4711 -0.6358
vn 0.5471 0.6000 -0.5837
vn -0.7974 0.5762 -0.1794
vn 0.1987 0.6194 0.7595
vn -0.2431 0.5371 -0.8077
vn -0.7620 0.5669 -0.3129
vn 0.1627 0.6785 0.7163
vn -0.8174 0.5537 -0.1588
vn 0.0604 -0.4048 -0.9124
vn 0.9978 0.0141 0.0653
vn 0.9952 0.0082 0.0972
vn 0.9954 0.0030 0.0956
vn 0.9967 -0.0039 0.0814
vn 0.9944 0.0289 0.1012
vn 0.7262 -0.6582 -0.1985
vn 0.9085 0.3081 -0.2823
vn 0.9360 0.3103 -0.1663
vn 0.8536 -0.4364 -0.2847
vn 0.9997 0.0223 -0.0077
vn 0.9948 0.0285 -0.0982
vn 0.9898 -0.1090 -0.0917
vn 0.1012 0.7184 -0.6882
vn 0.1375 0.7097 -0.6909
vn -0.8574 0.3290 -0.3957
vn -0.8887 0.0484 -0.4559
vn 0.1770 0.7070 -0.6848
vn -0.0987 0.0282 -0.9947
vn -0.2990 0.0517 -0.9528
vn -0.0588 -0.0630 -0.9963
vn -0.2094 -0.2092 -0.9552
vn 0.0305 -0.0281 -0.9991
vn -0.0028 -0.0089 -1.0000
vn -0.0033 0.0321 -0.9995
vn -0.0294 0.1193 -0.9924
vn 0.0018 0.1040 -0.9946
vn 0.8768 0.4736 -0.0828
vn 0.9964 0.0475 0.0702
vn 0.9980 0.0630 -0.0069
vn 0.9674 -0.2130 -0.1371
vn -0.0301 0.4639 -0.8854
vn 0.4293 0.0598 0.9012
vn -0.1989 0.3328 -0.9218
vn 0.0235 -0.0590 -0.9980
vn 0.0069 0.0152 -0.9999
vn 0.1676 0.7038 -0.6903
vn 0.9899 -0.1395 0.0267
vn 0.9999 -0.0107 0.0037
vn 0.9925 -0.1208 0.0194
vn 0.9992 0.0397 -0.0070
vn 0.9928 0.1163 0.0302
vn 0.9987 -0.0321 0.0406
vn -0.2534 0.4035 0.8792
vn -0.1479 0.3284 0.9329
vn 0.9999 0.0056 0.0133
vn 0.1532 0.4902 -0.8580
vn -0.2117 0.1364 -0.9678
vn 0.9931 -0.0926 0.0723
vn 0.8932 -0.4242 0.1491
vn -0.8153 -0.5727 -0.0858
vn -0.9993 -0.0041 0.0367
vn 0.0040 0.0274 -0.9996
vn 0.0317 0.0083 -0.9995
vn -0.0109 0.4258 0.9048
vn 0.1046 0.1135 -0.9880
vn 0.0439 0.1049 -0.9935
vn -0.0440 0.0836 -0.9955
vn -0.0513 -0.1113 -0.9925
vn 0.0243 0.7437 0.6681
vn 0.0258 -0.3223 -0.9463
vn 0.0386 -0.5777 -0.8154
vn 0.0481 -0.2645 -0.9632
vn -0.6448 0.6853 -0.3385
vn -0.0831 -0.9939 0.0719
vn 0.1027 -0.9781 0.1813
vn -0.0481 -0.9958 0.0782
vn -0.5238 -0.8514 0.0282
vn -0.2107 0.9753 -0.0665
vn -0.3580 0.9217 -0.1491
vn -0.3828 0.9061 -0.1801
vn 0.4068 -0.8760 -0.2592
vn -0.1362 -0.9725 0.1889
vn -0.1047 -0.8674 0.4865
vn -0.0213 0.9984 0.0523
vn -0.0260 0.9984 0.0503
vn 0.1003 0.9948 0.0174
vn 0.5128 -0.8232 0.2439
vn 0.0770 -0.9949 0.0656
vn -0.0649 -0.9979 -0.0037
vn -0.6478 -0.7224 -0.2418
vn -0.2806 -0.9401 -0.1938
vn -0.1186 0.9918 -0.0474
vn -0.4334 0.8559 -0.2823
vn -0.3283 0.9193 -0.2170
vn -0.3355 0.9193 -0.2059
vn 0.2348 0.9561 0.1753
vn -0.1074 0.9938 -0.0272
vn -0.6356 0.7188 -0.2817
vn -0.5025 0.8437 -0.1890
vn -0.5064 0.8328 -0.2237
vn -0.3495 -0.9319 0.0971
vn 0.0313 0.9780 0.2060
vn -0.0531 0.9980 -0.0340
vn 0.0230 0.9986 0.0478
vn 0.0114 -0.9995 -0.0305
vn -0.0855 -0.9826 -0.1650
vn -0.0220 0.9957 0.0902
vn -0.3143 -0.8994 -0.3038
vn 0.3209 0.7949 0.5150
vn 0.2120 0.9665 -0.1449
vn -0.6884 0.6707 -0.2761
vn 0.3118 -0.9406 -0.1342
vn -0.5774 -0.7636 -0.2890
vn -0.2233 0.9478 -0.2274
vn -0.2174 0.9548 -0.2028
vn 0.5669 -0.8110 0.1448
vn 0.5819 -0.8122 0.0428
vn 0.4538 -0.8911 -0.0051
vn 0.4506 -0.8410 0.2994
vn 0.3415 -0.9131 0.2228
vn -0.0523 0.7064 -0.7059
vn -0.0831 0.9475 -0.3086
vn 0.1776 0.9554 0.2360
vn 0.1647 0.9824 -0.0876
vn -0.3334 -0.9032 -0.2704
vn 0.1484 0.9339 -0.3253
vn -0.3122 0.9451 -0.0969
vn 0.4154 -0.8851 -0.2097
vn 0.2426 -0.9378 -0.2484
vn -0.5034 -0.8344 0.2246
vn 0.4037 0.9037 0.1423
vn 0.0147 0.9710 0.2387
vn -0.1962 -0.9469 -0.2545
vn -0.3867 -0.8747 -0.2922
vn 0.2987 -0.9211 0.2496
vn 0.1409 -0.9774 0.1578
vn -0.2726 -0.9568 0.1007
vn 0.0676 0.9976 0.0177
vn -0.6143 0.6762 -0.4068
vn 0.0084 -0.9991 0.0420
vn 0.3380 -0.9075 0.2493
vn 0.1786 -0.9461 0.2700
vn 0.0949 -0.9575 0.2725
vn 0.0853 -0.8912 0.4456
vn 0.0661 -0.9615 0.2666
vn 0.0533 -0.9605 0.2731
vn 0.1284 0.9917 0.0074
vn 0.1162 -0.9549 0.2734
vn 0.1056 -0.8873 0.4489
vn 0.0524 -0.9639 0.2610
vn 0.0481 -0.9625 0.2669
vn -0.5465 -0.7483 0.3760
vn -0.2043 0.9720 0.1158
vn 0.1920 0.9703 -0.1472
vn 0.2129 0.9708 -0.1105
vn 0.0427 -0.9946 -0.0950
vn 0.5029 0.8293 -0.2435
vn 0.0499 -0.9951 0.0855
vn 0.5934 0.7941 0.1313
vn 0.1504 0.8423 -0.5176
vn 0.9997 0.0181 0.0187
vn -0.3990 0.9088 -0.1215
vn 0.0859 0.9789 -0.1854
vn 0.1424 0.8314 -0.5372
vn 0.1302 0.7145 -0.6874
vn -0.2611 0.9302 -0.2581
vn -0.1676 0.9839 -0.0622
vn -0.1280 0.9838 -0.1257
vn -0.6092 0.7638 -0.2133
vn 0.1414 -0.8888 0.4360
vn 0.1639 -0.8802 -0.4454
vn 0.2527 -0.9641 -0.0820
vn 0.1715 -0.9820 -0.0789
vn 0.2641 -0.9518 -0.1560
vn 0.0062 -0.9998 -0.0193
vn 0.1121 -0.9936 -0.0102
vn -0.2551 -0.9654 0.0545
vn 0.0206 -0.9997 -0.0162
vn 0.1241 -0.9851 0.1189
vn -0.0417 -0.9969 0.0669
vn -0.2302 -0.9731 -0.0118
vn 0.1030 -0.8812 -0.4614
vn 0.1217 -0.8838 -0.4518
vn 0.0710 -0.9932 0.0925
vn -0.3630 -0.9027 -0.2309
vn 0.1764 -0.9751 0.1343
vn -0.2563 -0.8653 0.4308
vn -0.2799 -0.6980 0.6591
vn -0.2051 0.8128 -0.5452
vn -0.1661 0.9025 -0.3974
vn -0.0200 0.9996 -0.0199
vn -0.1733 -0.6673 -0.7243
vn -0.0193 -0.6979 -0.7160
vn 0.2863 -0.9553 0.0734
vn 0.1379 -0.8482 0.5114
vn -0.0230 0.9989 0.0420
vn -0.0114 0.9991 0.0403
vn 0.3978 0.9019 0.1684
vn -0.0110 0.8666 -0.4989
vn -0.0250 0.9676 -0.2511
vn -0.0563 0.9954 -0.0776
vn -0.1046 0.9825 -0.1540
vn 0.4848 -0.8550 0.1844
vn 0.6236 -0.7534 0.2088
vn -0.0784 -0.9735 0.2147
vn 0.2031 -0.9658 0.1611
vn 0.1967 -0.9692 0.1481
vn 0.0529 -0.9940 0.0955
vn 0.4364 -0.8500 0.2952
vn 0.3378 -0.9142 0.2240
vn -0.3317 -0.7483 -0.5745
vn 0.2442 -0.9276 0.2828
vn 0.0051 -0.9999 0.0138
vn -0.2264 0.9641 -0.1389
vn -0.0177 -0.9994 -0.0282
vn -0.0774 -0.9970 0.0003
vn 0.1525 0.8250 -0.5442
vn 0.3517 0.8429 -0.4072
vn 0.4171 0.7406 -0.5267
vn 0.2763 0.8694 -0.4097
vn 0.1251 0.9872 0.0988
vn -0.0943 0.9926 -0.0765
vn -0.4983 0.8536 -0.1518
vn -0.3183 0.9429 -0.0984
vn -0.1033 0.9931 -0.0552
vn 0.0880 0.9961 0.0083
vn 0.2905 0.9512 0.1038
vn -0.4974 0.8533 -0.1564
vn 0.1091 -0.8746 -0.4724
vn 0.2242 -0.9644 0.1404
vn -0.3700 -0.9254 -0.0816
vn -0.0917 0.9896 -0.1106
vn -0.1614 0.9869 0.0020
vn -0.1262 -0.8538 0.5051
vn 0.4264 0.8858 -0.1833
vn -0.0987 0.9941 -0.0454
vn -0.1220 0.9292 -0.3488
vn 0.1020 -0.8776 -0.4685
vn -0.1251 -0.8688 0.4791
vn -0.4797 0.8521 -0.2093
vn -0.5121 0.8102 -0.2852
vn -0.5098 0.8219 -0.2543
vn 0.2799 0.9564 0.0831
vn 0.1913 -0.9757 -0.1068
vn -0.2002 -0.9444 -0.2608
vn 0.1015 -0.9885 0.1122
vn -0.2963 0.5188 -0.8019
vn -0.2388 0.8726 0.4262
vn -0.0034 0.4495 -0.8933
vn 0.0441 -0.5440 -0.8379
vn 0.0324 -0.2030 -0.9786
vn 0.1046 -0.9929 0.0564
vn 0.0163 0.9963 0.0846
vn 0.3293 0.9272 -0.1788
vn 0.0659 0.9179 0.3912
vn -0.2477 -0.7393 -0.6262
vn -0.0923 0.9915 -0.0919
vn -0.5867 0.7707 -0.2486
vn -0.7169 0.6499 -0.2523
vn 0.0198 -0.9861 -0.1649
vn 0.7093 0.6729 -0.2099
vn 0.0991 0.9872 -0.1247
vn 0.3331 -0.9160 0.2236
vn 0.0486 -0.9784 0.2011
vn 0.7900 0.6092 0.0693
vn -0.5682 -0.8193 0.0771
vn -0.0010 0.6164 0.7875
vn 0.0118 0.0868 -0.9962
vn 0.2848 -0.1006 0.9533
vn 0.9290 -0.0821 0.3608
vn 0.0220 0.4468 -0.8944
vn -0.6294 -0.7014 -0.3346
vn -0.6799 -0.6119 -0.4040
vn -0.7853 -0.3812 -0.4879
vn -0.8674 -0.0070 -0.4976
vn -0.8697 0.0570 -0.4903
vn 0.1988 -0.5479 -0.8126
vn 0.6704 0.3441 -0.6574
vn 0.8016 0.2340 -0.5501
vn -0.8364 0.0347 0.5471
vn -0.8230 -0.0059 0.5680
vn -0.8306 0.0238 0.5564
vn -0.8416 0.1256 0.5252
vn -0.9010 -0.2048 0.3825
vn -0.7894 -0.2160 0.5746
vn 0.3707 0.0737 -0.9258
vn 0.8458 -0.3557 -0.3976
vn -0.6722 0.5741 -0.4675
vn -0.6619 0.5754 -0.4805
vn -0.7731 0.2884 -0.5649
vn -0.7481 0.2962 -0.5938
vn -0.7422 -0.5801 -0.3357
vn -0.8813 0.2867 -0.3757
vn -0.8924 -0.0181 -0.4509
vn -0.8886 0.0604 -0.4546
vn -0.3733 0.6373 0.6741
vn -0.9038 0.2040 -0.3761
vn -0.7354 0.5945 -0.3253
vn 0.8012 0.4341 0.4120
vn 0.6057 0.7195 0.3398
vn 0.9161 0.0714 0.3946
vn 0.7586 0.1204 0.6403
vn 0.6994 0.6402 0.3177
vn 0.1475 0.8694 0.4716
vn -0.2665 -0.9441 -0.1939
vn 0.4813 -0.8243 0.2981
vn 0.4290 -0.8411 0.3293
vn -0.4981 -0.8508 -0.1676
vn 0.5339 0.7630 -0.3644
vn -0.4621 -0.8362 -0.2955
vn 0.8359 0.0781 -0.5432
vn 0.8010 -0.2778 -0.5303
vn -0.7866 -0.1076 -0.6080
vn -0.7678 0.2407 -0.5937
vn -0.8085 0.0018 -0.5885
vn -0.7015 0.4699 -0.5358
vn -0.5838 0.6786 -0.4458
vn -0.5997 -0.6784 -0.4244
vn -0.7143 -0.4668 -0.5213
vn -0.8188 -0.0024 -0.5741
vn -0.8564 -0.0230 -0.5158
vn -0.6039 -0.6813 -0.4138
vn -0.6147 0.6664 -0.4220
vn -0.8364 0.2230 -0.5007
vn -0.7843 -0.3804 -0.4901
vn -0.8673 -0.2637 -0.4221
vn -0.8478 -0.3660 -0.3836
vn -0.7331 -0.5782 -0.3581
vn -0.3633 0.3521 -0.8626
vn -0.2813 0.3611 -0.8891
vn -0.7661 -0.0049 -0.6427
vn -0.7554 0.0678 -0.6517
vn -0.5921 0.6806 -0.4314
vn -0.3552 0.4869 -0.7980
vn -0.7928 0.5845 0.1727
vn 0.5947 0.6772 0.4333
vn 0.9522 0.0182 -0.3049
vn 0.1433 0.7479 0.6481
vn 0.1388 0.7818 0.6079
vn 0.1370 0.8089 0.5717
vn -0.7221 0.5807 -0.3760
vn -0.6297 0.7096 -0.3162
vn -0.6199 0.6984 -0.3576
vn -0.6457 0.7216 -0.2498
vn -0.8630 0.2030 -0.4627
vn -0.8119 0.1942 -0.5506
vn -0.7105 0.5598 -0.4264
vn -0.7310 0.6504 -0.2064
vn -0.9962 0.0549 -0.0679
vn 0.7168 -0.2869 -0.6355
vn 0.7418 0.0869 -0.6649
vn -0.7437 0.1964 -0.6390
vn 0.7114 0.4550 0.5356
vn 0.5364 0.5271 0.6591
vn -0.6607 0.1986 -0.7239
vn -0.6016 -0.3928 -0.6955
vn 0.9115 0.3774 0.1637
vn -0.7313 -0.3034 -0.6108
vn 0.9395 0.0109 0.3423
vn 0.5231 -0.7068 -0.4762
vn -0.2291 0.6581 0.7172
vn 0.9926 0.0657 -0.1022
vn 0.9988 -0.0488 0.0059
vn -0.0680 0.3175 0.9458
vn -0.0029 0.4613 -0.8872
vn 0.4656 -0.8471 0.2561
vn 0.9981 0.0052 -0.0614
vn -0.6736 -0.7047 -0.2229
vn 0.9843 0.0975 0.1469
vn -0.5669 0.1972 -0.7998
vn -0.0185 0.0343 -0.9992
vn -0.5480 -0.0669 -0.8338
vn 0.0992 -0.9330 0.3459
vn -0.0192 -0.9977 0.0650
vn -0.1985 -0.9795 -0.0333
vn -0.3310 -0.9352 -0.1256
vn -0.2205 -0.9734 -0.0622
vn 0.0803 0.9865 0.1429
vn -0.0917 -0.9851 -0.1455
vn -0.1038 -0.9862 -0.1288
vn -0.4376 -0.8362 -0.3305
vn -0.1997 0.8737 -0.4437
vn -0.2170 -0.9554 -0.2003
vn -0.3044 -0.8516 -0.4268
vn -0.0650 -0.9768 0.2040
vn -0.0387 -0.9327 0.3586
vn 0.6954 -0.7186 0.0046
vn -0.3394 -0.9290 -0.1477
vn 0.3259 0.9337 -0.1482
vn 0.4338 -0.7421 0.5109
vn -0.4073 -0.8979 0.1669
vn 0.6024 -0.7804 -0.1679
vn -0.4351 0.8400 -0.3243
vn -0.3814 -0.8543 0.3531
vn 0.1061 0.8424 -0.5282
vn -0.2247 -0.9531 -0.2026
vn -0.3872 0.9171 -0.0946
vn 0.6916 0.7090 -0.1377
vn -0.3781 -0.8850 -0.2717
vn -0.4638 -0.8190 -0.3378
vn -0.5403 -0.7902 -0.2894
vn 0.4924 0.6879 0.5333
s 1
usemtl Material.005
f 3//3 1//1 2//2 4//4
f 347//347 343//343 2//2 1//1
f 351//351 4//4 2//2 354//354
f 3//3 4//4 5//5 16//16
f 7//7 1//1 3//3 12//12
f 13//13 12//12 3//3 16//16
f 17//17 16//16 5//5 18//18
f 351//351 355//355 5//5 4//4
f 574//574 18//18 5//5 355//355
f 8//8 6//6 7//7 12//12
f 7//7 364//364 347//347 1//1
f 367//367 364//364 7//7 6//6
f 10//10 6//6 8//8 14//14
f 8//8 12//12 13//13 22//22
f 15//15 14//14 8//8 22//22
f 9//9 78//78 76//76 368//368
f 11//11 9//9 10//10 14//14
f 10//10 366//366 367//367 6//6
f 368//368 366//366 10//10 9//9
f 11//11 14//14 15//15 24//24
f 78//78 9//9 11//11 83//83
f 84//84 83//83 11//11 24//24
f 13//13 16//16 17//17 26//26
f 23//23 22//22 13//13 26//26
f 15//15 22//22 23//23 30//30
f 25//25 24//24 15//15 30//30
f 17//17 18//18 19//19 21//21
f 27//27 26//26 17//17 21//21
f 19//19 18//18 574//574 580//580
f 21//21 19//19 20//20 32//32
f 33//33 32//32 20//20 818//818
f 580//580 584//584 20//20 19//19
f 819//819 818//818 20//20 584//584
f 28//28 27//27 21//21 32//32
f 23//23 26//26 27//27 29//29
f 25//25 30//30 31//31 39//39
f 84//84 24//24 25//25 97//97
f 98//98 97//97 25//25 39//39
f 29//29 27//27 28//28 42//42
f 28//28 32//32 33//33 41//41
f 29//29 31//31 30//30 23//23
f 40//40 39//39 31//31 43//43
f 31//31 29//29 42//42 43//43
f 35//35 34//34 33//33 818//818
f 45//45 41//41 33//33 34//34
f 36//36 34//34 35//35 37//37
f 829//829 37//37 35//35 822//822
f 36//36 37//37 38//38 57//57
f 45//45 34//34 36//36 53//53
f 54//54 53//53 36//36 57//57
f 58//58 57//57 38//38 1142//1142
f 829//829 832//832 38//38 37//37
f 1143//1143 1142//1142 38//38 832//832
f 40//40 43//43 44//44 47//47
f 98//98 39//39 40//40 113//113
f 114//114 113//113 40//40 47//47
f 42//42 28//28 41//41 46//46
f 44//44 43//43 42//42 46//46
f 48//48 47//47 44//44 51//51
f 44//44 46//46 49//49 51//51
f 46//46 41//41 45//45 49//49
f 50//50 49//49 45//45 53//53
f 114//114 47//47 48//48 125//125
f 51//51 49//49 50//50 55//55
f 50//50 53//53 54//54 62//62
f 56//56 55//55 50//50 62//62
f 52//52 48//48 51//51 55//55
f 52//52 55//55 56//56 64//64
f 125//125 48//48 52//52 126//126
f 131//131 126//126 52//52 64//64
f 54//54 57//57 58//58 66//66
f 63//63 62//62 54//54 66//66
f 56//56 62//62 63//63 68//68
f 65//65 64//64 56//56 68//68
f 67//67 66//66 58//58 61//61
f 61//61 59//59 60//60 1159//1159
f 1148//1148 1152//1152 60//60 59//59
f 1160//1160 1159//1159 60//60 1156//1156
f 61//61 58//58 1142//1142 59//59
f 63//63 66//66 67//67 70//70
f 69//69 68//68 63//63 70//70
f 65//65 68//68 69//69 72//72
f 131//131 64//64 65//65 142//142
f 71//71 70//70 67//67 74//74
f 1159//1159 74//74 67//67 61//61
f 71//71 73//73 69//69 70//70
f 71//71 74//74 1166//1166 1400//1400
f 1167//1167 73//73 71//71 1400//1400
f 72//72 69//69 73//73 1168//1168
f 142//142 65//65 72//72 153//153
f 154//154 153//153 72//72 1168//1168
f 1160//1160 1166//1166 74//74 1159//1159
f 80//80 79//79 75//75 77//77
f 1775//1775 1774//1774 75//75 79//79
f 77//77 75//75 76//76 78//78
f 76//76 1777//1777 362//362 368//368
f 1774//1774 1777//1777 76//76 75//75
f 82//82 80//80 77//77 81//81
f 81//81 77//77 78//78 83//83
f 80//80 3486//3486 3176//3176 79//79
f 81//81 83//83 84//84 93//93
f 95//95 82//82 81//81 93//93
f 86//86 85//85 82//82 95//95
f 3486//3486 80//80 82//82 85//85
f 94//94 93//93 84//84 97//97
f 87//87 85//85 86//86 3186//3186
f 104//104 92//92 87//87 3186//3186
f 87//87 91//91 3486//3486 85//85
f 1779//1779 89//89 88//88 1781//1781
f 1790//1790 1791//1791 88//88 90//90
f 88//88 1791//1791 1794//1794 1781//1781
f 90//90 88//88 89//89 91//91
f 89//89 1779//1779 1776//1776 3176//3176
f 3486//3486 91//91 89//89 3176//3176
f 92//92 90//90 91//91 87//87
f 1790//1790 90//90 92//92 2011//2011
f 95//95 93//93 94//94 99//99
f 94//94 97//97 98//98 108//108
f 96//96 86//86 95//95 99//99
f 96//96 99//99 100//100 110//110
f 102//102 101//101 96//96 110//110
f 96//96 101//101 3186//3186 86//86
f 109//109 108//108 98//98 113//113
f 108//108 100//100 99//99 94//94
f 100//100 108//108 109//109 115//115
f 111//111 110//110 100//100 115//115
f 103//103 101//101 102//102 106//106
f 102//102 110//110 111//111 117//117
f 112//112 106//106 102//102 117//117
f 105//105 104//104 103//103 107//107
f 103//103 104//104 3186//3186 101//101
f 2011//2011 92//92 104//104 105//105
f 107//107 103//103 106//106 133//133
f 134//134 133//133 106//106 112//112
f 2012//2012 105//105 107//107 2021//2021
f 2022//2022 2021//2021 107//107 133//133
f 109//109 113//113 114//114 119//119
f 116//116 115//115 109//109 119//119
f 111//111 115//115 116//116 121//121
f 118//118 117//117 111//111 121//121
f 112//112 117//117 118//118 123//123
f 120//120 119//119 114//114 125//125
f 116//116 119//119 120//120 127//127
f 122//122 121//121 116//116 127//127
f 118//118 121//121 122//122 129//129
f 124//124 123//123 118//118 129//129
f 120//120 125//125 126//126 132//132
f 128//128 127//127 120//120 132//132
f 122//122 127//127 128//128 139//139
f 130//130 129//129 122//122 139//139
f 134//134 112//112 123//123 135//135
f 136//136 135//135 123//123 124//124
f 124//124 129//129 130//130 137//137
f 128//128 132//132 138//138 143//143
f 140//140 139//139 128//128 143//143
f 130//130 139//139 140//140 145//145
f 141//141 137//137 130//130 145//145
f 132//132 126//126 131//131 138//138
f 2022//2022 133//133 134//134 2254//2254
f 2255//2255 2254//2254 134//134 135//135
f 136//136 124//124 137//137 159//159
f 2255//2255 135//135 136//136 3191//3191
f 2604//2604 3191//3191 136//136 159//159
f 160//160 159//159 137//137 141//141
f 138//138 131//131 142//142 147//147
f 144//144 143//143 138//138 147//147
f 140//140 143//143 144//144 149//149
f 146//146 145//145 140//140 149//149
f 141//141 145//145 146//146 151//151
f 148//148 147//147 142//142 153//153
f 144//144 147//147 148//148 155//155
f 150//150 149//149 144//144 155//155
f 146//146 149//149 150//150 157//157
f 152//152 151//151 146//146 157//157
f 148//148 153//153 154//154 2590//2590
f 156//156 155//155 148//148 2590//2590
f 150//150 155//155 156//156 2592//2592
f 158//158 157//157 150//150 2592//2592
f 160//160 141//141 151//151 161//161
f 162//162 161//161 151//151 152//152
f 152//152 157//157 158//158 163//163
f 2591//2591 2590//2590 154//154 2883//2883
f 156//156 2590//2590 2591//2591 2598//2598
f 2593//2593 2592//2592 156//156 2598//2598
f 158//158 2592//2592 2593//2593 2594//2594
f 158//158 2594//2594 2595//2595 163//163
f 2604//2604 159//159 160//160 2602//2602
f 2610//2610 2602//2602 160//160 161//161
f 162//162 152//152 163//163 2625//2625
f 2610//2610 161//161 162//162 2616//2616
f 2628//2628 2616//2616 162//162 2625//2625
f 2626//2626 2625//2625 163//163 2595//2595
f 164//164 168//168 167//167 176//176
f 164//164 166//166 205//205 168//168
f 166//166 164//164 165//165 217//217
f 165//165 164//164 176//176 177//177
f 218//218 217//217 165//165 177//177
f 202//202 203//203 166//166 217//217
f 206//206 205//205 166//166 203//203
f 167//167 169//169 185//185 186//186
f 169//169 167//167 168//168 3274//3274
f 168//168 205//205 3252//3252 3274//3274
f 169//169 171//171 170//170 185//185
f 172//172 171//171 169//169 3274//3274
f 170//170 171//171 173//173 339//339
f 190//190 185//185 170//170 195//195
f 200//200 195//195 170//170 339//339
f 171//171 172//172 175//175 173//173
f 172//172 3274//3274 3252//3252 174//174
f 340//340 339//339 173//173 342//342
f 349//349 342//342 173//173 175//175
f 175//175 172//172 174//174 341//341
f 174//174 3252//3252 372//372 346//346
f 345//345 349//349 175//175 341//341
f 178//178 177//177 176//176 179//179
f 186//186 179//179 176//176 167//167
f 178//178 179//179 180//180 181//181
f 178//178 221//221 218//218 177//177
f 222//222 221//221 178//178 181//181
f 179//179 186//186 187//187 180//180
f 182//182 181//181 180//180 183//183
f 182//182 183//183 184//184 1585//1585
f 182//182 225//225 222//222 181//181
f 226//226 225//225 182//182 1585//1585
f 187//187 189//189 183//183 180//180
f 183//183 189//189 188//188 184//184
f 193//193 1587//1587 184//184 188//188
f 1586//1586 1585//1585 184//184 1587//1587
f 186//186 185//185 190//190 187//187
f 189//189 187//187 190//190 192//192
f 189//189 192//192 191//191 188//188
f 190//190 195//195 194//194 192//192
f 193//193 188//188 191//191 198//198
f 191//191 192//192 194//194 197//197
f 191//191 197//197 196//196 198//198
f 193//193 1595//1595 1588//1588 1587//1587
f 193//193 198//198 1597//1597 1595//1595
f 194//194 195//195 200//200 359//359
f 201//201 197//197 194//194 359//359
f 196//196 197//197 201//201 361//361
f 1603//1603 199//199 196//196 361//361
f 198//198 196//196 199//199 1597//1597
f 1599//1599 1597//1597 199//199 1602//1602
f 340//340 363//363 200//200 339//339
f 360//360 359//359 200//200 363//363
f 360//360 365//365 201//201 359//359
f 362//362 361//361 201//201 365//365
f 204//204 203//203 202//202 209//209
f 202//202 217//217 218//218 219//219
f 204//204 210//210 206//206 203//203
f 206//206 210//210 370//370 372//372
f 3252//3252 205//205 206//206 372//372
f 209//209 207//207 208//208 204//204
f 210//210 204//204 208//208 214//214
f 211//211 212//212 208//208 207//207
f 213//213 214//214 208//208 212//212
f 219//219 228//228 209//209 202//202
f 209//209 228//228 232//232 207//207
f 232//232 238//238 211//211 207//207
f 215//215 216//216 212//212 211//211
f 213//213 212//212 216//216 376//376
f 213//213 380//380 369//369 214//214
f 214//214 369//369 370//370 210//210
f 238//238 240//240 215//215 211//211
f 371//371 216//216 215//215 3414//3414
f 215//215 240//240 400//400 3414//3414
f 220//220 219//219 218//218 221//221
f 227//227 228//228 219//219 220//220
f 220//220 221//221 222//222 223//223
f 224//224 223//223 222//222 225//225
f 223//223 230//230 227//227 220//220
f 229//229 230//230 223//223 224//224
f 224//224 225//225 226//226 1624//1624
f 1586//1586 1626//1626 226//226 1585//1585
f 1625//1625 1624//1624 226//226 1626//1626
f 227//227 231//231 232//232 228//228
f 227//227 230//230 234//234 231//231
f 229//229 233//233 234//234 230//230
f 1624//1624 1635//1635 229//229 224//224
f 229//229 1635//1635 3471//3471 233//233
f 231//231 234//234 237//237 235//235
f 232//232 231//231 235//235 238//238
f 233//233 236//236 237//237 234//234
f 233//233 3471//3471 244//244 236//236
f 243//243 241//241 236//236 244//244
f 237//237 242//242 239//239 235//235
f 241//241 242//242 237//237 236//236
f 239//239 240//240 238//238 235//235
f 399//399 400//400 240//240 239//239
f 403//403 401//401 241//241 243//243
f 242//242 402//402 399//399 239//239
f 401//401 402//402 242//242 241//241
f 1644//1644 1648//1648 243//243 244//244
f 246//246 247//247 245//245 3403//3403
f 245//245 250//250 249//249 3403//3403
f 245//245 247//247 254//254 255//255
f 245//245 255//255 256//256 250//250
f 252//252 247//247 246//246 3407//3407
f 251//251 254//254 247//247 252//252
f 249//249 250//250 248//248 1669//1669
f 250//250 256//256 257//257 248//248
f 253//253 251//251 252//252 272//272
f 457//457 251//251 253//253 461//461
f 457//457 462//462 254//254 251//251
f 458//458 255//255 254//254 462//462
f 459//459 256//256 255//255 458//458
f 459//459 1869//1869 257//257 256//256
f 1668//1668 248//248 257//257 1676//1676
f 1866//1866 1676//1676 257//257 1869//1869
f 260//260 258//258 259//259 277//277
f 259//259 258//258 261//261 263//263
f 278//278 277//277 259//259 279//279
f 293//293 279//279 259//259 263//263
f 260//260 266//266 265//265 258//258
f 275//275 266//266 260//260 3182//3182
f 309//309 3182//3182 260//260 277//277
f 264//264 262//262 261//261 271//271
f 261//261 258//258 265//265 271//271
f 263//263 261//261 262//262 3406//3406
f 264//264 267//267 268//268 262//262
f 265//265 3388//3388 269//269 271//271
f 266//266 275//275 274//274 3199//3199
f 266//266 3199//3199 3388//3388 265//265
f 267//267 264//264 270//270 3516//3516
f 3309//3309 273//273 267//267 3516//3516
f 273//273 272//272 268//268 267//267
f 3406//3406 262//262 268//268 3407//3407
f 271//271 269//269 270//270 264//264
f 270//270 269//269 3388//3388 3513//3513
f 272//272 273//273 3310//3310 253//253
f 272//272 252//252 3407//3407 268//268
f 274//274 275//275 276//276 482//482
f 274//274 481//481 3223//3223 3199//3199
f 305//305 482//482 276//276 306//306
f 276//276 275//275 3182//3182 301//301
f 287//287 288//288 278//278 280//280
f 278//278 288//288 309//309 277//277
f 280//280 278//278 279//279 281//281
f 295//295 281//281 279//279 293//293
f 280//280 281//281 282//282 283//283
f 284//284 283//283 282//282 285//285
f 282//282 281//281 295//295 296//296
f 299//299 285//285 282//282 296//296
f 287//287 280//280 283//283 290//290
f 289//289 290//290 283//283 284//284
f 284//284 285//285 286//286 291//291
f 286//286 285//285 299//299 300//300
f 314//314 313//313 287//287 290//290
f 313//313 310//310 288//288 287//287
f 289//289 284//284 291//291 1705//1705
f 289//289 318//318 314//314 290//290
f 319//319 318//318 289//289 1705//1705
f 291//291 286//286 1698//1698 1699//1699
f 293//293 294//294 292//292 295//295
f 296//296 295//295 292//292 298//298
f 3406//3406 294//294 293//293 263//263
f 3403//3403 292//292 294//294 246//246
f 294//294 3406//3406 3407//3407 246//246
f 296//296 298//298 297//297 299//299
f 300//300 299//299 297//297 1692//1692
f 3404//3404 1692//1692 297//297 1669//1669
f 1669//1669 297//297 298//298 249//249
f 298//298 292//292 3403//3403 249//249
f 300//300 1692//1692 1693//1693 1695//1695
f 1698//1698 286//286 300//300 1695//1695
f 306//306 276//276 301//301 303//303
f 309//309 302//302 301//301 3182//3182
f 303//303 301//301 302//302 311//311
f 312//312 311//311 302//302 310//310
f 304//304 306//306 303//303 307//307
f 305//305 306//306 304//304 3353//3353
f 518//518 517//517 305//305 3353//3353
f 308//308 304//304 307//307 3490//3490
f 311//311 321//321 307//307 303//303
f 3212//3212 520//520 308//308 3490//3490
f 3353//3353 304//304 308//308 519//519
f 310//310 302//302 309//309 288//288
f 320//320 321//321 311//311 312//312
f 312//312 310//310 313//313 315//315
f 315//315 313//313 314//314 316//316
f 317//317 316//316 314//314 318//318
f 315//315 326//326 320//320 312//312
f 322//322 323//323 316//316 317//317
f 316//316 323//323 326//326 315//315
f 317//317 318//318 319//319 1738//1738
f 1731//1731 1730//1730 319//319 1705//1705
f 324//324 325//325 321//321 320//320
f 3490//3490 307//307 321//321 325//325
f 1738//1738 330//330 322//322 317//317
f 327//327 326//326 323//323 329//329
f 328//328 329//329 323//323 322//322
f 324//324 320//320 326//326 327//327
f 324//324 331//331 333//333 325//325
f 336//336 331//331 324//324 327//327
f 325//325 333//333 3212//3212 3490//3490
f 328//328 322//322 330//330 1748//1748
f 328//328 337//337 334//334 329//329
f 329//329 334//334 336//336 327//327
f 1747//1747 1748//1748 330//330 1743//1743
f 332//332 333//333 331//331 553//553
f 331//331 336//336 335//335 553//553
f 552//552 529//529 332//332 553//553
f 333//333 332//332 531//531 3212//3212
f 335//335 336//336 334//334 338//338
f 338//338 334//334 337//337 551//551
f 1748//1748 1749//1749 337//337 328//328
f 337//337 1749//1749 1757//1757 551//551
f 338//338 548//548 549//549 335//335
f 340//340 342//342 343//343 347//347
f 364//364 363//363 340//340 347//347
f 341//341 174//174 346//346 344//344
f 348//348 343//343 342//342 349//349
f 354//354 2//2 343//343 348//348
f 345//345 341//341 344//344 350//350
f 344//344 346//346 373//373 3259//3259
f 348//348 349//349 345//345 3361//3361
f 350//350 387//387 386//386 357//357
f 350//350 344//344 3259//3259 387//387
f 350//350 357//357 3361//3361 345//345
f 353//353 352//352 351//351 354//354
f 352//352 575//575 355//355 351//351
f 352//352 353//353 356//356 576//576
f 354//354 348//348 3361//3361 353//353
f 356//356 358//358 591//591 576//576
f 356//356 353//353 3361//3361 357//357
f 358//358 356//356 357//357 386//386
f 388//388 395//395 358//358 386//386
f 358//358 395//395 592//592 591//591
f 360//360 363//363 364//364 367//367
f 366//366 365//365 360//360 367//367
f 362//362 365//365 366//366 368//368
f 362//362 1777//1777 1603//1603 361//361
f 373//373 370//370 369//369 378//378
f 379//379 378//378 369//369 380//380
f 376//376 216//216 371//371 3235//3235
f 373//373 346//346 372//372 370//370
f 373//373 378//378 377//377 3259//3259
f 374//374 375//375 376//376 3235//3235
f 416//416 382//382 374//374 3432//3432
f 375//375 374//374 382//382 381//381
f 376//376 375//375 380//380 213//213
f 377//377 383//383 384//384 390//390
f 387//387 3259//3259 377//377 390//390
f 378//378 379//379 383//383 377//377
f 379//379 381//381 385//385 383//383
f 381//381 379//379 380//380 375//375
f 385//385 381//381 382//382 393//393
f 384//384 383//383 385//385 392//392
f 384//384 392//392 394//394 389//389
f 391//391 392//392 385//385 393//393
f 388//388 386//386 387//387 390//390
f 389//389 388//388 390//390 384//384
f 395//395 388//388 389//389 3335//3335
f 391//391 396//396 394//394 392//392
f 3382//3382 396//396 391//391 397//397
f 393//393 398//398 397//397 391//391
f 416//416 398//398 393//393 382//382
f 394//394 589//589 3335//3335 389//389
f 395//395 3335//3335 593//593 592//592
f 396//396 588//588 589//589 394//394
f 397//397 398//398 415//415 616//616
f 420//420 400//400 399//399 3449//3449
f 399//399 402//402 421//421 3449//3449
f 421//421 402//402 401//401 422//422
f 422//422 401//401 403//403 423//423
f 1648//1648 1803//1803 403//403 243//243
f 403//403 1803//1803 1823//1823 423//423
f 404//404 405//405 406//406 407//407
f 408//408 405//405 404//404 409//409
f 404//404 430//430 429//429 409//409
f 405//405 408//408 413//413 3503//3503
f 3432//3432 406//406 405//405 3503//3503
f 407//407 3450//3450 430//430 404//404
f 407//407 406//406 3235//3235 371//371
f 407//407 371//371 3414//3414 3450//3450
f 414//414 413//413 408//408 410//410
f 410//410 408//408 409//409 3444//3444
f 409//409 429//429 436//436 3444//3444
f 419//419 417//417 410//410 3444//3444
f 411//411 413//413 414//414 3230//3230
f 415//415 412//412 411//411 3367//3367
f 413//413 411//411 412//412 3503//3503
f 417//417 418//418 414//414 410//410
f 414//414 418//418 612//612 3230//3230
f 416//416 412//412 415//415 398//398
f 617//617 616//616 415//415 3367//3367
f 416//416 3432//3432 3503//3503 412//412
f 615//615 613//613 417//417 419//419
f 613//613 614//614 418//418 417//417
f 430//430 3450//3450 420//420 431//431
f 3414//3414 400//400 420//420 3450//3450
f 421//421 422//422 424//424 3448//3448
f 424//424 422//422 423//423 427//427
f 423//423 1823//1823 1827//1827 427//427
f 425//425 426//426 424//424 427//427
f 424//424 426//426 439//439 3448//3448
f 1827//1827 1830//1830 425//425 427//427
f 434//434 435//435 426//426 425//425
f 428//428 429//429 430//430 431//431
f 436//436 429//429 428//428 437//437
f 432//432 428//428 431//431 433//433
f 3449//3449 433//433 431//431 420//420
f 437//437 428//428 432//432 441//441
f 432//432 439//439 438//438 441//441
f 433//433 3448//3448 439//439 432//432
f 444//444 435//435 434//434 3443//3443
f 1830//1830 1836//1836 434//434 425//425
f 434//434 1836//1836 1839//1839 3443//3443
f 435//435 438//438 439//439 426//426
f 443//443 438//438 435//435 444//444
f 440//440 436//436 437//437 442//442
f 440//440 642//642 615//615 419//419
f 641//641 642//642 440//440 442//442
f 3444//3444 436//436 440//440 419//419
f 442//442 437//437 441//441 3447//3447
f 441//441 438//438 443//443 3447//3447
f 643//643 641//641 442//442 3447//3447
f 443//443 645//645 643//643 3447//3447
f 644//644 645//645 443//443 444//444
f 646//646 644//644 444//444 3443//3443
f 446//446 447//447 445//445 461//461
f 445//445 447//447 449//449 451//451
f 467//467 460//460 445//445 451//451
f 447//447 446//446 448//448 449//449
f 448//448 452//452 450//450 449//449
f 3310//3310 3356//3356 448//448 446//446
f 451//451 449//449 450//450 453//453
f 455//455 453//453 450//450 454//454
f 454//454 450//450 452//452 496//496
f 3356//3356 490//490 452//452 448//448
f 453//453 473//473 467//467 451//451
f 455//455 454//454 456//456 505//505
f 455//455 475//475 473//473 453//453
f 479//479 475//475 455//455 505//505
f 456//456 454//454 496//496 495//495
f 506//506 505//505 456//456 508//508
f 3488//3488 508//508 456//456 495//495
f 459//459 458//458 464//464 465//465
f 459//459 465//465 466//466 1869//1869
f 461//461 445//445 460//460 457//457
f 462//462 457//457 460//460 463//463
f 3310//3310 446//446 461//461 253//253
f 462//462 463//463 464//464 458//458
f 463//463 460//460 467//467 469//469
f 468//468 464//464 463//463 469//469
f 465//465 464//464 468//468 471//471
f 1876//1876 466//466 465//465 471//471
f 1866//1866 1869//1869 466//466 1870//1870
f 470//470 469//469 467//467 473//473
f 470//470 476//476 468//468 469//469
f 472//472 471//471 468//468 476//476
f 472//472 1887//1887 1876//1876 471//471
f 474//474 470//470 473//473 475//475
f 474//474 478//478 476//476 470//470
f 474//474 475//475 479//479 510//510
f 480//480 478//478 474//474 510//510
f 477//477 472//472 476//476 478//478
f 477//477 478//478 480//480 513//513
f 477//477 1889//1889 1887//1887 472//472
f 506//506 509//509 479//479 505//505
f 511//511 510//510 479//479 509//509
f 511//511 512//512 480//480 510//510
f 514//514 513//513 480//480 512//512
f 481//481 274//274 482//482 484//484
f 487//487 3223//3223 481//481 483//483
f 517//517 484//484 482//482 305//305
f 483//483 481//481 484//484 488//488
f 485//485 487//487 483//483 494//494
f 489//489 488//488 484//484 517//517
f 486//486 487//487 485//485 491//491
f 490//490 491//491 485//485 493//493
f 3223//3223 487//487 486//486 3513//3513
f 486//486 491//491 3309//3309 3516//3516
f 494//494 483//483 488//488 500//500
f 488//488 489//489 501//501 500//500
f 490//490 493//493 496//496 452//452
f 3356//3356 3309//3309 491//491 490//490
f 500//500 499//499 492//492 494//494
f 494//494 492//492 493//493 485//485
f 495//495 496//496 493//493 492//492
f 495//495 492//492 499//499 3488//3488
f 500//500 501//501 497//497 499//499
f 497//497 504//504 711//711 498//498
f 499//499 497//497 498//498 3488//3488
f 498//498 507//507 508//508 3488//3488
f 504//504 497//497 501//501 502//502
f 521//521 502//502 501//501 489//489
f 504//504 502//502 503//503 527//527
f 521//521 525//525 503//503 502//502
f 528//528 527//527 503//503 3308//3308
f 506//506 508//508 507//507 716//716
f 506//506 716//716 717//717 509//509
f 507//507 498//498 711//711 714//714
f 717//717 720//720 511//511 509//509
f 511//511 720//720 721//721 512//512
f 513//513 516//516 1889//1889 477//477
f 514//514 515//515 516//516 513//513
f 721//721 724//724 514//514 512//512
f 514//514 724//724 2131//2131 515//515
f 1918//1918 1894//1894 516//516 515//515
f 517//517 518//518 521//521 489//489
f 518//518 523//523 525//525 521//521
f 519//519 308//308 520//520 524//524
f 520//520 3212//3212 531//531 533//533
f 525//525 523//523 522//522 3262//3262
f 524//524 522//522 523//523 519//519
f 523//523 518//518 3353//3353 519//519
f 526//526 522//522 524//524 3498//3498
f 524//524 520//520 533//533 3498//3498
f 3308//3308 503//503 525//525 3262//3262
f 3262//3262 522//522 526//526 3496//3496
f 527//527 710//710 711//711 504//504
f 528//528 3428//3428 710//710 527//527
f 528//528 3308//3308 3258//3258 3257//3257
f 3429//3429 3428//3428 528//528 3257//3257
f 529//529 530//530 531//531 332//332
f 554//554 534//534 529//529 552//552
f 534//534 535//535 530//530 529//529
f 530//530 535//535 539//539 532//532
f 532//532 533//533 531//531 530//530
f 3510//3510 3498//3498 533//533 532//532
f 558//558 536//536 534//534 554//554
f 536//536 537//537 535//535 534//534
f 538//538 539//539 535//535 537//537
f 540//540 537//537 536//536 562//562
f 542//542 538//538 537//537 540//540
f 541//541 539//539 538//538 3307//3307
f 539//539 541//541 3510//3510 532//532
f 540//540 543//543 544//544 542//542
f 3307//3307 538//538 542//542 3256//3256
f 562//562 566//566 543//543 540//540
f 544//544 546//546 545//545 775//775
f 547//547 546//546 544//544 543//543
f 3256//3256 542//542 544//544 775//775
f 774//774 775//775 545//545 778//778
f 788//788 3333//3333 545//545 546//546
f 545//545 3333//3333 3506//3506 778//778
f 566//566 570//570 547//547 543//543
f 547//547 789//789 788//788 546//546
f 551//551 550//550 548//548 338//338
f 557//557 555//555 548//548 550//550
f 553//553 335//335 549//549 552//552
f 549//549 556//556 554//554 552//552
f 555//555 556//556 549//549 548//548
f 551//551 1757//1757 1961//1961 550//550
f 561//561 559//559 555//555 557//557
f 556//556 560//560 558//558 554//554
f 559//559 560//560 556//556 555//555
f 1961//1961 1967//1967 557//557 550//550
f 562//562 536//536 558//558 3478//3478
f 558//558 560//560 564//564 3478//3478
f 565//565 563//563 559//559 561//561
f 563//563 564//564 560//560 559//559
f 1967//1967 1969//1969 561//561 557//557
f 568//568 566//566 562//562 3478//3478
f 563//563 569//569 567//567 564//564
f 3494//3494 569//569 563//563 565//565
f 564//564 567//567 568//568 3478//3478
f 1969//1969 1973//1973 565//565 561//561
f 572//572 570//570 566//566 568//568
f 567//567 571//571 572//572 568//568
f 569//569 573//573 571//571 567//567
f 1981//1981 573//573 569//569 3494//3494
f 789//789 547//547 570//570 790//790
f 572//572 791//791 790//790 570//570
f 792//792 791//791 572//572 571//571
f 792//792 571//571 573//573 2196//2196
f 2197//2197 2196//2196 573//573 1981//1981
f 575//575 578//578 574//574 355//355
f 576//576 577//577 575//575 352//352
f 577//577 579//579 578//578 575//575
f 577//577 576//576 591//591 590//590
f 578//578 581//581 580//580 574//574
f 583//583 581//581 578//578 579//579
f 582//582 583//583 579//579 600//600
f 590//590 600//600 579//579 577//577
f 585//585 584//584 580//580 581//581
f 582//582 586//586 587//587 583//583
f 833//833 586//586 582//582 602//602
f 583//583 587//587 585//585 581//581
f 584//584 585//585 824//824 819//819
f 585//585 587//587 820//820 824//824
f 821//821 820//820 587//587 586//586
f 595//595 589//589 588//588 597//597
f 598//598 597//597 588//588 619//619
f 3382//3382 619//619 588//588 396//396
f 593//593 3335//3335 589//589 595//595
f 590//590 591//591 592//592 594//594
f 599//599 600//600 590//590 594//594
f 594//594 592//592 593//593 596//596
f 596//596 593//593 595//595 606//606
f 595//595 597//597 3234//3234 606//606
f 596//596 605//605 599//599 594//594
f 597//597 598//598 601//601 3234//3234
f 598//598 619//619 618//618 631//631
f 602//602 582//582 600//600 599//599
f 607//607 3234//3234 601//601 610//610
f 611//611 610//610 601//601 635//635
f 601//601 598//598 631//631 635//635
f 602//602 599//599 605//605 604//604
f 834//834 833//833 602//602 604//604
f 604//604 605//605 603//603 836//836
f 609//609 836//836 603//603 607//607
f 605//605 596//596 606//606 603//603
f 607//607 603//603 606//606 3234//3234
f 608//608 610//610 611//611 843//843
f 838//838 609//609 608//608 3482//3482
f 610//610 608//608 609//609 607//607
f 835//835 836//836 609//609 838//838
f 612//612 418//418 614//614 629//629
f 612//612 629//629 625//625 627//627
f 613//613 647//647 648//648 614//614
f 652//652 629//629 614//614 648//648
f 615//615 649//649 647//647 613//613
f 615//615 642//642 674//674 649//649
f 616//616 620//620 3382//3382 397//397
f 617//617 622//622 620//620 616//616
f 621//621 622//622 617//617 624//624
f 3255//3255 624//624 617//617 3367//3367
f 622//622 3366//3366 618//618 620//620
f 620//620 618//618 619//619 3382//3382
f 621//621 630//630 3366//3366 622//622
f 623//623 621//621 624//624 626//626
f 630//630 621//621 623//623 632//632
f 633//633 632//632 623//623 3278//3278
f 623//623 626//626 3228//3228 3278//3278
f 626//626 627//627 625//625 3228//3228
f 626//626 624//624 3255//3255 627//627
f 3230//3230 612//612 627//627 3255//3255
f 628//628 625//625 629//629 652//652
f 3228//3228 625//625 628//628 3501//3501
f 628//628 652//652 3247//3247 3505//3505
f 3502//3502 3501//3501 628//628 3505//3505
f 630//630 636//636 634//634 3366//3366
f 631//631 618//618 3366//3366 634//634
f 632//632 637//637 636//636 630//630
f 637//637 632//632 633//633 3316//3316
f 633//633 892//892 891//891 3316//3316
f 635//635 631//631 634//634 3240//3240
f 3239//3239 611//611 635//635 3240//3240
f 3240//3240 634//634 636//636 894//894
f 890//890 889//889 637//637 3316//3316
f 894//894 636//636 637//637 889//889
f 639//639 640//640 638//638 892//892
f 891//891 892//892 638//638 895//895
f 639//639 3278//3278 3228//3228 3501//3501
f 3502//3502 640//640 639//639 3501//3501
f 670//670 669//669 640//640 3502//3502
f 640//640 669//669 935//935 638//638
f 675//675 673//673 641//641 643//643
f 673//673 674//674 642//642 641//641
f 678//678 676//676 644//644 646//646
f 645//645 677//677 675//675 643//643
f 676//676 677//677 645//645 644//644
f 650//650 651//651 648//648 647//647
f 650//650 647//647 649//649 3440//3440
f 649//649 674//674 679//679 3440//3440
f 655//655 653//653 650//650 3440//3440
f 652//652 648//648 651//651 3247//3247
f 653//653 654//654 651//651 650//650
f 651//651 654//654 656//656 3247//3247
f 659//659 657//657 653//653 655//655
f 657//657 658//658 654//654 653//653
f 656//656 654//654 658//658 665//665
f 656//656 665//665 664//664 3518//3518
f 657//657 663//663 660//660 658//658
f 658//658 660//660 661//661 665//665
f 659//659 662//662 663//663 657//657
f 684//684 690//690 659//659 655//655
f 660//660 663//663 666//666 3522//3522
f 3521//3521 661//661 660//660 3522//3522
f 664//664 665//665 661//661 938//938
f 662//662 667//667 666//666 663//663
f 690//690 693//693 662//662 659//659
f 662//662 693//693 698//698 667//667
f 671//671 668//668 664//664 938//938
f 666//666 667//667 672//672 706//706
f 666//666 706//706 705//705 3522//3522
f 667//667 698//698 702//702 672//672
f 669//669 670//670 668//668 936//936
f 3518//3518 664//664 668//668 670//670
f 939//939 935//935 669//669 936//936
f 3505//3505 3518//3518 670//670 3502//3502
f 936//936 668//668 671//671 3337//3337
f 679//679 674//674 673//673 683//683
f 673//673 675//675 681//681 683//683
f 676//676 682//682 680//680 677//677
f 677//677 680//680 681//681 675//675
f 682//682 676//676 678//678 3442//3442
f 1844//1844 2071//2071 678//678 646//646
f 678//678 2071//2071 2073//2073 3442//3442
f 685//685 681//681 680//680 687//687
f 682//682 686//686 687//687 680//680
f 684//684 679//679 683//683 3441//3441
f 683//683 681//681 685//685 3441//3441
f 689//689 690//690 684//684 3441//3441
f 3440//3440 679//679 684//684 655//655
f 688//688 691//691 685//685 687//687
f 685//685 691//691 689//689 3441//3441
f 688//688 687//687 686//686 3435//3435
f 686//686 3437//3437 2086//2086 3435//3435
f 3442//3442 3437//3437 686//686 682//682
f 696//696 694//694 688//688 3435//3435
f 692//692 693//693 690//690 689//689
f 691//691 695//695 692//692 689//689
f 694//694 695//695 691//691 688//688
f 692//692 697//697 698//698 693//693
f 692//692 695//695 3480//3480 697//697
f 699//699 700//700 694//694 696//696
f 695//695 694//694 700//700 3480//3480
f 2086//2086 2085//2085 696//696 3435//3435
f 697//697 701//701 702//702 698//698
f 697//697 3480//3480 708//708 701//701
f 699//699 703//703 704//704 700//700
f 2085//2085 2091//2091 699//699 696//696
f 699//699 2091//2091 2096//2096 703//703
f 701//701 708//708 707//707 982//982
f 702//702 983//983 954//954 672//672
f 982//982 983//983 702//702 701//701
f 709//709 704//704 703//703 3453//3453
f 703//703 2096//2096 2125//2125 3453//3453
f 707//707 708//708 704//704 709//709
f 3480//3480 700//700 704//704 708//708
f 705//705 953//953 3521//3521 3522//3522
f 951//951 705//705 706//706 955//955
f 954//954 955//955 706//706 672//672
f 707//707 987//987 984//984 982//982
f 986//986 987//987 707//707 709//709
f 988//988 986//986 709//709 3453//3453
f 713//713 712//712 710//710 3428//3428
f 714//714 711//711 710//710 712//712
f 713//713 725//725 726//726 712//712
f 713//713 738//738 755//755 725//725
f 714//714 715//715 716//716 507//507
f 714//714 712//712 726//726 715//715
f 718//718 717//717 716//716 715//715
f 718//718 719//719 720//720 717//717
f 726//726 727//727 718//718 715//715
f 718//718 727//727 730//730 719//719
f 722//722 721//721 720//720 719//719
f 722//722 723//723 724//724 721//721
f 730//730 731//731 722//722 719//719
f 722//722 731//731 733//733 723//723
f 723//723 733//733 2142//2142 2132//2132
f 2132//2132 2131//2131 724//724 723//723
f 728//728 727//727 726//726 725//725
f 728//728 729//729 730//730 727//727
f 755//755 757//757 728//728 725//725
f 728//728 757//757 758//758 729//729
f 729//729 758//758 760//760 732//732
f 732//732 731//731 730//730 729//729
f 734//734 733//733 731//731 732//732
f 760//760 2159//2159 734//734 732//732
f 734//734 2141//2141 2142//2142 733//733
f 734//734 2159//2159 2161//2161 2141//2141
f 3495//3495 736//736 735//735 745//745
f 737//737 735//735 736//736 772//772
f 736//736 3495//3495 743//743 3386//3386
f 736//736 3386//3386 3196//3196 772//772
f 737//737 776//776 746//746 735//735
f 737//737 771//771 774//774 776//776
f 739//739 740//740 738//738 3429//3429
f 3428//3428 3429//3429 738//738 713//713
f 3257//3257 3334//3334 739//739 3429//3429
f 742//742 744//744 740//740 739//739
f 748//748 747//747 740//740 744//744
f 755//755 738//738 740//740 747//747
f 741//741 742//742 743//743 3495//3495
f 744//744 742//742 741//741 749//749
f 741//741 3495//3495 745//745 3317//3317
f 750//750 749//749 741//741 3317//3317
f 742//742 739//739 3334//3334 743//743
f 745//745 735//735 746//746 753//753
f 746//746 776//776 777//777 785//785
f 748//748 744//744 749//749 751//751
f 756//756 747//747 748//748 767//767
f 751//751 749//749 750//750 1049//1049
f 1051//1051 1050//1050 750//750 1053//1053
f 751//751 766//766 767//767 748//748
f 752//752 753//753 754//754 3508//3508
f 752//752 3508//3508 1052//1052 1053//1053
f 753//753 746//746 785//785 754//754
f 753//753 752//752 3317//3317 745//745
f 754//754 785//785 783//783 1095//1095
f 754//754 1095//1095 3507//3507 3508//3508
f 756//756 757//757 755//755 747//747
f 758//758 757//757 756//756 761//761
f 762//762 761//761 756//756 767//767
f 759//759 760//760 758//758 761//761
f 765//765 764//764 759//759 763//763
f 2159//2159 760//760 759//759 764//764
f 763//763 759//759 761//761 762//762
f 768//768 769//769 763//763 762//762
f 769//769 770//770 765//765 763//763
f 765//765 770//770 1073//1073 2173//2173
f 2160//2160 764//764 765//765 2173//2173
f 766//766 751//751 1049//1049 1075//1075
f 1072//1072 768//768 766//766 1075//1075
f 768//768 762//762 767//767 766//766
f 769//769 768//768 1072//1072 3392//3392
f 1074//1074 1073//1073 770//770 1077//1077
f 770//770 769//769 3392//3392 1077//1077
f 772//772 773//773 771//771 737//737
f 3196//3196 3499//3499 773//773 772//772
f 773//773 3307//3307 3256//3256 771//771
f 774//774 778//778 777//777 776//776
f 774//774 771//771 3256//3256 775//775
f 778//778 3506//3506 784//784 777//777
f 780//780 781//781 779//779 3378//3378
f 796//796 797//797 779//779 781//781
f 802//802 805//805 779//779 797//797
f 3314//3314 3378//3378 779//779 805//805
f 784//784 3506//3506 780//780 787//787
f 780//780 3378//3378 786//786 787//787
f 3333//3333 781//781 780//780 3506//3506
f 781//781 3333//3333 788//788 796//796
f 782//782 783//783 784//784 787//787
f 782//782 787//787 786//786 1097//1097
f 1095//1095 783//783 782//782 1098//1098
f 785//785 777//777 784//784 783//783
f 786//786 3378//3378 3314//3314 1096//1096
f 795//795 796//796 788//788 789//789
f 790//790 791//791 794//794 3153//3153
f 790//790 3153//3153 795//795 789//789
f 792//792 793//793 794//794 791//791
f 792//792 2196//2196 2202//2202 793//793
f 800//800 799//799 794//794 793//793
f 794//794 799//799 3152//3152 3153//3153
f 798//798 797//797 796//796 795//795
f 798//798 801//801 802//802 797//797
f 3153//3153 3152//3152 798//798 795//795
f 3167//3167 801//801 798//798 3152//3152
f 800//800 803//803 804//804 799//799
f 2202//2202 2209//2209 800//800 793//793
f 2213//2213 803//803 800//800 2209//2209
f 810//810 809//809 801//801 3167//3167
f 802//802 808//808 806//806 805//805
f 809//809 808//808 802//802 801//801
f 804//804 811//811 810//810 3167//3167
f 812//812 811//811 804//804 803//803
f 804//804 3167//3167 3152//3152 799//799
f 805//805 806//806 807//807 3314//3314
f 814//814 1129//1129 806//806 808//808
f 1129//1129 1128//1128 807//807 806//806
f 809//809 813//813 814//814 808//808
f 810//810 815//815 813//813 809//809
f 817//817 815//815 810//810 811//811
f 812//812 816//816 817//817 811//811
f 2213//2213 3166//3166 812//812 803//803
f 3185//3185 816//816 812//812 3166//3166
f 1133//1133 1132//1132 813//813 815//815
f 814//814 1131//1131 1130//1130 1129//1129
f 1132//1132 1131//1131 814//814 813//813
f 817//817 1134//1134 1133//1133 815//815
f 1135//1135 1134//1134 817//817 816//816
f 822//822 35//35 818//818 819//819
f 827//827 825//825 820//820 821//821
f 833//833 828//828 821//821 586//586
f 824//824 823//823 822//822 819//819
f 831//831 829//829 822//822 823//823
f 825//825 823//823 824//824 820//820
f 825//825 830//830 831//831 823//823
f 825//825 827//827 3368//3368 830//830
f 837//837 846//846 826//826 828//828
f 852//852 857//857 826//826 846//846
f 828//828 826//826 827//827 821//821
f 827//827 826//826 857//857 3368//3368
f 834//834 837//837 828//828 833//833
f 1145//1145 832//832 829//829 831//831
f 830//830 3268//3268 1145//1145 831//831
f 834//834 604//604 836//836 835//835
f 839//839 837//837 834//834 835//835
f 839//839 835//835 838//838 850//850
f 839//839 845//845 846//846 837//837
f 841//841 842//842 840//840 3482//3482
f 841//841 843//843 844//844 847//847
f 870//870 861//861 841//841 847//847
f 842//842 877//877 851//851 840//840
f 861//861 862//862 842//842 841//841
f 878//878 877//877 842//842 862//862
f 843//843 611//611 3239//3239 844//844
f 3482//3482 608//608 843//843 841//841
f 844//844 3239//3239 3238//3238 848//848
f 850//850 849//849 845//845 839//839
f 855//855 853//853 845//845 849//849
f 853//853 852//852 846//846 845//845
f 847//847 844//844 848//848 901//901
f 874//874 870//870 847//847 901//901
f 851//851 849//849 850//850 840//840
f 850//850 838//838 3482//3482 840//840
f 851//851 854//854 855//855 849//849
f 882//882 854//854 851//851 877//877
f 853//853 3305//3305 858//858 852//852
f 860//860 859//859 855//855 854//854
f 855//855 859//859 3305//3305 853//853
f 856//856 1146//1146 1147//1147 3306//3306
f 858//858 856//856 857//857 852//852
f 857//857 856//856 3306//3306 3368//3368
f 858//858 1169//1169 1146//1146 856//856
f 858//858 3305//3305 3304//3304 1169//1169
f 1171//1171 1170//1170 859//859 860//860
f 859//859 1170//1170 3304//3304 3305//3305
f 860//860 854//854 882//882 886//886
f 863//863 862//862 861//861 869//869
f 864//864 865//865 863//863 869//869
f 863//863 879//879 878//878 862//862
f 880//880 879//879 863//863 865//865
f 866//866 865//865 864//864 871//871
f 867//867 868//868 866//866 871//871
f 866//866 2283//2283 880//880 865//865
f 2284//2284 2283//2283 866//866 868//868
f 2268//2268 868//868 867//867 2271//2271
f 869//869 861//861 870//870 873//873
f 872//872 864//864 869//869 873//873
f 871//871 864//864 872//872 875//875
f 2272//2272 867//867 871//871 875//875
f 873//873 870//870 874//874 912//912
f 876//876 872//872 873//873 912//912
f 875//875 872//872 876//876 914//914
f 918//918 2272//2272 875//875 914//914
f 878//878 881//881 882//882 877//877
f 884//884 881//881 878//878 879//879
f 880//880 883//883 884//884 879//879
f 3190//3190 883//883 880//880 2283//2283
f 881//881 885//885 886//886 882//882
f 888//888 885//885 881//881 884//884
f 883//883 887//887 888//888 884//884
f 2291//2291 887//887 883//883 3190//3190
f 886//886 1186//1186 1171//1171 860//860
f 1187//1187 1186//1186 886//886 885//885
f 888//888 1188//1188 1187//1187 885//885
f 1189//1189 1188//1188 888//888 887//887
f 889//889 890//890 898//898 893//893
f 891//891 896//896 890//890 3316//3316
f 892//892 633//633 3278//3278 639//639
f 894//894 889//889 893//893 3238//3238
f 893//893 898//898 905//905 902//902
f 894//894 3238//3238 3239//3239 3240//3240
f 896//896 891//891 895//895 900//900
f 899//899 900//900 895//895 940//940
f 935//935 940//940 895//895 638//638
f 896//896 897//897 898//898 890//890
f 903//903 897//897 896//896 900//900
f 906//906 905//905 898//898 897//897
f 899//899 940//940 941//941 3242//3242
f 910//910 903//903 900//900 899//899
f 901//901 848//848 902//902 904//904
f 913//913 874//874 901//901 904//904
f 3238//3238 893//893 902//902 848//848
f 903//903 909//909 906//906 897//897
f 904//904 902//902 905//905 907//907
f 908//908 907//907 905//905 906//906
f 907//907 919//919 913//913 904//904
f 908//908 906//906 909//909 930//930
f 908//908 925//925 919//919 907//907
f 910//910 911//911 909//909 903//903
f 3242//3242 3241//3241 910//910 899//899
f 930//930 909//909 911//911 1206//1206
f 911//911 910//910 3241//3241 1207//1207
f 912//912 874//874 913//913 920//920
f 915//915 876//876 912//912 920//920
f 921//921 920//920 913//913 919//919
f 914//914 876//876 915//915 916//916
f 921//921 922//922 915//915 920//920
f 923//923 916//916 915//915 922//922
f 916//916 917//917 918//918 914//914
f 923//923 924//924 917//917 916//916
f 2334//2334 2333//2333 917//917 924//924
f 2278//2278 2272//2272 918//918 2332//2332
f 2333//2333 2332//2332 918//918 917//917
f 926//926 921//921 919//919 925//925
f 926//926 927//927 922//922 921//921
f 928//928 923//923 922//922 927//927
f 928//928 929//929 924//924 923//923
f 2339//2339 2334//2334 924//924 929//929
f 930//930 931//931 925//925 908//908
f 932//932 926//926 925//925 931//931
f 933//933 927//927 926//926 932//932
f 928//928 927//927 933//933 1209//1209
f 934//934 929//929 928//928 1209//1209
f 1208//1208 931//931 930//930 1206//1206
f 932//932 931//931 1208//1208 1211//1211
f 1210//1210 933//933 932//932 1211//1211
f 2339//2339 929//929 934//934 2684//2684
f 941//941 940//940 935//935 939//939
f 3374//3374 939//939 936//936 3337//3337
f 937//937 671//671 938//938 3427//3427
f 3337//3337 671//671 937//937 946//946
f 938//938 661//661 3521//3521 3427//3427
f 3374//3374 3352//3352 941//941 939//939
f 943//943 944//944 942//942 972//972
f 968//968 967//967 942//942 956//956
f 3213//3213 956//956 942//942 944//944
f 3210//3210 947//947 943//943 972//972
f 944//944 943//943 946//946 937//937
f 3427//3427 3213//3213 944//944 937//937
f 947//947 945//945 946//946 943//943
f 946//946 945//945 3374//3374 3337//3337
f 947//947 948//948 949//949 945//945
f 950//950 948//948 947//947 3210//3210
f 1229//1229 1228//1228 948//948 950//950
f 3385//3385 949//949 948//948 1228//1228
f 949//949 3385//3385 3332//3332 3352//3352
f 3374//3374 945//945 949//949 3352//3352
f 950//950 3210//3210 1273//1273 1272//1272
f 951//951 952//952 953//953 705//705
f 957//957 958//958 952//952 951//951
f 953//953 952//952 956//956 3213//3213
f 953//953 3213//3213 3427//3427 3521//3521
f 957//957 951//951 955//955 960//960
f 959//959 960//960 955//955 954//954
f 956//956 952//952 958//958 968//968
f 962//962 961//961 957//957 960//960
f 963//963 958//958 957//957 961//961
f 969//969 968//968 958//958 963//963
f 983//983 985//985 959//959 954//954
f 964//964 962//962 960//960 959//959
f 965//965 963//963 961//961 3523//3523
f 961//961 962//962 966//966 3523//3523
f 966//966 962//962 964//964 3395//3395
f 985//985 990//990 964//964 959//959
f 964//964 990//990 994//994 3395//3395
f 969//969 963//963 965//965 977//977
f 970//970 971//971 965//965 3523//3523
f 978//978 977//977 965//965 971//971
f 966//966 3394//3394 970//970 3523//3523
f 972//972 942//942 967//967 3211//3211
f 973//973 967//967 968//968 969//969
f 974//974 975//975 971//971 970//970
f 973//973 969//969 977//977 976//976
f 973//973 976//976 980//980 3338//3338
f 3211//3211 967//967 973//973 3338//3338
f 3394//3394 998//998 974//974 970//970
f 975//975 1296//1296 978//978 971//971
f 997//997 3430//3430 975//975 974//974
f 975//975 3430//3430 1297//1297 1296//1296
f 976//976 977//977 978//978 981//981
f 1276//1276 981//981 978//978 1296//1296
f 1270//1270 980//980 979//979 3280//3280
f 981//981 979//979 980//980 976//976
f 1274//1274 3338//3338 980//980 1270//1270
f 1271//1271 979//979 981//981 1276//1276
f 984//984 985//985 983//983 982//982
f 989//989 990//990 985//985 984//984
f 993//993 991//991 986//986 988//988
f 987//987 992//992 989//989 984//984
f 991//991 992//992 987//987 986//986
f 2125//2125 2405//2405 988//988 3453//3453
f 994//994 990//990 989//989 3396//3396
f 989//989 992//992 995//995 3396//3396
f 995//995 992//992 991//991 996//996
f 996//996 991//991 993//993 3397//3397
f 2405//2405 2407//2407 993//993 988//988
f 993//993 2407//2407 2412//2412 3397//3397
f 996//996 1023//1023 1020//1020 995//995
f 998//998 999//999 997//997 974//974
f 1000//1000 999//999 998//998 1001//1001
f 1015//1015 1001//1001 998//998 3394//3394
f 999//999 1002//1002 1004//1004 997//997
f 1000//1000 1005//1005 1002//1002 999//999
f 1017//1017 1026//1026 1000//1000 1001//1001
f 1031//1031 1005//1005 1000//1000 1026//1026
f 1001//1001 1015//1015 1016//1016 1017//1017
f 1003//1003 1004//1004 1002//1002 1006//1006
f 1010//1010 1009//1009 1003//1003 1006//1006
f 1012//1012 1003//1003 1009//1009 1013//1013
f 1012//1012 1300//1300 1004//1004 1003//1003
f 1004//1004 1300//1300 3430//3430 997//997
f 1006//1006 1002//1002 1005//1005 1008//1008
f 1005//1005 1031//1031 1030//1030 1008//1008
f 1006//1006 1008//1008 1007//1007 1010//1010
f 1011//1011 1010//1010 1007//1007 1039//1039
f 1040//1040 1039//1039 1007//1007 1042//1042
f 1008//1008 1030//1030 1042//1042 1007//1007
f 1009//1009 1010//1010 1011//1011 1013//1013
f 1012//1012 1013//1013 1014//1014 1301//1301
f 1012//1012 1299//1299 1298//1298 1300//1300
f 1067//1067 1066//1066 1013//1013 1011//1011
f 1013//1013 1066//1066 1069//1069 1014//1014
f 1018//1018 1017//1017 1016//1016 1019//1019
f 1016//1016 1015//1015 3395//3395 994//994
f 3396//3396 1019//1019 1016//1016 994//994
f 1025//1025 1026//1026 1017//1017 1018//1018
f 1018//1018 1019//1019 1020//1020 1021//1021
f 1022//1022 1021//1021 1020//1020 1023//1023
f 1020//1020 1019//1019 3396//3396 995//995
f 1021//1021 1028//1028 1025//1025 1018//1018
f 1027//1027 1028//1028 1021//1021 1022//1022
f 1029//1029 1027//1027 1022//1022 1024//1024
f 1024//1024 1022//1022 1023//1023 2447//2447
f 3397//3397 2447//2447 1023//1023 996//996
f 1024//1024 2447//2447 2448//2448 2449//2449
f 1031//1031 1026//1026 1025//1025 1033//1033
f 1034//1034 1033//1033 1025//1025 1028//1028
f 1034//1034 1028//1028 1027//1027 1037//1037
f 1037//1037 1027//1027 1029//1029 2456//2456
f 2449//2449 2452//2452 1029//1029 1024//1024
f 2457//2457 2456//2456 1029//1029 2452//2452
f 1032//1032 1030//1030 1031//1031 1033//1033
f 1032//1032 1033//1033 1034//1034 1035//1035
f 1032//1032 1041//1041 1042//1042 1030//1030
f 1046//1046 1041//1041 1032//1032 1035//1035
f 1036//1036 1035//1035 1034//1034 1037//1037
f 1036//1036 1048//1048 1046//1046 1035//1035
f 1038//1038 1036//1036 1037//1037 2456//2456
f 1038//1038 3416//3416 1048//1048 1036//1036
f 1038//1038 2456//2456 2457//2457 2458//2458
f 2473//2473 3416//3416 1038//1038 2458//2458
f 1039//1039 1068//1068 1067//1067 1011//1011
f 1093//1093 1068//1068 1039//1039 1040//1040
f 1040//1040 1042//1042 1041//1041 1043//1043
f 1044//1044 1043//1043 1041//1041 1046//1046
f 1093//1093 1040//1040 1043//1043 1092//1092
f 3151//3151 1092//1092 1043//1043 1044//1044
f 1045//1045 1044//1044 1046//1046 1048//1048
f 3151//3151 1044//1044 1045//1045 1094//1094
f 1047//1047 1045//1045 1048//1048 3416//3416
f 1094//1094 1045//1045 1047//1047 3150//3150
f 2473//2473 2472//2472 1047//1047 3416//3416
f 2520//2520 3150//3150 1047//1047 2472//2472
f 1049//1049 750//750 1050//1050 1057//1057
f 1049//1049 1057//1057 1076//1076 1075//1075
f 1054//1054 1057//1057 1050//1050 1055//1055
f 1051//1051 1053//1053 1052//1052 1058//1058
f 1055//1055 1050//1050 1051//1051 1061//1061
f 1051//1051 1058//1058 1059//1059 1061//1061
f 3507//3507 1065//1065 1052//1052 3508//3508
f 3317//3317 752//752 1053//1053 750//750
f 1054//1054 1055//1055 1056//1056 1083//1083
f 1076//1076 1057//1057 1054//1054 1084//1084
f 1060//1060 1056//1056 1055//1055 1061//1061
f 1056//1056 1067//1067 1068//1068 1083//1083
f 1058//1058 1052//1052 1065//1065 1063//1063
f 1060//1060 1061//1061 1059//1059 1070//1070
f 1059//1059 1058//1058 1063//1063 3205//3205
f 1071//1071 1070//1070 1059//1059 3205//3205
f 1067//1067 1056//1056 1060//1060 1066//1066
f 1060//1060 1070//1070 1069//1069 1066//1066
f 1106//1106 1110//1110 1062//1062 1064//1064
f 3205//3205 1063//1063 1062//1062 3327//3327
f 1064//1064 1062//1062 1063//1063 1065//1065
f 1064//1064 1099//1099 1103//1103 1106//1106
f 1099//1099 1064//1064 1065//1065 3507//3507
f 1086//1086 1083//1083 1068//1068 1093//1093
f 1069//1069 1070//1070 1071//1071 1317//1317
f 1069//1069 1317//1317 1316//1316 1014//1014
f 1319//1319 1317//1317 1071//1071 3204//3204
f 1072//1072 1075//1075 1076//1076 1079//1079
f 1072//1072 1079//1079 3391//3391 3392//3392
f 1074//1074 1077//1077 1078//1078 1081//1081
f 2172//2172 1073//1073 1074//1074 2505//2505
f 1074//1074 1081//1081 2506//2506 2505//2505
f 1080//1080 1079//1079 1076//1076 1084//1084
f 1082//1082 1081//1081 1078//1078 1089//1089
f 1078//1078 3391//3391 1087//1087 1089//1089
f 3392//3392 3391//3391 1078//1078 1077//1077
f 3391//3391 1079//1079 1080//1080 1087//1087
f 2506//2506 1081//1081 1082//1082 2513//2513
f 1084//1084 1054//1054 1083//1083 1086//1086
f 1084//1084 1086//1086 1085//1085 1080//1080
f 1087//1087 1080//1080 1085//1085 1088//1088
f 1086//1086 1093//1093 1092//1092 1085//1085
f 1089//1089 1087//1087 1088//1088 1091//1091
f 1088//1088 1085//1085 1092//1092 3151//3151
f 1094//1094 1091//1091 1088//1088 3151//3151
f 1089//1089 1091//1091 1090//1090 1082//1082
f 1090//1090 1091//1091 1094//1094 3150//3150
f 2513//2513 1082//1082 1090//1090 2515//2515
f 2520//2520 2515//2515 1090//1090 3150//3150
f 1095//1095 1098//1098 1099//1099 3507//3507
f 1097//1097 786//786 1096//1096 1101//1101
f 1104//1104 1101//1101 1096//1096 3315//3315
f 1098//1098 782//782 1097//1097 1100//1100
f 1099//1099 1098//1098 1100//1100 1103//1103
f 1100//1100 1097//1097 1101//1101 1102//1102
f 1103//1103 1100//1100 1102//1102 1105//1105
f 1102//1102 1101//1101 1104//1104 1107//1107
f 1108//1108 1107//1107 1104//1104 3193//3193
f 1106//1106 1103//1103 1105//1105 1111//1111
f 1105//1105 1102//1102 1107//1107 1114//1114
f 1112//1112 1111//1111 1105//1105 1114//1114
f 1114//1114 1107//1107 1108//1108 1115//1115
f 1330//1330 1115//1115 1108//1108 3132//3132
f 3192//3192 3132//3132 1108//1108 3193//3193
f 1109//1109 1111//1111 1112//1112 3293//3293
f 1111//1111 1109//1109 1110//1110 1106//1106
f 1110//1110 1109//1109 1329//1329 3227//3227
f 3327//3327 1062//1062 1110//1110 3227//3227
f 1114//1114 1115//1115 1113//1113 1112//1112
f 1113//1113 1115//1115 1330//1330 3399//3399
f 1334//1334 1333//1333 1113//1113 3399//3399
f 3293//3293 1112//1112 1113//1113 1333//1333
f 1116//1116 1118//1118 1120//1120 3154//3154
f 1116//1116 3154//3154 1345//1345 1125//1125
f 1118//1118 1116//1116 1117//1117 1119//1119
f 1125//1125 1124//1124 1117//1117 1116//1116
f 1117//1117 1124//1124 3132//3132 3192//3192
f 3194//3194 1119//1119 1117//1117 3192//3192
f 1118//1118 1119//1119 1137//1137 1136//1136
f 1120//1120 1118//1118 1136//1136 1138//1138
f 1123//1123 1121//1121 1122//1122 1141//1141
f 1122//1122 1120//1120 1138//1138 1140//1140
f 1139//1139 1141//1141 1122//1122 1140//1140
f 1122//1122 1121//1121 3154//3154 1120//1120
f 1123//1123 1126//1126 1127//1127 1121//1121
f 1123//1123 3155//3155 1349//1349 1126//1126
f 3156//3156 3155//3155 1123//1123 1141//1141
f 1344//1344 1352//1352 1124//1124 1125//1125
f 1126//1126 1348//1348 1347//1347 1127//1127
f 1126//1126 1349//1349 1350//1350 1348//1348
f 3154//3154 1121//1121 1127//1127 1345//1345
f 1128//1128 1129//1129 1130//1130 3373//3373
f 1128//1128 3372//3372 3315//3315 807//807
f 1137//1137 3373//3373 1130//1130 1131//1131
f 1132//1132 1136//1136 1137//1137 1131//1131
f 1133//1133 1138//1138 1136//1136 1132//1132
f 1140//1140 1138//1138 1133//1133 1134//1134
f 1135//1135 1139//1139 1140//1140 1134//1134
f 3185//3185 3184//3184 1135//1135 816//816
f 3493//3493 1139//1139 1135//1135 3184//3184
f 1137//1137 1119//1119 3194//3194 3373//3373
f 3156//3156 1141//1141 1139//1139 3493//3493
f 1148//1148 59//59 1142//1142 1143//1143
f 1145//1145 1144//1144 1143//1143 832//832
f 1149//1149 1148//1148 1143//1143 1144//1144
f 3273//3273 1144//1144 1145//1145 3268//3268
f 1172//1172 1151//1151 1146//1146 1169//1169
f 1151//1151 1150//1150 1147//1147 1146//1146
f 3268//3268 3306//3306 1147//1147 3273//3273
f 1147//1147 1150//1150 3272//3272 3273//3273
f 1149//1149 1153//1153 1152//1152 1148//1148
f 3267//3267 1153//1153 1149//1149 3272//3272
f 3273//3273 3272//3272 1149//1149 1144//1144
f 1151//1151 1154//1154 1155//1155 1150//1150
f 1156//1156 60//60 1152//1152 1162//1162
f 1152//1152 1153//1153 3266//3266 1162//1162
f 1172//1172 1178//1178 1154//1154 1151//1151
f 1158//1158 1157//1157 1155//1155 1154//1154
f 1155//1155 1157//1157 3265//3265 3267//3267
f 3272//3272 1150//1150 1155//1155 3267//3267
f 1165//1165 1164//1164 1157//1157 1158//1158
f 1157//1157 1164//1164 3270//3270 3265//3265
f 1178//1178 1177//1177 1158//1158 1154//1154
f 1181//1181 1165//1165 1158//1158 1177//1177
f 1160//1160 1156//1156 1161//1161 1378//1378
f 1162//1162 1163//1163 1161//1161 1156//1156
f 1379//1379 1378//1378 1161//1161 1380//1380
f 1161//1161 1163//1163 1383//1383 1380//1380
f 3266//3266 3271//3271 1163//1163 1162//1162
f 1163//1163 3271//3271 3292//3292 1383//1383
f 1165//1165 1376//1376 1377//1377 1164//1164
f 3251//3251 1376//1376 1165//1165 1181//1181
f 1166//1166 1160//1160 1378//1378 1404//1404
f 1401//1401 1400//1400 1166//1166 1404//1404
f 1168//1168 73//73 1167//1167 1402//1402
f 1167//1167 1400//1400 1401//1401 1406//1406
f 1403//1403 1402//1402 1167//1167 1406//1406
f 2883//2883 154//154 1168//1168 1402//1402
f 1171//1171 1173//1173 1174//1174 1170//1170
f 1191//1191 1173//1173 1171//1171 1186//1186
f 3304//3304 3360//3360 1172//1172 1169//1169
f 1176//1176 1175//1175 1174//1174 1173//1173
f 1174//1174 3360//3360 3304//3304 1170//1170
f 1174//1174 1175//1175 3351//3351 3360//3360
f 1176//1176 1179//1179 1180//1180 1175//1175
f 1191//1191 1194//1194 1176//1176 1173//1173
f 1199//1199 1179//1179 1176//1176 1194//1194
f 1178//1178 3351//3351 1183//1183 1177//1177
f 3360//3360 3351//3351 1178//1178 1172//1172
f 1179//1179 1185//1185 1184//1184 1180//1180
f 1203//1203 1185//1185 1179//1179 1199//1199
f 3351//3351 1175//1175 1180//1180 1183//1183
f 1183//1183 1182//1182 1181//1181 1177//1177
f 1181//1181 1182//1182 1439//1439 3251//3251
f 1184//1184 1182//1182 1183//1183 1180//1180
f 1184//1184 1438//1438 1439//1439 1182//1182
f 1440//1440 1438//1438 1184//1184 1185//1185
f 1187//1187 1190//1190 1191//1191 1186//1186
f 1193//1193 1190//1190 1187//1187 1188//1188
f 1189//1189 1192//1192 1193//1193 1188//1188
f 2291//2291 2639//2639 1189//1189 887//887
f 2644//2644 1192//1192 1189//1189 2639//2639
f 1195//1195 1194//1194 1191//1191 1190//1190
f 1193//1193 1196//1196 1195//1195 1190//1190
f 1197//1197 1196//1196 1193//1193 1192//1192
f 1195//1195 1198//1198 1199//1199 1194//1194
f 1196//1196 1200//1200 1198//1198 1195//1195
f 1201//1201 1200//1200 1196//1196 1197//1197
f 2644//2644 2647//2647 1197//1197 1192//1192
f 1198//1198 1202//1202 1203//1203 1199//1199
f 1205//1205 1202//1202 1198//1198 1200//1200
f 1201//1201 1204//1204 1205//1205 1200//1200
f 2647//2647 2653//2653 1201//1201 1197//1197
f 2659//2659 1204//1204 1201//1201 2653//2653
f 1203//1203 1450//1450 1440//1440 1185//1185
f 1451//1451 1450//1450 1203//1203 1202//1202
f 1205//1205 1452//1452 1451//1451 1202//1202
f 1453//1453 1452//1452 1205//1205 1204//1204
f 1206//1206 911//911 1207//1207 1219//1219
f 1212//1212 1208//1208 1206//1206 1219//1219
f 1220//1220 1219//1219 1207//1207 1222//1222
f 1209//1209 933//933 1210//1210 1215//1215
f 1218//1218 934//934 1209//1209 1215//1215
f 1213//1213 1214//1214 1210//1210 1211//1211
f 1216//1216 1215//1215 1210//1210 1214//1214
f 1211//1211 1208//1208 1212//1212 1213//1213
f 1220//1220 1239//1239 1212//1212 1219//1219
f 1240//1240 1213//1213 1212//1212 1239//1239
f 1240//1240 1241//1241 1214//1214 1213//1213
f 1242//1242 1216//1216 1214//1214 1241//1241
f 1216//1216 1217//1217 1218//1218 1215//1215
f 1242//1242 1243//1243 1217//1217 1216//1216
f 2697//2697 2689//2689 1217//1217 1243//1243
f 2684//2684 934//934 1218//1218 2688//2688
f 2689//2689 2688//2688 1218//1218 1217//1217
f 1221//1221 1222//1222 1223//1223 1226//1226
f 1224//1224 1220//1220 1222//1222 1221//1221
f 3241//3241 1223//1223 1222//1222 1207//1207
f 1224//1224 1221//1221 1225//1225 1231//1231
f 1224//1224 1244//1244 1239//1239 1220//1220
f 1249//1249 1244//1244 1224//1224 1231//1231
f 1225//1225 1221//1221 1226//1226 3331//3331
f 1228//1228 3331//3331 1226//1226 3385//3385
f 1226//1226 1223//1223 3332//3332 3385//3385
f 1228//1228 1229//1229 1227//1227 3331//3331
f 1227//1227 1229//1229 1230//1230 1233//1233
f 1229//1229 950//950 1272//1272 1230//1230
f 1238//1238 1233//1233 1230//1230 1280//1280
f 1278//1278 1280//1280 1230//1230 1272//1272
f 1231//1231 1225//1225 1232//1232 1234//1234
f 1232//1232 1227//1227 1233//1233 1237//1237
f 1235//1235 1234//1234 1232//1232 1237//1237
f 3331//3331 1227//1227 1232//1232 1225//1225
f 1234//1234 1252//1252 1249//1249 1231//1231
f 1235//1235 1237//1237 1236//1236 1265//1265
f 1235//1235 1259//1259 1252//1252 1234//1234
f 1238//1238 1236//1236 1237//1237 1233//1233
f 1238//1238 1280//1280 1284//1284 1291//1291
f 1238//1238 1291//1291 1290//1290 1236//1236
f 1245//1245 1240//1240 1239//1239 1244//1244
f 1245//1245 1246//1246 1241//1241 1240//1240
f 1247//1247 1242//1242 1241//1241 1246//1246
f 1247//1247 1248//1248 1243//1243 1242//1242
f 2704//2704 2697//2697 1243//1243 1248//1248
f 1245//1245 1244//1244 1249//1249 1253//1253
f 1250//1250 1246//1246 1245//1245 1253//1253
f 1247//1247 1246//1246 1250//1250 1256//1256
f 1251//1251 1248//1248 1247//1247 1256//1256
f 1254//1254 1253//1253 1249//1249 1252//1252
f 1254//1254 1255//1255 1250//1250 1253//1253
f 1257//1257 1256//1256 1250//1250 1255//1255
f 1257//1257 1258//1258 1251//1251 1256//1256
f 2704//2704 1248//1248 1251//1251 2714//2714
f 2715//2715 2714//2714 1251//1251 1258//1258
f 1260//1260 1254//1254 1252//1252 1259//1259
f 1260//1260 1261//1261 1255//1255 1254//1254
f 1262//1262 1257//1257 1255//1255 1261//1261
f 1262//1262 1263//1263 1258//1258 1257//1257
f 2716//2716 2715//2715 1258//1258 1263//1263
f 1265//1265 1264//1264 1259//1259 1235//1235
f 1266//1266 1260//1260 1259//1259 1264//1264
f 1266//1266 1267//1267 1261//1261 1260//1260
f 1268//1268 1262//1262 1261//1261 1267//1267
f 1268//1268 1269//1269 1263//1263 1262//1262
f 2724//2724 2716//2716 1263//1263 1269//1269
f 1265//1265 1236//1236 1290//1290 1471//1471
f 1468//1468 1264//1264 1265//1265 1471//1471
f 1266//1266 1264//1264 1468//1468 1482//1482
f 1469//1469 1267//1267 1266//1266 1482//1482
f 1268//1268 1267//1267 1469//1469 1484//1484
f 2989//2989 1269//1269 1268//1268 1484//1484
f 1271//1271 1275//1275 1282//1282 3330//3330
f 3280//3280 979//979 1271//1271 3330//3330
f 1272//1272 1273//1273 1274//1274 1278//1278
f 1279//1279 1278//1278 1274//1274 1270//1270
f 1274//1274 1273//1273 3211//3211 3338//3338
f 1276//1276 1277//1277 1275//1275 1271//1271
f 1283//1283 1275//1275 1277//1277 3303//3303
f 1296//1296 1297//1297 1277//1277 1276//1276
f 1277//1277 1297//1297 1298//1298 3303//3303
f 1280//1280 1278//1278 1279//1279 1284//1284
f 1279//1279 1270//1270 3280//3280 3329//3329
f 1285//1285 1282//1282 1281//1281 1287//1287
f 1286//1286 1287//1287 1281//1281 3301//3301
f 1281//1281 1283//1283 3302//3302 3301//3301
f 1283//1283 1281//1281 1282//1282 1275//1275
f 1284//1284 1295//1295 1293//1293 1291//1291
f 1284//1284 1279//1279 3329//3329 1295//1295
f 1289//1289 1288//1288 1285//1285 1287//1287
f 1294//1294 3328//3328 1285//1285 1288//1288
f 3330//3330 1282//1282 1285//1285 3328//3328
f 1286//1286 3301//3301 1312//1312 1311//1311
f 3325//3325 1474//1474 1286//1286 1311//1311
f 1474//1474 1289//1289 1287//1287 1286//1286
f 1292//1292 1294//1294 1288//1288 3209//3209
f 1289//1289 1473//1473 3209//3209 1288//1288
f 1291//1291 1293//1293 1470//1470 1290//1290
f 1470//1470 1293//1293 1292//1292 1476//1476
f 1292//1292 3209//3209 1478//1478 1476//1476
f 1294//1294 1292//1292 1293//1293 1295//1295
f 1295//1295 3329//3329 3328//3328 1294//1294
f 3430//3430 1300//1300 1298//1298 1297//1297
f 1299//1299 1012//1012 1301//1301 1302//1302
f 3303//3303 1298//1298 1299//1299 1303//1303
f 1304//1304 1302//1302 1301//1301 3299//3299
f 1301//1301 1014//1014 1316//1316 3299//3299
f 1303//1303 1299//1299 1302//1302 1305//1305
f 1307//1307 3302//3302 1303//1303 1305//1305
f 1305//1305 1302//1302 1304//1304 1306//1306
f 3298//3298 1306//1306 1304//1304 3297//3297
f 1307//1307 1305//1305 1306//1306 1309//1309
f 1310//1310 1309//1309 1306//1306 3298//3298
f 1307//1307 1309//1309 1308//1308 1312//1312
f 3301//3301 3302//3302 1307//1307 1312//1312
f 1308//1308 1309//1309 1310//1310 1314//1314
f 1311//1311 1312//1312 1308//1308 1506//1506
f 1308//1308 1314//1314 1313//1313 1506//1506
f 1311//1311 1506//1506 1510//1510 3325//3325
f 1313//1313 1314//1314 1507//1507 1511//1511
f 1313//1313 1509//1509 1510//1510 1506//1506
f 1314//1314 1310//1310 1315//1315 1507//1507
f 1315//1315 3294//3294 1542//1542 1508//1508
f 1315//1315 1310//1310 3298//3298 3294//3294
f 1316//1316 1318//1318 1320//1320 3299//3299
f 1317//1317 1319//1319 1318//1318 1316//1316
f 1318//1318 1319//1319 1321//1321 1323//1323
f 1318//1318 1323//1323 1322//1322 1320//1320
f 1321//1321 1319//1319 3204//3204 3300//3300
f 3297//3297 1320//1320 1322//1322 3295//3295
f 1323//1323 1321//1321 1324//1324 1328//1328
f 1323//1323 1328//1328 3296//3296 1322//1322
f 1324//1324 1326//1326 1325//1325 1327//1327
f 1324//1324 1321//1321 3300//3300 1326//1326
f 1329//1329 1331//1331 1325//1325 1326//1326
f 1337//1337 1327//1327 1325//1325 1335//1335
f 1326//1326 3300//3300 3227//3227 1329//1329
f 1328//1328 1324//1324 1327//1327 1339//1339
f 1328//1328 1339//1339 3203//3203 3296//3296
f 3293//3293 1331//1331 1329//1329 1109//1109
f 1333//1333 1332//1332 1331//1331 3293//3293
f 1335//1335 1325//1325 1331//1331 1332//1332
f 1338//1338 1335//1335 1332//1332 1336//1336
f 1336//1336 1332//1332 1333//1333 1334//1334
f 1336//1336 1334//1334 1357//1357 1363//1363
f 1337//1337 1335//1335 1338//1338 1340//1340
f 1339//1339 1327//1327 1337//1337 1341//1341
f 1363//1363 1342//1342 1338//1338 1336//1336
f 1339//1339 1341//1341 1546//1546 3203//3203
f 1341//1341 1337//1337 1340//1340 1578//1578
f 1342//1342 1343//1343 1340//1340 1338//1338
f 1340//1340 1343//1343 1580//1580 1578//1578
f 1341//1341 1578//1578 1549//1549 1546//1546
f 1371//1371 1343//1343 1342//1342 1367//1367
f 1345//1345 1346//1346 1344//1344 1125//1125
f 1360//1360 1353//1353 1344//1344 1346//1346
f 1345//1345 1127//1127 1347//1347 1346//1346
f 1355//1355 1360//1360 1346//1346 1347//1347
f 1348//1348 1354//1354 1355//1355 1347//1347
f 2835//2835 1354//1354 1348//1348 1350//1350
f 2546//2546 2552//2552 1349//1349 3155//3155
f 2552//2552 2828//2828 1350//1350 1349//1349
f 1353//1353 1351//1351 1352//1352 1344//1344
f 1352//1352 1330//1330 3132//3132 1124//1124
f 1352//1352 1351//1351 3399//3399 1330//1330
f 1353//1353 1356//1356 1357//1357 1351//1351
f 1353//1353 1360//1360 1359//1359 1356//1356
f 1354//1354 1361//1361 1358//1358 1355//1355
f 1354//1354 2835//2835 2840//2840 1361//1361
f 1356//1356 1362//1362 1363//1363 1357//1357
f 1356//1356 1359//1359 1364//1364 1362//1362
f 3399//3399 1351//1351 1357//1357 1334//1334
f 1358//1358 1359//1359 1360//1360 1355//1355
f 1366//1366 1365//1365 1358//1358 1361//1361
f 1365//1365 1364//1364 1359//1359 1358//1358
f 1367//1367 1342//1342 1363//1363 1362//1362
f 1364//1364 1369//1369 1367//1367 1362//1362
f 1368//1368 1369//1369 1364//1364 1365//1365
f 1370//1370 1368//1368 1365//1365 1366//1366
f 2840//2840 2844//2844 1366//1366 1361//1361
f 1373//1373 1583//1583 1368//1368 1370//1370
f 1369//1369 1372//1372 1371//1371 1367//1367
f 1583//1583 1372//1372 1369//1369 1368//1368
f 2844//2844 1374//1374 1370//1370 1366//1366
f 1371//1371 1579//1579 1580//1580 1343//1343
f 1371//1371 1372//1372 3472//3472 1579//1579
f 1372//1372 1583//1583 1582//1582 3472//3472
f 1374//1374 1375//1375 1373//1373 1370//1370
f 1373//1373 1581//1581 1582//1582 1583//1583
f 1373//1373 1375//1375 3121//3121 1581//1581
f 2851//2851 1375//1375 1374//1374 2848//2848
f 1385//1385 1384//1384 1377//1377 1376//1376
f 1377//1377 1384//1384 3263//3263 3264//3264
f 3270//3270 1164//1164 1377//1377 3264//3264
f 1405//1405 1404//1404 1378//1378 1379//1379
f 1379//1379 1380//1380 1381//1381 1386//1386
f 1383//1383 1382//1382 1381//1381 1380//1380
f 1389//1389 1386//1386 1381//1381 1390//1390
f 1382//1382 1387//1387 1388//1388 3512//3512
f 1390//1390 1381//1381 1382//1382 3512//3512
f 1383//1383 3292//3292 1387//1387 1382//1382
f 1384//1384 1392//1392 1394//1394 3263//3263
f 1392//1392 1384//1384 1385//1385 3509//3509
f 1445//1445 3509//3509 1385//1385 3250//3250
f 3251//3251 3250//3250 1385//1385 1376//1376
f 1386//1386 1410//1410 1405//1405 1379//1379
f 1394//1394 1388//1388 1387//1387 3263//3263
f 3264//3264 3263//3263 1387//1387 3292//3292
f 1389//1389 1390//1390 1391//1391 1423//1423
f 1389//1389 1414//1414 1410//1410 1386//1386
f 1419//1419 1414//1414 1389//1389 1423//1423
f 1394//1394 3181//3181 1391//1391 1388//1388
f 3512//3512 1388//1388 1391//1391 1390//1390
f 1392//1392 3509//3509 1396//1396 1393//1393
f 1394//1394 1392//1392 1393//1393 3181//3181
f 1393//1393 1395//1395 3180//3180 3181//3181
f 1395//1395 1393//1393 1396//1396 1397//1397
f 1398//1398 1397//1397 1396//1396 1399//1399
f 1445//1445 1399//1399 1396//1396 3509//3509
f 1397//1397 1424//1424 1425//1425 1395//1395
f 1398//1398 1435//1435 1424//1424 1397//1397
f 1449//1449 1398//1398 1399//1399 1448//1448
f 1401//1401 1404//1404 1405//1405 1408//1408
f 1407//1407 1406//1406 1401//1401 1408//1408
f 1403//1403 1406//1406 1407//1407 1411//1411
f 2883//2883 1402//1402 1403//1403 2886//2886
f 2887//2887 2886//2886 1403//1403 1411//1411
f 1409//1409 1408//1408 1405//1405 1410//1410
f 1409//1409 1413//1413 1407//1407 1408//1408
f 1412//1412 1411//1411 1407//1407 1413//1413
f 1409//1409 1410//1410 1414//1414 1418//1418
f 1415//1415 1413//1413 1409//1409 1418//1418
f 1412//1412 2891//2891 2887//2887 1411//1411
f 1412//1412 1417//1417 2894//2894 2891//2891
f 1417//1417 1412//1412 1413//1413 1415//1415
f 1417//1417 1415//1415 1416//1416 1420//1420
f 1416//1416 1415//1415 1418//1418 3481//3481
f 2898//2898 2894//2894 1417//1417 1420//1420
f 1418//1418 1414//1414 1419//1419 3481//3481
f 1419//1419 1422//1422 3133//3133 3481//3481
f 1420//1420 1416//1416 1421//1421 3136//3136
f 2902//2902 2898//2898 1420//1420 3136//3136
f 1421//1421 1416//1416 3481//3481 3133//3133
f 1422//1422 1419//1419 1423//1423 3180//3180
f 3181//3181 3180//3180 1423//1423 1391//1391
f 1434//1434 1427//1427 1424//1424 1435//1435
f 1427//1427 1426//1426 1425//1425 1424//1424
f 1425//1425 1426//1426 3133//3133 1422//1422
f 3180//3180 1395//1395 1425//1425 1422//1422
f 1427//1427 1428//1428 1429//1429 1426//1426
f 1434//1434 1437//1437 1428//1428 1427//1427
f 1436//1436 1431//1431 1428//1428 1437//1437
f 1431//1431 1430//1430 1429//1429 1428//1428
f 1429//1429 1421//1421 3133//3133 1426//1426
f 1429//1429 1430//1430 3136//3136 1421//1421
f 1431//1431 1432//1432 1433//1433 1430//1430
f 1436//1436 1467//1467 1432//1432 1431//1431
f 2914//2914 2905//2905 1432//1432 1467//1467
f 2905//2905 2904//2904 1433//1433 1432//1432
f 1433//1433 2904//2904 3134//3134 2902//2902
f 1433//1433 2902//2902 3136//3136 1430//1430
f 1449//1449 1462//1462 1435//1435 1398//1398
f 1463//1463 1434//1434 1435//1435 1462//1462
f 1463//1463 1464//1464 1437//1437 1434//1434
f 1465//1465 1436//1436 1437//1437 1464//1464
f 1438//1438 1440//1440 1443//1443 1442//1442
f 1442//1442 1441//1441 1439//1439 1438//1438
f 1439//1439 1441//1441 3250//3250 3251//3251
f 1455//1455 1443//1443 1440//1440 1450//1450
f 1441//1441 1444//1444 1445//1445 3250//3250
f 1447//1447 1444//1444 1441//1441 1442//1442
f 1446//1446 1447//1447 1442//1442 1443//1443
f 1448//1448 1399//1399 1445//1445 1444//1444
f 1446//1446 1462//1462 1449//1449 1447//1447
f 1455//1455 1459//1459 1446//1446 1443//1443
f 1447//1447 1449//1449 1448//1448 1444//1444
f 1451//1451 1454//1454 1455//1455 1450//1450
f 1457//1457 1454//1454 1451//1451 1452//1452
f 1453//1453 1456//1456 1457//1457 1452//1452
f 2659//2659 2947//2947 1453//1453 1204//1204
f 2953//2953 1456//1456 1453//1453 2947//2947
f 1458//1458 1459//1459 1455//1455 1454//1454
f 1457//1457 1461//1461 1458//1458 1454//1454
f 1460//1460 1461//1461 1457//1457 1456//1456
f 1458//1458 1464//1464 1463//1463 1459//1459
f 1459//1459 1463//1463 1462//1462 1446//1446
f 1460//1460 1466//1466 1465//1465 1461//1461
f 2953//2953 2958//2958 1460//1460 1456//1456
f 1461//1461 1465//1465 1464//1464 1458//1458
f 1465//1465 1466//1466 1467//1467 1436//1436
f 2958//2958 2961//2961 1466//1466 1460//1460
f 2961//2961 2914//2914 1467//1467 1466//1466
f 1471//1471 1290//1290 1470//1470 1486//1486
f 1483//1483 1468//1468 1471//1471 1486//1486
f 1472//1472 1516//1516 1480//1480 1473//1473
f 1517//1517 1516//1516 1472//1472 3326//3326
f 1472//1472 1474//1474 3325//3325 3326//3326
f 1474//1474 1472//1472 1473//1473 1289//1289
f 1477//1477 1475//1475 1476//1476 1478//1478
f 1476//1476 1475//1475 1486//1486 1470//1470
f 1477//1477 1493//1493 1487//1487 1475//1475
f 1479//1479 1477//1477 1478//1478 1480//1480
f 1479//1479 1500//1500 1493//1493 1477//1477
f 1481//1481 1479//1479 1480//1480 1516//1516
f 3209//3209 1473//1473 1480//1480 1478//1478
f 1481//1481 1505//1505 1500//1500 1479//1479
f 1481//1481 1516//1516 1517//1517 1520//1520
f 1525//1525 1505//1505 1481//1481 1520//1520
f 1482//1482 1468//1468 1483//1483 1488//1488
f 1485//1485 1469//1469 1482//1482 1488//1488
f 1484//1484 1469//1469 1485//1485 1490//1490
f 1492//1492 2989//2989 1484//1484 1490//1490
f 1487//1487 1483//1483 1486//1486 1475//1475
f 1488//1488 1483//1483 1487//1487 1494//1494
f 1495//1495 1494//1494 1487//1487 1493//1493
f 1489//1489 1485//1485 1488//1488 1494//1494
f 1490//1490 1485//1485 1489//1489 1497//1497
f 1495//1495 1496//1496 1489//1489 1494//1494
f 1498//1498 1497//1497 1489//1489 1496//1496
f 1491//1491 1492//1492 1490//1490 1497//1497
f 1498//1498 1499//1499 1491//1491 1497//1497
f 2998//2998 1492//1492 1491//1491 3003//3003
f 3004//3004 3003//3003 1491//1491 1499//1499
f 2993//2993 2989//2989 1492//1492 2998//2998
f 1501//1501 1495//1495 1493//1493 1500//1500
f 1501//1501 1502//1502 1496//1496 1495//1495
f 1503//1503 1498//1498 1496//1496 1502//1502
f 1503//1503 1504//1504 1499//1499 1498//1498
f 3011//3011 3004//3004 1499//1499 1504//1504
f 1505//1505 1526//1526 1501//1501 1500//1500
f 1529//1529 1502//1502 1501//1501 1526//1526
f 1529//1529 1530//1530 1503//1503 1502//1502
f 1533//1533 1504//1504 1503//1503 1530//1530
f 1527//1527 1526//1526 1505//1505 1525//1525
f 1507//1507 1315//1315 1508//1508 1512//1512
f 1514//1514 1512//1512 1508//1508 3514//3514
f 1508//1508 1542//1542 1543//1543 3514//3514
f 1509//1509 1313//1313 1511//1511 1515//1515
f 1513//1513 1510//1510 1509//1509 1522//1522
f 1509//1509 1515//1515 1519//1519 1522//1522
f 3326//3326 3325//3325 1510//1510 1513//1513
f 1511//1511 1507//1507 1512//1512 1515//1515
f 1513//1513 1521//1521 1517//1517 3326//3326
f 1523//1523 1521//1521 1513//1513 1522//1522
f 1515//1515 1512//1512 1514//1514 1519//1519
f 1519//1519 1514//1514 1518//1518 1524//1524
f 1518//1518 1553//1553 1540//1540 1524//1524
f 1554//1554 1553//1553 1518//1518 3138//3138
f 3514//3514 3138//3138 1518//1518 1514//1514
f 1519//1519 1524//1524 1523//1523 1522//1522
f 1520//1520 1517//1517 1521//1521 1534//1534
f 1521//1521 1523//1523 1541//1541 1534//1534
f 1524//1524 1540//1540 1541//1541 1523//1523
f 1525//1525 1520//1520 1534//1534 1535//1535
f 1527//1527 1528//1528 1529//1529 1526//1526
f 1527//1527 1525//1525 1535//1535 1537//1537
f 1537//1537 1536//1536 1528//1528 1527//1527
f 1538//1538 1531//1531 1528//1528 1536//1536
f 1531//1531 1530//1530 1529//1529 1528//1528
f 1531//1531 1532//1532 1533//1533 1530//1530
f 1538//1538 1539//1539 1532//1532 1531//1531
f 3035//3035 3031//3031 1532//1532 1539//1539
f 1533//1533 3030//3030 3011//3011 1504//1504
f 3031//3031 3030//3030 1533//1533 1532//1532
f 1541//1541 3171//3171 1535//1535 1534//1534
f 1535//1535 3171//3171 3170//3170 1537//1537
f 3170//3170 3169//3169 1536//1536 1537//1537
f 3169//3169 3174//3174 1538//1538 1536//1536
f 1538//1538 3174//3174 3173//3173 1539//1539
f 1540//1540 1567//1567 3171//3171 1541//1541
f 1545//1545 1544//1544 1543//1543 1542//1542
f 1544//1544 1548//1548 1547//1547 1543//1543
f 1545//1545 3296//3296 3203//3203 1544//1544
f 3294//3294 3295//3295 1545//1545 1542//1542
f 3514//3514 1543//1543 1547//1547 3138//3138
f 1548//1548 1546//1546 1549//1549 1550//1550
f 1577//1577 1547//1547 1548//1548 1550//1550
f 1548//1548 1544//1544 3203//3203 1546//1546
f 1549//1549 1578//1578 1580//1580 1551//1551
f 1551//1551 1552//1552 1550//1550 1549//1549
f 3409//3409 1552//1552 1551//1551 1584//1584
f 1552//1552 3141//3141 1577//1577 1550//1550
f 1553//1553 1566//1566 1567//1567 1540//1540
f 1554//1554 1576//1576 1566//1566 1553//1553
f 1557//1557 1555//1555 1556//1556 3409//3409
f 1556//1556 3162//3162 1576//1576 3141//3141
f 1556//1556 1555//1555 3144//3144 3162//3162
f 1557//1557 1558//1558 1559//1559 1555//1555
f 1564//1564 1558//1558 1557//1557 3434//3434
f 1557//1557 3409//3409 1584//1584 3434//3434
f 1561//1561 1560//1560 1559//1559 1558//1558
f 1559//1559 1560//1560 3142//3142 3489//3489
f 1559//1559 3489//3489 3144//3144 1555//1555
f 1561//1561 1562//1562 1563//1563 1560//1560
f 1564//1564 1565//1565 1561//1561 1558//1558
f 1565//1565 3073//3073 1562//1562 1561//1561
f 3072//3072 3067//3067 1562//1562 3073//3073
f 3067//3067 3066//3066 1563//1563 1562//1562
f 1563//1563 3485//3485 3142//3142 1560//1560
f 1581//1581 1565//1565 1564//1564 1582//1582
f 3472//3472 1582//1582 1564//1564 3434//3434
f 3162//3162 1569//1569 1566//1566 1576//1576
f 1569//1569 1568//1568 1567//1567 1566//1566
f 1568//1568 1571//1571 3169//3169 3170//3170
f 3171//3171 1567//1567 1568//1568 3170//3170
f 1569//1569 1570//1570 1571//1571 1568//1568
f 3162//3162 3144//3144 1570//1570 1569//1569
f 3489//3489 1573//1573 1570//1570 3144//3144
f 1573//1573 1572//1572 1571//1571 1570//1570
f 3169//3169 1571//1571 1572//1572 3174//3174
f 1572//1572 1575//1575 3173//3173 3174//3174
f 1573//1573 1574//1574 1575//1575 1572//1572
f 3142//3142 1574//1574 1573//1573 3489//3489
f 3080//3080 3079//3079 1575//1575 1574//1574
f 1575//1575 3079//3079 3172//3172 3173//3173
f 1576//1576 1554//1554 1577//1577 3141//3141
f 3138//3138 1547//1547 1577//1577 1554//1554
f 1579//1579 3472//3472 3434//3434 1584//1584
f 1580//1580 1579//1579 1584//1584 1551//1551
f 1581//1581 3121//3121 3073//3073 1565//1565
f 1586//1586 1587//1587 1588//1588 3183//3183
f 1627//1627 1626//1626 1586//1586 3183//3183
f 1588//1588 1595//1595 1594//1594 1590//1590
f 1591//1591 1589//1589 1590//1590 1592//1592
f 1590//1590 1594//1594 1596//1596 1592//1592
f 1590//1590 1589//1589 3183//3183 1588//1588
f 1591//1591 1592//1592 1593//1593 1607//1607
f 1591//1591 1632//1632 1629//1629 1589//1589
f 1633//1633 1632//1632 1591//1591 1607//1607
f 1596//1596 1600//1600 1593//1593 1592//1592
f 1608//1608 1607//1607 1593//1593 1609//1609
f 1593//1593 1600//1600 1611//1611 1609//1609
f 1594//1594 1599//1599 1598//1598 1596//1596
f 1595//1595 1597//1597 1599//1599 1594//1594
f 1600//1600 1596//1596 1598//1598 1615//1615
f 1598//1598 1601//1601 1619//1619 1615//1615
f 1599//1599 1602//1602 1601//1601 1598//1598
f 1600//1600 1615//1615 1614//1614 1611//1611
f 1601//1601 1602//1602 1604//1604 1606//1606
f 1601//1601 1606//1606 1605//1605 1619//1619
f 1602//1602 199//199 1603//1603 1604//1604
f 1774//1774 1604//1604 1603//1603 1777//1777
f 1775//1775 1606//1606 1604//1604 1774//1774
f 1622//1622 1619//1619 1605//1605 1778//1778
f 1779//1779 1778//1778 1605//1605 1776//1776
f 1776//1776 1605//1605 1606//1606 1775//1775
f 1608//1608 1609//1609 1610//1610 1612//1612
f 1608//1608 1612//1612 1618//1618 1653//1653
f 1608//1608 1653//1653 1633//1633 1607//1607
f 1610//1610 1609//1609 1611//1611 1616//1616
f 1613//1613 1612//1612 1610//1610 1616//1616
f 1613//1613 1617//1617 1618//1618 1612//1612
f 1620//1620 1621//1621 1613//1613 1616//1616
f 1613//1613 1621//1621 1783//1783 1617//1617
f 1616//1616 1611//1611 1614//1614 1620//1620
f 1614//1614 1615//1615 1619//1619 1622//1622
f 1614//1614 1622//1622 3418//3418 1620//1620
f 1617//1617 1783//1783 1785//1785 1656//1656
f 1652//1652 1653//1653 1618//1618 1657//1657
f 1618//1618 1617//1617 1656//1656 1657//1657
f 1623//1623 1621//1621 1620//1620 3418//3418
f 1780//1780 3418//3418 1622//1622 1778//1778
f 1623//1623 3418//3418 1780//1780 1782//1782
f 1623//1623 1784//1784 1783//1783 1621//1621
f 1634//1634 1635//1635 1624//1624 1625//1625
f 1625//1625 1626//1626 1627//1627 1628//1628
f 1636//1636 1634//1634 1625//1625 1628//1628
f 1628//1628 1627//1627 1629//1629 1630//1630
f 1631//1631 1630//1630 1629//1629 1632//1632
f 1629//1629 1627//1627 3183//3183 1589//1589
f 1630//1630 1638//1638 1636//1636 1628//1628
f 1637//1637 1638//1638 1630//1630 1631//1631
f 1631//1631 1632//1632 1633//1633 1651//1651
f 1652//1652 1651//1651 1633//1633 1653//1653
f 1635//1635 1634//1634 1640//1640 3471//3471
f 1636//1636 1639//1639 1640//1640 1634//1634
f 1636//1636 1638//1638 1642//1642 1639//1639
f 1637//1637 1641//1641 1642//1642 1638//1638
f 1651//1651 1655//1655 1637//1637 1631//1631
f 1637//1637 1655//1655 1661//1661 1641//1641
f 1639//1639 1643//1643 1644//1644 1640//1640
f 1639//1639 1642//1642 1646//1646 1643//1643
f 1641//1641 1645//1645 1646//1646 1642//1642
f 1641//1641 1661//1661 1665//1665 1645//1645
f 1647//1647 1648//1648 1644//1644 1643//1643
f 3471//3471 1640//1640 1644//1644 244//244
f 1646//1646 1650//1650 1647//1647 1643//1643
f 1649//1649 1650//1650 1646//1646 1645//1645
f 1802//1802 1803//1803 1648//1648 1647//1647
f 1665//1665 1667//1667 1649//1649 1645//1645
f 1650//1650 1805//1805 1802//1802 1647//1647
f 1804//1804 1805//1805 1650//1650 1649//1649
f 1654//1654 1655//1655 1651//1651 1652//1652
f 1657//1657 1659//1659 1654//1654 1652//1652
f 1654//1654 1660//1660 1661//1661 1655//1655
f 1654//1654 1659//1659 1663//1663 1660//1660
f 1787//1787 1658//1658 1656//1656 1785//1785
f 1658//1658 1659//1659 1657//1657 1656//1656
f 1662//1662 1663//1663 1659//1659 1658//1658
f 1660//1660 1664//1664 1665//1665 1661//1661
f 1660//1660 1663//1663 3381//3381 1664//1664
f 1787//1787 1806//1806 1662//1662 1658//1658
f 1662//1662 1806//1806 3350//3350 3291//3291
f 1663//1663 1662//1662 3291//3291 3381//3381
f 1666//1666 1667//1667 1665//1665 1664//1664
f 3381//3381 3233//3233 1666//1666 1664//1664
f 1667//1667 1808//1808 1804//1804 1649//1649
f 1807//1807 1808//1808 1667//1667 1666//1666
f 1669//1669 248//248 1668//1668 3404//3404
f 1668//1668 1672//1672 1671//1671 3404//3404
f 1668//1668 1676//1676 1677//1677 1672//1672
f 1671//1671 1672//1672 1670//1670 3402//3402
f 1670//1670 1675//1675 1674//1674 3402//3402
f 1670//1670 1672//1672 1677//1677 1678//1678
f 1670//1670 1678//1678 1679//1679 1675//1675
f 1674//1674 1675//1675 1673//1673 3405//3405
f 1673//1673 1675//1675 1679//1679 1680//1680
f 1673//1673 1680//1680 1681//1681 1684//1684
f 1673//1673 1684//1684 1683//1683 3405//3405
f 1866//1866 1872//1872 1677//1677 1676//1676
f 1867//1867 1678//1678 1677//1677 1872//1872
f 1867//1867 1875//1875 1679//1679 1678//1678
f 1868//1868 1680//1680 1679//1679 1875//1875
f 1868//1868 1899//1899 1681//1681 1680//1680
f 3175//3175 1685//1685 1681//1681 1899//1899
f 1683//1683 1684//1684 1682//1682 1687//1687
f 1682//1682 1685//1685 1690//1690 1686//1686
f 1683//1683 1687//1687 1716//1716 1714//1714
f 1684//1684 1681//1681 1685//1685 1682//1682
f 3483//3483 1690//1690 1685//1685 3175//3175
f 1687//1687 1682//1682 1686//1686 1721//1721
f 1686//1686 1688//1688 1689//1689 1721//1721
f 1690//1690 1691//1691 1688//1688 1686//1686
f 1727//1727 1689//1689 1688//1688 1691//1691
f 1717//1717 1721//1721 1689//1689 1726//1726
f 1898//1898 1691//1691 1690//1690 3483//3483
f 1694//1694 1695//1695 1693//1693 1696//1696
f 3402//3402 1696//1696 1693//1693 1671//1671
f 1693//1693 1692//1692 3404//3404 1671//1671
f 1694//1694 1701//1701 1698//1698 1695//1695
f 1702//1702 1701//1701 1694//1694 1697//1697
f 1697//1697 1694//1694 1696//1696 1707//1707
f 1697//1697 1707//1707 1706//1706 1708//1708
f 1700//1700 1699//1699 1698//1698 1701//1701
f 1705//1705 291//291 1699//1699 1731//1731
f 1700//1700 1701//1701 1702//1702 1703//1703
f 1700//1700 1733//1733 1731//1731 1699//1699
f 1735//1735 1733//1733 1700//1700 1703//1703
f 1704//1704 1703//1703 1702//1702 1710//1710
f 1708//1708 1710//1710 1702//1702 1697//1697
f 1704//1704 1737//1737 1735//1735 1703//1703
f 1709//1709 1708//1708 1706//1706 1714//1714
f 1707//1707 1696//1696 3402//3402 1674//1674
f 3405//3405 1706//1706 1707//1707 1674//1674
f 1709//1709 1712//1712 1710//1710 1708//1708
f 1713//1713 1712//1712 1709//1709 1715//1715
f 1711//1711 1704//1704 1710//1710 1712//1712
f 1711//1711 1712//1712 1713//1713 1719//1719
f 1711//1711 1762//1762 1737//1737 1704//1704
f 1763//1763 1762//1762 1711//1711 1719//1719
f 1713//1713 1715//1715 1718//1718 1723//1723
f 1720//1720 1719//1719 1713//1713 1723//1723
f 1715//1715 1709//1709 1714//1714 1716//1716
f 1714//1714 1706//1706 3405//3405 1683//1683
f 1716//1716 1717//1717 1718//1718 1715//1715
f 1721//1721 1717//1717 1716//1716 1687//1687
f 1722//1722 1718//1718 1717//1717 1726//1726
f 1763//1763 1719//1719 1720//1720 1725//1725
f 1723//1723 1718//1718 1722//1722 1729//1729
f 1728//1728 1729//1729 1722//1722 1924//1924
f 1722//1722 1726//1726 1923//1923 1924//1924
f 1724//1724 1720//1720 1723//1723 1729//1729
f 1725//1725 1720//1720 1724//1724 3249//3249
f 3358//3358 3249//3249 1724//1724 1925//1925
f 1764//1764 1763//1763 1725//1725 1768//1768
f 1726//1726 1689//1689 1727//1727 1923//1923
f 1727//1727 1691//1691 1898//1898 1900//1900
f 1729//1729 1728//1728 1925//1925 1724//1724
f 1738//1738 319//319 1730//1730 1739//1739
f 1740//1740 1739//1739 1730//1730 1732//1732
f 1732//1732 1730//1730 1731//1731 1733//1733
f 1735//1735 1734//1734 1732//1732 1733//1733
f 1740//1740 1732//1732 1734//1734 1741//1741
f 1742//1742 1741//1741 1734//1734 1736//1736
f 1736//1736 1734//1734 1735//1735 1737//1737
f 1761//1761 1736//1736 1737//1737 1762//1762
f 1743//1743 330//330 1738//1738 1739//1739
f 1744//1744 1743//1743 1739//1739 1740//1740
f 1741//1741 1746//1746 1744//1744 1740//1740
f 1745//1745 1746//1746 1741//1741 1742//1742
f 1742//1742 1736//1736 1761//1761 3131//3131
f 1747//1747 1743//1743 1744//1744 1752//1752
f 1754//1754 1752//1752 1744//1744 1746//1746
f 1754//1754 1746//1746 1745//1745 1756//1756
f 1771//1771 1756//1756 1745//1745 3126//3126
f 3131//3131 3126//3126 1745//1745 1742//1742
f 1751//1751 1750//1750 1747//1747 1752//1752
f 1750//1750 1749//1749 1748//1748 1747//1747
f 1757//1757 1749//1749 1750//1750 1758//1758
f 1754//1754 1753//1753 1751//1751 1752//1752
f 1758//1758 1750//1750 1751//1751 3419//3419
f 1759//1759 1760//1760 1753//1753 1755//1755
f 1753//1753 1760//1760 3419//3419 1751//1751
f 1755//1755 1753//1753 1754//1754 1756//1756
f 1771//1771 1773//1773 1755//1755 1756//1756
f 1758//1758 1960//1960 1961//1961 1757//1757
f 1758//1758 3419//3419 3467//3467 1960//1960
f 1773//1773 3420//3420 1759//1759 1755//1755
f 1759//1759 1962//1962 1963//1963 1760//1760
f 1759//1759 3420//3420 3463//3463 1962//1962
f 1763//1763 1764//1764 1761//1761 1762//1762
f 1765//1765 3131//3131 1761//1761 1764//1764
f 1766//1766 1767//1767 1765//1765 1770//1770
f 1768//1768 1770//1770 1765//1765 1764//1764
f 1765//1765 1767//1767 3126//3126 3131//3131
f 1766//1766 1770//1770 1942//1942 3346//3346
f 1767//1767 1766//1766 3345//3345 1772//1772
f 3249//3249 1769//1769 1768//1768 1725//1725
f 1770//1770 1768//1768 1769//1769 1942//1942
f 1943//1943 1942//1942 1769//1769 3347//3347
f 1773//1773 1771//1771 1772//1772 3466//3466
f 1772//1772 1771//1771 3126//3126 1767//1767
f 1772//1772 3345//3345 3221//3221 3466//3466
f 3176//3176 1776//1776 1775//1775 79//79
f 1779//1779 1781//1781 1780//1780 1778//1778
f 1782//1782 1780//1780 1781//1781 1794//1794
f 1782//1782 3370//3370 1784//1784 1623//1623
f 1784//1784 1786//1786 1785//1785 1783//1783
f 1788//1788 1786//1786 1784//1784 3370//3370
f 1787//1787 1785//1785 1786//1786 1789//1789
f 1793//1793 1789//1789 1786//1786 1788//1788
f 1787//1787 1789//1789 1812//1812 1806//1806
f 1792//1792 1793//1793 1788//1788 1797//1797
f 1813//1813 1812//1812 1789//1789 1793//1793
f 2005//2005 1799//1799 1790//1790 2011//2011
f 1799//1799 1798//1798 1791//1791 1790//1790
f 1792//1792 3275//3275 1813//1813 1793//1793
f 2007//2007 3275//3275 1792//1792 1801//1801
f 1794//1794 1791//1791 1798//1798 1795//1795
f 1794//1794 1795//1795 3370//3370 1782//1782
f 1796//1796 1797//1797 1795//1795 1798//1798
f 1799//1799 2006//2006 1796//1796 1798//1798
f 1800//1800 1801//1801 1796//1796 2006//2006
f 1797//1797 1796//1796 1801//1801 1792//1792
f 3370//3370 1795//1795 1797//1797 1788//1788
f 1800//1800 2006//2006 2009//2009 2010//2010
f 2008//2008 2007//2007 1801//1801 1800//1800
f 1823//1823 1803//1803 1802//1802 1826//1826
f 1802//1802 1805//1805 1825//1825 1826//1826
f 1824//1824 1825//1825 1805//1805 1804//1804
f 3233//3233 1849//1849 1807//1807 1666//1666
f 1808//1808 1848//1848 1824//1824 1804//1804
f 1847//1847 1848//1848 1808//1808 1807//1807
f 1810//1810 1811//1811 1809//1809 1814//1814
f 1809//1809 1849//1849 3233//3233 3380//3380
f 3362//3362 1814//1814 1809//1809 3380//3380
f 1810//1810 1814//1814 1815//1815 1821//1821
f 1810//1810 2045//2045 1856//1856 1811//1811
f 2050//2050 2045//2045 1810//1810 1821//1821
f 1811//1811 1850//1850 1849//1849 1809//1809
f 1855//1855 1850//1850 1811//1811 1856//1856
f 1812//1812 1813//1813 1816//1816 3519//3519
f 3350//3350 1806//1806 1812//1812 3519//3519
f 1815//1815 1814//1814 3362//3362 1819//1819
f 1816//1816 1813//1813 3275//3275 1817//1817
f 1818//1818 1816//1816 1817//1817 3289//3289
f 2007//2007 2025//2025 1817//1817 3275//3275
f 1817//1817 2025//2025 2026//2026 3289//3289
f 1818//1818 1819//1819 3519//3519 1816//1816
f 1819//1819 1818//1818 1820//1820 1815//1815
f 1819//1819 3362//3362 3350//3350 3519//3519
f 1820//1820 1822//1822 1821//1821 1815//1815
f 2027//2027 1822//1822 1820//1820 3290//3290
f 3289//3289 3290//3290 1820//1820 1818//1818
f 1822//1822 2027//2027 2028//2028 2051//2051
f 2050//2050 1821//1821 1822//1822 2051//2051
f 1828//1828 1825//1825 1824//1824 1834//1834
f 1824//1824 1848//1848 1851//1851 1834//1834
f 1827//1827 1823//1823 1826//1826 1831//1831
f 1826//1826 1825//1825 1828//1828 1831//1831
f 1829//1829 1830//1830 1827//1827 1831//1831
f 1828//1828 1833//1833 1829//1829 1831//1831
f 1832//1832 1833//1833 1828//1828 1834//1834
f 1835//1835 1836//1836 1830//1830 1829//1829
f 1851//1851 1853//1853 1832//1832 1834//1834
f 1833//1833 1838//1838 1835//1835 1829//1829
f 1837//1837 1838//1838 1833//1833 1832//1832
f 1839//1839 1836//1836 1835//1835 3446//3446
f 1853//1853 1859//1859 1837//1837 1832//1832
f 1840//1840 1841//1841 1838//1838 1837//1837
f 1838//1838 1841//1841 3446//3446 1835//1835
f 1843//1843 1844//1844 1839//1839 3446//3446
f 1842//1842 1841//1841 1840//1840 1845//1845
f 1859//1859 1862//1862 1840//1840 1837//1837
f 1840//1840 1862//1862 1865//1865 1845//1845
f 3446//3446 1841//1841 1842//1842 1843//1843
f 1843//1843 1842//1842 1846//1846 2070//2070
f 2070//2070 2071//2071 1844//1844 1843//1843
f 3443//3443 1839//1839 1844//1844 646//646
f 1846//1846 1842//1842 1845//1845 2076//2076
f 2072//2072 2070//2070 1846//1846 2075//2075
f 2074//2074 2075//2075 1846//1846 2076//2076
f 1849//1849 1850//1850 1847//1847 1807//1807
f 1851//1851 1848//1848 1847//1847 1854//1854
f 1855//1855 1854//1854 1847//1847 1850//1850
f 1852//1852 1853//1853 1851//1851 1854//1854
f 1858//1858 1859//1859 1853//1853 1852//1852
f 1854//1854 1855//1855 1857//1857 1852//1852
f 1857//1857 1855//1855 1856//1856 1860//1860
f 1857//1857 1863//1863 1858//1858 1852//1852
f 1861//1861 1862//1862 1859//1859 1858//1858
f 1860//1860 1864//1864 1863//1863 1857//1857
f 2045//2045 2047//2047 1860//1860 1856//1856
f 2048//2048 1864//1864 1860//1860 2047//2047
f 1863//1863 2053//2053 1861//1861 1858//1858
f 1865//1865 1862//1862 1861//1861 3445//3445
f 1861//1861 2053//2053 2052//2052 3445//3445
f 1864//1864 2049//2049 2053//2053 1863//1863
f 1865//1865 2077//2077 2076//2076 1845//1845
f 2099//2099 2077//2077 1865//1865 3445//3445
f 1866//1866 1870//1870 1871//1871 1872//1872
f 1867//1867 1872//1872 1871//1871 1873//1873
f 1867//1867 1873//1873 1874//1874 1875//1875
f 1868//1868 1875//1875 1874//1874 1878//1878
f 1870//1870 466//466 1876//1876 1880//1880
f 1877//1877 1871//1871 1870//1870 1880//1880
f 1873//1873 1871//1871 1877//1877 1882//1882
f 1879//1879 1874//1874 1873//1873 1882//1882
f 1881//1881 1880//1880 1876//1876 1887//1887
f 1881//1881 1890//1890 1877//1877 1880//1880
f 1883//1883 1882//1882 1877//1877 1890//1890
f 1878//1878 1874//1874 1879//1879 1905//1905
f 1899//1899 1868//1868 1878//1878 1904//1904
f 1883//1883 1884//1884 1879//1879 1882//1882
f 1886//1886 1905//1905 1879//1879 1884//1884
f 1883//1883 1891//1891 1893//1893 1884//1884
f 1885//1885 1886//1886 1884//1884 1893//1893
f 1897//1897 1917//1917 1885//1885 1893//1893
f 1912//1912 1886//1886 1885//1885 1914//1914
f 1916//1916 1914//1914 1885//1885 1917//1917
f 1909//1909 1905//1905 1886//1886 1912//1912
f 1888//1888 1881//1881 1887//1887 1889//1889
f 1888//1888 1892//1892 1890//1890 1881//1881
f 1894//1894 1888//1888 1889//1889 516//516
f 1891//1891 1883//1883 1890//1890 1892//1892
f 1897//1897 1893//1893 1891//1891 1895//1895
f 1894//1894 1896//1896 1892//1892 1888//1888
f 1895//1895 1891//1891 1892//1892 1896//1896
f 1919//1919 1920//1920 1895//1895 1896//1896
f 1921//1921 1897//1897 1895//1895 1920//1920
f 1918//1918 1919//1919 1896//1896 1894//1894
f 1906//1906 1901//1901 1898//1898 3483//3483
f 1900//1900 1898//1898 1901//1901 3426//3426
f 1902//1902 1903//1903 1900//1900 3426//3426
f 1900//1900 1903//1903 1923//1923 1727//1727
f 1901//1901 1906//1906 1910//1910 3426//3426
f 1910//1910 3231//3231 1902//1902 3426//3426
f 1902//1902 3231//3231 1936//1936 1929//1929
f 1929//1929 1928//1928 1903//1903 1902//1902
f 1904//1904 1878//1878 1905//1905 1909//1909
f 1904//1904 1907//1907 3175//3175 1899//1899
f 1906//1906 1907//1907 1908//1908 1910//1910
f 1909//1909 1908//1908 1907//1907 1904//1904
f 1907//1907 1906//1906 3483//3483 3175//3175
f 1909//1909 1912//1912 1911//1911 1908//1908
f 1910//1910 1908//1908 1911//1911 3231//3231
f 1911//1911 1913//1913 1936//1936 3231//3231
f 1913//1913 1911//1911 1912//1912 1914//1914
f 1915//1915 1913//1913 1914//1914 1916//1916
f 1915//1915 1931//1931 1936//1936 1913//1913
f 1939//1939 1940//1940 1915//1915 1916//1916
f 1921//1921 1922//1922 1917//1917 1897//1897
f 1939//1939 1916//1916 1917//1917 1922//1922
f 2131//2131 2133//2133 1918//1918 515//515
f 1918//1918 2133//2133 2136//2136 1919//1919
f 1919//1919 2136//2136 2137//2137 1920//1920
f 2137//2137 2140//2140 1921//1921 1920//1920
f 1921//1921 2140//2140 2151//2151 1922//1922
f 1928//1928 1924//1924 1923//1923 1903//1903
f 1924//1924 1928//1928 1926//1926 1728//1728
f 1926//1926 1927//1927 1925//1925 1728//1728
f 1925//1925 1927//1927 3208//3208 3358//3358
f 1926//1926 1930//1930 3349//3349 1927//1927
f 3365//3365 3208//3208 1927//1927 3349//3349
f 1928//1928 1929//1929 1930//1930 1926//1926
f 1930//1930 1931//1931 1932//1932 3349//3349
f 1930//1930 1929//1929 1936//1936 1931//1931
f 1931//1931 1915//1915 1940//1940 1932//1932
f 1933//1933 3365//3365 1937//1937 1934//1934
f 3208//3208 3365//3365 1933//1933 3348//3348
f 1935//1935 1933//1933 1934//1934 1952//1952
f 1934//1934 1937//1937 1938//1938 2154//2154
f 1935//1935 1951//1951 1945//1945 3260//3260
f 1935//1935 3260//3260 3348//3348 1933//1933
f 1937//1937 1932//1932 1940//1940 1938//1938
f 3349//3349 1932//1932 1937//1937 3365//3365
f 1938//1938 1941//1941 2153//2153 2154//2154
f 2151//2151 1941//1941 1939//1939 1922//1922
f 1941//1941 1938//1938 1940//1940 1939//1939
f 2152//2152 2153//2153 1941//1941 2151//2151
f 1942//1942 1943//1943 1944//1944 3346//3346
f 1945//1945 1944//1944 1943//1943 3260//3260
f 1944//1944 1945//1945 1949//1949 1947//1947
f 1955//1955 1949//1949 1945//1945 1951//1951
f 1948//1948 1946//1946 1947//1947 1950//1950
f 3346//3346 1944//1944 1947//1947 1946//1946
f 3222//3222 3221//3221 1948//1948 3201//3201
f 1948//1948 3221//3221 3345//3345 1946//1946
f 1950//1950 1947//1947 1949//1949 1957//1957
f 1949//1949 1955//1955 1958//1958 1957//1957
f 1950//1950 3200//3200 3201//3201 1948//1948
f 1952//1952 1954//1954 1951//1951 1935//1935
f 1956//1956 1955//1955 1951//1951 1954//1954
f 1952//1952 1934//1934 2154//2154 1953//1953
f 1954//1954 1952//1952 1953//1953 2179//2179
f 1953//1953 2155//2155 2158//2158 2179//2179
f 1956//1956 2180//2180 1958//1958 1955//1955
f 2179//2179 2181//2181 1956//1956 1954//1954
f 1956//1956 2181//2181 2186//2186 2180//2180
f 3200//3200 1950//1950 1957//1957 1959//1959
f 1959//1959 1957//1957 1958//1958 2182//2182
f 2183//2183 2182//2182 1958//1958 2180//2180
f 1995//1995 3200//3200 1959//1959 3219//3219
f 1959//1959 2182//2182 2217//2217 3219//3219
f 1960//1960 3467//3467 3468//3468 1966//1966
f 1966//1966 1967//1967 1961//1961 1960//1960
f 1962//1962 1964//1964 1965//1965 1963//1963
f 1962//1962 3463//3463 3469//3469 1964//1964
f 3419//3419 1760//1760 1963//1963 3467//3467
f 1970//1970 1971//1971 1965//1965 1964//1964
f 3467//3467 1963//1963 1965//1965 3468//3468
f 1965//1965 1971//1971 3474//3474 3468//3468
f 1968//1968 1969//1969 1967//1967 1966//1966
f 3468//3468 3474//3474 1968//1968 1966//1966
f 1972//1972 1973//1973 1969//1969 1968//1968
f 3469//3469 1986//1986 1970//1970 1964//1964
f 1974//1974 1975//1975 1971//1971 1970//1970
f 1971//1971 1975//1975 3477//3477 3474//3474
f 1972//1972 1976//1976 1977//1977 1973//1973
f 3474//3474 3477//3477 1972//1972 1968//1968
f 3492//3492 1976//1976 1972//1972 3477//3477
f 1973//1973 1977//1977 3494//3494 565//565
f 1974//1974 1978//1978 1979//1979 1975//1975
f 1986//1986 1985//1985 1974//1974 1970//1970
f 1983//1983 2199//2199 1976//1976 3492//3492
f 1977//1977 1980//1980 1981//1981 3494//3494
f 2199//2199 1980//1980 1977//1977 1976//1976
f 1985//1985 1993//1993 1978//1978 1974//1974
f 1979//1979 1982//1982 1983//1983 3492//3492
f 1999//1999 1982//1982 1979//1979 1978//1978
f 1979//1979 3492//3492 3477//3477 1975//1975
f 2197//2197 1981//1981 1980//1980 2204//2204
f 2200//2200 1983//1983 1982//1982 3451//3451
f 1984//1984 1985//1985 1986//1986 3261//3261
f 1984//1984 1990//1990 1992//1992 1994//1994
f 1994//1994 1993//1993 1985//1985 1984//1984
f 3465//3465 3261//3261 1986//1986 3469//3469
f 1987//1987 1988//1988 1989//1989 3363//3363
f 1995//1995 1997//1997 1987//1987 3202//3202
f 1987//1987 3363//3363 3364//3364 3202//3202
f 1997//1997 3288//3288 1988//1988 1987//1987
f 1991//1991 1990//1990 1989//1989 1988//1988
f 1989//1989 3261//3261 3465//3465 3363//3363
f 3261//3261 1989//1989 1990//1990 1984//1984
f 1992//1992 1990//1990 1991//1991 2000//2000
f 2001//2001 2000//2000 1991//1991 2219//2219
f 1991//1991 1988//1988 3288//3288 2219//2219
f 2004//2004 1994//1994 1992//1992 2000//2000
f 1993//1993 1998//1998 1999//1999 1978//1978
f 1998//1998 1993//1993 1994//1994 2004//2004
f 1996//1996 1997//1997 1995//1995 3219//3219
f 1995//1995 3202//3202 3201//3201 3200//3200
f 1996//1996 3219//3219 2217//2217 3225//3225
f 2220//2220 3288//3288 1997//1997 1996//1996
f 1999//1999 1998//1998 2003//2003 3456//3456
f 1999//1999 3456//3456 3451//3451 1982//1982
f 2002//2002 2004//2004 2000//2000 2001//2001
f 2218//2218 2222//2222 2001//2001 2219//2219
f 2002//2002 2001//2001 2222//2222 2225//2225
f 2223//2223 2003//2003 2002//2002 2225//2225
f 2004//2004 2002//2002 2003//2003 1998//1998
f 2006//2006 1799//1799 2005//2005 2009//2009
f 3229//3229 2025//2025 2007//2007 2008//2008
f 2008//2008 1800//1800 2010//2010 3254//3254
f 2012//2012 2013//2013 2009//2009 2005//2005
f 2010//2010 2009//2009 2013//2013 2015//2015
f 2012//2012 2005//2005 2011//2011 105//105
f 2014//2014 2013//2013 2012//2012 2021//2021
f 2015//2015 2013//2013 2014//2014 2017//2017
f 2014//2014 2021//2021 2022//2022 2251//2251
f 3377//3377 2017//2017 2014//2014 2251//2251
f 2015//2015 2016//2016 3254//3254 2010//2010
f 2017//2017 2018//2018 2016//2016 2015//2015
f 2023//2023 2018//2018 2017//2017 3377//3377
f 2018//2018 2019//2019 2020//2020 2016//2016
f 2023//2023 2024//2024 2019//2019 2018//2018
f 2044//2044 2043//2043 2019//2019 2024//2024
f 2043//2043 2036//2036 2020//2020 2019//2019
f 2020//2020 2035//2035 3254//3254 2016//2016
f 2252//2252 2251//2251 2022//2022 2254//2254
f 2253//2253 2024//2024 2023//2023 2256//2256
f 2026//2026 2029//2029 2030//2030 2031//2031
f 3229//3229 2029//2029 2026//2026 2025//2025
f 3290//3290 3289//3289 2026//2026 2031//2031
f 2027//2027 3290//3290 2031//2031 2033//2033
f 2028//2028 2027//2027 2033//2033 2040//2040
f 2035//2035 2034//2034 2029//2029 3229//3229
f 3246//3246 2030//2030 2029//2029 2034//2034
f 2038//2038 2032//2032 2030//2030 3246//3246
f 2032//2032 2033//2033 2031//2031 2030//2030
f 2040//2040 2033//2033 2032//2032 3232//3232
f 2034//2034 2036//2036 2037//2037 3246//3246
f 2035//2035 2020//2020 2036//2036 2034//2034
f 2039//2039 2037//2037 2036//2036 2043//2043
f 2037//2037 3376//3376 2038//2038 3246//3246
f 2037//2037 2039//2039 2295//2295 3376//3376
f 2297//2297 3511//3511 2038//2038 3376//3376
f 2038//2038 3511//3511 3232//3232 2032//2032
f 2296//2296 2295//2295 2039//2039 2300//2300
f 2041//2041 2042//2042 2040//2040 3232//3232
f 2040//2040 2042//2042 2060//2060 2028//2028
f 2042//2042 2064//2064 2063//2063 2060//2060
f 2042//2042 2041//2041 2349//2349 2064//2064
f 2043//2043 2044//2044 2300//2300 2039//2039
f 2253//2253 3277//3277 2044//2044 2024//2024
f 2301//2301 2300//2300 2044//2044 3277//3277
f 2046//2046 2047//2047 2045//2045 2050//2050
f 2046//2046 2055//2055 2048//2048 2047//2047
f 2046//2046 2050//2050 2051//2051 2062//2062
f 2054//2054 2055//2055 2046//2046 2062//2062
f 2049//2049 1864//1864 2048//2048 2057//2057
f 2052//2052 2053//2053 2049//2049 2058//2058
f 2051//2051 2028//2028 2060//2060 2062//2062
f 2052//2052 2102//2102 2099//2099 3445//3445
f 2055//2055 2056//2056 2057//2057 2048//2048
f 2061//2061 2056//2056 2055//2055 2054//2054
f 2056//2056 2061//2061 2067//2067 3236//3236
f 2057//2057 2059//2059 2058//2058 2049//2049
f 2057//2057 2056//2056 3236//3236 2059//2059
f 2058//2058 3515//3515 2102//2102 2052//2052
f 2058//2058 2059//2059 2106//2106 3515//3515
f 2063//2063 2065//2065 2061//2061 2054//2054
f 2063//2063 2054//2054 2062//2062 2060//2060
f 2063//2063 2064//2064 2066//2066 2065//2065
f 2065//2065 2354//2354 2067//2067 2061//2061
f 2349//2349 2351//2351 2066//2066 2064//2064
f 2066//2066 2353//2353 2354//2354 2065//2065
f 2068//2068 2069//2069 2067//2067 2354//2354
f 2067//2067 2069//2069 3237//3237 3236//3236
f 2118//2118 2069//2069 2068//2068 2357//2357
f 2069//2069 2118//2118 2119//2119 3237//3237
f 2072//2072 2073//2073 2071//2071 2070//2070
f 2078//2078 2073//2073 2072//2072 2080//2080
f 2072//2072 2075//2075 2079//2079 2080//2080
f 2074//2074 2076//2076 2077//2077 2101//2101
f 2079//2079 2075//2075 2074//2074 2082//2082
f 2074//2074 2101//2101 2103//2103 2082//2082
f 2100//2100 2101//2101 2077//2077 2099//2099
f 2078//2078 2081//2081 2086//2086 3437//3437
f 3442//3442 2073//2073 2078//2078 3437//3437
f 2081//2081 2078//2078 2080//2080 3436//3436
f 2080//2080 2079//2079 2083//2083 3436//3436
f 2083//2083 2079//2079 2082//2082 3438//3438
f 2082//2082 2103//2103 2105//2105 3438//3438
f 2083//2083 2087//2087 2088//2088 3436//3436
f 2089//2089 2087//2087 2083//2083 3438//3438
f 2084//2084 2085//2085 2086//2086 2081//2081
f 2084//2084 2081//2081 3436//3436 2088//2088
f 2090//2090 2091//2091 2085//2085 2084//2084
f 2088//2088 2093//2093 2090//2090 2084//2084
f 2092//2092 2093//2093 2088//2088 2087//2087
f 2089//2089 2094//2094 2092//2092 2087//2087
f 2105//2105 2113//2113 2089//2089 3438//3438
f 2090//2090 2095//2095 2096//2096 2091//2091
f 2090//2090 2093//2093 2098//2098 2095//2095
f 2092//2092 2097//2097 2098//2098 2093//2093
f 2092//2092 2094//2094 2124//2124 2097//2097
f 2113//2113 2117//2117 2094//2094 2089//2089
f 2125//2125 2096//2096 2095//2095 3454//3454
f 2095//2095 2098//2098 2126//2126 3454//3454
f 2126//2126 2098//2098 2097//2097 3413//3413
f 2097//2097 2124//2124 2127//2127 3413//3413
f 2100//2100 2099//2099 2102//2102 2108//2108
f 2103//2103 2101//2101 2100//2100 2104//2104
f 2100//2100 2108//2108 2107//2107 2104//2104
f 2105//2105 2103//2103 2104//2104 3439//3439
f 2104//2104 2107//2107 2111//2111 3439//3439
f 2112//2112 2113//2113 2105//2105 3439//3439
f 2106//2106 2114//2114 2109//2109 3515//3515
f 2119//2119 2114//2114 2106//2106 3237//3237
f 3236//3236 3237//3237 2106//2106 2059//2059
f 2107//2107 2108//2108 2109//2109 2110//2110
f 3515//3515 2109//2109 2108//2108 2102//2102
f 2111//2111 2107//2107 2110//2110 2382//2382
f 2114//2114 2115//2115 2110//2110 2109//2109
f 2111//2111 2122//2122 2112//2112 3439//3439
f 2121//2121 2122//2122 2111//2111 2382//2382
f 2116//2116 2117//2117 2113//2113 2112//2112
f 2119//2119 2120//2120 2115//2115 2114//2114
f 2115//2115 2380//2380 2382//2382 2110//2110
f 2122//2122 2385//2385 2116//2116 2112//2112
f 2123//2123 2117//2117 2116//2116 3455//3455
f 2116//2116 2385//2385 2130//2130 3455//3455
f 2117//2117 2123//2123 2124//2124 2094//2094
f 2118//2118 2357//2357 2387//2387 3354//3354
f 2119//2119 2118//2118 3354//3354 2120//2120
f 2380//2380 2115//2115 2120//2120 2381//2381
f 2121//2121 2384//2384 2385//2385 2122//2122
f 2127//2127 2124//2124 2123//2123 3411//3411
f 2129//2129 3411//3411 2123//2123 3455//3455
f 2404//2404 2405//2405 2125//2125 3454//3454
f 2126//2126 2410//2410 2404//2404 3454//3454
f 2419//2419 3215//3215 2128//2128 2130//2130
f 2128//2128 2420//2420 2421//2421 2129//2129
f 2130//2130 2128//2128 2129//2129 3455//3455
f 2384//2384 2419//2419 2130//2130 2385//2385
f 2134//2134 2133//2133 2131//2131 2132//2132
f 2134//2134 2135//2135 2136//2136 2133//2133
f 2142//2142 2143//2143 2134//2134 2132//2132
f 2134//2134 2143//2143 2146//2146 2135//2135
f 2138//2138 2137//2137 2136//2136 2135//2135
f 2138//2138 2139//2139 2140//2140 2137//2137
f 2146//2146 2147//2147 2138//2138 2135//2135
f 2138//2138 2147//2147 2150//2150 2139//2139
f 2152//2152 2151//2151 2140//2140 2139//2139
f 2144//2144 2143//2143 2142//2142 2141//2141
f 2144//2144 2145//2145 2146//2146 2143//2143
f 2161//2161 2162//2162 2144//2144 2141//2141
f 2144//2144 2162//2162 2164//2164 2145//2145
f 2148//2148 2147//2147 2146//2146 2145//2145
f 2148//2148 2149//2149 2150//2150 2147//2147
f 2164//2164 2165//2165 2148//2148 2145//2145
f 2148//2148 2165//2165 2167//2167 2149//2149
f 2150//2150 2156//2156 2152//2152 2139//2139
f 2157//2157 2156//2156 2150//2150 2149//2149
f 2156//2156 2155//2155 2153//2153 2152//2152
f 2155//2155 1953//1953 2154//2154 2153//2153
f 2157//2157 2158//2158 2155//2155 2156//2156
f 2167//2167 2185//2185 2157//2157 2149//2149
f 2181//2181 2179//2179 2158//2158 2184//2184
f 2185//2185 2184//2184 2158//2158 2157//2157
f 2160//2160 2161//2161 2159//2159 764//764
f 2162//2162 2161//2161 2160//2160 2168//2168
f 2169//2169 2168//2168 2160//2160 2173//2173
f 2163//2163 2164//2164 2162//2162 2168//2168
f 2165//2165 2164//2164 2163//2163 2170//2170
f 2163//2163 2168//2168 2169//2169 2175//2175
f 2171//2171 2170//2170 2163//2163 2175//2175
f 2166//2166 2167//2167 2165//2165 2170//2170
f 2166//2166 2170//2170 2171//2171 2178//2178
f 2185//2185 2167//2167 2166//2166 2189//2189
f 2191//2191 2189//2189 2166//2166 2178//2178
f 2169//2169 2172//2172 2174//2174 2175//2175
f 2171//2171 2176//2176 2177//2177 2178//2178
f 2173//2173 1073//1073 2172//2172 2169//2169
f 2503//2503 2174//2174 2172//2172 2505//2505
f 2176//2176 2171//2171 2175//2175 2174//2174
f 2176//2176 2174//2174 2503//2503 2507//2507
f 2504//2504 2177//2177 2176//2176 2507//2507
f 2192//2192 2191//2191 2178//2178 2177//2177
f 2180//2180 2186//2186 2187//2187 2183//2183
f 2181//2181 2184//2184 2188//2188 2186//2186
f 2221//2221 2217//2217 2182//2182 2183//2183
f 2188//2188 2184//2184 2185//2185 2189//2189
f 2190//2190 2187//2187 2186//2186 2188//2188
f 2187//2187 3245//3245 2221//2221 2183//2183
f 3524//3524 2188//2188 2189//2189 2191//2191
f 2192//2192 2193//2193 3524//3524 2191//2191
f 2195//2195 2194//2194 2190//2190 2524//2524
f 2190//2190 2194//2194 3245//3245 2187//2187
f 2192//2192 2177//2177 2504//2504 2525//2525
f 2527//2527 2193//2193 2192//2192 2525//2525
f 2522//2522 2521//2521 2193//2193 2527//2527
f 2524//2524 3524//3524 2193//2193 2523//2523
f 2235//2235 2234//2234 2194//2194 2195//2195
f 3500//3500 3245//3245 2194//2194 2234//2234
f 2197//2197 2201//2201 2202//2202 2196//2196
f 2200//2200 2198//2198 2199//2199 1983//1983
f 2204//2204 1980//1980 2199//2199 2198//2198
f 2200//2200 2205//2205 2206//2206 2198//2198
f 2200//2200 3451//3451 3452//3452 2205//2205
f 2204//2204 2203//2203 2201//2201 2197//2197
f 2211//2211 2210//2210 2201//2201 2203//2203
f 2210//2210 2209//2209 2202//2202 2201//2201
f 2204//2204 2198//2198 2206//2206 2203//2203
f 2205//2205 2207//2207 2208//2208 2206//2206
f 3165//3165 2207//2207 2205//2205 3452//3452
f 2206//2206 2208//2208 2211//2211 2203//2203
f 2207//2207 2215//2215 2216//2216 2208//2208
f 2210//2210 2212//2212 2213//2213 2209//2209
f 2211//2211 2214//2214 2212//2212 2210//2210
f 2216//2216 2214//2214 2211//2211 2208//2208
f 2241//2241 2240//2240 2212//2212 2214//2214
f 2212//2212 2240//2240 3166//3166 2213//2213
f 3165//3165 2249//2249 2215//2215 2207//2207
f 2216//2216 2242//2242 2241//2241 2214//2214
f 2243//2243 2242//2242 2216//2216 2215//2215
f 3226//3226 3225//3225 2217//2217 2221//2221
f 2220//2220 2218//2218 2219//2219 3288//3288
f 2224//2224 2218//2218 2220//2220 3324//3324
f 3225//3225 3324//3324 2220//2220 1996//1996
f 2222//2222 2218//2218 2224//2224 3504//3504
f 3128//3128 3369//3369 2223//2223 2226//2226
f 2223//2223 3369//3369 3456//3456 2003//2003
f 2226//2226 2223//2223 2225//2225 2227//2227
f 2225//2225 2222//2222 3504//3504 2227//2227
f 2228//2228 2226//2226 2227//2227 3311//3311
f 3312//3312 3311//3311 2227//2227 3504//3504
f 2228//2228 2233//2233 3128//3128 2226//2226
f 2230//2230 2231//2231 2229//2229 3323//3323
f 2229//2229 2224//2224 3324//3324 3323//3323
f 3359//3359 3312//3312 2229//2229 2231//2231
f 2229//2229 3312//3312 3504//3504 2224//2224
f 2230//2230 3500//3500 2234//2234 3375//3375
f 2230//2230 3323//3323 3226//3226 3500//3500
f 2231//2231 2230//2230 3375//3375 2556//2556
f 2233//2233 2228//2228 2232//2232 2238//2238
f 2239//2239 2238//2238 2232//2232 2237//2237
f 2232//2232 2228//2228 3311//3311 2236//2236
f 2529//2529 2528//2528 2235//2235 2195//2195
f 2235//2235 2557//2557 3375//3375 2234//2234
f 2237//2237 2232//2232 2236//2236 2559//2559
f 2236//2236 3359//3359 3244//3244 2559//2559
f 2236//2236 3311//3311 3312//3312 3359//3359
f 2237//2237 2559//2559 2560//2560 3243//3243
f 2249//2249 2233//2233 2238//2238 2248//2248
f 2239//2239 2250//2250 2248//2248 2238//2238
f 2239//2239 3163//3163 2589//2589 2250//2250
f 2239//2239 2237//2237 3243//3243 3163//3163
f 2241//2241 2244//2244 2245//2245 2240//2240
f 2247//2247 2244//2244 2241//2241 2242//2242
f 2243//2243 2246//2246 2247//2247 2242//2242
f 2249//2249 2248//2248 2243//2243 2215//2215
f 2580//2580 2579//2579 2245//2245 2244//2244
f 2245//2245 3185//3185 3166//3166 2240//2240
f 2245//2245 2579//2579 3184//3184 3185//3185
f 2248//2248 2250//2250 2246//2246 2243//2243
f 2589//2589 2582//2582 2246//2246 2250//2250
f 2247//2247 2581//2581 2580//2580 2244//2244
f 2582//2582 2581//2581 2247//2247 2246//2246
f 3128//3128 2233//2233 2249//2249 3165//3165
f 2252//2252 2254//2254 2255//2255 2259//2259
f 2261//2261 2257//2257 2252//2252 2259//2259
f 2252//2252 2257//2257 3377//3377 2251//2251
f 2253//2253 2256//2256 2258//2258 2264//2264
f 2260//2260 2259//2259 2255//2255 3191//3191
f 3377//3377 2257//2257 2256//2256 2023//2023
f 2258//2258 2256//2256 2257//2257 2261//2261
f 2262//2262 2261//2261 2259//2259 2260//2260
f 2260//2260 3191//3191 2604//2604 2603//2603
f 2263//2263 2258//2258 2261//2261 2262//2262
f 2262//2262 2260//2260 2603//2603 2605//2605
f 2262//2262 2605//2605 2607//2607 2263//2263
f 2264//2264 2258//2258 2263//2263 3269//3269
f 2264//2264 3276//3276 3277//3277 2253//2253
f 2265//2265 2266//2266 2267//2267 2316//2316
f 2265//2265 2607//2607 2608//2608 2266//2266
f 2267//2267 2266//2266 2609//2609 2614//2614
f 2663//2663 2325//2325 2267//2267 2614//2614
f 2269//2269 2270//2270 2268//2268 2271//2271
f 2268//2268 2285//2285 2284//2284 868//868
f 2286//2286 2285//2285 2268//2268 2270//2270
f 3179//3179 2270//2270 2269//2269 2273//2273
f 2287//2287 2286//2286 2270//2270 3179//3179
f 2271//2271 867//867 2272//2272 2278//2278
f 2274//2274 2269//2269 2271//2271 2278//2278
f 2273//2273 2269//2269 2274//2274 2279//2279
f 2277//2277 2276//2276 2273//2273 2279//2279
f 2275//2275 2276//2276 2277//2277 2281//2281
f 2311//2311 2309//2309 2275//2275 2281//2281
f 2275//2275 3178//3178 2320//2320 2276//2276
f 3431//3431 2306//2306 2275//2275 2309//2309
f 2276//2276 2320//2320 3179//3179 2273//2273
f 2280//2280 2274//2274 2278//2278 2332//2332
f 2279//2279 2274//2274 2280//2280 2328//2328
f 2282//2282 2277//2277 2279//2279 2328//2328
f 2281//2281 2277//2277 2282//2282 2330//2330
f 2314//2314 2311//2311 2281//2281 2330//2330
f 2284//2284 2292//2292 3190//3190 2283//2283
f 2285//2285 3189//3189 2292//2292 2284//2284
f 2289//2289 2288//2288 2286//2286 2287//2287
f 3189//3189 2285//2285 2286//2286 2288//2288
f 2320//2320 2319//2319 2287//2287 3179//3179
f 2289//2289 2293//2293 2294//2294 2288//2288
f 2319//2319 2322//2322 2289//2289 2287//2287
f 2327//2327 2293//2293 2289//2289 2322//2322
f 2292//2292 2290//2290 2291//2291 3190//3190
f 2640//2640 2639//2639 2291//2291 2290//2290
f 3188//3188 2290//2290 2292//2292 3189//3189
f 2642//2642 2641//2641 2294//2294 2293//2293
f 2294//2294 2641//2641 3187//3187 3188//3188
f 2294//2294 3188//3188 3189//3189 2288//2288
f 2295//2295 3279//3279 2297//2297 3376//3376
f 3431//3431 3279//3279 2295//2295 2296//2296
f 2297//2297 2298//2298 2299//2299 3511//3511
f 2308//2308 2298//2298 2297//2297 3279//3279
f 2302//2302 2299//2299 2298//2298 2312//2312
f 2298//2298 2308//2308 2310//2310 2312//2312
f 2299//2299 2302//2302 2349//2349 2041//2041
f 2299//2299 2041//2041 3232//3232 3511//3511
f 2307//2307 2296//2296 2300//2300 2301//2301
f 2301//2301 2303//2303 2304//2304 2307//2307
f 2302//2302 2312//2312 2359//2359 2350//2350
f 2303//2303 2301//2301 3277//3277 3276//3276
f 2317//2317 2318//2318 2304//2304 2303//2303
f 2305//2305 2306//2306 2307//2307 2304//2304
f 2305//2305 2304//2304 2318//2318 3149//3149
f 2305//2305 3149//3149 2321//2321 3178//3178
f 2306//2306 2305//2305 3178//3178 2275//2275
f 2307//2307 2306//2306 3431//3431 2296//2296
f 3431//3431 2309//2309 2308//2308 3279//3279
f 2310//2310 2308//2308 2309//2309 2311//2311
f 2313//2313 2310//2310 2311//2311 2314//2314
f 2312//2312 2310//2310 2313//2313 2359//2359
f 2362//2362 2313//2313 2314//2314 2363//2363
f 2364//2364 2363//2363 2314//2314 2330//2330
f 2317//2317 2315//2315 2316//2316 2324//2324
f 2325//2325 2324//2324 2316//2316 2267//2267
f 2316//2316 2315//2315 3269//3269 2265//2265
f 2317//2317 2303//2303 3276//3276 2315//2315
f 3286//3286 2318//2318 2317//2317 2324//2324
f 3287//3287 3149//3149 2318//2318 3286//3286
f 2323//2323 2322//2322 2319//2319 2321//2321
f 2321//2321 2319//2319 2320//2320 3178//3178
f 3287//3287 2323//2323 2321//2321 3149//3149
f 2323//2323 2326//2326 2327//2327 2322//2322
f 2664//2664 2326//2326 2323//2323 3287//3287
f 2669//2669 2665//2665 2325//2325 2663//2663
f 2325//2325 2665//2665 3286//3286 2324//2324
f 2327//2327 2667//2667 2642//2642 2293//2293
f 2668//2668 2667//2667 2327//2327 2326//2326
f 2328//2328 2280//2280 2329//2329 2336//2336
f 2331//2331 2282//2282 2328//2328 2336//2336
f 2329//2329 2280//2280 2332//2332 2333//2333
f 2334//2334 2335//2335 2329//2329 2333//2333
f 2337//2337 2336//2336 2329//2329 2335//2335
f 2330//2330 2282//2282 2331//2331 2364//2364
f 2337//2337 2338//2338 2331//2331 2336//2336
f 2331//2331 2338//2338 2344//2344 2364//2364
f 2339//2339 2340//2340 2335//2335 2334//2334
f 2341//2341 2337//2337 2335//2335 2340//2340
f 2341//2341 2342//2342 2338//2338 2337//2337
f 2345//2345 2340//2340 2339//2339 2684//2684
f 2346//2346 2341//2341 2340//2340 2345//2345
f 2342//2342 2343//2343 2344//2344 2338//2338
f 2346//2346 2347//2347 2342//2342 2341//2341
f 2347//2347 2348//2348 2343//2343 2342//2342
f 2377//2377 2373//2373 2343//2343 2348//2348
f 2363//2363 2364//2364 2344//2344 2372//2372
f 2373//2373 2372//2372 2344//2344 2343//2343
f 2346//2346 2345//2345 2685//2685 2686//2686
f 3475//3475 2347//2347 2346//2346 2686//2686
f 2690//2690 2348//2348 2347//2347 3475//3475
f 2350//2350 2351//2351 2349//2349 2302//2302
f 2350//2350 3253//3253 2352//2352 2351//2351
f 2350//2350 2359//2359 2361//2361 3253//3253
f 2351//2351 2352//2352 2353//2353 2066//2066
f 2352//2352 2356//2356 2355//2355 2353//2353
f 2352//2352 3253//3253 2367//2367 2356//2356
f 2355//2355 2068//2068 2354//2354 2353//2353
f 2355//2355 2358//2358 2357//2357 2068//2068
f 2355//2355 2356//2356 2360//2360 2358//2358
f 2371//2371 2393//2393 2358//2358 2360//2360
f 2358//2358 2393//2393 2387//2387 2357//2357
f 2362//2362 2361//2361 2359//2359 2313//2313
f 2367//2367 2369//2369 2360//2360 2356//2356
f 2370//2370 2371//2371 2360//2360 2369//2369
f 2366//2366 2365//2365 2361//2361 2362//2362
f 2361//2361 2365//2365 2367//2367 3253//3253
f 2366//2366 2362//2362 2363//2363 2372//2372
f 2374//2374 2368//2368 2365//2365 2366//2366
f 2368//2368 2369//2369 2367//2367 2365//2365
f 2370//2370 2369//2369 2368//2368 2379//2379
f 2370//2370 2375//2375 2376//2376 2371//2371
f 2370//2370 2379//2379 2692//2692 2375//2375
f 2374//2374 2366//2366 2372//2372 2373//2373
f 2377//2377 2378//2378 2374//2374 2373//2373
f 2374//2374 2378//2378 2379//2379 2368//2368
f 2375//2375 2692//2692 2695//2695 2398//2398
f 2376//2376 2388//2388 2393//2393 2371//2371
f 2376//2376 2397//2397 2396//2396 2388//2388
f 2376//2376 2375//2375 2398//2398 2397//2397
f 2377//2377 2348//2348 2690//2690 2693//2693
f 2693//2693 2691//2691 2378//2378 2377//2377
f 2379//2379 2378//2378 2691//2691 2692//2692
f 2386//2386 2383//2383 2380//2380 2381//2381
f 2381//2381 2120//2120 3354//3354 3379//3379
f 2383//2383 2121//2121 2382//2382 2380//2380
f 2384//2384 2121//2121 2383//2383 2390//2390
f 2384//2384 2390//2390 3216//3216 2419//2419
f 2386//2386 2391//2391 2390//2390 2383//2383
f 2386//2386 3344//3344 2394//2394 2391//2391
f 2386//2386 2381//2381 3379//3379 3344//3344
f 2388//2388 2389//2389 2387//2387 2393//2393
f 2387//2387 2389//2389 3379//3379 3354//3354
f 2392//2392 2389//2389 2388//2388 2396//2396
f 3344//3344 3379//3379 2389//2389 2392//2392
f 2390//2390 2391//2391 3336//3336 3216//3216
f 2391//2391 2394//2394 2395//2395 3336//3336
f 2399//2399 2401//2401 2395//2395 2394//2394
f 2436//2436 3336//3336 2395//2395 2403//2403
f 2399//2399 2392//2392 2396//2396 3343//3343
f 2731//2731 2732//2732 2397//2397 2398//2398
f 2397//2397 2732//2732 3343//3343 2396//2396
f 2730//2730 2731//2731 2398//2398 2695//2695
f 2400//2400 2401//2401 2399//2399 3343//3343
f 2399//2399 2394//2394 3344//3344 2392//2392
f 2400//2400 2737//2737 2402//2402 2401//2401
f 2732//2732 2733//2733 2400//2400 3343//3343
f 2400//2400 2733//2733 2743//2743 2737//2737
f 2401//2401 2402//2402 2403//2403 2395//2395
f 2437//2437 2436//2436 2403//2403 3214//3214
f 2403//2403 2402//2402 2729//2729 3214//3214
f 2406//2406 2407//2407 2405//2405 2404//2404
f 2410//2410 2409//2409 2406//2406 2404//2404
f 2411//2411 2412//2412 2407//2407 2406//2406
f 2408//2408 2409//2409 2410//2410 3412//3412
f 2423//2423 2415//2415 2408//2408 3412//3412
f 2411//2411 2406//2406 2409//2409 2414//2414
f 2413//2413 2414//2414 2409//2409 2408//2408
f 3413//3413 3412//3412 2410//2410 2126//2126
f 2418//2418 3398//3398 2411//2411 2414//2414
f 2411//2411 3398//3398 2448//2448 2412//2412
f 2413//2413 2408//2408 2415//2415 2425//2425
f 2413//2413 2416//2416 2418//2418 2414//2414
f 2435//2435 2416//2416 2413//2413 2425//2425
f 2424//2424 2425//2425 2415//2415 2422//2422
f 2417//2417 2418//2418 2416//2416 2455//2455
f 2416//2416 2435//2435 2434//2434 2455//2455
f 3398//3398 2418//2418 2417//2417 2450//2450
f 3215//3215 2430//2430 2420//2420 2128//2128
f 2421//2421 2427//2427 2422//2422 3410//3410
f 2421//2421 2420//2420 2428//2428 2427//2427
f 3411//3411 2129//2129 2421//2421 3410//3410
f 2422//2422 2415//2415 2423//2423 3410//3410
f 2422//2422 2427//2427 2426//2426 2424//2424
f 3411//3411 3410//3410 2423//2423 2127//2127
f 2423//2423 3412//3412 3413//3413 2127//2127
f 2424//2424 2433//2433 2435//2435 2425//2425
f 3195//3195 2433//2433 2424//2424 2426//2426
f 2426//2426 2427//2427 2428//2428 2429//2429
f 2430//2430 2432//2432 2428//2428 2420//2420
f 2439//2439 2429//2429 2428//2428 2432//2432
f 2441//2441 2440//2440 2429//2429 2439//2439
f 2429//2429 2440//2440 3195//3195 2426//2426
f 2432//2432 2430//2430 2431//2431 2438//2438
f 2436//2436 2437//2437 2431//2431 3217//3217
f 2442//2442 2438//2438 2431//2431 2437//2437
f 2431//2431 2430//2430 3215//3215 3217//3217
f 2434//2434 2435//2435 2433//2433 2477//2477
f 2478//2478 2477//2477 2433//2433 3195//3195
f 2437//2437 3214//3214 2763//2763 2442//2442
f 2439//2439 2432//2432 2438//2438 2444//2444
f 2438//2438 2442//2442 2443//2443 2444//2444
f 2440//2440 2441//2441 2497//2497 2479//2479
f 2444//2444 2446//2446 2441//2441 2439//2439
f 2765//2765 2443//2443 2442//2442 2763//2763
f 2766//2766 2445//2445 2443//2443 2765//2765
f 2445//2445 2446//2446 2444//2444 2443//2443
f 2445//2445 2762//2762 2498//2498 2446//2446
f 2445//2445 2766//2766 2767//2767 2762//2762
f 2497//2497 2441//2441 2446//2446 2498//2498
f 2450//2450 2449//2449 2448//2448 3398//3398
f 2448//2448 2447//2447 3397//3397 2412//2412
f 2450//2450 2451//2451 2452//2452 2449//2449
f 2450//2450 2417//2417 2454//2454 2451//2451
f 2457//2457 2452//2452 2451//2451 3148//3148
f 2461//2461 3148//3148 2451//2451 2454//2454
f 2461//2461 2454//2454 2453//2453 3147//3147
f 2464//2464 3147//3147 2453//2453 2476//2476
f 2455//2455 2453//2453 2454//2454 2417//2417
f 2455//2455 2434//2434 2476//2476 2453//2453
f 2459//2459 2458//2458 2457//2457 3148//3148
f 2461//2461 2460//2460 2459//2459 3148//3148
f 2459//2459 3417//3417 2473//2473 2458//2458
f 2460//2460 2463//2463 3415//3415 2474//2474
f 2460//2460 2474//2474 3417//3417 2459//2459
f 2463//2463 2460//2460 2461//2461 3147//3147
f 2462//2462 2482//2482 2494//2494 2495//2495
f 2462//2462 2495//2495 3415//3415 2463//2463
f 2464//2464 2462//2462 2463//2463 3147//3147
f 2464//2464 2476//2476 2475//2475 3129//3129
f 2482//2482 2462//2462 2464//2464 3129//3129
f 2465//2465 2472//2472 2473//2473 3417//3417
f 2474//2474 2466//2466 2465//2465 3417//3417
f 2520//2520 2472//2472 2465//2465 2467//2467
f 2467//2467 2465//2465 2466//2466 2468//2468
f 2469//2469 2468//2468 2466//2466 2470//2470
f 2468//2468 2518//2518 2514//2514 2467//2467
f 2517//2517 2518//2518 2468//2468 2469//2469
f 2469//2469 2470//2470 2471//2471 2486//2486
f 2470//2470 2466//2466 2474//2474 3415//3415
f 2487//2487 2486//2486 2471//2471 2488//2488
f 2471//2471 2495//2495 2494//2494 2488//2488
f 3415//3415 2495//2495 2471//2471 2470//2470
f 2483//2483 3129//3129 2475//2475 2480//2480
f 2477//2477 2475//2475 2476//2476 2434//2434
f 2477//2477 2478//2478 2480//2480 2475//2475
f 2480//2480 2478//2478 2479//2479 2492//2492
f 2493//2493 2492//2492 2479//2479 2497//2497
f 2479//2479 2478//2478 3195//3195 2440//2440
f 2485//2485 2483//2483 2480//2480 2492//2492
f 2481//2481 3470//3470 2494//2494 2482//2482
f 2483//2483 2481//2481 2482//2482 3129//3129
f 2483//2483 2485//2485 2484//2484 2481//2481
f 2484//2484 2485//2485 2499//2499 2784//2784
f 2500//2500 2496//2496 2484//2484 2784//2784
f 2484//2484 2496//2496 3470//3470 2481//2481
f 2485//2485 2492//2492 2493//2493 2499//2499
f 2486//2486 2535//2535 2517//2517 2469//2469
f 2534//2534 2535//2535 2486//2486 2487//2487
f 2487//2487 2488//2488 2489//2489 2490//2490
f 3457//3457 2534//2534 2487//2487 2490//2490
f 2494//2494 3470//3470 2489//2489 2488//2488
f 2496//2496 2491//2491 2489//2489 3470//3470
f 2490//2490 2489//2489 2491//2491 2501//2501
f 2490//2490 2501//2501 2540//2540 3457//3457
f 2500//2500 2787//2787 2491//2491 2496//2496
f 2502//2502 2501//2501 2491//2491 2787//2787
f 2493//2493 2497//2497 2498//2498 3284//3284
f 2783//2783 2499//2499 2493//2493 3284//3284
f 2499//2499 2783//2783 2785//2785 2784//2784
f 2500//2500 2784//2784 2785//2785 2786//2786
f 2541//2541 2540//2540 2501//2501 2502//2502
f 2502//2502 2787//2787 2788//2788 2792//2792
f 2811//2811 2541//2541 2502//2502 2792//2792
f 2503//2503 2505//2505 2506//2506 2509//2509
f 2503//2503 2509//2509 2508//2508 2507//2507
f 2504//2504 2507//2507 2508//2508 2511//2511
f 2504//2504 2511//2511 2526//2526 2525//2525
f 2510//2510 2509//2509 2506//2506 2513//2513
f 2508//2508 2509//2509 2510//2510 2516//2516
f 2512//2512 2511//2511 2508//2508 2516//2516
f 2526//2526 2511//2511 2512//2512 2519//2519
f 2513//2513 2515//2515 2514//2514 2510//2510
f 2516//2516 2510//2510 2514//2514 2518//2518
f 2514//2514 2515//2515 2520//2520 2467//2467
f 2516//2516 2518//2518 2517//2517 2512//2512
f 2519//2519 2512//2512 2517//2517 2535//2535
f 2519//2519 2535//2535 2534//2534 2533//2533
f 2521//2521 2529//2529 2523//2523 2193//2193
f 2531//2531 2530//2530 2521//2521 2522//2522
f 2537//2537 2531//2531 2522//2522 3389//3389
f 2524//2524 2523//2523 2529//2529 2195//2195
f 2527//2527 2525//2525 2526//2526 2532//2532
f 2533//2533 2532//2532 2526//2526 2519//2519
f 2527//2527 2532//2532 3389//3389 2522//2522
f 2557//2557 2235//2235 2528//2528 3224//3224
f 2530//2530 2528//2528 2529//2529 2521//2521
f 2530//2530 2564//2564 3224//3224 2528//2528
f 2564//2564 2530//2530 2531//2531 2566//2566
f 2533//2533 2536//2536 3389//3389 2532//2532
f 2536//2536 2533//2533 2534//2534 3457//3457
f 2536//2536 2538//2538 2537//2537 3389//3389
f 2540//2540 2542//2542 2536//2536 3457//3457
f 2537//2537 2539//2539 2566//2566 2531//2531
f 2539//2539 2537//2537 2538//2538 2545//2545
f 2542//2542 2544//2544 2538//2538 2536//2536
f 2543//2543 2542//2542 2540//2540 2541//2541
f 2544//2544 2542//2542 2543//2543 2810//2810
f 2543//2543 2541//2541 2811//2811 2814//2814
f 2812//2812 2810//2810 2543//2543 2814//2814
f 2545//2545 2538//2538 2544//2544 2575//2575
f 2813//2813 2575//2575 2544//2544 2810//2810
f 2545//2545 2576//2576 2567//2567 2539//2539
f 2548//2548 2546//2546 2547//2547 2587//2587
f 2583//2583 2587//2587 2547//2547 2584//2584
f 2547//2547 2546//2546 3155//3155 3156//3156
f 2547//2547 3156//3156 3493//3493 2584//2584
f 2550//2550 2549//2549 2548//2548 2587//2587
f 2548//2548 2553//2553 2552//2552 2546//2546
f 2548//2548 2549//2549 2555//2555 2553//2553
f 2551//2551 2549//2549 2550//2550 2588//2588
f 2583//2583 2586//2586 2550//2550 2587//2587
f 2551//2551 2554//2554 2555//2555 2549//2549
f 2551//2551 3157//3157 2832//2832 2554//2554
f 3158//3158 3157//3157 2551//2551 2588//2588
f 2553//2553 2829//2829 2828//2828 2552//2552
f 2553//2553 2555//2555 2830//2830 2829//2829
f 2554//2554 2831//2831 2830//2830 2555//2555
f 2554//2554 2832//2832 2833//2833 2831//2831
f 2557//2557 2558//2558 2556//2556 3375//3375
f 2556//2556 2558//2558 2561//2561 3244//3244
f 2556//2556 3244//3244 3359//3359 2231//2231
f 3313//3313 2558//2558 2557//2557 3224//3224
f 2562//2562 2561//2561 2558//2558 3313//3313
f 2562//2562 2569//2569 2560//2560 2561//2561
f 2560//2560 2559//2559 3244//3244 2561//2561
f 3321//3321 2569//2569 2562//2562 3322//3322
f 2563//2563 2565//2565 2571//2571 3322//3322
f 2563//2563 3313//3313 3224//3224 2564//2564
f 2565//2565 2563//2563 2564//2564 2566//2566
f 2567//2567 2565//2565 2566//2566 2539//2539
f 2567//2567 2577//2577 2571//2571 2565//2565
f 2578//2578 2577//2577 2567//2567 2576//2576
f 2570//2570 2568//2568 2569//2569 3321//3321
f 2569//2569 2568//2568 3243//3243 2560//2560
f 2572//2572 2574//2574 2570//2570 3321//3321
f 3371//3371 2568//2568 2570//2570 3393//3393
f 2570//2570 2574//2574 3487//3487 3393//3393
f 2573//2573 2572//2572 2571//2571 2577//2577
f 3321//3321 3322//3322 2571//2571 2572//2572
f 2574//2574 2572//2572 2573//2573 2859//2859
f 2573//2573 2577//2577 2578//2578 3517//3517
f 2860//2860 2859//2859 2573//2573 3517//3517
f 2576//2576 2545//2545 2575//2575 2858//2858
f 2858//2858 2864//2864 2578//2578 2576//2576
f 2578//2578 2864//2864 3339//3339 3517//3517
f 2580//2580 2583//2583 2584//2584 2579//2579
f 2586//2586 2583//2583 2580//2580 2581//2581
f 2582//2582 2585//2585 2586//2586 2581//2581
f 3390//3390 2585//2585 2582//2582 2589//2589
f 2584//2584 3493//3493 3184//3184 2579//2579
f 2588//2588 2550//2550 2586//2586 2585//2585
f 3390//3390 3158//3158 2588//2588 2585//2585
f 3371//3371 3390//3390 2589//2589 3163//3163
f 2596//2596 2594//2594 2593//2593 2600//2600
f 2594//2594 2596//2596 2597//2597 2595//2595
f 2629//2629 2626//2626 2595//2595 2597//2597
f 2597//2597 2596//2596 2601//2601 2635//2635
f 2598//2598 2599//2599 2600//2600 2593//2593
f 2598//2598 2591//2591 2884//2884 2599//2599
f 2885//2885 2600//2600 2599//2599 2888//2888
f 2601//2601 2596//2596 2600//2600 2885//2885
f 2603//2603 2604//2604 2602//2602 2611//2611
f 2606//2606 2605//2605 2603//2603 2611//2611
f 2608//2608 2607//2607 2605//2605 2606//2606
f 2606//2606 2611//2611 2612//2612 2617//2617
f 2613//2613 2608//2608 2606//2606 2617//2617
f 2607//2607 2265//2265 3269//3269 2263//2263
f 2609//2609 2266//2266 2608//2608 2613//2613
f 2615//2615 2614//2614 2609//2609 2619//2619
f 2611//2611 2602//2602 2610//2610 2612//2612
f 2612//2612 2610//2610 2616//2616 2621//2621
f 2618//2618 2617//2617 2612//2612 2621//2621
f 2613//2613 2617//2617 2618//2618 2623//2623
f 2619//2619 2609//2609 2613//2613 2623//2623
f 2615//2615 2619//2619 2620//2620 3285//3285
f 2663//2663 2614//2614 2615//2615 2673//2673
f 2677//2677 2673//2673 2615//2615 3285//3285
f 2616//2616 2628//2628 2622//2622 2621//2621
f 2618//2618 2621//2621 2622//2622 2630//2630
f 2624//2624 2623//2623 2618//2618 2630//2630
f 2619//2619 2623//2623 2624//2624 2620//2620
f 2636//2636 2638//2638 2620//2620 2624//2624
f 2622//2622 2628//2628 2627//2627 3462//3462
f 2631//2631 2630//2630 2622//2622 3462//3462
f 2624//2624 2630//2630 2631//2631 2636//2636
f 2626//2626 2627//2627 2628//2628 2625//2625
f 2627//2627 2626//2626 2629//2629 3130//3130
f 2629//2629 2597//2597 2635//2635 2917//2917
f 3127//3127 3130//3130 2629//2629 2917//2917
f 2631//2631 2918//2918 2637//2637 2636//2636
f 2677//2677 3285//3285 2632//2632 2634//2634
f 2634//2634 2632//2632 2633//2633 3248//3248
f 2633//2633 2632//2632 2638//2638 2915//2915
f 2674//2674 2677//2677 2634//2634 2678//2678
f 2635//2635 2601//2601 2890//2890 2916//2916
f 2638//2638 2636//2636 2637//2637 2915//2915
f 2638//2638 2632//2632 3285//3285 2620//2620
f 2640//2640 2643//2643 2644//2644 2639//2639
f 2650//2650 2643//2643 2640//2640 3187//3187
f 3188//3188 3187//3187 2640//2640 2290//2290
f 2642//2642 2645//2645 2646//2646 2641//2641
f 2672//2672 2645//2645 2642//2642 2667//2667
f 2648//2648 2647//2647 2644//2644 2643//2643
f 2652//2652 2651//2651 2646//2646 2645//2645
f 2646//2646 2650//2650 3187//3187 2641//2641
f 2654//2654 2653//2653 2647//2647 2648//2648
f 2650//2650 2649//2649 2648//2648 2643//2643
f 2649//2649 2655//2655 2654//2654 2648//2648
f 2656//2656 2655//2655 2649//2649 2651//2651
f 2651//2651 2649//2649 2650//2650 2646//2646
f 2657//2657 2656//2656 2651//2651 2652//2652
f 2672//2672 2675//2675 2652//2652 2645//2645
f 2654//2654 2658//2658 2659//2659 2653//2653
f 2661//2661 2658//2658 2654//2654 2655//2655
f 2656//2656 2660//2660 2661//2661 2655//2655
f 2657//2657 2662//2662 2660//2660 2656//2656
f 2675//2675 2680//2680 2657//2657 2652//2652
f 2683//2683 2662//2662 2657//2657 2680//2680
f 2948//2948 2947//2947 2659//2659 2658//2658
f 2951//2951 2950//2950 2660//2660 2662//2662
f 2661//2661 2949//2949 2948//2948 2658//2658
f 2950//2950 2949//2949 2661//2661 2660//2660
f 2664//2664 2666//2666 2668//2668 2326//2326
f 3286//3286 2665//2665 2664//2664 3287//3287
f 2666//2666 2664//2664 2665//2665 2669//2669
f 2666//2666 2669//2669 2670//2670 3145//3145
f 2668//2668 2671//2671 2672//2672 2667//2667
f 3145//3145 2671//2671 2668//2668 2666//2666
f 2673//2673 2670//2670 2669//2669 2663//2663
f 2676//2676 2675//2675 2672//2672 2671//2671
f 2674//2674 2670//2670 2673//2673 2677//2677
f 3145//3145 2670//2670 2674//2674 2679//2679
f 2681//2681 2680//2680 2675//2675 2676//2676
f 3145//3145 2679//2679 2676//2676 2671//2671
f 2679//2679 2674//2674 2678//2678 3146//3146
f 3168//3168 3146//3146 2678//2678 3282//3282
f 2678//2678 2634//2634 3248//3248 3282//3282
f 2679//2679 3146//3146 2681//2681 2676//2676
f 2681//2681 2682//2682 2683//2683 2680//2680
f 3168//3168 2682//2682 2681//2681 3146//3146
f 2683//2683 2970//2970 2951//2951 2662//2662
f 2971//2971 2970//2970 2683//2683 2682//2682
f 2685//2685 2345//2345 2684//2684 2688//2688
f 2686//2686 2685//2685 2687//2687 2699//2699
f 2702//2702 3475//3475 2686//2686 2699//2699
f 2687//2687 2685//2685 2688//2688 2689//2689
f 2697//2697 2698//2698 2687//2687 2689//2689
f 2700//2700 2699//2699 2687//2687 2698//2698
f 2696//2696 2695//2695 2692//2692 2691//2691
f 2693//2693 2690//2690 2694//2694 3458//3458
f 2696//2696 2691//2691 2693//2693 3458//3458
f 2701//2701 2703//2703 2694//2694 2702//2702
f 2694//2694 2703//2703 2740//2740 3458//3458
f 2694//2694 2690//2690 3475//3475 2702//2702
f 2734//2734 2730//2730 2695//2695 2696//2696
f 2704//2704 2705//2705 2698//2698 2697//2697
f 2706//2706 2700//2700 2698//2698 2705//2705
f 2700//2700 2701//2701 2702//2702 2699//2699
f 2706//2706 2707//2707 2701//2701 2700//2700
f 2707//2707 2708//2708 2703//2703 2701//2701
f 2741//2741 2740//2740 2703//2703 2708//2708
f 2709//2709 2705//2705 2704//2704 2714//2714
f 2706//2706 2705//2705 2709//2709 2712//2712
f 2710//2710 2707//2707 2706//2706 2712//2712
f 2711//2711 2708//2708 2707//2707 2710//2710
f 2747//2747 2741//2741 2708//2708 2711//2711
f 2723//2723 2711//2711 2710//2710 2721//2721
f 2712//2712 2709//2709 2713//2713 2718//2718
f 2721//2721 2710//2710 2712//2712 2718//2718
f 2713//2713 2709//2709 2714//2714 2715//2715
f 2716//2716 2717//2717 2713//2713 2715//2715
f 2719//2719 2718//2718 2713//2713 2717//2717
f 2724//2724 2725//2725 2717//2717 2716//2716
f 2726//2726 2719//2719 2717//2717 2725//2725
f 2719//2719 2720//2720 2721//2721 2718//2718
f 2720//2720 2722//2722 2723//2723 2721//2721
f 2726//2726 2727//2727 2720//2720 2719//2719
f 2727//2727 2728//2728 2722//2722 2720//2720
f 2760//2760 2754//2754 2722//2722 2728//2728
f 2747//2747 2711//2711 2723//2723 2753//2753
f 2754//2754 2753//2753 2723//2723 2722//2722
f 2724//2724 1269//1269 2989//2989 2993//2993
f 2990//2990 2725//2725 2724//2724 2993//2993
f 2726//2726 2725//2725 2990//2990 2994//2994
f 2996//2996 2727//2727 2726//2726 2994//2994
f 2991//2991 2728//2728 2727//2727 2996//2996
f 2737//2737 2739//2739 2729//2729 2402//2402
f 2746//2746 3319//3319 2729//2729 2739//2739
f 2729//2729 3319//3319 2763//2763 3214//3214
f 2735//2735 2736//2736 2731//2731 2730//2730
f 2736//2736 2733//2733 2732//2732 2731//2731
f 2734//2734 2742//2742 2735//2735 2730//2730
f 2741//2741 2742//2742 2734//2734 2740//2740
f 2734//2734 2696//2696 3458//3458 2740//2740
f 2735//2735 2749//2749 2744//2744 2736//2736
f 2736//2736 2744//2744 2743//2743 2733//2733
f 2738//2738 2739//2739 2737//2737 2743//2743
f 2738//2738 2743//2743 2744//2744 2750//2750
f 2738//2738 2745//2745 2746//2746 2739//2739
f 2738//2738 2750//2750 2757//2757 2745//2745
f 2747//2747 2748//2748 2742//2742 2741//2741
f 2742//2742 2748//2748 2749//2749 2735//2735
f 2745//2745 3218//3218 2770//2770 2746//2746
f 2746//2746 2770//2770 2764//2764 3319//3319
f 2752//2752 2748//2748 2747//2747 2753//2753
f 2749//2749 2751//2751 2750//2750 2744//2744
f 2752//2752 2751//2751 2749//2749 2748//2748
f 2756//2756 2755//2755 2751//2751 2752//2752
f 2751//2751 2755//2755 2757//2757 2750//2750
f 2756//2756 2752//2752 2753//2753 2754//2754
f 2756//2756 2761//2761 2758//2758 2755//2755
f 2760//2760 2761//2761 2756//2756 2754//2754
f 2758//2758 2759//2759 2757//2757 2755//2755
f 2757//2757 2759//2759 3218//3218 2745//2745
f 2758//2758 2761//2761 2992//2992 3018//3018
f 2759//2759 2776//2776 2774//2774 3218//3218
f 2759//2759 2758//2758 3018//3018 2776//2776
f 2760//2760 2728//2728 2991//2991 3019//3019
f 3019//3019 2992//2992 2761//2761 2760//2760
f 3284//3284 2498//2498 2762//2762 2769//2769
f 2764//2764 2765//2765 2763//2763 3319//3319
f 2772//2772 3318//3318 2764//2764 2770//2770
f 3318//3318 2766//2766 2765//2765 2764//2764
f 2767//2767 2768//2768 2769//2769 2762//2762
f 3318//3318 2771//2771 2767//2767 2766//2766
f 2768//2768 2767//2767 2771//2771 3207//3207
f 3206//3206 3355//3355 2768//2768 3207//3207
f 2769//2769 2768//2768 3355//3355 2793//2793
f 2774//2774 2772//2772 2770//2770 3218//3218
f 2772//2772 2773//2773 2771//2771 3318//3318
f 2771//2771 2773//2773 2775//2775 3207//3207
f 2772//2772 2774//2774 2778//2778 2773//2773
f 2774//2774 2776//2776 2777//2777 2778//2778
f 2778//2778 2780//2780 2775//2775 2773//2773
f 2782//2782 2781//2781 2775//2775 2780//2780
f 2775//2775 2781//2781 3206//3206 3207//3207
f 3018//3018 3020//3020 2777//2777 2776//2776
f 3022//3022 2779//2779 2777//2777 3020//3020
f 2779//2779 2780//2780 2778//2778 2777//2777
f 2779//2779 3320//3320 2782//2782 2780//2780
f 2806//2806 2807//2807 2781//2781 2782//2782
f 2782//2782 3320//3320 3047//3047 2806//2806
f 2789//2789 2785//2785 2783//2783 2793//2793
f 2790//2790 2786//2786 2785//2785 2789//2789
f 2787//2787 2500//2500 2786//2786 2788//2788
f 2790//2790 2791//2791 2788//2788 2786//2786
f 2795//2795 2790//2790 2789//2789 2794//2794
f 2792//2792 2788//2788 2791//2791 2797//2797
f 2791//2791 2790//2790 2795//2795 2801//2801
f 2796//2796 2811//2811 2792//2792 2797//2797
f 2794//2794 2789//2789 2793//2793 3355//3355
f 3284//3284 2769//2769 2793//2793 2783//2783
f 2799//2799 2800//2800 2795//2795 2794//2794
f 2802//2802 2801//2801 2795//2795 2800//2800
f 2814//2814 2811//2811 2796//2796 2816//2816
f 2798//2798 2796//2796 2797//2797 2803//2803
f 2797//2797 2791//2791 2801//2801 2803//2803
f 2798//2798 2817//2817 2816//2816 2796//2796
f 2798//2798 2804//2804 2821//2821 2817//2817
f 2805//2805 2800//2800 2799//2799 2807//2807
f 2799//2799 2794//2794 3355//3355 3206//3206
f 3044//3044 2802//2802 2800//2800 2805//2805
f 2803//2803 2801//2801 2802//2802 2808//2808
f 2809//2809 2808//2808 2802//2802 3044//3044
f 2804//2804 2798//2798 2803//2803 2808//2808
f 2804//2804 2808//2808 2809//2809 2827//2827
f 2805//2805 2807//2807 2806//2806 3048//3048
f 3045//3045 3044//3044 2805//2805 3048//3048
f 3206//3206 2781//2781 2807//2807 2799//2799
f 2810//2810 2812//2812 2815//2815 2813//2813
f 2812//2812 2814//2814 2816//2816 2818//2818
f 2813//2813 2863//2863 2858//2858 2575//2575
f 2818//2818 3384//3384 2815//2815 2812//2812
f 2820//2820 2819//2819 2815//2815 3384//3384
f 2815//2815 2819//2819 2863//2863 2813//2813
f 2818//2818 2816//2816 2817//2817 2822//2822
f 2823//2823 2822//2822 2817//2817 2821//2821
f 2865//2865 2863//2863 2819//2819 2874//2874
f 2820//2820 3342//3342 2874//2874 2819//2819
f 2821//2821 2804//2804 2827//2827 3097//3097
f 3099//3099 2823//2823 2821//2821 3097//3097
f 2822//2822 2823//2823 3092//3092 2824//2824
f 2822//2822 2824//2824 3384//3384 2818//2818
f 3093//3093 3092//3092 2823//2823 3099//3099
f 2825//2825 2826//2826 2824//2824 3092//3092
f 3093//3093 3101//3101 2825//2825 3092//3092
f 2825//2825 3101//3101 3095//3095 3094//3094
f 3340//3340 2826//2826 2825//2825 3094//3094
f 2826//2826 3340//3340 3342//3342 2820//2820
f 3384//3384 2824//2824 2826//2826 2820//2820
f 2827//2827 2809//2809 3046//3046 3054//3054
f 2828//2828 2834//2834 2835//2835 1350//1350
f 2829//2829 2836//2836 2834//2834 2828//2828
f 2838//2838 2836//2836 2829//2829 2830//2830
f 2831//2831 2837//2837 2838//2838 2830//2830
f 2872//2872 2837//2837 2831//2831 2833//2833
f 2832//2832 2861//2861 2862//2862 2833//2833
f 2833//2833 2862//2862 2870//2870 2872//2872
f 2834//2834 2839//2839 2840//2840 2835//2835
f 2836//2836 2841//2841 2839//2839 2834//2834
f 2836//2836 2838//2838 2843//2843 2841//2841
f 2837//2837 2842//2842 2843//2843 2838//2838
f 2845//2845 2844//2844 2840//2840 2839//2839
f 2841//2841 3408//3408 2845//2845 2839//2839
f 2872//2872 2871//2871 2842//2842 2837//2837
f 2847//2847 2846//2846 2843//2843 2842//2842
f 2843//2843 2846//2846 3408//3408 2841//2841
f 2848//2848 1374//1374 2844//2844 2845//2845
f 2849//2849 2850//2850 2846//2846 2847//2847
f 2846//2846 2850//2850 2852//2852 3408//3408
f 2871//2871 2876//2876 2847//2847 2842//2842
f 3408//3408 2852//2852 2848//2848 2845//2845
f 2849//2849 2855//2855 2854//2854 2850//2850
f 2849//2849 2856//2856 2857//2857 2855//2855
f 2876//2876 2856//2856 2849//2849 2847//2847
f 2850//2850 2854//2854 2853//2853 2852//2852
f 2852//2852 2853//2853 2851//2851 2848//2848
f 2851//2851 3120//3120 3121//3121 1375//1375
f 2851//2851 2853//2853 3473//3473 3120//3120
f 2853//2853 2854//2854 3123//3123 3473//3473
f 2855//2855 3122//3122 3123//3123 2854//2854
f 2855//2855 2857//2857 3400//3400 3122//3122
f 2857//2857 2856//2856 2880//2880 2882//2882
f 3124//3124 3400//3400 2857//2857 2882//2882
f 2859//2859 2860//2860 2862//2862 2861//2861
f 3487//3487 2574//2574 2859//2859 2861//2861
f 2861//2861 2832//2832 3157//3157 3487//3487
f 2862//2862 2860//2860 2868//2868 2870//2870
f 2864//2864 2858//2858 2863//2863 2865//2865
f 2866//2866 2867//2867 2865//2865 2874//2874
f 2865//2865 2867//2867 3339//3339 2864//2864
f 2866//2866 2878//2878 2869//2869 2867//2867
f 2868//2868 2860//2860 3517//3517 3339//3339
f 2870//2870 2868//2868 2869//2869 2873//2873
f 3339//3339 2867//2867 2869//2869 2868//2868
f 2877//2877 2876//2876 2871//2871 2873//2873
f 2873//2873 2871//2871 2872//2872 2870//2870
f 2878//2878 2877//2877 2873//2873 2869//2869
f 2875//2875 2866//2866 2874//2874 3342//3342
f 2878//2878 2866//2866 2875//2875 2879//2879
f 2875//2875 3341//3341 2881//2881 2879//2879
f 2880//2880 2856//2856 2876//2876 2877//2877
f 2878//2878 2879//2879 2880//2880 2877//2877
f 2879//2879 2881//2881 2882//2882 2880//2880
f 2881//2881 3125//3125 3124//3124 2882//2882
f 2884//2884 2591//2591 2883//2883 2886//2886
f 2884//2884 2886//2886 2887//2887 3164//3164
f 2888//2888 2599//2599 2884//2884 3164//3164
f 2885//2885 2888//2888 2889//2889 2895//2895
f 2890//2890 2601//2601 2885//2885 2895//2895
f 2887//2887 2891//2891 2892//2892 3164//3164
f 2893//2893 2897//2897 2889//2889 2892//2892
f 2896//2896 2895//2895 2889//2889 2897//2897
f 2889//2889 2888//2888 3164//3164 2892//2892
f 2896//2896 3424//3424 2890//2890 2895//2895
f 2893//2893 2892//2892 2891//2891 2894//2894
f 2893//2893 2894//2894 2898//2898 2901//2901
f 2900//2900 2897//2897 2893//2893 2901//2901
f 2899//2899 2896//2896 2897//2897 2900//2900
f 2899//2899 2900//2900 2903//2903 3135//3135
f 3137//3137 3423//3423 2899//2899 3135//3135
f 2899//2899 3423//3423 3424//3424 2896//2896
f 2901//2901 2898//2898 2902//2902 3134//3134
f 2903//2903 2900//2900 2901//2901 3134//3134
f 2905//2905 2906//2906 2907//2907 2904//2904
f 2905//2905 2914//2914 2963//2963 2906//2906
f 2909//2909 2908//2908 2907//2907 2906//2906
f 2907//2907 2903//2903 3134//3134 2904//2904
f 2907//2907 2908//2908 3135//3135 2903//2903
f 2911//2911 2910//2910 2908//2908 2909//2909
f 2908//2908 2910//2910 3137//3137 3135//3135
f 2963//2963 2964//2964 2909//2909 2906//2906
f 2909//2909 2964//2964 2967//2967 2911//2911
f 2911//2911 2912//2912 2913//2913 2910//2910
f 2911//2911 2967//2967 2969//2969 2912//2912
f 2913//2913 2945//2945 2937//2937 2938//2938
f 2946//2946 2945//2945 2913//2913 2912//2912
f 2913//2913 2938//2938 3137//3137 2910//2910
f 2919//2919 2921//2921 2915//2915 2637//2637
f 2915//2915 2921//2921 2922//2922 2633//2633
f 2917//2917 2635//2635 2916//2916 2923//2923
f 2924//2924 2923//2923 2916//2916 2925//2925
f 3424//3424 2925//2925 2916//2916 2890//2890
f 2926//2926 3127//3127 2917//2917 2923//2923
f 2919//2919 2637//2637 2918//2918 2920//2920
f 3460//3460 2920//2920 2918//2918 3461//3461
f 2918//2918 2631//2631 3462//3462 3461//3461
f 2929//2929 2931//2931 2919//2919 2920//2920
f 2932//2932 2921//2921 2919//2919 2931//2931
f 2921//2921 2932//2932 2933//2933 2922//2922
f 2922//2922 2973//2973 3248//3248 2633//2633
f 2927//2927 2926//2926 2923//2923 2924//2924
f 2934//2934 2924//2924 2925//2925 2935//2935
f 3423//3423 2935//2935 2925//2925 3424//3424
f 2927//2927 3476//3476 2930//2930 2926//2926
f 2927//2927 2924//2924 2934//2934 2939//2939
f 3421//3421 3476//3476 2927//2927 2939//2939
f 2928//2928 2929//2929 2930//2930 3476//3476
f 2931//2931 2929//2929 2928//2928 3422//3422
f 3421//3421 3422//3422 2928//2928 3476//3476
f 2929//2929 2920//2920 3460//3460 2930//2930
f 2930//2930 3460//3460 3127//3127 2926//2926
f 2936//2936 2932//2932 2931//2931 3422//3422
f 2932//2932 2936//2936 2941//2941 2933//2933
f 2933//2933 2941//2941 2940//2940 3357//3357
f 2973//2973 2922//2922 2933//2933 3357//3357
f 2937//2937 2934//2934 2935//2935 2938//2938
f 2943//2943 2941//2941 2936//2936 3479//3479
f 2939//2939 2934//2934 2937//2937 3491//3491
f 2937//2937 2945//2945 2944//2944 3491//3491
f 2938//2938 2935//2935 3423//3423 3137//3137
f 3479//3479 3421//3421 2939//2939 3491//3491
f 2974//2974 3357//3357 2940//2940 2988//2988
f 2987//2987 2988//2988 2940//2940 2942//2942
f 2942//2942 2940//2940 2941//2941 2943//2943
f 2942//2942 2943//2943 2944//2944 3283//3283
f 2944//2944 2943//2943 3479//3479 3491//3491
f 3283//3283 2944//2944 2945//2945 2946//2946
f 2969//2969 2982//2982 2946//2946 2912//2912
f 2948//2948 2952//2952 2953//2953 2947//2947
f 2955//2955 2952//2952 2948//2948 2949//2949
f 2950//2950 2954//2954 2955//2955 2949//2949
f 2951//2951 2956//2956 2954//2954 2950//2950
f 2981//2981 2956//2956 2951//2951 2970//2970
f 2957//2957 2958//2958 2953//2953 2952//2952
f 2955//2955 2960//2960 2957//2957 2952//2952
f 2959//2959 2960//2960 2955//2955 2954//2954
f 2956//2956 3459//3459 2959//2959 2954//2954
f 2961//2961 2958//2958 2957//2957 2962//2962
f 2959//2959 2966//2966 2965//2965 2960//2960
f 2960//2960 2965//2965 2962//2962 2957//2957
f 2961//2961 2962//2962 2963//2963 2914//2914
f 2965//2965 2964//2964 2963//2963 2962//2962
f 2965//2965 2966//2966 2967//2967 2964//2964
f 2966//2966 2968//2968 2969//2969 2967//2967
f 3459//3459 2968//2968 2966//2966 2959//2959
f 2980//2980 2983//2983 2968//2968 3459//3459
f 2983//2983 2982//2982 2969//2969 2968//2968
f 2971//2971 2975//2975 2981//2981 2970//2970
f 3168//3168 2976//2976 2971//2971 2682//2682
f 2972//2972 2974//2974 2977//2977 2976//2976
f 3168//3168 3282//3282 2972//2972 2976//2976
f 2972//2972 3282//3282 3248//3248 2973//2973
f 2974//2974 2972//2972 2973//2973 3357//3357
f 2978//2978 2977//2977 2974//2974 2988//2988
f 2976//2976 2977//2977 2975//2975 2971//2971
f 2977//2977 2978//2978 2979//2979 2975//2975
f 2978//2978 2986//2986 2984//2984 2979//2979
f 2979//2979 2980//2980 2981//2981 2975//2975
f 2979//2979 2984//2984 2983//2983 2980//2980
f 2981//2981 2980//2980 3459//3459 2956//2956
f 2982//2982 2985//2985 3283//3283 2946//2946
f 2983//2983 2984//2984 2985//2985 2982//2982
f 2986//2986 2987//2987 2985//2985 2984//2984
f 2988//2988 2987//2987 2986//2986 2978//2978
f 3283//3283 2985//2985 2987//2987 2942//2942
f 2992//2992 3021//3021 3020//3020 3018//3018
f 2995//2995 2990//2990 2993//2993 2998//2998
f 2994//2994 2990//2990 2995//2995 2997//2997
f 2996//2996 2994//2994 2997//2997 3000//3000
f 3002//3002 2991//2991 2996//2996 3000//3000
f 2997//2997 2995//2995 2999//2999 3006//3006
f 2999//2999 2995//2995 2998//2998 3003//3003
f 3004//3004 3005//3005 2999//2999 3003//3003
f 3007//3007 3006//3006 2999//2999 3005//3005
f 3001//3001 3002//3002 3000//3000 3008//3008
f 3000//3000 2997//2997 3006//3006 3008//3008
f 3009//3009 3010//3010 3001//3001 3008//3008
f 3025//3025 3024//3024 3001//3001 3010//3010
f 3425//3425 3002//3002 3001//3001 3024//3024
f 3019//3019 2991//2991 3002//3002 3425//3425
f 3011//3011 3012//3012 3005//3005 3004//3004
f 3013//3013 3007//3007 3005//3005 3012//3012
f 3009//3009 3008//3008 3006//3006 3007//3007
f 3014//3014 3009//3009 3007//3007 3013//3013
f 3014//3014 3015//3015 3010//3010 3009//3009
f 3028//3028 3025//3025 3010//3010 3015//3015
f 3033//3033 3012//3012 3011//3011 3030//3030
f 3016//3016 3013//3013 3012//3012 3033//3033
f 3017//3017 3014//3014 3013//3013 3016//3016
f 3015//3015 3014//3014 3017//3017 3040//3040
f 3034//3034 3038//3038 3017//3017 3016//3016
f 3021//3021 2992//2992 3019//3019 3425//3425
f 3023//3023 3022//3022 3020//3020 3021//3021
f 3022//3022 3027//3027 3320//3320 2779//2779
f 3025//3025 3026//3026 3023//3023 3024//3024
f 3027//3027 3022//3022 3023//3023 3026//3026
f 3425//3425 3024//3024 3023//3023 3021//3021
f 3028//3028 3029//3029 3026//3026 3025//3025
f 3029//3029 3049//3049 3027//3027 3026//3026
f 3047//3047 3320//3320 3027//3027 3049//3049
f 3040//3040 3061//3061 3028//3028 3015//3015
f 3060//3060 3029//3029 3028//3028 3061//3061
f 3031//3031 3032//3032 3033//3033 3030//3030
f 3035//3035 3036//3036 3032//3032 3031//3031
f 3037//3037 3034//3034 3032//3032 3036//3036
f 3034//3034 3016//3016 3033//3033 3032//3032
f 3035//3035 3172//3172 3042//3042 3036//3036
f 3173//3173 3172//3172 3035//3035 1539//1539
f 3037//3037 3177//3177 3038//3038 3034//3034
f 3042//3042 3041//3041 3037//3037 3036//3036
f 3037//3037 3041//3041 3081//3081 3177//3177
f 3038//3038 3039//3039 3040//3040 3017//3017
f 3038//3038 3177//3177 3064//3064 3039//3039
f 3062//3062 3061//3061 3040//3040 3039//3039
f 3041//3041 3042//3042 3043//3043 3160//3160
f 3082//3082 3081//3081 3041//3041 3160//3160
f 3079//3079 3043//3043 3042//3042 3172//3172
f 3080//3080 3087//3087 3043//3043 3079//3079
f 3046//3046 2809//2809 3044//3044 3045//3045
f 3050//3050 3052//3052 3045//3045 3048//3048
f 3051//3051 3046//3046 3045//3045 3052//3052
f 3055//3055 3054//3054 3046//3046 3051//3051
f 3048//3048 2806//2806 3047//3047 3050//3050
f 3050//3050 3047//3047 3049//3049 3281//3281
f 3060//3060 3281//3281 3049//3049 3029//3029
f 3053//3053 3052//3052 3050//3050 3281//3281
f 3051//3051 3052//3052 3053//3053 3057//3057
f 3058//3058 3055//3055 3051//3051 3057//3057
f 3059//3059 3098//3098 3054//3054 3055//3055
f 3054//3054 3098//3098 3097//3097 2827//2827
f 3057//3057 3053//3053 3056//3056 3387//3387
f 3281//3281 3060//3060 3056//3056 3053//3053
f 3118//3118 3058//3058 3057//3057 3387//3387
f 3059//3059 3055//3055 3058//3058 3112//3112
f 3105//3105 3098//3098 3059//3059 3106//3106
f 3062//3062 3056//3056 3060//3060 3061//3061
f 3064//3064 3063//3063 3062//3062 3039//3039
f 3062//3062 3063//3063 3387//3387 3056//3056
f 3063//3063 3065//3065 3118//3118 3387//3387
f 3065//3065 3063//3063 3064//3064 3084//3084
f 3119//3119 3118//3118 3065//3065 3085//3085
f 3069//3069 3068//3068 3066//3066 3067//3067
f 3066//3066 3068//3068 3143//3143 3088//3088
f 3066//3066 3088//3088 3485//3485 1563//1563
f 3433//3433 3069//3069 3067//3067 3072//3072
f 3069//3069 3070//3070 3071//3071 3068//3068
f 3074//3074 3070//3070 3069//3069 3433//3433
f 3078//3078 3071//3071 3070//3070 3075//3075
f 3091//3091 3484//3484 3071//3071 3078//3078
f 3071//3071 3484//3484 3143//3143 3068//3068
f 3120//3120 3072//3072 3073//3073 3121//3121
f 3075//3075 3070//3070 3074//3074 3401//3401
f 3473//3473 3123//3123 3074//3074 3433//3433
f 3076//3076 3077//3077 3075//3075 3401//3401
f 3108//3108 3077//3077 3076//3076 3109//3109
f 3078//3078 3075//3075 3077//3077 3139//3139
f 3077//3077 3108//3108 3117//3117 3139//3139
f 3088//3088 3087//3087 3080//3080 3485//3485
f 3142//3142 3485//3485 3080//3080 1574//1574
f 3082//3082 3083//3083 3084//3084 3081//3081
f 3086//3086 3161//3161 3082//3082 3160//3160
f 3090//3090 3083//3083 3082//3082 3161//3161
f 3085//3085 3065//3065 3084//3084 3083//3083
f 3177//3177 3081//3081 3084//3084 3064//3064
f 3090//3090 3089//3089 3085//3085 3083//3083
f 3086//3086 3087//3087 3088//3088 3143//3143
f 3087//3087 3086//3086 3160//3160 3043//3043
f 3089//3089 3090//3090 3091//3091 3140//3140
f 3115//3115 3159//3159 3089//3089 3140//3140
f 3089//3089 3159//3159 3119//3119 3085//3085
f 3139//3139 3140//3140 3091//3091 3078//3078
f 3091//3091 3090//3090 3161//3161 3484//3484
f 3096//3096 3094//3094 3095//3095 3104//3104
f 3095//3095 3103//3103 3107//3107 3104//3104
f 3111//3111 3125//3125 3096//3096 3104//3104
f 3340//3340 3094//3094 3096//3096 3341//3341
f 3099//3099 3097//3097 3098//3098 3105//3105
f 3100//3100 3093//3093 3099//3099 3105//3105
f 3101//3101 3093//3093 3100//3100 3102//3102
f 3100//3100 3105//3105 3106//3106 3520//3520
f 3383//3383 3102//3102 3100//3100 3520//3520
f 3101//3101 3102//3102 3103//3103 3095//3095
f 3383//3383 3107//3107 3103//3103 3102//3102
f 3106//3106 3059//3059 3112//3112 3114//3114
f 3106//3106 3114//3114 3113//3113 3520//3520
f 3107//3107 3110//3110 3111//3111 3104//3104
f 3116//3116 3110//3110 3107//3107 3383//3383
f 3116//3116 3117//3117 3108//3108 3110//3110
f 3110//3110 3108//3108 3109//3109 3111//3111
f 3125//3125 3111//3111 3109//3109 3124//3124
f 3400//3400 3124//3124 3109//3109 3076//3076
f 3112//3112 3058//3058 3118//3118 3119//3119
f 3113//3113 3115//3115 3117//3117 3116//3116
f 3115//3115 3113//3113 3114//3114 3159//3159
f 3119//3119 3159//3159 3114//3114 3112//3112
f 3520//3520 3113//3113 3116//3116 3383//3383
f 3117//3117 3115//3115 3140//3140 3139//3139
f 3120//3120 3473//3473 3433//3433 3072//3072
f 3123//3123 3122//3122 3401//3401 3074//3074
f 3125//3125 2881//2881 3341//3341 3096//3096
f 3127//3127 3460//3460 3461//3461 3130//3130
f 3452//3452 3369//3369 3128//3128 3165//3165
f 3462//3462 2627//2627 3130//3130 3461//3461
f 3409//3409 1556//1556 3141//3141 1552//1552
f 3143//3143 3484//3484 3161//3161 3086//3086
f 3371//3371 3393//3393 3158//3158 3390//3390
f 3487//3487 3157//3157 3158//3158 3393//3393
f 3194//3194 3192//3192 3193//3193 3372//3372
f 3315//3315 3372//3372 3193//3193 1104//1104
f 3197//3197 3198//3198 3196//3196 3386//3386
f 3257//3257 3258//3258 3197//3197 3334//3334
f 3198//3198 3197//3197 3258//3258 3496//3496
f 3198//3198 3497//3497 3499//3499 3196//3196
f 3202//3202 3364//3364 3222//3222 3201//3201
f 3204//3204 1071//1071 3205//3205 3327//3327
f 3211//3211 1273//1273 3210//3210 972//972
f 3216//3216 3217//3217 3215//3215 2419//2419
f 3336//3336 2436//2436 3217//3217 3216//3216
f 3221//3221 3222//3222 3220//3220 3466//3466
f 3222//3222 3364//3364 3464//3464 3220//3220
f 3223//3223 3513//3513 3388//3388 3199//3199
f 3225//3225 3226//3226 3323//3323 3324//3324
f 3226//3226 2221//2221 3245//3245 3500//3500
f 3229//3229 2008//2008 3254//3254 2035//2035
f 3367//3367 411//411 3230//3230 3255//3255
f 3235//3235 406//406 3432//3432 374//374
f 3241//3241 3242//3242 3332//3332 1223//1223
f 3352//3352 3332//3332 3242//3242 941//941
f 3371//3371 3163//3163 3243//3243 2568//2568
f 3518//3518 3505//3505 3247//3247 656//656
f 3249//3249 3358//3358 3347//3347 1769//1769
f 3258//3258 3308//3308 3262//3262 3496//3496
f 3347//3347 3348//3348 3260//3260 1943//1943
f 3264//3264 3292//3292 3271//3271 3270//3270
f 3265//3265 3270//3270 3271//3271 3266//3266
f 3267//3267 3265//3265 3266//3266 1153//1153
f 3368//3368 3306//3306 3268//3268 830//830
f 3276//3276 2264//2264 3269//3269 2315//2315
f 3294//3294 3298//3298 3297//3297 3295//3295
f 3295//3295 1322//1322 3296//3296 1545//1545
f 3297//3297 1304//1304 3299//3299 1320//1320
f 3300//3300 3204//3204 3327//3327 3227//3227
f 3302//3302 1283//1283 3303//3303 1303//1303
f 3499//3499 541//541 3307//3307 773//773
f 3309//3309 3356//3356 3310//3310 273//273
f 3322//3322 2562//2562 3313//3313 2563//2563
f 3315//3315 1096//1096 3314//3314 807//807
f 3330//3330 3328//3328 3329//3329 3280//3280
f 3334//3334 3197//3197 3386//3386 743//743
f 3341//3341 2875//2875 3342//3342 3340//3340
f 3346//3346 1946//1946 3345//3345 1766//1766
f 3348//3348 3347//3347 3358//3358 3208//3208
f 3350//3350 3362//3362 3380//3380 3291//3291
f 3364//3364 3363//3363 3465//3465 3464//3464
f 3369//3369 3452//3452 3451//3451 3456//3456
f 3373//3373 3194//3194 3372//3372 1128//1128
f 3381//3381 3291//3291 3380//3380 3233//3233
f 3395//3395 1015//1015 3394//3394 966//966
f 3401//3401 3122//3122 3400//3400 3076//3076
f 3420//3420 3220//3220 3464//3464 3463//3463
f 3420//3420 1773//1773 3466//3466 3220//3220
f 3479//3479 2936//2936 3422//3422 3421//3421
f 3449//3449 421//421 3448//3448 433//433
f 3463//3463 3464//3464 3465//3465 3469//3469
f 3496//3496 526//526 3497//3497 3198//3198
f 3498//3498 3510//3510 3497//3497 526//526
f 3510//3510 541//541 3499//3499 3497//3497
f 3516//3516 270//270 3513//3513 486//486
f 3524//3524 2524//2524 2190//2190 2188//2188
