# Blender 4.3.0
# www.blender.org
mtllib 5inflated.mtl
o 5
v -1.951875 -1.487486 6.008423
v -1.896502 -1.730404 5.796044
v -1.666253 -1.493129 6.083511
v -1.379552 -1.492607 6.156296
v -1.617729 -1.733336 5.872622
v -1.338058 -1.732396 5.954876
v -1.056426 -1.742463 6.021688
v -0.772867 -1.737911 6.077349
v -1.089199 -1.497026 6.213356
v -1.013787 -1.959468 5.754542
v -1.995777 -1.213701 6.172529
v -1.704742 -1.218058 6.244800
v -2.058708 -0.289339 6.375360
v -2.049781 -0.611915 6.370968
v -1.757078 -0.284724 6.336177
v -1.410824 -1.214569 6.302301
v -1.439087 -0.920464 6.374016
v -1.113846 -1.219437 6.348429
v -0.796315 -1.491559 6.258391
v -0.816074 -1.221002 6.389631
v -1.131437 -0.891967 6.328707
v -0.502460 -1.470970 6.287531
v -0.487687 -1.724102 6.115193
v -0.203730 -1.710749 6.160332
v -0.516525 -1.199866 6.386885
v -0.834126 -0.882384 6.315589
v -0.534052 -0.886770 6.351414
v -0.209925 -1.448126 6.308402
v -0.219167 -1.170024 6.372324
v 0.079548 -1.701740 6.208354
v 0.080098 -1.434497 6.332308
v 0.371545 -1.424684 6.350308
v 0.356361 -1.677701 6.226975
v 0.663087 -1.407989 6.339036
v 0.076425 -1.145634 6.348026
v -0.228284 -0.873150 6.359700
v 0.074458 -0.860438 6.371971
v 0.358438 -0.560449 6.451449
v 0.069494 -0.559180 6.458221
v 0.368401 -0.269558 6.421325
v 0.028542 -0.306327 6.446626
v 0.395931 0.051680 6.448701
v 0.103701 0.062959 6.482980
v 0.373888 -1.127605 6.337232
v 0.644230 -1.126611 6.362588
v 0.351333 -0.856964 6.338973
v -2.061212 0.030495 6.398839
v -1.754951 0.029109 6.344768
v -2.047451 0.350480 6.377564
v -1.748996 0.343934 6.345249
v -1.461567 0.026229 6.383368
v -1.460247 -0.285852 6.358585
v -1.450432 0.338132 6.377781
v -1.445201 0.655926 6.310589
v -1.733899 0.655597 6.324934
v -1.166569 -0.287914 6.392531
v -1.149036 0.031098 6.489596
v -1.157791 0.345089 6.386677
v -0.855092 0.033036 6.471261
v -0.864960 0.310998 6.389545
v -1.175139 0.636334 6.336829
v -0.903002 0.624860 6.364271
v -1.668127 1.552282 6.177750
v -1.647606 1.785428 6.010108
v -1.940772 1.549447 6.124635
v -1.378498 1.800276 6.043602
v -1.391483 1.563705 6.207831
v -1.101239 1.825199 6.063739
v -0.820432 1.608435 6.245960
v -0.815915 1.845617 6.078769
v -1.108233 1.590938 6.234735
v -0.554123 0.609293 6.279964
v -0.561155 0.019598 6.462810
v -0.595628 0.294198 6.381234
v -0.291641 -0.017747 6.482920
v -0.250851 0.372190 6.417357
v 0.102134 0.384107 6.450117
v -0.214144 0.687400 6.444539
v 0.087675 0.678465 6.424270
v -0.228972 1.000239 6.371660
v 0.056242 1.587850 6.272947
v 0.047482 1.832240 6.140483
v -0.237540 1.607347 6.280784
v 0.400722 0.667720 6.469945
v 0.077308 0.988502 6.368765
v 0.385748 0.976614 6.382510
v 0.403183 0.364197 6.443864
v 0.683119 1.248350 6.352625
v 0.376175 1.276144 6.342118
v 0.723759 0.058155 6.498268
v 0.718027 0.354693 6.430569
v 0.354282 1.574889 6.292057
v 0.338029 1.803477 6.166213
v 0.662173 1.515274 6.309946
v 0.636201 1.752178 6.206848
v 0.969416 1.485541 6.307377
v -3.529231 -1.360138 4.531693
v -3.542574 -1.558969 4.404730
v -3.482704 -1.494739 4.748198
v -3.348911 -1.792053 4.309598
v -3.252963 -1.744961 4.729168
v -3.413059 -1.652597 4.550305
v -3.465155 -0.734038 5.300358
v -3.475677 -0.447967 5.362490
v -3.520613 -0.670115 5.036572
v -3.486576 -0.161521 5.417202
v -3.537085 -0.393781 5.090804
v -3.408945 -1.297858 5.109120
v -3.328471 -1.568278 4.949602
v -3.449877 -1.019596 5.223347
v -3.539887 -1.223757 4.876941
v -3.335143 -0.502457 5.626260
v -3.528883 -1.452534 3.794288
v -3.491119 -1.665096 4.142570
v -3.544195 -1.455725 4.046066
v -3.539911 -1.196633 3.494710
v -3.532261 -1.526445 3.486713
v -3.524173 -1.201687 3.776634
v -3.539648 -1.420603 4.254089
v -3.181399 -1.858417 3.755044
v -3.443217 -1.700969 3.883338
v -3.370798 -1.694764 3.625976
v -3.280594 -1.666311 3.381491
v -3.503006 -1.030294 4.343997
v -3.539364 -1.263978 4.293118
v -3.527154 -0.789712 4.389333
v -3.585320 -1.119588 4.615555
v -3.544110 -0.541963 4.437274
v -3.507247 -0.861767 4.679365
v -3.540594 -0.600959 4.738256
v -3.515684 -0.332040 4.784642
v -3.532669 -0.066742 4.817858
v -3.516849 -0.285348 4.479687
v -3.517078 -0.985312 4.063777
v -3.507177 -0.743197 4.094979
v -3.556679 -0.492222 4.129725
v -3.572066 -0.018850 4.499669
v -3.585382 -0.238305 4.158180
v -3.551296 -0.949265 4.970296
v -3.537854 -0.939608 3.490659
v -3.514305 -0.955771 3.782521
v -3.541270 -0.683843 3.499227
v -3.530171 -0.707241 3.799373
v -3.481184 -1.185040 3.231797
v -3.408656 -1.431369 3.287075
v -3.342586 -1.162897 3.005624
v -3.302292 -1.414464 3.055860
v -3.141233 -1.147929 2.828522
v -3.112880 -1.361774 2.900720
v -3.501314 -0.923686 3.213999
v -3.501038 -0.664616 3.215442
v -3.357588 -0.907869 2.980601
v -3.361707 -0.649980 2.974614
v -3.150533 -0.901486 2.798774
v -2.848979 -1.804914 5.096970
v -2.680957 -1.673866 5.458265
v -2.921184 -1.610038 5.315167
v -2.632168 -2.057811 4.452919
v -2.741665 -1.971787 4.775175
v -2.857249 -2.017668 4.324050
v -2.347118 -1.891023 5.309876
v -2.600371 -1.860979 5.199358
v -3.135755 -1.609635 5.133679
v -3.216523 -1.356092 5.313419
v -2.997206 -1.394603 5.494493
v -3.268815 -1.080316 5.445203
v -3.061818 -1.133115 5.649357
v -2.757315 -1.431389 5.655212
v -3.126352 -0.543509 5.845585
v -2.890147 -0.574615 6.036400
v -3.138880 -0.238542 5.904586
v -2.498663 -1.456914 5.791242
v -2.814127 -1.161983 5.811853
v -2.558125 -1.192015 5.963835
v -2.899831 -0.262947 6.093436
v -2.631841 -0.277869 6.237600
v -2.422874 -1.686619 5.576802
v -2.166123 -1.719599 5.701941
v -2.230070 -1.476912 5.909762
v -2.618596 -0.590631 6.173476
v -2.338898 -0.602402 6.290567
v -3.066091 -1.950711 4.182003
v -3.164194 -1.876044 4.470260
v -2.867161 -1.914232 3.598651
v -2.969238 -1.961795 3.885260
v -2.749628 -2.031372 4.009714
v -2.545540 -1.873226 3.402902
v -2.644890 -1.985472 3.699486
v -2.768035 -1.818625 3.322535
v -2.417206 -2.018693 3.803548
v -2.318182 -1.904427 3.493296
v -2.290947 -2.100582 4.234205
v -2.523503 -2.073084 4.125670
v -2.005441 -1.734714 3.300186
v -2.088875 -1.925784 3.586717
v -2.233001 -1.721796 3.207225
v -3.067964 -1.530156 3.014877
v -2.878859 -1.397993 2.844836
v -2.896064 -1.592499 3.031008
v -2.893830 -1.164791 2.740829
v -3.082628 -1.813612 3.494368
v -2.981641 -1.733713 3.250548
v -2.644491 -1.431566 2.842211
v -2.685686 -1.659209 3.062608
v -2.643652 -1.190361 2.710453
v -2.393674 -1.211354 2.737017
v -2.405583 -1.455383 2.879629
v -2.170274 -1.479572 2.959661
v -2.147101 -1.237463 2.792723
v -2.908063 -0.911883 2.687073
v -2.918899 -0.649521 2.658793
v -3.156175 -0.644390 2.787201
v -2.940268 0.160304 2.665670
v -2.935070 -0.111557 2.649853
v -3.164727 0.148847 2.820805
v -2.653194 -0.929305 2.637745
v -2.665026 -0.661753 2.588705
v -2.694408 0.166467 2.560207
v -2.689314 -0.112165 2.544433
v -2.396607 -0.952036 2.631550
v -2.428027 -0.118513 2.497081
v -2.435349 0.167120 2.501417
v -2.141657 -0.978685 2.662052
v -2.163061 -0.129061 2.490256
v -2.169434 0.162751 2.482196
v -3.484163 -1.784452 0.482389
v -3.542110 -1.606066 0.515738
v -3.486082 -1.863426 0.264876
v -3.541881 -1.611284 0.241302
v -3.468560 -1.897741 -0.010046
v -3.274812 -2.108418 0.068161
v -3.310197 -2.030790 0.358766
v -3.348932 -1.893436 0.629165
v -3.080378 -2.130979 0.481670
v -3.151761 -1.913456 0.755593
v -3.030478 -2.245477 0.170568
v -2.766838 -2.326153 0.267530
v -2.829534 -2.181875 0.585474
v -3.521168 -1.338364 0.235325
v -3.552222 -1.347622 0.534102
v -3.518589 -1.070034 0.240743
v -3.525754 -0.802598 0.250583
v -3.530690 -1.081154 0.545732
v -3.525968 -0.533070 0.260654
v -3.533042 -0.813652 0.556453
v -3.549602 -0.546075 0.565969
v -3.530196 -0.274210 0.574327
v -3.544072 -1.639525 -0.043496
v -3.520784 -1.349112 -0.058197
v -3.528591 -1.074696 -0.058541
v -3.550043 -0.799566 -0.053195
v -3.554776 -0.523304 -0.045256
v -3.563833 -0.263224 0.273453
v -3.537370 -1.662602 -0.336987
v -3.531554 -1.368179 -0.356590
v -3.552978 -1.087054 -0.361672
v -3.430237 -1.367312 0.769980
v -3.397074 -1.629623 0.719965
v -3.447937 -1.098776 0.798530
v -3.464792 -0.827044 0.821661
v -3.469482 -0.551901 0.836028
v -3.206006 -1.665405 0.892561
v -3.248460 -1.399996 0.970559
v -3.281754 -1.125548 1.019655
v -2.967380 -1.698592 1.020750
v -3.020144 -1.431245 1.120476
v -3.307612 -0.846329 1.053452
v -3.066282 -1.152065 1.189844
v -3.325487 -1.956084 -0.894557
v -3.479214 -1.697504 -0.934554
v -3.286100 -1.970013 -1.196941
v -3.234784 -1.956178 -1.503538
v -3.404385 -1.705421 -1.541495
v -3.124974 -2.186958 -0.835531
v -3.073968 -2.191772 -1.141454
v -3.021726 -2.182623 -1.446372
v -2.879994 -2.369360 -0.764456
v -2.936764 -2.358491 -0.453250
v -2.823920 -2.369478 -1.073622
v -2.765345 -2.352653 -1.379760
v -2.659708 -2.472410 -0.371224
v -2.603572 -2.495640 -0.688057
v -2.544942 -2.495568 -1.000984
v -3.442934 -1.703137 -1.236547
v -3.541644 -1.428928 -1.263146
v -3.535131 -1.415696 -0.958902
v -3.580604 -1.128577 -1.277800
v -3.557128 -1.118830 -0.970765
v -3.548608 -0.818895 -1.288408
v -3.549627 -0.819544 -0.977772
v -3.640007 -0.513149 -1.284175
v -3.608870 -0.515228 -0.975585
v -3.606502 -0.217477 -0.968435
v -3.508908 -1.425680 -1.567580
v -3.533545 -1.129296 -1.590752
v -3.555256 -0.821723 -1.599187
v -3.546074 -0.513824 -1.606725
v -3.599088 -0.204110 -1.281517
v -3.177491 -1.949157 -1.805017
v -3.064973 -1.937577 -2.409579
v -3.268827 -1.697712 -2.457110
v -3.013363 -1.935320 -2.716329
v -2.942673 -1.913758 -3.022174
v -3.153244 -1.676565 -3.071282
v -3.212266 -1.686863 -2.763870
v -2.964999 -2.162757 -1.749867
v -2.780352 -2.122169 -2.659002
v -2.844981 -2.139035 -2.356258
v -2.716633 -2.107797 -2.960196
v -2.712736 -2.338822 -1.686526
v -2.647736 -2.307807 -1.988444
v -2.903413 -2.149894 -2.052358
v -2.588457 -2.293757 -2.292274
v -2.524998 -2.274126 -2.593934
v -2.429134 -2.450078 -1.615366
v -2.489529 -2.485766 -1.310931
v -2.310904 -2.401451 -2.221872
v -2.372442 -2.428766 -1.919816
v -2.248813 -2.377047 -2.522603
v -2.187982 -2.355496 -2.822057
v -2.463179 -2.256023 -2.894254
v -3.348812 -1.699119 -1.844252
v -3.478241 -1.427475 -1.874585
v -3.315251 -1.703292 -2.150445
v -3.420811 -1.421478 -2.492226
v -3.456215 -1.426018 -2.182347
v -3.518722 -1.127273 -2.516982
v -3.541726 -1.133458 -2.205207
v -3.536221 -0.816075 -2.533404
v -3.535501 -0.819049 -2.219870
v -3.550498 -0.507455 -2.225493
v -3.612693 -0.190783 -2.219233
v -3.561692 -0.498299 -2.538325
v -3.373198 -1.413973 -2.802160
v -3.492661 -1.120654 -2.829971
v -3.526666 -0.810245 -2.849266
v -3.552086 -0.176225 -2.541327
v -3.515923 -0.487312 -2.856977
v -3.324638 -1.408793 -3.113051
v -3.077702 -1.662656 -3.373116
v -2.865353 -1.897344 -3.316069
v -2.789244 -1.877887 -3.612097
v -3.001035 -1.643481 -3.673074
v -2.646182 -2.076109 -3.257583
v -2.508192 -2.031180 -3.848075
v -2.723257 -1.855087 -3.912433
v -2.431977 -2.001905 -4.135944
v -2.074956 -2.307812 -3.418834
v -2.131774 -2.333517 -3.121365
v -2.401757 -2.227641 -3.192687
v -2.337173 -2.198856 -3.488704
v -2.579298 -2.056888 -3.553952
v -2.274389 -2.177011 -3.783036
v -2.204255 -2.138913 -4.068229
v -2.020478 -2.288088 -3.715104
v -1.960230 -2.240492 -4.003922
v -3.252958 -1.396412 -3.420087
v -3.386860 -1.105811 -3.456023
v -3.479294 -0.798918 -3.479706
v -3.447569 -1.115012 -3.143564
v -3.173588 -1.378008 -3.724536
v -3.307485 -1.089825 -3.763974
v -3.406103 -0.786394 -3.791043
v -3.534306 -0.482065 -3.491232
v -3.545279 -0.158263 -3.491805
v -3.456473 -0.470256 -3.800752
v -3.481534 -0.151025 -3.798696
v -3.350488 -0.455785 -4.103876
v -2.518043 -1.770236 -4.466882
v -2.637376 -1.819538 -4.206909
v -2.684921 -1.540166 -4.528790
v -2.820626 -1.581597 -4.263371
v -2.520254 -1.492669 -4.761966
v -2.375610 -1.711541 -4.697321
v -2.216602 -1.678426 -4.888136
v -2.020039 -1.666297 -4.964865
v -2.136332 -1.813882 -4.797231
v -2.813847 -1.280216 -4.579264
v -2.963913 -1.317182 -4.313352
v -2.909431 -1.002347 -4.615759
v -3.072431 -1.034626 -4.351411
v -2.982972 -0.714798 -4.643022
v -3.147768 -0.739124 -4.374697
v -2.632299 -1.240647 -4.812839
v -2.720184 -0.971144 -4.852445
v -2.328272 -1.452557 -4.949368
v -2.420390 -1.204140 -4.999701
v -2.550145 -0.663662 -5.061078
v -2.491570 -0.938618 -5.033559
v -2.777314 -0.687487 -4.870994
v -2.819625 -0.398635 -4.883559
v -2.109152 -1.435588 -5.074691
v -2.183701 -1.182384 -5.133464
v -2.246521 -0.917520 -5.171205
v -1.825385 -1.933793 5.511083
v -2.090497 -1.917839 5.417467
v -1.744919 -2.080288 5.200915
v -1.556907 -1.942943 5.600636
v -2.001749 -2.057359 5.106300
v -1.659671 -2.150177 4.862153
v -1.285970 -1.958459 5.685301
v -1.408852 -2.165045 4.947247
v -1.328398 -2.168258 4.602328
v -1.249518 -2.101592 4.265041
v -1.485439 -2.087939 4.182342
v -1.225752 -2.104895 5.365197
v -1.486069 -2.090286 5.285748
v -1.157117 -2.178247 5.026569
v -0.963856 -2.113006 5.441151
v -2.279829 -1.203804 6.075049
v -2.348456 -0.286060 6.342122
v -1.860821 -1.934783 3.684206
v -1.778953 -1.749481 3.393301
v -1.813802 -2.136945 4.429670
v -2.053985 -2.119243 4.335210
v -1.954971 -2.068532 3.999653
v -1.495217 -1.527640 3.229527
v -1.555118 -1.764113 3.481980
v -1.717838 -1.511142 3.139355
v -1.719856 -2.075812 4.094035
v -1.406427 -1.960430 3.864207
v -1.633807 -1.948885 3.775664
v -1.333188 -1.775346 3.572439
v -1.274271 -1.550897 3.314652
v -1.014761 -1.331268 3.206764
v -1.052775 -1.567131 3.400630
v -1.232498 -1.313950 3.121990
v -0.886978 -1.811406 3.736326
v -0.947145 -1.995088 4.024677
v -1.111984 -1.794108 3.654063
v -1.014102 -2.117956 4.344955
v -0.836456 -1.582589 3.483031
v -0.797255 -1.348363 3.285683
v -0.985034 -1.071554 3.046059
v -1.203471 -1.056444 2.960415
v -0.935854 -0.205727 2.757130
v -0.944363 -0.506992 2.811600
v -1.164106 -0.190273 2.679164
v -1.172972 -0.488711 2.741279
v -0.932418 0.098876 2.740191
v -1.161080 0.113703 2.660912
v -0.765937 -1.091039 3.120379
v -0.725541 -0.520828 2.897528
v -0.713851 -0.220220 2.838498
v -0.707446 0.084288 2.814767
v -1.910161 -1.258198 2.869893
v -1.942327 -1.498358 3.045614
v -1.679515 -1.278461 2.951413
v -1.455278 -1.295019 3.039421
v -1.897732 -0.997240 2.731666
v -1.906142 0.154224 2.501548
v -1.648325 0.142573 2.535433
v -1.901187 -0.143113 2.503745
v -1.647074 -0.158091 2.549566
v -1.896423 -0.437440 2.543122
v -1.659075 -1.020239 2.799811
v -1.399409 0.128585 2.590983
v -1.401628 -0.173927 2.611745
v -1.427521 -1.040792 2.876295
v -1.414143 -0.761581 2.757374
v -1.649188 -0.744649 2.679660
v -1.184073 -0.780504 2.830497
v -1.404707 -0.472971 2.663443
v -2.907362 -1.939059 0.859936
v -2.630278 -1.963652 0.923000
v -2.697522 -1.721253 1.097467
v -2.761719 -1.455700 1.223073
v -3.102853 -0.866277 1.238102
v -2.817588 -1.173163 1.311583
v -2.415629 -1.740935 1.145850
v -2.345236 -1.976502 0.954557
v -2.559133 -2.200893 0.655958
v -2.271965 -2.194438 0.694672
v -1.907833 -2.354350 0.446095
v -1.982981 -2.194420 0.729788
v -2.202247 -2.373606 0.406673
v -2.053742 -1.982415 0.967610
v -1.764497 -1.983337 0.984941
v -2.128652 -1.744476 1.168567
v -1.688585 -2.174229 0.751151
v -1.610341 -2.340226 0.482836
v -1.846272 -1.745832 1.191182
v -1.568996 -1.739637 1.214115
v -1.475767 -1.972660 1.003599
v -1.309438 -2.308718 0.509019
v -1.225132 -2.424165 0.214942
v -2.487499 -1.474208 1.292047
v -2.552832 -1.190451 1.402692
v -2.207460 -1.482016 1.335289
v -2.279887 -1.199909 1.465268
v -2.337622 -0.899536 1.549660
v -2.606060 -0.894685 1.480741
v -2.378738 -0.591073 1.602341
v -2.644016 -0.591063 1.529304
v -2.400313 -0.277943 1.619523
v -2.664490 -0.283281 1.550217
v -1.931051 -1.481003 1.361344
v -1.663076 -1.476740 1.387788
v -2.007368 -1.194922 1.490069
v -1.745723 -1.192983 1.526318
v -2.366748 -2.532459 -0.294819
v -2.307818 -2.569182 -0.613847
v -2.248139 -2.576903 -0.929241
v -2.000524 -2.594887 -0.546802
v -2.066604 -2.562719 -0.226742
v -1.936199 -2.591085 -0.862057
v -1.686125 -2.580196 -0.493077
v -1.759493 -2.555684 -0.172821
v -1.617804 -2.555325 -0.806965
v -1.369663 -2.526563 -0.455494
v -1.292099 -2.486577 -0.771687
v -1.055692 -2.455879 -0.428507
v -0.966931 -2.383063 -0.751395
v -0.871102 -2.208612 -1.103232
v -2.188725 -2.548582 -1.238221
v -2.132389 -2.518685 -1.543291
v -2.019897 -2.455716 -2.147427
v -2.077533 -2.487747 -1.846241
v -1.959389 -2.427973 -2.447218
v -1.899993 -2.407218 -2.746308
v -1.877040 -2.560199 -1.169811
v -1.824572 -2.526932 -1.472594
v -1.777920 -2.478770 -1.771326
v -1.725134 -2.453016 -2.071514
v -1.665465 -2.432996 -2.370692
v -1.519115 -2.457579 -1.405273
v -1.484101 -2.420247 -1.700217
v -1.438166 -2.391021 -1.996948
v -1.377207 -2.376469 -2.294799
v -1.228398 -2.400583 -1.069465
v -1.556054 -2.518654 -1.111364
v -1.220475 -2.333524 -1.351349
v -1.173305 -2.269361 -1.926166
v -1.219023 -2.290312 -1.635161
v -1.107203 -2.257967 -2.221102
v -0.942906 -2.136791 -1.321441
v -1.021042 -2.106494 -1.581054
v -0.940225 -2.090196 -1.857220
v -0.855138 -2.095174 -2.143965
v -1.751039 -2.357365 -3.645706
v -1.703361 -2.312940 -3.943132
v -1.474687 -2.390805 -3.575323
v -1.512800 -2.404785 -3.269855
v -1.262357 -2.376176 -2.889235
v -1.554847 -2.409334 -2.968059
v -1.226097 -2.389323 -3.192682
v -1.197822 -2.389214 -3.504183
v -1.171747 -2.356142 -3.821898
v -1.438388 -2.352569 -3.883375
v -1.144794 -2.284410 -4.140184
v -0.975898 -2.298781 -2.810678
v -0.944450 -2.337112 -3.114061
v -0.891122 -2.273306 -4.089252
v -0.908679 -2.341492 -3.761259
v -0.700428 -2.179973 -2.731212
v -0.775768 -2.135132 -2.443353
v -1.898792 -2.172350 -4.284426
v -2.126163 -2.074456 -4.338920
v -1.834355 -2.068897 -4.551623
v -1.937549 -1.866602 -4.811536
v -2.220512 -1.865384 -4.636649
v -1.653733 -2.236636 -4.234860
v -1.605345 -2.114070 -4.517338
v -1.563560 -1.938108 -4.787822
v -1.792738 -1.669868 -5.040551
v -1.566831 -1.678836 -5.028345
v -1.771539 -1.913818 -4.798450
v -1.364966 -2.140454 -4.483472
v -1.400366 -2.271658 -4.188235
v -1.339275 -1.946274 -4.759385
v -1.340780 -1.698819 -5.001088
v -1.121182 -2.147847 -4.445754
v -1.111121 -1.701992 -4.975578
v -1.105632 -1.959361 -4.736592
v -1.136660 -1.455132 -5.136266
v -1.374397 -1.451031 -5.157293
v -0.898601 -1.455609 -5.112930
v -0.876722 -1.710054 -4.951400
v -1.989101 -0.905623 -5.254269
v -1.930937 -1.171513 -5.215206
v -2.036307 -0.630532 -5.272275
v -2.297208 -0.643796 -5.193501
v -1.726896 -0.903457 -5.289841
v -1.771717 -0.621890 -5.281814
v -1.800199 -0.336083 -5.267799
v -1.510466 -0.615463 -5.272824
v -1.468763 -0.904124 -5.287077
v -1.537725 -0.329921 -5.265706
v -1.255470 -0.610237 -5.254948
v -1.221844 -0.898934 -5.280883
v -1.281065 -0.321929 -5.268317
v -1.001363 -0.611479 -5.264414
v -1.018488 -0.322100 -5.320029
v -0.778649 -2.139724 4.423443
v -0.842449 -2.206608 4.761433
v -0.702168 -2.114190 5.513569
v -0.742420 -1.955962 5.818544
v -0.654061 -2.210041 5.186056
v -0.905602 -2.195553 5.105754
v -0.600426 -2.220628 4.841167
v -0.544210 -2.169600 4.499461
v -0.469365 -1.952115 5.876744
v -0.440352 -2.120800 5.585064
v -0.196450 -1.947799 5.931293
v -0.180687 -2.123935 5.646099
v -0.154938 -2.227015 5.323309
v -0.403700 -2.222321 5.255922
v -0.580853 -1.365276 3.361703
v -0.616999 -1.599741 3.556828
v -0.365250 -1.383940 3.438637
v -0.396429 -1.622509 3.628152
v -0.215542 -1.884197 3.955917
v -0.439632 -1.855938 3.884459
v -0.176099 -1.649292 3.698808
v 0.009387 -1.925858 4.024879
v -0.261613 -2.069615 4.246848
v 0.045710 -1.677163 3.775437
v -0.150720 -1.403383 3.515510
v -0.310354 -2.184590 4.572444
v -0.035702 -2.102665 4.321782
v -0.080398 -2.221718 4.644127
v 0.218727 -1.981241 4.117262
v 0.176083 -2.153280 4.408005
v 0.291090 -1.432547 3.675631
v 0.295352 -1.737425 3.869279
v 0.535354 -1.407206 3.749572
v 0.612116 -1.712638 3.876597
v -0.550964 -1.106450 3.199758
v -0.513164 -0.532752 2.988877
v -0.498789 -0.233293 2.926196
v -0.489737 0.070407 2.895987
v -0.339470 -1.120541 3.284049
v -0.298984 -0.248500 3.034651
v -0.303808 -0.545275 3.079754
v -0.293490 0.049552 3.009348
v -0.131201 -1.132807 3.373316
v -0.129158 -0.272588 3.182639
v -0.104780 -0.558329 3.186940
v -0.120333 -0.004901 3.176774
v 0.063423 -1.418875 3.600473
v 0.079480 -1.145402 3.459698
v 0.071321 -0.249721 3.305800
v 0.059708 -0.576618 3.338948
v 0.085127 0.039167 3.278311
v 0.286035 -1.137575 3.574546
v 0.492019 -1.110165 3.679423
v -0.919325 -2.393621 0.244688
v -1.005131 -2.296510 0.544837
v -1.094343 -2.146789 0.810098
v -1.392932 -2.160899 0.776673
v -1.189766 -1.966993 1.036582
v -0.909851 -1.965451 1.100230
v -1.300821 -1.732504 1.243214
v -0.789461 -2.155427 0.864480
v -0.692258 -2.297441 0.580151
v -0.610417 -2.389578 0.272006
v -0.642442 -1.951784 1.202511
v -1.043866 -1.721830 1.295718
v -0.429814 -2.176956 0.978014
v -0.300214 -2.409205 0.284383
v -0.366482 -2.334854 0.608555
v -0.805758 -1.702362 1.376400
v -0.459942 -1.915828 1.371620
v -0.037828 -2.404158 0.587455
v -1.563012 -0.877079 1.640845
v -1.810845 -0.889278 1.617643
v -1.610861 -0.562571 1.691359
v -1.857658 -0.577270 1.679984
v -1.884211 -0.258787 1.698008
v -1.638874 -0.244542 1.715985
v -1.406005 -1.466786 1.412906
v -1.160984 -1.451333 1.453336
v -1.494254 -1.179714 1.545234
v -1.374876 -0.544146 1.718853
v -0.932736 -1.427632 1.515582
v -1.254562 -1.161651 1.576203
v -1.152385 -0.518520 1.746202
v -1.402887 -0.225766 1.736717
v -0.609143 -1.669273 1.505852
v -1.030491 -1.135839 1.623622
v -0.730005 -1.391815 1.614224
v -1.179158 -0.201657 1.759804
v -0.945881 -0.486902 1.805289
v -0.654267 -2.329820 -0.715480
v -0.746639 -2.417488 -0.397637
v -0.530174 -2.420134 -0.049405
v -0.833944 -2.440290 -0.072921
v -0.691406 -1.683971 -1.473961
v -0.804886 -1.939302 -1.383676
v -0.854382 -1.664164 -1.535268
v -0.917090 -1.940691 -1.529115
v -0.229742 -2.426297 -0.040437
v -0.551268 -2.166127 -1.003487
v -0.356655 -2.294817 -0.681858
v -0.259879 -2.135847 -0.965059
v -0.610951 -1.405865 -1.548733
v -0.809932 -1.388172 -1.571485
v -0.483644 -0.521250 -1.530384
v -0.492813 -0.849259 -1.538991
v -0.711436 -0.523401 -1.735059
v -0.740948 -0.822910 -1.700788
v -0.805154 -1.928932 -1.804946
v -0.569403 -1.725067 -2.007475
v -0.666403 -1.718965 -1.732501
v -0.701096 -1.934574 -2.084258
v -0.405915 -1.779117 -2.267719
v -0.576174 -1.982081 -2.367175
v -0.183354 -1.848726 -2.538795
v -0.051826 -1.542083 -2.304501
v -0.277266 -1.515088 -2.116745
v -0.663098 -1.962305 -1.288144
v -0.567572 -1.459226 -1.659744
v -0.473798 -1.460547 -1.917950
v -0.197802 -1.210511 -1.988669
v -0.408999 -1.169662 -1.831017
v -0.144382 -0.892677 -1.882773
v -0.375323 -0.865306 -1.768514
v -0.381394 -0.531224 -1.741049
v -0.124883 -0.567276 -1.821003
v 0.031146 -1.222100 -2.126351
v 0.082814 -0.892733 -2.004343
v 0.112580 -0.561740 -1.914793
v -0.256562 -0.507503 -1.735844
v -0.292490 -0.826830 -1.733663
v -0.119172 -1.123936 -1.671977
v -0.346032 -1.136629 -1.662848
v -0.066769 -0.822009 -1.746581
v -0.035928 -0.511477 -1.784101
v 0.208799 -0.510726 -1.796024
v -0.672632 -2.256197 -3.034427
v -0.662224 -2.304928 -3.363272
v -0.925502 -2.358283 -3.433165
v -0.650996 -2.308973 -3.702148
v -0.640696 -2.248369 -4.038884
v -0.408224 -2.238129 -3.299891
v -0.398853 -2.260108 -3.646968
v -0.390929 -2.220361 -3.992710
v 0.142040 -1.773717 -2.565104
v -0.171452 -2.062229 -2.903211
v 0.113153 -1.978658 -2.880627
v -0.418455 -2.154309 -2.961834
v -0.155256 -2.169948 -3.249951
v -0.144599 -2.216794 -3.601128
v 0.399434 -1.919730 -2.870788
v 0.434577 -1.710577 -2.578020
v 0.112339 -2.110308 -3.216458
v 0.678362 -1.874633 -2.868806
v 0.714337 -1.659940 -2.585999
v 0.384121 -2.059084 -3.198665
v 0.375441 -2.125830 -3.546264
v 0.114013 -2.170502 -3.567060
v 0.287144 -1.202324 -2.151655
v 0.115568 -0.232722 -1.872188
v 0.352026 -0.559428 -1.915758
v 0.599568 -0.545877 -1.917460
v 0.355891 -0.226701 -1.861738
v 0.599149 -0.217212 -1.869044
v 0.848348 -0.204348 -1.880301
v -0.641106 -1.702820 -4.917206
v -0.659414 -1.457538 -5.095419
v -0.390484 -1.934194 -4.629150
v -0.387057 -2.114117 -4.326217
v -0.630648 -1.949315 -4.665171
v -0.402492 -1.696708 -4.890821
v -0.418661 -1.457592 -5.079086
v -0.149000 -1.912979 -4.596361
v -0.141290 -2.088493 -4.290183
v -0.177582 -1.447391 -5.054279
v -0.161175 -1.691535 -4.871680
v 0.106036 -2.059603 -4.260692
v 0.095840 -1.900052 -4.575518
v 0.081067 -1.677451 -4.849119
v 0.065617 -1.441481 -5.041976
v -0.684411 -1.190632 -5.224160
v -0.928129 -1.190499 -5.239907
v -0.711410 -0.909878 -5.296559
v -0.749685 -0.606530 -5.268780
v -0.765361 -0.310066 -5.258712
v -0.463289 -0.910284 -5.296175
v -0.525997 -0.311478 -5.268633
v -0.497884 -0.602039 -5.265507
v -0.440635 -1.189253 -5.206933
v -0.216582 -0.905055 -5.279183
v -0.195995 -1.187338 -5.200763
v -0.241087 -0.608001 -5.281755
v 0.048621 -1.179785 -5.185249
v 0.030335 -0.900217 -5.271608
v 0.005747 -0.602282 -5.276377
v -0.017036 -0.302887 -5.260372
v -0.284117 -0.302368 -5.248899
v -0.042428 0.010565 -5.255109
v 0.074619 -1.942962 5.979995
v 0.078775 -2.125081 5.702565
v 0.091997 -2.237943 5.390348
v 0.348094 -1.929873 6.016030
v 0.338428 -2.119698 5.754741
v 0.337734 -2.239899 5.454146
v 0.343653 -2.304833 5.136559
v 0.572103 -2.306906 5.209068
v 0.581728 -2.236948 5.515010
v 0.619188 -1.905331 6.034870
v 0.597717 -2.095810 5.791812
v 0.644639 -1.669332 6.222071
v 0.957127 -1.393678 6.328007
v 0.926739 -1.654925 6.212434
v 0.826326 -2.221679 5.558178
v 0.855592 -2.077948 5.818130
v 0.801085 -2.314090 5.272490
v 0.887760 -1.887996 6.041614
v 1.251510 -1.382976 6.307898
v 1.207571 -1.643555 6.189939
v 0.968256 -1.140277 6.375431
v 0.626464 -0.862748 6.348128
v 0.928632 -0.848585 6.328943
v 1.287706 -1.112742 6.377919
v 1.313080 -0.823519 6.356081
v 0.379047 -2.199789 4.493520
v 0.403010 -2.045800 4.199473
v 0.408179 -1.898917 4.014912
v 0.577016 -2.127886 4.295254
v 0.574341 -2.257517 4.582435
v 0.587921 -1.939931 4.050696
v 0.770864 -2.219889 4.398525
v 0.776012 -2.309707 4.675942
v 0.779942 -2.077245 4.163217
v 0.798266 -1.927265 3.972255
v 0.989041 -2.354928 4.761393
v 0.981801 -2.305161 4.494008
v 0.987918 -2.210398 4.256376
v 0.785305 -2.341314 4.973358
v 1.213773 -2.360087 4.571225
v 1.215425 -2.380138 4.826904
v 1.032900 -2.304569 5.322171
v 1.007441 -2.359139 5.042846
v 0.253452 -0.316169 3.489624
v 0.268899 -0.560643 3.495917
v 0.284297 0.009359 3.457280
v 0.701291 -1.279805 3.889925
v 0.814783 -1.525801 3.914048
v 0.646912 -1.593543 3.722811
v 0.771449 -1.801485 3.730339
v 0.930672 -1.737910 3.917926
v 0.400210 -1.376677 3.521284
v 0.541233 -1.634626 3.503497
v 0.564290 -1.327444 3.696832
v 0.440752 -1.663279 3.272002
v 0.283218 -1.404122 3.306713
v 0.679959 -1.822864 3.493325
v 0.353355 -1.682205 3.041815
v 1.006739 -2.095046 4.055535
v 1.067162 -1.943540 3.904295
v 0.928350 -1.993104 3.714567
v 0.916519 -2.161112 2.954869
v 0.781954 -2.007694 3.228477
v 0.697941 -2.023589 2.983093
v 0.598949 -1.847286 3.250721
v 1.230328 -2.218773 4.116374
v 1.227921 -2.134881 3.907015
v 0.996633 -2.143217 3.204000
v 1.063498 -2.141361 3.452892
v 1.158379 -2.266704 2.927212
v 1.233030 -2.255895 3.184797
v 0.595448 -1.025187 3.873669
v 0.437567 -0.554751 3.617704
v 0.425832 -0.251849 3.587183
v 0.457948 -0.492812 3.808838
v 0.424369 0.052522 3.559102
v 0.422462 -0.206198 3.776148
v 0.526911 -1.030359 3.632433
v 0.477513 -0.170914 3.460619
v 0.474004 -0.450460 3.515094
v 0.483212 0.063740 3.432970
v 0.414960 0.085914 3.764915
v 0.289558 -1.079075 3.514791
v 0.253317 -0.190078 3.425387
v 0.267915 -0.476897 3.450765
v 0.239379 0.102086 3.351959
v 0.049291 -1.151078 3.106788
v 0.189546 -1.424558 3.075474
v 0.178092 -1.119014 3.316172
v 0.072797 -0.240130 3.214535
v -0.105247 -0.553350 3.110730
v 0.095164 -0.513037 3.240578
v 0.048264 0.094012 3.192913
v -0.110709 -0.219781 3.052097
v 0.041005 -1.735971 2.329581
v 0.212576 -1.926759 2.281784
v 0.143116 -1.709868 2.573517
v -0.029285 -1.477383 2.617496
v 0.115882 -1.954812 2.023943
v -0.055786 -1.775692 2.080368
v 0.007353 -1.998863 1.766838
v 0.410243 -1.877492 2.773110
v 0.241392 -1.689049 2.810703
v 0.074942 -1.450505 2.850976
v 0.314934 -1.897247 2.530437
v 0.219604 -2.163938 1.705028
v 0.316526 -2.123553 1.966993
v 0.511174 -1.858100 3.011369
v 0.515539 -2.065505 2.483002
v 0.418156 -2.094804 2.226951
v 0.742500 -2.205873 2.437941
v 0.652034 -2.234650 2.176446
v 0.562885 -2.263417 1.913374
v 0.472230 -2.303326 1.649425
v 1.079210 -2.284545 2.664011
v 0.833250 -2.183326 2.698878
v 0.751447 -2.401947 1.597746
v 0.830259 -2.370231 1.866354
v -0.124624 -1.504911 2.379389
v -0.271481 -1.246963 2.423776
v -0.172107 -1.212500 2.655692
v -0.286191 -0.927254 2.681947
v -0.368982 -0.626915 2.692716
v -0.379715 -0.960691 2.450386
v -0.457341 -0.658847 2.460456
v -0.515460 -0.349217 2.456874
v -0.419814 -0.317059 2.686565
v -0.540308 -0.033520 2.435070
v -0.060189 -1.178615 2.881729
v -0.175867 -0.893526 2.907670
v -0.259502 -0.594481 2.918405
v -0.300725 -0.285292 2.905602
v -0.438142 -0.002594 2.663118
v -0.444152 -1.630751 1.682937
v -0.291607 -1.876935 1.577533
v -0.309419 -1.584412 1.893271
v -0.160108 -1.819015 1.826492
v 0.007467 -2.444000 0.270096
v -0.116537 -2.046440 1.510642
v -0.218108 -1.544006 2.137026
v -0.272991 -2.097356 1.256448
v -0.002707 -2.259178 1.172216
v 0.310126 -2.380464 1.109281
v 0.385318 -2.342097 1.379687
v 0.308642 -2.477884 0.241268
v 0.277508 -2.469074 0.542951
v 0.621058 -2.466071 1.055810
v 0.589527 -2.491764 0.781889
v 0.885410 -2.513250 0.461863
v 0.898064 -2.519959 0.735515
v 0.585373 -2.507034 0.499897
v 0.930744 -2.501870 1.006055
v -0.568988 -1.360132 1.775378
v -0.966642 -0.172249 1.804821
v -0.783721 -0.137772 1.922570
v -0.762301 -0.452350 1.916356
v -0.721215 -0.763252 1.887180
v -0.537267 -0.720504 2.001651
v -0.557621 -0.415134 1.995161
v -0.354824 -1.282408 2.186055
v -0.593797 -0.384917 2.226307
v -0.546048 -0.696662 2.234526
v -0.607425 -0.069252 2.200438
v -0.068618 -2.271311 -0.659152
v 0.021591 -2.116622 -0.940397
v 0.066087 -2.435112 -0.046301
v 0.298013 -2.103821 -0.922690
v 0.212841 -2.266976 -0.652267
v 0.355457 -2.442086 -0.061042
v 0.487391 -2.249340 -0.643338
v 0.415062 -2.373287 -0.360432
v 0.603235 -2.490176 0.212294
v 0.637816 -2.452003 -0.077204
v 0.753501 -2.228374 -0.630595
v 0.686185 -2.362412 -0.360014
v 0.657156 -1.883938 -1.119877
v 0.921900 -1.859505 -1.071836
v 0.836718 -2.054856 -0.876984
v 0.911498 -2.433251 -0.085611
v 0.946817 -2.342521 -0.353072
v 0.903654 -1.104728 -1.556314
v 0.638114 -1.113710 -1.619594
v 0.959502 -0.812573 -1.638823
v 0.691674 -0.815882 -1.695229
v 0.996861 -0.509383 -1.688079
v 1.229857 -0.808760 -1.560568
v 1.175698 -1.100935 -1.490120
v 1.266722 -0.507665 -1.604372
v 0.121149 -1.119180 -1.662403
v 0.175190 -0.820477 -1.747704
v 0.429596 -0.819515 -1.734987
v 0.375065 -1.117674 -1.651268
v 0.463830 -0.511023 -1.781084
v 0.565868 -1.392977 -1.499376
v 0.303109 -1.403236 -1.536227
v 0.950304 -1.833881 -2.874532
v 0.985776 -1.619012 -2.596848
v 0.654531 -2.016171 -3.192333
v 0.637134 -2.084061 -3.537013
v 0.921867 -1.980519 -3.193390
v 0.899252 -2.059008 -3.534333
v 1.215305 -1.793509 -2.891307
v 1.185139 -1.948123 -3.201962
v 1.159123 -2.035770 -3.538606
v 1.513124 -1.559882 -2.638068
v 1.732676 -1.736338 -2.935369
v 1.767514 -1.523775 -2.675388
v 1.444247 -1.918442 -3.217047
v 1.475955 -1.762740 -2.911633
v 1.415731 -2.008802 -3.549942
v 0.850675 -0.526966 -1.935141
v 1.101252 -0.189004 -1.901919
v 1.104588 -0.506525 -1.958544
v 1.356411 -0.171906 -1.934944
v 1.347830 -0.789292 -2.090414
v 1.604988 -0.764311 -2.127606
v 1.359501 -0.484262 -1.994745
v 1.616077 -0.462499 -2.035878
v 1.859997 -0.736408 -2.180776
v 1.871399 -0.438436 -2.093113
v 1.612037 -0.153304 -1.982952
v 0.355309 -2.031376 -4.239841
v 0.342609 -1.887689 -4.561769
v 0.324943 -1.662263 -4.832236
v 0.310213 -1.435045 -5.034482
v 0.589906 -1.867111 -4.549542
v 0.607086 -2.015674 -4.230869
v 0.555718 -1.424280 -5.026292
v 0.570790 -1.653556 -4.828252
v 0.837882 -1.845962 -4.543857
v 0.859402 -2.000429 -4.229050
v 0.802463 -1.414645 -5.026047
v 0.817533 -1.642996 -4.828942
v 1.110577 -1.974956 -4.229993
v 1.086781 -1.834736 -4.550381
v 1.049837 -1.399169 -5.024454
v 1.064718 -1.628732 -4.832233
v 1.360803 -1.949478 -4.236458
v 1.335565 -1.820784 -4.560205
v 1.311998 -1.611372 -4.838996
v 1.297852 -1.387746 -5.035700
v 0.294167 -1.171117 -5.172832
v 0.278306 -0.894093 -5.267202
v 0.259829 -0.605460 -5.285304
v 0.242253 -0.308581 -5.301552
v 0.226103 -0.002313 -5.255333
v 0.527460 -0.890639 -5.264864
v 0.541149 -1.166899 -5.173627
v 0.510941 -0.599812 -5.281290
v 0.777916 -0.884108 -5.265514
v 0.789401 -1.161169 -5.176874
v 0.762416 -0.591027 -5.275286
v 1.016752 -0.581408 -5.275130
v 1.029321 -0.878230 -5.282890
v 1.282182 -0.867065 -5.281944
v 1.270755 -0.569502 -5.268298
v 1.479047 -1.628670 6.130578
v 1.424025 -1.836557 5.982891
v 1.687384 -1.821069 5.914854
v 1.158206 -1.869999 6.024077
v 1.367438 -2.030091 5.807676
v 1.538152 -1.376534 6.241768
v 1.746217 -1.623543 6.039974
v 1.936736 -1.779754 5.808599
v 2.237515 -1.572769 5.730191
v 2.002781 -1.600306 5.902524
v 2.313856 -1.353978 5.801042
v 2.077755 -1.360788 5.990363
v 2.070486 -1.942860 5.542104
v 2.161679 -1.752287 5.653933
v 2.441474 -1.573136 5.520633
v 2.236485 -1.935286 5.358963
v 2.082339 -2.108338 5.246180
v 2.377601 -1.939582 5.146946
v 2.352959 -1.752013 5.455574
v 1.581899 -1.103541 6.313217
v 1.867402 -1.099662 6.205288
v 1.813953 -1.362790 6.131716
v 1.615045 -0.823388 6.351974
v 1.910079 -0.828312 6.254825
v 2.134409 -1.103063 6.051279
v 2.377061 -1.109939 5.856019
v 2.177858 -0.835453 6.090460
v 2.430029 -0.850331 5.897175
v 2.464916 -0.578645 5.917403
v 2.214805 -0.561997 6.120359
v 2.488755 -0.300961 5.926630
v 2.239201 -0.282752 6.134515
v 2.249038 -0.000304 6.131393
v 2.505071 -0.020085 5.928823
v 2.503436 0.261617 5.912424
v 2.255464 0.283065 6.125038
v 2.723330 -0.041971 5.682271
v 2.728994 0.239750 5.671687
v 2.585603 -1.123769 5.621812
v 2.520243 -1.362145 5.577379
v 2.753737 -1.149184 5.354556
v 2.675740 -1.384941 5.314167
v 2.637977 -0.866996 5.652964
v 2.814194 -0.892352 5.382902
v 2.678658 -0.598289 5.672941
v 2.860932 -0.623203 5.400771
v 1.233517 -2.363459 5.092497
v 1.265442 -2.299943 5.354757
v 1.461148 -2.379984 4.627104
v 1.456035 -2.385493 4.866401
v 1.466920 -2.313417 4.153459
v 1.467378 -2.361523 4.387746
v 1.493138 -2.270593 5.355440
v 1.460079 -2.351135 5.112404
v 1.724211 -2.339623 4.185153
v 1.730768 -2.362537 4.429659
v 1.699201 -2.229645 5.339737
v 1.681314 -2.323313 5.098356
v 1.714539 -2.354288 4.885371
v 1.993261 -2.293352 4.715518
v 1.723618 -2.364527 4.667053
v 1.998418 -2.312699 4.473133
v 1.898970 -2.238864 5.144615
v 1.856472 -2.200415 5.310424
v 1.948234 -2.100884 5.404032
v 2.441204 -2.131447 4.006885
v 2.242397 -2.233825 4.255039
v 2.208836 -2.250693 3.979493
v 1.988361 -2.321628 4.216371
v 2.471416 -2.041923 4.592522
v 2.255528 -2.205790 4.525834
v 2.471137 -2.099315 4.301205
v 1.441436 -2.267025 3.918890
v 1.370234 -2.251279 3.683802
v 1.132903 -2.144469 3.693241
v 1.303243 -2.246979 3.437108
v 1.491755 -2.320395 3.167619
v 1.560583 -2.315083 3.428604
v 1.417940 -2.332175 2.902004
v 1.626742 -2.315971 3.685243
v 1.690843 -2.326605 3.935078
v 1.759955 -2.337355 3.153612
v 1.687776 -2.350901 2.880041
v 1.893478 -2.315862 3.690831
v 2.155057 -2.265861 3.701011
v 1.953078 -2.319107 3.954530
v 2.092418 -2.281787 3.423189
v 1.828083 -2.324697 3.423636
v 2.028220 -2.305682 3.143865
v 1.959063 -2.327132 2.860926
v 2.398791 -2.164679 3.715361
v 2.345664 -2.194950 3.425876
v 2.280549 -2.217750 3.135353
v 2.222238 -2.255105 2.843645
v 0.993296 -2.312606 2.399596
v 0.911870 -2.340333 2.133432
v 1.341266 -2.352498 2.632689
v 1.263634 -2.374494 2.362557
v 1.043467 -2.460804 1.549252
v 1.113024 -2.436619 1.821413
v 1.472665 -2.427339 2.051544
v 1.543005 -2.406696 2.328467
v 1.187827 -2.405756 2.092379
v 1.824575 -2.379255 2.293807
v 1.760283 -2.408786 2.011793
v 1.404483 -2.454874 1.776237
v 1.696015 -2.429841 1.731061
v 1.981291 -2.358472 1.685007
v 2.097347 -2.302099 2.260221
v 2.040665 -2.336390 1.971196
v 0.679705 -2.431798 1.326745
v 0.979848 -2.486506 1.277151
v 1.175049 -2.492684 0.425358
v 1.198753 -2.507810 0.690846
v 1.531203 -2.462261 0.908464
v 1.580370 -2.459392 1.178130
v 1.235164 -2.509418 0.958308
v 1.489072 -2.460653 0.644220
v 1.453268 -2.438140 0.385976
v 1.869298 -2.384897 1.124510
v 1.635460 -2.445190 1.452993
v 1.816251 -2.380769 0.853677
v 2.140274 -2.262279 1.066311
v 2.082761 -2.257617 0.792065
v 2.021530 -2.249146 0.525542
v 2.322682 -2.094194 0.721610
v 2.247453 -2.084414 0.448725
v 2.171677 -2.070667 0.181357
v 1.164946 -2.457374 0.163455
v 0.889620 -2.493120 0.185782
v 1.427436 -2.407238 0.134406
v 1.184424 -1.835831 -1.017723
v 1.439232 -1.832054 -0.935649
v 1.096653 -2.026397 -0.846531
v 1.670756 -2.320171 0.092341
v 1.716271 -2.351221 0.336524
v 1.476543 -2.138865 -0.539513
v 1.249804 -2.175152 -0.581172
v 1.343867 -2.005804 -0.785560
v 1.681702 -1.811424 -0.810410
v 1.578967 -1.988208 -0.694478
v 1.691573 -2.117491 -0.426429
v 1.807302 -2.159279 -0.210104
v 1.583011 -2.224904 -0.308864
v 1.799869 -1.991106 -0.535578
v 1.908642 -1.829641 -0.639544
v 2.071740 -2.042631 -0.068372
v 1.888085 -2.196470 0.023093
v 2.085596 -1.842965 -0.413610
v 1.960442 -2.012685 -0.314699
v 2.233654 -1.871236 -0.171893
v 2.219965 -1.612006 -0.520274
v 2.385027 -1.627297 -0.272440
v 1.498211 -0.803693 -1.454291
v 1.442130 -1.091052 -1.385692
v 1.535882 -0.505911 -1.496625
v 1.761621 -0.798604 -1.319825
v 1.703234 -1.081812 -1.253692
v 1.800060 -0.503786 -1.360693
v 2.017104 -0.795101 -1.156124
v 1.962445 -1.079961 -1.102172
v 2.053836 -0.501281 -1.192379
v 2.255140 -0.792628 -0.957758
v 2.194522 -1.075592 -0.901286
v 2.293591 -0.499037 -0.993892
v 2.472835 -0.791467 -0.729517
v 2.415237 -1.080638 -0.680366
v 2.510711 -0.495334 -0.762898
v 2.328427 -1.354711 -0.608389
v 2.504971 -1.362366 -0.355634
v 2.592703 -1.079970 -0.419329
v 1.983248 -1.701278 -2.970923
v 2.015394 -1.484257 -2.720958
v 1.699532 -1.889169 -3.237680
v 1.668571 -1.975864 -3.567186
v 1.950996 -1.858713 -3.264573
v 2.229185 -1.669455 -3.010616
v 2.464594 -1.622151 -3.062111
v 2.437108 -1.781173 -3.335431
v 2.663778 -1.715719 -3.382243
v 2.689461 -1.564273 -3.118641
v 2.723196 -1.376256 -2.907676
v 2.917953 -1.301334 -3.032216
v 2.752758 -1.122214 -2.782331
v 2.889645 -1.487351 -3.191593
v 2.863885 -1.609431 -3.444459
v 1.866239 -0.132959 -2.047585
v 2.116376 -0.110919 -2.132260
v 2.120519 -0.410676 -2.176350
v 2.356882 -0.087340 -2.244467
v 2.359264 -0.379898 -2.286411
v 2.583684 -0.347816 -2.423664
v 2.785436 -0.316038 -2.593196
v 2.580059 -0.063271 -2.389832
v 2.951663 -0.286030 -2.802104
v 2.777684 -0.040279 -2.570103
v 1.583829 -1.803385 -4.571656
v 1.611145 -1.940653 -4.251142
v 1.558587 -1.588248 -4.846119
v 1.546378 -1.372831 -5.048571
v 1.859991 -1.917385 -4.263265
v 1.890425 -1.979922 -3.926184
v 1.830549 -1.777540 -4.580484
v 1.795014 -1.348099 -5.052529
v 1.804698 -1.570694 -4.862921
v 2.137414 -1.939454 -3.943492
v 2.107564 -1.888094 -4.274858
v 2.076764 -1.755861 -4.591362
v 2.043727 -1.320268 -5.051773
v 2.050062 -1.552581 -4.880327
v 2.380920 -1.884710 -3.961767
v 2.353212 -1.845383 -4.282441
v 2.321869 -1.731845 -4.597858
v 2.291912 -1.507853 -4.874003
v 2.292632 -1.295920 -5.047445
v 2.593285 -1.776593 -4.281845
v 2.619090 -1.806461 -3.979378
v 2.554958 -1.673676 -4.577322
v 2.536271 -1.265749 -5.005924
v 2.530423 -1.486044 -4.857313
v 2.300436 -1.050276 -5.158004
v 2.546462 -1.021121 -5.091718
v 1.536680 -0.851345 -5.278608
v 1.526192 -0.559734 -5.276005
v 1.786196 -0.550698 -5.278737
v 1.793005 -0.834659 -5.276041
v 2.050186 -0.536879 -5.286363
v 2.051570 -0.813961 -5.268316
v 2.307666 -0.788447 -5.230666
v 2.313778 -0.519391 -5.266030
v 2.553998 -0.763646 -5.144799
v 2.561300 -0.500906 -5.182400
v 2.317047 -0.246676 -5.287087
v 2.559354 -0.234202 -5.191692
v 2.318939 0.027450 -5.287823
v 2.553477 0.032964 -5.189231
v 2.498986 -1.760709 5.222322
v 2.602227 -1.805448 4.948436
v 2.593294 -1.594501 5.269540
v 2.801830 -1.428465 5.033018
v 2.453362 -1.989788 4.881501
v 2.235294 -2.165961 4.789901
v 2.646989 -1.866325 4.655293
v 2.701458 -1.635104 4.990668
v 2.879725 -1.481749 4.731132
v 2.805615 -1.747435 4.392443
v 2.930591 -1.528817 4.413129
v 2.763568 -1.695354 4.697894
v 2.813632 -1.788900 4.072986
v 2.655187 -1.930258 4.348122
v 2.932650 -1.577345 4.092412
v 3.009880 -1.268804 4.432117
v 3.025558 -1.318526 4.105918
v 2.787380 -1.841830 3.752330
v 2.928601 -1.649625 3.767946
v 2.884503 -1.184843 5.064275
v 2.945390 -0.921845 5.085132
v 3.035940 -0.955847 4.771572
v 2.973558 -1.224539 4.753960
v 2.981038 -0.648078 5.093091
v 3.042726 -0.679165 4.780042
v 3.029566 -0.395981 4.772942
v 3.057224 -0.137067 4.428551
v 3.022954 -0.111412 4.762854
v 3.056825 0.148550 4.415308
v 3.039876 0.173086 4.752736
v 3.040647 -0.995606 4.441329
v 3.020515 -1.034474 4.107305
v 3.030387 -0.706844 4.436709
v 3.057173 -0.745806 4.107870
v 3.047855 -0.422682 4.434879
v 3.054291 -0.454420 4.099671
v 3.072119 -0.163710 4.092528
v 3.080021 0.125387 4.080464
v 3.115305 -0.192937 3.756921
v 3.114119 0.104892 3.747937
v 2.608271 -2.013243 3.731737
v 2.569978 -2.059302 3.430228
v 2.460922 -2.124892 2.827907
v 2.516506 -2.094799 3.129111
v 2.646335 -1.978726 4.037541
v 2.757003 -1.886392 3.437914
v 2.715787 -1.925145 3.124847
v 2.674840 -1.959785 2.813547
v 3.032025 -1.369261 3.777279
v 3.049124 -1.416959 3.447085
v 2.889572 -1.725895 3.120033
v 2.906759 -1.684887 3.444430
v 3.020164 -1.449428 3.116125
v 3.100526 -0.490694 3.763525
v 3.051207 -0.785461 3.776223
v 3.107467 -0.530305 3.428518
v 3.218863 -0.221942 3.416160
v 3.216533 0.078658 3.403533
v 3.070836 -1.130770 3.442707
v 3.029430 -1.166134 3.098071
v 2.307690 -2.220253 1.930649
v 2.358530 -2.188369 2.227893
v 2.252565 -2.239724 1.636850
v 2.547863 -2.051940 1.890946
v 2.596014 -2.028193 2.196797
v 2.502817 -2.074768 1.587733
v 2.759907 -1.847876 1.852713
v 2.789813 -1.815238 2.166649
v 2.938470 -1.588835 1.816154
v 2.961018 -1.561473 2.138314
v 2.719870 -1.869148 1.541231
v 2.903512 -1.609777 1.495751
v 3.285207 -0.283436 2.736661
v 3.126447 -0.596620 2.754139
v 3.213365 -0.301445 2.393183
v 3.218262 0.005232 2.376017
v 3.273528 0.021530 2.722120
v 3.093190 -1.250448 2.438396
v 2.982684 -1.526338 2.461652
v 3.049499 -1.286084 2.109267
v 3.047988 -0.938242 2.418731
v 3.008347 -0.955074 2.082022
v 3.239672 -0.608207 2.407060
v 3.110468 -0.650108 2.057729
v 3.229395 -0.326579 2.057052
v 3.233032 -0.016604 2.041284
v 3.052939 -1.303424 1.783915
v 3.030682 -0.982324 1.749601
v 3.109612 -0.677108 1.726950
v 3.031437 -1.321510 1.458206
v 3.250674 -0.354802 1.727210
v 3.058886 -0.371607 1.361951
v 3.049840 -0.052904 1.356350
v 3.125485 -0.019657 1.691684
v 2.193106 -2.249925 1.349013
v 1.923825 -2.375316 1.402349
v 2.446289 -1.888307 0.360129
v 2.446681 -2.090757 1.292424
v 2.606642 -1.893619 0.934332
v 2.389589 -2.101116 1.003035
v 2.531326 -1.895606 0.643331
v 2.722807 -1.645055 0.569325
v 2.791993 -1.632005 0.872625
v 2.671001 -1.886062 1.232712
v 2.857471 -1.622854 1.180169
v 2.863691 -1.363495 0.509222
v 2.941753 -1.352885 0.818668
v 3.027728 -1.055840 0.774359
v 2.967506 -1.067438 0.459509
v 3.024284 -0.745286 0.735613
v 3.028996 -0.762186 0.419804
v 3.041420 -0.437115 0.713621
v 3.032414 -0.451124 0.388555
v 3.043212 -0.125631 0.372710
v 3.023077 -0.000780 0.690991
v 2.875506 -1.077600 0.150360
v 2.769948 -1.367801 0.207319
v 2.945133 -0.775129 0.108021
v 2.986605 -0.466816 0.080000
v 2.990281 -1.333604 1.136072
v 2.998991 -0.997398 1.424080
v 3.041940 -1.034835 1.092202
v 3.033147 -0.688519 1.393009
v 3.067531 -0.722100 1.061749
v 2.351848 -1.879837 0.087606
v 2.517422 -1.635404 -0.004169
v 2.654973 -1.369259 -0.084102
v 2.754590 -1.082884 -0.146267
v 2.821315 -0.784483 -0.191482
v 2.661430 -0.789158 -0.471025
v 2.862093 -0.480345 -0.222121
v 2.702802 -0.489798 -0.504404
v 3.027174 -1.394933 -3.272507
v 2.933778 -1.061658 -2.946209
v 3.052120 -1.008619 -3.155247
v 3.047446 -1.234322 -3.210782
v 3.019065 -1.452516 -3.733394
v 2.859995 -1.666120 -3.717695
v 3.004397 -1.487643 -3.997647
v 3.017935 -1.221010 -3.724282
v 3.026346 -1.209839 -3.461528
v 3.017002 -1.423326 -3.488983
v 3.017931 -0.981131 -3.432708
v 3.052204 -0.981511 -3.705072
v 3.039963 -1.254504 -3.995203
v 3.017129 -0.990506 -3.990470
v 2.942264 -0.808544 -2.887749
v 3.041709 -0.766988 -3.114457
v 2.937601 -0.019625 -2.788857
v 3.039121 -0.002850 -3.041390
v 3.051442 -0.260695 -3.057033
v 3.025035 -0.245157 -3.353855
v 3.038937 0.008385 -3.330842
v 3.009412 -0.233216 -3.647793
v 3.035294 -0.740910 -3.395717
v 3.016580 -0.733373 -3.687602
v 3.044838 -0.483480 -3.664304
v 3.023248 -0.493986 -3.377429
v 3.077762 -0.733843 -3.976361
v 3.016816 -0.481190 -3.962527
v 3.063376 -0.225999 -3.946088
v 3.016180 0.011975 -3.636517
v 3.013915 0.024854 -3.936837
v 2.842961 -1.681386 -3.993582
v 2.972696 -1.494246 -4.262108
v 2.810080 -1.656410 -4.271628
v 2.950382 -1.219958 -4.760810
v 2.782058 -0.995540 -4.982004
v 2.957868 -0.979921 -4.783143
v 3.043763 -1.280223 -4.263973
v 2.939830 -1.452059 -4.511174
v 2.914721 -1.379655 -4.707676
v 3.047514 -1.272452 -4.521096
v 3.050952 -0.992763 -4.539952
v 2.782876 -0.741505 -5.005703
v 2.778859 -0.483442 -5.018332
v 2.962148 -0.473194 -4.808289
v 2.780258 -0.224043 -5.029696
v 2.956615 -0.217470 -4.807086
v 2.779978 0.036564 -5.032742
v 2.943638 0.037323 -4.799660
v 3.046626 -0.216665 -4.541484
v 3.011708 -0.222447 -4.247084
v 3.031803 -0.473858 -4.254398
v 3.055003 0.035097 -4.530357
v 3.020297 0.026574 -4.236730
v 3.045762 -0.728264 -4.542102
v 2.959347 -0.728216 -4.797048
v 3.046715 -0.470849 -4.542019
v -3.534046 0.164073 5.158723
v -3.549431 -0.114448 5.131299
v -3.538005 0.443942 5.176742
v -3.480818 0.128708 5.442751
v -3.507028 0.723921 5.190504
v -3.475007 0.417906 5.456168
v -3.459597 0.706048 5.459532
v -3.453847 0.992100 5.457925
v -3.340885 0.095277 5.709805
v -3.343698 -0.204430 5.678333
v -3.336585 0.394449 5.730328
v -3.311931 0.691465 5.725430
v -3.420346 1.270645 5.428008
v -3.536551 1.012057 5.184200
v -3.478441 1.567893 5.122053
v -3.547880 1.297847 5.166906
v -3.161218 1.532481 5.565425
v -3.233598 1.267823 5.653301
v -3.103975 1.714397 5.461029
v -3.346963 1.529189 5.363873
v -3.268723 1.698898 5.299638
v -3.532461 0.243255 4.532820
v -3.552656 0.509167 4.553819
v -3.537544 0.201691 4.845771
v -3.540425 0.778156 4.568405
v -3.521079 0.472029 4.866753
v -3.556307 0.755386 4.879202
v -3.567165 1.031707 4.885190
v -3.573283 0.018605 4.185806
v -3.529328 0.278881 4.218025
v -3.535329 0.540213 4.242240
v -3.552505 0.804452 4.259670
v -3.544955 1.052516 4.577999
v -3.534319 0.341873 3.593643
v -3.536519 0.084253 3.567397
v -3.568868 0.052870 3.873220
v -3.505311 0.312182 3.908487
v -3.537300 0.601041 3.623313
v -3.519329 0.569835 3.934392
v -3.529946 0.859453 3.651595
v -3.590421 0.831776 3.952040
v -3.513825 1.313255 4.872062
v -3.537740 1.602099 4.863768
v -3.531576 1.333687 4.580503
v -3.546211 1.075714 4.272851
v -3.523620 1.620034 4.582819
v -3.516927 1.351811 4.283866
v -3.546896 1.645221 4.292597
v -3.527719 1.372302 3.986929
v -3.363730 1.747552 5.084849
v -3.444143 1.860326 4.313726
v -3.184690 1.834163 5.235672
v -3.211542 1.894519 5.077101
v -3.020726 1.993308 5.116677
v -3.431656 1.839203 4.586367
v -3.258110 2.039079 4.338202
v -3.492307 0.370317 3.307593
v -3.491416 0.110832 3.281267
v -3.492539 0.630490 3.333363
v -3.496627 0.890457 3.360948
v -3.355318 0.394137 3.054732
v -3.347128 0.131742 3.034642
v -3.363187 0.656689 3.078644
v -3.166777 0.415321 2.847298
v -3.498007 1.629586 3.722663
v -3.476902 1.399992 3.421887
v -3.529028 1.387266 3.692195
v -3.442213 1.625174 3.466351
v -3.415386 1.810764 3.757577
v -3.170002 1.963108 3.567036
v -3.344919 1.795576 3.516896
v -3.346043 1.422309 3.202359
v -3.222297 1.997612 3.810762
v -2.985297 2.121670 3.832196
v -3.274764 1.795787 3.342693
v -3.306561 1.654865 3.269255
v -3.105151 1.719335 3.153849
v -3.144295 0.068451 5.944809
v -3.125354 0.376325 5.950593
v -2.887807 0.364936 6.138854
v -2.898101 0.050996 6.125941
v -2.631000 0.039463 6.269837
v -2.619293 0.357330 6.277448
v -2.350774 0.033135 6.362818
v -2.838427 1.900128 5.413074
v -2.614515 1.940391 5.492984
v -2.799830 2.055166 5.188511
v -2.577744 2.092486 5.253500
v -2.345222 2.129795 5.320096
v -2.419797 1.770004 5.791700
v -2.464783 1.557464 5.957303
v -2.165270 1.758713 5.899498
v -2.376559 1.966545 5.578556
v -2.130657 1.989321 5.657505
v -2.100788 2.155073 5.383225
v -2.077575 2.275732 5.095097
v -1.850288 2.178064 5.441116
v -1.824231 2.288592 5.143733
v -3.233445 1.959048 4.847153
v -3.028443 2.081806 4.882973
v -3.249847 2.015106 4.598918
v -3.029483 2.138682 4.627250
v -3.010598 2.159900 4.097409
v -2.736262 2.191970 3.844760
v -2.798368 2.156490 4.932052
v -2.790837 2.219426 4.664347
v -2.779666 2.251552 4.390882
v -3.023428 2.163126 4.362191
v -2.563260 2.204057 4.985902
v -2.548418 2.277551 4.707128
v -2.485192 2.229608 3.856058
v -2.233620 2.241081 3.874046
v -2.460939 2.126614 3.585354
v -2.324740 2.246470 5.041968
v -2.528998 2.302308 4.421233
v -2.302074 2.310292 4.749808
v -2.278573 2.334675 4.455044
v -2.255111 2.312752 4.160274
v -1.983055 2.244475 3.901928
v -2.053745 2.339009 4.795196
v -2.942991 0.432607 2.693240
v -2.943602 0.704591 2.731182
v -3.168801 0.681473 2.878974
v -2.696814 0.444952 2.591292
v -2.697389 0.723262 2.634436
v -2.439550 0.453018 2.527932
v -2.439602 0.736036 2.584278
v -2.174476 0.744840 2.562531
v -1.908281 0.451885 2.518694
v -2.173265 0.454606 2.510888
v -1.910134 1.028779 2.678611
v -2.173353 1.028832 2.649779
v -1.909330 1.304527 2.803053
v -2.940167 2.050930 3.575048
v -2.900265 1.737403 3.107852
v -2.922503 1.502189 2.952353
v -3.109508 1.876312 3.350623
v -2.703230 2.104797 3.578839
v -2.902776 1.933932 3.322260
v -2.682316 1.528482 2.916156
v -2.677103 1.776763 3.081432
v -2.676623 1.968544 3.317759
v -2.431795 1.554631 2.902990
v -2.436108 1.288942 2.766018
v -2.691485 1.271084 2.784410
v -2.433806 1.794680 3.093360
v -2.440954 1.982381 3.328154
v -2.212218 2.127148 3.600992
v -2.195493 1.974712 3.354505
v -2.171072 1.562966 2.932572
v -2.170686 1.304618 2.768801
v -2.182916 1.802721 3.134318
v -1.911947 1.562259 2.966422
v -1.925737 1.791245 3.170867
v -3.515789 0.046121 0.595794
v -3.503312 0.317081 0.282901
v -3.521870 0.080928 0.264849
v -3.520608 0.565810 0.285607
v -3.538373 0.290079 0.586334
v -3.559330 0.832503 0.314248
v -3.545060 0.555006 0.592733
v -3.554799 -0.247114 -0.039456
v -3.551888 0.072041 -0.039866
v -3.538873 0.352361 -0.027203
v -3.516178 0.595769 -0.008076
v -3.518190 0.863314 0.007317
v -3.465475 -0.265362 0.846591
v -3.473850 0.282893 0.854105
v -3.468362 0.005732 0.844291
v -3.467457 0.555322 0.848015
v -3.330133 0.288130 1.087872
v -3.317921 0.569791 1.068943
v -3.327032 0.004329 1.083453
v -3.144110 0.008760 1.285256
v -3.116465 0.591493 1.243852
v -3.132015 0.300760 1.270058
v -3.544715 0.818790 0.591883
v -3.536088 1.081476 0.588933
v -3.553705 1.272612 0.587957
v -3.527121 1.096938 0.327626
v -3.550979 1.363530 0.385485
v -3.536632 1.135702 0.043356
v -3.479583 1.366298 0.099750
v -3.363609 1.580918 0.178092
v -3.468592 1.426597 -0.199609
v -3.466945 0.825797 0.838172
v -3.155338 1.740781 0.271834
v -3.315218 1.646687 -0.122596
v -3.185961 1.604072 0.565291
v -2.946965 1.663308 0.666967
v -3.101799 1.813464 -0.036619
v -2.862041 1.936715 0.051200
v -3.567638 0.088607 -0.962770
v -3.562514 0.101287 -1.272123
v -3.552253 0.400557 -1.255756
v -3.546114 0.382948 -0.946067
v -3.539509 0.697517 -1.207394
v -3.554661 0.672560 -0.917216
v -3.520484 0.978715 -1.183036
v -3.604616 -0.199255 -1.590596
v -3.566122 0.111893 -1.581938
v -3.554039 0.417177 -1.566522
v -3.534577 0.719690 -1.546618
v -3.530130 1.017350 -1.515026
v -3.550435 0.959991 -0.890192
v -3.503574 1.244221 -0.854004
v -3.390017 1.511361 -0.801334
v -3.480417 1.270946 -1.158448
v -3.345476 1.538925 -1.106658
v -3.446738 1.293249 -1.466083
v -3.165371 1.764369 -1.041815
v -3.296118 1.556164 -1.414817
v -3.106915 1.780634 -1.348211
v -3.211529 1.729686 -0.734066
v -3.001831 1.918031 -0.658119
v -2.880613 1.961752 -1.276180
v -3.057336 1.879083 -0.346366
v -2.751818 2.048589 -0.580166
v -2.940220 1.941957 -0.968081
v -2.689104 2.077276 -0.892605
v -3.553876 0.141342 -2.208388
v -3.541109 0.140634 -2.519607
v -3.585389 0.457993 -2.499131
v -3.555387 0.450137 -2.186591
v -3.548016 0.772711 -2.469594
v -3.546984 0.756556 -2.160839
v -3.489327 1.050174 -2.122258
v -3.526001 -0.171601 -2.852585
v -3.567236 0.150283 -2.834713
v -3.517056 0.473077 -2.815393
v -3.524107 0.781355 -2.780416
v -3.422533 1.078198 -2.737823
v -3.551631 0.480221 -3.132214
v -3.487690 0.789389 -3.091711
v -3.376474 1.087500 -3.044871
v -3.456793 1.064608 -2.429453
v -3.321591 1.349582 -2.380793
v -3.140319 1.606944 -2.321738
v -3.274358 1.359010 -2.685505
v -3.079548 1.610143 -2.623710
v -3.221319 1.366534 -2.989079
v -3.187783 1.587660 -2.019047
v -2.986259 1.797222 -1.955804
v -2.856068 1.810169 -2.557948
v -2.748771 1.970040 -1.886476
v -2.922936 1.806656 -2.257866
v -2.810959 1.959294 -1.581299
v -2.553159 2.094439 -1.508836
v -2.675615 1.967091 -2.187923
v -2.406560 2.086112 -2.114141
v -2.478635 2.081408 -1.812026
v -2.607981 1.973656 -2.488234
v -3.510027 0.483299 -3.444216
v -3.551711 0.164549 -3.478103
v -3.512069 0.155706 -3.155698
v -3.433208 0.795299 -3.402111
v -3.314288 1.093939 -3.350452
v -3.475182 0.169536 -3.784674
v -3.435699 0.487212 -3.752990
v -3.357907 0.796812 -3.708711
v -3.245474 1.095540 -3.654145
v -3.370265 -0.141253 -4.099965
v -3.364619 0.173882 -4.084512
v -3.333265 0.487293 -4.055252
v -3.269070 0.795020 -4.012442
v -3.150134 1.370470 -3.288554
v -2.952068 1.621231 -3.219182
v -3.084563 1.370292 -3.587451
v -3.155264 1.086148 -3.951908
v -2.884507 1.616275 -3.513555
v -3.007793 1.361777 -3.883228
v -2.795133 1.817234 -2.857359
v -2.731653 1.808291 -3.152887
v -2.672543 1.804432 -3.446747
v -2.816594 1.608788 -3.808892
v -2.618056 1.803397 -3.739406
v -2.485399 1.969119 -3.084217
v -2.539274 1.966547 -2.785933
v -2.265593 2.083589 -2.713093
v -2.433041 1.964849 -3.379753
v -2.166471 2.086080 -3.311396
v -3.049829 -0.118509 -4.652327
v -3.231427 -0.130502 -4.390433
v -3.226371 0.177979 -4.374247
v -2.837643 0.187348 -4.868245
v -2.836096 -0.105713 -4.879091
v -3.048901 0.182180 -4.638212
v -2.818939 0.477599 -4.843060
v -3.025140 0.480314 -4.610382
v -2.780625 0.761544 -4.804127
v -2.976836 0.772526 -4.568581
v -2.604885 0.194932 -5.053942
v -2.603554 -0.092421 -5.065083
v -2.588710 0.479165 -5.030030
v -2.556413 0.756863 -4.991637
v -2.354607 -0.079883 -5.203627
v -2.343996 0.487276 -5.168581
v -2.358284 0.204903 -5.193176
v -2.316319 0.764226 -5.131676
v -2.917403 1.344982 -4.174077
v -2.526111 1.521612 -4.606626
v -2.642930 1.571128 -4.363647
v -2.395255 1.687175 -4.533881
v -2.272822 1.895808 -4.226843
v -2.206913 1.828554 -4.481561
v -2.374149 1.496959 -4.801164
v -2.458453 1.278878 -4.887137
v -2.642161 1.293328 -4.686283
v -2.317452 1.647035 -4.721667
v -2.325767 1.934424 -3.954087
v -2.081877 2.058415 -3.898443
v -2.164387 1.525064 -4.896724
v -2.230091 1.290751 -5.008828
v -2.337970 0.353117 6.362605
v -1.912489 1.774482 5.960282
v -1.878446 1.999455 5.715276
v -1.592489 2.195787 5.490095
v -1.350518 2.031583 5.804292
v -1.618124 2.016417 5.762753
v -1.078107 2.044160 5.838744
v -1.328312 2.204116 5.531755
v -1.306886 2.319430 5.236709
v -1.043695 2.326236 5.278218
v -0.790974 2.221259 5.606753
v -1.060614 2.209664 5.569437
v -0.803843 2.049645 5.864482
v -0.525070 2.059993 5.896708
v -0.934471 0.988772 2.894375
v -0.929201 0.702209 2.799481
v -1.165487 1.001999 2.829702
v -1.162344 0.714852 2.735875
v -0.941041 1.259415 3.023870
v -1.170468 1.273486 2.959142
v -0.706147 0.687226 2.876554
v -0.709666 0.976307 2.961909
v -0.714808 1.250544 3.082033
v -1.777130 2.367384 4.535180
v -2.028140 2.354855 4.492833
v -1.801775 2.357600 4.841330
v -1.733134 2.245178 3.939514
v -1.465609 2.114815 3.710285
v -1.712501 2.119290 3.664894
v -1.568013 2.310832 5.193215
v -1.546389 2.364772 4.886660
v -1.753716 2.329206 4.232113
v -1.504242 2.331606 4.276372
v -1.202847 1.943800 3.519428
v -1.444902 1.942531 3.468663
v -1.288353 2.377786 4.931752
v -1.524832 2.373453 4.579629
v -1.188536 1.747246 3.312337
v -1.426521 1.761364 3.260459
v -1.027211 2.383977 4.973667
v -1.271018 2.375103 4.624846
v -1.254234 2.336846 4.323159
v -0.956267 1.739921 3.367977
v -0.946566 1.515425 3.176475
v -1.177687 1.523761 3.121396
v -0.967090 1.936444 3.578116
v -1.015044 2.385818 4.668447
v -0.720805 1.505299 3.234752
v -0.727289 1.736502 3.417392
v -0.734675 1.940051 3.625887
v -0.981156 2.109303 3.814134
v -1.651191 0.442282 2.563964
v -1.654823 1.296290 2.848981
v -1.652276 1.025923 2.713407
v -1.400342 0.430931 2.612980
v -1.404181 1.015107 2.768865
v -1.403308 0.726766 2.677591
v -1.651451 0.738982 2.617912
v -1.406851 1.288759 2.896982
v -1.160738 0.416957 2.679406
v -1.414762 1.536085 3.067528
v -1.659651 1.548342 3.014042
v -1.672576 1.770801 3.209507
v -1.689807 1.954401 3.410767
v -3.140450 -0.283935 1.280512
v -2.918366 -0.285452 1.443079
v -2.917562 0.016169 1.436068
v -2.903099 0.315778 1.409490
v -2.667243 0.025310 1.543497
v -2.652818 0.331536 1.508985
v -2.875431 0.610184 1.355588
v -2.623486 0.631639 1.444430
v -2.405762 0.035717 1.613844
v -2.392144 0.346590 1.573037
v -2.362791 0.651202 1.501104
v -2.319426 0.940180 1.383815
v -2.582462 0.922169 1.347704
v -2.140539 -0.270088 1.678267
v -2.145336 0.047151 1.659262
v -2.131618 0.359055 1.605450
v -1.890968 0.059890 1.684729
v -1.878957 0.373900 1.633416
v -2.901796 1.819168 0.359785
v -2.645495 1.869193 0.438204
v -2.382563 1.888864 0.497374
v -2.596811 1.995048 0.125978
v -2.693798 1.685902 0.737782
v -2.748074 1.435631 1.004910
v -2.433223 1.693097 0.779768
v -2.270110 1.211601 1.230601
v -2.534852 1.198890 1.215058
v -2.224026 1.462014 1.042377
v -2.487323 1.450365 1.030289
v -2.171482 1.693986 0.811413
v -2.115955 1.884259 0.539321
v -2.328398 2.025304 0.190542
v -1.959847 1.472307 1.051367
v -2.057183 2.024480 0.239860
v -1.785820 2.008672 0.276535
v -2.009343 1.225783 1.245002
v -1.699949 1.473061 1.056709
v -1.645205 1.668149 0.853435
v -1.907692 1.678599 0.829549
v -2.808921 2.001985 -0.265479
v -2.544180 2.083329 -0.189714
v -2.484929 2.141083 -0.505843
v -2.269746 2.121087 -0.123622
v -2.269782 2.161155 -1.434264
v -2.344649 2.171029 -1.129181
v -1.977753 2.180860 -1.362663
v -2.055400 2.190101 -1.060486
v -1.763792 2.170949 -1.000541
v -1.992261 2.115291 -0.072753
v -1.715524 2.100526 -0.032725
v -1.478264 2.092771 -0.954253
v -1.685400 2.134864 -1.295824
v -1.439742 2.072757 -0.006156
v -1.558762 2.141521 -0.657200
v -1.199600 1.986405 -0.931277
v -2.195336 2.151747 -1.737239
v -1.902810 2.161873 -1.662843
v -1.971588 2.151194 -2.638606
v -2.041579 2.148833 -2.338426
v -1.664813 2.159880 -2.563399
v -1.613691 2.107881 -1.591223
v -1.740708 2.150702 -2.262095
v -1.354058 2.114624 -2.487813
v -1.442499 2.093845 -2.186364
v -1.531690 2.098454 -1.888067
v -1.156951 1.981927 -2.109576
v -1.047477 2.012230 -2.408662
v -2.210661 2.084147 -3.012616
v -2.125671 2.082472 -3.607476
v -1.820740 2.143445 -3.851715
v -1.881306 2.165213 -3.244789
v -1.585380 2.202685 -3.180404
v -1.851257 2.165817 -3.548843
v -1.568477 2.210763 -3.494643
v -1.551547 2.196824 -3.809943
v -1.284944 2.201293 -3.118072
v -1.284142 2.226916 -3.442465
v -0.985398 2.167887 -3.058672
v -1.002534 2.213675 -3.394547
v -1.279941 2.218526 -3.768661
v -2.089327 0.499647 -5.259068
v -2.099967 0.216123 -5.275546
v -2.067791 0.780611 -5.230958
v -1.825177 0.513734 -5.260896
v -1.833927 0.229850 -5.273212
v -1.810099 0.807230 -5.278810
v -1.565298 0.533259 -5.264943
v -1.569256 0.242075 -5.309772
v -1.551621 0.834290 -5.296844
v -1.303714 0.258938 -5.254717
v -1.307425 0.550251 -5.258448
v -1.295865 0.857571 -5.294446
v -1.042198 0.275400 -5.282005
v -1.051374 0.570724 -5.273805
v -1.041020 0.872215 -5.288889
v -1.029633 1.154906 -5.218431
v -2.140595 1.706248 -4.726410
v -1.949392 1.782067 -4.725592
v -1.956071 1.568815 -4.956817
v -1.994861 1.315462 -5.078722
v -1.986434 1.918636 -4.456126
v -1.752663 1.986796 -4.445045
v -1.725703 1.816272 -4.715916
v -1.491151 1.847616 -4.703535
v -1.507842 2.018014 -4.422760
v -1.249861 1.864494 -4.678457
v -1.249381 1.643676 -4.917391
v -1.488828 1.619716 -4.935130
v -1.259013 2.032211 -4.394034
v -1.008183 2.048673 -4.369833
v -1.005131 1.878149 -4.655011
v -0.529121 1.850198 6.101454
v -0.241889 1.844432 6.124640
v -0.765591 2.393131 5.014433
v -0.777914 2.334759 5.317474
v -0.502640 2.403951 5.052912
v -0.510492 2.342211 5.354618
v -0.517868 2.222411 5.638561
v -0.241823 2.351718 5.391727
v -0.238758 2.414979 5.088659
v -0.243678 2.223230 5.671726
v 0.032001 2.223007 5.707883
v -0.244028 2.052711 5.920851
v 0.308669 2.220336 5.746593
v 0.027796 2.355768 5.427988
v 0.039462 2.039893 5.948068
v 0.324235 2.021614 5.982078
v 0.297826 2.355231 5.462024
v 0.567128 2.361049 5.497031
v -0.490529 0.673042 2.957715
v -0.490899 0.965004 3.031468
v -0.493570 1.243863 3.140635
v -0.276922 0.954955 3.102681
v -0.278027 0.661961 3.033884
v -0.278371 1.236082 3.206780
v -0.065599 1.230253 3.276451
v -0.066884 0.947348 3.179786
v 0.140996 1.223396 3.358572
v 0.121452 0.938120 3.321879
v -0.499453 1.498802 3.293007
v -0.500823 1.736575 3.465335
v -0.757930 2.395806 4.709238
v -0.499919 2.409013 4.747006
v -0.752629 2.346481 4.411264
v -0.277341 1.736920 3.519111
v -0.279557 1.500011 3.344595
v -0.241144 2.426486 4.780157
v -0.269403 1.948043 3.710261
v -0.036103 1.963689 3.746862
v -0.051905 1.749902 3.562123
v 0.024525 2.432855 5.124125
v 0.153711 1.500279 3.462406
v -0.061607 1.501752 3.399607
v 0.200812 1.975524 3.769693
v 0.173817 1.760821 3.600788
v 0.018917 2.441713 4.811447
v 0.278131 2.470595 4.841785
v -1.646503 0.074061 1.700967
v -1.634899 0.387852 1.648637
v -1.605652 0.689304 1.554134
v -1.849656 0.676068 1.539689
v -1.561260 0.974050 1.426014
v -1.806290 0.962567 1.411308
v -1.410606 0.092016 1.719115
v -1.185044 0.114392 1.740304
v -1.505607 1.236481 1.266303
v -1.753578 1.227316 1.247327
v -1.444467 1.466868 1.081303
v -1.384299 1.658195 0.879117
v -1.262918 1.248549 1.293771
v -1.194373 1.476519 1.109931
v -1.322532 0.986361 1.444988
v -1.090098 1.009124 1.479249
v -1.023408 1.271464 1.329424
v -0.943968 1.500547 1.145747
v -1.124394 1.664347 0.905046
v -1.049200 1.833724 0.638185
v -0.779682 1.850123 0.673920
v -0.970983 1.959697 0.345282
v -0.862812 1.037813 1.527676
v -0.693086 1.538392 1.199154
v -0.786320 1.302947 1.379821
v -0.604531 1.722850 0.992364
v -0.864757 1.685184 0.938408
v -0.505921 1.882151 0.721223
v -0.696208 1.965981 0.374165
v -0.647352 1.074845 1.608004
v -0.482118 -0.256349 -1.522026
v -0.701600 -0.224979 -1.751580
v -1.515570 1.979340 0.300437
v -1.243927 1.965680 0.322537
v -1.282211 2.062852 -0.634888
v -1.008406 2.000056 -0.625410
v -0.939643 1.874996 -0.923200
v -1.131191 1.860713 -1.198388
v -0.884274 1.665133 -1.217805
v -1.165477 2.035479 0.010460
v -0.890521 2.019738 0.031044
v -0.661621 1.816220 -0.911998
v -0.582949 1.609321 -1.185280
v -0.614848 2.021395 0.054310
v -0.734646 1.949229 -0.609143
v -0.457278 1.933964 -0.599873
v -0.382280 1.781547 -0.902755
v -0.535069 2.011853 -0.275463
v -0.182911 1.922258 -0.588913
v -0.104886 1.769643 -0.900762
v -0.570883 0.744153 -1.518882
v -0.520089 0.492232 -1.498713
v -0.828286 0.730164 -1.609013
v -0.779293 0.395946 -1.701412
v -0.595336 0.640486 -1.594765
v -0.880335 1.004202 -1.541685
v -0.640638 1.040646 -1.571706
v -0.481779 1.049863 -1.767934
v -0.133924 0.084466 -1.797166
v 0.072958 0.434353 -1.876729
v -0.162474 0.430841 -1.798485
v -0.280345 1.073778 -1.927688
v -0.203061 0.758600 -1.840229
v -0.060809 1.076781 -2.036040
v 0.017982 0.758945 -1.942533
v -0.388465 1.372748 -2.044703
v -0.171237 1.384975 -2.174630
v -0.288906 0.447594 -1.703391
v -0.648461 1.051231 -1.492528
v -0.341835 0.748137 -1.643402
v -0.237583 -0.175653 -1.740403
v -0.146949 1.047047 -1.551783
v -0.401716 1.054235 -1.533609
v -0.018149 -0.194421 -1.782331
v -0.052440 0.432531 -1.733321
v -0.091859 0.744422 -1.663332
v 0.220979 -0.197042 -1.809924
v 0.165154 0.739398 -1.665874
v 0.200954 0.431862 -1.748496
v 0.112820 1.033430 -1.541924
v -1.260776 1.975548 -1.817291
v -0.901538 1.807566 -2.029514
v -0.753126 1.856516 -2.312691
v -0.935444 1.304288 -1.489229
v -0.736928 1.364101 -1.368291
v -0.722692 1.330706 -1.625812
v -1.023741 1.790489 -1.752433
v -1.113683 1.795770 -1.471688
v -0.853115 1.582220 -1.694191
v -0.579403 1.337835 -1.852887
v -0.707758 1.600015 -1.942452
v -0.540236 1.637352 -2.187569
v -0.323602 1.685137 -2.379598
v -0.264832 1.828961 -2.547606
v -0.606368 1.936718 -2.626546
v -0.220408 1.322714 -1.382153
v -0.483005 1.349684 -1.393248
v 0.103366 0.103345 -1.857732
v 0.249797 0.756419 -1.943793
v 0.175412 1.062479 -2.047073
v 0.340140 0.106973 -1.849344
v 0.492966 0.751373 -1.942735
v 0.423790 1.047585 -2.050796
v 0.081196 1.348107 -2.186126
v 0.581405 0.111546 -1.862306
v 0.829222 0.119487 -1.866838
v 0.677449 1.038303 -2.061678
v 0.342941 1.320539 -2.191553
v 0.604521 1.306216 -2.200273
v -0.971361 2.082175 -2.727172
v -0.694044 2.116769 -3.013855
v -0.726839 2.194568 -3.359576
v -1.010397 2.215893 -3.729482
v -0.458466 2.176445 -3.356441
v -0.744757 2.201853 -3.699931
v -0.482086 2.197460 -3.688786
v -0.052111 1.789952 -2.545941
v -0.364358 1.961256 -2.739853
v -0.421397 2.094147 -3.033110
v -0.194185 2.166697 -3.368086
v -0.221927 2.195440 -3.691182
v -0.155117 2.080312 -3.060775
v 0.108220 2.077381 -3.076917
v 0.066960 2.160221 -3.381981
v 0.368033 2.079404 -3.092415
v 0.324857 2.157170 -3.398856
v 0.035622 2.184402 -3.700398
v -0.787247 0.884967 -5.285043
v -0.794028 0.584387 -5.273936
v -0.780592 1.168970 -5.205563
v -0.784092 -0.017923 -5.253553
v -0.542199 -0.008092 -5.274089
v -0.535892 0.899246 -5.294070
v -0.540918 0.583278 -5.262244
v -0.531793 1.181167 -5.194978
v -0.293921 0.019684 -5.285204
v -0.291938 0.590305 -5.270990
v -0.286346 0.906082 -5.293728
v -0.283387 1.192041 -5.198068
v -0.040703 0.600014 -5.279828
v -0.037667 0.909167 -5.284496
v -0.034878 1.199011 -5.203306
v 0.210896 0.914315 -5.284006
v 0.213948 1.198193 -5.201343
v -0.756500 2.058959 -4.348928
v -0.758758 1.887998 -4.633488
v -1.007268 1.659535 -4.896338
v -0.511709 1.893424 -4.614522
v -0.505400 2.053695 -4.329751
v -0.264067 1.900530 -4.607602
v -0.254665 2.047764 -4.320543
v -0.004447 2.052543 -4.324444
v -0.016248 1.902771 -4.606236
v 0.244917 2.053238 -4.333857
v 1.030192 0.341623 6.388663
v 1.038751 0.048514 6.392251
v 0.710813 0.653477 6.461798
v 1.027653 0.633838 6.350456
v 1.334076 0.328617 6.327633
v 1.343733 0.040398 6.346741
v 1.333340 0.615546 6.331917
v 0.898713 1.938026 6.044529
v 0.610952 1.994417 6.021603
v 0.864152 2.177475 5.799444
v 0.587385 2.201179 5.775064
v 0.835417 2.346239 5.520151
v 0.549784 2.458507 5.191879
v 0.810791 2.463543 5.222733
v 1.100063 2.325271 5.530702
v 1.218326 1.712621 6.153092
v 1.182743 1.921540 6.008283
v 1.361325 2.295965 5.516774
v 1.409191 2.108079 5.762102
v 1.611150 2.253969 5.480373
v 1.004412 1.225276 6.386259
v 1.270636 1.457440 6.273602
v 1.848874 2.198636 5.425218
v 1.568702 2.393748 5.224635
v 0.280440 0.329235 3.469857
v 0.336214 1.214391 3.456126
v 0.309489 0.924018 3.434395
v 0.287789 2.445701 5.158181
v 0.267435 2.426233 4.530644
v 0.536217 2.493821 4.874171
v 0.361520 1.491185 3.530094
v 0.402529 1.763969 3.634734
v 0.451683 2.007242 3.782823
v 0.522053 2.469249 4.558713
v 0.791162 2.522013 4.910420
v 0.492056 2.216921 3.984173
v 0.509571 2.376386 4.257129
v 0.724514 2.287372 3.993595
v 0.751024 2.436522 4.290640
v 0.977081 2.410373 4.053559
v 1.001395 2.503578 4.335084
v 1.243397 2.498907 4.085364
v 1.263993 2.545342 4.365681
v 1.529605 2.552454 4.378787
v 0.442636 0.324576 3.524911
v 0.452717 0.375220 3.750420
v 0.214792 0.370633 3.348943
v 0.482004 0.347858 3.419011
v 0.525304 1.224840 3.441407
v 0.502051 0.938717 3.421118
v 0.571783 0.929582 3.713514
v 0.224164 0.675914 3.328728
v 0.057134 0.367144 3.173348
v 0.245934 0.957213 3.316173
v 0.301525 1.244045 3.309070
v 0.170707 1.240863 3.095329
v 0.092901 0.955344 3.148080
v -0.054822 0.950042 2.944426
v 0.567482 1.497455 3.525333
v 0.510035 1.197591 3.512824
v 0.627984 1.777226 3.613906
v 0.726401 2.064810 3.756349
v 0.750734 1.450829 3.610019
v 0.661501 1.195321 3.667536
v 0.833636 1.707209 3.572417
v 0.919770 1.946638 3.569301
v 0.569072 1.487762 3.443261
v 0.663675 1.748158 3.399869
v 0.782007 1.967870 3.360325
v 0.408512 1.514330 3.250690
v 0.548319 1.776259 3.177358
v 0.976117 2.279180 3.803942
v 0.954700 2.158184 3.328116
v 0.287598 1.510875 3.025692
v 0.440786 1.756467 2.943547
v 0.607105 1.948547 2.874298
v 0.699036 1.964954 3.117514
v 0.042120 1.233969 2.873684
v 0.175637 1.498765 2.790927
v 1.232305 2.420238 3.820981
v 1.173419 2.309780 3.299154
v 0.884465 2.136142 3.074500
v -0.423225 0.311633 2.622300
v -0.374526 0.620286 2.564829
v -0.518176 0.281694 2.391175
v -0.292933 0.918064 2.490993
v -0.462576 0.590850 2.330653
v -0.380581 0.891239 2.254126
v -0.266152 1.174841 2.158845
v -0.361383 1.151143 1.926597
v -0.461908 0.859485 2.025627
v -0.312854 0.024702 2.881672
v -0.303114 0.335340 2.845471
v -0.261879 0.642089 2.793044
v -0.189621 0.940394 2.726096
v -0.180511 1.200391 2.403312
v -0.127794 1.440012 2.051257
v -0.031280 1.457206 2.303712
v 0.142508 1.690307 2.204070
v 0.043584 1.672244 1.935548
v 0.237398 1.865622 1.831539
v 0.335376 1.879339 2.116500
v 0.344911 1.741273 2.700688
v 0.562664 2.049699 2.022775
v 0.124053 1.850971 1.532655
v 0.384156 2.022693 1.435597
v 0.734035 2.084561 2.560817
v 0.809605 2.112229 2.820165
v 0.971486 2.216035 2.502578
v 0.651384 2.056103 2.296215
v 0.894959 2.189342 2.229713
v -0.967291 0.140392 1.774328
v -0.783769 0.177241 1.896166
v -0.566004 -0.109354 1.971693
v -0.712690 0.783890 1.724063
v -0.506094 0.803357 1.807254
v -0.224988 1.933497 0.775065
v -0.556312 1.345592 1.459032
v -0.438502 1.097084 1.708377
v -0.064949 2.060778 0.096710
v -0.142698 2.031385 0.441550
v 0.208585 2.090471 0.105130
v 0.066172 2.008584 0.811717
v -0.007846 1.864891 1.196693
v 0.356446 2.100331 0.786158
v 0.137741 2.076291 0.455920
v 0.417002 2.128071 0.442480
v 0.319575 2.035965 1.123400
v 0.654230 2.170548 0.744033
v 0.698807 2.174118 0.418492
v 0.677862 2.145854 1.364847
v 0.639976 2.149740 1.061413
v 0.952327 2.219816 1.010690
v 0.956425 2.210149 0.706969
v 0.985132 2.184804 0.397923
v 0.755994 2.128377 0.094169
v 1.028685 2.136929 0.088291
v 0.727975 -0.510417 -1.745540
v 1.016236 -0.200136 -1.709423
v 0.995483 0.417806 -1.640574
v 0.728413 0.423604 -1.701180
v 0.960775 0.719524 -1.566528
v 0.693651 0.725533 -1.618365
v 0.910435 1.008549 -1.456122
v 1.283632 -0.200986 -1.617037
v 1.228020 0.712121 -1.494318
v 1.267089 0.414321 -1.571773
v 1.173063 0.996772 -1.384650
v -0.339787 2.038060 0.077625
v -0.260703 2.014215 -0.259363
v 0.088730 1.925690 -0.580211
v 0.011604 2.023852 -0.246680
v 0.281647 2.043323 -0.239785
v 0.357302 1.931990 -0.570634
v 0.167478 1.760306 -0.892070
v 0.622586 1.925748 -0.556072
v 0.481873 2.117539 0.100772
v 0.815843 2.051451 -0.227169
v 0.550299 2.046878 -0.233532
v 0.519140 1.517907 -1.153765
v 0.698839 1.745548 -0.854857
v 0.776029 1.508448 -1.107045
v 1.032926 1.501235 -1.062737
v 0.882068 1.916601 -0.533123
v 1.136431 1.905936 -0.504193
v 0.954776 1.737175 -0.819060
v 0.479949 -0.198073 -1.793085
v 0.427673 0.732197 -1.650901
v 0.462957 0.429383 -1.741203
v 0.376546 1.019671 -1.522557
v 0.745969 -0.199163 -1.763250
v 0.643865 1.013474 -1.499939
v 1.081531 0.130088 -1.886833
v 0.742143 0.746955 -1.958565
v 0.933727 1.036773 -2.078365
v 0.865055 1.303690 -2.213195
v 1.337326 0.142991 -1.914459
v 0.995607 0.748570 -1.977957
v 1.191031 1.039896 -2.105239
v 1.124582 1.307836 -2.233852
v 1.250834 0.752501 -2.012241
v 1.508169 0.761623 -2.049428
v 1.448151 1.044878 -2.144228
v 1.592196 0.157334 -1.968161
v 1.765067 0.771212 -2.103155
v 1.703772 1.050432 -2.197852
v 1.381233 1.308614 -2.274538
v 0.735923 1.750683 -2.581883
v 0.418997 1.936953 -2.811451
v 0.475101 1.754353 -2.565090
v 0.579654 2.157691 -3.419927
v 0.290636 2.176240 -3.715228
v 0.543117 2.182385 -3.735320
v 0.993500 1.752397 -2.605710
v 0.677146 1.934800 -2.831255
v 0.624529 2.073838 -3.115111
v 0.831329 2.161902 -3.445144
v 0.792874 2.192260 -3.760290
v 0.877672 2.071387 -3.142047
v 1.127800 2.084428 -3.168386
v 1.079670 2.168817 -3.474372
v 1.374305 2.099766 -3.199671
v 1.324015 2.177008 -3.508532
v 1.039736 2.191991 -3.790729
v 0.203290 0.296215 -5.245394
v 0.206575 0.602934 -5.269192
v 0.474661 0.302791 -5.323582
v 0.476115 -0.008507 -5.253798
v 0.460304 0.921313 -5.293013
v 0.479317 0.590967 -5.243457
v 0.463770 1.197459 -5.202048
v 0.730646 0.311872 -5.388415
v 0.740085 0.000960 -5.306874
v 0.998131 0.006637 -5.253117
v 1.000045 0.300355 -5.259898
v 0.977101 0.903621 -5.294713
v 0.732717 0.885790 -5.255745
v 0.967757 1.189339 -5.226127
v 1.257474 0.007183 -5.278850
v 1.247225 0.298733 -5.255219
v 1.232272 0.586284 -5.255358
v 1.231009 0.895702 -5.293042
v 1.221547 1.177770 -5.229613
v 1.210806 1.449689 -5.105475
v 0.492729 2.056475 -4.351175
v 0.231258 1.902442 -4.610873
v 0.477692 1.899058 -4.620814
v 0.723032 1.903925 -4.640921
v 0.739280 2.052832 -4.370403
v 0.967777 1.904916 -4.667464
v 0.983940 2.047984 -4.397396
v 1.225245 2.047862 -4.437419
v 1.672720 0.030792 6.375206
v 1.679872 0.319776 6.391144
v 1.341434 0.916032 6.386625
v 1.612560 1.163416 6.274879
v 1.309290 1.190553 6.346723
v 1.972918 0.301729 6.278511
v 1.966633 0.017215 6.287488
v 1.667031 0.605331 6.368529
v 1.964343 0.585871 6.258569
v 1.941896 0.865794 6.224936
v 2.242700 0.564267 6.098025
v 2.496046 0.541997 5.891928
v 2.215740 0.839529 6.057723
v 2.475022 0.818214 5.859939
v 2.434857 1.085202 5.809064
v 2.181604 1.107996 6.009763
v 2.382437 1.341788 5.746469
v 2.132956 1.364190 5.943773
v 2.653399 1.063232 5.567348
v 2.601554 1.321305 5.510916
v 2.715126 0.519473 5.645526
v 2.891812 0.496734 5.364078
v 2.896830 0.216277 5.383999
v 2.687658 0.794242 5.609601
v 2.874054 0.774237 5.335424
v 1.666170 2.069184 5.702992
v 1.911514 2.026881 5.609093
v 1.796190 2.337106 5.192422
v 1.993556 2.272609 5.157423
v 1.467015 1.864702 5.980954
v 1.517463 1.664611 6.097304
v 1.799814 1.629898 5.997015
v 1.736556 1.844484 5.884439
v 2.070619 1.606360 5.861924
v 1.988904 1.832520 5.754171
v 2.147778 1.970250 5.475660
v 2.073475 2.120753 5.354620
v 2.157371 2.219743 5.095211
v 2.312480 1.583636 5.667241
v 2.534726 1.565280 5.441612
v 2.442492 1.780943 5.352175
v 2.607324 1.780448 5.103617
v 2.699809 1.550094 5.175442
v 1.790059 2.491391 4.660871
v 1.541784 2.537000 4.663657
v 1.787065 2.438168 4.933128
v 2.004230 2.360407 4.915250
v 2.195315 2.258704 4.922471
v 2.042192 2.458409 3.826057
v 2.047547 2.458382 4.110733
v 2.297977 2.358347 3.837311
v 2.274444 2.328429 4.406937
v 2.485221 2.176551 4.436694
v 2.518927 2.203141 4.152402
v 2.292478 2.348193 4.125905
v 2.359713 2.124733 4.959437
v 2.435690 2.153343 4.709510
v 2.667246 1.995536 4.484967
v 1.233015 2.357820 3.557962
v 1.426658 2.409552 3.275668
v 1.110426 2.279411 3.035397
v 1.480925 2.451614 3.546982
v 1.700044 2.450853 3.257556
v 1.773519 2.506224 3.821906
v 1.748845 2.481254 3.539059
v 2.020684 2.446614 3.537224
v 2.284250 2.354466 3.543170
v 2.207477 2.324373 2.948986
v 2.470252 2.194283 2.947872
v 2.157379 2.302260 2.651412
v 1.046753 2.238440 2.770665
v 1.305269 2.335758 2.728926
v 1.165364 2.283151 2.173949
v 1.583997 2.384798 2.694503
v 1.237369 2.303828 2.453071
v 1.520284 2.351413 2.411803
v 1.455202 2.325148 2.127115
v 1.097939 2.261454 1.889861
v 1.813169 2.343978 2.378957
v 1.752994 2.316992 2.089170
v 1.393256 2.298356 1.840867
v 1.872756 2.375020 2.668531
v 2.103743 2.278019 2.354678
v 2.048741 2.253080 2.059130
v 1.695696 2.289363 1.799931
v 1.997006 2.231591 1.765163
v 0.981341 2.229289 1.308997
v 1.262951 2.244407 0.970086
v 1.257784 2.214552 0.677656
v 1.271081 2.174503 0.384081
v 1.290802 2.264841 1.262794
v 1.555092 2.177826 0.654332
v 1.551696 2.131988 0.374546
v 1.599892 2.243789 1.223626
v 1.570129 2.216763 0.936615
v 1.844040 2.104085 0.629893
v 1.901074 2.170450 1.188420
v 1.868727 2.143879 0.905440
v 2.115554 1.979036 0.601436
v 2.362627 1.811003 0.561531
v 2.082008 1.934111 0.338798
v 1.554311 -0.202092 -1.512874
v 1.493054 0.703342 -1.398569
v 1.531494 0.406380 -1.462783
v 1.436813 0.988754 -1.303012
v 1.820435 -0.202614 -1.380530
v 1.752988 0.695794 -1.277409
v 1.793002 0.400959 -1.333375
v 1.690060 0.976307 -1.185212
v 2.069395 -0.201803 -1.205340
v 2.000948 0.688906 -1.122201
v 2.049144 0.398678 -1.179680
v 2.313813 -0.199985 -1.013378
v 2.240082 0.689272 -0.942742
v 2.283133 0.397944 -0.983485
v 2.169790 0.966764 -0.874134
v 1.941676 0.972804 -1.052854
v 2.524731 -0.194846 -0.777122
v 2.721712 -0.186632 -0.522661
v 2.525096 0.106031 -0.779464
v 2.715843 0.116773 -0.522179
v 2.502545 0.404342 -0.762755
v 2.689267 0.416710 -0.506698
v 2.556355 0.988090 -0.423746
v 2.638854 0.709558 -0.475836
v 2.386499 0.975982 -0.673318
v 1.204912 1.721139 -0.767820
v 1.445289 1.701783 -0.708344
v 1.282187 1.500367 -1.003222
v 1.379825 1.878000 -0.463365
v 1.610311 1.846892 -0.417560
v 1.614321 1.245205 -1.071027
v 1.855334 1.235611 -0.945682
v 1.525221 1.490926 -0.917202
v 1.752299 1.473268 -0.805996
v 1.577858 1.975183 -0.167743
v 1.821661 1.796264 -0.361326
v 1.976878 1.745233 -0.314254
v 2.005856 1.815864 -0.133938
v 1.802905 1.903451 -0.140439
v 1.808912 1.990986 0.105659
v 2.042056 1.872064 0.088947
v 2.257530 1.723449 0.045922
v 2.191007 1.667785 -0.194767
v 2.083713 1.232484 -0.790523
v 2.288738 1.236646 -0.596926
v 1.973284 1.474918 -0.678124
v 2.167600 1.471383 -0.502194
v 2.457150 1.254268 -0.361299
v 2.326928 1.493485 -0.280242
v 1.845207 0.172931 -2.038724
v 2.097442 0.189653 -2.119475
v 1.956425 1.055916 -2.268226
v 1.635107 1.310411 -2.327144
v 1.888113 1.318529 -2.383093
v 2.341437 0.206467 -2.227951
v 2.015805 0.777100 -2.186939
v 2.203720 1.058914 -2.359216
v 2.137259 1.323264 -2.456972
v 2.258654 0.781106 -2.294497
v 2.493371 0.784591 -2.421474
v 2.441298 1.057709 -2.475727
v 2.563603 0.221854 -2.378486
v 2.705088 0.782751 -2.587313
v 2.660158 1.050431 -2.627028
v 2.378403 1.320980 -2.556449
v 2.761130 0.235444 -2.561363
v 2.885339 0.777822 -2.791391
v 2.847190 1.038627 -2.819675
v 2.604619 1.311104 -2.688972
v 1.744653 1.770976 -2.718451
v 1.432804 1.952549 -2.917826
v 1.498178 1.763177 -2.673669
v 1.563597 2.185877 -3.546970
v 1.282600 2.191424 -3.826518
v 1.520738 2.204244 -3.866307
v 1.987215 1.779577 -2.770351
v 1.676892 1.960422 -2.959597
v 1.616088 2.102655 -3.240783
v 1.797801 2.193587 -3.587726
v 1.754274 2.215634 -3.906650
v 1.852280 2.104507 -3.286552
v 2.082705 2.115812 -3.331507
v 2.025692 2.197407 -3.628823
v 2.222808 1.776898 -2.843064
v 2.150697 1.976642 -3.062800
v 2.459590 1.786848 -2.912075
v 2.304516 2.114922 -3.385854
v 2.376294 1.970654 -3.133826
v 2.590383 1.963977 -3.215767
v 2.679684 1.778456 -3.025414
v 2.244074 2.179601 -3.673611
v 2.454025 2.155899 -3.717598
v 1.507055 0.299606 -5.271682
v 1.510915 0.011273 -5.267200
v 1.503667 0.594523 -5.317739
v 1.461662 1.429457 -5.121374
v 1.476409 1.165441 -5.243182
v 1.771281 0.302775 -5.307553
v 1.777442 0.019086 -5.319968
v 1.762633 0.585339 -5.270506
v 1.714586 1.405389 -5.141067
v 1.733692 1.151268 -5.254119
v 2.033097 0.298949 -5.266060
v 2.040180 0.020360 -5.255989
v 2.021253 0.575764 -5.263369
v 1.992816 1.129075 -5.242365
v 1.968994 1.381205 -5.149488
v 2.310019 0.302078 -5.294914
v 2.297828 0.575423 -5.287230
v 2.251670 1.106918 -5.205903
v 2.224782 1.357819 -5.131366
v 2.543227 0.565837 -5.186631
v 2.275895 0.844705 -5.255867
v 2.523698 0.827896 -5.159728
v 2.499763 1.084475 -5.118012
v 1.463929 2.042891 -4.484864
v 1.210726 1.890525 -4.697915
v 1.451944 1.868194 -4.740681
v 1.693489 1.831386 -4.817864
v 1.698367 1.630111 -4.990764
v 1.449605 1.680965 -4.950592
v 1.722230 2.151271 -4.225716
v 1.951321 2.153327 -4.264201
v 1.700852 2.033693 -4.537150
v 1.933981 1.813204 -4.857125
v 1.946062 1.608005 -5.022767
v 2.173962 2.146251 -4.288725
v 1.934802 2.019254 -4.573060
v 2.162043 2.010963 -4.594074
v 2.196599 1.588308 -5.024541
v 2.382694 1.989902 -4.582284
v 2.405277 1.793911 -4.840661
v 2.445128 1.577036 -4.990256
v 2.177587 1.790785 -4.869849
v 3.017401 0.193477 5.081103
v 3.005903 0.474357 5.057607
v 3.028406 0.457370 4.735569
v 2.989748 0.752027 5.026675
v 3.039412 0.737581 4.713072
v 2.964331 1.026123 4.991931
v 3.041508 1.013201 4.682436
v 3.041927 1.273846 4.321051
v 3.006618 1.281759 4.640450
v 3.082491 0.413599 4.063107
v 3.057162 0.433316 4.396938
v 3.053987 0.718771 4.376932
v 3.052085 0.702542 4.040658
v 3.026480 0.996939 4.351088
v 3.053711 0.986524 4.018483
v 3.113624 0.395981 3.729542
v 3.056721 0.978599 3.683131
v 2.838075 1.549444 4.896256
v 2.725990 1.776895 4.831835
v 2.500570 1.956235 5.031285
v 2.606232 1.965318 4.773379
v 2.809703 1.796060 4.539628
v 2.924376 1.544864 4.594566
v 2.985546 1.539367 4.282304
v 2.868107 1.795248 4.239295
v 2.733226 2.017356 3.889040
v 2.900552 1.786941 3.931802
v 3.022597 1.259425 3.664543
v 3.004548 1.522514 3.640584
v 3.003936 1.530927 3.963874
v 2.907722 1.779682 3.613190
v 3.207026 0.374350 3.387736
v 3.068432 0.690189 3.707629
v 3.040375 0.972676 3.348693
v 3.029595 1.236013 3.330482
v 3.141018 0.670766 3.367502
v 3.022474 1.273888 2.980612
v 3.056066 0.941613 3.006971
v 3.031684 1.224577 2.659780
v 2.500111 2.200066 3.254176
v 2.726858 2.015946 3.269390
v 2.701133 2.007004 2.955432
v 2.424473 2.171138 2.643443
v 2.742262 2.016817 3.581262
v 3.007499 1.517545 3.314512
v 2.911610 1.779085 3.292578
v 2.888953 1.773818 2.968396
v 2.663769 1.990513 2.642223
v 2.988513 1.498847 2.658299
v 2.984515 1.515924 2.981484
v 2.858061 1.760575 2.647954
v 3.115448 0.334921 2.358660
v 3.203561 0.337778 2.705305
v 3.049847 0.624885 2.350219
v 3.054743 0.659683 2.678397
v 3.054695 0.925750 2.669883
v 3.058033 0.908754 2.349186
v 3.045635 1.214853 2.334542
v 3.121315 0.302655 2.021732
v 3.052301 0.597799 2.006728
v 3.040491 0.895932 2.015535
v 3.035176 1.203907 2.008565
v 3.056272 0.257030 1.355466
v 3.106511 0.282668 1.683290
v 3.057535 0.564017 1.351818
v 3.049123 0.582192 1.680995
v 3.055240 0.894172 1.680563
v 3.025090 0.865149 1.354524
v 3.025146 1.171570 1.685358
v 3.004743 1.149503 1.362392
v 2.379665 2.155118 2.338408
v 2.329189 2.129699 2.036521
v 2.282893 2.109504 1.736773
v 1.946310 2.203833 1.475018
v 2.235290 2.084406 1.442532
v 2.586606 1.958430 2.019948
v 2.543601 1.934047 1.713931
v 2.622228 1.971120 2.330755
v 2.827785 1.745084 2.329233
v 2.767117 1.710128 1.697052
v 2.972671 1.485722 2.332960
v 2.954885 1.468122 2.009882
v 2.791164 1.724717 2.013228
v 2.899533 1.428494 1.370617
v 2.928908 1.450904 1.688488
v 2.731243 1.684975 1.382514
v 3.040144 0.179983 0.372268
v 3.029959 0.247366 0.699494
v 3.034391 0.816643 0.714528
v 3.040251 0.516862 0.700940
v 3.033942 0.486273 0.383679
v 2.947646 1.108163 0.732328
v 2.981613 0.787242 0.400433
v 3.030841 0.841725 1.031867
v 3.018251 0.536314 1.026926
v 2.981941 1.131974 1.043280
v 2.148768 2.014385 0.873872
v 2.408271 1.847834 0.835520
v 2.498173 1.907352 1.413209
v 2.192104 2.059096 1.153747
v 2.454268 1.880088 1.119177
v 2.635609 1.632400 0.787678
v 2.674783 1.654794 1.081731
v 2.875826 -0.173504 -0.238072
v 2.871168 0.132724 -0.239558
v 2.842165 0.435501 -0.226580
v 2.701125 1.015362 -0.156750
v 2.584834 1.284059 -0.099606
v 2.430939 1.529709 -0.031320
v 2.917970 0.246455 -2.782628
v 3.036510 0.255547 -3.032134
v 2.982677 1.024887 -3.057561
v 3.001343 0.770252 -3.041422
v 2.802385 1.295194 -2.864007
v 2.969769 1.279174 -3.075561
v 3.026086 0.261232 -3.326971
v 3.031403 1.016114 -3.323700
v 3.041553 0.766234 -3.318539
v 3.059778 0.764285 -3.617326
v 3.042068 1.263278 -3.337738
v 3.021352 1.009679 -3.628448
v 3.029107 1.249815 -3.641883
v 3.063706 0.265830 -3.623889
v 3.040851 0.271007 -3.933111
v 3.017746 0.516203 -3.928411
v 3.012490 0.515919 -3.624946
v 3.032697 0.762410 -3.924934
v 3.083901 1.005979 -3.928953
v 3.069632 1.249552 -3.937931
v 2.777817 1.926276 -3.339219
v 2.511282 2.083805 -3.454829
v 2.700196 2.037607 -3.533719
v 2.647969 2.095088 -3.764428
v 2.412703 2.164213 -4.000531
v 2.864561 1.762961 -3.187977
v 2.935453 1.855969 -3.484762
v 3.001152 1.732023 -3.407714
v 2.830337 1.980639 -3.595832
v 2.830762 1.996680 -3.784312
v 2.612600 2.102919 -4.016606
v 3.033225 1.487788 -3.662123
v 3.053877 1.507224 -3.358678
v 3.050114 1.719180 -3.699077
v 3.031010 1.489722 -3.950739
v 3.036381 1.728910 -3.968460
v 2.968844 1.865740 -3.741787
v 2.769599 0.296666 -5.023517
v 2.549937 0.299898 -5.190998
v 2.756413 0.554332 -5.011793
v 2.710545 1.311197 -4.945762
v 2.735624 1.063673 -4.983698
v 2.475763 1.336247 -5.068933
v 2.939079 0.543837 -4.791660
v 2.748088 0.810229 -5.001225
v 2.925921 0.793777 -4.779900
v 2.910715 1.040563 -4.764963
v 3.036127 0.277108 -4.233051
v 3.042573 0.285141 -4.523412
v 2.942553 0.291317 -4.795026
v 3.032371 0.532526 -4.514208
v 3.025872 0.778677 -4.513913
v 3.019218 1.022580 -4.508877
v 3.005017 1.262301 -4.500000
v 2.906804 1.285418 -4.754459
v 2.387180 2.115098 -4.292666
v 2.590369 2.063240 -4.280222
v 2.585353 1.963943 -4.548306
v 2.674382 1.550649 -4.882375
v 2.758256 1.902076 -4.493970
v 2.817390 1.745031 -4.652089
v 2.882321 1.525098 -4.724170
v 2.628144 1.783068 -4.779609
v 3.006648 1.496512 -4.493612
v 2.978919 1.707706 -4.467578
v 2.910811 1.838434 -4.412876
v 2.807754 1.047356 0.129698
v 2.887980 1.079231 0.426597
v 2.900151 0.758682 0.094628
v 2.957973 0.458926 0.073385
v 0.930848 1.713863 6.197339
v -2.439716 1.018588 2.651775
v -2.695443 0.998523 2.700005
v -2.406363 -0.680572 2.560528
v -2.417879 -0.401820 2.516524
v -2.677692 -0.388996 2.557647
v -0.513225 -0.553310 -1.600467
v -0.523956 -0.830569 -1.606005
v -0.512804 -0.197137 -1.593273
v 0.501986 0.647044 3.484059
v 0.096828 -0.815007 3.309003
v 0.267805 -0.754242 3.460792
v 0.700563 0.952875 6.408353
v 0.716932 -0.243369 6.436025
v 0.626454 -0.582129 6.388147
v 1.569643 1.424908 6.200132
v 1.642964 0.887434 6.327389
v 1.332917 -0.247599 6.345290
v 1.320768 -0.535695 6.339303
v 1.664793 -0.256362 6.389692
v 1.646760 -0.541454 6.385104
v -1.909864 0.744699 2.580644
v -2.146955 -0.702566 2.574428
v -2.155044 -0.418598 2.515883
v 3.048755 -0.399786 1.039415
v 2.509909 1.565663 0.236531
v 1.671384 1.673102 -0.632436
v -3.160844 1.207129 2.974069
v -3.139759 1.462754 3.051906
v -0.704971 0.388117 2.827334
v -0.929218 0.402608 2.751026
v -0.742903 -0.812759 2.991816
v -0.961495 -0.796852 2.911304
v -0.920019 0.752142 1.644945
v -2.059652 0.953219 1.400599
v -2.102163 0.662303 1.519567
v -2.114862 -0.586496 1.651229
v -2.070163 -0.896762 1.590094
v -0.328102 1.777475 1.071742
v -3.364026 1.334573 -2.076126
v -3.409531 1.320364 -1.771006
v -3.519745 1.211932 -0.551988
v 3.028175 -0.998179 -4.268226
v 3.093115 0.524402 -4.227928
v 3.021568 1.250945 -4.230503
v 3.086774 -0.730843 -4.266333
v 1.612416 -2.000128 5.758732
v 1.851603 -1.962006 5.671969
v 0.233137 2.171045 3.983552
v -1.412086 1.290452 6.327934
v -1.439806 0.984803 6.376028
v -1.121554 1.309553 6.349558
v -1.187201 0.935627 6.364507
v -1.451410 -0.597640 6.344789
v -1.153764 -0.592286 6.353746
v -3.531173 1.178089 -0.253969
v -3.422856 1.468822 -0.498815
v -0.531289 1.611459 6.270665
v -0.531645 1.322993 6.386965
v -1.674275 -1.175612 -5.250541
v -1.616585 -1.433781 -5.159026
v -2.077894 -0.351308 -5.292514
v -1.824692 -0.055093 -5.267549
v -2.100301 -0.067510 -5.295544
v 3.115547 -0.566777 3.088332
v 3.053088 -0.863826 3.084458
v 3.138355 -0.837193 3.440271
v 3.111790 0.668838 3.020586
v 3.214437 0.357336 3.045234
v -3.562170 -1.228783 4.044477
v -1.508276 1.379791 -5.104195
v -1.725762 1.600873 -4.956993
v -3.056495 -1.788272 4.907515
v 2.302515 1.563817 -2.677696
v 2.044209 -0.258021 -5.276730
v 2.047293 -1.076208 -5.185045
v 2.013163 0.859911 -5.296469
v -3.049406 1.073986 -4.244149
v -3.138858 0.784016 -4.301123
v -3.204445 -0.437715 -4.390027
v -3.292691 -0.764902 -4.090544
v -3.430544 1.856149 4.035685
v -3.540242 1.652159 4.001525
v 0.583418 1.280342 -1.344891
v 0.313792 1.291918 -1.366566
v 0.481644 -1.656222 -1.350896
v 0.746059 0.113695 -1.748999
v 0.479833 0.116364 -1.783902
v 0.389410 -1.895323 -1.162875
v 0.215601 -1.667709 -1.380628
v -0.488292 0.374177 2.909539
v -0.529266 -0.826371 3.076339
v 0.244769 1.536053 -1.169236
v -3.015714 1.610909 -2.925234
v -3.527333 0.931073 -0.587672
v -3.513974 1.036122 -1.815264
v -3.585683 -0.227300 -0.657904
v -3.547272 -0.519099 -0.659988
v -3.520959 -0.161715 -3.167147
v -3.541280 -0.486959 -3.174886
v -3.566310 -0.193531 -1.904606
v -3.553119 -0.506991 -1.913618
v -3.586959 0.061734 -0.649744
v -3.526056 -0.807501 -3.164875
v -3.555192 -0.821940 -1.909417
v 0.959046 1.700949 -4.890829
v 0.960750 1.459607 -5.087373
v 0.714134 1.706758 -4.877168
v -0.025095 1.694936 -4.847548
v -0.031070 1.463166 -5.048762
v -0.271653 1.694750 -4.854406
v -0.278176 1.458503 -5.049615
v -0.517993 1.690591 -4.866744
v -1.262405 1.404387 -5.095161
v -0.392532 -0.217877 -1.728798
v -0.125640 -0.214965 -1.810112
v -0.424864 0.738981 -1.718724
v 0.711780 1.465746 -5.072124
v 0.467772 1.709761 -4.864564
v -0.397979 0.374628 -1.723721
v -3.576683 1.101427 3.961515
v -3.528394 -0.207552 3.849148
v -3.512274 -0.458760 3.825509
v -0.565719 0.359487 -1.594769
v -0.855154 -0.277523 6.458410
v -0.846883 -0.582434 6.402370
v -2.931641 1.239635 2.861059
v -2.941823 0.974972 2.782634
v -0.018998 1.602028 -2.354536
v 0.211107 1.767501 -2.556371
v 0.220635 -1.499888 -2.336630
v 0.492794 -1.457448 -2.347380
v 1.056442 1.545098 -2.405274
v 1.247695 1.756844 -2.636303
v 0.264188 1.564789 -2.358320
v 0.761320 -1.417788 -2.359435
v 1.312582 1.547999 -2.439369
v 1.803011 -1.286210 -2.470486
v 2.053008 -1.250725 -2.522806
v 1.547790 -1.317643 -2.431139
v -3.424551 -1.922641 -0.301186
v -0.502228 1.937173 3.671721
v -1.369086 0.703497 1.569407
v -1.398595 0.402877 1.658958
v -1.325451 -0.857726 1.664833
v 3.056833 -0.900445 2.751809
v 3.087183 -1.215653 2.768910
v 3.009121 -1.491057 2.787451
v -3.521207 0.897621 -0.288827
v -3.571289 -0.236262 -0.347599
v -3.583364 -0.520510 -0.352138
v -3.546428 0.048901 -0.340720
v -3.532756 0.365039 -0.635034
v -0.549392 -0.276105 6.507717
v -0.537977 -0.577077 6.462584
v -0.233765 -0.276930 6.447735
v -0.232054 -0.573670 6.421946
v -1.864392 -1.426354 -5.145530
v 3.022579 1.009672 -4.232747
v 3.032357 0.767279 -4.228030
v -0.193765 -1.412391 -1.562935
v -0.292512 -1.683677 -1.418689
v -0.418585 -1.419314 -1.562761
v -0.024250 0.130745 -1.764582
v -0.251502 0.143806 -1.713772
v -0.441376 1.588481 1.280789
v -1.532226 1.113921 -5.226884
v -1.753608 1.351217 -5.104609
v -1.139979 0.724959 1.598717
v -1.172123 0.424932 1.686488
v -1.103280 -0.831461 1.700813
v -0.529600 1.002045 6.383625
v -0.235944 1.318495 6.385275
v -0.503364 2.118675 3.904793
v 2.537409 1.560416 -2.779264
v 2.579375 -0.630349 -2.475539
v 2.562679 -0.907136 -2.555552
v 2.783222 -0.589616 -2.634963
v 2.535097 -1.174448 -2.667704
v 2.772275 -0.858858 -2.696923
v 2.534414 0.505195 -2.389265
v 2.737826 0.510277 -2.566515
v -3.124953 -1.950943 -2.107337
v -3.502687 0.362824 -0.337349
v -3.369662 -1.939241 -0.596076
v -3.500160 -1.678651 -0.634194
v -0.662526 -1.832361 3.812313
v -0.415003 -1.938262 -1.240063
v -0.515266 -1.694096 -1.443011
v -0.826450 1.321482 6.368554
v 0.047531 -1.407515 -1.551947
v -0.044255 -1.677796 -1.403358
v 2.247671 2.108892 5.175120
v 2.360334 1.950974 5.268962
v -0.105775 0.656889 2.991524
v -0.128914 0.367888 3.008275
v -0.128832 0.073823 3.031474
v -0.042006 -0.857731 3.117012
v 1.747335 0.868409 -5.275090
v 2.075803 1.617946 -0.405399
v -0.263125 2.129163 3.940964
v -1.422213 -1.180279 -5.252289
v -2.742209 1.593125 -4.100272
v -2.550398 1.785924 -4.023452
v 0.119915 -1.906951 -1.186159
v 2.306496 0.497107 -2.247837
v 2.223449 1.810091 5.573270
v 1.916267 1.968184 -3.008063
v 2.772308 -1.595069 -4.549050
v 1.415606 -2.269892 -0.325974
v 1.193169 -2.315630 -0.341226
v 1.009245 -2.211227 -0.616031
v 1.387740 -2.017967 -3.896075
v 1.134320 -2.042001 -3.887206
v 1.764065 -2.370025 0.590569
v 0.366965 -2.120584 -3.899104
v 0.878998 -2.063055 -3.884157
v 2.796692 2.005704 -4.014220
v 2.943192 1.879448 -3.991752
v 2.407965 -1.866842 -3.642866
v 0.141314 -2.257022 4.726601
v -1.295474 2.154063 -2.798798
v -0.102328 1.954520 -2.780507
v -1.610768 2.178455 -2.869372
v -1.917014 2.152851 -2.940657
v -2.038024 2.011402 -4.182352
v -0.876622 -2.144953 -4.406282
v 1.979355 2.425819 3.247808
v 1.500076 2.498186 3.821005
v 1.516376 2.529808 4.098058
v 1.786122 2.518699 4.103703
v 1.789886 2.512164 4.383307
v 1.204522 1.694834 -4.916701
v -1.343635 1.985989 -1.525403
v -1.402377 2.027915 -1.238349
v 1.520097 -0.274889 -5.248154
v 1.265573 -0.281961 -5.258701
v 1.010618 -0.291820 -5.302020
v 1.069343 -2.211928 5.589414
v 0.113431 -2.280964 5.059891
v 0.254959 2.331531 4.236703
v -1.530585 -2.450645 0.181604
v -0.810197 2.025950 -0.292454
v -1.270584 2.153535 -4.089081
v -1.011241 2.161249 -4.057648
v -2.132050 2.199471 -0.753430
v -2.204114 2.172681 -0.440605
v -1.844282 2.188072 -0.697392
v -1.921494 2.172909 -0.386467
v -2.415972 2.160227 -0.819824
v 1.540813 -1.121561 -5.188727
v 1.289175 -1.137827 -5.183667
v 0.744331 -0.296200 -5.252683
v 1.038760 -1.150509 -5.178708
v 0.111382 -2.148253 -3.919604
v -0.140798 -2.186326 -3.951839
v 2.533715 2.213167 3.857861
v -0.241457 2.151423 -4.013462
v 0.012303 2.148223 -4.018828
v -1.786668 2.084169 -4.150643
v 0.982628 0.595186 -5.260643
v -0.045970 0.305166 -5.265709
v 0.727746 0.608475 -5.310246
v 0.715357 1.196177 -5.216234
v 1.069545 2.455821 5.242243
v 1.113741 -2.057451 5.820588
v 1.311181 -2.181966 5.591266
v 0.357134 -2.283813 4.810364
v -0.120770 -2.261276 4.984375
v 0.569893 -2.315553 4.893534
v -2.037550 -1.985780 -4.589567
v -2.333232 -1.940678 -4.400865
v -2.490502 -2.369304 0.348546
v 2.528020 2.209039 3.557535
v 1.301905 2.515118 4.951093
v 1.324080 2.435112 5.243619
v 1.550949 2.487540 4.947987
v 1.218030 -2.306200 4.331113
v -3.218978 1.389109 0.845427
v 1.967157 -2.266484 4.945714
v 2.196629 -1.821259 -3.299024
v 0.932304 1.936297 -2.856258
v 0.159047 1.941903 -2.796983
v 1.981561 2.207915 -3.943954
v 1.184360 1.943267 -2.884280
v 2.307800 1.764829 0.300141
v 1.958010 -2.227310 0.268844
v -0.301509 1.571269 -1.172924
v 1.340267 -2.475634 1.501400
v -0.152261 -2.379304 -0.357403
v -0.446824 -2.393459 -0.373466
v 0.111954 -2.204691 1.441618
v 1.282194 -2.491782 1.228096
v 0.434887 1.751591 -0.876417
v 2.641675 -1.791802 -3.677711
v 2.166270 -1.916172 -3.612851
v 1.333380 2.018023 -0.195004
v 1.297048 2.110519 0.092161
v 1.077617 2.036508 -0.212206
v 0.272378 -2.425421 0.833429
v -1.361749 2.096434 -0.323063
v -1.086864 2.047868 -0.307798
v 1.171722 -2.403116 -0.093962
v 1.412724 -2.349006 -0.107294
v 0.762471 2.147562 -4.072550
v 1.007565 2.153942 -4.104100
v 0.264371 2.148484 -4.031504
v 2.201396 2.199663 -3.976493
v 1.249393 2.155581 -4.142202
v -0.753139 2.160721 -4.032109
v 0.623294 -2.092664 -3.887914
v -0.490458 -2.038296 4.177515
v -0.718430 -2.017827 4.102273
v -2.187514 -2.046510 3.903307
v -0.018480 2.146348 3.967678
v -0.002523 2.291679 4.222515
v -0.502927 2.256987 4.165684
v -0.748870 2.249445 4.127353
v -0.525024 1.450047 -5.054919
v -0.254442 2.272277 4.196362
v -1.016964 1.419853 -5.076843
v -1.280024 1.135127 -5.221252
v -1.222411 2.106974 3.766502
v -1.237919 2.245500 4.033606
v -2.003902 2.322976 4.192366
v -2.760594 2.239765 4.116445
v -2.507482 2.283465 4.137533
v -3.004462 1.887114 5.314736
v -3.415898 1.801193 4.843000
v -0.967404 -0.906701 -5.278023
v 0.329535 -0.886515 -2.011299
v 0.581163 -0.864305 -2.022385
v 0.545410 -1.171623 -2.162826
v -1.085313 -2.188205 4.682228
v -1.908864 -2.128409 4.771170
v -2.155199 -2.114791 4.675458
v -2.461250 -1.698603 3.124308
v -2.960721 -1.928868 4.627647
v -0.289605 0.301045 -5.270747
v -0.791892 0.286966 -5.288854
v -1.036604 -0.022252 -5.262330
v 0.304695 0.436285 -1.877854
v 0.545940 0.435964 -1.882847
v -1.292575 -0.031482 -5.259511
v -0.539093 0.286686 -5.261215
v -0.359544 -2.240549 4.912294
v -1.571815 -2.152723 4.518810
v -2.255438 -2.035041 5.003488
v -3.262413 -1.850553 4.034507
v -1.175631 -1.972079 3.947538
v -3.243062 2.035894 4.070657
v -2.396137 -2.084318 4.568445
v -1.031811 -2.273733 -2.516428
v 2.251956 2.345099 3.246439
v 2.711085 2.014330 4.190831
v 2.043308 2.448203 4.388686
v 2.159502 -2.278374 2.551375
v -1.314408 -2.365995 -2.592001
v -1.606121 -2.413924 -2.668991
v -1.847344 -2.397128 -3.046040
v 1.040265 2.179309 3.569936
v 1.139345 2.141824 5.788416
v -3.268901 1.698085 -0.427161
v 1.323518 -1.081428 -2.222922
v 1.289579 -1.351370 -2.396646
v 1.581068 -1.052134 -2.258996
v -1.141046 -2.471860 -0.103230
v -1.450313 -2.516593 -0.133889
v -0.419624 1.988284 0.408762
v -1.318315 1.832270 0.613724
v 0.533370 1.547978 -2.366901
v -3.409510 1.513182 0.470328
v 0.805063 -1.141579 -2.174953
v -1.833830 -2.479497 0.143611
v 1.032758 2.243069 1.601838
v 1.336024 2.281044 1.552783
v 0.742010 2.157245 1.661648
v 0.817894 2.178080 1.949345
v 1.928347 2.395565 2.958967
v 1.368698 2.371985 3.002379
v 2.242194 2.301980 4.670760
v 0.463868 1.468043 -5.058654
v 1.565408 1.552467 -2.482335
v -0.993750 2.247268 4.082345
v -0.742383 2.109807 3.864628
v 1.836010 -1.021410 -2.306140
v 2.110940 -0.705648 -2.251864
v 2.086657 -0.987512 -2.368411
v 1.891352 -2.351861 2.577295
v 0.612561 -2.043409 2.734329
v 0.856541 -1.992621 3.473098
v -1.798202 -2.378649 -3.345670
v -1.941239 1.965949 3.374338
v 1.300989 0.453208 -1.944630
v 1.557106 0.464040 -1.990553
v 1.812187 0.475709 -2.053601
v 1.548523 -2.153043 5.569032
v 1.768578 -2.113209 5.523504
v -2.333200 2.085548 -2.414104
v -2.427770 -2.474722 0.027843
v -2.713160 -2.420791 -0.051668
v -2.117966 2.144226 -2.038266
v -2.622435 2.091047 -1.202077
v -2.983785 -2.317302 -0.140879
v 1.623038 -2.266488 -0.142228
v 0.570063 -2.083183 -0.899681
v 1.823202 2.050346 0.362620
v 1.558557 2.066511 0.099179
v 0.473185 2.026290 1.735900
v -1.585556 1.847552 0.593353
v 1.919563 -1.952246 -3.587536
v 1.615396 -2.376000 2.604412
v -0.632228 -2.131737 -4.365168
v -0.869914 -1.954138 -4.697737
v 0.221168 1.702770 -4.854766
v 3.035475 -1.076892 3.776663
v -2.561460 0.981989 6.193616
v -2.516706 1.278463 6.094522
v -2.822806 0.983433 6.067477
v -2.770970 1.279227 5.977355
v -2.595990 0.672567 6.251296
v -2.861370 0.676944 6.118388
v -2.860160 -0.875941 5.940694
v -3.101850 -0.843545 5.762430
v 0.070766 1.480616 2.549917
v 0.057066 0.672017 3.171124
v 0.749304 -1.646115 -1.302997
v -3.171390 -1.602360 3.167264
v 0.250204 1.719300 2.454621
v -2.705988 1.551994 5.841763
v 0.845181 1.270721 -1.297309
v 0.833230 -1.385284 -1.448418
v 1.014990 0.110683 -1.690907
v 2.997568 -0.158160 0.063051
v 2.786394 0.731182 -0.199441
v -2.790648 1.322556 -4.441813
v -3.542798 -1.132496 -1.897008
v -3.528910 0.734941 -1.851066
v -3.552094 0.431783 -1.876652
v -3.547869 0.123368 -1.896342
v 2.753136 1.548022 -2.921519
v 2.949380 -0.550023 -2.837339
v 2.904614 0.512708 -2.782180
v 1.106000 1.264453 -1.244961
v -0.435825 -2.035712 -2.645590
v -2.901735 1.055232 -4.512144
v -3.027771 -0.418550 -4.653728
v -3.410366 1.357728 0.759919
v -3.244061 1.574902 -1.718669
v 0.529152 1.926290 2.625251
v -3.082564 0.875253 1.183840
v -2.795660 1.175647 1.169822
v -3.041692 1.149080 1.092025
v -2.840099 0.899699 1.282707
v -2.863464 -0.882323 1.376008
v -3.128706 -0.576186 1.267968
v -2.898134 -0.585782 1.419868
v -2.995526 1.405286 0.937144
v 2.933171 1.527968 -3.115169
v 3.055832 -0.515907 -3.080058
v 3.019381 0.513559 -3.034513
v -0.547757 0.558479 2.103784
v -0.413811 -1.310284 1.946770
v -0.596219 0.246551 2.159866
v -0.541061 0.500282 1.878271
v -0.559299 0.195637 1.931659
v -0.222441 1.418163 1.802388
v -0.340972 1.380522 1.581083
v -0.464822 -0.997874 2.220031
v -0.490515 -1.020820 1.984941
v -0.056486 1.656478 1.660264
v -0.196679 1.647081 1.414945
v -2.035663 1.053232 -5.168034
v -1.784524 1.083311 -5.208708
v 0.089019 -0.870021 3.371413
v 0.271608 -0.868135 3.541759
v -3.174404 -2.170383 -0.530893
v 1.858554 1.392716 6.091990
v 1.905224 1.135488 6.166622
v 1.959148 -0.266839 6.290332
v 1.939851 -0.549362 6.278857
v 2.754476 -1.458513 -4.815192
v 2.764404 -1.237422 -4.921110
v -2.658355 1.762338 5.687820
v -0.078887 0.651937 3.119536
v -0.097983 0.339723 3.127390
v 0.078650 0.630308 3.319522
v 0.076774 0.345690 3.280256
v -0.113452 -0.855788 3.260225
v -1.894177 -0.723650 2.619592
v -1.647003 -0.454704 2.599474
v -2.583829 -0.379543 -5.064634
v -3.066637 0.983350 5.906816
v -3.013773 1.276235 5.834607
v -3.279143 0.983965 5.702008
v -3.103949 0.682136 5.943537
v -3.309780 -0.795552 5.549535
v 2.826276 -1.784546 2.482211
v 0.438738 1.905792 2.372927
v -2.944265 1.551540 5.720095
v 2.452306 0.694487 -0.724048
v -0.758934 0.485503 1.825384
v -0.658051 -1.067383 1.840924
v -2.514581 1.025855 -4.946031
v -2.280014 1.033918 -5.082140
v -3.450879 1.092938 0.811246
v -3.355753 1.172624 3.158255
v -3.166662 0.945516 2.921555
v -2.334896 -0.363748 -5.203595
v 2.857955 -1.754193 2.799976
v 2.634173 -1.991367 2.504172
v -3.330527 -0.279442 1.080732
v -3.326087 -0.563683 1.074458
v 2.119905 -1.347390 -0.832688
v 2.023881 -1.599684 -0.744242
v 2.308249 0.100619 -1.007689
v 0.302768 0.631298 3.417698
v 0.484959 0.913913 3.526203
v 0.448266 0.627830 3.495741
v 0.462772 -0.829902 3.643952
v 0.509255 -0.761012 3.852742
v 3.034901 1.266897 3.994002
v -0.953934 0.450102 1.724960
v -0.825846 -1.099624 1.699751
v -0.897921 -0.797315 1.765386
v -0.763396 1.671929 -4.876304
v 1.251798 -1.587614 -2.615104
v 2.259865 -1.457054 -2.769690
v -0.999017 1.587270 -1.457356
v -0.550670 -1.154707 -1.567134
v -0.541086 0.164945 -1.541722
v 2.707682 -0.322199 5.683244
v 2.495744 -1.418899 -2.831839
v -2.723762 1.035688 -4.752130
v 3.032369 0.514104 -3.319044
v -2.287673 0.980147 6.288510
v -2.315532 0.669335 6.341194
v -2.595999 -0.897979 6.087084
v -2.316738 -0.911039 6.203208
v 1.884855 -1.347269 -1.022326
v 2.069669 0.099232 -1.203793
v 1.791389 -1.594278 -0.925936
v 1.016347 -1.630135 -1.243818
v 1.281297 -1.614557 -1.167226
v -0.027792 1.548705 -1.171867
v -2.034812 0.669311 6.386062
v -2.027092 -0.918008 6.290337
v 2.777716 1.305012 5.240671
v 2.833117 1.044245 5.293065
v 2.898031 -0.065006 5.399595
v 2.884772 -0.345643 5.404002
v 1.364180 1.255005 -1.170694
v 1.368868 -1.363379 -1.290353
v 1.102324 -1.375141 -1.381515
v 1.284900 0.107383 -1.609340
v 1.553029 0.103530 -1.502360
v -3.356499 0.916345 3.118454
v -3.486894 1.149014 3.389116
v -3.351989 -0.129366 3.007187
v -3.355717 -0.390224 2.986731
v -3.492208 -0.148094 3.255204
v -3.497344 -0.406526 3.232209
v -3.568239 1.130697 3.660332
v -3.530634 -0.174109 3.543444
v -3.538569 -0.429256 3.517060
v 0.507870 0.647220 3.734179
v 0.504755 -0.749655 3.551254
v 1.008885 0.920794 6.336411
v 1.027462 -0.243656 6.378974
v 1.013137 -0.534369 6.348008
v 2.913773 1.293754 4.949015
v 3.011409 -0.088898 5.093395
v 2.999352 -0.370356 5.097501
v 2.632447 -1.643366 0.275758
v -3.158998 -0.117340 2.804757
v -3.158675 -0.382008 2.789722
v 1.631110 -1.353096 -1.172607
v 1.541399 -1.603918 -1.065923
v 1.816173 0.100611 -1.368595
v 2.986291 0.153075 0.064184
v -0.775052 -1.108738 -1.636941
v -0.732352 0.078211 -1.734703
v 2.813124 1.382745 0.756284
v 2.570618 1.598446 0.508561
v 2.750967 1.352246 0.462484
v -1.974545 1.278312 6.260588
v -2.208509 1.541105 6.059027
v 2.859800 1.404595 1.058688
v -1.694613 1.283508 6.301988
v -2.005023 0.980543 6.352732
v -2.252135 1.276849 6.195607
v 3.048625 0.262475 1.012105
v 3.056944 -0.078102 1.036788
v -1.721070 0.990150 6.382525
v -1.750636 -0.609420 6.378549
v -1.733213 -0.922482 6.344358
v -3.266714 1.121311 0.974957
v -3.298139 0.848233 1.035755
v -3.045928 1.788476 -1.652274
v -2.472584 1.740454 -4.288635
v 2.677858 1.319165 0.177541
v -0.516673 -1.126855 -1.624784
v -0.520971 0.049920 -1.579954
v -2.927892 -0.382039 2.647192
v 3.016963 1.724104 -4.220974
v 3.040013 1.494805 -4.227264
v -2.880810 1.737971 5.577544
v 0.069920 1.300680 6.322084
v 3.276044 0.047741 3.061835
v 3.208267 -0.252368 3.072969
v -0.319671 -0.839260 3.164212
v -0.284523 0.365660 3.008774
v -3.203866 -1.065098 -4.064039
v -3.080773 -1.351313 -4.024253
v -2.920898 -1.617412 -3.972098
v -3.197025 0.484107 -4.344595
v -3.555068 -1.104073 -0.665989
v -3.554560 -0.810083 -0.668648
v -3.537313 -1.395515 -0.656504
v -3.549467 0.642591 -0.619238
v -0.771329 1.436266 -5.064543
v -1.173661 -1.187864 -5.246047
v 0.216327 1.465950 -5.052246
v -0.394749 0.055375 -1.719165
v -0.825126 0.995104 6.350302
v 0.796873 1.543517 -2.382037
v 1.026771 -1.381615 -2.375609
v 1.815298 1.559327 -2.533037
v 2.061650 1.564572 -2.595928
v 2.297852 -1.215302 -2.587521
v -3.554267 -0.802950 -0.360531
v -3.545718 0.614621 -0.311468
v -1.555721 -0.042390 -5.291068
v 0.219333 0.118391 -1.794757
v 0.045675 1.306149 -1.376825
v -0.149251 -1.920375 -1.210604
v 1.886364 1.648837 -0.548047
v 2.183473 -2.134629 5.041871
v -0.072976 1.218613 2.641168
v 1.793550 -1.100451 -5.191316
v 1.780742 -0.269720 -5.256978
v 2.330338 -0.949942 -2.450205
v 2.351651 -0.669386 -2.351036
v 2.922703 1.872388 -4.235694
v 2.772587 1.980320 -4.258678
v -1.823068 2.151892 -1.962499
v 2.025159 2.413758 4.657611
v -0.061237 -2.323794 0.892156
v -1.639855 2.144052 -0.347187
v 2.410135 -2.156814 2.527161
v -1.530057 2.131647 -4.121058
v -0.496626 2.156255 -4.017244
v 1.643391 2.268505 1.511217
v 1.639456 -1.993986 -3.909506
v 0.514543 2.145077 -4.049058
v 1.487572 2.155399 -4.184380
v 1.645224 2.410845 2.976945
v -3.227731 -2.152304 -0.229334
v -2.133730 -2.491015 0.093589
v 0.836040 -0.842687 -2.031140
v -1.850525 1.862404 0.566832
v -2.384868 1.962169 -3.672034
v -2.502336 -2.006159 4.894005
v -1.484544 2.241090 3.984608
v -0.500622 2.360334 4.446989
v -0.246675 2.374358 4.478650
v 1.064538 -1.110587 -2.195438
v 1.091703 -0.816139 -2.056354
v 0.497563 -0.299421 -5.249387
v 0.793586 0.438581 -1.893229
v 1.045846 0.444542 -1.913049
v 2.063479 0.486999 -2.137636
v 1.487973 0.879304 -5.273687
v -1.962540 2.121397 3.627654
v 1.047158 2.528173 4.938815
v 0.771578 2.515133 4.596996
v 0.134835 -2.374448 -0.355275
v 0.009168 2.395385 4.506797
v 1.026212 2.543458 4.634157
v -1.003491 2.336726 4.369099
v 1.285104 2.550375 4.656250
vn -0.2484 -0.5998 0.7606
vn -0.2222 -0.7478 0.6256
vn -0.2023 -0.5906 0.7812
vn -0.1819 -0.5655 0.8044
vn -0.1971 -0.7356 0.6481
vn -0.1860 -0.7163 0.6725
vn -0.1492 -0.7036 0.6948
vn -0.1007 -0.6824 0.7240
vn -0.1492 -0.5405 0.8280
vn -0.1313 -0.8433 0.5212
vn -0.2540 -0.4534 0.8543
vn -0.1880 -0.4189 0.8884
vn -0.0288 -0.0387 0.9988
vn -0.1327 -0.1257 0.9831
vn 0.0304 0.0001 0.9995
vn -0.1221 -0.3358 0.9340
vn -0.0203 -0.0977 0.9950
vn -0.0884 -0.2207 0.9713
vn -0.0825 -0.5106 0.8559
vn -0.0654 -0.1479 0.9868
vn -0.0101 -0.0323 0.9994
vn -0.0312 -0.4517 0.8916
vn -0.0799 -0.6466 0.7586
vn -0.0926 -0.6021 0.7931
vn -0.0135 -0.1146 0.9933
vn -0.0792 -0.0542 0.9954
vn -0.0380 -0.0846 0.9957
vn -0.0338 -0.3576 0.9333
vn 0.0126 -0.0894 0.9959
vn -0.0659 -0.5667 0.8213
vn -0.0322 -0.2635 0.9641
vn -0.0050 -0.2269 0.9739
vn -0.0008 -0.5408 0.8412
vn 0.0181 -0.2520 0.9676
vn 0.0236 -0.0499 0.9985
vn 0.0051 -0.1156 0.9933
vn 0.0249 -0.1584 0.9871
vn 0.0696 -0.1314 0.9889
vn -0.0012 -0.1239 0.9923
vn 0.0396 -0.0538 0.9978
vn 0.0152 -0.0415 0.9990
vn 0.0045 -0.0194 0.9998
vn 0.0302 0.0041 0.9995
vn -0.0065 -0.0113 0.9999
vn -0.0195 -0.0016 0.9998
vn 0.0441 -0.1524 0.9873
vn 0.0199 -0.0137 0.9997
vn 0.0186 -0.0159 0.9997
vn 0.0266 0.0259 0.9993
vn 0.0382 0.0472 0.9982
vn -0.1591 -0.0154 0.9871
vn -0.0949 -0.0688 0.9931
vn -0.1000 0.1274 0.9868
vn -0.0248 -0.0050 0.9997
vn 0.0528 -0.0164 0.9985
vn -0.1378 -0.1485 0.9793
vn -0.1090 0.0322 0.9935
vn -0.0640 0.1902 0.9796
vn -0.0129 0.1220 0.9924
vn 0.0561 0.2299 0.9716
vn -0.0421 0.0400 0.9983
vn 0.0352 0.0441 0.9984
vn -0.1377 0.5083 0.8501
vn -0.1467 0.6605 0.7364
vn -0.1886 0.5274 0.8284
vn -0.1246 0.6536 0.7465
vn -0.1147 0.4934 0.8622
vn -0.1000 0.6543 0.7496
vn -0.0727 0.4881 0.8698
vn -0.0805 0.6523 0.7537
vn -0.0938 0.4896 0.8669
vn -0.0848 0.0519 0.9950
vn -0.0227 0.1483 0.9887
vn -0.0368 0.2196 0.9749
vn -0.0139 0.0622 0.9980
vn -0.1375 0.1277 0.9822
vn -0.0199 0.0478 0.9987
vn -0.1181 0.0739 0.9902
vn -0.0319 0.1073 0.9937
vn -0.0144 0.0465 0.9988
vn 0.0172 0.3615 0.9322
vn -0.0156 0.5926 0.8054
vn 0.0239 0.4307 0.9022
vn -0.0330 0.0894 0.9955
vn 0.0057 0.1560 0.9877
vn -0.0487 0.1857 0.9814
vn -0.0030 0.0199 0.9998
vn -0.0115 0.1433 0.9896
vn -0.0410 0.1547 0.9871
vn 0.0874 -0.0049 0.9962
vn 0.1134 0.0420 0.9927
vn -0.0289 0.3214 0.9465
vn -0.0226 0.5580 0.8295
vn 0.0043 0.3085 0.9512
vn 0.0297 0.5207 0.8532
vn 0.0777 0.3473 0.9345
vn -0.9871 -0.1525 0.0489
vn -0.9322 -0.3442 0.1117
vn -0.8593 -0.4408 0.2595
vn -0.6139 -0.7821 0.1071
vn -0.5727 -0.7628 0.3002
vn -0.7467 -0.6245 0.2288
vn -0.9193 -0.1359 0.3692
vn -0.9368 -0.1104 0.3320
vn -0.9935 -0.0295 0.1102
vn -0.9401 -0.0514 0.3369
vn -0.9952 -0.0475 0.0853
vn -0.7940 -0.3923 0.4644
vn -0.6837 -0.6033 0.4106
vn -0.8712 -0.2245 0.4366
vn -0.9529 -0.2033 0.2250
vn -0.8109 -0.1662 0.5612
vn -0.9753 -0.2154 -0.0491
vn -0.8486 -0.5291 -0.0057
vn -0.9858 -0.1596 -0.0527
vn -0.9921 -0.0456 -0.1168
vn -0.8768 -0.4078 -0.2548
vn -0.9995 0.0281 -0.0135
vn -0.9976 -0.0683 0.0144
vn -0.4367 -0.8761 -0.2043
vn -0.7713 -0.6301 -0.0901
vn -0.6472 -0.7262 -0.2319
vn -0.5208 -0.7470 -0.4131
vn -0.9973 0.0663 -0.0325
vn -0.9995 0.0321 0.0050
vn -0.9990 -0.0374 -0.0247
vn -0.9997 0.0027 -0.0261
vn -0.9988 -0.0370 0.0329
vn -0.9993 0.0345 -0.0166
vn -1.0000 0.0020 0.0008
vn -0.9998 -0.0177 -0.0017
vn -0.9996 -0.0276 0.0046
vn -0.9966 -0.0399 0.0717
vn -0.9984 0.0550 0.0102
vn -0.9982 -0.0575 -0.0139
vn -0.9973 -0.0679 -0.0277
vn -0.9984 -0.0021 0.0557
vn -0.9983 -0.0575 -0.0131
vn -0.9851 -0.0371 0.1679
vn -0.9987 -0.0167 -0.0488
vn -0.9995 0.0187 0.0258
vn -0.9992 0.0036 -0.0400
vn -0.9994 -0.0201 0.0275
vn -0.9078 -0.1497 -0.3918
vn -0.7852 -0.4250 -0.4503
vn -0.7467 -0.1982 -0.6349
vn -0.6589 -0.4654 -0.5910
vn -0.4949 -0.2340 -0.8368
vn -0.4075 -0.4672 -0.7847
vn -0.9386 -0.0402 -0.3425
vn -0.9448 0.0130 -0.3272
vn -0.7661 -0.0656 -0.6394
vn -0.7806 0.0055 -0.6250
vn -0.5449 -0.1008 -0.8324
vn -0.3992 -0.8183 0.4134
vn -0.3982 -0.7301 0.5553
vn -0.4839 -0.6935 0.5338
vn -0.1968 -0.9766 0.0864
vn -0.2979 -0.9204 0.2531
vn -0.2739 -0.9598 0.0604
vn -0.2782 -0.8598 0.4283
vn -0.3251 -0.8478 0.4190
vn -0.5488 -0.6714 0.4981
vn -0.6527 -0.5026 0.5669
vn -0.5534 -0.5632 0.6136
vn -0.7337 -0.3559 0.5788
vn -0.6120 -0.4297 0.6640
vn -0.4637 -0.5962 0.6554
vn -0.6776 -0.2071 0.7057
vn -0.5449 -0.2310 0.8061
vn -0.6860 -0.1229 0.7171
vn -0.3849 -0.6125 0.6904
vn -0.5064 -0.4645 0.7265
vn -0.4153 -0.4769 0.7746
vn -0.5471 -0.1345 0.8262
vn -0.4108 -0.1340 0.9018
vn -0.3384 -0.7446 0.5753
vn -0.2963 -0.7488 0.5929
vn -0.3225 -0.6091 0.7245
vn -0.4195 -0.2342 0.8770
vn -0.3060 -0.2064 0.9294
vn -0.3759 -0.9266 0.0109
vn -0.4747 -0.8626 0.1749
vn -0.2067 -0.9279 -0.3105
vn -0.2911 -0.9440 -0.1554
vn -0.1792 -0.9771 -0.1150
vn -0.0026 -0.8973 -0.4414
vn -0.0911 -0.9560 -0.2790
vn -0.1242 -0.8770 -0.4642
vn -0.0146 -0.9654 -0.2603
vn 0.0739 -0.9007 -0.4282
vn -0.0701 -0.9942 -0.0812
vn -0.1018 -0.9908 -0.0894
vn 0.1841 -0.7958 -0.5768
vn 0.1096 -0.8975 -0.4272
vn 0.1517 -0.7945 -0.5881
vn -0.3071 -0.6800 -0.6657
vn -0.1854 -0.5409 -0.8204
vn -0.1815 -0.7342 -0.6543
vn -0.2447 -0.3096 -0.9188
vn -0.3467 -0.8723 -0.3449
vn -0.2553 -0.8347 -0.4880
vn -0.0208 -0.5909 -0.8065
vn -0.0505 -0.7716 -0.6341
vn -0.0512 -0.3799 -0.9236
vn 0.0927 -0.4448 -0.8908
vn 0.1185 -0.6205 -0.7752
vn 0.1937 -0.6498 -0.7350
vn 0.1877 -0.4987 -0.8462
vn -0.3118 -0.1616 -0.9363
vn -0.3757 -0.0863 -0.9227
vn -0.5831 -0.0298 -0.8119
vn -0.4840 0.0637 -0.8727
vn -0.4727 0.0186 -0.8810
vn -0.6644 0.0532 -0.7454
vn -0.1208 -0.2348 -0.9645
vn -0.1911 -0.1492 -0.9702
vn -0.3056 0.0670 -0.9498
vn -0.2849 -0.0041 -0.9586
vn 0.0251 -0.3087 -0.9508
vn -0.1098 -0.0300 -0.9935
vn -0.1375 0.0539 -0.9890
vn 0.1470 -0.3718 -0.9166
vn 0.0164 -0.0526 -0.9985
vn -0.0006 0.0373 -0.9993
vn -0.8674 -0.4171 0.2714
vn -0.9511 -0.1732 0.2558
vn -0.8721 -0.4817 0.0866
vn -0.9952 -0.0980 -0.0025
vn -0.8666 -0.4989 -0.0070
vn -0.6387 -0.7659 0.0746
vn -0.6181 -0.7524 0.2276
vn -0.6510 -0.5884 0.4796
vn -0.4187 -0.8291 0.3705
vn -0.4633 -0.6413 0.6116
vn -0.4468 -0.8743 0.1896
vn -0.2928 -0.9124 0.2860
vn -0.2804 -0.8355 0.4725
vn -0.9991 0.0337 -0.0270
vn -0.9808 -0.0219 0.1937
vn -0.9999 -0.0089 -0.0066
vn -0.9995 -0.0279 0.0149
vn -0.9899 -0.0111 0.1415
vn -0.9991 -0.0365 0.0199
vn -0.9926 -0.0371 0.1155
vn -0.9924 -0.0208 0.1214
vn -0.9901 0.0237 0.1385
vn -0.9926 -0.1206 -0.0129
vn -0.9997 0.0158 0.0203
vn -0.9982 -0.0390 0.0453
vn -0.9972 -0.0425 0.0611
vn -0.9977 -0.0310 0.0605
vn -0.9992 0.0113 0.0372
vn -0.9779 -0.2018 -0.0545
vn -0.9995 -0.0318 0.0086
vn -0.9987 -0.0400 0.0325
vn -0.8255 -0.1447 0.5456
vn -0.7479 -0.2901 0.5971
vn -0.8807 -0.0890 0.4653
vn -0.9075 -0.0730 0.4137
vn -0.9192 -0.0252 0.3930
vn -0.5631 -0.3979 0.7242
vn -0.6525 -0.2570 0.7128
vn -0.7127 -0.1778 0.6785
vn -0.3786 -0.4844 0.7887
vn -0.4627 -0.3378 0.8196
vn -0.7545 -0.1219 0.6448
vn -0.5327 -0.2449 0.8101
vn -0.8028 -0.5908 -0.0809
vn -0.9292 -0.3652 -0.0563
vn -0.7799 -0.6154 -0.1142
vn -0.7597 -0.6325 -0.1509
vn -0.8730 -0.4687 -0.1346
vn -0.6619 -0.7451 -0.0818
vn -0.6357 -0.7634 -0.1148
vn -0.6174 -0.7730 -0.1457
vn -0.4909 -0.8689 -0.0636
vn -0.4941 -0.8694 -0.0082
vn -0.4765 -0.8731 -0.1031
vn -0.4594 -0.8782 -0.1329
vn -0.3107 -0.9488 0.0571
vn -0.3179 -0.9479 -0.0195
vn -0.3131 -0.9464 -0.0799
vn -0.9008 -0.4241 -0.0933
vn -0.9757 -0.2117 -0.0564
vn -0.9884 -0.1521 -0.0026
vn -0.9991 -0.0337 -0.0267
vn -0.9995 -0.0220 0.0218
vn -0.9968 -0.0740 -0.0305
vn -0.9972 -0.0620 0.0416
vn -0.9956 -0.0813 -0.0459
vn -0.9938 -0.0808 0.0765
vn -0.9980 0.0486 0.0401
vn -0.9615 -0.2551 -0.1022
vn -0.9957 -0.0767 -0.0522
vn -0.9983 -0.0391 -0.0433
vn -0.9951 -0.0623 -0.0767
vn -0.9970 0.0730 -0.0245
vn -0.7417 -0.6553 -0.1429
vn -0.6951 -0.7032 -0.1496
vn -0.8098 -0.5685 -0.1453
vn -0.6793 -0.7151 -0.1648
vn -0.6602 -0.7242 -0.1993
vn -0.7701 -0.6073 -0.1953
vn -0.7932 -0.5867 -0.1635
vn -0.6029 -0.7829 -0.1534
vn -0.5465 -0.8228 -0.1559
vn -0.5620 -0.8140 -0.1464
vn -0.5358 -0.8245 -0.1822
vn -0.4418 -0.8843 -0.1509
vn -0.4274 -0.8922 -0.1461
vn -0.5802 -0.8007 -0.1488
vn -0.4125 -0.9003 -0.1387
vn -0.3986 -0.9062 -0.1409
vn -0.2702 -0.9529 -0.1376
vn -0.2899 -0.9490 -0.1238
vn -0.2457 -0.9608 -0.1285
vn -0.2605 -0.9563 -0.1326
vn -0.2338 -0.9649 -0.1197
vn -0.2388 -0.9645 -0.1130
vn -0.3944 -0.9064 -0.1514
vn -0.8539 -0.5063 -0.1205
vn -0.9465 -0.3149 -0.0703
vn -0.8322 -0.5422 -0.1157
vn -0.9032 -0.4110 -0.1240
vn -0.9249 -0.3709 -0.0835
vn -0.9782 -0.1925 -0.0773
vn -0.9876 -0.1486 -0.0511
vn -0.9979 -0.0494 -0.0407
vn -0.9993 -0.0289 -0.0222
vn -0.9974 -0.0716 -0.0072
vn -0.9999 0.0052 -0.0093
vn -0.9969 -0.0430 -0.0664
vn -0.8828 -0.4469 -0.1447
vn -0.9622 -0.2537 -0.0988
vn -0.9960 -0.0761 -0.0460
vn -0.9971 -0.0039 -0.0765
vn -0.9995 -0.0037 -0.0318
vn -0.8612 -0.4748 -0.1813
vn -0.7499 -0.6223 -0.2242
vn -0.6483 -0.7315 -0.2114
vn -0.6488 -0.7309 -0.2116
vn -0.7478 -0.6183 -0.2417
vn -0.5350 -0.8224 -0.1937
vn -0.5296 -0.8214 -0.2117
vn -0.6501 -0.7192 -0.2452
vn -0.5058 -0.8100 -0.2967
vn -0.2802 -0.9516 -0.1261
vn -0.2584 -0.9583 -0.1223
vn -0.4001 -0.9013 -0.1660
vn -0.4111 -0.8973 -0.1610
vn -0.5358 -0.8233 -0.1874
vn -0.4086 -0.8934 -0.1869
vn -0.3842 -0.8841 -0.2660
vn -0.2824 -0.9457 -0.1609
vn -0.2634 -0.9335 -0.2434
vn -0.8397 -0.4929 -0.2281
vn -0.9081 -0.3584 -0.2164
vn -0.9587 -0.2164 -0.1846
vn -0.9369 -0.3166 -0.1482
vn -0.8269 -0.4931 -0.2703
vn -0.8839 -0.3687 -0.2877
vn -0.9255 -0.2392 -0.2935
vn -0.9881 -0.0802 -0.1314
vn -0.9965 -0.0078 -0.0827
vn -0.9507 -0.1144 -0.2883
vn -0.9587 -0.0186 -0.2837
vn -0.9094 -0.1214 -0.3979
vn -0.5871 -0.6662 -0.4599
vn -0.6304 -0.6964 -0.3428
vn -0.6816 -0.5269 -0.5077
vn -0.7297 -0.5616 -0.3900
vn -0.6197 -0.4796 -0.6212
vn -0.5565 -0.6241 -0.5484
vn -0.4329 -0.5783 -0.6915
vn -0.2634 -0.5654 -0.7816
vn -0.3548 -0.7190 -0.5977
vn -0.7360 -0.3994 -0.5467
vn -0.7883 -0.4353 -0.4348
vn -0.7648 -0.2887 -0.5760
vn -0.8231 -0.3184 -0.4702
vn -0.7775 -0.1934 -0.5984
vn -0.8424 -0.2187 -0.4924
vn -0.6494 -0.3583 -0.6707
vn -0.6664 -0.2548 -0.7007
vn -0.5036 -0.4238 -0.7528
vn -0.5261 -0.3071 -0.7931
vn -0.5422 -0.1365 -0.8291
vn -0.5327 -0.2187 -0.8175
vn -0.6743 -0.1624 -0.7203
vn -0.6770 -0.0786 -0.7317
vn -0.3345 -0.3912 -0.8574
vn -0.3710 -0.2677 -0.8892
vn -0.3795 -0.1820 -0.9071
vn -0.1938 -0.8670 0.4591
vn -0.2449 -0.8659 0.4362
vn -0.1547 -0.9485 0.2765
vn -0.1804 -0.8574 0.4820
vn -0.1806 -0.9467 0.2665
vn -0.0979 -0.9915 0.0852
vn -0.1662 -0.8497 0.5004
vn -0.0874 -0.9918 0.0932
vn -0.0326 -0.9946 -0.0982
vn 0.0292 -0.9603 -0.2774
vn 0.0446 -0.9618 -0.2702
vn -0.1302 -0.9459 0.2972
vn -0.1388 -0.9476 0.2877
vn -0.0921 -0.9904 0.1035
vn -0.1120 -0.9396 0.3233
vn -0.3262 -0.4723 0.8189
vn -0.2549 -0.1063 0.9611
vn 0.1241 -0.8951 -0.4282
vn 0.1848 -0.7986 -0.5728
vn -0.0298 -0.9958 -0.0862
vn -0.0436 -0.9958 -0.0800
vn 0.0440 -0.9655 -0.2566
vn 0.2156 -0.6928 -0.6882
vn 0.1750 -0.8027 -0.5701
vn 0.2293 -0.6846 -0.6919
vn 0.0518 -0.9636 -0.2621
vn 0.1109 -0.8971 -0.4277
vn 0.1220 -0.8962 -0.4266
vn 0.1633 -0.8077 -0.5665
vn 0.2070 -0.6994 -0.6841
vn 0.2430 -0.5900 -0.7700
vn 0.2048 -0.7009 -0.6833
vn 0.2469 -0.5880 -0.7702
vn 0.1334 -0.8035 -0.5802
vn 0.0674 -0.8969 -0.4371
vn 0.1476 -0.8082 -0.5701
vn 0.0118 -0.9603 -0.2788
vn 0.1906 -0.6999 -0.6883
vn 0.2293 -0.5943 -0.7709
vn 0.2690 -0.4845 -0.8324
vn 0.2741 -0.4790 -0.8339
vn 0.3188 -0.1261 -0.9394
vn 0.3077 -0.2510 -0.9178
vn 0.2920 -0.1246 -0.9483
vn 0.2822 -0.2461 -0.9273
vn 0.3204 -0.0122 -0.9472
vn 0.2967 -0.0036 -0.9550
vn 0.2654 -0.4817 -0.8352
vn 0.3442 -0.2506 -0.9048
vn 0.3478 -0.1368 -0.9276
vn 0.3396 -0.0219 -0.9403
vn 0.2304 -0.5359 -0.8123
vn 0.2240 -0.6713 -0.7065
vn 0.2426 -0.5673 -0.7870
vn 0.2440 -0.5860 -0.7727
vn 0.2111 -0.4165 -0.8843
vn 0.1056 0.0286 -0.9940
vn 0.1860 0.0200 -0.9823
vn 0.1181 -0.0737 -0.9903
vn 0.2018 -0.0982 -0.9745
vn 0.1461 -0.1850 -0.9718
vn 0.2363 -0.4473 -0.8626
vn 0.2474 0.0067 -0.9689
vn 0.2545 -0.1176 -0.9599
vn 0.2609 -0.4668 -0.8450
vn 0.2660 -0.3456 -0.8999
vn 0.2305 -0.3306 -0.9152
vn 0.2801 -0.3624 -0.8890
vn 0.2621 -0.2334 -0.9364
vn -0.3080 -0.6728 0.6727
vn -0.1730 -0.6929 0.7000
vn -0.2327 -0.5382 0.8100
vn -0.3091 -0.4017 0.8620
vn -0.5867 -0.1726 0.7912
vn -0.3809 -0.2996 0.8747
vn -0.1300 -0.5764 0.8067
vn -0.0854 -0.7052 0.7039
vn -0.1484 -0.8290 0.5391
vn -0.0662 -0.8191 0.5699
vn -0.0053 -0.8992 0.4375
vn -0.0285 -0.8167 0.5763
vn -0.0563 -0.9066 0.4182
vn -0.0492 -0.7122 0.7003
vn -0.0299 -0.7198 0.6935
vn -0.0722 -0.5997 0.7969
vn -0.0037 -0.8181 0.5751
vn 0.0233 -0.8981 0.4392
vn -0.0569 -0.6128 0.7882
vn -0.0569 -0.6199 0.7826
vn -0.0403 -0.7302 0.6820
vn 0.0210 -0.9041 0.4269
vn 0.0642 -0.9606 0.2705
vn -0.1983 -0.4545 0.8684
vn -0.2644 -0.3419 0.9018
vn -0.1087 -0.4847 0.8679
vn -0.1516 -0.3672 0.9177
vn -0.1909 -0.2504 0.9491
vn -0.3073 -0.2375 0.9215
vn -0.2192 -0.1379 0.9659
vn -0.3243 -0.1367 0.9360
vn -0.2287 -0.0275 0.9731
vn -0.3269 -0.0339 0.9445
vn -0.0800 -0.4991 0.8629
vn -0.0707 -0.5039 0.8609
vn -0.0989 -0.3785 0.9203
vn -0.0833 -0.3807 0.9209
vn -0.1711 -0.9792 0.1088
vn -0.1635 -0.9863 0.0239
vn -0.1350 -0.9891 -0.0595
vn -0.0180 -0.9992 0.0369
vn -0.0543 -0.9879 0.1452
vn 0.0339 -0.9980 -0.0539
vn 0.1081 -0.9938 0.0249
vn 0.0553 -0.9854 0.1611
vn 0.1737 -0.9820 -0.0741
vn 0.1931 -0.9811 -0.0077
vn 0.2816 -0.9501 -0.1341
vn 0.1849 -0.9802 -0.0708
vn 0.2648 -0.9336 -0.2413
vn 0.3726 -0.8277 -0.4197
vn -0.1051 -0.9883 -0.1110
vn -0.0851 -0.9888 -0.1223
vn -0.0625 -0.9928 -0.1024
vn -0.0672 -0.9911 -0.1151
vn -0.0711 -0.9934 -0.0899
vn -0.0875 -0.9937 -0.0699
vn 0.0761 -0.9918 -0.1027
vn 0.1136 -0.9867 -0.1161
vn 0.1303 -0.9870 -0.0943
vn 0.1198 -0.9911 -0.0589
vn 0.1005 -0.9940 -0.0428
vn 0.3104 -0.9421 -0.1272
vn 0.3275 -0.9424 -0.0682
vn 0.3139 -0.9494 -0.0088
vn 0.2815 -0.9592 0.0262
vn 0.3866 -0.8958 -0.2192
vn 0.2505 -0.9595 -0.1289
vn 0.4886 -0.8510 -0.1923
vn 0.5027 -0.8621 0.0641
vn 0.5333 -0.8443 -0.0529
vn 0.4358 -0.8924 0.1170
vn 0.5970 -0.7105 -0.3726
vn 0.7092 -0.7028 -0.0564
vn 0.6554 -0.7346 0.1756
vn 0.5648 -0.7940 0.2250
vn -0.1547 -0.9796 -0.1279
vn -0.1474 -0.9644 -0.2198
vn -0.0313 -0.9957 -0.0872
vn -0.0069 -0.9996 -0.0280
vn 0.1660 -0.9838 0.0672
vn 0.0327 -0.9995 -0.0044
vn 0.1111 -0.9931 0.0382
vn 0.0741 -0.9965 -0.0395
vn 0.0593 -0.9860 -0.1555
vn -0.0349 -0.9811 -0.1902
vn 0.0602 -0.9496 -0.3078
vn 0.2809 -0.9473 0.1542
vn 0.2066 -0.9715 0.1164
vn 0.1186 -0.9526 -0.2800
vn 0.1274 -0.9848 -0.1179
vn 0.3591 -0.8969 0.2580
vn 0.4581 -0.8513 0.2559
vn -0.2313 -0.9100 -0.3441
vn -0.3550 -0.8591 -0.3686
vn -0.1775 -0.8619 -0.4750
vn -0.2346 -0.7403 -0.6300
vn -0.4376 -0.7552 -0.4879
vn -0.1169 -0.9341 -0.3372
vn -0.0625 -0.8752 -0.4797
vn -0.0066 -0.7670 -0.6416
vn -0.1160 -0.5719 -0.8121
vn 0.0072 -0.5877 -0.8091
vn -0.1187 -0.7647 -0.6333
vn 0.0082 -0.8757 -0.4828
vn -0.0200 -0.9442 -0.3287
vn 0.0366 -0.7643 -0.6438
vn 0.0492 -0.6098 -0.7910
vn 0.0669 -0.8787 -0.4726
vn 0.0731 -0.6164 -0.7840
vn 0.0705 -0.7686 -0.6358
vn 0.0627 -0.4579 -0.8868
vn 0.0304 -0.4325 -0.9011
vn 0.0713 -0.4812 -0.8737
vn 0.0953 -0.6294 -0.7712
vn -0.2020 -0.1305 -0.9707
vn -0.2009 -0.2478 -0.9477
vn -0.1635 -0.0650 -0.9844
vn -0.3839 -0.1179 -0.9158
vn -0.0505 -0.0726 -0.9961
vn -0.0058 0.0095 -0.9999
vn 0.0252 -0.0042 -0.9997
vn 0.0293 0.0359 -0.9989
vn 0.0232 -0.0341 -0.9991
vn 0.0175 -0.0098 -0.9998
vn -0.0145 -0.0003 -0.9999
vn 0.0177 -0.0238 -0.9996
vn -0.0334 -0.0112 -0.9994
vn -0.0128 -0.0160 -0.9998
vn 0.0059 0.0037 -1.0000
vn -0.0007 -0.9616 -0.2746
vn -0.0481 -0.9952 -0.0857
vn -0.1099 -0.9281 0.3558
vn -0.1106 -0.8286 0.5488
vn -0.0885 -0.9857 0.1434
vn -0.0886 -0.9887 0.1207
vn -0.0492 -0.9963 -0.0702
vn -0.0067 -0.9648 -0.2630
vn -0.1051 -0.8039 0.5854
vn -0.1064 -0.9166 0.3854
vn -0.1050 -0.7800 0.6168
vn -0.0996 -0.9056 0.4122
vn -0.0890 -0.9765 0.1960
vn -0.0869 -0.9822 0.1666
vn 0.2288 -0.5873 -0.7763
vn 0.1716 -0.6953 -0.6979
vn 0.2369 -0.5650 -0.7904
vn 0.1611 -0.6861 -0.7094
vn 0.0765 -0.7966 -0.5996
vn 0.0984 -0.8001 -0.5918
vn 0.1655 -0.6683 -0.7253
vn 0.0600 -0.7926 -0.6068
vn 0.0150 -0.8987 -0.4384
vn 0.1629 -0.6422 -0.7491
vn 0.2560 -0.5344 -0.8055
vn -0.0300 -0.9671 -0.2526
vn -0.0159 -0.9021 -0.4313
vn -0.0634 -0.9698 -0.2353
vn 0.0014 -0.8028 -0.5962
vn -0.0385 -0.9121 -0.4081
vn 0.2804 -0.4047 -0.8704
vn 0.1104 -0.6126 -0.7827
vn 0.4450 -0.1860 -0.8760
vn 0.1418 -0.3968 -0.9069
vn 0.2864 -0.4686 -0.8357
vn 0.3766 -0.2379 -0.8953
vn 0.4089 -0.1399 -0.9018
vn 0.4167 -0.0335 -0.9084
vn 0.3097 -0.4468 -0.8393
vn 0.5401 -0.0959 -0.8361
vn 0.4473 -0.1879 -0.8744
vn 0.5575 -0.0598 -0.8280
vn 0.3360 -0.4139 -0.8460
vn 0.5841 -0.0538 -0.8099
vn 0.5412 -0.1176 -0.8326
vn 0.5848 -0.0716 -0.8080
vn 0.2811 -0.4883 -0.8262
vn 0.4183 -0.3361 -0.8438
vn 0.6060 -0.0733 -0.7921
vn 0.6158 -0.0715 -0.7846
vn 0.6067 -0.0554 -0.7930
vn 0.4543 -0.2160 -0.8643
vn 0.6564 -0.0156 -0.7542
vn 0.0291 -0.9719 0.2335
vn -0.0235 -0.9192 0.3931
vn -0.0682 -0.8426 0.5342
vn -0.0137 -0.8268 0.5624
vn -0.0947 -0.7405 0.6654
vn -0.1734 -0.7424 0.6471
vn -0.0989 -0.6222 0.7766
vn -0.1437 -0.8565 0.4957
vn -0.0922 -0.9364 0.3386
vn -0.0363 -0.9830 0.1801
vn -0.2998 -0.7385 0.6040
vn -0.1709 -0.6134 0.7710
vn -0.2640 -0.8691 0.4183
vn -0.0945 -0.9892 0.1116
vn -0.1665 -0.9489 0.2681
vn -0.2930 -0.6002 0.7443
vn -0.4448 -0.7045 0.5530
vn -0.1905 -0.9660 0.1747
vn -0.0752 -0.2456 0.9664
vn -0.0836 -0.2567 0.9629
vn -0.0752 -0.1281 0.9889
vn -0.0765 -0.1367 0.9877
vn -0.0775 -0.0148 0.9969
vn -0.0771 -0.0141 0.9969
vn -0.0872 -0.4992 0.8621
vn -0.1498 -0.4866 0.8607
vn -0.0766 -0.3739 0.9243
vn -0.1031 -0.1220 0.9872
vn -0.2597 -0.4680 0.8447
vn -0.1253 -0.3627 0.9234
vn -0.1796 -0.1118 0.9774
vn -0.0977 -0.0076 0.9952
vn -0.4674 -0.5757 0.6709
vn -0.2221 -0.3471 0.9112
vn -0.4623 -0.4504 0.7638
vn -0.1590 0.0082 0.9872
vn -0.3872 -0.1068 0.9158
vn 0.1666 -0.9309 -0.3251
vn 0.1198 -0.9840 -0.1315
vn 0.0192 -0.9998 0.0072
vn 0.0760 -0.9957 0.0531
vn 0.2679 -0.3710 -0.8892
vn 0.5363 -0.5365 -0.6516
vn 0.8625 -0.4837 -0.1485
vn 0.8252 -0.5483 -0.1358
vn -0.0271 -0.9982 -0.0538
vn 0.1964 -0.8270 -0.5268
vn 0.1154 -0.9238 -0.3650
vn 0.1260 -0.8311 -0.5417
vn 0.0423 -0.2357 -0.9709
vn 0.8685 -0.4902 -0.0730
vn -0.0244 -0.0027 -0.9997
vn -0.1052 -0.0214 -0.9942
vn 0.8597 -0.0078 0.5107
vn 0.9314 -0.0709 0.3569
vn 0.7467 -0.5807 0.3243
vn 0.7166 -0.5550 0.4226
vn 0.7598 -0.4190 0.4971
vn 0.6574 -0.6787 0.3274
vn 0.5421 -0.6489 0.5339
vn 0.5189 -0.7613 0.3888
vn 0.3452 -0.7591 0.5519
vn 0.3370 -0.5953 0.7295
vn 0.5338 -0.5184 0.6681
vn 0.2995 -0.6543 -0.6944
vn 0.6897 -0.2387 0.6836
vn 0.7443 -0.4090 0.5279
vn 0.4921 -0.3885 0.7790
vn 0.7066 -0.2743 0.6523
vn 0.4258 -0.2598 0.8667
vn 0.6115 -0.1494 0.7770
vn 0.5514 -0.0504 0.8327
vn 0.3441 -0.1213 0.9311
vn 0.3007 -0.4551 0.8381
vn 0.2475 -0.3231 0.9134
vn 0.1826 -0.1869 0.9653
vn -0.4443 0.0102 -0.8958
vn -0.3807 -0.0505 -0.9233
vn 0.0062 -0.2984 -0.9544
vn -0.2495 -0.1688 -0.9535
vn -0.0456 -0.1670 -0.9849
vn -0.1103 -0.0493 -0.9927
vn 0.0024 -0.0879 -0.9961
vn 0.2725 -0.9401 0.2050
vn 0.2132 -0.9733 0.0846
vn 0.1539 -0.9879 0.0185
vn 0.1764 -0.9816 -0.0725
vn 0.1511 -0.9574 -0.2462
vn 0.2288 -0.9613 0.1532
vn 0.1894 -0.9817 -0.0221
vn 0.1620 -0.9644 -0.2090
vn 0.1911 -0.7523 0.6304
vn 0.2550 -0.8864 0.3864
vn 0.1930 -0.8773 0.4394
vn 0.2914 -0.9088 0.2987
vn 0.2061 -0.9547 0.2148
vn 0.1792 -0.9836 0.0218
vn 0.1573 -0.8688 0.4695
vn 0.1546 -0.7501 0.6429
vn 0.1784 -0.9496 0.2577
vn 0.1398 -0.8608 0.4894
vn 0.1394 -0.7466 0.6505
vn 0.1546 -0.9474 0.2801
vn 0.1475 -0.9857 0.0813
vn 0.1639 -0.9850 0.0548
vn 0.1053 -0.4732 0.8746
vn 0.1264 -0.0759 0.9891
vn 0.0191 -0.2193 0.9755
vn 0.0533 -0.2294 0.9719
vn 0.0036 -0.0919 0.9958
vn 0.0423 -0.0917 0.9949
vn 0.0712 -0.0991 0.9925
vn 0.1032 -0.6504 -0.7525
vn 0.0755 -0.5038 -0.8605
vn 0.1308 -0.7991 -0.5868
vn 0.1478 -0.9028 -0.4038
vn 0.1217 -0.7859 -0.6062
vn 0.1015 -0.6722 -0.7334
vn 0.0758 -0.5247 -0.8479
vn 0.1222 -0.8165 -0.5643
vn 0.1492 -0.9123 -0.3813
vn 0.0765 -0.5403 -0.8380
vn 0.0965 -0.6899 -0.7175
vn 0.1294 -0.9258 -0.3552
vn 0.1027 -0.8324 -0.5445
vn 0.0831 -0.7036 -0.7057
vn 0.0658 -0.5546 -0.8295
vn 0.0391 -0.3346 -0.9415
vn 0.0303 -0.2911 -0.9562
vn -0.0021 -0.0768 -0.9970
vn 0.0139 0.0248 -0.9996
vn 0.0421 0.0119 -0.9990
vn 0.0234 -0.1076 -0.9939
vn -0.0115 -0.0026 -0.9999
vn 0.0006 0.0523 -0.9986
vn 0.0544 -0.3619 -0.9306
vn 0.0330 -0.1339 -0.9904
vn 0.0586 -0.3770 -0.9244
vn 0.0049 0.0426 -0.9991
vn 0.0521 -0.3868 -0.9207
vn 0.0280 -0.1609 -0.9866
vn -0.0240 0.0053 -0.9997
vn -0.0380 0.0289 -0.9989
vn 0.0135 0.0031 -0.9999
vn 0.0194 0.0070 -0.9998
vn -0.0773 -0.7602 0.6451
vn -0.0857 -0.8920 0.4438
vn -0.0935 -0.9676 0.2344
vn -0.0164 -0.7359 0.6769
vn -0.0422 -0.8726 0.4867
vn -0.0668 -0.9563 0.2848
vn -0.0800 -0.9944 0.0697
vn -0.0679 -0.9889 0.1322
vn -0.0356 -0.9389 0.3422
vn 0.0193 -0.7091 0.7048
vn -0.0035 -0.8464 0.5325
vn 0.0388 -0.5246 0.8504
vn 0.0444 -0.2972 0.9538
vn 0.0673 -0.5123 0.8562
vn -0.0122 -0.9182 0.3959
vn 0.0229 -0.8203 0.5715
vn -0.0520 -0.9784 0.2002
vn 0.0540 -0.6887 0.7230
vn 0.1397 -0.3384 0.9306
vn 0.1470 -0.5171 0.8432
vn -0.0002 -0.0394 0.9992
vn 0.0300 -0.0592 0.9978
vn 0.0141 0.0231 0.9996
vn 0.0828 -0.1030 0.9912
vn -0.0043 0.0094 0.9999
vn -0.0824 -0.9279 -0.3636
vn -0.0554 -0.8275 -0.5588
vn -0.0105 -0.7109 -0.7032
vn -0.1292 -0.8571 -0.4987
vn -0.1324 -0.9474 -0.2913
vn -0.1068 -0.7214 -0.6842
vn -0.1963 -0.8954 -0.3997
vn -0.1517 -0.9689 -0.1957
vn -0.2427 -0.7883 -0.5653
vn -0.1886 -0.5331 -0.8248
vn -0.1289 -0.9870 -0.0956
vn -0.1960 -0.9422 -0.2717
vn -0.2655 -0.8617 -0.4325
vn -0.1014 -0.9948 0.0030
vn -0.1230 -0.9807 -0.1523
vn -0.0604 -0.9981 -0.0115
vn -0.0191 -0.9634 0.2674
vn -0.0707 -0.9938 0.0859
vn 0.6091 -0.0692 -0.7901
vn 0.5954 -0.0551 -0.8016
vn 0.6013 -0.0650 -0.7964
vn -0.6245 -0.5389 -0.5653
vn -0.6352 -0.6708 -0.3829
vn -0.7350 -0.3563 0.5769
vn -0.6939 -0.5201 0.4979
vn -0.6731 -0.6879 -0.2716
vn -0.7461 -0.2984 0.5953
vn -0.7550 -0.4841 0.4423
vn -0.7546 -0.1916 0.6276
vn -0.7399 -0.5702 0.3570
vn -0.7927 -0.4274 0.4347
vn -0.7075 -0.6296 0.3211
vn -0.7187 -0.6017 0.3485
vn -0.3567 -0.7165 -0.5995
vn -0.6473 -0.7522 -0.1235
vn -0.6311 -0.6758 0.3808
vn -0.4388 -0.8751 0.2042
vn -0.5734 -0.7853 0.2335
vn -0.5533 -0.7940 0.2518
vn -0.6684 -0.6839 0.2924
vn -0.3533 -0.8610 -0.3659
vn -0.5275 -0.8469 -0.0676
vn -0.4610 -0.8695 0.1775
vn -0.4824 -0.8640 0.1445
vn -0.3079 -0.9393 0.1514
vn -0.3204 -0.9389 0.1254
vn -0.4501 -0.1777 -0.8751
vn 0.8502 0.0257 -0.5259
vn 0.8872 -0.0113 -0.4612
vn 0.0018 -0.1409 -0.9900
vn 0.8873 -0.0614 -0.4571
vn 0.1320 -0.0454 -0.9902
vn -0.8005 -0.0656 0.5958
vn -0.8589 0.0722 0.5070
vn -0.8539 -0.0141 0.5203
vn -0.8661 0.0818 0.4931
vn 0.1707 -0.1764 -0.9694
vn -0.6803 -0.0726 0.7293
vn -0.5119 0.0996 0.8532
vn -0.5439 0.0721 0.8361
vn -0.5076 0.0629 0.8593
vn -0.7981 -0.3472 0.4924
vn -0.7747 -0.4786 0.4132
vn -0.8015 -0.2516 0.5425
vn -0.6896 0.0413 0.7230
vn -0.7040 -0.0192 0.7099
vn -0.7020 0.0496 0.7105
vn -0.6848 0.0362 0.7279
vn -0.6523 0.0328 0.7573
vn -0.6830 -0.6386 0.3546
vn -0.6041 -0.7281 0.3240
vn -0.6899 -0.6329 0.3514
vn -0.7514 -0.5342 0.3873
vn -0.5867 -0.7361 0.3376
vn -0.6733 -0.6420 0.3667
vn -0.5472 -0.7487 0.3742
vn -0.6259 -0.7151 0.3112
vn -0.6993 -0.6167 0.3614
vn -0.7553 -0.5101 0.4114
vn -0.6138 -0.7223 0.3187
vn -0.4592 -0.8318 0.3118
vn -0.4909 -0.8198 0.2949
vn -0.6443 -0.7046 0.2974
vn -0.5199 -0.8076 0.2785
vn -0.5064 -0.8146 0.2828
vn -0.4118 -0.8810 0.2329
vn -0.3976 -0.8868 0.2355
vn -0.3777 -0.8934 0.2431
vn -0.3507 -0.9038 0.2453
vn -0.2909 -0.9413 0.1713
vn -0.4236 -0.8788 0.2196
vn -0.2338 -0.9556 0.1794
vn -0.2588 -0.9475 0.1877
vn -0.7516 -0.5445 0.3723
vn -0.8183 -0.4300 0.3814
vn -0.8044 -0.4213 0.4187
vn -0.8511 -0.3092 0.4242
vn -0.8852 -0.1940 0.4229
vn -0.8706 -0.3075 0.3841
vn -0.9040 -0.2008 0.3775
vn -0.9275 -0.0930 0.3621
vn -0.8967 -0.0775 0.4358
vn -0.9388 0.0316 0.3429
vn -0.7958 -0.3983 0.4562
vn -0.8167 -0.2852 0.5017
vn -0.8168 -0.1380 0.5602
vn -0.7891 -0.0180 0.6140
vn -0.8986 0.0404 0.4369
vn -0.6025 -0.5383 0.5893
vn -0.5499 -0.6678 0.5016
vn -0.7193 -0.5187 0.4621
vn -0.6343 -0.6455 0.4253
vn -0.1133 -0.9931 0.0313
vn -0.4833 -0.7729 0.4112
vn -0.7688 -0.5279 0.3610
vn -0.3987 -0.8108 0.4285
vn -0.3418 -0.8858 0.3140
vn -0.2694 -0.9391 0.2132
vn -0.3148 -0.9195 0.2353
vn -0.0893 -0.9950 -0.0449
vn -0.1515 -0.9850 0.0829
vn -0.1690 -0.9760 0.1373
vn -0.1268 -0.9877 0.0912
vn 0.0137 -0.9987 -0.0489
vn -0.0217 -0.9995 0.0239
vn -0.0783 -0.9969 0.0075
vn -0.0551 -0.9957 0.0751
vn -0.6118 -0.4078 0.6778
vn -0.3826 0.0173 0.9237
vn -0.4039 0.0387 0.9140
vn -0.4468 -0.0691 0.8920
vn -0.5158 -0.1767 0.8383
vn -0.8688 -0.1708 0.4647
vn -0.8796 -0.0724 0.4702
vn -0.8574 -0.4086 0.3129
vn -0.9901 -0.0888 0.1088
vn -0.9663 -0.1840 0.1803
vn -0.9977 0.0027 0.0679
vn 0.0638 -0.9166 -0.3947
vn 0.0828 -0.8291 -0.5530
vn -0.0432 -0.9920 -0.1183
vn 0.0856 -0.8196 -0.5664
vn 0.0467 -0.9047 -0.4235
vn -0.0364 -0.9844 -0.1722
vn 0.0753 -0.8878 -0.4540
vn 0.0177 -0.9498 -0.3122
vn -0.0357 -0.9947 -0.0969
vn 0.0068 -0.9762 -0.2166
vn 0.0957 -0.8699 -0.4838
vn 0.0537 -0.9347 -0.3513
vn 0.1582 -0.7024 -0.6940
vn 0.1920 -0.6851 -0.7026
vn 0.1434 -0.7827 -0.6056
vn 0.0762 -0.9657 -0.2481
vn 0.1020 -0.9228 -0.3716
vn 0.2248 -0.3497 -0.9095
vn 0.1713 -0.3487 -0.9214
vn 0.2390 -0.2357 -0.9420
vn 0.1753 -0.2306 -0.9571
vn 0.2516 -0.1269 -0.9595
vn 0.3168 -0.2323 -0.9196
vn 0.2932 -0.3468 -0.8909
vn 0.3330 -0.1234 -0.9348
vn 0.0412 -0.3211 -0.9461
vn 0.0230 -0.2085 -0.9777
vn 0.0947 -0.2215 -0.9706
vn 0.0911 -0.3383 -0.9366
vn 0.0958 -0.1064 -0.9897
vn 0.1574 -0.4687 -0.8692
vn 0.0966 -0.4574 -0.8840
vn 0.1410 -0.8540 0.5008
vn 0.1387 -0.7443 0.6533
vn 0.1339 -0.9466 0.2933
vn 0.1255 -0.9870 0.1004
vn 0.1246 -0.9417 0.3125
vn 0.1029 -0.9882 0.1138
vn 0.1409 -0.8505 0.5067
vn 0.1269 -0.9343 0.3332
vn 0.1039 -0.9866 0.1257
vn 0.1657 -0.7334 0.6593
vn 0.1716 -0.8353 0.5223
vn 0.2047 -0.7172 0.6662
vn 0.1313 -0.9304 0.3422
vn 0.1432 -0.8468 0.5122
vn 0.1176 -0.9839 0.1349
vn 0.0902 -0.2330 0.9683
vn 0.1130 -0.1094 0.9876
vn 0.1308 -0.2380 0.9624
vn 0.1623 -0.1111 0.9805
vn 0.1637 -0.3621 0.9177
vn 0.1988 -0.3555 0.9133
vn 0.1643 -0.2382 0.9572
vn 0.2071 -0.2275 0.9515
vn 0.2626 -0.3412 0.9026
vn 0.2795 -0.2087 0.9372
vn 0.2212 -0.0968 0.9704
vn 0.1023 -0.9366 -0.3352
vn 0.0850 -0.8442 -0.5292
vn 0.0656 -0.7152 -0.6959
vn 0.0477 -0.5673 -0.8221
vn 0.0705 -0.8517 -0.5192
vn 0.0846 -0.9423 -0.3238
vn 0.0275 -0.5773 -0.8161
vn 0.0492 -0.7266 -0.6853
vn 0.0552 -0.8578 -0.5111
vn 0.0778 -0.9466 -0.3130
vn 0.0250 -0.5832 -0.8119
vn 0.0379 -0.7336 -0.6785
vn 0.0752 -0.9507 -0.3007
vn 0.0457 -0.8646 -0.5003
vn 0.0178 -0.5861 -0.8100
vn 0.0271 -0.7336 -0.6791
vn 0.0587 -0.9556 -0.2887
vn 0.0408 -0.8669 -0.4968
vn 0.0264 -0.7337 -0.6789
vn 0.0075 -0.5889 -0.8082
vn 0.0320 -0.3953 -0.9180
vn 0.0142 -0.1826 -0.9831
vn 0.0059 -0.0182 -0.9998
vn 0.0099 0.0438 -0.9990
vn -0.0249 0.0116 -0.9996
vn 0.0085 -0.1853 -0.9827
vn 0.0117 -0.4052 -0.9142
vn 0.0343 0.0050 -0.9994
vn -0.0121 -0.1755 -0.9844
vn 0.0032 -0.4194 -0.9078
vn -0.0284 0.0072 -0.9996
vn -0.0043 -0.0018 -1.0000
vn -0.0091 -0.1668 -0.9859
vn 0.0079 -0.1582 -0.9874
vn 0.0271 0.0250 -0.9993
vn 0.2482 -0.5126 0.8220
vn 0.2079 -0.6502 0.7307
vn 0.3152 -0.6327 0.7073
vn 0.1284 -0.6716 0.7297
vn 0.1672 -0.7655 0.6213
vn 0.2799 -0.3582 0.8907
vn 0.3635 -0.4965 0.7883
vn 0.4471 -0.5977 0.6655
vn 0.5958 -0.4728 0.6492
vn 0.4940 -0.4815 0.7240
vn 0.6314 -0.3706 0.6811
vn 0.5213 -0.3686 0.7697
vn 0.4901 -0.6881 0.5352
vn 0.5524 -0.5725 0.6059
vn 0.6914 -0.4696 0.5490
vn 0.5737 -0.6857 0.4480
vn 0.4824 -0.7946 0.3687
vn 0.6233 -0.6950 0.3583
vn 0.6408 -0.5733 0.5106
vn 0.2554 -0.2033 0.9452
vn 0.4111 -0.2568 0.8747
vn 0.3996 -0.3611 0.8425
vn 0.1752 -0.0999 0.9795
vn 0.4150 -0.1721 0.8934
vn 0.5400 -0.2676 0.7980
vn 0.6559 -0.2743 0.7032
vn 0.5520 -0.1850 0.8131
vn 0.6719 -0.1927 0.7151
vn 0.6835 -0.1216 0.7197
vn 0.5591 -0.1152 0.8210
vn 0.6887 -0.0634 0.7223
vn 0.5613 -0.0497 0.8261
vn 0.5613 0.0014 0.8276
vn 0.6904 -0.0047 0.7234
vn 0.6925 0.0560 0.7192
vn 0.5675 0.0544 0.8216
vn 0.8014 -0.0096 0.5981
vn 0.8035 0.0498 0.5932
vn 0.7583 -0.2819 0.5878
vn 0.7316 -0.3710 0.5719
vn 0.8314 -0.2894 0.4743
vn 0.8026 -0.3806 0.4593
vn 0.7749 -0.2005 0.5994
vn 0.8555 -0.2028 0.4764
vn 0.7849 -0.1276 0.6063
vn 0.8765 -0.1241 0.4652
vn -0.0097 -0.9878 0.1556
vn 0.0529 -0.9437 0.3265
vn -0.0076 -0.9984 -0.0563
vn 0.0417 -0.9977 0.0535
vn -0.2034 -0.9601 -0.1921
vn -0.0824 -0.9846 -0.1540
vn 0.1508 -0.9176 0.3677
vn 0.0919 -0.9735 0.2095
vn 0.0041 -0.9968 -0.0796
vn 0.0886 -0.9951 -0.0433
vn 0.2406 -0.8908 0.3855
vn 0.2076 -0.9484 0.2398
vn 0.1968 -0.9736 0.1156
vn 0.3319 -0.9367 0.1120
vn 0.1520 -0.9880 0.0280
vn 0.2759 -0.9600 0.0468
vn 0.3526 -0.8904 0.2880
vn 0.3390 -0.8592 0.3832
vn 0.4157 -0.7894 0.4517
vn 0.5341 -0.8451 0.0244
vn 0.4177 -0.9076 0.0427
vn 0.3590 -0.9333 -0.0021
vn 0.2121 -0.9772 -0.0091
vn 0.6152 -0.7709 0.1649
vn 0.4666 -0.8766 0.1175
vn 0.5793 -0.8102 0.0895
vn -0.3213 -0.9454 -0.0544
vn -0.3451 -0.9344 0.0881
vn -0.5183 -0.8239 0.2294
vn -0.3258 -0.9407 0.0952
vn -0.1480 -0.9859 0.0780
vn -0.1419 -0.9884 0.0536
vn -0.1495 -0.9834 0.1033
vn -0.1249 -0.9921 0.0153
vn -0.0757 -0.9962 -0.0439
vn 0.0330 -0.9985 0.0441
vn 0.0166 -0.9976 0.0666
vn 0.0996 -0.9950 -0.0092
vn 0.2948 -0.9556 -0.0042
vn 0.1498 -0.9883 -0.0273
vn 0.2502 -0.9681 0.0097
vn 0.0621 -0.9977 0.0258
vn 0.2186 -0.9754 0.0269
vn 0.1900 -0.9811 0.0370
vn 0.4835 -0.8753 0.0119
vn 0.4320 -0.9019 0.0030
vn 0.3983 -0.9172 0.0080
vn 0.3753 -0.9268 0.0142
vn -0.2797 -0.9420 0.1855
vn -0.2722 -0.9435 0.1890
vn -0.1517 -0.9800 0.1287
vn -0.1462 -0.9795 0.1389
vn -0.1039 -0.9877 0.1169
vn -0.1211 -0.9837 0.1328
vn 0.0101 -0.9957 0.0924
vn 0.0054 -0.9954 0.0952
vn -0.1329 -0.9809 0.1423
vn 0.1827 -0.9815 0.0567
vn 0.1728 -0.9837 0.0507
vn 0.0233 -0.9965 0.0804
vn 0.1683 -0.9852 0.0338
vn 0.3243 -0.9459 -0.0072
vn 0.3402 -0.9400 0.0276
vn 0.3304 -0.9436 0.0216
vn -0.2028 -0.9658 0.1615
vn -0.0823 -0.9915 0.1008
vn 0.1171 -0.9888 -0.0930
vn 0.0935 -0.9951 -0.0326
vn 0.2055 -0.9781 -0.0341
vn 0.1848 -0.9828 -0.0026
vn 0.0716 -0.9972 0.0196
vn 0.2212 -0.9721 -0.0781
vn 0.2291 -0.9650 -0.1275
vn 0.3258 -0.9442 -0.0485
vn 0.1731 -0.9847 0.0185
vn 0.3319 -0.9396 -0.0839
vn 0.4645 -0.8815 -0.0849
vn 0.4636 -0.8768 -0.1279
vn 0.4661 -0.8703 -0.1592
vn 0.5876 -0.7915 -0.1682
vn 0.5857 -0.7855 -0.1996
vn 0.5737 -0.7791 -0.2529
vn 0.1362 -0.9767 -0.1657
vn 0.0468 -0.9896 -0.1357
vn 0.2358 -0.9527 -0.1919
vn 0.2311 -0.6628 -0.7123
vn 0.3184 -0.6436 -0.6960
vn 0.1850 -0.7605 -0.6224
vn 0.3545 -0.9075 -0.2252
vn 0.3501 -0.9225 -0.1627
vn 0.2801 -0.8157 -0.5062
vn 0.2069 -0.8353 -0.5093
vn 0.2548 -0.7461 -0.6151
vn 0.4191 -0.6237 -0.6598
vn 0.3493 -0.7269 -0.5913
vn 0.3920 -0.8065 -0.4427
vn 0.4548 -0.8236 -0.3389
vn 0.3326 -0.8647 -0.3763
vn 0.4596 -0.7251 -0.5128
vn 0.5235 -0.6264 -0.5776
vn 0.5548 -0.7666 -0.3232
vn 0.4651 -0.8429 -0.2705
vn 0.6022 -0.6444 -0.4713
vn 0.5356 -0.7429 -0.4015
vn 0.6393 -0.6664 -0.3837
vn 0.6588 -0.5314 -0.5325
vn 0.7140 -0.5456 -0.4388
vn 0.4053 -0.2326 -0.8841
vn 0.3860 -0.3387 -0.8581
vn 0.4095 -0.1264 -0.9035
vn 0.4849 -0.2299 -0.8438
vn 0.4588 -0.3282 -0.8257
vn 0.5027 -0.1297 -0.8547
vn 0.5781 -0.2238 -0.7847
vn 0.5547 -0.3204 -0.7679
vn 0.5917 -0.1273 -0.7961
vn 0.6672 -0.2208 -0.7114
vn 0.6467 -0.3165 -0.6940
vn 0.6800 -0.1267 -0.7222
vn 0.7504 -0.2201 -0.6232
vn 0.7305 -0.3179 -0.6044
vn 0.7630 -0.1250 -0.6342
vn 0.7008 -0.4212 -0.5758
vn 0.7642 -0.4291 -0.4814
vn 0.7989 -0.3192 -0.5098
vn 0.1958 -0.8224 0.5342
vn 0.2275 -0.7003 0.6767
vn 0.1419 -0.9277 0.3453
vn 0.1145 -0.9824 0.1479
vn 0.1661 -0.9212 0.3517
vn 0.2298 -0.8117 0.5370
vn 0.2983 -0.7944 0.5292
vn 0.2766 -0.8971 0.3445
vn 0.4133 -0.8575 0.3065
vn 0.4209 -0.7581 0.4981
vn 0.4889 -0.5696 0.6608
vn 0.7073 -0.4088 0.5767
vn 0.5936 -0.3535 0.7229
vn 0.6286 -0.6610 0.4097
vn 0.6318 -0.7469 0.2073
vn 0.2869 -0.0793 0.9547
vn 0.3733 -0.0734 0.9248
vn 0.3730 -0.1864 0.9089
vn 0.4872 -0.0650 0.8709
vn 0.4764 -0.1586 0.8648
vn 0.5916 -0.1208 0.7972
vn 0.7248 -0.0753 0.6848
vn 0.6112 -0.0404 0.7904
vn 0.8674 -0.0286 0.4967
vn 0.7409 -0.0045 0.6716
vn 0.0459 -0.8632 -0.5027
vn 0.0553 -0.9567 -0.2856
vn 0.0321 -0.7349 -0.6775
vn 0.0200 -0.5860 -0.8101
vn 0.0854 -0.9535 -0.2892
vn 0.1075 -0.9926 -0.0573
vn 0.0556 -0.8640 -0.5004
vn 0.0378 -0.5677 -0.8224
vn 0.0321 -0.7298 -0.6829
vn 0.1719 -0.9835 -0.0558
vn 0.1268 -0.9528 -0.2757
vn 0.0841 -0.8659 -0.4931
vn 0.0745 -0.5429 -0.8365
vn 0.0690 -0.7160 -0.6946
vn 0.2500 -0.9668 -0.0532
vn 0.2126 -0.9442 -0.2514
vn 0.1664 -0.8589 -0.4843
vn 0.1382 -0.6980 -0.7027
vn 0.1505 -0.5084 -0.8479
vn 0.3634 -0.9032 -0.2283
vn 0.3953 -0.9168 -0.0564
vn 0.2848 -0.8506 -0.4420
vn 0.2748 -0.4370 -0.8564
vn 0.2286 -0.6837 -0.6931
vn 0.2013 -0.3344 -0.9207
vn 0.3604 -0.2571 -0.8967
vn 0.0077 -0.1558 -0.9878
vn -0.0078 0.0448 -0.9990
vn -0.0190 0.0260 -0.9995
vn 0.0201 -0.1652 -0.9861
vn 0.0224 -0.0254 -0.9994
vn 0.0813 -0.1819 -0.9800
vn 0.2283 -0.1876 -0.9553
vn 0.2061 -0.0780 -0.9754
vn 0.4251 -0.1475 -0.8931
vn 0.4663 -0.0759 -0.8814
vn 0.1700 -0.0084 -0.9854
vn 0.4809 -0.0181 -0.8766
vn 0.1558 0.0002 -0.9878
vn 0.4885 0.0083 -0.8725
vn 0.7041 -0.5820 0.4068
vn 0.7363 -0.6073 0.2984
vn 0.7632 -0.4775 0.4354
vn 0.8456 -0.4004 0.3531
vn 0.6355 -0.7315 0.2473
vn 0.4994 -0.8464 0.1851
vn 0.7284 -0.6548 0.2016
vn 0.7981 -0.5031 0.3315
vn 0.8790 -0.4121 0.2400
vn 0.8106 -0.5685 0.1409
vn 0.9024 -0.4094 0.1345
vn 0.8093 -0.5389 0.2336
vn 0.7979 -0.5988 0.0694
vn 0.7030 -0.7002 0.1241
vn 0.9022 -0.4250 0.0739
vn 0.9735 -0.2129 0.0835
vn 0.9834 -0.1760 0.0451
vn 0.7644 -0.6441 0.0297
vn 0.8766 -0.4788 0.0486
vn 0.8865 -0.2924 0.3587
vn 0.9244 -0.1784 0.3370
vn 0.9811 -0.1200 0.1516
vn 0.9400 -0.2691 0.2099
vn 0.9555 -0.0801 0.2841
vn 0.9947 -0.0247 0.0997
vn 0.9971 -0.0066 0.0754
vn 0.9978 -0.0207 0.0626
vn 0.9975 -0.0186 0.0686
vn 0.9976 -0.0034 0.0685
vn 0.9978 0.0012 0.0659
vn 0.9973 -0.0690 0.0245
vn 0.9987 -0.0469 0.0174
vn 0.9997 -0.0172 0.0168
vn 0.9974 -0.0591 0.0405
vn 0.9989 -0.0205 0.0429
vn 0.9960 -0.0490 0.0746
vn 0.9959 -0.0288 0.0858
vn 0.9963 -0.0039 0.0854
vn 0.9817 -0.0585 0.1812
vn 0.9813 0.0108 0.1924
vn 0.6392 -0.7687 0.0222
vn 0.6020 -0.7985 0.0070
vn 0.5415 -0.8407 -0.0040
vn 0.5656 -0.8246 -0.0088
vn 0.6757 -0.7357 0.0469
vn 0.7352 -0.6778 0.0103
vn 0.7076 -0.7065 -0.0111
vn 0.6828 -0.7304 -0.0160
vn 0.9775 -0.2019 0.0607
vn 0.9697 -0.2443 0.0027
vn 0.8328 -0.5535 -0.0079
vn 0.8523 -0.5229 0.0108
vn 0.9587 -0.2844 -0.0051
vn 0.9872 -0.0904 0.1316
vn 0.9911 -0.0804 0.1059
vn 0.9870 -0.1483 0.0627
vn 0.9783 -0.1495 0.1431
vn 0.9829 0.0183 0.1831
vn 0.9951 -0.0985 0.0018
vn 0.9964 -0.0827 -0.0186
vn 0.4828 -0.8757 -0.0083
vn 0.4929 -0.8701 0.0050
vn 0.4740 -0.8797 -0.0388
vn 0.6328 -0.7737 -0.0302
vn 0.6512 -0.7588 -0.0126
vn 0.6135 -0.7878 -0.0554
vn 0.7633 -0.6450 -0.0358
vn 0.7820 -0.6230 -0.0190
vn 0.8806 -0.4727 -0.0336
vn 0.8923 -0.4509 -0.0240
vn 0.7474 -0.6608 -0.0681
vn 0.8636 -0.4979 -0.0792
vn 0.9859 -0.1633 0.0366
vn 0.9505 -0.2912 0.1083
vn 0.9945 -0.0908 -0.0524
vn 0.9862 0.1414 -0.0855
vn 0.9932 0.0892 -0.0745
vn 0.9928 -0.1075 -0.0523
vn 0.9017 -0.4315 -0.0255
vn 0.9914 -0.1244 -0.0411
vn 0.9888 -0.1409 -0.0487
vn 0.9905 -0.1244 -0.0585
vn 0.9593 -0.2815 -0.0237
vn 0.9460 -0.3199 -0.0532
vn 0.9950 -0.0877 -0.0475
vn 0.9839 0.1673 -0.0628
vn 0.9894 -0.1427 -0.0286
vn 0.9965 -0.0742 -0.0388
vn 0.9553 -0.2778 -0.1008
vn 0.9783 -0.1973 -0.0632
vn 0.9793 -0.0811 -0.1855
vn 0.9855 -0.0247 -0.1679
vn 0.9887 0.0489 -0.1415
vn 0.9660 0.1368 -0.2196
vn 0.4681 -0.8820 -0.0542
vn 0.3250 -0.9455 -0.0207
vn 0.6859 -0.6863 -0.2417
vn 0.5983 -0.7971 -0.0815
vn 0.7216 -0.6753 -0.1523
vn 0.5916 -0.7971 -0.1208
vn 0.7010 -0.6858 -0.1955
vn 0.8043 -0.5546 -0.2133
vn 0.8268 -0.5383 -0.1633
vn 0.7354 -0.6686 -0.1100
vn 0.8471 -0.5169 -0.1236
vn 0.8815 -0.4147 -0.2257
vn 0.9135 -0.3778 -0.1507
vn 0.9774 -0.1791 -0.1120
vn 0.9450 -0.2592 -0.1995
vn 0.9969 -0.0470 -0.0627
vn 0.9838 -0.1166 -0.1362
vn 0.9995 -0.0039 -0.0320
vn 0.9956 -0.0390 -0.0847
vn 0.9980 -0.0017 -0.0637
vn 0.9999 0.0020 -0.0163
vn 0.9001 -0.3097 -0.3063
vn 0.8518 -0.4307 -0.2982
vn 0.9361 -0.1858 -0.2987
vn 0.9580 -0.0867 -0.2734
vn 0.9541 -0.2885 -0.0806
vn 0.9979 -0.0598 -0.0267
vn 0.9949 -0.1005 -0.0105
vn 0.9872 -0.1361 -0.0832
vn 0.9994 -0.0350 -0.0003
vn 0.6727 -0.6766 -0.2996
vn 0.7536 -0.5570 -0.3491
vn 0.8116 -0.4361 -0.3887
vn 0.8524 -0.3189 -0.4144
vn 0.8790 -0.2139 -0.4261
vn 0.8209 -0.2199 -0.5270
vn 0.8963 -0.1147 -0.4284
vn 0.8339 -0.1226 -0.5382
vn 0.8889 -0.4062 0.2119
vn 0.7940 -0.2110 0.5701
vn 0.9790 -0.0628 0.1939
vn 0.9612 -0.1655 0.2207
vn 0.9393 -0.3415 0.0335
vn 0.6560 -0.7512 0.0731
vn 0.9064 -0.4214 -0.0283
vn 0.9991 -0.0413 0.0076
vn 0.9991 -0.0296 -0.0309
vn 0.9313 -0.3606 0.0507
vn 0.9997 0.0014 -0.0242
vn 0.9993 -0.0265 0.0269
vn 0.9982 -0.0604 -0.0010
vn 0.9980 -0.0597 0.0204
vn 0.8385 -0.1411 0.5263
vn 0.9835 -0.0480 0.1747
vn 0.8696 0.0210 0.4933
vn 0.9832 0.0215 0.1813
vn 0.9880 0.0009 0.1546
vn 0.9987 0.0104 -0.0495
vn 0.9995 -0.0182 -0.0256
vn 0.9996 0.0221 0.0197
vn 0.9996 -0.0004 -0.0283
vn 0.9994 0.0042 0.0340
vn 0.9995 0.0160 0.0288
vn 0.9992 0.0132 -0.0368
vn 0.9989 0.0029 0.0462
vn 0.9985 0.0515 0.0199
vn 0.9997 0.0234 -0.0010
vn 0.9991 -0.0423 0.0002
vn 0.9998 -0.0181 -0.0075
vn 0.6339 -0.7714 -0.0555
vn 0.8423 -0.5253 -0.1211
vn 0.5862 -0.7867 -0.1939
vn 0.8076 -0.2318 -0.5423
vn 0.5997 -0.1580 -0.7845
vn 0.8516 -0.0643 -0.5202
vn 0.9888 -0.1485 -0.0163
vn 0.7777 -0.5735 -0.2573
vn 0.7235 -0.5008 -0.4751
vn 0.9563 -0.2242 -0.1875
vn 0.9832 -0.0346 -0.1790
vn 0.6513 -0.0751 -0.7551
vn 0.6794 -0.0369 -0.7329
vn 0.8750 -0.0092 -0.4841
vn 0.6951 -0.0012 -0.7189
vn 0.8777 0.0134 -0.4789
vn 0.7050 0.0235 -0.7088
vn 0.8776 0.0288 -0.4786
vn 0.9928 0.0084 -0.1195
vn 0.9998 0.0083 0.0169
vn 0.9968 0.0794 0.0064
vn 0.9913 0.0016 -0.1317
vn 0.9995 -0.0117 0.0280
vn 0.9828 -0.0025 -0.1845
vn 0.8694 -0.0245 -0.4934
vn 0.9885 0.0362 -0.1467
vn -0.9956 0.0134 0.0930
vn -0.9965 -0.0198 0.0806
vn -0.9939 0.0209 0.1086
vn -0.9423 -0.0080 0.3347
vn -0.9881 -0.0103 0.1536
vn -0.9417 0.0290 0.3351
vn -0.9305 0.0459 0.3634
vn -0.8957 0.0747 0.4383
vn -0.8255 -0.0309 0.5636
vn -0.8222 -0.0939 0.5613
vn -0.8173 0.0295 0.5754
vn -0.7926 0.0909 0.6029
vn -0.8235 0.2345 0.5166
vn -0.9822 0.0078 0.1879
vn -0.8767 0.3680 0.3098
vn -0.9628 0.1452 0.2281
vn -0.5962 0.4761 0.6464
vn -0.6800 0.3101 0.6644
vn -0.5050 0.6240 0.5964
vn -0.7287 0.4308 0.5324
vn -0.6380 0.5858 0.4998
vn -0.9990 0.0399 0.0208
vn -0.9996 -0.0277 0.0035
vn -0.9996 0.0240 0.0165
vn -0.9998 -0.0189 -0.0083
vn -0.9997 -0.0093 0.0242
vn -0.9986 -0.0385 0.0352
vn -0.9996 0.0231 0.0133
vn -0.9983 0.0578 -0.0043
vn -0.9971 0.0713 -0.0283
vn -0.9978 -0.0623 -0.0241
vn -0.9987 -0.0369 0.0357
vn -0.9990 0.0433 -0.0136
vn -0.9981 0.0280 -0.0552
vn -0.9962 0.0169 -0.0859
vn -0.9977 0.0513 -0.0442
vn -0.9979 0.0641 -0.0037
vn -0.9969 -0.0316 -0.0726
vn -0.9960 -0.0887 -0.0129
vn -0.9903 -0.0431 -0.1323
vn -0.9974 -0.0711 -0.0140
vn -0.9978 0.0652 0.0150
vn -0.9571 0.2714 0.1013
vn -0.9995 0.0318 -0.0002
vn -0.9969 0.0617 0.0487
vn -0.9780 0.2047 0.0403
vn -0.9995 0.0261 0.0197
vn -0.9804 0.1961 0.0193
vn -0.9978 0.0665 0.0027
vn -0.7124 0.6085 0.3495
vn -0.8108 0.5847 0.0259
vn -0.5444 0.7029 0.4577
vn -0.5703 0.7447 0.3468
vn -0.4228 0.8218 0.3820
vn -0.8043 0.5850 0.1041
vn -0.5906 0.8066 0.0224
vn -0.9492 0.0216 -0.3139
vn -0.9465 0.0278 -0.3214
vn -0.9517 0.0316 -0.3054
vn -0.9451 0.0317 -0.3252
vn -0.8171 0.0401 -0.5751
vn -0.8139 0.0466 -0.5792
vn -0.8135 0.0684 -0.5775
vn -0.6590 0.0707 -0.7489
vn -0.9436 0.2881 -0.1633
vn -0.9194 0.1645 -0.3572
vn -0.9842 0.1260 -0.1241
vn -0.8787 0.3411 -0.3339
vn -0.7754 0.6006 -0.1950
vn -0.4691 0.8243 -0.3170
vn -0.7155 0.6280 -0.3061
vn -0.7474 0.2306 -0.6230
vn -0.5463 0.8120 -0.2055
vn -0.3366 0.9134 -0.2288
vn -0.5873 0.6503 -0.4819
vn -0.6812 0.4283 -0.5938
vn -0.3981 0.5618 -0.7252
vn -0.6844 -0.0435 0.7278
vn -0.6710 0.0384 0.7404
vn -0.5339 0.0437 0.8444
vn -0.5424 -0.0483 0.8387
vn -0.3967 -0.0451 0.9169
vn -0.3810 0.0457 0.9234
vn -0.2135 -0.0283 0.9765
vn -0.3549 0.7617 0.5421
vn -0.3060 0.7789 0.5474
vn -0.3183 0.8512 0.4174
vn -0.2697 0.8640 0.4252
vn -0.2322 0.8734 0.4282
vn -0.2913 0.6759 0.6770
vn -0.3248 0.5469 0.7716
vn -0.2334 0.6676 0.7070
vn -0.2616 0.7862 0.5598
vn -0.2117 0.7887 0.5772
vn -0.1819 0.8832 0.4323
vn -0.1452 0.9485 0.2815
vn -0.1521 0.8872 0.4356
vn -0.1175 0.9547 0.2735
vn -0.5878 0.7730 0.2386
vn -0.4313 0.8633 0.2619
vn -0.5940 0.7927 0.1372
vn -0.4216 0.8952 0.1446
vn -0.3785 0.9195 -0.1056
vn -0.1873 0.9485 -0.2553
vn -0.3033 0.9103 0.2818
vn -0.2911 0.9448 0.1505
vn -0.2666 0.9637 0.0152
vn -0.4036 0.9147 0.0220
vn -0.2379 0.9270 0.2899
vn -0.2036 0.9675 0.1502
vn -0.0763 0.9566 -0.2814
vn -0.0018 0.9507 -0.3102
vn -0.0228 0.9050 -0.4249
vn -0.1953 0.9382 0.2857
vn -0.1648 0.9863 0.0032
vn -0.1484 0.9795 0.1362
vn -0.1019 0.9947 -0.0106
vn -0.0542 0.9853 -0.1619
vn 0.0358 0.9428 -0.3313
vn -0.1070 0.9865 0.1240
vn -0.4781 0.1026 -0.8723
vn -0.4619 0.1470 -0.8746
vn -0.6447 0.1080 -0.7568
vn -0.3059 0.1240 -0.9440
vn -0.2874 0.1834 -0.9401
vn -0.1488 0.1368 -0.9794
vn -0.1364 0.2121 -0.9677
vn 0.0014 0.2379 -0.9713
vn 0.1045 0.1349 -0.9853
vn -0.0103 0.1376 -0.9904
vn 0.1203 0.3641 -0.9236
vn 0.0311 0.3434 -0.9387
vn 0.1368 0.4755 -0.8690
vn -0.2714 0.8905 -0.3652
vn -0.2379 0.6311 -0.7383
vn -0.3117 0.4298 -0.8474
vn -0.3742 0.7720 -0.5137
vn -0.1358 0.9077 -0.3970
vn -0.2204 0.8092 -0.5446
vn -0.1482 0.4996 -0.8535
vn -0.1082 0.6747 -0.7301
vn -0.0998 0.8269 -0.5535
vn -0.0076 0.5472 -0.8369
vn -0.0573 0.4241 -0.9038
vn -0.2068 0.3694 -0.9059
vn 0.0240 0.7028 -0.7110
vn 0.0175 0.8295 -0.5582
vn 0.0446 0.8929 -0.4481
vn 0.0776 0.8202 -0.5668
vn 0.0874 0.5825 -0.8081
vn 0.0591 0.4580 -0.8870
vn 0.0968 0.7166 -0.6908
vn 0.1442 0.5980 -0.7884
vn 0.1329 0.7112 -0.6903
vn -0.9932 0.0076 0.1158
vn -1.0000 0.0024 0.0025
vn -0.9980 0.0483 0.0412
vn -0.9984 -0.0429 -0.0358
vn -0.9965 -0.0257 0.0795
vn -0.9994 -0.0090 -0.0341
vn -0.9934 -0.0276 0.1111
vn -0.9991 0.0168 0.0389
vn -0.9975 0.0673 0.0199
vn -0.9994 0.0294 0.0185
vn -0.9999 -0.0167 0.0023
vn -0.9997 -0.0119 -0.0198
vn -0.9276 0.0073 0.3736
vn -0.9229 -0.0076 0.3849
vn -0.9326 -0.0151 0.3605
vn -0.9032 0.0338 0.4278
vn -0.7769 0.0349 0.6287
vn -0.7390 0.1007 0.6661
vn -0.7970 -0.0029 0.6040
vn -0.6443 0.0242 0.7644
vn -0.5475 0.1712 0.8191
vn -0.6039 0.0879 0.7922
vn -0.9878 0.0173 0.1546
vn -0.9795 0.0408 0.1974
vn -0.9434 0.2168 0.2511
vn -0.9985 0.0305 -0.0460
vn -0.9352 0.3537 0.0193
vn -0.9963 0.0782 -0.0357
vn -0.9311 0.3627 -0.0379
vn -0.7240 0.6877 0.0548
vn -0.9092 0.4161 -0.0128
vn -0.8737 0.0792 0.4799
vn -0.5054 0.8361 0.2135
vn -0.7446 0.6670 0.0278
vn -0.4377 0.8010 0.4085
vn -0.3131 0.8010 0.5103
vn -0.5491 0.8285 0.1095
vn -0.3744 0.9048 0.2026
vn -0.9958 0.0920 -0.0014
vn -0.9965 0.0831 0.0044
vn -0.9993 0.0387 -0.0002
vn -0.9994 0.0355 0.0039
vn -0.9991 0.0371 -0.0201
vn -0.9999 0.0129 -0.0022
vn -0.9928 0.1135 -0.0387
vn -0.9976 0.0201 -0.0658
vn -0.9976 0.0660 -0.0230
vn -0.9990 0.0439 -0.0081
vn -0.9987 0.0500 -0.0087
vn -0.9872 0.1577 -0.0253
vn -0.9962 0.0850 -0.0198
vn -0.9627 0.2682 -0.0369
vn -0.8545 0.5174 -0.0464
vn -0.9436 0.3256 -0.0604
vn -0.8291 0.5542 -0.0742
vn -0.9181 0.3916 -0.0614
vn -0.6953 0.7159 -0.0639
vn -0.8035 0.5879 -0.0937
vn -0.6710 0.7350 -0.0981
vn -0.7165 0.6964 -0.0411
vn -0.5571 0.8303 -0.0126
vn -0.5194 0.8506 -0.0821
vn -0.5626 0.8257 0.0411
vn -0.3943 0.9185 0.0305
vn -0.5419 0.8394 -0.0425
vn -0.3775 0.9258 -0.0195
vn -0.9994 0.0338 0.0042
vn -0.9992 0.0029 -0.0398
vn -0.9993 0.0169 -0.0331
vn -0.9994 0.0090 0.0330
vn -0.9827 0.1782 -0.0510
vn -0.9922 0.1242 0.0120
vn -0.9532 0.2975 -0.0545
vn -0.9988 -0.0194 -0.0445
vn -0.9987 -0.0152 -0.0481
vn -0.9971 0.0475 -0.0593
vn -0.9743 0.2079 -0.0865
vn -0.9077 0.4064 -0.1047
vn -0.9948 0.0904 -0.0477
vn -0.9584 0.2650 -0.1060
vn -0.8883 0.4355 -0.1457
vn -0.9276 0.3657 -0.0762
vn -0.8466 0.5224 -0.1013
vn -0.7328 0.6717 -0.1085
vn -0.8240 0.5531 -0.1229
vn -0.7106 0.6915 -0.1297
vn -0.8032 0.5769 -0.1486
vn -0.7549 0.6482 -0.1000
vn -0.6272 0.7723 -0.1009
vn -0.5820 0.8047 -0.1168
vn -0.4729 0.8759 -0.0958
vn -0.6001 0.7924 -0.1093
vn -0.4973 0.8619 -0.0991
vn -0.3219 0.9428 -0.0864
vn -0.4537 0.8860 -0.0957
vn -0.2868 0.9557 -0.0658
vn -0.2987 0.9509 -0.0814
vn -0.4409 0.8923 -0.0969
vn -0.9750 0.1626 -0.1514
vn -0.9949 0.0414 -0.0922
vn -0.9999 -0.0063 -0.0079
vn -0.9299 0.3169 -0.1866
vn -0.8714 0.4548 -0.1839
vn -0.9555 0.0816 -0.2836
vn -0.9416 0.2008 -0.2705
vn -0.9124 0.3243 -0.2498
vn -0.8594 0.4578 -0.2278
vn -0.9205 -0.0143 -0.3905
vn -0.9199 0.0841 -0.3830
vn -0.9115 0.1890 -0.3653
vn -0.8886 0.3139 -0.3344
vn -0.7904 0.5880 -0.1718
vn -0.6889 0.7087 -0.1522
vn -0.7844 0.5871 -0.2002
vn -0.8457 0.4449 -0.2946
vn -0.6904 0.7041 -0.1658
vn -0.7818 0.5723 -0.2476
vn -0.5738 0.8102 -0.1198
vn -0.5732 0.8098 -0.1254
vn -0.5848 0.8013 -0.1258
vn -0.6969 0.6891 -0.1983
vn -0.5890 0.7926 -0.1577
vn -0.4476 0.8899 -0.0874
vn -0.4352 0.8954 -0.0944
vn -0.2900 0.9551 -0.0607
vn -0.4639 0.8816 -0.0872
vn -0.3263 0.9441 -0.0459
vn -0.7821 -0.0107 -0.6231
vn -0.8650 -0.0142 -0.5015
vn -0.8668 0.0817 -0.4918
vn -0.6836 0.0680 -0.7267
vn -0.6796 -0.0049 -0.7336
vn -0.7849 0.0757 -0.6149
vn -0.6858 0.1507 -0.7120
vn -0.7863 0.1660 -0.5951
vn -0.6896 0.2319 -0.6860
vn -0.7825 0.2624 -0.5647
vn -0.5615 0.0650 -0.8249
vn -0.5572 -0.0030 -0.8304
vn -0.5626 0.1395 -0.8149
vn -0.5662 0.2054 -0.7983
vn -0.4112 0.0032 -0.9116
vn -0.4193 0.1235 -0.8994
vn -0.4107 0.0655 -0.9094
vn -0.4285 0.1898 -0.8834
vn -0.7706 0.5425 -0.3346
vn -0.6463 0.5895 -0.4845
vn -0.6624 0.6468 -0.3779
vn -0.5364 0.7374 -0.4105
vn -0.4431 0.8503 -0.2840
vn -0.3897 0.8315 -0.3959
vn -0.5165 0.5524 -0.6542
vn -0.5583 0.4088 -0.7219
vn -0.6875 0.4498 -0.5701
vn -0.4563 0.6917 -0.5598
vn -0.4568 0.8672 -0.1981
vn -0.3360 0.9265 -0.1693
vn -0.3412 0.5636 -0.7523
vn -0.3849 0.3980 -0.8327
vn -0.1994 0.0400 0.9791
vn -0.1840 0.6668 0.7221
vn -0.1706 0.7879 0.5917
vn -0.1254 0.8886 0.4412
vn -0.1179 0.7873 0.6052
vn -0.1431 0.7866 0.6006
vn -0.0970 0.7871 0.6091
vn -0.0957 0.8909 0.4441
vn -0.0721 0.9601 0.2701
vn -0.0695 0.9591 0.2744
vn -0.0796 0.8876 0.4537
vn -0.0876 0.8905 0.4465
vn -0.0850 0.7825 0.6168
vn -0.0646 0.7764 0.6269
vn 0.2784 0.3557 -0.8922
vn 0.2991 0.2289 -0.9264
vn 0.2589 0.3607 -0.8960
vn 0.2641 0.2418 -0.9337
vn 0.2519 0.4623 -0.8502
vn 0.2475 0.4762 -0.8438
vn 0.3326 0.2116 -0.9190
vn 0.2950 0.3304 -0.8966
vn 0.2522 0.4469 -0.8583
vn -0.0279 0.9986 -0.0460
vn -0.0602 0.9978 -0.0294
vn -0.0724 0.9907 0.1155
vn 0.0591 0.9376 -0.3427
vn 0.1165 0.8654 -0.4873
vn 0.0995 0.8747 -0.4744
vn -0.0973 0.9590 0.2663
vn -0.0562 0.9933 0.1008
vn 0.0176 0.9797 -0.1997
vn 0.0271 0.9772 -0.2107
vn 0.1537 0.7767 -0.6108
vn 0.1531 0.7832 -0.6026
vn -0.0471 0.9947 0.0913
vn -0.0111 0.9984 -0.0562
vn 0.1865 0.6866 -0.7027
vn 0.1808 0.6948 -0.6961
vn -0.0463 0.9946 0.0934
vn -0.0119 0.9977 -0.0674
vn 0.0270 0.9758 -0.2168
vn 0.1820 0.6782 -0.7120
vn 0.2181 0.5741 -0.7892
vn 0.2174 0.5882 -0.7790
vn 0.1439 0.7690 -0.6228
vn -0.0196 0.9969 -0.0761
vn 0.2157 0.5583 -0.8011
vn 0.1701 0.6641 -0.7280
vn 0.1252 0.7616 -0.6358
vn 0.1036 0.8516 -0.5138
vn 0.1855 0.1363 -0.9732
vn 0.1793 0.4865 -0.8551
vn 0.1791 0.3697 -0.9117
vn 0.2401 0.1344 -0.9614
vn 0.2314 0.3625 -0.9028
vn 0.2371 0.2474 -0.9395
vn 0.1861 0.2517 -0.9497
vn 0.2179 0.4874 -0.8455
vn 0.2835 0.1178 -0.9517
vn 0.2016 0.5988 -0.7751
vn 0.1806 0.6004 -0.7790
vn 0.1692 0.7004 -0.6934
vn 0.1410 0.7917 -0.5944
vn -0.6517 -0.0329 0.7577
vn -0.4862 -0.0385 0.8730
vn -0.4757 0.0533 0.8780
vn -0.4408 0.1404 0.8866
vn -0.3238 0.0686 0.9436
vn -0.3089 0.1728 0.9353
vn -0.3857 0.2318 0.8930
vn -0.2708 0.2796 0.9212
vn -0.2166 0.0835 0.9727
vn -0.1882 0.1951 0.9626
vn -0.1526 0.3127 0.9375
vn -0.1131 0.4333 0.8941
vn -0.2070 0.3942 0.8954
vn -0.1458 -0.0197 0.9891
vn -0.1388 0.1020 0.9851
vn -0.1192 0.2188 0.9685
vn -0.0875 0.1066 0.9904
vn -0.0921 0.2328 0.9681
vn -0.3377 0.8799 0.3341
vn -0.2128 0.8859 0.4121
vn -0.1125 0.8787 0.4639
vn -0.2329 0.9326 0.2758
vn -0.1927 0.7963 0.5734
vn -0.2050 0.6504 0.7314
vn -0.1030 0.7827 0.6138
vn -0.0803 0.5516 0.8303
vn -0.1387 0.5238 0.8404
vn -0.0604 0.6673 0.7423
vn -0.1025 0.6619 0.7426
vn -0.0426 0.7746 0.6310
vn -0.0285 0.8679 0.4960
vn -0.1128 0.9394 0.3237
vn -0.0316 0.6736 0.7384
vn -0.0187 0.9355 0.3529
vn 0.0315 0.9300 0.3663
vn -0.0473 0.5652 0.8236
vn -0.0392 0.6799 0.7323
vn -0.0234 0.7809 0.6242
vn -0.0145 0.7760 0.6306
vn -0.3944 0.9129 0.1048
vn -0.2427 0.9560 0.1649
vn -0.2348 0.9694 0.0709
vn -0.0993 0.9731 0.2081
vn -0.1358 0.9887 -0.0642
vn -0.1675 0.9851 -0.0392
vn 0.0510 0.9977 -0.0449
vn 0.0059 0.9994 -0.0347
vn 0.1791 0.9826 -0.0494
vn 0.0008 0.9742 0.2256
vn 0.0643 0.9721 0.2254
vn 0.3282 0.9390 -0.1027
vn 0.2534 0.9663 -0.0458
vn 0.1025 0.9741 0.2017
vn 0.2213 0.9749 -0.0247
vn 0.3898 0.8941 -0.2204
vn -0.1198 0.9910 -0.0589
vn 0.0743 0.9969 -0.0274
vn -0.1253 0.9921 -0.0111
vn -0.1094 0.9938 -0.0183
vn 0.0388 0.9975 0.0595
vn 0.2854 0.9584 0.0092
vn 0.0714 0.9968 0.0360
vn 0.1870 0.9710 0.1487
vn 0.2449 0.9636 0.1073
vn 0.2780 0.9585 0.0640
vn 0.4021 0.8906 0.2125
vn 0.3126 0.9143 0.2577
vn -0.3058 0.9511 -0.0436
vn -0.3391 0.9362 -0.0923
vn -0.2149 0.9651 -0.1494
vn -0.1931 0.9812 0.0012
vn -0.0686 0.9962 0.0542
vn -0.2140 0.9754 -0.0532
vn -0.1006 0.9948 -0.0132
vn -0.1087 0.9854 -0.1308
vn 0.0414 0.9923 0.1171
vn -0.0019 0.9996 0.0273
vn 0.1209 0.9731 0.1960
vn 0.0618 0.9957 0.0691
vn -0.0179 0.9940 -0.1078
vn -0.1981 0.0770 -0.9772
vn -0.1531 0.0531 -0.9868
vn -0.2521 0.1593 -0.9545
vn -0.0565 0.0264 -0.9981
vn -0.0345 0.0320 -0.9989
vn -0.1078 0.1096 -0.9881
vn 0.0065 -0.0060 -1.0000
vn 0.0188 0.0267 -0.9995
vn -0.0295 0.0782 -0.9965
vn 0.0348 0.0085 -0.9994
vn 0.0095 -0.0307 -0.9995
vn 0.0004 0.0796 -0.9968
vn -0.0370 -0.0186 -0.9991
vn -0.0254 -0.0215 -0.9994
vn 0.0035 0.0967 -0.9953
vn 0.0102 0.3580 -0.9337
vn -0.3313 0.7490 -0.5739
vn -0.2128 0.7881 -0.5776
vn -0.2057 0.6030 -0.7708
vn -0.2336 0.4106 -0.8814
vn -0.2622 0.8713 -0.4147
vn -0.1469 0.8913 -0.4290
vn -0.0903 0.7960 -0.5985
vn -0.0250 0.7947 -0.6065
vn -0.0514 0.8980 -0.4371
vn 0.0042 0.8007 -0.5990
vn 0.0080 0.6657 -0.7462
vn -0.0147 0.6518 -0.7583
vn -0.0078 0.9000 -0.4359
vn 0.0029 0.9045 -0.4265
vn 0.0113 0.8048 -0.5934
vn -0.0609 0.6412 0.7649
vn -0.0230 0.6212 0.7833
vn -0.0523 0.9937 0.0992
vn -0.0683 0.9577 0.2794
vn -0.0584 0.9924 0.1086
vn -0.0648 0.9540 0.2928
vn -0.0653 0.8819 0.4669
vn -0.0673 0.9473 0.3131
vn -0.0656 0.9904 0.1217
vn -0.0567 0.8699 0.4899
vn -0.0535 0.8545 0.5167
vn -0.0411 0.7629 0.6452
vn -0.0386 0.8383 0.5438
vn -0.0604 0.9395 0.3371
vn -0.0374 0.7385 0.6733
vn -0.0276 0.7121 0.7015
vn -0.0541 0.9293 0.3653
vn -0.0263 0.9150 0.4025
vn 0.3524 0.1845 -0.9175
vn 0.3084 0.2977 -0.9035
vn 0.2618 0.4248 -0.8666
vn 0.3302 0.2689 -0.9048
vn 0.3913 0.1327 -0.9107
vn 0.2786 0.3912 -0.8771
vn 0.3485 0.3212 -0.8806
vn 0.4867 0.1758 -0.8557
vn 0.4179 0.2139 -0.8830
vn 0.5369 0.0601 -0.8415
vn 0.2133 0.5393 -0.8146
vn 0.1639 0.6453 -0.7462
vn -0.0319 0.9965 -0.0766
vn -0.0439 0.9964 -0.0720
vn -0.0003 0.9701 -0.2427
vn 0.1420 0.6235 -0.7688
vn 0.2113 0.5112 -0.8331
vn -0.0544 0.9964 -0.0657
vn 0.0770 0.7298 -0.6793
vn 0.0464 0.7098 -0.7029
vn 0.1278 0.5875 -0.7991
vn -0.0711 0.9868 0.1452
vn 0.2730 0.3775 -0.8849
vn 0.2292 0.4611 -0.8573
vn 0.0062 0.6715 -0.7409
vn 0.1292 0.5236 -0.8421
vn -0.0770 0.9956 -0.0530
vn -0.0964 0.9951 -0.0235
vn -0.0759 0.1088 0.9912
vn -0.0725 0.2373 0.9687
vn -0.0767 0.3599 0.9298
vn -0.0821 0.3545 0.9314
vn -0.0875 0.4748 0.8757
vn -0.0642 0.4685 0.8811
vn -0.0956 0.1170 0.9885
vn -0.1496 0.1218 0.9812
vn -0.0929 0.5832 0.8070
vn -0.0493 0.5754 0.8164
vn -0.0808 0.6875 0.7217
vn -0.0525 0.7903 0.6104
vn -0.1424 0.5863 0.7975
vn -0.1331 0.7009 0.7007
vn -0.1336 0.4701 0.8724
vn -0.2045 0.4690 0.8592
vn -0.2081 0.5906 0.7797
vn -0.2020 0.7118 0.6727
vn -0.1092 0.8052 0.5829
vn -0.0746 0.8908 0.4483
vn -0.1376 0.9036 0.4057
vn -0.0291 0.9581 0.2849
vn -0.3083 0.4746 0.8244
vn -0.2912 0.7185 0.6316
vn -0.3033 0.5966 0.7430
vn -0.2571 0.8284 0.4977
vn -0.1805 0.8179 0.5463
vn -0.2016 0.9144 0.3512
vn -0.0841 0.9665 0.2426
vn -0.4000 0.4695 0.7871
vn 0.0175 0.0119 -0.9998
vn 0.8075 0.0417 0.5883
vn 0.0475 0.9324 0.3583
vn 0.0209 0.9450 0.3265
vn 0.2641 0.9592 -0.1013
vn 0.2160 0.9549 -0.2039
vn 0.3107 0.8718 -0.3788
vn 0.5575 0.7926 -0.2470
vn 0.4402 0.6998 -0.5626
vn 0.0784 0.9849 0.1543
vn 0.0197 0.9941 0.1068
vn 0.1560 0.8664 -0.4744
vn 0.1276 0.7143 -0.6882
vn -0.0310 0.9974 0.0643
vn 0.1258 0.9504 -0.2843
vn 0.0593 0.9431 -0.3272
vn 0.0827 0.8559 -0.5106
vn 0.0201 0.9910 -0.1322
vn 0.0218 0.9351 -0.3537
vn 0.0420 0.8455 -0.5323
vn -0.0542 0.1347 -0.9894
vn -0.0822 0.0841 -0.9931
vn 0.9648 0.1930 0.1788
vn 0.9168 0.0035 0.3993
vn 0.2521 -0.0446 0.9667
vn 0.8730 0.4852 0.0496
vn 0.4951 0.1288 0.8592
vn 0.6340 0.3101 0.7085
vn 0.2771 0.0026 0.9608
vn 0.1569 0.1349 0.9784
vn 0.3315 0.0948 0.9387
vn 0.4739 0.3921 0.7885
vn 0.4166 0.2344 0.8784
vn 0.2397 0.4053 0.8822
vn 0.2037 0.2703 0.9410
vn 0.4945 0.5376 0.6830
vn 0.2578 0.5531 0.7922
vn -0.3636 0.0753 -0.9285
vn 0.0289 0.2784 -0.9600
vn -0.2878 0.1543 -0.9452
vn -0.4195 0.0100 -0.9077
vn 0.0079 0.4317 -0.9020
vn -0.1261 0.3342 -0.9340
vn -0.1485 0.0249 -0.9886
vn -0.0959 0.1481 -0.9843
vn -0.0389 0.2841 -0.9580
vn -0.0199 0.0070 -0.9998
vn 0.0292 0.3246 -0.9454
vn -0.0090 0.1947 -0.9808
vn 0.0574 0.4574 -0.8874
vn 0.4713 0.8691 0.1498
vn 0.5291 0.7772 0.3406
vn 0.4130 0.8228 0.3905
vn 0.8569 0.5152 -0.0173
vn 0.2310 0.4575 -0.8587
vn 0.6533 0.3324 0.6803
vn 0.6318 0.7236 0.2779
vn 0.6840 0.7294 0.0126
vn 0.7079 0.5249 0.4725
vn 0.6622 0.4754 0.5792
vn 0.6226 0.6276 0.4675
vn 0.4791 0.6903 0.5421
vn 0.2547 0.7220 0.6433
vn 0.1234 0.7908 0.5994
vn 0.2301 0.8748 0.4264
vn 0.0565 0.5809 -0.8120
vn 0.0205 0.5244 -0.8512
vn 0.1182 0.0132 0.9929
vn 0.0168 0.2624 0.9648
vn 0.0485 0.3892 0.9199
vn 0.0064 0.0201 0.9998
vn 0.0355 0.2724 0.9615
vn 0.0453 0.4046 0.9134
vn 0.0836 0.5180 0.8513
vn 0.0351 0.0245 0.9991
vn 0.0557 0.0247 0.9981
vn 0.0586 0.4079 0.9111
vn 0.0619 0.5215 0.8510
vn 0.0550 0.5246 0.8496
vn 0.2177 0.9386 0.2676
vn 0.1289 0.9513 0.2799
vn 0.0705 0.9910 0.1134
vn 0.0369 0.9961 -0.0798
vn 0.0524 0.9875 0.1488
vn 0.0421 0.9977 -0.0532
vn 0.0260 0.9991 -0.0348
vn 0.1103 0.7743 0.6231
vn 0.1049 0.8721 0.4780
vn 0.0823 0.9441 0.3192
vn 0.0396 0.9852 0.1669
vn 0.0249 0.9994 -0.0252
vn 0.0588 0.9419 0.3307
vn 0.0336 0.9391 0.3421
vn 0.0285 0.9858 0.1653
vn 0.0321 0.9375 0.3465
vn 0.0163 0.9869 0.1605
vn 0.0245 0.9995 -0.0198
vn 0.0059 0.1121 -0.9937
vn 0.0197 -0.0134 -0.9997
vn 0.0081 0.3759 -0.9266
vn 0.0244 -0.0036 -0.9997
vn -0.0167 -0.0166 -0.9997
vn -0.0097 0.1222 -0.9925
vn 0.0086 -0.0330 -0.9994
vn -0.0078 0.3937 -0.9192
vn 0.0194 -0.0122 -0.9997
vn -0.0141 -0.0395 -0.9991
vn -0.0070 0.1264 -0.9920
vn -0.0122 0.3999 -0.9165
vn 0.0201 -0.0412 -0.9989
vn 0.0074 0.1255 -0.9921
vn -0.0052 0.3942 -0.9190
vn 0.0087 0.1119 -0.9937
vn -0.0097 0.3894 -0.9210
vn 0.0245 0.9106 -0.4126
vn 0.0170 0.8117 -0.5839
vn 0.0204 0.6770 -0.7357
vn 0.0153 0.8248 -0.5652
vn 0.0298 0.9158 -0.4005
vn 0.0033 0.8315 -0.5556
vn 0.0047 0.9205 -0.3907
vn -0.0131 0.9223 -0.3861
vn -0.0125 0.8301 -0.5575
vn -0.0190 0.9213 -0.3885
vn 0.1944 0.0613 0.9790
vn 0.1961 0.0008 0.9806
vn 0.1382 0.0663 0.9882
vn 0.1480 0.0286 0.9886
vn 0.0084 0.0345 0.9994
vn 0.0114 0.0111 0.9999
vn -0.0054 -0.0004 1.0000
vn 0.0972 0.6553 0.7491
vn 0.0206 0.6869 0.7265
vn 0.0699 0.7938 0.6042
vn 0.0040 0.8189 0.5739
vn 0.0283 0.8952 0.4447
vn -0.0650 0.9730 0.2215
vn -0.0218 0.9619 0.2724
vn 0.0890 0.8715 0.4823
vn 0.1815 0.5097 0.8410
vn 0.1622 0.6428 0.7487
vn 0.1669 0.8479 0.5032
vn 0.2086 0.7424 0.6366
vn 0.2611 0.8232 0.5042
vn 0.0481 0.1334 0.9899
vn 0.1968 0.3709 0.9076
vn 0.3604 0.7892 0.4974
vn 0.2168 0.9041 0.3683
vn 0.5300 -0.0478 -0.8467
vn 0.3540 0.1088 -0.9289
vn 0.4504 0.0146 -0.8927
vn -0.0739 0.9809 0.1799
vn -0.1148 0.9697 -0.2157
vn -0.1059 0.9940 0.0256
vn 0.1717 0.2829 -0.9437
vn 0.0054 0.4582 -0.8889
vn -0.1078 0.6308 -0.7684
vn -0.1406 0.9741 -0.1768
vn -0.0772 0.9934 0.0850
vn -0.1599 0.7912 -0.5903
vn -0.1606 0.9104 -0.3814
vn -0.2739 0.8107 -0.5175
vn -0.2021 0.9285 -0.3117
vn -0.3035 0.8812 -0.3623
vn -0.1785 0.9629 -0.2025
vn -0.2020 0.9552 -0.2164
vn -0.0847 0.9918 -0.0957
vn 0.0532 0.9984 -0.0171
vn 0.8456 -0.1150 -0.5212
vn 0.0232 -0.0729 -0.9971
vn -0.5441 0.0030 0.8390
vn -0.8464 0.0480 0.5303
vn -0.7017 0.1979 0.6844
vn -0.7519 0.1405 0.6442
vn -0.4424 -0.1422 -0.8854
vn -0.5769 0.0636 0.8143
vn -0.6954 0.0407 0.7174
vn -0.6147 0.1424 0.7758
vn -0.6809 0.2541 0.6869
vn -0.7901 0.3792 0.4817
vn -0.7669 0.2281 0.5999
vn -0.7944 0.3114 0.5214
vn 0.1893 0.0919 -0.9776
vn 0.5006 -0.0862 -0.8614
vn -0.1239 0.3406 -0.9320
vn -0.3381 0.5931 -0.7307
vn -0.7823 0.4829 -0.3935
vn -0.7142 0.0643 -0.6970
vn -0.7992 0.5665 -0.2011
vn -0.7818 0.6020 -0.1626
vn -0.6755 0.3229 0.6629
vn -0.7052 0.4368 0.5585
vn -0.7303 0.5655 0.3832
vn -0.7333 0.4291 0.5274
vn -0.7368 0.5676 0.3675
vn -0.4675 0.7465 -0.4734
vn -0.6614 0.7285 0.1784
vn -0.7722 0.5160 0.3707
vn -0.7268 0.6317 0.2696
vn -0.6545 0.7365 0.1707
vn -0.6905 0.6864 0.2283
vn -0.7941 0.4462 0.4127
vn -0.7661 0.5593 0.3166
vn -0.3520 0.8979 -0.2643
vn -0.4799 0.8773 0.0052
vn -0.5912 0.8002 0.1007
vn -0.9004 0.1565 0.4059
vn -0.8942 0.2656 0.3604
vn -0.9324 0.1569 0.3256
vn -0.8693 0.3781 0.3184
vn -0.9136 0.2699 0.3042
vn -0.8833 0.3745 0.2819
vn -0.8348 0.4825 0.2652
vn -0.8599 0.4446 0.2508
vn -0.9258 0.3226 0.1972
vn -0.7763 0.0494 0.6284
vn -0.8021 0.1363 0.5815
vn -0.8300 0.2390 0.5040
vn -0.8312 0.3647 0.4196
vn -0.8227 0.4920 0.2848
vn -0.7674 0.5934 0.2426
vn -0.7624 0.5957 0.2528
vn -0.6884 0.6937 0.2117
vn -0.6874 0.6951 0.2105
vn -0.5859 0.7934 0.1647
vn -0.5969 0.7859 0.1618
vn -0.7070 0.6694 0.2280
vn -0.4903 0.8651 0.1063
vn -0.5516 0.8089 0.2037
vn -0.4290 0.8949 0.1228
vn -0.5278 0.8457 0.0784
vn -0.5497 0.8312 0.0833
vn -0.3991 0.9166 0.0248
vn -0.5068 0.8557 0.1040
vn -0.3856 0.9216 0.0447
vn -0.3722 0.1301 0.9190
vn -0.3817 0.1492 0.9122
vn -0.8693 0.0235 0.4938
vn -0.3794 0.3584 0.8530
vn -0.7741 0.3500 0.5275
vn -0.2539 0.9245 0.2842
vn -0.4093 0.5936 0.6929
vn -0.7160 0.4642 0.5213
vn -0.0998 0.9946 -0.0299
vn -0.1711 0.9755 0.1381
vn -0.1064 0.9913 -0.0772
vn -0.2877 0.9365 0.2005
vn -0.4295 0.8570 0.2849
vn -0.2636 0.9590 0.1036
vn -0.1854 0.9802 0.0701
vn -0.1711 0.9852 -0.0050
vn -0.3622 0.9200 0.1497
vn -0.1837 0.9827 0.0216
vn -0.1073 0.9917 -0.0715
vn -0.3145 0.9480 0.0491
vn -0.2593 0.9641 0.0574
vn -0.1451 0.9893 -0.0176
vn -0.0799 0.9955 -0.0510
vn -0.0178 0.9925 -0.1212
vn -0.0395 0.9813 -0.1884
vn 0.0330 0.9739 -0.2247
vn 0.1684 -0.1201 -0.9784
vn 0.2577 -0.0131 -0.9661
vn 0.2345 0.2135 -0.9484
vn 0.1750 0.2179 -0.9602
vn 0.2211 0.3282 -0.9184
vn 0.1544 0.3385 -0.9282
vn 0.1996 0.4581 -0.8662
vn 0.3380 -0.0170 -0.9410
vn 0.2915 0.3225 -0.9006
vn 0.3132 0.2053 -0.9272
vn 0.2604 0.4438 -0.8575
vn -0.0747 0.9971 0.0168
vn -0.0164 0.9851 -0.1710
vn -0.0004 0.9247 -0.3808
vn -0.0473 0.9772 -0.2071
vn -0.0409 0.9697 -0.2409
vn 0.0163 0.9132 -0.4072
vn 0.0415 0.8358 -0.5475
vn 0.0463 0.9016 -0.4301
vn -0.0832 0.9874 -0.1344
vn 0.0235 0.9485 -0.3160
vn -0.0088 0.9605 -0.2781
vn 0.1066 0.7068 -0.6993
vn 0.0942 0.8088 -0.5804
vn 0.1382 0.6969 -0.7037
vn 0.1664 0.6857 -0.7086
vn 0.0808 0.8896 -0.4495
vn 0.1319 0.8746 -0.4665
vn 0.1278 0.7976 -0.5895
vn 0.0901 -0.0056 -0.9959
vn 0.0896 0.3456 -0.9341
vn 0.0905 0.2152 -0.9724
vn 0.0852 0.4624 -0.8826
vn 0.1630 -0.0098 -0.9866
vn 0.1309 0.4622 -0.8771
vn 0.0981 0.0264 0.9948
vn 0.0624 0.2791 0.9582
vn 0.0754 0.4011 0.9129
vn 0.0604 0.5253 0.8488
vn 0.1546 0.0288 0.9876
vn 0.0914 0.2827 0.9548
vn 0.1118 0.3980 0.9106
vn 0.0951 0.5273 0.8444
vn 0.1257 0.2831 0.9508
vn 0.1674 0.2813 0.9449
vn 0.1542 0.4053 0.9011
vn 0.2237 0.0320 0.9741
vn 0.2420 0.2773 0.9298
vn 0.2064 0.4062 0.8901
vn 0.1403 0.5265 0.8385
vn 0.0538 0.7580 0.6500
vn 0.0467 0.8570 0.5132
vn 0.0556 0.7582 0.6497
vn 0.0074 0.9852 0.1714
vn 0.0041 0.9999 -0.0164
vn -0.0192 0.9997 -0.0170
vn 0.0597 0.7580 0.6495
vn 0.0491 0.8585 0.5104
vn 0.0378 0.9364 0.3488
vn -0.0008 0.9834 0.1817
vn -0.0220 0.9996 -0.0195
vn 0.0186 0.9352 0.3537
vn 0.0014 0.9346 0.3558
vn -0.0075 0.9853 0.1706
vn 0.0189 0.9355 0.3527
vn -0.0097 0.9876 0.1564
vn -0.0146 0.9996 -0.0238
vn -0.0327 -0.0173 -0.9993
vn 0.0058 -0.0259 -0.9996
vn -0.1807 0.0013 -0.9835
vn -0.0852 -0.0884 -0.9924
vn 0.0053 0.1122 -0.9937
vn -0.0994 0.0699 -0.9926
vn -0.0063 0.3697 -0.9291
vn 0.0432 0.0093 -0.9990
vn 0.0069 -0.1246 -0.9922
vn 0.0843 -0.0176 -0.9963
vn 0.1577 0.0043 -0.9875
vn -0.0168 0.0845 -0.9963
vn -0.0217 0.1040 -0.9943
vn -0.0381 0.3285 -0.9437
vn 0.0070 0.0114 -0.9999
vn -0.0458 -0.0063 -0.9989
vn -0.0481 -0.0469 -0.9977
vn -0.0103 0.0711 -0.9974
vn -0.0057 0.3149 -0.9491
vn -0.0344 0.5185 -0.8544
vn -0.0278 0.9200 -0.3910
vn -0.0246 0.8296 -0.5579
vn -0.0359 0.8289 -0.5582
vn -0.0445 0.8258 -0.5622
vn -0.0376 0.9186 -0.3935
vn -0.0459 0.8184 -0.5728
vn -0.0474 0.9134 -0.4044
vn -0.0527 0.9029 -0.4265
vn 0.0999 0.0082 0.9950
vn 0.1094 0.0262 0.9937
vn 0.0559 0.0266 0.9981
vn 0.2963 0.2567 0.9200
vn 0.1490 0.1854 0.9713
vn 0.4159 0.0420 0.9085
vn 0.4003 0.0024 0.9164
vn 0.1509 0.0647 0.9864
vn 0.4295 0.1213 0.8949
vn 0.4307 0.1928 0.8817
vn 0.5697 0.1230 0.8126
vn 0.6929 0.1181 0.7113
vn 0.5655 0.1922 0.8020
vn 0.6865 0.1851 0.7032
vn 0.6737 0.2590 0.6921
vn 0.5563 0.2684 0.7864
vn 0.6538 0.3437 0.6741
vn 0.5387 0.3555 0.7638
vn 0.7775 0.2449 0.5792
vn 0.7565 0.3300 0.5646
vn 0.7995 0.1079 0.5909
vn 0.8950 0.0878 0.4374
vn 0.8992 0.0382 0.4359
vn 0.7910 0.1721 0.5870
vn 0.8835 0.1469 0.4447
vn 0.3029 0.7163 0.6286
vn 0.4119 0.6867 0.5990
vn 0.3116 0.8709 0.3801
vn 0.3989 0.8333 0.3829
vn 0.2524 0.6106 0.7506
vn 0.2882 0.4871 0.8244
vn 0.3893 0.4682 0.7932
vn 0.3507 0.5895 0.7277
vn 0.5110 0.4561 0.7286
vn 0.4651 0.5754 0.6728
vn 0.5285 0.6476 0.5489
vn 0.4661 0.7372 0.4892
vn 0.4873 0.7939 0.3637
vn 0.6237 0.4473 0.6411
vn 0.7217 0.4330 0.5400
vn 0.6745 0.5348 0.5090
vn 0.7506 0.5258 0.4001
vn 0.8007 0.4166 0.4306
vn 0.2415 0.9609 0.1355
vn 0.1139 0.9885 0.0992
vn 0.2764 0.9259 0.2574
vn 0.3833 0.8848 0.2650
vn 0.5028 0.8188 0.2768
vn 0.2746 0.9610 -0.0335
vn 0.3151 0.9488 0.0209
vn 0.4489 0.8936 -0.0029
vn 0.5010 0.8568 0.1223
vn 0.6218 0.7673 0.1570
vn 0.6161 0.7822 0.0925
vn 0.4752 0.8777 0.0617
vn 0.6117 0.7272 0.3115
vn 0.6235 0.7488 0.2250
vn 0.7309 0.6569 0.1852
vn -0.4622 0.8756 -0.1401
vn -0.2537 0.9636 -0.0841
vn -0.4412 0.8974 -0.0019
vn -0.2176 0.9681 -0.1238
vn -0.0291 0.9931 -0.1140
vn 0.0742 0.9943 -0.0761
vn 0.0168 0.9945 -0.1030
vn 0.2311 0.9697 -0.0790
vn 0.4255 0.9029 -0.0602
vn 0.3552 0.9271 -0.1197
vn 0.5416 0.8333 -0.1109
vn 0.3310 0.9349 -0.1281
vn -0.4147 0.9099 0.0050
vn -0.2586 0.9646 -0.0524
vn -0.2326 0.9724 -0.0175
vn -0.0722 0.9934 -0.0888
vn -0.2491 0.9680 -0.0288
vn -0.0776 0.9936 -0.0823
vn -0.0691 0.9950 -0.0720
vn -0.2155 0.9764 -0.0143
vn 0.1151 0.9862 -0.1187
vn 0.1048 0.9885 -0.1092
vn -0.0583 0.9963 -0.0634
vn 0.1307 0.9849 -0.1134
vn 0.3103 0.9411 -0.1347
vn 0.2931 0.9472 -0.1297
vn 0.1027 0.9896 -0.1006
vn 0.2824 0.9508 -0.1270
vn -0.1867 0.9824 -0.0097
vn -0.0009 0.9969 -0.0785
vn 0.0407 0.9931 -0.1101
vn 0.0857 0.9834 -0.1598
vn -0.0303 0.9978 -0.0588
vn 0.1737 0.9732 -0.1505
vn 0.2017 0.9606 -0.1911
vn 0.1345 0.9856 -0.1026
vn 0.1518 0.9812 -0.1192
vn 0.3166 0.9318 -0.1774
vn 0.2867 0.9477 -0.1400
vn 0.3034 0.9410 -0.1499
vn 0.4628 0.8642 -0.1975
vn 0.5944 0.7727 -0.2225
vn 0.4666 0.8517 -0.2386
vn 0.4089 -0.0208 -0.9123
vn 0.3751 0.3089 -0.8740
vn 0.4017 0.1940 -0.8950
vn 0.3373 0.4261 -0.8394
vn 0.5084 -0.0255 -0.8608
vn 0.4558 0.2924 -0.8407
vn 0.4790 0.1841 -0.8583
vn 0.4186 0.4069 -0.8119
vn 0.5954 -0.0304 -0.8028
vn 0.5453 0.2788 -0.7905
vn 0.5725 0.1733 -0.8014
vn 0.6845 -0.0338 -0.7282
vn 0.6379 0.2636 -0.7236
vn 0.6648 0.1609 -0.7295
vn 0.6003 0.3694 -0.7094
vn 0.5068 0.3868 -0.7704
vn 0.7677 -0.0352 -0.6398
vn 0.8394 -0.0327 -0.5425
vn 0.7636 0.0542 -0.6434
vn 0.8394 0.0550 -0.5408
vn 0.7506 0.1531 -0.6428
vn 0.8301 0.1517 -0.5366
vn 0.7801 0.3660 -0.5074
vn 0.8096 0.2591 -0.5267
vn 0.6988 0.3623 -0.6168
vn 0.1808 0.7882 -0.5882
vn 0.2503 0.7710 -0.5856
vn 0.2298 0.6759 -0.7002
vn 0.1937 0.8558 -0.4796
vn 0.2706 0.8372 -0.4752
vn 0.3738 0.5281 -0.7625
vn 0.4496 0.5108 -0.7328
vn 0.3158 0.6595 -0.6821
vn 0.3793 0.6357 -0.6723
vn 0.2499 0.9002 -0.3567
vn 0.3605 0.8162 -0.4515
vn 0.4497 0.7816 -0.4323
vn 0.4522 0.8214 -0.3477
vn 0.3505 0.8702 -0.3462
vn 0.3452 0.8986 -0.2708
vn 0.4638 0.8404 -0.2805
vn 0.5850 0.7557 -0.2944
vn 0.5639 0.7299 -0.3864
vn 0.5455 0.4907 -0.6795
vn 0.6498 0.4803 -0.5892
vn 0.4708 0.6166 -0.6309
vn 0.5815 0.6058 -0.5431
vn 0.7330 0.4820 -0.4800
vn 0.6558 0.6136 -0.4398
vn 0.2825 0.0350 0.9586
vn 0.3610 0.0398 0.9317
vn 0.2774 0.3821 0.8815
vn 0.1693 0.5176 0.8387
vn 0.2132 0.4989 0.8400
vn 0.4806 0.0453 0.8757
vn 0.3312 0.2669 0.9050
vn 0.3661 0.3442 0.8646
vn 0.2956 0.4702 0.8316
vn 0.4203 0.2466 0.8732
vn 0.5371 0.2164 0.8153
vn 0.4823 0.3058 0.8209
vn 0.6109 0.0481 0.7902
vn 0.6793 0.1767 0.7123
vn 0.6282 0.2610 0.7330
vn 0.4058 0.4245 0.8094
vn 0.7424 0.0488 0.6682
vn 0.8293 0.1308 0.5433
vn 0.7843 0.1921 0.5900
vn 0.5526 0.3541 0.7545
vn 0.1122 0.7386 0.6647
vn 0.0531 0.8492 0.5253
vn 0.0896 0.7459 0.6600
vn -0.0046 0.9870 0.1609
vn -0.0277 0.9991 -0.0311
vn -0.0398 0.9983 -0.0434
vn 0.1604 0.7270 0.6676
vn 0.0757 0.8499 0.5215
vn 0.0429 0.9354 0.3510
vn 0.0093 0.9864 0.1643
vn -0.0191 0.9981 -0.0591
vn 0.0433 0.9344 0.3536
vn 0.0760 0.9351 0.3462
vn 0.0481 0.9880 0.1470
vn 0.2094 0.7074 0.6751
vn 0.1328 0.8385 0.5285
vn 0.2951 0.6778 0.6735
vn 0.1591 0.9334 0.3216
vn 0.2066 0.8338 0.5119
vn 0.3413 0.8211 0.4575
vn 0.4762 0.6246 0.6189
vn 0.1199 0.9851 0.1237
vn 0.2329 0.9675 0.0982
vn -0.0751 -0.0136 -0.9971
vn -0.0601 -0.0420 -0.9973
vn -0.0266 -0.0025 -0.9996
vn -0.0263 0.4954 -0.8683
vn -0.0119 0.2757 -0.9612
vn 0.0366 0.0203 -0.9991
vn 0.0021 -0.0486 -0.9988
vn 0.0421 0.0135 -0.9990
vn -0.0069 0.4695 -0.8829
vn -0.0020 0.2566 -0.9665
vn 0.0228 0.0155 -0.9996
vn 0.0239 -0.0157 -0.9996
vn 0.0027 0.0065 -1.0000
vn 0.0777 0.2592 -0.9627
vn 0.0542 0.4227 -0.9046
vn 0.1521 0.0025 -0.9884
vn 0.1811 0.0475 -0.9823
vn 0.2362 0.2442 -0.9405
vn 0.1743 0.3564 -0.9179
vn 0.5046 0.0753 -0.8601
vn 0.2307 0.1307 -0.9642
vn 0.4732 0.1376 -0.8702
vn 0.4233 0.1962 -0.8845
vn -0.0562 0.8909 -0.4508
vn -0.0488 0.8045 -0.5919
vn -0.0574 0.7826 -0.6199
vn -0.0528 0.7458 -0.6641
vn -0.0352 0.6046 -0.7957
vn -0.0392 0.6543 -0.7552
vn -0.0353 0.9624 -0.2694
vn -0.0128 0.9590 -0.2832
vn -0.0489 0.8795 -0.4734
vn -0.0163 0.7217 -0.6920
vn 0.0039 0.5627 -0.8266
vn 0.0642 0.9548 -0.2903
vn -0.0190 0.8684 -0.4955
vn 0.0499 0.8591 -0.5093
vn 0.1029 0.5171 -0.8497
vn 0.1536 0.8551 -0.4953
vn 0.1842 0.6838 -0.7061
vn 0.2798 0.4540 -0.8459
vn 0.0609 0.7025 -0.7091
vn 0.9775 0.0181 0.2104
vn 0.9739 0.0539 0.2205
vn 0.9968 0.0200 0.0773
vn 0.9636 0.0853 0.2534
vn 0.9951 0.0305 0.0937
vn 0.9393 0.1664 0.3002
vn 0.9889 0.0871 0.1204
vn 0.9909 0.1226 0.0553
vn 0.9638 0.2059 0.1693
vn 0.9966 0.0491 0.0666
vn 0.9981 0.0189 0.0586
vn 0.9988 0.0366 0.0322
vn 0.9970 0.0661 0.0402
vn 0.9991 0.0361 0.0234
vn 0.9989 0.0419 0.0200
vn 0.9820 0.0924 0.1647
vn 0.9950 0.0981 0.0178
vn 0.8566 0.4037 0.3213
vn 0.7968 0.5255 0.2982
vn 0.6870 0.6322 0.3583
vn 0.7201 0.6413 0.2648
vn 0.8259 0.5253 0.2048
vn 0.9036 0.3758 0.2055
vn 0.9428 0.3194 0.0959
vn 0.8525 0.5103 0.1133
vn 0.7529 0.6573 0.0343
vn 0.8727 0.4868 0.0369
vn 0.9964 0.0847 -0.0105
vn 0.9753 0.2210 0.0005
vn 0.9664 0.2567 0.0151
vn 0.8803 0.4743 0.0022
vn 0.9785 0.1542 0.1366
vn 0.9862 0.1348 0.0963
vn 0.9886 0.1503 0.0094
vn 0.9964 0.0849 -0.0063
vn 0.9715 0.2299 0.0578
vn 0.9938 0.1110 -0.0054
vn 0.9907 0.1335 -0.0264
vn 0.9919 0.1273 0.0052
vn 0.5691 0.8187 -0.0769
vn 0.7227 0.6888 -0.0565
vn 0.7038 0.7035 -0.0985
vn 0.5185 0.8448 -0.1323
vn 0.7447 0.6673 -0.0151
vn 0.9752 0.2202 -0.0215
vn 0.8774 0.4782 -0.0382
vn 0.8616 0.5016 -0.0781
vn 0.6852 0.7176 -0.1246
vn 0.9510 0.3069 -0.0365
vn 0.9659 0.2556 -0.0409
vn 0.8359 0.5407 -0.0945
vn 0.9571 0.2766 -0.0870
vn 0.9517 0.2810 -0.1233
vn 0.9893 0.1379 -0.0473
vn 0.9788 0.1861 -0.0852
vn 0.9981 0.0588 -0.0160
vn 0.9998 0.0193 -0.0107
vn 0.9895 0.1433 -0.0211
vn 0.9701 0.2366 -0.0549
vn 0.9935 0.1135 -0.0121
vn 0.9996 0.0256 -0.0114
vn 0.9841 0.1721 -0.0440
vn 0.9957 0.0397 -0.0840
vn 0.9846 0.1287 -0.1188
vn 0.9968 0.0549 -0.0580
vn 0.9955 0.0888 -0.0317
vn 0.9983 0.0516 -0.0257
vn 0.9960 0.0727 -0.0511
vn 0.9779 0.1997 -0.0623
vn 0.9684 0.2348 -0.0842
vn 0.4965 0.8576 -0.1339
vn 0.4745 0.8695 -0.1372
vn 0.4619 0.8753 -0.1432
vn 0.2780 0.9511 -0.1349
vn 0.4530 0.8784 -0.1521
vn 0.6482 0.7505 -0.1288
vn 0.6259 0.7667 -0.1428
vn 0.6677 0.7337 -0.1260
vn 0.8105 0.5758 -0.1077
vn 0.7745 0.6205 -0.1231
vn 0.9277 0.3679 -0.0632
vn 0.9087 0.4093 -0.0819
vn 0.7927 0.5996 -0.1096
vn 0.8783 0.4603 -0.1295
vn 0.8960 0.4329 -0.0987
vn 0.7542 0.6369 -0.1598
vn 0.9967 0.0186 -0.0793
vn 1.0000 0.0053 -0.0079
vn 0.9846 0.1552 -0.0810
vn 0.9993 0.0328 -0.0161
vn 0.9864 0.0865 -0.1399
vn 0.9217 0.3544 -0.1579
vn 0.9513 0.2277 -0.2080
vn 0.9949 0.0963 -0.0306
vn 0.9994 0.0270 -0.0207
vn 0.9519 0.2923 -0.0921
vn 0.4535 0.8731 -0.1788
vn 0.5966 0.7789 -0.1931
vn 0.6130 0.7734 -0.1619
vn 0.4469 0.8789 -0.1668
vn 0.6065 0.7752 -0.1765
vn 0.7271 0.6576 -0.1971
vn 0.7390 0.6514 -0.1719
vn 0.9044 -0.0232 -0.4261
vn 0.9040 0.0604 -0.4233
vn 0.8933 0.1518 -0.4230
vn 0.8312 0.3765 -0.4091
vn 0.7798 0.4978 -0.3795
vn 0.6970 0.6341 -0.3349
vn 0.8627 0.0448 0.5037
vn 0.9778 0.0340 0.2065
vn 0.9331 0.0951 0.3469
vn 0.9563 0.0743 0.2826
vn 0.7149 0.2585 0.6497
vn 0.8890 0.1293 0.4393
vn 0.9998 0.0180 0.0104
vn 0.9952 0.0355 0.0911
vn 0.9977 0.0169 0.0662
vn 0.9992 -0.0400 0.0082
vn 0.9924 0.0080 0.1229
vn 0.9987 0.0133 0.0501
vn 0.9993 0.0041 0.0369
vn 1.0000 0.0056 -0.0042
vn 0.9992 -0.0385 0.0110
vn 0.9990 0.0119 0.0441
vn 1.0000 0.0001 -0.0090
vn 0.9993 -0.0361 0.0120
vn 0.9998 -0.0155 -0.0120
vn 0.9991 0.0421 -0.0041
vn 0.5202 0.7679 0.3737
vn 0.2729 0.9199 0.2817
vn 0.4226 0.8785 0.2230
vn 0.3849 0.9213 0.0547
vn 0.2096 0.9741 -0.0848
vn 0.6761 0.5465 0.4942
vn 0.7206 0.6557 0.2254
vn 0.8804 0.3998 0.2549
vn 0.5797 0.7990 0.1600
vn 0.5849 0.8108 0.0200
vn 0.3667 0.9254 -0.0957
vn 0.9997 0.0217 0.0083
vn 0.9729 0.1203 0.1975
vn 0.9658 0.2578 0.0271
vn 0.9996 0.0245 -0.0143
vn 0.9631 0.2655 -0.0441
vn 0.7870 0.6162 0.0304
vn 0.7082 0.0384 -0.7050
vn 0.5031 0.0260 -0.8638
vn 0.7025 0.0605 -0.7091
vn 0.5920 0.2108 -0.7779
vn 0.6494 0.1312 -0.7490
vn 0.3644 0.2874 -0.8858
vn 0.8750 0.0465 -0.4820
vn 0.6855 0.0924 -0.7221
vn 0.8690 0.0619 -0.4910
vn 0.8580 0.0747 -0.5083
vn 0.9977 -0.0638 0.0233
vn 0.9832 -0.0084 -0.1823
vn 0.8776 0.0366 -0.4780
vn 0.9754 0.0319 -0.2181
vn 0.9758 0.0679 -0.2078
vn 0.9790 0.0437 -0.1990
vn 0.9730 0.0290 -0.2290
vn 0.8288 0.1139 -0.5479
vn 0.1835 0.9414 -0.2828
vn 0.3342 0.9073 -0.2553
vn 0.3168 0.8340 -0.4518
vn 0.5128 0.3675 -0.7759
vn 0.5013 0.7661 -0.4021
vn 0.6246 0.5271 -0.5763
vn 0.7590 0.2525 -0.6001
vn 0.3967 0.6286 -0.6690
vn 0.9499 0.1097 -0.2928
vn 0.8616 0.3789 -0.3379
vn 0.6837 0.6612 -0.3087
vn 0.8671 0.3854 -0.3155
vn 0.8912 0.3836 -0.2421
vn 0.9125 0.2582 -0.3173
vn 0.9439 0.1383 -0.3000
vn 0.1031 0.5074 0.8555
vn -0.1038 0.3079 -0.9457
vn -0.2570 0.2637 -0.9297
vn -0.0384 -0.2038 -0.9783
vn -0.0794 -0.1151 -0.9902
vn -0.2462 -0.0801 -0.9659
vn 0.1521 0.0144 0.9883
vn 0.2667 0.0031 0.9638
vn 0.1097 -0.0327 0.9934
vn -0.8684 0.1086 0.4839
vn -0.7528 -0.0519 0.6562
vn -0.5904 0.0660 0.8044
vn 0.0715 0.1301 0.9889
vn 0.0978 -0.1203 0.9879
vn 0.0976 -0.1379 0.9856
vn 0.3044 0.3703 0.8776
vn 0.2357 0.1346 0.9625
vn -0.0122 -0.0205 0.9997
vn -0.0394 -0.0259 0.9989
vn 0.1029 -0.0035 0.9947
vn 0.1180 -0.0561 0.9914
vn 0.1079 0.2533 -0.9614
vn 0.0936 -0.2549 -0.9624
vn 0.0456 -0.1483 -0.9879
vn 0.9997 0.0007 -0.0263
vn 0.7080 0.6523 -0.2705
vn 0.3118 0.7475 -0.5865
vn -0.5831 0.2189 -0.7824
vn -0.5125 0.3327 -0.7916
vn 0.3410 0.0942 -0.9353
vn 0.3127 0.0994 -0.9446
vn 0.3101 -0.3654 -0.8777
vn 0.2915 -0.3739 -0.8805
vn -0.3193 0.3593 0.8769
vn -0.0675 0.4531 0.8889
vn -0.0920 0.3360 0.9373
vn -0.1377 -0.1428 0.9801
vn -0.1187 -0.2614 0.9579
vn -0.3337 0.8412 0.4256
vn -0.8641 0.4944 -0.0941
vn -0.8852 0.4572 -0.0858
vn -0.9801 0.1976 -0.0170
vn 0.9983 -0.0558 0.0193
vn 0.9998 0.0161 0.0087
vn 0.9954 0.0156 -0.0940
vn 1.0000 0.0001 0.0001
vn 0.2636 -0.7401 0.6187
vn 0.3808 -0.7097 0.5926
vn -0.0784 0.8003 -0.5945
vn -0.0652 0.2796 0.9579
vn -0.0146 0.0022 0.9999
vn -0.0509 0.2208 0.9740
vn -0.0235 -0.0247 0.9994
vn 0.0029 -0.0101 0.9999
vn -0.0591 -0.1045 0.9928
vn -0.9917 0.1276 -0.0148
vn -0.8807 0.4719 -0.0403
vn -0.0484 0.4746 0.8789
vn -0.0368 0.1760 0.9837
vn -0.0607 -0.2390 -0.9691
vn -0.0275 -0.3976 -0.9171
vn -0.1345 -0.0340 -0.9903
vn 0.0015 -0.0158 -0.9999
vn -0.1353 0.0121 -0.9907
vn 0.9718 -0.2343 0.0277
vn 0.9936 -0.1081 -0.0335
vn 0.9953 -0.0943 0.0213
vn 0.9659 0.2499 -0.0672
vn 0.9710 0.2381 -0.0221
vn -0.9988 0.0485 -0.0053
vn -0.0282 0.4899 -0.8713
vn -0.0617 0.6341 -0.7708
vn -0.4521 -0.8115 0.3702
vn 0.3039 0.5634 0.7683
vn -0.0059 -0.0014 -1.0000
vn 0.0905 -0.3810 -0.9201
vn 0.0402 0.0688 -0.9968
vn -0.8185 0.4159 -0.3963
vn -0.8460 0.2907 -0.4469
vn -0.8558 -0.1198 -0.5033
vn -0.8870 -0.2343 -0.3980
vn -0.7886 0.6074 -0.0956
vn -0.9704 0.2329 -0.0648
vn 0.1238 0.5834 -0.8027
vn 0.0761 0.5810 -0.8103
vn 0.1396 -0.5860 -0.7982
vn 0.1711 0.1016 -0.9800
vn 0.0886 0.0924 -0.9918
vn 0.1151 -0.7090 -0.6957
vn 0.0996 -0.5846 -0.8052
vn 0.3940 0.0773 -0.9158
vn 0.3350 -0.3469 -0.8760
vn 0.0640 0.7157 -0.6954
vn -0.6986 0.7021 -0.1382
vn -0.9984 0.0523 0.0217
vn -0.9744 0.2199 -0.0469
vn -0.9988 -0.0018 0.0484
vn -0.9978 -0.0581 0.0308
vn -0.9999 -0.0042 0.0159
vn -0.9997 -0.0230 0.0021
vn -1.0000 -0.0056 0.0041
vn -0.9982 -0.0594 -0.0018
vn -0.9941 0.0944 0.0530
vn -0.9867 -0.1451 -0.0732
vn -0.9998 -0.0169 -0.0109
vn -0.0430 0.6900 -0.7226
vn -0.0337 0.5418 -0.8398
vn -0.0392 0.7018 -0.7113
vn -0.0112 0.7091 -0.7050
vn -0.0120 0.5752 -0.8180
vn 0.0078 0.7069 -0.7073
vn -0.0039 0.5645 -0.8254
vn 0.0024 0.7012 -0.7129
vn 0.0012 0.5175 -0.8557
vn 0.5447 -0.0209 0.8384
vn 0.2839 -0.0419 0.9579
vn 0.5503 0.1426 0.8227
vn -0.0358 0.5514 -0.8335
vn -0.0368 0.7113 -0.7019
vn 0.4870 0.0559 0.8716
vn -0.9973 0.0719 0.0157
vn -0.9960 -0.0542 -0.0708
vn -0.9992 -0.0283 -0.0267
vn 0.1150 -0.0445 0.9924
vn -0.1220 -0.1120 0.9862
vn -0.1372 -0.2061 0.9689
vn -0.3849 0.3001 -0.8728
vn -0.4325 0.2143 -0.8758
vn 0.1055 0.6511 0.7517
vn 0.0745 0.7648 0.6400
vn 0.1554 -0.6041 0.7816
vn 0.1289 -0.6194 0.7744
vn 0.0776 0.6489 0.7569
vn 0.0720 0.7533 0.6537
vn 0.0754 0.6439 0.7614
vn 0.1283 -0.6271 0.7683
vn 0.1087 0.6431 0.7581
vn 0.2250 -0.5958 0.7710
vn 0.2664 -0.5756 0.7732
vn 0.1855 -0.6058 0.7737
vn -0.8406 -0.5362 -0.0768
vn 0.1088 0.7479 -0.6548
vn -0.1166 0.3564 0.9270
vn -0.1019 0.2393 0.9656
vn -0.1093 -0.2394 0.9647
vn 0.9897 -0.1208 0.0763
vn 0.9956 -0.0840 0.0418
vn 0.9303 -0.3665 0.0147
vn -0.9998 0.0159 0.0152
vn -0.9993 0.0147 0.0358
vn -0.9995 -0.0310 0.0086
vn -0.9958 0.0825 0.0400
vn -0.9983 0.0313 0.0494
vn -0.0037 -0.0519 0.9986
vn -0.0241 -0.2168 0.9759
vn 0.0440 -0.0649 0.9969
vn 0.0221 -0.1680 0.9855
vn -0.1654 -0.3857 -0.9077
vn 0.9965 0.0028 -0.0830
vn 0.9986 0.0439 -0.0279
vn 0.0389 -0.4152 -0.9089
vn 0.0930 -0.5427 -0.8348
vn -0.0506 -0.3263 -0.9439
vn -0.1421 0.0715 -0.9873
vn -0.3929 0.0262 -0.9192
vn -0.3914 0.7228 0.5695
vn -0.0485 0.3311 -0.9423
vn -0.0962 0.4465 -0.8896
vn -0.1902 0.3514 0.9167
vn -0.1658 0.2332 0.9582
vn -0.1970 -0.2316 0.9527
vn -0.0578 -0.0554 0.9968
vn 0.0636 0.1641 0.9844
vn 0.0560 0.8397 -0.5401
vn 0.4331 0.4892 0.7571
vn 0.5597 -0.2114 0.8013
vn 0.5061 -0.3233 0.7996
vn 0.7039 -0.1544 0.6933
vn 0.4241 -0.4637 0.7779
vn 0.6667 -0.2362 0.7069
vn 0.5829 0.1356 0.8012
vn 0.7199 0.1025 0.6865
vn -0.7169 -0.6832 -0.1388
vn -0.9995 0.0219 0.0225
vn -0.8196 -0.5659 -0.0895
vn -0.9544 -0.2914 -0.0652
vn 0.1176 -0.8004 -0.5878
vn 0.1628 -0.6849 -0.7102
vn 0.1275 -0.4834 -0.8661
vn -0.0597 0.1908 0.9798
vn 0.0599 -0.4386 -0.8967
vn 0.0815 -0.5717 -0.8164
vn 0.5585 0.7181 0.4152
vn 0.6229 0.6282 0.4662
vn -0.7563 0.1678 0.6323
vn -0.6977 0.0916 0.7105
vn -0.6586 0.0465 0.7511
vn -0.7764 -0.1878 0.6016
vn 0.0098 0.0603 -0.9981
vn 0.5152 0.7068 -0.4848
vn 0.0246 0.8318 -0.5546
vn 0.0125 -0.2347 -0.9720
vn -0.6875 0.6711 -0.2774
vn -0.5729 0.7858 -0.2331
vn 0.0947 -0.7128 -0.6949
vn 0.4574 0.1556 0.8755
vn 0.5801 0.5550 0.5962
vn 0.0938 0.8473 0.5227
vn 0.5043 -0.7858 -0.3579
vn 0.2488 -0.8878 -0.3873
vn 0.1697 -0.9078 -0.3835
vn 0.1400 -0.8530 -0.5029
vn 0.0898 -0.9924 -0.0837
vn 0.0914 -0.9916 -0.0913
vn 0.3417 -0.9324 -0.1180
vn 0.1244 -0.9833 -0.1328
vn 0.0926 -0.9914 -0.0921
vn 0.5532 0.8285 -0.0875
vn 0.7627 0.6429 -0.0708
vn 0.2645 -0.9547 0.1366
vn -0.0699 -0.9774 -0.1993
vn 0.1124 0.9806 0.1607
vn 0.0870 0.8744 0.4774
vn -0.0164 0.9971 0.0744
vn -0.1588 0.9873 0.0067
vn -0.3118 0.9102 -0.2728
vn 0.1117 -0.8851 -0.4517
vn 0.1860 0.9759 -0.1138
vn -0.1410 0.9796 -0.1430
vn -0.0361 0.9940 -0.1036
vn 0.1363 0.9903 -0.0272
vn 0.1942 0.9801 0.0409
vn -0.0469 0.6785 -0.7331
vn 0.4959 0.8678 0.0327
vn 0.4406 0.8928 -0.0935
vn -0.0223 -0.0148 -0.9996
vn 0.0450 0.0054 -0.9990
vn 0.0120 0.0005 -0.9999
vn 0.0357 -0.8951 0.4445
vn -0.0918 -0.9955 0.0217
vn -0.1141 0.9048 -0.4103
vn 0.0615 -0.9537 0.2945
vn 0.0738 0.9938 -0.0832
vn -0.0172 0.9611 -0.2758
vn 0.0158 0.9680 -0.2505
vn -0.0424 0.9990 0.0163
vn -0.0769 0.9916 0.1044
vn 0.1006 0.9949 0.0119
vn 0.0391 0.9925 0.1155
vn -0.2061 0.9785 0.0016
vn 0.0187 -0.4089 -0.9124
vn 0.0059 -0.4265 -0.9045
vn -0.0468 -0.0072 -0.9989
vn 0.0020 -0.4326 -0.9016
vn 0.1511 -0.9759 -0.1572
vn 0.1650 -0.9699 -0.1790
vn 0.6110 0.7914 0.0190
vn 0.0141 0.9754 -0.2201
vn 0.0029 0.9780 -0.2086
vn -0.1907 0.9424 -0.2747
vn 0.1016 0.0148 -0.9947
vn 0.0408 -0.0206 -0.9990
vn 0.0071 0.1099 -0.9939
vn -0.0284 0.3375 -0.9409
vn 0.0418 0.9475 0.3170
vn 0.0889 -0.7940 0.6014
vn 0.1162 -0.8674 0.4839
vn -0.0854 -0.9848 -0.1514
vn -0.0817 -0.9965 -0.0194
vn -0.1005 -0.9916 -0.0815
vn -0.3057 -0.8256 -0.4743
vn -0.4709 -0.7811 -0.4101
vn -0.1569 -0.9173 0.3658
vn 0.5952 0.8025 -0.0416
vn 0.0718 0.9795 0.1884
vn 0.1236 0.9298 0.3468
vn 0.1653 0.9591 0.2300
vn -0.2100 -0.9334 -0.2909
vn -0.4449 0.6078 0.6578
vn 0.3622 -0.9116 0.1941
vn 0.2044 -0.9126 0.3541
vn 0.0388 0.8593 0.5101
vn 0.0556 0.8629 0.5023
vn 0.0191 0.9976 -0.0661
vn 0.0338 0.8539 0.5193
vn 0.5940 0.7640 -0.2518
vn 0.4665 -0.8595 -0.2090
vn 0.0863 0.7293 -0.6787
vn 0.0368 -0.9974 0.0622
vn 0.0294 -0.9730 -0.2290
vn 0.0735 -0.9811 -0.1788
vn -0.4093 -0.8539 0.3213
vn 0.0530 -0.9974 0.0478
vn 0.0655 0.8231 -0.5641
vn 0.4102 -0.9055 0.1083
vn 0.1898 -0.9693 0.1565
vn 0.1522 0.9215 -0.3572
vn 0.1219 0.9616 -0.2457
vn 0.0803 0.9357 -0.3436
vn -0.2147 -0.9617 0.1706
vn 0.1754 0.9837 0.0403
vn 0.1388 0.9901 -0.0227
vn 0.1480 -0.9530 -0.2642
vn 0.2424 -0.9300 -0.2763
vn -0.0325 0.9759 -0.2156
vn -0.0366 0.9739 -0.2241
vn -0.0093 0.9802 -0.1976
vn 0.0900 0.9934 -0.0707
vn -0.0451 0.9721 -0.2304
vn 0.0298 0.9740 -0.2246
vn 0.1059 -0.9887 -0.1063
vn 0.0422 -0.8958 -0.4424
vn 0.0569 -0.8961 -0.4402
vn 0.0172 -0.9663 -0.2567
vn -0.0159 0.8192 -0.5733
vn -0.0593 0.9068 -0.4173
vn 0.0153 0.9136 -0.4063
vn 0.0428 0.9185 -0.3930
vn -0.0009 0.5501 -0.8351
vn -0.0112 0.9101 -0.4142
vn 0.0167 0.5346 -0.8449
vn -0.0036 0.3439 -0.9390
vn 0.1124 0.8585 -0.5003
vn 0.0680 0.9262 -0.3707
vn -0.0083 0.9831 -0.1831
vn -0.2293 0.9659 -0.1201
vn -0.1241 0.9824 -0.1393
vn -0.4201 0.7514 0.5088
vn -0.7671 0.6125 0.1908
vn -0.0123 -0.0463 -0.9989
vn 0.0573 -0.3462 0.9364
vn 0.0702 -0.3644 0.9286
vn 0.0965 -0.4907 0.8660
vn -0.0424 -0.9945 -0.0961
vn -0.1076 -0.9904 0.0863
vn -0.1263 -0.9880 0.0893
vn 0.0768 -0.7900 -0.6083
vn -0.3661 -0.9026 0.2265
vn -0.0039 0.0064 -1.0000
vn 0.0209 -0.0157 -0.9997
vn -0.0072 0.0252 -0.9997
vn 0.0081 0.1367 0.9906
vn 0.0331 0.1393 0.9897
vn 0.0144 0.0092 -0.9999
vn 0.0024 0.0086 -1.0000
vn -0.0628 -0.9966 -0.0527
vn -0.0300 -0.9950 -0.0951
vn -0.2074 -0.9422 0.2633
vn -0.5178 -0.8538 -0.0544
vn 0.0872 -0.8970 -0.4333
vn -0.5713 0.8144 -0.1016
vn -0.1570 -0.9835 0.0898
vn 0.3603 -0.9210 0.1481
vn 0.3912 0.9152 -0.0969
vn 0.7437 0.6600 0.1062
vn 0.3493 0.9331 0.0857
vn 0.3532 -0.9355 0.0114
vn 0.2277 -0.9723 0.0536
vn 0.0718 -0.9972 -0.0188
vn -0.1145 -0.9912 -0.0669
vn -0.6691 0.7254 -0.1616
vn 0.1336 0.7678 0.6266
vn -0.7329 0.6802 -0.0157
vn 0.1616 -0.4893 0.8570
vn 0.1528 -0.6170 0.7720
vn 0.1940 -0.4831 0.8538
vn 0.1199 -0.9882 0.0954
vn 0.1206 -0.9827 0.1408
vn -0.1386 0.9710 0.1946
vn -0.0208 0.8787 0.4769
vn 0.0573 0.6419 0.7647
vn -0.6590 0.7180 0.2241
vn 0.1116 -0.4991 0.8594
vn 0.0197 -0.9540 0.2993
vn -0.2042 0.9789 -0.0117
vn -0.0471 0.9975 -0.0531
vn -0.3474 0.9370 0.0378
vn -0.3649 0.9299 0.0462
vn 0.1524 0.9814 -0.1167
vn -0.2568 0.9642 -0.0665
vn 0.5091 0.8386 0.1938
vn -0.0328 0.5558 -0.8307
vn 0.1301 0.6299 0.7657
vn 0.0639 0.9227 -0.3803
vn 0.0864 0.8464 -0.5255
vn 0.2424 -0.4706 0.8484
vn 0.3479 -0.3114 0.8843
vn 0.3086 -0.4432 0.8416
vn 0.1830 -0.9820 0.0471
vn -0.5362 -0.8012 0.2658
vn -0.6136 -0.7583 0.2202
vn -0.1420 -0.9864 -0.0827
vn 0.1043 0.8066 -0.5818
vn 0.1404 0.1669 0.9759
vn 0.1985 0.1573 0.9674
vn 0.2684 0.1473 0.9520
vn 0.2081 -0.8397 0.5016
vn 0.3081 -0.8036 0.5092
vn -0.2839 0.9566 -0.0660
vn -0.1687 -0.9616 0.2164
vn -0.3064 -0.9387 0.1582
vn -0.1097 0.9934 -0.0330
vn -0.3512 0.9345 -0.0577
vn -0.4768 -0.8755 0.0782
vn 0.3506 -0.8880 -0.2975
vn 0.1206 -0.8060 -0.5795
vn 0.3298 0.9188 -0.2169
vn 0.2278 0.9387 -0.2586
vn -0.4713 0.8760 0.1020
vn 0.0069 0.8682 0.4961
vn 0.1351 -0.9778 0.1602
vn 0.0107 -0.9958 0.0912
vn 0.1322 -0.8946 -0.4268
vn 0.1061 -0.7769 -0.6206
vn -0.0314 0.7114 -0.7021
vn 0.9938 -0.0674 0.0887
vn -0.3663 0.2685 0.8909
vn -0.3526 0.4046 0.8438
vn -0.4751 0.2610 0.8403
vn -0.4297 0.3972 0.8109
vn -0.3727 0.1497 0.9158
vn -0.5117 0.1441 0.8470
vn -0.5314 -0.3425 0.7748
vn -0.6538 -0.3112 0.6897
vn -0.7598 0.5878 0.2779
vn -0.7276 0.1006 0.6786
vn 0.1860 -0.5852 -0.7893
vn -0.4508 -0.7234 -0.5229
vn -0.6920 0.6892 0.2147
vn -0.3836 0.5438 0.7464
vn 0.1712 0.5853 -0.7925
vn 0.2069 -0.4678 -0.8593
vn 0.2494 0.1027 -0.9629
vn 0.9648 -0.0136 -0.2627
vn 0.8683 0.2622 -0.4211
vn -0.7386 0.5018 -0.4502
vn -0.9927 -0.1186 -0.0220
vn -0.9976 0.0699 -0.0020
vn -0.9995 0.0308 0.0029
vn -0.9986 0.0536 -0.0035
vn 0.6172 0.3923 0.6820
vn 0.8577 -0.0989 0.5046
vn 0.8516 0.0755 0.5188
vn 0.2127 0.5687 -0.7946
vn 0.3894 -0.8344 0.3900
vn -0.7700 0.3750 -0.5163
vn -0.7810 -0.1018 -0.6161
vn -0.6636 0.5041 0.5527
vn -0.7757 0.6226 -0.1033
vn -0.6264 0.7657 0.1461
vn -0.4764 0.2774 0.8343
vn -0.2566 0.4831 0.8371
vn -0.3946 0.4282 0.8130
vn -0.3216 0.3403 0.8836
vn -0.4347 -0.2140 0.8748
vn -0.6281 -0.0999 0.7717
vn -0.4708 -0.1297 0.8726
vn -0.3318 0.6290 0.7031
vn 0.8114 0.2789 0.5137
vn 0.9876 -0.0312 0.1536
vn 0.9706 0.0434 0.2366
vn -0.9686 0.2118 0.1305
vn -0.7851 -0.3918 0.4797
vn -0.9918 0.1012 0.0783
vn -0.8191 0.2479 0.5174
vn -0.8496 0.1346 0.5099
vn -0.7684 0.5787 0.2730
vn -0.6388 0.5940 0.4890
vn -0.9236 -0.2908 0.2497
vn -0.8346 -0.2792 0.4749
vn -0.6664 0.6992 0.2589
vn -0.5474 0.7287 0.4115
vn -0.2619 0.2936 -0.9194
vn -0.1358 0.3136 -0.9398
vn 0.5502 -0.1776 -0.8159
vn 0.5592 -0.0988 -0.8231
vn -0.6718 -0.7378 -0.0657
vn 0.4137 0.3657 0.8338
vn 0.4263 0.2723 0.8626
vn 0.4048 -0.0279 0.9140
vn 0.4137 -0.1005 0.9048
vn 0.4600 -0.6272 -0.6286
vn 0.5179 -0.3274 -0.7903
vn -0.3439 0.6747 0.6530
vn 0.5776 0.0564 -0.8144
vn 0.5978 -0.0384 -0.8007
vn 0.6219 -0.0076 -0.7831
vn 0.6365 -0.0178 -0.7710
vn 0.4404 -0.2724 -0.8555
vn 0.1799 -0.3014 -0.9364
vn 0.2204 -0.2128 -0.9519
vn -0.5503 -0.0632 -0.8325
vn -0.6057 0.2283 0.7622
vn -0.5421 0.3638 0.7575
vn -0.7471 0.1714 0.6423
vn -0.6474 0.1224 0.7522
vn -0.7848 -0.2469 0.5685
vn 0.7975 -0.6029 -0.0201
vn -0.6034 0.7818 0.1574
vn -0.4628 0.5265 0.7132
vn 0.7296 0.2562 -0.6341
vn -0.3701 0.2577 0.8925
vn -0.5800 -0.2858 0.7629
vn -0.5710 0.2809 -0.7714
vn -0.4145 0.2744 -0.8677
vn -0.8036 0.1697 0.5704
vn -0.7846 0.1348 -0.6052
vn -0.6241 0.1566 -0.7655
vn -0.4011 -0.0596 -0.9141
vn 0.8139 -0.5808 -0.0187
vn 0.6672 -0.7448 -0.0087
vn -0.7996 -0.0167 0.6003
vn -0.7835 -0.0609 0.6184
vn 0.6177 -0.4161 -0.6674
vn 0.5766 -0.5216 -0.6288
vn 0.6800 0.0599 -0.7308
vn 0.4698 -0.0383 -0.8819
vn 0.7195 -0.1070 -0.6862
vn 0.7766 -0.1027 -0.6216
vn 0.7840 0.0359 -0.6198
vn -0.1579 -0.1313 -0.9787
vn 0.9959 0.0910 0.0020
vn -0.3457 0.2433 0.9063
vn -0.4351 -0.3342 0.8361
vn -0.4030 -0.2259 0.8869
vn 0.0072 0.6888 -0.7249
vn 0.1440 -0.7430 0.6536
vn 0.2650 -0.6797 0.6839
vn 0.8107 0.5841 -0.0408
vn -0.0594 -0.1161 -0.9915
vn 0.1020 0.0741 -0.9920
vn 0.7936 -0.0673 0.6047
vn 0.3430 -0.6448 0.6831
vn -0.6974 0.3241 -0.6392
vn 0.9995 0.0038 0.0316
vn -0.2594 0.2485 0.9333
vn -0.2249 0.1171 0.9673
vn -0.4247 -0.3465 0.8364
vn -0.3281 -0.3393 0.8816
vn 0.5206 -0.4193 -0.7438
vn 0.5893 0.0672 -0.8051
vn 0.4752 -0.5228 -0.7077
vn 0.2321 -0.5783 -0.7821
vn 0.2885 -0.5569 -0.7789
vn 0.0511 0.7210 -0.6911
vn -0.0243 0.0402 0.9989
vn -0.2191 -0.3053 0.9267
vn 0.8385 0.3113 0.4472
vn 0.8647 0.2217 0.4507
vn 0.8978 -0.0122 0.4402
vn 0.8909 -0.0611 0.4500
vn 0.2881 0.5451 -0.7873
vn 0.3450 -0.4480 -0.8248
vn 0.2647 -0.4631 -0.8459
vn 0.3302 0.0902 -0.9396
vn 0.4101 0.0870 -0.9079
vn -0.8029 0.1004 -0.5876
vn -0.9316 0.0691 -0.3568
vn -0.8052 0.0559 -0.5903
vn -0.7937 0.0446 -0.6067
vn -0.9467 0.0400 -0.3195
vn -0.9467 0.0406 -0.3197
vn -0.9889 0.0536 -0.1385
vn -0.9972 -0.0159 -0.0735
vn -0.9989 0.0185 -0.0425
vn -0.1744 -0.0319 -0.9842
vn -0.8307 -0.0288 0.5559
vn 0.0790 0.0163 0.9967
vn 0.1486 -0.0938 0.9844
vn 0.0676 -0.0782 0.9946
vn 0.9031 0.2800 0.3256
vn 0.9778 -0.0191 0.2086
vn 0.9725 -0.0328 0.2308
vn 0.7794 -0.5608 -0.2793
vn -0.6492 0.0411 -0.7595
vn -0.6193 0.0183 -0.7849
vn 0.4252 -0.4285 -0.7972
vn 0.3790 -0.5365 -0.7540
vn 0.4975 0.0807 -0.8637
vn 0.9601 0.0526 -0.2747
vn 0.9417 -0.3099 0.1313
vn 0.8449 0.0294 0.5341
vn 0.8334 0.5183 -0.1920
vn 0.7127 0.6586 -0.2414
vn 0.8143 0.5253 -0.2467
vn -0.1787 0.3793 0.9079
vn -0.2525 0.5380 0.8042
vn 0.8557 0.4952 -0.1502
vn -0.1060 0.3419 0.9337
vn -0.1181 0.1770 0.9771
vn -0.2651 0.3962 0.8790
vn 0.9990 0.0231 -0.0370
vn 0.9994 0.0044 -0.0350
vn -0.0217 0.0742 0.9970
vn -0.0074 -0.0247 0.9997
vn -0.1106 -0.2130 0.9708
vn -0.5572 0.3290 0.7625
vn -0.6715 0.1822 0.7183
vn -0.6487 0.7537 -0.1057
vn -0.5576 0.7670 -0.3175
vn 0.8017 0.5185 -0.2975
vn 0.5202 -0.0787 0.8504
vn 0.1154 -0.0385 0.9926
vn -0.4335 -0.0305 -0.9006
vn 0.9460 0.3082 -0.1007
vn 0.9959 0.0406 -0.0806
vn -0.3974 0.6631 0.6343
vn 0.0343 0.1535 0.9875
vn 0.9975 0.0340 0.0622
vn 0.9709 -0.2199 0.0946
vn 0.3672 -0.3269 -0.8708
vn 0.4858 0.0103 -0.8740
vn -0.8582 -0.3496 -0.3759
vn -0.8152 -0.4709 -0.3372
vn -0.7491 -0.5953 -0.2907
vn -0.8606 0.1783 -0.4770
vn -0.9995 -0.0308 0.0051
vn -0.9995 -0.0287 0.0093
vn -0.9959 -0.0893 -0.0139
vn -0.9992 -0.0103 0.0378
vn 0.0087 0.5443 -0.8388
vn 0.0342 -0.2507 -0.9675
vn -0.0217 0.5672 -0.8233
vn 0.5220 0.0126 0.8528
vn -0.0050 -0.0495 0.9988
vn 0.0567 0.6453 0.7618
vn 0.1342 -0.6258 0.7684
vn 0.1596 0.6167 0.7708
vn 0.2266 0.6015 0.7661
vn 0.3227 -0.5348 0.7810
vn -0.9993 -0.0352 0.0112
vn -0.9995 -0.0107 0.0297
vn 0.0179 -0.0343 -0.9993
vn -0.0282 0.0872 -0.9958
vn 0.0581 0.5892 -0.8059
vn 0.1078 -0.7056 -0.7003
vn 0.4032 0.7248 -0.5586
vn 0.5033 -0.8174 0.2802
vn -0.8033 0.4857 0.3447
vn 0.0429 -0.3985 -0.9161
vn -0.0275 -0.0184 -0.9995
vn 0.3904 -0.3943 0.8319
vn 0.4450 -0.2662 0.8551
vn 0.7257 0.6709 -0.1524
vn 0.5068 0.8363 -0.2094
vn 0.0789 0.9969 0.0059
vn 0.3741 0.9121 0.1676
vn -0.2671 -0.9243 0.2728
vn 0.1288 0.9875 0.0911
vn 0.5161 -0.8565 -0.0001
vn -0.0862 0.9561 -0.2801
vn 0.0260 0.9752 -0.2196
vn 0.1146 0.9885 -0.0984
vn 0.0786 -0.9947 -0.0659
vn -0.0232 0.9791 -0.2019
vn -0.0479 0.9676 -0.2479
vn -0.0536 0.9934 -0.1010
vn -0.6595 -0.7515 -0.0192
vn -0.0581 -0.9611 0.2700
vn 0.1006 -0.3694 0.9238
vn 0.0086 0.8627 0.5057
vn -0.4645 0.8765 -0.1262
vn -0.2459 -0.9340 0.2592
vn 0.0711 0.9316 -0.3565
vn -0.0185 0.9678 -0.2510
vn -0.0360 0.9671 -0.2519
vn 0.1373 -0.4968 0.8569
vn 0.1394 -0.3669 0.9198
vn 0.0261 0.0221 -0.9994
vn 0.0569 0.1479 0.9874
vn 0.0949 0.1613 0.9823
vn 0.3530 0.1537 0.9229
vn -0.0007 0.0819 -0.9966
vn 0.0711 0.8835 -0.4630
vn -0.0053 0.9900 0.1408
vn -0.1351 0.9842 -0.1142
vn 0.0062 -0.9628 -0.2702
vn -0.0745 0.9679 -0.2401
vn -0.0755 0.9966 -0.0333
vn 0.0194 0.9734 -0.2285
vn 0.0039 0.9990 0.0451
s 1
usemtl Material.005
f 12//12 11//11 1//1 3//3
f 178//178 2//2 1//1 179//179
f 3//3 1//1 2//2 5//5
f 2//2 395//395 398//398 5//5
f 3//3 4//4 16//16 12//12
f 5//5 6//6 4//4 3//3
f 4//4 6//6 7//7 9//9
f 401//401 6//6 5//5 398//398
f 401//401 10//10 7//7 6//6
f 9//9 7//7 8//8 19//19
f 8//8 7//7 10//10 597//597
f 22//22 19//19 8//8 23//23
f 16//16 4//4 9//9 18//18
f 406//406 409//409 10//10 401//401
f 11//11 410//410 179//179 1//1
f 3402//3402 3353//3353 11//11 12//12
f 12//12 16//16 17//17 3402//3402
f 48//48 47//47 13//13 15//15
f 1556//1556 411//411 13//13 47//47
f 15//15 13//13 14//14 3401//3401
f 411//411 181//181 14//14 13//13
f 3345//3345 3353//3353 14//14 181//181
f 3402//3402 3401//3401 14//14 3353//3353
f 15//15 52//52 51//51 48//48
f 2860//2860 52//52 15//15 3401//3401
f 17//17 16//16 18//18 21//21
f 2861//2861 2860//2860 17//17 21//21
f 18//18 9//9 19//19 20//20
f 25//25 20//20 19//19 22//22
f 21//21 18//18 20//20 26//26
f 27//27 26//26 20//20 25//25
f 2932//2932 2861//2861 21//21 26//26
f 22//22 23//23 24//24 28//28
f 597//597 602//602 23//23 8//8
f 602//602 604//604 24//24 23//23
f 25//25 22//22 28//28 29//29
f 27//27 25//25 29//29 36//36
f 27//27 2961//2961 2932//2932 26//26
f 2963//2963 2961//2961 27//27 36//36
f 28//28 24//24 30//30 31//31
f 29//29 28//28 31//31 35//35
f 32//32 31//31 30//30 33//33
f 604//604 792//792 30//30 24//24
f 795//795 33//33 30//30 792//792
f 44//44 35//35 31//31 32//32
f 45//45 44//44 32//32 34//34
f 34//34 32//32 33//33 803//803
f 812//812 45//45 34//34 804//804
f 36//36 29//29 35//35 37//37
f 38//38 39//39 37//37 46//46
f 37//37 35//35 44//44 46//46
f 37//37 39//39 2963//2963 36//36
f 2820//2820 40//40 38//38 2821//2821
f 40//40 41//41 39//39 38//38
f 39//39 41//41 2962//2962 2963//2963
f 90//90 42//42 40//40 2820//2820
f 42//42 43//43 41//41 40//40
f 41//41 43//43 75//75 2962//2962
f 87//87 77//77 43//43 42//42
f 46//46 44//44 45//45 813//813
f 814//814 813//813 45//45 812//812
f 2821//2821 38//38 46//46 813//813
f 50//50 49//49 47//47 48//48
f 1786//1786 1556//1556 47//47 49//49
f 48//48 51//51 53//53 50//50
f 50//50 55//55 3352//3352 49//49
f 51//51 52//52 56//56 57//57
f 53//53 54//54 55//55 50//50
f 53//53 51//51 57//57 58//58
f 54//54 53//53 58//58 61//61
f 2859//2859 2857//2857 54//54 61//61
f 54//54 2857//2857 3400//3400 55//55
f 55//55 3400//3400 3396//3396 3352//3352
f 59//59 57//57 56//56 2931//2931
f 56//56 52//52 2860//2860 2861//2861
f 60//60 58//58 57//57 59//59
f 62//62 61//61 58//58 60//60
f 2960//2960 73//73 59//59 2931//2931
f 72//72 62//62 60//60 74//74
f 73//73 74//74 60//60 59//59
f 62//62 3431//3431 2859//2859 61//61
f 63//63 67//67 66//66 64//64
f 2856//2856 67//67 63//63 3395//3395
f 65//65 63//63 64//64 1787//1787
f 1790//1790 1791//1791 64//64 66//66
f 3395//3395 63//63 65//65 3392//3392
f 1792//1792 1790//1790 66//66 68//68
f 68//68 66//66 67//67 71//71
f 1798//1798 1792//1792 68//68 70//70
f 1961//1961 70//70 69//69 2864//2864
f 71//71 69//69 70//70 68//68
f 1799//1799 1798//1798 70//70 1961//1961
f 71//71 67//67 2856//2856 2858//2858
f 2996//2996 69//69 71//71 2858//2858
f 72//72 74//74 76//76 78//78
f 80//80 2978//2978 72//72 78//78
f 72//72 2978//2978 3431//3431 62//62
f 74//74 73//73 75//75 76//76
f 77//77 76//76 75//75 43//43
f 75//75 73//73 2960//2960 2962//2962
f 78//78 76//76 77//77 79//79
f 84//84 79//79 77//77 87//87
f 80//80 78//78 79//79 85//85
f 86//86 85//85 79//79 84//84
f 80//80 85//85 3414//3414 2979//2979
f 81//81 92//92 93//93 82//82
f 83//83 81//81 82//82 1962//1962
f 82//82 1975//1975 1972//1972 1962//1962
f 1976//1976 1975//1975 82//82 93//93
f 83//83 2864//2864 2865//2865 2979//2979
f 83//83 2979//2979 3414//3414 81//81
f 84//84 87//87 91//91 2163//2163
f 2819//2819 86//86 84//84 2163//2163
f 88//88 89//89 86//86 2819//2819
f 86//86 89//89 3414//3414 85//85
f 87//87 42//42 90//90 91//91
f 88//88 94//94 92//92 89//89
f 96//96 94//94 88//88 2181//2181
f 3374//3374 2181//2181 88//88 2819//2819
f 2161//2161 91//91 90//90 2162//2162
f 3375//3375 2162//2162 90//90 2820//2820
f 2164//2164 2163//2163 91//91 2161//2161
f 92//92 94//94 95//95 93//93
f 3414//3414 89//89 92//92 81//81
f 2169//2169 1976//1976 93//93 95//95
f 95//95 94//94 96//96 2807//2807
f 2168//2168 2169//2169 95//95 2807//2807
f 111//111 127//127 97//97 99//99
f 119//119 98//98 97//97 125//125
f 124//124 125//125 97//97 127//127
f 99//99 97//97 98//98 102//102
f 100//100 102//102 98//98 114//114
f 99//99 102//102 101//101 109//109
f 99//99 109//109 108//108 111//111
f 101//101 102//102 100//100 183//183
f 100//100 114//114 121//121 3155//3155
f 182//182 183//183 100//100 3155//3155
f 112//112 104//104 103//103 3303//3303
f 103//103 105//105 139//139 110//110
f 105//105 103//103 104//104 107//107
f 129//129 139//139 105//105 130//130
f 105//105 107//107 131//131 130//130
f 107//107 104//104 106//106 1474//1474
f 106//106 104//104 112//112 1482//1482
f 1473//1473 1474//1474 106//106 1476//1476
f 106//106 1482//1482 1481//1481 1476//1476
f 107//107 1474//1474 132//132 131//131
f 108//108 109//109 163//163 164//164
f 109//109 101//101 2879//2879 163//163
f 111//111 108//108 110//110 139//139
f 110//110 108//108 164//164 166//166
f 110//110 166//166 3303//3303 103//103
f 3230//3230 169//169 112//112 3303//3303
f 114//114 115//115 113//113 121//121
f 113//113 115//115 2876//2876 118//118
f 114//114 98//98 119//119 115//115
f 150//150 144//144 116//116 140//140
f 118//118 116//116 117//117 113//113
f 121//121 113//113 117//117 122//122
f 123//123 122//122 117//117 145//145
f 144//144 145//145 117//117 116//116
f 118//118 2876//2876 134//134 141//141
f 140//140 116//116 118//118 141//141
f 2876//2876 115//115 119//119 125//125
f 121//121 122//122 120//120 3155//3155
f 120//120 122//122 123//123 201//201
f 184//184 185//185 120//120 201//201
f 123//123 145//145 147//147 3234//3234
f 123//123 3234//3234 202//202 201//201
f 135//135 134//134 124//124 126//126
f 2876//2876 125//125 124//124 134//134
f 126//126 124//124 127//127 129//129
f 136//136 135//135 126//126 128//128
f 127//127 111//111 139//139 129//129
f 128//128 126//126 129//129 130//130
f 128//128 130//130 131//131 133//133
f 133//133 131//131 132//132 137//137
f 132//132 1474//1474 1473//1473 1496//1496
f 1494//1494 137//137 132//132 1496//1496
f 136//136 128//128 133//133 138//138
f 141//141 134//134 135//135 143//143
f 2929//2929 143//143 135//135 136//136
f 2928//2928 2929//2929 136//136 138//138
f 138//138 133//133 137//137 1501//1501
f 1502//1502 1501//1501 137//137 1494//1494
f 1508//1508 2928//2928 138//138 1501//1501
f 151//151 150//150 140//140 142//142
f 142//142 140//140 141//141 143//143
f 2929//2929 3371//3371 142//142 143//143
f 144//144 146//146 147//147 145//145
f 150//150 152//152 146//146 144//144
f 148//148 149//149 147//147 146//146
f 148//148 146//146 152//152 154//154
f 148//148 200//200 198//198 149//149
f 3234//3234 147//147 149//149 197//197
f 151//151 153//153 152//152 150//150
f 3371//3371 3368//3368 151//151 142//142
f 154//154 152//152 153//153 212//212
f 3368//3368 3366//3366 153//153 151//151
f 153//153 3366//3366 3382//3382 212//212
f 154//154 210//210 200//200 148//148
f 156//156 157//157 155//155 162//162
f 163//163 2879//2879 155//155 157//157
f 155//155 2879//2879 3144//3144 159//159
f 156//156 162//162 161//161 177//177
f 165//165 157//157 156//156 168//168
f 172//172 168//168 156//156 177//177
f 158//158 193//193 192//192 3158//3158
f 158//158 3158//3158 3469//3469 159//159
f 160//160 158//158 159//159 3144//3144
f 162//162 155//155 159//159 3469//3469
f 183//183 182//182 160//160 3144//3144
f 160//160 186//186 193//193 158//158
f 161//161 396//396 178//178 177//177
f 3154//3154 161//161 162//162 3469//3469
f 165//165 164//164 163//163 157//157
f 167//167 166//166 164//164 165//165
f 167//167 165//165 168//168 173//173
f 167//167 173//173 3229//3229 3230//3230
f 167//167 3230//3230 3303//3303 166//166
f 174//174 173//173 168//168 172//172
f 169//169 171//171 1482//1482 112//112
f 171//171 169//169 170//170 175//175
f 176//176 175//175 170//170 180//180
f 3230//3230 3229//3229 170//170 169//169
f 170//170 3229//3229 3344//3344 180//180
f 172//172 177//177 178//178 179//179
f 174//174 172//172 179//179 410//410
f 3229//3229 173//173 174//174 3344//3344
f 3345//3345 3344//3344 174//174 410//410
f 1550//1550 171//171 175//175 1553//1553
f 1554//1554 1553//1553 175//175 176//176
f 176//176 180//180 181//181 411//411
f 395//395 2//2 178//178 396//396
f 181//181 180//180 3344//3344 3345//3345
f 182//182 185//185 186//186 160//160
f 183//183 3144//3144 2879//2879 101//101
f 188//188 186//186 185//185 184//184
f 3155//3155 120//120 185//185 182//182
f 186//186 188//188 190//190 193//193
f 196//196 191//191 187//187 3143//3143
f 187//187 189//189 204//204 3143//3143
f 189//189 187//187 188//188 184//184
f 191//191 190//190 188//188 187//187
f 201//201 202//202 189//189 184//184
f 3120//3120 190//190 191//191 195//195
f 416//416 415//415 192//192 3120//3120
f 3120//3120 192//192 193//193 190//190
f 194//194 196//196 208//208 447//447
f 196//196 194//194 195//195 191//191
f 413//413 412//412 195//195 194//194
f 416//416 3120//3120 195//195 412//412
f 198//198 199//199 197//197 149//149
f 198//198 203//203 204//204 199//199
f 3234//3234 197//197 199//199 202//202
f 200//200 205//205 203//203 198//198
f 204//204 189//189 202//202 199//199
f 203//203 207//207 3143//3143 204//204
f 205//205 206//206 207//207 203//203
f 210//210 216//216 205//205 200//200
f 220//220 206//206 205//205 216//216
f 223//223 209//209 206//206 220//220
f 209//209 208//208 207//207 206//206
f 208//208 196//196 3143//3143 207//207
f 209//209 446//446 447//447 208//208
f 212//212 211//211 210//210 154//154
f 211//211 217//217 216//216 210//210
f 211//211 3410//3410 2812//2812 217//217
f 212//212 3382//3382 3410//3410 211//211
f 213//213 218//218 219//219 214//214
f 1536//1536 1593//1593 213//213 215//215
f 215//215 213//213 214//214 3381//3381
f 3382//3382 3381//3381 214//214 3410//3410
f 215//215 1534//1534 1533//1533 1536//1536
f 3365//3365 1534//1534 215//215 3381//3381
f 217//217 2810//2810 220//220 216//216
f 1593//1593 1596//1596 218//218 213//213
f 1598//1598 222//222 218//218 1596//1596
f 222//222 221//221 219//219 218//218
f 219//219 221//221 2811//2811 2812//2812
f 3410//3410 214//214 219//219 2812//2812
f 225//225 224//224 221//221 222//222
f 221//221 224//224 2830//2830 2811//2811
f 1602//1602 225//225 222//222 1598//1598
f 223//223 450//450 446//446 209//209
f 2810//2810 2829//2829 223//223 220//220
f 223//223 2829//2829 3296//3296 450//450
f 453//453 224//224 225//225 451//451
f 225//225 1602//1602 1601//1601 451//451
f 228//228 226//226 227//227 229//229
f 227//227 226//226 233//233 258//258
f 239//239 229//229 227//227 240//240
f 257//257 240//240 227//227 258//258
f 228//228 232//232 233//233 226//226
f 230//230 228//228 229//229 248//248
f 249//249 248//248 229//229 239//239
f 230//230 231//231 232//232 228//228
f 254//254 2947//2947 230//230 248//248
f 3464//3464 231//231 230//230 2947//2947
f 231//231 236//236 234//234 232//232
f 231//231 3464//3464 3210//3210 236//236
f 234//234 235//235 233//233 232//232
f 262//262 258//258 233//233 235//235
f 238//238 464//464 235//235 234//234
f 265//265 262//262 235//235 464//464
f 236//236 237//237 238//238 234//234
f 3210//3210 3207//3207 237//237 236//236
f 238//238 237//237 3079//3079 472//472
f 250//250 249//249 239//239 241//241
f 241//241 239//239 240//240 243//243
f 240//240 257//257 259//259 243//243
f 251//251 250//250 241//241 242//242
f 242//242 241//241 243//243 245//245
f 252//252 251//251 242//242 244//244
f 243//243 259//259 260//260 245//245
f 244//244 242//242 245//245 246//246
f 244//244 246//246 247//247 253//253
f 245//245 260//260 261//261 246//246
f 247//247 246//246 261//261 1639//1639
f 255//255 254//254 248//248 249//249
f 256//256 255//255 249//249 250//250
f 256//256 250//250 251//251 3437//3437
f 252//252 244//244 253//253 1634//1634
f 2956//2956 2957//2957 252//252 1634//1634
f 3437//3437 251//251 252//252 2957//2957
f 253//253 247//247 1627//1627 1629//1629
f 2992//2992 254//254 255//255 3425//3425
f 3425//3425 255//255 256//256 3423//3423
f 257//257 258//258 262//262 263//263
f 259//259 257//257 263//263 264//264
f 260//260 259//259 264//264 267//267
f 3319//3319 261//261 260//260 267//267
f 263//263 262//262 265//265 266//266
f 264//264 263//263 266//266 268//268
f 265//265 464//464 465//465 466//466
f 266//266 265//265 466//466 467//467
f 267//267 264//264 268//268 468//468
f 267//267 468//468 3262//3262 3319//3319
f 268//268 266//266 467//467 469//469
f 275//275 274//274 269//269 271//271
f 271//271 269//269 270//270 284//284
f 285//285 284//284 270//270 286//286
f 270//270 269//269 2991//2991 2992//2992
f 270//270 2992//2992 3425//3425 286//286
f 273//273 272//272 271//271 284//284
f 276//276 275//275 271//271 272//272
f 306//306 276//276 272//272 299//299
f 299//299 272//272 273//273 322//322
f 323//323 322//322 273//273 294//294
f 274//274 277//277 278//278 3283//3283
f 2991//2991 269//269 274//274 3283//3283
f 275//275 279//279 277//277 274//274
f 276//276 280//280 279//279 275//275
f 310//310 280//280 276//276 306//306
f 283//283 282//282 277//277 279//279
f 282//282 281//281 278//278 277//277
f 278//278 281//281 3207//3207 3210//3210
f 3464//3464 3283//3283 278//278 3210//3210
f 279//279 280//280 316//316 283//283
f 502//502 501//501 281//281 282//282
f 281//281 501//501 3206//3206 3207//3207
f 503//503 502//502 282//282 283//283
f 294//294 273//273 284//284 285//285
f 295//295 294//294 285//285 287//287
f 287//287 285//285 286//286 288//288
f 286//286 3425//3425 3423//3423 288//288
f 296//296 295//295 287//287 289//289
f 289//289 287//287 288//288 290//290
f 288//288 3423//3423 3424//3424 290//290
f 297//297 296//296 289//289 291//291
f 291//291 289//289 290//290 292//292
f 290//290 3424//3424 2904//2904 292//292
f 291//291 292//292 293//293 298//298
f 293//293 292//292 2904//2904 2903//2903
f 295//295 3243//3243 323//323 294//294
f 296//296 2911//2911 3243//3243 295//295
f 297//297 291//291 298//298 1672//1672
f 2907//2907 2908//2908 297//297 1672//1672
f 297//297 2908//2908 2911//2911 296//296
f 298//298 293//293 1665//1665 1666//1666
f 324//324 2989//2989 299//299 322//322
f 302//302 300//300 301//301 305//305
f 334//334 305//305 301//301 325//325
f 301//301 300//300 2989//2989 324//324
f 304//304 303//303 302//302 305//305
f 302//302 307//307 308//308 300//300
f 309//309 307//307 302//302 303//303
f 340//340 341//341 303//303 304//304
f 357//357 340//340 304//304 339//339
f 339//339 304//304 305//305 334//334
f 2989//2989 312//312 306//306 299//299
f 307//307 309//309 321//321 314//314
f 314//314 313//313 308//308 307//307
f 2989//2989 300//300 308//308 312//312
f 341//341 344//344 309//309 303//303
f 350//350 321//321 309//309 344//344
f 312//312 311//311 310//310 306//306
f 310//310 315//315 316//316 280//280
f 310//310 311//311 318//318 315//315
f 313//313 311//311 312//312 308//308
f 313//313 317//317 318//318 311//311
f 314//314 319//319 317//317 313//313
f 316//316 515//515 503//503 283//283
f 516//516 515//515 316//316 315//315
f 317//317 517//517 518//518 318//318
f 318//318 518//518 516//516 315//315
f 321//321 320//320 319//319 314//314
f 319//319 519//519 517//517 317//317
f 320//320 520//520 519//519 319//319
f 320//320 349//349 3166//3166 520//520
f 321//321 350//350 349//349 320//320
f 324//324 322//322 323//323 326//326
f 325//325 301//301 324//324 326//326
f 335//335 334//334 325//325 327//327
f 327//327 325//325 326//326 328//328
f 326//326 323//323 3243//3243 328//328
f 336//336 335//335 327//327 329//329
f 329//329 327//327 328//328 330//330
f 328//328 3243//3243 2911//2911 330//330
f 329//329 330//330 331//331 333//333
f 331//331 330//330 2911//2911 2908//2908
f 333//333 331//331 332//332 337//337
f 332//332 331//331 2908//2908 2907//2907
f 336//336 329//329 333//333 338//338
f 339//339 334//334 335//335 360//360
f 360//360 335//335 336//336 2910//2910
f 2906//2906 2910//2910 336//336 338//338
f 338//338 333//333 337//337 1700//1700
f 337//337 332//332 1693//1693 1694//1694
f 2905//2905 2906//2906 338//338 1700//1700
f 358//358 357//357 339//339 360//360
f 361//361 343//343 340//340 357//357
f 343//343 342//342 341//341 340//340
f 342//342 352//352 344//344 341//341
f 346//346 342//342 343//343 3421//3421
f 354//354 353//353 345//345 347//347
f 347//347 345//345 346//346 370//370
f 346//346 345//345 352//352 342//342
f 369//369 3078//3078 347//347 370//370
f 558//558 354//354 347//347 3078//3078
f 348//348 349//349 350//350 351//351
f 349//349 348//348 3198//3198 3166//3166
f 352//352 351//351 350//350 344//344
f 355//355 348//348 351//351 353//353
f 353//353 351//351 352//352 345//345
f 353//353 354//354 356//356 355//355
f 557//557 356//356 354//354 558//558
f 541//541 540//540 355//355 356//356
f 355//355 540//540 3198//3198 348//348
f 362//362 361//361 357//357 358//358
f 363//363 362//362 358//358 359//359
f 359//359 358//358 360//360 2910//2910
f 2906//2906 364//364 359//359 2910//2910
f 3421//3421 343//343 361//361 3420//3420
f 3420//3420 361//361 362//362 3419//3419
f 363//363 359//359 364//364 366//366
f 368//368 2887//2887 363//363 366//366
f 3419//3419 362//362 363//363 2887//2887
f 2905//2905 365//365 364//364 2906//2906
f 366//366 364//364 365//365 367//367
f 1727//1727 1726//1726 365//365 2905//2905
f 368//368 366//366 367//367 1734//1734
f 367//367 365//365 1726//1726 1730//1730
f 1755//1755 2886//2886 368//368 1734//1734
f 373//373 374//374 369//369 371//371
f 371//371 369//369 370//370 372//372
f 370//370 346//346 3421//3421 372//372
f 384//384 373//373 371//371 378//378
f 378//378 371//371 372//372 379//379
f 372//372 3421//3421 3420//3420 379//379
f 375//375 374//374 373//373 386//386
f 377//377 561//561 374//374 375//375
f 374//374 561//561 3078//3078 369//369
f 375//375 386//386 392//392 376//376
f 377//377 375//375 376//376 560//560
f 385//385 384//384 378//378 380//380
f 380//380 378//378 379//379 381//381
f 379//379 3420//3420 3419//3419 381//381
f 382//382 380//380 381//381 383//383
f 381//381 3419//3419 2887//2887 383//383
f 382//382 390//390 385//385 380//380
f 2886//2886 3253//3253 382//382 383//383
f 386//386 373//373 384//384 387//387
f 387//387 384//384 385//385 389//389
f 388//388 389//389 385//385 390//390
f 392//392 386//386 387//387 393//393
f 388//388 390//390 391//391 3298//3298
f 394//394 389//389 388//388 582//582
f 388//388 3298//3298 3315//3315 582//582
f 393//393 387//387 389//389 394//394
f 3253//3253 391//391 390//390 382//382
f 1754//1754 1758//1758 391//391 3253//3253
f 391//391 1758//1758 1765//1765 3298//3298
f 392//392 2964//2964 565//565 376//376
f 393//393 580//580 2964//2964 392//392
f 394//394 579//579 580//580 393//393
f 397//397 395//395 396//396 399//399
f 396//396 161//161 3154//3154 399//399
f 397//397 407//407 398//398 395//395
f 397//397 400//400 402//402 407//407
f 400//400 397//397 399//399 3141//3141
f 3142//3142 3141//3141 399//399 3154//3154
f 403//403 402//402 400//400 3153//3153
f 407//407 406//406 401//401 398//398
f 402//402 403//403 3140//3140 408//408
f 405//405 404//404 403//403 3153//3153
f 429//429 431//431 404//404 3156//3156
f 404//404 431//431 3140//3140 403//403
f 405//405 421//421 3156//3156 404//404
f 599//599 409//409 406//406 408//408
f 408//408 406//406 407//407 402//402
f 409//409 596//596 597//597 10//10
f 409//409 599//599 598//598 596//596
f 410//410 11//11 3353//3353 3345//3345
f 1554//1554 176//176 411//411 1556//1556
f 412//412 413//413 418//418 422//422
f 413//413 194//194 447//447 419//419
f 414//414 415//415 416//416 420//420
f 414//414 3141//3141 3142//3142 415//415
f 3158//3158 192//192 415//415 3142//3142
f 422//422 420//420 416//416 412//412
f 417//417 419//419 448//448 449//449
f 419//419 417//417 418//418 413//413
f 424//424 423//423 418//418 417//417
f 421//421 405//405 420//420 422//422
f 3153//3153 414//414 420//420 405//405
f 430//430 3156//3156 421//421 423//423
f 423//423 421//421 422//422 418//418
f 424//424 426//426 430//430 423//423
f 424//424 417//417 449//449 427//427
f 435//435 434//434 425//425 427//427
f 442//442 433//433 425//425 434//434
f 427//427 425//425 426//426 424//424
f 426//426 432//432 428//428 430//430
f 433//433 432//432 426//426 425//425
f 459//459 435//435 427//427 449//449
f 428//428 2993//2993 3119//3119 429//429
f 430//430 428//428 429//429 3156//3156
f 429//429 3119//3119 594//594 431//431
f 431//431 594//594 595//595 3140//3140
f 432//432 609//609 2993//2993 428//428
f 433//433 608//608 609//609 432//432
f 435//435 462//462 2839//2839 434//434
f 441//441 440//440 436//436 438//438
f 445//445 444//444 436//436 440//440
f 438//438 436//436 437//437 439//439
f 444//444 443//443 437//437 436//436
f 462//462 439//439 437//437 2839//2839
f 437//437 443//443 2838//2838 2839//2839
f 457//457 441//441 438//438 458//458
f 438//438 439//439 463//463 458//458
f 441//441 1845//1845 2837//2837 440//440
f 442//442 628//628 608//608 433//433
f 2839//2839 2838//2838 442//442 434//434
f 630//630 629//629 443//443 444//444
f 443//443 629//629 2898//2898 2838//2838
f 631//631 630//630 444//444 445//445
f 2837//2837 2836//2836 445//445 440//440
f 456//456 448//448 446//446 450//450
f 448//448 419//419 447//447 446//446
f 459//459 449//449 448//448 456//456
f 453//453 451//451 452//452 454//454
f 1601//1601 1837//1837 452//452 451//451
f 1840//1840 457//457 452//452 1837//1837
f 2830//2830 224//224 453//453 455//455
f 455//455 453//453 454//454 3297//3297
f 457//457 458//458 454//454 452//452
f 455//455 3297//3297 461//461 3296//3296
f 2829//2829 2830//2830 455//455 3296//3296
f 3296//3296 461//461 456//456 450//450
f 457//457 1840//1840 1845//1845 441//441
f 3297//3297 454//454 458//458 463//463
f 461//461 460//460 459//459 456//456
f 462//462 435//435 459//459 460//460
f 461//461 3297//3297 463//463 460//460
f 463//463 439//439 462//462 460//460
f 464//464 238//238 472//472 465//465
f 470//470 466//466 465//465 471//471
f 487//487 467//467 466//466 470//470
f 488//488 469//469 467//467 487//487
f 468//468 268//268 469//469 3261//3261
f 3263//3263 3262//3262 468//468 3261//3261
f 470//470 471//471 477//477 479//479
f 489//489 487//487 470//470 479//479
f 472//472 473//473 471//471 465//465
f 475//475 477//477 471//471 473//473
f 472//472 3079//3079 476//476 473//473
f 476//476 474//474 475//475 473//473
f 478//478 477//477 475//475 480//480
f 481//481 480//480 475//475 474//474
f 476//476 3465//3465 3180//3180 474//474
f 479//479 477//477 478//478 482//482
f 483//483 482//482 478//478 484//484
f 484//484 478//478 480//480 650//650
f 486//486 485//485 481//481 3048//3048
f 650//650 480//480 481//481 485//485
f 3180//3180 3048//3048 481//481 474//474
f 489//489 479//479 482//482 497//497
f 498//498 497//497 482//482 483//483
f 483//483 484//484 651//651 653//653
f 486//486 647//647 648//648 485//485
f 687//687 647//647 486//486 3173//3173
f 3174//3174 3173//3173 486//486 3048//3048
f 490//490 488//488 487//487 489//489
f 488//488 492//492 3261//3261 469//469
f 490//490 491//491 492//492 488//488
f 490//490 489//489 497//497 499//499
f 2844//2844 491//491 490//490 499//499
f 491//491 493//493 494//494 492//492
f 2843//2843 493//493 491//491 2844//2844
f 492//492 494//494 3263//3263 3261//3261
f 493//493 495//495 496//496 494//494
f 1863//1863 495//495 493//493 2843//2843
f 494//494 496//496 1851//1851 3263//3263
f 1858//1858 1854//1854 496//496 495//495
f 500//500 499//499 497//497 498//498
f 498//498 483//483 653//653 671//671
f 665//665 666//666 500//500 673//673
f 500//500 498//498 671//671 673//673
f 500//500 666//666 2844//2844 499//499
f 502//502 504//504 505//505 501//501
f 503//503 506//506 504//504 502//502
f 503//503 515//515 521//521 506//506
f 504//504 507//507 508//508 505//505
f 3206//3206 501//501 505//505 3465//3465
f 506//506 509//509 507//507 504//504
f 506//506 521//521 531//531 509//509
f 511//511 510//510 507//507 509//509
f 3174//3174 508//508 507//507 510//510
f 508//508 3174//3174 3048//3048 3180//3180
f 3465//3465 505//505 508//508 3180//3180
f 513//513 512//512 510//510 511//511
f 510//510 512//512 3173//3173 3174//3174
f 514//514 513//513 511//511 530//530
f 531//531 530//530 511//511 509//509
f 513//513 684//684 685//685 512//512
f 514//514 693//693 684//684 513//513
f 689//689 711//711 514//514 536//536
f 522//522 521//521 515//515 516//516
f 525//525 524//524 517//517 519//519
f 518//518 523//523 522//522 516//516
f 524//524 523//523 518//518 517//517
f 520//520 3165//3165 525//525 519//519
f 527//527 526//526 522//522 523//523
f 531//531 521//521 522//522 526//526
f 524//524 528//528 527//527 523//523
f 525//525 529//529 528//528 524//524
f 532//532 526//526 527//527 534//534
f 528//528 533//533 534//534 527//527
f 529//529 535//535 533//533 528//528
f 529//529 3164//3164 3159//3159 535//535
f 3165//3165 3164//3164 529//529 525//525
f 536//536 514//514 530//530 532//532
f 532//532 530//530 531//531 526//526
f 539//539 538//538 533//533 535//535
f 534//534 537//537 536//536 532//532
f 538//538 537//537 534//534 533//533
f 691//691 689//689 536//536 537//537
f 538//538 702//702 691//691 537//537
f 538//538 539//539 705//705 702//702
f 539//539 556//556 707//707 705//705
f 3159//3159 556//556 539//539 535//535
f 540//540 542//542 543//543 3198//3198
f 540//540 541//541 549//549 542//542
f 557//557 562//562 541//541 356//356
f 542//542 547//547 546//546 543//543
f 542//542 549//549 548//548 547//547
f 3166//3166 3198//3198 543//543 545//545
f 552//552 551//551 544//544 546//546
f 544//544 551//551 3159//3159 3164//3164
f 546//546 544//544 545//545 543//543
f 545//545 544//544 3164//3164 3165//3165
f 547//547 732//732 552//552 546//546
f 547//547 548//548 554//554 732//732
f 550//550 548//548 549//549 569//569
f 562//562 569//569 549//549 541//541
f 550//550 553//553 554//554 548//548
f 550//550 572//572 3033//3033 553//553
f 551//551 555//555 556//556 3159//3159
f 730//730 555//555 551//551 552//552
f 553//553 734//734 733//733 554//554
f 3219//3219 734//734 553//553 3033//3033
f 3251//3251 707//707 556//556 555//555
f 559//559 557//557 558//558 3077//3077
f 559//559 563//563 562//562 557//557
f 564//564 563//563 559//559 567//567
f 561//561 377//377 560//560 3077//3077
f 565//565 567//567 560//560 376//376
f 563//563 568//568 569//569 562//562
f 564//564 570//570 568//568 563//563
f 571//571 570//570 564//564 566//566
f 567//567 565//565 566//566 564//564
f 566//566 2867//2867 576//576 571//571
f 2964//2964 2867//2867 566//566 565//565
f 567//567 559//559 3077//3077 560//560
f 568//568 570//570 574//574 572//572
f 572//572 550//550 569//569 568//568
f 571//571 573//573 574//574 570//570
f 576//576 575//575 573//573 571//571
f 574//574 573//573 578//578 3220//3220
f 574//574 3220//3220 3033//3033 572//572
f 575//575 577//577 578//578 573//573
f 575//575 3428//3428 775//775 577//577
f 2866//2866 3008//3008 576//576 2867//2867
f 3428//3428 575//575 576//576 3008//3008
f 760//760 759//759 578//578 577//577
f 578//578 759//759 763//763 3220//3220
f 582//582 581//581 579//579 394//394
f 584//584 583//583 579//579 581//581
f 2866//2866 580//580 579//579 583//583
f 580//580 2866//2866 2867//2867 2964//2964
f 585//585 584//584 581//581 2868//2868
f 582//582 3315//3315 2868//2868 581//581
f 584//584 586//586 587//587 583//583
f 585//585 588//588 586//586 584//584
f 2870//2870 2869//2869 585//585 2868//2868
f 585//585 2869//2869 3439//3439 588//588
f 586//586 589//589 590//590 587//587
f 2866//2866 583//583 587//587 3008//3008
f 588//588 591//591 589//589 586//586
f 588//588 3439//3439 3150//3150 591//591
f 593//593 592//592 589//589 591//591
f 3136//3136 590//590 589//589 592//592
f 590//590 3136//3136 775//775 3428//3428
f 3008//3008 587//587 590//590 3428//3428
f 778//778 777//777 592//592 593//593
f 2137//2137 778//778 593//593 3147//3147
f 3150//3150 3147//3147 593//593 591//591
f 598//598 599//599 595//595 600//600
f 601//601 600//600 595//595 594//594
f 596//596 603//603 602//602 597//597
f 598//598 607//607 603//603 596//596
f 3140//3140 595//595 599//599 408//408
f 600//600 3152//3152 607//607 598//598
f 616//616 619//619 601//601 3118//3118
f 3119//3119 3118//3118 601//601 594//594
f 601//601 619//619 3152//3152 600//600
f 603//603 605//605 604//604 602//602
f 607//607 606//606 605//605 603//603
f 605//605 793//793 792//792 604//604
f 606//606 794//794 793//793 605//605
f 607//607 3152//3152 3075//3075 606//606
f 608//608 610//610 611//611 609//609
f 614//614 611//611 610//610 618//618
f 628//628 632//632 610//610 608//608
f 611//611 613//613 2993//2993 609//609
f 612//612 616//616 3118//3118 613//613
f 614//614 612//612 613//613 611//611
f 613//613 3118//3118 3119//3119 2993//2993
f 614//614 617//617 615//615 612//612
f 616//616 612//612 615//615 620//620
f 615//615 622//622 623//623 620//620
f 615//615 617//617 625//625 622//622
f 616//616 620//620 621//621 619//619
f 617//617 614//614 618//618 640//640
f 624//624 625//625 617//617 640//640
f 632//632 636//636 618//618 610//610
f 641//641 640//640 618//618 636//636
f 3027//3027 621//621 620//620 623//623
f 621//621 3027//3027 3046//3046 3075//3075
f 3152//3152 619//619 621//621 3075//3075
f 819//819 818//818 622//622 625//625
f 818//818 817//817 623//623 622//622
f 624//624 626//626 627//627 625//625
f 641//641 645//645 624//624 640//640
f 819//819 625//625 627//627 822//822
f 645//645 646//646 626//626 624//624
f 626//626 838//838 839//839 627//627
f 2838//2838 2898//2898 628//628 442//442
f 628//628 2898//2898 3417//3417 632//632
f 630//630 633//633 634//634 629//629
f 631//631 635//635 633//633 630//630
f 2836//2836 2897//2897 631//631 445//445
f 631//631 2897//2897 3418//3418 635//635
f 632//632 3417//3417 3295//3295 636//636
f 633//633 637//637 638//638 634//634
f 2898//2898 629//629 634//634 3417//3417
f 635//635 639//639 637//637 633//633
f 635//635 3418//3418 3292//3292 639//639
f 637//637 642//642 643//643 638//638
f 3417//3417 634//634 638//638 3295//3295
f 639//639 644//644 642//642 637//637
f 639//639 3292//3292 3294//3294 644//644
f 3295//3295 3281//3281 641//641 636//636
f 837//837 835//835 642//642 644//644
f 835//835 836//836 643//643 642//642
f 643//643 836//836 3282//3282 3281//3281
f 3295//3295 638//638 643//643 3281//3281
f 2185//2185 837//837 644//644 3294//3294
f 3281//3281 3282//3282 645//645 641//641
f 646//646 863//863 838//838 626//626
f 3282//3282 3326//3326 646//646 645//645
f 646//646 3326//3326 3327//3327 863//863
f 647//647 656//656 655//655 648//648
f 648//648 649//649 650//650 485//485
f 648//648 655//655 654//654 649//649
f 649//649 654//654 652//652 651//651
f 651//651 484//484 650//650 649//649
f 653//653 651//651 652//652 658//658
f 659//659 657//657 652//652 654//654
f 661//661 659//659 654//654 655//655
f 656//656 660//660 661//661 655//655
f 687//687 686//686 656//656 647//647
f 658//658 652//652 657//657 662//662
f 671//671 653//653 658//658 672//672
f 663//663 657//657 659//659 932//932
f 659//659 661//661 664//664 3454//3454
f 933//933 932//932 659//659 3454//3454
f 664//664 661//661 660//660 929//929
f 686//686 692//692 660//660 656//656
f 662//662 657//657 663//663 679//679
f 672//672 658//658 662//662 675//675
f 925//925 679//679 663//663 926//926
f 665//665 667//667 668//668 666//666
f 674//674 667//667 665//665 2951//2951
f 666//666 668//668 2843//2843 2844//2844
f 670//670 669//669 668//668 667//667
f 668//668 669//669 1863//1863 2843//2843
f 2007//2007 1866//1866 669//669 670//670
f 670//670 667//667 674//674 678//678
f 673//673 671//671 672//672 676//676
f 2951//2951 665//665 673//673 676//676
f 676//676 672//672 675//675 680//680
f 675//675 662//662 679//679 681//681
f 2977//2977 2951//2951 676//676 680//680
f 678//678 674//674 677//677 682//682
f 677//677 674//674 2951//2951 2977//2977
f 2007//2007 670//670 678//678 2013//2013
f 944//944 681//681 679//679 925//925
f 680//680 675//675 681//681 3330//3330
f 680//680 3330//3330 3331//3331 2977//2977
f 682//682 677//677 683//683 945//945
f 2013//2013 678//678 682//682 2014//2014
f 946//946 945//945 683//683 947//947
f 948//948 947//947 683//683 3331//3331
f 2977//2977 3331//3331 683//683 677//677
f 695//695 694//694 684//684 693//693
f 684//684 694//694 3097//3097 685//685
f 685//685 687//687 3173//3173 512//512
f 687//687 685//685 3097//3097 686//686
f 697//697 696//696 688//688 690//690
f 711//711 689//689 688//688 2995//2995
f 690//690 688//688 689//689 691//691
f 704//704 690//690 691//691 702//702
f 692//692 957//957 929//929 660//660
f 3097//3097 3096//3096 692//692 686//686
f 3483//3483 957//957 692//692 3096//3096
f 711//711 2994//2994 693//693 514//514
f 693//693 2994//2994 3442//3442 695//695
f 956//956 955//955 694//694 695//695
f 694//694 955//955 3096//3096 3097//3097
f 695//695 3442//3442 3011//3011 956//956
f 2995//2995 688//688 696//696 2969//2969
f 704//704 712//712 697//697 690//690
f 697//697 3387//3387 3336//3336 696//696
f 3408//3408 3387//3387 697//697 712//712
f 2038//2038 2037//2037 698//698 700//700
f 2077//2077 723//723 698//698 2037//2037
f 700//700 698//698 699//699 701//701
f 723//723 724//724 699//699 698//698
f 726//726 3336//3336 699//699 724//724
f 3387//3387 701//701 699//699 3336//3336
f 2814//2814 2813//2813 700//700 701//701
f 707//707 706//706 703//703 705//705
f 710//710 713//713 703//703 706//706
f 705//705 703//703 704//704 702//702
f 713//713 712//712 704//704 703//703
f 707//707 3251//3251 708//708 706//706
f 708//708 709//709 710//710 706//706
f 709//709 708//708 738//738 2937//2937
f 752//752 720//720 709//709 2937//2937
f 710//710 714//714 715//715 713//713
f 720//720 714//714 710//710 709//709
f 715//715 3408//3408 712//712 713//713
f 714//714 716//716 717//717 715//715
f 720//720 721//721 716//716 714//714
f 722//722 719//719 716//716 721//721
f 719//719 718//718 717//717 716//716
f 717//717 718//718 2813//2813 2814//2814
f 717//717 2814//2814 3408//3408 715//715
f 718//718 2921//2921 2815//2815 2813//2813
f 718//718 719//719 2922//2922 2921//2921
f 3137//3137 721//721 720//720 752//752
f 754//754 722//722 721//721 3137//3137
f 2922//2922 719//719 722//722 753//753
f 2080//2080 728//728 723//723 2077//2077
f 728//728 727//727 724//724 723//723
f 981//981 980//980 725//725 727//727
f 725//725 980//980 2997//2997 2967//2967
f 727//727 725//725 726//726 724//724
f 726//726 725//725 2967//2967 2969//2969
f 727//727 728//728 729//729 981//981
f 729//729 984//984 982//982 981//981
f 2080//2080 2083//2083 729//729 728//728
f 732//732 731//731 730//730 552//552
f 3251//3251 555//555 730//730 741//741
f 736//736 735//735 731//731 733//733
f 731//731 735//735 741//741 730//730
f 733//733 731//731 732//732 554//554
f 733//733 734//734 737//737 736//736
f 762//762 737//737 734//734 3219//3219
f 739//739 741//741 735//735 742//742
f 743//743 742//742 735//735 736//736
f 737//737 3062//3062 743//743 736//736
f 739//739 740//740 738//738 708//708
f 744//744 745//745 738//738 740//740
f 2938//2938 2937//2937 738//738 745//745
f 739//739 708//708 3251//3251 741//741
f 742//742 746//746 740//740 739//739
f 743//743 751//751 746//746 742//742
f 746//746 749//749 744//744 740//740
f 747//747 748//748 745//745 744//744
f 2942//2942 2938//2938 745//745 748//748
f 749//749 989//989 747//747 744//744
f 991//991 987//987 747//747 989//989
f 987//987 988//988 748//748 747//747
f 751//751 750//750 749//749 746//746
f 750//750 990//990 989//989 749//749
f 3117//3117 990//990 750//750 3022//3022
f 3022//3022 750//750 751//751 3061//3061
f 3062//3062 3061//3061 751//751 743//743
f 3138//3138 3137//3137 752//752 3139//3139
f 753//753 722//722 754//754 756//756
f 2065//2065 2922//2922 753//753 2104//2104
f 756//756 754//754 755//755 757//757
f 758//758 757//757 755//755 1002//1002
f 755//755 754//754 3137//3137 3138//3138
f 755//755 3138//3138 3466//3466 1002//1002
f 2104//2104 753//753 756//756 2107//2107
f 2107//2107 756//756 757//757 2111//2111
f 2112//2112 2111//2111 757//757 758//758
f 2333//2333 2112//2112 758//758 1003//1003
f 765//765 764//764 759//759 760//760
f 775//775 774//774 760//760 577//577
f 761//761 766//766 767//767 762//762
f 761//761 764//764 769//769 766//766
f 763//763 761//761 762//762 3219//3219
f 762//762 767//767 3062//3062 737//737
f 763//763 759//759 764//764 761//761
f 765//765 768//768 769//769 764//764
f 774//774 782//782 765//765 760//760
f 765//765 782//782 784//784 768//768
f 771//771 770//770 767//767 766//766
f 767//767 770//770 3061//3061 3062//3062
f 769//769 772//772 771//771 766//766
f 773//773 772//772 769//769 768//768
f 1014//1014 1013//1013 770//770 771//771
f 770//770 1013//1013 3022//3022 3061//3061
f 772//772 1015//1015 1014//1014 771//771
f 1016//1016 1015//1015 772//772 773//773
f 784//784 786//786 773//773 768//768
f 774//774 776//776 779//779 782//782
f 776//776 774//774 775//775 3136//3136
f 776//776 777//777 781//781 779//779
f 777//777 776//776 3136//3136 592//592
f 778//778 780//780 781//781 777//777
f 779//779 783//783 784//784 782//782
f 2137//2137 2138//2138 780//780 778//778
f 781//781 785//785 783//783 779//779
f 781//781 780//780 790//790 785//785
f 788//788 787//787 783//783 785//785
f 787//787 786//786 784//784 783//783
f 786//786 1033//1033 1016//1016 773//773
f 1034//1034 1033//1033 786//786 787//787
f 1035//1035 1034//1034 787//787 788//788
f 790//790 789//789 788//788 785//785
f 789//789 1036//1036 1035//1035 788//788
f 1037//1037 1036//1036 789//789 791//791
f 791//791 789//789 790//790 2142//2142
f 2138//2138 2142//2142 790//790 780//780
f 2365//2365 1037//1037 791//791 3068//3068
f 3145//3145 3068//3068 791//791 2142//2142
f 792//792 793//793 796//796 795//795
f 797//797 796//796 793//793 794//794
f 798//798 797//797 794//794 3046//3046
f 3075//3075 3046//3046 794//794 606//606
f 795//795 801//801 803//803 33//33
f 800//800 802//802 796//796 797//797
f 796//796 802//802 801//801 795//795
f 798//798 799//799 800//800 797//797
f 3027//3027 3074//3074 798//798 3046//3046
f 3076//3076 799//799 798//798 3074//3074
f 799//799 808//808 806//806 800//800
f 800//800 806//806 807//807 802//802
f 805//805 803//803 801//801 809//809
f 802//802 807//807 809//809 801//801
f 804//804 34//34 803//803 805//805
f 815//815 812//812 804//804 810//810
f 810//810 804//804 805//805 811//811
f 807//807 806//806 3045//3045 3072//3072
f 834//834 833//833 808//808 830//830
f 3045//3045 806//806 808//808 833//833
f 3076//3076 830//830 808//808 799//799
f 811//811 805//805 809//809 1051//1051
f 809//809 807//807 3072//3072 1051//1051
f 810//810 811//811 1048//1048 1053//1053
f 816//816 814//814 812//812 815//815
f 814//814 3376//3376 2821//2821 813//813
f 815//815 810//810 1053//1053 1067//1067
f 816//816 815//815 1067//1067 1070//1070
f 2827//2827 2825//2825 816//816 1070//1070
f 816//816 2825//2825 3376//3376 814//814
f 817//817 3074//3074 3027//3027 623//623
f 818//818 820//820 821//821 817//817
f 819//819 822//822 820//820 818//818
f 820//820 823//823 824//824 821//821
f 821//821 824//824 830//830 3076//3076
f 821//821 3076//3076 3074//3074 817//817
f 822//822 825//825 823//823 820//820
f 826//826 825//825 822//822 627//627
f 829//829 828//828 823//823 825//825
f 828//828 827//827 824//824 823//823
f 826//826 850//850 829//829 825//825
f 839//839 842//842 826//826 627//627
f 851//851 850//850 826//826 842//842
f 830//830 824//824 827//827 834//834
f 827//827 832//832 1094//1094 834//834
f 828//828 831//831 832//832 827//827
f 3084//3084 831//831 828//828 829//829
f 831//831 1096//1096 1097//1097 832//832
f 1099//1099 1096//1096 831//831 3084//3084
f 834//834 1094//1094 1095//1095 833//833
f 864//864 836//836 835//835 865//865
f 836//836 864//864 3326//3326 3282//3282
f 837//837 867//867 865//865 835//835
f 840//840 839//839 838//838 845//845
f 869//869 845//845 838//838 863//863
f 840//840 841//841 842//842 839//839
f 843//843 844//844 840//840 845//845
f 848//848 841//841 840//840 844//844
f 841//841 852//852 851//851 842//842
f 869//869 874//874 843//843 845//845
f 847//847 846//846 844//844 843//843
f 846//846 856//856 848//848 844//844
f 899//899 856//856 846//846 849//849
f 849//849 846//846 847//847 879//879
f 847//847 843//843 874//874 880//880
f 878//878 879//879 847//847 880//880
f 848//848 3197//3197 852//852 841//841
f 849//849 894//894 893//893 899//899
f 895//895 894//894 849//849 879//879
f 858//858 857//857 850//850 851//851
f 850//850 857//857 3084//3084 829//829
f 852//852 1122//1122 858//858 851//851
f 852//852 3197//3197 860//860 1122//1122
f 854//854 855//855 853//853 859//859
f 853//853 861//861 862//862 859//859
f 854//854 859//859 860//860 3197//3197
f 855//855 854//854 856//856 899//899
f 855//855 899//899 893//893 3196//3196
f 907//907 853//853 855//855 3196//3196
f 856//856 854//854 3197//3197 848//848
f 857//857 1098//1098 1099//1099 3084//3084
f 858//858 1120//1120 1098//1098 857//857
f 860//860 859//859 862//862 1123//1123
f 907//907 906//906 861//861 853//853
f 861//861 1126//1126 1124//1124 862//862
f 862//862 1124//1124 1125//1125 1123//1123
f 866//866 864//864 865//865 868//868
f 870//870 871//871 866//866 868//868
f 3326//3326 864//864 866//866 3327//3327
f 866//866 871//871 3373//3373 3327//3327
f 868//868 865//865 867//867 873//873
f 2185//2185 2205//2205 867//867 837//837
f 2206//2206 873//873 867//867 2205//2205
f 872//872 870//870 868//868 873//873
f 869//869 3373//3373 2818//2818 874//874
f 3327//3327 3373//3373 869//869 863//863
f 870//870 875//875 876//876 871//871
f 872//872 877//877 875//875 870//870
f 872//872 873//873 2206//2206 2208//2208
f 2817//2817 880//880 874//874 2818//2818
f 883//883 876//876 875//875 881//881
f 3373//3373 871//871 876//876 2818//2818
f 881//881 875//875 877//877 884//884
f 2208//2208 2207//2207 877//877 872//872
f 895//895 879//879 878//878 920//920
f 921//921 920//920 878//878 3004//3004
f 2817//2817 3004//3004 878//878 880//880
f 882//882 883//883 881//881 885//885
f 2817//2817 883//883 882//882 3004//3004
f 883//883 2817//2817 2818//2818 876//876
f 885//885 881//881 884//884 3003//3003
f 884//884 877//877 2207//2207 2213//2213
f 884//884 2213//2213 3002//3002 3003//3003
f 922//922 882//882 885//885 923//923
f 886//886 888//888 889//889 910//910
f 888//888 886//886 887//887 896//896
f 891//891 890//890 887//887 886//886
f 887//887 890//890 898//898 901//901
f 889//889 888//888 894//894 895//895
f 911//911 910//910 889//889 912//912
f 892//892 890//890 891//891 928//928
f 891//891 886//886 910//910 931//931
f 892//892 897//897 898//898 890//890
f 893//893 896//896 900//900 3196//3196
f 896//896 893//893 894//894 888//888
f 912//912 889//889 895//895 920//920
f 901//901 900//900 896//896 887//887
f 930//930 3098//3098 897//897 892//892
f 935//935 905//905 897//897 3098//3098
f 905//905 904//904 898//898 897//897
f 903//903 902//902 900//900 901//901
f 901//901 898//898 904//904 903//903
f 1143//1143 1142//1142 902//902 903//903
f 902//902 907//907 3196//3196 900//900
f 909//909 1143//1143 903//903 904//904
f 905//905 908//908 909//909 904//904
f 905//905 935//935 1158//1158 908//908
f 906//906 1144//1144 1126//1126 861//861
f 1142//1142 906//906 907//907 902//902
f 908//908 1146//1146 1147//1147 909//909
f 908//908 1158//1158 1159//1159 1146//1146
f 911//911 912//912 913//913 915//915
f 911//911 951//951 931//931 910//910
f 911//911 915//915 3275//3275 951//951
f 912//912 920//920 921//921 913//913
f 913//913 921//921 922//922 914//914
f 915//915 913//913 914//914 916//916
f 917//917 916//916 914//914 918//918
f 915//915 916//916 953//953 3275//3275
f 917//917 952//952 953//953 916//916
f 919//919 917//917 918//918 924//924
f 918//918 914//914 922//922 923//923
f 919//919 954//954 952//952 917//917
f 919//919 924//924 2243//2243 2245//2245
f 919//919 2245//2245 3270//3270 954//954
f 922//922 921//921 3004//3004 882//882
f 924//924 918//918 923//923 2252//2252
f 923//923 885//885 3003//3003 2252//2252
f 924//924 2252//2252 2253//2253 2243//2243
f 926//926 928//928 927//927 925//925
f 926//926 663//663 932//932 930//930
f 944//944 925//925 927//927 3269//3269
f 927//927 931//931 951//951 3269//3269
f 928//928 926//926 930//930 892//892
f 928//928 891//891 931//931 927//927
f 929//929 936//936 937//937 664//664
f 3098//3098 930//930 932//932 933//933
f 933//933 934//934 935//935 3098//3098
f 3106//3106 934//934 933//933 3454//3454
f 939//939 938//938 934//934 3106//3106
f 935//935 934//934 938//938 1158//1158
f 936//936 963//963 942//942 937//937
f 957//957 960//960 936//936 929//929
f 964//964 963//963 936//936 960//960
f 937//937 942//942 939//939 3106//3106
f 937//937 3106//3106 3454//3454 664//664
f 941//941 943//943 938//938 939//939
f 938//938 943//943 1159//1159 1158//1158
f 940//940 1160//1160 1161//1161 941//941
f 942//942 940//940 941//941 939//939
f 941//941 1161//1161 1164//1164 943//943
f 1177//1177 940//940 942//942 963//963
f 944//944 3269//3269 3276//3276 3309//3309
f 944//944 3309//3309 3330//3330 681//681
f 2014//2014 682//682 945//945 2272//2272
f 2273//2273 2272//2272 945//945 946//946
f 946//946 947//947 950//950 2274//2274
f 947//947 948//948 949//949 950//950
f 949//949 953//953 952//952 950//950
f 3275//3275 953//953 949//949 3276//3276
f 3309//3309 3276//3276 949//949 948//948
f 950//950 952//952 954//954 2274//2274
f 951//951 3275//3275 3276//3276 3269//3269
f 956//956 958//958 959//959 955//955
f 962//962 960//960 957//957 3483//3483
f 961//961 959//959 958//958 3212//3212
f 3011//3011 2895//2895 958//958 956//956
f 959//959 961//961 962//962 3483//3483
f 3096//3096 955//955 959//959 3483//3483
f 961//961 965//965 966//966 962//962
f 962//962 966//966 964//964 960//960
f 971//971 970//970 964//964 966//966
f 964//964 970//970 1177//1177 963//963
f 3212//3212 969//969 965//965 961//961
f 966//966 965//965 3018//3018 971//971
f 967//967 968//968 969//969 3212//3212
f 2892//2892 3233//3233 967//967 2895//2895
f 967//967 3233//3233 3349//3349 968//968
f 1181//1181 969//969 968//968 1179//1179
f 969//969 1181//1181 3018//3018 965//965
f 970//970 971//971 3017//3017 3109//3109
f 974//974 972//972 973//973 975//975
f 982//982 975//975 973//973 983//983
f 973//973 985//985 986//986 983//983
f 3238//3238 985//985 973//973 972//972
f 974//974 977//977 978//978 972//972
f 976//976 974//974 975//975 2298//2298
f 976//976 979//979 977//977 974//974
f 1203//1203 1201//1201 977//977 979//979
f 1201//1201 1202//1202 978//978 977//977
f 3238//3238 972//972 978//978 3360//3360
f 978//978 1202//1202 3359//3359 3360//3360
f 2299//2299 2305//2305 979//979 976//976
f 2494//2494 1203//1203 979//979 2305//2305
f 981//981 982//982 983//983 980//980
f 982//982 984//984 2298//2298 975//975
f 2997//2997 980//980 983//983 986//986
f 2083//2083 2327//2327 984//984 729//729
f 2331//2331 2298//2298 984//984 2327//2327
f 985//985 3238//3238 3233//3233 2892//2892
f 986//986 985//985 2892//2892 2896//2896
f 2998//2998 2997//2997 986//986 2896//2896
f 994//994 993//993 987//987 991//991
f 3333//3333 988//988 987//987 993//993
f 2942//2942 748//748 988//988 3433//3433
f 992//992 991//991 989//989 990//990
f 995//995 994//994 991//991 992//992
f 3117//3117 3023//3023 992//992 990//990
f 996//996 3333//3333 993//993 1000//1000
f 994//994 999//999 1000//1000 993//993
f 995//995 1001//1001 999//999 994//994
f 3023//3023 3020//3020 995//995 992//992
f 997//997 998//998 996//996 1000//1000
f 2944//2944 2946//2946 996//996 998//998
f 3171//3171 3333//3333 996//996 2946//2946
f 999//999 1221//1221 997//997 1000//1000
f 1223//1223 1219//1219 997//997 1221//1221
f 1219//1219 1220//1220 998//998 997//997
f 2945//2945 2944//2944 998//998 1220//1220
f 1001//1001 1222//1222 1221//1221 999//999
f 3020//3020 3019//3019 1001//1001 995//995
f 3460//3460 1222//1222 1001//1001 3019//3019
f 1003//1003 758//758 1002//1002 1004//1004
f 1002//1002 3466//3466 3474//3474 1004//1004
f 2337//2337 2333//2333 1003//1003 1005//1005
f 1005//1005 1003//1003 1004//1004 1008//1008
f 1004//1004 3474//3474 1006//1006 1008//1008
f 1005//1005 1008//1008 1009//1009 1012//1012
f 1008//1008 1006//1006 1007//1007 1009//1009
f 1007//1007 1006//1006 3170//3170 3172//3172
f 1009//1009 1007//1007 1010//1010 1011//1011
f 1010//1010 1007//1007 3172//3172 3192//3192
f 1012//1012 1009//1009 1011//1011 1234//1234
f 1235//1235 1234//1234 1011//1011 1236//1236
f 1011//1011 1010//1010 3193//3193 1236//1236
f 2337//2337 1005//1005 1012//1012 2344//2344
f 1014//1014 1017//1017 1018//1018 1013//1013
f 1014//1014 1015//1015 1020//1020 1017//1017
f 1016//1016 1019//1019 1020//1020 1015//1015
f 1039//1039 1019//1019 1016//1016 1033//1033
f 1017//1017 1021//1021 1022//1022 1018//1018
f 1017//1017 1020//1020 1024//1024 1021//1021
f 1018//1018 3117//3117 3022//3022 1013//1013
f 1019//1019 1023//1023 1024//1024 1020//1020
f 1042//1042 1023//1023 1019//1019 1039//1039
f 1026//1026 1025//1025 1022//1022 1021//1021
f 1022//1022 1025//1025 3020//3020 3023//3023
f 1022//1022 3023//3023 3117//3117 1018//1018
f 1023//1023 1027//1027 1028//1028 1024//1024
f 1023//1023 1042//1042 3060//3060 1027//1027
f 1024//1024 1028//1028 1026//1026 1021//1021
f 1030//1030 1029//1029 1025//1025 1026//1026
f 1025//1025 1029//1029 3019//3019 3020//3020
f 1028//1028 1031//1031 1030//1030 1026//1026
f 1032//1032 1031//1031 1028//1028 1027//1027
f 1030//1030 1244//1244 1245//1245 1029//1029
f 1031//1031 1246//1246 1244//1244 1030//1030
f 1247//1247 1246//1246 1031//1031 1032//1032
f 3060//3060 3058//3058 1032//1032 1027//1027
f 1034//1034 1038//1038 1039//1039 1033//1033
f 1035//1035 1040//1040 1038//1038 1034//1034
f 3475//3475 1040//1040 1035//1035 1036//1036
f 2368//2368 3475//3475 1036//1036 1037//1037
f 1038//1038 1041//1041 1042//1042 1039//1039
f 1040//1040 1043//1043 1041//1041 1038//1038
f 3059//3059 1043//1043 1040//1040 3475//3475
f 1042//1042 1041//1041 1045//1045 3060//3060
f 1043//1043 1044//1044 1045//1045 1041//1041
f 1043//1043 3059//3059 3044//3044 1044//1044
f 1047//1047 1046//1046 1045//1045 1044//1044
f 1045//1045 1046//1046 3058//3058 3060//3060
f 1271//1271 1270//1270 1046//1046 1047//1047
f 1046//1046 1270//1270 3057//3057 3058//3058
f 3044//3044 3043//3043 1047//1047 1044//1044
f 1048//1048 1049//1049 1050//1050 1054//1054
f 1051//1051 1049//1049 1048//1048 811//811
f 1050//1050 1049//1049 1052//1052 2853//2853
f 1050//1050 1055//1055 1057//1057 1054//1054
f 1052//1052 1049//1049 1051//1051 3072//3072
f 3045//3045 3073//3073 1052//1052 3072//3072
f 1053//1053 1048//1048 1054//1054 1069//1069
f 1068//1068 1067//1067 1053//1053 1069//1069
f 1059//1059 1069//1069 1054//1054 1057//1057
f 1056//1056 1057//1057 1055//1055 1061//1061
f 1060//1060 1061//1061 1055//1055 2854//2854
f 2853//2853 2854//2854 1055//1055 1050//1050
f 1058//1058 1059//1059 1057//1057 1056//1056
f 1062//1062 1087//1087 1058//1058 1056//1056
f 1068//1068 1069//1069 1059//1059 1072//1072
f 1073//1073 1072//1072 1059//1059 1058//1058
f 1064//1064 1063//1063 1060//1060 1112//1112
f 1066//1066 1061//1061 1060//1060 1063//1063
f 1060//1060 2854//2854 3204//3204 1112//1112
f 1062//1062 1056//1056 1061//1061 1066//1066
f 1284//1284 1286//1286 1062//1062 1066//1066
f 3444//3444 1065//1065 1063//1063 1064//1064
f 1111//1111 1110//1110 1064//1064 1112//1112
f 1066//1066 1063//1063 1065//1065 1284//1284
f 1285//1285 1284//1284 1065//1065 1288//1288
f 1071//1071 1070//1070 1067//1067 1068//1068
f 1071//1071 1068//1068 1072//1072 1074//1074
f 1077//1077 3287//3287 1071//1071 1074//1074
f 1071//1071 3287//3287 2827//2827 1070//1070
f 1075//1075 1074//1074 1072//1072 1073//1073
f 1073//1073 1058//1058 1087//1087 1086//1086
f 1075//1075 1076//1076 1077//1077 1074//1074
f 1075//1075 1073//1073 1086//1086 1090//1090
f 1075//1075 1090//1090 1092//1092 1076//1076
f 1076//1076 1078//1078 1079//1079 1077//1077
f 3338//3338 1078//1078 1076//1076 1092//1092
f 1084//1084 1081//1081 1078//1078 3338//3338
f 1081//1081 1080//1080 1079//1079 1078//1078
f 1079//1079 3286//3286 3287//3287 1077//1077
f 1080//1080 2399//2399 3286//3286 1079//1079
f 1081//1081 1082//1082 1083//1083 1080//1080
f 1085//1085 1082//1082 1081//1081 1084//1084
f 1083//1083 2398//2398 2399//2399 1080//1080
f 1083//1083 2403//2403 2401//2401 2398//2398
f 2404//2404 2403//2403 1083//1083 1082//1082
f 3357//3357 3356//3356 1084//1084 3338//3338
f 2404//2404 1082//1082 1085//1085 2413//2413
f 2414//2414 2413//2413 1085//1085 2415//2415
f 3356//3356 2415//2415 1085//1085 1084//1084
f 1091//1091 1090//1090 1086//1086 1088//1088
f 1088//1088 1086//1086 1087//1087 1089//1089
f 1286//1286 1089//1089 1087//1087 1062//1062
f 1287//1287 1303//1303 1088//1088 1089//1089
f 1093//1093 1092//1092 1090//1090 1091//1091
f 1091//1091 1088//1088 1303//1303 1304//1304
f 1093//1093 1091//1091 1304//1304 1307//1307
f 1093//1093 3357//3357 3338//3338 1092//1092
f 3379//3379 3357//3357 1093//1093 1307//1307
f 1097//1097 1101//1101 1094//1094 832//832
f 1101//1101 1100//1100 1095//1095 1094//1094
f 1095//1095 3073//3073 3045//3045 833//833
f 1095//1095 1100//1100 3203//3203 3073//3073
f 1096//1096 1108//1108 1106//1106 1097//1097
f 1098//1098 1102//1102 1103//1103 1099//1099
f 1128//1128 1102//1102 1098//1098 1120//1120
f 1099//1099 1103//1103 1108//1108 1096//1096
f 1105//1105 1104//1104 1100//1100 1101//1101
f 3204//3204 3203//3203 1100//1100 1104//1104
f 1106//1106 1105//1105 1101//1101 1097//1097
f 1116//1116 1109//1109 1103//1103 1102//1102
f 1111//1111 1104//1104 1105//1105 1110//1110
f 1105//1105 1106//1106 3086//3086 1110//1110
f 1106//1106 1108//1108 1107//1107 3086//3086
f 1107//1107 1109//1109 1118//1118 1289//1289
f 1109//1109 1107//1107 1108//1108 1103//1103
f 1114//1114 1118//1118 1109//1109 1116//1116
f 1110//1110 3086//3086 3444//3444 1064//1064
f 1111//1111 1112//1112 3204//3204 1104//1104
f 1114//1114 1115//1115 1113//1113 1119//1119
f 1115//1115 1114//1114 1116//1116 1133//1133
f 1115//1115 1132//1132 1138//1138 1113//1113
f 1128//1128 1133//1133 1116//1116 1102//1102
f 1119//1119 1117//1117 1118//1118 1114//1114
f 1288//1288 1289//1289 1118//1118 1117//1117
f 1290//1290 1117//1117 1119//1119 1297//1297
f 1119//1119 1113//1113 1328//1328 1297//1297
f 1122//1122 1121//1121 1120//1120 858//858
f 1127//1127 1128//1128 1120//1120 1121//1121
f 1121//1121 1123//1123 1125//1125 1127//1127
f 1123//1123 1121//1121 1122//1122 860//860
f 1130//1130 1129//1129 1124//1124 1126//1126
f 1125//1125 1124//1124 1129//1129 1135//1135
f 1126//1126 1144//1144 3218//3218 1130//1130
f 1133//1133 1128//1128 1127//1127 1131//1131
f 1127//1127 1125//1125 1135//1135 1131//1131
f 1137//1137 1136//1136 1129//1129 1130//1130
f 1134//1134 1132//1132 1131//1131 1135//1135
f 1133//1133 1131//1131 1132//1132 1115//1115
f 1139//1139 1138//1138 1132//1132 1134//1134
f 1136//1136 1134//1134 1135//1135 1129//1129
f 1139//1139 1134//1134 1136//1136 1140//1140
f 1141//1141 1140//1140 1136//1136 1137//1137
f 3218//3218 3195//3195 1137//1137 1130//1130
f 1325//1325 1324//1324 1138//1138 1139//1139
f 1138//1138 1324//1324 1328//1328 1113//1113
f 1139//1139 1140//1140 1327//1327 1325//1325
f 1141//1141 1326//1326 1327//1327 1140//1140
f 3195//3195 3163//3163 1141//1141 1137//1137
f 1141//1141 3163//3163 3456//3456 1326//1326
f 1142//1142 1145//1145 1144//1144 906//906
f 1142//1142 1143//1143 1150//1150 1145//1145
f 1143//1143 909//909 1147//1147 1150//1150
f 1144//1144 1145//1145 1149//1149 3218//3218
f 1146//1146 3095//3095 1153//1153 1147//1147
f 3099//3099 3095//3095 1146//1146 1159//1159
f 1147//1147 1153//1153 1148//1148 1150//1150
f 1150//1150 1148//1148 1149//1149 1145//1145
f 1152//1152 1151//1151 1149//1149 1148//1148
f 1149//1149 1151//1151 3195//3195 3218//3218
f 1157//1157 1156//1156 1151//1151 1152//1152
f 1151//1151 1156//1156 3163//3163 3195//3195
f 1153//1153 1154//1154 1152//1152 1148//1148
f 1152//1152 1154//1154 1155//1155 1157//1157
f 1154//1154 1168//1168 1379//1379 1155//1155
f 3095//3095 1168//1168 1154//1154 1153//1153
f 1155//1155 1346//1346 1344//1344 1157//1157
f 1157//1157 1344//1344 1345//1345 1156//1156
f 1164//1164 3099//3099 1159//1159 943//943
f 1177//1177 1176//1176 1160//1160 940//940
f 1178//1178 1166//1166 1160//1160 1176//1176
f 1166//1166 1165//1165 1161//1161 1160//1160
f 1162//1162 1169//1169 1167//1167 1163//1163
f 1164//1164 1162//1162 1163//1163 3099//3099
f 1163//1163 1168//1168 3095//3095 3099//3099
f 1165//1165 1162//1162 1164//1164 1161//1161
f 1165//1165 3021//3021 1169//1169 1162//1162
f 1165//1165 1166//1166 1183//1183 3021//3021
f 1168//1168 1163//1163 1167//1167 1379//1379
f 1171//1171 1170//1170 1167//1167 1169//1169
f 1172//1172 1171//1171 1169//1169 3021//3021
f 1379//1379 1167//1167 1170//1170 1378//1378
f 1170//1170 1383//1383 1381//1381 1378//1378
f 1171//1171 1173//1173 1383//1383 1170//1170
f 1173//1173 1171//1171 1172//1172 1174//1174
f 1175//1175 1174//1174 1172//1172 3093//3093
f 1173//1173 1174//1174 1380//1380 1384//1384
f 1408//1408 1380//1380 1174//1174 1175//1175
f 1195//1195 1194//1194 1175//1175 3093//3093
f 1198//1198 1408//1408 1175//1175 1194//1194
f 1177//1177 970//970 3109//3109 1176//1176
f 1178//1178 1182//1182 1183//1183 1166//1166
f 1178//1178 1176//1176 3109//3109 3110//3110
f 3349//3349 3350//3350 1179//1179 968//968
f 1181//1181 1179//1179 1180//1180 1186//1186
f 1180//1180 1187//1187 1188//1188 1186//1186
f 3348//3348 1187//1187 1180//1180 3384//3384
f 3350//3350 3384//3384 1180//1180 1179//1179
f 1190//1190 1195//1195 1182//1182 3211//3211
f 1182//1182 1195//1195 3093//3093 1183//1183
f 1182//1182 1178//1178 3110//3110 3211//3211
f 1184//1184 1185//1185 1186//1186 1188//1188
f 1184//1184 1189//1189 1191//1191 3016//3016
f 1185//1185 1184//1184 3016//3016 3017//3017
f 3018//3018 1181//1181 1186//1186 1185//1185
f 1188//1188 1192//1192 1189//1189 1184//1184
f 1188//1188 1187//1187 1193//1193 1192//1192
f 1191//1191 1189//1189 1190//1190 3211//3211
f 1190//1190 1189//1189 1192//1192 1197//1197
f 1192//1192 1193//1193 1196//1196 1197//1197
f 1193//1193 3321//3321 1199//1199 1196//1196
f 3348//3348 3321//3321 1193//1193 1187//1187
f 1197//1197 1194//1194 1195//1195 1190//1190
f 1197//1197 1196//1196 1198//1198 1194//1194
f 1199//1199 1200//1200 1198//1198 1196//1196
f 1198//1198 1200//1200 1409//1409 1408//1408
f 1216//1216 1217//1217 1200//1200 1199//1199
f 1200//1200 1217//1217 1410//1410 1409//1409
f 1206//1206 1204//1204 1201//1201 1203//1203
f 1204//1204 1205//1205 1202//1202 1201//1201
f 1202//1202 1205//1205 3383//3383 3359//3359
f 2498//2498 1206//1206 1203//1203 2494//2494
f 1204//1204 1207//1207 1208//1208 1205//1205
f 1206//1206 1209//1209 1207//1207 1204//1204
f 1212//1212 1210//1210 1207//1207 1209//1209
f 1210//1210 1211//1211 1208//1208 1207//1207
f 1208//1208 1211//1211 3320//3320 3346//3346
f 1208//1208 3346//3346 3383//3383 1205//1205
f 2498//2498 2502//2502 1209//1209 1206//1206
f 2505//2505 1212//1212 1209//1209 2502//2502
f 1210//1210 1213//1213 1214//1214 1211//1211
f 1212//1212 1215//1215 1213//1213 1210//1210
f 1415//1415 1413//1413 1213//1213 1215//1215
f 1214//1214 1218//1218 1217//1217 1216//1216
f 1413//1413 1218//1218 1214//1214 1213//1213
f 3320//3320 1211//1211 1214//1214 1216//1216
f 2505//2505 2510//2510 1215//1215 1212//1212
f 2511//2511 1415//1415 1215//1215 2510//2510
f 3321//3321 3320//3320 1216//1216 1199//1199
f 1217//1217 1218//1218 1411//1411 1410//1410
f 3334//3334 1220//1220 1219//1219 1224//1224
f 1221//1221 1222//1222 3217//3217 1223//1223
f 1249//1249 3217//3217 1222//1222 3460//3460
f 1224//1224 1219//1219 1223//1223 3087//3087
f 1226//1226 1225//1225 1224//1224 3087//3087
f 3339//3339 3334//3334 1224//1224 1225//1225
f 1229//1229 3339//3339 1225//1225 1228//1228
f 1226//1226 1227//1227 1228//1228 1225//1225
f 3102//3102 3026//3026 1226//1226 3087//3087
f 1227//1227 1233//1233 1232//1232 1228//1228
f 1227//1227 3101//3101 1421//1421 1233//1233
f 3026//3026 3101//3101 1227//1227 1226//1226
f 1229//1229 1228//1228 1232//1232 1230//1230
f 1229//1229 1231//1231 2985//2985 3339//3339
f 1231//1231 1229//1229 1230//1230 1417//1417
f 1230//1230 1232//1232 1416//1416 1419//1419
f 1418//1418 1417//1417 1230//1230 1419//1419
f 1430//1430 2986//2986 1231//1231 1417//1417
f 1232//1232 1233//1233 1425//1425 1416//1416
f 1233//1233 1421//1421 1420//1420 1425//1425
f 2344//2344 1012//1012 1234//1234 2543//2543
f 2544//2544 2543//2543 1234//1234 1235//1235
f 2548//2548 2544//2544 1235//1235 1237//1237
f 1237//1237 1235//1235 1236//1236 1238//1238
f 1236//1236 3193//3193 3449//3449 1238//1238
f 1237//1237 1238//1238 1239//1239 1241//1241
f 2982//2982 1239//1239 1238//1238 3449//3449
f 1241//1241 1239//1239 1240//1240 1243//1243
f 1240//1240 1239//1239 2982//2982 2984//2984
f 2548//2548 1237//1237 1241//1241 2555//2555
f 1243//1243 1240//1240 1242//1242 1432//1432
f 1433//1433 1432//1432 1242//1242 1434//1434
f 1242//1242 1240//1240 2984//2984 3248//3248
f 3266//3266 1434//1434 1242//1242 3248//3248
f 2555//2555 1241//1241 1243//1243 2559//2559
f 1244//1244 1250//1250 1248//1248 1245//1245
f 1244//1244 1246//1246 1252//1252 1250//1250
f 1245//1245 1248//1248 1249//1249 3460//3460
f 1245//1245 3460//3460 3019//3019 1029//1029
f 1247//1247 1251//1251 1252//1252 1246//1246
f 3058//3058 3057//3057 1247//1247 1032//1032
f 3446//3446 1251//1251 1247//1247 3057//3057
f 1255//1255 1254//1254 1248//1248 1250//1250
f 1254//1254 1253//1253 1249//1249 1248//1248
f 1249//1249 1253//1253 3102//3102 3217//3217
f 1250//1250 1252//1252 1257//1257 1255//1255
f 1251//1251 1256//1256 1257//1257 1252//1252
f 1251//1251 3446//3446 2882//2882 1256//1256
f 1259//1259 1258//1258 1253//1253 1254//1254
f 1253//1253 1258//1258 3026//3026 3102//3102
f 1260//1260 1259//1259 1254//1254 1255//1255
f 1257//1257 1261//1261 1260//1260 1255//1255
f 1262//1262 1261//1261 1257//1257 1256//1256
f 1258//1258 1264//1264 3101//3101 3026//3026
f 1259//1259 1263//1263 1264//1264 1258//1258
f 1260//1260 1265//1265 1263//1263 1259//1259
f 1267//1267 1265//1265 1260//1260 1261//1261
f 1262//1262 1266//1266 1267//1267 1261//1261
f 2882//2882 1268//1268 1262//1262 1256//1256
f 1447//1447 1264//1264 1263//1263 1449//1449
f 3015//3015 1449//1449 1263//1263 1265//1265
f 1265//1265 1267//1267 3288//3288 3015//3015
f 1268//1268 1269//1269 1266//1266 1262//1262
f 1266//1266 1269//1269 1451//1451 3289//3289
f 3289//3289 3288//3288 1267//1267 1266//1266
f 1275//1275 1276//1276 1268//1268 2882//2882
f 1276//1276 1278//1278 1269//1269 1268//1268
f 1271//1271 1272//1272 1273//1273 1270//1270
f 3043//3043 3042//3042 1271//1271 1047//1047
f 3447//3447 1272//1272 1271//1271 3042//3042
f 1272//1272 1274//1274 1275//1275 1273//1273
f 1272//1272 3447//3447 2881//2881 1274//1274
f 1273//1273 3446//3446 3057//3057 1270//1270
f 1277//1277 1276//1276 1275//1275 1274//1274
f 3446//3446 1273//1273 1275//1275 2882//2882
f 1279//1279 1278//1278 1276//1276 1277//1277
f 2881//2881 1280//1280 1277//1277 1274//1274
f 1278//1278 1458//1458 1451//1451 1269//1269
f 1280//1280 1281//1281 1279//1279 1277//1277
f 1279//1279 1459//1459 1458//1458 1278//1278
f 1279//1279 1281//1281 1461//1461 1459//1459
f 2597//2597 1282//1282 1280//1280 2881//2881
f 1282//1282 1283//1283 1281//1281 1280//1280
f 1281//1281 1283//1283 1463//1463 1461//1461
f 2775//2775 1283//1283 1282//1282 2601//2601
f 1286//1286 1284//1284 1285//1285 1291//1291
f 1285//1285 1290//1290 1295//1295 1291//1291
f 1287//1287 1089//1089 1286//1286 1291//1291
f 1306//1306 1303//1303 1287//1287 1292//1292
f 1290//1290 1285//1285 1288//1288 1117//1117
f 1288//1288 1065//1065 3444//3444 1289//1289
f 3086//3086 1107//1107 1289//1289 3444//3444
f 1293//1293 1295//1295 1290//1290 1297//1297
f 1292//1292 1287//1287 1291//1291 1295//1295
f 1293//1293 1294//1294 1292//1292 1295//1295
f 1296//1296 1298//1298 1294//1294 1293//1293
f 1300//1300 1299//1299 1294//1294 1298//1298
f 1306//1306 1292//1292 1294//1294 1299//1299
f 1296//1296 1293//1293 1297//1297 1328//1328
f 1296//1296 1301//1301 1302//1302 1298//1298
f 1305//1305 1306//1306 1299//1299 1314//1314
f 1315//1315 1314//1314 1299//1299 1300//1300
f 1300//1300 1298//1298 1302//1302 1332//1332
f 1325//1325 1329//1329 1301//1301 1324//1324
f 1301//1301 1296//1296 1328//1328 1324//1324
f 1329//1329 1335//1335 1302//1302 1301//1301
f 1333//1333 1332//1332 1302//1302 1335//1335
f 1305//1305 1304//1304 1303//1303 1306//1306
f 1308//1308 1307//1307 1304//1304 1305//1305
f 1308//1308 1305//1305 1314//1314 1316//1316
f 1308//1308 1309//1309 3379//3379 1307//1307
f 1310//1310 1311//1311 1309//1309 1318//1318
f 1309//1309 1308//1308 1316//1316 1318//1318
f 1309//1309 1311//1311 3378//3378 3379//3379
f 1319//1319 1320//1320 1310//1310 1318//1318
f 1312//1312 1313//1313 1311//1311 1310//1310
f 1311//1311 1313//1313 2628//2628 3378//3378
f 1320//1320 1321//1321 1312//1312 1310//1310
f 2630//2630 1313//1313 1312//1312 2638//2638
f 1317//1317 1316//1316 1314//1314 1315//1315
f 1315//1315 1300//1300 1332//1332 3222//3222
f 1319//1319 1318//1318 1316//1316 1317//1317
f 1317//1317 1315//1315 3222//3222 1338//1338
f 1322//1322 1320//1320 1319//1319 1337//1337
f 1319//1319 1317//1317 1338//1338 1337//1337
f 1323//1323 1321//1321 1320//1320 1322//1322
f 1321//1321 2637//2637 2638//2638 1312//1312
f 2643//2643 2637//2637 1321//1321 1323//1323
f 1339//1339 1340//1340 1322//1322 1337//1337
f 1340//1340 1341//1341 1323//1323 1322//1322
f 1330//1330 1329//1329 1325//1325 1327//1327
f 1326//1326 3456//3456 3317//3317 1331//1331
f 1331//1331 1330//1330 1327//1327 1326//1326
f 1334//1334 1335//1335 1329//1329 1330//1330
f 1331//1331 3316//3316 1334//1334 1330//1330
f 1334//1334 1336//1336 1333//1333 1335//1335
f 1343//1343 1342//1342 1333//1333 1336//1336
f 1333//1333 1342//1342 3222//3222 1332//1332
f 1334//1334 3316//3316 2954//2954 1336//1336
f 1339//1339 1337//1337 1338//1338 2873//2873
f 1342//1342 2873//2873 1338//1338 3222//3222
f 2872//2872 2871//2871 1339//1339 2873//2873
f 3416//3416 1340//1340 1339//1339 2871//2871
f 3415//3415 1341//1341 1340//1340 3416//3416
f 1341//1341 2659//2659 2643//2643 1323//1323
f 2875//2875 2659//2659 1341//1341 3415//3415
f 2872//2872 2873//2873 1342//1342 1343//1343
f 2954//2954 2953//2953 1343//1343 1336//1336
f 1344//1344 1347//1347 1348//1348 1345//1345
f 1349//1349 1347//1347 1344//1344 1346//1346
f 3163//3163 1156//1156 1345//1345 3456//3456
f 1379//1379 1378//1378 1346//1346 1155//1155
f 1381//1381 1349//1349 1346//1346 1378//1378
f 1354//1354 1350//1350 1347//1347 1349//1349
f 1350//1350 1351//1351 1348//1348 1347//1347
f 1348//1348 1351//1351 3304//3304 3317//3317
f 3456//3456 1345//1345 1348//1348 3317//3317
f 1349//1349 1381//1381 1387//1387 1354//1354
f 1350//1350 1352//1352 1353//1353 1351//1351
f 1354//1354 1355//1355 1352//1352 1350//1350
f 1373//1373 1370//1370 1352//1352 1355//1355
f 1370//1370 1363//1363 1353//1353 1352//1352
f 3304//3304 1351//1351 1353//1353 1362//1362
f 1387//1387 1388//1388 1355//1355 1354//1354
f 1403//1403 1373//1373 1355//1355 1388//1388
f 1356//1356 3416//3416 2871//2871 1357//1357
f 1358//1358 1356//1356 1357//1357 1366//1366
f 1364//1364 1366//1366 1357//1357 2952//2952
f 1358//1358 1359//1359 1360//1360 1356//1356
f 1368//1368 1369//1369 1359//1359 1358//1358
f 1359//1359 2679//2679 2680//2680 1360//1360
f 1360//1360 3415//3415 3416//3416 1356//1356
f 1365//1365 1364//1364 1361//1361 1363//1363
f 1361//1361 1364//1364 2952//2952 2953//2953
f 1363//1363 1361//1361 1362//1362 1353//1353
f 1362//1362 1361//1361 2953//2953 2954//2954
f 3316//3316 3304//3304 1362//1362 2954//2954
f 1371//1371 1365//1365 1363//1363 1370//1370
f 1367//1367 1366//1366 1364//1364 1365//1365
f 1372//1372 1367//1367 1365//1365 1371//1371
f 1368//1368 1358//1358 1366//1366 1367//1367
f 1372//1372 1374//1374 1368//1368 1367//1367
f 1377//1377 1369//1369 1368//1368 1374//1374
f 1369//1369 2686//2686 2679//2679 1359//1359
f 2691//2691 2686//2686 1369//1369 1377//1377
f 1373//1373 1404//1404 1371//1371 1370//1370
f 1375//1375 1374//1374 1372//1372 1406//1406
f 1404//1404 1406//1406 1372//1372 1371//1371
f 1405//1405 1404//1404 1373//1373 1403//1403
f 1375//1375 1376//1376 1377//1377 1374//1374
f 1375//1375 1406//1406 1407//1407 2831//2831
f 3399//3399 1376//1376 1375//1375 2831//2831
f 1376//1376 2690//2690 2691//2691 1377//1377
f 3398//3398 2690//2690 1376//1376 3399//3399
f 1385//1385 1386//1386 1382//1382 1384//1384
f 1382//1382 1386//1386 1388//1388 1387//1387
f 1384//1384 1382//1382 1383//1383 1173//1173
f 1383//1383 1382//1382 1387//1387 1381//1381
f 3380//3380 1385//1385 1384//1384 1380//1380
f 1385//1385 1389//1389 1390//1390 1386//1386
f 1400//1400 1389//1389 1385//1385 3380//3380
f 1390//1390 1403//1403 1388//1388 1386//1386
f 1399//1399 1392//1392 1389//1389 1400//1400
f 1392//1392 1391//1391 1390//1390 1389//1389
f 1394//1394 1393//1393 1391//1391 1392//1392
f 1391//1391 1405//1405 1403//1403 1390//1390
f 1391//1391 1393//1393 1407//1407 1405//1405
f 1401//1401 1394//1394 1392//1392 1399//1399
f 1396//1396 1395//1395 1393//1393 1394//1394
f 1393//1393 1395//1395 2831//2831 1407//1407
f 1402//1402 1396//1396 1394//1394 1401//1401
f 1396//1396 1397//1397 1398//1398 1395//1395
f 1402//1402 3240//3240 1397//1397 1396//1396
f 1397//1397 2714//2714 2715//2715 1398//1398
f 1398//1398 3399//3399 2831//2831 1395//1395
f 1410//1410 1411//1411 1399//1399 1400//1400
f 1411//1411 1412//1412 1401//1401 1399//1399
f 1412//1412 1414//1414 1402//1402 1401//1401
f 1406//1406 1404//1404 1405//1405 1407//1407
f 1408//1408 1409//1409 3380//3380 1380//1380
f 3380//3380 1409//1409 1410//1410 1400//1400
f 1413//1413 1412//1412 1411//1411 1218//1218
f 1415//1415 1414//1414 1412//1412 1413//1413
f 2511//2511 2731//2731 1414//1414 1415//1415
f 1414//1414 2731//2731 3240//3240 1402//1402
f 1416//1416 1425//1425 1424//1424 1419//1419
f 1431//1431 1430//1430 1417//1417 1418//1418
f 1426//1426 1418//1418 1419//1419 1424//1424
f 1420//1420 1423//1423 1424//1424 1425//1425
f 1422//1422 1420//1420 1421//1421 1447//1447
f 1422//1422 1428//1428 1423//1423 1420//1420
f 1449//1449 1448//1448 1422//1422 1447//1447
f 1429//1429 1427//1427 1423//1423 1428//1428
f 1427//1427 1426//1426 1424//1424 1423//1423
f 1431//1431 1418//1418 1426//1426 1438//1438
f 1439//1439 1438//1438 1426//1426 1427//1427
f 1442//1442 1439//1439 1427//1427 1429//1429
f 1448//1448 1453//1453 1428//1428 1422//1422
f 1453//1453 2849//2849 1429//1429 1428//1428
f 1441//1441 3266//3266 1431//1431 1438//1438
f 1431//1431 3266//3266 3248//3248 1430//1430
f 2559//2559 1243//1243 1432//1432 2737//2737
f 2738//2738 2737//2737 1432//1432 1433//1433
f 1433//1433 1434//1434 1435//1435 1436//1436
f 2743//2743 2738//2738 1433//1433 1436//1436
f 1440//1440 1437//1437 1435//1435 1441//1441
f 1435//1435 1434//1434 3266//3266 1441//1441
f 1436//1436 1435//1435 1437//1437 1445//1445
f 1443//1443 1444//1444 1437//1437 1440//1440
f 1446//1446 1445//1445 1437//1437 1444//1444
f 1439//1439 1440//1440 1441//1441 1438//1438
f 1442//1442 1443//1443 1440//1440 1439//1439
f 1467//1467 1443//1443 1442//1442 2852//2852
f 2849//2849 2852//2852 1442//1442 1429//1429
f 1466//1466 1444//1444 1443//1443 1467//1467
f 2743//2743 1436//1436 1445//1445 2750//2750
f 2751//2751 2750//2750 1445//1445 1446//1446
f 1466//1466 1469//1469 1446//1446 1444//1444
f 1447//1447 1421//1421 3101//3101 1264//1264
f 1448//1448 1454//1454 1456//1456 1453//1453
f 3015//3015 1454//1454 1448//1448 1449//1449
f 1451//1451 1452//1452 1450//1450 3289//3289
f 1450//1450 1455//1455 3288//3288 3289//3289
f 1471//1471 1452//1452 1451//1451 1458//1458
f 1452//1452 1457//1457 1456//1456 1450//1450
f 3288//3288 1455//1455 1454//1454 3015//3015
f 1456//1456 1454//1454 1455//1455 1450//1450
f 1456//1456 1457//1457 2849//2849 1453//1453
f 1471//1471 1470//1470 1457//1457 1452//1452
f 1457//1457 1470//1470 2852//2852 2849//2849
f 1460//1460 1471//1471 1458//1458 1459//1459
f 1461//1461 1462//1462 1460//1460 1459//1459
f 1460//1460 1462//1462 1465//1465 1472//1472
f 1460//1460 1472//1472 1470//1470 1471//1471
f 1463//1463 1464//1464 1462//1462 1461//1461
f 1462//1462 1464//1464 1468//1468 1465//1465
f 2775//2775 2774//2774 1463//1463 1283//1283
f 2786//2786 1464//1464 1463//1463 2774//2774
f 1465//1465 1466//1466 1467//1467 1472//1472
f 1465//1465 1468//1468 1469//1469 1466//1466
f 2786//2786 2785//2785 1468//1468 1464//1464
f 1469//1469 2784//2784 2751//2751 1446//1446
f 2785//2785 2784//2784 1469//1469 1468//1468
f 1472//1472 1467//1467 2852//2852 1470//1470
f 1475//1475 1473//1473 1476//1476 1478//1478
f 1496//1496 1473//1473 1475//1475 1498//1498
f 1476//1476 1481//1481 1483//1483 1478//1478
f 1477//1477 1475//1475 1478//1478 1479//1479
f 1477//1477 1479//1479 1480//1480 1486//1486
f 1498//1498 1475//1475 1477//1477 1499//1499
f 1477//1477 1486//1486 1500//1500 1499//1499
f 1479//1479 1478//1478 1483//1483 1484//1484
f 1480//1480 1479//1479 1484//1484 3301//3301
f 1480//1480 3301//3301 1490//1490 1485//1485
f 1482//1482 171//171 1550//1550 1481//1481
f 1483//1483 1481//1481 1550//1550 1551//1551
f 1483//1483 1551//1551 3302//3302 1484//1484
f 1484//1484 3302//3302 3299//3299 3301//3301
f 1486//1486 1480//1480 1485//1485 1488//1488
f 1487//1487 1488//1488 1485//1485 1492//1492
f 1485//1485 1490//1490 1489//1489 1492//1492
f 1486//1486 1488//1488 1514//1514 1500//1500
f 1493//1493 1522//1522 1487//1487 1492//1492
f 1488//1488 1487//1487 1515//1515 1514//1514
f 1490//1490 3300//3300 3306//3306 1489//1489
f 1492//1492 1489//1489 1491//1491 1493//1493
f 1491//1491 3134//3134 1524//1524 1493//1493
f 1491//1491 3413//3413 1557//1557 3134//3134
f 1491//1491 1489//1489 3306//3306 3413//3413
f 1503//1503 1502//1502 1494//1494 1495//1495
f 1495//1495 1494//1494 1496//1496 1498//1498
f 1504//1504 1503//1503 1495//1495 1497//1497
f 1497//1497 1495//1495 1498//1498 1499//1499
f 1497//1497 1499//1499 1500//1500 1505//1505
f 1508//1508 1501//1501 1502//1502 1509//1509
f 1509//1509 1502//1502 1503//1503 1511//1511
f 1504//1504 1497//1497 1505//1505 1517//1517
f 1511//1511 1503//1503 1504//1504 1513//1513
f 2927//2927 1513//1513 1504//1504 1517//1517
f 1505//1505 1500//1500 1514//1514 1516//1516
f 1506//1506 1507//1507 1508//1508 1509//1509
f 1506//1506 1529//1529 1530//1530 1507//1507
f 1507//1507 1530//1530 3367//3367 3370//3370
f 1508//1508 1507//1507 3370//3370 2928//2928
f 1510//1510 1506//1506 1509//1509 1511//1511
f 1510//1510 1531//1531 1529//1529 1506//1506
f 1512//1512 1510//1510 1511//1511 1513//1513
f 1512//1512 1532//1532 1531//1531 1510//1510
f 2927//2927 3369//3369 1512//1512 1513//1513
f 1512//1512 3369//3369 3364//3364 1532//1532
f 1516//1516 1514//1514 1515//1515 1518//1518
f 1515//1515 1487//1487 1522//1522 3135//3135
f 1517//1517 1505//1505 1516//1516 1519//1519
f 1521//1521 2927//2927 1517//1517 1519//1519
f 1519//1519 1516//1516 1518//1518 1520//1520
f 1523//1523 1520//1520 1518//1518 1527//1527
f 1518//1518 1515//1515 3135//3135 1527//1527
f 1521//1521 1519//1519 1520//1520 2889//2889
f 1521//1521 2889//2889 1537//1537 1539//1539
f 1521//1521 1539//1539 3369//3369 2927//2927
f 1524//1524 1525//1525 1522//1522 1493//1493
f 2889//2889 1520//1520 1523//1523 2888//2888
f 1523//1523 1528//1528 3157//3157 2888//2888
f 1526//1526 1525//1525 1524//1524 3134//3134
f 1572//1572 1571//1571 1525//1525 1526//1526
f 1525//1525 1571//1571 3135//3135 1522//1522
f 1577//1577 1572//1572 1526//1526 1559//1559
f 1528//1528 1523//1523 1527//1527 1573//1573
f 1528//1528 1573//1573 1574//1574 1580//1580
f 1528//1528 1580//1580 1575//1575 3157//3157
f 1535//1535 1533//1533 1529//1529 1531//1531
f 1533//1533 1534//1534 1530//1530 1529//1529
f 1530//1530 1534//1534 3365//3365 3367//3367
f 1532//1532 3363//3363 1535//1535 1531//1531
f 1536//1536 1533//1533 1535//1535 1595//1595
f 1535//1535 3363//3363 3314//3314 1595//1595
f 1538//1538 1539//1539 1537//1537 1540//1540
f 1538//1538 1544//1544 3313//3313 3364//3364
f 3369//3369 1539//1539 1538//1538 3364//3364
f 1541//1541 1543//1543 1540//1540 1537//1537
f 1544//1544 1538//1538 1540//1540 1548//1548
f 1542//1542 1543//1543 1541//1541 1545//1545
f 1541//1541 1537//1537 2889//2889 2888//2888
f 1542//1542 1545//1545 1546//1546 1606//1606
f 1542//1542 1609//1609 1547//1547 1543//1543
f 1611//1611 1609//1609 1542//1542 1606//1606
f 1543//1543 1547//1547 1548//1548 1540//1540
f 1544//1544 1548//1548 1549//1549 2835//2835
f 2834//2834 3313//3313 1544//1544 2835//2835
f 1545//1545 1541//1541 2888//2888 3157//3157
f 3157//3157 1575//1575 1546//1546 1545//1545
f 1549//1549 1548//1548 1547//1547 1609//1609
f 1549//1549 1607//1607 1608//1608 2835//2835
f 1552//1552 1551//1551 1550//1550 1553//1553
f 3227//3227 3228//3228 1552//1552 1555//1555
f 1552//1552 3228//3228 3302//3302 1551//1551
f 1555//1555 1552//1552 1553//1553 1554//1554
f 1555//1555 1554//1554 1556//1556 1786//1786
f 3343//3343 3227//3227 1555//1555 1786//1786
f 1557//1557 3413//3413 3290//3290 1558//1558
f 1559//1559 1557//1557 1558//1558 1560//1560
f 1561//1561 1560//1560 1558//1558 1565//1565
f 1581//1581 1577//1577 1559//1559 1560//1560
f 1559//1559 1526//1526 3134//3134 1557//1557
f 1586//1586 1581//1581 1560//1560 1561//1561
f 1568//1568 1586//1586 1561//1561 1567//1567
f 1566//1566 1565//1565 1562//1562 1564//1564
f 1562//1562 3290//3290 3236//3236 1563//1563
f 1564//1564 1562//1562 1563//1563 3393//3393
f 3226//3226 3224//3224 1563//1563 3236//3236
f 1563//1563 3224//3224 3397//3397 3393//3393
f 1567//1567 1561//1561 1565//1565 1566//1566
f 1565//1565 1558//1558 3290//3290 1562//1562
f 1566//1566 1788//1788 1569//1569 1567//1567
f 1566//1566 1564//1564 1787//1787 1788//1788
f 1569//1569 1570//1570 1568//1568 1567//1567
f 1568//1568 1570//1570 1811//1811 1592//1592
f 1815//1815 1570//1570 1569//1569 1789//1789
f 1573//1573 1571//1571 1572//1572 1574//1574
f 1578//1578 1574//1574 1572//1572 1577//1577
f 1573//1573 1527//1527 3135//3135 1571//1571
f 1579//1579 1580//1580 1574//1574 1578//1578
f 1576//1576 1546//1546 1575//1575 3132//3132
f 1606//1606 1546//1546 1576//1576 1610//1610
f 1582//1582 1578//1578 1577//1577 1581//1581
f 1579//1579 1578//1578 1582//1582 1587//1587
f 3133//3133 3132//3132 1579//1579 1587//1587
f 3132//3132 1575//1575 1580//1580 1579//1579
f 1582//1582 1581//1581 1586//1586 1588//1588
f 1590//1590 1584//1584 1583//1583 3133//3133
f 1610//1610 1576//1576 1583//1583 1585//1585
f 1583//1583 1576//1576 3132//3132 3133//3133
f 1585//1585 1583//1583 1584//1584 1620//1620
f 3480//3480 1620//1620 1584//1584 1591//1591
f 1585//1585 1619//1619 1614//1614 1610//1610
f 1592//1592 1588//1588 1586//1586 1568//1568
f 1588//1588 1589//1589 1587//1587 1582//1582
f 1590//1590 3133//3133 1587//1587 1589//1589
f 1589//1589 1588//1588 1592//1592 1810//1810
f 3131//3131 1590//1590 1589//1589 1810//1810
f 1591//1591 1584//1584 1590//1590 3131//3131
f 1591//1591 1812//1812 1814//1814 3480//3480
f 1595//1595 1594//1594 1593//1593 1536//1536
f 1594//1594 1597//1597 1596//1596 1593//1593
f 1594//1594 2934//2934 2809//2809 1597//1597
f 1595//1595 3314//3314 2934//2934 1594//1594
f 1597//1597 1599//1599 1598//1598 1596//1596
f 1597//1597 2809//2809 2808//2808 1599//1599
f 1598//1598 1599//1599 1600//1600 1602//1602
f 1600//1600 2828//2828 1601//1601 1602//1602
f 2808//2808 1604//1604 1600//1600 1599//1599
f 1601//1601 2828//2828 1843//1843 1837//1837
f 1605//1605 1603//1603 1604//1604 1623//1623
f 1604//1604 1603//1603 2828//2828 1600//1600
f 1605//1605 1838//1838 1839//1839 1603//1603
f 1609//1609 1611//1611 1607//1607 1549//1549
f 1613//1613 1612//1612 1608//1608 1607//1607
f 1608//1608 1612//1612 1617//1617 2933//2933
f 2834//2834 2835//2835 1608//1608 2933//2933
f 1611//1611 1606//1606 1610//1610 1614//1614
f 1611//1611 1614//1614 1613//1613 1607//1607
f 1613//1613 1618//1618 1615//1615 1612//1612
f 1618//1618 1613//1613 1614//1614 1619//1619
f 1615//1615 1616//1616 1617//1617 1612//1612
f 1615//1615 1622//1622 1623//1623 1616//1616
f 1617//1617 1616//1616 2808//2808 2809//2809
f 2934//2934 2933//2933 1617//1617 2809//2809
f 1618//1618 1624//1624 1622//1622 1615//1615
f 1620//1620 1621//1621 1619//1619 1585//1585
f 1624//1624 1618//1618 1619//1619 1621//1621
f 3199//3199 1621//1621 1620//1620 3480//3480
f 1625//1625 1605//1605 1623//1623 1622//1622
f 2808//2808 1616//1616 1623//1623 1604//1604
f 1624//1624 1626//1626 1625//1625 1622//1622
f 3199//3199 1626//1626 1624//1624 1621//1621
f 1625//1625 1847//1847 1838//1838 1605//1605
f 1626//1626 1848//1848 1847//1847 1625//1625
f 1849//1849 1848//1848 1626//1626 3199//3199
f 1628//1628 1629//1629 1627//1627 1631//1631
f 1627//1627 247//247 1639//1639 1641//1641
f 1627//1627 1641//1641 1640//1640 1631//1631
f 1635//1635 1629//1629 1628//1628 1636//1636
f 1637//1637 1636//1636 1628//1628 1630//1630
f 1634//1634 253//253 1629//1629 1635//1635
f 1630//1630 1628//1628 1631//1631 1633//1633
f 1638//1638 1637//1637 1630//1630 1632//1632
f 1631//1631 1640//1640 1642//1642 1633//1633
f 1632//1632 1630//1630 1633//1633 1649//1649
f 1632//1632 1649//1649 1650//1650 1652//1652
f 1633//1633 1642//1642 1658//1658 1649//1649
f 2958//2958 2956//2956 1634//1634 1635//1635
f 2990//2990 2958//2958 1635//1635 1636//1636
f 2990//2990 1636//1636 1637//1637 3438//3438
f 1638//1638 1632//1632 1652//1652 1654//1654
f 2862//2862 2955//2955 1638//1638 1654//1654
f 3438//3438 1637//1637 1638//1638 2955//2955
f 3319//3319 3318//3318 1639//1639 261//261
f 1644//1644 1642//1642 1640//1640 1643//1643
f 1643//1643 1640//1640 1641//1641 1645//1645
f 3318//3318 1645//1645 1641//1641 1639//1639
f 1643//1643 1645//1645 1646//1646 1648//1648
f 1643//1643 1648//1648 1647//1647 1644//1644
f 1644//1644 3404//3404 1658//1658 1642//1642
f 1646//1646 1850//1850 1851//1851 1852//1852
f 3318//3318 1850//1850 1646//1646 1645//1645
f 1647//1647 1648//1648 1853//1853 1856//1856
f 3260//3260 3257//3257 1647//1647 1856//1856
f 1647//1647 3257//3257 3404//3404 1644//1644
f 1648//1648 1646//1646 1852//1852 1853//1853
f 1650//1650 1649//1649 1658//1658 3312//3312
f 1650//1650 3312//3312 3254//3254 1651//1651
f 1652//1652 1650//1650 1651//1651 1653//1653
f 3178//3178 1653//1653 1651//1651 3254//3254
f 1654//1654 1652//1652 1653//1653 1655//1655
f 1656//1656 1655//1655 1653//1653 3178//3178
f 1657//1657 2862//2862 1654//1654 1655//1655
f 1657//1657 1655//1655 1656//1656 1660//1660
f 3169//3169 2863//2863 1657//1657 1660//1660
f 1660//1660 1656//1656 1659//1659 1663//1663
f 1659//1659 1661//1661 1662//1662 1868//1868
f 1664//1664 1663//1663 1659//1659 1868//1868
f 1659//1659 1656//1656 3178//3178 1661//1661
f 1689//1689 3169//3169 1660//1660 1663//1663
f 1869//1869 1868//1868 1662//1662 1872//1872
f 1662//1662 1661//1661 3085//3085 3264//3264
f 1664//1664 1889//1889 1689//1689 1663//1663
f 1664//1664 1868//1868 1869//1869 1871//1871
f 1890//1890 1889//1889 1664//1664 1871//1871
f 1667//1667 1666//1666 1665//1665 1668//1668
f 1665//1665 293//293 2903//2903 2909//2909
f 1672//1672 298//298 1666//1666 1673//1673
f 1674//1674 1673//1673 1666//1666 1667//1667
f 1675//1675 1674//1674 1667//1667 1669//1669
f 1669//1669 1667//1667 1668//1668 1670//1670
f 1668//1668 1665//1665 2909//2909 2959//2959
f 1668//1668 2959//2959 3426//3426 1670//1670
f 1676//1676 1675//1675 1669//1669 1671//1671
f 1671//1671 1669//1669 1670//1670 1677//1677
f 1670//1670 3426//3426 2901//2901 1677//1677
f 1671//1671 1677//1677 1678//1678 1680//1680
f 3246//3246 2907//2907 1672//1672 1673//1673
f 1674//1674 3245//3245 3246//3246 1673//1673
f 1675//1675 3244//3244 3245//3245 1674//1674
f 1676//1676 1671//1671 1680//1680 1682//1682
f 2847//2847 2902//2902 1676//1676 1682//1682
f 1676//1676 2902//2902 3244//3244 1675//1675
f 1678//1678 1677//1677 2901//2901 2848//2848
f 1680//1680 1678//1678 1679//1679 1681//1681
f 1683//1683 1681//1681 1679//1679 1686//1686
f 1679//1679 1678//1678 2848//2848 2863//2863
f 3169//3169 1686//1686 1679//1679 2863//2863
f 1682//1682 1680//1680 1681//1681 1684//1684
f 1685//1685 1684//1684 1681//1681 1683//1683
f 1683//1683 1686//1686 1687//1687 1691//1691
f 1688//1688 1685//1685 1683//1683 1691//1691
f 1684//1684 3255//3255 2847//2847 1682//1682
f 1685//1685 3405//3405 3255//3255 1684//1684
f 1692//1692 1691//1691 1687//1687 1690//1690
f 1687//1687 1686//1686 3169//3169 1689//1689
f 1720//1720 1719//1719 1688//1688 3209//3209
f 1688//1688 1719//1719 3405//3405 1685//1685
f 1690//1690 1687//1687 1689//1689 1889//1889
f 3209//3209 1688//1688 1691//1691 1692//1692
f 1692//1692 1690//1690 1891//1891 3056//3056
f 1695//1695 1694//1694 1693//1693 1696//1696
f 1693//1693 332//332 2907//2907 3246//3246
f 1693//1693 3246//3246 3245//3245 1696//1696
f 1700//1700 337//337 1694//1694 1701//1701
f 1702//1702 1701//1701 1694//1694 1695//1695
f 1703//1703 1702//1702 1695//1695 1697//1697
f 1697//1697 1695//1695 1696//1696 1698//1698
f 1696//1696 3245//3245 3244//3244 1698//1698
f 1697//1697 1698//1698 1699//1699 1708//1708
f 1704//1704 1703//1703 1697//1697 1708//1708
f 1698//1698 3244//3244 2902//2902 1699//1699
f 1709//1709 1708//1708 1699//1699 2846//2846
f 1727//1727 2905//2905 1700//1700 1701//1701
f 1706//1706 1705//1705 1702//1702 1703//1703
f 1727//1727 1701//1701 1702//1702 1705//1705
f 1707//1707 1706//1706 1703//1703 1704//1704
f 1704//1704 1708//1708 1709//1709 1711//1711
f 1728//1728 1725//1725 1705//1705 1706//1706
f 1729//1729 1728//1728 1706//1706 1707//1707
f 1707//1707 1704//1704 1711//1711 1713//1713
f 1711//1711 1709//1709 1710//1710 1712//1712
f 1710//1710 1714//1714 1715//1715 1718//1718
f 1716//1716 1712//1712 1710//1710 1718//1718
f 1710//1710 1709//1709 2846//2846 1714//1714
f 1713//1713 1711//1711 1712//1712 2900//2900
f 1744//1744 2900//2900 1712//1712 1716//1716
f 1713//1713 1738//1738 1729//1729 1707//1707
f 1739//1739 1738//1738 1713//1713 2900//2900
f 1714//1714 2846//2846 2847//2847 3255//3255
f 1715//1715 1714//1714 3255//3255 3405//3405
f 1718//1718 1715//1715 1717//1717 1721//1721
f 1717//1717 1719//1719 1720//1720 1723//1723
f 1722//1722 1721//1721 1717//1717 1723//1723
f 3405//3405 1719//1719 1717//1717 1715//1715
f 1724//1724 1716//1716 1718//1718 1721//1721
f 1894//1894 1893//1893 1720//1720 3209//3209
f 1905//1905 1723//1723 1720//1720 1893//1893
f 3205//3205 1724//1724 1721//1721 1722//1722
f 1722//1722 1723//1723 1905//1905 3208//3208
f 1908//1908 3205//3205 1722//1722 3208//3208
f 1724//1724 1750//1750 1744//1744 1716//1716
f 1751//1751 1750//1750 1724//1724 3205//3205
f 1725//1725 1726//1726 1727//1727 1705//1705
f 1732//1732 1731//1731 1725//1725 1728//1728
f 1731//1731 1730//1730 1726//1726 1725//1725
f 1733//1733 1732//1732 1728//1728 1729//1729
f 1734//1734 367//367 1730//1730 1735//1735
f 1736//1736 1735//1735 1730//1730 1731//1731
f 1737//1737 1736//1736 1731//1731 1732//1732
f 1737//1737 1732//1732 1733//1733 1741//1741
f 1733//1733 1729//1729 1738//1738 1740//1740
f 1755//1755 1734//1734 1735//1735 1756//1756
f 1756//1756 1735//1735 1736//1736 3422//3422
f 2884//2884 2885//2885 1737//1737 1741//1741
f 3422//3422 1736//1736 1737//1737 2885//2885
f 1740//1740 1738//1738 1739//1739 1742//1742
f 1744//1744 1745//1745 1739//1739 2900//2900
f 1746//1746 1742//1742 1739//1739 1745//1745
f 1741//1741 1733//1733 1740//1740 1743//1743
f 1743//1743 1740//1740 1742//1742 1747//1747
f 1748//1748 1747//1747 1742//1742 1746//1746
f 2884//2884 1741//1741 1743//1743 1772//1772
f 1749//1749 1745//1745 1744//1744 1750//1750
f 1752//1752 1746//1746 1745//1745 1749//1749
f 1772//1772 1743//1743 1747//1747 3009//3009
f 1752//1752 3468//3468 1748//1748 1746//1746
f 1748//1748 3010//3010 3009//3009 1747//1747
f 1749//1749 1750//1750 1751//1751 1917//1917
f 1753//1753 1752//1752 1749//1749 1917//1917
f 1753//1753 1918//1918 3468//3468 1752//1752
f 1754//1754 1755//1755 1756//1756 1759//1759
f 1755//1755 1754//1754 3253//3253 2886//2886
f 1761//1761 1760//1760 1757//1757 1759//1759
f 1757//1757 1764//1764 1765//1765 1758//1758
f 1759//1759 1757//1757 1758//1758 1754//1754
f 3422//3422 1761//1761 1759//1759 1756//1756
f 1763//1763 1762//1762 1760//1760 1761//1761
f 1760//1760 1766//1766 1764//1764 1757//1757
f 2885//2885 1763//1763 1761//1761 3422//3422
f 1762//1762 1767//1767 1766//1766 1760//1760
f 1762//1762 3340//3340 3310//3310 1767//1767
f 1763//1763 3252//3252 3340//3340 1762//1762
f 1768//1768 1765//1765 1764//1764 1770//1770
f 1766//1766 1769//1769 1770//1770 1764//1764
f 1767//1767 1771//1771 1769//1769 1766//1766
f 3298//3298 1765//1765 1768//1768 3315//3315
f 1932//1932 1930//1930 1769//1769 1771//1771
f 1930//1930 1931//1931 1770//1770 1769//1769
f 1770//1770 1931//1931 2870//2870 1768//1768
f 1771//1771 1767//1767 3310//3310 3311//3311
f 1774//1774 3242//3242 1772//1772 3009//3009
f 1773//1773 1778//1778 1779//1779 1780//1780
f 1781//1781 1778//1778 1773//1773 1775//1775
f 1775//1775 1773//1773 1774//1774 3406//3406
f 1774//1774 1773//1773 1780//1780 3242//3242
f 3010//3010 3406//3406 1774//1774 3009//3009
f 1776//1776 1777//1777 1775//1775 3406//3406
f 1776//1776 1782//1782 1783//1783 3032//3032
f 3010//3010 1782//1782 1776//1776 3406//3406
f 1777//1777 1946//1946 1781//1781 1775//1775
f 1947//1947 1946//1946 1777//1777 1950//1950
f 3032//3032 1950//1950 1777//1777 1776//1776
f 1784//1784 1785//1785 1779//1779 1778//1778
f 3311//3311 3310//3310 1779//1779 1785//1785
f 3340//3340 1780//1780 1779//1779 3310//3310
f 3252//3252 3242//3242 1780//1780 3340//3340
f 1781//1781 1946//1946 1784//1784 1778//1778
f 3468//3468 1918//1918 1783//1783 1782//1782
f 1948//1948 1949//1949 1785//1785 1784//1784
f 1785//1785 1949//1949 3279//3279 3311//3311
f 1786//1786 49//49 3352//3352 3343//3343
f 1787//1787 64//64 1791//1791 1788//1788
f 1787//1787 1564//1564 3393//3393 65//65
f 1789//1789 1569//1569 1788//1788 1791//1791
f 1789//1789 1791//1791 1790//1790 1793//1793
f 1789//1789 1793//1793 1794//1794 1815//1815
f 1793//1793 1790//1790 1792//1792 1797//1797
f 1796//1796 1797//1797 1792//1792 1798//1798
f 1795//1795 1794//1794 1793//1793 1797//1797
f 1825//1825 1821//1821 1794//1794 1795//1795
f 1795//1795 1964//1964 1963//1963 1825//1825
f 1799//1799 1967//1967 1796//1796 1798//1798
f 1796//1796 1967//1967 1966//1966 1964//1964
f 1964//1964 1795//1795 1797//1797 1796//1796
f 1799//1799 1961//1961 1962//1962 1972//1972
f 1799//1799 1972//1972 1970//1970 1967//1967
f 1805//1805 1804//1804 1800//1800 1802//1802
f 1808//1808 1807//1807 1800//1800 1804//1804
f 1802//1802 1800//1800 1801//1801 1803//1803
f 1807//1807 1806//1806 1801//1801 1800//1800
f 1845//1845 1803//1803 1801//1801 2837//2837
f 1801//1801 1806//1806 2836//2836 2837//2837
f 1844//1844 1805//1805 1802//1802 1841//1841
f 1840//1840 1842//1842 1803//1803 1845//1845
f 1841//1841 1802//1802 1803//1803 1842//1842
f 1805//1805 1830//1830 1829//1829 1804//1804
f 1980//1980 1979//1979 1806//1806 1807//1807
f 1806//1806 1979//1979 2897//2897 2836//2836
f 1981//1981 1980//1980 1807//1807 1808//1808
f 1829//1829 1833//1833 1808//1808 1804//1804
f 1809//1809 1811//1811 1816//1816 1822//1822
f 1818//1818 1817//1817 1809//1809 1822//1822
f 1811//1811 1809//1809 1810//1810 1592//1592
f 1817//1817 3131//3131 1810//1810 1809//1809
f 1811//1811 1570//1570 1815//1815 1816//1816
f 1813//1813 1814//1814 1812//1812 3470//3470
f 1812//1812 1591//1591 3131//3131 1817//1817
f 1819//1819 1820//1820 1813//1813 3129//3129
f 1813//1813 1820//1820 1849//1849 1814//1814
f 3130//3130 3129//3129 1813//1813 3470//3470
f 1814//1814 1849//1849 3199//3199 3480//3480
f 1821//1821 1816//1816 1815//1815 1794//1794
f 1817//1817 1818//1818 3470//3470 1812//1812
f 3130//3130 3470//3470 1818//1818 1827//1827
f 1819//1819 1823//1823 1824//1824 1820//1820
f 1819//1819 1831//1831 1828//1828 1823//1823
f 1836//1836 1831//1831 1819//1819 3129//3129
f 1822//1822 1816//1816 1821//1821 1826//1826
f 1832//1832 1826//1826 1821//1821 1825//1825
f 1827//1827 1818//1818 1822//1822 1826//1826
f 1823//1823 1828//1828 1829//1829 1830//1830
f 1824//1824 1823//1823 1830//1830 1846//1846
f 1849//1849 1820//1820 1824//1824 1848//1848
f 1991//1991 1832//1832 1825//1825 1963//1963
f 1827//1827 1826//1826 1832//1832 3486//3486
f 1827//1827 3486//3486 3190//3190 3130//3130
f 1834//1834 1833//1833 1829//1829 1828//1828
f 1844//1844 1846//1846 1830//1830 1805//1805
f 1831//1831 1835//1835 1834//1834 1828//1828
f 1833//1833 1989//1989 1981//1981 1808//1808
f 1990//1990 1989//1989 1833//1833 1834//1834
f 1835//1835 1831//1831 1836//1836 3191//3191
f 1835//1835 2948//2948 1990//1990 1834//1834
f 2980//2980 2948//2948 1835//1835 3191//3191
f 1836//1836 3129//3129 3130//3130 3190//3190
f 1844//1844 1841//1841 1839//1839 1838//1838
f 2828//2828 1603//1603 1839//1839 1843//1843
f 1843//1843 1842//1842 1840//1840 1837//1837
f 1841//1841 1842//1842 1843//1843 1839//1839
f 1847//1847 1846//1846 1844//1844 1838//1838
f 1848//1848 1824//1824 1846//1846 1847//1847
f 3319//3319 3262//3262 1850//1850 3318//3318
f 1854//1854 1852//1852 1851//1851 496//496
f 1851//1851 1850//1850 3262//3262 3263//3263
f 1855//1855 1853//1853 1852//1852 1854//1854
f 1857//1857 1856//1856 1853//1853 1855//1855
f 1859//1859 1855//1855 1854//1854 1858//1858
f 1860//1860 1857//1857 1855//1855 1859//1859
f 1857//1857 1862//1862 3260//3260 1856//1856
f 1858//1858 495//495 1863//1863 1864//1864
f 1859//1859 1858//1858 1864//1864 1865//1865
f 1860//1860 1861//1861 1862//1862 1857//1857
f 1860//1860 1859//1859 1865//1865 2842//2842
f 2841//2841 1861//1861 1860//1860 2842//2842
f 1861//1861 1875//1875 1876//1876 1862//1862
f 1885//1885 1875//1875 1861//1861 2841//2841
f 1862//1862 1876//1876 3258//3258 3260//3260
f 1866//1866 1864//1864 1863//1863 669//669
f 1867//1867 1865//1865 1864//1864 1866//1866
f 2008//2008 1867//1867 1866//1866 2007//2007
f 2009//2009 2010//2010 1867//1867 2008//2008
f 1867//1867 2010//2010 2842//2842 1865//1865
f 1871//1871 1869//1869 1870//1870 1881//1881
f 1870//1870 1869//1869 1872//1872 1874//1874
f 1870//1870 1874//1874 1879//1879 1880//1880
f 3264//3264 1873//1873 1872//1872 1662//1662
f 1874//1874 1872//1872 1873//1873 1878//1878
f 1876//1876 1878//1878 1873//1873 3258//3258
f 1873//1873 3264//3264 3259//3259 3258//3258
f 1882//1882 1877//1877 1875//1875 1885//1885
f 1877//1877 1878//1878 1876//1876 1875//1875
f 1879//1879 1874//1874 1878//1878 1877//1877
f 1879//1879 1877//1877 1882//1882 1888//1888
f 1881//1881 1870//1870 1880//1880 1883//1883
f 1884//1884 1883//1883 1880//1880 3467//3467
f 1888//1888 3467//3467 1880//1880 1879//1879
f 1890//1890 1871//1871 1881//1881 1892//1892
f 1887//1887 1888//1888 1882//1882 1886//1886
f 1892//1892 1881//1881 1883//1883 1898//1898
f 1899//1899 1898//1898 1883//1883 1884//1884
f 1902//1902 1899//1899 1884//1884 2039//2039
f 3216//3216 2039//2039 1884//1884 3467//3467
f 1886//1886 1882//1882 1885//1885 2016//2016
f 2012//2012 2016//2016 1885//1885 2841//2841
f 1886//1886 2016//2016 2015//2015 2017//2017
f 1887//1887 1886//1886 2017//2017 2018//2018
f 1887//1887 3216//3216 3467//3467 1888//1888
f 1891//1891 1690//1690 1889//1889 1890//1890
f 1891//1891 1890//1890 1892//1892 3053//3053
f 3052//3052 3056//3056 1891//1891 3053//3053
f 3055//3055 3053//3053 1892//1892 1898//1898
f 1906//1906 1905//1905 1893//1893 1895//1895
f 1895//1895 1893//1893 1894//1894 1896//1896
f 3052//3052 1896//1896 1894//1894 3056//3056
f 1895//1895 1896//1896 1897//1897 1901//1901
f 1910//1910 1906//1906 1895//1895 1901//1901
f 1903//1903 1900//1900 1897//1897 3054//3054
f 1897//1897 1896//1896 3052//3052 3054//3054
f 3055//3055 1898//1898 1899//1899 3455//3455
f 1901//1901 1897//1897 1900//1900 3041//3041
f 3040//3040 1910//1910 1901//1901 3041//3041
f 1902//1902 2039//2039 2040//2040 2046//2046
f 3108//3108 3107//3107 1902//1902 2046//2046
f 3455//3455 1899//1899 1902//1902 3107//3107
f 1904//1904 1900//1900 1903//1903 2041//2041
f 1903//1903 3455//3455 3107//3107 2041//2041
f 1904//1904 2041//2041 2042//2042 2043//2043
f 2045//2045 2044//2044 1904//1904 2043//2043
f 1904//1904 2044//2044 3041//3041 1900//1900
f 3208//3208 1905//1905 1906//1906 3452//3452
f 1917//1917 1751//1751 1907//1907 3031//3031
f 3030//3030 3031//3031 1907//1907 1909//1909
f 1907//1907 1751//1751 3205//3205 1908//1908
f 1909//1909 1907//1907 1908//1908 1911//1911
f 3452//3452 1911//1911 1908//1908 3208//3208
f 3028//3028 3030//3030 1909//1909 1912//1912
f 3452//3452 1906//1906 1910//1910 1914//1914
f 1912//1912 1909//1909 1911//1911 1913//1913
f 1914//1914 1913//1913 1911//1911 3452//3452
f 2116//2116 3028//3028 1912//1912 1916//1916
f 1916//1916 1912//1912 1913//1913 1915//1915
f 1915//1915 1913//1913 1914//1914 2087//2087
f 1914//1914 1910//1910 3040//3040 2087//2087
f 2089//2089 1916//1916 1915//1915 2088//2088
f 1920//1920 1753//1753 1917//1917 3031//3031
f 1919//1919 1783//1783 1918//1918 1922//1922
f 1920//1920 1922//1922 1918//1918 1753//1753
f 1919//1919 3066//3066 3032//3032 1783//1783
f 1922//1922 1920//1920 1921//1921 1923//1923
f 1921//1921 1920//1920 3031//3031 3030//3030
f 1924//1924 1919//1919 1922//1922 1923//1923
f 1923//1923 1921//1921 1925//1925 1926//1926
f 1924//1924 1923//1923 1926//1926 1929//1929
f 3066//3066 1919//1919 1924//1924 3457//3457
f 1925//1925 1921//1921 3030//3030 3028//3028
f 1926//1926 1925//1925 1927//1927 1928//1928
f 2118//2118 1928//1928 1927//1927 2117//2117
f 1927//1927 1925//1925 3028//3028 2116//2116
f 1929//1929 1926//1926 1928//1928 2119//2119
f 3051//3051 3050//3050 1929//1929 2119//2119
f 3457//3457 1924//1924 1929//1929 3050//3050
f 1930//1930 1933//1933 1934//1934 1931//1931
f 1932//1932 1935//1935 1933//1933 1930//1930
f 1932//1932 3279//3279 3280//3280 1935//1935
f 3311//3311 3279//3279 1932//1932 1771//1771
f 1933//1933 1936//1936 1937//1937 1934//1934
f 2870//2870 1931//1931 1934//1934 2869//2869
f 1935//1935 1938//1938 1936//1936 1933//1933
f 1935//1935 3280//3280 2973//2973 1938//1938
f 1941//1941 1940//1940 1936//1936 1938//1938
f 1940//1940 1939//1939 1937//1937 1936//1936
f 2869//2869 1934//1934 1937//1937 3439//3439
f 1937//1937 1939//1939 3150//3150 3439//3439
f 1943//1943 1942//1942 1939//1939 1940//1940
f 1939//1939 1942//1942 3147//3147 3150//3150
f 1944//1944 1943//1943 1940//1940 1941//1941
f 1945//1945 1944//1944 1941//1941 3128//3128
f 2973//2973 3128//3128 1941//1941 1938//1938
f 2135//2135 3146//3146 1942//1942 1943//1943
f 1942//1942 3146//3146 2137//2137 3147//3147
f 1944//1944 2134//2134 2135//2135 1943//1943
f 1945//1945 2136//2136 2134//2134 1944//1944
f 2920//2920 3127//3127 1945//1945 3128//3128
f 3427//3427 2136//2136 1945//1945 3127//3127
f 1948//1948 1784//1784 1946//1946 1947//1947
f 1947//1947 1950//1950 1951//1951 1952//1952
f 2878//2878 1948//1948 1947//1947 1952//1952
f 1949//1949 1948//1948 2878//2878 2974//2974
f 1953//1953 1952//1952 1951//1951 1954//1954
f 1951//1951 1950//1950 3032//3032 3066//3066
f 3457//3457 1954//1954 1951//1951 3066//3066
f 1956//1956 1957//1957 1953//1953 1955//1955
f 1953//1953 1957//1957 2878//2878 1952//1952
f 1955//1955 1953//1953 1954//1954 1958//1958
f 3050//3050 1958//1958 1954//1954 3457//3457
f 1955//1955 1958//1958 1959//1959 1960//1960
f 1956//1956 1955//1955 1960//1960 2153//2153
f 1957//1957 1956//1956 2920//2920 2877//2877
f 1959//1959 1958//1958 3050//3050 3051//3051
f 1960//1960 1959//1959 2151//2151 2152//2152
f 1962//1962 1961//1961 2864//2864 83//83
f 1992//1992 1991//1991 1963//1963 1965//1965
f 1965//1965 1963//1963 1964//1964 1966//1966
f 1996//1996 1992//1992 1965//1965 1969//1969
f 1969//1969 1965//1965 1966//1966 1968//1968
f 1968//1968 1966//1966 1967//1967 1970//1970
f 1968//1968 1970//1970 1971//1971 1974//1974
f 2000//2000 1969//1969 1968//1968 1974//1974
f 1971//1971 1970//1970 1972//1972 1975//1975
f 1974//1974 1971//1971 1973//1973 1977//1977
f 1973//1973 1971//1971 1975//1975 1976//1976
f 1978//1978 1977//1977 1973//1973 2171//2171
f 1973//1973 1976//1976 2169//2169 2171//2171
f 2188//2188 2000//2000 1974//1974 1977//1977
f 2174//2174 2173//2173 1978//1978 2172//2172
f 2188//2188 1977//1977 1978//1978 2173//2173
f 1980//1980 1982//1982 1983//1983 1979//1979
f 1981//1981 1984//1984 1982//1982 1980//1980
f 1981//1981 1989//1989 1995//1995 1984//1984
f 3291//3291 1983//1983 1982//1982 1986//1986
f 2897//2897 1979//1979 1983//1983 3418//3418
f 1984//1984 1985//1985 1986//1986 1982//1982
f 1984//1984 1995//1995 2002//2002 1985//1985
f 1985//1985 1987//1987 1988//1988 1986//1986
f 2002//2002 2001//2001 1987//1987 1985//1985
f 2191//2191 2186//2186 1987//1987 2001//2001
f 2186//2186 2187//2187 1988//1988 1987//1987
f 3291//3291 1986//1986 1988//1988 3293//3293
f 1988//1988 2187//2187 3323//3323 3293//3293
f 1990//1990 1994//1994 1995//1995 1989//1989
f 1990//1990 2948//2948 1997//1997 1994//1994
f 3486//3486 1832//1832 1991//1991 1993//1993
f 1993//1993 1991//1991 1992//1992 3471//3471
f 1993//1993 3124//3124 3190//3190 3486//3486
f 1995//1995 1994//1994 1999//1999 2002//2002
f 1996//1996 1969//1969 2000//2000 2005//2005
f 3471//3471 1992//1992 1996//1996 3472//3472
f 1997//1997 1998//1998 1999//1999 1994//1994
f 1997//1997 2948//2948 2980//2980 3007//3007
f 1998//1998 2003//2003 2004//2004 1999//1999
f 2855//2855 2003//2003 1998//1998 3121//3121
f 1998//1998 1997//1997 3007//3007 3121//3121
f 2006//2006 2005//2005 2000//2000 2188//2188
f 2192//2192 2191//2191 2001//2001 2004//2004
f 2002//2002 1999//1999 2004//2004 2001//2001
f 2196//2196 2193//2193 2003//2003 2855//2855
f 2193//2193 2192//2192 2004//2004 2003//2003
f 3472//3472 1996//1996 2005//2005 3484//3484
f 2006//2006 2188//2188 2173//2173 2190//2190
f 3484//3484 2005//2005 2006//2006 2189//2189
f 2008//2008 2007//2007 2013//2013 2950//2950
f 2949//2949 2009//2009 2008//2008 2950//2950
f 2021//2021 2011//2011 2009//2009 2949//2949
f 2011//2011 2012//2012 2010//2010 2009//2009
f 2010//2010 2012//2012 2841//2841 2842//2842
f 2019//2019 2015//2015 2011//2011 2021//2021
f 2015//2015 2016//2016 2012//2012 2011//2011
f 2976//2976 2950//2950 2013//2013 2014//2014
f 2014//2014 2272//2272 3329//3329 2976//2976
f 2017//2017 2015//2015 2019//2019 2020//2020
f 2018//2018 2017//2017 2020//2020 2025//2025
f 2018//2018 2025//2025 2026//2026 3176//3176
f 3216//3216 1887//1887 2018//2018 3176//3176
f 2019//2019 2021//2021 2022//2022 2023//2023
f 2020//2020 2019//2019 2023//2023 2024//2024
f 2022//2022 2021//2021 2949//2949 2975//2975
f 2023//2023 2022//2022 2029//2029 2031//2031
f 2030//2030 2024//2024 2023//2023 2031//2031
f 2025//2025 2020//2020 2024//2024 2033//2033
f 2032//2032 2033//2033 2024//2024 2030//2030
f 2025//2025 2033//2033 2027//2027 2026//2026
f 2028//2028 2026//2026 2027//2027 2035//2035
f 2050//2050 2047//2047 2028//2028 2035//2035
f 2028//2028 2040//2040 3176//3176 2026//2026
f 2975//2975 2840//2840 2029//2029 2022//2022
f 2030//2030 2972//2972 2845//2845 2032//2032
f 2031//2031 2029//2029 2036//2036 2278//2278
f 2972//2972 2030//2030 2031//2031 2278//2278
f 2277//2277 2034//2034 2032//2032 2845//2845
f 2034//2034 2027//2027 2033//2033 2032//2032
f 2035//2035 2027//2027 2034//2034 3175//3175
f 2309//2309 2050//2050 2035//2035 3175//3175
f 2036//2036 2275//2275 2276//2276 2279//2279
f 2840//2840 2275//2275 2036//2036 2029//2029
f 2813//2813 2815//2815 2038//2038 700//700
f 2038//2038 3388//3388 3337//3337 2037//2037
f 3409//3409 3388//3388 2038//2038 2815//2815
f 2047//2047 2046//2046 2040//2040 2028//2028
f 2040//2040 2039//2039 3216//3216 3176//3176
f 2048//2048 2043//2043 2042//2042 2051//2051
f 3049//3049 2051//2051 2042//2042 3108//3108
f 2042//2042 2041//2041 3107//3107 3108//3108
f 2049//2049 2045//2045 2043//2043 2048//2048
f 2094//2094 2044//2044 2045//2045 3335//3335
f 2045//2045 2049//2049 2103//2103 2091//2091
f 3049//3049 3108//3108 2046//2046 2047//2047
f 2048//2048 2051//2051 2052//2052 2053//2053
f 2049//2049 2048//2048 2053//2053 3094//3094
f 3049//3049 2047//2047 2050//2050 2054//2054
f 2056//2056 2053//2053 2052//2052 2055//2055
f 3049//3049 2054//2054 2052//2052 2051//2051
f 2055//2055 2052//2052 2054//2054 2310//2310
f 2309//2309 2310//2310 2054//2054 2050//2050
f 2311//2311 2315//2315 2056//2056 2055//2055
f 3094//3094 2053//2053 2056//2056 3351//3351
f 2074//2074 2058//2058 2057//2057 2076//2076
f 2059//2059 2057//2057 2058//2058 2060//2060
f 2971//2971 3337//3337 2058//2058 2074//2074
f 3388//3388 2060//2060 2058//2058 3337//3337
f 2063//2063 2062//2062 2059//2059 2061//2061
f 2075//2075 2057//2057 2059//2059 2062//2062
f 2061//2061 2059//2059 2060//2060 2930//2930
f 2064//2064 2063//2063 2061//2061 2923//2923
f 2926//2926 2923//2923 2061//2061 2930//2930
f 2062//2062 2063//2063 2092//2092 2090//2090
f 2064//2064 2068//2068 2072//2072 2096//2096
f 2064//2064 2096//2096 2092//2092 2063//2063
f 2066//2066 2067//2067 2065//2065 2104//2104
f 2921//2921 2922//2922 2065//2065 3430//3430
f 2066//2066 2071//2071 2069//2069 2067//2067
f 2105//2105 2071//2071 2066//2066 3148//3148
f 2067//2067 2926//2926 3430//3430 2065//2065
f 2073//2073 2072//2072 2068//2068 2070//2070
f 2923//2923 2069//2069 2068//2068 2064//2064
f 2070//2070 2068//2068 2069//2069 2071//2071
f 2069//2069 2923//2923 2926//2926 2067//2067
f 2070//2070 2071//2071 2105//2105 2106//2106
f 2072//2072 2098//2098 2097//2097 2096//2096
f 2099//2099 2098//2098 2072//2072 2073//2073
f 2073//2073 2070//2070 2106//2106 2110//2110
f 2935//2935 2099//2099 2073//2073 2110//2110
f 2082//2082 2081//2081 2074//2074 2076//2076
f 2074//2074 2081//2081 2970//2970 2971//2971
f 2076//2076 2057//2057 2075//2075 2079//2079
f 2090//2090 2091//2091 2075//2075 2062//2062
f 2075//2075 2091//2091 2103//2103 2079//2079
f 2076//2076 2079//2079 2078//2078 2082//2082
f 2077//2077 2037//2037 3337//3337 2971//2971
f 2078//2078 2086//2086 2084//2084 2082//2082
f 2103//2103 2102//2102 2078//2078 2079//2079
f 2078//2078 2102//2102 3441//3441 2086//2086
f 2971//2971 2970//2970 2080//2080 2077//2077
f 2080//2080 2970//2970 3440//3440 2083//2083
f 2082//2082 2084//2084 2085//2085 2081//2081
f 2083//2083 3440//3440 2894//2894 2327//2327
f 2084//2084 2328//2328 2329//2329 2085//2085
f 2970//2970 2081//2081 2085//2085 3440//3440
f 2086//2086 2330//2330 2328//2328 2084//2084
f 2086//2086 3441//3441 2891//2891 2330//2330
f 2088//2088 1915//1915 2087//2087 2093//2093
f 2094//2094 2093//2093 2087//2087 3040//3040
f 2097//2097 2098//2098 2089//2089 2088//2088
f 2089//2089 2098//2098 2099//2099 2101//2101
f 2116//2116 1916//1916 2089//2089 2101//2101
f 2090//2090 2092//2092 2095//2095 3335//3335
f 2091//2091 2090//2090 3335//3335 2045//2045
f 2097//2097 2095//2095 2092//2092 2096//2096
f 2097//2097 2088//2088 2093//2093 2095//2095
f 2095//2095 2093//2093 2094//2094 3335//3335
f 2094//2094 3040//3040 3041//3041 2044//2044
f 2101//2101 2099//2099 2100//2100 2124//2124
f 2100//2100 2099//2099 2935//2935 2123//2123
f 3351//3351 3441//3441 2102//2102 3094//3094
f 2103//2103 2049//2049 3094//3094 2102//2102
f 3148//3148 2066//2066 2104//2104 2107//2107
f 2106//2106 2105//2105 2108//2108 2109//2109
f 3149//3149 3148//3148 2107//2107 2111//2111
f 2113//2113 2109//2109 2108//2108 2334//2334
f 2108//2108 2105//2105 3148//3148 3149//3149
f 2108//2108 3149//3149 3476//3476 2334//2334
f 2110//2110 2106//2106 2109//2109 2114//2114
f 2115//2115 2114//2114 2109//2109 2113//2113
f 2941//2941 2935//2935 2110//2110 2114//2114
f 3149//3149 2111//2111 2112//2112 3476//3476
f 2336//2336 2115//2115 2113//2113 2335//2335
f 3177//3177 2941//2941 2114//2114 2115//2115
f 2117//2117 1927//1927 2116//2116 2101//2101
f 2120//2120 2118//2118 2117//2117 2125//2125
f 2117//2117 2101//2101 2124//2124 2125//2125
f 2119//2119 1928//1928 2118//2118 2121//2121
f 2122//2122 2121//2121 2118//2118 2120//2120
f 3116//3116 3051//3051 2119//2119 2121//2121
f 2127//2127 2122//2122 2120//2120 2126//2126
f 3116//3116 2121//2121 2122//2122 3458//3458
f 2124//2124 2100//2100 2123//2123 3029//3029
f 2123//2123 2936//2936 3089//3089 3029//3029
f 2126//2126 2120//2120 2125//2125 2128//2128
f 2125//2125 2124//2124 3029//3029 2128//2128
f 2126//2126 2128//2128 2129//2129 2130//2130
f 2127//2127 2126//2126 2130//2130 2133//2133
f 3065//3065 3064//3064 2127//2127 2133//2133
f 3458//3458 2122//2122 2127//2127 3064//3064
f 2129//2129 2128//2128 3029//3029 3089//3089
f 2130//2130 2129//2129 2131//2131 2132//2132
f 2351//2351 2132//2132 2131//2131 2356//2356
f 2131//2131 2349//2349 2355//2355 2356//2356
f 2131//2131 2129//2129 3089//3089 2349//2349
f 2133//2133 2130//2130 2132//2132 2352//2352
f 2353//2353 2352//2352 2132//2132 2351//2351
f 3113//3113 3065//3065 2133//2133 2352//2352
f 2134//2134 2139//2139 2140//2140 2135//2135
f 2136//2136 2141//2141 2139//2139 2134//2134
f 2136//2136 3427//3427 3125//3125 2141//2141
f 2137//2137 3146//3146 3151//3151 2138//2138
f 2138//2138 3151//3151 3145//3145 2142//2142
f 2145//2145 2144//2144 2139//2139 2141//2141
f 2144//2144 2143//2143 2140//2140 2139//2139
f 3146//3146 2135//2135 2140//2140 3151//3151
f 2147//2147 2146//2146 2143//2143 2144//2144
f 2143//2143 2146//2146 3068//3068 3145//3145
f 3151//3151 2140//2140 2143//2143 3145//3145
f 2148//2148 2147//2147 2144//2144 2145//2145
f 3125//3125 2918//2918 2145//2145 2141//2141
f 2146//2146 2147//2147 2149//2149 2366//2366
f 2148//2148 2150//2150 2149//2149 2147//2147
f 2918//2918 2916//2916 2148//2148 2145//2145
f 3429//3429 2150//2150 2148//2148 2916//2916
f 2149//2149 2369//2369 2370//2370 2366//2366
f 2150//2150 2371//2371 2369//2369 2149//2149
f 3188//3188 2371//2371 2150//2150 3429//3429
f 2154//2154 2152//2152 2151//2151 2155//2155
f 2151//2151 1959//1959 3051//3051 3116//3116
f 3458//3458 2155//2155 2151//2151 3116//3116
f 2153//2153 1960//1960 2152//2152 3332//3332
f 2919//2919 3332//3332 2152//2152 2154//2154
f 2153//2153 3127//3127 2920//2920 1956//1956
f 2156//2156 2154//2154 2155//2155 2157//2157
f 3064//3064 2157//2157 2155//2155 3458//3458
f 2156//2156 2157//2157 2158//2158 2159//2159
f 2156//2156 2917//2917 2919//2919 2154//2154
f 2158//2158 2157//2157 3064//3064 3065//3065
f 2159//2159 2158//2158 2160//2160 2386//2386
f 2159//2159 2915//2915 2917//2917 2156//2156
f 3221//3221 2915//2915 2159//2159 2386//2386
f 2160//2160 2158//2158 3065//3065 3113//3113
f 2167//2167 2164//2164 2161//2161 2165//2165
f 2165//2165 2161//2161 2162//2162 2166//2166
f 2824//2824 2166//2166 2162//2162 3375//3375
f 2164//2164 3374//3374 2819//2819 2163//2163
f 2165//2165 2166//2166 2393//2393 2394//2394
f 2167//2167 2165//2165 2394//2394 2400//2400
f 2823//2823 2395//2395 2167//2167 2400//2400
f 2167//2167 2395//2395 3374//3374 2164//2164
f 2176//2176 2177//2177 2168//2168 2807//2807
f 2169//2169 2168//2168 2170//2170 2171//2171
f 2175//2175 2172//2172 2170//2170 3168//3168
f 2170//2170 2168//2168 2177//2177 3168//3168
f 2172//2172 1978//1978 2171//2171 2170//2170
f 2195//2195 2190//2190 2173//2173 2174//2174
f 2174//2174 2172//2172 2175//2175 3071//3071
f 2176//2176 2423//2423 2422//2422 2177//2177
f 2179//2179 3168//3168 2177//2177 2422//2422
f 3071//3071 2175//2175 2178//2178 3082//3082
f 2178//2178 2175//2175 3168//3168 2179//2179
f 2180//2180 2178//2178 2179//2179 2418//2418
f 3082//3082 2178//2178 2180//2180 2184//2184
f 2182//2182 96//96 2181//2181 2397//2397
f 2395//2395 2397//2397 2181//2181 3374//3374
f 2423//2423 2176//2176 2182//2182 2822//2822
f 2182//2182 2176//2176 2807//2807 96//96
f 2184//2184 2180//2180 2183//2183 2420//2420
f 2418//2418 2419//2419 2183//2183 2180//2180
f 2421//2421 2420//2420 2183//2183 2429//2429
f 2184//2184 2420//2420 2438//2438 3083//3083
f 3293//3293 3323//3323 2185//2185 3294//3294
f 2185//2185 3323//3323 3325//3325 2205//2205
f 2187//2187 2186//2186 2220//2220 3324//3324
f 2189//2189 2006//2006 2190//2190 2194//2194
f 2191//2191 2219//2219 2220//2220 2186//2186
f 2192//2192 2221//2221 2219//2219 2191//2191
f 2193//2193 2222//2222 2221//2221 2192//2192
f 2194//2194 2190//2190 2195//2195 3482//3482
f 2194//2194 2197//2197 3047//3047 2189//2189
f 2195//2195 2174//2174 3071//3071 3481//3481
f 2222//2222 2193//2193 2196//2196 2198//2198
f 2196//2196 2855//2855 3047//3047 2197//2197
f 2198//2198 2196//2196 2197//2197 2199//2199
f 3482//3482 2199//2199 2197//2197 2194//2194
f 2232//2232 2222//2222 2198//2198 2200//2200
f 2200//2200 2198//2198 2199//2199 2201//2201
f 2240//2240 2232//2232 2200//2200 2202//2202
f 2202//2202 2200//2200 2201//2201 2203//2203
f 2201//2201 2199//2199 3482//3482 3485//3485
f 2202//2202 2203//2203 2204//2204 3036//3036
f 3035//3035 2240//2240 2202//2202 3036//3036
f 2437//2437 2204//2204 2203//2203 3487//3487
f 2203//2203 2201//2201 3485//3485 3487//3487
f 2436//2436 3038//3038 2204//2204 2437//2437
f 3037//3037 3036//3036 2204//2204 3038//3038
f 2206//2206 3372//3372 2816//2816 2208//2208
f 3325//3325 3372//3372 2206//2206 2205//2205
f 2816//2816 2212//2212 2207//2207 2208//2208
f 2209//2209 2210//2210 2211//2211 2224//2224
f 2209//2209 2224//2224 2223//2223 2227//2227
f 2230//2230 2215//2215 2209//2209 2227//2227
f 2210//2210 2214//2214 2212//2212 2816//2816
f 2215//2215 2214//2214 2210//2210 2209//2209
f 3372//3372 2211//2211 2210//2210 2816//2816
f 2220//2220 2224//2224 2211//2211 3324//3324
f 2213//2213 2207//2207 2212//2212 3232//3232
f 2213//2213 3232//3232 3001//3001 3002//3002
f 2216//2216 2217//2217 2214//2214 2215//2215
f 2214//2214 2217//2217 3232//3232 2212//2212
f 2234//2234 2216//2216 2215//2215 2230//2230
f 2218//2218 2217//2217 2216//2216 2238//2238
f 3232//3232 2217//2217 2218//2218 3001//3001
f 2225//2225 2223//2223 2219//2219 2221//2221
f 2223//2223 2224//2224 2220//2220 2219//2219
f 2226//2226 2225//2225 2221//2221 2222//2222
f 2228//2228 2227//2227 2223//2223 2225//2225
f 2229//2229 2228//2228 2225//2225 2226//2226
f 2226//2226 2222//2222 2232//2232 3167//3167
f 2233//2233 2229//2229 2226//2226 3167//3167
f 2231//2231 2230//2230 2227//2227 2228//2228
f 2231//2231 2228//2228 2229//2229 2237//2237
f 2235//2235 2234//2234 2230//2230 2231//2231
f 2236//2236 2235//2235 2231//2231 2237//2237
f 2233//2233 2242//2242 2237//2237 2229//2229
f 2238//2238 2216//2216 2234//2234 2239//2239
f 2239//2239 2234//2234 2235//2235 2263//2263
f 2242//2242 2268//2268 2236//2236 2237//2237
f 2263//2263 2235//2235 2236//2236 3256//3256
f 2255//2255 2218//2218 2238//2238 3445//3445
f 3445//3445 2238//2238 2239//2239 3231//3231
f 3167//3167 2232//2232 2240//2240 2451//2451
f 2242//2242 2233//2233 2241//2241 2453//2453
f 2241//2241 2233//2233 3167//3167 2451//2451
f 2243//2243 2253//2253 2254//2254 2244//2244
f 2245//2245 2243//2243 2244//2244 2247//2247
f 2244//2244 2254//2254 2255//2255 2246//2246
f 2245//2245 2247//2247 3268//3268 3270//3270
f 2247//2247 2244//2244 2246//2246 2248//2248
f 2249//2249 2248//2248 2246//2246 2256//2256
f 2250//2250 2251//2251 2248//2248 2249//2249
f 2248//2248 2251//2251 3268//3268 2247//2247
f 2257//2257 3273//3273 2250//2250 2249//2249
f 2276//2276 2251//2251 2250//2250 2279//2279
f 2250//2250 3273//3273 3274//3274 2279//2279
f 2253//2253 2252//2252 3003//3003 3002//3002
f 2254//2254 2253//2253 3002//3002 3001//3001
f 2256//2256 2246//2246 2255//2255 3445//3445
f 2255//2255 2254//2254 3001//3001 2218//2218
f 2257//2257 2249//2249 2256//2256 2258//2258
f 3231//3231 2258//2258 2256//2256 3445//3445
f 2257//2257 2258//2258 2259//2259 2260//2260
f 3235//3235 2259//2259 2258//2258 3231//3231
f 2261//2261 2260//2260 2259//2259 2262//2262
f 2260//2260 2261//2261 2265//2265 3277//3277
f 2260//2260 3277//3277 3273//3273 2257//2257
f 2261//2261 2262//2262 2264//2264 3215//3215
f 2266//2266 2265//2265 2261//2261 3215//3215
f 2262//2262 2259//2259 3235//3235 3305//3305
f 2263//2263 3235//3235 3231//3231 2239//2239
f 3305//3305 3235//3235 2263//2263 3256//3256
f 2271//2271 3184//3184 2264//2264 2270//2270
f 2264//2264 2262//2262 3305//3305 2270//2270
f 2265//2265 2266//2266 2288//2288 2284//2284
f 2265//2265 2284//2284 3278//3278 3277//3277
f 2266//2266 2291//2291 2292//2292 2288//2288
f 2266//2266 3215//3215 3183//3183 2291//2291
f 2271//2271 2270//2270 2267//2267 2269//2269
f 3305//3305 3256//3256 2267//2267 2270//2270
f 2269//2269 2267//2267 2268//2268 2463//2463
f 2453//2453 2463//2463 2268//2268 2242//2242
f 2268//2268 2267//2267 3256//3256 2236//2236
f 2269//2269 2463//2463 2464//2464 2467//2467
f 2465//2465 2271//2271 2269//2269 2467//2467
f 2273//2273 946//946 2274//2274 3272//3272
f 2273//2273 3272//3272 3271//3271 3308//3308
f 2273//2273 3308//3308 3329//3329 2272//2272
f 2274//2274 954//954 3270//3270 3272//3272
f 3268//3268 2251//2251 2276//2276 3271//3271
f 3308//3308 3271//3271 2276//2276 2275//2275
f 3175//3175 2034//2034 2277//2277 2281//2281
f 2278//2278 2036//2036 2279//2279 3274//3274
f 2278//2278 3274//3274 3278//3278 2972//2972
f 2310//2310 2309//2309 2280//2280 2312//2312
f 2313//2313 2312//2312 2280//2280 2282//2282
f 2282//2282 2280//2280 2281//2281 2286//2286
f 2283//2283 2286//2286 2281//2281 2277//2277
f 2281//2281 2280//2280 2309//2309 3175//3175
f 2282//2282 2286//2286 2287//2287 2317//2317
f 2283//2283 2277//2277 2845//2845 2284//2284
f 2285//2285 2283//2283 2284//2284 2288//2288
f 2284//2284 2845//2845 2972//2972 3278//3278
f 2286//2286 2283//2283 2285//2285 2287//2287
f 2290//2290 2287//2287 2285//2285 2289//2289
f 2289//2289 2285//2285 2288//2288 2292//2292
f 2289//2289 2292//2292 2293//2293 2294//2294
f 2290//2290 2289//2289 2294//2294 2295//2295
f 2297//2297 2296//2296 2290//2290 2295//2295
f 2290//2290 2296//2296 2317//2317 2287//2287
f 2291//2291 2479//2479 2293//2293 2292//2292
f 2294//2294 2293//2293 2480//2480 2481//2481
f 2295//2295 2294//2294 2481//2481 2482//2482
f 2297//2297 3105//3105 2318//2318 2296//2296
f 2297//2297 2295//2295 2482//2482 3104//3104
f 3103//3103 3105//3105 2297//2297 3104//3104
f 2299//2299 976//976 2298//2298 2331//2331
f 2893//2893 3239//3239 2299//2299 2331//2331
f 2299//2299 3239//3239 3361//3361 2305//2305
f 2302//2302 2300//2300 2301//2301 2303//2303
f 2301//2301 2300//2300 3239//3239 2893//2893
f 2302//2302 2306//2306 2307//2307 2300//2300
f 2304//2304 2302//2302 2303//2303 2332//2332
f 2303//2303 2301//2301 2329//2329 2328//2328
f 2304//2304 2308//2308 2306//2306 2302//2302
f 2890//2890 3237//3237 2304//2304 2332//2332
f 2304//2304 3237//3237 3250//3250 2308//2308
f 2497//2497 2495//2495 2306//2306 2308//2308
f 2495//2495 2496//2496 2307//2307 2306//2306
f 3239//3239 2300//2300 2307//2307 3361//3361
f 2307//2307 2496//2496 3362//3362 3361//3361
f 2308//2308 3250//3250 3358//3358 2497//2497
f 2311//2311 2055//2055 2310//2310 2312//2312
f 2314//2314 2311//2311 2312//2312 2313//2313
f 2316//2316 2314//2314 2313//2313 2319//2319
f 2313//2313 2282//2282 2317//2317 2319//2319
f 2315//2315 2311//2311 2314//2314 3100//3100
f 2321//2321 3100//3100 2314//2314 2316//2316
f 2315//2315 2899//2899 3351//3351 2056//2056
f 2326//2326 2321//2321 2316//2316 2324//2324
f 2318//2318 2319//2319 2317//2317 2296//2296
f 2325//2325 2324//2324 2318//2318 3105//3105
f 2324//2324 2316//2316 2319//2319 2318//2318
f 2321//2321 2322//2322 2320//2320 3100//3100
f 2320//2320 2322//2322 3237//3237 2890//2890
f 2323//2323 2322//2322 2321//2321 2326//2326
f 2322//2322 2323//2323 3250//3250 3237//3237
f 2326//2326 2324//2324 2325//2325 2519//2519
f 3103//3103 2522//2522 2325//2325 3105//3105
f 2326//2326 2519//2519 2521//2521 2323//2323
f 2332//2332 2303//2303 2328//2328 2330//2330
f 2329//2329 2301//2301 2893//2893 2894//2894
f 3440//3440 2085//2085 2329//2329 2894//2894
f 2894//2894 2893//2893 2331//2331 2327//2327
f 2891//2891 2890//2890 2332//2332 2330//2330
f 3476//3476 2112//2112 2333//2333 3477//3477
f 2335//2335 2113//2113 2334//2334 2338//2338
f 2334//2334 3476//3476 3477//3477 2338//2338
f 2340//2340 2336//2336 2335//2335 2339//2339
f 3177//3177 2115//2115 2336//2336 3432//3432
f 3201//3201 3200//3200 2337//2337 2344//2344
f 3477//3477 2333//2333 2337//2337 3200//3200
f 2339//2339 2335//2335 2338//2338 2341//2341
f 2338//2338 3477//3477 3200//3200 2341//2341
f 2339//2339 2341//2341 2342//2342 2343//2343
f 2340//2340 2339//2339 2343//2343 2347//2347
f 2943//2943 2939//2939 2340//2340 2347//2347
f 3432//3432 2336//2336 2340//2340 2939//2939
f 2342//2342 2341//2341 3200//3200 3201//3201
f 2343//2343 2342//2342 2345//2345 2346//2346
f 3202//3202 3201//3201 2344//2344 2543//2543
f 2545//2545 2346//2346 2345//2345 2549//2549
f 2345//2345 2342//2342 3201//3201 3202//3202
f 2345//2345 3202//3202 3478//3478 2549//2549
f 2347//2347 2343//2343 2346//2346 2546//2546
f 2547//2547 2546//2546 2346//2346 2545//2545
f 3189//3189 2943//2943 2347//2347 2546//2546
f 2349//2349 2350//2350 2348//2348 2355//2355
f 2348//2348 3432//3432 2939//2939 2354//2354
f 2936//2936 2350//2350 2349//2349 3089//3089
f 2350//2350 2936//2936 2941//2941 3177//3177
f 2350//2350 3177//3177 3432//3432 2348//2348
f 2358//2358 2353//2353 2351//2351 2357//2357
f 3113//3113 2352//2352 2353//2353 3461//3461
f 2355//2355 2348//2348 2354//2354 3088//3088
f 2354//2354 2940//2940 3091//3091 3088//3088
f 2357//2357 2351//2351 2356//2356 2359//2359
f 2356//2356 2355//2355 3088//3088 2359//2359
f 2357//2357 2359//2359 2360//2360 2361//2361
f 2358//2358 2357//2357 2361//2361 2364//2364
f 3112//3112 3111//3111 2358//2358 2364//2364
f 3461//3461 2353//2353 2358//2358 3111//3111
f 2360//2360 2359//2359 3088//3088 3091//3091
f 2361//2361 2360//2360 2362//2362 2363//2363
f 2566//2566 2363//2363 2362//2362 2571//2571
f 2362//2362 2564//2564 2570//2570 2571//2571
f 2362//2362 2360//2360 3091//3091 2564//2564
f 2364//2364 2361//2361 2363//2363 2567//2567
f 2568//2568 2567//2567 2363//2363 2566//2566
f 3115//3115 3112//3112 2364//2364 2567//2567
f 2365//2365 2367//2367 2368//2368 1037//1037
f 2370//2370 2367//2367 2365//2365 2366//2366
f 2366//2366 2365//2365 3068//3068 2146//2146
f 2367//2367 2372//2372 2373//2373 2368//2368
f 3069//3069 2372//2372 2367//2367 2370//2370
f 2369//2369 2371//2371 3070//3070 2377//2377
f 2377//2377 3069//3069 2370//2370 2369//2369
f 2375//2375 2374//2374 2373//2373 2372//2372
f 2373//2373 2374//2374 3044//3044 3059//3059
f 2373//2373 3059//3059 3475//3475 2368//2368
f 2380//2380 2379//2379 2374//2374 2375//2375
f 2374//2374 2379//2379 3043//3043 3044//3044
f 2381//2381 2380//2380 2375//2375 3067//3067
f 3069//3069 3067//3067 2375//2375 2372//2372
f 2376//2376 2382//2382 2381//2381 3067//3067
f 2383//2383 2382//2382 2376//2376 2378//2378
f 2378//2378 2376//2376 2377//2377 3070//3070
f 2377//2377 2376//2376 3067//3067 3069//3069
f 2384//2384 2383//2383 2378//2378 2913//2913
f 2924//2924 2913//2913 2378//2378 3070//3070
f 2379//2379 2587//2587 3042//3042 3043//3043
f 2380//2380 2586//2586 2587//2587 2379//2379
f 2381//2381 2588//2588 2586//2586 2380//2380
f 3479//3479 2588//2588 2381//2381 2382//2382
f 2590//2590 3479//3479 2382//2382 2383//2383
f 2384//2384 2589//2589 2590//2590 2383//2383
f 2614//2614 2589//2589 2384//2384 3039//3039
f 2386//2386 2160//2160 2385//2385 2387//2387
f 2388//2388 2387//2387 2385//2385 2389//2389
f 3111//3111 2389//2389 2385//2385 3461//3461
f 2385//2385 2160//2160 3113//3113 3461//3461
f 2925//2925 3221//3221 2386//2386 2387//2387
f 2388//2388 2914//2914 2925//2925 2387//2387
f 2390//2390 2388//2388 2389//2389 2391//2391
f 3112//3112 2391//2391 2389//2389 3111//3111
f 2390//2390 2391//2391 2392//2392 2610//2610
f 2390//2390 2912//2912 2914//2914 2388//2388
f 3039//3039 2912//2912 2390//2390 2610//2610
f 2392//2392 2391//2391 3112//3112 3115//3115
f 2398//2398 2394//2394 2393//2393 2399//2399
f 2393//2393 2166//2166 2824//2824 2826//2826
f 3286//3286 2399//2399 2393//2393 2826//2826
f 2401//2401 2400//2400 2394//2394 2398//2398
f 2396//2396 2397//2397 2395//2395 2823//2823
f 2402//2402 3285//3285 2396//2396 2823//2823
f 2822//2822 2182//2182 2397//2397 2396//2396
f 2400//2400 2401//2401 2402//2402 2823//2823
f 2402//2402 2401//2401 2403//2403 2405//2405
f 2408//2408 3285//3285 2402//2402 2405//2405
f 2406//2406 2405//2405 2403//2403 2404//2404
f 2406//2406 2407//2407 2408//2408 2405//2405
f 2411//2411 2407//2407 2406//2406 2416//2416
f 2406//2406 2404//2404 2413//2413 2416//2416
f 2407//2407 2409//2409 2410//2410 2408//2408
f 2412//2412 2409//2409 2407//2407 2411//2411
f 2409//2409 2431//2431 2426//2426 2410//2410
f 2432//2432 2431//2431 2409//2409 2412//2412
f 2410//2410 3284//3284 3285//3285 2408//2408
f 2417//2417 3355//3355 2411//2411 2416//2416
f 3355//3355 3354//3354 2412//2412 2411//2411
f 2417//2417 2416//2416 2413//2413 2414//2414
f 2414//2414 2415//2415 2628//2628 2629//2629
f 2417//2417 2414//2414 2629//2629 2631//2631
f 2633//2633 3355//3355 2417//2417 2631//2631
f 2422//2422 2425//2425 2418//2418 2179//2179
f 2419//2419 2418//2418 2425//2425 2427//2427
f 2429//2429 2183//2183 2419//2419 2428//2428
f 2439//2439 2438//2438 2420//2420 2421//2421
f 2422//2422 2423//2423 2424//2424 2425//2425
f 3284//3284 2424//2424 2423//2423 2822//2822
f 2425//2425 2424//2424 2426//2426 2427//2427
f 2426//2426 2424//2424 3284//3284 2410//2410
f 2428//2428 2419//2419 2427//2427 3013//3013
f 2427//2427 2426//2426 2431//2431 3013//3013
f 2430//2430 2421//2421 2429//2429 2999//2999
f 3000//3000 2999//2999 2429//2429 2428//2428
f 2439//2439 2421//2421 2430//2430 2440//2440
f 2448//2448 2440//2440 2430//2430 2999//2999
f 2434//2434 2433//2433 2432//2432 2435//2435
f 3013//3013 2431//2431 2432//2432 2433//2433
f 3354//3354 2435//2435 2432//2432 2412//2412
f 2434//2434 2435//2435 2645//2645 2646//2646
f 2434//2434 2647//2647 3000//3000 2433//2433
f 2436//2436 3453//3453 3162//3162 3038//3038
f 2438//2438 2436//2436 2437//2437 3083//3083
f 3453//3453 2436//2436 2438//2438 2439//2439
f 2440//2440 2448//2448 2449//2449 3187//3187
f 3453//3453 2439//2439 2440//2440 3187//3187
f 2457//2457 2456//2456 2441//2441 2458//2458
f 2459//2459 2458//2458 2441//2441 2443//2443
f 2443//2443 2441//2441 2442//2442 2447//2447
f 2442//2442 2441//2441 2456//2456 3037//3037
f 2443//2443 2447//2447 2446//2446 3063//3063
f 2444//2444 2445//2445 2446//2446 2447//2447
f 2445//2445 2444//2444 3187//3187 2449//2449
f 2446//2446 2445//2445 2450//2450 3161//3161
f 2447//2447 2442//2442 3162//3162 2444//2444
f 2648//2648 2449//2449 2448//2448 2647//2647
f 2449//2449 2648//2648 2450//2450 2445//2445
f 2452//2452 2241//2241 2451//2451 2454//2454
f 2451//2451 2240//2240 3035//3035 2454//2454
f 2453//2453 2241//2241 2452//2452 3186//3186
f 2464//2464 2463//2463 2453//2453 3186//3186
f 2455//2455 2452//2452 2454//2454 2457//2457
f 2455//2455 2457//2457 2458//2458 3034//3034
f 3186//3186 2452//2452 2455//2455 3463//3463
f 2456//2456 3035//3035 3036//3036 3037//3037
f 3035//3035 2456//2456 2457//2457 2454//2454
f 3160//3160 3034//3034 2458//2458 2459//2459
f 2459//2459 2443//2443 3063//3063 3080//3080
f 2460//2460 2462//2462 2474//2474 3185//3185
f 2460//2460 3185//3185 3034//3034 3160//3160
f 2462//2462 2460//2460 2461//2461 2670//2670
f 2461//2461 2667//2667 2668//2668 2669//2669
f 2461//2461 2460//2460 3160//3160 2667//2667
f 2698//2698 2475//2475 2462//2462 2670//2670
f 2465//2465 2467//2467 2468//2468 2469//2469
f 2465//2465 2470//2470 3184//3184 2271//2271
f 2467//2467 2464//2464 2466//2466 2468//2468
f 2466//2466 3463//3463 3185//3185 2474//2474
f 2466//2466 2464//2464 3186//3186 3463//3463
f 2474//2474 2471//2471 2468//2468 2466//2466
f 2470//2470 2465//2465 2469//2469 2473//2473
f 2469//2469 2468//2468 2471//2471 2472//2472
f 3182//3182 3181//3181 2470//2470 2473//2473
f 2476//2476 2472//2472 2471//2471 2475//2475
f 2473//2473 2469//2469 2472//2472 2477//2477
f 2478//2478 2477//2477 2472//2472 2476//2476
f 2475//2475 2471//2471 2474//2474 2462//2462
f 2699//2699 2476//2476 2475//2475 2698//2698
f 2700//2700 2478//2478 2476//2476 2699//2699
f 3182//3182 2473//2473 2477//2477 3459//3459
f 2702//2702 2701//2701 2478//2478 2700//2700
f 2478//2478 2701//2701 3459//3459 2477//2477
f 2479//2479 2483//2483 2480//2480 2293//2293
f 2479//2479 2291//2291 3183//3183 3181//3181
f 2484//2484 2481//2481 2480//2480 2487//2487
f 2485//2485 2482//2482 2481//2481 2484//2484
f 3214//3214 3104//3104 2482//2482 2485//2485
f 2483//2483 2486//2486 2487//2487 2480//2480
f 2483//2483 2479//2479 3181//3181 3182//3182
f 3459//3459 2486//2486 2483//2483 3182//3182
f 2488//2488 3213//3213 2485//2485 2484//2484
f 2486//2486 2489//2489 2490//2490 2487//2487
f 2701//2701 2489//2489 2486//2486 3459//3459
f 2488//2488 2484//2484 2487//2487 2490//2490
f 2493//2493 3213//3213 2488//2488 2491//2491
f 2491//2491 2488//2488 2490//2490 2724//2724
f 2727//2727 2724//2724 2490//2490 2489//2489
f 2491//2491 2724//2724 2725//2725 2492//2492
f 2493//2493 2491//2491 2492//2492 3092//3092
f 2729//2729 3390//3390 2492//2492 2725//2725
f 2492//2492 3390//3390 2832//2832 3092//3092
f 2493//2493 2534//2534 2533//2533 3213//3213
f 2535//2535 2534//2534 2493//2493 3092//3092
f 3361//3361 3362//3362 2494//2494 2305//2305
f 2495//2495 2499//2499 2500//2500 2496//2496
f 2496//2496 2500//2500 3385//3385 3362//3362
f 2497//2497 2501//2501 2499//2499 2495//2495
f 2497//2497 3358//3358 2524//2524 2501//2501
f 3347//3347 2502//2502 2498//2498 3385//3385
f 3362//3362 3385//3385 2498//2498 2494//2494
f 2499//2499 2503//2503 2504//2504 2500//2500
f 2509//2509 2503//2503 2499//2499 2501//2501
f 2506//2506 2507//2507 2504//2504 2503//2503
f 2504//2504 2507//2507 3322//3322 3347//3347
f 2504//2504 3347//3347 3385//3385 2500//2500
f 2505//2505 3322//3322 2512//2512 2510//2510
f 3347//3347 3322//3322 2505//2505 2502//2502
f 2509//2509 2508//2508 2506//2506 2503//2503
f 2518//2518 3307//3307 2506//2506 2508//2508
f 3307//3307 2514//2514 2507//2507 2506//2506
f 2524//2524 2525//2525 2509//2509 2501//2501
f 2509//2509 2525//2525 2537//2537 2508//2508
f 2512//2512 2513//2513 2511//2511 2510//2510
f 2514//2514 2515//2515 2513//2513 2512//2512
f 2513//2513 2732//2732 2731//2731 2511//2511
f 2517//2517 2515//2515 2514//2514 3307//3307
f 3322//3322 2507//2507 2514//2514 2512//2512
f 2515//2515 2733//2733 2732//2732 2513//2513
f 3241//3241 2733//2733 2515//2515 2517//2517
f 2518//2518 2516//2516 2517//2517 3307//3307
f 2734//2734 3241//3241 2517//2517 2516//2516
f 2537//2537 2538//2538 2518//2518 2508//2508
f 2518//2518 2538//2538 2541//2541 2516//2516
f 2522//2522 2520//2520 2519//2519 2325//2325
f 2521//2521 2519//2519 2520//2520 2526//2526
f 2520//2520 2522//2522 2523//2523 2833//2833
f 3250//3250 2323//2323 2521//2521 3358//3358
f 2523//2523 2522//2522 3103//3103 2528//2528
f 3443//3443 2833//2833 2523//2523 2529//2529
f 2526//2526 2527//2527 2525//2525 2524//2524
f 2525//2525 2527//2527 2539//2539 2537//2537
f 2833//2833 2527//2527 2526//2526 2520//2520
f 3358//3358 2521//2521 2526//2526 2524//2524
f 3443//3443 2539//2539 2527//2527 2833//2833
f 2529//2529 2523//2523 2528//2528 2532//2532
f 2528//2528 3214//3214 2533//2533 2532//2532
f 2528//2528 3103//3103 3104//3104 3214//3214
f 2531//2531 2530//2530 2529//2529 2532//2532
f 2530//2530 2531//2531 2536//2536 3006//3006
f 2530//2530 3006//3006 3443//3443 2529//2529
f 2531//2531 2532//2532 2533//2533 2534//2534
f 2531//2531 2534//2534 2535//2535 2536//2536
f 2832//2832 2736//2736 2535//2535 3092//3092
f 2536//2536 2542//2542 2540//2540 3006//3006
f 2536//2536 2535//2535 2736//2736 2542//2542
f 2539//2539 2540//2540 2538//2538 2537//2537
f 2538//2538 2540//2540 2542//2542 2541//2541
f 2540//2540 2539//2539 3443//3443 3006//3006
f 2541//2541 2735//2735 2734//2734 2516//2516
f 2542//2542 2736//2736 2735//2735 2541//2541
f 3202//3202 2543//2543 2544//2544 3478//3478
f 2551//2551 2547//2547 2545//2545 2550//2550
f 3189//3189 2546//2546 2547//2547 3434//3434
f 2987//2987 3012//3012 2548//2548 2555//2555
f 3478//3478 2544//2544 2548//2548 3012//3012
f 2550//2550 2545//2545 2549//2549 2552//2552
f 2549//2549 3478//3478 3012//3012 2552//2552
f 2550//2550 2552//2552 2553//2553 2554//2554
f 2551//2551 2550//2550 2554//2554 2558//2558
f 3434//3434 2547//2547 2551//2551 3435//3435
f 2553//2553 2552//2552 3012//3012 2987//2987
f 2554//2554 2553//2553 2556//2556 2557//2557
f 2988//2988 2987//2987 2555//2555 2559//2559
f 2556//2556 2553//2553 2987//2987 2988//2988
f 2558//2558 2554//2554 2557//2557 2562//2562
f 2557//2557 2556//2556 2560//2560 2561//2561
f 2981//2981 2880//2880 2558//2558 2562//2562
f 2558//2558 2880//2880 3435//3435 2551//2551
f 3249//3249 2988//2988 2559//2559 2737//2737
f 2739//2739 2561//2561 2560//2560 2740//2740
f 2560//2560 2556//2556 2988//2988 3249//3249
f 3267//3267 2740//2740 2560//2560 3249//3249
f 2562//2562 2557//2557 2561//2561 2741//2741
f 2742//2742 2741//2741 2561//2561 2739//2739
f 3247//3247 2981//2981 2562//2562 2741//2741
f 2564//2564 2565//2565 2563//2563 2570//2570
f 2563//2563 3434//3434 3435//3435 2569//2569
f 2940//2940 2565//2565 2564//2564 3091//3091
f 2565//2565 2940//2940 2943//2943 3189//3189
f 2565//2565 3189//3189 3434//3434 2563//2563
f 2573//2573 2568//2568 2566//2566 2572//2572
f 3115//3115 2567//2567 2568//2568 3462//3462
f 2570//2570 2563//2563 2569//2569 3014//3014
f 2569//2569 2577//2577 2578//2578 3014//3014
f 2569//2569 3435//3435 2880//2880 2577//2577
f 2572//2572 2566//2566 2571//2571 2574//2574
f 2571//2571 2570//2570 3014//3014 2574//2574
f 2572//2572 2574//2574 2575//2575 2576//2576
f 2573//2573 2572//2572 2576//2576 3090//3090
f 2616//2616 2615//2615 2573//2573 3090//3090
f 3462//3462 2568//2568 2573//2573 2615//2615
f 2575//2575 2574//2574 3014//3014 2578//2578
f 2576//2576 2575//2575 2580//2580 2584//2584
f 3114//3114 3090//3090 2576//2576 2584//2584
f 2578//2578 2577//2577 2579//2579 2581//2581
f 2580//2580 2575//2575 2578//2578 2581//2581
f 2582//2582 2581//2581 2579//2579 2583//2583
f 2579//2579 2577//2577 2880//2880 2981//2981
f 2580//2580 2581//2581 2582//2582 2758//2758
f 2585//2585 2584//2584 2580//2580 2758//2758
f 2582//2582 2583//2583 2762//2762 2757//2757
f 2583//2583 2579//2579 2981//2981 3247//3247
f 3265//3265 2762//2762 2583//2583 3247//3247
f 2585//2585 2758//2758 2759//2759 2760//2760
f 3114//3114 2584//2584 2585//2585 2761//2761
f 2586//2586 2591//2591 2592//2592 2587//2587
f 2588//2588 2593//2593 2591//2591 2586//2586
f 3005//3005 2593//2593 2588//2588 3479//3479
f 2589//2589 2594//2594 2595//2595 2590//2590
f 2591//2591 2596//2596 2597//2597 2592//2592
f 2598//2598 2596//2596 2591//2591 2593//2593
f 2592//2592 3447//3447 3042//3042 2587//2587
f 2614//2614 2613//2613 2594//2594 2589//2589
f 2619//2619 2600//2600 2594//2594 2613//2613
f 2600//2600 2599//2599 2595//2595 2594//2594
f 2595//2595 2599//2599 2883//2883 3005//3005
f 2595//2595 3005//3005 3479//3479 2590//2590
f 2602//2602 2601//2601 2596//2596 2598//2598
f 2601//2601 1282//1282 2597//2597 2596//2596
f 3447//3447 2592//2592 2597//2597 2881//2881
f 3005//3005 2883//2883 2598//2598 2593//2593
f 2604//2604 2603//2603 2599//2599 2600//2600
f 2599//2599 2603//2603 2606//2606 2883//2883
f 2623//2623 2604//2604 2600//2600 2619//2619
f 2605//2605 2775//2775 2601//2601 2602//2602
f 2883//2883 2606//2606 2602//2602 2598//2598
f 2603//2603 2608//2608 2607//2607 2606//2606
f 2779//2779 2608//2608 2603//2603 2604//2604
f 2626//2626 2779//2779 2604//2604 2623//2623
f 2606//2606 2607//2607 2605//2605 2602//2602
f 2605//2605 2776//2776 2774//2774 2775//2775
f 2605//2605 2607//2607 2781//2781 2776//2776
f 2607//2607 2608//2608 2778//2778 2781//2781
f 2610//2610 2392//2392 2609//2609 2611//2611
f 2612//2612 2611//2611 2609//2609 2617//2617
f 2609//2609 2392//2392 3115//3115 3462//3462
f 2614//2614 3039//3039 2610//2610 2611//2611
f 2612//2612 2613//2613 2614//2614 2611//2611
f 2612//2612 2618//2618 2619//2619 2613//2613
f 2617//2617 2615//2615 2616//2616 2621//2621
f 2618//2618 2612//2612 2617//2617 2621//2621
f 3462//3462 2615//2615 2617//2617 2609//2609
f 2618//2618 2621//2621 2622//2622 2627//2627
f 2618//2618 2627//2627 2623//2623 2619//2619
f 2621//2621 2616//2616 2620//2620 2622//2622
f 2624//2624 2622//2622 2620//2620 2792//2792
f 2620//2620 2616//2616 3090//3090 3114//3114
f 2622//2622 2624//2624 2625//2625 2627//2627
f 2625//2625 2624//2624 2794//2794 2799//2799
f 2627//2627 2625//2625 2626//2626 2623//2623
f 2626//2626 2795//2795 2777//2777 2779//2779
f 2626//2626 2625//2625 2799//2799 2795//2795
f 2630//2630 2629//2629 2628//2628 1313//1313
f 2628//2628 2415//2415 3356//3356 3378//3378
f 2632//2632 2631//2631 2629//2629 2630//2630
f 2634//2634 2633//2633 2631//2631 2632//2632
f 2632//2632 2630//2630 2638//2638 2639//2639
f 2635//2635 2636//2636 2634//2634 2641//2641
f 2634//2634 2632//2632 2639//2639 2641//2641
f 2634//2634 2636//2636 3377//3377 2633//2633
f 2635//2635 3328//3328 2657//2657 2651//2651
f 2636//2636 2650//2650 2645//2645 3377//3377
f 2651//2651 2650//2650 2636//2636 2635//2635
f 2640//2640 2639//2639 2638//2638 2637//2637
f 2642//2642 2641//2641 2639//2639 2640//2640
f 2640//2640 2637//2637 2643//2643 2660//2660
f 2644//2644 2642//2642 2640//2640 2660//2660
f 2641//2641 2642//2642 3328//3328 2635//2635
f 2662//2662 2655//2655 2644//2644 2661//2661
f 2644//2644 2655//2655 3328//3328 2642//2642
f 2649//2649 2646//2646 2645//2645 2650//2650
f 2645//2645 2435//2435 3354//3354 3377//3377
f 2647//2647 2434//2434 2646//2646 2648//2648
f 2999//2999 3000//3000 2647//2647 2448//2448
f 2648//2648 2646//2646 2649//2649 2450//2450
f 2649//2649 2652//2652 3161//3161 2450//2450
f 2652//2652 2649//2649 2650//2650 2651//2651
f 2651//2651 2657//2657 2654//2654 2652//2652
f 2652//2652 2654//2654 2653//2653 3161//3161
f 2671//2671 2653//2653 2654//2654 2658//2658
f 2655//2655 2656//2656 2657//2657 3328//3328
f 2662//2662 2672//2672 2656//2656 2655//2655
f 2658//2658 2654//2654 2657//2657 2656//2656
f 2672//2672 2673//2673 2658//2658 2656//2656
f 2659//2659 2663//2663 2660//2660 2643//2643
f 2661//2661 2644//2644 2660//2660 2663//2663
f 2874//2874 2665//2665 2661//2661 2663//2663
f 2665//2665 2664//2664 2662//2662 2661//2661
f 2677//2677 2672//2672 2662//2662 2664//2664
f 2875//2875 2874//2874 2663//2663 2659//2659
f 2666//2666 2664//2664 2665//2665 2683//2683
f 2682//2682 2683//2683 2665//2665 2874//2874
f 2666//2666 2676//2676 2677//2677 2664//2664
f 2668//2668 2667//2667 3080//3080 2671//2671
f 2670//2670 2461//2461 2669//2669 2675//2675
f 2669//2669 2668//2668 2673//2673 2674//2674
f 2673//2673 2668//2668 2671//2671 2658//2658
f 2671//2671 3080//3080 3063//3063 2653//2653
f 2674//2674 2673//2673 2672//2672 2677//2677
f 2675//2675 2669//2669 2674//2674 2678//2678
f 2676//2676 2678//2678 2674//2674 2677//2677
f 2698//2698 2670//2670 2675//2675 2705//2705
f 2685//2685 2708//2708 2676//2676 2666//2666
f 2705//2705 2675//2675 2678//2678 2706//2706
f 2708//2708 2706//2706 2678//2678 2676//2676
f 2679//2679 2681//2681 2682//2682 2680//2680
f 2680//2680 2682//2682 2874//2874 2875//2875
f 2680//2680 2875//2875 3415//3415 1360//1360
f 2686//2686 2687//2687 2681//2681 2679//2679
f 2688//2688 2684//2684 2681//2681 2687//2687
f 2684//2684 2683//2683 2682//2682 2681//2681
f 2685//2685 2666//2666 2683//2683 2684//2684
f 2689//2689 2685//2685 2684//2684 2688//2688
f 2693//2693 2687//2687 2686//2686 2691//2691
f 2693//2693 2694//2694 2688//2688 2687//2687
f 2694//2694 2696//2696 2689//2689 2688//2688
f 2689//2689 2709//2709 2708//2708 2685//2685
f 2712//2712 2709//2709 2689//2689 2696//2696
f 2690//2690 2692//2692 2693//2693 2691//2691
f 2721//2721 2695//2695 2692//2692 2722//2722
f 3398//3398 2722//2722 2692//2692 2690//2690
f 2695//2695 2694//2694 2693//2693 2692//2692
f 2697//2697 2696//2696 2694//2694 2695//2695
f 2723//2723 2697//2697 2695//2695 2721//2721
f 2697//2697 2711//2711 2712//2712 2696//2696
f 2703//2703 2699//2699 2698//2698 2705//2705
f 2700//2700 2699//2699 2703//2703 2704//2704
f 2727//2727 2489//2489 2701//2701 2702//2702
f 2702//2702 2700//2700 2704//2704 2726//2726
f 2703//2703 2705//2705 2706//2706 2710//2710
f 2707//2707 2704//2704 2703//2703 2710//2710
f 2713//2713 2726//2726 2704//2704 2707//2707
f 2709//2709 2710//2710 2706//2706 2708//2708
f 2709//2709 2712//2712 2707//2707 2710//2710
f 2711//2711 2713//2713 2707//2707 2712//2712
f 2723//2723 3394//3394 2711//2711 2697//2697
f 2728//2728 2726//2726 2713//2713 2730//2730
f 3394//3394 2730//2730 2713//2713 2711//2711
f 2806//2806 2718//2718 2714//2714 3386//3386
f 3240//3240 3386//3386 2714//2714 1397//1397
f 2718//2718 2717//2717 2715//2715 2714//2714
f 2715//2715 3398//3398 3399//3399 1398//1398
f 2716//2716 2717//2717 2718//2718 2720//2720
f 2716//2716 2719//2719 2723//2723 2721//2721
f 2717//2717 2716//2716 2721//2721 2722//2722
f 2717//2717 2722//2722 3398//3398 2715//2715
f 2719//2719 2716//2716 2720//2720 2804//2804
f 3391//3391 3389//3389 2719//2719 2804//2804
f 2806//2806 2805//2805 2720//2720 2718//2718
f 3389//3389 3394//3394 2723//2723 2719//2719
f 2725//2725 2724//2724 2727//2727 2728//2728
f 2727//2727 2702//2702 2726//2726 2728//2728
f 2728//2728 2730//2730 2729//2729 2725//2725
f 2729//2729 2730//2730 3394//3394 3389//3389
f 3240//3240 2731//2731 2732//2732 3386//3386
f 2733//2733 3241//3241 2805//2805 2806//2806
f 3386//3386 2732//2732 2733//2733 2806//2806
f 2803//2803 2734//2734 2735//2735 3407//3407
f 3407//3407 2735//2735 2736//2736 2832//2832
f 2738//2738 3267//3267 3249//3249 2737//2737
f 2744//2744 2739//2739 2740//2740 2745//2745
f 3341//3341 2745//2745 2740//2740 3267//3267
f 2742//2742 2739//2739 2744//2744 2747//2747
f 2769//2769 3265//3265 2742//2742 2747//2747
f 2742//2742 3265//3265 3247//3247 2741//2741
f 2753//2753 3341//3341 2743//2743 2750//2750
f 2743//2743 3341//3341 3267//3267 2738//2738
f 2744//2744 2745//2745 2746//2746 2748//2748
f 2752//2752 2754//2754 2746//2746 2753//2753
f 2755//2755 2748//2748 2746//2746 2754//2754
f 2746//2746 2745//2745 3341//3341 2753//2753
f 2747//2747 2744//2744 2748//2748 2749//2749
f 2756//2756 2749//2749 2748//2748 2755//2755
f 2749//2749 2768//2768 2769//2769 2747//2747
f 2751//2751 2752//2752 2753//2753 2750//2750
f 2850//2850 2752//2752 2751//2751 2784//2784
f 2966//2966 2754//2754 2752//2752 2850//2850
f 2966//2966 2965//2965 2755//2755 2754//2754
f 2756//2756 2771//2771 2768//2768 2749//2749
f 2965//2965 2851//2851 2756//2756 2755//2755
f 3412//3412 2771//2771 2756//2756 2851//2851
f 2758//2758 2582//2582 2757//2757 2759//2759
f 2764//2764 2763//2763 2757//2757 2762//2762
f 2759//2759 2757//2757 2763//2763 2765//2765
f 2761//2761 2585//2585 2760//2760 2767//2767
f 2760//2760 2759//2759 2765//2765 2766//2766
f 2793//2793 2792//2792 2761//2761 2767//2767
f 2770//2770 2773//2773 2763//2763 2764//2764
f 2768//2768 2770//2770 2764//2764 2769//2769
f 2764//2764 2762//2762 3265//3265 2769//2769
f 2765//2765 2763//2763 2773//2773 2766//2766
f 2767//2767 2760//2760 2766//2766 3024//3024
f 3025//3025 3024//3024 2766//2766 2773//2773
f 3451//3451 2793//2793 2767//2767 3024//3024
f 2771//2771 2772//2772 2770//2770 2768//2768
f 3411//3411 2772//2772 2771//2771 3412//3412
f 2773//2773 2770//2770 2772//2772 3025//3025
f 3450//3450 3025//3025 2772//2772 3411//3411
f 2780//2780 2786//2786 2774//2774 2776//2776
f 2798//2798 2791//2791 2777//2777 2795//2795
f 2779//2779 2777//2777 2778//2778 2608//2608
f 2778//2778 2783//2783 2782//2782 2781//2781
f 2791//2791 2783//2783 2778//2778 2777//2777
f 2781//2781 2782//2782 2780//2780 2776//2776
f 2780//2780 2787//2787 2785//2785 2786//2786
f 2780//2780 2782//2782 2788//2788 2787//2787
f 2782//2782 2783//2783 2789//2789 2788//2788
f 2785//2785 2787//2787 2850//2850 2784//2784
f 2788//2788 2966//2966 2850//2850 2787//2787
f 2965//2965 2966//2966 2788//2788 2789//2789
f 2791//2791 2790//2790 2789//2789 2783//2783
f 2789//2789 2790//2790 2851//2851 2965//2965
f 2791//2791 2798//2798 2800//2800 2790//2790
f 2794//2794 2624//2624 2792//2792 2793//2793
f 2792//2792 2620//2620 3114//3114 2761//2761
f 2796//2796 2794//2794 2793//2793 3451//3451
f 2794//2794 2796//2796 2797//2797 2799//2799
f 3450//3450 2802//2802 2796//2796 3451//3451
f 2802//2802 2801//2801 2797//2797 2796//2796
f 2799//2799 2797//2797 2798//2798 2795//2795
f 2798//2798 2797//2797 2801//2801 2800//2800
f 2800//2800 3412//3412 2851//2851 2790//2790
f 2801//2801 3411//3411 3412//3412 2800//2800
f 2802//2802 3450//3450 3411//3411 2801//2801
f 3241//3241 2734//2734 2803//2803 2805//2805
f 2805//2805 2803//2803 2804//2804 2720//2720
f 3407//3407 3391//3391 2804//2804 2803//2803
f 2812//2812 2811//2811 2810//2810 217//217
f 2811//2811 2830//2830 2829//2829 2810//2810
f 2814//2814 701//701 3387//3387 3408//3408
f 3430//3430 3409//3409 2815//2815 2921//2921
f 3376//3376 3375//3375 2820//2820 2821//2821
f 3285//3285 3284//3284 2822//2822 2396//2396
f 2826//2826 2824//2824 2825//2825 2827//2827
f 2825//2825 2824//2824 3375//3375 3376//3376
f 3287//3287 3286//3286 2826//2826 2827//2827
f 2832//2832 3390//3390 3391//3391 3407//3407
f 2834//2834 2933//2933 2934//2934 3314//3314
f 2976//2976 3329//3329 2840//2840 2975//2975
f 3308//3308 2275//2275 2840//2840 3329//3329
f 2846//2846 1699//1699 2902//2902 2847//2847
f 2848//2848 2901//2901 2955//2955 2862//2862
f 3073//3073 3203//3203 2853//2853 1052//1052
f 2854//2854 2853//2853 3203//3203 3204//3204
f 2858//2858 2856//2856 2857//2857 2859//2859
f 2857//2857 2856//2856 3395//3395 3400//3400
f 3431//3431 2996//2996 2858//2858 2859//2859
f 2860//2860 3401//3401 3402//3402 17//17
f 2931//2931 56//56 2861//2861 2932//2932
f 2863//2863 2848//2848 2862//2862 1657//1657
f 2864//2864 69//69 2996//2996 2865//2865
f 3315//3315 1768//1768 2870//2870 2868//2868
f 2952//2952 1357//1357 2871//2871 2872//2872
f 2953//2953 2952//2952 2872//2872 1343//1343
f 2878//2878 1957//1957 2877//2877 2974//2974
f 2877//2877 2920//2920 3128//3128 2973//2973
f 3242//3242 3252//3252 2884//2884 1772//1772
f 3252//3252 1763//1763 2885//2885 2884//2884
f 2886//2886 383//383 2887//2887 368//368
f 2899//2899 2320//2320 2890//2890 2891//2891
f 2896//2896 2892//2892 2895//2895 3011//3011
f 3212//3212 958//958 2895//2895 967//967
f 3442//3442 2998//2998 2896//2896 3011//3011
f 3100//3100 2320//2320 2899//2899 2315//2315
f 3441//3441 3351//3351 2899//2899 2891//2891
f 2903//2903 2904//2904 2957//2957 2956//2956
f 2909//2909 2903//2903 2956//2956 2958//2958
f 2914//2914 2912//2912 2913//2913 2924//2924
f 3039//3039 2384//2384 2913//2913 2912//2912
f 2917//2917 2915//2915 2916//2916 2918//2918
f 3221//3221 3429//3429 2916//2916 2915//2915
f 2919//2919 2917//2917 2918//2918 3125//3125
f 2919//2919 3125//3125 3427//3427 3332//3332
f 2925//2925 2914//2914 2924//2924 3188//3188
f 2925//2925 3188//3188 3429//3429 3221//3221
f 2926//2926 2930//2930 3409//3409 3430//3430
f 2928//2928 3370//3370 3371//3371 2929//2929
f 2930//2930 2060//2060 3388//3388 3409//3409
f 2961//2961 2960//2960 2931//2931 2932//2932
f 2936//2936 2123//2123 2935//2935 2941//2941
f 3139//3139 752//752 2937//2937 2938//2938
f 3179//3179 3139//3139 2938//2938 2942//2942
f 2940//2940 2354//2354 2939//2939 2943//2943
f 3194//3194 3192//3192 2944//2944 2945//2945
f 2945//2945 1220//1220 3334//3334 3436//3436
f 3192//3192 3172//3172 2946//2946 2944//2944
f 2992//2992 2991//2991 2947//2947 254//254
f 2947//2947 2991//2991 3283//3283 3464//3464
f 2975//2975 2949//2949 2950//2950 2976//2976
f 3426//3426 3438//3438 2955//2955 2901//2901
f 3424//3424 3437//3437 2957//2957 2904//2904
f 2959//2959 2909//2909 2958//2958 2990//2990
f 2959//2959 2990//2990 3438//3438 3426//3426
f 2962//2962 2960//2960 2961//2961 2963//2963
f 2967//2967 2997//2997 2998//2998 2968//2968
f 2969//2969 2967//2967 2968//2968 2995//2995
f 2969//2969 696//696 3336//3336 726//726
f 2974//2974 2877//2877 2973//2973 3280//3280
f 3279//3279 1949//1949 2974//2974 3280//3280
f 2979//2979 2865//2865 2978//2978 80//80
f 2978//2978 2865//2865 2996//2996 3431//3431
f 3124//3124 3123//3123 2980//2980 3191//3191
f 2984//2984 2982//2982 2983//2983 2986//2986
f 2983//2983 2982//2982 3449//3449 3448//3448
f 2986//2986 2983//2983 2985//2985 1231//1231
f 2985//2985 2983//2983 3448//3448 3436//3436
f 3248//3248 2984//2984 2986//2986 1430//1430
f 2995//2995 2968//2968 2994//2994 711//711
f 2998//2998 3442//3442 2994//2994 2968//2968
f 3000//3000 2428//2428 3013//3013 2433//2433
f 3123//3123 3126//3126 3007//3007 2980//2980
f 3468//3468 1782//1782 3010//3010 1748//1748
f 3016//3016 1191//1191 3211//3211 3110//3110
f 3018//3018 1185//1185 3017//3017 971//971
f 3110//3110 3109//3109 3017//3017 3016//3016
f 3093//3093 1172//1172 3021//3021 1183//1183
f 3024//3024 3025//3025 3450//3450 3451//3451
f 3463//3463 2455//2455 3034//3034 3185//3185
f 3162//3162 2442//2442 3037//3037 3038//3038
f 3047//3047 2855//2855 3121//3121 3122//3122
f 3047//3047 3122//3122 3484//3484 2189//2189
f 3054//3054 3052//3052 3053//3053 3055//3055
f 3054//3054 3055//3055 3455//3455 1903//1903
f 3056//3056 1894//1894 3209//3209 1692//1692
f 3161//3161 2653//2653 3063//3063 2446//2446
f 3188//3188 2924//2924 3070//3070 2371//2371
f 3077//3077 558//558 3078//3078 561//561
f 3207//3207 3206//3206 3079//3079 237//237
f 3079//3079 3206//3206 3465//3465 476//476
f 3080//3080 2667//2667 3160//3160 2459//2459
f 3485//3485 3481//3481 3081//3081 3487//3487
f 3083//3083 3081//3081 3082//3082 2184//2184
f 3481//3481 3071//3071 3082//3082 3081//3081
f 3487//3487 3081//3081 3083//3083 2437//2437
f 3178//3178 3254//3254 3085//3085 1661//1661
f 3259//3259 3264//3264 3085//3085 3403//3403
f 3217//3217 3102//3102 3087//3087 1223//1223
f 3121//3121 3007//3007 3126//3126 3122//3122
f 3122//3122 3126//3126 3472//3472 3484//3484
f 3471//3471 3123//3123 3124//3124 1993//1993
f 3126//3126 3123//3123 3471//3471 3472//3472
f 3332//3332 3427//3427 3127//3127 2153//2153
f 3139//3139 3179//3179 3466//3466 3138//3138
f 3141//3141 414//414 3153//3153 400//400
f 3142//3142 3154//3154 3469//3469 3158//3158
f 3162//3162 3453//3453 3187//3187 2444//2444
f 3166//3166 545//545 3165//3165 520//520
f 3474//3474 3473//3473 3170//3170 1006//1006
f 3172//3172 3170//3170 3171//3171 2946//2946
f 3473//3473 3433//3433 3171//3171 3170//3170
f 3179//3179 2942//2942 3433//3433 3473//3473
f 3181//3181 3183//3183 3184//3184 2470//2470
f 3184//3184 3183//3183 3215//3215 2264//2264
f 3190//3190 3124//3124 3191//3191 1836//1836
f 3193//3193 1010//1010 3192//3192 3194//3194
f 3193//3193 3194//3194 3448//3448 3449//3449
f 3194//3194 2945//2945 3436//3436 3448//3448
f 3213//3213 2533//2533 3214//3214 2485//2485
f 3220//3220 763//763 3219//3219 3033//3033
f 3228//3228 3227//3227 3223//3223 3225//3225
f 3223//3223 3342//3342 3397//3397 3224//3224
f 3225//3225 3223//3223 3224//3224 3226//3226
f 3225//3225 3226//3226 3300//3300 3299//3299
f 3226//3226 3236//3236 3306//3306 3300//3300
f 3342//3342 3223//3223 3227//3227 3343//3343
f 3228//3228 3225//3225 3299//3299 3302//3302
f 3233//3233 3238//3238 3360//3360 3349//3349
f 3403//3403 3085//3085 3254//3254 3312//3312
f 3258//3258 3259//3259 3257//3257 3260//3260
f 3257//3257 3259//3259 3403//3403 3404//3404
f 3270//3270 3268//3268 3271//3271 3272//3272
f 3273//3273 3277//3277 3278//3278 3274//3274
f 3306//3306 3236//3236 3290//3290 3413//3413
f 3418//3418 1983//1983 3291//3291 3292//3292
f 3292//3292 3291//3291 3293//3293 3294//3294
f 3301//3301 3299//3299 3300//3300 1490//1490
f 3309//3309 948//948 3331//3331 3330//3330
f 3404//3404 3403//3403 3312//3312 1658//1658
f 3313//3313 2834//2834 3314//3314 3363//3363
f 3317//3317 3304//3304 3316//3316 1331//1331
f 3346//3346 3320//3320 3321//3321 3348//3348
f 3323//3323 2187//2187 3324//3324 3325//3325
f 3324//3324 2211//2211 3372//3372 3325//3325
f 3433//3433 988//988 3333//3333 3171//3171
f 3436//3436 3334//3334 3339//3339 2985//2985
f 3342//3342 3343//3343 3352//3352 3396//3396
f 3346//3346 3348//3348 3384//3384 3383//3383
f 3360//3360 3359//3359 3350//3350 3349//3349
f 3377//3377 3354//3354 3355//3355 2633//2633
f 3378//3378 3356//3356 3357//3357 3379//3379
f 3359//3359 3383//3383 3384//3384 3350//3350
f 3364//3364 3313//3313 3363//3363 1532//1532
f 3367//3367 3365//3365 3366//3366 3368//3368
f 3366//3366 3365//3365 3381//3381 3382//3382
f 3370//3370 3367//3367 3368//3368 3371//3371
f 3390//3390 2729//2729 3389//3389 3391//3391
f 3392//3392 65//65 3393//3393 3397//3397
f 3400//3400 3395//3395 3392//3392 3396//3396
f 3396//3396 3392//3392 3397//3397 3342//3342
f 3423//3423 256//256 3437//3437 3424//3424
f 3466//3466 3179//3179 3473//3473 3474//3474
f 3482//3482 2195//2195 3481//3481 3485//3485
