# Blender 4.3.0
# www.blender.org
mtllib 9.mtl
o 9
v -1.392958 -1.253025 5.914165
v -1.594699 -1.281814 5.754235
v -1.328065 -1.439751 5.831686
v -1.409796 -1.024973 5.921082
v -1.506534 -1.450055 5.660142
v -1.181339 -1.000550 6.022031
v -1.654351 -0.569115 5.813040
v -1.641584 -0.808887 5.794048
v -1.416199 -0.794144 5.923371
v -1.663033 -0.328017 5.826369
v -1.422856 -0.560761 5.929905
v -1.667421 -0.086602 5.830619
v -1.427562 -0.325474 5.932647
v -1.621507 -1.046468 5.771976
v -1.186341 -0.782075 6.021418
v -1.189191 -0.555872 6.015780
v -1.192234 -0.325924 6.010556
v -1.430602 -0.089511 5.931496
v -1.195104 -0.094421 6.005958
v -1.171170 -1.371888 5.990972
v -0.999494 -1.367206 5.777164
v -0.943084 -1.423644 5.961882
v -1.176498 -1.205469 6.026302
v -0.927904 -1.223964 6.022403
v -0.934253 -1.005972 6.038518
v -0.739280 -1.454162 5.865408
v -0.705502 -1.017118 5.962514
v -0.703476 -1.244774 5.946759
v -0.496455 -1.244748 5.812289
v -0.539145 -1.022171 5.781845
v -0.310434 -1.239316 5.633307
v -0.942313 -0.784434 6.045843
v -0.948124 -0.558912 6.047330
v -0.952792 -0.331008 6.044363
v -0.711614 -0.791177 5.973026
v -0.715238 -0.564892 5.983080
v -0.720033 -0.338241 5.982164
v -0.548054 -0.794158 5.789329
v -0.534678 -0.568772 5.815162
v -0.539507 -0.343018 5.813971
v -0.724333 -0.111943 5.981620
v -0.362888 -1.019608 5.597775
v -0.392187 -0.793205 5.589520
v -0.404941 -0.566818 5.598027
v -0.544970 -0.118702 5.811975
v -0.415351 -0.341785 5.592388
v -1.668348 0.153891 5.824764
v -1.665649 0.392168 5.807576
v -1.432239 0.146045 5.925519
v -1.659041 0.626415 5.778703
v -1.432313 0.380147 5.914081
v -1.650917 0.855312 5.742049
v -1.431284 0.611859 5.898194
v -1.197874 0.137112 6.001619
v -1.199507 0.367555 5.994319
v -1.200885 0.596395 5.987680
v -1.430219 0.840671 5.879025
v -1.200322 0.823337 5.976675
v -1.645192 1.077782 5.699811
v -1.649145 1.292168 5.649525
v -1.429051 1.066469 5.854996
v -1.561093 1.429678 5.447589
v -1.428744 1.289804 5.829043
v -1.349513 1.438764 5.630759
v -1.195501 1.048390 5.959008
v -1.183757 1.273070 5.939638
v -1.119397 1.439065 5.758126
v -0.957044 -0.102222 6.042809
v -0.960205 0.126272 6.038862
v -0.961781 0.353472 6.033745
v -0.962830 0.578762 6.029607
v -0.725100 0.113279 5.987925
v -0.726089 0.336944 5.983950
v -0.543396 0.103881 5.820879
v -0.454852 -0.121604 5.573771
v -0.961776 0.802032 6.023951
v -0.954294 1.023204 6.006711
v -0.936176 1.242452 5.976103
v -0.838078 1.295350 5.596314
v -0.893589 1.433062 5.848250
v -0.671046 1.396848 5.625328
v -0.529105 1.468256 5.656612
v -0.571047 1.400431 5.408647
v -0.674361 1.392474 5.873124
v -0.544518 1.330421 5.693775
v -0.333756 1.341676 5.621716
v -0.406815 1.477754 5.534802
v -3.205237 -1.291947 -0.036485
v -3.146269 -1.357675 0.223686
v -3.011443 -1.149171 0.201865
v -2.880559 -0.945545 0.182514
v -3.050511 -1.115196 -0.071830
v -3.114633 -1.072702 -0.341002
v -3.255564 -1.226311 -0.305917
v -2.986248 -1.167851 0.480372
v -2.889480 -0.949097 0.464652
v -2.965828 -1.432957 0.101701
v -3.026065 -1.411186 0.462605
v -3.106651 -1.455652 -0.107072
v -2.828676 -1.401214 0.306461
v -2.880053 -1.425184 0.700938
v -3.025726 -0.871317 -0.357359
v -2.941767 -0.908723 -0.090407
v -2.987099 -0.650423 -0.354748
v -2.869759 -0.688682 -0.100139
v -2.791955 -0.734884 0.455590
v -2.881858 -0.521355 0.438751
v -2.811521 -0.719752 0.173944
v -2.822067 -0.260019 0.175656
v -2.796077 -0.488211 0.172912
v -2.857669 -0.759102 0.729639
v -2.808947 -0.535012 0.708008
v -2.723824 -0.328373 0.657036
v -2.886468 -0.064266 0.454050
v -2.897499 -0.291818 0.443296
v -3.375725 -1.387744 -1.113191
v -3.356542 -1.364630 -0.834251
v -3.415715 -1.188046 -1.111460
v -3.413827 -1.189110 -0.830255
v -3.424076 -0.985246 -1.108138
v -3.327981 -1.403580 -0.567292
v -3.258642 -1.418618 -0.316179
v -3.315083 -1.209190 -0.570925
v -3.285263 -1.164484 -1.354028
v -3.285912 -1.359524 -1.359186
v -3.358845 -0.976178 -1.381478
v -3.232285 -1.441153 -0.837314
v -3.167482 -1.459166 -0.628476
v -3.226973 -1.480792 -1.096760
v -3.007489 -1.479390 -0.750696
v -3.108555 -1.489061 -0.879498
v -2.798940 -1.410280 -0.809723
v -2.787570 -1.380495 -0.433749
v -2.902465 -1.437550 -0.595716
v -3.367498 -0.997791 -0.829932
v -3.414776 -0.778179 -1.098972
v -3.326127 -0.796510 -0.828973
v -3.392136 -0.567796 -1.085381
v -3.320782 -0.585263 -0.809566
v -3.379728 -0.351595 -1.070871
v -3.310506 -0.368276 -0.793897
v -3.369806 -0.130911 -1.056542
v -2.953662 -0.426688 -0.354457
v -3.149696 -0.615182 -0.583856
v -2.925635 -0.200295 -0.353974
v -3.141463 -0.394089 -0.565355
v -3.160151 -0.832420 -0.602048
v -3.117919 -0.170050 -0.561664
v -3.328269 -0.769350 -1.368654
v -3.301518 -0.557351 -1.355167
v -3.268457 -0.342482 -1.333829
v -3.243788 -0.122660 -1.313231
v -3.268318 -1.181922 -1.628884
v -3.217526 -0.978298 -1.622184
v -3.091907 -1.500472 -1.823421
v -3.146752 -1.513651 -1.577069
v -3.298870 -1.390142 -1.621266
v -3.029281 -1.217260 -2.116039
v -3.113716 -1.394360 -2.408779
v -3.182957 -1.359623 -2.146686
v -2.944433 -1.021268 -2.096722
v -3.026151 -1.200769 -2.394440
v -3.253119 -1.374208 -1.883378
v -3.015284 -1.486079 -2.067222
v -2.923236 -1.474674 -2.309313
v -2.798939 -1.434668 -1.380519
v -2.858762 -1.466835 -1.153158
v -3.009006 -1.541635 -1.254741
v -3.154083 -0.778303 -1.589436
v -3.122111 -0.564538 -1.574378
v -3.094611 -0.345879 -1.558758
v -3.075022 -0.122039 -1.543524
v -2.900411 -0.807525 -2.086970
v -2.842255 -0.821469 -2.363898
v -2.866490 -1.051180 -2.655882
v -2.986799 -1.224730 -2.671194
v -2.807845 -1.470887 -2.540520
v -3.004009 -1.436222 -2.659842
v -2.798488 -1.201505 1.022472
v -2.806431 -0.986250 0.732318
v -2.923214 -1.189941 0.759089
v -2.708322 -1.403815 0.922056
v -2.613197 -1.192857 1.244444
v -2.517947 -1.392861 1.121704
v -2.729584 -0.980208 1.004202
v -2.391626 -1.216284 0.909546
v -2.319161 -1.372847 1.302753
v -2.245032 -1.088268 0.674959
v -2.552871 -1.285697 0.715717
v -2.109337 -1.369575 1.467657
v -2.203606 -1.177990 1.086389
v -2.628877 -0.811921 0.881380
v -2.616021 -0.584162 0.897971
v -2.742885 -0.103763 0.686345
v -2.577639 -0.360209 0.886015
v -2.483725 -1.045222 1.126400
v -2.411016 -0.842291 1.050703
v -2.436995 -0.621236 1.098898
v -2.619669 -0.141131 0.924005
v -2.462337 -0.397373 1.126842
v -2.194356 -0.626418 1.208315
v -2.234390 -0.843315 1.257107
v -2.228500 -0.406124 1.246474
v -2.467487 -0.171923 1.140408
v -2.040540 -0.849887 1.439089
v -1.988069 -0.417985 1.337544
v -1.988833 -0.642094 1.368615
v -2.005088 -0.191890 1.333026
v -2.678586 -1.289453 0.124279
v -2.805600 -1.369673 -0.065706
v -1.889060 -0.998652 0.583868
v -2.056109 -1.058558 0.838340
v -2.081538 -1.020833 0.422262
v -2.261101 -1.048641 0.254572
v -1.919489 -1.010787 0.162329
v -2.116393 -1.015560 -0.000011
v -2.424660 -1.105894 0.082293
v -2.295562 -1.047724 -0.162208
v -2.934494 -1.427745 -0.250525
v -3.065927 -1.441229 -0.433021
v -2.603078 -1.270324 -0.881319
v -2.683373 -1.321020 -0.652337
v -2.725592 -1.367865 -1.030524
v -2.525632 -1.231365 -1.111212
v -2.655872 -1.336262 -1.254461
v -2.481550 -1.164963 -0.725774
v -2.571022 -1.219646 -0.491677
v -2.338481 -1.081753 -0.567336
v -2.299929 -1.125146 -1.193333
v -2.389208 -1.140020 -0.960285
v -2.443298 -1.210884 -1.340170
v -2.446815 -1.121584 -0.326964
v -2.141900 -1.079419 -1.045878
v -2.235703 -1.074882 -0.807066
v -1.975757 -1.089235 -0.904757
v -2.061935 -1.059287 -0.656823
v -2.575145 -1.325365 -1.478636
v -2.643920 -1.408900 -1.833149
v -2.902015 -1.478519 -1.720340
v -2.821887 -1.465414 -1.955178
v -2.355980 -1.201840 -1.566447
v -2.484452 -1.324972 -1.700348
v -2.307884 -1.277923 -2.145525
v -2.397526 -1.306962 -1.924402
v -2.549872 -1.406106 -2.055721
v -2.120741 -1.110780 -1.652013
v -2.211797 -1.115757 -1.424183
v -2.265900 -1.190743 -1.790562
v -2.051791 -1.090911 -1.282064
v -2.686067 -1.394411 -3.092286
v -2.676193 -1.506209 -2.758613
v -2.865249 -1.452886 -2.895634
v -2.492333 -1.475694 -2.618635
v -2.618074 -1.469758 -2.404814
v -2.446263 -1.396484 -2.273721
v -2.338491 -1.373610 -2.488218
v -2.221449 -1.348687 -2.696366
v -2.344221 -1.486896 -2.816050
v -2.219989 -1.442627 -3.354527
v -2.228932 -1.425791 -3.024464
v -2.377752 -1.500365 -3.163805
v -2.101132 -1.312063 -2.899059
v -1.955654 -1.150543 -2.440533
v -2.072010 -1.155278 -2.230827
v -2.213859 -1.242390 -2.363735
v -2.097382 -1.226314 -2.571940
v -1.973652 -1.207086 -2.773176
v -2.811710 -1.280014 -3.191687
v -2.870245 -1.084893 -3.224996
v -2.650205 -1.138960 -3.397697
v -2.354576 -1.488345 -3.491221
v -2.545442 -1.476187 -3.303738
v -2.289760 -1.423228 -3.822822
v -2.474177 -1.406484 -3.613456
v -2.045445 -1.433049 -3.537352
v -2.082247 -1.391442 -3.215982
v -2.069191 -1.399989 -3.992128
v -2.109785 -1.174317 -4.048419
v -1.854389 -1.390391 -4.200364
v -1.965700 -1.434221 -3.854247
v -2.164854 -1.476914 -3.679384
v -2.832902 -0.868097 -3.197282
v -2.793187 -0.651243 -3.154218
v -2.600887 -0.911048 -3.355357
v -2.768733 -0.429909 -3.116992
v -2.562539 -0.684833 -3.315557
v -2.779728 -0.202959 -3.113144
v -2.558856 -0.453956 -3.304158
v -2.231457 -0.034445 -3.706229
v -2.219716 -0.258179 -3.729047
v -2.482326 -0.030588 -3.580562
v -2.449439 -0.256540 -3.567425
v -2.077088 -0.252082 -3.971732
v -2.055059 -0.031943 -3.923651
v -1.883012 -0.247841 -4.175232
v -1.898043 -1.059027 5.275848
v -1.880148 -1.282799 4.866279
v -1.888400 -1.289198 5.230840
v -1.772984 -1.291907 5.530488
v -1.727013 -1.486407 5.180646
v -1.680081 -1.463894 5.453368
v -1.545304 -1.382611 5.365901
v -1.613108 -1.398066 5.238961
v -1.402250 -1.318783 5.286340
v -1.402132 -1.347455 5.542737
v -1.255510 -1.268079 5.172958
v -1.540578 -1.367280 5.168520
v -1.408468 -1.304422 5.052619
v -1.871393 -0.811812 5.302499
v -1.803239 -1.031556 4.960773
v -1.824395 -0.567193 5.329519
v -1.662152 -0.831332 5.067703
v -1.779882 -0.323562 5.358665
v -1.588600 -0.587768 5.129486
v -1.768542 -0.075958 5.360492
v -1.574900 -0.328135 5.131377
v -1.813595 -1.061526 5.568656
v -1.833198 -0.819460 5.596888
v -1.847060 -0.574415 5.620536
v -1.856014 -0.328491 5.636475
v -1.621252 -1.385893 5.111659
v -1.719653 -1.406418 4.911100
v -1.793737 -1.284208 4.568175
v -1.606641 -1.383208 4.673777
v -1.564275 -1.354113 4.976047
v -1.347510 -0.340461 4.925581
v -1.397060 -0.602461 4.885121
v -1.321954 -0.075900 4.949061
v -1.178000 -0.340100 4.689002
v -0.988927 -0.059717 4.488971
v -1.022204 -0.333988 4.457626
v -1.152290 -0.069072 4.715023
v -0.878654 -0.322951 4.227165
v -1.666893 -1.362753 1.718063
v -1.991697 -1.225457 1.795990
v -1.891536 -1.364311 1.609097
v -1.439609 -1.373600 1.798309
v -1.759142 -1.244422 1.922826
v -1.143299 -1.170166 1.604061
v -1.215350 -1.376043 1.854100
v -1.357629 -1.168520 1.551243
v -1.897273 -0.825233 1.655828
v -1.822408 -0.635507 1.564203
v -1.793216 -0.421240 1.500283
v -1.651229 -0.409432 1.704223
v -1.786293 -0.198502 1.456877
v -1.608918 -0.200705 1.628705
v -1.700835 -0.612598 1.783476
v -1.491548 -0.408172 1.889575
v -1.458329 -0.196170 1.820111
v -1.523794 -0.618656 1.955431
v -1.302100 -0.647243 2.048371
v -1.276268 -0.207176 1.978575
v -1.293924 -0.426663 2.027857
v -1.788406 -1.162758 1.372147
v -1.694848 -0.988319 0.731329
v -1.856577 -1.041370 0.987085
v -1.653523 -1.035866 1.112524
v -1.496394 -0.985375 0.854004
v -1.242358 -1.040921 1.280139
v -1.574572 -1.157614 1.478611
v -1.136568 -1.006741 0.710035
v -1.298539 -0.985760 0.948545
v -1.327867 -1.013912 0.615947
v -1.771963 -1.074758 -0.101895
v -1.517413 -1.020488 0.489847
v -1.713164 -1.024347 0.333229
v -1.337852 -1.121659 0.286817
v -0.968821 -1.222165 0.270828
v -1.154838 -1.107289 0.417681
v -1.128951 -1.253352 0.149252
v -1.874341 -1.093397 -0.516685
v -2.169504 -1.038206 -0.410032
v -1.751358 -1.189454 -1.039167
v -1.895289 -1.122563 -1.149566
v -1.672739 -1.224463 -1.288917
v -1.626009 -1.279964 -0.970466
v -1.656521 -1.232673 -0.695689
v -1.810877 -1.143835 -0.780295
v -1.538792 -1.373530 -0.953481
v -1.546748 -1.343096 -0.699186
v -1.485844 -1.406713 -1.195749
v -1.491564 -1.017748 -0.970681
v -1.466575 -1.221315 -0.958885
v -1.475496 -0.984801 -1.211448
v -1.489384 -1.243844 -0.219518
v -1.227952 -1.308890 -0.398071
v -1.378409 -1.373710 -0.318391
v -1.315717 -1.288322 -0.562593
v -1.447662 -1.263397 -0.728908
v -1.430404 -1.407760 -0.492965
v -1.361037 -1.084780 -0.549870
v -1.446831 -1.051339 -0.744746
v -1.456062 -0.838681 -0.745193
v -1.382646 -0.869668 -0.536691
v -1.495957 -0.810753 -0.975316
v -1.488965 -0.784165 -1.218088
v -1.500205 -0.600709 -0.974932
v -1.495341 -0.578590 -1.220104
v -1.504575 -0.387695 -0.969491
v -1.501977 -0.369040 -1.218864
v -1.461368 -0.624496 -0.739973
v -1.387586 -0.651330 -0.523535
v -1.464650 -0.408269 -0.729364
v -1.387016 -0.431299 -0.507290
v -1.464508 -0.190093 -0.713005
v -1.381902 -0.210086 -0.486518
v -1.459416 0.029575 -0.691113
v -1.370404 0.012242 -0.460637
v -1.285795 -0.895102 -0.347762
v -1.280636 -0.674878 -0.330167
v -1.271476 -0.452426 -0.311593
v -1.258903 -0.228564 -0.289417
v -1.238787 -0.003637 -0.263515
v -1.812390 -1.154883 -1.389760
v -1.773509 -1.153045 -1.967371
v -1.871163 -1.131647 -1.742672
v -2.023451 -1.113216 -1.875922
v -1.920130 -1.126292 -2.095740
v -1.805998 -1.131956 -2.308581
v -1.729466 -1.186967 -1.624145
v -1.506846 -1.282567 -1.768724
v -1.597352 -1.260261 -1.538592
v -1.637075 -1.213001 -1.854149
v -1.405109 -1.231378 -2.277322
v -1.527838 -1.227483 -2.072116
v -1.662031 -1.163331 -2.184231
v -1.396283 -1.140302 -1.432454
v -1.440655 -1.177514 -1.196745
v -1.355028 -1.304535 -1.417490
v -1.382397 -1.334468 -1.181125
v -1.424048 -0.955831 -1.449017
v -1.398353 -1.363514 -1.695511
v -1.390930 -1.293924 -1.972869
v -1.300524 -1.291670 -1.641342
v -1.419885 -1.432130 -1.431083
v -1.315088 -1.433404 -1.640839
v -1.285826 -1.373991 -1.898226
v -1.194313 -1.426717 -1.838887
v -1.166921 -1.288631 -1.820438
v -1.202740 -1.121506 -1.863998
v -1.322124 -1.123560 -1.660214
v -1.210704 -0.934665 -1.879943
v -1.338068 -0.939862 -1.676435
v -1.438073 -0.761200 -1.458014
v -1.220802 -0.740374 -1.892646
v -1.349262 -0.746684 -1.687052
v -1.700768 -1.189283 -3.145953
v -1.838602 -1.197658 -2.963648
v -1.964819 -1.285903 -3.090802
v -1.554605 -1.136544 -2.705486
v -1.683914 -1.136589 -2.512927
v -1.700299 -1.143110 -2.834135
v -1.831566 -1.146764 -2.642325
v -1.566401 -1.144938 -3.015643
v -1.435068 -1.153158 -3.187901
v -1.410117 -1.161728 -2.581487
v -1.423407 -1.138023 -2.886253
v -1.671170 -1.270092 -3.447841
v -1.765151 -1.364086 -3.575884
v -1.618340 -1.331281 -3.756794
v -1.299387 -1.419493 -4.393411
v -1.215674 -1.403773 -4.171825
v -1.548773 -1.451824 -4.230893
v -1.532443 -1.262001 -3.618636
v -1.561759 -1.194808 -3.318716
v -1.446807 -1.319269 -3.909033
v -1.495741 -1.383404 -4.084590
v -1.429061 -1.208908 -3.483707
v -1.397591 -1.282643 -3.777402
v -1.263751 -1.333356 -3.870690
v -1.270129 -1.362646 -3.983233
v -0.965490 -1.314254 -4.349660
v -1.048945 -1.298284 -4.471311
v -1.102322 -1.256287 5.321797
v -1.257597 -1.290547 5.436282
v -1.272904 -1.256549 4.896329
v -1.111842 -1.295086 5.600897
v -1.251078 -1.334290 5.706830
v -0.946232 -1.243496 5.187734
v -1.107844 -1.233571 5.032173
v -0.796022 -1.305717 5.356311
v -0.953077 -1.281450 5.490085
v -0.960034 -1.218542 4.871058
v -0.671797 -1.410869 5.536720
v -0.529174 -1.448848 5.739815
v -0.822775 -1.342332 5.675611
v -0.648846 -1.356657 5.199760
v -0.795793 -1.263838 5.031970
v -0.654679 -1.307444 4.858052
v -1.308082 -1.275497 4.583873
v -1.439235 -1.309352 4.782013
v -1.482224 -1.363693 4.450971
v -1.132874 -1.227004 4.721238
v -1.339374 -1.358769 4.245142
v -1.194439 -1.368185 4.041236
v -1.527071 -1.278268 4.092891
v -1.383853 -1.294207 3.875988
v -1.166536 -1.265503 4.386414
v -1.046873 -1.387804 3.840760
v -1.023061 -1.269091 4.186321
v -0.812689 -1.227734 4.695090
v -0.988501 -1.217305 4.535964
v -0.843622 -1.224773 4.342966
v -0.700562 -1.247425 4.143876
v -0.879525 -1.286734 3.984190
v -0.562674 -1.286741 3.939356
v -0.533368 -1.308501 4.311416
v -0.741048 -1.308669 3.775566
v -0.905775 -1.406818 3.631783
v -0.773605 -1.422235 3.412311
v -0.653117 -1.438817 3.179879
v -0.938257 -1.321306 3.261523
v -0.807154 -1.312568 3.037398
v -0.538877 -1.456204 2.930372
v -0.989252 -1.401917 1.880641
v -1.278351 -1.284665 2.072123
v -0.768394 -1.404472 1.886598
v -1.039973 -1.310305 2.096087
v -0.722440 -1.200295 1.603040
v -0.931573 -1.187765 1.619233
v -0.810921 -1.326418 2.097837
v -0.593240 -1.330020 2.078012
v -0.539480 -1.281898 1.538544
v -0.559591 -1.395103 1.883087
v -0.299404 -1.197528 2.385350
v -0.369530 -1.383875 2.277567
v -0.523912 -1.261086 2.573584
v -0.411973 -1.342976 1.990398
v -0.262603 -1.014068 1.235304
v -0.355465 -1.191469 1.577607
v -0.373559 -1.448181 1.860222
v -0.219118 -1.284195 1.893619
v -0.250241 -1.414607 2.049644
v -0.407589 -1.182588 2.025014
v -1.053353 -0.238888 2.062240
v -1.061861 -0.463713 2.072785
v -0.816888 -0.281178 2.058528
v -0.827620 -0.506116 2.071872
v -0.596615 -0.554250 2.107786
v -0.856499 -1.060329 1.317543
v -0.758603 -1.032735 0.798930
v -0.912944 -1.039719 1.034492
v -1.102660 -0.995039 1.011550
v -0.595744 -1.080675 0.609373
v -0.945224 -1.007383 0.772441
v -0.663965 -1.071588 1.281467
v -0.578133 -1.048565 0.784433
v -0.417749 -1.094902 0.595253
v -0.357989 -1.006018 0.880093
v -0.469064 -1.062008 1.240235
v -0.542989 -1.009292 0.973312
v -0.243735 -1.162981 0.476105
v -0.250779 -1.135669 0.540986
v -1.066367 -1.380442 -0.099505
v -1.163286 -1.136198 -0.208658
v -1.019120 -1.161835 -0.079913
v -1.000908 -0.941890 -0.056256
v -1.159398 -0.917811 -0.184190
v -0.276386 -1.236873 0.456073
v -0.421811 -1.136705 0.468154
v -0.600527 -1.160723 0.415019
v -0.944061 -1.373619 0.069859
v -0.837898 -1.192174 -0.015493
v -0.794194 -1.348229 0.186366
v -0.825591 -0.973666 0.039022
v -0.082570 -1.291613 0.457346
v -0.177113 -1.223800 0.534323
v -0.667446 -1.229267 0.075271
v -0.616511 -1.365512 0.290455
v -0.651022 -1.010998 0.131906
v -0.041280 -1.234182 0.461921
v -0.088155 -1.245486 0.434916
v -0.491425 -1.284182 0.168390
v -0.425994 -1.360337 0.377010
v -0.470966 -1.051923 0.218945
v -1.126392 -0.471863 -0.147017
v -1.104935 -0.245284 -0.127238
v -1.077538 -0.017401 -0.104089
v -0.982975 -0.718582 -0.031577
v -1.144237 -0.696259 -0.164729
v -0.960003 -0.491574 -0.013460
v -0.930202 -0.262325 -0.000605
v -0.903751 -0.031814 0.025862
v -0.714698 -0.046394 0.115664
v -0.745859 -0.281105 0.098486
v -0.624139 -0.776634 0.159735
v -0.809073 -0.746786 0.077105
v -0.586075 -0.538624 0.155736
v -0.778637 -0.514760 0.088511
v -0.550363 -0.299573 0.157785
v -0.517244 -0.060368 0.165400
v -0.427106 -0.807235 0.202640
v -0.386414 -0.561459 0.186919
v -0.349736 -0.316285 0.177011
v -0.317026 -0.072161 0.169701
v -1.165139 -1.366098 -2.086516
v -1.274515 -1.292503 -2.171556
v -1.133168 -1.264088 -2.339793
v -0.856689 -1.151611 -2.174382
v -0.856959 -0.952051 -2.182266
v -1.049309 -0.937380 -2.053246
v -1.233442 -0.333279 -1.909167
v -1.228381 -0.539473 -1.901717
v -1.056883 -0.329124 -2.073054
v -1.054523 -0.537006 -2.065919
v -1.235833 -0.122975 -1.916227
v -1.053866 -0.117413 -2.077621
v -0.853056 -0.747849 -2.178201
v -1.052459 -0.740213 -2.060645
v -0.851257 -0.539779 -2.177593
v -0.849067 -0.328577 -2.178633
v -0.843032 -0.114739 -2.180038
v -0.639660 -0.757744 -2.251596
v -0.636902 -0.544637 -2.247944
v -0.631844 -0.330103 -2.240496
v -1.035259 -1.149288 -3.093957
v -0.996674 -1.192551 -2.801311
v -1.149604 -1.159088 -2.928996
v -0.858936 -1.336622 -2.398872
v -0.992620 -1.261392 -2.510972
v -0.849880 -1.241658 -2.665510
v -0.794793 -1.143111 -3.148900
v -0.731785 -1.211085 -2.816916
v -0.883202 -1.174783 -2.960993
v -0.938534 -1.146229 -3.270814
v -0.855057 -1.172585 -3.459455
v -0.383871 -1.304046 -2.627179
v -0.695420 -1.308456 -2.541114
v -0.573470 -1.255407 -2.723102
v -0.647557 -1.167284 -3.041059
v -0.218383 -1.274619 -2.676324
v -0.422288 -0.768520 -2.289247
v -0.419205 -0.550228 -2.280927
v -0.413382 -0.332507 -2.268871
v -0.624584 -0.113998 -2.238852
v -1.200338 -1.201969 -3.513198
v -1.311013 -1.169439 -3.353089
v -1.309046 -1.242919 -3.639491
v -1.075135 -1.167814 -3.392183
v -1.179048 -1.151313 -3.223670
v -0.989559 -1.216113 -3.562449
v -1.041867 -1.311622 -3.837422
v -1.206701 -1.298561 -3.785119
v -1.129670 -1.341154 -3.931777
v -0.926954 -1.259343 -3.746914
v -1.028536 -1.327897 -3.951526
v -1.103854 -1.363228 -3.956944
v -0.791276 -1.218504 -3.656749
v -0.712420 -1.140733 -3.359169
v -1.183091 -1.363467 -3.928080
v -1.032491 -1.122280 -4.456637
v -1.055051 -1.301501 -4.588144
v -1.286491 -1.111230 -4.304153
v -0.772252 -1.170005 -4.549502
v -0.786850 -1.396431 -4.579140
v -0.353092 -1.493551 5.203461
v -0.517164 -1.427099 5.023183
v -0.175328 -1.445924 5.377207
v -0.349990 -1.449227 5.565143
v -0.512184 -1.461461 5.379116
v -0.206187 -1.535964 5.010475
v -0.133953 -1.229195 5.443567
v -0.158160 -0.999688 5.442598
v -0.028832 -1.431907 5.170519
v 0.011242 -1.206189 5.229519
v 0.035095 -0.979613 5.271194
v -0.189945 -0.773918 5.431891
v -0.238926 -0.553661 5.403656
v -0.307780 -0.343284 5.357984
v -0.330909 -0.119522 5.346779
v -0.320591 0.103668 5.359215
v -0.425824 0.098406 5.595418
v -0.133890 -0.335624 5.165361
v -0.173894 -0.115653 5.139020
v -0.165155 0.107758 5.150388
v 0.010663 -0.752456 5.268652
v 0.188220 -0.734606 5.079448
v 0.098519 -0.933077 5.024746
v -0.059159 -0.542023 5.219379
v 0.142699 -0.514374 5.060130
v 0.054511 -0.320486 4.986708
v -0.007039 -0.109608 4.938190
v -0.380823 -1.488479 4.834651
v -0.522906 -1.368572 4.670991
v -0.397151 -1.433675 4.474368
v -0.130096 -1.542697 4.072912
v -0.267249 -1.496709 4.275014
v -0.406516 -1.373936 4.109057
v -0.099972 -1.488340 4.791406
v -0.263437 -1.568914 4.633342
v 0.073683 -1.503204 4.617077
v 0.045665 -1.145090 4.982464
v 0.031282 -1.363625 4.929777
v 0.181565 -1.142310 4.766140
v 0.202142 -0.921608 4.787785
v 0.359605 -1.410787 4.220698
v 0.232075 -1.488120 4.424716
v 0.047719 -1.524357 4.251822
v 0.304706 -0.731635 4.847167
v 0.321743 -0.508945 4.873107
v 0.257707 -0.298946 4.825366
v 0.177063 -0.102476 4.752092
v 0.364052 -0.096834 4.568635
v -0.485126 -1.373146 3.337131
v -0.295367 -1.460492 3.902547
v -0.438410 -1.353092 3.730001
v -0.327099 -1.435398 3.517148
v -0.209077 -1.494047 3.300744
v -0.374411 -1.449301 3.112513
v -0.256467 -1.460675 2.877237
v -0.379953 -1.457377 2.620534
v -0.103812 -1.406776 3.095272
v -0.036616 -1.467750 3.487738
v 0.301046 -1.355480 3.856673
v 0.170100 -1.435447 4.053008
v 0.122184 -1.401990 3.678301
v 0.226449 -1.292655 3.485829
v 0.059433 -1.354245 3.295090
v 0.331106 -1.196880 3.293396
v -0.663613 -1.299811 2.815352
v -0.025414 -1.204080 2.520347
v -0.142808 -1.318696 2.214492
v -0.018978 -1.302941 2.912664
v -0.127575 -1.326632 2.744944
v -0.027930 -1.249957 2.673529
v 0.015597 -1.141356 2.284214
v 0.114593 -1.108097 2.604592
v 0.119646 -1.035795 2.087108
v -0.062929 -1.159560 1.972901
v 0.427604 -0.985431 2.563648
v 0.209787 -1.027198 2.422262
v -0.156626 -1.113516 1.650002
v 0.155399 -0.927984 1.480841
v 0.033382 -1.017714 1.747431
v 0.061720 -1.002097 1.010677
v -0.137126 -1.060983 0.795677
v 0.191883 -1.144875 0.711306
v 0.239826 -0.942495 1.866233
v -0.082057 -1.192364 0.450644
v -0.090714 -1.198351 0.484392
v -0.119962 -1.206704 0.519574
v -0.262826 -1.392244 0.316119
v -0.264564 -1.103589 0.210554
v 0.136377 -1.165880 0.059996
v 0.202376 -1.390709 0.271212
v -0.068240 -1.172839 0.128497
v 0.349137 -1.144384 0.007418
v 0.374865 -1.405311 0.113925
v 0.525713 -1.397206 -0.071836
v 0.344206 -1.188849 0.470380
v -0.223124 -0.840179 0.191769
v -0.183280 -0.583464 0.179291
v -0.148185 -0.331617 0.165804
v -0.119366 -0.083844 0.140550
v -0.023664 -0.874160 0.138304
v 0.018215 -0.605791 0.141400
v 0.050139 -0.347446 0.120598
v 0.073756 -0.096746 0.083277
v 0.172077 -0.883313 0.063176
v 0.211012 -0.614988 0.064569
v 0.369602 -0.875331 -0.023647
v 0.242120 -0.355790 0.046071
v 0.532190 -1.130086 -0.124499
v 0.395910 -0.613182 -0.041148
v 0.552550 -0.867093 -0.151716
v 0.223426 -1.224723 -2.244398
v 0.008171 -1.235447 -2.269554
v 0.233590 -1.435737 -2.294205
v 0.417028 -1.436725 -2.174901
v 0.398017 -1.223952 -2.117164
v 0.422709 -1.001387 -2.121045
v 0.629196 -1.327406 -2.158244
v 0.556438 -1.419365 -2.008475
v 0.022319 -0.334988 -2.257081
v 0.016635 -0.555689 -2.263031
v 0.237506 -0.334584 -2.206258
v 0.229554 -0.555672 -2.202853
v 0.030023 -0.114644 -2.259171
v 0.244487 -0.113347 -2.208429
v 0.427952 -0.779561 -2.111255
v 0.221998 -1.000301 -2.219809
v 0.434777 -0.557745 -2.108142
v 0.225555 -0.777149 -2.212214
v 0.440997 -0.335357 -2.110363
v 0.593675 -1.004539 -1.965471
v 0.604769 -0.784326 -1.960409
v 0.612062 -0.561601 -1.959183
v 0.614569 -0.111475 -1.958382
v 0.612654 -0.336879 -1.957793
v -0.491293 -1.196615 -2.957232
v -0.169029 -1.216745 -2.826197
v -0.327785 -1.219244 -2.878482
v 0.168550 -1.215430 -2.699274
v 0.088232 -1.313319 -2.527513
v -0.007192 -1.209291 -2.771049
v -0.317492 -1.143926 -3.428570
v -0.238366 -1.165709 -3.121918
v -0.403668 -1.156925 -3.193439
v 0.349944 -1.218200 -2.603007
v 0.282012 -1.315750 -2.437437
v 0.528766 -1.216304 -2.479282
v 0.030390 -1.151487 -3.283287
v -0.071167 -1.162688 -3.055540
v 0.096688 -1.154148 -2.981874
v 0.694678 -1.207525 -2.324922
v 0.464427 -1.318792 -2.315496
v -0.204495 -0.776513 -2.298236
v -0.195635 -0.334630 -2.274859
v -0.405273 -0.114432 -2.261258
v -0.187870 -0.115038 -2.271320
v -0.201391 -0.554888 -2.281330
v -0.562319 -1.136930 -3.268660
v -0.642603 -1.178644 -3.574131
v -0.587425 -1.229134 -3.787807
v -0.484757 -1.145783 -3.500529
v -0.751634 -1.241624 -3.866947
v -0.545906 -1.276301 -3.998697
v -0.511895 -1.329904 -4.199746
v -0.727821 -1.286605 -4.271009
v -0.145179 -1.149902 -3.357104
v -0.053316 -1.173945 -3.587039
v -0.098287 -1.333417 -4.085123
v -0.163211 -1.243197 -3.876060
v -0.357062 -1.289642 -3.925344
v 0.128420 -1.186689 -3.508485
v -0.516317 -1.414243 -4.380003
v -0.520970 -1.421955 -4.580065
v -0.269900 -1.407889 -4.340871
v -0.267668 -1.226675 -4.670507
v -0.263031 -1.424709 -4.558583
v -0.011101 -1.244022 -4.635198
v -0.009674 -1.450706 -4.532139
v 0.194150 -1.380167 -4.259248
v -0.033655 -1.418923 -4.296593
v 0.241997 -1.464842 -4.490842
v 0.244135 -1.259438 -4.597850
v 0.387362 -1.363525 4.586161
v 0.500635 -1.403481 4.011892
v 0.479611 -1.138619 4.348402
v 0.540517 -1.352348 4.381537
v 0.690791 -1.352040 4.173391
v 0.459755 -0.917153 4.337625
v 0.636461 -1.136563 4.144073
v 0.631515 -1.380929 3.798830
v 0.784865 -1.137844 3.934490
v 0.767234 -0.915704 3.917906
v 0.610815 -0.915782 4.125614
v 0.321435 -0.919902 4.557745
v 0.509216 -0.702016 4.373876
v 0.384542 -0.710153 4.601306
v 0.610491 -0.514491 4.442857
v 0.472112 -0.513078 4.661731
v 0.629104 -0.291508 4.459849
v 0.448034 -0.289984 4.647619
v 0.560565 -0.086837 4.396605
v 0.810787 -0.698197 3.950810
v 0.652192 -0.697691 4.156292
v 0.924421 -0.520503 4.029256
v 0.760562 -0.515936 4.231185
v 0.956336 -0.299091 4.054293
v 0.797686 -0.296431 4.260534
v 0.875761 -0.101789 3.979072
v 0.723680 -0.094630 4.192115
v 0.428282 -1.309797 3.649888
v 0.531745 -1.030874 2.909325
v 0.437579 -1.146221 3.090837
v 0.223833 -1.127400 2.939472
v 0.644425 -1.151142 3.254333
v 0.855756 -1.260189 3.370988
v 0.750232 -1.337390 3.583272
v 0.538970 -1.277072 3.434301
v 0.750087 -1.055209 3.055961
v 0.832217 -1.353369 3.957891
v 0.937965 -1.139433 3.728053
v 0.943522 -0.914869 3.726393
v 1.151407 -0.919721 3.569637
v 0.963730 -1.364829 3.736842
v 1.063744 -1.349395 3.499725
v 1.132781 -1.142776 3.560957
v 1.171539 -1.251281 3.286598
v 0.975269 -0.693165 3.749748
v 1.023191 -0.475953 3.791903
v 1.133157 -0.291246 3.863400
v 1.094677 -0.068689 3.837851
v 1.160470 -0.694581 3.565960
v 1.238999 -0.497991 3.647253
v 1.267594 -0.273060 3.640711
v 1.175700 -0.072487 3.588953
v 0.315863 -1.040297 2.759174
v 0.672151 -1.056572 2.134242
v 0.555564 -1.008525 2.356585
v 0.334076 -0.978236 2.219287
v 0.712811 -1.170578 2.493886
v 0.837581 -1.208583 2.274950
v 0.782384 -1.204689 2.859416
v 0.646533 -1.045552 2.697616
v 0.894925 -1.285933 2.647195
v 0.765335 -1.125730 1.896966
v 1.230684 -1.379398 2.577376
v 1.011998 -1.344289 2.424941
v 0.604270 -1.004164 1.091639
v 0.495984 -0.939541 1.352586
v 0.275804 -0.944990 1.187824
v 0.957421 -1.262842 1.410667
v 0.870634 -1.182744 1.655526
v 0.697420 -1.035827 1.508376
v 0.796804 -1.106580 1.258265
v 0.732224 -1.033666 0.844267
v 1.137465 -1.394721 1.562640
v 1.033166 -1.340230 1.803641
v 0.389987 -1.009827 0.904634
v 0.508679 -1.231420 0.269238
v 0.665841 -1.117998 -0.312338
v 0.646603 -1.387420 -0.278121
v 0.795050 -1.306315 -0.145812
v 0.665315 -1.272405 0.071944
v 0.990364 -1.108220 0.377183
v 0.862940 -1.074712 0.609851
v 0.669586 -1.098964 0.431693
v 0.806937 -1.138764 0.209913
v 1.039081 -1.180289 0.776597
v 1.023871 -1.192081 -0.270432
v 0.894998 -1.337252 -0.386440
v 1.159824 -1.215021 0.538624
v 1.106296 -1.135636 0.138195
v 0.686748 -0.859796 -0.338244
v 0.698121 -0.606886 -0.364282
v 0.563704 -0.609852 -0.182146
v 0.749256 -1.096232 -0.533753
v 0.715941 -1.349160 -0.508006
v 0.755219 -1.288505 -0.743812
v 0.946842 -1.358331 -0.651351
v 0.804430 -1.068826 -0.769579
v 0.787104 -1.274666 -0.991185
v 0.846269 -1.055376 -1.015977
v 0.820953 -1.328004 -1.289431
v 1.208980 -1.203653 -0.812576
v 1.019242 -1.365638 -0.907617
v 1.307512 -1.190097 -1.138017
v 1.130342 -1.233584 -0.525815
v 1.310247 -1.139535 -0.368535
v 1.410008 -1.143124 -0.638625
v 0.780558 -0.848411 -0.554630
v 0.841537 -0.834281 -0.788153
v 0.856973 -0.593868 -0.805869
v 0.874754 -0.822944 -1.032745
v 0.860283 -0.352669 -0.824817
v 0.881104 -0.586071 -1.047244
v 0.859620 -0.112054 -0.843766
v 0.879359 -0.348316 -1.061680
v 0.861323 -1.045028 -1.273632
v 0.873479 -0.812541 -1.283762
v 0.872035 -0.578722 -1.292584
v 0.875881 -0.110601 -1.076105
v 0.868167 -0.344121 -1.301892
v 0.698591 -1.425231 -1.828595
v 0.832270 -1.441272 -1.655407
v 0.722752 -1.226678 -1.789738
v 0.571449 -1.220711 -1.973534
v 0.777629 -1.325527 -1.984221
v 1.077533 -1.355589 -1.189147
v 0.836001 -1.243778 -1.556618
v 0.832735 -1.025728 -1.537198
v 0.906511 -1.329488 -1.793507
v 0.981465 -1.214538 -1.973456
v 1.102457 -1.294237 -1.554171
v 1.013875 -1.311944 -1.656053
v 1.094526 -1.318418 -1.404800
v 1.097680 -1.225150 -1.788980
v 1.517768 -1.128158 -1.366869
v 1.670976 -1.133420 -1.156615
v 0.738256 -0.109580 -1.763252
v 0.739943 -0.338149 -1.761091
v 0.829577 -0.800390 -1.532423
v 0.737953 -1.012327 -1.772267
v 0.826811 -0.571389 -1.533962
v 0.740948 -0.790927 -1.763161
v 0.824023 -0.340494 -1.538408
v 0.742056 -0.565656 -1.760773
v 0.821117 -0.108700 -1.544174
v 0.862844 -0.109202 -1.311682
v 0.312068 -1.188778 -3.421651
v 0.206563 -1.151747 -3.200979
v 0.847628 -1.213514 -2.154013
v 1.079616 -1.136967 -2.172942
v 0.937217 -1.132005 -2.346802
v 0.783419 -1.141580 -2.513190
v 0.889175 -1.117109 -2.717683
v 0.555807 -1.139518 -2.994857
v 0.444228 -1.154433 -2.791104
v 0.382219 -1.144163 -3.106633
v 0.494740 -1.180612 -3.322538
v 0.672167 -1.179643 -3.207727
v 1.205077 -1.142450 -1.989481
v 0.725249 -1.133413 -2.864832
v 0.842327 -1.172487 -3.075643
v 1.329717 -1.098140 -2.202643
v 1.316038 -1.150786 -1.799230
v 1.084724 -1.312655 -3.509910
v 0.960954 -1.251133 -3.287131
v 0.902127 -1.339293 -3.645552
v 0.786577 -1.251222 -3.424281
v 0.113213 -1.297426 -4.036388
v 0.225999 -1.234341 -3.736161
v 0.033042 -1.228573 -3.812396
v 0.320498 -1.289070 -3.966125
v 0.414632 -1.245578 -3.644950
v 0.410861 -1.368602 -4.194153
v 0.520779 -1.301163 -3.874840
v 0.624121 -1.382612 -4.103869
v 0.714600 -1.314845 -3.767171
v 0.723071 -1.475961 -4.337221
v 0.488115 -1.463064 -4.422289
v 1.431178 -1.371331 -4.098833
v 1.148161 -1.094782 -4.206107
v 1.385652 -1.102689 -4.096622
v 1.104561 -0.841202 -4.203207
v 1.345092 -0.843258 -4.106987
v 1.083648 -0.589666 -4.242544
v 1.322861 -0.589517 -4.147487
v 1.076591 -0.342849 -4.298568
v 1.292377 -0.336460 -4.158910
v 1.049392 -0.093485 -4.315351
v 1.235662 -0.090353 -4.137240
v 0.993677 -1.350217 -4.376945
v 0.940440 -1.086537 -4.361083
v 0.891257 -0.835554 -4.350192
v 0.858798 -0.586126 -4.368290
v 0.846082 -0.340014 -4.411731
v 0.840945 -0.096966 -4.465723
v 1.341806 -1.159646 3.411739
v 1.405119 -1.012763 3.207074
v 1.324847 -1.255991 2.941690
v 1.214448 -1.076736 3.098777
v 1.116636 -1.285027 2.791336
v 1.529308 -1.138501 3.013789
v 1.599394 -0.916195 3.036490
v 1.598737 -0.940568 3.299280
v 1.714098 -0.716105 3.049830
v 1.600239 -0.710949 3.285991
v 1.701121 -0.486758 3.027515
v 1.532034 -0.500024 3.226067
v 1.579494 -0.313982 2.934757
v 1.422944 -0.314770 3.145998
v 1.526460 -0.093628 2.891967
v 1.373032 -0.093458 3.106598
v 1.446196 -1.323540 2.719109
v 1.525140 -1.101822 2.752049
v 1.590200 -0.880150 2.774049
v 1.532358 -1.063549 2.489265
v 1.601820 -0.846098 2.510421
v 1.504735 -1.298536 2.464459
v 1.460357 -1.428889 2.112202
v 1.336897 -1.458497 2.347284
v 1.797968 -1.343810 2.022701
v 1.577393 -1.386637 1.872926
v 1.676526 -1.083680 2.264408
v 1.681545 -0.852690 2.255025
v 1.808302 -1.096902 2.030741
v 1.664286 -1.324308 2.256015
v 1.789995 -0.867105 2.009958
v 1.944897 -1.114499 1.798602
v 1.920748 -0.883890 1.776526
v 1.679725 -0.667990 2.792878
v 1.842225 -0.504379 2.806564
v 1.811595 -0.276145 2.816668
v 1.688920 -0.633971 2.530071
v 1.800700 -0.433166 2.555760
v 1.981083 -0.301786 2.616349
v 1.944687 -0.078192 2.574329
v 1.722733 -0.088954 2.715821
v 1.760096 -0.635603 2.273535
v 1.926334 -0.484553 2.329117
v 2.089384 -0.327622 2.376658
v 2.125340 -0.100159 2.384514
v 1.866762 -0.648846 2.029347
v 2.048007 -0.521450 2.097121
v 2.168377 -0.325930 2.123683
v 2.119653 -0.101223 2.120929
v 1.977579 -0.658994 1.786822
v 2.151682 -0.521285 1.853855
v 2.193632 -0.293696 1.863132
v 2.080351 -0.092207 1.860519
v 1.238753 -1.428551 1.955740
v 1.357848 -1.399283 1.717623
v 1.479209 -1.382606 1.478246
v 1.486603 -1.476444 0.846528
v 1.375343 -1.436981 1.085631
v 1.181391 -1.346674 0.926830
v 1.592357 -1.442670 1.242465
v 1.701077 -1.498452 1.005571
v 2.025400 -1.374662 1.534735
v 1.916992 -1.362807 1.780466
v 1.812084 -1.455842 1.395875
v 1.697983 -1.400481 1.631961
v 2.124934 -1.380489 1.286266
v 1.923306 -1.496182 1.155728
v 2.051130 -1.126622 1.550104
v 2.014088 -0.897156 1.525511
v 2.346932 -1.399726 0.798849
v 2.027591 -1.479071 0.911016
v 2.117445 -1.421933 0.669039
v 2.141411 -0.710934 1.582579
v 2.244589 -0.504548 1.606823
v 2.205939 -0.276059 1.600774
v 2.076019 -0.084401 1.596415
v 1.298220 -1.379813 0.687284
v 1.396332 -1.426777 0.442617
v 1.473878 -1.253257 -0.199367
v 1.353254 -1.290599 0.042583
v 1.205040 -1.154320 -0.112326
v 1.499563 -1.441821 0.195824
v 1.605295 -1.426584 -0.049895
v 1.900654 -1.467075 0.519150
v 1.804829 -1.478789 0.762822
v 1.691179 -1.518071 0.362013
v 1.590964 -1.503329 0.604902
v 1.712241 -1.401211 -0.294396
v 1.584660 -1.227169 -0.451670
v 1.820656 -1.374174 -0.536949
v 1.869148 -1.538811 -0.129272
v 2.125687 -1.433222 -0.215214
v 2.064588 -1.456237 0.029986
v 1.945443 -1.541405 -0.375565
v 1.935791 -1.226805 -1.197737
v 1.820136 -1.206935 -0.953744
v 1.813286 -1.142059 -1.397156
v 1.697937 -1.212206 -0.707760
v 2.240390 -1.484606 -1.059418
v 2.136477 -1.382134 -1.249088
v 2.354775 -1.481315 -1.270667
v 2.379041 -1.511091 -0.864575
v 1.261796 -1.235240 -1.401756
v 1.412792 -1.145764 -1.594122
v 1.453714 -1.100193 -2.012486
v 2.266732 -1.407824 -1.463905
v 2.057543 -1.257375 -1.435356
v 2.186585 -1.313809 -1.658167
v 2.411058 -1.444755 -1.657486
v 1.725882 -1.116674 -2.037588
v 1.569130 -1.106446 -1.812755
v 1.601722 -1.156772 -2.636978
v 1.464105 -1.103037 -2.421175
v 1.448090 -1.181762 -2.811894
v 1.255621 -1.306564 -3.353988
v 1.289544 -1.213187 -2.978647
v 1.421811 -1.286214 -3.191024
v 1.744781 -1.238171 -2.844390
v 1.748459 -1.149296 -2.452472
v 1.583416 -1.268196 -3.019186
v 2.042178 -1.237656 -2.470758
v 1.898184 -1.235396 -2.659678
v 1.555945 -1.379101 -3.394322
v 1.379971 -1.403098 -3.560185
v 1.890912 -1.344589 -3.041330
v 1.505897 -1.495216 -3.754585
v 2.161463 -1.270899 -2.270555
v 2.258925 -1.319984 -2.066718
v 2.002326 -1.188253 -2.060391
v 2.050798 -1.353287 -2.856872
v 2.225808 -1.469210 -3.051423
v 0.832607 -1.376200 -3.997698
v 0.935724 -1.448258 -4.216320
v 1.599759 -1.339109 -3.899302
v 1.634675 -1.095799 -4.013009
v 1.185180 -1.543378 -4.161178
v 1.817864 -1.089983 -3.825278
v 1.826590 -1.353402 -3.775782
v 1.694945 -1.471357 -3.588739
v 2.325758 -1.277115 -3.180967
v 2.158432 -1.068562 -3.430931
v 2.277470 -1.048097 -3.198369
v 1.361788 -0.110166 -3.911372
v 1.442665 -0.348054 -3.948469
v 1.586393 -0.836938 -4.008451
v 1.778632 -0.832227 -3.833549
v 1.517993 -0.590185 -3.977101
v 1.716996 -0.583609 -3.811582
v 1.625980 -0.350026 -3.765957
v 1.558346 -0.107001 -3.741705
v 1.756420 -0.100785 -3.570986
v 1.796374 -0.350429 -3.568223
v 1.964359 -0.093958 -3.413408
v 2.012156 -0.337946 -3.420584
v 2.116802 -0.821579 -3.437181
v 2.261255 -0.809619 -3.220127
v 2.048215 -0.583640 -3.412775
v 2.246281 -0.568344 -3.241672
v 2.172731 -0.088029 -3.255620
v 2.217336 -0.327174 -3.256620
v 2.243112 -1.400962 1.047485
v 2.426987 -1.182343 0.858970
v 2.277567 -1.159461 1.080788
v 2.431608 -0.948777 0.845843
v 2.286641 -0.926669 1.067950
v 2.132563 -0.903030 1.285007
v 2.265684 -0.722167 1.346790
v 2.288083 -0.491016 1.346046
v 2.197989 -0.277573 1.337759
v 2.078493 -0.079188 1.332150
v 2.336221 -0.735864 0.837628
v 2.363334 -0.709681 1.099911
v 2.238822 -0.524723 0.827115
v 2.292838 -0.489597 1.082329
v 2.429980 -1.398398 0.544005
v 2.198999 -1.397769 0.420930
v 2.265968 -1.361987 0.173356
v 2.324477 -1.345638 -0.072688
v 2.359322 -1.372066 -0.311821
v 2.596531 -1.173974 0.358016
v 2.513961 -1.180740 0.606924
v 2.490349 -0.967105 0.344089
v 2.392930 -0.979521 0.586081
v 2.631797 -0.942834 0.130629
v 2.680670 -1.166232 0.114388
v 2.554980 -1.343191 0.038571
v 2.663276 -1.083247 -0.121716
v 2.796784 -0.912536 -0.060072
v 2.533253 -1.246797 -0.191019
v 2.787325 -1.164828 -0.315372
v 2.772289 -0.935543 -0.307046
v 2.401011 -0.753782 0.328587
v 2.317669 -0.758681 0.575889
v 2.339286 -0.530831 0.320190
v 2.253206 -0.535299 0.565517
v 2.299683 -0.303463 0.312657
v 2.214114 -0.306471 0.558571
v 2.284047 -0.073631 0.307589
v 2.206153 -0.074983 0.557109
v 2.564770 -0.724188 0.131736
v 2.472261 -0.516751 0.099391
v 2.402884 -0.299253 0.074746
v 2.370339 -0.072742 0.061511
v 2.723762 -0.696177 -0.064164
v 2.638680 -0.487045 -0.092328
v 2.536407 -0.291164 -0.146188
v 2.476902 -0.073282 -0.175704
v 2.788201 -0.708777 -0.307788
v 2.775878 -0.482452 -0.306020
v 2.711102 -0.268176 -0.333011
v 2.619234 -0.071070 -0.392864
v 2.304862 -1.538680 -0.643610
v 2.147426 -1.487340 -0.832329
v 2.485629 -1.489413 -0.473042
v 2.547162 -1.474983 -0.694365
v 2.752464 -1.373437 -0.804454
v 2.719620 -1.391944 -0.575020
v 2.775743 -1.337489 -1.022376
v 2.601041 -1.482745 -0.900609
v 2.708812 -1.165485 -0.547422
v 2.670879 -1.371444 -0.331583
v 2.684053 -0.938027 -0.538278
v 2.680274 -1.157983 -0.784367
v 2.646971 -0.935123 -0.781492
v 2.671355 -1.146744 -1.020689
v 2.630035 -0.932378 -1.026781
v 2.760834 -1.322571 -1.246742
v 2.746172 -1.449482 -1.243882
v 2.668424 -1.478259 -1.085162
v 2.680712 -1.137927 -1.261733
v 2.639270 -0.928513 -1.273563
v 2.702192 -0.712818 -0.543092
v 2.795975 -0.509229 -0.557795
v 2.825764 -0.287173 -0.561369
v 2.799307 -0.066026 -0.579021
v 2.665648 -0.711910 -0.790307
v 2.744452 -0.502979 -0.806332
v 2.833272 -0.297642 -0.818045
v 2.854196 -0.074836 -0.832061
v 2.671977 -0.717126 -1.040700
v 2.781971 -0.525632 -1.057010
v 2.787462 -0.303696 -1.071212
v 2.770540 -0.082570 -1.077643
v 2.720703 -0.726374 -1.287182
v 2.705544 -0.505676 -1.299881
v 2.620424 -0.303278 -1.267713
v 2.585323 -0.083725 -1.260894
v 2.489856 -1.482904 -1.458254
v 2.466482 -1.503395 -1.073437
v 2.511724 -1.439575 -2.028386
v 2.330335 -1.385989 -1.861049
v 2.647679 -1.464354 -1.606270
v 2.582845 -1.455652 -1.814622
v 2.750676 -1.362780 -1.926655
v 2.703866 -1.366831 -2.162033
v 2.569013 -1.497797 -1.263623
v 2.698205 -1.463912 -1.405600
v 2.789463 -1.351632 -1.692993
v 2.771662 -1.128039 -1.482014
v 2.724424 -0.913661 -1.504258
v 2.609933 -0.942192 -1.718258
v 2.730488 -1.136578 -1.715437
v 2.666601 -1.145278 -1.949421
v 2.309159 -0.789979 -2.183532
v 2.392969 -0.769328 -1.941616
v 2.423630 -0.995881 -2.178450
v 2.249472 -0.563869 -2.196871
v 2.307070 -0.554831 -1.944534
v 2.267413 -0.327998 -1.954847
v 2.223065 -0.332554 -2.212729
v 2.245749 -0.099496 -1.968673
v 2.210082 -0.100860 -2.230124
v 2.661071 -0.703539 -1.531189
v 2.550374 -0.513454 -1.501742
v 2.461623 -0.311655 -1.471791
v 2.440196 -0.088911 -1.479918
v 2.486588 -0.752003 -1.705701
v 2.398201 -0.542713 -1.704099
v 2.350269 -0.320634 -1.706797
v 2.327529 -0.095175 -1.717494
v 2.320031 -1.389999 -2.459574
v 2.523659 -1.419484 -2.635037
v 2.201004 -1.353797 -2.666551
v 2.387770 -1.454657 -2.853696
v 2.392682 -1.223256 -2.932910
v 2.244672 -1.044451 -2.937630
v 2.428196 -1.417689 -2.248191
v 2.455151 -1.193936 -2.678759
v 2.286922 -1.031723 -2.677782
v 2.517802 -1.182448 -2.426950
v 2.638960 -1.385326 -2.404393
v 2.592615 -1.162480 -2.184368
v 2.234057 -0.807286 -2.958439
v 2.265238 -0.327152 -2.997666
v 2.216665 -0.806413 -2.695869
v 2.257497 -0.568376 -2.978579
v 2.222125 -0.568761 -2.717911
v 2.216029 -0.568660 -2.455558
v 2.217305 -0.333430 -2.474897
v -2.846714 0.158258 0.471685
v -2.805995 0.378929 0.490223
v -2.796867 0.109010 0.737358
v -2.768445 0.597615 0.512634
v -2.797610 0.330761 0.758297
v -2.814756 0.809994 0.541780
v -2.783749 0.548973 0.776828
v -2.884640 1.009282 0.579935
v -2.809821 0.761353 0.802297
v -2.830758 -0.031594 0.182809
v -2.801396 0.194165 0.200006
v -2.789928 -0.001429 -0.093217
v -2.776701 0.419888 0.218744
v -2.792293 0.229839 -0.077508
v -2.781900 0.645595 0.242990
v -2.807558 0.460498 -0.055468
v -2.821051 0.864419 0.276158
v -2.837230 0.689060 -0.026331
v -2.875318 0.914905 0.008355
v -2.931385 0.729446 -0.289724
v -2.908071 1.060804 0.319676
v -2.940524 1.128542 0.053830
v -2.971883 0.964446 -0.254082
v -3.064886 1.290025 0.119957
v -3.039731 1.196305 -0.207165
v -3.173488 1.364521 -0.139109
v -3.047837 1.482240 0.144262
v -2.960178 1.256892 0.370511
v -2.962318 1.454499 0.400197
v -2.914515 1.212811 0.624604
v -2.860525 1.411655 0.643571
v -3.303047 -0.146670 -0.778324
v -3.285970 0.078810 -0.772661
v -3.268423 0.307722 -0.769464
v -3.365442 0.094144 -1.047920
v -3.257343 0.540624 -0.764275
v -3.368716 0.322838 -1.038294
v -3.257613 0.777662 -0.754405
v -3.377196 0.554855 -1.025670
v -2.906370 0.029101 -0.348901
v -2.899239 0.261128 -0.336954
v -3.093759 0.057009 -0.561684
v -2.907732 0.494780 -0.317132
v -3.072847 0.287592 -0.561012
v -3.062261 0.522376 -0.554572
v -3.068901 0.761591 -0.537783
v -3.273239 1.018933 -0.737042
v -3.391806 0.789790 -1.010149
v -3.323488 1.260777 -0.705997
v -3.396848 1.029188 -0.999475
v -3.405041 1.270379 -0.989372
v -3.337261 1.499357 -0.984226
v -3.097002 1.006221 -0.509359
v -3.199513 1.241585 -0.446202
v -3.396588 1.260505 -1.285148
v -3.265261 1.461456 -0.406655
v -3.301587 1.495491 -0.694155
v -3.325488 1.488360 -1.275565
v -3.317536 0.796686 -1.289764
v -3.362715 1.028295 -1.289808
v -3.182286 0.803616 -1.544744
v -3.229496 1.036907 -1.548816
v -3.342672 1.243540 -1.573173
v -3.308618 1.482187 -1.563920
v -3.171994 1.022359 -1.830967
v -3.271712 1.240402 -1.854168
v -3.269666 1.483312 -1.848481
v -3.181690 1.487336 -2.115462
v -3.133907 1.259643 -2.104774
v -3.112575 1.291495 -2.386764
v -2.984242 1.040860 -2.365325
v -3.109999 1.014899 -2.110856
v -3.076876 1.449581 -1.520979
v -3.034262 1.450886 -1.790555
v -2.958899 1.493863 -2.045640
v -3.080254 1.508976 -2.373252
v -2.895720 0.509734 -2.898723
v -2.881810 0.238018 -3.169089
v -2.922954 0.276317 -2.891323
v -2.867438 0.745968 -2.911785
v -2.898485 0.469297 -3.178406
v -2.902248 1.025130 -2.637902
v -3.021220 1.487319 -2.644586
v -3.009975 1.252172 -2.651863
v -2.897468 1.438589 -2.887106
v -2.909431 0.983639 -2.918782
v -2.843580 0.783083 -2.629957
v -2.984174 1.216717 -2.930792
v -2.915775 0.702366 -3.186016
v -2.936350 0.937619 -3.195545
v -2.806877 1.127359 -3.126921
v -2.648690 0.079074 0.957541
v -2.676611 0.297158 0.990449
v -2.705163 0.512834 1.022314
v -2.709627 0.729583 1.034875
v -2.487324 0.050899 1.163850
v -2.526230 0.492444 1.203799
v -2.509428 0.271988 1.188118
v -2.543168 0.710405 1.220077
v -2.257151 -0.186849 1.293201
v -2.269405 0.039213 1.300549
v -2.277069 0.264521 1.290888
v -2.286473 0.488289 1.273677
v -2.019295 0.034979 1.332378
v -2.029690 0.262294 1.320068
v -2.046373 0.490393 1.322505
v -2.309124 0.710094 1.287683
v -2.079601 0.714753 1.356631
v -2.833672 0.968514 0.831825
v -2.681445 1.316645 0.774662
v -2.729286 1.136173 0.777573
v -2.503326 1.385585 0.890469
v -2.586995 1.438537 0.744836
v -2.456738 1.449309 1.029676
v -2.419510 1.292760 1.103682
v -2.326265 1.458387 1.155841
v -2.296211 1.593985 0.920135
v -2.428948 1.534906 0.801890
v -2.358409 0.913402 1.363921
v -2.138171 0.921114 1.439931
v -2.232558 1.519444 1.316385
v -2.157421 1.504433 1.013612
v -2.238008 1.375784 1.478369
v -2.379252 1.339731 1.311732
v -2.721897 1.537854 0.600313
v -2.535434 1.602937 0.593145
v -2.788582 1.551503 0.358454
v -2.839015 1.542057 0.101160
v -2.628160 1.508103 0.092713
v -2.585167 1.573482 0.343478
v -2.385175 1.525414 0.374205
v -2.646168 1.480720 -0.167886
v -2.430339 1.442237 -0.154021
v -2.209445 1.429818 0.434522
v -2.413693 1.484600 0.109031
v -2.248978 1.326031 -0.110396
v -2.163695 1.505686 0.711041
v -2.008249 1.403786 0.803185
v -2.051201 1.317565 0.512598
v -2.230289 1.381572 0.157973
v -2.078560 1.246914 0.226256
v -2.874261 1.448033 -0.431099
v -2.866290 1.478646 -0.160824
v -2.655990 1.454686 -0.431236
v -2.880573 1.456640 -0.703142
v -2.660394 1.430924 -0.694934
v -2.883370 1.439094 -0.972990
v -2.663995 1.386006 -0.954504
v -2.883897 1.366921 -1.230959
v -2.442692 1.394260 -0.414055
v -2.462804 1.328573 -0.667394
v -2.474097 1.269340 -0.921903
v -2.657338 1.346967 -1.213874
v -2.266419 1.264535 -0.369884
v -2.286786 1.196674 -0.623253
v -2.285473 1.157381 -0.883696
v -2.454201 1.256431 -1.182403
v -2.818281 1.531572 -2.553765
v -2.758190 1.396462 -1.996312
v -2.884832 1.513415 -2.300559
v -2.685637 1.443395 -2.239806
v -2.858037 1.378618 -1.494998
v -2.614034 1.492667 -2.478377
v -2.638241 1.319204 -1.472295
v -2.835654 1.332828 -1.753966
v -2.629381 1.241366 -1.719390
v -2.562447 1.292701 -1.962175
v -2.446946 1.207754 -1.437790
v -2.410118 1.212425 -1.692542
v -2.374094 1.181322 -1.942782
v -2.495501 1.341321 -2.201627
v -2.242691 1.139512 -1.409931
v -2.207294 1.143402 -1.667373
v -2.167467 1.129558 -1.918898
v -2.314075 1.226493 -2.182101
v -2.602268 1.478543 -2.991574
v -2.708232 1.333265 -3.059625
v -2.807703 0.023698 -3.128618
v -2.604271 -0.229798 -3.332658
v -2.719235 0.209583 -3.398613
v -2.676812 -0.015653 -3.376079
v -2.742944 0.438589 -3.411316
v -2.761710 0.668990 -3.418462
v -2.493598 0.196734 -3.567602
v -2.495163 0.421506 -3.542406
v -2.514751 0.645452 -3.547032
v -2.241523 0.189128 -3.687276
v -2.239135 0.409172 -3.650966
v -2.258479 0.630221 -3.651065
v -2.310205 0.834469 -3.708162
v -2.560446 0.858081 -3.597610
v -2.024829 0.182346 -3.862692
v -2.017917 0.401167 -3.819320
v -2.021767 0.620489 -3.792613
v -2.764890 0.901699 -3.414299
v -2.750888 1.137628 -3.398042
v -2.522603 1.273038 -3.546381
v -2.572386 1.078096 -3.602683
v -2.490412 1.445766 -3.513101
v -2.686656 1.367002 -3.334403
v -2.368889 1.026609 -3.776849
v -2.410675 1.223010 -3.785851
v -2.323356 1.353644 -3.693451
v -2.057933 0.834297 -3.809945
v -2.109306 1.037549 -3.842473
v -2.219089 1.400086 -3.916133
v -2.169438 1.227116 -3.885706
v -2.408966 1.531456 -3.149039
v -2.207165 1.524520 -3.082150
v -2.378682 1.534396 -3.377004
v -2.134157 1.557368 -3.454546
v -2.173593 1.515855 -3.284407
v -2.259294 1.467867 -3.570716
v -2.171085 1.482723 -3.787975
v -2.033203 1.414098 -3.069380
v -2.023470 1.420640 -4.065734
v -1.776715 0.170685 5.354271
v -1.525428 -0.078510 5.173702
v -1.739599 0.413160 5.374289
v -1.543904 0.175538 5.157231
v -1.614173 0.669239 5.128266
v -1.601819 0.417500 5.105029
v -1.892677 0.850723 5.278825
v -1.846564 0.621459 5.309013
v -1.852111 -0.083387 5.634347
v -1.851968 0.159784 5.629159
v -1.849416 0.636168 5.591176
v -1.864681 0.400937 5.629084
v -1.844512 0.866655 5.556975
v -1.907784 1.325267 4.994327
v -1.882153 1.063457 4.997772
v -1.899310 1.076819 5.255321
v -1.900448 1.241276 5.233251
v -1.838294 1.086871 5.511701
v -1.823005 1.279352 5.427039
v -1.751129 1.384736 5.234628
v -1.041672 1.277247 5.497596
v -1.244065 1.276409 5.363283
v -1.438557 1.268372 5.193274
v -1.300889 1.197771 4.919892
v -1.761218 0.849322 5.033201
v -1.331460 0.188888 4.946351
v -1.364728 0.451051 4.933601
v -1.457137 0.694523 4.884604
v -1.594639 0.910838 4.812107
v -1.160244 0.203086 4.718060
v -1.215923 0.468589 4.693407
v -1.328905 0.711883 4.633528
v -1.494756 0.921306 4.544337
v -1.002547 0.217274 4.490210
v -1.088548 0.477297 4.448771
v -1.226534 0.708761 4.377168
v -1.404285 0.903372 4.282158
v -0.836796 -0.046996 4.262767
v -0.862926 0.232794 4.256646
v -0.963152 0.492056 4.207765
v -1.100747 0.732007 4.136201
v -1.797436 1.063177 4.728017
v -1.813020 1.332728 4.752282
v -1.710355 1.102921 4.436888
v -1.581237 1.080019 4.187971
v -1.516656 1.315103 4.282380
v -1.270706 0.950682 4.043735
v -0.730816 0.248153 4.021000
v -0.698183 -0.033044 4.030523
v -0.833915 0.508695 3.970956
v -0.956837 0.761801 3.908860
v -1.119578 0.991848 3.820660
v -1.458975 1.156258 3.935327
v -1.790799 0.028369 1.430904
v -1.823755 0.488200 1.421119
v -1.805122 0.257559 1.421797
v -1.860859 0.715962 1.454418
v -1.595258 0.021281 1.577538
v -1.596164 0.249239 1.544848
v -1.627035 0.479335 1.558467
v -1.419680 0.015523 1.744425
v -1.402356 0.238356 1.687997
v -1.415925 0.470348 1.669828
v -1.655901 0.711417 1.574973
v -1.254247 0.012949 1.919661
v -1.232428 0.235210 1.858031
v -1.206880 0.456344 1.785126
v -1.447608 0.702834 1.690419
v -1.928723 0.922345 1.546206
v -2.005674 1.136667 1.622275
v -2.046138 1.367592 1.601028
v -2.197086 1.141639 1.491669
v -1.702777 0.942176 1.609953
v -1.780988 1.158370 1.689141
v -1.862871 1.374224 1.752018
v -1.843473 1.459911 1.505326
v -1.639377 1.462241 1.599392
v -1.486290 0.938030 1.708359
v -1.566347 1.153249 1.791182
v -1.223159 0.691856 1.773841
v -1.293437 0.906468 1.846678
v -1.645883 1.376982 1.850545
v -1.367009 1.120385 1.922129
v -1.523186 1.175870 1.098903
v -1.485171 1.273102 1.423859
v -1.355927 1.104970 1.211727
v -1.986175 1.495552 1.108132
v -1.814457 1.434427 1.197958
v -2.032099 1.513893 1.403722
v -1.850657 1.316911 0.896367
v -1.667192 1.338428 1.314347
v -2.090456 1.187309 -0.051462
v -1.899333 1.207691 0.598915
v -1.918086 1.132696 0.296606
v -1.909680 1.082009 0.004604
v -1.698267 1.230349 1.000260
v -1.736311 1.120542 0.686350
v -1.566281 1.055654 0.775734
v -1.741669 1.057166 0.366160
v -1.560115 1.012215 0.439991
v -1.710103 1.037299 0.063703
v -1.515643 1.033662 0.120068
v -1.291975 0.685728 -0.319453
v -1.359035 0.911916 -0.497340
v -1.220945 0.909972 -0.244773
v -1.451565 0.250466 -0.660479
v -1.352423 0.235946 -0.427396
v -1.434312 0.472011 -0.619826
v -1.326116 0.460504 -0.382410
v -1.404460 0.692900 -0.566859
v -1.207238 0.222123 -0.234230
v -1.175085 0.448255 -0.187969
v -1.129740 0.674803 -0.129846
v -1.047692 0.899800 -0.060627
v -2.093184 1.132900 -0.317886
v -2.088934 1.100837 -0.580657
v -2.062748 1.100085 -1.116684
v -2.266268 1.149030 -1.147392
v -1.885650 1.062147 -0.271770
v -1.871529 1.073946 -0.536529
v -1.286532 1.123000 -0.409618
v -1.114908 1.132667 -0.138464
v -1.172785 1.316097 -0.315686
v -0.990937 1.335749 0.040513
v -1.048384 1.256610 0.113252
v -0.927121 1.122917 0.028110
v -1.499779 0.698822 -1.147129
v -1.461254 0.707954 -1.448916
v -1.489062 0.902875 -1.114270
v -2.192610 1.299060 -2.647771
v -2.259253 1.255520 -2.420316
v -2.009464 1.199538 -2.637813
v -1.960416 1.127928 -1.901427
v -2.118952 1.147917 -2.163986
v -2.066238 1.175750 -2.403043
v -1.865068 1.140454 -2.387368
v -1.814093 1.149091 -2.626287
v -1.764014 1.162899 -1.887678
v -1.913723 1.134942 -2.146675
v -1.665106 1.151036 -2.371620
v -1.616582 1.136709 -2.609894
v -1.530100 1.216651 -2.116950
v -1.715859 1.167128 -2.133014
v -1.473436 1.186797 -2.354650
v -1.443540 1.103032 -1.413414
v -1.457927 1.092875 -1.073831
v -1.428516 1.269060 -1.365996
v -1.396412 1.252949 -1.033998
v -1.263739 1.282451 -1.633258
v -1.312248 1.131936 -1.743089
v -1.451325 1.388979 -1.326841
v -1.374399 1.378553 -1.614284
v -1.192065 1.331581 -2.122817
v -1.113337 1.289854 -2.340858
v -1.354684 1.272735 -2.109265
v -1.423976 1.157933 -2.593493
v -1.338788 0.934628 -1.742588
v -1.361493 0.725710 -1.733745
v -1.138212 0.958666 -1.998507
v -1.027236 1.207058 -2.016794
v -1.151831 1.347934 -1.925244
v -0.988364 1.269560 -2.521011
v -1.067403 1.234297 -2.560259
v -1.059528 1.303273 -2.351276
v -1.946150 1.245824 -2.865234
v -1.763953 1.168677 -2.867944
v -1.881975 1.298940 -3.094886
v -1.576438 1.132606 -2.859221
v -1.720930 1.205793 -3.114767
v -1.395620 1.126326 -2.846568
v -1.237707 1.189122 -2.571999
v -1.230078 1.138256 -2.834455
v -1.546419 1.152966 -3.122360
v -1.884574 -0.024026 -4.142982
v -1.864288 0.192485 -4.087171
v -1.832803 0.403096 -4.021002
v -1.821396 0.618993 -3.975207
v -1.636350 -0.032192 -4.264260
v -1.618427 -0.255426 -4.261875
v -1.649741 0.189516 -4.256632
v -1.645923 0.407721 -4.217173
v -1.621770 0.618648 -4.155380
v -1.831749 0.835730 -3.952515
v -1.948159 1.237835 -4.014641
v -1.993066 1.458337 -3.292612
v -1.989947 1.504449 -3.902362
v -1.757113 1.239915 -4.184855
v -1.878946 1.044414 -3.969742
v -1.820554 1.437765 -4.192615
v -1.844889 1.344491 -3.330602
v -1.966577 1.487959 -3.504938
v -1.800431 1.409498 -3.552443
v -1.966335 1.502253 -3.711261
v -1.785439 1.452963 -3.776172
v -1.672620 1.049672 -4.131310
v -1.630669 0.836176 -4.126219
v -1.677572 1.262577 -3.361072
v -1.634381 1.325625 -3.602241
v -1.455208 1.262766 -3.641569
v -1.504440 1.196150 -3.385998
v -1.603587 1.392489 -3.840085
v -1.421546 1.318575 -3.898841
v -1.351351 -0.256747 -4.332666
v -1.447654 0.398289 -4.398100
v -1.429445 0.175723 -4.414918
v -1.454793 0.617823 -4.362384
v -1.448664 0.833713 -4.316015
v -1.495515 1.048300 -4.320955
v -1.560914 1.256144 -4.347271
v -1.605494 1.466225 -4.309262
v -0.352680 0.522662 5.658254
v -0.154945 0.724385 5.480875
v -0.337629 0.736124 5.657682
v -0.122544 0.930882 5.501777
v -0.346877 0.941751 5.620709
v -0.916039 1.218801 5.215260
v -0.731214 1.284803 5.323261
v -0.420112 1.405780 5.215463
v -0.623627 1.376900 5.084184
v -0.252277 1.448082 5.361501
v -0.492834 1.478639 4.872766
v -0.258497 1.498579 5.033467
v -1.322098 1.308658 4.087206
v -1.324867 1.222650 4.478215
v -1.159070 1.200351 4.246887
v -1.142523 1.168579 4.656729
v -0.978559 1.159366 4.413085
v -0.819348 1.185254 4.177486
v -0.838169 1.221586 3.788377
v -0.995429 1.198821 4.017666
v -0.672020 1.242135 3.944932
v -0.649624 1.341612 4.718781
v -0.567490 1.451953 4.478059
v -0.664029 1.280223 4.333980
v -0.570777 -0.019896 3.793484
v -0.614692 0.259558 3.777777
v -0.697382 0.529078 3.739438
v -0.462598 -0.006756 3.548032
v -0.486579 -0.288414 3.528437
v -0.491897 0.273836 3.538998
v -0.560022 0.546589 3.508495
v -0.366771 -0.272407 3.290715
v -0.352021 0.007211 3.303473
v -0.375726 0.284834 3.296227
v -0.247528 0.022328 3.056466
v -0.258899 -0.252311 3.047223
v -0.268244 0.294653 3.049464
v -0.324589 0.560564 3.024404
v -1.148504 1.308093 3.874739
v -1.299892 1.207555 3.720294
v -0.804819 0.789769 3.687129
v -0.954266 1.025400 3.608909
v -1.129052 1.219909 3.514847
v -0.659446 0.809877 3.460638
v -0.809918 1.044124 3.382082
v -0.989731 1.242958 3.282760
v -0.435404 0.556141 3.269760
v -0.530601 0.816344 3.223460
v -0.670215 1.053748 3.150620
v -0.986824 1.321658 3.655539
v -0.846116 1.344496 3.423089
v -0.691687 1.266428 3.557144
v -0.414423 0.815700 2.979868
v -0.537707 1.054272 2.914567
v -0.691617 1.260669 2.832807
v -0.713828 1.371355 3.184322
v -0.565017 1.382494 2.950800
v -0.410419 1.434360 3.866067
v -0.547069 1.334748 3.713500
v -0.417009 1.411415 3.479961
v -0.560292 1.350567 3.329479
v -0.417940 1.390026 3.095588
v -1.046617 -0.010858 2.038486
v -1.029285 0.214529 1.984872
v -1.007386 0.437159 1.916870
v -1.014075 0.670801 1.892080
v -0.813057 -0.052310 2.084229
v -0.796322 0.175413 2.036936
v -0.778457 0.404845 1.991049
v -0.837895 0.623578 2.054953
v -0.573887 -0.096625 2.086721
v -0.573928 0.133357 2.130196
v -0.593962 0.366044 2.152414
v -0.618264 0.598796 2.170868
v -0.169549 -0.227797 2.796749
v -0.199724 -0.496156 2.778682
v -0.296261 -0.527420 3.024035
v -0.160434 0.039716 2.802632
v -0.175508 0.305214 2.796868
v -0.225027 0.565092 2.775567
v -0.581033 -0.328329 2.077470
v -0.351082 -0.371134 2.139180
v -0.334824 -0.132486 2.126896
v -0.326454 0.108543 2.131037
v -0.137015 -0.196188 2.533768
v -0.150155 -0.453538 2.523251
v -0.120313 0.059908 2.535976
v -0.117267 0.315630 2.532794
v -0.145544 0.569074 2.522542
v -0.365077 0.572744 2.179309
v -0.135789 -0.406598 2.267605
v -0.124785 -0.163961 2.269360
v -0.106983 0.079792 2.261414
v -0.089741 0.323899 2.256831
v -0.348565 0.336361 2.207484
v -1.091788 0.877844 1.973836
v -1.148141 1.099241 2.021967
v -1.420722 1.348092 1.935355
v -1.183820 1.316606 2.003204
v -1.208724 1.374046 1.778102
v -0.880003 0.851468 2.091887
v -0.905657 1.070695 2.023203
v -0.981322 1.440728 1.889902
v -0.742355 1.423740 1.882801
v -1.069756 1.262930 1.617363
v -0.830395 1.282329 1.626612
v -1.162043 1.083262 1.292008
v -0.633062 0.823193 2.106934
v -0.659915 1.042353 2.046623
v -0.525890 1.334122 1.930565
v -0.649594 1.174198 1.715052
v -0.962188 1.040719 1.361797
v -0.318872 0.810180 2.730182
v -0.436027 1.042112 2.663345
v -0.551378 1.271177 2.600089
v -0.749584 1.003555 1.412101
v -0.805257 0.928582 1.062456
v -0.215323 0.812238 2.490175
v -0.347831 1.019796 2.411018
v -0.435417 1.208376 2.319121
v -0.377070 0.792000 2.094014
v -0.402770 1.014563 2.044729
v -0.428680 1.209705 1.716241
v -0.105535 0.567955 2.264901
v -0.143686 0.805156 2.251321
v -1.000336 0.948462 1.005487
v -1.005113 0.974971 0.648196
v -0.819525 0.975375 0.705883
v -0.868897 0.199660 0.052130
v -1.046911 0.211290 -0.070973
v -0.820631 0.431614 0.077613
v -1.002812 0.440795 -0.036841
v -0.754215 0.663506 0.099546
v -0.942500 0.671494 0.002259
v -0.660283 0.892159 0.106474
v -0.678187 0.188542 0.135102
v -0.628038 0.422707 0.146537
v -0.564423 0.655385 0.153681
v -0.488894 0.885741 0.178391
v -0.479989 0.178274 0.168041
v -0.433050 0.415450 0.168697
v -0.375297 0.650681 0.156999
v -0.283496 0.169809 0.150199
v -0.243672 0.410390 0.130207
v -0.188322 0.647067 0.159058
v -1.190095 0.974669 0.585938
v -1.165843 1.091009 0.251458
v -1.341982 1.058570 0.193725
v -0.541057 1.138192 0.124394
v -0.827313 0.894807 -0.010742
v -0.800365 1.337967 0.191916
v -0.733253 1.106309 0.129357
v -1.010544 1.117446 0.319859
v -0.387295 1.110488 0.153266
v -0.598559 1.351042 0.269233
v -1.193625 0.977759 0.941139
v -0.870135 1.142487 0.383604
v -0.236312 1.115134 0.218733
v -0.309732 0.882862 0.192767
v -0.410773 1.337165 0.328358
v -0.282208 1.367497 0.286613
v -1.234046 0.090516 -1.923576
v -1.046832 0.097067 -2.083688
v -1.226228 0.306163 -1.931846
v -1.032750 0.313410 -2.091437
v -1.212597 0.523219 -1.945339
v -1.012181 0.531626 -2.106170
v -1.187214 0.741027 -1.967131
v -0.979634 0.751392 -2.133665
v -0.818657 0.318668 -2.195405
v -0.793328 0.538251 -2.204042
v -0.832543 0.101131 -2.182410
v -0.613417 0.103344 -2.240376
v -0.598887 0.321993 -2.254338
v -0.757646 0.759385 -2.226543
v -0.575562 0.542472 -2.268893
v -0.918701 0.971641 -2.167892
v -0.819207 1.188196 -2.234549
v -0.709774 1.384497 -2.442904
v -0.703809 0.980167 -2.267488
v -0.622352 1.195737 -2.331222
v -0.540011 0.765184 -2.281408
v -0.492516 0.989088 -2.316874
v -0.534562 1.377314 -2.481821
v -0.423575 1.218829 -2.346211
v -0.395106 0.104129 -2.269198
v -0.381038 0.323544 -2.284414
v -0.359916 0.544409 -2.301418
v -0.328808 0.767241 -2.316995
v -1.077007 1.154071 -2.823507
v -1.372057 1.122641 -3.124359
v -0.920255 1.175008 -2.795135
v -0.286457 0.993280 -2.332217
v -1.275324 1.193433 -3.674807
v -1.325262 1.148959 -3.402124
v -1.143579 1.108686 -3.410515
v -1.218255 1.279662 -3.931566
v -1.015850 1.223376 -3.962099
v -1.182772 1.334985 -4.198925
v -0.959579 1.307424 -4.230941
v -1.080382 1.153905 -3.690230
v -0.807797 1.172008 -3.978324
v -1.029879 1.099685 -3.114069
v -0.856870 1.098576 -3.095699
v -0.957363 1.083515 -3.408851
v -0.767914 1.064822 -3.396048
v -0.882383 1.110716 -3.697654
v -0.678610 1.078200 -3.691326
v -1.215834 0.389167 -4.526259
v -1.242282 0.611008 -4.516239
v -1.276289 0.830693 -4.509102
v -1.025903 0.833136 -4.570434
v -0.956498 0.389551 -4.546799
v -0.928899 0.165316 -4.536421
v -0.987449 0.612224 -4.561301
v -1.313912 1.048495 -4.500199
v -1.358475 1.262966 -4.497251
v -1.378126 1.448612 -4.389998
v -1.072140 1.051241 -4.581296
v -1.120611 1.267541 -4.582606
v -1.143090 1.438867 -4.440359
v -0.776951 0.837298 -4.508234
v -0.824161 1.056742 -4.525364
v -0.869387 1.263366 -4.603853
v -0.901986 1.457944 -4.466088
v -0.274485 0.317169 5.395652
v -0.408010 0.316716 5.615731
v -0.111377 0.319021 5.194278
v -0.029504 0.512411 5.261091
v -0.215348 0.522692 5.440436
v 0.046165 0.706998 5.321691
v 0.083362 0.916660 5.346203
v -0.001221 0.114032 4.946900
v 0.072103 0.315191 5.009797
v 0.173718 0.490183 5.100815
v 0.252017 0.686494 5.163354
v 0.003314 1.296463 5.264885
v -0.085358 1.438278 5.185172
v -0.162394 1.316981 5.456821
v 0.289246 0.900657 5.183089
v 0.157553 1.041294 5.101649
v 0.078758 1.124995 5.337410
v 0.339804 0.910750 4.921708
v 0.024340 1.163051 5.033019
v 0.318360 1.135243 4.909276
v 0.167435 0.121643 4.745825
v 0.257943 0.310368 4.825757
v 0.365676 0.480327 4.922822
v 0.404127 0.698647 4.948501
v 0.345931 0.126912 4.552362
v 0.441854 0.310876 4.638687
v 0.543283 0.490302 4.728513
v 0.518991 0.713563 4.710298
v -0.399287 1.447842 4.256382
v -0.244590 1.428478 4.025359
v -0.384532 1.403646 4.638845
v -0.225702 1.309506 4.823296
v -0.260762 1.323429 4.405346
v 0.042867 1.246127 4.329669
v -0.104986 1.323140 4.175813
v -0.104982 1.254760 4.567890
v -0.092916 1.242788 4.967300
v 0.047497 1.250492 4.713844
v 0.175698 1.293401 4.841682
v 0.055181 1.338344 3.950256
v 0.200756 1.256344 4.100488
v 0.192753 1.287249 4.479194
v 0.333507 1.350708 4.249790
v 0.419303 0.911929 4.665720
v 0.490906 1.303013 4.029386
v 0.337350 1.305816 3.866134
v -0.272138 1.360303 3.248221
v -0.259445 1.403266 3.634800
v -0.101405 1.378116 3.791782
v -0.153575 1.274851 3.411950
v 0.177826 1.296058 3.706889
v 0.005172 1.253995 3.567736
v 0.295378 1.160656 3.498054
v 0.086822 1.081095 2.948407
v 0.123372 1.135528 3.346489
v 0.247558 1.051150 3.113763
v 0.186770 0.995996 2.702894
v 0.361518 1.004974 2.867879
v -0.188565 1.213492 2.215348
v -0.382514 1.152553 2.127161
v -0.369493 1.255690 1.962128
v -0.546958 1.183303 2.078593
v -0.286514 1.164145 1.810230
v -0.535149 0.989044 1.459087
v -0.337970 1.006203 1.538017
v -0.154828 1.025359 1.658319
v -0.385092 0.916845 1.215095
v -0.170665 1.213936 2.627821
v -0.052384 1.141603 2.784722
v -0.080124 1.127735 2.375820
v 0.036499 1.048041 2.535918
v -0.005250 0.941021 1.829592
v -0.177996 0.923241 1.345334
v -0.193528 0.951662 0.981369
v 0.049165 0.909122 1.207424
v 0.109096 0.961662 2.276167
v 0.182175 0.904390 2.004449
v 0.029356 0.893294 1.526443
v 0.245665 0.879372 1.721305
v -0.622202 0.969833 0.774905
v -0.595511 0.916830 1.123982
v -0.412805 0.959033 0.859913
v -0.676606 1.152445 0.467148
v -0.217647 1.128757 0.643645
v -0.467941 1.148346 0.533439
v 0.057330 0.981494 0.891696
v -0.093728 0.159963 0.099477
v 0.394491 1.348131 0.096835
v 0.229379 1.366145 -0.019834
v 0.103868 1.393015 0.118382
v 0.373046 1.402513 -0.120941
v 0.361750 1.136251 -0.091092
v 0.230331 1.135170 0.038480
v 0.493618 1.123700 -0.232343
v 0.500195 0.876540 -0.189477
v 0.363294 0.886358 -0.047209
v 0.480100 1.384586 -0.278992
v 0.038962 0.105731 -2.262412
v 0.251927 0.107999 -2.210720
v 0.050066 0.326258 -2.272239
v 0.259690 0.329531 -2.214616
v 0.065303 0.547234 -2.283135
v 0.269410 0.551269 -2.217910
v 0.086149 0.768846 -2.294289
v 0.283418 0.773237 -2.223096
v 0.445348 -0.112515 -2.110119
v 0.450001 0.110517 -2.110893
v 0.452724 0.333780 -2.110598
v 0.455860 0.557128 -2.109287
v 0.616445 0.114313 -1.960026
v 0.614552 0.340577 -1.959105
v 0.612197 0.567040 -1.957483
v 0.610017 0.793660 -1.956548
v 0.114732 0.991584 -2.300373
v 0.307618 0.994612 -2.236136
v 0.461659 0.780386 -2.109660
v 0.472764 1.003205 -2.115082
v 0.480079 1.225611 -2.114432
v 0.330733 1.215717 -2.239910
v 0.378943 1.426706 -2.280834
v 0.207915 1.420348 -2.381929
v 0.605406 1.020672 -1.955364
v 0.570299 1.246310 -1.938271
v -0.177975 0.104583 -2.276265
v -0.164935 0.324483 -2.290954
v -0.146295 0.545416 -2.306149
v -0.119765 0.767341 -2.324781
v -0.084507 0.991854 -2.328077
v -0.230757 1.224732 -2.347867
v -0.777736 1.211778 -2.742092
v -0.606213 1.230886 -2.742025
v -0.680718 1.107558 -3.066553
v -0.498470 1.113547 -3.044744
v 0.147107 1.215398 -2.298744
v -0.040809 1.218495 -2.332226
v 0.027080 1.402538 -2.454252
v -0.160274 1.391103 -2.497518
v -0.431184 1.239808 -2.749808
v -0.049344 1.269011 -2.705293
v -0.242206 1.246568 -2.736219
v -0.309165 1.124238 -3.018117
v 0.139688 1.259940 -2.636311
v 0.082308 1.119133 -2.917089
v -0.728761 1.301347 -4.232561
v -0.575130 1.054477 -3.370979
v -0.588418 1.154564 -3.970689
v -0.367432 1.123087 -3.956057
v -0.379398 1.050862 -3.338427
v -0.180904 1.044202 -3.294120
v -0.262101 1.039633 -3.631873
v -0.146078 1.094531 -3.918360
v 0.074109 1.066187 -3.864384
v -0.031881 1.218891 -4.184893
v 0.198092 1.172765 -4.136520
v 0.316896 1.331679 -4.393575
v 0.077394 1.386211 -4.437064
v -0.700961 0.389883 -4.502702
v -0.668886 0.164393 -4.523345
v -0.735231 0.614747 -4.506998
v -0.453780 0.385911 -4.429324
v -0.421858 0.155574 -4.448483
v -0.488496 0.615172 -4.435287
v -0.526868 0.841372 -4.453452
v -0.195608 0.386846 -4.429223
v -0.163725 0.153839 -4.443244
v -0.230355 0.618552 -4.431296
v -0.268865 0.846237 -4.455221
v 0.059390 0.387559 -4.464869
v 0.092097 0.151531 -4.471050
v 0.024816 0.622004 -4.467972
v -0.013421 0.852229 -4.492364
v -0.568791 1.057148 -4.514272
v -0.616904 1.246783 -4.626439
v -0.660119 1.437572 -4.483360
v -0.361786 1.246610 -4.644066
v -0.414121 1.423494 -4.482655
v -0.312635 1.058107 -4.529857
v -0.055907 1.072574 -4.543916
v -0.105401 1.261976 -4.653379
v -0.164994 1.420216 -4.473589
v 0.527912 0.133187 4.361920
v 0.628504 0.312789 4.453555
v 0.705844 0.514011 4.521029
v 0.609617 0.709992 4.460267
v 0.944258 0.102999 4.046472
v 0.719831 0.130823 4.181469
v 0.996350 0.321522 4.075190
v 0.818346 0.314241 4.270472
v 1.018119 0.546927 4.092293
v 0.864196 0.533301 4.308650
v 0.777251 0.736788 4.254945
v 0.922741 0.745338 4.032069
v 0.990606 0.127034 3.788184
v 1.081517 0.331889 3.825454
v 1.149682 0.545365 3.861539
v 0.375823 1.136329 4.646302
v 0.498073 1.148054 4.404421
v 0.490614 1.378595 4.399372
v 0.531613 0.920422 4.420890
v 0.673607 0.930391 4.191786
v 0.645572 1.157426 4.177704
v 0.644722 1.379512 4.171786
v 0.777698 1.391953 3.932430
v 0.626969 1.285081 3.794569
v 0.828365 0.945069 3.972092
v 0.805022 1.172748 3.960855
v 0.982388 1.196610 3.759025
v 0.902858 1.403281 3.691129
v 1.089133 0.132640 3.543394
v 1.130802 0.356010 3.566371
v 1.195039 0.571592 3.602002
v 1.336060 0.571745 3.378615
v 1.252376 0.363235 3.330398
v 1.275327 0.779735 3.651959
v 1.423499 0.777208 3.431902
v 0.602450 1.131206 3.422806
v 0.423825 1.066774 3.273426
v 0.538303 1.072930 3.025125
v 0.466544 1.198645 3.650193
v 0.797802 1.230683 2.933691
v 0.610444 1.147329 2.775593
v 1.043446 1.381671 3.458529
v 0.899583 1.232083 3.327422
v 1.216304 0.996056 3.604814
v 1.364027 0.992942 3.382000
v 1.158349 1.211996 3.554985
v 1.298609 1.205389 3.325398
v 1.186036 1.381614 3.227421
v 0.379145 0.923678 2.184521
v 0.294873 0.895698 1.435505
v 0.520899 0.967697 1.653308
v 0.461035 1.015443 2.612975
v 0.856826 1.331524 2.692588
v 0.677444 1.215072 2.524727
v 0.552616 1.040677 2.357433
v 0.738327 1.288352 2.277152
v 0.672901 1.154094 1.850563
v 0.617580 1.095062 2.101536
v 0.792541 1.362391 2.033207
v 0.723072 1.218747 1.609750
v 0.929700 1.409484 2.450031
v 0.998731 1.482101 2.208567
v 0.840296 1.439777 1.795163
v 1.085302 1.432491 1.970669
v 0.934072 1.489697 1.571722
v 0.406847 0.971570 0.935643
v 0.340444 0.930002 1.163322
v 0.659956 1.050346 1.181065
v 0.621915 0.861122 -0.352355
v 0.628012 0.622541 -0.316616
v 0.499303 0.632154 -0.156227
v 0.035115 1.333279 0.423510
v 0.215292 1.104254 0.529329
v 0.123688 1.357438 0.316944
v 0.540128 1.365661 -0.022305
v 0.340627 1.128842 0.421770
v 0.137630 1.029687 0.700282
v 0.493396 1.019123 0.763972
v 0.712652 1.247258 0.043849
v 0.591333 1.198642 0.183095
v 0.471040 1.162590 0.315344
v 0.706797 1.128667 0.480587
v 0.652882 1.412167 -0.178473
v 0.916427 1.409671 -0.279796
v 0.723886 1.467938 -0.377269
v 0.811668 1.191725 0.335430
v 0.916350 1.254166 0.181241
v 0.821898 1.312927 -0.111392
v 1.115708 1.357719 -0.172425
v 0.833815 1.167661 0.816615
v 0.597806 1.072511 0.619359
v 1.093775 1.393705 0.312870
v 1.020712 1.282521 0.008363
v 0.926993 1.235930 0.651113
v 1.317926 1.322977 -0.040360
v 1.187011 1.309607 -0.382079
v 0.731278 0.612339 -0.498161
v 0.810176 0.368159 -0.669177
v 0.732294 0.373816 -0.468978
v 0.798172 0.836743 -0.726933
v 0.800023 0.603980 -0.698380
v 0.841755 0.600284 -0.908800
v 0.849688 0.364850 -0.885001
v 0.843009 0.833643 -0.932806
v 0.856910 0.127303 -0.863481
v 0.871040 0.126640 -1.091157
v 0.860770 0.362770 -1.107710
v 0.858332 0.598090 -1.126309
v 0.855692 0.125713 -1.321774
v 0.849434 0.360278 -1.333158
v 0.842551 0.594664 -1.345550
v 0.835045 0.829149 -1.359056
v 0.614240 1.096301 -0.391730
v 0.593326 1.319722 -0.440883
v 0.723639 0.846668 -0.531969
v 0.720717 1.075883 -0.564683
v 0.716601 1.296039 -0.596356
v 0.803280 1.491257 -0.576472
v 0.803851 1.065253 -0.753200
v 0.795799 1.286727 -0.782114
v 0.838193 1.063939 -0.957982
v 0.811400 1.288799 -0.984688
v 0.874485 1.490339 -0.778134
v 1.001202 1.414754 -0.487222
v 0.965858 1.466316 -1.219129
v 0.928716 1.483098 -0.994602
v 1.176529 1.313035 -1.185362
v 1.056396 1.365297 -0.706833
v 1.250953 1.261912 -0.604766
v 1.322273 1.236180 -0.837157
v 1.542075 1.213237 -0.711784
v 1.399417 1.210716 -1.079635
v 0.737011 0.119624 -1.766465
v 0.732870 0.349181 -1.768401
v 0.727500 0.578954 -1.770006
v 0.717968 0.808878 -1.770681
v 0.813083 0.123449 -1.549052
v 0.809224 0.355928 -1.555670
v 0.803371 0.588636 -1.562519
v 0.697646 1.038745 -1.768454
v 0.655139 1.267321 -1.759018
v 0.683257 1.438379 -2.012672
v 0.798262 1.449166 -1.835145
v 0.538743 1.436843 -2.157477
v 0.790541 0.821304 -1.568438
v 0.765722 1.053482 -1.572254
v 0.899779 1.442079 -1.647679
v 0.721597 1.282895 -1.572391
v 0.810898 1.062809 -1.371290
v 0.767195 1.293804 -1.381852
v 0.969888 1.444498 -1.438797
v 0.670028 1.275045 -2.296969
v 0.826634 1.280026 -2.136710
v 0.971458 1.271459 -1.953695
v 1.081589 1.286279 -1.736852
v 1.222622 1.263124 -1.481304
v 1.281150 1.143402 -1.910615
v 1.489480 1.169341 -1.330770
v 1.632890 1.119689 -1.573000
v 1.426538 1.137508 -1.720896
v 0.273705 1.129712 -2.841173
v 0.321911 1.267807 -2.547407
v 0.499415 1.271504 -2.434580
v 0.452446 1.129889 -2.735026
v 0.626862 1.127869 -2.608451
v 0.798279 1.130916 -2.463860
v 0.359407 1.017179 -3.429212
v 0.215277 1.041953 -3.165658
v 0.558181 1.018349 -3.326163
v 0.408774 1.046542 -3.073255
v 0.597407 1.036797 -2.957618
v 0.963698 1.137806 -2.301538
v 1.122525 1.143178 -2.119854
v 1.117755 1.055913 -2.510427
v 0.931872 1.039217 -3.060200
v 0.947915 1.046474 -2.672506
v 1.107624 1.054191 -2.905478
v 1.106767 0.391951 -4.080965
v 1.150465 0.143505 -4.092719
v 0.950197 0.395538 -4.289002
v 1.005028 0.152669 -4.306912
v 1.087217 0.643322 -4.090886
v 0.897923 0.638953 -4.274420
v 1.078414 0.892608 -4.120717
v 0.871290 0.886636 -4.288168
v 0.544268 1.299766 -4.286677
v 0.424477 1.134335 -4.062904
v 0.790614 1.308396 -4.222450
v 0.903459 1.085103 -3.449783
v 0.710544 1.066185 -3.585773
v 0.646780 1.415023 -4.491714
v 1.099127 1.124517 -4.200006
v 0.880509 1.123790 -4.352676
v 1.144656 1.320212 -4.309510
v 0.905709 1.337445 -4.437047
v 0.298209 0.385483 -4.560833
v 0.331625 0.147832 -4.564283
v 0.264343 0.621770 -4.564385
v 0.229754 0.854982 -4.579913
v 0.585476 0.147147 -4.604481
v 0.551173 0.388535 -4.608249
v 0.517301 0.629269 -4.615826
v 0.484148 0.869431 -4.628987
v 0.619242 -0.095058 -4.596726
v 0.806414 0.148178 -4.471282
v 0.774573 0.392814 -4.478458
v 0.737944 0.636323 -4.479652
v 0.705914 0.881965 -4.491585
v 0.188986 1.077967 -4.630094
v 0.153136 1.297357 -4.655498
v 0.449032 1.108975 -4.639371
v 0.409576 1.334724 -4.609838
v 0.687636 1.134117 -4.530763
v 1.495743 0.565588 3.167671
v 1.402946 0.362280 3.111876
v 1.577826 0.775320 3.216187
v 1.652109 0.567320 2.953996
v 1.519522 0.136545 2.877420
v 1.363753 0.136256 3.092021
v 1.562320 0.362023 2.899637
v 1.727706 0.363702 2.692466
v 1.736185 0.776979 3.003083
v 1.844267 0.546020 2.773085
v 1.518375 0.991233 3.164297
v 1.400007 1.167597 3.078791
v 1.653417 0.982080 2.935003
v 1.301922 1.354361 2.984797
v 1.399079 1.324865 2.736784
v 1.522609 1.150896 2.842369
v 1.887053 0.773196 2.784796
v 1.748362 0.933705 2.691372
v 1.482035 1.273298 2.493967
v 1.616103 1.103188 2.597826
v 1.884342 0.129654 2.494497
v 1.691081 0.136155 2.675500
v 1.909729 0.359707 2.500461
v 2.001268 0.562552 2.560513
v 1.952670 0.786112 2.527564
v 2.108588 0.126316 2.356371
v 2.119333 0.354364 2.341619
v 2.155427 0.580352 2.345477
v 2.010933 0.744493 2.272429
v 2.186965 0.117887 2.105086
v 2.239883 0.341620 2.108317
v 2.254394 0.571653 2.099717
v 2.097253 0.139263 1.857404
v 2.217646 0.335383 1.847397
v 1.233055 1.371993 2.350422
v 1.134892 1.339646 1.741273
v 1.732734 0.804100 2.459284
v 1.560502 0.941763 2.393369
v 1.388436 1.087273 2.313439
v 1.792686 0.772244 2.201853
v 1.628500 0.920545 2.136318
v 1.330235 1.189971 1.904430
v 1.535373 1.141291 2.099266
v 1.474747 1.240655 1.698178
v 1.758082 0.971345 1.910331
v 1.682086 1.203099 1.889510
v 1.833305 1.256894 1.679472
v 2.069406 0.147343 1.594438
v 2.181169 0.349779 1.588973
v 2.320142 0.541620 1.845042
v 2.329186 0.526431 1.582532
v 2.185922 0.727183 1.815007
v 2.309107 0.756557 1.583687
v 0.804505 1.267848 1.388535
v 1.059483 1.511586 1.371229
v 0.891358 1.320971 1.186270
v 1.279067 1.405949 1.551731
v 1.621247 1.310496 1.503861
v 1.415005 1.460067 1.358626
v 1.768569 1.400521 1.323756
v 1.998437 0.821135 1.718496
v 2.131808 0.875773 1.495746
v 1.896057 1.025549 1.688797
v 2.047704 1.090721 1.479288
v 0.742557 1.105573 0.989206
v 0.999703 1.331403 0.486550
v 1.198669 1.416847 0.124472
v 1.192463 1.475707 0.636740
v 1.298944 1.509755 0.449419
v 1.394526 1.290812 -0.256426
v 1.593854 1.412394 -0.157110
v 1.677004 1.340112 -0.367153
v 1.533978 1.543244 0.598793
v 1.405258 1.518367 0.252142
v 1.305056 1.540529 0.989089
v 1.182614 1.529489 1.178718
v 1.543047 1.506302 1.164725
v 1.502982 1.477417 0.048525
v 1.810601 1.505311 -0.047650
v 1.421720 1.552199 0.796517
v 1.655634 1.479154 0.958840
v 1.637974 1.539112 0.392304
v 1.853123 1.422644 0.529104
v 1.730852 1.527859 0.176517
v 1.943619 1.417683 0.304208
v 2.035940 1.488164 0.089706
v 1.624246 1.179166 -0.948696
v 1.719649 1.153485 -1.189587
v 1.837184 1.137371 -1.428025
v 1.931164 1.186180 -1.053835
v 2.028581 1.188201 -1.290849
v 1.839366 1.216652 -0.817080
v 2.130098 1.254981 -0.931917
v 2.281206 1.298696 -1.401200
v 2.127453 1.213912 -1.525913
v 1.891999 1.437536 -0.263746
v 1.971031 1.362833 -0.481151
v 1.756351 1.271787 -0.586826
v 1.447637 1.079067 -2.150742
v 1.283761 1.068325 -2.336335
v 1.449319 1.065722 -2.572063
v 1.613960 1.085016 -2.395580
v 1.935198 1.145342 -2.057742
v 1.774034 1.112293 -2.221968
v 1.609806 1.088418 -1.973831
v 1.932220 1.192079 -2.458868
v 1.774677 1.158559 -2.632946
v 2.087553 1.198961 -1.901147
v 2.210075 1.287994 -2.123840
v 2.075686 1.235649 -2.288183
v 2.237497 1.342643 -2.505103
v 2.093573 1.316841 -2.674910
v 2.365781 1.378807 -2.325027
v 1.279357 1.065044 -2.743120
v 1.257930 1.142195 -3.136525
v 1.415871 1.257992 -3.356340
v 1.241106 1.222104 -3.525867
v 1.439891 1.128393 -2.978548
v 1.601544 1.240896 -3.194663
v 1.776795 1.348981 -3.398765
v 1.781498 1.240140 -3.025356
v 2.155694 1.374980 -3.391325
v 1.973820 1.415804 -3.589272
v 1.334750 0.142357 -3.908720
v 1.335385 0.391883 -3.954932
v 1.318025 0.645659 -3.962645
v 1.314801 0.899761 -3.995472
v 1.572259 0.138266 -3.801500
v 1.759457 0.147835 -3.617152
v 1.788391 0.387965 -3.695068
v 1.813884 0.631047 -3.771688
v 1.578288 0.385728 -3.855852
v 1.822390 0.886990 -3.813716
v 1.572108 0.639401 -3.885139
v 2.012595 0.883677 -3.623119
v 2.019968 0.627508 -3.602734
v 1.973941 0.149163 -3.464690
v 2.014791 0.378068 -3.558932
v 2.136488 0.393923 -3.323224
v 2.061418 0.631260 -3.338791
v 2.003373 0.876412 -3.353703
v 1.336631 1.145727 -4.074097
v 1.349189 1.408350 -4.135446
v 1.009322 1.330912 -4.094174
v 1.826883 1.149413 -3.836772
v 1.568187 0.896812 -3.905163
v 1.764091 1.397252 -3.768651
v 1.585012 1.153425 -3.964700
v 2.024370 1.146776 -3.647784
v 2.072857 1.122019 -3.381530
v 2.065171 0.152099 1.329616
v 2.151616 0.366929 1.329161
v 2.312032 0.532612 1.321374
v 2.406202 0.742042 1.339593
v 2.134447 0.383285 1.068048
v 2.236428 0.590958 1.078142
v 2.233257 0.609928 0.817145
v 2.175824 0.385916 0.809578
v 2.388861 0.764428 1.080287
v 2.329013 0.819905 0.832932
v 2.338586 0.962835 1.356144
v 2.235275 1.165703 1.306801
v 1.992550 1.315905 1.476308
v 2.436360 0.987741 1.115562
v 2.476920 0.994426 0.860637
v 2.385958 1.214818 1.098653
v 2.480924 1.224779 0.858250
v 2.158178 1.378127 1.279331
v 2.293216 0.156200 0.306551
v 2.216843 0.155886 0.556789
v 2.336356 0.381805 0.312739
v 2.248471 0.384499 0.558458
v 2.418730 0.595306 0.329858
v 2.323593 0.601840 0.572187
v 2.375392 0.156238 0.058650
v 2.428576 0.378627 0.069022
v 2.476626 0.154297 -0.181503
v 2.603295 0.154071 -0.409131
v 2.717121 0.341687 -0.355363
v 2.542634 0.371486 -0.164526
v 2.662784 0.560964 -0.124767
v 2.743483 0.565164 -0.372355
v 1.901274 1.416657 1.116589
v 1.757437 1.442032 0.748125
v 1.998103 1.360936 0.898429
v 2.182036 1.365587 0.435386
v 2.116852 1.479211 -0.142260
v 2.190525 1.425719 -0.370744
v 2.260180 1.395895 0.198029
v 2.348533 1.473891 -0.024220
v 2.254943 1.390787 1.041451
v 2.491122 1.396663 0.314220
v 2.423326 1.400585 0.561245
v 2.621966 1.214321 0.360460
v 2.582580 1.435315 0.076827
v 2.418025 1.432735 -0.262443
v 2.645603 0.989971 0.374878
v 2.694836 1.232309 0.110579
v 2.687053 1.003702 0.118083
v 2.789546 0.156913 -0.591554
v 2.669792 0.567800 -0.621362
v 2.737641 0.789688 -0.384215
v 2.650221 0.792026 -0.628613
v 2.849633 0.149250 -0.844817
v 2.792548 0.380564 -0.601207
v 2.797490 0.366745 -0.861743
v 2.697287 0.566572 -0.880530
v 2.639593 0.782773 -0.889601
v 2.806571 0.357773 -1.123343
v 2.765913 0.576016 -1.132938
v 2.663661 0.771474 -1.150044
v 2.785847 0.137898 -1.098123
v 2.608811 0.135424 -1.291077
v 2.691366 0.330029 -1.357400
v 2.738492 0.542733 -1.392661
v 2.726192 0.761238 -1.405591
v 2.049654 1.286552 -0.700603
v 2.205116 1.273547 -1.167642
v 2.387799 1.357855 -1.069475
v 2.323498 1.358042 -0.834558
v 2.259669 1.371942 -0.599723
v 2.530960 1.429231 -0.748605
v 2.573381 1.446895 -0.991513
v 2.444877 1.375575 -1.302456
v 2.495867 1.405553 -1.528969
v 2.655700 1.452380 -1.464381
v 2.476097 1.444443 -0.507578
v 2.701314 1.463779 -0.428415
v 2.749887 1.448526 -0.684480
v 2.783317 1.433979 -0.940214
v 2.616369 1.456566 -1.230606
v 2.651738 1.006506 -0.901618
v 2.648461 0.990923 -1.163260
v 2.729704 1.216549 -0.920568
v 2.705112 1.202479 -1.179039
v 2.802172 1.397640 -1.191662
v 2.666165 0.969017 -1.425171
v 2.729085 1.174096 -1.437541
v 2.813440 1.366433 -1.444735
v 2.234653 0.128972 -1.985382
v 2.191147 0.129833 -2.247231
v 2.242993 0.356141 -2.006739
v 2.177734 0.360210 -2.264871
v 2.283460 0.577432 -2.036174
v 2.189002 0.589615 -2.286075
v 2.352105 0.787958 -2.075694
v 2.237588 0.811858 -2.316109
v 2.454603 0.132769 -1.504816
v 2.517396 0.339634 -1.555157
v 2.612401 0.525372 -1.624929
v 2.683756 0.726946 -1.665196
v 2.733095 0.935647 -1.680272
v 2.324818 0.130340 -1.735353
v 2.358629 0.350697 -1.766679
v 2.424242 0.559856 -1.809342
v 2.505774 0.758451 -1.859920
v 2.598525 0.948466 -1.910154
v 2.336360 1.338410 -1.966900
v 2.485057 1.413315 -2.139021
v 2.457394 1.384666 -1.827828
v 2.480783 1.177802 -2.417737
v 2.582699 1.147362 -2.180855
v 2.334299 1.014243 -2.359625
v 2.593855 1.375988 -2.449223
v 2.683209 1.342739 -2.218655
v 2.778603 1.141458 -1.695975
v 2.810654 1.344805 -1.703653
v 2.681610 1.435805 -1.696530
v 2.635422 1.158252 -1.922865
v 2.747151 1.320806 -1.972604
v 2.608199 1.433157 -1.953499
v 2.180073 0.152075 -3.300334
v 2.123017 0.598484 -2.544150
v 2.156437 0.828822 -2.569302
v 2.182594 0.133755 -2.512305
v 2.249350 -0.092722 -2.755439
v 2.213958 0.143522 -2.775896
v 2.144980 0.365244 -2.528624
v 2.152946 0.374555 -2.794452
v 2.089742 0.605414 -2.809020
v 2.086997 0.844006 -2.827022
v 2.214009 -0.098632 -2.493773
v 1.943828 1.283306 -2.850148
v 2.298812 1.429696 -2.852706
v 1.952055 1.374579 -3.213372
v 2.142056 1.427621 -3.044622
v 2.276041 1.259713 -3.171504
v 2.457093 1.410257 -2.656931
v 2.264529 1.030223 -2.613564
v 2.433569 1.174719 -2.674807
v 2.198468 1.049009 -2.869299
v 2.362836 1.199981 -2.928937
v -1.488185 1.191006 -0.434903
v -1.337810 1.269148 -0.375485
v -1.432098 1.319211 -0.695676
v -3.172112 -1.496027 -1.333220
v 1.561588 1.430977 -3.958791
v 1.599745 1.299695 -3.577111
v 1.010754 -1.111349 2.947985
v 0.965067 -1.117534 3.197509
v 0.032454 -1.424338 -2.379083
v -1.622401 1.272368 4.988298
v -1.663350 -1.185412 -0.398058
v -0.194196 1.062316 2.174929
v -0.392345 -0.585242 2.229230
v -0.393281 -0.798445 2.151227
v -0.149481 -0.646407 2.250492
v -0.397336 -0.998051 2.075192
v -0.170396 -0.879698 2.218343
v -0.195414 -1.099533 2.174664
v -0.244809 -1.276925 2.115586
v 2.566421 1.228587 0.614297
v 2.538201 1.003003 0.610143
v 2.444342 0.795371 0.600386
v -0.158763 1.107227 1.955337
v -0.729063 0.774878 5.960895
v -0.726633 0.558049 5.982357
v -0.543917 0.749566 5.800166
v -0.702597 1.195363 5.927684
v -0.723613 0.987255 5.938279
v -0.502260 1.161794 5.793039
v -0.532605 0.958759 5.786119
v -0.518817 0.541462 5.849548
v -0.523530 0.322845 5.842167
v 2.645523 1.446426 -0.178015
v 2.774572 1.241316 -0.402572
v -1.539835 1.240770 -0.733131
v -1.700537 1.213576 -1.054458
v -1.685184 1.164282 -0.766396
v 0.650914 -0.337813 -4.578783
v 0.679250 -0.580262 -4.553029
v 0.706509 -0.822952 -4.531440
v 0.734577 -1.064860 -4.522881
v 0.363420 -0.091122 -4.574290
v 0.394443 -0.331561 -4.567966
v 0.422039 -0.571946 -4.555226
v 0.448822 -0.811769 -4.548009
v 0.735182 -1.286517 -4.440798
v 0.477118 -1.048580 -4.559565
v 2.442386 0.986028 -2.121432
v 2.131809 1.080288 -3.122905
v 2.035644 0.858275 -3.088038
v 2.064964 0.614519 -3.073124
v 2.150464 0.384755 -3.058492
v 2.224050 0.152061 -3.039606
v 2.279640 -0.084728 -3.016665
v 2.251922 -0.331626 -2.735680
v -1.267993 -1.208582 -2.461586
v -1.449265 -0.559770 -1.464031
v 1.335815 -1.471020 -3.939161
v 1.881999 -1.463576 -3.420147
v 2.182798 -1.323963 -3.399649
v 2.042100 -1.459678 -3.225619
v 2.702097 1.230727 -0.150700
v 2.704786 1.005317 -0.142447
v 2.726270 0.779942 -0.125237
v 2.634748 0.781542 0.118227
v 2.517278 0.588211 0.089049
v -0.645970 -0.968034 -2.263646
v -0.652311 -1.172274 -2.270997
v -0.426782 -0.988043 -2.293632
v -3.007201 0.791963 -2.087585
v -3.066536 0.805754 -1.807469
v -2.919665 0.566180 -2.067913
v -3.002878 0.574166 -1.793454
v -2.865164 0.333456 -2.057618
v -2.961280 0.339920 -1.787673
v -2.841493 0.098579 -2.055785
v -2.939794 0.105933 -1.787404
v -2.836515 -0.134224 -2.059057
v -2.934052 -0.125524 -1.791245
v -2.846289 -0.363393 -2.065951
v -2.943610 -0.353173 -1.799023
v -1.313145 -0.472077 -4.273479
v -1.285922 -0.692177 -4.237441
v -1.586731 -0.471934 -4.221196
v -1.272895 -0.912545 -4.235281
v -1.565418 -0.690995 -4.184440
v -1.554809 -0.913372 -4.169599
v 2.770629 1.012645 -0.394890
v -1.675104 1.216534 -1.339615
v -1.541791 1.303408 -1.324674
v -0.350655 1.387019 -2.505444
v -3.131970 0.571829 -1.536809
v -3.117596 0.337425 -1.547568
v -3.091868 0.106434 -1.545456
v -0.209019 -1.002995 -2.293302
v 0.012625 -0.777780 -2.272326
v -0.210664 -1.237089 -2.265501
v 0.008817 -1.003292 -2.274078
v 0.213466 -1.361546 4.767344
v -0.625794 -0.762968 2.178635
v -0.617276 -0.973235 2.154665
v -0.622407 -1.150337 2.066543
v 1.202364 1.328410 -3.911138
v -1.597853 1.440306 -4.078244
v 2.768782 1.226310 -0.663691
v 2.691401 1.014041 -0.643711
v -0.267673 1.287531 2.481087
v -0.409319 1.356926 2.718168
v -1.129784 -1.202759 -2.637573
v 2.805017 -1.343611 -1.466337
v -3.302322 0.562858 -1.304069
v -3.281926 0.331242 -1.312139
v -3.262333 0.102549 -1.315210
v -0.100366 -1.308828 -2.581109
v -0.223140 -1.419594 -2.433903
v -1.291070 1.199422 -0.087690
v -2.670084 -1.377104 -3.421556
v -1.538338 -1.291018 -0.452638
v -1.791275 1.494284 -3.991755
v -1.461533 1.117219 -0.155327
v -1.663295 1.115097 -0.483932
v -1.667186 1.065346 -0.216422
v -3.070166 1.523607 -0.138090
v -2.518477 -1.470595 -2.955637
v 1.214658 1.223379 2.133820
v -0.835832 -0.725065 2.078817
v -0.836724 -0.936298 2.091510
v 0.273149 1.312958 0.220244
v -1.292542 1.358384 -1.885069
v -1.507808 0.058006 -1.204151
v -1.507392 0.044684 -0.942036
v -1.506908 -0.156479 -1.213651
v -1.505778 -0.172272 -0.958658
v -2.577124 1.497713 -3.250339
v -1.638901 1.219214 -1.612558
v -1.495160 1.300306 -1.604493
v -0.427531 -1.208680 -2.293945
v -0.772243 -1.370215 -4.411541
v 0.765343 1.242466 3.564675
v -1.638567 1.336618 4.542362
v -2.741157 1.562983 -2.796720
v 2.543759 1.418917 -1.685321
v 2.363580 1.330120 -1.626258
v 1.954096 -1.181153 -1.633794
v 1.938186 -1.352976 -0.773145
v 2.036604 -1.532122 -0.613508
v -0.309136 -1.374284 -4.126753
v -0.052652 1.029466 -3.579305
v 1.466914 1.258465 -0.482578
v 1.786290 1.112544 -1.816143
v 1.882559 -1.161432 -2.259119
v 1.197502 -1.240071 -1.605056
v 0.992498 1.367384 0.999509
v 1.090045 1.423461 0.817611
v 0.902743 -1.163740 1.010830
v -0.052951 -0.989263 1.350955
v 0.861504 1.168494 -3.843487
v 1.055785 1.190709 -3.689373
v 0.774796 1.041389 -2.822309
v 1.213456 -1.376868 -3.734610
v 1.128462 -1.232779 -3.139104
v 1.317594 -1.119526 -2.599349
v 1.843007 -1.140863 -1.835525
v 1.192812 -1.095705 -2.383866
v 0.601223 -1.251753 -3.540277
v -0.264197 1.250698 -4.220016
v -2.964575 -1.505580 -1.483676
v -3.080002 -1.505510 -1.054047
v -1.109437 -1.251316 -3.672506
v -0.470982 1.060260 -3.668590
v -0.730725 -1.260226 -4.077045
v -0.926670 -1.273226 -4.111650
v -0.414738 -1.199708 -3.721195
v 1.169506 1.410248 2.600535
v 1.082901 1.338145 2.840847
v 0.284673 0.940002 2.447417
v -2.079038 1.096808 -0.846547
v 0.040905 -1.191724 2.763996
v -2.732672 -1.436477 -2.186555
v -2.674074 -1.293477 -0.266623
v -2.556628 -1.196646 -0.093264
v -0.030436 1.172113 3.184231
v -1.385219 1.009060 0.864110
v 0.586698 1.005171 1.403608
v 1.260451 -1.395222 1.324065
v 0.936038 -1.274237 2.041901
v 0.592369 -0.976082 1.758237
v 0.376420 -0.910895 1.618311
v 0.458032 -1.001142 1.992409
v 1.125544 -1.392065 2.193022
v -1.378499 0.989197 0.519170
v -0.408660 -1.053432 0.716817
v -0.786726 -1.190927 0.353219
v 0.722655 1.140285 3.177644
v -2.278303 1.489122 -2.872054
v -2.455543 1.599261 -2.926003
v -2.367150 1.418424 -2.668619
v 0.143448 -1.236572 3.113186
v -1.818919 -1.271890 -3.272960
v -1.980357 -1.039331 -0.257265
v -2.724497 -1.425360 -1.607246
v -0.032271 1.037687 2.107887
v -2.343879 1.570441 0.640082
v -0.167992 -1.516587 3.693870
v 0.013182 -1.515742 3.870336
v -2.554589 -1.204696 0.314310
v -2.694342 -1.343258 0.514833
v -1.296486 -1.141648 -3.057470
v -0.496539 1.292472 -4.223851
v 2.352686 1.409168 0.809538
v 1.080376 1.125578 -3.295673
v 0.018234 1.043370 -3.237581
v -0.114594 1.123825 -2.975257
v 2.105462 -1.236840 -1.859516
v 1.727019 -1.358645 -3.222560
v 1.683298 -1.114338 -1.602520
v 2.019280 -1.376730 -1.018596
v 1.255188 -1.268645 0.293235
v 0.928562 -1.177641 -0.020047
v 0.526958 -1.055339 0.657435
v 1.057473 -1.320992 1.165246
v 1.962694 1.149076 -1.666141
v 0.155011 1.020277 -3.512559
v 1.031855 -1.427184 -3.883086
v 0.269322 -1.157485 -2.896291
v 1.529603 -1.134375 -0.911332
v 2.095957 1.356151 0.670192
v 1.610565 1.139070 -2.807041
v 2.229127 1.261237 -1.754746
v 1.045280 -1.106277 -2.555694
v 1.164590 -1.141016 -2.768484
v 0.616374 -1.146145 -2.662493
v -0.959419 1.171793 4.816674
v -1.108829 1.196220 5.080739
v -0.610032 -1.327559 3.558168
v -0.669538 -1.260344 4.507748
v -1.682348 -1.265267 4.305387
v -0.283299 1.309518 2.865462
v -0.158822 1.244341 3.021563
v -1.448302 -1.037287 1.210724
v -1.996842 -1.174809 1.237381
v -1.478092 1.229101 4.730138
v -0.724102 -1.034245 1.030277
v -0.845975 1.254040 3.053773
v -0.558949 1.380777 4.095253
v -0.800764 1.211311 4.572582
v -0.777716 1.248865 4.952100
v -1.075959 -1.318270 3.477534
v -0.099121 -1.567008 4.447308
v -1.277090 -1.161993 -2.760749
v -1.085338 1.359460 -2.195478
v -3.108742 1.416782 -1.248982
v -2.173849 -1.169698 -2.012894
v 0.456128 0.937532 1.917297
v 0.981727 1.325542 3.088202
v -2.095360 1.523539 -3.652565
v -1.421627 1.291889 -1.859215
v -1.864532 1.121790 -1.087080
v -1.870553 1.100713 -0.806247
v -1.927010 -1.367567 -3.400559
v -1.860036 -1.448445 -3.709111
v -1.962521 -1.109751 -1.514360
v -0.778354 -1.069549 0.573905
v -1.199798 1.109146 -3.122461
v -1.385164 1.406861 -4.138724
v -0.903071 -1.254008 -3.951963
v -1.157332 -1.376182 -3.978415
v 0.326886 1.353558 4.619087
v -1.585331 1.225119 -1.869311
v -2.002679 1.118696 -1.648194
v -3.108271 1.466262 -0.978791
v -1.542171 -1.176762 -2.391243
v 0.747511 1.034536 -3.201212
v 2.206361 -1.544596 -0.421088
v 1.785009 -1.529240 0.117184
v -0.235399 -1.173811 -3.657881
v 0.291780 1.053096 -3.790181
v 1.005538 -1.164115 -2.927086
v -1.450879 0.910991 -1.436014
v -1.373200 0.512010 -1.724266
v -1.467690 0.498029 -1.456563
v -1.378093 0.296611 -1.717501
v -1.469381 0.284675 -1.461990
v -1.378495 0.081615 -1.712734
v -1.467104 0.070399 -1.465603
v -1.375684 -0.131398 -1.708343
v -1.462900 -0.142677 -1.467370
v -1.369385 -0.341249 -1.702889
v -1.456896 -0.353158 -1.466909
v -1.360721 -0.546738 -1.696092
v -1.431056 1.403747 1.683963
v -1.258538 1.337488 1.488689
v -1.400481 -0.047481 -4.399468
v 2.496559 -1.377921 0.288026
v -1.267385 -1.109483 -0.371784
v -2.950869 -1.266634 -2.947094
v -1.457033 -1.438132 -0.717566
v -1.312403 -1.270671 -4.411058
v -1.129768 1.278342 -0.040969
v 0.794749 1.294161 -1.186044
v -0.333878 1.145668 5.621908
v -2.078666 -0.707303 -4.008176
v -1.868044 -0.473571 -4.186950
v -1.852438 -0.700603 -4.182467
v -1.843382 -0.928601 -4.163713
v -1.847454 -1.160683 -4.170156
v -1.970145 -1.010918 1.753082
v -2.145092 -1.012556 1.552956
v -2.213159 -1.208542 1.636622
v 2.535882 0.790193 0.357977
v -1.588043 -1.309087 -4.303485
v -1.519871 -1.264146 2.012968
v -0.171582 -0.711485 2.500245
v -0.227983 -0.963369 2.456393
v -2.952473 0.045764 -2.886553
v -2.954756 -0.184744 -2.891218
v -2.948017 -0.413148 -2.898829
v -2.932675 -0.638594 -2.908621
v -2.898156 -0.858310 -2.922156
v -2.867198 -1.073138 -2.940145
v -2.298203 -1.046873 1.331544
v -2.421012 -1.191178 1.452219
v -1.487282 -0.850647 4.809383
v -1.239073 -0.604720 4.638710
v -1.636920 -1.060048 4.691501
v -1.344625 -0.851301 4.554982
v -1.500783 -1.063619 4.436721
v -1.507053 0.487824 -1.171994
v -1.509467 0.273383 -1.190865
v 1.872334 0.775007 1.948186
v 2.049656 0.650959 2.028214
v -2.895582 0.800653 -2.350315
v -2.835243 0.562077 -2.340855
v -2.808650 0.323053 -2.337401
v -2.803869 0.086734 -2.338143
v -2.808272 -0.145938 -2.342312
v -2.811852 -0.375144 -2.347987
v -2.867878 -0.588009 -2.075715
v -2.818359 -0.600819 -2.354821
v -2.898111 -1.031737 -2.375004
v 0.500206 -1.280036 -4.555166
v -1.300492 -0.864885 2.050221
v -1.293947 -1.077579 2.060196
v -1.533477 -0.835682 1.988115
v -1.530173 -1.051696 2.001132
v -0.836230 -1.326545 -2.104026
v -0.649050 -1.349174 -2.225743
v -1.040344 -1.300312 -2.018835
v -1.039624 -1.126246 -2.033020
v 1.015858 0.970022 3.781163
v 1.058183 0.746083 3.802649
v 0.726621 -0.111367 -0.411834
v 0.621351 0.137199 -0.256511
v 0.733660 0.132581 -0.438970
v -2.822146 0.540417 -2.624512
v -2.836010 0.301797 -2.619944
v -2.866166 0.068418 -2.615098
v -2.886202 -0.163010 -2.615052
v -2.881042 -0.392081 -2.622515
v -2.855309 -0.616343 -2.635083
v -2.829393 -0.837109 -2.646539
v -2.546872 0.926548 1.223822
v -0.708223 1.227818 1.942583
v -2.799052 -0.232413 -0.103122
v -2.823615 -0.462228 -0.105594
v -0.114704 1.134313 5.506269
v 0.335762 -1.142812 4.561984
v -0.416361 -0.550308 3.259925
v -0.497442 -0.824067 3.211697
v -0.546557 -0.565890 3.490256
v -0.628069 -1.080949 3.136211
v -0.630772 -0.839554 3.438677
v -0.763859 -1.092623 3.360014
v 0.117600 -0.084691 -4.499730
v 0.144133 -0.322970 -4.509632
v 0.171132 -0.561300 -4.496911
v 0.194586 -0.799877 -4.501987
v 0.218812 -1.033506 -4.539884
v -1.147356 -1.350995 -0.241685
v 0.348601 0.638968 -0.023175
v 0.321161 0.392070 -0.019810
v 0.493752 0.387498 -0.127180
v -2.390280 -0.475725 -3.529929
v -2.365946 -0.706109 -3.519527
v -2.391316 -0.938563 -3.545573
v -1.098023 -0.597145 4.398879
v -1.103475 -0.819629 4.068805
v -0.980421 -0.577150 4.156405
v -1.247729 -1.048763 3.966311
v -1.226908 -0.832107 4.305963
v -1.391679 -1.036837 4.187679
v -0.076868 1.124221 0.186711
v -0.133068 0.885115 0.181266
v -2.592164 1.107835 0.967924
v -2.544376 1.289874 0.941753
v -2.692015 0.940993 1.032041
v -1.145285 -1.389301 5.827160
v -0.251640 -0.765122 2.745299
v -0.344492 -1.030375 2.687924
v -0.368564 -0.799638 2.981314
v 0.630342 0.381306 -0.284178
v 0.812057 0.128986 -0.643591
v 0.809579 -0.112564 -0.620028
v 0.804784 -0.356056 -0.597613
v 0.794312 -0.601352 -0.576382
v 0.712030 -0.357722 -0.388393
v 0.579510 -0.357451 -0.210477
v 0.446076 -0.106860 -0.089128
v 0.599970 -0.108876 -0.234994
v -2.452002 -1.165240 -3.598108
v -2.277693 -1.179866 -3.818444
v -0.628638 -0.295448 3.753921
v -0.696212 -0.570031 3.708427
v -0.753086 -0.308093 3.989815
v 1.858857 -0.594291 -3.592973
v 1.942358 -0.830537 -3.631143
v 2.005212 -1.076282 -3.643901
v -2.219156 -0.484336 -3.752711
v -2.218421 -0.714024 -3.760955
v -2.229491 -0.947401 -3.777657
v -0.448901 -1.406418 -2.348008
v -2.457994 1.105721 1.151922
v -0.851820 -0.566512 3.922871
v -0.946783 -0.829492 3.856897
v -1.077983 -1.072831 3.770907
v -1.225253 -1.309340 3.682028
v -0.777890 -0.843288 3.656375
v -0.908233 -1.093307 3.576128
v -2.097508 -0.937326 -4.030404
v 0.471345 0.141017 -0.110083
v -1.075359 -1.444838 -2.030259
v -2.080709 -0.478320 -3.998514
v -0.493862 -1.057081 2.909034
v 0.290656 0.144866 -0.011806
v 0.265090 -0.103754 0.013031
v 0.418118 -0.357673 -0.068186
v -1.568693 -1.322430 -1.229424
v 1.213916 0.137926 3.310092
v 1.243087 -0.087794 3.335792
v 1.352682 -0.278310 3.394706
v 1.420744 -0.484604 3.460770
v 1.387053 -0.708558 3.437478
v 1.372755 -0.935348 3.432413
v -2.382808 1.133226 1.362532
v 0.208071 0.888449 0.063833
v 0.176537 0.641552 0.070758
v 0.135064 0.397368 0.050783
v 0.098968 0.150718 0.050500
v 2.103366 -1.135077 1.284563
v -1.464884 1.365226 -1.017747
v -1.558212 -1.133368 -4.198848
v -1.287340 1.267883 -0.705455
v 2.089479 0.156073 1.066609
v 2.090391 -0.075395 1.068824
v 2.174260 -0.290803 1.076744
v -1.015962 -1.374172 -2.244806
v 2.144948 0.156511 0.809152
v 2.136666 -0.074877 0.809895
v 2.164754 -0.304889 0.815201
v 2.245714 -0.802438 -2.435360
v 2.345246 -1.017237 -2.423369
v 0.074659 1.135924 0.124013
v -0.037531 1.357487 0.145319
v -1.496469 -1.344729 -1.474605
v 2.524136 -0.960544 -1.949946
v -1.501928 0.262719 -0.919540
v -0.178958 1.348354 0.197319
v 2.016504 -1.321261 -3.602762
v -0.753471 -1.400878 -2.319630
v -0.574599 -1.372149 -2.457463
v -1.334445 -1.356174 -0.188882
v -1.761129 -1.029076 1.904333
v -1.746063 -0.815117 1.860512
v -1.559271 1.283574 -1.031393
v 1.201331 -1.341381 -4.231859
v -0.054891 0.404604 0.094419
v -0.004591 0.644003 0.128754
v 0.040193 0.887819 0.140352
v -3.207783 -1.039088 -0.601526
v -3.115191 -1.208765 -1.853727
v -3.042717 -1.006805 -1.835424
v -3.000407 -0.793697 -1.824100
v -2.967550 -0.575884 -1.810814
v -1.771047 -1.448790 -4.049344
v -0.034151 -1.014541 -4.587623
v -0.061549 -0.785048 -4.535990
v -0.086930 -0.551442 -4.499254
v -0.110163 -0.316418 -4.471108
v -0.135620 -0.080822 -4.456414
v -1.845030 1.153368 -1.363991
v -1.493168 0.480713 -0.888480
v -1.475921 0.696631 -0.847875
v -1.446238 0.907737 -0.796342
v -1.381751 1.105033 -0.739933
v -1.007326 -0.929954 -4.342294
v -1.023437 -0.704513 -4.335154
v -1.062982 -0.486366 -4.384967
v -1.111199 -0.275256 -4.455656
v -1.156251 -0.058657 -4.508513
v -1.190889 0.164661 -4.530011
v 0.852063 0.832516 -1.145977
v 0.835850 1.065619 -1.166063
v -1.061445 -1.106177 2.099167
v -1.065934 -0.899291 2.065985
v -1.067294 -0.683993 2.063956
v -0.279831 -0.990364 -4.668303
v -0.298094 -0.756145 -4.640275
v -0.326621 -0.525926 -4.596287
v -0.359859 -0.300317 -4.537724
v -0.392356 -0.073701 -4.485620
v -0.835705 -1.135532 2.131263
v -0.528843 -1.205023 -4.655978
v -0.536650 -0.974246 -4.614157
v -0.559079 -0.742419 -4.609886
v -0.586809 -0.512882 -4.626950
v -0.607166 -0.281991 -4.618086
v -0.633538 -0.055639 -4.579345
v -0.758535 -0.953540 -4.463387
v -0.777972 -0.723189 -4.456227
v -0.823381 -0.504322 -4.507385
v -0.863210 -0.284348 -4.553808
v -0.894358 -0.058781 -4.547661
v -0.938796 1.285940 2.014780
v 1.122386 1.349359 -0.937835
v -1.810709 1.157869 -1.632370
v 1.395873 1.355730 -3.734116
v 1.995401 -1.491346 0.276997
v -0.964660 -1.083468 0.510120
v 0.505611 1.055313 -3.698837
v 0.647521 1.157968 -3.963796
v -2.542260 1.538715 -2.710674
v 1.600211 -1.106041 -2.233371
v -0.259716 -1.090314 0.646387
v -2.929895 -1.478252 -0.939943
v -3.077105 1.495193 -0.420761
v -3.095662 1.469716 -0.700311
v -2.409759 -1.139554 0.498079
v -2.119629 1.348969 -2.864981
v -2.431859 1.380719 -2.438761
v -1.291678 1.240389 -2.344115
v -1.689367 -1.409009 -3.897074
v -1.509320 -1.140068 0.050797
v -1.048811 -1.109124 1.299800
v -2.037182 1.117364 -1.385540
v -0.130324 -1.228281 0.466378
v -1.418926 -1.398056 -0.949082
v -0.913731 -1.425786 -2.174824
v -1.467952 -1.302342 -0.330179
v -0.017178 -1.348290 0.467172
v -0.914757 1.360057 -2.380338
v -0.319508 1.148091 2.079406
v -0.082688 1.302174 0.583903
v 0.961947 -1.407234 -1.488799
v -0.135082 -1.375403 2.518664
v -1.081348 -1.348108 -4.052254
v -1.264393 -1.298096 -0.016719
vn -0.5181 -0.2703 0.8115
vn -0.6342 -0.3678 0.6800
vn -0.0846 -0.9552 0.2837
vn -0.4900 -0.0540 0.8701
vn -0.0971 -0.9736 0.2065
vn -0.2403 -0.0218 0.9705
vn -0.5875 -0.0706 0.8061
vn -0.6136 -0.0944 0.7840
vn -0.4437 -0.0413 0.8952
vn -0.5748 -0.0322 0.8177
vn -0.4008 -0.0300 0.9157
vn -0.5741 0.0050 0.8188
vn -0.3681 -0.0120 0.9297
vn -0.6494 -0.1238 0.7503
vn -0.2451 -0.0084 0.9695
vn -0.2393 0.0031 0.9709
vn -0.2312 0.0084 0.9729
vn -0.3521 0.0085 0.9359
vn -0.2291 0.0132 0.9733
vn -0.1595 -0.7523 0.6393
vn -0.1023 -0.9544 -0.2806
vn 0.0300 -0.8683 0.4951
vn -0.2338 -0.1609 0.9589
vn 0.1666 -0.1747 0.9704
vn 0.1314 -0.0344 0.9907
vn 0.1058 -0.9136 0.3926
vn 0.5228 -0.0014 0.8525
vn 0.4614 -0.1780 0.8691
vn 0.6463 -0.0962 0.7570
vn 0.7093 0.1000 0.6977
vn 0.6994 -0.0695 0.7113
vn 0.1001 -0.0147 0.9949
vn 0.0759 0.0046 0.9971
vn 0.0613 0.0126 0.9980
vn 0.5343 -0.0319 0.8447
vn 0.5054 -0.0149 0.8628
vn 0.4915 0.0155 0.8708
vn 0.7615 -0.0134 0.6480
vn 0.7783 -0.0152 0.6277
vn 0.7977 0.0476 0.6012
vn 0.4851 -0.0005 0.8745
vn 0.6756 0.1524 0.7213
vn 0.7220 0.0656 0.6888
vn 0.8076 0.0813 0.5841
vn 0.8149 0.0027 0.5796
vn 0.8707 0.1288 0.4747
vn -0.5695 0.0265 0.8216
vn -0.5635 0.0741 0.8228
vn -0.3539 0.0334 0.9347
vn -0.5784 0.1199 0.8069
vn -0.3737 0.0583 0.9257
vn -0.6056 0.1344 0.7844
vn -0.4096 0.0794 0.9088
vn -0.2340 0.0242 0.9719
vn -0.2467 0.0328 0.9685
vn -0.2671 0.0422 0.9628
vn -0.4507 0.1003 0.8870
vn -0.2852 0.0685 0.9560
vn -0.6415 0.1633 0.7496
vn -0.5964 0.5420 0.5921
vn -0.4876 0.1150 0.8655
vn -0.0975 0.9952 0.0070
vn -0.4497 0.5030 0.7381
vn -0.0373 0.9968 0.0701
vn -0.2869 0.0998 0.9527
vn -0.2598 0.4541 0.8522
vn 0.0079 0.9912 0.1325
vn 0.0485 0.0083 0.9988
vn 0.0333 0.0153 0.9993
vn 0.0224 0.0209 0.9995
vn 0.0228 0.0344 0.9991
vn 0.4548 -0.0178 0.8904
vn 0.4108 -0.0102 0.9117
vn 0.7934 -0.0757 0.6040
vn 0.9024 0.0157 0.4307
vn 0.0372 0.0660 0.9971
vn 0.0466 0.0899 0.9949
vn 0.0135 0.3391 0.9407
vn -0.1211 0.9472 -0.2969
vn 0.0187 0.9493 0.3138
vn -0.2183 0.9723 -0.0836
vn 0.0586 0.9298 0.3635
vn -0.3509 0.9244 -0.1498
vn 0.3123 0.7632 0.5656
vn 0.4985 0.5035 0.7057
vn 0.5538 0.4177 0.7203
vn 0.1601 0.9515 0.2628
vn -0.9434 0.0530 0.3274
vn -0.9067 -0.3058 0.2905
vn -0.8469 0.4918 0.2024
vn -0.9004 0.4142 0.1333
vn -0.7857 0.5597 0.2634
vn -0.7950 0.5121 0.3253
vn -0.9016 0.3068 0.3049
vn -0.9149 0.3104 0.2583
vn -0.9301 0.3539 0.0980
vn 0.0093 -0.9990 0.0435
vn -0.7012 -0.6605 0.2682
vn -0.3474 -0.9292 0.1265
vn 0.2910 -0.9560 -0.0359
vn -0.4310 -0.8626 0.2651
vn -0.8709 0.2630 0.4152
vn -0.8835 0.3712 0.2856
vn -0.8552 0.1283 0.5021
vn -0.9284 0.2070 0.3087
vn -0.9984 0.0556 -0.0123
vn -0.9991 -0.0389 0.0151
vn -0.9846 0.1570 0.0762
vn -0.9873 -0.0153 -0.1578
vn -0.9976 -0.0255 -0.0637
vn -0.9239 0.0971 0.3701
vn -0.8645 0.1228 0.4874
vn -0.8371 0.0549 0.5443
vn -0.9920 0.0071 0.1260
vn -0.9921 0.0072 0.1256
vn -0.8459 -0.5169 -0.1311
vn -0.8268 -0.5524 0.1060
vn -0.9807 -0.1168 -0.1565
vn -0.9758 0.0276 0.2169
vn -0.9974 0.0263 -0.0672
vn -0.7934 -0.5861 0.1646
vn -0.7156 -0.6675 0.2060
vn -0.9169 0.2406 0.3185
vn -0.9585 -0.0746 -0.2751
vn -0.9048 -0.3940 -0.1616
vn -0.9275 0.0189 -0.3733
vn -0.3708 -0.9268 0.0602
vn -0.1829 -0.9810 0.0652
vn -0.4368 -0.8995 0.0033
vn 0.0987 -0.9909 0.0916
vn -0.1181 -0.9897 0.0810
vn 0.4803 -0.8753 0.0572
vn 0.4478 -0.8928 0.0484
vn 0.2840 -0.9555 0.0793
vn -0.9109 0.1935 0.3644
vn -0.9948 0.1018 -0.0080
vn -0.8952 0.0764 0.4391
vn -0.9957 0.0868 -0.0308
vn -0.9002 0.0106 0.4354
vn -0.9948 0.0751 -0.0687
vn -0.9013 0.0181 0.4328
vn -0.9962 0.0373 -0.0785
vn -0.8243 0.0964 0.5579
vn -0.8067 0.0199 0.5906
vn -0.8217 0.0701 0.5656
vn -0.7740 0.0346 0.6322
vn -0.8296 0.1318 0.5426
vn -0.7492 0.0567 0.6599
vn -0.8833 0.1601 -0.4406
vn -0.8669 0.1430 -0.4776
vn -0.8582 0.1306 -0.4964
vn -0.8626 0.0347 -0.5048
vn -0.9303 0.1767 -0.3214
vn -0.8343 0.1820 -0.5204
vn -0.2522 -0.9603 -0.1188
vn -0.3470 -0.9361 -0.0570
vn -0.9366 -0.3190 -0.1453
vn -0.8191 0.5438 -0.1825
vn -0.9150 -0.3412 -0.2151
vn -0.9641 -0.1059 -0.2437
vn -0.9127 0.3324 -0.2378
vn -0.8553 0.4928 -0.1602
vn -0.9297 -0.1764 -0.3234
vn -0.1986 -0.9755 -0.0949
vn -0.1411 -0.9897 -0.0232
vn 0.4516 -0.8913 0.0412
vn 0.4330 -0.8998 0.0539
vn 0.1074 -0.9940 0.0215
vn -0.7900 0.2028 -0.5786
vn -0.7997 0.1496 -0.5815
vn -0.8145 0.1245 -0.5667
vn -0.8312 0.0250 -0.5554
vn -0.9443 0.1819 -0.2742
vn -0.9840 0.1430 -0.1062
vn -0.9427 0.3293 -0.0529
vn -0.9275 0.3019 -0.2202
vn -0.1100 -0.9935 0.0306
vn -0.7670 -0.6049 -0.2141
vn -0.8046 -0.0292 0.5931
vn -0.8861 0.3304 0.3249
vn -0.9145 0.0946 0.3934
vn -0.1932 -0.9514 0.2397
vn -0.6759 0.0107 0.7369
vn -0.0538 -0.9858 0.1588
vn -0.6390 0.4685 0.6100
vn 0.4670 -0.8418 -0.2707
vn -0.0404 -0.9970 0.0664
vn 0.3608 -0.9195 -0.1563
vn 0.4902 -0.8522 -0.1829
vn -0.0283 -0.9995 0.0113
vn 0.3829 -0.8506 -0.3605
vn -0.6361 0.2146 0.7412
vn -0.7259 0.0677 0.6845
vn -0.8699 -0.1503 0.4697
vn -0.8363 -0.0083 0.5481
vn -0.5090 0.5928 0.6242
vn -0.6117 0.2462 0.7518
vn -0.6491 -0.0772 0.7567
vn -0.8453 -0.1882 0.5000
vn -0.6951 -0.1208 0.7087
vn -0.5452 0.0336 0.8376
vn -0.6481 0.3539 0.6743
vn -0.4247 -0.1311 0.8958
vn -0.7090 -0.1428 0.6906
vn -0.6661 0.4934 0.5593
vn -0.5205 0.0294 0.8533
vn -0.6531 0.2466 0.7160
vn -0.3606 -0.0095 0.9327
vn 0.5492 -0.8349 -0.0360
vn 0.4453 -0.8953 0.0056
vn 0.0864 -0.9959 -0.0266
vn 0.2579 -0.9469 -0.1922
vn 0.1622 -0.9855 -0.0497
vn 0.2897 -0.9552 -0.0596
vn -0.0774 -0.9951 0.0615
vn 0.0706 -0.9972 0.0231
vn 0.4540 -0.8904 -0.0318
vn 0.2828 -0.9590 0.0201
vn 0.2438 -0.9697 0.0158
vn 0.0198 -0.9987 0.0468
vn 0.5800 -0.8125 0.0575
vn 0.5729 -0.8183 0.0468
vn 0.5533 -0.8314 0.0506
vn 0.5279 -0.8441 0.0935
vn 0.5415 -0.8356 0.0930
vn 0.5135 -0.8554 0.0681
vn 0.5845 -0.8103 0.0414
vn 0.3270 -0.9428 0.0648
vn 0.3234 -0.9418 0.0918
vn 0.4090 -0.9083 0.0880
vn 0.4882 -0.8616 0.1389
vn 0.4820 -0.8756 0.0319
vn 0.0586 -0.9964 0.0610
vn 0.1769 -0.9812 0.0767
vn -0.2184 -0.9746 0.0496
vn -0.0959 -0.9929 0.0709
vn 0.4995 -0.8532 0.1503
vn 0.3364 -0.9385 0.0780
vn 0.2058 -0.9786 -0.0052
vn 0.1929 -0.9812 0.0034
vn 0.4809 -0.8626 0.1567
vn 0.4902 -0.8576 0.1559
vn 0.5336 -0.8335 0.1430
vn 0.5104 -0.8478 0.1443
vn 0.3360 -0.9355 0.1096
vn 0.1797 -0.9807 0.0770
vn 0.2547 -0.9627 0.0911
vn 0.4672 -0.8737 0.1359
vn -0.0518 -0.9978 0.0406
vn -0.4294 -0.8764 -0.2180
vn -0.0664 -0.9953 -0.0701
vn -0.5282 -0.7902 -0.3108
vn 0.2262 -0.9653 0.1307
vn 0.1495 -0.9809 0.1242
vn 0.4147 -0.8962 0.1576
vn 0.4994 -0.8394 0.2142
vn 0.5472 -0.8064 0.2244
vn 0.3422 -0.9319 0.1201
vn 0.2329 -0.9692 0.0806
vn 0.4148 -0.9017 0.1219
vn 0.0713 -0.9972 0.0214
vn 0.5228 -0.8259 0.2113
vn 0.2193 -0.9702 0.1029
vn 0.2998 -0.9477 0.1092
vn 0.5079 -0.8436 0.1743
vn 0.4530 -0.8709 0.1905
vn 0.3910 -0.9020 0.1833
vn -0.8168 -0.3799 -0.4341
vn -0.8723 0.0703 -0.4839
vn -0.6725 0.1378 -0.7271
vn -0.0890 -0.9899 -0.1101
vn -0.3272 -0.9400 -0.0972
vn -0.5610 -0.6027 -0.5675
vn -0.6416 -0.5118 -0.5713
vn 0.2061 -0.9667 0.1516
vn 0.3951 -0.9001 0.1836
vn -0.4578 -0.6654 -0.5896
vn -0.6641 0.0097 -0.7476
vn -0.3972 -0.4965 -0.7718
vn -0.0144 -0.9953 -0.0961
vn -0.0063 -0.9963 -0.0851
vn -0.8192 0.1485 -0.5539
vn -0.7505 0.1269 -0.6486
vn -0.5974 0.2442 -0.7638
vn -0.7446 0.0108 -0.6675
vn -0.6515 0.1309 -0.7473
vn -0.7966 -0.1176 -0.5929
vn -0.7382 -0.0804 -0.6698
vn -0.6330 0.0721 -0.7708
vn -0.7446 0.0080 -0.6675
vn -0.6152 -0.0936 -0.7828
vn -0.7073 -0.1736 -0.6853
vn -0.7889 0.0921 -0.6076
vn -0.7667 0.1678 -0.6196
vn -0.5376 0.0429 -0.8421
vn -0.9941 0.1082 -0.0033
vn -0.9318 -0.2291 -0.2815
vn -0.9434 -0.3235 0.0726
vn -0.8006 -0.3948 0.4508
vn -0.1794 -0.9832 -0.0326
vn -0.2431 -0.9517 0.1877
vn 0.4286 -0.8936 -0.1332
vn 0.4971 -0.8632 -0.0879
vn 0.3103 -0.9471 -0.0815
vn 0.3626 -0.9041 -0.2259
vn 0.2101 -0.9751 -0.0705
vn 0.3801 -0.9208 -0.0873
vn 0.3022 -0.9517 -0.0549
vn -0.9510 0.2055 -0.2311
vn -0.8157 0.4599 -0.3509
vn -0.9019 0.1502 -0.4050
vn -0.7054 0.4544 -0.5439
vn -0.8694 0.0995 -0.4841
vn -0.7046 0.2407 -0.6675
vn -0.8464 0.0218 -0.5320
vn -0.6927 0.1507 -0.7053
vn -0.8737 -0.1220 0.4710
vn -0.9071 -0.0435 0.4186
vn -0.9419 -0.0019 0.3359
vn -0.9642 0.0137 0.2647
vn 0.4664 -0.8751 -0.1292
vn -0.1834 -0.9738 -0.1341
vn -0.8735 -0.2156 -0.4364
vn -0.0276 -0.9962 -0.0829
vn 0.3708 -0.9271 -0.0546
vn -0.7584 0.1826 -0.6257
vn -0.7613 0.3179 -0.5651
vn -0.7627 0.0581 -0.6441
vn -0.8090 0.2144 -0.5473
vn -0.8300 0.0591 -0.5547
vn -0.8224 0.2589 -0.5066
vn -0.8125 0.0567 -0.5802
vn -0.8332 0.3037 -0.4622
vn -0.0098 -0.9971 -0.0758
vn -0.5404 -0.3586 0.7611
vn -0.0002 -0.9997 -0.0240
vn -0.0137 -0.9942 -0.1065
vn -0.4027 -0.4692 0.7859
vn 0.0231 -0.8772 -0.4795
vn -0.0462 -0.9907 -0.1279
vn 0.0846 -0.8665 -0.4920
vn -0.7071 0.4714 0.5270
vn -0.7622 0.3542 0.5418
vn -0.7170 0.2181 0.6621
vn -0.7452 0.3194 0.5853
vn -0.6085 0.1292 0.7830
vn -0.7099 0.2553 0.6564
vn -0.7221 0.3554 0.5935
vn -0.6196 0.3034 0.7239
vn -0.6723 0.3021 0.6758
vn -0.5188 0.2416 0.8200
vn -0.2442 0.0847 0.9660
vn -0.4830 0.2366 0.8430
vn -0.3626 0.1737 0.9156
vn 0.2706 -0.8571 -0.4383
vn 0.0486 -0.9986 -0.0190
vn 0.1983 -0.9539 -0.2253
vn 0.1519 -0.9577 -0.2446
vn 0.0279 -0.9992 -0.0295
vn -0.0452 -0.9534 -0.2984
vn 0.1847 -0.8601 -0.4755
vn -0.0542 -0.9818 0.1821
vn 0.0076 -0.9987 -0.0506
vn -0.0794 -0.9761 0.2022
vn -0.3000 -0.9418 0.1516
vn -0.1130 -0.9761 0.1858
vn -0.1303 -0.9829 0.1303
vn -0.2395 -0.9061 0.3487
vn -0.2198 -0.8148 0.5364
vn -0.1463 -0.9074 0.3940
vn -0.2879 -0.8523 0.4368
vn -0.3282 -0.9399 0.0945
vn 0.0735 -0.9952 0.0640
vn -0.4992 -0.8665 0.0074
vn -0.3054 -0.9521 0.0170
vn -0.5349 -0.8437 -0.0457
vn -0.6540 -0.7565 0.0045
vn -0.6007 -0.7947 0.0868
vn -0.4308 -0.9003 0.0618
vn -0.5044 -0.8631 -0.0250
vn -0.6573 -0.7491 0.0826
vn -0.1684 -0.9854 -0.0247
vn 0.9967 0.0734 -0.0348
vn 0.9855 0.1608 0.0541
vn 0.9823 0.1131 0.1491
vn -0.5132 -0.8092 0.2861
vn 0.7985 -0.4417 -0.4090
vn -0.1877 -0.9781 0.0899
vn 0.8727 -0.2679 -0.4082
vn 0.9719 -0.0353 -0.2329
vn -0.0504 -0.9987 0.0072
vn 0.8894 0.1253 -0.4397
vn 0.9566 0.0615 -0.2849
vn 0.9663 0.0410 -0.2543
vn 0.9149 0.0661 -0.3983
vn 0.9974 0.0317 -0.0642
vn 0.9910 0.0486 0.1246
vn 0.9973 0.0250 -0.0697
vn 0.9936 0.0333 0.1077
vn 0.9970 0.0191 -0.0754
vn 0.9951 0.0245 0.0959
vn 0.9697 0.0274 -0.2427
vn 0.9150 0.0287 -0.4024
vn 0.9692 0.0198 -0.2457
vn 0.9082 0.0198 -0.4180
vn 0.9665 0.0101 -0.2563
vn 0.8995 0.0099 -0.4368
vn 0.9621 0.0009 -0.2728
vn 0.8867 -0.0005 -0.4623
vn 0.8481 0.0660 -0.5257
vn 0.8287 0.0190 -0.5593
vn 0.8109 0.0126 -0.5851
vn 0.7925 0.0069 -0.6098
vn 0.7742 -0.0015 -0.6330
vn -0.3620 -0.9321 -0.0083
vn -0.2480 -0.9674 -0.0504
vn -0.2234 -0.9747 -0.0074
vn 0.0814 -0.9950 0.0570
vn 0.0017 -0.9996 0.0280
vn -0.0430 -0.9991 -0.0029
vn -0.3885 -0.9206 -0.0392
vn -0.4593 -0.8757 -0.1492
vn -0.5182 -0.8507 -0.0880
vn -0.3721 -0.9234 -0.0946
vn -0.2396 -0.9496 -0.2021
vn -0.3284 -0.9338 -0.1422
vn -0.2435 -0.9656 -0.0911
vn 0.9445 0.2056 0.2562
vn 0.9560 0.2361 0.1739
vn 0.9622 -0.0962 0.2548
vn 0.9457 -0.2761 0.1717
vn 0.9517 0.1168 0.2840
vn -0.5203 -0.8254 -0.2192
vn -0.3964 -0.8947 -0.2057
vn 0.8996 0.0069 0.4366
vn 0.0993 -0.9948 0.0212
vn 0.3034 -0.9393 0.1604
vn -0.4475 -0.8577 -0.2533
vn 0.3350 -0.9070 0.2551
vn 0.8231 0.0103 0.5678
vn 0.7943 0.1544 0.5876
vn 0.8904 0.1719 0.4215
vn 0.7888 0.0848 0.6088
vn 0.8934 0.0990 0.4382
vn 0.9561 0.0666 0.2852
vn 0.7808 0.0616 0.6218
vn 0.8909 0.0721 0.4485
vn 0.2699 -0.9407 0.2057
vn 0.3239 -0.9267 0.1905
vn 0.4411 -0.8629 0.2465
vn -0.0399 -0.9985 -0.0371
vn -0.0499 -0.9982 -0.0319
vn 0.1359 -0.9871 0.0845
vn 0.1732 -0.9809 0.0882
vn 0.1048 -0.9899 0.0958
vn 0.0807 -0.9892 0.1226
vn -0.1411 -0.9802 -0.1393
vn -0.0373 -0.9992 -0.0147
vn 0.3522 -0.8952 0.2731
vn 0.3861 -0.8800 0.2767
vn 0.3698 -0.8948 0.2501
vn -0.0620 -0.8864 -0.4588
vn 0.1949 -0.9774 0.0814
vn -0.0779 -0.9460 -0.3146
vn 0.2638 -0.9320 0.2487
vn 0.2197 -0.9514 0.2159
vn 0.1142 -0.9536 0.2785
vn 0.1635 -0.9571 0.2393
vn 0.1436 -0.9622 0.2315
vn 0.0521 -0.9561 0.2882
vn -0.0509 -0.9419 0.3322
vn -0.0534 -0.9707 0.2345
vn 0.1054 -0.9857 0.1314
vn -0.0850 -0.9782 -0.1894
vn 0.0496 -0.9930 -0.1072
vn 0.2007 -0.9721 -0.1211
vn 0.2309 -0.9728 -0.0178
vn 0.0394 -0.9689 -0.2443
vn 0.2323 -0.9304 -0.2836
vn -0.1327 -0.9859 -0.1017
vn 0.0813 -0.9949 -0.0596
vn -0.3468 -0.9274 -0.1398
vn -0.1476 -0.9726 -0.1794
vn -0.0684 -0.9964 -0.0492
vn -0.3242 -0.9385 -0.1187
vn 0.2643 -0.8529 0.4502
vn -0.2520 -0.9380 -0.2381
vn -0.4378 -0.8906 -0.1229
vn -0.3161 -0.9433 -0.1012
vn -0.4513 -0.8857 -0.1088
vn 0.2892 -0.9513 0.1071
vn 0.3241 -0.9452 0.0400
vn 0.0130 -0.9992 -0.0371
vn 0.1434 -0.9894 0.0230
vn 0.0174 -0.9993 0.0329
vn 0.0088 -0.9973 0.0723
vn -0.8195 -0.2825 -0.4986
vn -0.7723 -0.3191 -0.5492
vn 0.2431 -0.9553 0.1683
vn 0.0020 -0.9967 0.0812
vn 0.2071 -0.9556 0.2097
vn -0.2207 -0.9741 -0.0485
vn 0.0493 -0.9972 0.0567
vn -0.0436 -0.9965 0.0717
vn -0.1435 -0.9870 0.0727
vn 0.1744 -0.9580 0.2276
vn -0.2738 -0.9595 0.0660
vn -0.4532 -0.8887 -0.0697
vn 0.1248 -0.9696 0.2107
vn -0.0111 -0.9981 0.0602
vn -0.0614 -0.9975 0.0343
vn -0.1990 -0.9799 -0.0131
vn -0.8498 -0.2059 -0.4853
vn -0.8729 -0.1350 -0.4688
vn -0.3239 -0.9364 -0.1352
vn -0.0675 -0.9886 -0.1346
vn -0.1923 -0.5479 0.8142
vn -0.0736 -0.9922 -0.1006
vn -0.1219 -0.5987 0.7917
vn -0.1693 -0.8543 -0.4914
vn -0.0104 -0.8733 -0.4871
vn 0.0326 -0.6121 0.7901
vn 0.1641 -0.5591 0.8127
vn -0.0429 -0.8667 -0.4969
vn -0.0401 -0.9989 -0.0259
vn -0.8764 0.3198 -0.3600
vn -0.6672 -0.6115 -0.4255
vn -0.8784 0.1049 -0.4662
vn -0.0309 -0.7023 0.7112
vn 0.1809 -0.9743 -0.1342
vn 0.3684 -0.8234 -0.4317
vn 0.2644 -0.9473 -0.1806
vn 0.6082 -0.7390 -0.2897
vn 0.2086 -0.9628 0.1715
vn -0.1425 -0.2142 0.9663
vn -0.1821 0.0959 0.9786
vn -0.0939 0.0554 0.9940
vn -0.0535 0.0163 0.9984
vn -0.0881 0.0836 0.9926
vn -0.2308 0.1553 0.9605
vn 0.0341 -0.9702 -0.2398
vn -0.0915 -0.9937 0.0649
vn -0.0581 -0.9897 -0.1306
vn -0.1104 -0.9839 -0.1403
vn -0.0772 -0.9600 0.2693
vn -0.1041 -0.9902 0.0929
vn -0.1201 -0.9388 -0.3229
vn 0.0172 -0.9855 0.1689
vn -0.0600 -0.9501 0.3062
vn -0.0343 -0.9914 0.1261
vn 0.0328 -0.9524 -0.3030
vn 0.0369 -0.9993 0.0036
vn -0.0899 -0.6627 0.7435
vn -0.1688 -0.9272 0.3344
vn 0.3224 -0.8989 -0.2968
vn 0.7876 0.0900 -0.6095
vn 0.6171 -0.0400 -0.7859
vn 0.5609 0.0722 -0.8247
vn 0.7295 0.0474 -0.6823
vn -0.1220 -0.4003 0.9082
vn -0.1437 -0.7471 0.6490
vn -0.1646 -0.7259 0.6678
vn 0.0955 -0.9909 -0.0947
vn 0.4959 -0.2058 -0.8436
vn -0.0269 -0.9986 0.0451
vn 0.4704 0.1195 -0.8743
vn 0.0612 -0.2482 0.9668
vn -0.9532 -0.2840 -0.1033
vn 0.4240 -0.3409 -0.8391
vn -0.1526 -0.9649 0.2137
vn 0.4385 0.1028 -0.8928
vn -0.8276 0.4553 0.3283
vn -0.2156 0.0616 -0.9745
vn 0.2447 -0.5228 -0.8166
vn -0.1712 -0.8706 0.4612
vn 0.2597 -0.0032 -0.9657
vn 0.6883 0.0019 -0.7255
vn 0.6666 0.0032 -0.7454
vn 0.6538 0.0096 -0.7566
vn 0.5747 0.0272 -0.8179
vn 0.7070 0.0142 -0.7071
vn 0.5592 -0.0080 -0.8290
vn 0.5359 0.0028 -0.8443
vn 0.5160 0.0231 -0.8563
vn 0.3396 0.0204 -0.9404
vn 0.3802 -0.0000 -0.9249
vn 0.3309 -0.0114 -0.9436
vn 0.4613 0.0307 -0.8867
vn 0.2436 -0.0407 -0.9690
vn 0.4181 -0.0213 -0.9082
vn 0.1906 -0.0120 -0.9816
vn 0.1265 -0.0019 -0.9920
vn 0.0970 -0.0508 -0.9940
vn 0.0479 -0.0476 -0.9977
vn 0.0060 -0.0332 -0.9994
vn -0.0720 -0.0464 -0.9963
vn -0.3989 -0.8574 -0.3250
vn -0.3190 -0.9057 -0.2793
vn -0.2736 -0.9090 -0.3144
vn 0.5000 0.1501 0.8529
vn 0.4683 0.0081 0.8835
vn 0.6453 0.0598 0.7616
vn 0.7626 0.0348 0.6459
vn 0.7708 0.0481 0.6352
vn 0.5743 0.0198 0.8184
vn 0.5919 0.0274 0.8055
vn 0.7544 0.0204 0.6560
vn 0.5581 0.0084 0.8298
vn 0.4247 -0.0102 0.9053
vn 0.6167 0.0301 0.7866
vn 0.3960 -0.0011 0.9182
vn 0.3709 -0.0018 0.9287
vn 0.3521 -0.0024 0.9360
vn 0.2432 -0.0325 0.9694
vn 0.2284 -0.0275 0.9732
vn 0.2045 -0.0254 0.9785
vn -0.0182 -0.9985 -0.0513
vn -0.1096 -0.9777 -0.1792
vn -0.0807 -0.9926 -0.0907
vn -0.2218 -0.8951 -0.3868
vn -0.2199 -0.9311 -0.2909
vn -0.1338 -0.9521 -0.2750
vn 0.0013 -0.9972 -0.0753
vn -0.0822 -0.9653 -0.2479
vn -0.0472 -0.9857 -0.1617
vn 0.0360 -0.9972 0.0658
vn 0.0770 -0.9767 0.2005
vn -0.0242 -0.9259 -0.3771
vn -0.1487 -0.9157 -0.3734
vn -0.0853 -0.9438 -0.3194
vn -0.0510 -0.9830 -0.1765
vn 0.0926 -0.9108 -0.4024
vn 0.0873 -0.0322 0.9957
vn 0.0834 -0.0445 0.9955
vn 0.0762 -0.0357 0.9965
vn 0.1902 -0.0059 0.9817
vn 0.0293 -0.9657 0.2579
vn 0.0607 -0.9830 0.1732
vn 0.0367 -0.9547 0.2952
vn 0.0309 -0.9826 0.1832
vn 0.0135 -0.9973 0.0726
vn 0.0614 -0.9609 0.2700
vn 0.2050 -0.9478 0.2442
vn 0.0188 -0.9345 0.3554
vn 0.1452 -0.9022 0.4061
vn 0.1768 -0.9666 0.1854
vn 0.3802 -0.9207 0.0882
vn 0.2783 -0.9433 0.1812
vn 0.1023 -0.9758 0.1931
vn 0.0472 -0.9952 0.0859
vn 0.0216 -0.9310 0.3645
vn -0.3007 0.4643 -0.8330
vn -0.3910 -0.2498 -0.8859
vn -0.3673 0.4409 -0.8189
vn -0.2609 0.2541 -0.9313
vn -0.2946 -0.7360 -0.6096
vn -0.1243 -0.9896 0.0724
vn -0.4549 -0.8871 -0.0786
vn 0.5156 -0.7352 0.4400
vn 0.3920 -0.8053 0.4448
vn -0.2435 -0.9696 -0.0245
vn 0.1415 -0.9863 0.0851
vn 0.7446 -0.1362 0.6535
vn 0.6659 0.0825 0.7415
vn 0.7377 -0.6205 0.2661
vn 0.9070 -0.1827 0.3795
vn 0.8508 -0.0924 0.5172
vn 0.6385 0.1630 0.7522
vn 0.7058 0.2591 0.6593
vn 0.7924 0.2271 0.5662
vn 0.8452 0.0344 0.5333
vn 0.8373 -0.1640 0.5217
vn 0.8889 -0.1281 0.4398
vn 0.6754 0.3197 0.6645
vn 0.7655 0.0800 0.6384
vn 0.7646 -0.1957 0.6141
vn 0.7183 0.1242 0.6846
vn 0.8239 -0.1002 0.5577
vn 0.8901 -0.2776 0.3616
vn 0.6207 0.3564 0.6983
vn 0.6608 0.3085 0.6842
vn 0.6094 0.3945 0.6877
vn 0.7160 0.1606 0.6794
vn -0.3844 -0.9227 -0.0305
vn -0.5416 -0.8333 -0.1112
vn -0.5433 -0.8300 -0.1265
vn -0.1208 -0.9913 -0.0529
vn -0.4137 -0.9049 -0.1003
vn -0.5146 -0.8562 -0.0459
vn 0.2938 -0.9372 0.1883
vn -0.2373 -0.9714 0.0033
vn 0.3086 -0.9159 0.2566
vn 0.9250 -0.1616 0.3438
vn 0.7740 -0.5346 0.3393
vn 0.8192 -0.0333 0.5726
vn 0.8529 -0.3021 0.4257
vn 0.2551 -0.9662 -0.0365
vn 0.3531 -0.9327 0.0734
vn 0.2024 -0.9772 -0.0640
vn 0.8488 -0.3072 0.4304
vn 0.7877 0.1037 0.6073
vn 0.6281 0.4003 0.6672
vn 0.6761 0.2521 0.6924
vn 0.6597 0.3061 0.6864
vn -0.1294 -0.9786 0.1598
vn -0.4477 -0.8938 -0.0267
vn -0.3892 -0.9198 0.0495
vn -0.3401 -0.9400 0.0268
vn 0.0231 -0.9971 -0.0725
vn -0.0440 -0.9977 0.0515
vn 0.2794 -0.9569 -0.0798
vn -0.2334 -0.9298 -0.2847
vn 0.4277 -0.8844 -0.1867
vn 0.3145 -0.9363 -0.1560
vn 0.1796 -0.9653 -0.1897
vn 0.3066 -0.9422 -0.1351
vn 0.4092 -0.8951 -0.1772
vn 0.3305 -0.9123 -0.2416
vn 0.5072 -0.8344 -0.2157
vn 0.2190 -0.9284 -0.3003
vn -0.8752 -0.0717 -0.4784
vn 0.7084 -0.7009 -0.0827
vn 0.5185 -0.8397 -0.1611
vn 0.5818 -0.7805 -0.2286
vn 0.6004 -0.7912 -0.1165
vn 0.6918 -0.7138 -0.1091
vn 0.6471 -0.7551 -0.1057
vn 0.5165 -0.8438 -0.1454
vn 0.4497 -0.8826 -0.1368
vn 0.6509 -0.7288 -0.2128
vn -0.0424 -0.9969 -0.0659
vn 0.3624 -0.9271 -0.0955
vn 0.5065 -0.8077 -0.3017
vn 0.2234 -0.9746 -0.0142
vn 0.4672 -0.8660 -0.1783
vn 0.0907 -0.9574 0.2742
vn -0.1148 -0.9263 0.3588
vn 0.1539 -0.8815 0.4463
vn 0.1792 -0.9723 -0.1501
vn -0.5398 -0.4671 0.7003
vn -0.5824 -0.0797 -0.8090
vn -0.6321 -0.0158 -0.7748
vn -0.0151 -0.9763 -0.2157
vn -0.0076 -0.2020 -0.9794
vn -0.3905 -0.3635 -0.8458
vn 0.0037 -0.9972 -0.0741
vn -0.2681 -0.4322 -0.8610
vn -0.5060 -0.2194 -0.8341
vn -0.0495 -0.9827 -0.1785
vn -0.2843 -0.9260 -0.2483
vn 0.3351 -0.8414 0.4240
vn -0.1638 -0.0139 -0.9864
vn -0.1334 -0.0267 -0.9907
vn -0.1561 -0.0559 -0.9861
vn -0.2115 -0.0901 -0.9732
vn -0.3086 0.0451 -0.9501
vn -0.2903 0.0049 -0.9569
vn -0.2990 -0.0633 -0.9521
vn -0.3039 -0.0963 -0.9478
vn -0.3648 0.0347 -0.9304
vn -0.4248 0.0104 -0.9052
vn -0.4966 -0.0150 -0.8679
vn -0.4428 -0.0467 -0.8954
vn -0.7354 -0.0781 -0.6731
vn -0.5612 -0.0154 -0.8276
vn -0.7139 -0.0235 -0.6999
vn -0.3837 -0.1741 0.9069
vn -0.1398 -0.2588 0.9558
vn -0.0722 -0.9741 0.2141
vn -0.1465 -0.9656 0.2150
vn -0.6096 -0.0912 0.7875
vn -0.5748 0.0069 0.8183
vn 0.4187 -0.8231 -0.3836
vn -0.2999 -0.9061 0.2985
vn -0.1588 -0.0018 0.9873
vn -0.1775 -0.0293 0.9837
vn -0.3365 0.0150 0.9416
vn -0.3464 -0.0057 0.9381
vn -0.1485 0.0147 0.9888
vn -0.3381 0.0179 0.9409
vn -0.5526 -0.0070 0.8334
vn -0.3560 -0.0246 0.9342
vn -0.5458 0.0089 0.8379
vn -0.3541 -0.0233 0.9349
vn -0.5511 0.0153 0.8343
vn -0.7347 0.0247 0.6780
vn -0.7451 0.0078 0.6669
vn -0.7516 0.0078 0.6596
vn -0.7651 0.0086 0.6439
vn -0.7590 0.0052 0.6511
vn -0.0516 -0.9723 -0.2278
vn 0.1038 -0.9579 -0.2677
vn 0.0292 -0.9677 -0.2502
vn 0.1330 -0.9348 -0.3293
vn 0.1637 -0.8564 -0.4897
vn 0.1106 -0.9458 -0.3052
vn -0.0268 -0.9985 0.0474
vn 0.0226 -0.9918 -0.1255
vn -0.0330 -0.9928 -0.1153
vn 0.2028 -0.9224 -0.3286
vn 0.2590 -0.8371 -0.4819
vn 0.2760 -0.9056 -0.3221
vn -0.0239 -0.9989 0.0413
vn 0.0655 -0.9918 -0.1102
vn 0.0624 -0.9915 -0.1138
vn 0.3318 -0.8892 -0.3149
vn 0.3624 -0.8207 -0.4418
vn -0.0413 -0.0259 0.9988
vn -0.0250 -0.0242 0.9994
vn 0.0771 -0.0022 0.9970
vn -0.0130 0.0054 0.9999
vn -0.0374 -0.0460 0.9982
vn -0.0196 -0.9989 -0.0428
vn 0.0737 -0.9770 0.2001
vn -0.0001 -0.9747 0.2235
vn 0.0218 -0.9909 0.1328
vn 0.0421 -0.9916 0.1220
vn -0.1495 -0.9634 0.2223
vn -0.2115 -0.9320 0.2943
vn -0.1422 -0.9451 0.2941
vn -0.0312 -0.9993 0.0194
vn -0.0768 -0.9849 0.1554
vn 0.0519 -0.9340 0.3534
vn 0.0334 -0.9374 0.3466
vn -0.0344 -0.9389 0.3425
vn -0.0966 -0.9849 0.1438
vn -0.1356 -0.9638 0.2294
vn -0.1143 -0.8334 -0.5407
vn -0.0568 -0.9826 0.1768
vn 0.0507 -0.1737 -0.9835
vn -0.0075 -0.8748 -0.4844
vn 0.1531 -0.1476 -0.9771
vn 0.0300 -0.9034 -0.4278
vn -0.0135 -0.9468 0.3215
vn 0.0051 -0.9672 0.2541
vn 0.0682 -0.9318 -0.3566
vn 0.1307 -0.1652 -0.9776
vn 0.7513 -0.4139 0.5141
vn 0.0789 -0.9954 -0.0548
vn 0.7985 0.1922 0.5704
vn 0.7554 -0.4528 0.4736
vn 0.7129 -0.5140 0.4770
vn 0.8307 -0.0917 0.5492
vn 0.7936 0.1985 0.5752
vn -0.0104 -0.9932 -0.1162
vn 0.8010 0.1523 0.5790
vn 0.7815 -0.0688 0.6201
vn 0.8070 -0.0622 0.5872
vn 0.8577 -0.1781 0.4824
vn 0.7721 -0.4119 0.4840
vn 0.8215 -0.3886 0.4172
vn 0.7727 -0.3222 0.5469
vn 0.8187 -0.1545 0.5531
vn 0.7502 0.1904 0.6332
vn 0.6936 0.3094 0.6506
vn 0.6893 0.2998 0.6596
vn 0.7419 -0.3829 0.5505
vn 0.7342 -0.4196 0.5337
vn 0.7574 -0.4119 0.5066
vn 0.7304 -0.3923 0.5592
vn 0.7758 0.0516 0.6289
vn 0.7825 0.1406 0.6065
vn 0.7251 0.1804 0.6646
vn 0.7311 0.2189 0.6462
vn 0.0032 -0.9688 -0.2478
vn -0.0357 -0.9793 -0.1992
vn 0.2058 -0.9137 -0.3504
vn 0.3989 -0.8724 -0.2825
vn 0.0627 -0.8906 -0.4504
vn -0.0749 -0.8801 -0.4688
vn -0.0632 -0.9653 -0.2536
vn -0.0257 -0.9350 -0.3537
vn -0.1043 -0.9855 -0.1337
vn 0.7023 -0.5742 0.4208
vn 0.7669 0.0114 0.6416
vn 0.7034 -0.0771 0.7066
vn 0.5846 -0.0711 0.8082
vn 0.6033 -0.7291 0.3231
vn 0.3950 -0.9180 0.0348
vn 0.6822 -0.2830 0.6742
vn 0.3310 -0.9052 -0.2666
vn 0.7056 -0.2933 0.6451
vn 0.7200 -0.3973 0.5689
vn 0.7890 -0.0106 0.6143
vn 0.8000 0.3179 0.5088
vn 0.5846 -0.2163 0.7819
vn 0.6862 -0.2402 0.6866
vn 0.8586 0.1956 0.4739
vn 0.8571 0.4022 0.3220
vn 0.2631 -0.9405 -0.2152
vn -0.4826 -0.8725 -0.0768
vn -0.3499 -0.9363 -0.0300
vn 0.0812 -0.9952 -0.0541
vn -0.5929 -0.8042 -0.0427
vn -0.5792 -0.8101 -0.0905
vn -0.3997 -0.8791 0.2596
vn -0.4752 -0.8792 0.0342
vn -0.4043 -0.8955 0.1863
vn -0.5796 -0.8114 -0.0758
vn -0.0445 -0.9725 0.2287
vn -0.4035 -0.9137 0.0493
vn -0.2902 -0.9544 0.0702
vn -0.2467 -0.9661 0.0755
vn 0.0403 -0.9824 0.1825
vn -0.5939 -0.8024 -0.0583
vn -0.6355 -0.7704 -0.0502
vn -0.5338 -0.8455 -0.0139
vn -0.5737 -0.8182 -0.0383
vn -0.2625 -0.9648 0.0146
vn -0.3163 -0.9477 -0.0434
vn -0.4885 -0.8717 -0.0391
vn 0.0558 -0.9633 0.2625
vn 0.3664 -0.8258 0.4287
vn -0.8911 0.0220 -0.4532
vn -0.4817 -0.8454 -0.2309
vn 0.4124 -0.8730 0.2606
vn 0.3964 -0.8405 0.3694
vn -0.2544 -0.9667 0.0286
vn -0.2451 -0.9694 0.0153
vn 0.1507 -0.9473 0.2825
vn 0.2046 -0.9376 0.2811
vn -0.5362 -0.8242 -0.1824
vn 0.3664 -0.9069 0.2079
vn 0.3360 -0.9301 0.1482
vn -0.5842 -0.8001 -0.1357
vn -0.2657 -0.9641 0.0014
vn -0.8731 0.0123 -0.4873
vn -0.8651 -0.0070 -0.5015
vn -0.7257 -0.0274 -0.6875
vn -0.9577 0.1000 -0.2697
vn -0.6970 -0.6841 -0.2152
vn -0.8571 -0.4874 -0.1669
vn 0.1745 -0.9836 0.0449
vn -0.9729 0.1571 -0.1697
vn -0.8882 -0.4491 -0.0972
vn -0.9824 0.1565 -0.1015
vn -0.8119 -0.5812 0.0552
vn 0.4270 -0.9000 0.0878
vn 0.1723 -0.9835 0.0558
vn 0.3821 -0.9237 0.0292
vn 0.4154 -0.8978 0.1467
vn -0.0589 -0.9963 -0.0620
vn -0.0023 -0.9983 -0.0576
vn -0.9472 0.0574 -0.3155
vn -0.9791 0.0801 -0.1872
vn -0.9837 0.0198 -0.1785
vn -0.9957 0.0650 -0.0653
vn -0.9870 -0.0055 -0.1609
vn -0.9993 0.0088 -0.0357
vn -0.9893 -0.0163 -0.1447
vn -0.9998 -0.0108 -0.0182
vn -0.9955 0.0940 0.0115
vn -0.9964 0.0279 0.0797
vn -0.9943 -0.0032 0.1065
vn -0.9998 -0.0182 -0.0075
vn -0.9934 -0.0115 0.1141
vn -0.3937 -0.8911 0.2257
vn -0.2924 -0.9554 0.0409
vn -0.8406 -0.0350 0.5405
vn -0.7327 -0.0233 0.6801
vn 0.4343 -0.8287 -0.3531
vn 0.2614 -0.9627 0.0695
vn -0.9507 -0.1621 0.2645
vn -0.9713 0.0186 0.2372
vn 0.4769 -0.8159 -0.3268
vn 0.3741 -0.8843 -0.2793
vn 0.4770 -0.8573 -0.1937
vn 0.4984 -0.8233 -0.2717
vn 0.4013 -0.9153 -0.0357
vn 0.3701 -0.8923 -0.2586
vn 0.1588 -0.9870 -0.0237
vn -0.1233 -0.9887 -0.0857
vn -0.8966 -0.0015 0.4429
vn -0.8937 -0.0026 0.4487
vn -0.9655 -0.0000 0.2603
vn -0.8700 0.0038 0.4930
vn -0.9636 -0.0060 0.2672
vn -0.8846 0.0004 0.4663
vn -0.9636 -0.0075 0.2674
vn -0.8913 -0.0009 0.4534
vn -0.9643 -0.0135 0.2644
vn -0.9928 -0.0189 0.1181
vn -0.0855 -0.9818 0.1695
vn -0.0133 -0.9981 0.0606
vn 0.3630 -0.8809 -0.3036
vn 0.2087 -0.9630 -0.1707
vn 0.2008 -0.9672 -0.1554
vn 0.1838 -0.9732 -0.1383
vn 0.0217 -0.9980 0.0596
vn -0.0094 -0.9985 0.0545
vn 0.1119 -0.9843 -0.1364
vn -0.0096 -0.9983 0.0570
vn -0.0953 -0.9774 0.1885
vn -0.1174 -0.9742 0.1929
vn 0.2194 -0.9599 -0.1744
vn 0.0027 -0.9981 0.0616
vn -0.1162 -0.9727 0.2010
vn 0.0587 -0.9972 -0.0463
vn 0.2519 -0.9563 -0.1486
vn -0.1378 -0.9596 0.2455
vn -0.1427 -0.9596 0.2426
vn -0.1604 -0.9593 0.2323
vn -0.1609 -0.9574 0.2396
vn -0.0081 -0.9467 0.3221
vn -0.1133 -0.9754 0.1894
vn -0.0579 -0.9657 0.2531
vn -0.1124 -0.9623 0.2476
vn -0.1321 -0.9732 0.1881
vn -0.1221 -0.9431 0.3091
vn -0.1522 -0.9652 0.2126
vn -0.1458 -0.9493 0.2786
vn -0.1926 -0.9611 0.1978
vn 0.0828 -0.9596 -0.2687
vn 0.0755 -0.9463 -0.3143
vn 0.5684 -0.4189 -0.7082
vn 0.5056 0.1255 -0.8536
vn 0.4455 0.0251 -0.8949
vn 0.4749 0.0077 -0.8800
vn 0.4150 0.0210 -0.9096
vn 0.4577 -0.0967 -0.8839
vn 0.5378 0.0187 -0.8429
vn 0.5171 -0.0525 -0.8543
vn 0.6795 0.1315 -0.7218
vn 0.6302 0.1010 -0.7699
vn 0.7437 0.2261 -0.6291
vn 0.3970 -0.3299 -0.8565
vn 0.5591 0.0800 -0.8252
vn 0.6214 0.0542 -0.7816
vn 0.6022 -0.0541 -0.7965
vn 0.5663 -0.0904 -0.8192
vn 0.5590 -0.0025 -0.8292
vn 0.7135 -0.6333 0.2996
vn 0.5571 -0.7881 0.2617
vn 0.1072 -0.8583 0.5018
vn 0.0989 -0.9873 0.1240
vn -0.1736 -0.8897 0.4223
vn 0.6736 -0.6672 0.3179
vn 0.8985 -0.4306 0.0848
vn 0.7793 -0.3950 0.4865
vn 0.9571 -0.2042 0.2057
vn 0.8187 0.0195 0.5739
vn 0.8152 0.2405 0.5268
vn 0.7779 0.3836 0.4978
vn 0.6293 0.4451 0.6371
vn 0.7851 0.4555 0.4198
vn 0.7136 0.2333 0.6605
vn 0.8338 0.2241 0.5045
vn 0.5781 -0.7779 0.2463
vn 0.9245 -0.3765 0.0600
vn 0.9354 -0.3488 -0.0574
vn 0.9396 -0.2098 0.2704
vn 0.9360 -0.3084 0.1697
vn 0.7277 -0.6022 0.3283
vn 0.1758 -0.9827 0.0581
vn 0.0832 -0.9859 0.1449
vn 0.6683 -0.6419 0.3760
vn 0.1169 -0.9928 0.0263
vn 0.8694 -0.0674 0.4895
vn 0.8978 -0.2070 0.3886
vn 0.8778 0.0089 0.4789
vn 0.7022 -0.5725 0.4234
vn 0.8844 -0.1143 0.4525
vn 0.9003 0.0164 0.4350
vn 0.8802 -0.1072 0.4623
vn 0.8977 -0.4393 -0.0341
vn 0.9241 -0.2954 0.2424
vn 0.7141 0.2413 0.6571
vn 0.8558 -0.5054 0.1103
vn 0.7555 -0.6237 0.2005
vn 0.8145 -0.2170 0.5381
vn 0.6676 0.2777 0.6908
vn 0.5987 0.3341 0.7279
vn 0.7667 -0.5401 0.3472
vn 0.6056 -0.7128 0.3538
vn 0.8469 -0.3635 0.3881
vn 0.9102 0.0660 0.4088
vn 0.7216 -0.5817 0.3754
vn 0.6771 -0.6768 0.2888
vn 0.9674 -0.1702 0.1876
vn 0.9995 0.0300 0.0116
vn 0.7169 -0.5633 0.4107
vn 0.8230 -0.4880 0.2908
vn 0.9825 0.1435 0.1188
vn 0.9820 0.1736 -0.0738
vn -0.1711 -0.9840 -0.0492
vn -0.0176 -0.9990 -0.0406
vn -0.0633 -0.9954 0.0723
vn -0.2399 -0.9707 0.0138
vn -0.2557 -0.9656 0.0479
vn -0.5022 -0.8527 -0.1439
vn -0.1374 -0.9797 0.1459
vn -0.0601 -0.9966 0.0557
vn 0.7149 -0.6123 0.3376
vn 0.6408 -0.6700 0.3748
vn 0.0373 -0.9827 0.1815
vn 0.0152 -0.9931 0.1162
vn 0.7313 -0.5725 0.3708
vn 0.1393 -0.9831 0.1190
vn 0.9391 0.0111 0.3435
vn 0.8869 -0.2134 0.4097
vn 0.6004 -0.7717 0.2096
vn 0.1913 -0.9815 -0.0003
vn 0.1731 -0.9848 -0.0144
vn 0.7638 -0.5024 0.4054
vn 0.9516 -0.1571 0.2640
vn 0.9342 0.3482 0.0777
vn 0.9606 0.2777 -0.0090
vn -0.5394 -0.8352 -0.1071
vn -0.5129 -0.8520 -0.1050
vn -0.4820 -0.8273 -0.2885
vn -0.5410 -0.8053 -0.2424
vn -0.1709 -0.9837 -0.0557
vn -0.4588 -0.8693 -0.1838
vn -0.4786 -0.8399 -0.2559
vn 0.1685 -0.9845 0.0488
vn 0.0809 -0.9966 -0.0180
vn -0.0981 -0.9952 -0.0048
vn -0.1471 -0.9891 -0.0041
vn -0.5504 -0.7863 -0.2807
vn -0.4573 -0.8524 -0.2534
vn -0.5854 -0.7504 -0.3070
vn -0.0756 -0.9931 -0.0896
vn 0.3291 -0.9267 0.1814
vn 0.3676 -0.9296 0.0284
vn -0.2398 -0.9683 -0.0701
vn -0.5223 -0.8322 -0.1859
vn -0.4686 -0.8604 -0.2004
vn -0.2673 -0.9605 -0.0775
vn -0.4165 -0.8770 -0.2396
vn -0.2841 -0.9473 -0.1481
vn -0.5335 -0.8157 -0.2236
vn -0.2412 -0.9628 -0.1217
vn 0.0349 -0.9986 -0.0389
vn 0.4452 -0.8938 -0.0536
vn 0.2690 -0.9606 -0.0699
vn 0.0546 -0.9970 -0.0547
vn -0.4629 -0.8705 -0.1674
vn -0.5359 -0.8277 -0.1663
vn -0.5289 -0.8396 -0.1243
vn -0.2909 -0.9503 -0.1106
vn -0.1564 -0.9875 0.0183
vn 0.0223 -0.9991 -0.0374
vn -0.1593 -0.9652 0.2075
vn -0.0761 -0.9924 0.0965
vn -0.1235 -0.9598 0.2522
vn -0.1749 -0.9523 0.2500
vn -0.1241 -0.9589 0.2551
vn -0.1618 -0.9457 0.2819
vn -0.2317 -0.9347 0.2694
vn -0.2114 -0.9667 0.1442
vn -0.1731 -0.9418 0.2883
vn -0.3691 -0.9154 0.1606
vn -0.2969 -0.9270 0.2290
vn -0.1911 -0.9317 0.3090
vn -0.2421 -0.9342 0.2622
vn -0.2885 -0.9144 0.2840
vn 0.0580 -0.9954 -0.0759
vn -0.4447 -0.8923 0.0772
vn -0.4740 -0.8805 -0.0047
vn -0.3544 -0.9348 0.0224
vn -0.3210 -0.9095 0.2640
vn 0.2776 -0.9567 -0.0877
vn -0.2183 -0.9518 0.2156
vn -0.0362 -0.9665 -0.2542
vn 0.5158 -0.5664 -0.6427
vn 0.5667 -0.0662 -0.8213
vn 0.1572 -0.9476 -0.2783
vn 0.6811 -0.0313 -0.7315
vn 0.5461 -0.5686 -0.6152
vn 0.0950 -0.9944 -0.0460
vn 0.9017 -0.1775 -0.3943
vn 0.8226 0.0689 -0.5645
vn 0.9506 0.1674 -0.2616
vn 0.7192 0.1878 -0.6689
vn 0.7128 0.2711 -0.6469
vn 0.5538 0.1267 -0.8229
vn 0.7130 0.2045 -0.6707
vn 0.6313 0.2115 -0.7461
vn 0.7057 0.3015 -0.6412
vn 0.6858 0.2819 -0.6710
vn 0.6534 0.0577 -0.7548
vn 0.6440 -0.0127 -0.7649
vn 0.6716 0.1984 -0.7139
vn 0.5999 -0.0281 -0.7996
vn 0.6100 0.1118 -0.7845
vn 0.7656 0.1691 -0.6207
vn 0.9623 0.0658 -0.2638
vn 0.6708 0.1632 -0.7235
vn 0.9173 0.0547 -0.3943
vn 0.8295 0.0211 -0.5580
vn 0.8559 0.0676 -0.5127
vn 0.6596 -0.6700 0.3407
vn 0.9238 -0.1167 0.3647
vn 0.8279 -0.0982 0.5522
vn 0.9660 0.1796 0.1861
vn 0.8705 -0.1352 0.4733
vn 0.8388 -0.2976 0.4559
vn 0.8768 -0.3367 0.3434
vn 0.9785 0.1529 0.1382
vn 0.9022 0.4313 -0.0014
vn 0.9635 0.2677 0.0085
vn 0.9608 0.2758 -0.0293
vn 0.9848 0.0058 0.1734
vn 0.9384 0.3398 -0.0624
vn 0.9400 0.3379 -0.0477
vn 0.5455 -0.8298 0.1181
vn 0.1872 -0.9822 -0.0136
vn 0.2203 -0.9741 -0.0507
vn 0.3054 -0.9521 0.0150
vn 0.2685 -0.8903 0.3678
vn 0.9407 -0.0663 0.3327
vn 0.9661 -0.0290 0.2566
vn 0.8281 0.3635 0.4267
vn 0.9167 0.3704 0.1502
vn 0.8490 0.1552 0.5051
vn 0.9422 -0.2921 0.1640
vn 0.5696 -0.8179 -0.0818
vn 0.8728 -0.4226 0.2440
vn 0.9458 -0.0266 0.3237
vn 0.5250 -0.8083 0.2665
vn 0.9502 -0.2655 0.1629
vn 0.9950 -0.0532 -0.0841
vn 0.8330 0.3141 0.4554
vn 0.9329 0.3389 0.1218
vn 0.8732 0.2532 0.4165
vn 0.9474 0.2627 0.1826
vn 0.9200 0.1444 0.3644
vn 0.9594 0.1390 0.2453
vn 0.9457 0.0244 0.3240
vn 0.9610 0.0134 0.2762
vn 0.7284 0.3110 0.6105
vn 0.7590 0.3403 0.5551
vn 0.8530 0.2453 0.4607
vn 0.9191 0.0757 0.3868
vn 0.8556 0.2506 0.4530
vn 0.7554 0.3589 0.5483
vn 0.7567 0.3562 0.5482
vn 0.8533 0.1646 0.4947
vn 0.9998 0.0212 -0.0049
vn 0.9448 0.1412 0.2956
vn 0.8056 0.3099 0.5049
vn 0.7745 0.2139 0.5953
vn 0.0997 -0.9947 0.0234
vn -0.3190 -0.9286 -0.1896
vn 0.2648 -0.9159 0.3018
vn 0.3358 -0.9406 0.0498
vn 0.9408 -0.3307 0.0741
vn 0.8426 -0.5362 0.0500
vn 0.9934 -0.0873 0.0748
vn 0.3617 -0.9304 0.0589
vn 0.9910 0.0390 -0.1279
vn 0.5966 -0.6875 0.4140
vn 0.9699 0.0170 -0.2430
vn 0.9753 0.2195 -0.0238
vn 0.9959 0.0191 -0.0885
vn 0.9539 0.2997 0.0175
vn 0.9997 -0.0109 0.0217
vn 0.9932 -0.0103 0.1159
vn 0.7183 -0.6948 0.0369
vn 0.5059 -0.8609 0.0531
vn 0.9424 0.2851 0.1748
vn 0.9880 0.0222 0.1525
vn 0.9618 -0.1867 -0.2001
vn 0.9798 -0.1974 -0.0314
vn 0.9759 0.0384 0.2150
vn 0.9047 0.1218 0.4084
vn 0.9635 -0.2609 -0.0605
vn 0.9442 -0.3273 -0.0367
vn 0.9911 -0.1215 -0.0538
vn 0.9989 0.0003 -0.0479
vn 0.9622 -0.2697 0.0384
vn 0.9770 -0.1847 -0.1062
vn 0.9333 0.0064 -0.3591
vn 0.8733 -0.0297 -0.4863
vn 0.9947 -0.0757 -0.0700
vn 0.9014 0.1684 -0.3988
vn 0.7852 0.1984 -0.5866
vn 0.7753 -0.0240 -0.6311
vn -0.0971 -0.9907 -0.0950
vn 0.0196 -0.9997 -0.0158
vn -0.0320 -0.9963 -0.0797
vn -0.4345 -0.8970 -0.0818
vn 0.3170 -0.9435 -0.0964
vn 0.1384 -0.9847 -0.1056
vn 0.8985 -0.3715 -0.2338
vn 0.8850 -0.3766 -0.2739
vn 0.0933 -0.9951 -0.0340
vn 0.5164 -0.8553 -0.0416
vn 0.9293 -0.3301 -0.1658
vn 0.9619 0.2687 0.0514
vn 0.9657 0.2234 -0.1321
vn 0.8019 0.4434 -0.4004
vn 0.9073 0.3418 -0.2450
vn 0.8413 0.4663 -0.2735
vn 0.8946 0.3487 -0.2795
vn 0.8421 0.4193 -0.3393
vn 0.7609 0.5676 -0.3144
vn 0.9693 0.1605 -0.1862
vn 0.9262 0.2361 -0.2939
vn 0.9618 0.1097 -0.2507
vn 0.9918 0.0684 -0.1077
vn 0.9706 0.0489 -0.2357
vn 0.9949 0.0641 -0.0783
vn 0.8600 0.2578 -0.4404
vn 0.7625 0.3452 -0.5472
vn 0.8209 0.2132 -0.5297
vn 0.8601 -0.0094 -0.5101
vn 0.7685 0.4104 -0.4909
vn 0.8328 0.3030 -0.4633
vn 0.9043 0.1514 -0.3992
vn 0.9238 0.0207 -0.3823
vn -0.2932 -0.9520 0.0881
vn 0.7106 -0.6488 -0.2722
vn -0.3276 -0.9240 0.1974
vn 0.5226 -0.8374 -0.1603
vn 0.9332 0.2062 -0.2942
vn 0.9397 0.3363 -0.0617
vn -0.1714 -0.9852 -0.0030
vn 0.8401 0.4514 -0.3008
vn 0.8598 0.4845 -0.1610
vn 0.7829 0.5530 -0.2851
vn 0.8441 -0.4440 -0.3006
vn 0.7864 0.5461 -0.2887
vn 0.9979 0.0404 0.0512
vn 0.9984 -0.0005 -0.0572
vn 0.9910 0.1270 -0.0414
vn 0.9992 -0.0262 0.0290
vn 0.9977 -0.0348 0.0582
vn 0.9969 0.0524 -0.0581
vn 0.9994 0.0104 0.0331
vn -0.9956 0.0822 0.0453
vn -0.9942 0.1078 -0.0035
vn -0.9257 -0.0952 0.3660
vn -0.9990 -0.0421 -0.0158
vn -0.9672 0.0023 0.2541
vn -0.9711 -0.2388 -0.0006
vn -0.9841 -0.0509 0.1701
vn -0.9701 -0.1721 0.1712
vn -0.9679 -0.1375 0.2104
vn -0.9871 0.0632 -0.1474
vn -0.9918 0.0999 -0.0793
vn -0.9862 0.0264 0.1635
vn -0.9992 0.0380 0.0142
vn -0.9831 -0.0027 0.1833
vn -0.9919 -0.1044 0.0728
vn -0.9725 -0.0766 0.2201
vn -0.9588 -0.2787 0.0555
vn -0.9587 -0.1604 0.2347
vn -0.9406 -0.2730 0.2017
vn -0.9056 -0.1602 0.3927
vn -0.9320 -0.3556 0.0698
vn -0.8798 -0.4483 0.1579
vn -0.8933 -0.2776 0.3534
vn -0.9383 -0.2488 0.2403
vn -0.8355 -0.4784 0.2704
vn -0.9590 -0.0217 0.2825
vn -0.7283 0.6432 0.2364
vn -0.9611 -0.1598 0.2253
vn -0.7982 0.5216 0.3014
vn -0.8934 0.0326 0.4480
vn -0.6849 0.4426 0.5787
vn -0.8906 0.0375 0.4532
vn -0.8726 0.0442 0.4865
vn -0.8527 0.0210 0.5220
vn -0.9991 -0.0006 -0.0415
vn -0.8364 -0.0237 0.5476
vn -0.9996 -0.0198 0.0208
vn -0.8346 -0.0741 0.5459
vn -0.9966 -0.0410 0.0713
vn -0.8416 0.0292 0.5393
vn -0.8683 -0.0245 0.4955
vn -0.7457 0.0515 0.6643
vn -0.8918 -0.0906 0.4433
vn -0.7636 0.0176 0.6454
vn -0.7924 -0.0417 0.6086
vn -0.8212 -0.1177 0.5583
vn -0.8617 -0.1766 0.4757
vn -0.9911 -0.0697 0.1133
vn -0.9394 -0.1050 0.3263
vn -0.9856 -0.1019 0.1352
vn -0.9918 0.0656 0.1097
vn -0.5844 0.8111 0.0234
vn -0.8293 -0.2702 0.4891
vn -0.8652 -0.3527 0.3565
vn -0.9899 0.0341 -0.1374
vn -0.8447 0.4621 0.2701
vn -0.6569 0.7339 0.1730
vn -0.5401 0.8386 -0.0708
vn -0.9260 -0.1096 -0.3612
vn -0.9510 -0.1731 -0.2562
vn -0.8803 -0.2147 -0.4231
vn -0.8944 -0.3223 -0.3100
vn -0.9695 -0.1230 -0.2119
vn -0.6127 0.7853 -0.0892
vn -0.8958 -0.3675 -0.2499
vn -0.9399 -0.1883 -0.2849
vn -0.6926 0.6954 -0.1915
vn -0.7313 0.6573 -0.1822
vn -0.9324 -0.1735 -0.3172
vn -0.9501 -0.1587 -0.2686
vn -0.8879 -0.3575 -0.2896
vn -0.8894 -0.3435 -0.3015
vn 0.2536 0.9663 0.0436
vn 0.2457 0.9641 0.1005
vn 0.1802 0.9676 0.1767
vn -0.6882 0.7079 -0.1590
vn -0.9918 0.0413 0.1207
vn -0.9222 -0.1228 -0.3666
vn -0.9982 0.0325 0.0497
vn -0.9895 -0.0696 0.1268
vn -0.9592 -0.0336 -0.2806
vn -0.9394 -0.3308 -0.0897
vn -0.7360 0.6292 -0.2498
vn -0.9628 -0.1542 -0.2218
vn -0.6174 0.6064 -0.5011
vn -0.9909 -0.1321 -0.0278
vn -0.9860 -0.1661 -0.0145
vn -0.9210 0.0922 -0.3784
vn -0.9717 -0.0567 -0.2292
vn -0.9554 0.0824 -0.2835
vn -0.8532 0.3416 -0.3942
vn -0.8245 -0.1778 0.5372
vn -0.8321 -0.1279 0.5397
vn -0.8494 -0.1005 0.5181
vn -0.8428 -0.0508 0.5357
vn -0.6690 -0.1247 0.7327
vn -0.5474 -0.0903 0.8320
vn -0.6043 -0.1029 0.7901
vn -0.5809 -0.0956 0.8084
vn -0.3802 -0.0994 0.9195
vn -0.3361 -0.0356 0.9412
vn -0.2797 -0.0038 0.9601
vn -0.2574 -0.0556 0.9647
vn -0.2819 0.0182 0.9593
vn -0.2773 0.0124 0.9607
vn -0.3053 -0.0870 0.9483
vn -0.3062 -0.2204 0.9261
vn -0.3273 -0.3039 0.8947
vn -0.9007 0.1117 0.4198
vn -0.5836 0.3739 0.7209
vn -0.7154 0.2938 0.6340
vn -0.7518 0.4871 0.4444
vn -0.5080 0.6177 0.6004
vn -0.7514 0.5377 0.3825
vn -0.8734 0.2705 0.4050
vn -0.5761 0.7465 0.3331
vn -0.0224 0.9900 0.1396
vn -0.4397 0.8409 0.3154
vn -0.5071 -0.1545 0.8479
vn -0.3924 -0.3662 0.8437
vn -0.3433 0.8906 0.2983
vn 0.2032 0.9790 -0.0181
vn -0.5925 0.4015 0.6984
vn -0.8399 0.3116 0.4444
vn -0.3850 0.8257 0.4124
vn -0.1337 0.9764 0.1696
vn -0.2717 0.9599 0.0684
vn -0.0835 0.9949 -0.0565
vn 0.1038 0.9800 -0.1698
vn 0.0469 0.9901 -0.1321
vn 0.3613 0.9086 -0.2096
vn 0.1084 0.9838 -0.1430
vn 0.3866 0.9061 -0.1721
vn 0.5793 0.7791 -0.2395
vn 0.3571 0.9147 -0.1893
vn 0.6193 0.7619 -0.1899
vn 0.5180 0.8315 -0.2007
vn 0.5523 0.7872 -0.2743
vn 0.6471 0.7140 -0.2673
vn 0.6075 0.7709 -0.1915
vn 0.6425 0.7411 -0.1946
vn 0.0942 0.9931 -0.0697
vn 0.0563 0.9927 -0.1068
vn 0.1615 0.9800 -0.1160
vn 0.1161 0.9916 -0.0566
vn 0.2832 0.9504 -0.1288
vn 0.1559 0.9768 -0.1465
vn 0.3382 0.9300 -0.1441
vn 0.1970 0.9769 -0.0830
vn 0.4619 0.8651 -0.1956
vn 0.5203 0.8319 -0.1930
vn 0.5153 0.8509 -0.1024
vn 0.3266 0.9400 -0.0990
vn 0.6009 0.7736 -0.2013
vn 0.5302 0.8317 -0.1648
vn 0.4324 0.8998 -0.0575
vn 0.4657 0.8828 -0.0615
vn -0.0485 0.9980 0.0400
vn 0.3755 0.8825 0.2834
vn 0.0956 0.9890 0.1126
vn 0.3426 0.9067 0.2460
vn 0.3023 0.9527 -0.0325
vn 0.3008 0.9229 0.2403
vn 0.3363 0.9354 -0.1092
vn 0.3941 0.9137 0.0990
vn 0.3511 0.9358 0.0314
vn 0.3926 0.8854 0.2487
vn 0.3857 0.9208 -0.0585
vn 0.3134 0.9496 0.0073
vn 0.3478 0.9278 0.1350
vn 0.4610 0.8427 0.2781
vn 0.2563 0.9666 0.0095
vn 0.1967 0.9804 0.0102
vn 0.1706 0.9839 0.0541
vn 0.4138 0.8809 0.2298
vn -0.4348 0.8601 -0.2667
vn -0.7101 0.5791 -0.4005
vn -0.8618 -0.1846 -0.4725
vn -0.7809 -0.2260 -0.5823
vn -0.7356 -0.1312 -0.6646
vn -0.7799 -0.2234 -0.5847
vn -0.6886 -0.0667 -0.7220
vn -0.6977 -0.0889 -0.7108
vn -0.5198 0.0151 -0.8542
vn -0.4508 0.0020 -0.8926
vn -0.4564 -0.1486 -0.8773
vn -0.5428 0.1214 -0.8310
vn -0.4946 0.0663 -0.8666
vn -0.4468 -0.1449 -0.8828
vn -0.4079 -0.2835 -0.8679
vn -0.5660 -0.1722 -0.8063
vn -0.7181 0.1981 -0.6671
vn -0.6636 0.1349 -0.7358
vn -0.5871 -0.0334 -0.8089
vn -0.7650 0.0479 -0.6422
vn -0.8152 0.3063 -0.4915
vn -0.6899 0.3821 -0.6149
vn -0.6990 0.0625 -0.7124
vn -0.4865 0.7219 -0.4922
vn -0.8061 0.4913 -0.3298
vn -0.4882 -0.1829 -0.8533
vn -0.6523 0.1499 -0.7430
vn -0.6263 0.5801 -0.5208
vn -0.4651 -0.2103 -0.8599
vn -0.3875 -0.2789 -0.8787
vn -0.6524 0.4239 -0.6282
vn -0.4945 -0.1889 -0.8484
vn -0.0784 0.9939 -0.0771
vn 0.3505 0.9244 0.1506
vn -0.1596 0.9677 -0.1954
vn 0.0644 0.9979 0.0051
vn 0.1936 0.9789 0.0646
vn -0.3497 0.8920 -0.2863
vn -0.4339 0.8711 -0.2300
vn 0.5323 0.7921 0.2987
vn -0.5318 0.3808 -0.7565
vn -0.8560 -0.0245 -0.5163
vn -0.6836 0.0522 -0.7280
vn -0.8740 -0.1324 -0.4675
vn -0.6905 -0.1050 -0.7156
vn -0.6755 -0.3954 -0.6223
vn -0.7119 -0.1797 -0.6789
vn -0.9641 -0.2205 -0.1478
vn -0.8950 -0.2769 -0.3497
vn -0.9745 0.0057 0.2243
vn -0.9778 0.0184 0.2088
vn -0.9371 -0.0250 0.3482
vn -0.9672 -0.0036 0.2542
vn -0.8930 0.0609 0.4460
vn -0.7696 0.6156 -0.1697
vn -0.9208 -0.2831 -0.2684
vn -0.9973 -0.0551 0.0495
vn -0.9366 0.3119 0.1596
vn -0.8685 0.1410 0.4752
vn -0.7708 0.5063 0.3868
vn -0.2340 0.9722 0.0066
vn 0.1069 0.9388 -0.3275
vn 0.2060 0.9266 -0.3146
vn 0.2392 0.9340 -0.2654
vn 0.1498 0.9854 -0.0805
vn -0.7020 -0.5433 -0.4606
vn -0.7467 -0.1188 -0.6544
vn -0.7384 -0.2564 -0.6237
vn -0.7079 -0.4818 -0.5164
vn -0.6123 -0.6939 -0.3790
vn -0.8158 -0.1296 -0.5636
vn -0.8026 -0.3554 -0.4791
vn -0.7417 -0.5706 -0.3525
vn -0.6337 -0.7303 -0.2551
vn -0.8276 -0.1884 -0.5288
vn -0.7855 -0.4314 -0.4438
vn -0.7014 -0.6146 -0.3609
vn -0.6052 -0.7262 -0.3263
vn -0.8557 0.0573 -0.5143
vn -0.8331 -0.2367 -0.5000
vn -0.7613 -0.4578 -0.4592
vn -0.6596 -0.5993 -0.4536
vn -0.8311 -0.3874 -0.3990
vn -0.5826 0.7529 -0.3061
vn -0.8777 -0.2373 -0.4164
vn -0.8478 -0.2280 -0.4788
vn -0.3386 0.9208 -0.1938
vn -0.5520 -0.6899 -0.4684
vn -0.8436 -0.2527 -0.4737
vn -0.8782 0.0540 -0.4752
vn -0.7663 -0.4285 -0.4787
vn -0.6665 -0.5491 -0.5043
vn -0.5586 -0.6570 -0.5062
vn -0.8045 0.0349 -0.5930
vn -0.5145 0.0638 0.8551
vn -0.4748 -0.1193 0.8720
vn -0.4791 -0.0111 0.8777
vn -0.4204 -0.2917 0.8592
vn -0.6377 0.1637 0.7527
vn -0.5658 0.0257 0.8242
vn -0.5214 -0.1061 0.8467
vn -0.6753 0.2506 0.6937
vn -0.6170 0.1419 0.7740
vn -0.5061 -0.0181 0.8623
vn -0.4601 -0.2041 0.8641
vn -0.5647 0.2553 0.7848
vn -0.5692 0.2498 0.7833
vn -0.5142 0.1175 0.8496
vn -0.4573 -0.1701 0.8729
vn -0.3538 -0.4016 0.8447
vn -0.4358 -0.2656 0.8600
vn -0.4320 0.4296 0.7929
vn -0.5421 -0.1347 0.8295
vn -0.3591 -0.3523 0.8643
vn -0.3588 -0.3637 0.8596
vn -0.3959 0.4250 0.8141
vn 0.0906 0.9862 0.1384
vn 0.1991 0.9796 -0.0259
vn -0.4762 -0.3452 0.8088
vn -0.4495 -0.3844 0.8063
vn -0.4865 -0.2031 0.8498
vn -0.4981 -0.3810 0.7789
vn -0.3057 0.4923 0.8150
vn -0.4700 -0.2907 0.8334
vn 0.4288 0.8295 -0.3579
vn 0.3247 0.8475 -0.4198
vn 0.3337 0.8414 -0.4251
vn 0.3319 0.9312 -0.1509
vn 0.4894 0.8432 -0.2222
vn -0.0114 0.9669 0.2549
vn 0.5989 0.7292 -0.3310
vn 0.4761 0.8211 -0.3147
vn 0.5932 0.7890 -0.1597
vn 0.5926 0.7565 -0.2767
vn 0.5158 0.8393 -0.1720
vn 0.3648 0.9274 -0.0827
vn 0.5548 0.7609 -0.3364
vn 0.4884 0.8326 -0.2614
vn 0.3781 0.8973 -0.2278
vn 0.3318 0.9372 -0.1074
vn 0.1638 0.9863 -0.0209
vn 0.0981 0.9947 0.0302
vn -0.1284 0.9798 0.1530
vn 0.8417 -0.0308 -0.5390
vn 0.9208 -0.1405 -0.3637
vn 0.8087 -0.0791 -0.5829
vn 0.9563 -0.0111 -0.2921
vn 0.8710 -0.0014 -0.4912
vn 0.9494 -0.0296 -0.3126
vn 0.8583 0.0028 -0.5132
vn 0.9391 -0.0644 -0.3374
vn 0.7556 0.0062 -0.6550
vn 0.7269 0.0226 -0.6864
vn 0.6639 -0.0098 -0.7477
vn 0.5751 0.0083 -0.8181
vn 0.4747 0.8712 -0.1255
vn 0.3056 0.9503 -0.0596
vn 0.0528 0.9978 0.0389
vn 0.3416 0.9398 -0.0089
vn 0.1566 0.9877 0.0016
vn -0.0387 0.9969 0.0678
vn 0.8933 -0.2637 -0.3640
vn 0.7915 -0.0776 -0.6062
vn 0.6152 0.7487 -0.2468
vn 0.1823 0.9618 -0.2044
vn -0.4396 0.7660 0.4690
vn 0.5218 0.2315 -0.8210
vn 0.9981 -0.0573 0.0216
vn 0.9718 -0.0563 0.2289
vn 0.9938 -0.1094 -0.0177
vn 0.4841 0.8151 0.3181
vn 0.4554 0.8566 0.2428
vn 0.3458 0.9122 0.2200
vn -0.0658 0.9978 0.0124
vn 0.1978 0.9712 0.1326
vn 0.2706 0.9493 0.1603
vn 0.0540 0.9978 0.0379
vn 0.1608 0.9827 0.0917
vn -0.2431 0.9695 -0.0315
vn -0.0323 0.9991 0.0262
vn -0.1096 0.9909 -0.0780
vn -0.0115 0.9992 -0.0379
vn -0.2761 0.9517 -0.1343
vn -0.1920 0.9793 -0.0648
vn -0.2069 0.9644 -0.1649
vn 0.9564 -0.2043 0.2086
vn 0.9710 -0.2215 -0.0898
vn 0.9784 0.0591 0.1979
vn 0.9829 0.1424 -0.1170
vn 0.8643 0.2301 0.4472
vn 0.8413 -0.2032 0.5009
vn 0.1752 0.9832 0.0518
vn 0.0866 0.9920 0.0915
vn -0.2552 0.9495 -0.1825
vn -0.3100 0.9045 -0.2930
vn -0.3349 0.9206 -0.2009
vn -0.1201 0.9824 -0.1432
vn 0.8672 -0.1127 0.4850
vn 0.8834 -0.0557 0.4654
vn 0.7063 -0.1220 0.6973
vn 0.7506 0.1897 0.6330
vn 0.5817 0.7330 0.3526
vn -0.2265 0.9090 -0.3499
vn -0.1946 0.9382 -0.2861
vn -0.3578 0.8737 -0.3296
vn 0.4380 0.8487 0.2965
vn 0.2798 0.9456 0.1660
vn 0.5236 0.8023 0.2867
vn 0.1054 0.9937 0.0392
vn 0.3753 0.8996 0.2232
vn -0.0076 0.9979 -0.0645
vn -0.1801 0.9576 -0.2249
vn -0.0677 0.9863 -0.1503
vn 0.2246 0.9636 0.1453
vn -0.6316 0.1491 -0.7608
vn -0.6922 0.2123 -0.6898
vn -0.7019 0.2058 -0.6818
vn -0.6674 0.0934 -0.7389
vn -0.4616 -0.0220 -0.8868
vn -0.2988 -0.1263 -0.9459
vn -0.5923 0.0961 -0.7999
vn -0.6721 0.1837 -0.7173
vn -0.7037 0.1475 -0.6950
vn -0.6038 -0.0973 -0.7912
vn -0.5234 -0.3569 -0.7737
vn 0.4979 0.8371 0.2267
vn -0.1073 0.9770 -0.1843
vn -0.5857 -0.2970 -0.7542
vn -0.5438 -0.2916 -0.7869
vn -0.4522 0.5452 -0.7059
vn 0.5352 0.8001 0.2711
vn 0.4089 0.9000 0.1511
vn 0.4618 0.8534 0.2416
vn 0.1983 0.9797 0.0291
vn 0.3408 0.9250 0.1681
vn -0.6424 -0.2812 -0.7130
vn -0.6951 -0.0429 -0.7176
vn 0.4197 0.8640 0.2781
vn 0.4228 0.8610 0.2826
vn 0.3563 0.8919 0.2784
vn 0.3141 0.9194 0.2367
vn 0.3811 0.8919 0.2436
vn 0.3357 0.8961 0.2906
vn -0.3601 -0.2858 -0.8880
vn -0.5896 0.0763 -0.8041
vn -0.5153 -0.0316 -0.8564
vn -0.6736 0.0997 -0.7324
vn -0.7198 -0.0335 -0.6934
vn -0.6787 -0.2171 -0.7016
vn -0.5840 -0.1023 -0.8053
vn -0.2877 0.7756 -0.5618
vn 0.7755 -0.1566 0.6117
vn 0.6410 -0.1974 0.7417
vn 0.6682 -0.0028 0.7440
vn 0.5734 -0.0562 0.8173
vn 0.5939 -0.0078 0.8045
vn -0.1764 0.9759 -0.1281
vn -0.3703 0.9225 -0.1091
vn -0.2306 0.9716 0.0539
vn -0.4575 0.8882 0.0415
vn 0.2592 0.9317 0.2545
vn -0.1742 0.9839 -0.0388
vn 0.2540 0.9581 -0.1320
vn -0.1325 0.9900 -0.0475
vn 0.2692 0.9558 0.1182
vn 0.2351 0.9586 0.1610
vn 0.0779 0.9969 0.0057
vn -0.0618 0.9978 0.0246
vn -0.2700 0.9626 0.0214
vn 0.0339 0.9784 0.2038
vn 0.1634 0.9667 0.1968
vn -0.4330 0.9014 -0.0023
vn -0.5372 0.8421 -0.0477
vn -0.3286 0.9431 -0.0503
vn -0.5752 0.8131 -0.0897
vn -0.8902 0.0351 -0.4541
vn -0.8580 -0.2329 -0.4578
vn -0.7872 -0.3744 -0.4900
vn -0.8990 0.0067 -0.4380
vn -0.8652 0.1897 -0.4641
vn -0.8739 -0.1938 -0.4459
vn -0.8191 -0.3308 -0.4687
vn -0.8972 0.1382 -0.4195
vn -0.9116 -0.0093 -0.4110
vn -0.8938 -0.1654 -0.4169
vn -0.9312 -0.0128 -0.3642
vn -0.9244 0.1063 -0.3662
vn -0.9155 -0.1498 -0.3733
vn -0.8785 -0.2988 -0.3727
vn -0.0364 0.9990 0.0256
vn -0.7682 0.1843 -0.6131
vn -0.6964 -0.5073 -0.5077
vn -0.5924 -0.6474 -0.4796
vn -0.8079 0.1573 -0.5679
vn -0.7408 -0.4854 -0.4644
vn -0.6315 -0.6468 -0.4276
vn -0.8570 0.1398 -0.4960
vn -0.8529 -0.3086 -0.4210
vn -0.7822 -0.4646 -0.4152
vn -0.6685 -0.6247 -0.4035
vn -0.0512 0.9969 0.0593
vn -0.1594 0.9860 0.0492
vn -0.1246 0.9754 0.1821
vn -0.8211 -0.4454 -0.3570
vn -0.7349 -0.5710 -0.3658
vn -0.8467 0.1558 -0.5087
vn -0.2535 0.9662 -0.0465
vn -0.1841 0.9707 -0.1542
vn -0.2230 0.9722 -0.0709
vn -0.4174 0.9087 -0.0097
vn -0.0791 0.9959 -0.0443
vn -0.1173 0.9889 0.0913
vn 0.1600 0.9861 -0.0453
vn -0.2892 0.1763 0.9409
vn -0.3440 0.2662 0.9004
vn -0.4557 0.1128 0.8830
vn -0.5478 -0.2283 0.8049
vn -0.1303 0.0400 0.9907
vn -0.2900 0.1370 0.9472
vn -0.4719 -0.0277 0.8812
vn -0.4887 -0.1723 0.8553
vn -0.1365 -0.0393 0.9899
vn -0.2337 -0.0725 0.9696
vn -0.3522 -0.0924 0.9314
vn -0.2529 0.0261 0.9671
vn -0.9686 0.0811 -0.2349
vn -0.9501 0.1612 -0.2671
vn -0.8964 0.2224 -0.3833
vn -0.9695 -0.0003 -0.2451
vn -0.9515 -0.1177 -0.2843
vn -0.9061 -0.2751 -0.3215
vn -0.1758 0.0839 0.9808
vn -0.3482 0.1376 0.9273
vn -0.3557 0.0029 0.9346
vn -0.2894 -0.1064 0.9513
vn -0.9939 0.0635 -0.0899
vn -0.9891 0.0923 -0.1150
vn -0.9937 0.0325 -0.1075
vn -0.9852 -0.0588 -0.1608
vn -0.9500 -0.2083 -0.2328
vn -0.2083 0.1222 0.9704
vn -0.8744 0.1066 0.4734
vn -0.8985 0.0595 0.4349
vn -0.8855 0.0047 0.4645
vn -0.8683 -0.0550 0.4929
vn -0.2198 -0.0866 0.9717
vn -0.4576 -0.2954 0.8387
vn -0.2817 -0.1103 0.9531
vn -0.2484 0.5633 0.7880
vn -0.1926 0.5219 0.8310
vn 0.0751 0.9970 -0.0169
vn -0.3165 -0.0249 0.9483
vn -0.0427 0.1609 0.9860
vn 0.0248 0.9844 0.1744
vn 0.2937 0.9476 0.1256
vn 0.2154 0.8203 -0.5298
vn 0.2738 0.7447 -0.6086
vn 0.3221 0.8282 -0.4587
vn -0.0590 0.2108 0.9757
vn -0.0647 0.2018 0.9773
vn 0.1378 0.9773 0.1610
vn 0.2943 0.7438 -0.6002
vn 0.2518 0.8530 -0.4571
vn -0.8392 -0.4434 -0.3150
vn -0.7951 -0.5284 -0.2977
vn -0.8148 0.3266 -0.4789
vn 0.2325 0.8663 -0.4421
vn 0.0893 0.9942 -0.0597
vn -0.8636 -0.3969 -0.3108
vn -0.7728 -0.5564 -0.3053
vn -0.8070 0.3049 -0.5058
vn -0.2440 0.2197 0.9446
vn -0.3097 -0.0366 0.9501
vn 0.2925 0.8203 -0.4915
vn -0.8965 -0.0671 0.4379
vn -0.9401 -0.1696 0.2957
vn 0.1426 0.9845 -0.1021
vn -0.0873 0.9682 0.2343
vn -0.1048 0.9465 0.3051
vn 0.4850 0.0103 -0.8745
vn 0.6371 0.0090 -0.7707
vn 0.4354 -0.0132 -0.9001
vn 0.5918 0.0050 -0.8061
vn 0.4127 -0.0983 -0.9055
vn 0.4975 -0.0670 -0.8649
vn 0.3426 -0.0297 -0.9390
vn 0.2870 0.0078 -0.9579
vn 0.2243 -0.0149 -0.9744
vn 0.1938 -0.0073 -0.9810
vn 0.2138 -0.0384 -0.9761
vn 0.0443 -0.0089 -0.9990
vn -0.0112 0.0004 -0.9999
vn -0.0040 0.0716 -0.9974
vn -0.1544 -0.0398 -0.9872
vn -0.1582 0.0462 -0.9863
vn -0.1178 0.1205 -0.9857
vn -0.0348 0.9874 0.1547
vn -0.3099 0.8706 0.3820
vn -0.2448 0.9311 0.2702
vn 0.1627 0.3233 -0.9322
vn 0.4061 0.0424 -0.9128
vn 0.0675 0.9880 -0.1388
vn 0.3015 0.3283 -0.8951
vn -0.3152 0.8289 0.4622
vn 0.1159 0.1796 -0.9769
vn -0.0434 0.9918 -0.1205
vn 0.1763 0.9737 -0.1440
vn -0.3025 0.7968 0.5231
vn -0.0725 0.0726 -0.9947
vn 0.0482 0.0559 -0.9973
vn -0.2037 0.9790 -0.0080
vn -0.1767 0.9530 -0.2461
vn 0.7454 0.0063 0.6666
vn 0.5463 0.0051 0.8376
vn 0.7359 -0.0026 0.6771
vn 0.5381 0.0043 0.8429
vn 0.7285 -0.0081 0.6850
vn 0.5279 0.0119 0.8492
vn 0.7218 -0.0356 0.6912
vn 0.5207 0.0113 0.8537
vn 0.3472 0.0209 0.9375
vn 0.3408 0.0261 0.9398
vn 0.3453 0.0133 0.9384
vn 0.1920 0.0281 0.9810
vn 0.2026 0.0438 0.9783
vn 0.3285 0.0572 0.9428
vn 0.2099 0.0380 0.9770
vn 0.5457 -0.0346 0.8373
vn 0.4712 0.3689 0.8012
vn 0.1035 0.9854 0.1353
vn 0.3151 0.1030 0.9435
vn 0.2267 0.3936 0.8909
vn 0.1947 0.0699 0.9784
vn 0.1339 0.1142 0.9844
vn 0.0282 0.9872 0.1569
vn 0.0399 0.4235 0.9050
vn 0.0807 0.0417 0.9959
vn 0.0841 0.0624 0.9945
vn 0.0900 0.0591 0.9942
vn 0.0793 0.0622 0.9949
vn -0.0826 0.9704 -0.2271
vn 0.1212 0.9911 0.0555
vn -0.0956 0.9471 -0.3063
vn 0.0297 0.0667 0.9973
vn 0.2753 0.9231 0.2686
vn 0.2321 0.9575 0.1714
vn 0.1602 0.9812 0.1074
vn 0.2772 0.9113 0.3046
vn 0.2150 0.9238 0.3170
vn 0.2195 0.9167 0.3340
vn 0.1226 0.8950 0.4288
vn 0.2203 0.9442 0.2448
vn 0.1257 0.9263 0.3552
vn 0.0318 0.9936 -0.1084
vn 0.0002 0.9842 -0.1769
vn 0.1157 0.9920 0.0505
vn 0.0695 0.9975 -0.0105
vn 0.1628 0.9655 0.2033
vn 0.0935 0.9806 0.1722
vn -0.3018 -0.0021 -0.9534
vn -0.3967 0.0081 -0.9179
vn -0.4907 -0.0429 -0.8702
vn -0.0014 -0.0234 -0.9997
vn 0.0351 -0.0068 -0.9994
vn -0.0139 0.0278 -0.9995
vn 0.0267 -0.0139 -0.9995
vn -0.5110 -0.1188 -0.8514
vn -0.4404 0.1400 -0.8868
vn -0.1052 0.8999 -0.4232
vn -0.0816 -0.0841 -0.9931
vn -0.1675 0.2492 -0.9539
vn -0.0167 0.9624 -0.2711
vn 0.2050 -0.0398 -0.9780
vn 0.1003 -0.2030 -0.9740
vn -0.0169 0.1822 -0.9831
vn 0.0074 0.9821 -0.1880
vn 0.7833 -0.3045 0.5419
vn 0.8460 -0.2042 0.4925
vn 0.6712 -0.4046 0.6212
vn 0.5825 -0.4469 0.6790
vn 0.7145 -0.3321 0.6158
vn 0.5791 -0.3010 0.7577
vn 0.6858 0.0245 0.7273
vn 0.7299 -0.2307 0.6434
vn 0.6039 -0.5117 0.6111
vn 0.5781 -0.4943 0.6492
vn 0.7181 -0.2301 0.6568
vn 0.7868 0.5924 0.1730
vn 0.5854 0.8106 -0.0166
vn 0.6189 0.5001 0.6057
vn 0.8139 0.1752 0.5540
vn 0.7283 0.5490 0.4102
vn 0.7980 0.3909 0.4587
vn 0.8877 0.2738 0.3700
vn 0.5866 0.7974 0.1418
vn 0.7583 0.4571 0.4647
vn 0.7075 -0.2503 0.6609
vn 0.5876 -0.5776 0.5667
vn 0.6849 -0.4254 0.5915
vn 0.8657 0.0323 0.4996
vn 0.6919 -0.2425 0.6801
vn 0.6023 -0.5786 0.5500
vn 0.7851 -0.2361 0.5726
vn 0.8509 0.2914 0.4371
vn 0.0364 0.9983 0.0448
vn 0.1939 0.9780 0.0767
vn 0.2812 0.9573 -0.0673
vn 0.4674 0.8599 -0.2052
vn 0.3978 0.9087 0.1267
vn 0.0203 0.9966 0.0803
vn 0.3270 0.9232 0.2019
vn 0.2232 0.9740 0.0395
vn 0.5057 0.8426 -0.1852
vn -0.0761 0.9955 0.0561
vn 0.2079 0.9046 0.3722
vn 0.2350 0.9698 0.0654
vn -0.0374 0.9988 0.0330
vn -0.2791 0.9596 -0.0342
vn -0.2479 0.9632 -0.1036
vn 0.8901 0.2948 0.3476
vn -0.1789 0.9638 -0.1975
vn 0.0509 0.9848 -0.1661
vn 0.3711 0.9239 -0.0935
vn 0.1948 0.9705 -0.1420
vn 0.2744 0.9544 -0.1177
vn 0.4617 0.8695 -0.1755
vn 0.1966 0.9479 -0.2508
vn 0.3042 0.9034 -0.3020
vn 0.1386 0.9232 -0.3585
vn 0.3976 0.9074 -0.1363
vn 0.2742 0.9215 -0.2750
vn 0.1503 0.9712 -0.1850
vn 0.2330 0.9620 -0.1427
vn -0.1380 0.9838 -0.1144
vn 0.3550 0.9135 -0.1986
vn -0.4590 0.1831 0.8694
vn 0.3922 0.9147 0.0973
vn -0.1973 0.3193 0.9269
vn 0.4699 0.8298 -0.3010
vn 0.1104 0.9037 -0.4136
vn 0.2466 0.8756 -0.4154
vn 0.4394 0.8539 -0.2791
vn 0.0147 0.9976 -0.0679
vn 0.5768 0.8152 -0.0518
vn 0.5438 0.8338 -0.0948
vn 0.6355 0.7669 -0.0896
vn 0.5111 0.8521 -0.1127
vn 0.4469 0.8806 -0.1575
vn 0.1445 0.9852 -0.0923
vn -0.0336 0.9648 0.2610
vn 0.0237 0.9892 0.1450
vn 0.3891 0.9122 -0.1288
vn 0.1613 0.9812 -0.1055
vn 0.2153 0.9751 -0.0534
vn -0.0591 0.9980 -0.0227
vn -0.0971 0.9372 0.3350
vn 0.0378 0.9984 -0.0424
vn -0.1152 0.9390 0.3242
vn -0.2359 0.7883 0.5683
vn -0.1394 0.8105 0.5689
vn -0.1883 0.7945 0.5773
vn 0.0176 0.9312 0.3640
vn -0.2346 -0.0513 -0.9707
vn 0.2017 0.9018 0.3822
vn -0.4870 0.6893 -0.5364
vn -0.2224 0.8688 -0.4425
vn -0.5240 0.7800 -0.3422
vn -0.6972 -0.1078 -0.7087
vn -0.5928 -0.0736 -0.8020
vn -0.7842 -0.1289 -0.6069
vn -0.7547 -0.1033 -0.6479
vn -0.6530 -0.0701 -0.7541
vn -0.6715 0.6011 -0.4334
vn -0.1555 0.0358 0.9872
vn -0.3511 0.0247 0.9360
vn -0.1777 0.0535 0.9826
vn -0.3750 0.0311 0.9265
vn -0.2087 0.0636 0.9759
vn -0.4075 0.0398 0.9124
vn -0.2306 0.0643 0.9709
vn -0.4370 0.0632 0.8973
vn -0.5607 0.0143 0.8279
vn -0.5708 0.0124 0.8210
vn -0.5862 0.0079 0.8101
vn -0.6078 0.0132 0.7940
vn -0.7697 0.0024 0.6384
vn -0.7749 -0.0073 0.6320
vn -0.7839 -0.0090 0.6208
vn -0.8045 -0.0131 0.5938
vn -0.2357 0.0498 0.9705
vn -0.4614 0.0632 0.8849
vn -0.6405 0.0340 0.7672
vn -0.6981 0.0180 0.7158
vn -0.7232 0.1849 0.6655
vn -0.4956 0.1934 0.8467
vn -0.1321 0.9718 0.1951
vn -0.0500 0.9824 0.1798
vn -0.8401 -0.0719 0.5376
vn -0.8421 0.2171 0.4937
vn -0.0159 0.0436 0.9989
vn -0.0284 0.0656 0.9974
vn -0.0412 0.0723 0.9965
vn -0.0572 0.0586 0.9966
vn -0.0853 0.0424 0.9955
vn -0.0441 0.4021 0.9145
vn -0.1213 0.9159 -0.3827
vn -0.0763 0.9052 -0.4181
vn -0.0157 0.9706 -0.2404
vn -0.0053 0.9582 -0.2862
vn -0.2859 0.2518 0.9246
vn -0.1528 0.3347 0.9298
vn -0.0154 0.9887 0.1493
vn -0.0188 0.9932 0.1146
vn -0.0292 0.8961 -0.4429
vn 0.0979 0.8643 -0.4934
vn 0.0165 0.8805 -0.4737
vn 0.0308 0.9472 -0.3193
vn 0.1835 0.8490 -0.4955
vn 0.1117 0.9238 -0.3661
vn 0.0645 0.8783 0.4737
vn 0.0419 0.9972 -0.0625
vn 0.0828 0.9225 0.3770
vn 0.0844 0.9286 0.3613
vn 0.0406 0.9936 -0.1056
vn 0.0485 0.9892 -0.1385
vn 0.0562 0.9934 0.1004
vn 0.0541 0.9464 0.3185
vn 0.0285 0.9637 0.2655
vn 0.0497 0.8664 0.4970
vn 0.0126 0.8877 0.4603
vn -0.0331 0.9646 0.2614
vn 0.0555 0.9936 0.0986
vn 0.2174 0.0413 -0.9752
vn 0.1719 0.1378 -0.9754
vn 0.2348 0.0057 -0.9720
vn 0.1485 0.0513 -0.9876
vn 0.1757 0.1407 -0.9743
vn 0.1374 -0.0228 -0.9903
vn 0.0913 -0.1400 -0.9859
vn -0.0620 0.0133 -0.9980
vn -0.0445 0.0717 -0.9964
vn -0.0671 -0.0673 -0.9955
vn -0.0599 -0.2045 -0.9770
vn -0.2537 -0.0264 -0.9669
vn -0.2429 0.0250 -0.9697
vn -0.2533 -0.0904 -0.9631
vn -0.2270 -0.2071 -0.9516
vn 0.0073 -0.3580 -0.9337
vn -0.0340 0.0765 -0.9965
vn 0.0212 0.9794 -0.2007
vn -0.0302 0.0952 -0.9950
vn 0.0261 0.9879 -0.1531
vn -0.0416 -0.4112 -0.9106
vn -0.1378 -0.3522 -0.9257
vn -0.0359 0.2333 -0.9717
vn 0.0298 0.9975 -0.0637
vn 0.6884 -0.2447 0.6828
vn 0.6268 -0.5245 0.5762
vn 0.7922 -0.0178 0.6100
vn 0.7642 0.4245 0.4855
vn 0.7793 -0.2452 0.5766
vn 0.6542 -0.2858 0.7002
vn 0.8180 -0.3021 0.4894
vn 0.6594 -0.3953 0.6395
vn 0.8404 0.1456 0.5220
vn 0.7754 0.1104 0.6218
vn 0.6985 0.4776 0.5329
vn 0.7292 0.4541 0.5119
vn 0.9371 -0.0426 0.3464
vn 0.9193 -0.3024 0.2520
vn 0.9184 -0.0149 0.3954
vn 0.8772 0.2515 0.4089
vn 0.8483 0.1274 0.5140
vn 0.4799 0.8089 0.3397
vn 0.8274 0.3081 0.4695
vn 0.7737 0.3133 0.5506
vn 0.8263 0.0986 0.5545
vn 0.5097 0.8069 0.2985
vn 0.3409 0.9071 0.2469
vn -0.2698 0.9168 -0.2944
vn 0.7499 0.2861 0.5965
vn 0.7867 0.1676 0.5942
vn 0.7214 0.3254 0.6113
vn 0.1620 0.9783 0.1293
vn 0.9319 0.0628 0.3573
vn 0.8952 -0.3030 0.3267
vn 0.8637 -0.2799 0.4191
vn 0.7533 -0.4198 0.5062
vn 0.8103 -0.3017 0.5025
vn 0.7833 0.0447 0.6200
vn 0.8206 -0.0503 0.5693
vn -0.2184 0.9433 -0.2499
vn -0.0589 0.9750 -0.2142
vn -0.3424 0.9393 -0.0228
vn -0.0004 0.9394 -0.3428
vn -0.4709 0.8719 0.1343
vn -0.5612 0.8265 0.0452
vn 0.1121 0.9816 0.1545
vn -0.4862 0.8655 -0.1207
vn 0.7168 0.3020 0.6285
vn 0.7836 0.3850 0.4876
vn 0.7135 0.4633 0.5257
vn 0.7550 0.5284 0.3882
vn 0.2732 0.9475 0.1660
vn -0.2696 0.9590 -0.0875
vn -0.1723 0.9826 0.0699
vn -0.5586 0.8294 -0.0102
vn -0.4382 0.8936 -0.0973
vn -0.4170 0.8962 0.1515
vn -0.6704 0.7418 0.0171
vn -0.6335 0.7693 -0.0823
vn -0.7158 0.6979 0.0225
vn -0.8024 0.5953 -0.0417
vn -0.7446 0.6657 -0.0495
vn -0.6593 0.7518 0.0005
vn -0.8011 0.5898 -0.1015
vn -0.3063 0.9419 0.1381
vn 0.0151 0.9999 0.0034
vn -0.4760 0.8776 -0.0579
vn 0.4125 0.9106 -0.0279
vn -0.3178 0.9481 -0.0098
vn -0.1846 0.9668 0.1764
vn -0.1863 0.9738 0.1301
vn -0.5784 0.8152 -0.0311
vn -0.8322 -0.1033 -0.5447
vn -0.8280 -0.0841 -0.5544
vn -0.7177 -0.0624 -0.6935
vn 0.2596 0.8982 0.3548
vn 0.2935 0.8267 0.4801
vn 0.2141 0.9128 0.3478
vn 0.1791 0.9128 0.3671
vn 0.2151 0.8669 0.4496
vn 0.1380 0.8720 0.4696
vn -0.2004 0.9576 0.2072
vn 0.0903 0.9174 0.3875
vn 0.1061 0.9054 0.4111
vn 0.1471 0.8949 0.4214
vn -0.3015 0.9358 0.1830
vn 0.0352 0.9699 0.2409
vn 0.1901 0.9432 0.2724
vn -0.2195 0.9754 -0.0195
vn -0.3714 0.9172 0.1442
vn -0.3624 0.9302 0.0574
vn 0.0811 0.9126 0.4007
vn 0.0956 0.9944 0.0457
vn -0.5790 0.8143 -0.0412
vn -0.2298 0.9538 0.1935
vn -0.5051 0.8564 -0.1070
vn -0.2287 0.9703 0.0791
vn -0.6071 0.7947 -0.0017
vn -0.1830 0.9384 -0.2931
vn 0.2995 0.9516 -0.0685
vn -0.9076 -0.0737 -0.4133
vn -0.9617 -0.0520 -0.2692
vn -0.9046 -0.0568 -0.4225
vn -0.9598 -0.0377 -0.2781
vn -0.9621 -0.0533 -0.2673
vn -0.9912 -0.0315 -0.1282
vn -0.9915 -0.0417 -0.1235
vn -0.9927 -0.0263 -0.1175
vn -0.9910 -0.0297 -0.1302
vn -0.9996 -0.0291 -0.0005
vn -0.9996 -0.0292 0.0002
vn -0.9998 -0.0207 0.0036
vn -0.9925 -0.0237 0.1202
vn -0.9926 -0.0202 0.1198
vn -0.9916 -0.0235 0.1272
vn -0.9875 -0.0582 0.1467
vn -0.8262 -0.1334 -0.5474
vn -0.8057 0.2995 -0.5110
vn -0.9017 -0.0756 -0.4258
vn -0.8849 -0.0913 -0.4568
vn -0.8736 0.1865 -0.4495
vn -0.2930 0.9384 -0.1831
vn -0.9605 -0.0580 -0.2723
vn -0.9514 0.1646 -0.2605
vn -0.9946 -0.0751 -0.0711
vn -0.9743 0.2127 -0.0734
vn -0.2722 0.9535 -0.1297
vn 0.3985 0.9161 0.0437
vn -0.0591 0.9978 -0.0292
vn -0.1887 0.9817 -0.0270
vn 0.5026 0.8642 -0.0237
vn 0.4914 0.8702 0.0349
vn 0.3111 0.9483 -0.0623
vn 0.3050 0.9519 -0.0284
vn 0.0142 0.9849 -0.1724
vn 0.2947 0.9543 -0.0487
vn -0.9002 -0.0067 0.4354
vn -0.9010 -0.0129 0.4335
vn -0.9017 -0.0236 0.4318
vn -0.9071 -0.0515 0.4178
vn -0.9655 -0.0159 0.2599
vn -0.9658 -0.0152 0.2590
vn -0.9641 -0.0279 0.2640
vn -0.9081 -0.1256 0.3994
vn -0.8789 0.2766 0.3885
vn -0.1435 0.9893 -0.0281
vn -0.0798 0.9962 -0.0343
vn -0.2062 0.9753 0.0795
vn -0.9599 -0.0653 0.2725
vn -0.9500 -0.1364 0.2810
vn -0.0060 0.9987 -0.0502
vn -0.8984 0.3343 0.2848
vn -0.9768 -0.1311 0.1695
vn -0.9239 0.3534 0.1464
vn 0.0402 0.9978 -0.0532
vn 0.3890 0.8009 -0.4552
vn 0.4429 0.8046 -0.3956
vn 0.4683 0.8222 -0.3237
vn 0.4817 0.8403 -0.2488
vn 0.4491 0.8839 -0.1308
vn 0.2804 0.9401 -0.1941
vn 0.2369 0.9672 -0.0918
vn 0.0784 0.9928 -0.0907
vn 0.2349 0.9625 -0.1355
vn 0.1632 0.9187 -0.3596
vn 0.2558 0.8302 -0.4954
vn 0.3321 0.8105 -0.4825
vn 0.2239 0.9088 -0.3519
vn 0.2572 0.9009 -0.3497
vn 0.2774 0.8999 -0.3364
vn -0.0167 0.9997 0.0176
vn 0.0605 0.9841 -0.1673
vn -0.0515 0.9985 0.0209
vn 0.0782 0.9830 -0.1662
vn 0.0913 0.9851 -0.1454
vn 0.2920 0.9073 -0.3025
vn 0.2936 0.9221 -0.2519
vn 0.0705 0.9906 -0.1172
vn -0.1377 0.9877 0.0741
vn 0.0689 0.9894 -0.1278
vn -0.1335 0.9865 0.0946
vn 0.6732 0.0833 -0.7348
vn 0.7361 0.1743 -0.6540
vn 0.7441 0.1489 -0.6512
vn 0.7135 0.1755 -0.6784
vn 0.6037 0.0024 -0.7972
vn 0.7367 0.0778 -0.6718
vn 0.5539 -0.1756 -0.8139
vn 0.6961 -0.0906 -0.7122
vn -0.1247 0.9152 0.3831
vn -0.1163 0.9134 0.3900
vn -0.1138 0.9448 0.3073
vn -0.2491 0.9553 0.1592
vn -0.1793 0.9677 0.1771
vn 0.2419 0.8895 -0.3878
vn 0.5230 -0.3445 -0.7796
vn 0.5700 -0.2367 -0.7868
vn 0.4185 0.5041 -0.7555
vn 0.4280 0.6348 -0.6433
vn -0.2778 -0.0436 -0.9597
vn -0.2486 -0.0064 -0.9686
vn -0.2788 -0.0844 -0.9566
vn -0.2419 -0.1588 -0.9572
vn 0.1997 0.0172 -0.9797
vn 0.1823 0.0106 -0.9832
vn 0.1822 -0.0128 -0.9832
vn 0.1914 -0.0636 -0.9794
vn 0.2456 -0.0239 -0.9691
vn 0.5817 0.0856 -0.8089
vn 0.6232 0.1023 -0.7754
vn 0.6556 0.0760 -0.7513
vn 0.6387 -0.0236 -0.7691
vn -0.1266 -0.1839 -0.9748
vn 0.0095 0.5193 -0.8545
vn 0.2162 0.0066 -0.9763
vn 0.1193 0.7327 -0.6700
vn 0.5123 -0.0120 -0.8587
vn 0.7233 -0.4378 0.5340
vn 0.7660 -0.3247 0.5548
vn 0.8152 -0.0283 0.5785
vn 0.6959 -0.4312 0.5743
vn 0.7769 -0.0448 0.6280
vn 0.8215 -0.0506 0.5680
vn 0.7305 -0.3462 0.5886
vn 0.6931 -0.3542 0.6278
vn 0.8255 0.0887 0.5574
vn 0.7444 -0.3536 0.5664
vn 0.7531 0.4835 0.4461
vn 0.7423 0.5906 0.3163
vn 0.7395 0.5853 0.3325
vn 0.4280 0.8885 0.1656
vn 0.5233 0.8424 0.1285
vn 0.7282 0.6459 0.2292
vn 0.8627 0.3292 0.3840
vn 0.7217 0.6915 -0.0312
vn 0.6960 0.6648 -0.2715
vn 0.7907 0.5803 -0.1950
vn 0.6286 0.1160 0.7690
vn 0.7051 0.0357 0.7082
vn 0.6670 -0.2652 0.6963
vn 0.8389 -0.0789 0.5385
vn 0.6885 0.7108 0.1440
vn 0.8349 0.0086 0.5503
vn 0.7990 -0.1454 0.5835
vn 0.8722 0.2832 0.3988
vn 0.5111 0.8585 0.0423
vn 0.9785 -0.2061 0.0128
vn 0.9587 -0.2199 0.1801
vn 0.8955 0.3674 0.2512
vn 0.9475 -0.2748 -0.1636
vn 0.9010 -0.4275 -0.0732
vn 0.5345 0.8208 -0.2016
vn 0.4076 0.8826 0.2343
vn 0.5360 0.8273 -0.1681
vn 0.7678 0.6176 -0.1706
vn 0.7049 0.6768 -0.2124
vn 0.4801 0.8744 0.0697
vn 0.7040 0.6202 0.3461
vn 0.3341 0.9079 0.2530
vn 0.4729 0.7938 0.3824
vn 0.1385 0.9172 0.3736
vn 0.7340 0.4428 0.5150
vn 0.4319 0.7557 0.4924
vn 0.4478 0.7026 0.5530
vn 0.9703 -0.2322 -0.0683
vn 0.8376 -0.5395 -0.0864
vn 0.9810 0.0759 0.1787
vn 0.9537 -0.2918 0.0729
vn 0.5441 0.7626 0.3499
vn 0.8039 0.4550 0.3832
vn -0.7468 0.6424 -0.1724
vn -0.2601 0.9640 0.0556
vn -0.6823 0.7066 -0.1876
vn 0.2482 0.8819 0.4008
vn 0.1196 0.9086 0.4003
vn 0.1785 0.9173 0.3559
vn 0.1382 0.9428 0.3033
vn 0.5457 0.6778 0.4928
vn 0.5590 0.5705 0.6017
vn 0.7414 0.3367 0.5805
vn 0.6627 0.2988 0.6867
vn -0.5757 0.8167 -0.0383
vn -0.5913 0.8064 -0.0110
vn -0.3460 0.9072 -0.2394
vn -0.4460 0.8937 -0.0479
vn -0.3024 0.9504 -0.0731
vn -0.0968 0.9654 -0.2421
vn -0.2745 0.9021 -0.3330
vn -0.2173 0.9146 -0.3411
vn 0.1096 0.9936 0.0268
vn -0.2091 0.9571 -0.2004
vn -0.1568 0.9874 0.0206
vn -0.2307 0.9724 0.0346
vn 0.1770 0.9607 0.2138
vn -0.2346 0.9195 -0.3153
vn -0.0435 0.9859 -0.1616
vn -0.0148 0.9999 0.0060
vn 0.2690 0.9618 0.0498
vn 0.1653 0.9860 0.0202
vn 0.3064 0.9466 0.1003
vn 0.0946 0.9953 -0.0221
vn 0.2350 0.9576 0.1670
vn 0.1238 0.9843 0.1256
vn 0.0401 0.9912 -0.1259
vn 0.0025 0.9946 -0.1041
vn -0.1128 0.9908 -0.0749
vn -0.1889 0.9734 -0.1300
vn -0.2920 0.9537 -0.0722
vn -0.1360 0.9651 -0.2239
vn -0.3199 0.9367 -0.1426
vn -0.4325 0.9010 -0.0337
vn -0.3813 0.9238 -0.0345
vn -0.1162 0.9451 -0.3053
vn -0.1578 0.9293 -0.3338
vn -0.1574 0.9393 -0.3049
vn 0.0398 0.9955 -0.0859
vn 0.0672 0.9920 -0.1073
vn -0.1330 0.9892 0.0617
vn -0.1782 0.9828 0.0484
vn -0.3110 0.9488 0.0559
vn -0.2323 0.9712 0.0529
vn -0.0186 0.9983 -0.0550
vn -0.3714 0.9170 0.1456
vn -0.3339 0.9300 0.1537
vn -0.3920 0.9186 0.0503
vn -0.4369 0.8951 0.0884
vn -0.4092 0.9046 0.1190
vn -0.3067 0.9418 0.1376
vn -0.3676 0.9091 0.1958
vn -0.2144 0.9756 0.0463
vn -0.1133 0.9898 0.0869
vn -0.2427 0.9422 0.2308
vn -0.2323 0.9433 0.2372
vn -0.3099 0.9224 0.2305
vn -0.2101 0.9491 0.2347
vn -0.2584 0.9337 0.2477
vn -0.2377 0.9569 0.1670
vn -0.3530 0.9073 0.2287
vn 0.7447 0.5699 -0.3473
vn 0.4384 0.8308 -0.3429
vn 0.5989 -0.0031 -0.8008
vn 0.4564 -0.0586 -0.8878
vn 0.4041 -0.0593 -0.9128
vn 0.4061 -0.1971 -0.8923
vn 0.5671 -0.1752 -0.8048
vn 0.6041 -0.2408 -0.7596
vn 0.5564 -0.2589 -0.7895
vn 0.5357 -0.1589 -0.8294
vn 0.4730 -0.1751 -0.8635
vn 0.5452 -0.1142 -0.8305
vn 0.3823 -0.1141 -0.9169
vn 0.9060 -0.0632 -0.4185
vn 0.8628 -0.0238 -0.5050
vn 0.6259 -0.2155 -0.7495
vn 0.7407 -0.1620 -0.6520
vn 0.9520 0.1332 -0.2757
vn 0.9771 0.1783 -0.1158
vn 0.9926 -0.0627 -0.1043
vn 0.4893 -0.2562 -0.8336
vn 0.2579 0.7485 -0.6109
vn -0.2157 0.9595 0.1814
vn 0.5938 0.0706 -0.8015
vn 0.3609 -0.1608 -0.9186
vn 0.2997 0.8755 -0.3790
vn 0.4793 -0.0705 -0.8748
vn 0.8521 0.0118 -0.5233
vn 0.9195 -0.2564 -0.2981
vn 0.9867 -0.1623 -0.0016
vn 0.8655 -0.4908 -0.0999
vn 0.8609 -0.4976 -0.1056
vn 0.9839 -0.0628 0.1673
vn 0.9390 -0.3440 0.0047
vn 0.8581 -0.4922 -0.1464
vn 0.8969 -0.4194 0.1404
vn 0.9506 -0.2340 0.2039
vn 0.9212 -0.3785 -0.0900
vn 0.8566 -0.5045 0.1080
vn 0.7688 0.3415 0.5407
vn 0.6819 0.3682 0.6320
vn 0.4392 0.6921 0.5729
vn 0.9733 0.0227 0.2283
vn 0.9481 -0.2432 0.2048
vn 0.8242 0.4023 0.3986
vn 0.8953 0.3357 0.2927
vn 0.4650 0.7855 0.4084
vn 0.9428 -0.1089 0.3150
vn 0.9533 -0.0923 0.2875
vn 0.9028 -0.2737 0.3316
vn 0.9233 -0.2307 0.3072
vn 0.8302 -0.4453 0.3353
vn 0.8486 -0.4086 0.3360
vn 0.9224 -0.1254 0.3653
vn 0.8607 -0.3290 0.3885
vn 0.8658 -0.1552 0.4758
vn 0.7999 -0.1445 0.5825
vn 0.8806 -0.2207 0.4193
vn 0.7932 -0.3713 0.4826
vn 0.8534 -0.3279 0.4051
vn 0.9949 -0.0358 0.0944
vn 0.1791 0.9817 0.0649
vn 0.3179 0.9470 0.0456
vn 0.1235 0.9920 -0.0254
vn 0.0270 0.9963 0.0819
vn 0.0437 0.9930 -0.1101
vn -0.0679 0.9711 -0.2289
vn 0.0394 0.9821 0.1844
vn 0.0593 0.9966 0.0566
vn 0.3982 0.8940 0.2054
vn 0.4024 0.8908 0.2112
vn 0.3689 0.9232 0.1077
vn 0.9113 0.3114 0.2693
vn 0.5196 0.8330 0.1902
vn -0.0114 0.9972 -0.0743
vn 0.9365 -0.1925 0.2932
vn 0.9495 0.2517 0.1873
vn 0.9784 -0.0896 0.1861
vn 0.9196 -0.0122 0.3927
vn 0.9684 0.2415 -0.0625
vn 0.9945 -0.0675 -0.0799
vn 0.9846 -0.0212 -0.1735
vn 0.9989 0.0448 -0.0125
vn 0.9728 0.1658 0.1619
vn 0.9656 0.2554 0.0481
vn 0.9342 0.3441 0.0942
vn 0.9938 0.1060 0.0345
vn 0.9806 0.0143 -0.1955
vn 0.9710 0.2380 0.0217
vn 0.9732 0.2079 0.0985
vn 0.9058 -0.1111 -0.4089
vn 0.7645 -0.2569 -0.5912
vn 0.8223 -0.3028 -0.4819
vn 0.9571 -0.0891 -0.2756
vn 0.9964 0.0831 -0.0165
vn -0.2228 0.9381 -0.2654
vn -0.3908 0.9182 -0.0645
vn -0.3988 0.9156 -0.0509
vn -0.3444 0.9318 -0.1146
vn -0.2232 0.9550 -0.1951
vn -0.1768 0.9823 -0.0623
vn -0.1567 0.9872 -0.0283
vn -0.4061 0.9135 -0.0247
vn -0.3666 0.9302 -0.0203
vn 0.1002 0.9944 -0.0343
vn -0.1335 0.9885 -0.0709
vn 0.5807 0.8086 0.0947
vn 0.6960 0.7180 -0.0025
vn 0.8161 0.5779 -0.0029
vn -0.0523 0.9982 -0.0295
vn 0.9792 -0.1954 -0.0545
vn 0.9931 -0.0995 0.0629
vn 0.9615 -0.2722 -0.0374
vn 0.9411 -0.3342 0.0506
vn 0.9166 0.3986 0.0302
vn 0.9879 -0.0737 0.1366
vn 0.9435 -0.2988 0.1434
vn 0.9417 0.3317 0.0566
vn 0.9635 -0.0203 -0.2668
vn 0.9919 0.0642 -0.1094
vn 0.9291 -0.1406 -0.3421
vn 0.9813 -0.0091 -0.1924
vn 0.8596 -0.2793 -0.4278
vn 0.9433 -0.1583 -0.2916
vn 0.7790 -0.4037 -0.4798
vn 0.8667 -0.3613 -0.3440
vn 0.8139 -0.2272 -0.5347
vn 0.7299 -0.3888 -0.5622
vn 0.7591 -0.3612 -0.5416
vn 0.8842 -0.2370 -0.4026
vn 0.9563 -0.2026 -0.2107
vn 0.8967 -0.1185 -0.4264
vn 0.8145 -0.2848 -0.5054
vn 0.7222 -0.3794 -0.5783
vn 0.6991 -0.4027 -0.5909
vn 0.7704 -0.3718 -0.5179
vn -0.4202 0.9048 0.0692
vn -0.0636 0.9976 -0.0281
vn -0.3646 0.9306 0.0316
vn 0.7556 -0.5669 -0.3281
vn 0.7655 -0.5491 -0.3355
vn 0.7393 -0.5973 -0.3108
vn 0.7924 0.4947 -0.3569
vn 0.8877 0.3022 -0.3474
vn 0.9477 -0.2910 -0.1311
vn 0.9482 0.2852 -0.1398
vn 0.2456 0.9657 -0.0841
vn 0.8384 -0.4010 -0.3692
vn 0.9269 0.2035 -0.3154
vn 0.1558 0.9831 -0.0960
vn 0.8865 0.0016 -0.4628
vn 0.9840 -0.0236 -0.1766
vn 0.9128 -0.3189 -0.2550
vn 0.9891 0.1437 0.0314
vn 0.9905 0.0865 0.1067
vn 0.9745 0.2100 0.0788
vn 0.9904 0.1260 -0.0559
vn 0.9698 0.2440 0.0053
vn 0.9876 0.1161 -0.1061
vn 0.9452 -0.2487 -0.2118
vn 0.9949 0.0784 0.0632
vn -0.4021 0.8930 0.2022
vn 0.3715 0.9185 -0.1356
vn -0.1590 0.9785 0.1313
vn 0.1118 0.9934 -0.0238
vn 0.8923 0.0636 -0.4469
vn 0.6226 0.7432 -0.2449
vn 0.7409 -0.6293 -0.2345
vn 0.8306 -0.4484 -0.3304
vn 0.7441 -0.6143 -0.2626
vn 0.8790 -0.2444 -0.4093
vn -0.4825 0.8419 0.2417
vn -0.3424 0.9224 0.1787
vn -0.1807 0.9775 0.1088
vn -0.4243 -0.9046 -0.0423
vn 0.3028 0.8447 -0.4413
vn -0.1885 0.9571 0.2201
vn -0.1449 -0.9355 0.3223
vn -0.0548 -0.9349 -0.3506
vn 0.0127 -0.9855 0.1690
vn 0.2397 0.9642 -0.1135
vn -0.4922 -0.8532 0.1725
vn -0.8470 -0.4592 0.2676
vn -0.2694 0.0709 0.9604
vn -0.1660 -0.1800 0.9695
vn -0.8551 0.0612 0.5148
vn -0.1517 -0.2638 0.9526
vn -0.8971 0.0130 0.4416
vn -0.9369 0.1156 0.3298
vn -0.8665 -0.2526 0.4306
vn 0.9103 0.3182 0.2648
vn 0.9084 -0.2614 0.3263
vn 0.8008 -0.4942 0.3384
vn 0.4745 0.8543 -0.2122
vn 0.4519 0.0886 0.8876
vn 0.4102 0.0594 0.9101
vn 0.6335 0.1026 0.7669
vn 0.4367 0.1839 0.8806
vn 0.4509 0.0315 0.8920
vn 0.6372 0.1032 0.7637
vn 0.6341 -0.0038 0.7732
vn 0.6712 0.0183 0.7411
vn 0.7382 -0.0978 0.6674
vn 0.5774 0.8073 0.1219
vn 0.9900 0.0876 0.1106
vn -0.5397 0.8188 0.1958
vn -0.4554 0.8871 0.0749
vn -0.4093 0.8987 0.1573
vn 0.3232 -0.0714 -0.9436
vn 0.3925 -0.0419 -0.9188
vn 0.4164 0.0275 -0.9088
vn 0.3994 -0.0254 -0.9164
vn -0.1941 -0.0147 -0.9809
vn -0.1442 -0.0616 -0.9876
vn -0.1059 -0.0600 -0.9926
vn -0.0475 0.0081 -0.9988
vn 0.3319 -0.3634 -0.8705
vn 0.0814 0.0215 -0.9964
vn 0.7319 -0.5227 -0.4371
vn 0.8112 -0.5016 -0.3005
vn 0.9759 -0.1461 -0.1623
vn 0.9747 0.2143 -0.0639
vn 0.9582 0.2839 -0.0360
vn 0.9785 0.1909 -0.0774
vn 0.9918 0.0759 -0.1028
vn 0.9948 -0.0310 0.0972
vn -0.1837 -0.9604 -0.2095
vn 0.9601 0.0481 0.2755
vn 0.1760 -0.9811 -0.0803
vn 0.0999 -0.9944 -0.0347
vn 0.7309 -0.4494 -0.5136
vn 0.0846 -0.9958 -0.0339
vn 0.9684 0.1755 0.1772
vn 0.9859 -0.0193 0.1661
vn 0.9589 -0.1438 0.2447
vn 0.8853 -0.3382 0.3191
vn 0.8019 -0.4430 0.4008
vn 0.2533 -0.0278 0.9670
vn 0.3338 0.0651 0.9404
vn 0.0575 -0.0004 0.9983
vn -0.8871 -0.3618 -0.2866
vn -0.9019 -0.3322 -0.2760
vn -0.9279 -0.2504 -0.2762
vn -0.9068 -0.2166 -0.3616
vn -0.9562 -0.1314 -0.2614
vn -0.8997 -0.1224 -0.4189
vn -0.9698 -0.0419 -0.2403
vn -0.8995 -0.0596 -0.4327
vn -0.9733 0.0170 -0.2290
vn -0.9031 0.0189 -0.4290
vn -0.9688 0.0656 -0.2389
vn -0.8946 0.0934 -0.4369
vn -0.3051 -0.2557 -0.9174
vn -0.2872 -0.1222 -0.9500
vn -0.1687 -0.1574 -0.9730
vn -0.3213 0.1470 -0.9355
vn -0.1170 -0.1021 -0.9879
vn -0.1483 0.0466 -0.9878
vn 0.9953 -0.0957 -0.0138
vn -0.4434 0.8961 -0.0220
vn -0.5770 0.8152 -0.0501
vn -0.0308 0.9934 0.1102
vn -0.8529 -0.1228 -0.5074
vn -0.8320 -0.0760 -0.5496
vn -0.8279 -0.0689 -0.5567
vn -0.0450 0.0355 0.9984
vn -0.1845 -0.0251 0.9825
vn -0.0322 -0.2714 0.9619
vn -0.1447 0.0047 0.9895
vn 0.6736 -0.4387 0.5948
vn -0.1775 -0.0158 0.9840
vn 0.0168 -0.1931 0.9810
vn 0.1754 -0.1491 0.9731
vn -0.3058 0.9304 0.2022
vn 0.2112 0.9689 0.1286
vn 0.9931 -0.1029 -0.0570
vn 0.9616 -0.2117 -0.1747
vn 0.2622 0.9485 -0.1780
vn 0.0473 0.9801 -0.1930
vn -0.1685 -0.9696 -0.1772
vn 0.9766 -0.2143 0.0191
vn -0.9072 -0.0613 -0.4162
vn -0.8923 -0.0503 -0.4486
vn -0.8757 -0.0521 -0.4801
vn 0.1060 -0.8721 -0.4778
vn 0.0137 -0.9931 0.1166
vn -0.4252 0.8534 0.3016
vn -0.7194 -0.4922 -0.4901
vn -0.6333 -0.7415 0.2217
vn 0.0994 0.9943 -0.0376
vn -0.3712 0.8969 0.2403
vn -0.3160 0.9333 0.1708
vn -0.1508 0.9793 0.1349
vn -0.3882 0.9159 0.1020
vn -0.0561 -0.9964 -0.0642
vn 0.6385 0.7617 -0.1101
vn -0.1815 0.0552 0.9818
vn -0.1510 0.0199 0.9883
vn 0.2882 0.8748 0.3895
vn -0.1102 0.9927 -0.0500
vn 0.9972 0.0023 0.0742
vn 0.9954 -0.0002 -0.0954
vn 0.9963 0.0128 0.0855
vn 0.9964 0.0102 -0.0842
vn -0.5730 0.7957 -0.1962
vn -0.4029 0.9130 -0.0649
vn -0.5182 0.8450 -0.1323
vn 0.1118 -0.1321 0.9849
vn -0.2101 -0.9450 0.2508
vn -0.4028 0.8596 -0.3144
vn -0.3232 0.9259 -0.1955
vn -0.2114 0.9536 -0.2144
vn -0.2940 0.9557 -0.0172
vn -0.4517 0.8922 0.0015
vn -0.3804 -0.9227 -0.0619
vn -0.5953 -0.7521 -0.2827
vn -0.3437 -0.9252 -0.1611
vn -0.0671 -0.9479 0.3113
vn 0.0361 0.9975 0.0603
vn -0.0415 0.9751 -0.2179
vn -0.1249 0.9917 -0.0295
vn -0.2699 -0.9593 0.0828
vn 0.3984 -0.8993 -0.1807
vn -0.6230 0.7654 -0.1617
vn -0.5657 0.8201 -0.0865
vn -0.5472 -0.8243 -0.1455
vn 0.2837 -0.9570 -0.0601
vn -0.2754 0.9115 0.3056
vn -0.3356 0.9061 0.2577
vn 0.0802 0.9875 -0.1359
vn -0.1800 -0.9459 0.2700
vn -0.1326 -0.9608 0.2436
vn -0.0637 -0.9855 0.1570
vn -0.2401 -0.9707 -0.0079
vn 0.0529 -0.9986 -0.0087
vn -0.1551 -0.9641 0.2155
vn 0.0637 0.8619 0.5030
vn 0.1915 -0.9811 -0.0291
vn -0.0527 -0.9943 0.0923
vn 0.0357 -0.9483 0.3152
vn 0.0712 0.9873 0.1419
vn -0.0572 -0.9878 0.1445
vn 0.2455 -0.9661 0.0800
vn 0.0204 -0.9605 0.2775
vn 0.1183 0.9875 0.1045
vn -0.1315 0.9863 0.0995
vn -0.0140 0.9913 -0.1311
vn 0.1551 0.9879 0.0045
vn 0.5868 -0.7840 -0.2025
vn 0.1513 -0.9868 0.0579
vn 0.5606 -0.8275 0.0323
vn 0.5619 -0.8272 0.0066
vn 0.4757 0.8689 -0.1370
vn 0.2813 0.9417 -0.1845
vn -0.5815 0.8133 -0.0206
vn -0.2164 -0.9763 0.0047
vn -0.5739 -0.8178 -0.0431
vn -0.3928 -0.9146 -0.0961
vn -0.0715 -0.9959 -0.0551
vn -0.1829 -0.9782 -0.0988
vn -0.3627 -0.9319 0.0032
vn 0.0464 0.9966 0.0681
vn 0.0091 -0.9573 0.2891
vn -0.1917 -0.7656 0.6141
vn -0.4222 0.9065 -0.0013
vn 0.4556 0.8324 0.3156
vn 0.0625 0.9967 0.0516
vn 0.4889 0.7964 0.3560
vn 0.4766 -0.8431 -0.2493
vn 0.3844 -0.8795 0.2808
vn -0.1595 -0.9832 0.0892
vn 0.3767 -0.9231 0.0777
vn 0.5988 0.7847 -0.1602
vn 0.2458 0.9647 -0.0950
vn -0.1213 -0.9900 -0.0726
vn 0.2526 -0.9620 -0.1035
vn 0.5460 -0.8327 -0.0923
vn 0.4440 -0.8899 -0.1047
vn -0.0205 -0.9997 0.0134
vn 0.0654 0.8701 0.4886
vn 0.3559 0.9230 0.1462
vn -0.2876 0.9416 0.1751
vn 0.0613 0.9864 -0.1525
vn 0.0706 0.9330 -0.3529
vn -0.4621 -0.8855 -0.0488
vn -0.2274 -0.9269 0.2986
vn -0.0720 -0.9970 -0.0270
vn -0.5865 -0.7762 -0.2313
vn -0.6040 -0.7840 -0.1434
vn 0.2885 -0.9265 0.2415
vn 0.1308 -0.9571 0.2584
vn -0.5110 -0.8513 -0.1191
vn -0.2586 0.9657 -0.0223
vn 0.0123 0.9994 0.0310
vn -0.1906 -0.9494 0.2494
vn 0.0711 -0.9888 -0.1312
vn -0.0273 -0.9973 -0.0675
vn 0.0377 0.9992 0.0155
vn -0.2698 0.9459 0.1801
vn -0.4405 0.8972 0.0305
vn 0.0412 -0.9985 0.0351
vn -0.0776 -0.9776 0.1957
vn 0.1520 -0.9792 -0.1342
vn -0.1871 0.9804 -0.0624
vn 0.0250 0.9896 -0.1417
vn 0.0104 -0.9826 0.1857
vn -0.3533 -0.9336 -0.0599
vn -0.8628 -0.1711 -0.4756
vn 0.4428 0.8929 -0.0811
vn 0.5371 0.8381 -0.0952
vn 0.0931 -0.9594 -0.2664
vn 0.3185 -0.8540 -0.4114
vn 0.2642 0.9628 0.0574
vn 0.0284 -0.9983 -0.0517
vn -0.8521 0.1170 -0.5101
vn -0.4963 0.8631 -0.0933
vn -0.4461 0.8934 -0.0530
vn -0.4561 0.8884 -0.0522
vn -0.8002 -0.2591 -0.5409
vn -0.0147 -0.9998 0.0118
vn -0.1231 -0.9868 -0.1051
vn 0.1046 0.9944 -0.0136
vn 0.2216 0.9744 -0.0379
vn 0.4005 -0.9091 0.1143
vn -0.4555 0.8893 -0.0399
vn -0.3717 0.9279 0.0292
vn -0.0657 0.9929 -0.0988
vn -0.4257 0.8894 -0.1664
vn -0.2688 0.9611 0.0637
vn -0.1872 0.9785 0.0871
vn 0.3447 -0.8999 0.2672
vn 0.2366 -0.9600 0.1496
vn -0.1506 -0.9884 0.0184
vn -0.0836 -0.9412 0.3274
vn 0.0636 0.9975 -0.0323
vn 0.2590 0.9329 0.2502
vn 0.2517 -0.9654 0.0678
vn 0.1346 -0.9661 0.2204
vn 0.3280 0.8929 0.3085
vn -0.3455 0.9342 -0.0891
vn -0.0503 0.9987 0.0014
vn 0.1603 0.9827 -0.0931
vn -0.1942 -0.9716 -0.1353
vn -0.0972 0.9944 0.0412
vn 0.1472 -0.9610 0.2343
vn -0.0872 -0.9950 -0.0486
vn -0.0088 -0.9740 0.2264
vn -0.0465 0.9776 0.2052
vn -0.0994 -0.9734 0.2063
vn 0.9710 -0.0895 0.2218
vn 0.8872 -0.0220 0.4608
vn 0.9718 -0.0281 0.2342
vn 0.8890 -0.0037 0.4578
vn 0.9705 -0.0057 0.2410
vn 0.8908 0.0105 0.4542
vn 0.9688 0.0084 0.2479
vn 0.8917 0.0254 0.4519
vn 0.9664 0.0202 0.2564
vn 0.8914 0.0397 0.4514
vn 0.9635 0.0339 0.2655
vn 0.8910 0.0557 0.4506
vn 0.1432 0.9882 -0.0539
vn 0.2600 0.8484 -0.4611
vn -0.4411 -0.1831 -0.8786
vn 0.5045 -0.8610 0.0648
vn 0.8641 0.1558 -0.4786
vn -0.9433 -0.0900 -0.3194
vn 0.2480 -0.9648 -0.0872
vn -0.4219 0.0790 -0.9032
vn -0.4565 0.8310 0.3178
vn -0.9553 0.2936 0.0335
vn 0.5744 0.0822 0.8144
vn -0.7527 0.0295 -0.6577
vn -0.4282 -0.0399 -0.9028
vn -0.3297 -0.0443 -0.9430
vn -0.2752 0.0226 -0.9611
vn -0.3545 0.1015 -0.9296
vn -0.6259 0.3834 0.6792
vn -0.6341 0.5447 0.5488
vn -0.6674 -0.1785 0.7230
vn 0.8261 -0.4638 0.3201
vn -0.3681 -0.0575 -0.9280
vn -0.2824 -0.5220 0.8048
vn -0.9687 0.1809 -0.1699
vn -0.9061 0.3277 -0.2675
vn -0.9971 -0.0039 -0.0756
vn -0.9844 -0.0192 -0.1749
vn -0.9832 -0.0245 -0.1806
vn -0.9936 -0.0327 -0.1078
vn -0.9995 -0.0112 -0.0294
vn -0.9837 0.1534 -0.0941
vn -0.6034 0.6066 0.5176
vn -0.7132 0.0216 0.7006
vn -0.6928 0.5542 -0.4614
vn -0.7905 0.3884 -0.4735
vn -0.6694 0.6456 -0.3676
vn -0.7246 0.5837 -0.3663
vn -0.6654 0.6762 -0.3163
vn 0.9986 -0.0321 0.0427
vn 0.9981 -0.0108 0.0599
vn 0.5533 0.7667 0.3257
vn 0.4598 0.8733 0.1611
vn -0.9202 -0.2897 -0.2632
vn -0.9720 -0.1700 -0.1624
vn -0.9971 -0.0514 -0.0568
vn -0.9995 0.0116 0.0285
vn -0.9974 0.0191 0.0692
vn -0.9988 0.0109 0.0478
vn -0.9577 0.1174 -0.2626
vn -0.9990 0.0366 -0.0266
vn -0.9125 0.3894 -0.1256
vn 0.2163 -0.2935 -0.9312
vn -0.1813 0.0561 0.9818
vn -0.1793 0.0512 0.9825
vn -0.3997 0.1354 0.9066
vn -0.3223 0.0673 0.9442
vn 0.5224 -0.2554 0.8136
vn 0.3569 -0.5497 0.7553
vn 0.6837 -0.0788 0.7255
vn 0.6596 0.1455 0.7374
vn 0.6802 0.2500 0.6891
vn 0.7445 0.2946 0.5991
vn -0.8799 -0.0064 -0.4752
vn -0.7859 -0.0164 -0.6181
vn -0.8950 -0.0304 -0.4450
vn -0.9955 -0.0219 0.0918
vn -0.9803 0.0619 0.1877
vn -0.9679 0.0703 0.2414
vn -0.9671 0.0126 0.2542
vn -0.9704 -0.0482 0.2368
vn -0.9793 -0.0747 0.1883
vn -0.9961 0.0197 0.0862
vn -0.7067 0.1638 0.6883
vn -0.0334 0.3796 0.9246
vn -0.9787 0.0369 0.2017
vn -0.9568 0.0975 0.2739
vn 0.6018 0.1565 0.7831
vn 0.8084 0.1268 0.5748
vn -0.8615 0.2632 -0.4343
vn -0.8046 0.4160 -0.4237
vn -0.8224 0.2915 -0.4886
vn -0.7163 0.5815 -0.3857
vn -0.7718 0.4287 -0.4697
vn -0.6902 0.5907 -0.4180
vn -0.2237 0.0306 -0.9742
vn -0.1790 -0.0099 -0.9838
vn -0.1056 0.0045 -0.9944
vn -0.0203 0.0926 -0.9955
vn 0.0650 0.1660 -0.9840
vn 0.6050 -0.6888 -0.3993
vn -0.5656 0.0011 -0.8247
vn -0.4659 0.0300 -0.8843
vn -0.6584 -0.0241 -0.7523
vn -0.7736 -0.1129 -0.6235
vn -0.7798 0.0592 -0.6233
vn -0.7331 0.2286 -0.6406
vn -0.7954 0.4405 -0.4162
vn -0.6999 0.5629 -0.4395
vn -0.7865 0.4546 -0.4180
vn -0.6387 0.5914 -0.4922
vn -0.7240 0.5989 -0.3422
vn -0.6739 0.6401 -0.3690
vn -0.2546 -0.0012 -0.9670
vn -0.1648 0.0959 -0.9817
vn -0.7073 0.4276 0.5629
vn -0.7610 0.3349 0.5556
vn -0.7730 0.2833 0.5676
vn 0.0518 -0.9715 -0.2312
vn -0.8993 0.2941 -0.3237
vn -0.7834 0.4974 -0.3727
vn -0.8352 0.3768 -0.4005
vn -0.8136 -0.0523 -0.5791
vn -0.9592 -0.0312 -0.2810
vn -0.9546 -0.0127 -0.2976
vn -0.9477 0.0010 -0.3193
vn -0.9436 0.0154 -0.3307
vn -0.8674 -0.0013 -0.4977
vn -0.7397 -0.0122 -0.6729
vn -0.5974 -0.0169 -0.8018
vn -0.7571 -0.0011 -0.6533
vn -0.7190 0.2011 -0.6653
vn -0.7784 0.1078 -0.6185
vn -0.8378 0.2594 -0.4804
vn -0.7801 0.3315 -0.5306
vn -0.8343 0.3089 -0.4567
vn 0.7135 0.2710 -0.6461
vn 0.7357 0.2329 -0.6360
vn 0.7485 0.0480 -0.6613
vn -0.8233 -0.0189 -0.5672
vn -0.8531 0.0461 -0.5198
vn -0.8300 0.1716 -0.5308
vn 0.0610 -0.9066 0.4175
vn -0.8160 0.3169 0.4835
vn -0.7714 0.4043 -0.4914
vn -0.6812 0.4860 -0.5475
vn -0.6085 0.5719 -0.5501
vn -0.7524 -0.3166 -0.5776
vn -0.7157 0.4408 -0.5418
vn -0.6421 0.5831 -0.4977
vn -0.7077 0.0928 -0.7004
vn -0.6100 -0.0074 -0.7923
vn 0.1628 -0.9678 0.1922
vn -0.7792 0.0263 -0.6263
vn -0.7363 0.5630 -0.3755
vn -0.4142 -0.0158 -0.9100
vn -0.4245 -0.0607 -0.9034
vn -0.5938 -0.0252 -0.8042
vn -0.6662 -0.7415 -0.0803
vn 0.8763 0.0058 0.4817
vn 0.8699 0.3337 0.3633
vn 0.8539 0.3980 0.3352
vn 0.8113 0.1250 0.5712
vn 0.6108 -0.0690 0.7888
vn 0.6181 -0.2280 0.7523
vn -0.7646 0.0737 0.6402
vn -0.4999 -0.0118 -0.8660
vn -0.3938 0.0763 -0.9160
vn -0.3095 0.0769 -0.9478
vn -0.2910 -0.0338 -0.9561
vn 0.8963 -0.0212 0.4430
vn 0.0528 0.9979 0.0368
vn -0.2537 0.3024 -0.9188
vn 0.9121 0.3521 -0.2103
vn 0.9877 -0.1094 0.1117
vn 0.9813 0.1767 0.0761
vn 0.9209 0.3879 -0.0393
vn -0.3120 -0.8662 -0.3904
vn 0.9694 -0.0870 0.2296
vn 0.9796 0.0687 0.1889
vn 0.9665 0.2483 0.0646
vn 0.9529 0.2505 -0.1711
vn 0.8001 0.5531 -0.2322
vn -0.4200 -0.0295 -0.9070
vn -0.2319 0.7144 -0.6602
vn -0.6204 -0.7687 -0.1557
vn 0.7629 0.5539 -0.3333
vn 0.9937 -0.0151 -0.1112
vn -0.1315 0.7338 -0.6665
vn 0.6563 -0.4942 -0.5702
vn -0.0095 -0.9970 -0.0773
vn -0.0939 -0.9625 -0.2544
vn -0.2850 -0.9435 0.1692
vn -0.5021 0.1794 0.8460
vn -0.6279 0.3174 0.7106
vn -0.5730 0.8148 0.0875
vn 0.4995 -0.2448 -0.8310
vn -0.2195 0.0853 -0.9719
vn -0.2440 0.1249 -0.9617
vn -0.3300 0.0463 -0.9428
vn -0.8107 0.3753 0.4494
vn -0.8088 0.4509 -0.3775
vn -0.8388 0.2793 -0.4673
vn -0.8646 0.1953 -0.4628
vn -0.8827 0.1402 -0.4486
vn -0.0177 -0.9908 -0.1342
vn 0.2346 0.1881 -0.9537
vn 0.2544 0.1732 -0.9515
vn 0.1880 0.1361 -0.9727
vn 0.0755 0.1133 -0.9907
vn -0.0064 0.0995 -0.9950
vn -0.2788 0.9603 0.0128
vn 0.9903 -0.0371 -0.1338
vn 0.9839 -0.0674 -0.1656
vn 0.9682 -0.1458 -0.2033
vn 0.9240 -0.3059 -0.2292
vn -0.3852 0.2154 -0.8974
vn -0.4109 -0.1375 -0.9012
vn -0.4122 -0.2921 -0.8630
vn -0.3778 -0.2820 -0.8819
vn -0.3014 -0.1684 -0.9385
vn -0.2623 -0.0531 -0.9635
vn -0.9988 -0.0413 0.0255
vn -0.9918 -0.1106 0.0648
vn -0.1063 0.0518 0.9930
vn -0.0876 0.0776 0.9931
vn -0.0731 0.0160 0.9972
vn 0.0894 0.1203 -0.9887
vn 0.1609 0.1332 -0.9779
vn 0.2352 0.1609 -0.9585
vn 0.2647 0.1911 -0.9452
vn 0.2326 0.1866 -0.9545
vn -0.0090 -0.0291 0.9995
vn -0.2011 -0.0464 -0.9785
vn -0.3324 0.1006 -0.9377
vn -0.3242 -0.0303 -0.9455
vn -0.1720 -0.0302 -0.9846
vn 0.0105 0.0895 -0.9959
vn 0.1166 0.1755 -0.9775
vn -0.4494 0.1718 -0.8767
vn -0.4954 -0.1308 -0.8588
vn -0.4287 -0.2325 -0.8730
vn -0.3046 -0.1306 -0.9435
vn -0.1438 0.0084 -0.9896
vn 0.0509 0.4212 0.9055
vn 0.5080 0.8602 0.0448
vn -0.2607 0.9651 -0.0232
vn -0.2232 0.9406 0.2557
vn 0.2694 -0.9613 0.0575
vn -0.0804 -0.9151 0.3952
vn -0.1244 0.9752 0.1830
vn -0.2156 0.9154 0.3398
vn 0.2008 0.9605 0.1925
vn -0.1071 -0.9931 0.0470
vn -0.2447 -0.9030 0.3531
vn 0.2958 -0.9516 0.0835
vn -0.0515 0.9985 0.0174
vn 0.0858 0.9962 -0.0176
vn 0.4660 -0.8744 -0.1351
vn 0.5169 0.7688 0.3764
vn 0.4907 0.8256 0.2784
vn -0.2560 0.9386 -0.2312
vn 0.2862 -0.9398 0.1870
vn -0.3499 -0.8953 0.2756
vn -0.0404 -0.9602 -0.2763
vn -0.0153 0.9994 0.0299
vn -0.2199 0.6711 -0.7080
vn 0.7671 -0.6378 0.0693
vn 0.0919 -0.9865 0.1359
vn -0.6002 -0.7438 0.2941
vn -0.0895 -0.9813 0.1702
vn 0.0400 0.9992 0.0096
vn 0.1778 0.9806 -0.0824
vn 0.0896 0.8485 0.5216
vn 0.0337 -0.9987 -0.0383
vn 0.5679 -0.8175 -0.0952
vn 0.3511 -0.9360 0.0253
vn -0.3351 -0.8837 0.3269
s 1
usemtl Material.005
f 6//6 4//4 1//1 23//23
f 3//3 1//1 2//2 5//5
f 2//2 1//1 4//4 14//14
f 2//2 299//299 301//301 5//5
f 23//23 1//1 3//3 20//20
f 3//3 5//5 305//305 479//479
f 15//15 9//9 4//4 6//6
f 5//5 301//301 302//302 305//305
f 6//6 25//25 32//32 15//15
f 7//7 8//8 9//9 11//11
f 318//318 8//8 7//7 319//319
f 317//317 14//14 8//8 318//318
f 14//14 4//4 9//9 8//8
f 16//16 11//11 9//9 15//15
f 10//10 7//7 11//11 13//13
f 319//319 7//7 10//10 320//320
f 17//17 13//13 11//11 16//16
f 12//12 10//10 13//13 18//18
f 320//320 10//10 12//12 1555//1555
f 19//19 18//18 13//13 17//17
f 299//299 2//2 14//14 317//317
f 16//16 15//15 32//32 33//33
f 17//17 16//16 33//33 34//34
f 47//47 12//12 18//18 49//49
f 54//54 49//49 18//18 19//19
f 19//19 17//17 34//34 68//68
f 21//21 22//22 20//20 3063//3063
f 479//479 3063//3063 20//20 3//3
f 26//26 22//22 21//21 487//487
f 479//479 478//478 21//21 3063//3063
f 21//21 478//478 483//483 487//487
f 22//22 24//24 23//23 20//20
f 28//28 24//24 22//22 26//26
f 23//23 24//24 25//25 6//6
f 27//27 25//25 24//24 28//28
f 35//35 32//32 25//25 27//27
f 26//26 486//486 29//29 28//28
f 27//27 28//28 29//29 30//30
f 30//30 29//29 31//31 42//42
f 35//35 27//27 30//30 38//38
f 31//31 29//29 486//486 660//660
f 659//659 663//663 31//31 660//660
f 664//664 42//42 31//31 663//663
f 36//36 33//33 32//32 35//35
f 37//37 34//34 33//33 36//36
f 41//41 68//68 34//34 37//37
f 36//36 35//35 38//38 39//39
f 37//37 36//36 39//39 40//40
f 38//38 30//30 42//42 43//43
f 39//39 38//38 43//43 44//44
f 41//41 37//37 40//40 45//45
f 40//40 39//39 44//44 46//46
f 69//69 68//68 41//41 72//72
f 668//668 43//43 42//42 664//664
f 669//669 44//44 43//43 668//668
f 670//670 46//46 44//44 669//669
f 45//45 40//40 46//46 75//75
f 72//72 41//41 45//45 74//74
f 1555//1555 12//12 47//47 1556//1556
f 48//48 47//47 49//49 51//51
f 1556//1556 47//47 48//48 1558//1558
f 55//55 51//51 49//49 54//54
f 50//50 48//48 51//51 53//53
f 1558//1558 48//48 50//50 1557//1557
f 56//56 53//53 51//51 55//55
f 52//52 50//50 53//53 57//57
f 1557//1557 50//50 52//52 1559//1559
f 58//58 57//57 53//53 56//56
f 54//54 19//19 68//68 69//69
f 55//55 54//54 69//69 70//70
f 56//56 55//55 70//70 71//71
f 59//59 52//52 57//57 61//61
f 65//65 61//61 57//57 58//58
f 58//58 56//56 71//71 76//76
f 1559//1559 52//52 59//59 1564//1564
f 1565//1565 1564//1564 59//59 60//60
f 60//60 59//59 61//61 63//63
f 1566//1566 1565//1565 60//60 62//62
f 66//66 63//63 61//61 65//65
f 62//62 60//60 63//63 64//64
f 62//62 1569//1569 2676//2676 1566//1566
f 67//67 64//64 63//63 66//66
f 1567//1567 1568//1568 64//64 67//67
f 64//64 1568//1568 1569//1569 62//62
f 65//65 58//58 76//76 77//77
f 65//65 77//77 78//78 66//66
f 67//67 66//66 78//78 80//80
f 79//79 1567//1567 67//67 80//80
f 70//70 69//69 72//72 73//73
f 71//71 70//70 73//73 2691//2691
f 2690//2690 76//76 71//71 2691//2691
f 73//73 72//72 74//74 2698//2698
f 2697//2697 2691//2691 73//73 2698//2698
f 74//74 45//45 75//75 673//673
f 1983//1983 2698//2698 74//74 673//673
f 670//670 671//671 75//75 46//46
f 2694//2694 77//77 76//76 2690//2690
f 2693//2693 78//78 77//77 2694//2694
f 83//83 1763//1763 79//79 81//81
f 81//81 79//79 80//80 84//84
f 2693//2693 84//84 80//80 78//78
f 83//83 81//81 82//82 87//87
f 84//84 85//85 82//82 81//81
f 85//85 86//86 87//87 82//82
f 85//85 84//84 2693//2693 2695//2695
f 2967//2967 86//86 85//85 2695//2695
f 1766//1766 87//87 86//86 1995//1995
f 87//87 1766//1766 1764//1764 83//83
f 88//88 89//89 90//90 92//92
f 88//88 99//99 97//97 89//89
f 122//122 99//99 88//88 94//94
f 90//90 95//95 96//96 91//91
f 98//98 95//95 90//90 89//89
f 92//92 90//90 91//91 103//103
f 91//91 108//108 105//105 103//103
f 91//91 96//96 106//106 108//108
f 92//92 93//93 94//94 88//88
f 103//103 102//102 93//93 92//92
f 123//123 94//94 93//93 3145//3145
f 101//101 181//181 95//95 98//98
f 181//181 180//180 96//96 95//95
f 98//98 89//89 97//97 100//100
f 97//97 210//210 209//209 100//100
f 210//210 97//97 99//99 219//219
f 99//99 122//122 220//220 219//219
f 101//101 98//98 100//100 2873//2873
f 2872//2872 2873//2873 100//100 209//209
f 101//101 182//182 179//179 181//181
f 101//101 2873//2873 189//189 182//182
f 105//105 104//104 102//102 103//103
f 3145//3145 93//93 102//102 147//147
f 147//147 102//102 104//104 144//144
f 105//105 3031//3031 143//143 104//104
f 106//106 111//111 112//112 107//107
f 180//180 111//111 106//106 96//96
f 108//108 106//106 107//107 110//110
f 109//109 110//110 107//107 115//115
f 107//107 112//112 113//113 115//115
f 108//108 110//110 3031//3031 105//105
f 109//109 1340//1340 1342//1342 3030//3030
f 110//110 109//109 3030//3030 3031//3031
f 112//112 111//111 192//192 193//193
f 114//114 115//115 113//113 194//194
f 113//113 112//112 193//193 195//195
f 114//114 1331//1331 1341//1341 1340//1340
f 115//115 114//114 1340//1340 109//109
f 118//118 116//116 117//117 119//119
f 117//117 127//127 128//128 121//121
f 129//129 127//127 117//117 116//116
f 118//118 124//124 125//125 116//116
f 120//120 118//118 119//119 135//135
f 119//119 117//117 121//121 123//123
f 119//119 123//123 3145//3145 135//135
f 120//120 126//126 124//124 118//118
f 123//123 121//121 122//122 94//94
f 122//122 121//121 128//128 220//220
f 154//154 153//153 124//124 126//126
f 157//157 125//125 124//124 153//153
f 125//125 2670//2670 129//129 116//116
f 136//136 149//149 126//126 120//120
f 169//169 154//154 126//126 149//149
f 127//127 131//131 130//130 128//128
f 2834//2834 131//131 127//127 129//129
f 220//220 128//128 130//130 134//134
f 130//130 131//131 2834//2834 3200//3200
f 133//133 134//134 132//132 222//222
f 133//133 219//219 220//220 134//134
f 133//133 222//222 227//227 2846//2846
f 134//134 130//130 3200//3200 132//132
f 136//136 120//120 135//135 137//137
f 138//138 136//136 137//137 139//139
f 137//137 135//135 3145//3145 147//147
f 138//138 150//150 149//149 136//136
f 151//151 150//150 138//138 140//140
f 140//140 138//138 139//139 141//141
f 139//139 137//137 147//147 144//144
f 152//152 151//151 140//140 142//142
f 142//142 140//140 141//141 1362//1362
f 141//141 139//139 144//144 146//146
f 141//141 146//146 148//148 1362//1362
f 142//142 1362//1362 1363//1363 1365//1365
f 144//144 104//104 143//143 146//146
f 146//146 143//143 145//145 148//148
f 3031//3031 3030//3030 145//145 143//143
f 148//148 145//145 1370//1370 1372//1372
f 170//170 169//169 149//149 150//150
f 171//171 170//170 150//150 151//151
f 172//172 171//171 151//151 152//152
f 1365//1365 2779//2779 152//152 142//142
f 2760//2760 172//172 152//152 2779//2779
f 163//163 157//157 153//153 3146//3146
f 3146//3146 153//153 154//154 3147//3147
f 155//155 156//156 157//157 163//163
f 156//156 155//155 239//239 2833//2833
f 157//157 156//156 2670//2670 125//125
f 159//159 160//160 158//158 162//162
f 158//158 3146//3146 3147//3147 161//161
f 159//159 165//165 164//164 160//160
f 160//160 163//163 3146//3146 158//158
f 162//162 158//158 161//161 3006//3006
f 161//161 173//173 174//174 3006//3006
f 161//161 3147//3147 3148//3148 173//173
f 175//175 176//176 162//162 3006//3006
f 162//162 176//176 178//178 159//159
f 164//164 155//155 163//163 160//160
f 164//164 240//240 239//239 155//155
f 164//164 165//165 2845//2845 240//240
f 178//178 177//177 165//165 159//159
f 166//166 167//167 168//168 2833//2833
f 237//237 225//225 166//166 2867//2867
f 167//167 166//166 225//225 223//223
f 3200//3200 2834//2834 168//168 167//167
f 3147//3147 154//154 169//169 3148//3148
f 3148//3148 169//169 170//170 3149//3149
f 3149//3149 170//170 171//171 2747//2747
f 2743//2743 2745//2745 172//172 2760//2760
f 2747//2747 171//171 172//172 2745//2745
f 173//173 3004//3004 3005//3005 174//174
f 173//173 3148//3148 3149//3149 3004//3004
f 174//174 3005//3005 3026//3026 3027//3027
f 175//175 3027//3027 2985//2985 2986//2986
f 176//176 175//175 2986//2986 2962//2962
f 177//177 178//178 252//252 251//251
f 253//253 254//254 177//177 251//251
f 177//177 254//254 2845//2845 165//165
f 178//178 176//176 2962//2962 252//252
f 180//180 181//181 179//179 185//185
f 180//180 185//185 192//192 111//111
f 183//183 179//179 182//182 184//184
f 186//186 184//184 182//182 189//189
f 185//185 179//179 183//183 196//196
f 183//183 184//184 187//187 2988//2988
f 187//187 184//184 186//186 191//191
f 187//187 190//190 2975//2975 2988//2988
f 188//188 186//186 189//189 3203//3203
f 191//191 186//186 188//188 212//212
f 211//211 212//212 188//188 213//213
f 188//188 3203//3203 214//214 213//213
f 190//190 187//187 191//191 2907//2907
f 335//335 2975//2975 190//190 336//336
f 355//355 336//336 190//190 2907//2907
f 357//357 2907//2907 191//191 212//212
f 192//192 185//185 196//196 197//197
f 193//193 192//192 197//197 198//198
f 194//194 113//113 195//195 199//199
f 1331//1331 114//114 194//194 1333//1333
f 194//194 199//199 1422//1422 1333//1333
f 195//195 193//193 198//198 200//200
f 2988//2988 2987//2987 196//196 183//183
f 201//201 198//198 197//197 202//202
f 2987//2987 202//202 197//197 196//196
f 203//203 200//200 198//198 201//201
f 199//199 195//195 200//200 204//204
f 201//201 202//202 205//205 207//207
f 201//201 207//207 206//206 203//203
f 204//204 200//200 203//203 1430//1430
f 203//203 206//206 208//208 1430//1430
f 1422//1422 199//199 204//204 1426//1426
f 2987//2987 2974//2974 205//205 202//202
f 206//206 207//207 343//343 344//344
f 207//207 205//205 342//342 343//343
f 208//208 206//206 344//344 346//346
f 217//217 2872//2872 209//209 2847//2847
f 209//209 210//210 2846//2846 2847//2847
f 215//215 367//367 211//211 213//213
f 211//211 367//367 366//366 356//356
f 356//356 357//357 212//212 211//211
f 215//215 213//213 214//214 216//216
f 2872//2872 217//217 214//214 3203//3203
f 215//215 365//365 3208//3208 367//367
f 217//217 218//218 216//216 214//214
f 365//365 215//215 216//216 2866//2866
f 218//218 232//232 228//228 373//373
f 2847//2847 232//232 218//218 217//217
f 2866//2866 216//216 218//218 373//373
f 219//219 133//133 2846//2846 210//210
f 223//223 221//221 222//222 132//132
f 226//226 227//227 222//222 221//221
f 223//223 225//225 224//224 221//221
f 223//223 132//132 3200//3200 167//167
f 224//224 230//230 226//226 221//221
f 231//231 224//224 225//225 237//237
f 226//226 230//230 234//234 228//228
f 227//227 226//226 228//228 232//232
f 228//228 234//234 236//236 373//373
f 229//229 233//233 234//234 230//230
f 231//231 229//229 230//230 224//224
f 231//231 241//241 247//247 229//229
f 232//232 2847//2847 2846//2846 227//227
f 233//233 235//235 236//236 234//234
f 233//233 229//229 247//247 249//249
f 235//235 233//233 249//249 375//375
f 372//372 236//236 235//235 379//379
f 238//238 242//242 237//237 2867//2867
f 237//237 242//242 241//241 231//231
f 239//239 240//240 238//238 2867//2867
f 238//238 245//245 244//244 242//242
f 2845//2845 245//245 238//238 240//240
f 241//241 242//242 244//244 248//248
f 246//246 247//247 241//241 248//248
f 243//243 244//244 245//245 255//255
f 248//248 244//244 243//243 2919//2919
f 249//249 247//247 246//246 2928//2928
f 2919//2919 418//418 246//246 248//248
f 415//415 375//375 249//249 2928//2928
f 251//251 252//252 250//250 2790//2790
f 250//250 272//272 261//261 2790//2790
f 2962//2962 268//268 250//250 252//252
f 251//251 2790//2790 258//258 253//253
f 253//253 258//258 257//257 256//256
f 256//256 255//255 254//254 253//253
f 255//255 256//256 265//265 243//243
f 255//255 245//245 2845//2845 254//254
f 265//265 256//256 257//257 266//266
f 267//267 266//266 257//257 262//262
f 258//258 2790//2790 261//261 260//260
f 262//262 257//257 258//258 260//260
f 260//260 261//261 259//259 276//276
f 259//259 271//271 281//281 275//275
f 260//260 276//276 450//450 262//262
f 261//261 272//272 271//271 259//259
f 263//263 264//264 265//265 266//266
f 418//418 2919//2919 264//264 419//419
f 420//420 419//419 264//264 263//263
f 2919//2919 243//243 265//265 264//264
f 266//266 267//267 454//454 263//263
f 267//267 262//262 450//450 449//449
f 453//453 454//454 267//267 449//449
f 268//268 269//269 270//270 2783//2783
f 272//272 250//250 268//268 2783//2783
f 2986//2986 269//269 268//268 2962//2962
f 2985//2985 282//282 269//269 2986//2986
f 270//270 269//269 282//282 284//284
f 3051//3051 3076//3076 270//270 284//284
f 271//271 274//274 273//273 281//281
f 272//272 2783//2783 274//274 271//271
f 273//273 3077//3077 278//278 277//277
f 280//280 281//281 273//273 277//277
f 274//274 3076//3076 3077//3077 273//273
f 276//276 259//259 275//275 2926//2926
f 275//275 281//281 280//280 2927//2927
f 275//275 2927//2927 460//460 2926//2926
f 2865//2865 450//450 276//276 2926//2926
f 277//277 279//279 3150//3150 280//280
f 279//279 277//277 278//278 2972//2972
f 2971//2971 2972//2972 278//278 3095//3095
f 279//279 2977//2977 464//464 3150//3150
f 2984//2984 283//283 282//282 2985//2985
f 284//284 282//282 283//283 286//286
f 2983//2983 285//285 283//283 2984//2984
f 3050//3050 3051//3051 284//284 286//286
f 286//286 283//283 285//285 288//288
f 2982//2982 287//287 285//285 2983//2983
f 3049//3049 3050//3050 286//286 288//288
f 288//288 285//285 287//287 1509//1509
f 2981//2981 1508//1508 287//287 2982//2982
f 292//292 3049//3049 288//288 1509//1509
f 293//293 290//290 289//289 294//294
f 1514//1514 1517//1517 289//289 291//291
f 1522//1522 294//294 289//289 1517//1517
f 291//291 289//289 290//290 292//292
f 3049//3049 292//292 290//290 3084//3084
f 290//290 293//293 3098//3098 3084//3084
f 1509//1509 1511//1511 291//291 292//292
f 295//295 293//293 294//294 1720//1720
f 3098//3098 293//293 295//295 2969//2969
f 297//297 298//298 296//296 310//310
f 296//296 298//298 299//299 317//317
f 300//300 298//298 297//297 322//322
f 299//299 298//298 300//300 301//301
f 303//303 300//300 321//321 307//307
f 300//300 303//303 302//302 301//301
f 302//302 303//303 307//307 304//304
f 305//305 302//302 304//304 476//476
f 475//475 476//476 304//304 306//306
f 305//305 476//476 478//478 479//479
f 307//307 308//308 306//306 304//304
f 306//306 308//308 477//477 481//481
f 306//306 481//481 480//480 475//475
f 308//308 307//307 321//321 325//325
f 308//308 325//325 492//492 477//477
f 310//310 296//296 309//309 312//312
f 309//309 296//296 317//317 318//318
f 310//310 2991//2991 323//323 297//297
f 312//312 309//309 311//311 314//314
f 311//311 309//309 318//318 319//319
f 312//312 2989//2989 2991//2991 310//310
f 314//314 311//311 313//313 316//316
f 313//313 311//311 319//319 320//320
f 326//326 327//327 314//314 316//316
f 314//314 327//327 2989//2989 312//312
f 316//316 313//313 315//315 1548//1548
f 315//315 313//313 320//320 1555//1555
f 328//328 326//326 316//316 1548//1548
f 321//321 300//300 322//322 325//325
f 322//322 297//297 323//323 324//324
f 323//323 2991//2991 2993//2993 2903//2903
f 325//325 322//322 324//324 492//492
f 324//324 493//493 491//491 492//492
f 2903//2903 493//493 324//324 323//323
f 327//327 326//326 329//329 2990//2990
f 329//329 326//326 328//328 332//332
f 1576//1576 332//332 328//328 1572//1572
f 333//333 331//331 330//330 1584//1584
f 1576//1576 1580//1580 330//330 332//332
f 332//332 330//330 331//331 329//329
f 2990//2990 329//329 331//331 3052//3052
f 3052//3052 331//331 333//333 3054//3054
f 333//333 3080//3080 3089//3089 3054//3054
f 335//335 336//336 334//334 338//338
f 334//334 336//336 355//355 361//361
f 338//338 334//334 337//337 2978//2978
f 337//337 334//334 361//361 341//341
f 338//338 3138//3138 2973//2973 335//335
f 339//339 341//341 360//360 3209//3209
f 541//541 521//521 339//339 3209//3209
f 341//341 339//339 340//340 337//337
f 521//521 516//516 340//340 339//339
f 340//340 517//517 2978//2978 337//337
f 2974//2974 2973//2973 342//342 205//205
f 3138//3138 3139//3139 342//342 2973//2973
f 345//345 344//344 343//343 348//348
f 3139//3139 348//348 343//343 342//342
f 347//347 346//346 344//344 345//345
f 350//350 347//347 345//345 349//349
f 1434//1434 208//208 346//346 1600//1600
f 1600//1600 346//346 347//347 1604//1604
f 1607//1607 1604//1604 347//347 350//350
f 349//349 345//345 348//348 351//351
f 3010//3010 351//351 348//348 3139//3139
f 349//349 351//351 352//352 354//354
f 353//353 350//350 349//349 354//354
f 1611//1611 1607//1607 350//350 353//353
f 3008//3008 352//352 351//351 3010//3010
f 3170//3170 3171//3171 352//352 3008//3008
f 1819//1819 1611//1611 353//353 536//536
f 536//536 353//353 354//354 537//537
f 3171//3171 537//537 354//354 352//352
f 364//364 359//359 356//356 366//366
f 359//359 358//358 357//357 356//356
f 358//358 2906//2906 361//361 355//355
f 358//358 355//355 2907//2907 357//357
f 2906//2906 358//358 359//359 363//363
f 360//360 341//341 361//361 2906//2906
f 2929//2929 546//546 362//362 3194//3194
f 364//364 362//362 363//363 359//359
f 546//546 544//544 363//363 362//362
f 3194//3194 362//362 364//364 370//370
f 372//372 2677//2677 365//365 2866//2866
f 365//365 2677//2677 386//386 3208//3208
f 370//370 364//364 366//366 368//368
f 368//368 366//366 367//367 3208//3208
f 368//368 3208//3208 3222//3222 371//371
f 563//563 565//565 369//369 371//371
f 371//371 369//369 370//370 368//368
f 370//370 369//369 2859//2859 3194//3194
f 373//373 236//236 372//372 2866//2866
f 376//376 374//374 375//375 415//415
f 379//379 235//235 375//375 374//374
f 377//377 374//374 376//376 3103//3103
f 421//421 423//423 376//376 415//415
f 377//377 378//378 379//379 374//374
f 382//382 380//380 377//377 3103//3103
f 380//380 381//381 378//378 377//377
f 378//378 381//381 2784//2784 2677//2677
f 379//379 378//378 2677//2677 372//372
f 380//380 382//382 431//431 3212//3212
f 2963//2963 381//381 380//380 3212//3212
f 382//382 436//436 430//430 431//431
f 3130//3130 436//436 382//382 3103//3103
f 383//383 393//393 390//390 384//384
f 383//383 396//396 394//394 393//393
f 397//397 396//396 383//383 385//385
f 385//385 383//383 384//384 429//429
f 431//431 429//429 384//384 3212//3212
f 384//384 390//390 2963//2963 3212//3212
f 445//445 397//397 385//385 432//432
f 3137//3137 386//386 3214//3214 388//388
f 3222//3222 555//555 563//563 371//371
f 3045//3045 555//555 3222//3222 3137//3137
f 387//387 3045//3045 3137//3137 388//388
f 389//389 387//387 388//388 391//391
f 393//393 392//392 389//389 390//390
f 2961//2961 387//387 389//389 392//392
f 390//390 389//389 391//391 2963//2963
f 391//391 388//388 3214//3214 2784//2784
f 410//410 2961//2961 392//392 395//395
f 393//393 394//394 395//395 392//392
f 394//394 402//402 403//403 395//395
f 399//399 398//398 396//396 397//397
f 396//396 398//398 402//402 394//394
f 397//397 445//445 2723//2723 399//399
f 401//401 400//400 398//398 399//399
f 398//398 400//400 404//404 402//402
f 400//400 2799//2799 406//406 404//404
f 2798//2798 2799//2799 400//400 401//401
f 401//401 399//399 2723//2723 2955//2955
f 402//402 404//404 405//405 403//403
f 403//403 411//411 410//410 395//395
f 404//404 406//406 407//407 405//405
f 405//405 412//412 411//411 403//403
f 406//406 408//408 409//409 407//407
f 407//407 413//413 412//412 405//405
f 408//408 1652//1652 1653//1653 409//409
f 2799//2799 2797//2797 408//408 406//406
f 409//409 414//414 413//413 407//407
f 581//581 559//559 410//410 411//411
f 577//577 581//581 411//411 412//412
f 413//413 578//578 577//577 412//412
f 414//414 579//579 578//578 413//413
f 1653//1653 1657//1657 414//414 409//409
f 1886//1886 579//579 414//414 1657//1657
f 417//417 421//421 415//415 2928//2928
f 416//416 417//417 418//418 419//419
f 421//421 417//417 416//416 424//424
f 2928//2928 246//246 418//418 417//417
f 419//419 420//420 427//427 416//416
f 420//420 263//263 454//454 452//452
f 426//426 434//434 422//422 424//424
f 3130//3130 423//423 422//422 433//433
f 424//424 422//422 423//423 421//421
f 3103//3103 376//376 423//423 3130//3130
f 424//424 416//416 427//427 426//426
f 425//425 426//426 427//427 2938//2938
f 434//434 426//426 425//425 598//598
f 427//427 420//420 452//452 2938//2938
f 428//428 430//430 435//435 442//442
f 430//430 428//428 429//429 431//431
f 432//432 385//385 429//429 428//428
f 442//442 444//444 432//432 428//428
f 433//433 422//422 434//434 438//438
f 436//436 3130//3130 433//433 437//437
f 434//434 598//598 597//597 438//438
f 436//436 437//437 435//435 430//430
f 438//438 439//439 437//437 433//433
f 437//437 439//439 440//440 435//435
f 597//597 3097//3097 439//439 438//438
f 440//440 441//441 442//442 435//435
f 440//440 439//439 3097//3097 3014//3014
f 3014//3014 3015//3015 441//441 440//440
f 443//443 444//444 442//442 441//441
f 3015//3015 602//602 443//443 441//441
f 444//444 447//447 445//445 432//432
f 446//446 447//447 444//444 443//443
f 602//602 610//610 446//446 443//443
f 2956//2956 447//447 446//446 604//604
f 447//447 2956//2956 2723//2723 445//445
f 448//448 449//449 450//450 2865//2865
f 456//456 455//455 448//448 466//466
f 459//459 466//466 448//448 2865//2865
f 449//449 448//448 455//455 453//453
f 451//451 453//453 455//455 458//458
f 453//453 451//451 452//452 454//454
f 452//452 451//451 457//457 2938//2938
f 458//458 455//455 456//456 2874//2874
f 457//457 451//451 458//458 2916//2916
f 2775//2775 2722//2722 457//457 2916//2916
f 459//459 460//460 461//461 465//465
f 2865//2865 2926//2926 460//460 459//459
f 461//461 460//460 2927//2927 3207//3207
f 464//464 462//462 463//463 468//468
f 467//467 468//468 463//463 472//472
f 474//474 473//473 463//463 462//462
f 464//464 2977//2977 2964//2964 462//462
f 466//466 459//459 465//465 469//469
f 465//465 461//461 467//467 470//470
f 638//638 456//456 466//466 469//469
f 467//467 472//472 471//471 470//470
f 3207//3207 468//468 467//467 461//461
f 3150//3150 464//464 468//468 3207//3207
f 469//469 465//465 470//470 639//639
f 639//639 470//470 471//471 644//644
f 3221//3221 463//463 473//473 2838//2838
f 3221//3221 647//647 648//648 2933//2933
f 651//651 471//471 472//472 2933//2933
f 3221//3221 2838//2838 2932//2932 647//647
f 474//474 2804//2804 820//820 473//473
f 474//474 462//462 2964//2964 653//653
f 478//478 476//476 475//475 483//483
f 482//482 483//483 475//475 480//480
f 477//477 492//492 491//491 494//494
f 480//480 481//481 484//484 489//489
f 480//480 489//489 488//488 482//482
f 481//481 477//477 494//494 484//484
f 483//483 482//482 485//485 487//487
f 484//484 494//494 503//503 502//502
f 485//485 482//482 488//488 661//661
f 485//485 661//661 660//660 486//486
f 487//487 485//485 486//486 26//26
f 488//488 489//489 490//490 658//658
f 488//488 658//658 657//657 661//661
f 489//489 484//484 502//502 490//490
f 684//684 658//658 490//490 685//685
f 491//491 493//493 495//495 499//499
f 494//494 491//491 499//499 503//503
f 495//495 496//496 501//501 499//499
f 495//495 493//493 2903//2903 497//497
f 497//497 498//498 496//496 495//495
f 500//500 496//496 498//498 3092//3092
f 3057//3057 3055//3055 498//498 497//497
f 504//504 503//503 499//499 501//501
f 501//501 496//496 500//500 506//506
f 501//501 506//506 505//505 504//504
f 502//502 503//503 504//504 2902//2902
f 502//502 2902//2902 685//685 490//490
f 2902//2902 504//504 505//505 508//508
f 507//507 505//505 506//506 509//509
f 506//506 500//500 510//510 509//509
f 508//508 505//505 507//507 689//689
f 507//507 509//509 2901//2901 707//707
f 509//509 510//510 511//511 2901//2901
f 3092//3092 2914//2914 510//510 500//500
f 511//511 510//510 2914//2914 513//513
f 513//513 514//514 512//512 511//511
f 2901//2901 511//511 512//512 705//705
f 515//515 512//512 514//514 721//721
f 3039//3039 3037//3037 514//514 513//513
f 515//515 721//721 528//528 712//712
f 705//705 512//512 515//515 710//710
f 515//515 712//712 711//711 710//710
f 517//517 340//340 516//516 519//519
f 517//517 3009//3009 3011//3011 2978//2978
f 519//519 516//516 518//518 522//522
f 521//521 520//520 518//518 516//516
f 523//523 522//522 518//518 525//525
f 519//519 3169//3169 3009//3009 517//517
f 520//520 524//524 525//525 518//518
f 551//551 524//524 520//520 547//547
f 547//547 520//520 521//521 541//541
f 522//522 3177//3177 3169//3169 519//519
f 535//535 2768//2768 523//523 529//529
f 523//523 2768//2768 3177//3177 522//522
f 530//530 531//531 524//524 551//551
f 529//529 523//523 525//525 532//532
f 525//525 524//524 531//531 532//532
f 526//526 2980//2980 2683//2683 2684//2684
f 3065//3065 2980//2980 526//526 528//528
f 528//528 526//526 527//527 712//712
f 527//527 2685//2685 534//534 723//723
f 711//711 712//712 3220//3220 725//725
f 726//726 725//725 3220//3220 722//722
f 527//527 526//526 2684//2684 2685//2685
f 3099//3099 3065//3065 528//528 721//721
f 529//529 532//532 533//533 534//534
f 530//530 551//551 550//550 737//737
f 733//733 531//531 530//530 2822//2822
f 530//530 737//737 736//736 2822//2822
f 531//531 733//733 533//533 532//532
f 535//535 529//529 534//534 2685//2685
f 730//730 723//723 534//534 533//533
f 2684//2684 2682//2682 535//535 2685//2685
f 1823//1823 1819//1819 536//536 538//538
f 538//538 536//536 537//537 539//539
f 2792//2792 539//539 537//537 3171//3171
f 538//538 539//539 540//540 1837//1837
f 1827//1827 1823//1823 538//538 1837//1837
f 1838//1838 1837//1837 540//540 2679//2679
f 540//540 539//539 2792//2792 2766//2766
f 543//543 2909//2909 541//541 3209//3209
f 542//542 543//543 544//544 546//546
f 549//549 548//548 542//542 545//545
f 542//542 548//548 2909//2909 543//543
f 544//544 360//360 2906//2906 363//363
f 3209//3209 360//360 544//544 543//543
f 545//545 542//542 546//546 2929//2929
f 553//553 549//549 545//545 561//561
f 2909//2909 552//552 547//547 541//541
f 548//548 2858//2858 552//552 2909//2909
f 554//554 2858//2858 548//548 549//549
f 550//550 3199//3199 568//568 737//737
f 552//552 550//550 551//551 547//547
f 552//552 2858//2858 3199//3199 550//550
f 554//554 549//549 553//553 740//740
f 572//572 740//740 553//553 567//567
f 3199//3199 2858//2858 554//554 742//742
f 556//556 557//557 555//555 3045//3045
f 559//559 558//558 557//557 556//556
f 563//563 555//555 557//557 564//564
f 558//558 566//566 564//564 557//557
f 581//581 580//580 558//558 559//559
f 588//588 566//566 558//558 580//580
f 559//559 556//556 2961//2961 410//410
f 560//560 561//561 562//562 575//575
f 567//567 553//553 561//561 560//560
f 561//561 545//545 2929//2929 562//562
f 565//565 563//563 564//564 569//569
f 565//565 570//570 2859//2859 369//369
f 566//566 571//571 569//569 564//564
f 567//567 560//560 568//568 3211//3211
f 573//573 572//572 567//567 3211//3211
f 575//575 743//743 568//568 560//560
f 568//568 3199//3199 742//742 3211//3211
f 3215//3215 743//743 744//744 747//747
f 751//751 738//738 3215//3215 746//746
f 570//570 565//565 569//569 574//574
f 571//571 576//576 574//574 569//569
f 588//588 587//587 571//571 566//566
f 572//572 573//573 741//741 740//740
f 573//573 3211//3211 742//742 741//741
f 575//575 570//570 574//574 743//743
f 575//575 562//562 2859//2859 570//570
f 587//587 593//593 576//576 571//571
f 576//576 744//744 743//743 574//574
f 577//577 582//582 580//580 581//581
f 578//578 583//583 582//582 577//577
f 579//579 584//584 583//583 578//578
f 590//590 588//588 580//580 582//582
f 586//586 590//590 582//582 583//583
f 584//584 585//585 586//586 583//583
f 1886//1886 1885//1885 584//584 579//579
f 585//585 592//592 591//591 586//586
f 1885//1885 1892//1892 585//585 584//584
f 586//586 591//591 589//589 590//590
f 590//590 589//589 587//587 588//588
f 589//589 594//594 593//593 587//587
f 591//591 595//595 594//594 589//589
f 592//592 596//596 595//595 591//591
f 1892//1892 1896//1896 592//592 585//585
f 593//593 752//752 744//744 576//576
f 594//594 753//753 752//752 593//593
f 595//595 754//754 753//753 594//594
f 596//596 755//755 754//754 595//595
f 1896//1896 1899//1899 596//596 592//592
f 597//597 598//598 599//599 3122//3122
f 598//598 425//425 2722//2722 599//599
f 620//620 3122//3122 599//599 621//621
f 600//600 601//601 602//602 3015//3015
f 2733//2733 601//601 600//600 2734//2734
f 600//600 3012//3012 3013//3013 2734//2734
f 600//600 3015//3015 3014//3014 3012//3012
f 601//601 609//609 610//610 602//602
f 614//614 609//609 601//601 2733//2733
f 608//608 607//607 603//603 605//605
f 2952//2952 2954//2954 603//603 607//607
f 605//605 603//603 604//604 606//606
f 610//610 606//606 604//604 446//446
f 2954//2954 2956//2956 604//604 603//603
f 613//613 608//608 605//605 612//612
f 609//609 611//611 606//606 610//610
f 612//612 605//605 606//606 611//611
f 1919//1919 1918//1918 607//607 608//608
f 2950//2950 2952//2952 607//607 1918//1918
f 1928//1928 1919//1919 608//608 613//613
f 611//611 609//609 614//614 615//615
f 612//612 611//611 615//615 616//616
f 613//613 612//612 616//616 636//636
f 615//615 614//614 633//633 634//634
f 616//616 615//615 634//634 635//635
f 618//618 619//619 617//617 625//625
f 623//623 625//625 617//617 626//626
f 617//617 641//641 640//640 626//626
f 617//617 619//619 2874//2874 641//641
f 618//618 625//625 624//624 622//622
f 2775//2775 2916//2916 619//619 618//618
f 620//620 621//621 622//622 629//629
f 2722//2722 2775//2775 621//621 599//599
f 622//622 621//621 2775//2775 618//618
f 624//624 625//625 623//623 631//631
f 623//623 626//626 627//627 650//650
f 624//624 630//630 629//629 622//622
f 624//624 631//631 791//791 630//630
f 626//626 640//640 642//642 627//627
f 627//627 642//642 646//646 649//649
f 629//629 630//630 628//628 3136//3136
f 2781//2781 628//628 632//632 2780//2780
f 628//628 630//630 791//791 793//793
f 628//628 793//793 792//792 632//632
f 628//628 2781//2781 3087//3087 3136//3136
f 3135//3135 620//620 629//629 3136//3136
f 650//650 813//813 631//631 623//623
f 633//633 614//614 2733//2733 2735//2735
f 634//634 633//633 808//808 812//812
f 809//809 635//635 634//634 812//812
f 636//636 616//616 635//635 810//810
f 811//811 810//810 635//635 809//809
f 1928//1928 613//613 636//636 1929//1929
f 1942//1942 1929//1929 636//636 810//810
f 637//637 640//640 641//641 638//638
f 637//637 2835//2835 642//642 640//640
f 639//639 637//637 638//638 469//469
f 2874//2874 456//456 638//638 641//641
f 2835//2835 637//637 639//639 644//644
f 644//644 645//645 643//643 2835//2835
f 651//651 645//645 644//644 471//471
f 647//647 643//643 645//645 648//648
f 646//646 643//643 647//647 2932//2932
f 646//646 642//642 2835//2835 643//643
f 648//648 645//645 651//651 2933//2933
f 650//650 627//627 649//649 814//814
f 815//815 814//814 649//649 817//817
f 649//649 646//646 2932//2932 817//817
f 652//652 3161//3161 3184//3184 655//655
f 654//654 652//652 653//653 2964//2964
f 655//655 656//656 653//653 652//652
f 2804//2804 474//474 653//653 656//656
f 2753//2753 2751//2751 654//654 3117//3117
f 654//654 2751//2751 3161//3161 652//652
f 655//655 3184//3184 3179//3179 3178//3178
f 656//656 828//828 827//827 2804//2804
f 3178//3178 828//828 656//656 655//655
f 657//657 662//662 665//665 659//659
f 662//662 657//657 658//658 684//684
f 659//659 660//660 661//661 657//657
f 662//662 684//684 691//691 690//690
f 665//665 666//666 663//663 659//659
f 666//666 667//667 664//664 663//663
f 665//665 662//662 690//690 694//694
f 694//694 693//693 666//666 665//665
f 668//668 664//664 667//667 677//677
f 678//678 677//677 667//667 679//679
f 693//693 679//679 667//667 666//666
f 680//680 669//669 668//668 677//677
f 674//674 670//670 669//669 680//680
f 675//675 671//671 670//670 674//674
f 671//671 672//672 673//673 75//75
f 676//676 672//672 671//671 675//675
f 672//672 1982//1982 1983//1983 673//673
f 1984//1984 1982//1982 672//672 676//676
f 683//683 675//675 674//674 682//682
f 1989//1989 676//676 675//675 683//683
f 1990//1990 1984//1984 676//676 1989//1989
f 681//681 680//680 677//677 678//678
f 701//701 681//681 678//678 700//700
f 700//700 678//678 679//679 696//696
f 682//682 674//674 680//680 681//681
f 702//702 682//682 681//681 701//701
f 703//703 683//683 682//682 702//702
f 683//683 703//703 2002//2002 1989//1989
f 684//684 685//685 686//686 691//691
f 686//686 508//508 689//689 688//688
f 686//686 685//685 2902//2902 508//508
f 687//687 688//688 689//689 706//706
f 2870//2870 2871//2871 687//687 706//706
f 691//691 686//686 688//688 2915//2915
f 688//688 687//687 699//699 2915//2915
f 689//689 507//507 707//707 706//706
f 690//690 692//692 2765//2765 694//694
f 692//692 690//690 691//691 2915//2915
f 838//838 2765//2765 692//692 698//698
f 696//696 679//679 693//693 695//695
f 695//695 693//693 694//694 2765//2765
f 695//695 2765//2765 838//838 3033//3033
f 696//696 695//695 3033//3033 849//849
f 697//697 698//698 699//699 716//716
f 838//838 698//698 697//697 841//841
f 2915//2915 699//699 698//698 692//692
f 699//699 687//687 2871//2871 716//716
f 700//700 696//696 849//849 851//851
f 701//701 700//700 851//851 853//853
f 855//855 702//702 701//701 853//853
f 704//704 703//703 702//702 855//855
f 2006//2006 2002//2002 703//703 704//704
f 2162//2162 2006//2006 704//704 856//856
f 705//705 710//710 709//709 708//708
f 706//706 707//707 708//708 2870//2870
f 708//708 707//707 2901//2901 705//705
f 2870//2870 708//708 709//709 714//714
f 713//713 709//709 710//710 711//711
f 714//714 709//709 713//713 719//719
f 713//713 711//711 725//725 724//724
f 714//714 719//719 718//718 717//717
f 715//715 717//717 718//718 865//865
f 845//845 839//839 715//715 865//865
f 717//717 715//715 716//716 2871//2871
f 716//716 715//715 839//839 697//697
f 717//717 2871//2871 2870//2870 714//714
f 720//720 718//718 719//719 2864//2864
f 719//719 713//713 724//724 2864//2864
f 865//865 718//718 720//720 872//872
f 720//720 867//867 869//869 872//872
f 3037//3037 3099//3099 721//721 514//514
f 722//722 3220//3220 723//723 727//727
f 2844//2844 726//726 722//722 728//728
f 723//723 730//730 729//729 727//727
f 724//724 725//725 726//726 2844//2844
f 724//724 2844//2844 868//868 2864//2864
f 728//728 722//722 727//727 732//732
f 728//728 732//732 731//731 890//890
f 729//729 893//893 732//732 727//727
f 729//729 730//730 735//735 739//739
f 2855//2855 893//893 729//729 739//739
f 730//730 533//533 733//733 735//735
f 731//731 897//897 866//866 890//890
f 731//731 732//732 893//893 892//892
f 731//731 892//892 894//894 897//897
f 734//734 735//735 733//733 2822//2822
f 739//739 735//735 734//734 2854//2854
f 738//738 736//736 737//737 3215//3215
f 904//904 736//736 738//738 912//912
f 739//739 2854//2854 2853//2853 2855//2855
f 742//742 554//554 740//740 741//741
f 745//745 747//747 756//756 760//760
f 747//747 745//745 746//746 3215//3215
f 748//748 749//749 746//746 745//745
f 746//746 749//749 913//913 751//751
f 752//752 756//756 747//747 744//744
f 750//750 749//749 748//748 764//764
f 748//748 745//745 760//760 762//762
f 750//750 917//917 913//913 749//749
f 914//914 915//915 750//750 764//764
f 912//912 738//738 751//751 2886//2886
f 753//753 757//757 756//756 752//752
f 754//754 758//758 757//757 753//753
f 755//755 759//759 758//758 754//754
f 1899//1899 2068//2068 755//755 596//596
f 755//755 2068//2068 3114//3114 759//759
f 760//760 756//756 757//757 761//761
f 763//763 761//761 757//757 758//758
f 763//763 758//758 759//759 3101//3101
f 762//762 760//760 761//761 765//765
f 764//764 748//748 762//762 766//766
f 765//765 761//761 763//763 3102//3102
f 763//763 3101//3101 3074//3074 3102//3102
f 766//766 762//762 765//765 929//929
f 766//766 927//927 914//914 764//764
f 767//767 769//769 770//770 771//771
f 767//767 771//771 772//772 782//782
f 767//767 782//782 2764//2764 768//768
f 769//769 767//767 768//768 2675//2675
f 773//773 774//774 770//770 807//807
f 801//801 807//807 770//770 769//769
f 774//774 960//960 771//771 770//770
f 772//772 786//786 787//787 781//781
f 960//960 786//786 772//772 771//771
f 773//773 806//806 985//985 961//961
f 961//961 957//957 774//774 773//773
f 780//780 779//779 775//775 777//777
f 775//775 809//809 812//812 776//776
f 777//777 775//775 776//776 778//778
f 784//784 778//778 776//776 2762//2762
f 776//776 812//812 808//808 2762//2762
f 777//777 778//778 783//783 785//785
f 779//779 811//811 809//809 775//775
f 2080//2080 2079//2079 779//779 780//780
f 780//780 777//777 785//785 2087//2087
f 782//782 772//772 781//781 784//784
f 781//781 787//787 788//788 783//783
f 782//782 784//784 2762//2762 2764//2764
f 784//784 781//781 783//783 778//778
f 788//788 790//790 785//785 783//783
f 785//785 790//790 789//789 2087//2087
f 959//959 976//976 786//786 960//960
f 976//976 978//978 787//787 786//786
f 978//978 980//980 788//788 787//787
f 789//789 973//973 2294//2294 2091//2091
f 790//790 974//974 973//973 789//789
f 980//980 974//974 790//790 788//788
f 791//791 631//631 813//813 799//799
f 792//792 796//796 2780//2780 632//632
f 793//793 791//791 799//799 798//798
f 793//793 798//798 804//804 792//792
f 794//794 800//800 801//801 795//795
f 805//805 2891//2891 794//794 796//796
f 796//796 794//794 795//795 2780//2780
f 795//795 2675//2675 2781//2781 2780//2780
f 804//804 805//805 796//796 792//792
f 798//798 799//799 797//797 821//821
f 813//813 816//816 797//797 799//799
f 803//803 804//804 798//798 821//821
f 2891//2891 991//991 800//800 794//794
f 801//801 800//800 802//802 807//807
f 801//801 769//769 2675//2675 795//795
f 802//802 800//800 991//991 2898//2898
f 803//803 984//984 805//805 804//804
f 803//803 821//821 822//822 826//826
f 992//992 2891//2891 805//805 984//984
f 807//807 802//802 806//806 773//773
f 987//987 985//985 806//806 988//988
f 806//806 802//802 2898//2898 988//988
f 808//808 633//633 2735//2735 2761//2761
f 2105//2105 1942//1942 810//810 811//811
f 2079//2079 2105//2105 811//811 779//779
f 813//813 650//650 814//814 816//816
f 815//815 2839//2839 816//816 814//814
f 816//816 2839//2839 2942//2942 797//797
f 818//818 815//815 817//817 2837//2837
f 2838//2838 2837//2837 817//817 2932//2932
f 820//820 819//819 818//818 2837//2837
f 2839//2839 815//815 818//818 825//825
f 825//825 818//818 819//819 2813//2813
f 819//819 827//827 829//829 2813//2813
f 820//820 2804//2804 827//827 819//819
f 820//820 2837//2837 2838//2838 473//473
f 821//821 797//797 2942//2942 822//822
f 822//822 1006//1006 1005//1005 826//826
f 823//823 824//824 825//825 2813//2813
f 823//823 835//835 834//834 1004//1004
f 824//824 823//823 1004//1004 1006//1006
f 2839//2839 825//825 824//824 2942//2942
f 826//826 983//983 984//984 803//803
f 828//828 831//831 829//829 827//827
f 830//830 831//831 828//828 3178//3178
f 830//830 3172//3172 3151//3151 832//832
f 832//832 833//833 831//831 830//830
f 831//831 833//833 835//835 829//829
f 832//832 3151//3151 3044//3044 837//837
f 837//837 836//836 833//833 832//832
f 1014//1014 1009//1009 834//834 836//836
f 836//836 834//834 835//835 833//833
f 835//835 823//823 2813//2813 829//829
f 837//837 3007//3007 1014//1014 836//836
f 841//841 697//697 839//839 842//842
f 840//840 841//841 842//842 844//844
f 849//849 3033//3033 840//840 843//843
f 3033//3033 838//838 841//841 840//840
f 842//842 839//839 845//845 874//874
f 846//846 844//844 842//842 874//874
f 843//843 840//840 844//844 848//848
f 858//858 850//850 843//843 848//848
f 846//846 847//847 848//848 844//844
f 847//847 857//857 858//858 848//848
f 875//875 876//876 847//847 846//846
f 850//850 851//851 849//849 843//843
f 852//852 853//853 851//851 850//850
f 858//858 860//860 852//852 850//850
f 854//854 855//855 853//853 852//852
f 860//860 862//862 854//854 852//852
f 856//856 704//704 855//855 854//854
f 862//862 864//864 856//856 854//854
f 857//857 859//859 860//860 858//858
f 876//876 882//882 857//857 847//847
f 859//859 861//861 862//862 860//860
f 882//882 883//883 859//859 857//857
f 861//861 863//863 864//864 862//862
f 883//883 884//884 861//861 859//859
f 884//884 885//885 863//863 861//861
f 863//863 2166//2166 2167//2167 864//864
f 2174//2174 2166//2166 863//863 885//885
f 864//864 2167//2167 2162//2162 856//856
f 865//865 872//872 871//871 845//845
f 866//866 867//867 868//868 890//890
f 866//866 897//897 896//896 873//873
f 873//873 869//869 867//867 866//866
f 2864//2864 868//868 867//867 720//720
f 870//870 871//871 872//872 869//869
f 870//870 869//869 873//873 2674//2674
f 870//870 2674//2674 881//881 879//879
f 871//871 878//878 874//874 845//845
f 879//879 878//878 871//871 870//870
f 875//875 846//846 874//874 878//878
f 877//877 876//876 875//875 880//880
f 875//875 878//878 879//879 880//880
f 886//886 882//882 876//876 877//877
f 3108//3108 886//886 877//877 3109//3109
f 880//880 879//879 881//881 1032//1032
f 3109//3109 877//877 880//880 1032//1032
f 1033//1033 1032//1032 881//881 1035//1035
f 881//881 2674//2674 2673//2673 1035//1035
f 887//887 883//883 882//882 886//886
f 888//888 884//884 883//883 887//887
f 889//889 885//885 884//884 888//888
f 2190//2190 2174//2174 885//885 889//889
f 3107//3107 887//887 886//886 3108//3108
f 3106//3106 888//888 887//887 3107//3107
f 3105//3105 889//889 888//888 3106//3106
f 890//890 868//868 2844//2844 728//728
f 891//891 892//892 893//893 2855//2855
f 2853//2853 899//899 891//891 2855//2855
f 895//895 894//894 892//892 891//891
f 894//894 898//898 896//896 897//897
f 898//898 894//894 895//895 901//901
f 895//895 891//891 899//899 2852//2852
f 2856//2856 901//901 895//895 2852//2852
f 1036//1036 2673//2673 896//896 898//898
f 896//896 2673//2673 2674//2674 873//873
f 898//898 901//901 900//900 1036//1036
f 901//901 2856//2856 1055//1055 900//900
f 902//902 903//903 904//904 912//912
f 908//908 907//907 903//903 902//902
f 903//903 907//907 2853//2853 2854//2854
f 904//904 734//734 2822//2822 736//736
f 2854//2854 734//734 904//904 903//903
f 905//905 906//906 907//907 908//908
f 2821//2821 2887//2887 905//905 908//908
f 905//905 2887//2887 2851//2851 910//910
f 910//910 911//911 906//906 905//905
f 2852//2852 899//899 906//906 911//911
f 2853//2853 907//907 906//906 899//899
f 908//908 902//902 909//909 2821//2821
f 912//912 2886//2886 909//909 902//902
f 909//909 919//919 922//922 2821//2821
f 1087//1087 1086//1086 910//910 2851//2851
f 1086//1086 1085//1085 911//911 910//910
f 911//911 1085//1085 2856//2856 2852//2852
f 921//921 920//920 913//913 917//917
f 913//913 920//920 2886//2886 751//751
f 944//944 930//930 914//914 927//927
f 915//915 916//916 917//917 750//750
f 915//915 931//931 924//924 916//916
f 930//930 931//931 915//915 914//914
f 921//921 917//917 916//916 2885//2885
f 916//916 924//924 923//923 2885//2885
f 918//918 919//919 920//920 921//921
f 2885//2885 926//926 918//918 921//921
f 925//925 922//922 919//919 918//918
f 2886//2886 920//920 919//919 909//909
f 1108//1108 1090//1090 922//922 925//925
f 922//922 1090//1090 2887//2887 2821//2821
f 923//923 1112//1112 926//926 2885//2885
f 942//942 1112//1112 923//923 941//941
f 941//941 923//923 924//924 933//933
f 925//925 918//918 926//926 2884//2884
f 1109//1109 1108//1108 925//925 2884//2884
f 929//929 928//928 927//927 766//766
f 928//928 3071//3071 944//944 927//927
f 929//929 3073//3073 3072//3072 928//928
f 3102//3102 3073//3073 929//929 765//765
f 930//930 934//934 932//932 931//931
f 930//930 944//944 945//945 934//934
f 931//931 932//932 933//933 924//924
f 939//939 933//933 932//932 935//935
f 938//938 941//941 933//933 939//939
f 935//935 932//932 934//934 936//936
f 937//937 935//935 936//936 952//952
f 936//936 934//934 945//945 947//947
f 937//937 962//962 939//939 935//935
f 938//938 940//940 2892//2892 943//943
f 940//940 938//938 939//939 962//962
f 969//969 1134//1134 940//940 962//962
f 940//940 971//971 972//972 2892//2892
f 943//943 942//942 941//941 938//938
f 1120//1120 1110//1110 942//942 943//943
f 943//943 2892//2892 1129//1129 1120//1120
f 944//944 3071//3071 946//946 945//945
f 947//947 945//945 946//946 949//949
f 3070//3070 948//948 946//946 3071//3071
f 952//952 936//936 947//947 953//953
f 949//949 946//946 948//948 951//951
f 3069//3069 950//950 948//948 3070//3070
f 953//953 947//947 949//949 954//954
f 951//951 948//948 950//950 955//955
f 3068//3068 2266//2266 950//950 3069//3069
f 954//954 949//949 951//951 956//956
f 963//963 937//937 952//952 964//964
f 964//964 952//952 953//953 975//975
f 975//975 953//953 954//954 977//977
f 956//956 951//951 955//955 982//982
f 955//955 950//950 2266//2266 2267//2267
f 977//977 954//954 956//956 979//979
f 960//960 774//774 957//957 959//959
f 965//965 958//958 957//957 961//961
f 959//959 957//957 958//958 963//963
f 968//968 3219//3219 958//958 965//965
f 959//959 963//963 964//964 976//976
f 966//966 965//965 961//961 985//985
f 963//963 958//958 3219//3219 937//937
f 3219//3219 968//968 967//967 969//969
f 968//968 965//965 966//966 970//970
f 987//987 986//986 966//966 985//985
f 966//966 986//986 995//995 970//970
f 967//967 968//968 970//970 2818//2818
f 2818//2818 1134//1134 969//969 967//967
f 970//970 995//995 999//999 2818//2818
f 1134//1134 1135//1135 971//971 940//940
f 971//971 1135//1135 1142//1142 2882//2882
f 972//972 971//971 2882//2882 1128//1128
f 974//974 979//979 981//981 973//973
f 976//976 964//964 975//975 978//978
f 978//978 975//975 977//977 980//980
f 980//980 977//977 979//979 974//974
f 979//979 956//956 982//982 981//981
f 981//981 982//982 2270//2270 2298//2298
f 2294//2294 973//973 981//981 2298//2298
f 982//982 955//955 2267//2267 2270//2270
f 1005//1005 1008//1008 983//983 826//826
f 2831//2831 993//993 983//983 1008//1008
f 993//993 992//992 984//984 983//983
f 986//986 987//987 2896//2896 2830//2830
f 987//987 988//988 989//989 2896//2896
f 997//997 2944//2944 989//989 996//996
f 2898//2898 996//996 989//989 988//988
f 993//993 994//994 990//990 992//992
f 2898//2898 991//991 990//990 996//996
f 992//992 990//990 991//991 2891//2891
f 1003//1003 994//994 993//993 2831//2831
f 996//996 990//990 994//994 997//997
f 995//995 986//986 2830//2830 998//998
f 997//997 994//994 1003//1003 1001//1001
f 2827//2827 2944//2944 997//997 1001//1001
f 999//999 995//995 998//998 1136//1136
f 1002//1002 1000//1000 1001//1001 1003//1003
f 1001//1001 1000//1000 1146//1146 2827//2827
f 1002//1002 1012//1012 1163//1163 2890//2890
f 2826//2826 1000//1000 1002//1002 2890//2890
f 1003//1003 2831//2831 1012//1012 1002//1002
f 1009//1009 1007//1007 1004//1004 834//834
f 1006//1006 1004//1004 1007//1007 1005//1005
f 2942//2942 824//824 1006//1006 822//822
f 1008//1008 1005//1005 1007//1007 1010//1010
f 1010//1010 1007//1007 1009//1009 1011//1011
f 1009//1009 1014//1014 1013//1013 1011//1011
f 2831//2831 1008//1008 1010//1010 1012//1012
f 1012//1012 1010//1010 1011//1011 1163//1163
f 1026//1026 1164//1164 1013//1013 2712//2712
f 1163//1163 1011//1011 1013//1013 1164//1164
f 1013//1013 1014//1014 3007//3007 2712//2712
f 1016//1016 1017//1017 1015//1015 3141//3141
f 1157//1157 2724//2724 1015//1015 1165//1165
f 1015//1015 2724//2724 1167//1167 3141//3141
f 1026//1026 1027//1027 1016//1016 3141//3141
f 1018//1018 1019//1019 1017//1017 1016//1016
f 1017//1017 1166//1166 1165//1165 1015//1015
f 1017//1017 1019//1019 1176//1176 1166//1166
f 1027//1027 1028//1028 1018//1018 1016//1016
f 1020//1020 1021//1021 1019//1019 1018//1018
f 1019//1019 1021//1021 1178//1178 1176//1176
f 1028//1028 1029//1029 1020//1020 1018//1018
f 1022//1022 1023//1023 1021//1021 1020//1020
f 1021//1021 1023//1023 1175//1175 1178//1178
f 1029//1029 1030//1030 1022//1022 1020//1020
f 1024//1024 1025//1025 1023//1023 1022//1022
f 1174//1174 1175//1175 1023//1023 1025//1025
f 1030//1030 1031//1031 1024//1024 1022//1022
f 2340//2340 1025//1025 1024//1024 2342//2342
f 2366//2366 2342//2342 1024//1024 1031//1031
f 1167//1167 1164//1164 1026//1026 3141//3141
f 2707//2707 1027//1027 1026//1026 2712//2712
f 2706//2706 1028//1028 1027//1027 2707//2707
f 2705//2705 1029//1029 1028//1028 2706//2706
f 2704//2704 1030//1030 1029//1029 2705//2705
f 2365//2365 1031//1031 1030//1030 2704//2704
f 1039//1039 3109//3109 1032//1032 1033//1033
f 1034//1034 1037//1037 1033//1033 1035//1035
f 1036//1036 1034//1034 1035//1035 2673//2673
f 1036//1036 900//900 1048//1048 1034//1034
f 1037//1037 1038//1038 1039//1039 1033//1033
f 1048//1048 1049//1049 1037//1037 1034//1034
f 1038//1038 1040//1040 1041//1041 1039//1039
f 1049//1049 1050//1050 1038//1038 1037//1037
f 1039//1039 1041//1041 3108//3108 3109//3109
f 1040//1040 1042//1042 1043//1043 1041//1041
f 1050//1050 1065//1065 1040//1040 1038//1038
f 1041//1041 1043//1043 3107//3107 3108//3108
f 1042//1042 1044//1044 1045//1045 1043//1043
f 1065//1065 1066//1066 1042//1042 1040//1040
f 1043//1043 1045//1045 3106//3106 3107//3107
f 1044//1044 1046//1046 1047//1047 1045//1045
f 1066//1066 1067//1067 1044//1044 1042//1042
f 1072//1072 1046//1046 1044//1044 1067//1067
f 1045//1045 1047//1047 3105//3105 3106//3106
f 1046//1046 2379//2379 2380//2380 1047//1047
f 2396//2396 2379//2379 1046//1046 1072//1072
f 1047//1047 2380//2380 3104//3104 3105//3105
f 1051//1051 1049//1049 1048//1048 1053//1053
f 1048//1048 900//900 1055//1055 1053//1053
f 1052//1052 1050//1050 1049//1049 1051//1051
f 1068//1068 1065//1065 1050//1050 1052//1052
f 1059//1059 1052//1052 1051//1051 1058//1058
f 1053//1053 1055//1055 1054//1054 1061//1061
f 1058//1058 1051//1051 1053//1053 1061//1061
f 1054//1054 1057//1057 1056//1056 1061//1061
f 1054//1054 1055//1055 2856//2856 1085//1085
f 1056//1056 1060//1060 1058//1058 1061//1061
f 1063//1063 1060//1060 1056//1056 1094//1094
f 1057//1057 1054//1054 1085//1085 1086//1086
f 1057//1057 1086//1086 1087//1087 1096//1096
f 1057//1057 1096//1096 1094//1094 1056//1056
f 1060//1060 1062//1062 1059//1059 1058//1058
f 1059//1059 1073//1073 1068//1068 1052//1052
f 1064//1064 1062//1062 1060//1060 1063//1063
f 1062//1062 1077//1077 1073//1073 1059//1059
f 1081//1081 1077//1077 1062//1062 1064//1064
f 1093//1093 1099//1099 1063//1063 1094//1094
f 1099//1099 1100//1100 1064//1064 1063//1063
f 1069//1069 1066//1066 1065//1065 1068//1068
f 1070//1070 1067//1067 1066//1066 1069//1069
f 1071//1071 1072//1072 1067//1067 1070//1070
f 1073//1073 1074//1074 1069//1069 1068//1068
f 1074//1074 1075//1075 1070//1070 1069//1069
f 1075//1075 1076//1076 1071//1071 1070//1070
f 2395//2395 2396//2396 1072//1072 1071//1071
f 1077//1077 1078//1078 1074//1074 1073//1073
f 1078//1078 1079//1079 1075//1075 1074//1074
f 1079//1079 1080//1080 1076//1076 1075//1075
f 1076//1076 2400//2400 2395//2395 1071//1071
f 1082//1082 1078//1078 1077//1077 1081//1081
f 1083//1083 1079//1079 1078//1078 1082//1082
f 1084//1084 1080//1080 1079//1079 1083//1083
f 1080//1080 2404//2404 2400//2400 1076//1076
f 2407//2407 2404//2404 1080//1080 1084//1084
f 1100//1100 1104//1104 1081//1081 1064//1064
f 1104//1104 1105//1105 1082//1082 1081//1081
f 1105//1105 1106//1106 1083//1083 1082//1082
f 1106//1106 1107//1107 1084//1084 1083//1083
f 1087//1087 1091//1091 1095//1095 1096//1096
f 1088//1088 1089//1089 1090//1090 1108//1108
f 1092//1092 1091//1091 1089//1089 1088//1088
f 2851//2851 2887//2887 1090//1090 1089//1089
f 1091//1091 1087//1087 2851//2851 1089//1089
f 1092//1092 1098//1098 1095//1095 1091//1091
f 1118//1118 1116//1116 1092//1092 1088//1088
f 1098//1098 1097//1097 1093//1093 1095//1095
f 1093//1093 1097//1097 3115//3115 1099//1099
f 1095//1095 1093//1093 1094//1094 1096//1096
f 1116//1116 1102//1102 1098//1098 1092//1092
f 1098//1098 1102//1102 1192//1192 1097//1097
f 1197//1197 1100//1100 1099//1099 3115//3115
f 1102//1102 1103//1103 1101//1101 1192//1192
f 1207//1207 1206//1206 1101//1101 1103//1103
f 1101//1101 1206//1206 1212//1212 1193//1193
f 1115//1115 1103//1103 1102//1102 1116//1116
f 1197//1197 1198//1198 1104//1104 1100//1100
f 1198//1198 1199//1199 1105//1105 1104//1104
f 1199//1199 1200//1200 1106//1106 1105//1105
f 1200//1200 1201//1201 1107//1107 1106//1106
f 1107//1107 2422//2422 2407//2407 1084//1084
f 1108//1108 1109//1109 1118//1118 1088//1088
f 1110//1110 1111//1111 1112//1112 942//942
f 1119//1119 1114//1114 1110//1110 1120//1120
f 1114//1114 1113//1113 1111//1111 1110//1110
f 2884//2884 926//926 1112//1112 1111//1111
f 1113//1113 1117//1117 1118//1118 1109//1109
f 1113//1113 1109//1109 2884//2884 1111//1111
f 1114//1114 2941//2941 1117//1117 1113//1113
f 1115//1115 3193//3193 1207//1207 1103//1103
f 1117//1117 1115//1115 1116//1116 1118//1118
f 1117//1117 2941//2941 3193//3193 1115//1115
f 2941//2941 1114//1114 1119//1119 1122//1122
f 1121//1121 1119//1119 1120//1120 1129//1129
f 1122//1122 1119//1119 1121//1121 1125//1125
f 1121//1121 1129//1129 1127//1127 2811//2811
f 1121//1121 2811//2811 2812//2812 1125//1125
f 3193//3193 2941//2941 1122//1122 1124//1124
f 1210//1210 1209//1209 1123//1123 2940//2940
f 1125//1125 1123//1123 1124//1124 1122//1122
f 1209//1209 1208//1208 1124//1124 1123//1123
f 2940//2940 1123//1123 1125//1125 2812//2812
f 1128//1128 1126//1126 1127//1127 972//972
f 2883//2883 2811//2811 1127//1127 1126//1126
f 1127//1127 1129//1129 2892//2892 972//972
f 1128//1128 2810//2810 1138//1138 1126//1126
f 1130//1130 1133//1133 1243//1243 1244//1244
f 1130//1130 1244//1244 2883//2883 1131//1131
f 1132//1132 1130//1130 1131//1131 1137//1137
f 1133//1133 1130//1130 1132//1132 1280//1280
f 1250//1250 1246//1246 1133//1133 1280//1280
f 1135//1135 999//999 1136//1136 1142//1142
f 1135//1135 1134//1134 2818//2818 999//999
f 1141//1141 1142//1142 1136//1136 3198//3198
f 1136//1136 998//998 1144//1144 3198//3198
f 1138//1138 1139//1139 1137//1137 1131//1131
f 1137//1137 1140//1140 1279//1279 1132//1132
f 2883//2883 1126//1126 1138//1138 1131//1131
f 1140//1140 1137//1137 1139//1139 1282//1282
f 1139//1139 1138//1138 2810//2810 2880//2880
f 1140//1140 1284//1284 1283//1283 1279//1279
f 1141//1141 3198//3198 1150//1150 2817//2817
f 1160//1160 2829//2829 1141//1141 2817//2817
f 1142//1142 1141//1141 2829//2829 2882//2882
f 1143//1143 1145//1145 1151//1151 1149//1149
f 1143//1143 1150//1150 3198//3198 1144//1144
f 1145//1145 1143//1143 1144//1144 2828//2828
f 2830//2830 2828//2828 1144//1144 998//998
f 1145//1145 1147//1147 1148//1148 1151//1151
f 1146//1146 1155//1155 1154//1154 1148//1148
f 2826//2826 1155//1155 1146//1146 1000//1000
f 1147//1147 1145//1145 2828//2828 2897//2897
f 2827//2827 1146//1146 1148//1148 1147//1147
f 1148//1148 1154//1154 2881//2881 1151//1151
f 1150//1150 1143//1143 1149//1149 1153//1153
f 2881//2881 1156//1156 1149//1149 1151//1151
f 1150//1150 1153//1153 1152//1152 2817//2817
f 1160//1160 2817//2817 1152//1152 1158//1158
f 1161//1161 1314//1314 1152//1152 1153//1153
f 1153//1153 1149//1149 1156//1156 1161//1161
f 1154//1154 1155//1155 1157//1157 1170//1170
f 1162//1162 1161//1161 1156//1156 2727//2727
f 2725//2725 2727//2727 1156//1156 2881//2881
f 1169//1169 1170//1170 1157//1157 1165//1165
f 1157//1157 1155//1155 2826//2826 2724//2724
f 1158//1158 1152//1152 1314//1314 1312//1312
f 1160//1160 1158//1158 1159//1159 2880//2880
f 1281//1281 1282//1282 1159//1159 1318//1318
f 1159//1159 1158//1158 1312//1312 1318//1318
f 1162//1162 1315//1315 1314//1314 1161//1161
f 2726//2726 1171//1171 1162//1162 2727//2727
f 2890//2890 1163//1163 1164//1164 1167//1167
f 1165//1165 1166//1166 1168//1168 1169//1169
f 1166//1166 1176//1176 1177//1177 1168//1168
f 2826//2826 2890//2890 1167//1167 2724//2724
f 1168//1168 1177//1177 3082//3082 3083//3083
f 1169//1169 3134//3134 2725//2725 1170//1170
f 1169//1169 1168//1168 3083//3083 3134//3134
f 2881//2881 1154//1154 1170//1170 2725//2725
f 1172//1172 1173//1173 1171//1171 2726//2726
f 1171//1171 1316//1316 1315//1315 1162//1162
f 3082//3082 1186//1186 1172//1172 3083//3083
f 1186//1186 1187//1187 1173//1173 1172//1172
f 1173//1173 1317//1317 1316//1316 1171//1171
f 1174//1174 1181//1181 1180//1180 1175//1175
f 2340//2340 2498//2498 1174//1174 1025//1025
f 1176//1176 1178//1178 1179//1179 1177//1177
f 1177//1177 1179//1179 3081//3081 3082//3082
f 1178//1178 1175//1175 1180//1180 1179//1179
f 1182//1182 1183//1183 1180//1180 1181//1181
f 1180//1180 1183//1183 3081//3081 1179//1179
f 2498//2498 2502//2502 1181//1181 1174//1174
f 2503//2503 1182//1182 1181//1181 2502//2502
f 2511//2511 1184//1184 1182//1182 2503//2503
f 1184//1184 1185//1185 1183//1183 1182//1182
f 1183//1183 1185//1185 1188//1188 3081//3081
f 1184//1184 1190//1190 1191//1191 1185//1185
f 3081//3081 1188//1188 1186//1186 3082//3082
f 1188//1188 1189//1189 1187//1187 1186//1186
f 1187//1187 1324//1324 1317//1317 1173//1173
f 1187//1187 1189//1189 1327//1327 1324//1324
f 1188//1188 1185//1185 1191//1191 1189//1189
f 1189//1189 1191//1191 1325//1325 1327//1327
f 1325//1325 1191//1191 1190//1190 2720//2720
f 1190//1190 1184//1184 2511//2511 2646//2646
f 2719//2719 2720//2720 1190//1190 2646//2646
f 1193//1193 1194//1194 1192//1192 1101//1101
f 1192//1192 1194//1194 3115//3115 1097//1097
f 1214//1214 1195//1195 1193//1193 1212//1212
f 1195//1195 1196//1196 1194//1194 1193//1193
f 1194//1194 1196//1196 1197//1197 3115//3115
f 1224//1224 1202//1202 1195//1195 1214//1214
f 1202//1202 1203//1203 1196//1196 1195//1195
f 1203//1203 1198//1198 1197//1197 1196//1196
f 1205//1205 1199//1199 1198//1198 1203//1203
f 3121//3121 1200//1200 1199//1199 1205//1205
f 3120//3120 1201//1201 1200//1200 3121//3121
f 1201//1201 2525//2525 2422//2422 1107//1107
f 3119//3119 2525//2525 1201//1201 3120//3120
f 1226//1226 1204//1204 1202//1202 1224//1224
f 1204//1204 1205//1205 1203//1203 1202//1202
f 1228//1228 3125//3125 1204//1204 1226//1226
f 1204//1204 3125//3125 3121//3121 1205//1205
f 1206//1206 1207//1207 1208//1208 2960//2960
f 1211//1211 1212//1212 1206//1206 2960//2960
f 1208//1208 1207//1207 3193//3193 1124//1124
f 1220//1220 1217//1217 1209//1209 1210//1210
f 1209//1209 1217//1217 2960//2960 1208//1208
f 1243//1243 1245//1245 1210//1210 2940//2940
f 1252//1252 1220//1220 1210//1210 1245//1245
f 1211//1211 1213//1213 1214//1214 1212//1212
f 1215//1215 1213//1213 1211//1211 1216//1216
f 1211//1211 2960//2960 1217//1217 1216//1216
f 1213//1213 1223//1223 1224//1224 1214//1214
f 1231//1231 1223//1223 1213//1213 1215//1215
f 1218//1218 1219//1219 1215//1215 1216//1216
f 1218//1218 1216//1216 1217//1217 1220//1220
f 1221//1221 1222//1222 1219//1219 1218//1218
f 1219//1219 1235//1235 1231//1231 1215//1215
f 1221//1221 1218//1218 1220//1220 1252//1252
f 1222//1222 1239//1239 1235//1235 1219//1219
f 1251//1251 1253//1253 1222//1222 1221//1221
f 1223//1223 1225//1225 1226//1226 1224//1224
f 1232//1232 1225//1225 1223//1223 1231//1231
f 1225//1225 1227//1227 1228//1228 1226//1226
f 1233//1233 1227//1227 1225//1225 1232//1232
f 1234//1234 1229//1229 1227//1227 1233//1233
f 1229//1229 1230//1230 1228//1228 1227//1227
f 2549//2549 2543//2543 1229//1229 1234//1234
f 2543//2543 2544//2544 1230//1230 1229//1229
f 1230//1230 3124//3124 3125//3125 1228//1228
f 1235//1235 1236//1236 1232//1232 1231//1231
f 1236//1236 1237//1237 1233//1233 1232//1232
f 1237//1237 1238//1238 1234//1234 1233//1233
f 1239//1239 1240//1240 1236//1236 1235//1235
f 1240//1240 1241//1241 1237//1237 1236//1236
f 1241//1241 1242//1242 1238//1238 1237//1237
f 1238//1238 2551//2551 2549//2549 1234//1234
f 1253//1253 1263//1263 1239//1239 1222//1222
f 1263//1263 1264//1264 1240//1240 1239//1239
f 1264//1264 1265//1265 1241//1241 1240//1240
f 1265//1265 1266//1266 1242//1242 1241//1241
f 1242//1242 2552//2552 2551//2551 1238//1238
f 1246//1246 1245//1245 1243//1243 1133//1133
f 1243//1243 2940//2940 2812//2812 1244//1244
f 1247//1247 1248//1248 1246//1246 1250//1250
f 1246//1246 1248//1248 1252//1252 1245//1245
f 1256//1256 1254//1254 1247//1247 1249//1249
f 1254//1254 1251//1251 1248//1248 1247//1247
f 1249//1249 1247//1247 1250//1250 1260//1260
f 1259//1259 1258//1258 1249//1249 1260//1260
f 1261//1261 1256//1256 1249//1249 1258//1258
f 1250//1250 1280//1280 1287//1287 1260//1260
f 1252//1252 1248//1248 1251//1251 1221//1221
f 1254//1254 1255//1255 1253//1253 1251//1251
f 1257//1257 1255//1255 1254//1254 1256//1256
f 1255//1255 1267//1267 1263//1263 1253//1253
f 1262//1262 1257//1257 1256//1256 1261//1261
f 1257//1257 1271//1271 1267//1267 1255//1255
f 1258//1258 1259//1259 1288//1288 2776//2776
f 1290//1290 1261//1261 1258//1258 2776//2776
f 1260//1260 1287//1287 1288//1288 1259//1259
f 1262//1262 1275//1275 1271//1271 1257//1257
f 1290//1290 1291//1291 1262//1262 1261//1261
f 1267//1267 1268//1268 1264//1264 1263//1263
f 1268//1268 1269//1269 1265//1265 1264//1264
f 1269//1269 1270//1270 1266//1266 1265//1265
f 1266//1266 2574//2574 2552//2552 1242//1242
f 1271//1271 1272//1272 1268//1268 1267//1267
f 1272//1272 1273//1273 1269//1269 1268//1268
f 1273//1273 1274//1274 1270//1270 1269//1269
f 1270//1270 2578//2578 2574//2574 1266//1266
f 1270//1270 1274//1274 2586//2586 2578//2578
f 1275//1275 1276//1276 1272//1272 1271//1271
f 1276//1276 1277//1277 1273//1273 1272//1272
f 1277//1277 1278//1278 1274//1274 1273//1273
f 2587//2587 2586//2586 1274//1274 1278//1278
f 1291//1291 1304//1304 1275//1275 1262//1262
f 1304//1304 1305//1305 1276//1276 1275//1275
f 1305//1305 1306//1306 1277//1277 1276//1276
f 1306//1306 1307//1307 1278//1278 1277//1277
f 2622//2622 2587//2587 1278//1278 1307//1307
f 1280//1280 1132//1132 1279//1279 1287//1287
f 1288//1288 1287//1287 1279//1279 1283//1283
f 1281//1281 1286//1286 1285//1285 1284//1284
f 1281//1281 1318//1318 1322//1322 1286//1286
f 1282//1282 1281//1281 1284//1284 1140//1140
f 1282//1282 1139//1139 2880//2880 1159//1159
f 1283//1283 1284//1284 1285//1285 1289//1289
f 2776//2776 1288//1288 1283//1283 1289//1289
f 1285//1285 1286//1286 1323//1323 1294//1294
f 1321//1321 1323//1323 1286//1286 1322//1322
f 1294//1294 1293//1293 1289//1289 1285//1285
f 1293//1293 1292//1292 1291//1291 1290//1290
f 1294//1294 3131//3131 1292//1292 1293//1293
f 1292//1292 1308//1308 1304//1304 1291//1291
f 2776//2776 1289//1289 1293//1293 1290//1290
f 1297//1297 3131//3131 1294//1294 1323//1323
f 1295//1295 1298//1298 1299//1299 1296//1296
f 3127//3127 3126//3126 1295//1295 1297//1297
f 1297//1297 1295//1295 1296//1296 3131//3131
f 1296//1296 1299//1299 1309//1309 1308//1308
f 1321//1321 3127//3127 1297//1297 1323//1323
f 3126//3126 1329//1329 1298//1298 1295//1295
f 1301//1301 1300//1300 1299//1299 1298//1298
f 1299//1299 1300//1300 1310//1310 1309//1309
f 1303//1303 1302//1302 1300//1300 1301//1301
f 1311//1311 1310//1310 1300//1300 1302//1302
f 1301//1301 1298//1298 1329//1329 1330//1330
f 2615//2615 2614//2614 1302//1302 1303//1303
f 2627//2627 1311//1311 1302//1302 2614//2614
f 1303//1303 1301//1301 1330//1330 2656//2656
f 1308//1308 1309//1309 1305//1305 1304//1304
f 1309//1309 1310//1310 1306//1306 1305//1305
f 1311//1311 1307//1307 1306//1306 1310//1310
f 2627//2627 2622//2622 1307//1307 1311//1311
f 3131//3131 1296//1296 1308//1308 1292//1292
f 1314//1314 1315//1315 1313//1313 1312//1312
f 1316//1316 1319//1319 1313//1313 1315//1315
f 1318//1318 1312//1312 1313//1313 1322//1322
f 1316//1316 1317//1317 1320//1320 1319//1319
f 1317//1317 1324//1324 1326//1326 1320//1320
f 1319//1319 1321//1321 1322//1322 1313//1313
f 1320//1320 3127//3127 1321//1321 1319//1319
f 1324//1324 1327//1327 1328//1328 1326//1326
f 1325//1325 2721//2721 1328//1328 1327//1327
f 1325//1325 2720//2720 2650//2650 2721//2721
f 1326//1326 3126//3126 3127//3127 1320//1320
f 1328//1328 2721//2721 1330//1330 1329//1329
f 1328//1328 1329//1329 3126//3126 1326//1326
f 1331//1331 1332//1332 1343//1343 1341//1341
f 1332//1332 1331//1331 1333//1333 1335//1335
f 1332//1332 1334//1334 1345//1345 1343//1343
f 1333//1333 1422//1422 1423//1423 1335//1335
f 1334//1334 1332//1332 1335//1335 1337//1337
f 1334//1334 1336//1336 1347//1347 1345//1345
f 1335//1335 1423//1423 1424//1424 1337//1337
f 1336//1336 1334//1334 1337//1337 1339//1339
f 1337//1337 1424//1424 1425//1425 1339//1339
f 1338//1338 1336//1336 1339//1339 1439//1439
f 1338//1338 1351//1351 1347//1347 1336//1336
f 1358//1358 1351//1351 1338//1338 1360//1360
f 1342//1342 1340//1340 1341//1341 1344//1344
f 1342//1342 1344//1344 1371//1371 1370//1370
f 1344//1344 1341//1341 1343//1343 1346//1346
f 1344//1344 1346//1346 1373//1373 1371//1371
f 1346//1346 1343//1343 1345//1345 1348//1348
f 1346//1346 1348//1348 1350//1350 1373//1373
f 1348//1348 1345//1345 1347//1347 1349//1349
f 1350//1350 1348//1348 1349//1349 1353//1353
f 1349//1349 1347//1347 1351//1351 1352//1352
f 1375//1375 1373//1373 1350//1350 1376//1376
f 1354//1354 1352//1352 1351//1351 1358//1358
f 1353//1353 1349//1349 1352//1352 1355//1355
f 1376//1376 1350//1350 1353//1353 1383//1383
f 1355//1355 1352//1352 1354//1354 1356//1356
f 1359//1359 1357//1357 1354//1354 1358//1358
f 1383//1383 1353//1353 1355//1355 1384//1384
f 1386//1386 1384//1384 1355//1355 1356//1356
f 1356//1356 1354//1354 1357//1357 2789//2789
f 1357//1357 1359//1359 1457//1457 1458//1458
f 1473//1473 2789//2789 1357//1357 1458//1458
f 1359//1359 1358//1358 1360//1360 1361//1361
f 1360//1360 1338//1338 1439//1439 1441//1441
f 1441//1441 1440//1440 1361//1361 1360//1360
f 1361//1361 1440//1440 1443//1443 1455//1455
f 1457//1457 1359//1359 1361//1361 1455//1455
f 1362//1362 148//148 1372//1372 1363//1363
f 1363//1363 1372//1372 1374//1374 1364//1364
f 1365//1365 1363//1363 1364//1364 1367//1367
f 1364//1364 1374//1374 1375//1375 1366//1366
f 1367//1367 1364//1364 1366//1366 1369//1369
f 1366//1366 1375//1375 1376//1376 1368//1368
f 1367//1367 2778//2778 2779//2779 1365//1365
f 1369//1369 1366//1366 1368//1368 1378//1378
f 1368//1368 1376//1376 1383//1383 1377//1377
f 1369//1369 2777//2777 2778//2778 1367//1367
f 3030//3030 1342//1342 1370//1370 145//145
f 1372//1372 1370//1370 1371//1371 1374//1374
f 1374//1374 1371//1371 1373//1373 1375//1375
f 1378//1378 1368//1368 1377//1377 1380//1380
f 1377//1377 1383//1383 1384//1384 1379//1379
f 1378//1378 1389//1389 2777//2777 1369//1369
f 1380//1380 1377//1377 1379//1379 1381//1381
f 1382//1382 1381//1381 1379//1379 1387//1387
f 1380//1380 1381//1381 1385//1385 1390//1390
f 1380//1380 1390//1390 1389//1389 1378//1378
f 1385//1385 1381//1381 1382//1382 1388//1388
f 2918//2918 1388//1388 1382//1382 2937//2937
f 3202//3202 2937//2937 1382//1382 1387//1387
f 1384//1384 1386//1386 1387//1387 1379//1379
f 1392//1392 1390//1390 1385//1385 1393//1393
f 1394//1394 1393//1393 1385//1385 1388//1388
f 2789//2789 3201//3201 1386//1386 1356//1356
f 3201//3201 3202//3202 1387//1387 1386//1386
f 1403//1403 1394//1394 1388//1388 2918//2918
f 1389//1389 1391//1391 2758//2758 2777//2777
f 1391//1391 1389//1389 1390//1390 1392//1392
f 1392//1392 1395//1395 2737//2737 1391//1391
f 1395//1395 1392//1392 1393//1393 1396//1396
f 1397//1397 1396//1396 1393//1393 1394//1394
f 1404//1404 1397//1397 1394//1394 1403//1403
f 1398//1398 1399//1399 1396//1396 1397//1397
f 1402//1402 1395//1395 1396//1396 1399//1399
f 1405//1405 1398//1398 1397//1397 1404//1404
f 1400//1400 1399//1399 1398//1398 1406//1406
f 1401//1401 1402//1402 1399//1399 1400//1400
f 1412//1412 1401//1401 1400//1400 1414//1414
f 1413//1413 1414//1414 1400//1400 1406//1406
f 2736//2736 1402//1402 1401//1401 2998//2998
f 1402//1402 2736//2736 2737//2737 1395//1395
f 1489//1489 1405//1405 1404//1404 1495//1495
f 1404//1404 1403//1403 1492//1492 1495//1495
f 1406//1406 1398//1398 1405//1405 1490//1490
f 1488//1488 1413//1413 1406//1406 1490//1490
f 1408//1408 1409//1409 1407//1407 1411//1411
f 3022//3022 3021//3021 1407//1407 1409//1409
f 1512//1512 1510//1510 1408//1408 1411//1411
f 1409//1409 1408//1408 1508//1508 2981//2981
f 3023//3023 3022//3022 1409//1409 2981//2981
f 1411//1411 1407//1407 1410//1410 1419//1419
f 3021//3021 1417//1417 1410//1410 1407//1407
f 1513//1513 1512//1512 1411//1411 1419//1419
f 1418//1418 1416//1416 1412//1412 1414//1414
f 2998//2998 1401//1401 1412//1412 1417//1417
f 1413//1413 1488//1488 2807//2807 1415//1415
f 1414//1414 1413//1413 1415//1415 1418//1418
f 1421//1421 1418//1418 1415//1415 1507//1507
f 1506//1506 1507//1507 1415//1415 2807//2807
f 1416//1416 1410//1410 1417//1417 1412//1412
f 1419//1419 1410//1410 1416//1416 1420//1420
f 2999//2999 2998//2998 1417//1417 3021//3021
f 1420//1420 1416//1416 1418//1418 1421//1421
f 1525//1525 1513//1513 1419//1419 1420//1420
f 1525//1525 1420//1420 1421//1421 1526//1526
f 1423//1423 1422//1422 1426//1426 1428//1428
f 1423//1423 1428//1428 1427//1427 1424//1424
f 1424//1424 1427//1427 1429//1429 1425//1425
f 1439//1439 1339//1339 1425//1425 3062//3062
f 1425//1425 1429//1429 3028//3028 3062//3062
f 1426//1426 204//204 1430//1430 1431//1431
f 1427//1427 1428//1428 1432//1432 1433//1433
f 1428//1428 1426//1426 1431//1431 1432//1432
f 1429//1429 1427//1427 1433//1433 1437//1437
f 1430//1430 208//208 1434//1434 1431//1431
f 1431//1431 1434//1434 1435//1435 1432//1432
f 1433//1433 1432//1432 1435//1435 1436//1436
f 1435//1435 1434//1434 1600//1600 1602//1602
f 1435//1435 1602//1602 1601//1601 1436//1436
f 1437//1437 1433//1433 1436//1436 1438//1438
f 1436//1436 1601//1601 1603//1603 1438//1438
f 3028//3028 1429//1429 1437//1437 1449//1449
f 1449//1449 1437//1437 1438//1438 1450//1450
f 1438//1438 1603//1603 1615//1615 1450//1450
f 1439//1439 3062//3062 3060//3060 1441//1441
f 1442//1442 1443//1443 1440//1440 3061//3061
f 1441//1441 3060//3060 3061//3061 1440//1440
f 1442//1442 1444//1444 1448//1448 1443//1443
f 1456//1456 1455//1455 1443//1443 1448//1448
f 1447//1447 1448//1448 1444//1444 1446//1446
f 1444//1444 1442//1442 3061//3061 1445//1445
f 1446//1446 1444//1444 1445//1445 1454//1454
f 3110//3110 1454//1454 1445//1445 3088//3088
f 1446//1446 1451//1451 1452//1452 1447//1447
f 1456//1456 1448//1448 1447//1447 2869//2869
f 1467//1467 2869//2869 1447//1447 1452//1452
f 1618//1618 3110//3110 1449//1449 1450//1450
f 1449//1449 3110//3110 3088//3088 3028//3028
f 1450//1450 1615//1615 1616//1616 1618//1618
f 1454//1454 1453//1453 1451//1451 1446//1446
f 1451//1451 1635//1635 1633//1633 1452//1452
f 1468//1468 1467//1467 1452//1452 1633//1633
f 1453//1453 1617//1617 1635//1635 1451//1451
f 1453//1453 1454//1454 3110//3110 1618//1618
f 1457//1457 1455//1455 1456//1456 1460//1460
f 1461//1461 1460//1460 1456//1456 2869//2869
f 1459//1459 1458//1458 1457//1457 1460//1460
f 1459//1459 1460//1460 1461//1461 1465//1465
f 1463//1463 1462//1462 1459//1459 1465//1465
f 1459//1459 1462//1462 1473//1473 1458//1458
f 1480//1480 1474//1474 1462//1462 1463//1463
f 1484//1484 1480//1480 1463//1463 1466//1466
f 1465//1465 1461//1461 1464//1464 1470//1470
f 1464//1464 1467//1467 1468//1468 1469//1469
f 1464//1464 1461//1461 2869//2869 1467//1467
f 1466//1466 1463//1463 1465//1465 1470//1470
f 1466//1466 1470//1470 1471//1471 1638//1638
f 1661//1661 1484//1484 1466//1466 1638//1638
f 1468//1468 1633//1633 1634//1634 1636//1636
f 1639//1639 1469//1469 1468//1468 1636//1636
f 1470//1470 1464//1464 1469//1469 1471//1471
f 1471//1471 1469//1469 1639//1639 1640//1640
f 1476//1476 1475//1475 1472//1472 1474//1474
f 2789//2789 1473//1473 1472//1472 3201//3201
f 1472//1472 1475//1475 3202//3202 3201//3201
f 1474//1474 1472//1472 1473//1473 1462//1462
f 1481//1481 1476//1476 1474//1474 1480//1480
f 1475//1475 1477//1477 2937//2937 3202//3202
f 1477//1477 1475//1475 1476//1476 1478//1478
f 1479//1479 1477//1477 1478//1478 1483//1483
f 1478//1478 1476//1476 1481//1481 1482//1482
f 1479//1479 2918//2918 2937//2937 1477//1477
f 1485//1485 1481//1481 1480//1480 1484//1484
f 1483//1483 1478//1478 1482//1482 1487//1487
f 1482//1482 1481//1481 1485//1485 1486//1486
f 1492//1492 1479//1479 1483//1483 1494//1494
f 1498//1498 1494//1494 1483//1483 1487//1487
f 1662//1662 1485//1485 1484//1484 1661//1661
f 1487//1487 1482//1482 1486//1486 1664//1664
f 1486//1486 1485//1485 1662//1662 2843//2843
f 1663//1663 1664//1664 1486//1486 2843//2843
f 1502//1502 1498//1498 1487//1487 1664//1664
f 1488//1488 1490//1490 1491//1491 1493//1493
f 1490//1490 1405//1405 1489//1489 1491//1491
f 1489//1489 1495//1495 1496//1496 1497//1497
f 1491//1491 1489//1489 1497//1497 1501//1501
f 3205//3205 1493//1493 1491//1491 1501//1501
f 1496//1496 1495//1495 1492//1492 1494//1494
f 1492//1492 1403//1403 2918//2918 1479//1479
f 2807//2807 1488//1488 1493//1493 3197//3197
f 1493//1493 3205//3205 2863//2863 3197//3197
f 1499//1499 1496//1496 1494//1494 1498//1498
f 1497//1497 1496//1496 1499//1499 1500//1500
f 1503//1503 1499//1499 1498//1498 1502//1502
f 1504//1504 1500//1500 1499//1499 1503//1503
f 1501//1501 1497//1497 1500//1500 1505//1505
f 1677//1677 3205//3205 1501//1501 1505//1505
f 1663//1663 3210//3210 1502//1502 1664//1664
f 1679//1679 1504//1504 1503//1503 2936//2936
f 3210//3210 2936//2936 1503//1503 1502//1502
f 1505//1505 1500//1500 1504//1504 1680//1680
f 1506//1506 2800//2800 1530//1530 1507//1507
f 1538//1538 2800//2800 1506//1506 2862//2862
f 1526//1526 1421//1421 1507//1507 1530//1530
f 1509//1509 287//287 1508//1508 1511//1511
f 1510//1510 1511//1511 1508//1508 1408//1408
f 1510//1510 1512//1512 1515//1515 1514//1514
f 1511//1511 1510//1510 1514//1514 291//291
f 1512//1512 1513//1513 1516//1516 1515//1515
f 1513//1513 1525//1525 1521//1521 1516//1516
f 1515//1515 1518//1518 1517//1517 1514//1514
f 1516//1516 1519//1519 1518//1518 1515//1515
f 1522//1522 1517//1517 1518//1518 1523//1523
f 1521//1521 1520//1520 1519//1519 1516//1516
f 1523//1523 1518//1518 1519//1519 1524//1524
f 1524//1524 1519//1519 1520//1520 1534//1534
f 1528//1528 1531//1531 1520//1520 1521//1521
f 1522//1522 1721//1721 1720//1720 294//294
f 1523//1523 1722//1722 1721//1721 1522//1522
f 1524//1524 1723//1723 1722//1722 1523//1523
f 1524//1524 1534//1534 1729//1729 1723//1723
f 1528//1528 1521//1521 1525//1525 1526//1526
f 1527//1527 1528//1528 1526//1526 1530//1530
f 1527//1527 1532//1532 1531//1531 1528//1528
f 1527//1527 1529//1529 1533//1533 1532//1532
f 1529//1529 1527//1527 1530//1530 2800//2800
f 1543//1543 1533//1533 1529//1529 1540//1540
f 1534//1534 1520//1520 1531//1531 1535//1535
f 1535//1535 1531//1531 1532//1532 1537//1537
f 1533//1533 1536//1536 1537//1537 1532//1532
f 1533//1533 1543//1543 1544//1544 1536//1536
f 1729//1729 1534//1534 1535//1535 1734//1734
f 1535//1535 1537//1537 1730//1730 1734//1734
f 1537//1537 1536//1536 1546//1546 1730//1730
f 1540//1540 1538//1538 1539//1539 1542//1542
f 1539//1539 1538//1538 2862//2862 2861//2861
f 3204//3204 1545//1545 1539//1539 2861//2861
f 1540//1540 1542//1542 1541//1541 1543//1543
f 1540//1540 1529//1529 2800//2800 1538//1538
f 1541//1541 1542//1542 1731//1731 1737//1737
f 1542//1542 1539//1539 1545//1545 1731//1731
f 1543//1543 1541//1541 2922//2922 1544//1544
f 1544//1544 1732//1732 1546//1546 1536//1536
f 1544//1544 2922//2922 1739//1739 1732//1732
f 1711//1711 1713//1713 1545//1545 3204//3204
f 1545//1545 1713//1713 1736//1736 1731//1731
f 1546//1546 1735//1735 1733//1733 1730//1730
f 2785//2785 1735//1735 1546//1546 1732//1732
f 1548//1548 315//315 1547//1547 1550//1550
f 1547//1547 315//315 1555//1555 1556//1556
f 1572//1572 328//328 1548//1548 1550//1550
f 1550//1550 1547//1547 1549//1549 1552//1552
f 1551//1551 1552//1552 1549//1549 1554//1554
f 1549//1549 1547//1547 1556//1556 1558//1558
f 1549//1549 1558//1558 1557//1557 1554//1554
f 1573//1573 1572//1572 1550//1550 1552//1552
f 1551//1551 1554//1554 1553//1553 1571//1571
f 1575//1575 1574//1574 1551//1551 1571//1571
f 1574//1574 1573//1573 1552//1552 1551//1551
f 1561//1561 1571//1571 1553//1553 1562//1562
f 1553//1553 1559//1559 1564//1564 1562//1562
f 1554//1554 1557//1557 1559//1559 1553//1553
f 1560//1560 1561//1561 1562//1562 1563//1563
f 2676//2676 1589//1589 1560//1560 1566//1566
f 1589//1589 1588//1588 1561//1561 1560//1560
f 1562//1562 1564//1564 1565//1565 1563//1563
f 1566//1566 1560//1560 1563//1563 1565//1565
f 1763//1763 1762//1762 1567//1567 79//79
f 1567//1567 1762//1762 2900//2900 1568//1568
f 1570//1570 1569//1569 1568//1568 2900//2900
f 1570//1570 2908//2908 2676//2676 1569//1569
f 1570//1570 2900//2900 2899//2899 1772//1772
f 1588//1588 1575//1575 1571//1571 1561//1561
f 1577//1577 1576//1576 1572//1572 1573//1573
f 1578//1578 1577//1577 1573//1573 1574//1574
f 1579//1579 1578//1578 1574//1574 1575//1575
f 1590//1590 1579//1579 1575//1575 1588//1588
f 1577//1577 1581//1581 1580//1580 1576//1576
f 1578//1578 1582//1582 1581//1581 1577//1577
f 1579//1579 1583//1583 1582//1582 1578//1578
f 1584//1584 330//330 1580//1580 1585//1585
f 1585//1585 1580//1580 1581//1581 1586//1586
f 1586//1586 1581//1581 1582//1582 1587//1587
f 1587//1587 1582//1582 1583//1583 1593//1593
f 1583//1583 1579//1579 1590//1590 1591//1591
f 1594//1594 1595//1595 1584//1584 1585//1585
f 1584//1584 1595//1595 3080//3080 333//333
f 1596//1596 1594//1594 1585//1585 1586//1586
f 1596//1596 1586//1586 1587//1587 1597//1597
f 1590//1590 1588//1588 1589//1589 2806//2806
f 1589//1589 2676//2676 2908//2908 2806//2806
f 1592//1592 1591//1591 1590//1590 2806//2806
f 1593//1593 1583//1583 1591//1591 1599//1599
f 1592//1592 1769//1769 1599//1599 1591//1591
f 2908//2908 1770//1770 1592//1592 2806//2806
f 1597//1597 1587//1587 1593//1593 1598//1598
f 1781//1781 1595//1595 1594//1594 1782//1782
f 1783//1783 1782//1782 1594//1594 1596//1596
f 1595//1595 1781//1781 3078//3078 3080//3080
f 1783//1783 1596//1596 1597//1597 1797//1797
f 1798//1798 1797//1797 1597//1597 1598//1598
f 1598//1598 1593//1593 1599//1599 1796//1796
f 1799//1799 1798//1798 1598//1598 1796//1796
f 1795//1795 1796//1796 1599//1599 1769//1769
f 1601//1601 1602//1602 1605//1605 1606//1606
f 1602//1602 1600//1600 1604//1604 1605//1605
f 1603//1603 1601//1601 1606//1606 1610//1610
f 1608//1608 1605//1605 1604//1604 1607//1607
f 1609//1609 1606//1606 1605//1605 1608//1608
f 1612//1612 1608//1608 1607//1607 1611//1611
f 1613//1613 1609//1609 1608//1608 1612//1612
f 1610//1610 1606//1606 1609//1609 1614//1614
f 1615//1615 1603//1603 1610//1610 1619//1619
f 1820//1820 1612//1612 1611//1611 1819//1819
f 1821//1821 1613//1613 1612//1612 1820//1820
f 1614//1614 1609//1609 1613//1613 1626//1626
f 1822//1822 1626//1626 1613//1613 1821//1821
f 1619//1619 1610//1610 1614//1614 1624//1624
f 1616//1616 1615//1615 1619//1619 1620//1620
f 1618//1618 1616//1616 1617//1617 1453//1453
f 1617//1617 1616//1616 1620//1620 1621//1621
f 1617//1617 1621//1621 1622//1622 1635//1635
f 1620//1620 1619//1619 1624//1624 1625//1625
f 1623//1623 1622//1622 1621//1621 1628//1628
f 1621//1621 1620//1620 1625//1625 1628//1628
f 1622//1622 1634//1634 1633//1633 1635//1635
f 1637//1637 1634//1634 1622//1622 1623//1623
f 1631//1631 1637//1637 1623//1623 2957//2957
f 1624//1624 1614//1614 1626//1626 1627//1627
f 1625//1625 1624//1624 1627//1627 1629//1629
f 1852//1852 1627//1627 1626//1626 1822//1822
f 1853//1853 1629//1629 1627//1627 1852//1852
f 1628//1628 1625//1625 1629//1629 1854//1854
f 2957//2957 1623//1623 1628//1628 1854//1854
f 1630//1630 1642//1642 1637//1637 1631//1631
f 2849//2849 1644//1644 1630//1630 1632//1632
f 1632//1632 1630//1630 1631//1631 2958//2958
f 1632//1632 2958//2958 1861//1861 1863//1863
f 1642//1642 1636//1636 1634//1634 1637//1637
f 1636//1636 1642//1642 1643//1643 1639//1639
f 1638//1638 1471//1471 1640//1640 1641//1641
f 1665//1665 1661//1661 1638//1638 1641//1641
f 1643//1643 1645//1645 1640//1640 1639//1639
f 1645//1645 1647//1647 1641//1641 1640//1640
f 1644//1644 1643//1643 1642//1642 1630//1630
f 1646//1646 1645//1645 1643//1643 1644//1644
f 2857//2857 1646//1646 1644//1644 2849//2849
f 1648//1648 1647//1647 1645//1645 1646//1646
f 1646//1646 2857//2857 1904//1904 1648//1648
f 1647//1647 2788//2788 1665//1665 1641//1641
f 1648//1648 1904//1904 2782//2782 2786//2786
f 1648//1648 2786//2786 2788//2788 1647//1647
f 1650//1650 1651//1651 1649//1649 1656//1656
f 1654//1654 1656//1656 1649//1649 1655//1655
f 1649//1649 1651//1651 1660//1660 1659//1659
f 3160//3160 1667//1667 1650//1650 3159//3159
f 1667//1667 1668//1668 1651//1651 1650//1650
f 1651//1651 1668//1668 1672//1672 1660//1660
f 1652//1652 1654//1654 1655//1655 1653//1653
f 2797//2797 3132//3132 1652//1652 408//408
f 3157//3157 1654//1654 1652//1652 3132//3132
f 1653//1653 1655//1655 1658//1658 1657//1657
f 3158//3158 1656//1656 1654//1654 3157//3157
f 1655//1655 1649//1649 1659//1659 1658//1658
f 3159//3159 1650//1650 1656//1656 3158//3158
f 1888//1888 1886//1886 1657//1657 1658//1658
f 1890//1890 1888//1888 1658//1658 1659//1659
f 1906//1906 1890//1890 1659//1659 1660//1660
f 1908//1908 1906//1906 1660//1660 1672//1672
f 1666//1666 1662//1662 1661//1661 1665//1665
f 2925//2925 2843//2843 1662//1662 1666//1666
f 2788//2788 2787//2787 1666//1666 1665//1665
f 3118//3118 1669//1669 1667//1667 3160//3160
f 1669//1669 1670//1670 1668//1668 1667//1667
f 1669//1669 2668//2668 2782//2782 2965//2965
f 1671//1671 1670//1670 1669//1669 2965//2965
f 1672//1672 1668//1668 1670//1670 1907//1907
f 1671//1671 2965//2965 1903//1903 1909//1909
f 1671//1671 1909//1909 1913//1913 1670//1670
f 1673//1673 2994//2994 2947//2947 1674//1674
f 1673//1673 3158//3158 3157//3157 2994//2994
f 1675//1675 1673//1673 1674//1674 2945//2945
f 2946//2946 1704//1704 1674//1674 2947//2947
f 1691//1691 1692//1692 1675//1675 2945//2945
f 1675//1675 3159//3159 3158//3158 1673//1673
f 3205//3205 1677//1677 1676//1676 2863//2863
f 1678//1678 1676//1676 1677//1677 1681//1681
f 1680//1680 1681//1681 1677//1677 1505//1505
f 1678//1678 1681//1681 1682//1682 1683//1683
f 1712//1712 1711//1711 1678//1678 1683//1683
f 1678//1678 1711//1711 3204//3204 1676//1676
f 1680//1680 1504//1504 1679//1679 1685//1685
f 1682//1682 1681//1681 1680//1680 1685//1685
f 1683//1683 1682//1682 1686//1686 1687//1687
f 1683//1683 1687//1687 1714//1714 1712//1712
f 1685//1685 1679//1679 1684//1684 1689//1689
f 1688//1688 1689//1689 1684//1684 2935//2935
f 2801//2801 2935//2935 1684//1684 3191//3191
f 1684//1684 1679//1679 2936//2936 3191//3191
f 1686//1686 1682//1682 1685//1685 1689//1689
f 1687//1687 1686//1686 1690//1690 1702//1702
f 1716//1716 1714//1714 1687//1687 1702//1702
f 2923//2923 1701//1701 1688//1688 2935//2935
f 1690//1690 1686//1686 1689//1689 1688//1688
f 1701//1701 3206//3206 1690//1690 1688//1688
f 1690//1690 3206//3206 1717//1717 1702//1702
f 1691//1691 1693//1693 1694//1694 1692//1692
f 1691//1691 1696//1696 1695//1695 1693//1693
f 1703//1703 1696//1696 1691//1691 2945//2945
f 1692//1692 3160//3160 3159//3159 1675//1675
f 1698//1698 1697//1697 1693//1693 1695//1695
f 3116//3116 1694//1694 1693//1693 1697//1697
f 1694//1694 3118//3118 3160//3160 1692//1692
f 1707//1707 1695//1695 1696//1696 1706//1706
f 1707//1707 2795//2795 1698//1698 1695//1695
f 1698//1698 2802//2802 2756//2756 1697//1697
f 1698//1698 2795//2795 2923//2923 2802//2802
f 1699//1699 2795//2795 1707//1707 2917//2917
f 2923//2923 2795//2795 1699//1699 1701//1701
f 1701//1701 1699//1699 1700//1700 3206//3206
f 1700//1700 1709//1709 1717//1717 3206//3206
f 2917//2917 1710//1710 1700//1700 1699//1699
f 1706//1706 1696//1696 1703//1703 1705//1705
f 1705//1705 1703//1703 1704//1704 1924//1924
f 1704//1704 2946//2946 1922//1922 1924//1924
f 1704//1704 1703//1703 2945//2945 1674//1674
f 1934//1934 1706//1706 1705//1705 1933//1933
f 1935//1935 3216//3216 1706//1706 1934//1934
f 3216//3216 1708//1708 1710//1710 2917//2917
f 1948//1948 1708//1708 3216//3216 2111//2111
f 1708//1708 1948//1948 1946//1946 1709//1709
f 1710//1710 1708//1708 1709//1709 1700//1700
f 1713//1713 1711//1711 1712//1712 1715//1715
f 1715//1715 1712//1712 1714//1714 1719//1719
f 1736//1736 1713//1713 1715//1715 1743//1743
f 1716//1716 1702//1702 1717//1717 1718//1718
f 1719//1719 1714//1714 1716//1716 1947//1947
f 1946//1946 1718//1718 1717//1717 1709//1709
f 1947//1947 1716//1716 1718//1718 2930//2930
f 1959//1959 2930//2930 1718//1718 1946//1946
f 1743//1743 1715//1715 1719//1719 1746//1746
f 1720//1720 1724//1724 1725//1725 295//295
f 1721//1721 1726//1726 1724//1724 1720//1720
f 1722//1722 1727//1727 1726//1726 1721//1721
f 1722//1722 1723//1723 1728//1728 1727//1727
f 1723//1723 1729//1729 1742//1742 1728//1728
f 1749//1749 1725//1725 1724//1724 2959//2959
f 1724//1724 1726//1726 1751//1751 2959//2959
f 2969//2969 295//295 1725//1725 2750//2750
f 1726//1726 1727//1727 1750//1750 1751//1751
f 1750//1750 1727//1727 1728//1728 1752//1752
f 1741//1741 1742//1742 1729//1729 1734//1734
f 1732//1732 1739//1739 1740//1740 2785//2785
f 1734//1734 1730//1730 1733//1733 1741//1741
f 1735//1735 1756//1756 1755//1755 1733//1733
f 2770//2770 1756//1756 1735//1735 2785//2785
f 1737//1737 1731//1731 1736//1736 1738//1738
f 1744//1744 1738//1738 1736//1736 1743//1743
f 1737//1737 1739//1739 2922//2922 1541//1541
f 1739//1739 1737//1737 1738//1738 1740//1740
f 1740//1740 1738//1738 1744//1744 1747//1747
f 1741//1741 1754//1754 1753//1753 1742//1742
f 1755//1755 1754//1754 1741//1741 1733//1733
f 1742//1742 1753//1753 1752//1752 1728//1728
f 1745//1745 1744//1744 1743//1743 1746//1746
f 1748//1748 1747//1747 1744//1744 1745//1745
f 1746//1746 1719//1719 1947//1947 1951//1951
f 1950//1950 1745//1745 1746//1746 1951//1951
f 2785//2785 1740//1740 1747//1747 2770//2770
f 1950//1950 1953//1953 1748//1748 1745//1745
f 1955//1955 2931//2931 1748//1748 1953//1953
f 1748//1748 2931//2931 2770//2770 1747//1747
f 2750//2750 1725//1725 1749//1749 2748//2748
f 1749//1749 2959//2959 3165//3165 3164//3164
f 1751//1751 1750//1750 1965//1965 3166//3166
f 1752//1752 1966//1966 1965//1965 1750//1750
f 1753//1753 1967//1967 1966//1966 1752//1752
f 1972//1972 1967//1967 1753//1753 1754//1754
f 1973//1973 1972//1972 1754//1754 1755//1755
f 1974//1974 1973//1973 1755//1755 1756//1756
f 1758//1758 1759//1759 1757//1757 1986//1986
f 1757//1757 2697//2697 2698//2698 1983//1983
f 1758//1758 1760//1760 1761//1761 1759//1759
f 1988//1988 1760//1760 1758//1758 1987//1987
f 1759//1759 2692//2692 2697//2697 1757//1757
f 1998//1998 3032//3032 1760//1760 1988//1988
f 1761//1761 2696//2696 2692//2692 1759//1759
f 1761//1761 2967//2967 2695//2695 2696//2696
f 3032//3032 2967//2967 1761//1761 1760//1760
f 1764//1764 1765//1765 1763//1763 83//83
f 1763//1763 1765//1765 2913//2913 1762//1762
f 1767//1767 1765//1765 1764//1764 1768//1768
f 1765//1765 1767//1767 1778//1778 2913//2913
f 1766//1766 1994//1994 1768//1768 1764//1764
f 1767//1767 1768//1768 2013//2013 2012//2012
f 1770//1770 1771//1771 1769//1769 1592//1592
f 1776//1776 1795//1795 1769//1769 1771//1771
f 1771//1771 1770//1770 1772//1772 1773//1773
f 1771//1771 1773//1773 1774//1774 1776//1776
f 2908//2908 1570//1570 1772//1772 1770//1770
f 1773//1773 2912//2912 1780//1780 1774//1774
f 2899//2899 2912//2912 1773//1773 1772//1772
f 1815//1815 1808//1808 1775//1775 1777//1777
f 1777//1777 1775//1775 1776//1776 1774//1774
f 1776//1776 1775//1775 1806//1806 1795//1795
f 1780//1780 2911//2911 1777//1777 1774//1774
f 1814//1814 1815//1815 1777//1777 2911//2911
f 1778//1778 1779//1779 1780//1780 2912//2912
f 2012//2012 1779//1779 1778//1778 1767//1767
f 2899//2899 2913//2913 1778//1778 2912//2912
f 1779//1779 2012//2012 2014//2014 2010//2010
f 2010//2010 2911//2911 1780//1780 1779//1779
f 1781//1781 1784//1784 1785//1785 3078//3078
f 1782//1782 1786//1786 1784//1784 1781//1781
f 1786//1786 1782//1782 1783//1783 1787//1787
f 1788//1788 1785//1785 1784//1784 1789//1789
f 1785//1785 1788//1788 3034//3034 3036//3036
f 3079//3079 3078//3078 1785//1785 3036//3036
f 1789//1789 1784//1784 1786//1786 1790//1790
f 1790//1790 1786//1786 1787//1787 1803//1803
f 1797//1797 1800//1800 1787//1787 1783//1783
f 1791//1791 1792//1792 1788//1788 1789//1789
f 1788//1788 1792//1792 1833//1833 3034//3034
f 1793//1793 1791//1791 1789//1789 1790//1790
f 1794//1794 1793//1793 1790//1790 1803//1803
f 1835//1835 1834//1834 1791//1791 1793//1793
f 1834//1834 1831//1831 1792//1792 1791//1791
f 1836//1836 1835//1835 1793//1793 1794//1794
f 1869//1869 1836//1836 1794//1794 1809//1809
f 1795//1795 1806//1806 1799//1799 1796//1796
f 1800//1800 1797//1797 1798//1798 1801//1801
f 1802//1802 1801//1801 1798//1798 1799//1799
f 1803//1803 1787//1787 1800//1800 1804//1804
f 1804//1804 1800//1800 1801//1801 1805//1805
f 1805//1805 1801//1801 1802//1802 2910//2910
f 1806//1806 1807//1807 1802//1802 1799//1799
f 1809//1809 1794//1794 1803//1803 1804//1804
f 1810//1810 1809//1809 1804//1804 1805//1805
f 1811//1811 1810//1810 1805//1805 2910//2910
f 1808//1808 1807//1807 1806//1806 1775//1775
f 1807//1807 1812//1812 2910//2910 1802//1802
f 1808//1808 1817//1817 1812//1812 1807//1807
f 1808//1808 1815//1815 1816//1816 1817//1817
f 1870//1870 1869//1869 1809//1809 1810//1810
f 1871//1871 1870//1870 1810//1810 1811//1811
f 1812//1812 1813//1813 1811//1811 2910//2910
f 1817//1817 1818//1818 1813//1813 1812//1812
f 1813//1813 2774//2774 1871//1871 1811//1811
f 2010//2010 2011//2011 1814//1814 2911//2911
f 1814//1814 2011//2011 2030//2030 2029//2029
f 1815//1815 1814//1814 2029//2029 1816//1816
f 1816//1816 2028//2028 1818//1818 1817//1817
f 1818//1818 2904//2904 2774//2774 1813//1813
f 1824//1824 1820//1820 1819//1819 1823//1823
f 1825//1825 1821//1821 1820//1820 1824//1824
f 1826//1826 1822//1822 1821//1821 1825//1825
f 1857//1857 1852//1852 1822//1822 1826//1826
f 1828//1828 1824//1824 1823//1823 1827//1827
f 1829//1829 1825//1825 1824//1824 1828//1828
f 1830//1830 1826//1826 1825//1825 1829//1829
f 1864//1864 1857//1857 1826//1826 1830//1830
f 1827//1827 1837//1837 1838//1838 1839//1839
f 1828//1828 1827//1827 1839//1839 1840//1840
f 1829//1829 1828//1828 1840//1840 1851//1851
f 1846//1846 1830//1830 1829//1829 1851//1851
f 1877//1877 1864//1864 1830//1830 1846//1846
f 1831//1831 1832//1832 1833//1833 1792//1792
f 1831//1831 1841//1841 1842//1842 1832//1832
f 1833//1833 1832//1832 3064//3064 3066//3066
f 1834//1834 1843//1843 1841//1841 1831//1831
f 1835//1835 1844//1844 1843//1843 1834//1834
f 1836//1836 1845//1845 1844//1844 1835//1835
f 1839//1839 1838//1838 1847//1847 1848//1848
f 1840//1840 1839//1839 1848//1848 1849//1849
f 1847//1847 1842//1842 1841//1841 1848//1848
f 3064//3064 1832//1832 1842//1842 2979//2979
f 1848//1848 1841//1841 1843//1843 1849//1849
f 1849//1849 1843//1843 1844//1844 1850//1850
f 1850//1850 1844//1844 1845//1845 1880//1880
f 1869//1869 1874//1874 1845//1845 1836//1836
f 1846//1846 1851//1851 1850//1850 1880//1880
f 1847//1847 1838//1838 2679//2679 2681//2681
f 2979//2979 1842//1842 1847//1847 2681//2681
f 1851//1851 1840//1840 1849//1849 1850//1850
f 1858//1858 1853//1853 1852//1852 1857//1857
f 1854//1854 1629//1629 1853//1853 1855//1855
f 1854//1854 1855//1855 1856//1856 2957//2957
f 1855//1855 1853//1853 1858//1858 3189//3189
f 1859//1859 1856//1856 1855//1855 3189//3189
f 1865//1865 1858//1858 1857//1857 1864//1864
f 1859//1859 1861//1861 2958//2958 1856//1856
f 1861//1861 1859//1859 1860//1860 1862//1862
f 1860//1860 1859//1859 3189//3189 3029//3029
f 1863//1863 1861//1861 1862//1862 1868//1868
f 1862//1862 1860//1860 1866//1866 1867//1867
f 1863//1863 1868//1868 1882//1882 1912//1912
f 1863//1863 1912//1912 2849//2849 1632//1632
f 1878//1878 1865//1865 1864//1864 1877//1877
f 1865//1865 1878//1878 2043//2043 3029//3029
f 3189//3189 1858//1858 1865//1865 3029//3029
f 3029//3029 2043//2043 1866//1866 1860//1860
f 1868//1868 1862//1862 1867//1867 1872//1872
f 2042//2042 1879//1879 1867//1867 1866//1866
f 1868//1868 1872//1872 1873//1873 1882//1882
f 1870//1870 1875//1875 1874//1874 1869//1869
f 1870//1870 1871//1871 1876//1876 1875//1875
f 1871//1871 2774//2774 2773//2773 1876//1876
f 1872//1872 1867//1867 1879//1879 2045//2045
f 2062//2062 1873//1873 1872//1872 2045//2045
f 1873//1873 2062//2062 2061//2061 1884//1884
f 1880//1880 1845//1845 1874//1874 1881//1881
f 1881//1881 1874//1874 1875//1875 2678//2678
f 1875//1875 1876//1876 2041//2041 2678//2678
f 2040//2040 3217//3217 1876//1876 2773//2773
f 1877//1877 1846//1846 1880//1880 1881//1881
f 1878//1878 1877//1877 1881//1881 2678//2678
f 1884//1884 1883//1883 1882//1882 1873//1873
f 1883//1883 1902//1902 1912//1912 1882//1882
f 1909//1909 1883//1883 1884//1884 1913//1913
f 2064//2064 1913//1913 1884//1884 2061//2061
f 1888//1888 1887//1887 1885//1885 1886//1886
f 1890//1890 1889//1889 1887//1887 1888//1888
f 1887//1887 1893//1893 1892//1892 1885//1885
f 1889//1889 1894//1894 1893//1893 1887//1887
f 1891//1891 1889//1889 1890//1890 1906//1906
f 1891//1891 1895//1895 1894//1894 1889//1889
f 1893//1893 1897//1897 1896//1896 1892//1892
f 1894//1894 1898//1898 1897//1897 1893//1893
f 1895//1895 1915//1915 1898//1898 1894//1894
f 1905//1905 1910//1910 1895//1895 1891//1891
f 1914//1914 1915//1915 1895//1895 1910//1910
f 1897//1897 1900//1900 1899//1899 1896//1896
f 1897//1897 1898//1898 1901//1901 1900//1900
f 1898//1898 1915//1915 3059//3059 1901//1901
f 1899//1899 1900//1900 3142//3142 2068//2068
f 1900//1900 1901//1901 3143//3143 3142//3142
f 1901//1901 3059//3059 3144//3144 3143//3143
f 1902//1902 1903//1903 1904//1904 2857//2857
f 1909//1909 1903//1903 1902//1902 1883//1883
f 1902//1902 2857//2857 2849//2849 1912//1912
f 1904//1904 1903//1903 2965//2965 2782//2782
f 1905//1905 1891//1891 1906//1906 1908//1908
f 1905//1905 1908//1908 1911//1911 1916//1916
f 1908//1908 1672//1672 1907//1907 1911//1911
f 1913//1913 2064//2064 1907//1907 1670//1670
f 1907//1907 2064//2064 2066//2066 1911//1911
f 1910//1910 1905//1905 1916//1916 1917//1917
f 1914//1914 1910//1910 1917//1917 3133//3133
f 1914//1914 3133//3133 3129//3129 3058//3058
f 1915//1915 1914//1914 3058//3058 3059//3059
f 1916//1916 1911//1911 2066//2066 2065//2065
f 2234//2234 2233//2233 3218//3218 2238//2238
f 3133//3133 1917//1917 3218//3218 2233//2233
f 1921//1921 1920//1920 1918//1918 1919//1919
f 2948//2948 2950//2950 1918//1918 1920//1920
f 1926//1926 1921//1921 1919//1919 1928//1928
f 1923//1923 1922//1922 1920//1920 1921//1921
f 2946//2946 2948//2948 1920//1920 1922//1922
f 1925//1925 1924//1924 1922//1922 1923//1923
f 1923//1923 1921//1921 1926//1926 1927//1927
f 1933//1933 1705//1705 1924//1924 1925//1925
f 1925//1925 1923//1923 1927//1927 1931//1931
f 1926//1926 1928//1928 1929//1929 1930//1930
f 1927//1927 1926//1926 1930//1930 1932//1932
f 1943//1943 1930//1930 1929//1929 1942//1942
f 1944//1944 1932//1932 1930//1930 1943//1943
f 1931//1931 1927//1927 1932//1932 1938//1938
f 1933//1933 1925//1925 1931//1931 1936//1936
f 1945//1945 1938//1938 1932//1932 1944//1944
f 1934//1934 1933//1933 1936//1936 1937//1937
f 1935//1935 1934//1934 1937//1937 1940//1940
f 2111//2111 3216//3216 1935//1935 2112//2112
f 1936//1936 1931//1931 1938//1938 1939//1939
f 1937//1937 1936//1936 1939//1939 1941//1941
f 1939//1939 1938//1938 1945//1945 1949//1949
f 1940//1940 1937//1937 1941//1941 2757//2757
f 1940//1940 2119//2119 2112//2112 1935//1935
f 1941//1941 1939//1939 1949//1949 2110//2110
f 2106//2106 1943//1943 1942//1942 2105//2105
f 2107//2107 1944//1944 1943//1943 2106//2106
f 2108//2108 1945//1945 1944//1944 2107//2107
f 1952//1952 1951//1951 1947//1947 2930//2930
f 1948//1948 1960//1960 1959//1959 1946//1946
f 2108//2108 2109//2109 1949//1949 1945//1945
f 1950//1950 1951//1951 1952//1952 1957//1957
f 1954//1954 1953//1953 1950//1950 1957//1957
f 1963//1963 1957//1957 1952//1952 1961//1961
f 1956//1956 1955//1955 1953//1953 1954//1954
f 1955//1955 1977//1977 1974//1974 2931//2931
f 1958//1958 2125//2125 1956//1956 1954//1954
f 1977//1977 1955//1955 1956//1956 1981//1981
f 1958//1958 1954//1954 1957//1957 1963//1963
f 1958//1958 1963//1963 1964//1964 2127//2127
f 1961//1961 1959//1959 1960//1960 1962//1962
f 2111//2111 2113//2113 1960//1960 1948//1948
f 1961//1961 1952//1952 2930//2930 1959//1959
f 1963//1963 1961//1961 1962//1962 1964//1964
f 1962//1962 1960//1960 2113//2113 2126//2126
f 1964//1964 1962//1962 2126//2126 2836//2836
f 2128//2128 2127//2127 1964//1964 2836//2836
f 1965//1965 1969//1969 1970//1970 3166//3166
f 1966//1966 1967//1967 1968//1968 1971//1971
f 1966//1966 1971//1971 1969//1969 1965//1965
f 1975//1975 1968//1968 1967//1967 1972//1972
f 1979//1979 1978//1978 1968//1968 1975//1975
f 1969//1969 2138//2138 2139//2139 1970//1970
f 3165//3165 3166//3166 1970//1970 3188//3188
f 1971//1971 1968//1968 1978//1978 2140//2140
f 1971//1971 2140//2140 2138//2138 1969//1969
f 1976//1976 1975//1975 1972//1972 1973//1973
f 1977//1977 1976//1976 1973//1973 1974//1974
f 1974//1974 1756//1756 2770//2770 2931//2931
f 1980//1980 1979//1979 1975//1975 1976//1976
f 1981//1981 1980//1980 1976//1976 1977//1977
f 2153//2153 2144//2144 1978//1978 1979//1979
f 2154//2154 2153//2153 1979//1979 1980//1980
f 2155//2155 2154//2154 1980//1980 1981//1981
f 1981//1981 1956//1956 2125//2125 2155//2155
f 1985//1985 1986//1986 1982//1982 1984//1984
f 1986//1986 1757//1757 1983//1983 1982//1982
f 1991//1991 1985//1985 1984//1984 1990//1990
f 1987//1987 1758//1758 1986//1986 1985//1985
f 1991//1991 1992//1992 1987//1987 1985//1985
f 1988//1988 1987//1987 1992//1992 1996//1996
f 2002//2002 2003//2003 1990//1990 1989//1989
f 2003//2003 2004//2004 1991//1991 1990//1990
f 2004//2004 2005//2005 1992//1992 1991//1991
f 1993//1993 2000//2000 2018//2018 1994//1994
f 1993//1993 1995//1995 3032//3032 1998//1998
f 1995//1995 1993//1993 1994//1994 1766//1766
f 2013//2013 1768//1768 1994//1994 2018//2018
f 1995//1995 86//86 2967//2967 3032//3032
f 1996//1996 1997//1997 1998//1998 1988//1988
f 2005//2005 1999//1999 1996//1996 1992//1992
f 1997//1997 1996//1996 1999//1999 2001//2001
f 2000//2000 1993//1993 1998//1998 1997//1997
f 2000//2000 1997//1997 2001//2001 2020//2020
f 2001//2001 1999//1999 2025//2025 2177//2177
f 2007//2007 2003//2003 2002//2002 2006//2006
f 2008//2008 2004//2004 2003//2003 2007//2007
f 2009//2009 2005//2005 2004//2004 2008//2008
f 2025//2025 1999//1999 2005//2005 2009//2009
f 2163//2163 2007//2007 2006//2006 2162//2162
f 2164//2164 2008//2008 2007//2007 2163//2163
f 2165//2165 2009//2009 2008//2008 2164//2164
f 2016//2016 2011//2011 2010//2010 2014//2014
f 2011//2011 2016//2016 2021//2021 2030//2030
f 2014//2014 2012//2012 2013//2013 2017//2017
f 2015//2015 2016//2016 2014//2014 2017//2017
f 2019//2019 2023//2023 2015//2015 2017//2017
f 2015//2015 2022//2022 2021//2021 2016//2016
f 2018//2018 2019//2019 2017//2017 2013//2013
f 2020//2020 2019//2019 2018//2018 2000//2000
f 2019//2019 2020//2020 2934//2934 2023//2023
f 2020//2020 2001//2001 2177//2177 2934//2934
f 2027//2027 2032//2032 2021//2021 2022//2022
f 2023//2023 2024//2024 2022//2022 2015//2015
f 2026//2026 2027//2027 2022//2022 2024//2024
f 2179//2179 2024//2024 2023//2023 2934//2934
f 2025//2025 2009//2009 2165//2165 2180//2180
f 2178//2178 2177//2177 2025//2025 2180//2180
f 2179//2179 2183//2183 2026//2026 2024//2024
f 2026//2026 2185//2185 2200//2200 2027//2027
f 2027//2027 2200//2200 2034//2034 2032//2032
f 2028//2028 1816//1816 2029//2029 2031//2031
f 2028//2028 2905//2905 2904//2904 1818//1818
f 2033//2033 2031//2031 2029//2029 2030//2030
f 2032//2032 2033//2033 2030//2030 2021//2021
f 2031//2031 2033//2033 2036//2036 2848//2848
f 2031//2031 2848//2848 2905//2905 2028//2028
f 2033//2033 2032//2032 2034//2034 2036//2036
f 2197//2197 2198//2198 2034//2034 2200//2200
f 2036//2036 2037//2037 2035//2035 2848//2848
f 2039//2039 2038//2038 2035//2035 2037//2037
f 2035//2035 2038//2038 2052//2052 2050//2050
f 2035//2035 2050//2050 2905//2905 2848//2848
f 2198//2198 2037//2037 2036//2036 2034//2034
f 2037//2037 2198//2198 2199//2199 2039//2039
f 2038//2038 2842//2842 2057//2057 2052//2052
f 2213//2213 2842//2842 2038//2038 2039//2039
f 2202//2202 2213//2213 2039//2039 2199//2199
f 3217//3217 2040//2040 2689//2689 2044//2044
f 2043//2043 2041//2041 2042//2042 1866//1866
f 2044//2044 1879//1879 2042//2042 3217//3217
f 2678//2678 2041//2041 2043//2043 1878//1878
f 2045//2045 1879//1879 2044//2044 2046//2046
f 2044//2044 2689//2689 2047//2047 2046//2046
f 2048//2048 2062//2062 2045//2045 2046//2046
f 2048//2048 2046//2046 2047//2047 2054//2054
f 2055//2055 2063//2063 2048//2048 2054//2054
f 2774//2774 2904//2904 2049//2049 2773//2773
f 2051//2051 2049//2049 2050//2050 2052//2052
f 2904//2904 2905//2905 2050//2050 2049//2049
f 2051//2051 2868//2868 2689//2689 2040//2040
f 2051//2051 2040//2040 2773//2773 2049//2049
f 2052//2052 2057//2057 2868//2868 2051//2051
f 2054//2054 2047//2047 2053//2053 2059//2059
f 2057//2057 2058//2058 2053//2053 2868//2868
f 2053//2053 2047//2047 2689//2689 2868//2868
f 2056//2056 2055//2055 2054//2054 2059//2059
f 2067//2067 2065//2065 2055//2055 2056//2056
f 2056//2056 2059//2059 2060//2060 2211//2211
f 2056//2056 2211//2211 2228//2228 2067//2067
f 2057//2057 2842//2842 2210//2210 2058//2058
f 2059//2059 2053//2053 2058//2058 2060//2060
f 2060//2060 2058//2058 2210//2210 2920//2920
f 2212//2212 2211//2211 2060//2060 2920//2920
f 2063//2063 2061//2061 2062//2062 2048//2048
f 2064//2064 2061//2061 2063//2063 2066//2066
f 2065//2065 2066//2066 2063//2063 2055//2055
f 2238//2238 3218//3218 2065//2065 2067//2067
f 2227//2227 2238//2238 2067//2067 2228//2228
f 2068//2068 3142//3142 3113//3113 3114//3114
f 2069//2069 2070//2070 2071//2071 2794//2794
f 2072//2072 2070//2070 2069//2069 2236//2236
f 2242//2242 2241//2241 2069//2069 2794//2794
f 2070//2070 2072//2072 2073//2073 2074//2074
f 3128//3128 2071//2071 2070//2070 2074//2074
f 2235//2235 2794//2794 2071//2071 3129//3129
f 2078//2078 2075//2075 2073//2073 2072//2072
f 2077//2077 3111//3111 2074//2074 2073//2073
f 3144//3144 3128//3128 2074//2074 3111//3111
f 2075//2075 2076//2076 2077//2077 2073//2073
f 2275//2275 2274//2274 2075//2075 2078//2078
f 2076//2076 2230//2230 2231//2231 2232//2232
f 2274//2274 2230//2230 2076//2076 2075//2075
f 2232//2232 3046//3046 2077//2077 2076//2076
f 2078//2078 2072//2072 2236//2236 2244//2244
f 2246//2246 2275//2275 2078//2078 2244//2244
f 2082//2082 2081//2081 2079//2079 2080//2080
f 2080//2080 780//780 2087//2087 2088//2088
f 2084//2084 2083//2083 2081//2081 2082//2082
f 2081//2081 2106//2106 2105//2105 2079//2079
f 2082//2082 2080//2080 2088//2088 2089//2089
f 2086//2086 2085//2085 2083//2083 2084//2084
f 2083//2083 2107//2107 2106//2106 2081//2081
f 2084//2084 2082//2082 2089//2089 2090//2090
f 2096//2096 2095//2095 2085//2085 2086//2086
f 2085//2085 2108//2108 2107//2107 2083//2083
f 2086//2086 2084//2084 2090//2090 2097//2097
f 2087//2087 789//789 2091//2091 2088//2088
f 2088//2088 2091//2091 2092//2092 2089//2089
f 2089//2089 2092//2092 2093//2093 2090//2090
f 2090//2090 2093//2093 2094//2094 2097//2097
f 2091//2091 2294//2294 2295//2295 2092//2092
f 2092//2092 2295//2295 2296//2296 2093//2093
f 2093//2093 2296//2296 2297//2297 2094//2094
f 2094//2094 2297//2297 2301//2301 2103//2103
f 2095//2095 2109//2109 2108//2108 2085//2085
f 2096//2096 2086//2086 2097//2097 2098//2098
f 2096//2096 2098//2098 2099//2099 2100//2100
f 2096//2096 2100//2100 2115//2115 2095//2095
f 2097//2097 2094//2094 2103//2103 2098//2098
f 2098//2098 2103//2103 2104//2104 2099//2099
f 2099//2099 2305//2305 2101//2101 2100//2100
f 2100//2100 2101//2101 2102//2102 2115//2115
f 2101//2101 2305//2305 2313//2313 2324//2324
f 2102//2102 2117//2117 2116//2116 2115//2115
f 2123//2123 2117//2117 2102//2102 2323//2323
f 2102//2102 2101//2101 2324//2324 2323//2323
f 2103//2103 2301//2301 2302//2302 2104//2104
f 2104//2104 2303//2303 2305//2305 2099//2099
f 2110//2110 1949//1949 2109//2109 2116//2116
f 2115//2115 2116//2116 2109//2109 2095//2095
f 2757//2757 1941//1941 2110//2110 2118//2118
f 2113//2113 2111//2111 2112//2112 2114//2114
f 2114//2114 2112//2112 2119//2119 2122//2122
f 2114//2114 2129//2129 2126//2126 2113//2113
f 2114//2114 2122//2122 2130//2130 2129//2129
f 2116//2116 2117//2117 2118//2118 2110//2110
f 2120//2120 2118//2118 2117//2117 2123//2123
f 2118//2118 2120//2120 2121//2121 2757//2757
f 2757//2757 2121//2121 2119//2119 1940//1940
f 2119//2119 2121//2121 2879//2879 2122//2122
f 2124//2124 2879//2879 2121//2121 2120//2120
f 2124//2124 2120//2120 2123//2123 2322//2322
f 2878//2878 2879//2879 2124//2124 2329//2329
f 2125//2125 1958//1958 2127//2127 2875//2875
f 2125//2125 2875//2875 2157//2157 2155//2155
f 2131//2131 2836//2836 2126//2126 2129//2129
f 2128//2128 2836//2836 2131//2131 2132//2132
f 2875//2875 2127//2127 2128//2128 2832//2832
f 2131//2131 2129//2129 2130//2130 2814//2814
f 2879//2879 2878//2878 2130//2130 2122//2122
f 2889//2889 2814//2814 2130//2130 2878//2878
f 2133//2133 2132//2132 2131//2131 2814//2814
f 2832//2832 2128//2128 2132//2132 2134//2134
f 2134//2134 2132//2132 2133//2133 2135//2135
f 2133//2133 2943//2943 2348//2348 2135//2135
f 2889//2889 2943//2943 2133//2133 2814//2814
f 2135//2135 2136//2136 2137//2137 2134//2134
f 2136//2136 2135//2135 2348//2348 2347//2347
f 2136//2136 2347//2347 2352//2352 2373//2373
f 2136//2136 2373//2373 2371//2371 2137//2137
f 2137//2137 2371//2371 2160//2160 2161//2161
f 2832//2832 2134//2134 2137//2137 2161//2161
f 2138//2138 2141//2141 2142//2142 2139//2139
f 3188//3188 1970//1970 2139//2139 3183//3183
f 2140//2140 2143//2143 2141//2141 2138//2138
f 2144//2144 2143//2143 2140//2140 1978//1978
f 2141//2141 2145//2145 2146//2146 2142//2142
f 2141//2141 2143//2143 2147//2147 2145//2145
f 3183//3183 2139//2139 2142//2142 3176//3176
f 2148//2148 2147//2147 2143//2143 2144//2144
f 2158//2158 2148//2148 2144//2144 2153//2153
f 2145//2145 2149//2149 2150//2150 2146//2146
f 2151//2151 2149//2149 2145//2145 2147//2147
f 3176//3176 2142//2142 2146//2146 3155//3155
f 2152//2152 2151//2151 2147//2147 2148//2148
f 2159//2159 2152//2152 2148//2148 2158//2158
f 2359//2359 2357//2357 2149//2149 2151//2151
f 2357//2357 2358//2358 2150//2150 2149//2149
f 2150//2150 2358//2358 2708//2708 3040//3040
f 3155//3155 2146//2146 2150//2150 3040//3040
f 2360//2360 2359//2359 2151//2151 2152//2152
f 2370//2370 2360//2360 2152//2152 2159//2159
f 2156//2156 2158//2158 2153//2153 2154//2154
f 2157//2157 2156//2156 2154//2154 2155//2155
f 2161//2161 2160//2160 2156//2156 2157//2157
f 2160//2160 2159//2159 2158//2158 2156//2156
f 2371//2371 2370//2370 2159//2159 2160//2160
f 2161//2161 2157//2157 2875//2875 2832//2832
f 2167//2167 2169//2169 2163//2163 2162//2162
f 2169//2169 2171//2171 2164//2164 2163//2163
f 2171//2171 2172//2172 2165//2165 2164//2164
f 2181//2181 2180//2180 2165//2165 2172//2172
f 2166//2166 2168//2168 2169//2169 2167//2167
f 2175//2175 2168//2168 2166//2166 2174//2174
f 2168//2168 2170//2170 2171//2171 2169//2169
f 2176//2176 2170//2170 2168//2168 2175//2175
f 2173//2173 2172//2172 2171//2171 2170//2170
f 2186//2186 2181//2181 2172//2172 2173//2173
f 2173//2173 2170//2170 2176//2176 3017//3017
f 2191//2191 2175//2175 2174//2174 2190//2190
f 2176//2176 2175//2175 2191//2191 2192//2192
f 2183//2183 2179//2179 2178//2178 2182//2182
f 2934//2934 2177//2177 2178//2178 2179//2179
f 2182//2182 2178//2178 2180//2180 2181//2181
f 2187//2187 2182//2182 2181//2181 2186//2186
f 2184//2184 2183//2183 2182//2182 2187//2187
f 2183//2183 2184//2184 2185//2185 2026//2026
f 2188//2188 2189//2189 2184//2184 2187//2187
f 2189//2189 2805//2805 2185//2185 2184//2184
f 2186//2186 2173//2173 3017//3017 3016//3016
f 2187//2187 2186//2186 3016//3016 2188//2188
f 2203//2203 2189//2189 2188//2188 2207//2207
f 2188//2188 3016//3016 2205//2205 2207//2207
f 2189//2189 2203//2203 2204//2204 2805//2805
f 3105//3105 3104//3104 2190//2190 889//889
f 2193//2193 2192//2192 2191//2191 2194//2194
f 3104//3104 2194//2194 2191//2191 2190//2190
f 2196//2196 2195//2195 2192//2192 2193//2193
f 3017//3017 2176//2176 2192//2192 2195//2195
f 2377//2377 2196//2196 2193//2193 2375//2375
f 2375//2375 2193//2193 2194//2194 2376//2376
f 2380//2380 2376//2376 2194//2194 3104//3104
f 2206//2206 2205//2205 2195//2195 2196//2196
f 3016//3016 3017//3017 2195//2195 2205//2205
f 2385//2385 2206//2206 2196//2196 2377//2377
f 2197//2197 2805//2805 2204//2204 2860//2860
f 2198//2198 2197//2197 2860//2860 2199//2199
f 2201//2201 2202//2202 2199//2199 2860//2860
f 2805//2805 2197//2197 2200//2200 2185//2185
f 2204//2204 2921//2921 2201//2201 2860//2860
f 2214//2214 2215//2215 2202//2202 2201//2201
f 2202//2202 2215//2215 2216//2216 2213//2213
f 2203//2203 2209//2209 2921//2921 2204//2204
f 2208//2208 2207//2207 2205//2205 2206//2206
f 2386//2386 2208//2208 2206//2206 2385//2385
f 2209//2209 2203//2203 2207//2207 2208//2208
f 2209//2209 2208//2208 2386//2386 2388//2388
f 2213//2213 2216//2216 2210//2210 2842//2842
f 2211//2211 2212//2212 2850//2850 2228//2228
f 2214//2214 2841//2841 2840//2840 2222//2222
f 2921//2921 2841//2841 2214//2214 2201//2201
f 2215//2215 2214//2214 2222//2222 2217//2217
f 2216//2216 2215//2215 2217//2217 2219//2219
f 2216//2216 2219//2219 2920//2920 2210//2210
f 2218//2218 2221//2221 2850//2850 2212//2212
f 2218//2218 2212//2212 2920//2920 2219//2219
f 2220//2220 2218//2218 2219//2219 2217//2217
f 2221//2221 2218//2218 2220//2220 2224//2224
f 2220//2220 2217//2217 2222//2222 2223//2223
f 2220//2220 2223//2223 2225//2225 2224//2224
f 2409//2409 2223//2223 2222//2222 2840//2840
f 2428//2428 2221//2221 2224//2224 2226//2226
f 2226//2226 2224//2224 2225//2225 2410//2410
f 2409//2409 2791//2791 2225//2225 2223//2223
f 2431//2431 2429//2429 2226//2226 2410//2410
f 2227//2227 2229//2229 2439//2439 2239//2239
f 2229//2229 2227//2227 2228//2228 2850//2850
f 2258//2258 2231//2231 2230//2230 2276//2276
f 3048//3048 2232//2232 2231//2231 3067//3067
f 3129//3129 3133//3133 2233//2233 2235//2235
f 2235//2235 2233//2233 2234//2234 2237//2237
f 2241//2241 2240//2240 2236//2236 2069//2069
f 2239//2239 2252//2252 2237//2237 2234//2234
f 2237//2237 2242//2242 2794//2794 2235//2235
f 2239//2239 2234//2234 2238//2238 2227//2227
f 2251//2251 2252//2252 2239//2239 2439//2439
f 2240//2240 2249//2249 2244//2244 2236//2236
f 2241//2241 2242//2242 2243//2243 2247//2247
f 2248//2248 2240//2240 2241//2241 2247//2247
f 2252//2252 2243//2243 2242//2242 2237//2237
f 2245//2245 2246//2246 2244//2244 2249//2249
f 2257//2257 2285//2285 2245//2245 2250//2250
f 2245//2245 2285//2285 2279//2279 2246//2246
f 2253//2253 2248//2248 2247//2247 2440//2440
f 2247//2247 2243//2243 2255//2255 2440//2440
f 2249//2249 2240//2240 2248//2248 2254//2254
f 2250//2250 2245//2245 2249//2249 2254//2254
f 2251//2251 2439//2439 2430//2430 2819//2819
f 2255//2255 2243//2243 2252//2252 2251//2251
f 2254//2254 2248//2248 2253//2253 2441//2441
f 2442//2442 2443//2443 2253//2253 2440//2440
f 2254//2254 2441//2441 2256//2256 2250//2250
f 2442//2442 2440//2440 2255//2255 2820//2820
f 2819//2819 2820//2820 2255//2255 2251//2251
f 2257//2257 2250//2250 2256//2256 2444//2444
f 2445//2445 2444//2444 2256//2256 2452//2452
f 2257//2257 2290//2290 2289//2289 2285//2285
f 2259//2259 2260//2260 2258//2258 2262//2262
f 2261//2261 2262//2262 2258//2258 2276//2276
f 3067//3067 2231//2231 2258//2258 2260//2260
f 2263//2263 2264//2264 2259//2259 2262//2262
f 2259//2259 2264//2264 2266//2266 3068//3068
f 3020//3020 2260//2260 2259//2259 3068//3068
f 2265//2265 2263//2263 2262//2262 2261//2261
f 2267//2267 2266//2266 2264//2264 2268//2268
f 2269//2269 2268//2268 2264//2264 2263//2263
f 2269//2269 2263//2263 2265//2265 3167//3167
f 2265//2265 2261//2261 2280//2280 2282//2282
f 2271//2271 2270//2270 2267//2267 2268//2268
f 2272//2272 2271//2271 2268//2268 2269//2269
f 2273//2273 2272//2272 2269//2269 3167//3167
f 2299//2299 2298//2298 2270//2270 2271//2271
f 2300//2300 2299//2299 2271//2271 2272//2272
f 2300//2300 2272//2272 2273//2273 2306//2306
f 2273//2273 3167//3167 3168//3168 2310//2310
f 2276//2276 2230//2230 2274//2274 2277//2277
f 2277//2277 2274//2274 2275//2275 2278//2278
f 2279//2279 2278//2278 2275//2275 2246//2246
f 2280//2280 2261//2261 2276//2276 2277//2277
f 2280//2280 2277//2277 2278//2278 2281//2281
f 2281//2281 2278//2278 2279//2279 2284//2284
f 2282//2282 2280//2280 2281//2281 2283//2283
f 3167//3167 2265//2265 2282//2282 3168//3168
f 2283//2283 2281//2281 2284//2284 2287//2287
f 3168//3168 2282//2282 2283//2283 2966//2966
f 2284//2284 2279//2279 2285//2285 2289//2289
f 2286//2286 2312//2312 2311//2311 2966//2966
f 2286//2286 2288//2288 2317//2317 2312//2312
f 2288//2288 2286//2286 2287//2287 3190//3190
f 2289//2289 3190//3190 2287//2287 2284//2284
f 2287//2287 2286//2286 2966//2966 2283//2283
f 2291//2291 2293//2293 2288//2288 3190//3190
f 2288//2288 2293//2293 2319//2319 2317//2317
f 2289//2289 2290//2290 2291//2291 3190//3190
f 2290//2290 2815//2815 2292//2292 2291//2291
f 2290//2290 2257//2257 2444//2444 2815//2815
f 2293//2293 2291//2291 2292//2292 2461//2461
f 2446//2446 2472//2472 2292//2292 2815//2815
f 2466//2466 2461//2461 2292//2292 2472//2472
f 2295//2295 2294//2294 2298//2298 2299//2299
f 2296//2296 2295//2295 2299//2299 2300//2300
f 2297//2297 2296//2296 2300//2300 2306//2306
f 2301//2301 2297//2297 2306//2306 2307//2307
f 2303//2303 2104//2104 2302//2302 2304//2304
f 2302//2302 2301//2301 2307//2307 2309//2309
f 2302//2302 2309//2309 2308//2308 2304//2304
f 2303//2303 2314//2314 2313//2313 2305//2305
f 2304//2304 2315//2315 2314//2314 2303//2303
f 2306//2306 2273//2273 2310//2310 2307//2307
f 2307//2307 2310//2310 2311//2311 2309//2309
f 2315//2315 2304//2304 2308//2308 2316//2316
f 2309//2309 2311//2311 2312//2312 2308//2308
f 2310//2310 3168//3168 2966//2966 2311//2311
f 2312//2312 2317//2317 2316//2316 2308//2308
f 2333//2333 2327//2327 2313//2313 2314//2314
f 2315//2315 2316//2316 2318//2318 2334//2334
f 2315//2315 2334//2334 2333//2333 2314//2314
f 2318//2318 2316//2316 2317//2317 2321//2321
f 2318//2318 2473//2473 2474//2474 2334//2334
f 2318//2318 2321//2321 2479//2479 2473//2473
f 2319//2319 2320//2320 2321//2321 2317//2317
f 2461//2461 2462//2462 2319//2319 2293//2293
f 2462//2462 2463//2463 2320//2320 2319//2319
f 2320//2320 2816//2816 2479//2479 2321//2321
f 2888//2888 2816//2816 2320//2320 2463//2463
f 2323//2323 2325//2325 2322//2322 2123//2123
f 2322//2322 2331//2331 2329//2329 2124//2124
f 2332//2332 2331//2331 2322//2322 2325//2325
f 2325//2325 2323//2323 2324//2324 2326//2326
f 2327//2327 2326//2326 2324//2324 2313//2313
f 2332//2332 2325//2325 2326//2326 2825//2825
f 2825//2825 2326//2326 2327//2327 2337//2337
f 2328//2328 2889//2889 2878//2878 2329//2329
f 2943//2943 2889//2889 2328//2328 3195//3195
f 2330//2330 2328//2328 2329//2329 2331//2331
f 2330//2330 2331//2331 2332//2332 2939//2939
f 2350//2350 2351//2351 2330//2330 2939//2939
f 2330//2330 2351//2351 3195//3195 2328//2328
f 2332//2332 2825//2825 2336//2336 2939//2939
f 2337//2337 2327//2327 2333//2333 2335//2335
f 2335//2335 2333//2333 2334//2334 2474//2474
f 2338//2338 2337//2337 2335//2335 2488//2488
f 2475//2475 2488//2488 2335//2335 2474//2474
f 2337//2337 2338//2338 2336//2336 2825//2825
f 2336//2336 2877//2877 2350//2350 2939//2939
f 2336//2336 2338//2338 2489//2489 2877//2877
f 2338//2338 2488//2488 2492//2492 2489//2489
f 2344//2344 2343//2343 2339//2339 2341//2341
f 2339//2339 2499//2499 2498//2498 2340//2340
f 2341//2341 2339//2339 2340//2340 2342//2342
f 2341//2341 2342//2342 2366//2366 2367//2367
f 2346//2346 2345//2345 2343//2343 2344//2344
f 2343//2343 2500//2500 2499//2499 2339//2339
f 2344//2344 2341//2341 2367//2367 2368//2368
f 2354//2354 2353//2353 2345//2345 2346//2346
f 2345//2345 2501//2501 2500//2500 2343//2343
f 2346//2346 2344//2344 2368//2368 2369//2369
f 2349//2349 2347//2347 2348//2348 3196//3196
f 3195//3195 3196//3196 2348//2348 2943//2943
f 2352//2352 2347//2347 2349//2349 2356//2356
f 2355//2355 2356//2356 2349//2349 2518//2518
f 2823//2823 2518//2518 2349//2349 3196//3196
f 2350//2350 2877//2877 2491//2491 2824//2824
f 2824//2824 2823//2823 2351//2351 2350//2350
f 2351//2351 2823//2823 3196//3196 3195//3195
f 2352//2352 2374//2374 2372//2372 2373//2373
f 2356//2356 2355//2355 2353//2353 2354//2354
f 2353//2353 2516//2516 2501//2501 2345//2345
f 2354//2354 2346//2346 2369//2369 2374//2374
f 2355//2355 2517//2517 2516//2516 2353//2353
f 2356//2356 2354//2354 2374//2374 2352//2352
f 2363//2363 2362//2362 2357//2357 2359//2359
f 2362//2362 2361//2361 2358//2358 2357//2357
f 2358//2358 2361//2361 2365//2365 2708//2708
f 2364//2364 2363//2363 2359//2359 2360//2360
f 2372//2372 2364//2364 2360//2360 2370//2370
f 2367//2367 2366//2366 2361//2361 2362//2362
f 2368//2368 2367//2367 2362//2362 2363//2363
f 2369//2369 2368//2368 2363//2363 2364//2364
f 2374//2374 2369//2369 2364//2364 2372//2372
f 2366//2366 1031//1031 2365//2365 2361//2361
f 2373//2373 2372//2372 2370//2370 2371//2371
f 2378//2378 2375//2375 2376//2376 2381//2381
f 2379//2379 2381//2381 2376//2376 2380//2380
f 2377//2377 2375//2375 2378//2378 2383//2383
f 2378//2378 2381//2381 2382//2382 2384//2384
f 2382//2382 2381//2381 2379//2379 2396//2396
f 2395//2395 2397//2397 2382//2382 2396//2396
f 2398//2398 2384//2384 2382//2382 2397//2397
f 2383//2383 2378//2378 2384//2384 2391//2391
f 2385//2385 2377//2377 2383//2383 2387//2387
f 2399//2399 2391//2391 2384//2384 2398//2398
f 2386//2386 2385//2385 2387//2387 2390//2390
f 2389//2389 2388//2388 2386//2386 2390//2390
f 2387//2387 2383//2383 2391//2391 2392//2392
f 2921//2921 2209//2209 2388//2388 2841//2841
f 2389//2389 2393//2393 2409//2409 2840//2840
f 2841//2841 2388//2388 2389//2389 2840//2840
f 2390//2390 2387//2387 2392//2392 2394//2394
f 2393//2393 2389//2389 2390//2390 2394//2394
f 2411//2411 2392//2392 2391//2391 2399//2399
f 2412//2412 2394//2394 2392//2392 2411//2411
f 2393//2393 2394//2394 2412//2412 2413//2413
f 2393//2393 2413//2413 2791//2791 2409//2409
f 2400//2400 2401//2401 2397//2397 2395//2395
f 2402//2402 2398//2398 2397//2397 2401//2401
f 2403//2403 2399//2399 2398//2398 2402//2402
f 2414//2414 2411//2411 2399//2399 2403//2403
f 2404//2404 2405//2405 2401//2401 2400//2400
f 2406//2406 2402//2402 2401//2401 2405//2405
f 2403//2403 2402//2402 2406//2406 2997//2997
f 2408//2408 2405//2405 2404//2404 2407//2407
f 2406//2406 2405//2405 2408//2408 2424//2424
f 2422//2422 2423//2423 2408//2408 2407//2407
f 2425//2425 2424//2424 2408//2408 2423//2423
f 2410//2410 2416//2416 2418//2418 2431//2431
f 2410//2410 2225//2225 2791//2791 2416//2416
f 2415//2415 2412//2412 2411//2411 2414//2414
f 2415//2415 2417//2417 2413//2413 2412//2412
f 2413//2413 2417//2417 2416//2416 2791//2791
f 2414//2414 2403//2403 2997//2997 2996//2996
f 2415//2415 2414//2414 2996//2996 2419//2419
f 2418//2418 2416//2416 2417//2417 2420//2420
f 2417//2417 2415//2415 2419//2419 2420//2420
f 2418//2418 2420//2420 2421//2421 2432//2432
f 2418//2418 2432//2432 2433//2433 2431//2431
f 2421//2421 2420//2420 2419//2419 2437//2437
f 2419//2419 2996//2996 2435//2435 2437//2437
f 2421//2421 2437//2437 2438//2438 2537//2537
f 2525//2525 2526//2526 2423//2423 2422//2422
f 2527//2527 2425//2425 2423//2423 2526//2526
f 2427//2427 2426//2426 2424//2424 2425//2425
f 2997//2997 2406//2406 2424//2424 2426//2426
f 2528//2528 2427//2427 2425//2425 2527//2527
f 2436//2436 2435//2435 2426//2426 2427//2427
f 2996//2996 2997//2997 2426//2426 2435//2435
f 2535//2535 2436//2436 2427//2427 2528//2528
f 2428//2428 2226//2226 2429//2429 2430//2430
f 2428//2428 2430//2430 2439//2439 2229//2229
f 2428//2428 2229//2229 2850//2850 2221//2221
f 2429//2429 2431//2431 2433//2433 2450//2450
f 2429//2429 2450//2450 2819//2819 2430//2430
f 2432//2432 2421//2421 2537//2537 2434//2434
f 2433//2433 2432//2432 2434//2434 2451//2451
f 2455//2455 2451//2451 2434//2434 2557//2557
f 2434//2434 2537//2537 2542//2542 2557//2557
f 2438//2438 2437//2437 2435//2435 2436//2436
f 2536//2536 2438//2438 2436//2436 2535//2535
f 2441//2441 2253//2253 2443//2443 2448//2448
f 2452//2452 2256//2256 2441//2441 2448//2448
f 2442//2442 2820//2820 2449//2449 2454//2454
f 2454//2454 2447//2447 2443//2443 2442//2442
f 2444//2444 2445//2445 2446//2446 2815//2815
f 2445//2445 2453//2453 2470//2470 2446//2446
f 2448//2448 2443//2443 2447//2447 2456//2456
f 2455//2455 2558//2558 2447//2447 2454//2454
f 2457//2457 2456//2456 2447//2447 2558//2558
f 2455//2455 2454//2454 2449//2449 2451//2451
f 2449//2449 2820//2820 2819//2819 2450//2450
f 2451//2451 2449//2449 2450//2450 2433//2433
f 2453//2453 2445//2445 2452//2452 2458//2458
f 2456//2456 2458//2458 2452//2452 2448//2448
f 2459//2459 2460//2460 2453//2453 2458//2458
f 2455//2455 2557//2557 2559//2559 2558//2558
f 2458//2458 2456//2456 2457//2457 2459//2459
f 2457//2457 2558//2558 2559//2559 2893//2893
f 2457//2457 2893//2893 2560//2560 2459//2459
f 2460//2460 2561//2561 2470//2470 2453//2453
f 2460//2460 2459//2459 2560//2560 2563//2563
f 2564//2564 2561//2561 2460//2460 2563//2563
f 2464//2464 2462//2462 2461//2461 2466//2466
f 2464//2464 2465//2465 2463//2463 2462//2462
f 2465//2465 2464//2464 2467//2467 2592//2592
f 2468//2468 2469//2469 2465//2465 2592//2592
f 2888//2888 2463//2463 2465//2465 2469//2469
f 2467//2467 2464//2464 2466//2466 2591//2591
f 2593//2593 2592//2592 2467//2467 2594//2594
f 2467//2467 2591//2591 2595//2595 2594//2594
f 2469//2469 2895//2895 2482//2482 2888//2888
f 2809//2809 2895//2895 2469//2469 2468//2468
f 2470//2470 2471//2471 2472//2472 2446//2446
f 2470//2470 2561//2561 2562//2562 2471//2471
f 2591//2591 2466//2466 2472//2472 2471//2471
f 2473//2473 2476//2476 2475//2475 2474//2474
f 2481//2481 2894//2894 2475//2475 2476//2476
f 2492//2492 2488//2488 2475//2475 2894//2894
f 2476//2476 2473//2473 2479//2479 2478//2478
f 2480//2480 2481//2481 2476//2476 2478//2478
f 2477//2477 2478//2478 2479//2479 2816//2816
f 2477//2477 2484//2484 2480//2480 2478//2478
f 2477//2477 2482//2482 2483//2483 2484//2484
f 2888//2888 2482//2482 2477//2477 2816//2816
f 2481//2481 2480//2480 2486//2486 2657//2657
f 2895//2895 2632//2632 2483//2483 2482//2482
f 2484//2484 2485//2485 2486//2486 2480//2480
f 2487//2487 2485//2485 2484//2484 2483//2483
f 2485//2485 2487//2487 2638//2638 2662//2662
f 2485//2485 2662//2662 2658//2658 2486//2486
f 2632//2632 2633//2633 2487//2487 2483//2483
f 2489//2489 2490//2490 2491//2491 2877//2877
f 2490//2490 2489//2489 2492//2492 2493//2493
f 2490//2490 2493//2493 2494//2494 2672//2672
f 2491//2491 2490//2490 2672//2672 3192//3192
f 2492//2492 2894//2894 2495//2495 2493//2493
f 2494//2494 2493//2493 2495//2495 2659//2659
f 2496//2496 2497//2497 2494//2494 2659//2659
f 2495//2495 2657//2657 2660//2660 2659//2659
f 2496//2496 2659//2659 2660//2660 2661//2661
f 2524//2524 2523//2523 2497//2497 2496//2496
f 2672//2672 2494//2494 2497//2497 2521//2521
f 2506//2506 2502//2502 2498//2498 2499//2499
f 2508//2508 2506//2506 2499//2499 2500//2500
f 2520//2520 2508//2508 2500//2500 2501//2501
f 2522//2522 2520//2520 2501//2501 2516//2516
f 2504//2504 2503//2503 2502//2502 2506//2506
f 2512//2512 2511//2511 2503//2503 2504//2504
f 2510//2510 2512//2512 2504//2504 2505//2505
f 2505//2505 2504//2504 2506//2506 2508//2508
f 2507//2507 2505//2505 2508//2508 2520//2520
f 2507//2507 2509//2509 2510//2510 2505//2505
f 2509//2509 2515//2515 2514//2514 2510//2510
f 2519//2519 2523//2523 2509//2509 2507//2507
f 2510//2510 2514//2514 2513//2513 2512//2512
f 2511//2511 2512//2512 2513//2513 2646//2646
f 2717//2717 2718//2718 2513//2513 2514//2514
f 2716//2716 2717//2717 2514//2514 2515//2515
f 2523//2523 2524//2524 2515//2515 2509//2509
f 2715//2715 2716//2716 2515//2515 2524//2524
f 2671//2671 2522//2522 2516//2516 2517//2517
f 2517//2517 2355//2355 2518//2518 2769//2769
f 2519//2519 2507//2507 2520//2520 2522//2522
f 2521//2521 2519//2519 2522//2522 2671//2671
f 2521//2521 2497//2497 2523//2523 2519//2519
f 2661//2661 2715//2715 2524//2524 2496//2496
f 2529//2529 2526//2526 2525//2525 3119//3119
f 2527//2527 2526//2526 2529//2529 2530//2530
f 2528//2528 2527//2527 2530//2530 2533//2533
f 2531//2531 2530//2530 2529//2529 2532//2532
f 3123//3123 2532//2532 2529//2529 3119//3119
f 2534//2534 2533//2533 2530//2530 2531//2531
f 2546//2546 2548//2548 2531//2531 2532//2532
f 2535//2535 2528//2528 2533//2533 2538//2538
f 2539//2539 2538//2538 2533//2533 2534//2534
f 2548//2548 2688//2688 2534//2534 2531//2531
f 2536//2536 2542//2542 2537//2537 2438//2438
f 2536//2536 2535//2535 2538//2538 2540//2540
f 2541//2541 2540//2540 2538//2538 2539//2539
f 2688//2688 2687//2687 2539//2539 2534//2534
f 2542//2542 2536//2536 2540//2540 2565//2565
f 2565//2565 2540//2540 2541//2541 2876//2876
f 2687//2687 2686//2686 2541//2541 2539//2539
f 2542//2542 2565//2565 2559//2559 2557//2557
f 2550//2550 2545//2545 2543//2543 2549//2549
f 2545//2545 2546//2546 2544//2544 2543//2543
f 2544//2544 3123//3123 3124//3124 1230//1230
f 2547//2547 2548//2548 2546//2546 2545//2545
f 2546//2546 2532//2532 3123//3123 2544//2544
f 2547//2547 2545//2545 2550//2550 2732//2732
f 2688//2688 2548//2548 2547//2547 2976//2976
f 2554//2554 2550//2550 2549//2549 2551//2551
f 2552//2552 2553//2553 2554//2554 2551//2551
f 2552//2552 2574//2574 2579//2579 2553//2553
f 2575//2575 2556//2556 2553//2553 2579//2579
f 2556//2556 2555//2555 2554//2554 2553//2553
f 2554//2554 2555//2555 2732//2732 2550//2550
f 2555//2555 2730//2730 2731//2731 2732//2732
f 2577//2577 2576//2576 2556//2556 2575//2575
f 2556//2556 2576//2576 2730//2730 2555//2555
f 2566//2566 2563//2563 2560//2560 2567//2567
f 2876//2876 2567//2567 2560//2560 2893//2893
f 2570//2570 2562//2562 2561//2561 2564//2564
f 2591//2591 2471//2471 2562//2562 2595//2595
f 2563//2563 2566//2566 2569//2569 2564//2564
f 2893//2893 2559//2559 2565//2565 2876//2876
f 2568//2568 2566//2566 2567//2567 2686//2686
f 2569//2569 2566//2566 2568//2568 2572//2572
f 2570//2570 2564//2564 2569//2569 2699//2699
f 2728//2728 2699//2699 2569//2569 2572//2572
f 2570//2570 2601//2601 2595//2595 2562//2562
f 2602//2602 2601//2601 2570//2570 2699//2699
f 2572//2572 2568//2568 2571//2571 2573//2573
f 2686//2686 2687//2687 2571//2571 2568//2568
f 2571//2571 2976//2976 2731//2731 2573//2573
f 2729//2729 2728//2728 2572//2572 2573//2573
f 2730//2730 2729//2729 2573//2573 2731//2731
f 2580//2580 2579//2579 2574//2574 2578//2578
f 2582//2582 2577//2577 2575//2575 2581//2581
f 2576//2576 2754//2754 2729//2729 2730//2730
f 2577//2577 2772//2772 2754//2754 2576//2576
f 2583//2583 2580//2580 2578//2578 2586//2586
f 2581//2581 2575//2575 2579//2579 2580//2580
f 2584//2584 2581//2581 2580//2580 2583//2583
f 2585//2585 2582//2582 2581//2581 2584//2584
f 2607//2607 2606//2606 2582//2582 2585//2585
f 2772//2772 2577//2577 2582//2582 2606//2606
f 2589//2589 2584//2584 2583//2583 2588//2588
f 2590//2590 2585//2585 2584//2584 2589//2589
f 2611//2611 2607//2607 2585//2585 2590//2590
f 2588//2588 2583//2583 2586//2586 2587//2587
f 2623//2623 2588//2588 2587//2587 2622//2622
f 2624//2624 2589//2589 2588//2588 2623//2623
f 2625//2625 2590//2590 2589//2589 2624//2624
f 2598//2598 2468//2468 2592//2592 2593//2593
f 2593//2593 2594//2594 2596//2596 2597//2597
f 2596//2596 2594//2594 2595//2595 2601//2601
f 2602//2602 2603//2603 2596//2596 2601//2601
f 2604//2604 2597//2597 2596//2596 2603//2603
f 2598//2598 2593//2593 2597//2597 2605//2605
f 2600//2600 2599//2599 2598//2598 2605//2605
f 2598//2598 2599//2599 2809//2809 2468//2468
f 2641//2641 2642//2642 2600//2600 2613//2613
f 2600//2600 2642//2642 2808//2808 2599//2599
f 2771//2771 2603//2603 2602//2602 2700//2700
f 2608//2608 2604//2604 2603//2603 2771//2771
f 2605//2605 2597//2597 2604//2604 2610//2610
f 2609//2609 2610//2610 2604//2604 2608//2608
f 2613//2613 2600//2600 2605//2605 2610//2610
f 2609//2609 2608//2608 2606//2606 2607//2607
f 2606//2606 2608//2608 2771//2771 2772//2772
f 2611//2611 2612//2612 2609//2609 2607//2607
f 2612//2612 2613//2613 2610//2610 2609//2609
f 2625//2625 2626//2626 2611//2611 2590//2590
f 2626//2626 2640//2640 2612//2612 2611//2611
f 2640//2640 2641//2641 2613//2613 2612//2612
f 2617//2617 2616//2616 2614//2614 2615//2615
f 2628//2628 2627//2627 2614//2614 2616//2616
f 2615//2615 1303//1303 2656//2656 2649//2649
f 2619//2619 2618//2618 2616//2616 2617//2617
f 2629//2629 2628//2628 2616//2616 2618//2618
f 2617//2617 2615//2615 2649//2649 2652//2652
f 2621//2621 2620//2620 2618//2618 2619//2619
f 2630//2630 2629//2629 2618//2618 2620//2620
f 2619//2619 2617//2617 2652//2652 2647//2647
f 2647//2647 2648//2648 2621//2621 2619//2619
f 2663//2663 2637//2637 2621//2621 2648//2648
f 2621//2621 2637//2637 2714//2714 2620//2620
f 2628//2628 2623//2623 2622//2622 2627//2627
f 2629//2629 2624//2624 2623//2623 2628//2628
f 2630//2630 2625//2625 2624//2624 2629//2629
f 2630//2630 2631//2631 2626//2626 2625//2625
f 2714//2714 2631//2631 2630//2630 2620//2620
f 2636//2636 2643//2643 2631//2631 2714//2714
f 2631//2631 2643//2643 2640//2640 2626//2626
f 2633//2633 2632//2632 2634//2634 2645//2645
f 2633//2633 2639//2639 2638//2638 2487//2487
f 2895//2895 2809//2809 2634//2634 2632//2632
f 2635//2635 2638//2638 2639//2639 2636//2636
f 2662//2662 2638//2638 2635//2635 2664//2664
f 2637//2637 2635//2635 2636//2636 2714//2714
f 2664//2664 2635//2635 2637//2637 2663//2663
f 2639//2639 2644//2644 2643//2643 2636//2636
f 2645//2645 2644//2644 2639//2639 2633//2633
f 2643//2643 2644//2644 2641//2641 2640//2640
f 2641//2641 2644//2644 2645//2645 2642//2642
f 2808//2808 2642//2642 2645//2645 2634//2634
f 2718//2718 2719//2719 2646//2646 2513//2513
f 2655//2655 2648//2648 2647//2647 2654//2654
f 2665//2665 2663//2663 2648//2648 2655//2655
f 2650//2650 2651//2651 2649//2649 2656//2656
f 2653//2653 2652//2652 2649//2649 2651//2651
f 2720//2720 2719//2719 2651//2651 2650//2650
f 2654//2654 2647//2647 2652//2652 2653//2653
f 2719//2719 2718//2718 2653//2653 2651//2651
f 2718//2718 2717//2717 2654//2654 2653//2653
f 2717//2717 2716//2716 2655//2655 2654//2654
f 2721//2721 2650//2650 2656//2656 1330//1330
f 2657//2657 2486//2486 2658//2658 2660//2660
f 2657//2657 2495//2495 2894//2894 2481//2481
f 2661//2661 2660//2660 2658//2658 2666//2666
f 2658//2658 2662//2662 2664//2664 2666//2666
f 2666//2666 2664//2664 2663//2663 2665//2665
f 2716//2716 2715//2715 2665//2665 2655//2655
f 2715//2715 2661//2661 2666//2666 2665//2665
f 2667//2667 2668//2668 2669//2669 2701//2701
f 2703//2703 2787//2787 2667//2667 2701//2701
f 2786//2786 2782//2782 2668//2668 2667//2667
f 2668//2668 1669//1669 3118//3118 2669//2669
f 2670//2670 156//156 2833//2833 168//168
f 2670//2670 168//168 2834//2834 129//129
f 2672//2672 2521//2521 2671//2671 3192//3192
f 2671//2671 2517//2517 2769//2769 3192//3192
f 2763//2763 2781//2781 2675//2675 768//768
f 3214//3214 386//386 2677//2677 2784//2784
f 2679//2679 540//540 2766//2766 2680//2680
f 2681//2681 2679//2679 2680//2680 2683//2683
f 2680//2680 2766//2766 2767//2767 2682//2682
f 2980//2980 2979//2979 2681//2681 2683//2683
f 2683//2683 2680//2680 2682//2682 2684//2684
f 2682//2682 2767//2767 2768//2768 535//535
f 2876//2876 2541//2541 2686//2686 2567//2567
f 2687//2687 2688//2688 2976//2976 2571//2571
f 2696//2696 2694//2694 2690//2690 2692//2692
f 2692//2692 2690//2690 2691//2691 2697//2697
f 2695//2695 2693//2693 2694//2694 2696//2696
f 2700//2700 2602//2602 2699//2699 2728//2728
f 2772//2772 2771//2771 2700//2700 2754//2754
f 2702//2702 2703//2703 2701//2701 3140//3140
f 2701//2701 2669//2669 3116//3116 3140//3140
f 2756//2756 2755//2755 2702//2702 3140//3140
f 2702//2702 2924//2924 2925//2925 2703//2703
f 2702//2702 2755//2755 3156//3156 2924//2924
f 2708//2708 2365//2365 2704//2704 2709//2709
f 2709//2709 2704//2704 2705//2705 2710//2710
f 2710//2710 2705//2705 2706//2706 2711//2711
f 2711//2711 2706//2706 2707//2707 2713//2713
f 3040//3040 2708//2708 2709//2709 3041//3041
f 3041//3041 2709//2709 2710//2710 3042//3042
f 3042//3042 2710//2710 2711//2711 3043//3043
f 2713//2713 2707//2707 2712//2712 3007//3007
f 3043//3043 2711//2711 2713//2713 3044//3044
f 2938//2938 457//457 2722//2722 425//425
f 2726//2726 2727//2727 2725//2725 3134//3134
f 3083//3083 1172//1172 2726//2726 3134//3134
f 2754//2754 2700//2700 2728//2728 2729//2729
f 2976//2976 2547//2547 2732//2732 2731//2731
f 2735//2735 2733//2733 2734//2734 2803//2803
f 2734//2734 3013//3013 3087//3087 2803//2803
f 2736//2736 2738//2738 2739//2739 2737//2737
f 2737//2737 2739//2739 2758//2758 1391//1391
f 2738//2738 2740//2740 2741//2741 2739//2739
f 2738//2738 2736//2736 2998//2998 2999//2999
f 2739//2739 2741//2741 2759//2759 2758//2758
f 2740//2740 2742//2742 2743//2743 2741//2741
f 2740//2740 2738//2738 2999//2999 3000//3000
f 2741//2741 2743//2743 2760//2760 2759//2759
f 2742//2742 2744//2744 2745//2745 2743//2743
f 2742//2742 2740//2740 3000//3000 3001//3001
f 2744//2744 2746//2746 2747//2747 2745//2745
f 2744//2744 2742//2742 3001//3001 3002//3002
f 2746//2746 2744//2744 3002//3002 3003//3003
f 3004//3004 3149//3149 2747//2747 2746//2746
f 2748//2748 1749//1749 3164//3164 3163//3163
f 2750//2750 2748//2748 2749//2749 2752//2752
f 2749//2749 2748//2748 3163//3163 3162//3162
f 2752//2752 2749//2749 2751//2751 2753//2753
f 2751//2751 2749//2749 3162//3162 3161//3161
f 2969//2969 2750//2750 2752//2752 2970//2970
f 2753//2753 2971//2971 2970//2970 2752//2752
f 2802//2802 2801//2801 2755//2755 2756//2756
f 2755//2755 2801//2801 3191//3191 3156//3156
f 2756//2756 3140//3140 3116//3116 1697//1697
f 2758//2758 2759//2759 2778//2778 2777//2777
f 2759//2759 2760//2760 2779//2779 2778//2778
f 2762//2762 808//808 2761//2761 2764//2764
f 2761//2761 2735//2735 2803//2803 2763//2763
f 2764//2764 2761//2761 2763//2763 768//768
f 2766//2766 2792//2792 2793//2793 2767//2767
f 2768//2768 2767//2767 2793//2793 3177//3177
f 2823//2823 2824//2824 2769//2769 2518//2518
f 2803//2803 3087//3087 2781//2781 2763//2763
f 2783//2783 270//270 3076//3076 274//274
f 2784//2784 381//381 2963//2963 391//391
f 2787//2787 2788//2788 2786//2786 2667//2667
f 2787//2787 2703//2703 2925//2925 1666//1666
f 2793//2793 2792//2792 3171//3171 3170//3170
f 2796//2796 2798//2798 2953//2953 2951//2951
f 2798//2798 2796//2796 2797//2797 2799//2799
f 2995//2995 3132//3132 2797//2797 2796//2796
f 2798//2798 401//401 2955//2955 2953//2953
f 2923//2923 2935//2935 2801//2801 2802//2802
f 2807//2807 3197//3197 2862//2862 1506//1506
f 2809//2809 2599//2599 2808//2808 2634//2634
f 2882//2882 2829//2829 2810//2810 1128//1128
f 2812//2812 2811//2811 2883//2883 1244//1244
f 2824//2824 2491//2491 3192//3192 2769//2769
f 2827//2827 1147//1147 2897//2897 2944//2944
f 2829//2829 1160//1160 2880//2880 2810//2810
f 2830//2830 2896//2896 2897//2897 2828//2828
f 2867//2867 166//166 2833//2833 239//239
f 2924//2924 1663//1663 2843//2843 2925//2925
f 2859//2859 562//562 2929//2929 3194//3194
f 2863//2863 2861//2861 2862//2862 3197//3197
f 3204//3204 2861//2861 2863//2863 1676//1676
f 2873//2873 2872//2872 3203//3203 189//189
f 2874//2874 619//619 2916//2916 458//458
f 2896//2896 989//989 2944//2944 2897//2897
f 2913//2913 2899//2899 2900//2900 1762//1762
f 2903//2903 2993//2993 3057//3057 497//497
f 2914//2914 3094//3094 3039//3039 513//513
f 2924//2924 3156//3156 3210//3210 1663//1663
f 2927//2927 280//280 3150//3150 3207//3207
f 3156//3156 3191//3191 2936//2936 3210//3210
f 2948//2948 2946//2946 2947//2947 2949//2949
f 2950//2950 2948//2948 2949//2949 2951//2951
f 2994//2994 2995//2995 2949//2949 2947//2947
f 2952//2952 2950//2950 2951//2951 2953//2953
f 2995//2995 2796//2796 2951//2951 2949//2949
f 2954//2954 2952//2952 2953//2953 2955//2955
f 2956//2956 2954//2954 2955//2955 2723//2723
f 2958//2958 1631//1631 2957//2957 1856//1856
f 2959//2959 1751//1751 3166//3166 3165//3165
f 2961//2961 556//556 3045//3045 387//387
f 3117//3117 654//654 2964//2964 2977//2977
f 2969//2969 2970//2970 2968//2968 3098//3098
f 2968//2968 2970//2970 2971//2971 3095//3095
f 3084//3084 3098//3098 2968//2968 3085//3085
f 3086//3086 3085//3085 2968//2968 3095//3095
f 3117//3117 2972//2972 2971//2971 2753//2753
f 2977//2977 279//279 2972//2972 3117//3117
f 2975//2975 335//335 2973//2973 2974//2974
f 2988//2988 2975//2975 2974//2974 2987//2987
f 2978//2978 3011//3011 3138//3138 338//338
f 3065//3065 3064//3064 2979//2979 2980//2980
f 3024//3024 3023//3023 2981//2981 2982//2982
f 3025//3025 3024//3024 2982//2982 2983//2983
f 3026//3026 3025//3025 2983//2983 2984//2984
f 3027//3027 3026//3026 2984//2984 2985//2985
f 2989//2989 327//327 2990//2990 2992//2992
f 2991//2991 2989//2989 2992//2992 2993//2993
f 2992//2992 2990//2990 3052//3052 3056//3056
f 2993//2993 2992//2992 3056//3056 3057//3057
f 2994//2994 3157//3157 3132//3132 2995//2995
f 3000//3000 2999//2999 3021//3021 3022//3022
f 3001//3001 3000//3000 3022//3022 3023//3023
f 3002//3002 3001//3001 3023//3023 3024//3024
f 3004//3004 2746//2746 3003//3003 3005//3005
f 3003//3003 3002//3002 3024//3024 3025//3025
f 3005//3005 3003//3003 3025//3025 3026//3026
f 3006//3006 174//174 3027//3027 175//175
f 3044//3044 2713//2713 3007//3007 837//837
f 3169//3169 3170//3170 3008//3008 3009//3009
f 3009//3009 3008//3008 3010//3010 3011//3011
f 3011//3011 3010//3010 3139//3139 3138//3138
f 3012//3012 3014//3014 3097//3097 3213//3213
f 3012//3012 3213//3213 3135//3135 3013//3013
f 3013//3013 3135//3135 3136//3136 3087//3087
f 3019//3019 3020//3020 3018//3018 3075//3075
f 3018//3018 3020//3020 3068//3068 3069//3069
f 3018//3018 3069//3069 3070//3070 3072//3072
f 3073//3073 3075//3075 3018//3018 3072//3072
f 3074//3074 3096//3096 3019//3019 3075//3075
f 3020//3020 3019//3019 3067//3067 2260//2260
f 3028//3028 3088//3088 3060//3060 3062//3062
f 3034//3034 1833//1833 3066//3066 3035//3035
f 3036//3036 3034//3034 3035//3035 3038//3038
f 3035//3035 3066//3066 3099//3099 3037//3037
f 3093//3093 3079//3079 3036//3036 3038//3038
f 3038//3038 3035//3035 3037//3037 3039//3039
f 3094//3094 3093//3093 3038//3038 3039//3039
f 3154//3154 3155//3155 3040//3040 3041//3041
f 3153//3153 3154//3154 3041//3041 3042//3042
f 3152//3152 3153//3153 3042//3042 3043//3043
f 3151//3151 3152//3152 3043//3043 3044//3044
f 3048//3048 3047//3047 3046//3046 2232//2232
f 3046//3046 3112//3112 3111//3111 2077//2077
f 3047//3047 3113//3113 3112//3112 3046//3046
f 3100//3100 3047//3047 3048//3048 3096//3096
f 3050//3050 3049//3049 3084//3084 3085//3085
f 3051//3051 3050//3050 3085//3085 3086//3086
f 3052//3052 3054//3054 3053//3053 3056//3056
f 3053//3053 3090//3090 3091//3091 3055//3055
f 3054//3054 3089//3089 3090//3090 3053//3053
f 3056//3056 3053//3053 3055//3055 3057//3057
f 3055//3055 3091//3091 3092//3092 498//498
f 3059//3059 3058//3058 3128//3128 3144//3144
f 3088//3088 1445//1445 3061//3061 3060//3060
f 3066//3066 3064//3064 3065//3065 3099//3099
f 3096//3096 3048//3048 3067//3067 3019//3019
f 3072//3072 3070//3070 3071//3071 928//928
f 3074//3074 3075//3075 3073//3073 3102//3102
f 3076//3076 3051//3051 3086//3086 3077//3077
f 3077//3077 3086//3086 3095//3095 278//278
f 3080//3080 3078//3078 3079//3079 3089//3089
f 3090//3090 3089//3089 3079//3079 3093//3093
f 3091//3091 3090//3090 3093//3093 3094//3094
f 3092//3092 3091//3091 3094//3094 2914//2914
f 3101//3101 3100//3100 3096//3096 3074//3074
f 3097//3097 597//597 3122//3122 3213//3213
f 3100//3100 3114//3114 3113//3113 3047//3047
f 3101//3101 759//759 3114//3114 3100//3100
f 3143//3143 3144//3144 3111//3111 3112//3112
f 3142//3142 3143//3143 3112//3112 3113//3113
f 3118//3118 1694//1694 3116//3116 2669//2669
f 3124//3124 3123//3123 3119//3119 3120//3120
f 3125//3125 3124//3124 3120//3120 3121//3121
f 3122//3122 620//620 3135//3135 3213//3213
f 3129//3129 2071//2071 3128//3128 3058//3058
f 3172//3172 3173//3173 3152//3152 3151//3151
f 3173//3173 3174//3174 3153//3153 3152//3152
f 3174//3174 3175//3175 3154//3154 3153//3153
f 3175//3175 3176//3176 3155//3155 3154//3154
f 3161//3161 3162//3162 3185//3185 3184//3184
f 3162//3162 3163//3163 3186//3186 3185//3185
f 3163//3163 3164//3164 3187//3187 3186//3186
f 3164//3164 3165//3165 3188//3188 3187//3187
f 3177//3177 2793//2793 3170//3170 3169//3169
f 3178//3178 3179//3179 3172//3172 830//830
f 3179//3179 3180//3180 3173//3173 3172//3172
f 3180//3180 3181//3181 3174//3174 3173//3173
f 3181//3181 3182//3182 3175//3175 3174//3174
f 3182//3182 3183//3183 3176//3176 3175//3175
f 3184//3184 3185//3185 3180//3180 3179//3179
f 3185//3185 3186//3186 3181//3181 3180//3180
f 3186//3186 3187//3187 3182//3182 3181//3181
f 3187//3187 3188//3188 3183//3183 3182//3182
f 3215//3215 737//737 568//568 743//743
f 3216//3216 2917//2917 1707//1707 1706//1706
f 3217//3217 2042//2042 2041//2041 1876//1876
f 3218//3218 1917//1917 1916//1916 2065//2065
f 3219//3219 969//969 962//962 937//937
f 3220//3220 712//712 527//527 723//723
f 3221//3221 2933//2933 472//472 463//463
f 3222//3222 3208//3208 386//386 3137//3137
