# Blender 4.3.0
# www.blender.org
mtllib 9inflated.mtl
o 9
v -1.312618 -1.183047 6.371000
v -1.565291 -1.242833 6.352618
v -1.294231 -1.392143 6.380622
v -1.335636 -0.962955 6.414721
v -1.517967 -1.454293 6.374846
v -1.082056 -0.925837 6.360773
v -1.649376 -0.529635 6.349751
v -1.634863 -0.769479 6.353466
v -1.352758 -0.736677 6.413333
v -1.655230 -0.288618 6.351184
v -1.360131 -0.508795 6.397531
v -1.666374 -0.047879 6.357086
v -1.367023 -0.280544 6.358758
v -1.607719 -1.007769 6.355337
v -1.085257 -0.717688 6.362016
v -1.088097 -0.499186 6.382367
v -1.089943 -0.275233 6.364220
v -1.373355 -0.048326 6.414744
v -1.092138 -0.050874 6.356253
v -1.108714 -1.277101 6.376018
v -0.989413 -1.533659 6.363027
v -0.901128 -1.352487 6.388695
v -1.082255 -1.119191 6.362308
v -0.844930 -1.155598 6.395203
v -0.827331 -0.940333 6.365806
v -0.702952 -1.430355 6.363111
v -0.583148 -0.979322 6.367588
v -0.624342 -1.209636 6.374605
v -0.393899 -1.267092 6.364475
v -0.336980 -1.026384 6.352555
v -0.143433 -1.320549 6.361088
v -0.824526 -0.723496 6.351259
v -0.819160 -0.503289 6.353361
v -0.821029 -0.278945 6.349638
v -0.559988 -0.750245 6.401730
v -0.553607 -0.518888 6.362282
v -0.542872 -0.285814 6.411072
v -0.300493 -0.786565 6.349658
v -0.276346 -0.537948 6.410594
v -0.268477 -0.291374 6.361746
v -0.545867 -0.054583 6.357252
v -0.070427 -1.071939 6.382112
v -0.030095 -0.815928 6.363848
v -0.004774 -0.561074 6.365222
v -0.268898 -0.054870 6.367059
v 0.012490 -0.313015 6.378783
v -1.670669 0.193402 6.358285
v -1.681066 0.433164 6.359559
v -1.382874 0.182644 6.362994
v -1.688722 0.670747 6.365316
v -1.395569 0.415016 6.395558
v -1.701565 0.904365 6.352818
v -1.402421 0.639317 6.373137
v -1.104774 0.174482 6.356382
v -1.123231 0.398167 6.364160
v -1.126742 0.620886 6.362568
v -1.465396 0.863200 6.402575
v -1.211217 0.772571 6.358361
v -1.704888 1.134022 6.355858
v -1.732303 1.330048 6.356410
v -1.502086 1.026248 6.357264
v -1.688800 1.659180 6.369956
v -1.401398 1.351003 6.365730
v -1.410107 1.618709 6.388758
v -1.240837 1.071701 6.353648
v -1.132619 1.321117 6.361794
v -1.147479 1.568081 6.357862
v -0.817465 -0.053096 6.366910
v -0.829907 0.170444 6.368469
v -0.860556 0.392430 6.370336
v -0.865577 0.613746 6.352843
v -0.555667 0.166904 6.368490
v -0.621162 0.351766 6.358056
v -0.280963 0.184876 6.361598
v 0.017241 -0.056658 6.376187
v -0.856823 0.865657 6.409476
v -0.875887 1.080099 6.359098
v -0.888876 1.302156 6.360103
v -0.879210 1.819738 6.367751
v -0.900381 1.535964 6.404074
v -0.671667 1.750701 6.374469
v -0.515281 1.672359 6.378514
v -0.571999 1.878098 6.209213
v -0.688686 1.503491 6.375831
v -0.463887 1.528938 6.379972
v -0.260173 1.576234 6.327339
v -0.384536 1.729944 6.276124
v -3.409186 -1.648541 -0.453488
v -3.325748 -1.712381 -0.203868
v -3.477608 -1.478732 -0.131982
v -3.551523 -1.220706 -0.075652
v -3.513009 -1.402623 -0.400981
v -3.549722 -1.327509 -0.667227
v -3.482300 -1.551109 -0.704855
v -3.401582 -1.524160 0.136708
v -3.507596 -1.271333 0.203568
v -3.163037 -1.901608 -0.302683
v -3.245291 -1.754443 0.049001
v -3.269402 -1.830245 -0.526240
v -3.052063 -1.942401 -0.073445
v -3.159559 -1.789926 0.311158
v -3.527526 -1.064142 -0.633786
v -3.545310 -1.147222 -0.354817
v -3.518322 -0.807598 -0.604870
v -3.522514 -0.869251 -0.316717
v -3.544894 -1.011822 0.259805
v -3.513985 -0.733145 0.301697
v -3.520641 -0.938252 -0.029827
v -3.547885 -0.406394 0.029946
v -3.559104 -0.671944 0.004235
v -3.518040 -1.058788 0.542502
v -3.541397 -0.798088 0.593823
v -3.523071 -0.517987 0.623027
v -3.507502 -0.110762 0.368490
v -3.515360 -0.466511 0.328974
v -3.429754 -1.641426 -1.504186
v -3.476363 -1.650585 -1.237111
v -3.529869 -1.430850 -1.511864
v -3.555093 -1.450461 -1.235299
v -3.533906 -1.195961 -1.509795
v -3.423805 -1.684672 -0.984257
v -3.380240 -1.746126 -0.745093
v -3.517307 -1.482777 -0.963477
v -3.488923 -1.433430 -1.781576
v -3.377823 -1.645896 -1.753637
v -3.541653 -1.201884 -1.797172
v -3.370391 -1.791303 -1.227786
v -3.308885 -1.849100 -1.026765
v -3.314000 -1.810929 -1.475170
v -3.164316 -1.981974 -1.125244
v -3.254327 -1.898355 -1.246102
v -2.895150 -2.126229 -1.154182
v -2.918030 -2.111924 -0.794698
v -3.049531 -2.049047 -0.966686
v -3.532973 -1.209931 -1.222968
v -3.563427 -0.956585 -1.509290
v -3.523118 -0.971863 -1.212583
v -3.531080 -0.701749 -1.498759
v -3.531080 -0.719912 -1.200545
v -3.557510 -0.449844 -1.490314
v -3.532254 -0.467573 -1.183183
v -3.636518 -0.179541 -1.482894
v -3.504406 -0.549455 -0.584455
v -3.576984 -0.762959 -0.903683
v -3.533633 -0.288993 -0.562081
v -3.535857 -0.504592 -0.883361
v -3.572229 -1.016090 -0.922069
v -3.532468 -0.251208 -0.862999
v -3.522776 -0.950368 -1.800885
v -3.553344 -0.695636 -1.801593
v -3.567994 -0.435845 -1.796732
v -3.569642 -0.170795 -1.792786
v -3.459556 -1.455108 -2.051622
v -3.542881 -1.221634 -2.082729
v -3.108182 -1.867784 -2.184170
v -3.178034 -1.847144 -1.939018
v -3.334540 -1.671843 -2.007862
v -3.367146 -1.491543 -2.596316
v -3.148005 -1.713187 -2.792048
v -3.217881 -1.697693 -2.528265
v -3.482916 -1.258964 -2.647934
v -3.305446 -1.509867 -2.872131
v -3.279248 -1.688775 -2.264717
v -3.037955 -1.887841 -2.435017
v -2.953794 -1.893431 -2.687000
v -2.818972 -2.110345 -1.718318
v -2.930545 -2.083375 -1.497414
v -3.096782 -1.969272 -1.614076
v -3.532899 -0.957009 -2.093209
v -3.531651 -0.699218 -2.099690
v -3.543005 -0.435095 -2.101335
v -3.553557 -0.168343 -2.097375
v -3.548902 -1.009555 -2.684686
v -3.513705 -1.027509 -2.980721
v -3.350794 -1.296390 -3.217060
v -3.219622 -1.521349 -3.145954
v -2.869005 -1.904220 -2.939812
v -3.065346 -1.725730 -3.057586
v -3.221952 -1.586719 0.683267
v -3.445159 -1.321617 0.486249
v -3.323293 -1.565166 0.410422
v -3.040371 -1.794059 0.566630
v -3.114340 -1.599369 0.952228
v -2.915758 -1.795358 0.819019
v -3.362215 -1.351965 0.765532
v -2.673120 -1.979210 0.631786
v -2.799489 -1.808441 1.071421
v -2.403172 -2.096660 0.422749
v -2.809886 -1.972797 0.396487
v -2.666152 -1.803058 1.316040
v -2.542611 -1.983083 0.870173
v -3.463613 -1.100964 0.830715
v -3.529658 -0.834281 0.878170
v -3.551338 -0.224234 0.662487
v -3.543525 -0.564242 0.918958
v -3.264097 -1.374256 1.040669
v -3.382172 -1.127286 1.109825
v -3.459267 -0.862881 1.159756
v -3.535336 -0.282123 0.946696
v -3.506369 -0.591830 1.195316
v -3.362813 -0.883890 1.430685
v -3.261286 -1.139167 1.373586
v -3.432704 -0.614283 1.467886
v -3.535751 -0.319500 1.219843
v -3.129966 -1.148498 1.627927
v -3.308783 -0.625629 1.722636
v -3.229480 -0.892636 1.683057
v -3.363627 -0.349538 1.746186
v -2.831863 -2.084899 -0.227457
v -2.968759 -2.043433 -0.440783
v -1.969339 -2.108880 0.420844
v -2.263061 -2.078062 0.647016
v -2.114771 -2.127374 0.196216
v -2.274165 -2.162440 -0.013065
v -1.826610 -2.111436 -0.038433
v -2.010859 -2.163452 -0.243066
v -2.442189 -2.175732 -0.216550
v -2.198825 -2.204009 -0.434649
v -3.099037 -1.988004 -0.641075
v -3.222255 -1.925298 -0.832076
v -2.565740 -2.215077 -1.192833
v -2.734316 -2.183993 -0.984158
v -2.751964 -2.170268 -1.357866
v -2.414990 -2.231500 -1.412248
v -2.620367 -2.189812 -1.574240
v -2.373424 -2.242136 -1.018621
v -2.562688 -2.215281 -0.807228
v -2.174508 -2.231218 -0.840560
v -2.060430 -2.224681 -1.473423
v -2.205395 -2.236438 -1.242074
v -2.280977 -2.234535 -1.639170
v -2.383347 -2.216867 -0.623335
v -1.840153 -2.184266 -1.309180
v -1.992065 -2.211177 -1.069353
v -1.622070 -2.106865 -1.152398
v -1.774078 -2.147581 -0.898793
v -2.500730 -2.201012 -1.799342
v -2.616599 -2.136589 -2.181057
v -2.920363 -2.018600 -2.075467
v -2.829782 -2.025933 -2.315962
v -2.164148 -2.224503 -1.872174
v -2.390990 -2.193925 -2.030024
v -2.198739 -2.188139 -2.502656
v -2.291958 -2.191908 -2.265941
v -2.520317 -2.133459 -2.417762
v -1.834284 -2.190357 -1.953859
v -1.937832 -2.209143 -1.711444
v -2.061858 -2.208396 -2.109195
v -1.715019 -2.157677 -1.555842
v -2.848449 -1.740867 -3.568160
v -2.766360 -1.905309 -3.185974
v -2.961473 -1.725769 -3.314952
v -2.554952 -2.040688 -3.043111
v -2.651133 -2.037391 -2.802365
v -2.427361 -2.134115 -2.655499
v -2.334434 -2.132355 -2.892920
v -2.242310 -2.135428 -3.129650
v -2.454713 -2.045303 -3.281696
v -2.398856 -1.925699 -3.890319
v -2.345582 -2.046748 -3.514756
v -2.536056 -1.925001 -3.663481
v -2.145258 -2.132288 -3.362605
v -1.805375 -2.189063 -2.828266
v -1.885094 -2.193885 -2.588482
v -2.110315 -2.188532 -2.740355
v -2.023766 -2.179687 -2.976977
v -1.938941 -2.185509 -3.211959
v -2.999286 -1.554871 -3.676784
v -3.127705 -1.332180 -3.766703
v -2.985869 -1.354656 -4.029776
v -2.549732 -1.776952 -4.027841
v -2.707135 -1.763349 -3.802573
v -2.507094 -1.607760 -4.381527
v -2.678250 -1.604554 -4.151423
v -2.255044 -1.925888 -4.111748
v -2.229315 -2.046234 -3.742771
v -2.305689 -1.600664 -4.585013
v -2.404682 -1.364446 -4.719022
v -2.084510 -1.588460 -4.796148
v -2.210668 -1.770861 -4.464573
v -2.386396 -1.779129 -4.249624
v -3.238735 -1.082885 -3.844296
v -3.322843 -0.815193 -3.902913
v -3.092428 -1.096248 -4.114692
v -3.383000 -0.536314 -3.942731
v -3.172915 -0.825872 -4.178221
v -3.422076 -0.250887 -3.966136
v -3.230728 -0.546705 -4.221325
v -2.881993 0.007169 -4.752169
v -2.863971 -0.275124 -4.744765
v -3.099347 0.014490 -4.514923
v -3.078763 -0.270318 -4.505837
v -2.611186 -0.275339 -4.945448
v -2.628847 0.004392 -4.951619
v -2.337036 -0.272863 -5.115373
v -2.160901 -1.141449 6.291325
v -2.172829 -1.496162 5.976468
v -2.084879 -1.394560 6.286813
v -1.838712 -1.310275 6.398373
v -1.935407 -1.638615 6.254046
v -1.764625 -1.520394 6.366139
v -1.663671 -1.673434 6.339863
v -1.784990 -1.707669 6.270332
v -1.541840 -1.782588 6.259824
v -1.449733 -1.631634 6.374754
v -1.412824 -1.859645 6.128554
v -1.725915 -1.763991 6.198434
v -1.616815 -1.827239 6.053608
v -2.197332 -0.870120 6.272364
v -2.319154 -1.219585 6.014047
v -2.218195 -0.595555 6.265783
v -2.395049 -0.926421 6.028280
v -2.235682 -0.321768 6.265988
v -2.441270 -0.632185 6.034191
v -2.244624 -0.050272 6.265402
v -2.464900 -0.339149 6.032969
v -1.888109 -1.064079 6.353305
v -1.923677 -0.811212 6.372867
v -1.949154 -0.555867 6.385019
v -1.957595 -0.300835 6.389572
v -1.827553 -1.730337 6.171444
v -1.986037 -1.652784 5.994847
v -2.160780 -1.542682 5.680854
v -1.944574 -1.706936 5.734581
v -1.807176 -1.755784 6.018097
v -2.589143 -0.347070 5.727009
v -2.544565 -0.654729 5.719613
v -2.616746 -0.040489 5.733409
v -2.626698 -0.346323 5.414805
v -2.631746 -0.007199 5.120376
v -2.598358 -0.338450 5.114286
v -2.651429 -0.025552 5.421856
v -2.528181 -0.325323 4.829997
v -2.365321 -1.789478 1.766606
v -2.702680 -1.590803 1.692316
v -2.517689 -1.784281 1.546145
v -2.190458 -1.787366 1.964213
v -2.536336 -1.585499 1.911256
v -1.795119 -1.993316 1.900754
v -1.997470 -1.787694 2.135392
v -1.974787 -1.983507 1.734771
v -2.977284 -1.150880 1.866132
v -3.080640 -0.897849 1.922585
v -3.159862 -0.630036 1.959748
v -2.988896 -0.630893 2.175461
v -3.216928 -0.352796 1.981028
v -3.052749 -0.353683 2.198583
v -2.904064 -0.896562 2.136186
v -2.799757 -0.632033 2.368947
v -2.864473 -0.353307 2.390127
v -2.709990 -0.895936 2.326582
v -2.503971 -0.901218 2.496001
v -2.662324 -0.355517 2.560644
v -2.593841 -0.635618 2.537085
v -2.276899 -1.974879 1.330045
v -1.852194 -2.098557 0.651584
v -2.135677 -2.075592 0.876594
v -2.012789 -2.081266 1.098393
v -1.740298 -2.106300 0.872399
v -1.744141 -2.108104 1.491915
v -2.136047 -1.983224 1.543998
v -1.383327 -2.075110 0.874403
v -1.630386 -2.122328 1.076055
v -1.471865 -2.057704 0.669411
v -1.549102 -2.024525 -0.286203
v -1.563890 -2.044221 0.444394
v -1.670552 -2.051471 0.197242
v -1.285836 -1.920733 0.276276
v -0.987383 -1.759799 0.420465
v -1.216890 -1.937683 0.510406
v -1.026335 -1.727056 0.202420
v -1.546740 -2.046121 -0.732835
v -1.971382 -2.184598 -0.662224
v -1.300291 -1.946255 -1.290682
v -1.501260 -2.067465 -1.411922
v -1.205145 -1.914385 -1.561501
v -1.113444 -1.809646 -1.206468
v -1.201596 -1.847530 -0.910689
v -1.405889 -1.994579 -1.011802
v -0.962697 -1.668853 -1.163737
v -1.027375 -1.694079 -0.886320
v -0.896035 -1.638125 -1.432165
v -0.536753 -1.062945 -1.071807
v -0.676666 -1.308645 -1.099160
v -0.497332 -1.030533 -1.320841
v -1.144372 -1.772447 -0.336512
v -0.794728 -1.388552 -0.413337
v -0.944543 -1.577222 -0.421431
v -0.766043 -1.366307 -0.620568
v -0.730005 -1.344337 -0.852686
v -0.919748 -1.559743 -0.625677
v -0.622837 -1.127556 -0.609642
v -0.582808 -1.096492 -0.833057
v -0.463434 -0.832362 -0.811419
v -0.501232 -0.867065 -0.588165
v -0.425701 -0.798886 -1.047542
v -0.392516 -0.768908 -1.293465
v -0.340438 -0.520979 -1.022096
v -0.314682 -0.492164 -1.268207
v -0.292722 -0.230676 -0.991126
v -0.270454 -0.204543 -1.243707
v -0.372444 -0.554459 -0.785284
v -0.405268 -0.592399 -0.558626
v -0.320038 -0.267640 -0.751365
v -0.351388 -0.302949 -0.520336
v -0.298471 0.029758 -0.684956
v -0.327689 -0.020518 -0.455580
v -0.275310 0.340177 -0.680730
v -0.309572 0.298425 -0.424749
v -0.524089 -0.907474 -0.374673
v -0.429790 -0.635534 -0.340598
v -0.377947 -0.358376 -0.289634
v -0.354863 -0.083703 -0.233874
v -0.350901 0.255853 -0.189882
v -1.402475 -2.035685 -1.672528
v -1.452243 -2.099144 -2.306558
v -1.527667 -2.107897 -2.056274
v -1.744178 -2.174991 -2.197810
v -1.664857 -2.162132 -2.442525
v -1.590426 -2.164294 -2.686341
v -1.320935 -2.012537 -1.930432
v -1.068048 -1.880689 -2.090791
v -1.131891 -1.890907 -1.833190
v -1.251099 -2.002327 -2.186400
v -1.125532 -2.018483 -2.680485
v -1.187498 -2.004048 -2.436526
v -1.382391 -2.104416 -2.554688
v -0.577098 -1.242580 -1.604378
v -0.626978 -1.273849 -1.353052
v -0.707483 -1.451077 -1.647525
v -0.765192 -1.478846 -1.390794
v -0.456725 -1.004691 -1.569806
v -0.909737 -1.742857 -2.009049
v -1.002592 -1.878907 -2.333551
v -0.655497 -1.436545 -1.894955
v -0.840831 -1.620754 -1.696603
v -0.784278 -1.606315 -1.946229
v -0.852914 -1.740836 -2.252026
v -0.732205 -1.604396 -2.190877
v -0.609674 -1.437285 -2.132963
v -0.487911 -1.224300 -2.093582
v -0.527761 -1.227954 -1.851192
v -0.380731 -0.988434 -2.059990
v -0.417921 -0.990061 -1.816936
v -0.358766 -0.746202 -1.541552
v -0.299690 -0.733602 -2.032359
v -0.330781 -0.732277 -1.790004
v -1.767488 -2.197008 -3.667354
v -1.853159 -2.185956 -3.442705
v -2.046744 -2.135871 -3.592176
v -1.452266 -2.187511 -3.163918
v -1.520123 -2.173832 -2.927747
v -1.653718 -2.205791 -3.299400
v -1.728684 -2.197203 -3.065937
v -1.580582 -2.222915 -3.525726
v -1.509936 -2.241946 -3.743229
v -1.253887 -2.138572 -3.035909
v -1.388552 -2.214861 -3.391361
v -1.834355 -2.135647 -4.030121
v -1.975239 -2.040336 -4.179287
v -1.832730 -2.033667 -4.380559
v -1.505300 -1.709917 -4.993629
v -1.436877 -1.928119 -4.827926
v -1.779912 -1.736688 -4.855040
v -1.719516 -2.132689 -4.230779
v -1.679108 -2.202851 -3.883092
v -1.663998 -2.035695 -4.550587
v -1.721049 -1.891449 -4.719069
v -1.586604 -2.206464 -4.085971
v -1.598477 -2.122293 -4.412832
v -1.467911 -2.121032 -4.532352
v -1.482142 -2.048540 -4.645432
v -1.151599 -1.860332 -4.976538
v -1.216373 -1.716537 -5.079925
v -1.197771 -1.849756 6.209956
v -1.337463 -1.767363 6.324334
v -1.504501 -1.875476 5.869666
v -1.138232 -1.698782 6.381132
v -1.240567 -1.556244 6.385855
v -1.048917 -1.887639 6.069597
v -1.278333 -1.900877 5.962833
v -0.827880 -1.810412 6.183629
v -0.991065 -1.778424 6.304107
v -1.142944 -1.929755 5.778723
v -0.631146 -1.681101 6.304113
v -0.478919 -1.491706 6.380425
v -0.815922 -1.642980 6.382142
v -0.664230 -1.840384 6.030238
v -0.900388 -1.906830 5.899375
v -0.755906 -1.920470 5.709492
v -1.623781 -1.835213 5.571273
v -1.724832 -1.807198 5.796621
v -1.854335 -1.709903 5.486435
v -1.384904 -1.904522 5.668458
v -1.750696 -1.705288 5.248425
v -1.631035 -1.691972 5.017525
v -1.977761 -1.514362 5.170732
v -1.869933 -1.507985 4.928003
v -1.508728 -1.832894 5.346593
v -1.509499 -1.683861 4.786995
v -1.387472 -1.829261 5.121219
v -1.007396 -1.943777 5.579769
v -1.259290 -1.909179 5.457922
v -1.131368 -1.909019 5.241147
v -1.000667 -1.900551 5.020627
v -1.260765 -1.816445 4.895830
v -0.870588 -1.898011 4.794993
v -0.734585 -1.931947 5.156043
v -1.131833 -1.806888 4.666984
v -1.381092 -1.675964 4.555322
v -1.253319 -1.675740 4.316618
v -1.130266 -1.681389 4.066040
v -1.488305 -1.492912 4.223817
v -1.369055 -1.498055 3.974163
v -1.014831 -1.696081 3.794402
v -1.780069 -1.785023 2.278497
v -2.144159 -1.580256 2.276083
v -1.551322 -1.796586 2.395507
v -1.920555 -1.585299 2.417185
v -1.370848 -2.013272 2.127518
v -1.594367 -2.006643 2.033931
v -1.685851 -1.601205 2.530352
v -1.444617 -1.636878 2.623759
v -1.133289 -2.023821 2.189096
v -1.314919 -1.815084 2.487025
v -1.181663 -1.430496 3.140066
v -0.962825 -1.666968 3.077451
v -1.156044 -1.507372 3.434340
v -1.198409 -1.695260 2.699351
v -0.708230 -2.136201 1.835947
v -0.888542 -2.054911 2.234813
v -1.079348 -1.848566 2.559391
v -0.802940 -1.936899 2.604260
v -0.957020 -1.771721 2.791923
v -1.334783 -1.509131 2.794429
v -2.449623 -0.362757 2.710359
v -2.378380 -0.645743 2.683516
v -2.229046 -0.376367 2.840755
v -2.153685 -0.662845 2.804583
v -1.928797 -0.690815 2.913007
v -1.391022 -2.134748 1.757475
v -1.147362 -2.153361 1.188395
v -1.360778 -2.169326 1.399580
v -1.510038 -2.152722 1.255245
v -0.947708 -2.063493 1.035982
v -1.280412 -2.118962 1.050033
v -1.178200 -2.135081 1.820217
v -0.983476 -2.137241 1.274980
v -0.800829 -2.028726 1.126364
v -0.771277 -2.089407 1.469491
v -0.950249 -2.126446 1.836444
v -0.983155 -2.150503 1.521120
v -0.689567 -1.840239 1.076509
v -0.685219 -1.888160 1.142062
v -0.838890 -1.473953 -0.028008
v -0.673957 -1.198327 -0.196268
v -0.685279 -1.242874 0.004588
v -0.566358 -0.991597 0.033206
v -0.550137 -0.947348 -0.168639
v -0.650640 -1.795940 0.965020
v -0.766098 -1.936138 0.953930
v -0.858665 -1.888332 0.795403
v -0.833022 -1.525844 0.195411
v -0.687483 -1.293627 0.204576
v -0.803983 -1.563016 0.396829
v -0.578662 -1.040497 0.229385
v -0.493383 -1.889329 1.043993
v -0.576518 -1.828308 1.097290
v -0.677830 -1.347372 0.402904
v -0.734997 -1.619177 0.592437
v -0.605183 -1.087819 0.418892
v -0.570392 -1.821368 1.055678
v -0.526736 -1.829253 1.026578
v -0.611882 -1.427945 0.592084
v -0.651548 -1.706072 0.771549
v -0.512306 -1.171943 0.571174
v -0.424067 -0.404660 -0.051166
v -0.379288 -0.092000 -0.017356
v -0.355088 0.178025 0.007809
v -0.489044 -0.722953 0.073521
v -0.455740 -0.681136 -0.130337
v -0.473333 -0.421747 0.131378
v -0.452803 -0.125571 0.187013
v -0.416348 0.133815 0.218423
v -0.404490 0.065011 0.398505
v -0.442374 -0.205887 0.350335
v -0.576847 -0.807973 0.442564
v -0.503123 -0.772008 0.269947
v -0.553919 -0.528134 0.481710
v -0.468908 -0.487997 0.317181
v -0.515752 -0.255644 0.537076
v -0.477239 0.015352 0.586965
v -0.462522 -0.893854 0.535206
v -0.450333 -0.607138 0.469790
v -0.440863 -0.320566 0.426576
v -0.392006 0.000444 0.429340
v -0.802441 -1.761888 -2.485944
v -0.950733 -1.896198 -2.573818
v -0.893749 -1.927532 -2.802772
v -0.427484 -1.253836 -2.569916
v -0.376962 -1.003829 -2.545802
v -0.349939 -0.998569 -2.299055
v -0.238591 -0.187707 -1.986781
v -0.268374 -0.459539 -1.987075
v -0.245744 -0.205667 -2.235853
v -0.256541 -0.460692 -2.234258
v -0.226828 0.107648 -1.972766
v -0.211454 0.103349 -2.232355
v -0.343297 -0.745782 -2.518660
v -0.275848 -0.749487 -2.270665
v -0.322569 -0.471179 -2.514548
v -0.304209 -0.211316 -2.475986
v -0.317787 0.081138 -2.470766
v -0.365603 -0.788707 -2.760552
v -0.368819 -0.538030 -2.738194
v -0.344775 -0.274200 -2.725029
v -1.102793 -2.269728 -3.689622
v -0.967934 -2.152170 -3.358827
v -1.149008 -2.217371 -3.481797
v -0.694395 -1.819804 -2.933663
v -0.842768 -1.970515 -3.029931
v -0.799731 -2.046162 -3.239822
v -0.884279 -2.282166 -3.780961
v -0.766079 -2.140760 -3.428049
v -0.930891 -2.217119 -3.562134
v -1.046805 -2.298027 -3.902823
v -0.985148 -2.307594 -4.123996
v -0.453012 -1.915263 -3.260938
v -0.648532 -1.895436 -3.145566
v -0.622514 -2.031544 -3.346222
v -0.726344 -2.236201 -3.671988
v -0.301216 -1.998984 -3.278873
v -0.352620 -0.806839 -2.983865
v -0.296667 -0.545494 -2.963031
v -0.250937 -0.297922 -2.947269
v -0.330005 -0.011303 -2.730190
v -1.358961 -2.262013 -4.145144
v -1.437120 -2.259167 -3.949989
v -1.492917 -2.205201 -4.272915
v -1.207189 -2.291782 -4.023484
v -1.273545 -2.275844 -3.819055
v -1.143106 -2.285637 -4.227798
v -1.229230 -2.187725 -4.517311
v -1.402946 -2.180159 -4.442016
v -1.331759 -2.130869 -4.594726
v -1.093676 -2.241631 -4.434408
v -1.228796 -2.128519 -4.634692
v -1.313604 -2.114765 -4.629294
v -0.934172 -2.276947 -4.351195
v -0.823001 -2.311393 -4.020380
v -1.387951 -2.112867 -4.601408
v -1.282014 -1.331937 -5.236786
v -1.233189 -1.577848 -5.160249
v -1.596057 -1.321538 -5.182327
v -0.978372 -1.348050 -5.263401
v -0.938858 -1.592952 -5.181065
v -0.283745 -1.722826 5.981009
v -0.512603 -1.846041 5.844758
v -0.087149 -1.544023 6.105306
v -0.273586 -1.523163 6.278562
v -0.451457 -1.702968 6.158446
v -0.124840 -1.729769 5.781914
v 0.054904 -1.334625 6.198711
v 0.158543 -1.095395 6.267871
v 0.087784 -1.558900 5.915988
v 0.246828 -1.349062 6.016057
v 0.369582 -1.113804 6.100532
v 0.230140 -0.841890 6.316026
v 0.274782 -0.580569 6.343679
v 0.296311 -0.321685 6.351082
v 0.309510 -0.054226 6.363297
v 0.305135 0.206579 6.359519
v 0.014361 0.195171 6.375563
v 0.551261 -0.325977 6.231472
v 0.567742 -0.054714 6.243167
v 0.564029 0.216214 6.241172
v 0.455832 -0.858974 6.159868
v 0.660901 -0.871067 5.972379
v 0.552432 -1.120068 5.898231
v 0.517148 -0.595440 6.204603
v 0.736588 -0.606030 6.026338
v 0.782878 -0.331803 6.060788
v 0.804217 -0.053456 6.076371
v -0.361216 -1.849854 5.645496
v -0.612527 -1.918037 5.506633
v -0.468382 -1.917595 5.297196
v -0.193621 -1.910330 4.857977
v -0.330169 -1.910637 5.079808
v -0.600390 -1.933246 4.934940
v 0.029593 -1.716770 5.574823
v -0.210047 -1.844806 5.439163
v 0.179308 -1.711433 5.364802
v 0.413433 -1.348716 5.808319
v 0.238244 -1.550320 5.696395
v 0.579620 -1.348757 5.600415
v 0.730730 -1.126479 5.691216
v 0.471994 -1.720047 4.925813
v 0.326107 -1.714708 5.148285
v 0.074340 -1.842077 5.006130
v 0.849908 -0.878810 5.766748
v 0.938049 -0.613585 5.825166
v 0.992252 -0.335546 5.861680
v 1.019077 -0.051931 5.879929
v 1.213878 -0.050966 5.661491
v -0.879407 -1.816026 4.186106
v -0.467706 -1.924789 4.709484
v -0.740000 -1.890596 4.565089
v -0.612575 -1.901957 4.329720
v -0.485467 -1.918637 4.093163
v -0.754911 -1.831001 3.931239
v -0.618293 -1.871354 3.674157
v -0.865333 -1.729184 3.447073
v -0.354989 -1.953222 3.866098
v -0.205644 -1.951555 4.253638
v 0.352311 -1.855986 4.558352
v 0.214132 -1.843336 4.782929
v 0.076360 -1.930165 4.409048
v 0.209005 -1.952830 4.186358
v -0.074621 -1.978275 4.032104
v 0.335927 -1.982243 3.964857
v -1.249442 -1.502202 3.717598
v -0.322572 -1.994461 3.249826
v -0.692128 -1.871493 2.949810
v -0.228240 -1.990175 3.661812
v -0.424251 -1.943354 3.510901
v -0.284302 -1.994730 3.423784
v -0.335446 -2.017613 2.976878
v -0.069738 -2.053367 3.283731
v -0.209771 -2.124361 2.731960
v -0.525133 -2.032730 2.662916
v 0.334071 -2.121994 3.152072
v 0.005728 -2.097212 3.053487
v -0.628564 -2.099771 2.304092
v -0.192010 -2.248648 2.045323
v -0.354474 -2.159969 2.376386
v -0.306198 -2.165866 1.530039
v -0.544101 -2.015766 1.353829
v -0.162736 -2.087085 1.134104
v -0.056870 -2.221141 2.457408
v -0.549713 -1.761421 1.070718
v -0.540804 -1.776065 1.083309
v -0.562537 -1.800387 1.125343
v -0.557989 -1.572637 0.856106
v -0.490976 -1.243804 0.770118
v -0.311290 -1.430348 0.459438
v -0.206418 -1.757300 0.621874
v -0.408458 -1.399380 0.659435
v -0.219592 -1.454877 0.238006
v -0.079598 -1.746929 0.380558
v 0.025866 -1.753245 0.122073
v -0.028607 -2.026987 0.816832
v -0.432026 -0.945306 0.708053
v -0.396303 -0.651565 0.644255
v -0.367646 -0.356022 0.591105
v -0.329925 -0.066747 0.547462
v -0.430789 -1.053780 0.533589
v -0.426225 -0.732645 0.466446
v -0.412495 -0.415978 0.408743
v -0.383216 -0.101247 0.388759
v -0.380638 -1.106886 0.345397
v -0.416537 -0.783933 0.265833
v -0.313379 -1.141210 0.135205
v -0.411801 -0.492338 0.197029
v -0.128544 -1.467913 0.003643
v -0.370430 -0.821034 0.058973
v -0.243622 -1.163682 -0.087538
v -0.120282 -1.501665 -2.612862
v -0.266333 -1.482620 -2.765589
v -0.049600 -1.734867 -2.712371
v 0.051424 -1.767012 -2.515519
v -0.053974 -1.541146 -2.408716
v -0.145800 -1.290340 -2.338555
v 0.255113 -1.946236 -2.444807
v 0.136417 -1.784467 -2.299929
v -0.278648 -0.400477 -2.563574
v -0.300060 -0.680144 -2.581291
v -0.185867 -0.435742 -2.468022
v -0.172072 -0.704682 -2.483079
v -0.274379 -0.135605 -2.545867
v -0.192573 -0.166576 -2.462005
v -0.203321 -1.022627 -2.299245
v -0.154229 -1.239163 -2.549342
v -0.227816 -0.747013 -2.278404
v -0.160517 -0.973080 -2.507711
v -0.194049 -0.486010 -2.286153
v -0.084464 -1.332524 -2.117932
v -0.167702 -1.066821 -2.075760
v -0.218240 -0.788233 -2.056018
v -0.193637 -0.191379 -2.056338
v -0.212216 -0.491693 -2.070648
v -0.572763 -2.180148 -3.575762
v -0.268128 -2.117973 -3.411595
v -0.419380 -2.115988 -3.486396
v -0.002129 -2.062984 -3.169617
v -0.111130 -1.901889 -3.009329
v -0.136582 -2.089009 -3.305429
v -0.413628 -2.306576 -4.084511
v -0.335146 -2.250300 -3.729781
v -0.499592 -2.271375 -3.827195
v 0.140441 -2.059141 -3.014089
v 0.031150 -1.913743 -2.846109
v 0.271984 -2.070013 -2.832628
v -0.060730 -2.300431 -3.872016
v -0.170433 -2.243301 -3.631937
v -0.022390 -2.218508 -3.507978
v 0.392792 -2.087298 -2.630943
v 0.153610 -1.928247 -2.658514
v -0.325874 -0.873231 -2.794169
v -0.322321 -0.340382 -2.753841
v -0.228533 -0.041244 -2.939426
v -0.328817 -0.074905 -2.745812
v -0.311799 -0.606392 -2.767041
v -0.661501 -2.301706 -3.921627
v -0.763861 -2.293847 -4.264862
v -0.714373 -2.230639 -4.502367
v -0.589872 -2.306714 -4.178420
v -0.900453 -2.195383 -4.572336
v -0.678403 -2.122556 -4.720255
v -0.652649 -1.976373 -4.907170
v -0.895007 -1.929608 -4.948273
v -0.236369 -2.301395 -3.983455
v -0.135903 -2.284499 -4.235940
v -0.187234 -2.045679 -4.788761
v -0.251999 -2.184984 -4.574081
v -0.465422 -2.157273 -4.654068
v 0.052121 -2.283700 -4.119216
v -0.648206 -1.804815 -5.060543
v -0.658831 -1.607524 -5.184608
v -0.385860 -1.834403 -5.026881
v -0.398873 -1.383638 -5.257694
v -0.385045 -1.623600 -5.166189
v -0.116963 -1.402824 -5.236984
v -0.114897 -1.642187 -5.129413
v 0.114732 -1.887747 -4.904587
v -0.131763 -1.865795 -4.977221
v 0.151555 -1.662988 -5.072963
v 0.161416 -1.427414 -5.197443
v 0.558291 -1.548441 5.283435
v 0.614130 -1.730984 4.699880
v 0.896237 -1.357666 5.159207
v 0.704287 -1.550487 5.057138
v 0.852377 -1.560467 4.830434
v 1.059013 -1.136184 5.245580
v 1.044072 -1.364224 4.927146
v 0.753664 -1.745818 4.471783
v 1.191203 -1.378685 4.693207
v 1.362135 -1.155882 4.773701
v 1.211356 -1.142797 5.010820
v 0.902215 -1.132442 5.475395
v 1.189941 -0.888209 5.316848
v 1.026184 -0.883630 5.547693
v 1.291680 -0.622191 5.373698
v 1.118401 -0.616480 5.603029
v 1.359716 -0.341277 5.411432
v 1.182349 -0.337803 5.642412
v 1.394263 -0.051527 5.429494
v 1.503292 -0.906993 4.840418
v 1.352133 -0.897794 5.083068
v 1.611512 -0.637174 4.891384
v 1.456215 -0.628987 5.136254
v 1.685493 -0.352062 4.925056
v 1.527205 -0.345713 5.171852
v 1.725384 -0.057515 4.940658
v 1.563824 -0.053327 5.188247
v 0.487743 -1.875022 4.332985
v 0.550008 -2.043768 3.505606
v 0.449173 -2.008643 3.738742
v 0.157856 -2.041210 3.607647
v 0.735060 -1.922922 3.869665
v 1.010094 -1.793871 3.998723
v 0.886992 -1.769219 4.238967
v 0.616192 -1.897332 4.103903
v 0.845333 -1.956047 3.629503
v 0.995315 -1.570992 4.597913
v 1.335129 -1.397161 4.454293
v 1.506205 -1.170477 4.529860
v 1.639111 -1.187202 4.278052
v 1.130713 -1.585965 4.360227
v 1.257421 -1.613090 4.116726
v 1.462403 -1.414240 4.204494
v 1.380676 -1.640779 3.867767
v 1.648822 -0.919248 4.592677
v 1.759168 -0.647571 4.640463
v 1.834465 -0.360595 4.671439
v 1.872580 -0.063967 4.683608
v 1.785892 -0.934501 4.338651
v 1.899630 -0.661131 4.384279
v 1.977756 -0.372389 4.413529
v 2.018320 -0.073833 4.424937
v 0.243505 -2.071830 3.385521
v 0.575870 -2.240149 2.648655
v 0.446953 -2.175195 2.906466
v 0.119658 -2.172644 2.810173
v 0.765965 -2.130950 3.016067
v 0.890871 -2.186619 2.759206
v 0.956186 -1.996579 3.383904
v 0.651361 -2.078711 3.263246
v 1.071072 -2.034441 3.130593
v 0.708843 -2.291508 2.372098
v 1.476314 -1.919121 2.981928
v 1.191913 -2.073222 2.870178
v 0.361810 -2.337210 1.491211
v 0.236223 -2.337095 1.824934
v -0.047565 -2.282574 1.684109
v 0.952435 -2.353740 1.778420
v 0.836656 -2.334241 2.081108
v 0.532949 -2.354664 1.955184
v 0.653050 -2.370441 1.639685
v 0.473647 -2.321071 1.167032
v 1.250470 -2.280830 1.909422
v 1.138426 -2.259142 2.202899
v 0.085255 -2.251743 1.324858
v 0.094309 -1.991815 0.530541
v -0.057655 -1.481367 -0.246983
v 0.117058 -1.761096 -0.145950
v 0.298472 -1.958912 -0.033352
v 0.206782 -1.966422 0.252547
v 0.672117 -2.263964 0.550293
v 0.576831 -2.290467 0.855450
v 0.319709 -2.167885 0.693816
v 0.420961 -2.139092 0.396471
v 0.857936 -2.351247 1.013605
v 0.597567 -2.123471 -0.206434
v 0.375396 -1.956271 -0.331996
v 0.949018 -2.333160 0.707336
v 0.763680 -2.246823 0.247289
v -0.178647 -1.179973 -0.321815
v -0.261949 -0.868152 -0.380245
v -0.317384 -0.847771 -0.156229
v 0.003856 -1.488222 -0.509395
v 0.185352 -1.753355 -0.429682
v 0.230374 -1.742928 -0.726333
v 0.435905 -1.955591 -0.647721
v 0.057380 -1.490226 -0.780114
v 0.273519 -1.750153 -1.032573
v 0.088250 -1.493585 -1.060585
v 0.323250 -1.796784 -1.400504
v 0.793679 -2.166971 -0.862150
v 0.513237 -1.987887 -0.962235
v 0.931879 -2.213858 -1.250156
v 0.687172 -2.135255 -0.524161
v 0.955601 -2.256311 -0.370721
v 1.075792 -2.280454 -0.689731
v -0.129804 -1.195610 -0.567968
v -0.084828 -1.205024 -0.820665
v -0.186796 -0.900334 -0.854135
v -0.055924 -1.206183 -1.079560
v -0.243184 -0.584818 -0.884155
v -0.157871 -0.901597 -1.098081
v -0.253375 -0.269967 -0.913022
v -0.218438 -0.587881 -1.117379
v 0.094359 -1.483388 -1.348680
v -0.049999 -1.193118 -1.341072
v -0.149909 -0.890034 -1.344221
v -0.233258 -0.273191 -1.135963
v -0.208984 -0.579109 -1.353006
v 0.230162 -1.824984 -2.068121
v 0.335071 -1.882255 -1.844444
v 0.096185 -1.625795 -1.953492
v 0.019328 -1.578431 -2.191561
v 0.360678 -1.980787 -2.228168
v 0.597319 -2.026894 -1.298847
v 0.190327 -1.687143 -1.688937
v 0.042376 -1.436257 -1.626580
v 0.468043 -2.021269 -2.005241
v 0.615349 -2.145470 -2.210195
v 0.681908 -2.125346 -1.732995
v 0.580217 -2.076771 -1.844944
v 0.646841 -2.081412 -1.558257
v 0.719022 -2.170190 -2.003944
v 1.234700 -2.311724 -1.501189
v 1.442244 -2.348464 -1.278817
v -0.193358 -0.239127 -1.845210
v -0.218270 -0.534003 -1.818341
v -0.078828 -1.157369 -1.597785
v -0.024445 -1.381737 -1.881387
v -0.164843 -0.862620 -1.587902
v -0.122033 -1.111538 -1.842611
v -0.212530 -0.559590 -1.588848
v -0.188405 -0.825683 -1.825656
v -0.209952 -0.264258 -1.612124
v -0.219088 -0.269386 -1.363380
v 0.233733 -2.280897 -3.984636
v 0.104416 -2.280916 -3.740195
v 0.506742 -2.108892 -2.419784
v 0.790557 -2.232327 -2.424417
v 0.667525 -2.210360 -2.630784
v 0.543345 -2.185752 -2.835463
v 0.704512 -2.255045 -3.057518
v 0.414966 -2.250926 -3.426856
v 0.268971 -2.177927 -3.208734
v 0.261681 -2.260717 -3.591105
v 0.406180 -2.276368 -3.831561
v 0.570000 -2.268628 -3.664204
v 0.905641 -2.256873 -2.213218
v 0.563004 -2.247311 -3.249015
v 0.727441 -2.271165 -3.485424
v 1.104222 -2.302217 -2.438537
v 1.012264 -2.277124 -1.994764
v 1.053715 -2.133721 -3.972517
v 0.894270 -2.232886 -3.730429
v 0.869945 -2.136747 -4.154937
v 0.723679 -2.234043 -3.910898
v 0.041889 -2.069637 -4.703981
v 0.162972 -2.213130 -4.365116
v -0.041271 -2.203367 -4.478493
v 0.263344 -2.086626 -4.598709
v 0.357713 -2.217737 -4.230901
v 0.349341 -1.910609 -4.813108
v 0.475704 -2.101064 -4.470737
v 0.577772 -1.927617 -4.691783
v 0.677660 -2.116548 -4.322819
v 0.663630 -1.711302 -4.893260
v 0.413312 -1.685941 -4.993979
v 1.420868 -1.595061 -4.566463
v 1.256561 -1.294704 -4.894795
v 1.498199 -1.326426 -4.727257
v 1.292658 -1.014730 -5.002355
v 1.546857 -1.041056 -4.844285
v 1.311069 -0.722961 -5.079391
v 1.575130 -0.746867 -4.929892
v 1.313036 -0.425629 -5.129984
v 1.584531 -0.447050 -4.987507
v 1.302825 -0.126356 -5.160831
v 1.577121 -0.144743 -5.017877
v 0.958326 -1.548525 -4.894211
v 0.999094 -1.270302 -5.033521
v 1.023447 -0.987707 -5.132129
v 1.033553 -0.697420 -5.198372
v 1.030938 -0.403301 -5.234391
v 1.012662 -0.106600 -5.251299
v 1.585414 -1.434663 3.950662
v 1.707746 -1.461290 3.693444
v 1.608394 -1.700250 3.347381
v 1.492752 -1.664287 3.608067
v 1.356376 -1.890000 3.244390
v 1.829624 -1.487104 3.431830
v 2.015807 -1.250417 3.497746
v 1.894249 -1.230133 3.763093
v 2.169086 -0.990443 3.550642
v 2.045899 -0.971624 3.817985
v 2.288779 -0.711373 3.590120
v 2.164491 -0.694061 3.859369
v 2.374429 -0.418311 3.615567
v 2.247628 -0.401918 3.885768
v 2.419674 -0.115315 3.624196
v 2.293450 -0.100384 3.896021
v 1.737169 -1.729607 3.088335
v 1.949663 -1.511435 3.165611
v 2.133169 -1.271495 3.227949
v 2.063976 -1.530901 2.893197
v 2.244368 -1.289066 2.952879
v 1.849577 -1.752165 2.814452
v 1.709965 -1.979416 2.435502
v 1.595647 -1.952138 2.712578
v 2.068882 -1.794024 2.254622
v 1.815949 -2.000595 2.149451
v 2.174845 -1.548980 2.615576
v 2.356493 -1.308338 2.675921
v 2.279256 -1.564463 2.333540
v 1.960861 -1.767911 2.536819
v 2.455801 -1.320421 2.392206
v 2.372170 -1.576279 2.046269
v 2.546718 -1.330359 2.105038
v 2.286025 -1.009114 3.278612
v 2.405239 -0.728283 3.315958
v 2.488040 -0.433468 3.338507
v 2.397603 -1.026681 3.002270
v 2.516912 -0.745096 3.038134
v 2.601540 -0.449929 3.060476
v 2.651429 -0.146337 3.069076
v 2.538205 -0.130778 3.348136
v 2.504875 -1.042351 2.722621
v 2.622017 -0.759455 2.756837
v 2.705475 -0.463839 2.778107
v 2.754183 -0.160139 2.785714
v 2.602999 -1.054275 2.438320
v 2.718268 -0.771021 2.471564
v 2.800102 -0.475450 2.491779
v 2.847406 -0.172197 2.498893
v 2.691644 -1.063553 2.150422
v 2.804710 -0.780346 2.182775
v 2.884613 -0.485265 2.202305
v 2.930722 -0.182868 2.209205
v 1.430811 -2.138778 2.321151
v 1.539372 -2.159672 2.032987
v 1.640425 -2.175051 1.739993
v 1.532197 -2.281420 1.010942
v 1.444356 -2.284702 1.309787
v 1.150945 -2.345956 1.166050
v 1.730836 -2.174730 1.444253
v 1.819395 -2.179059 1.150915
v 2.250431 -1.814978 1.676565
v 2.160058 -1.806061 1.964956
v 2.003507 -2.019354 1.567956
v 1.908820 -2.006585 1.857299
v 2.327157 -1.810412 1.385802
v 2.087976 -2.020393 1.276981
v 2.457681 -1.582623 1.757306
v 2.628063 -1.334794 1.815094
v 2.482802 -1.804929 0.811197
v 2.167408 -2.015406 0.987143
v 2.244081 -2.003153 0.700350
v 2.771263 -1.068583 1.860003
v 2.881155 -0.785658 1.891439
v 2.957680 -0.491411 1.910150
v 3.000671 -0.190437 1.916600
v 1.239845 -2.336031 0.862416
v 1.328093 -2.324988 0.562062
v 1.235192 -2.319103 -0.201354
v 1.133049 -2.310032 0.101586
v 0.855208 -2.244288 -0.058712
v 1.420192 -2.322764 0.264795
v 1.519668 -2.323702 -0.029743
v 1.986122 -2.167216 0.570601
v 1.902313 -2.173685 0.858603
v 1.708647 -2.276818 0.423548
v 1.619915 -2.281303 0.715621
v 1.632236 -2.328828 -0.319701
v 1.354443 -2.333045 -0.502498
v 1.761201 -2.335696 -0.601842
v 1.904052 -2.267198 -0.147663
v 2.261234 -2.137916 -0.263273
v 2.165065 -2.152642 0.007333
v 2.015631 -2.261623 -0.422887
v 1.856380 -2.336992 -1.331853
v 1.672396 -2.360160 -1.070082
v 1.659304 -2.352344 -1.538966
v 1.500618 -2.347005 -0.796078
v 2.390048 -2.174596 -1.194617
v 2.215260 -2.249171 -1.387073
v 2.518183 -2.103883 -1.428630
v 2.561493 -2.060363 -1.018680
v 0.864686 -2.196470 -1.568586
v 1.109613 -2.289896 -1.758164
v 1.225934 -2.322741 -2.218469
v 2.375700 -2.172086 -1.623133
v 2.042153 -2.299986 -1.587544
v 2.226270 -2.220322 -1.827337
v 2.530852 -2.059111 -1.836571
v 1.575271 -2.325859 -2.231945
v 1.346392 -2.333774 -1.989155
v 1.508415 -2.260313 -2.914195
v 1.306545 -2.307841 -2.674701
v 1.359721 -2.250749 -3.127382
v 1.227057 -2.146073 -3.779777
v 1.208288 -2.240428 -3.336040
v 1.390263 -2.155286 -3.575289
v 1.705830 -2.165147 -3.147961
v 1.653878 -2.266727 -2.695730
v 1.548292 -2.159034 -3.363352
v 2.005956 -2.160775 -2.708378
v 1.857141 -2.162477 -2.927525
v 1.558718 -2.014062 -3.798633
v 1.383383 -1.997837 -4.003388
v 1.893231 -2.023721 -3.370835
v 1.522999 -1.823592 -4.207512
v 2.144202 -2.145455 -2.485295
v 2.280340 -2.132483 -2.265912
v 1.937189 -2.262640 -2.254718
v 2.050858 -2.013519 -3.150125
v 2.235399 -1.816588 -3.358868
v 0.797160 -1.949348 -4.552223
v 0.889898 -1.741855 -4.753013
v 1.633345 -1.613267 -4.373959
v 1.722232 -1.344031 -4.535061
v 1.150636 -1.752831 -4.633546
v 1.938343 -1.354297 -4.335578
v 1.839030 -1.616056 -4.179340
v 1.707418 -1.832219 -3.999607
v 2.377458 -1.592642 -3.521894
v 2.321573 -1.357936 -3.892329
v 2.489885 -1.351040 -3.652442
v 1.843560 -0.162831 -4.857226
v 1.841611 -0.466655 -4.815967
v 1.786016 -1.061662 -4.661093
v 2.010010 -1.075459 -4.460214
v 1.824581 -0.767541 -4.753205
v 2.056207 -0.783165 -4.554026
v 2.085394 -0.484180 -4.625790
v 2.086783 -0.178652 -4.662767
v 2.310308 -0.191716 -4.444175
v 2.302083 -0.496139 -4.403490
v 2.511278 -0.201376 -4.206338
v 2.495517 -0.502995 -4.162526
v 2.407325 -1.086874 -4.009334
v 2.578209 -1.084912 -3.763111
v 2.466809 -0.800916 -4.101121
v 2.635828 -0.800315 -3.847614
v 2.690821 -0.207798 -3.953085
v 2.674682 -0.507305 -3.912169
v 2.409006 -1.813751 1.098930
v 2.672023 -1.578059 0.887811
v 2.607029 -1.582975 1.177069
v 2.827916 -1.329732 0.942596
v 2.767902 -1.334389 1.232760
v 2.708504 -1.340685 1.525493
v 2.842359 -1.070917 1.567954
v 2.945747 -0.787518 1.597965
v 3.010849 -0.494107 1.615890
v 3.047805 -0.195330 1.621972
v 2.949850 -1.063701 0.982585
v 2.899759 -1.068210 1.274725
v 3.036319 -0.782911 1.009199
v 2.993896 -0.785778 1.303167
v 2.549507 -1.796309 0.526017
v 2.325782 -2.000569 0.418154
v 2.407079 -1.988269 0.140778
v 2.491590 -1.973986 -0.128440
v 2.573416 -1.956295 -0.386435
v 2.795281 -1.557018 0.319165
v 2.731007 -1.567446 0.600452
v 2.927239 -1.304843 0.368901
v 2.879941 -1.319196 0.654047
v 2.967206 -1.287652 0.088193
v 2.840692 -1.533059 0.041430
v 2.688653 -1.761199 -0.023630
v 2.897974 -1.516673 -0.225008
v 3.002179 -1.268035 -0.186241
v 2.756781 -1.742861 -0.285780
v 2.954493 -1.493859 -0.483452
v 3.039977 -1.243950 -0.456899
v 3.016008 -1.039064 0.403457
v 2.990630 -1.053115 0.691628
v 3.037101 -0.759487 0.419275
v 3.058033 -0.777358 0.716429
v 3.058671 -0.453303 0.406842
v 3.029040 -0.473440 0.722652
v 3.012687 -0.164500 0.409721
v 3.003754 -0.179388 0.714389
v 3.046730 -1.022650 0.118572
v 3.060503 -0.746611 0.133845
v 3.020778 -0.438070 0.127539
v 3.026214 -0.148152 0.116251
v 3.056409 -1.008228 -0.164183
v 3.030718 -0.723989 -0.162033
v 3.028506 -0.397341 -0.192563
v 3.025465 -0.158447 -0.158309
v 3.036375 -0.971076 -0.450066
v 3.012724 -0.675932 -0.456250
v 3.021362 -0.420747 -0.459602
v 3.089953 -0.153868 -0.446266
v 2.466198 -2.103690 -0.775998
v 2.263078 -2.216273 -0.945651
v 2.649821 -1.931871 -0.636399
v 2.730550 -1.901708 -0.875603
v 2.922597 -1.677296 -1.021466
v 2.871133 -1.703658 -0.784189
v 2.966426 -1.641826 -1.245927
v 2.794730 -1.863458 -1.097490
v 2.992321 -1.473038 -0.744476
v 2.826895 -1.727933 -0.526199
v 3.049924 -1.221649 -0.728669
v 3.021439 -1.447196 -0.996767
v 3.047920 -1.192233 -0.997558
v 3.047518 -1.421541 -1.248602
v 3.036322 -1.171286 -1.267601
v 2.981633 -1.621771 -1.476909
v 2.907563 -1.742527 -1.460445
v 2.851873 -1.807840 -1.294132
v 3.054123 -1.418772 -1.507012
v 3.030775 -1.152035 -1.547594
v 3.027253 -0.952113 -0.729478
v 3.007787 -0.633419 -0.763047
v 3.010170 -0.406501 -0.740587
v 3.008560 -0.150501 -0.746082
v 3.027926 -0.924976 -1.012537
v 3.012299 -0.667988 -1.024319
v 3.067810 -0.405065 -1.032827
v 3.066260 -0.151190 -1.040291
v 3.031635 -0.889756 -1.294878
v 3.020236 -0.669660 -1.301387
v 3.066538 -0.412577 -1.320755
v 3.029653 -0.151350 -1.337776
v 3.080587 -0.916082 -1.565165
v 3.067056 -0.672191 -1.590301
v 3.056214 -0.419004 -1.611644
v 3.042254 -0.164113 -1.629073
v 2.647758 -2.003160 -1.637905
v 2.656399 -2.000321 -1.245555
v 2.579587 -1.947562 -2.236053
v 2.405753 -2.103429 -2.047669
v 2.773112 -1.865730 -1.807197
v 2.677725 -1.909944 -2.015378
v 2.816009 -1.733460 -2.155758
v 2.730713 -1.751610 -2.391725
v 2.750087 -1.921160 -1.452655
v 2.850782 -1.809030 -1.611900
v 2.885938 -1.693894 -1.923545
v 3.038765 -1.440512 -1.759647
v 3.043581 -1.166684 -1.820817
v 3.054341 -1.231290 -2.072330
v 2.991248 -1.473383 -2.006526
v 2.939505 -1.509227 -2.256789
v 3.023559 -1.024274 -2.684465
v 3.028559 -0.995761 -2.404357
v 2.963100 -1.285859 -2.606560
v 3.046498 -0.752513 -2.744892
v 3.019507 -0.732542 -2.453457
v 3.092200 -0.459296 -2.490267
v 3.033316 -0.474263 -2.787830
v 3.056601 -0.191331 -2.515753
v 3.017624 -0.196550 -2.814105
v 3.026630 -0.938958 -1.854405
v 3.023266 -0.690011 -1.884145
v 3.087263 -0.428740 -1.902458
v 3.073650 -0.171233 -1.921605
v 3.038599 -0.966209 -2.127930
v 3.012546 -0.708715 -2.167458
v 3.065433 -0.448495 -2.195679
v 3.097323 -0.187634 -2.216722
v 2.338888 -1.986791 -2.697343
v 2.518748 -1.789642 -2.884920
v 2.204371 -2.006697 -2.928098
v 2.384228 -1.798532 -3.126880
v 2.528381 -1.581334 -3.280570
v 2.639194 -1.340037 -3.401225
v 2.464906 -1.969297 -2.466187
v 2.655719 -1.567143 -3.025294
v 2.768712 -1.326260 -3.140958
v 2.773383 -1.555571 -2.769761
v 2.637456 -1.772186 -2.638412
v 2.859974 -1.532068 -2.509413
v 2.723930 -1.074984 -3.502416
v 2.829860 -0.507311 -3.646893
v 2.854332 -1.063493 -3.236384
v 2.786396 -0.795759 -3.584068
v 2.917333 -0.787483 -3.312887
v 3.003468 -0.769469 -3.027935
v 3.034445 -0.489624 -3.080478
v -3.510475 0.127063 0.393641
v -3.522968 0.372468 0.402117
v -3.520939 0.038327 0.675529
v -3.511290 0.628172 0.409793
v -3.576899 0.307170 0.689221
v -3.523057 0.880910 0.408879
v -3.515505 0.573000 0.689427
v -3.528016 1.126471 0.407643
v -3.532240 0.821416 0.682702
v -3.539232 -0.137774 0.051541
v -3.539598 0.214924 0.105967
v -3.542150 -0.079259 -0.241125
v -3.532754 0.442593 0.116355
v -3.495442 0.236681 -0.189800
v -3.550444 0.695410 0.118569
v -3.522398 0.496072 -0.180673
v -3.545764 0.954121 0.128908
v -3.561896 0.754740 -0.169808
v -3.509609 1.026435 -0.155320
v -3.539114 0.814060 -0.460623
v -3.527825 1.205903 0.137421
v -3.540534 1.292612 -0.142194
v -3.510858 1.093527 -0.445976
v -3.516467 1.531926 -0.127797
v -3.550174 1.381307 -0.432807
v -3.483121 1.622249 -0.413971
v -3.433639 1.741602 -0.110268
v -3.529746 1.446042 0.144861
v -3.459894 1.665730 0.158808
v -3.540512 1.369365 0.407248
v -3.489917 1.587368 0.417935
v -3.566043 -0.204432 -1.167740
v -3.577962 0.063099 -1.156732
v -3.552894 0.348634 -1.127813
v -3.577163 0.094808 -1.465494
v -3.533665 0.656867 -1.073832
v -3.554508 0.365010 -1.447651
v -3.521004 0.905231 -1.050639
v -3.539200 0.637769 -1.417848
v -3.545421 -0.024693 -0.539473
v -3.491649 0.266804 -0.493999
v -3.616612 0.019266 -0.852273
v -3.522750 0.582584 -0.447994
v -3.512977 0.336528 -0.774636
v -3.534222 0.681643 -0.727697
v -3.524092 0.886327 -0.756192
v -3.541496 1.200943 -1.045068
v -3.516204 0.963953 -1.326791
v -3.519117 1.482807 -1.031145
v -3.536806 1.219857 -1.344277
v -3.506021 1.497878 -1.335773
v -3.409614 1.761461 -1.310582
v -3.517214 1.148855 -0.741378
v -3.546701 1.461454 -0.730644
v -3.498551 1.526474 -1.643155
v -3.452532 1.706982 -0.710056
v -3.423992 1.738132 -1.008598
v -3.375893 1.777726 -1.613197
v -3.501600 0.970732 -1.628942
v -3.537375 1.247871 -1.664685
v -3.524955 0.936404 -2.033268
v -3.531126 1.334777 -1.945805
v -3.475654 1.543408 -1.955093
v -3.353390 1.789395 -1.917811
v -3.544386 1.253513 -2.320342
v -3.464775 1.521738 -2.267976
v -3.330126 1.780511 -2.221868
v -3.292391 1.779935 -2.518768
v -3.428289 1.531357 -2.572407
v -3.385985 1.560655 -2.871428
v -3.497271 1.260146 -2.931729
v -3.523325 1.261207 -2.625428
v -3.177937 2.007500 -1.866055
v -3.150317 2.007322 -2.164590
v -3.114726 1.998845 -2.459005
v -3.243246 1.788920 -2.811117
v -3.521592 0.637505 -3.637609
v -3.438868 0.328944 -3.961502
v -3.546557 0.344770 -3.664555
v -3.474706 0.927899 -3.596233
v -3.415960 0.618722 -3.934802
v -3.468396 1.240874 -3.239281
v -3.209691 1.760204 -3.104615
v -3.350502 1.517175 -3.175488
v -3.156633 1.737084 -3.391159
v -3.400334 1.213547 -3.542478
v -3.538878 0.951668 -3.289310
v -3.293234 1.487092 -3.474243
v -3.371216 0.905188 -3.892076
v -3.299272 1.184749 -3.833469
v -3.200731 1.455826 -3.759913
v -3.528735 -0.012638 0.960739
v -3.570876 0.258757 0.966855
v -3.524839 0.529787 0.962284
v -3.533958 0.781989 0.949134
v -3.533159 -0.042973 1.236767
v -3.539022 0.501682 1.232569
v -3.543867 0.230788 1.238892
v -3.546714 0.766355 1.211935
v -3.475286 -0.337963 1.489946
v -3.499297 -0.060265 1.500114
v -3.509102 0.217229 1.498003
v -3.509587 0.492350 1.483320
v -3.398406 -0.068889 1.755201
v -3.416748 0.213461 1.751388
v -3.408848 0.494785 1.728036
v -3.494820 0.763205 1.455190
v -3.384476 0.771979 1.687715
v -3.534414 1.064600 0.673353
v -3.491779 1.502842 0.648313
v -3.547166 1.300429 0.659430
v -3.442372 1.583147 0.821059
v -3.415190 1.667766 0.656863
v -3.360302 1.641495 0.951138
v -3.428101 1.474078 1.056690
v -3.253422 1.687234 1.101973
v -3.158292 1.889387 0.887087
v -3.288203 1.805328 0.750386
v -3.461607 1.027064 1.408715
v -3.339966 1.041424 1.625042
v -3.127655 1.732577 1.261395
v -3.006965 1.954811 1.021900
v -3.196907 1.544525 1.420586
v -3.322918 1.500279 1.242580
v -3.375406 1.768662 0.444659
v -3.241129 1.927953 0.514699
v -3.339293 1.866771 0.193677
v -3.282976 1.945332 -0.074979
v -3.114193 2.117741 -0.017401
v -3.175441 2.024889 0.254875
v -2.996557 2.152843 0.345448
v -3.037770 2.184458 -0.296163
v -2.824284 2.311266 -0.222280
v -2.801369 2.245223 0.452999
v -2.911928 2.243432 0.063561
v -2.594132 2.399466 -0.137366
v -2.902776 2.118782 0.742918
v -2.719248 2.181602 0.877733
v -2.595459 2.301808 0.569291
v -2.695402 2.332119 0.158030
v -2.472512 2.390217 0.260242
v -3.168407 2.087502 -0.639960
v -3.231045 2.022759 -0.355387
v -2.966068 2.241491 -0.581563
v -3.106318 2.128844 -0.929956
v -2.895535 2.280907 -0.870502
v -3.053145 2.161276 -1.222216
v -2.831255 2.308837 -1.161511
v -3.010350 2.182455 -1.515748
v -2.739090 2.359737 -0.511063
v -2.658526 2.392281 -0.801369
v -2.585643 2.412567 -1.093661
v -2.779624 2.326426 -1.454940
v -2.495741 2.438405 -0.431696
v -2.405373 2.461753 -0.725224
v -2.326088 2.473705 -1.021197
v -2.526911 2.421735 -1.388884
v -3.037884 1.968165 -3.034979
v -2.908687 2.180172 -2.396188
v -3.075264 1.986006 -2.748846
v -2.876908 2.165315 -2.684717
v -2.974492 2.193314 -1.810168
v -2.840852 2.143193 -2.967732
v -2.735990 2.328088 -1.748535
v -2.935913 2.183781 -2.103439
v -2.703534 2.326656 -2.041814
v -2.677180 2.318348 -2.333369
v -2.483191 2.425430 -1.685078
v -2.453109 2.426571 -1.980455
v -2.430187 2.416115 -2.273052
v -2.651343 2.304759 -2.621357
v -2.219984 2.477275 -1.623087
v -2.192418 2.480996 -1.922947
v -2.175613 2.477714 -2.218515
v -2.410975 2.406649 -2.562173
v -2.930641 1.901519 -3.581829
v -3.067497 1.706478 -3.667129
v -3.442665 0.038208 -3.972685
v -3.267936 -0.261978 -4.245680
v -3.288022 0.312962 -4.243295
v -3.285248 0.025345 -4.251687
v -3.270905 0.598837 -4.217323
v -3.234113 0.880250 -4.174887
v -3.102921 0.299056 -4.505227
v -3.090315 0.580743 -4.479355
v -3.060887 0.856878 -4.436813
v -2.884178 0.288484 -4.738922
v -2.876927 0.566212 -4.714058
v -2.855003 0.837371 -4.671633
v -2.818911 1.098095 -4.611473
v -3.013661 1.123988 -4.376733
v -2.638654 0.282503 -4.945147
v -2.633602 0.556860 -4.918070
v -2.619344 0.824993 -4.876335
v -3.176583 1.155036 -4.116563
v -3.089245 1.418295 -4.037561
v -2.860322 1.607743 -4.210958
v -2.945945 1.377638 -4.300382
v -2.763673 1.793105 -4.116742
v -2.970690 1.670106 -3.939992
v -2.767854 1.343303 -4.535685
v -2.702295 1.564357 -4.445402
v -2.628671 1.757555 -4.349523
v -2.591574 1.082043 -4.813498
v -2.557012 1.326364 -4.739262
v -2.454381 1.734544 -4.539666
v -2.508875 1.548088 -4.644130
v -2.697064 2.027853 -3.760323
v -2.506425 2.185072 -3.694616
v -2.645209 1.969803 -4.001605
v -2.419193 2.075691 -4.116590
v -2.457228 2.132498 -3.921571
v -2.546093 1.923253 -4.227522
v -2.413825 1.886262 -4.428630
v -2.295064 2.304489 -3.653522
v -2.243392 1.759252 -4.681128
v -2.249165 0.218564 6.267037
v -2.479237 -0.049300 6.031179
v -2.252774 0.485241 6.275681
v -2.479577 0.237783 6.031852
v -2.444954 0.801956 6.041330
v -2.465458 0.521834 6.032791
v -2.241584 1.002869 6.279322
v -2.237145 0.747701 6.263958
v -1.965257 -0.046818 6.390439
v -1.969640 0.205786 6.391129
v -1.979378 0.705647 6.384475
v -1.977194 0.456734 6.387924
v -1.980069 0.951199 6.375015
v -2.197979 1.579447 6.118131
v -2.329450 1.334773 6.081468
v -2.211737 1.244940 6.296693
v -2.162577 1.416914 6.311238
v -1.974981 1.190354 6.377798
v -1.974026 1.421870 6.387300
v -1.951945 1.630201 6.277538
v -1.120901 1.880173 6.329501
v -1.380355 1.895823 6.255321
v -1.643585 1.875643 6.147320
v -1.572469 2.007107 5.872878
v -2.398050 1.074368 6.051896
v -2.611677 0.264991 5.736453
v -2.585778 0.567799 5.741433
v -2.535857 0.866329 5.750847
v -2.454717 1.156788 5.768996
v -2.649232 0.294674 5.429242
v -2.611744 0.612328 5.438394
v -2.539186 0.924597 5.452374
v -2.427099 1.229314 5.475563
v -2.623310 0.324837 5.129817
v -2.573598 0.653268 5.143197
v -2.481942 0.973418 5.163241
v -2.345545 1.276924 5.194573
v -2.568097 0.013400 4.833154
v -2.554333 0.353545 4.843998
v -2.492626 0.688272 4.861650
v -2.389819 1.014456 4.886140
v -2.327225 1.427045 5.805780
v -2.157334 1.665490 5.872878
v -2.262294 1.528641 5.516737
v -2.169129 1.541167 5.240936
v -1.970633 1.766594 5.328627
v -2.235073 1.323162 4.923803
v -2.458104 0.381158 4.570677
v -2.463649 0.035396 4.563826
v -2.392371 0.721609 4.589987
v -2.277564 1.051179 4.618739
v -2.103496 1.357881 4.664898
v -2.031886 1.605964 4.979464
v -3.255648 -0.070092 1.988513
v -3.266990 0.501857 1.950384
v -3.270433 0.215878 1.977543
v -3.241280 0.784727 1.902034
v -3.090934 -0.067995 2.201544
v -3.107163 0.221340 2.186830
v -3.100250 0.510769 2.151561
v -2.906559 -0.065629 2.393439
v -2.925257 0.226933 2.377082
v -2.920227 0.520153 2.339294
v -3.074496 0.797621 2.097496
v -2.707468 -0.065073 2.565164
v -2.728733 0.231111 2.548935
v -2.726205 0.528592 2.510863
v -2.891803 0.809687 2.278315
v -3.194813 1.060948 1.829366
v -3.128177 1.326691 1.728759
v -3.047426 1.569552 1.597076
v -3.278496 1.301845 1.539064
v -3.026340 1.077168 2.017080
v -2.957400 1.345297 1.907762
v -2.874628 1.589086 1.768921
v -2.785726 1.817822 1.571661
v -2.596663 1.836115 1.726497
v -2.841030 1.090898 2.191779
v -2.769966 1.360009 2.076185
v -2.695847 0.821159 2.444918
v -2.642581 1.103664 2.353918
v -2.686720 1.607030 1.928114
v -2.568408 1.369803 2.234323
v -2.142972 2.237827 1.298734
v -2.288567 2.056624 1.621378
v -1.942145 2.243176 1.450427
v -2.843477 1.999512 1.167044
v -2.664718 2.033887 1.310410
v -2.958441 1.782505 1.410877
v -2.527093 2.210296 1.009939
v -2.479364 2.052801 1.460526
v -2.353612 2.445900 -0.046410
v -2.389842 2.338156 0.690538
v -2.248832 2.418021 0.365909
v -2.111667 2.458072 0.048079
v -2.336485 2.230746 1.150581
v -2.185734 2.356636 0.816537
v -1.985333 2.356730 0.947073
v -2.030279 2.423612 0.475450
v -1.820372 2.411862 0.592425
v -1.875425 2.445462 0.149784
v -1.650050 2.416204 0.250691
v -0.396391 1.192539 -0.260393
v -0.549811 1.534049 -0.446096
v -0.506245 1.487460 -0.153642
v -0.278190 0.637509 -0.646050
v -0.300241 0.590137 -0.396646
v -0.332306 0.941134 -0.596399
v -0.327529 0.890358 -0.337849
v -0.423556 1.240761 -0.531563
v -0.321880 0.539857 -0.166903
v -0.323592 0.829020 -0.097941
v -0.371772 1.126456 -0.017769
v -0.449588 1.419919 0.091944
v -2.243062 2.476427 -0.347052
v -2.143845 2.490200 -0.644314
v -1.997925 2.484924 -1.255592
v -2.263441 2.471030 -1.321326
v -1.987816 2.475745 -0.259225
v -1.879936 2.473314 -0.559829
v -0.721515 1.812975 -0.334532
v -0.653095 1.773822 0.005416
v -0.948288 2.070755 -0.200215
v -0.830721 2.039783 0.247476
v -0.969491 2.157631 0.304051
v -0.550793 1.704591 0.248258
v -0.413536 1.288329 -1.137261
v -0.393301 1.296645 -1.451678
v -0.544017 1.564659 -1.110017
v -2.365503 2.372023 -3.123933
v -2.391679 2.395496 -2.846627
v -2.131059 2.456590 -3.078205
v -1.918306 2.497136 -2.171447
v -2.163549 2.475785 -2.509343
v -2.149191 2.463921 -2.795892
v -1.905871 2.504803 -2.752135
v -1.892784 2.500070 -3.038488
v -1.665580 2.479154 -2.131640
v -1.912669 2.502656 -2.463765
v -1.664282 2.509418 -2.713429
v -1.655875 2.513869 -3.000293
v -1.430812 2.452326 -2.391693
v -1.666096 2.492728 -2.425133
v -1.430675 2.483579 -2.678582
v -0.683626 1.821436 -1.446615
v -0.712459 1.811348 -1.083251
v -0.872959 2.024025 -1.441128
v -0.898714 2.020480 -1.066200
v -0.842166 2.041471 -1.797613
v -0.650240 1.830119 -1.824020
v -1.051342 2.168041 -1.435773
v -1.022104 2.189456 -1.776328
v -1.016768 2.288941 -2.382253
v -1.008916 2.337892 -2.638113
v -1.212373 2.380786 -2.373285
v -1.424510 2.494837 -2.965087
v -0.488305 1.578124 -1.793372
v -0.361064 1.298204 -1.763019
v -0.444977 1.571080 -2.131032
v -0.620965 1.897788 -2.253196
v -0.830434 2.102750 -2.154926
v -0.877342 2.301826 -2.828111
v -0.999344 2.372537 -2.890703
v -0.932754 2.295001 -2.630932
v -2.106201 2.425889 -3.355667
v -1.874894 2.480338 -3.326115
v -2.078136 2.384520 -3.633343
v -1.645403 2.505699 -3.294494
v -1.858753 2.442326 -3.616933
v -1.423606 2.506035 -3.262455
v -1.201086 2.452622 -2.927183
v -1.217851 2.480551 -3.230702
v -1.639480 2.476147 -3.599761
v -2.354901 0.004419 -5.118633
v -2.364609 0.279987 -5.107717
v -2.365902 0.552393 -5.082731
v -2.356380 0.818414 -5.037614
v -2.060152 0.006054 -5.239702
v -2.040973 -0.269198 -5.236974
v -2.072185 0.279372 -5.226386
v -2.076623 0.549920 -5.198490
v -2.076733 0.817135 -5.163980
v -2.341960 1.077046 -4.981111
v -2.282280 1.549985 -4.798701
v -2.262480 2.239713 -3.906384
v -2.217352 1.919860 -4.528462
v -2.035110 1.560806 -4.916539
v -2.315452 1.321091 -4.898664
v -2.013337 1.771083 -4.778846
v -2.055410 2.324635 -3.906428
v -2.229375 2.163902 -4.138867
v -2.026905 2.230002 -4.160547
v -2.211103 2.057319 -4.350054
v -2.007885 2.108734 -4.397141
v -2.057044 1.326929 -5.027169
v -2.070396 1.076970 -5.107318
v -1.839847 2.379220 -3.906060
v -1.815395 2.284099 -4.182279
v -1.595963 2.319019 -4.197145
v -1.622342 2.416001 -3.904458
v -1.792113 2.149243 -4.437273
v -1.568411 2.186171 -4.472858
v -1.742876 -0.267805 -5.280541
v -1.779402 0.549895 -5.279711
v -1.771213 0.279421 -5.295394
v -1.785819 0.817619 -5.249571
v -1.787609 1.079051 -5.199060
v -1.783282 1.330246 -5.114027
v -1.774749 1.570305 -5.004435
v -1.766724 1.782998 -4.854034
v -0.018054 0.686221 6.377351
v 0.207247 0.966397 6.313302
v -0.048162 0.926563 6.381023
v 0.136752 1.202528 6.275261
v -0.093585 1.159116 6.377077
v -1.041207 2.024740 6.070087
v -0.793999 1.978715 6.149518
v -0.422212 1.938582 6.019531
v -0.665023 2.048930 5.907690
v -0.222856 1.780672 6.111879
v -0.513377 2.090915 5.676972
v -0.248333 1.967008 5.820327
v -1.822309 1.810058 5.077346
v -1.715806 1.943811 5.457092
v -1.584650 1.971601 5.187276
v -1.457457 2.060413 5.580004
v -1.327085 2.082026 5.304939
v -1.190691 2.090153 5.040923
v -1.306731 1.985736 4.666808
v -1.446517 1.984728 4.925135
v -1.055118 2.095452 4.780666
v -0.786088 2.151047 5.548669
v -0.648828 2.152428 5.294393
v -0.923506 2.155473 5.163967
v -2.351316 0.057006 4.303143
v -2.335882 0.405648 4.312680
v -2.271944 0.749867 4.329990
v -2.233373 0.078376 4.050191
v -2.196870 -0.272386 4.051845
v -2.215902 0.429235 4.058993
v -2.143565 0.772925 4.078187
v -2.074282 -0.250710 3.808331
v -2.109086 0.101086 3.805519
v -2.090679 0.452470 3.813012
v -1.982906 0.124816 3.567548
v -1.944377 -0.225716 3.574450
v -1.967057 0.475706 3.572196
v -1.896481 0.820089 3.584886
v -1.677218 1.827530 4.822161
v -1.881250 1.628387 4.734739
v -2.143431 1.077372 4.363867
v -1.969401 1.386727 4.410123
v -1.749899 1.648866 4.480162
v -2.015947 1.101275 4.109896
v -1.834064 1.404648 4.157525
v -1.614464 1.672675 4.220809
v -2.017813 0.796454 3.829945
v -1.890572 1.125071 3.857721
v -1.709356 1.428993 3.899168
v -1.539454 1.839888 4.565141
v -1.400753 1.853860 4.307411
v -1.172398 2.001064 4.406285
v -1.772104 1.150140 3.606142
v -1.593416 1.456902 3.636893
v -1.369573 1.720696 3.685874
v -1.270815 1.873280 4.042194
v -1.154418 1.901051 3.766761
v -0.657489 2.161585 4.644759
v -0.921530 2.103280 4.520169
v -0.793161 2.114509 4.255811
v -1.040974 2.011501 4.141910
v -0.923620 2.037116 3.868693
v -2.497485 -0.068609 2.717281
v -2.520393 0.231820 2.702150
v -2.518462 0.533159 2.662689
v -2.490164 0.829801 2.598106
v -2.278778 -0.076870 2.850887
v -2.302892 0.229105 2.839511
v -2.303252 0.535829 2.802461
v -2.275867 0.837390 2.740659
v -2.051525 -0.091636 2.962715
v -2.075533 0.223395 2.960398
v -2.078895 0.542325 2.931779
v -2.052048 0.845461 2.871157
v -1.846401 -0.201841 3.335333
v -1.749886 -0.541716 3.353383
v -1.860065 -0.572134 3.587169
v -1.883524 0.145824 3.322397
v -1.861992 0.501535 3.331252
v -1.794395 0.844982 3.337448
v -1.999050 -0.395043 2.943886
v -1.775044 -0.431930 3.037192
v -1.785140 -0.074941 3.084041
v -1.810757 0.251403 3.070037
v -1.795429 -0.139754 3.027632
v -1.702497 -0.501833 3.094413
v -1.825813 0.151397 3.031708
v -1.849313 0.460818 3.015259
v -1.746541 0.850147 3.079473
v -1.807398 0.850109 2.974900
v -1.512991 -0.427785 2.982678
v -1.552145 -0.115102 2.996172
v -1.570507 0.197904 2.986663
v -1.554198 0.513496 2.977419
v -1.788942 0.560006 3.053236
v -2.437584 1.115312 2.507130
v -2.363304 1.382567 2.390268
v -2.487443 1.612925 2.086488
v -2.279071 1.618037 2.249473
v -2.195630 1.832929 2.061624
v -2.224742 1.127093 2.651929
v -2.149014 1.397193 2.539088
v -1.980341 1.828412 2.251970
v -1.745749 1.862365 2.387251
v -1.873805 2.062608 1.963419
v -1.644464 2.079540 2.115850
v -1.735654 2.250670 1.596519
v -2.003828 1.141852 2.786228
v -1.926625 1.420317 2.678914
v -1.502228 1.904420 2.526827
v -1.411545 2.107267 2.249877
v -1.519676 2.255372 1.738325
v -1.673553 1.177511 3.352884
v -1.501403 1.493961 3.366957
v -1.276180 1.768242 3.395028
v -1.295279 2.268400 1.877290
v -1.171468 2.337141 1.480555
v -1.611172 1.199323 3.106401
v -1.433626 1.526827 3.099713
v -1.234076 1.818458 3.035828
v -1.771219 1.155817 2.903095
v -1.695834 1.443483 2.808110
v -1.181502 2.143538 2.390347
v -1.543840 0.825428 2.953078
v -1.505532 1.136012 2.916517
v -1.373706 2.336930 1.348088
v -1.226330 2.331449 0.959723
v -1.037208 2.315722 1.082780
v -0.391061 0.416066 0.277493
v -0.360448 0.473581 0.099531
v -0.360651 0.695527 0.316730
v -0.332981 0.764181 0.127748
v -0.351673 0.980137 0.390054
v -0.340779 1.055555 0.198716
v -0.359369 1.265455 0.479832
v -0.399569 0.361108 0.421375
v -0.378835 0.668725 0.474633
v -0.344629 0.924383 0.535949
v -0.299794 1.191579 0.610135
v -0.436925 0.299534 0.644222
v -0.398566 0.574637 0.694631
v -0.358158 0.848859 0.734284
v -0.381895 0.272174 0.472254
v -0.367812 0.537449 0.535338
v -0.308209 0.825045 0.573004
v -1.418351 2.363437 0.839106
v -1.250588 2.307493 0.468677
v -1.446862 2.369008 0.360826
v -0.362883 1.562027 0.606910
v -0.388778 1.344824 0.298918
v -0.656990 1.967063 0.479741
v -0.449728 1.629581 0.442240
v -1.078446 2.255192 0.577310
v -0.294384 1.459139 0.687987
v -0.506646 1.909266 0.665051
v -1.577789 2.341718 1.216610
v -0.923149 2.210013 0.682138
v -0.216535 1.388493 0.770908
v -0.297474 1.119376 0.760171
v -0.356175 1.861873 0.806252
v -0.249434 1.759576 0.823212
v -0.210963 0.387891 -1.971186
v -0.198761 0.380195 -2.229013
v -0.201167 0.685781 -1.997011
v -0.192150 0.650683 -2.248240
v -0.246737 0.982124 -2.020179
v -0.218879 0.936054 -2.277206
v -0.330172 1.276872 -2.060520
v -0.280322 1.221144 -2.323505
v -0.274419 0.594004 -2.469731
v -0.271641 0.877304 -2.521202
v -0.299358 0.342977 -2.471047
v -0.351557 0.248485 -2.729454
v -0.324232 0.523762 -2.736312
v -0.275176 1.144461 -2.557813
v -0.277513 0.797162 -2.755984
v -0.361830 1.501542 -2.397708
v -0.451440 1.773381 -2.522039
v -0.510775 2.029534 -2.765660
v -0.300346 1.416998 -2.617032
v -0.343568 1.681812 -2.709690
v -0.279455 1.062214 -2.794083
v -0.265673 1.323002 -2.812007
v -0.371007 1.924818 -2.866392
v -0.260075 1.589149 -2.866166
v -0.198475 0.216381 -2.931536
v -0.200964 0.476147 -2.941178
v -0.238394 0.734742 -2.964168
v -0.260676 0.986169 -2.979330
v -1.029983 2.439143 -3.196527
v -1.424765 2.490827 -3.581493
v -0.847381 2.385379 -3.150870
v -0.234516 1.237083 -2.976989
v -1.373408 2.350863 -4.208382
v -1.404578 2.435289 -3.899440
v -1.187755 2.451378 -3.891160
v -1.334010 2.208099 -4.490667
v -1.095000 2.228389 -4.502307
v -1.296071 2.024898 -4.748093
v -1.045270 2.047885 -4.771294
v -1.145202 2.363707 -4.207222
v -0.852139 2.246953 -4.507515
v -1.015436 2.468945 -3.534455
v -0.817499 2.443323 -3.503391
v -0.971336 2.450332 -3.875031
v -0.755395 2.443081 -3.853397
v -0.914601 2.375978 -4.201811
v -0.681454 2.380720 -4.188591
v -1.480383 0.546115 -5.272552
v -1.491627 0.818966 -5.288018
v -1.499071 1.079678 -5.253686
v -1.208841 1.081752 -5.282551
v -1.176590 0.543279 -5.252010
v -1.158278 0.272418 -5.327358
v -1.194765 0.816125 -5.280286
v -1.506572 1.335276 -5.177519
v -1.509658 1.575937 -5.065884
v -1.517272 1.793827 -4.920780
v -1.224751 1.336554 -5.219022
v -1.239536 1.579421 -5.110551
v -1.259607 1.804148 -4.961731
v -0.918020 1.078451 -5.280416
v -0.940198 1.332934 -5.242512
v -0.964807 1.579447 -5.140348
v -0.995209 1.815877 -4.990959
v 0.287202 0.464505 6.349868
v 0.002455 0.442256 6.376572
v 0.542614 0.484407 6.227247
v 0.500108 0.747126 6.200690
v 0.255144 0.718523 6.335593
v 0.438781 1.002599 6.165860
v 0.353334 1.244966 6.117144
v 0.800572 0.225452 6.073955
v 0.776768 0.502258 6.059261
v 0.728346 0.773770 6.029106
v 0.650943 1.034549 5.980289
v 0.104701 1.661498 5.994684
v -0.049276 1.816380 5.937348
v -0.076363 1.618260 6.178031
v 0.546201 1.280895 5.917528
v 0.411796 1.505547 5.842354
v 0.243178 1.468852 6.059263
v 0.726427 1.306990 5.698291
v 0.257459 1.699691 5.763988
v 0.578218 1.538723 5.614356
v 1.019343 0.233433 5.880741
v 0.989435 0.516268 5.860410
v 0.932080 0.792682 5.823569
v 0.845133 1.057990 5.769374
v 1.214143 0.238651 5.660707
v 1.183278 0.526173 5.640094
v 1.121055 0.806923 5.600591
v 1.026311 1.075747 5.542537
v -0.515757 2.162540 5.037001
v -0.387641 2.164264 4.775826
v -0.374961 2.099668 5.430278
v -0.103455 1.991558 5.570848
v -0.246227 2.117944 5.171476
v 0.131632 2.041858 5.039505
v -0.121679 2.123788 4.908856
v 0.006790 2.017190 5.299998
v 0.103336 1.847445 5.685135
v 0.223666 1.889377 5.417569
v 0.400618 1.740138 5.517488
v 0.005954 2.143655 4.647778
v 0.259662 2.056340 4.779169
v 0.356482 1.915272 5.161682
v 0.490963 1.928299 4.904777
v 0.903398 1.331541 5.471241
v 0.636528 1.950419 4.654018
v 0.393945 2.074592 4.521668
v -0.672895 2.134025 3.985987
v -0.530624 2.173911 4.381121
v -0.261053 2.181079 4.513345
v -0.408022 2.188622 4.113886
v 0.133438 2.156161 4.385323
v -0.136378 2.196868 4.248600
v 0.264421 2.188023 4.125065
v -0.169756 2.274570 3.576965
v -0.011596 2.228292 3.983723
v 0.115918 2.266616 3.718785
v -0.040437 2.336827 3.310462
v 0.251278 2.322132 3.457680
v -0.853728 2.146754 2.901186
v -1.390636 1.761034 2.802040
v -1.298606 1.957788 2.642614
v -1.593735 1.703962 2.684737
v -0.975589 2.206506 2.499405
v -1.069452 2.293668 2.014135
v -0.849724 2.330776 2.156816
v -0.616562 2.392331 2.299444
v -0.740413 2.389012 1.775936
v -0.711884 2.139738 3.306539
v -0.448103 2.227048 3.438051
v -0.595863 2.245287 3.034751
v -0.326402 2.308606 3.168004
v -0.352957 2.449355 2.450153
v -0.501868 2.442625 1.937417
v -0.398327 2.392525 1.533689
v -0.117127 2.492787 1.765103
v -0.198403 2.399938 2.893780
v -0.064127 2.478683 2.606970
v -0.229280 2.497762 2.119028
v 0.066840 2.535801 2.303189
v -0.843217 2.307458 1.225591
v -0.958847 2.350578 1.622649
v -0.633082 2.337303 1.375836
v -0.739959 2.173000 0.835049
v -0.298986 2.198722 1.145914
v -0.546878 2.159232 0.985856
v -0.015469 2.399595 1.414304
v -0.290894 0.223044 0.500230
v 0.229430 1.810665 0.379110
v 0.071674 1.614787 0.319293
v 0.007483 1.654535 0.506541
v 0.148618 1.604800 0.138140
v -0.032119 1.340615 0.091014
v -0.082878 1.367180 0.276350
v 0.012851 1.307763 -0.108548
v -0.127282 1.029641 -0.124273
v -0.171199 1.062636 0.070287
v 0.195004 1.572122 -0.068595
v -0.247392 0.124852 -2.553340
v -0.185421 0.102296 -2.442907
v -0.238769 0.417695 -2.578954
v -0.171939 0.375127 -2.420569
v -0.220704 0.672743 -2.579049
v -0.160433 0.654054 -2.413728
v -0.209846 0.940300 -2.563137
v -0.130592 0.927314 -2.417821
v -0.146112 -0.196288 -2.255901
v -0.136337 0.065238 -2.241522
v -0.107883 0.352552 -2.240936
v -0.082629 0.631461 -2.238510
v -0.181503 0.084737 -2.056269
v -0.143229 0.333975 -2.057161
v -0.131808 0.647268 -2.044118
v -0.058732 0.923849 -2.049711
v -0.163214 1.204100 -2.607881
v -0.060475 1.187629 -2.440324
v -0.023613 0.901939 -2.251725
v 0.049641 1.165310 -2.277255
v 0.152965 1.414433 -2.319306
v 0.058663 1.424919 -2.497237
v 0.197191 1.638873 -2.581567
v 0.078894 1.670762 -2.739693
v 0.059464 1.184473 -2.071157
v 0.208595 1.424081 -2.117476
v -0.299734 0.190070 -2.748598
v -0.284484 0.444427 -2.766022
v -0.237274 0.685819 -2.732673
v -0.231515 0.959008 -2.748139
v -0.219412 1.225385 -2.772402
v -0.198181 1.491787 -3.002848
v -0.678458 2.313668 -3.095405
v -0.498951 2.230850 -3.099483
v -0.621682 2.407085 -3.471067
v -0.427753 2.359829 -3.448433
v -0.055205 1.448029 -2.657247
v -0.152889 1.471317 -2.822250
v -0.031625 1.698577 -2.895335
v -0.126967 1.729278 -3.047257
v -0.331487 2.152880 -3.129262
v -0.013532 1.960822 -3.158178
v -0.167681 2.061846 -3.165804
v -0.238171 2.293643 -3.433745
v 0.113086 1.913196 -3.026602
v 0.136210 2.166886 -3.333038
v -0.786789 2.059690 -4.780373
v -0.539426 2.428520 -3.824891
v -0.603930 2.249147 -4.496618
v -0.352789 2.254375 -4.476354
v -0.325891 2.394903 -3.790820
v -0.110852 2.372859 -3.745460
v -0.212656 2.368142 -4.122844
v -0.101999 2.247508 -4.432783
v 0.147422 2.245278 -4.373172
v 0.003484 2.060883 -4.713495
v 0.265771 2.058671 -4.650477
v 0.373178 1.812456 -4.897879
v 0.099344 1.814469 -4.960559
v -0.876173 0.536473 -5.251361
v -0.852932 0.263830 -5.306177
v -0.897157 0.808379 -5.270802
v -0.574751 0.529197 -5.277386
v -0.547771 0.260304 -5.288055
v -0.599843 0.801188 -5.269216
v -0.625365 1.073303 -5.283594
v -0.279333 0.529748 -5.260696
v -0.258755 0.253459 -5.276126
v -0.301583 0.796261 -5.257085
v -0.330383 1.069844 -5.281363
v 0.021200 0.526050 -5.246777
v 0.018854 0.226152 -5.255941
v -0.001004 0.792125 -5.264224
v -0.032603 1.068531 -5.278399
v -0.652401 1.329919 -5.252167
v -0.685159 1.576969 -5.153235
v -0.727226 1.815173 -5.001530
v -0.403188 1.575103 -5.154045
v -0.453691 1.817055 -5.004075
v -0.363420 1.327476 -5.251300
v -0.073004 1.326290 -5.239350
v -0.119415 1.571396 -5.142446
v -0.175926 1.812498 -4.995362
v 1.395233 0.241595 5.427774
v 1.363209 0.532971 5.406101
v 1.298320 0.817679 5.365561
v 1.201733 1.091469 5.307724
v 1.725431 0.240959 4.934983
v 1.565061 0.242683 5.184925
v 1.689921 0.537040 4.910378
v 1.531439 0.536904 5.161983
v 1.616599 0.824644 4.865413
v 1.464036 0.824345 5.120247
v 1.357607 1.097066 5.057177
v 1.514493 1.102291 4.806456
v 1.877694 0.236231 4.679350
v 1.843601 0.534627 4.654921
v 1.776656 0.827106 4.614513
v 0.738870 1.559305 5.377149
v 0.899713 1.576054 5.135225
v 0.702159 1.773740 5.026838
v 1.064380 1.342955 5.227571
v 1.220906 1.353851 4.979305
v 1.050243 1.585929 4.885387
v 0.853870 1.784248 4.778866
v 1.004541 1.795077 4.527980
v 0.779120 1.965384 4.400549
v 1.375492 1.360722 4.729023
v 1.202546 1.594842 4.635580
v 1.358029 1.602897 4.385235
v 1.155840 1.807556 4.277300
v 2.026576 0.228682 4.420840
v 1.998595 0.530688 4.399570
v 1.925734 0.823863 4.356007
v 2.068601 0.816404 4.093296
v 2.136938 0.520731 4.134137
v 1.818863 1.104501 4.296086
v 1.964678 1.099721 4.036106
v 0.669003 2.123969 4.007021
v 0.397850 2.218922 3.863750
v 0.539884 2.261108 3.605776
v 0.530086 2.097584 4.264627
v 0.967980 2.189194 3.499059
v 0.687164 2.310255 3.349861
v 1.307591 1.816958 4.023939
v 1.075899 2.007429 3.893804
v 1.678013 1.366807 4.219890
v 1.826792 1.365175 3.962956
v 1.504583 1.604658 4.128454
v 1.656739 1.607095 3.874750
v 1.462710 1.826600 3.770977
v 0.235692 2.481012 2.768903
v 0.191458 2.541583 1.988123
v 0.505703 2.542986 2.191829
v 0.393339 2.380902 3.195987
v 1.119011 2.219922 3.243098
v 0.834403 2.347349 3.088465
v 0.538548 2.438167 2.930438
v 0.979300 2.378408 2.823271
v 0.817239 2.496168 2.380301
v 0.680665 2.473163 2.656744
v 1.120021 2.402700 2.555641
v 0.942797 2.490150 2.104733
v 1.265471 2.243171 2.982399
v 1.402174 2.249053 2.715643
v 1.245988 2.393163 2.284328
v 1.534965 2.250285 2.448821
v 1.359258 2.376570 2.016371
v 0.407578 2.444974 1.414976
v 0.305230 2.511856 1.680634
v 0.733045 2.492823 1.639168
v -0.088576 1.000983 -0.328596
v -0.194180 0.713293 -0.324409
v -0.223340 0.736869 -0.123711
v -0.008786 1.957986 0.850450
v 0.193538 2.194765 0.997987
v 0.050685 1.881903 0.717803
v 0.315902 1.789415 0.191801
v 0.294538 2.126006 0.835888
v 0.106071 2.309304 1.199125
v 0.499402 2.370881 1.197113
v 0.524467 1.956724 0.270258
v 0.455162 2.007145 0.471617
v 0.380386 2.059411 0.663170
v 0.652040 2.213378 0.796247
v 0.373506 1.758174 -0.017442
v 0.623148 1.885899 -0.183213
v 0.404945 1.710694 -0.252695
v 0.716388 2.151356 0.587389
v 0.774561 2.096459 0.369919
v 0.578967 1.918937 0.052931
v 0.873356 2.017719 -0.096731
v 0.893204 2.370098 1.164987
v 0.581720 2.290082 0.996633
v 1.056097 2.187615 0.484408
v 0.825113 2.052863 0.143224
v 0.953498 2.304883 0.939176
v 1.147025 2.109298 0.002047
v 0.919637 1.998380 -0.348072
v -0.174089 0.693341 -0.534243
v -0.217948 0.371186 -0.736058
v -0.227924 0.387538 -0.520452
v -0.034073 0.961964 -0.754238
v -0.145379 0.674899 -0.744902
v -0.126055 0.664001 -0.959281
v -0.202491 0.361748 -0.947926
v -0.017481 0.953133 -0.971731
v -0.228148 0.041772 -0.945116
v -0.209908 0.026051 -1.164305
v -0.182660 0.354686 -1.161964
v -0.114189 0.657575 -1.177016
v -0.197498 0.043190 -1.374036
v -0.170543 0.349012 -1.388416
v -0.102443 0.651151 -1.395014
v 0.002889 0.940775 -1.408847
v 0.050383 1.272655 -0.319446
v 0.218153 1.515223 -0.295115
v -0.061704 0.979838 -0.540030
v 0.081753 1.245049 -0.536172
v 0.249175 1.482339 -0.521237
v 0.439236 1.687099 -0.491758
v 0.105103 1.230007 -0.758482
v 0.277237 1.467634 -0.754498
v 0.128573 1.220296 -0.983057
v 0.304784 1.461212 -0.991635
v 0.475309 1.673791 -0.733291
v 0.666489 1.860355 -0.429126
v 0.551593 1.680070 -1.249533
v 0.512172 1.672934 -0.987263
v 0.824904 1.869606 -1.236630
v 0.708219 1.851413 -0.685326
v 0.971585 1.984766 -0.608209
v 1.034102 1.986733 -0.875746
v 1.317662 2.072243 -0.774000
v 1.119766 1.998786 -1.153296
v -0.196159 0.052924 -1.841527
v -0.153136 0.373598 -1.847107
v -0.112324 0.647408 -1.834095
v -0.026746 0.926914 -1.839556
v -0.186703 0.065081 -1.612150
v -0.166492 0.353609 -1.603860
v -0.112734 0.650982 -1.611388
v 0.100055 1.192017 -1.861896
v 0.258684 1.436033 -1.905716
v 0.385478 1.639079 -2.204820
v 0.457073 1.649095 -1.986166
v 0.300667 1.629349 -2.402951
v -0.006347 0.934769 -1.624966
v 0.134078 1.202025 -1.648015
v 0.527747 1.667678 -1.758407
v 0.309211 1.444906 -1.687664
v 0.150078 1.210233 -1.430381
v 0.333256 1.455852 -1.462147
v 0.574641 1.685386 -1.509147
v 0.484366 1.820275 -2.542580
v 0.589002 1.817631 -2.340140
v 0.692472 1.840081 -2.119851
v 0.777164 1.847891 -1.869449
v 0.914873 1.899256 -1.577513
v 1.055788 1.990509 -2.064278
v 1.246421 2.033128 -1.436749
v 1.452115 2.069655 -1.700672
v 1.212167 2.015630 -1.853107
v 0.282885 2.085405 -3.218900
v 0.241397 1.861706 -2.888603
v 0.366539 1.832924 -2.726772
v 0.421291 2.019816 -3.078553
v 0.557014 1.978883 -2.913414
v 0.683474 1.960870 -2.726311
v 0.453624 2.273077 -3.872723
v 0.289189 2.265495 -3.588817
v 0.643181 2.224246 -3.728968
v 0.455398 2.184128 -3.461732
v 0.616274 2.134887 -3.305604
v 0.802375 1.957907 -2.522342
v 0.924080 1.960466 -2.304512
v 1.029949 2.043192 -2.741631
v 0.972466 2.124126 -3.381923
v 0.897535 2.053968 -2.944541
v 1.120135 2.085948 -3.187099
v 1.525752 0.458579 -5.019767
v 1.560216 0.157756 -5.033847
v 1.244271 0.470001 -5.152654
v 1.276770 0.172632 -5.161403
v 1.478247 0.755219 -4.982006
v 1.199302 0.763456 -5.117946
v 1.416768 1.043583 -4.916921
v 1.143386 1.050004 -5.056270
v 0.635690 1.829110 -4.785094
v 0.521518 2.059736 -4.560554
v 0.906470 1.802034 -4.691180
v 1.009143 2.119880 -3.833686
v 0.821859 2.158525 -4.009917
v 0.726656 1.614574 -4.954292
v 1.340062 1.315956 -4.822181
v 1.075748 1.324206 -4.965125
v 1.251334 1.555276 -4.702061
v 0.998140 1.570426 -4.847526
v 0.289896 0.535296 -5.253441
v 0.367441 0.210141 -5.255080
v 0.300140 0.791878 -5.281581
v 0.266870 1.064407 -5.270805
v 0.680078 0.205661 -5.282029
v 0.647245 0.494233 -5.284375
v 0.608152 0.784123 -5.278810
v 0.564479 1.060080 -5.236525
v 0.716303 -0.085530 -5.302351
v 0.989064 0.188631 -5.259933
v 0.953096 0.481135 -5.248067
v 0.909730 0.769693 -5.221390
v 0.859114 1.052624 -5.165601
v 0.219119 1.327744 -5.210012
v 0.166106 1.572509 -5.108191
v 0.509666 1.331251 -5.157516
v 0.445427 1.581182 -5.043068
v 0.799770 1.330357 -5.080437
v 2.205334 0.805630 3.826857
v 2.271879 0.508812 3.866322
v 2.107167 1.092066 3.773402
v 2.343010 0.794736 3.560152
v 2.428720 0.190918 3.617539
v 2.301325 0.205000 3.889548
v 2.399505 0.495092 3.594482
v 2.531678 0.482284 3.324025
v 2.245659 1.081519 3.507699
v 2.469226 0.780912 3.287258
v 1.974546 1.361899 3.704086
v 1.812409 1.611729 3.621039
v 2.116086 1.352744 3.441241
v 1.616416 1.830471 3.516345
v 1.769918 1.835713 3.262504
v 1.956143 1.604406 3.361142
v 2.374720 1.068479 3.236899
v 2.248338 1.340221 3.172920
v 1.913231 1.828717 3.008988
v 2.090456 1.591634 3.095390
v 2.666893 0.160956 3.064181
v 2.549971 0.176017 3.342145
v 2.642591 0.466830 3.043483
v 2.583852 0.766336 3.008972
v 2.492130 1.055124 2.960799
v 2.767153 0.146789 2.779775
v 2.744097 0.452050 2.759849
v 2.685878 0.750886 2.726344
v 2.598299 1.040230 2.680746
v 2.859283 0.133966 2.492724
v 2.833974 0.437974 2.472788
v 2.783745 0.737539 2.442707
v 2.943462 0.122348 2.203546
v 2.925273 0.426393 2.186285
v 1.670980 2.065954 2.868030
v 1.646466 2.231167 2.179064
v 2.368862 1.328741 2.899150
v 2.216636 1.582680 2.824703
v 2.033916 1.820360 2.729353
v 2.478007 1.314284 2.621452
v 2.329170 1.569399 2.549409
v 1.909247 2.036404 2.325239
v 2.144623 1.805418 2.454861
v 2.010492 2.020327 2.052899
v 2.424481 1.550658 2.270017
v 2.236877 1.784319 2.176794
v 2.324457 1.765503 1.898152
v 3.010642 0.112672 1.910741
v 2.987957 0.413755 1.893298
v 2.865813 0.723093 2.154531
v 2.932990 0.708681 1.863683
v 2.775868 1.009136 2.111078
v 2.845598 0.993164 1.822675
v 1.053909 2.472313 1.837074
v 1.451412 2.345645 1.752610
v 1.140086 2.421949 1.581204
v 1.741037 2.203467 1.910236
v 2.087927 1.988138 1.779682
v 1.820346 2.174832 1.643929
v 2.158004 1.964473 1.508983
v 2.654323 1.279586 2.055106
v 2.726525 1.262819 1.769329
v 2.501151 1.528269 1.985862
v 2.576997 1.513278 1.702867
v 0.820637 2.436489 1.395074
v 1.007988 2.235183 0.715474
v 1.102430 2.141095 0.246953
v 1.314744 2.263425 0.849414
v 1.357929 2.214613 0.606730
v 1.195566 2.082895 -0.250329
v 1.487961 2.113861 -0.144329
v 1.540852 2.097521 -0.400760
v 1.665264 2.180061 0.732271
v 1.399149 2.169266 0.360616
v 1.579270 2.261322 1.239666
v 1.521599 2.300957 1.494831
v 1.877931 2.138977 1.380569
v 1.441491 2.140884 0.109775
v 1.784273 2.085065 -0.035843
v 1.624148 2.216746 0.986353
v 1.928372 2.113809 1.117513
v 1.702213 2.138297 0.477931
v 2.003245 2.051881 0.592824
v 1.741030 2.106104 0.221984
v 2.034778 2.015935 0.330917
v 2.073117 1.996606 0.069490
v 1.409424 2.073344 -1.040675
v 1.535490 2.081887 -1.305036
v 1.701712 2.087269 -1.558866
v 1.805876 2.085328 -1.177522
v 1.944167 2.073548 -1.425312
v 1.692244 2.087629 -0.920948
v 2.062466 2.039272 -1.058277
v 2.294344 1.975810 -1.540040
v 2.096141 2.040405 -1.665381
v 1.834550 2.071885 -0.293916
v 1.892160 2.048456 -0.551715
v 1.606065 2.089368 -0.660240
v 1.311708 2.044741 -2.315309
v 1.165740 2.036098 -2.531005
v 1.407507 2.059684 -2.776114
v 1.558171 2.046987 -2.570579
v 1.898549 2.043711 -2.204368
v 1.719723 2.038664 -2.377496
v 1.476375 2.066615 -2.120292
v 1.955138 1.969084 -2.625538
v 1.796964 1.987195 -2.820975
v 2.078754 2.016032 -2.042524
v 2.268757 1.924168 -2.268158
v 2.112964 1.952494 -2.441679
v 2.324233 1.809559 -2.662999
v 2.181895 1.838275 -2.855514
v 2.458446 1.783138 -2.468983
v 1.262548 2.059870 -2.984171
v 1.338864 2.048974 -3.441116
v 1.551384 1.941673 -3.687284
v 1.379601 1.970715 -3.894009
v 1.494597 2.029568 -3.234997
v 1.710546 1.912325 -3.473008
v 1.915647 1.753419 -3.689689
v 1.873738 1.891738 -3.262527
v 2.253975 1.505360 -3.638534
v 2.089190 1.538633 -3.868103
v 1.826624 0.142427 -4.870621
v 1.791662 0.445658 -4.856318
v 1.742224 0.744235 -4.817652
v 1.676410 1.034563 -4.751130
v 2.070092 0.127536 -4.674498
v 2.298341 0.114578 -4.458927
v 2.265773 0.419821 -4.447481
v 2.211579 0.720733 -4.407490
v 2.038615 0.432417 -4.663942
v 2.137551 1.015409 -4.340104
v 1.987769 0.732887 -4.625284
v 2.338738 0.999721 -4.108803
v 2.419122 0.708366 -4.176805
v 2.504039 0.103459 -4.223344
v 2.469639 0.407324 -4.211277
v 2.653276 0.396605 -3.960479
v 2.597781 0.693668 -3.924749
v 2.516121 0.981714 -3.861185
v 1.591942 1.311668 -4.652452
v 1.484497 1.570810 -4.511342
v 1.142497 1.782297 -4.533715
v 2.034870 1.296404 -4.236848
v 1.917820 1.025698 -4.557454
v 1.903059 1.553118 -4.093195
v 1.825513 1.306636 -4.456416
v 2.230491 1.278546 -4.008766
v 2.403721 1.254642 -3.766780
v 3.051575 0.105164 1.615277
v 3.030458 0.405662 1.598577
v 2.984457 0.694859 1.570745
v 2.901570 0.977537 1.532834
v 3.041168 0.415805 1.292181
v 3.018805 0.684265 1.277568
v 3.036083 0.679487 0.986784
v 3.045715 0.391905 1.006269
v 2.941595 0.965094 1.243166
v 2.971897 0.956393 0.954475
v 2.786354 1.245492 1.482792
v 2.641597 1.495220 1.419976
v 2.399001 1.738851 1.618963
v 2.827942 1.230456 1.196512
v 2.861468 1.218906 0.912393
v 2.678627 1.475142 1.137491
v 2.717175 1.461583 0.860198
v 2.470351 1.711833 1.343272
v 3.032104 0.106563 0.420064
v 3.034045 0.131794 0.699566
v 3.071441 0.392046 0.418279
v 3.026688 0.390912 0.703479
v 3.027027 0.669545 0.398778
v 3.052347 0.677342 0.697508
v 3.027121 0.103462 0.132377
v 3.021651 0.381020 0.117814
v 3.066839 0.110354 -0.158961
v 3.014140 0.120136 -0.457403
v 3.021935 0.382911 -0.460461
v 3.020323 0.385681 -0.172498
v 3.062911 0.670728 -0.174205
v 3.029946 0.646178 -0.473141
v 2.206859 1.934619 1.238513
v 1.963817 2.073224 0.855745
v 2.252472 1.914936 0.970433
v 2.315349 1.870982 0.433009
v 2.113979 1.975328 -0.191612
v 2.167263 1.963363 -0.450824
v 2.338287 1.844279 0.165853
v 2.374824 1.832869 -0.099493
v 2.505472 1.691448 1.068399
v 2.572278 1.650658 0.249382
v 2.553663 1.661179 0.522632
v 2.757673 1.439754 0.304812
v 2.610058 1.650975 -0.020913
v 2.422431 1.825959 -0.362357
v 2.904427 1.204107 0.346812
v 2.785412 1.433109 0.028533
v 2.921821 1.193156 0.065565
v 3.048348 0.114953 -0.743910
v 3.029805 0.638167 -0.758657
v 3.056926 0.925150 -0.474800
v 3.047718 0.909865 -0.760707
v 3.112882 0.112712 -1.037627
v 3.011569 0.378808 -0.749485
v 3.086631 0.372148 -1.046184
v 3.017778 0.631006 -1.047329
v 3.070597 0.899974 -1.042548
v 3.092204 0.365052 -1.337170
v 3.052708 0.617527 -1.338272
v 3.014273 0.869191 -1.339296
v 3.017874 0.099664 -1.350519
v 3.024774 0.095190 -1.637771
v 3.013041 0.350065 -1.644718
v 3.046854 0.604478 -1.635872
v 3.062896 0.866836 -1.627476
v 1.966756 2.046544 -0.807762
v 2.173038 2.010332 -1.302659
v 2.391388 1.911507 -1.202716
v 2.303012 1.931857 -0.958336
v 2.229074 1.954104 -0.707504
v 2.531035 1.796217 -0.877808
v 2.590865 1.768711 -1.128901
v 2.485898 1.882868 -1.439331
v 2.570821 1.827848 -1.664914
v 2.723809 1.709346 -1.603920
v 2.465675 1.806493 -0.624559
v 2.677974 1.632362 -0.558752
v 2.720356 1.609184 -0.823616
v 2.771618 1.596569 -1.083722
v 2.660562 1.742423 -1.371089
v 3.011065 1.146647 -1.050523
v 3.031093 1.128915 -1.331901
v 2.914863 1.378963 -1.062849
v 2.955014 1.361728 -1.332397
v 2.815349 1.571131 -1.339710
v 3.037457 1.111429 -1.618470
v 2.979028 1.340721 -1.604536
v 2.860786 1.550204 -1.594496
v 3.011557 0.084355 -2.533715
v 3.032521 0.079299 -2.831779
v 3.021845 0.348591 -2.535417
v 3.047783 0.355709 -2.836278
v 3.037958 0.614098 -2.526509
v 3.046532 0.629769 -2.821317
v 3.044650 0.877584 -2.506553
v 3.000459 0.896604 -2.793668
v 3.080360 0.085835 -1.933172
v 3.014280 0.348304 -1.938355
v 3.093109 0.601802 -1.931482
v 3.022747 0.850469 -1.927386
v 3.046681 1.105672 -1.905321
v 3.011726 0.086738 -2.238837
v 3.039540 0.348145 -2.234126
v 3.018819 0.604973 -2.229515
v 3.038935 0.861055 -2.217159
v 3.036150 1.114645 -2.192169
v 2.415711 1.881522 -2.105069
v 2.583846 1.748242 -2.276064
v 2.550838 1.832579 -1.960050
v 2.803108 1.384137 -2.685960
v 2.894145 1.362017 -2.431015
v 2.921375 1.148639 -2.747746
v 2.652041 1.594325 -2.600043
v 2.756497 1.575049 -2.371541
v 2.990042 1.333301 -1.882504
v 2.883934 1.540492 -1.855769
v 2.761079 1.676995 -1.833754
v 2.955282 1.341832 -2.162836
v 2.828706 1.540142 -2.129314
v 2.697099 1.702605 -2.085122
v 2.679656 0.094638 -3.967050
v 2.983157 0.643041 -3.107649
v 2.915337 0.914616 -3.069361
v 3.042150 0.079517 -3.130621
v 2.960651 -0.209943 -3.403754
v 2.952970 0.082337 -3.418653
v 3.020859 0.363231 -3.126516
v 2.929623 0.373594 -3.414413
v 2.881311 0.660408 -3.389651
v 2.805492 0.937882 -3.341939
v 3.045765 -0.205844 -3.116142
v 2.031683 1.862783 -3.055596
v 2.401268 1.652354 -3.047627
v 2.075898 1.712395 -3.468027
v 2.257551 1.668811 -3.265245
v 2.423651 1.460077 -3.412430
v 2.526999 1.615290 -2.821779
v 2.819738 1.172535 -3.012283
v 2.690072 1.407533 -2.933169
v 2.700273 1.198683 -3.271204
v 2.566960 1.433347 -3.178866
v -1.383506 2.334042 -0.393250
v -1.165210 2.222198 -0.306010
v -1.121006 2.188094 -0.698961
v -3.247411 -1.823547 -1.704207
v 1.706335 1.573099 -4.315889
v 1.746269 1.772656 -3.909739
v 1.237470 -1.849413 3.499076
v 1.124035 -1.817479 3.751538
v -0.189441 -1.718532 -2.878904
v -1.907672 1.815018 6.031003
v -1.291754 -1.883104 -0.576816
v -1.454266 1.483740 2.854755
v -1.697587 -0.722337 2.991388
v -1.602428 -1.011666 2.937425
v -1.450385 -0.737378 2.963583
v -1.481153 -1.278527 2.868444
v -1.361808 -1.042821 2.945224
v -1.246567 -1.334952 2.924008
v -1.109323 -1.583433 2.877790
v 2.736336 1.448643 0.582335
v 2.883508 1.210328 0.629038
v 2.993164 0.950421 0.666650
v -0.736270 2.285053 2.622204
v -0.594739 0.864798 6.349130
v -0.567482 0.647986 6.426358
v -0.323341 0.887640 6.370183
v -0.646621 1.295083 6.369467
v -0.618244 1.083949 6.359887
v -0.401224 1.323455 6.371071
v -0.356239 1.109477 6.372048
v -0.299101 0.659241 6.363268
v -0.280205 0.427731 6.362332
v 2.636483 1.634376 -0.294733
v 2.847643 1.415801 -0.520755
v -1.315123 2.301336 -0.748024
v -1.483548 2.386282 -1.141082
v -1.540252 2.394736 -0.803246
v 0.726017 -0.380142 -5.265031
v 0.747725 -0.676110 -5.277751
v 0.741723 -0.959913 -5.229200
v 0.726757 -1.235343 -5.144272
v 0.391271 -0.062246 -5.248837
v 0.428019 -0.355561 -5.315274
v 0.433992 -0.644322 -5.254727
v 0.453215 -0.934238 -5.287491
v 0.699869 -1.490512 -5.026902
v 0.448482 -1.202327 -5.223853
v 2.987584 1.127696 -2.474137
v 2.560667 1.226270 -3.520514
v 2.671284 0.960715 -3.604568
v 2.751988 0.677734 -3.661325
v 2.804954 0.384991 -3.692109
v 2.832697 0.087690 -3.698810
v 2.838709 -0.210488 -3.682474
v 2.946575 -0.500481 -3.367173
v -1.064802 -2.051003 -2.915244
v -0.289201 -0.472110 -1.515899
v 1.332512 -1.788762 -4.405005
v 1.894126 -1.834552 -3.794367
v 2.204824 -1.612673 -3.749372
v 2.057229 -1.831034 -3.569839
v 2.811869 1.424981 -0.246923
v 2.948492 1.188608 -0.214337
v 3.037197 0.934813 -0.190532
v 3.017954 0.939670 0.094227
v 3.057055 0.670824 0.111037
v -0.401994 -1.028240 -2.786687
v -0.431991 -1.276445 -2.803600
v -0.403720 -1.048725 -3.002789
v -3.558774 0.972217 -2.661699
v -3.518131 0.952649 -2.339029
v -3.506294 0.663624 -2.678528
v -3.531815 0.666523 -2.365880
v -3.512760 0.378457 -2.693880
v -3.528349 0.382377 -2.382842
v -3.534675 0.096847 -2.709234
v -3.533282 0.104448 -2.397817
v -3.541878 -0.182015 -2.716437
v -3.547235 -0.172088 -2.406747
v -3.563547 -0.459045 -2.717353
v -3.552716 -0.443661 -2.406494
v -1.713019 -0.540922 -5.274827
v -1.674842 -0.810128 -5.266839
v -2.013510 -0.542020 -5.224477
v -1.635734 -1.072672 -5.236675
v -1.979238 -0.812566 -5.194986
v -1.938179 -1.077147 -5.144119
v 2.975869 1.179001 -0.493996
v -1.451107 2.382814 -1.473314
v -1.231976 2.284238 -1.444850
v -0.246248 1.832974 -2.971496
v -3.539019 0.658232 -2.052656
v -3.539253 0.380909 -2.070886
v -3.559594 0.103882 -2.086629
v -0.366982 -1.166451 -2.847831
v -0.318149 -0.956358 -2.604312
v -0.377613 -1.436276 -2.933422
v -0.325687 -1.218138 -2.669943
v 0.399354 -1.539194 5.494979
v -1.831868 -0.968526 2.858340
v -1.712302 -1.222685 2.789619
v -1.576346 -1.446840 2.714525
v 1.352870 1.801181 -4.328707
v -1.778349 1.983378 -4.667532
v 2.878458 1.397763 -0.793138
v 2.984151 1.164253 -0.772405
v -0.956719 2.019745 3.184703
v -1.052229 1.945426 3.478973
v -1.010829 -2.091985 -3.143493
v 2.947705 -1.659761 -1.701151
v -3.535293 0.645679 -1.740599
v -3.539471 0.373994 -1.758356
v -3.575958 0.098872 -1.776729
v -0.248543 -1.911487 -3.155006
v -0.358042 -1.706613 -3.066564
v -1.275431 2.294672 0.027937
v -2.842543 -1.587640 -3.922340
v -1.084779 -1.723709 -0.611833
v -2.003710 1.954184 -4.605232
v -1.493763 2.378925 -0.065405
v -1.621672 2.418978 -0.472682
v -1.735597 2.441649 -0.163493
v -3.381088 1.826448 -0.392961
v -2.655044 -1.907909 -3.427664
v 1.799416 2.054350 2.597518
v -2.060293 -0.935028 2.759253
v -1.945846 -1.185200 2.698539
v 0.165033 1.854816 0.558805
v -1.012727 2.226593 -2.097925
v -0.236464 0.394310 -1.202266
v -0.247606 0.372123 -0.938643
v -0.251190 0.112598 -1.208068
v -0.274862 0.076936 -0.950167
v -2.850483 1.854382 -3.845592
v -1.433867 2.395238 -1.793439
v -1.215315 2.301550 -1.774277
v -0.459707 -1.299433 -3.031213
v -0.919659 -1.769986 -5.073993
v 0.922125 1.983955 4.144954
v -2.054079 1.732771 5.617337
v -2.993381 1.939432 -3.313546
v 2.646749 1.785465 -1.816020
v 2.421670 1.920591 -1.763617
v 1.872299 -2.321300 -1.794187
v 1.906001 -2.319677 -0.872962
v 2.139156 -2.248750 -0.688270
v -0.418870 -2.012299 -4.853808
v 0.017883 2.339356 -4.063848
v 1.251832 2.064131 -0.509763
v 1.676284 2.070809 -1.954914
v 1.794112 -2.261111 -2.473519
v 0.808616 -2.193696 -1.800143
v 1.210811 2.372416 1.333283
v 1.266005 2.310469 1.091953
v 0.760473 -2.361957 1.324568
v -0.457307 -2.180192 1.936731
v 0.990370 2.012268 -4.282402
v 1.192082 1.992872 -4.094759
v 0.761131 2.079594 -3.134936
v 1.206340 -1.990885 -4.206423
v 1.055043 -2.237949 -3.538720
v 1.166593 -2.290488 -2.887163
v 1.716645 -2.327321 -2.008752
v 0.974962 -2.287337 -2.650891
v 0.544638 -2.225780 -4.079177
v -0.260821 2.065264 -4.755289
v -3.006745 -1.995995 -1.837842
v -3.191798 -1.937348 -1.414310
v -1.285516 -2.243048 -4.332915
v -0.447780 2.369376 -4.160312
v -0.887738 -2.072468 -4.773032
v -1.101077 -2.047869 -4.786572
v -0.522559 -2.258072 -4.425963
v 1.528665 2.056046 3.128620
v 1.380612 2.040794 3.386306
v 0.095973 2.405609 3.041894
v -2.060084 2.487030 -0.946099
v -0.128909 -2.024346 3.482018
v -2.745250 -2.040549 -2.560598
v -2.767097 -2.154164 -0.611505
v -2.605907 -2.170669 -0.417239
v -0.288394 2.215580 3.844499
v -1.783011 2.354386 1.081952
v 0.628229 2.537294 1.905912
v 1.352925 -2.291066 1.610646
v 1.016448 -2.223660 2.486337
v 0.398742 -2.320958 2.261811
v 0.096033 -2.296101 2.152501
v 0.257337 -2.249480 2.547024
v 1.315492 -2.113845 2.601943
v -1.618934 2.387542 0.715533
v -0.817533 -2.051563 1.286098
v -0.923302 -1.819611 0.614628
v 0.815788 2.153099 3.751834
v -2.551485 2.221530 -3.442541
v -2.757687 2.074551 -3.506412
v -2.592154 2.259816 -3.179642
v 0.051123 -2.007684 3.818608
v -1.942308 -2.134874 -3.814964
v -1.763181 -2.113763 -0.482172
v -2.714206 -2.124656 -1.946647
v -0.478203 2.350814 2.750804
v -3.077804 2.037150 0.619173
v -0.336291 -1.937665 4.481446
v -0.058271 -1.913197 4.633313
v -2.688894 -2.097724 -0.012514
v -2.932276 -1.964786 0.162446
v -1.331699 -2.248883 -3.609232
v -0.525758 2.062336 -4.774318
v 2.538521 1.674293 0.798881
v 1.177543 2.074920 -3.641301
v 0.096950 2.325801 -3.683272
v -0.045149 2.237243 -3.401581
v 2.081030 -2.247672 -2.039453
v 1.729193 -2.024242 -3.587984
v 1.483321 -2.344946 -1.755991
v 2.060504 -2.303298 -1.133435
v 1.039416 -2.316340 0.404102
v 0.513690 -2.121708 0.098955
v 0.207160 -2.209642 0.998829
v 1.055995 -2.350820 1.471827
v 1.887782 2.074222 -1.804778
v 0.243520 2.314902 -3.984342
v 1.007666 -1.976911 -4.389861
v 0.122442 -2.185518 -3.367885
v 1.234740 -2.314510 -1.006276
v 2.282496 1.889015 0.701410
v 1.644487 2.002801 -3.025713
v 2.255440 1.979081 -1.894402
v 0.841495 -2.267610 -2.856970
v 1.023635 -2.279436 -3.094096
v 0.408187 -2.181292 -3.029433
v -1.194148 2.116788 5.696212
v -1.302920 2.043613 5.979915
v -1.005342 -1.810505 4.430545
v -0.871203 -1.940206 5.370899
v -2.093722 -1.536351 5.407756
v -0.815833 2.076460 3.588386
v -0.559487 2.168370 3.711961
v -1.885420 -2.091848 1.305731
v -2.409221 -1.972186 1.102565
v -1.827746 1.905631 5.744361
v -1.183781 -2.178847 1.493876
v -1.481686 1.691119 3.959836
v -0.787637 2.147506 4.905518
v -1.058800 2.135723 5.425344
v -0.925086 2.110021 5.801953
v -1.617971 -1.496559 4.463120
v -0.068295 -1.834493 5.224120
v -1.196903 -2.170265 -3.264751
v -0.882193 2.215973 -2.451117
v -3.212753 1.997652 -1.567667
v -1.969701 -2.200812 -2.348486
v 0.374143 2.526153 2.483331
v 1.230238 2.028407 3.641902
v -2.354715 2.012922 -4.312853
v -1.201566 2.333874 -2.079726
v -1.735927 2.454944 -1.194630
v -1.794797 2.464084 -0.870975
v -2.103710 -2.040522 -3.963999
v -2.100996 -1.917579 -4.326434
v -1.614107 -2.127699 -1.805912
v -1.061237 -2.034242 0.890152
v -1.216602 2.483996 -3.560688
v -1.538319 2.003045 -4.709542
v -1.074054 -2.150430 -4.636542
v -1.366533 -2.084003 -4.652654
v 0.552220 1.759390 5.273564
v -1.426292 2.417171 -2.097634
v -1.930373 2.490078 -1.872401
v -3.248549 1.980288 -1.271955
v -1.318219 -2.110820 -2.799466
v 0.811176 2.158571 -3.564676
v 2.360123 -2.123600 -0.523926
v 1.801174 -2.268681 0.134826
v -0.328580 -2.277659 -4.337673
v 0.386351 2.219407 -4.280496
v 0.877679 -2.269755 -3.294375
v -0.524207 1.570413 -1.450273
v -0.273805 1.003407 -1.743941
v -0.298656 1.005505 -1.454652
v -0.220636 0.703160 -1.734761
v -0.239670 0.705251 -1.460561
v -0.214349 0.404817 -1.724692
v -0.222566 0.406042 -1.469753
v -0.239347 0.092263 -1.727548
v -0.237172 0.105040 -1.482201
v -0.252618 -0.162062 -1.726675
v -0.258623 -0.184875 -1.494237
v -0.272388 -0.461466 -1.764509
v -2.396943 1.843320 1.885053
v -2.090309 2.051739 1.803065
v -1.760239 0.005800 -5.281286
v 2.618183 -1.780960 0.246561
v -0.648290 -1.161842 -0.398694
v -3.119164 -1.533567 -3.416077
v -0.881855 -1.544772 -0.874168
v -1.548910 -1.543766 -5.093082
v -1.079964 2.198568 0.121267
v 0.326661 1.458748 -1.229624
v -0.157680 1.382058 6.365170
v -2.542656 -0.832616 -4.885863
v -2.310561 -0.549281 -5.098579
v -2.270821 -0.821834 -5.057599
v -2.223605 -1.090887 -5.000664
v -2.159546 -1.347620 -4.909255
v -2.849801 -1.383036 1.789253
v -3.004891 -1.386334 1.553272
v -2.855154 -1.600590 1.457529
v 3.003569 0.947034 0.379829
v -1.830668 -1.558760 -4.963799
v -2.350982 -1.580677 2.107122
v -1.572085 -0.839942 3.131556
v -1.391924 -1.146963 3.151777
v -3.551202 0.052867 -3.675736
v -3.534729 -0.237009 -3.671144
v -3.497090 -0.521464 -3.649034
v -3.440541 -0.799504 -3.615209
v -3.359494 -1.065875 -3.564261
v -3.251843 -1.313200 -3.497151
v -3.141834 -1.382862 1.302585
v -2.992067 -1.601325 1.210148
v -2.474324 -0.962025 5.708446
v -2.564919 -0.664576 5.406470
v -2.354881 -1.263078 5.691804
v -2.461302 -0.975249 5.399169
v -2.307358 -1.270412 5.395425
v -0.318019 0.996126 -1.161907
v -0.257946 0.695222 -1.183287
v 2.573258 1.297588 2.340076
v 2.693800 1.025071 2.397691
v -3.532668 0.960904 -2.970279
v -3.509325 0.663054 -2.990922
v -3.556815 0.369941 -3.017697
v -3.509973 0.078898 -3.022706
v -3.514397 -0.200276 -3.027577
v -3.546959 -0.483916 -3.026944
v -3.517088 -0.733753 -2.701189
v -3.542965 -0.759257 -3.009175
v -3.424034 -1.277787 -2.932767
v 0.435365 -1.454928 -5.126390
v -2.395740 -1.149052 2.439425
v -2.273580 -1.376042 2.367066
v -2.605043 -1.145155 2.271819
v -2.483784 -1.374265 2.199339
v -0.528548 -1.471504 -2.604450
v -0.501194 -1.496294 -2.830393
v -0.562929 -1.447549 -2.375777
v -0.450271 -1.235464 -2.332848
v 1.529482 1.365338 4.476649
v 1.669609 1.105210 4.553521
v -0.301846 -0.222562 -0.479802
v -0.293198 0.084573 -0.308106
v -0.263695 0.072727 -0.512893
v -3.532811 0.649446 -3.312548
v -3.525155 0.356224 -3.330177
v -3.521639 0.068351 -3.336563
v -3.529187 -0.216411 -3.339317
v -3.541308 -0.502243 -3.336567
v -3.522371 -0.781726 -3.316902
v -3.451916 -1.047263 -3.274065
v -3.540067 1.020091 1.176292
v -1.821638 1.660929 2.552789
v -3.543867 -0.343890 -0.265006
v -3.506319 -0.607649 -0.292282
v 0.046247 1.424408 6.231660
v 0.744074 -1.353566 5.386364
v -1.977853 -0.593960 3.826575
v -1.828156 -0.922292 3.858066
v -2.098283 -0.613212 4.069166
v -1.624607 -1.227411 3.905839
v -1.946313 -0.936938 4.100759
v -1.741902 -1.234017 4.150340
v 0.092435 -0.052671 -5.299674
v 0.117296 -0.333508 -5.270199
v 0.139998 -0.618107 -5.326467
v 0.151095 -0.898013 -5.268551
v 0.163889 -1.174574 -5.278807
v -0.821842 -1.430993 -0.215647
v -0.262932 0.770518 0.070370
v -0.294904 0.467140 0.055820
v -0.266058 0.422027 -0.126252
v -3.044452 -0.553798 -4.481364
v -2.990069 -0.832926 -4.435888
v -2.914159 -1.104952 -4.367919
v -2.522071 -0.664590 5.110290
v -2.294488 -0.968200 4.847988
v -2.432279 -0.653614 4.835582
v -2.105256 -1.256321 4.875735
v -2.391303 -0.975574 5.114060
v -2.210284 -1.263447 5.129184
v -0.185098 1.390128 0.608669
v -0.264235 1.114708 0.599133
v -3.540274 1.259317 0.899395
v -3.495920 1.464204 0.863313
v -3.546561 1.028520 0.928824
v -1.115285 -1.442186 6.389637
v -1.615941 -0.876137 3.375153
v -1.424890 -1.199209 3.402491
v -1.713768 -0.904162 3.616291
v -0.252824 0.400923 -0.325607
v -0.247632 0.068092 -0.744167
v -0.272919 -0.253678 -0.689483
v -0.270860 -0.570211 -0.652854
v -0.217484 -0.886002 -0.613831
v -0.310054 -0.551376 -0.428525
v -0.332061 -0.521867 -0.216700
v -0.347125 -0.174849 -0.085113
v -0.300263 -0.190033 -0.276967
v -2.811395 -1.365711 -4.273715
v -2.621386 -1.367959 -4.506227
v -2.308888 -0.289999 4.305395
v -2.218524 -0.629760 4.316092
v -2.423556 -0.307988 4.562769
v 2.273396 -0.795810 -4.338046
v 2.217399 -1.084168 -4.242235
v 2.136164 -1.356798 -4.120034
v -2.829048 -0.556275 -4.717525
v -2.777908 -0.833725 -4.670135
v -2.711246 -1.105971 -4.602522
v -0.504757 -1.540714 -3.064610
v -3.495781 1.261269 1.126953
v -2.326628 -0.641099 4.573013
v -2.182902 -0.958923 4.593394
v -1.987435 -1.249274 4.631781
v -1.749017 -1.504172 4.696346
v -2.066146 -0.949024 4.344875
v -1.864147 -1.241177 4.391395
v -2.479917 -1.101252 -4.813735
v -0.318832 0.118280 -0.092942
v -0.681469 -1.622017 -2.427017
v -2.583449 -0.554940 -4.925316
v -1.511688 -1.217659 3.658329
v -0.344252 0.140796 0.125760
v -0.373701 -0.183104 0.132416
v -0.372522 -0.503526 -0.015150
v -1.036056 -1.775576 -1.485870
v 2.167864 0.217861 4.157563
v 2.162405 -0.086626 4.164336
v 2.116239 -0.386635 4.152023
v 2.034490 -0.677015 4.123838
v 1.917146 -0.951960 4.079944
v 1.765173 -1.205183 4.020947
v -3.401279 1.276200 1.338920
v -0.213843 1.092345 0.255515
v -0.296890 0.803543 0.258574
v -0.325393 0.492432 0.293499
v -0.347092 0.191826 0.323400
v 2.535625 -1.585159 1.466889
v -1.078793 2.171368 -1.076959
v -1.888185 -1.331680 -5.066702
v -0.922012 2.034382 -0.671248
v 3.045244 0.099433 1.315087
v 3.042452 -0.195073 1.318491
v 3.052175 -0.495671 1.321379
v -0.739668 -1.775307 -2.707715
v 3.015894 0.113667 1.001373
v 3.022244 -0.189568 1.016263
v 3.040113 -0.485371 1.017617
v 2.955161 -1.044211 -2.961818
v 2.878963 -1.307829 -2.875875
v -0.126576 1.385894 0.453032
v -0.078772 1.650692 0.640016
v -0.973053 -1.758017 -1.755858
v 3.020208 -1.261954 -2.337700
v -0.272405 0.672711 -0.910018
v -0.157946 1.658297 0.774639
v 2.027796 -1.600712 -3.971872
v -0.589319 -1.670596 -2.870916
v -0.560655 -1.735751 -3.091401
v -0.979023 -1.616326 -0.259206
v -2.675930 -1.377827 2.005672
v -2.799452 -1.146923 2.079920
v -1.266099 2.282950 -1.101133
v 1.201251 -1.548602 -4.755513
v -0.251186 0.508684 0.468681
v -0.225401 0.791576 0.453529
v -0.202526 1.097252 0.442016
v -3.526557 -1.257752 -0.941152
v -3.419379 -1.474013 -2.322943
v -3.510884 -1.236374 -2.364178
v -3.536935 -0.978553 -2.385530
v -3.566759 -0.715532 -2.401288
v -2.012261 -1.762946 -4.671009
v -0.128601 -1.149579 -5.281405
v -0.144202 -0.875525 -5.329242
v -0.168736 -0.602308 -5.275900
v -0.190327 -0.311040 -5.354953
v -0.239081 -0.038201 -5.361653
v -1.696164 2.452989 -1.516314
v -0.329639 0.975705 -0.873358
v -0.424136 1.271576 -0.827618
v -0.556641 1.554329 -0.772393
v -0.726870 1.815371 -0.711664
v -1.329640 -1.075302 -5.274249
v -1.369081 -0.811540 -5.267138
v -1.407158 -0.543316 -5.330196
v -1.434401 -0.267699 -5.253030
v -1.452989 0.002441 -5.260171
v -1.467155 0.274354 -5.263137
v 0.000910 0.944667 -1.190644
v 0.146204 1.214786 -1.208207
v -2.049844 -1.384982 2.507902
v -2.174555 -1.160731 2.581186
v -2.285911 -0.913193 2.639766
v -0.423576 -1.125840 -5.273913
v -0.453609 -0.850094 -5.241576
v -0.468441 -0.572993 -5.318364
v -0.505555 -0.314423 -5.372857
v -0.528633 -0.010491 -5.299092
v -1.815986 -1.407275 2.622277
v -0.685337 -1.364220 -5.268863
v -0.719535 -1.103802 -5.277816
v -0.751913 -0.829466 -5.240392
v -0.794836 -0.571500 -5.264031
v -0.801396 -0.328625 -5.290524
v -0.830720 -0.005285 -5.395007
v -1.021061 -1.089898 -5.287270
v -1.074723 -0.810031 -5.256579
v -1.083497 -0.568439 -5.241119
v -1.122697 -0.275696 -5.328994
v -1.151228 -0.005102 -5.263440
v -2.059666 1.633093 2.406861
v 0.762986 1.847923 -0.951305
v -1.675132 2.459395 -1.829702
v 1.553377 1.792785 -4.119185
v 2.074234 -2.163787 0.286502
v -1.144684 -1.969819 0.718054
v 0.614266 2.193064 -4.161251
v 0.764591 2.031964 -4.436265
v -2.800207 2.109925 -3.242243
v 1.441772 -2.315210 -2.455493
v -0.697247 -1.937063 1.237421
v -3.049416 -2.049050 -1.295338
v -3.329857 1.900455 -0.681395
v -3.286427 1.947292 -0.975573
v -2.544711 -2.094397 0.202074
v -2.333736 2.344772 -3.392919
v -2.623631 2.286166 -2.904353
v -1.212641 2.419344 -2.653319
v -1.926879 -1.908655 -4.528949
v -1.322654 -1.896730 -0.048942
v -1.579152 -2.119723 1.644418
v -1.955105 2.485770 -1.566213
v -0.529379 -1.837145 1.063038
v -0.830817 -1.516071 -1.132270
v -0.631093 -1.634327 -2.651054
v -1.051031 -1.691941 -0.450526
v -0.370499 -1.784476 0.912367
v -0.718633 2.157778 -2.670370
v -1.102436 2.030761 2.773687
v -0.131905 2.084365 0.988857
v 0.467787 -1.968929 -1.647450
v -0.578493 -1.896593 3.291954
v -1.288129 -2.055864 -4.731919
v -1.027161 -1.685427 -0.043786
vn -0.0136 -0.0206 0.9997
vn -0.0145 0.0114 0.9998
vn -0.0380 0.0443 0.9983
vn 0.0003 -0.0536 0.9986
vn -0.0260 -0.0155 0.9995
vn 0.0738 0.0086 0.9972
vn -0.0167 0.0223 0.9996
vn -0.0650 -0.0057 0.9979
vn -0.0219 0.0059 0.9997
vn 0.0074 -0.0192 0.9998
vn -0.0375 0.0570 0.9977
vn 0.0050 -0.0091 0.9999
vn -0.0251 -0.0090 0.9996
vn -0.0583 -0.0158 0.9982
vn 0.1016 -0.0051 0.9948
vn 0.0729 0.0300 0.9969
vn 0.0494 0.0124 0.9987
vn 0.0002 -0.0036 1.0000
vn 0.0431 -0.0044 0.9991
vn -0.0248 0.0344 0.9991
vn 0.0388 -0.0918 0.9950
vn 0.0070 -0.0230 0.9997
vn 0.0017 0.0166 0.9999
vn 0.0007 0.0298 0.9996
vn -0.0297 0.0345 0.9990
vn 0.0490 -0.0786 0.9957
vn 0.0333 -0.0053 0.9994
vn 0.0453 0.0129 0.9989
vn 0.0498 -0.0584 0.9971
vn 0.0114 -0.0012 0.9999
vn 0.3083 -0.3281 0.8929
vn -0.0310 0.0083 0.9995
vn -0.0217 -0.0045 0.9998
vn -0.0331 0.0039 0.9994
vn -0.0219 -0.0210 0.9995
vn -0.0591 -0.0130 0.9982
vn -0.0361 0.0226 0.9991
vn 0.0218 -0.0488 0.9986
vn 0.0270 -0.0256 0.9993
vn 0.0200 0.0411 0.9990
vn -0.0025 0.0358 0.9994
vn 0.1914 -0.1155 0.9747
vn 0.1045 -0.0697 0.9921
vn 0.0775 -0.0449 0.9960
vn -0.0050 0.0245 0.9997
vn 0.0424 -0.0017 0.9991
vn 0.0081 0.0065 0.9999
vn 0.0096 -0.0073 0.9999
vn 0.0003 0.0156 0.9999
vn -0.0094 0.0020 1.0000
vn -0.0011 -0.0169 0.9999
vn -0.0082 0.0262 0.9996
vn 0.0065 0.0028 1.0000
vn 0.0271 0.0035 0.9996
vn 0.0308 -0.0046 0.9995
vn 0.0219 -0.0262 0.9994
vn -0.0039 0.0369 0.9993
vn 0.0256 0.0057 0.9997
vn 0.0192 0.0052 0.9998
vn -0.0046 0.0191 0.9998
vn -0.0074 0.0555 0.9984
vn -0.1849 0.4131 0.8917
vn 0.0043 -0.0367 0.9993
vn -0.0551 0.2028 0.9777
vn 0.0071 0.0376 0.9993
vn -0.0125 -0.0440 0.9990
vn -0.0538 0.0658 0.9964
vn -0.0270 0.0062 0.9996
vn -0.0072 -0.0065 1.0000
vn -0.0342 -0.0152 0.9993
vn -0.0459 -0.0370 0.9983
vn 0.0085 0.0015 1.0000
vn 0.0015 -0.0337 0.9994
vn -0.0227 0.0044 0.9997
vn 0.0089 -0.0015 1.0000
vn -0.0119 0.0362 0.9993
vn -0.0041 0.0386 0.9992
vn -0.0212 -0.0602 0.9980
vn 0.0369 0.4994 0.8656
vn -0.0392 -0.0022 0.9992
vn 0.1501 0.4248 0.8928
vn 0.1867 0.3475 0.9189
vn 0.2703 0.7727 0.5744
vn 0.0194 -0.0257 0.9995
vn 0.1046 0.1132 0.9881
vn 0.3351 0.3989 0.8536
vn 0.3564 0.6034 0.7133
vn -0.8480 -0.5219 0.0917
vn -0.7767 -0.6185 0.1191
vn -0.9063 -0.4132 0.0894
vn -0.9910 -0.1260 0.0456
vn -0.9618 -0.2703 0.0435
vn -0.9894 -0.1428 0.0265
vn -0.9232 -0.3815 0.0475
vn -0.8516 -0.5032 0.1467
vn -0.9578 -0.2657 0.1097
vn -0.6311 -0.7666 0.1183
vn -0.7160 -0.6822 0.1484
vn -0.7109 -0.6947 0.1096
vn -0.5474 -0.8238 0.1474
vn -0.6454 -0.7378 0.1976
vn -0.9988 -0.0019 0.0482
vn -0.9999 -0.0143 0.0063
vn -0.9957 0.0505 0.0782
vn -0.9987 0.0425 -0.0281
vn -0.9970 -0.0631 0.0445
vn -0.9997 0.0097 0.0243
vn -1.0000 0.0087 -0.0017
vn -0.9995 -0.0006 0.0309
vn -0.9998 -0.0202 -0.0061
vn -0.9773 -0.1889 0.0958
vn -0.9994 -0.0326 0.0076
vn -0.9991 -0.0013 -0.0431
vn -0.9999 0.0121 0.0100
vn -0.9997 0.0085 0.0226
vn -0.8471 -0.5087 -0.1538
vn -0.8718 -0.4891 -0.0257
vn -0.9682 -0.2302 -0.0978
vn -0.9834 -0.1814 -0.0002
vn -0.9991 -0.0371 -0.0207
vn -0.8542 -0.5163 0.0608
vn -0.8038 -0.5905 0.0731
vn -0.9684 -0.2447 0.0487
vn -0.9377 -0.3386 -0.0781
vn -0.8267 -0.5482 -0.1265
vn -0.9953 -0.0915 -0.0306
vn -0.7607 -0.6483 -0.0337
vn -0.7259 -0.6870 0.0341
vn -0.7332 -0.6638 -0.1475
vn -0.5884 -0.8086 -0.0078
vn -0.6604 -0.7490 -0.0529
vn -0.3784 -0.9254 -0.0223
vn -0.4142 -0.9080 0.0630
vn -0.5015 -0.8646 0.0322
vn -0.9999 -0.0146 0.0025
vn -0.9999 -0.0035 0.0121
vn -0.9994 -0.0197 -0.0285
vn -0.9992 -0.0229 0.0323
vn -0.9994 0.0157 -0.0294
vn -0.9915 -0.1252 0.0339
vn -0.9974 -0.0628 0.0367
vn -0.9991 -0.0404 0.0113
vn -0.9991 -0.0086 0.0414
vn -0.9990 0.0382 0.0234
vn -0.9957 -0.0909 0.0181
vn -0.9990 0.0146 0.0414
vn -0.9993 -0.0353 -0.0078
vn -0.9924 -0.1173 0.0370
vn -0.9997 -0.0049 -0.0221
vn -0.9987 -0.0462 -0.0191
vn -0.9960 -0.0751 -0.0481
vn -0.9965 -0.0217 -0.0805
vn -0.9038 -0.4204 -0.0797
vn -0.9867 -0.1574 -0.0402
vn -0.6312 -0.7651 -0.1274
vn -0.6704 -0.7320 -0.1214
vn -0.7942 -0.5984 -0.1059
vn -0.8377 -0.5289 -0.1360
vn -0.6948 -0.6989 -0.1695
vn -0.7275 -0.6701 -0.1471
vn -0.9321 -0.3483 -0.0998
vn -0.8041 -0.5668 -0.1792
vn -0.7582 -0.6392 -0.1285
vn -0.5966 -0.7900 -0.1416
vn -0.5628 -0.8117 -0.1563
vn -0.3884 -0.9159 -0.1014
vn -0.4329 -0.8955 -0.1035
vn -0.5688 -0.8109 -0.1373
vn -0.9997 -0.0219 0.0061
vn -0.9992 -0.0377 0.0121
vn -0.9997 -0.0186 -0.0163
vn -0.9991 -0.0086 -0.0421
vn -0.9905 -0.1257 -0.0563
vn -0.9677 -0.2246 -0.1142
vn -0.8513 -0.4717 -0.2296
vn -0.7673 -0.5980 -0.2315
vn -0.5283 -0.8293 -0.1822
vn -0.6590 -0.7208 -0.2147
vn -0.7305 -0.6358 0.2493
vn -0.9043 -0.3925 0.1677
vn -0.7986 -0.5689 0.1965
vn -0.5728 -0.7822 0.2450
vn -0.6819 -0.6776 0.2754
vn -0.5407 -0.8064 0.2397
vn -0.8488 -0.4783 0.2255
vn -0.3686 -0.9090 0.1946
vn -0.5100 -0.8198 0.2605
vn -0.1592 -0.9772 0.1408
vn -0.4010 -0.8930 0.2042
vn -0.4734 -0.8246 0.3097
vn -0.3308 -0.9234 0.1945
vn -0.9291 -0.3207 0.1840
vn -0.9815 -0.1503 0.1185
vn -0.9992 0.0169 -0.0369
vn -0.9973 -0.0508 0.0533
vn -0.7922 -0.5346 0.2942
vn -0.8706 -0.3992 0.2875
vn -0.9325 -0.2591 0.2515
vn -0.9999 0.0002 0.0155
vn -0.9725 -0.1413 0.1853
vn -0.8723 -0.3297 0.3611
vn -0.8147 -0.4442 0.3729
vn -0.9171 -0.2191 0.3330
vn -0.9919 -0.0554 0.1145
vn -0.7685 -0.4662 0.4382
vn -0.8500 -0.2532 0.4619
vn -0.8152 -0.3591 0.4544
vn -0.8755 -0.1595 0.4562
vn -0.3699 -0.9193 0.1344
vn -0.4718 -0.8749 0.1094
vn 0.0666 -0.9969 0.0427
vn -0.1336 -0.9838 0.1192
vn 0.0490 -0.9939 0.0988
vn -0.0166 -0.9923 0.1231
vn 0.2483 -0.9666 0.0637
vn 0.1662 -0.9826 0.0829
vn -0.1065 -0.9872 0.1191
vn 0.0637 -0.9944 0.0844
vn -0.5628 -0.8207 0.0986
vn -0.6521 -0.7548 0.0704
vn -0.1661 -0.9859 -0.0201
vn -0.2720 -0.9622 0.0113
vn -0.2938 -0.9542 -0.0566
vn -0.0907 -0.9955 -0.0284
vn -0.2395 -0.9686 -0.0672
vn -0.0423 -0.9990 0.0137
vn -0.1563 -0.9863 0.0532
vn 0.0872 -0.9950 0.0483
vn 0.1080 -0.9941 -0.0007
vn 0.0473 -0.9989 -0.0029
vn -0.0327 -0.9988 -0.0377
vn -0.0466 -0.9957 0.0797
vn 0.2410 -0.9702 0.0266
vn 0.1815 -0.9830 0.0283
vn 0.3723 -0.9268 0.0488
vn 0.3052 -0.9506 0.0563
vn -0.1871 -0.9792 -0.0780
vn -0.2945 -0.9500 -0.1041
vn -0.4911 -0.8628 -0.1196
vn -0.4495 -0.8845 -0.1247
vn 0.0065 -0.9988 -0.0480
vn -0.1412 -0.9867 -0.0811
vn -0.1091 -0.9926 -0.0538
vn -0.1180 -0.9907 -0.0675
vn -0.2641 -0.9590 -0.1024
vn 0.1801 -0.9836 -0.0015
vn 0.1533 -0.9882 -0.0071
vn 0.0261 -0.9990 -0.0354
vn 0.2902 -0.9567 0.0243
vn -0.6078 -0.7504 -0.2598
vn -0.5073 -0.8371 -0.2045
vn -0.6292 -0.7383 -0.2432
vn -0.3822 -0.9121 -0.1483
vn -0.3883 -0.9100 -0.1452
vn -0.2526 -0.9622 -0.1015
vn -0.2486 -0.9637 -0.0970
vn -0.2435 -0.9650 -0.0973
vn -0.3800 -0.9119 -0.1552
vn -0.4578 -0.8422 -0.2846
vn -0.3700 -0.9129 -0.1723
vn -0.4795 -0.8445 -0.2386
vn -0.2501 -0.9626 -0.1041
vn 0.0297 -0.9994 0.0164
vn 0.0500 -0.9987 -0.0048
vn -0.0988 -0.9938 -0.0518
vn -0.1054 -0.9936 -0.0402
vn -0.1273 -0.9913 -0.0331
vn -0.7039 -0.6380 -0.3122
vn -0.7778 -0.5210 -0.3516
vn -0.7314 -0.5324 -0.4262
vn -0.5439 -0.7585 -0.3589
vn -0.5748 -0.7579 -0.3085
vn -0.5783 -0.6449 -0.4997
vn -0.6186 -0.6570 -0.4308
vn -0.4549 -0.8292 -0.3249
vn -0.3671 -0.9075 -0.2042
vn -0.5384 -0.6158 -0.5753
vn -0.5657 -0.4896 -0.6636
vn -0.4802 -0.5672 -0.6691
vn -0.5011 -0.7200 -0.4800
vn -0.5197 -0.7477 -0.4134
vn -0.8315 -0.4054 -0.3798
vn -0.8686 -0.2950 -0.3981
vn -0.7833 -0.4098 -0.4674
vn -0.8914 -0.1985 -0.4074
vn -0.8141 -0.3004 -0.4970
vn -0.9036 -0.1109 -0.4138
vn -0.8324 -0.2010 -0.5165
vn -0.6842 -0.0240 -0.7289
vn -0.6836 -0.1039 -0.7224
vn -0.7778 -0.0275 -0.6279
vn -0.7745 -0.1103 -0.6229
vn -0.5764 -0.0876 -0.8125
vn -0.5740 -0.0211 -0.8186
vn -0.4556 -0.0697 -0.8875
vn -0.6094 -0.1586 0.7768
vn -0.7749 -0.5897 0.2277
vn -0.6237 -0.3558 0.6960
vn -0.1445 -0.0549 0.9880
vn -0.5421 -0.6310 0.5549
vn -0.1788 -0.2162 0.9598
vn -0.1858 -0.4803 0.8572
vn -0.3448 -0.6913 0.6350
vn -0.1741 -0.8092 0.5611
vn -0.0812 -0.2639 0.9611
vn -0.1386 -0.9506 0.2777
vn -0.3024 -0.8880 0.3464
vn -0.2746 -0.9488 0.1562
vn -0.5792 -0.0852 0.8107
vn -0.8710 -0.3518 0.3429
vn -0.5732 -0.0532 0.8177
vn -0.8762 -0.1925 0.4418
vn -0.5727 -0.0303 0.8192
vn -0.8546 -0.1129 0.5068
vn -0.5725 -0.0154 0.8198
vn -0.8374 -0.0656 0.5426
vn -0.1321 0.0053 0.9912
vn -0.1365 -0.0313 0.9901
vn -0.1515 -0.0229 0.9882
vn -0.1503 -0.0152 0.9885
vn -0.4480 -0.8679 0.2145
vn -0.6105 -0.7773 0.1520
vn -0.7213 -0.6913 -0.0437
vn -0.5238 -0.8511 -0.0353
vn -0.4317 -0.8970 0.0956
vn -0.9651 -0.1091 0.2380
vn -0.9642 -0.1869 0.1883
vn -0.9649 -0.0353 0.2604
vn -0.9905 -0.1374 0.0012
vn -0.9876 -0.0335 -0.1531
vn -0.9709 -0.1605 -0.1777
vn -0.9992 -0.0364 0.0179
vn -0.9328 -0.1808 -0.3118
vn -0.4701 -0.8004 0.3719
vn -0.5728 -0.7018 0.4236
vn -0.4754 -0.8151 0.3311
vn -0.4348 -0.7852 0.4410
vn -0.5492 -0.6867 0.4762
vn -0.3063 -0.8875 0.3444
vn -0.3917 -0.7692 0.5049
vn -0.3333 -0.8967 0.2911
vn -0.7108 -0.4743 0.5195
vn -0.7574 -0.3647 0.5416
vn -0.7903 -0.2630 0.5534
vn -0.7221 -0.2671 0.6382
vn -0.8112 -0.1674 0.5603
vn -0.7458 -0.1644 0.6455
vn -0.6877 -0.3674 0.6262
vn -0.6519 -0.2674 0.7096
vn -0.6729 -0.1602 0.7222
vn -0.6249 -0.3659 0.6897
vn -0.5618 -0.3598 0.7449
vn -0.6052 -0.1588 0.7801
vn -0.5852 -0.2628 0.7671
vn -0.3482 -0.9146 0.2055
vn 0.0362 -0.9992 -0.0177
vn -0.1537 -0.9842 0.0878
vn -0.1832 -0.9806 0.0695
vn 0.0028 -0.9986 -0.0530
vn -0.2177 -0.9687 0.1195
vn -0.3525 -0.9053 0.2371
vn 0.1244 -0.9661 -0.2262
vn -0.0499 -0.9953 -0.0827
vn 0.2013 -0.9672 -0.1551
vn 0.4197 -0.9068 0.0383
vn 0.2362 -0.9659 -0.1062
vn 0.2753 -0.9613 -0.0119
vn 0.4430 -0.8825 -0.1577
vn 0.5920 -0.7479 -0.3003
vn 0.4036 -0.8827 -0.2406
vn 0.6369 -0.7499 -0.1786
vn 0.4285 -0.9014 0.0620
vn 0.2088 -0.9758 0.0653
vn 0.5266 -0.8473 0.0694
vn 0.4179 -0.9071 0.0503
vn 0.5484 -0.8322 0.0817
vn 0.6214 -0.7790 0.0846
vn 0.5959 -0.7994 0.0768
vn 0.4913 -0.8685 0.0649
vn 0.7022 -0.7058 0.0936
vn 0.6828 -0.7261 0.0806
vn 0.7186 -0.6879 0.1020
vn 0.8894 -0.4471 0.0953
vn 0.8313 -0.5477 0.0948
vn 0.8982 -0.4290 0.0955
vn 0.6124 -0.7905 -0.0016
vn 0.8138 -0.5808 0.0191
vn 0.7465 -0.6652 0.0124
vn 0.8187 -0.5712 0.0589
vn 0.8223 -0.5625 0.0862
vn 0.7490 -0.6606 0.0500
vn 0.8777 -0.4753 0.0603
vn 0.8810 -0.4632 0.0964
vn 0.9255 -0.3660 0.0974
vn 0.9231 -0.3790 0.0645
vn 0.9335 -0.3469 0.0913
vn 0.9406 -0.3274 0.0901
vn 0.9681 -0.2349 0.0870
vn 0.9741 -0.2123 0.0782
vn 0.9888 -0.1225 0.0849
vn 0.9918 -0.1088 0.0671
vn 0.9627 -0.2522 0.0983
vn 0.9620 -0.2617 0.0781
vn 0.9853 -0.1389 0.0996
vn 0.9846 -0.1468 0.0950
vn 0.9914 -0.0841 0.1006
vn 0.9901 -0.0803 0.1149
vn 0.9950 -0.0351 0.0936
vn 0.9913 -0.0559 0.1196
vn 0.9217 -0.3862 0.0363
vn 0.9632 -0.2595 0.0702
vn 0.9828 -0.1526 0.1038
vn 0.9906 -0.0875 0.1056
vn 0.9935 -0.0579 0.0977
vn 0.4393 -0.8965 0.0573
vn 0.3201 -0.9440 0.0792
vn 0.3279 -0.9435 0.0489
vn 0.1919 -0.9813 0.0158
vn 0.1840 -0.9821 0.0394
vn 0.1630 -0.9844 0.0664
vn 0.4478 -0.8911 0.0738
vn 0.5610 -0.8186 0.1232
vn 0.5601 -0.8230 0.0943
vn 0.4478 -0.8879 0.1055
vn 0.4118 -0.8920 0.1863
vn 0.4393 -0.8875 0.1394
vn 0.3063 -0.9458 0.1080
vn 0.8553 -0.5038 0.1210
vn 0.8446 -0.5260 0.1004
vn 0.7964 -0.5923 0.1219
vn 0.7854 -0.6100 0.1052
vn 0.9061 -0.4082 0.1112
vn 0.6570 -0.7419 0.1342
vn 0.5549 -0.8161 0.1616
vn 0.8023 -0.5797 0.1423
vn 0.7273 -0.6763 0.1170
vn 0.7333 -0.6654 0.1397
vn 0.6541 -0.7359 0.1748
vn 0.7347 -0.6553 0.1754
vn 0.8088 -0.5643 0.1656
vn 0.8713 -0.4672 0.1502
vn 0.8633 -0.4854 0.1383
vn 0.9204 -0.3669 0.1350
vn 0.9140 -0.3854 0.1265
vn 0.9481 -0.3038 0.0939
vn 0.9698 -0.2216 0.1017
vn 0.9587 -0.2675 0.0965
vn -0.2037 -0.9780 -0.0448
vn -0.1597 -0.9866 -0.0341
vn -0.2718 -0.9549 -0.1192
vn 0.0938 -0.9889 0.1152
vn 0.1363 -0.9865 0.0906
vn -0.0362 -0.9984 0.0435
vn 0.0008 -0.9995 0.0329
vn -0.0944 -0.9941 0.0527
vn -0.1511 -0.9881 0.0283
vn 0.2272 -0.9572 0.1792
vn 0.0318 -0.9895 0.1412
vn -0.3326 -0.9252 -0.1825
vn -0.4005 -0.8717 -0.2825
vn -0.4016 -0.8426 -0.3589
vn -0.2808 -0.5931 -0.7546
vn -0.2678 -0.7069 -0.6546
vn -0.3709 -0.6339 -0.6787
vn -0.3484 -0.9055 -0.2422
vn -0.2498 -0.9650 -0.0803
vn -0.3649 -0.8136 -0.4526
vn -0.3671 -0.7285 -0.5783
vn -0.2856 -0.9488 -0.1349
vn -0.3405 -0.8815 -0.3272
vn -0.3008 -0.8615 -0.4090
vn -0.3137 -0.7913 -0.5248
vn -0.1450 -0.6696 -0.7285
vn -0.1682 -0.5733 -0.8019
vn -0.0037 -0.9012 0.4334
vn -0.0819 -0.6555 0.7507
vn -0.2322 -0.9710 0.0571
vn 0.0210 -0.4040 0.9145
vn -0.0145 -0.0763 0.9970
vn 0.0638 -0.9627 0.2629
vn -0.0853 -0.9870 0.1359
vn 0.1885 -0.8737 0.4486
vn 0.1026 -0.7071 0.6997
vn -0.0478 -0.9966 0.0678
vn 0.2362 -0.6380 0.7329
vn 0.1740 -0.3200 0.9313
vn 0.1086 -0.3866 0.9158
vn 0.2318 -0.9176 0.3229
vn 0.0955 -0.9785 0.1830
vn 0.1237 -0.9853 0.1177
vn -0.3361 -0.9349 -0.1141
vn -0.3781 -0.9258 -0.0008
vn -0.4780 -0.8563 -0.1955
vn -0.1890 -0.9816 -0.0278
vn -0.4659 -0.8471 -0.2555
vn -0.4546 -0.8499 -0.2667
vn -0.6097 -0.7317 -0.3047
vn -0.5934 -0.7434 -0.3086
vn -0.3155 -0.9321 -0.1778
vn -0.4406 -0.8556 -0.2718
vn -0.3077 -0.9302 -0.2004
vn -0.0227 -0.9997 0.0119
vn -0.1686 -0.9817 -0.0883
vn -0.1570 -0.9806 -0.1174
vn -0.1590 -0.9799 -0.1209
vn -0.3041 -0.9298 -0.2074
vn -0.1660 -0.9799 -0.1105
vn -0.0133 -0.9996 -0.0244
vn -0.3121 -0.9315 -0.1867
vn -0.4432 -0.8583 -0.2585
vn -0.4603 -0.8584 -0.2264
vn -0.4772 -0.8569 -0.1950
vn -0.5799 -0.7595 -0.2948
vn -0.6004 -0.7521 -0.2720
vn -0.5008 -0.8511 -0.1575
vn -0.3402 -0.7568 0.5581
vn -0.4518 -0.6479 0.6132
vn -0.2945 -0.7631 0.5753
vn -0.3968 -0.6388 0.6591
vn -0.1707 -0.8954 0.4112
vn -0.2471 -0.8849 0.3949
vn -0.3624 -0.6401 0.6774
vn -0.3504 -0.6577 0.6668
vn -0.1490 -0.9189 0.3652
vn -0.2737 -0.7906 0.5478
vn -0.7758 -0.6298 -0.0380
vn -0.6352 -0.7639 0.1144
vn -0.6776 -0.7202 -0.1488
vn -0.3844 -0.7007 0.6010
vn -0.1071 -0.9935 -0.0379
vn -0.2076 -0.9394 0.2728
vn -0.3101 -0.8297 0.4641
vn -0.3594 -0.8710 0.3350
vn -0.4734 -0.7898 0.3899
vn -0.3868 -0.5367 0.7499
vn -0.5393 -0.1615 0.8265
vn -0.5175 -0.2604 0.8151
vn -0.4676 -0.1639 0.8686
vn -0.4554 -0.2567 0.8525
vn -0.3989 -0.2545 0.8810
vn -0.1191 -0.9712 0.2065
vn 0.1006 -0.9759 -0.1939
vn -0.0668 -0.9977 -0.0149
vn -0.0899 -0.9935 -0.0695
vn 0.3356 -0.8818 -0.3313
vn 0.0544 -0.9652 -0.2557
vn -0.0048 -0.9773 0.2119
vn 0.2890 -0.9496 -0.1217
vn 0.5870 -0.7889 -0.1819
vn 0.2002 -0.9546 -0.2206
vn 0.0263 -0.9933 0.1121
vn 0.2149 -0.9766 -0.0026
vn 0.5272 -0.8037 -0.2759
vn 0.5706 -0.7250 -0.3857
vn 0.7937 -0.6002 -0.0991
vn 0.8720 -0.4892 -0.0144
vn 0.8759 -0.4768 -0.0739
vn 0.9344 -0.3559 -0.0138
vn 0.9241 -0.3813 0.0256
vn 0.6711 -0.6207 -0.4054
vn 0.5431 -0.7574 -0.3623
vn 0.4777 -0.7439 -0.4674
vn 0.7796 -0.6009 -0.1763
vn 0.8897 -0.4433 -0.1094
vn 0.7468 -0.5827 -0.3204
vn 0.9513 -0.3067 0.0305
vn 0.8384 0.1966 0.5084
vn -0.3645 -0.0017 -0.9312
vn 0.8604 -0.4033 -0.3116
vn 0.7024 -0.5442 -0.4587
vn 0.9243 -0.2497 -0.2886
vn 0.0926 -0.2316 0.9684
vn -0.6172 -0.1835 0.7651
vn 0.8336 -0.3682 -0.4117
vn 0.7085 -0.5457 -0.4475
vn 0.8819 -0.2398 -0.4059
vn 0.9722 -0.1446 0.1844
vn 0.9748 -0.1172 0.1897
vn 0.9855 -0.0814 0.1487
vn 0.9781 -0.1997 0.0583
vn 0.9655 -0.2392 0.1024
vn 0.9894 -0.1064 0.0985
vn 0.9885 -0.1227 0.0882
vn 0.9905 -0.0987 0.0953
vn 0.9880 -0.1193 0.0977
vn 0.9831 -0.1364 0.1223
vn 0.9312 -0.1770 -0.3188
vn 0.9706 -0.1849 0.1543
vn 0.8485 -0.1724 -0.5004
vn 0.9763 -0.1219 0.1787
vn 0.6389 -0.1316 -0.7580
vn 0.4881 0.0313 -0.8723
vn 0.8417 -0.1453 -0.5200
vn 0.6306 -0.0972 -0.7700
vn 0.2068 -0.0295 -0.9779
vn -0.0926 0.0543 -0.9942
vn 0.6492 -0.7305 0.2121
vn 0.5377 -0.8172 0.2075
vn 0.5252 -0.8129 0.2516
vn 0.9458 -0.3213 0.0477
vn 0.9782 -0.1943 -0.0729
vn 0.9528 -0.3030 0.0191
vn 0.9968 -0.0732 0.0314
vn 0.9925 -0.1110 0.0510
vn 0.9895 -0.0554 -0.1335
vn 0.9935 -0.0684 -0.0908
vn 0.9973 -0.0609 0.0400
vn 0.9853 -0.0536 -0.1621
vn 0.9815 -0.0964 -0.1653
vn 0.9846 -0.1654 -0.0574
vn 0.9797 -0.0475 -0.1948
vn 0.9785 -0.0300 -0.2042
vn 0.9716 -0.0177 -0.2360
vn 0.9930 -0.1178 0.0098
vn 0.9943 -0.0875 0.0613
vn 0.9899 -0.0733 0.1216
vn 0.0104 -0.9807 0.1951
vn 0.2033 -0.9208 0.3327
vn 0.0843 -0.9674 0.2390
vn 0.6593 -0.6866 0.3064
vn 0.4841 -0.8146 0.3196
vn 0.3644 -0.8301 0.4220
vn 0.0383 -0.9770 0.2098
vn 0.2075 -0.8745 0.4383
vn 0.1051 -0.9435 0.3141
vn -0.0335 -0.9953 0.0905
vn -0.0412 -0.9976 -0.0550
vn -0.0445 -0.6849 0.7273
vn 0.4880 -0.7108 0.5066
vn 0.2520 -0.7785 0.5748
vn 0.0950 -0.9383 0.3324
vn -0.3239 -0.7010 0.6354
vn 0.0121 -0.0976 0.9952
vn -0.2352 -0.1673 0.9574
vn -0.3951 -0.5475 0.7377
vn 0.9812 -0.0221 0.1918
vn -0.2004 -0.9731 -0.1136
vn -0.1923 -0.9810 -0.0252
vn -0.2882 -0.9321 -0.2193
vn -0.1094 -0.9939 -0.0114
vn -0.0901 -0.9926 0.0808
vn -0.1091 -0.9832 -0.1463
vn -0.1507 -0.9128 -0.3795
vn -0.2501 -0.9124 -0.3240
vn -0.2025 -0.8727 -0.4443
vn -0.0934 -0.9435 -0.3180
vn -0.1423 -0.8594 -0.4912
vn -0.1906 -0.8426 -0.5036
vn -0.0329 -0.9698 -0.2418
vn 0.0041 -0.9993 0.0376
vn -0.2667 -0.8395 -0.4734
vn -0.1297 -0.2542 -0.9584
vn -0.1546 -0.4350 -0.8871
vn -0.2507 -0.3234 -0.9124
vn -0.0474 -0.2094 -0.9767
vn -0.0588 -0.4252 -0.9032
vn 0.3695 -0.8461 0.3843
vn 0.2553 -0.9365 0.2404
vn 0.4678 -0.7070 0.5304
vn 0.3652 -0.5828 0.7259
vn 0.3395 -0.7962 0.5008
vn 0.3949 -0.8671 0.3035
vn 0.5221 -0.5155 0.6794
vn 0.4806 -0.3244 0.8148
vn 0.5096 -0.7455 0.4296
vn 0.5779 -0.5981 0.5553
vn 0.5950 -0.4520 0.6646
vn 0.3823 -0.1950 0.9032
vn 0.3072 -0.1159 0.9446
vn 0.2675 -0.0611 0.9616
vn 0.2496 -0.0152 0.9682
vn 0.2492 0.0306 0.9680
vn 0.0091 0.0094 0.9999
vn 0.5188 -0.1076 0.8481
vn 0.5046 -0.0286 0.8629
vn 0.5015 0.0485 0.8638
vn 0.5804 -0.3188 0.7493
vn 0.6442 -0.3860 0.6603
vn 0.6323 -0.5152 0.5786
vn 0.5495 -0.2013 0.8109
vn 0.6435 -0.2596 0.7201
vn 0.6373 -0.1440 0.7570
vn 0.6294 -0.0408 0.7760
vn 0.2657 -0.9444 0.1935
vn 0.1319 -0.9878 0.0829
vn 0.1344 -0.9885 0.0701
vn 0.1180 -0.9894 0.0849
vn 0.1336 -0.9886 0.0693
vn -0.0148 -0.9996 -0.0261
vn 0.4144 -0.8716 0.2619
vn 0.2831 -0.9447 0.1656
vn 0.3956 -0.8757 0.2769
vn 0.5946 -0.6474 0.4768
vn 0.5211 -0.7714 0.3653
vn 0.5755 -0.6723 0.4656
vn 0.6370 -0.5501 0.5400
vn 0.3786 -0.8849 0.2714
vn 0.3822 -0.8822 0.2752
vn 0.2569 -0.9494 0.1808
vn 0.6801 -0.4225 0.5991
vn 0.7055 -0.2941 0.6448
vn 0.7138 -0.1701 0.6794
vn 0.7127 -0.0542 0.6994
vn 0.7688 -0.0620 0.6364
vn -0.3327 -0.9351 -0.1221
vn -0.0264 -0.9996 -0.0051
vn -0.1734 -0.9812 -0.0848
vn -0.1904 -0.9806 -0.0474
vn -0.2070 -0.9783 -0.0094
vn -0.3520 -0.9325 -0.0802
vn -0.3733 -0.9276 -0.0180
vn -0.5369 -0.8424 -0.0450
vn -0.2130 -0.9763 0.0383
vn -0.0522 -0.9964 0.0661
vn 0.2376 -0.9477 0.2132
vn 0.2474 -0.9503 0.1891
vn 0.0951 -0.9854 0.1411
vn 0.0927 -0.9818 0.1657
vn -0.0569 -0.9933 0.1006
vn 0.1034 -0.9786 0.1777
vn -0.6294 -0.7392 -0.2396
vn -0.2987 -0.9516 0.0725
vn -0.4573 -0.8692 0.1880
vn -0.1958 -0.9777 0.0757
vn -0.3339 -0.9417 0.0409
vn -0.2694 -0.9608 0.0658
vn -0.3136 -0.9339 0.1719
vn -0.1723 -0.9792 0.1070
vn -0.2614 -0.9377 0.2288
vn -0.3439 -0.9028 0.2582
vn -0.0326 -0.9795 0.1987
vn -0.1774 -0.9675 0.1800
vn -0.2720 -0.9405 0.2037
vn -0.2436 -0.9688 0.0456
vn -0.2732 -0.9461 0.1739
vn -0.3175 -0.9144 -0.2511
vn -0.1945 -0.8803 -0.4326
vn -0.4315 -0.8282 -0.3576
vn -0.2025 -0.9620 0.1831
vn 0.3997 -0.8343 0.3797
vn -0.3093 -0.9484 -0.0699
vn -0.4387 -0.3635 -0.8218
vn 0.2974 -0.5998 -0.7428
vn 0.1138 -0.5053 -0.8554
vn -0.8623 -0.3702 -0.3454
vn -0.7218 -0.5705 -0.3919
vn -0.8247 -0.2925 -0.4841
vn -0.8450 -0.4385 -0.3060
vn -0.7267 -0.6027 -0.3295
vn -0.7330 -0.6287 -0.2596
vn -0.5271 -0.7787 -0.3404
vn -0.1348 -0.4397 -0.8880
vn -0.3071 -0.2067 -0.9290
vn -0.4058 -0.0724 -0.9111
vn -0.5410 0.1029 -0.8347
vn -0.9806 -0.0730 -0.1821
vn -0.9995 0.0295 0.0058
vn -0.9934 0.0898 0.0714
vn -0.9859 0.1282 0.1073
vn -0.9473 -0.2125 -0.2399
vn -0.9863 -0.0734 -0.1475
vn -0.9213 -0.2905 -0.2584
vn -0.9935 0.0324 -0.1095
vn -0.8424 -0.4736 -0.2569
vn -0.9660 -0.1393 -0.2180
vn -0.9124 -0.3310 -0.2409
vn -0.8195 -0.3923 0.4178
vn -0.7604 -0.3556 0.5434
vn -0.7237 -0.5541 0.4113
vn -0.7652 -0.5852 0.2683
vn -0.8841 -0.4191 0.2068
vn -0.9588 -0.2673 0.0957
vn -0.6216 -0.7554 0.2074
vn -0.7480 -0.6304 0.2076
vn -0.8845 -0.0177 0.4661
vn -0.8849 -0.0054 0.4658
vn -0.9256 0.0130 0.3784
vn -0.9474 -0.0280 0.3188
vn -0.8885 0.0218 0.4583
vn -0.9038 0.0194 0.4274
vn -0.9896 -0.1415 -0.0264
vn -0.8860 -0.2362 0.3991
vn -0.9963 -0.0158 -0.0845
vn -0.9328 -0.1100 0.3432
vn -0.9954 0.0731 -0.0626
vn -0.9147 -0.3689 0.1649
vn -0.9626 -0.2406 0.1245
vn -0.9949 -0.0827 0.0577
vn -0.9925 0.0621 -0.1057
vn -0.9976 0.0608 -0.0325
vn 0.0937 -0.8851 0.4559
vn -0.2531 -0.8221 0.5101
vn -0.0943 -0.8428 0.5299
vn -0.3709 -0.8280 0.4205
vn -0.5364 -0.6886 0.4880
vn -0.2871 -0.8188 0.4972
vn 0.0212 -0.9998 0.0057
vn -0.0767 -0.9522 0.2955
vn 0.0240 -0.9692 0.2452
vn -0.4326 -0.8396 0.3284
vn -0.5841 -0.7152 0.3837
vn -0.4648 -0.8493 0.2502
vn -0.0055 -0.9965 0.0838
vn -0.1303 -0.9420 0.3092
vn -0.1315 -0.9337 0.3331
vn -0.4760 -0.8601 0.1834
vn -0.6203 -0.7334 0.2781
vn -0.9864 0.0901 0.1375
vn -0.9988 0.0290 -0.0405
vn -0.4483 0.5686 0.6897
vn -0.9951 0.0666 -0.0736
vn -0.9969 0.0664 0.0411
vn 0.0384 -0.9886 0.1455
vn -0.0035 -0.9865 -0.1635
vn -0.0090 -0.9328 -0.3604
vn 0.0142 -0.9968 -0.0784
vn -0.0363 -0.9028 -0.4285
vn -0.0071 -0.8446 -0.5353
vn 0.0037 -0.7325 -0.6808
vn -0.0579 -0.7011 -0.7107
vn -0.0061 -0.9987 0.0515
vn 0.0738 -0.9820 -0.1738
vn 0.1000 -0.7936 -0.6002
vn 0.0821 -0.8967 -0.4350
vn 0.0392 -0.8715 -0.4889
vn 0.0919 -0.9876 -0.1275
vn 0.0059 -0.6013 -0.7990
vn 0.0003 -0.4362 -0.8998
vn 0.0574 -0.6282 -0.7760
vn 0.0330 -0.2245 -0.9739
vn 0.0547 -0.4578 -0.8874
vn 0.0641 -0.2974 -0.9526
vn 0.1070 -0.4936 -0.8631
vn 0.1731 -0.6900 -0.7028
vn 0.1136 -0.6574 -0.7449
vn 0.1683 -0.5367 -0.8268
vn 0.1372 -0.3762 -0.9163
vn 0.4917 -0.7923 0.3612
vn 0.3731 -0.8835 0.2831
vn 0.5972 -0.6902 0.4086
vn 0.4977 -0.7955 0.3457
vn 0.4964 -0.7940 0.3510
vn 0.6710 -0.5776 0.4650
vn 0.5953 -0.6917 0.4088
vn 0.3766 -0.8796 0.2907
vn 0.5937 -0.6950 0.4056
vn 0.6763 -0.5853 0.4472
vn 0.6693 -0.5862 0.4565
vn 0.6580 -0.5657 0.4969
vn 0.7242 -0.4545 0.5186
vn 0.7117 -0.4392 0.5483
vn 0.7622 -0.3281 0.5579
vn 0.7438 -0.3152 0.5894
vn 0.7893 -0.1977 0.5813
vn 0.7612 -0.1885 0.6205
vn 0.8030 -0.0648 0.5925
vn 0.7462 -0.4660 0.4755
vn 0.7320 -0.4651 0.4978
vn 0.7982 -0.3362 0.4998
vn 0.7807 -0.3337 0.5284
vn 0.8320 -0.2039 0.5159
vn 0.8115 -0.2019 0.5483
vn 0.8497 -0.0666 0.5231
vn 0.8272 -0.0655 0.5581
vn 0.2391 -0.9433 0.2301
vn 0.1115 -0.9733 0.2004
vn 0.1127 -0.9764 0.1845
vn -0.0355 -0.9907 0.1316
vn 0.2547 -0.9379 0.2353
vn 0.3883 -0.8760 0.2860
vn 0.3824 -0.8763 0.2932
vn 0.2464 -0.9405 0.2339
vn 0.2585 -0.9338 0.2473
vn 0.4979 -0.7935 0.3501
vn 0.6044 -0.6965 0.3867
vn 0.6933 -0.5825 0.4244
vn 0.7050 -0.5857 0.3999
vn 0.5028 -0.7928 0.3446
vn 0.5127 -0.7907 0.3347
vn 0.6199 -0.6926 0.3688
vn 0.5224 -0.7889 0.3235
vn 0.7599 -0.4653 0.4538
vn 0.8114 -0.3380 0.4768
vn 0.8472 -0.2035 0.4908
vn 0.8643 -0.0702 0.4980
vn 0.7702 -0.4692 0.4321
vn 0.8211 -0.3415 0.4573
vn 0.8548 -0.2075 0.4757
vn 0.8709 -0.0753 0.4857
vn -0.0353 -0.9874 0.1544
vn 0.0262 -0.9734 0.2277
vn -0.0120 -0.9724 0.2331
vn -0.1419 -0.9646 0.2224
vn 0.1281 -0.9583 0.2554
vn 0.1635 -0.9548 0.2481
vn 0.2605 -0.9282 0.2657
vn 0.1133 -0.9673 0.2270
vn 0.2761 -0.9202 0.2775
vn 0.0713 -0.9797 0.1876
vn 0.4284 -0.8532 0.2975
vn 0.3033 -0.9125 0.2744
vn -0.1482 -0.9849 -0.0891
vn -0.1381 -0.9904 -0.0031
vn -0.2488 -0.9630 -0.1035
vn 0.1128 -0.9911 0.0704
vn 0.0988 -0.9858 0.1361
vn -0.0300 -0.9971 0.0693
vn -0.0229 -0.9997 -0.0016
vn -0.1836 -0.9732 -0.1386
vn 0.2505 -0.9583 0.1376
vn 0.2318 -0.9551 0.1846
vn -0.2883 -0.9345 -0.2088
vn -0.5622 -0.7690 -0.3041
vn -0.8452 -0.4938 -0.2045
vn -0.7344 -0.6472 -0.2046
vn -0.6015 -0.7769 -0.1862
vn -0.5861 -0.7725 -0.2444
vn -0.2594 -0.9544 -0.1477
vn -0.2242 -0.9616 -0.1580
vn -0.3876 -0.8904 -0.2387
vn -0.4250 -0.8816 -0.2054
vn -0.0540 -0.9961 -0.0694
vn -0.4644 -0.8784 -0.1130
vn -0.6139 -0.7762 -0.1437
vn -0.0789 -0.9937 -0.0791
vn -0.2817 -0.9525 -0.1155
vn -0.9159 -0.3499 -0.1966
vn -0.9597 -0.2177 -0.1779
vn -0.9611 -0.1807 -0.2089
vn -0.8434 -0.5106 -0.1671
vn -0.7403 -0.6524 -0.1622
vn -0.7511 -0.6501 -0.1152
vn -0.6229 -0.7757 -0.1015
vn -0.8457 -0.5194 -0.1225
vn -0.7499 -0.6586 -0.0627
vn -0.8510 -0.5210 -0.0652
vn -0.7324 -0.6794 0.0459
vn -0.4358 -0.8987 -0.0492
vn -0.6036 -0.7949 -0.0610
vn -0.3772 -0.9261 0.0029
vn -0.4617 -0.8836 -0.0783
vn -0.2894 -0.9562 -0.0446
vn -0.2646 -0.9641 -0.0232
vn -0.9168 -0.3673 -0.1565
vn -0.9147 -0.3852 -0.1220
vn -0.9609 -0.2525 -0.1138
vn -0.9190 -0.3880 -0.0704
vn -0.9880 -0.1135 -0.1044
vn -0.9635 -0.2571 -0.0751
vn -0.9952 0.0137 -0.0966
vn -0.9900 -0.1190 -0.0753
vn -0.8569 -0.5149 0.0256
vn -0.9267 -0.3758 0.0094
vn -0.9692 -0.2461 -0.0041
vn -0.9972 0.0121 -0.0742
vn -0.9942 -0.1059 -0.0212
vn -0.7228 -0.6711 0.1648
vn -0.6901 -0.7117 0.1317
vn -0.8218 -0.5465 0.1610
vn -0.8463 -0.4969 0.1919
vn -0.6092 -0.7774 0.1568
vn -0.5740 -0.8186 0.0197
vn -0.7885 -0.6012 0.1302
vn -0.8740 -0.4723 0.1139
vn -0.5853 -0.8011 0.1250
vn -0.4528 -0.8858 0.1016
vn -0.4884 -0.8664 0.1039
vn -0.5416 -0.8338 0.1067
vn -0.5332 -0.8402 0.0992
vn -0.4201 -0.9036 0.0839
vn -0.2081 -0.9781 0.0069
vn -0.1101 -0.9939 -0.0055
vn -0.9989 0.0441 -0.0139
vn -0.9998 -0.0135 0.0174
vn -0.9359 -0.3423 0.0832
vn -0.8965 -0.4186 0.1452
vn -0.9752 -0.2153 0.0510
vn -0.9475 -0.2967 0.1192
vn -0.9976 -0.0691 0.0097
vn -0.9841 -0.1607 0.0755
vn -0.9992 0.0347 -0.0208
vn -0.9990 0.0210 -0.0395
vn 0.0913 -0.9926 -0.0806
vn -0.0036 -0.9917 0.1288
vn -0.4755 -0.8699 0.1310
vn -0.3028 -0.9510 0.0633
vn -0.3256 -0.9413 0.0888
vn -0.3197 -0.9378 0.1357
vn -0.1566 -0.9858 0.0613
vn -0.1105 -0.9863 0.1228
vn -0.2730 -0.9309 0.2428
vn -0.0540 -0.9881 0.1440
vn 0.0640 -0.9971 -0.0404
vn 0.0344 -0.9992 -0.0214
vn -0.2791 -0.9591 0.0463
vn -0.1377 -0.9859 0.0956
vn 0.0160 -0.9996 -0.0217
vn -0.1296 -0.9915 -0.0068
vn -0.2552 -0.9659 0.0438
vn 0.2809 -0.9145 -0.2913
vn 0.1610 -0.9742 -0.1585
vn 0.2580 -0.9065 -0.3342
vn 0.1604 -0.9706 -0.1794
vn 0.1562 -0.8222 -0.5473
vn 0.1581 -0.9353 -0.3167
vn 0.1269 -0.9186 -0.3744
vn 0.2028 -0.8477 -0.4902
vn 0.1662 -0.9490 -0.2680
vn 0.2258 -0.7276 -0.6477
vn 0.2290 -0.8693 -0.4380
vn 0.2710 -0.7615 -0.5888
vn 0.2323 -0.8890 -0.3945
vn 0.2875 -0.6267 -0.7243
vn 0.2296 -0.5803 -0.7814
vn 0.4930 -0.5955 -0.6343
vn 0.4378 -0.4370 -0.7857
vn 0.5061 -0.4728 -0.7213
vn 0.4337 -0.3127 -0.8450
vn 0.5138 -0.3443 -0.7858
vn 0.4205 -0.2033 -0.8842
vn 0.5092 -0.2313 -0.8290
vn 0.4012 -0.1099 -0.9094
vn 0.4996 -0.1318 -0.8562
vn 0.3827 -0.0298 -0.9234
vn 0.4869 -0.0446 -0.8723
vn 0.3507 -0.5282 -0.7733
vn 0.3554 -0.4005 -0.8446
vn 0.3413 -0.2771 -0.8982
vn 0.3029 -0.1521 -0.9408
vn 0.2493 -0.0762 -0.9654
vn 0.2220 -0.0266 -0.9747
vn 0.6254 -0.6904 0.3637
vn 0.6241 -0.6930 0.3609
vn 0.5266 -0.7795 0.3391
vn 0.5234 -0.7859 0.3294
vn 0.4108 -0.8583 0.3075
vn 0.6328 -0.6866 0.3579
vn 0.7238 -0.5814 0.3716
vn 0.7100 -0.5868 0.3894
vn 0.7954 -0.4668 0.3866
vn 0.7828 -0.4697 0.4082
vn 0.8494 -0.3466 0.3980
vn 0.8371 -0.3473 0.4226
vn 0.8878 -0.2181 0.4052
vn 0.8753 -0.2172 0.4320
vn 0.9079 -0.0854 0.4104
vn 0.8971 -0.0814 0.4344
vn 0.5493 -0.7711 0.3219
vn 0.6548 -0.6747 0.3406
vn 0.7381 -0.5747 0.3534
vn 0.6708 -0.6696 0.3188
vn 0.7493 -0.5687 0.3391
vn 0.5734 -0.7635 0.2970
vn 0.4779 -0.8403 0.2560
vn 0.4558 -0.8451 0.2794
vn 0.6071 -0.7531 0.2536
vn 0.4951 -0.8407 0.2194
vn 0.6812 -0.6660 0.3039
vn 0.7633 -0.5625 0.3177
vn 0.7014 -0.6579 0.2742
vn 0.5900 -0.7551 0.2859
vn 0.7817 -0.5551 0.2841
vn 0.7205 -0.6498 0.2421
vn 0.7975 -0.5476 0.2532
vn 0.8063 -0.4643 0.3665
vn 0.8603 -0.3436 0.3765
vn 0.8973 -0.2200 0.3827
vn 0.8162 -0.4595 0.3501
vn 0.8694 -0.3410 0.3576
vn 0.9056 -0.2205 0.3623
vn 0.9268 -0.0984 0.3624
vn 0.9165 -0.0935 0.3889
vn 0.8304 -0.4521 0.3257
vn 0.8818 -0.3374 0.3295
vn 0.9182 -0.2182 0.3305
vn 0.9401 -0.0964 0.3270
vn 0.8462 -0.4455 0.2924
vn 0.8953 -0.3319 0.2972
vn 0.9303 -0.2141 0.2978
vn 0.9506 -0.0937 0.2958
vn 0.8595 -0.4398 0.2603
vn 0.9081 -0.3256 0.2632
vn 0.9423 -0.2089 0.2614
vn 0.9621 -0.0915 0.2570
vn 0.3536 -0.9095 0.2185
vn 0.3746 -0.9086 0.1847
vn 0.3889 -0.9096 0.1464
vn 0.2380 -0.9695 0.0580
vn 0.2503 -0.9661 0.0634
vn 0.1064 -0.9943 0.0045
vn 0.3856 -0.9146 0.1217
vn 0.3842 -0.9170 0.1076
vn 0.6355 -0.7469 0.1955
vn 0.6204 -0.7526 0.2209
vn 0.5170 -0.8392 0.1688
vn 0.5073 -0.8407 0.1893
vn 0.6491 -0.7405 0.1743
vn 0.5293 -0.8358 0.1461
vn 0.7323 -0.6458 0.2161
vn 0.8097 -0.5395 0.2309
vn 0.6735 -0.7251 0.1435
vn 0.5378 -0.8332 0.1286
vn 0.5460 -0.8278 0.1288
vn 0.8731 -0.4287 0.2322
vn 0.9230 -0.3126 0.2244
vn 0.9575 -0.1966 0.2112
vn 0.9770 -0.0832 0.1963
vn 0.0905 -0.9959 -0.0065
vn 0.0673 -0.9977 -0.0029
vn -0.1144 -0.9934 -0.0048
vn -0.1166 -0.9927 -0.0318
vn -0.2931 -0.9531 -0.0749
vn 0.0577 -0.9983 0.0126
vn 0.0660 -0.9972 0.0344
vn 0.4055 -0.9084 0.1017
vn 0.3974 -0.9127 0.0955
vn 0.2347 -0.9704 0.0577
vn 0.2321 -0.9712 0.0543
vn 0.0851 -0.9949 0.0543
vn -0.0936 -0.9955 0.0117
vn 0.1255 -0.9905 0.0569
vn 0.2653 -0.9601 0.0887
vn 0.4567 -0.8811 0.1231
vn 0.4311 -0.8954 0.1119
vn 0.2999 -0.9492 0.0957
vn 0.1346 -0.9908 -0.0105
vn 0.0348 -0.9993 0.0142
vn 0.0275 -0.9993 -0.0269
vn -0.0480 -0.9986 0.0223
vn 0.4560 -0.8896 0.0260
vn 0.3455 -0.9383 -0.0152
vn 0.5300 -0.8478 -0.0187
vn 0.5778 -0.8132 0.0691
vn -0.3886 -0.9187 0.0700
vn -0.2344 -0.9714 0.0372
vn -0.1047 -0.9944 -0.0107
vn 0.4420 -0.8947 -0.0649
vn 0.2456 -0.9682 -0.0464
vn 0.3695 -0.9243 -0.0960
vn 0.5501 -0.8264 -0.1202
vn 0.0782 -0.9942 -0.0733
vn -0.0785 -0.9969 -0.0090
vn 0.1694 -0.9741 -0.1500
vn 0.0222 -0.9971 -0.0733
vn 0.1490 -0.9771 -0.1518
vn 0.2753 -0.9211 -0.2751
vn 0.1463 -0.9787 -0.1442
vn 0.2760 -0.9276 -0.2519
vn 0.3062 -0.9251 -0.2243
vn 0.1994 -0.9701 -0.1386
vn 0.2814 -0.9300 -0.2366
vn 0.3618 -0.9108 -0.1988
vn 0.3315 -0.9189 -0.2138
vn 0.3825 -0.8510 -0.3600
vn 0.3756 -0.8425 -0.3861
vn 0.4315 -0.8493 -0.3041
vn 0.4505 -0.7476 -0.4881
vn 0.3983 -0.8973 -0.1905
vn 0.4401 -0.8802 -0.1778
vn 0.2550 -0.9576 -0.1343
vn 0.4550 -0.8424 -0.2885
vn 0.5660 -0.7424 -0.3585
vn 0.2828 -0.7918 -0.5413
vn 0.3185 -0.6690 -0.6716
vn 0.5128 -0.6278 -0.5856
vn 0.5573 -0.4958 -0.6661
vn 0.4054 -0.6795 -0.6115
vn 0.6027 -0.5109 -0.6130
vn 0.5559 -0.6361 -0.5351
vn 0.4771 -0.7553 -0.4493
vn 0.6605 -0.6250 -0.4160
vn 0.6839 -0.5176 -0.5142
vn 0.7347 -0.5018 -0.4565
vn 0.5740 -0.0519 -0.8172
vn 0.5762 -0.1512 -0.8032
vn 0.5784 -0.3706 -0.7267
vn 0.6305 -0.3888 -0.6718
vn 0.5815 -0.2563 -0.7721
vn 0.6459 -0.2744 -0.7124
vn 0.6551 -0.1623 -0.7380
vn 0.6598 -0.0506 -0.7498
vn 0.7313 -0.0573 -0.6796
vn 0.7296 -0.1632 -0.6642
vn 0.7899 -0.0644 -0.6098
vn 0.7846 -0.1647 -0.5977
vn 0.7353 -0.3949 -0.5507
vn 0.7872 -0.3812 -0.4848
vn 0.7699 -0.2711 -0.5777
vn 0.8171 -0.2693 -0.5097
vn 0.8440 -0.0573 -0.5332
vn 0.8326 -0.1648 -0.5287
vn 0.6580 -0.7357 0.1605
vn 0.7809 -0.6058 0.1522
vn 0.7618 -0.6247 0.1714
vn 0.8591 -0.4896 0.1493
vn 0.8435 -0.5108 0.1663
vn 0.8262 -0.5278 0.1970
vn 0.8910 -0.4107 0.1933
vn 0.9400 -0.2903 0.1793
vn 0.9770 -0.1589 0.1423
vn 0.9945 -0.0529 0.0901
vn 0.9225 -0.3627 0.1325
vn 0.9068 -0.3904 0.1589
vn 0.9833 -0.1647 0.0775
vn 0.9614 -0.2447 0.1260
vn 0.6896 -0.7098 0.1433
vn 0.5627 -0.8156 0.1347
vn 0.5866 -0.7989 0.1332
vn 0.6096 -0.7800 0.1416
vn 0.6346 -0.7586 0.1474
vn 0.8186 -0.5599 0.1282
vn 0.7962 -0.5875 0.1443
vn 0.9030 -0.4149 0.1113
vn 0.8802 -0.4568 0.1290
vn 0.9238 -0.3705 0.0963
vn 0.8433 -0.5230 0.1238
vn 0.7446 -0.6519 0.1436
vn 0.8669 -0.4766 0.1459
vn 0.9525 -0.2921 0.0856
vn 0.7660 -0.6227 0.1597
vn 0.9023 -0.4152 0.1161
vn 0.9830 -0.1752 0.0554
vn 0.9712 -0.2267 0.0727
vn 0.9496 -0.3027 0.0810
vn 0.9987 -0.0461 0.0208
vn 0.9948 -0.0966 0.0330
vn 0.9983 0.0588 0.0055
vn 0.9981 0.0611 0.0126
vn 0.9998 0.0163 0.0136
vn 0.9998 0.0191 0.0093
vn 0.9867 -0.1530 0.0554
vn 0.9999 0.0113 0.0012
vn 0.9989 0.0417 -0.0214
vn 0.9997 -0.0169 0.0156
vn 0.9979 -0.0640 0.0004
vn 0.9982 0.0437 -0.0401
vn 0.9994 -0.0303 0.0158
vn 0.9980 -0.0385 0.0503
vn 0.9995 0.0299 -0.0123
vn 0.9990 0.0289 -0.0355
vn 0.9968 -0.0716 -0.0356
vn 0.9991 -0.0332 -0.0257
vn 0.5303 -0.8412 0.1052
vn 0.3893 -0.9188 0.0647
vn 0.6693 -0.7310 0.1328
vn 0.7099 -0.6965 0.1047
vn 0.8584 -0.5043 0.0937
vn 0.8290 -0.5489 0.1074
vn 0.8857 -0.4609 0.0556
vn 0.7414 -0.6672 0.0713
vn 0.9354 -0.3457 0.0742
vn 0.7956 -0.5901 0.1373
vn 0.9964 -0.0804 0.0272
vn 0.9645 -0.2565 0.0624
vn 0.9998 -0.0137 0.0138
vn 0.9855 -0.1659 0.0352
vn 0.9997 0.0062 0.0220
vn 0.8964 -0.4432 -0.0105
vn 0.8091 -0.5877 -0.0054
vn 0.7733 -0.6331 0.0336
vn 0.9891 -0.1470 -0.0072
vn 0.9998 -0.0178 0.0041
vn 0.9979 0.0652 -0.0000
vn 0.9996 -0.0105 0.0248
vn 0.9976 -0.0641 0.0263
vn 0.9978 -0.0522 0.0407
vn 0.9982 0.0598 0.0063
vn 0.9982 -0.0440 0.0398
vn 0.9962 -0.0567 0.0655
vn 0.9989 -0.0379 0.0290
vn 0.9974 0.0226 0.0679
vn 0.9971 -0.0352 0.0671
vn 0.9998 -0.0212 0.0034
vn 0.9974 0.0386 -0.0616
vn 0.9998 -0.0196 0.0033
vn 0.9997 -0.0234 0.0092
vn 0.9993 -0.0019 0.0372
vn 0.9956 0.0610 0.0712
vn 0.6155 -0.7846 -0.0742
vn 0.6321 -0.7743 0.0299
vn 0.6174 -0.7632 -0.1904
vn 0.4946 -0.8568 -0.1462
vn 0.7149 -0.6877 -0.1262
vn 0.6641 -0.7302 -0.1604
vn 0.7756 -0.6054 -0.1786
vn 0.7319 -0.6462 -0.2164
vn 0.6894 -0.7243 -0.0123
vn 0.7669 -0.6384 -0.0655
vn 0.8225 -0.5503 -0.1436
vn 0.9719 -0.2273 -0.0617
vn 0.9994 -0.0274 -0.0219
vn 0.9931 -0.1036 -0.0552
vn 0.9300 -0.3504 -0.1113
vn 0.8785 -0.4466 -0.1699
vn 0.9791 -0.1654 -0.1180
vn 0.9988 -0.0300 -0.0382
vn 0.9236 -0.3325 -0.1908
vn 0.9935 -0.0902 -0.0691
vn 0.9972 -0.0735 0.0146
vn 0.9972 -0.0621 -0.0422
vn 0.9981 -0.0154 -0.0600
vn 0.9928 0.0934 -0.0747
vn 0.9993 0.0313 -0.0190
vn 0.9985 0.0179 -0.0516
vn 0.9964 -0.0637 -0.0559
vn 0.9972 -0.0739 0.0142
vn 0.9978 0.0488 0.0443
vn 0.9988 0.0465 -0.0175
vn 0.9967 -0.0811 0.0035
vn 0.9927 -0.1209 0.0039
vn 0.9958 0.0821 -0.0410
vn 0.5289 -0.8140 -0.2400
vn 0.6445 -0.7071 -0.2909
vn 0.4915 -0.8297 -0.2645
vn 0.6094 -0.7245 -0.3220
vn 0.7071 -0.6044 -0.3671
vn 0.7795 -0.4818 -0.4004
vn 0.5677 -0.7927 -0.2220
vn 0.7447 -0.5815 -0.3275
vn 0.8200 -0.4564 -0.3454
vn 0.7903 -0.5492 -0.2717
vn 0.6892 -0.6803 -0.2493
vn 0.8334 -0.5070 -0.2199
vn 0.8280 -0.3669 -0.4241
vn 0.8839 -0.1514 -0.4424
vn 0.8726 -0.3402 -0.3505
vn 0.8601 -0.2608 -0.4385
vn 0.9098 -0.2305 -0.3451
vn 0.9659 -0.1571 -0.2056
vn 0.9867 -0.0668 -0.1480
vn -0.9993 -0.0326 -0.0175
vn -0.9998 0.0055 -0.0165
vn -0.9976 -0.0410 -0.0550
vn -0.9998 0.0075 0.0189
vn -0.9984 0.0093 -0.0563
vn -0.9996 -0.0160 0.0235
vn -0.9979 0.0565 -0.0303
vn -0.9998 -0.0171 -0.0095
vn -0.9987 -0.0405 -0.0322
vn -0.9990 0.0244 0.0364
vn -1.0000 0.0013 0.0029
vn -0.9982 0.0590 -0.0136
vn -0.9991 -0.0418 0.0067
vn -0.9988 0.0265 -0.0411
vn -0.9992 -0.0149 0.0371
vn -0.9947 -0.0909 -0.0489
vn -0.9993 0.0301 0.0206
vn -0.9995 0.0061 -0.0300
vn -0.9993 0.0299 -0.0224
vn -0.9995 0.0261 -0.0193
vn -0.9999 -0.0010 -0.0103
vn -0.9999 0.0106 -0.0069
vn -0.9999 -0.0113 -0.0103
vn -0.9689 0.2471 0.0144
vn -0.9980 0.0635 0.0028
vn -0.9351 0.3541 0.0119
vn -0.8796 0.4755 0.0166
vn -0.9880 0.1544 0.0053
vn -0.9059 0.4220 0.0356
vn -0.9943 0.1068 0.0015
vn -0.9245 0.3763 0.0608
vn -0.9932 -0.0973 0.0639
vn -0.9980 0.0556 0.0301
vn -0.9959 0.0872 0.0227
vn -0.9955 0.0948 -0.0014
vn -0.9991 0.0370 0.0185
vn -0.9973 0.0722 -0.0088
vn -1.0000 0.0064 0.0024
vn -0.9979 0.0645 -0.0107
vn -0.9963 0.0433 0.0741
vn -0.9969 0.0541 0.0579
vn -0.9980 0.0147 0.0619
vn -0.9963 -0.0835 -0.0197
vn -0.9946 0.0710 0.0758
vn -0.9998 -0.0131 0.0143
vn -0.9997 0.0233 0.0041
vn -1.0000 -0.0047 -0.0074
vn -0.9997 -0.0118 -0.0192
vn -0.9791 0.2014 -0.0274
vn -0.9998 0.0074 -0.0201
vn -0.9704 0.2407 -0.0191
vn -0.8756 0.4820 -0.0328
vn -0.9997 -0.0262 0.0013
vn -0.9883 0.1519 -0.0111
vn -0.9561 0.2921 -0.0235
vn -0.9011 0.4335 -0.0120
vn -0.8872 0.4604 -0.0308
vn -0.8536 0.5187 -0.0477
vn -1.0000 -0.0037 -0.0043
vn -0.9996 0.0280 -0.0028
vn -0.9999 0.0061 0.0126
vn -0.9935 0.1133 -0.0081
vn -0.9352 0.3514 -0.0440
vn -0.8369 0.5439 -0.0614
vn -0.9915 0.1287 -0.0169
vn -0.9212 0.3825 -0.0716
vn -0.8272 0.5549 -0.0882
vn -0.8116 0.5746 -0.1055
vn -0.9033 0.4191 -0.0917
vn -0.8801 0.4588 -0.1222
vn -0.9591 0.2678 -0.0919
vn -0.9769 0.2065 -0.0550
vn -0.7173 0.6936 -0.0665
vn -0.7044 0.7045 -0.0865
vn -0.6986 0.7076 -0.1060
vn -0.7901 0.5991 -0.1295
vn -0.9749 0.1052 -0.1964
vn -0.9100 0.0643 -0.4095
vn -0.9876 0.0424 -0.1512
vn -0.9437 0.2110 -0.2547
vn -0.9041 0.1502 -0.4001
vn -0.9361 0.3156 -0.1551
vn -0.7816 0.5990 -0.1740
vn -0.8659 0.4669 -0.1797
vn -0.7667 0.5932 -0.2454
vn -0.8947 0.3486 -0.2794
vn -0.9883 0.1238 -0.0887
vn -0.8400 0.4716 -0.2683
vn -0.8890 0.2441 -0.3874
vn -0.8606 0.3492 -0.3708
vn -0.8122 0.4669 -0.3498
vn -0.9991 -0.0429 0.0063
vn -0.9999 -0.0036 0.0126
vn -0.9984 0.0555 -0.0058
vn -0.9990 -0.0337 -0.0306
vn -0.9959 -0.0393 0.0812
vn -0.9971 0.0282 0.0713
vn -0.9968 -0.0099 0.0798
vn -0.9954 0.0252 0.0927
vn -0.9469 -0.1239 0.2966
vn -0.9639 -0.0590 0.2596
vn -0.9697 -0.0077 0.2443
vn -0.9633 0.0487 0.2640
vn -0.8905 -0.0788 0.4480
vn -0.8939 0.0055 0.4483
vn -0.8829 0.0938 0.4600
vn -0.9409 0.1186 0.3172
vn -0.8577 0.1891 0.4781
vn -0.9993 -0.0267 -0.0279
vn -0.9380 0.3395 0.0698
vn -0.9951 0.0986 0.0112
vn -0.8469 0.5034 0.1715
vn -0.8362 0.5311 0.1366
vn -0.7653 0.5770 0.2851
vn -0.8403 0.4407 0.3156
vn -0.7070 0.6168 0.3460
vn -0.6397 0.7160 0.2795
vn -0.7287 0.6501 0.2151
vn -0.8971 0.2348 0.3743
vn -0.8191 0.2980 0.4902
vn -0.6381 0.6596 0.3971
vn -0.5620 0.7608 0.3245
vn -0.7062 0.5480 0.4483
vn -0.7737 0.5002 0.3888
vn -0.8164 0.5673 0.1082
vn -0.7022 0.6953 0.1528
vn -0.7903 0.6091 0.0662
vn -0.7607 0.6480 0.0385
vn -0.6315 0.7727 0.0641
vn -0.6673 0.7374 0.1044
vn -0.5422 0.8281 0.1423
vn -0.5847 0.8107 0.0308
vn -0.4415 0.8960 0.0479
vn -0.4249 0.8893 0.1691
vn -0.4915 0.8661 0.0912
vn -0.2963 0.9527 0.0671
vn -0.4943 0.8352 0.2410
vn -0.4013 0.8742 0.2734
vn -0.3165 0.9294 0.1899
vn -0.3579 0.9267 0.1145
vn -0.2352 0.9636 0.1274
vn -0.6831 0.7303 -0.0085
vn -0.7261 0.6874 0.0175
vn -0.5398 0.8418 0.0039
vn -0.6455 0.7633 -0.0266
vn -0.5014 0.8650 -0.0184
vn -0.6165 0.7867 -0.0317
vn -0.4676 0.8836 -0.0260
vn -0.5950 0.8025 -0.0437
vn -0.3921 0.9198 0.0153
vn -0.3447 0.9387 -0.0064
vn -0.3023 0.9530 -0.0212
vn -0.4377 0.8983 -0.0373
vn -0.2375 0.9710 0.0274
vn -0.1855 0.9826 0.0026
vn -0.1404 0.9900 -0.0159
vn -0.2737 0.9614 -0.0273
vn -0.6802 0.7149 -0.1617
vn -0.5706 0.8164 -0.0889
vn -0.6915 0.7110 -0.1281
vn -0.5738 0.8107 -0.1159
vn -0.5769 0.8142 -0.0658
vn -0.5745 0.8049 -0.1487
vn -0.4246 0.9039 -0.0513
vn -0.5689 0.8188 -0.0768
vn -0.4278 0.9019 -0.0601
vn -0.4325 0.8989 -0.0702
vn -0.2711 0.9622 -0.0257
vn -0.2806 0.9591 -0.0366
vn -0.2954 0.9541 -0.0486
vn -0.4422 0.8924 -0.0892
vn -0.1141 0.9935 -0.0013
vn -0.1242 0.9922 -0.0081
vn -0.1511 0.9884 -0.0157
vn -0.3154 0.9472 -0.0583
vn -0.6645 0.6910 -0.2845
vn -0.7440 0.5856 -0.3217
vn -0.9095 -0.0227 -0.4151
vn -0.8417 -0.1111 -0.5284
vn -0.8484 0.0564 -0.5263
vn -0.8465 -0.0277 -0.5317
vn -0.8457 0.1433 -0.5140
vn -0.8369 0.2341 -0.4949
vn -0.7760 0.0526 -0.6285
vn -0.7730 0.1338 -0.6202
vn -0.7666 0.2213 -0.6028
vn -0.6857 0.0518 -0.7260
vn -0.6859 0.1262 -0.7167
vn -0.6819 0.2110 -0.7003
vn -0.6755 0.2980 -0.6745
vn -0.7535 0.3175 -0.5757
vn -0.5775 0.0484 -0.8149
vn -0.5787 0.1229 -0.8062
vn -0.5783 0.2013 -0.7906
vn -0.8177 0.3368 -0.4668
vn -0.7838 0.4498 -0.4283
vn -0.7020 0.5248 -0.4815
vn -0.7324 0.4213 -0.5348
vn -0.6569 0.6270 -0.4188
vn -0.7306 0.5656 -0.3824
vn -0.6639 0.3922 -0.6367
vn -0.6424 0.4902 -0.5891
vn -0.6132 0.5875 -0.5281
vn -0.5776 0.2828 -0.7658
vn -0.5708 0.3742 -0.7309
vn -0.5338 0.5680 -0.6264
vn -0.5572 0.4710 -0.6839
vn -0.5864 0.7542 -0.2957
vn -0.4932 0.8308 -0.2581
vn -0.5917 0.7235 -0.3555
vn -0.4822 0.7882 -0.3825
vn -0.4893 0.8121 -0.3180
vn -0.5707 0.6903 -0.4447
vn -0.4982 0.6673 -0.5537
vn -0.3857 0.8939 -0.2285
vn -0.4173 0.5848 -0.6956
vn -0.5766 -0.0092 0.8169
vn -0.8290 -0.0257 0.5586
vn -0.5833 0.0192 0.8120
vn -0.8330 0.0142 0.5531
vn -0.8645 0.0978 0.4930
vn -0.8448 0.0553 0.5323
vn -0.6198 0.0301 0.7842
vn -0.5911 0.0274 0.8062
vn -0.1555 -0.0092 0.9878
vn -0.1534 -0.0059 0.9882
vn -0.1630 0.0197 0.9864
vn -0.1605 0.0050 0.9870
vn -0.1509 -0.0003 0.9886
vn -0.7122 0.5891 0.3817
vn -0.8863 0.3176 0.3370
vn -0.6412 0.1040 0.7603
vn -0.5957 0.3058 0.7427
vn -0.1301 -0.0150 0.9914
vn -0.2273 0.2043 0.9522
vn -0.3816 0.6071 0.6970
vn -0.0611 0.6011 0.7969
vn -0.1477 0.7138 0.6846
vn -0.3005 0.8084 0.5061
vn -0.3196 0.9287 0.1882
vn -0.8913 0.1711 0.4198
vn -0.9642 0.0427 0.2616
vn -0.9646 0.1136 0.2380
vn -0.9610 0.2021 0.1888
vn -0.9383 0.3230 0.1238
vn -0.9977 0.0653 0.0168
vn -0.9853 0.1709 -0.0033
vn -0.9573 0.2860 -0.0417
vn -0.9022 0.4232 -0.0840
vn -0.9837 0.0911 -0.1552
vn -0.9613 0.2148 -0.1723
vn -0.9188 0.3439 -0.1938
vn -0.8479 0.4849 -0.2143
vn -0.9558 -0.0337 -0.2919
vn -0.9539 0.1094 -0.2795
vn -0.9291 0.2453 -0.2768
vn -0.8795 0.3841 -0.2809
vn -0.8701 0.4888 0.0625
vn -0.6990 0.7072 0.1058
vn -0.7918 0.6019 -0.1039
vn -0.7441 0.6358 -0.2054
vn -0.6106 0.7763 -0.1567
vn -0.7976 0.5327 -0.2828
vn -0.9231 0.1146 -0.3671
vn -0.9234 -0.0357 -0.3821
vn -0.8974 0.2644 -0.3534
vn -0.8420 0.4151 -0.3445
vn -0.7559 0.5655 -0.3300
vn -0.6879 0.6730 -0.2718
vn -0.8195 -0.0737 0.5684
vn -0.8040 0.1215 0.5821
vn -0.8158 0.0236 0.5779
vn -0.7832 0.2252 0.5795
vn -0.7560 -0.0619 0.6516
vn -0.7548 0.0402 0.6547
vn -0.7420 0.1414 0.6554
vn -0.6861 -0.0559 0.7254
vn -0.6913 0.0491 0.7209
vn -0.6841 0.1581 0.7121
vn -0.7176 0.2491 0.6504
vn -0.6196 -0.0547 0.7830
vn -0.6252 0.0524 0.7787
vn -0.6210 0.1673 0.7658
vn -0.6604 0.2708 0.7003
vn -0.7488 0.3364 0.5711
vn -0.6997 0.4532 0.5523
vn -0.6353 0.5818 0.5078
vn -0.7705 0.4179 0.4814
vn -0.6814 0.3646 0.6346
vn -0.6339 0.4811 0.6056
vn -0.5764 0.6021 0.5525
vn -0.5099 0.7190 0.4723
vn -0.4576 0.7323 0.5044
vn -0.6231 0.3868 0.6798
vn -0.5770 0.5011 0.6450
vn -0.6052 0.2850 0.7433
vn -0.5789 0.4006 0.7102
vn -0.5222 0.6173 0.5884
vn -0.5431 0.5118 0.6657
vn -0.2454 0.9218 0.3002
vn -0.3547 0.8374 0.4159
vn -0.2249 0.9306 0.2890
vn -0.4900 0.7924 0.3632
vn -0.4256 0.8188 0.3853
vn -0.5649 0.6988 0.4388
vn -0.3291 0.8978 0.2926
vn -0.3781 0.8336 0.4027
vn -0.1542 0.9850 0.0777
vn -0.2330 0.9517 0.2000
vn -0.1300 0.9837 0.1243
vn -0.0302 0.9968 0.0746
vn -0.2805 0.9118 0.2999
vn -0.1636 0.9661 0.1996
vn -0.1089 0.9763 0.1868
vn -0.0408 0.9928 0.1129
vn 0.0344 0.9948 0.0955
vn 0.0736 0.9956 0.0575
vn 0.1743 0.9842 0.0325
vn 0.9550 0.2944 -0.0345
vn 0.8845 0.4658 -0.0263
vn 0.8990 0.4290 -0.0884
vn 0.9945 0.0807 0.0673
vn 0.9965 0.0173 0.0822
vn 0.9762 0.2146 0.0304
vn 0.9875 0.1563 0.0216
vn 0.9410 0.3385 -0.0001
vn 0.9959 -0.0385 0.0818
vn 0.9972 0.0698 0.0252
vn 0.9738 0.2207 -0.0546
vn 0.9226 0.3585 -0.1426
vn -0.0848 0.9956 0.0396
vn -0.0264 0.9996 0.0103
vn 0.0334 0.9994 0.0008
vn -0.1176 0.9930 -0.0130
vn 0.0552 0.9977 0.0403
vn 0.1262 0.9919 0.0139
vn 0.7978 0.6009 -0.0506
vn 0.8042 0.5753 -0.1489
vn 0.6518 0.7556 -0.0646
vn 0.6379 0.7476 -0.1849
vn 0.4972 0.8564 -0.1392
vn 0.8296 0.5034 -0.2415
vn 0.9293 0.3644 0.0599
vn 0.9275 0.3649 0.0815
vn 0.8719 0.4865 0.0557
vn -0.3614 0.9239 -0.1252
vn -0.3381 0.9374 -0.0833
vn -0.2408 0.9668 -0.0850
vn -0.0015 0.9998 0.0219
vn -0.1831 0.9827 -0.0262
vn -0.2133 0.9759 -0.0453
vn -0.0838 0.9965 -0.0058
vn -0.1183 0.9919 -0.0461
vn 0.1465 0.9874 0.0591
vn -0.0419 0.9990 0.0124
vn 0.0464 0.9983 0.0354
vn 0.0042 1.0000 -0.0041
vn 0.2339 0.9671 0.1006
vn 0.0955 0.9938 0.0571
vn 0.1809 0.9803 0.0790
vn 0.7894 0.6087 0.0798
vn 0.7915 0.6091 0.0490
vn 0.6879 0.7218 0.0753
vn 0.6897 0.7231 0.0386
vn 0.6837 0.7204 0.1165
vn 0.7930 0.5985 0.1138
vn 0.5795 0.8121 0.0677
vn 0.5694 0.8151 0.1071
vn 0.4890 0.8552 0.1720
vn 0.4280 0.8901 0.1568
vn 0.3648 0.9210 0.1371
vn 0.1251 0.9911 0.0453
vn 0.8747 0.4740 0.1008
vn 0.9311 0.3538 0.0888
vn 0.8828 0.4454 0.1494
vn 0.7695 0.6035 0.2090
vn 0.6586 0.7322 0.1735
vn 0.4183 0.8788 0.2297
vn 0.3390 0.9262 0.1650
vn 0.5138 0.8388 0.1802
vn -0.2611 0.9549 -0.1415
vn -0.1517 0.9828 -0.1055
vn -0.2787 0.9390 -0.2017
vn -0.0449 0.9973 -0.0585
vn -0.1816 0.9676 -0.1757
vn 0.0603 0.9982 -0.0059
vn 0.2513 0.9624 0.1029
vn 0.1559 0.9863 0.0545
vn -0.0901 0.9851 -0.1464
vn -0.4514 -0.0123 -0.8923
vn -0.4473 0.0513 -0.8929
vn -0.4493 0.1185 -0.8855
vn -0.4593 0.1867 -0.8685
vn -0.2734 -0.0091 -0.9619
vn -0.2681 -0.0474 -0.9622
vn -0.2962 0.0442 -0.9541
vn -0.3196 0.1035 -0.9419
vn -0.3400 0.1655 -0.9257
vn -0.4678 0.2695 -0.8418
vn -0.4489 0.4673 -0.7617
vn -0.3884 0.8702 -0.3033
vn -0.3782 0.6964 -0.6100
vn -0.3383 0.4794 -0.8098
vn -0.4638 0.3675 -0.8061
vn -0.3111 0.6021 -0.7353
vn -0.2917 0.9105 -0.2930
vn -0.3720 0.8431 -0.3883
vn -0.2899 0.8679 -0.4034
vn -0.3581 0.7866 -0.5031
vn -0.2884 0.8061 -0.5167
vn -0.3536 0.3657 -0.8610
vn -0.3527 0.2577 -0.8995
vn -0.1988 0.9398 -0.2781
vn -0.2144 0.8911 -0.3999
vn -0.1511 0.9108 -0.3843
vn -0.1231 0.9589 -0.2558
vn -0.2250 0.8206 -0.5253
vn -0.1662 0.8319 -0.5294
vn -0.0655 0.0095 -0.9978
vn -0.1278 0.0565 -0.9902
vn -0.0692 0.0127 -0.9975
vn -0.1948 0.1232 -0.9731
vn -0.2359 0.2398 -0.9417
vn -0.2498 0.3591 -0.8993
vn -0.2503 0.4855 -0.8376
vn -0.2388 0.6125 -0.7535
vn 0.0570 0.0189 0.9982
vn 0.3767 0.1894 0.9068
vn 0.1116 0.0524 0.9924
vn 0.4400 0.2872 0.8508
vn 0.1851 0.1178 0.9756
vn -0.0040 0.9173 0.3981
vn 0.1373 0.8641 0.4842
vn 0.3054 0.8408 0.4470
vn 0.1708 0.9290 0.3282
vn 0.4054 0.7124 0.5729
vn 0.2031 0.9529 0.2252
vn 0.3354 0.8745 0.3504
vn -0.5619 0.7972 -0.2207
vn -0.4582 0.8847 -0.0858
vn -0.4239 0.8932 -0.1502
vn -0.2958 0.9553 0.0022
vn -0.2724 0.9592 -0.0753
vn -0.2567 0.9602 -0.1097
vn -0.3970 0.9002 -0.1788
vn -0.4006 0.8976 -0.1841
vn -0.2535 0.9611 -0.1096
vn 0.0457 0.9924 0.1142
vn 0.0569 0.9966 0.0588
vn -0.1049 0.9940 -0.0322
vn -0.9096 -0.0309 -0.4144
vn -0.9028 0.1204 -0.4128
vn -0.8731 0.2782 -0.4003
vn -0.8993 -0.0220 -0.4368
vn -0.8809 -0.1813 -0.4372
vn -0.8937 0.1290 -0.4298
vn -0.8668 0.2858 -0.4086
vn -0.8675 -0.1758 -0.4653
vn -0.8863 -0.0208 -0.4626
vn -0.8880 0.1299 -0.4412
vn -0.9031 -0.0252 -0.4287
vn -0.8808 -0.1761 -0.4395
vn -0.9035 0.1262 -0.4095
vn -0.8859 0.2750 -0.3736
vn -0.5370 0.8058 -0.2494
vn -0.6509 0.6986 -0.2971
vn -0.8185 0.4340 -0.3764
vn -0.7413 0.5819 -0.3345
vn -0.6441 0.7101 -0.2843
vn -0.8166 0.4409 -0.3726
vn -0.7414 0.5862 -0.3268
vn -0.6389 0.7195 -0.2724
vn -0.8685 0.2833 -0.4069
vn -0.8251 0.4386 -0.3562
vn -0.7525 0.5884 -0.2959
vn -0.5274 0.8162 -0.2361
vn -0.5222 0.8253 -0.2148
vn -0.3987 0.9035 -0.1574
vn -0.8474 0.4272 -0.3152
vn -0.7795 0.5800 -0.2366
vn -0.6730 0.7226 -0.1575
vn -0.5299 0.8301 -0.1739
vn -0.5424 0.8339 -0.1024
vn -0.1130 0.9935 -0.0133
vn -0.2599 0.9616 -0.0886
vn -0.2668 0.9614 -0.0677
vn -0.4019 0.9075 -0.1222
vn -0.4102 0.9099 -0.0616
vn -0.5551 -0.0553 0.8300
vn -0.5623 0.0528 0.8252
vn -0.5634 0.1673 0.8091
vn -0.5589 0.2845 0.7789
vn -0.4848 -0.0608 0.8725
vn -0.5026 0.0443 0.8634
vn -0.5150 0.1582 0.8425
vn -0.5180 0.2750 0.8100
vn -0.4221 -0.0685 0.9040
vn -0.4327 0.0341 0.9009
vn -0.4413 0.1490 0.8849
vn -0.4494 0.2603 0.8546
vn -0.9332 -0.1920 -0.3037
vn -0.8913 -0.3245 -0.3167
vn -0.8435 -0.3209 -0.4307
vn -0.9622 -0.0398 -0.2696
vn -0.9598 0.1306 -0.2485
vn -0.9257 0.2879 -0.2454
vn -0.4109 -0.1657 0.8965
vn -0.1124 -0.1331 0.9847
vn -0.0398 -0.0330 0.9987
vn -0.0517 0.0397 0.9979
vn -0.7274 -0.1535 -0.6688
vn -0.7786 -0.2758 -0.5636
vn -0.7454 -0.0543 -0.6644
vn -0.7799 0.0782 -0.6210
vn -0.8197 0.2477 -0.5164
vn -0.1642 0.2197 0.9616
vn -0.6756 -0.6945 0.2475
vn 0.7064 -0.7019 -0.0911
vn 0.9800 0.0460 -0.1937
vn 0.2315 0.9723 -0.0313
vn -0.0527 0.1298 0.9901
vn -0.5471 0.4006 0.7350
vn -0.5249 0.5122 0.6798
vn -0.4958 0.6232 0.6048
vn -0.4911 0.6198 0.6121
vn -0.4374 0.7274 0.5288
vn -0.5150 0.3893 0.7636
vn -0.5026 0.5051 0.7016
vn -0.4318 0.7203 0.5428
vn -0.4219 0.7284 0.5399
vn -0.3420 0.8406 0.4201
vn -0.3326 0.8496 0.4094
vn -0.2040 0.9405 0.2717
vn -0.4670 0.3642 0.8058
vn -0.4776 0.4884 0.7303
vn -0.4443 0.7356 0.5114
vn -0.3457 0.8588 0.3781
vn -0.1971 0.9483 0.2486
vn -0.8789 0.4193 -0.2274
vn -0.8160 0.5564 -0.1567
vn -0.6965 0.7147 -0.0638
vn -0.2146 0.9521 0.2177
vn -0.0480 0.9980 0.0422
vn -0.8819 0.3431 -0.3234
vn -0.8781 0.4755 -0.0527
vn -0.7113 0.6849 0.1580
vn -0.2552 0.2925 0.9216
vn -0.3574 0.4092 0.8395
vn -0.3915 0.8620 0.3219
vn -0.7693 0.5952 0.2321
vn -0.8267 0.4141 0.3809
vn -0.0308 0.9957 0.0874
vn 0.1605 0.9861 -0.0420
vn 0.1600 0.9809 -0.1108
vn 0.9917 -0.0876 0.0943
vn 0.9894 -0.0809 0.1208
vn 0.9939 -0.0822 0.0732
vn 0.9974 -0.0229 0.0681
vn 0.9994 -0.0017 -0.0356
vn 0.9939 0.1090 -0.0162
vn 0.9672 0.1215 -0.2230
vn 0.9929 -0.0898 0.0776
vn 0.9929 -0.1105 0.0431
vn 0.9928 -0.1050 -0.0578
vn 0.9609 -0.0337 -0.2749
vn 0.3405 0.2224 -0.9136
vn 0.2578 0.2404 -0.9358
vn 0.2283 0.1385 -0.9637
vn -0.5447 0.1202 -0.8300
vn -0.7922 0.1553 -0.5901
vn -0.8839 0.1652 -0.4374
vn 0.1434 0.9895 0.0187
vn 0.3237 0.9445 -0.0560
vn 0.2638 0.9646 -0.0024
vn 0.8441 0.2836 -0.4551
vn 0.9593 0.2392 -0.1501
vn 0.6612 0.6831 -0.3102
vn 0.8674 0.3859 -0.3142
vn 0.3625 0.9239 -0.1226
vn 0.7713 0.1411 -0.6206
vn 0.6636 0.5966 -0.4513
vn -0.0367 0.9908 0.1300
vn 0.4023 0.8931 -0.2011
vn -0.2808 0.3325 -0.9003
vn 0.0736 0.2285 -0.9708
vn 0.4939 0.5522 -0.6717
vn 0.2339 0.4320 -0.8710
vn 0.9983 -0.0377 0.0437
vn 0.9864 -0.0503 -0.1568
vn 0.9962 0.0684 0.0536
vn 0.9914 0.0099 -0.1308
vn 0.9746 0.2110 0.0744
vn 0.9905 0.1231 -0.0609
vn 0.9395 0.3268 0.1025
vn 0.9711 0.2326 0.0528
vn 0.9721 -0.0671 -0.2248
vn 0.9918 0.0030 -0.1275
vn 0.9635 -0.0596 -0.2609
vn 0.9787 -0.0304 0.2030
vn 0.9850 -0.0552 0.1637
vn 0.9964 0.0844 -0.0089
vn 0.9964 -0.0085 0.0845
vn 0.9214 0.3457 0.1776
vn 0.8273 0.4788 0.2936
vn 0.6662 0.6302 0.3989
vn 0.9710 0.1790 0.1585
vn 0.8877 0.3081 0.3421
vn 0.9965 -0.0016 0.0836
vn 0.9807 0.0158 0.1950
vn 0.7259 0.4731 0.4993
vn 0.8989 0.1168 0.4224
vn -0.6337 0.2327 0.7378
vn -0.4895 0.0355 0.8713
vn -0.1870 0.1115 0.9760
vn 0.0362 0.1726 0.9843
vn 0.2208 0.9666 0.1305
vn -0.0076 0.9946 -0.1038
vn 0.2673 0.9374 0.2234
vn -0.0118 0.2615 0.9651
vn -0.0947 0.9255 -0.3668
vn -0.0631 0.9727 -0.2232
vn -0.0093 0.9833 -0.1819
vn -0.1151 0.8460 -0.5206
vn -0.0787 0.8616 -0.5015
vn -0.1338 0.7415 -0.6574
vn -0.0861 0.7492 -0.6567
vn -0.0501 0.9375 -0.3444
vn -0.0274 0.8742 -0.4848
vn 0.1090 0.9938 0.0237
vn 0.1494 0.9839 0.0981
vn 0.0336 0.9904 -0.1339
vn 0.0728 0.9941 -0.0807
vn -0.0121 0.9499 -0.3125
vn 0.0383 0.9598 -0.2779
vn -0.0005 0.0178 -0.9998
vn -0.0501 0.0415 -0.9979
vn -0.1283 0.1933 -0.9727
vn -0.0425 0.1234 -0.9914
vn 0.0064 0.0455 -0.9989
vn -0.0767 0.0684 -0.9947
vn 0.0121 -0.0319 -0.9994
vn -0.1694 0.3438 -0.9237
vn -0.1811 0.4789 -0.8590
vn -0.1816 0.6149 -0.7674
vn -0.0966 0.3135 -0.9447
vn -0.1208 0.4684 -0.8752
vn -0.1325 0.6100 -0.7812
vn -0.0091 0.0650 -0.9978
vn -0.0426 0.2745 -0.9606
vn -0.0633 0.4586 -0.8864
vn -0.0739 0.6062 -0.7919
vn 0.2726 0.0689 0.9596
vn 0.0241 0.0124 0.9996
vn 0.5061 0.1206 0.8540
vn 0.5223 0.2010 0.8287
vn 0.3179 0.1143 0.9412
vn 0.5438 0.2982 0.7844
vn 0.5594 0.4083 0.7214
vn 0.6238 0.0554 0.7796
vn 0.6237 0.1506 0.7670
vn 0.6254 0.2559 0.7371
vn 0.6251 0.3691 0.6878
vn 0.5212 0.6462 0.5575
vn 0.4461 0.7608 0.4714
vn 0.4659 0.5697 0.6771
vn 0.6166 0.4850 0.6201
vn 0.5901 0.6002 0.5399
vn 0.5567 0.5271 0.6421
vn 0.6351 0.5314 0.5606
vn 0.5420 0.7074 0.4537
vn 0.5868 0.6467 0.4873
vn 0.7088 0.0607 0.7028
vn 0.7041 0.1749 0.6882
vn 0.6943 0.2925 0.6576
vn 0.6717 0.4116 0.6160
vn 0.7677 0.0643 0.6375
vn 0.7563 0.1894 0.6262
vn 0.7337 0.3122 0.6035
vn 0.7002 0.4349 0.5662
vn 0.0461 0.9977 0.0499
vn 0.0345 0.9977 0.0587
vn 0.2089 0.9642 0.1634
vn 0.3488 0.8988 0.2654
vn 0.1926 0.9710 0.1415
vn 0.3055 0.9276 0.2152
vn 0.1733 0.9756 0.1351
vn 0.3237 0.9172 0.2321
vn 0.4646 0.8076 0.3633
vn 0.4344 0.8427 0.3181
vn 0.5221 0.7513 0.4037
vn 0.1601 0.9772 0.1394
vn 0.2928 0.9327 0.2107
vn 0.4184 0.8611 0.2887
vn 0.4043 0.8705 0.2806
vn 0.6516 0.5598 0.5119
vn 0.3952 0.8732 0.2853
vn 0.2773 0.9345 0.2232
vn -0.2715 0.9622 -0.0213
vn -0.1191 0.9929 -0.0005
vn 0.0251 0.9971 0.0715
vn -0.1295 0.9912 0.0275
vn 0.1488 0.9762 0.1579
vn 0.0104 0.9958 0.0905
vn 0.1397 0.9726 0.1859
vn -0.1440 0.9777 0.1528
vn -0.0042 0.9909 0.1349
vn 0.0012 0.9836 0.1804
vn -0.1174 0.9741 0.1935
vn 0.0146 0.9756 0.2189
vn -0.4823 0.8465 0.2255
vn -0.6469 0.5926 0.4798
vn -0.5115 0.7537 0.4128
vn -0.4569 0.5677 0.6848
vn -0.4191 0.8718 0.2538
vn -0.2590 0.9493 0.1784
vn -0.3073 0.9414 0.1390
vn -0.3003 0.9462 0.1201
vn -0.1723 0.9843 -0.0374
vn -0.4147 0.9025 0.1159
vn -0.2852 0.9497 0.1292
vn -0.3753 0.9067 0.1928
vn -0.2525 0.9499 0.1845
vn -0.2383 0.9623 0.1308
vn -0.2080 0.9773 -0.0395
vn -0.0967 0.9557 -0.2781
vn -0.1322 0.9741 -0.1837
vn -0.2009 0.9588 0.2007
vn -0.1466 0.9765 0.1578
vn -0.1763 0.9843 -0.0004
vn -0.0896 0.9943 0.0585
vn 0.1163 0.9751 -0.1887
vn -0.1032 0.9947 -0.0052
vn 0.0248 0.9645 -0.2628
vn 0.4012 0.8639 -0.3044
vn 0.0507 0.8333 -0.5505
vn 0.3384 0.8259 -0.4509
vn -0.1206 0.9158 -0.3831
vn -0.7935 0.1803 -0.5813
vn -0.5971 0.7120 -0.3695
vn -0.7299 0.5916 -0.3424
vn -0.7294 0.5501 -0.4067
vn -0.7145 0.6301 -0.3041
vn -0.8137 0.5067 -0.2847
vn -0.8460 0.4667 -0.2577
vn -0.8220 0.5125 -0.2484
vn -0.8951 0.3783 -0.2359
vn -0.8937 0.3659 -0.2595
vn -0.7240 0.6418 -0.2529
vn -0.9140 0.0644 0.4005
vn -0.9166 0.0392 0.3979
vn -0.9473 0.0657 0.3137
vn -0.9266 0.0495 0.3728
vn -0.9596 0.0646 0.2739
vn -0.9066 0.0802 0.4143
vn -0.9382 0.1210 0.3241
vn -0.8505 0.1830 0.4930
vn -0.9977 0.0654 -0.0151
vn -0.9981 0.0605 0.0134
vn -0.9952 0.0772 0.0602
vn -0.9860 0.1308 0.1036
vn -0.9872 0.0855 -0.1349
vn -0.9866 0.1068 -0.1231
vn -0.9833 0.1657 -0.0755
vn -0.9477 0.3189 -0.0120
vn -0.8547 0.3023 0.4221
vn -0.7742 0.3555 0.5238
vn -0.9471 0.2620 0.1854
vn -0.8768 0.3968 0.2718
vn -0.7733 0.5532 0.3096
vn -0.6907 0.5267 0.4955
vn -0.5714 0.6840 0.4535
vn -0.5422 0.6556 0.5256
vn -0.8895 0.4500 0.0795
vn -0.7889 0.5924 0.1634
vn -0.9932 0.0748 -0.0896
vn -0.9959 0.0503 -0.0749
vn -0.9983 0.0389 0.0426
vn -0.9899 0.0543 0.1308
vn -0.9470 0.2100 0.2430
vn 0.0509 0.4190 0.9066
vn 0.3601 0.8763 0.3201
vn 0.4466 0.7915 0.4172
vn 0.2043 0.9615 0.1835
vn 0.2534 0.9264 0.2787
vn -0.7058 0.4941 0.5077
vn -0.8352 0.3983 0.3792
vn -0.6207 0.5877 0.5189
vn 0.0064 0.5078 0.8615
vn 0.4793 0.6923 0.5395
vn -0.0109 0.6570 0.7538
vn 0.4019 0.5914 0.6990
vn 0.2546 0.8837 0.3928
vn -0.3444 0.7400 0.5778
vn 0.0720 0.8345 0.5464
vn -0.0232 0.7553 -0.6549
vn 0.1166 0.9930 -0.0209
vn 0.0242 0.8840 -0.4668
vn 0.0620 0.8929 -0.4459
vn 0.1417 0.9885 0.0518
vn 0.1554 0.9795 0.1284
vn 0.1042 0.9759 -0.1920
vn 0.1117 0.9023 -0.4164
vn 0.1645 0.9145 -0.3696
vn 0.1247 0.7870 -0.6042
vn 0.1833 0.8014 -0.5693
vn 0.1994 0.6596 -0.7247
vn 0.1367 0.6387 -0.7572
vn 0.0010 0.0648 -0.9979
vn 0.0047 0.1433 -0.9897
vn -0.0022 -0.0454 -0.9990
vn 0.0120 0.0459 -0.9989
vn 0.0418 0.1317 -0.9904
vn 0.0056 -0.0291 -0.9996
vn 0.0016 0.0350 -0.9994
vn 0.0418 0.0237 -0.9988
vn 0.0420 0.1232 -0.9915
vn 0.0188 -0.0337 -0.9993
vn 0.0130 0.0297 -0.9995
vn 0.0050 -0.0133 -0.9999
vn 0.0741 0.1060 -0.9916
vn -0.0128 -0.0458 -0.9989
vn 0.0173 0.0651 -0.9977
vn -0.0107 0.2511 -0.9679
vn -0.0173 0.4534 -0.8911
vn -0.0197 0.6061 -0.7952
vn 0.0198 0.4525 -0.8915
vn 0.0181 0.6117 -0.7908
vn 0.0198 0.2512 -0.9677
vn 0.0580 0.2753 -0.9596
vn 0.0703 0.4585 -0.8859
vn 0.0707 0.6216 -0.7802
vn 0.8034 0.0669 0.5917
vn 0.7910 0.1960 0.5796
vn 0.7661 0.3244 0.5549
vn 0.7271 0.4543 0.5147
vn 0.8495 0.0727 0.5225
vn 0.8290 0.0712 0.5547
vn 0.8326 0.2082 0.5132
vn 0.8178 0.2041 0.5380
vn 0.7997 0.3378 0.4964
vn 0.7916 0.3352 0.5109
vn 0.7456 0.4633 0.4789
vn 0.7511 0.4626 0.4711
vn 0.8615 0.0644 0.5036
vn 0.8406 0.2027 0.5022
vn 0.8067 0.3361 0.4860
vn 0.5871 0.6766 0.4445
vn 0.5953 0.6905 0.4109
vn 0.5018 0.7920 0.3479
vn 0.6712 0.5771 0.4653
vn 0.6815 0.5835 0.4416
vn 0.6013 0.6950 0.3942
vn 0.5041 0.7936 0.3408
vn 0.5065 0.7921 0.3407
vn 0.3987 0.8712 0.2863
vn 0.6856 0.5826 0.4364
vn 0.6025 0.6947 0.3930
vn 0.6149 0.6892 0.3834
vn 0.5129 0.7864 0.3444
vn 0.8726 0.0560 0.4853
vn 0.8575 0.1965 0.4754
vn 0.8239 0.3339 0.4580
vn 0.8405 0.3235 0.4347
vn 0.8747 0.1919 0.4451
vn 0.7739 0.4590 0.4364
vn 0.7883 0.4453 0.4246
vn 0.2781 0.9251 0.2585
vn 0.1431 0.9660 0.2151
vn 0.1515 0.9552 0.2544
vn 0.2752 0.9319 0.2363
vn 0.3092 0.9039 0.2954
vn 0.1785 0.9475 0.2654
vn 0.5303 0.7709 0.3529
vn 0.4093 0.8536 0.3222
vn 0.7077 0.5760 0.4092
vn 0.7184 0.5616 0.4105
vn 0.6282 0.6793 0.3794
vn 0.6367 0.6659 0.3889
vn 0.5480 0.7564 0.3573
vn -0.0351 0.9815 0.1884
vn -0.0531 0.9964 -0.0661
vn 0.0533 0.9981 0.0314
vn 0.0412 0.9708 0.2363
vn 0.3434 0.8949 0.2849
vn 0.2166 0.9445 0.2468
vn 0.0917 0.9720 0.2162
vn 0.2511 0.9426 0.2203
vn 0.1678 0.9801 0.1060
vn 0.1340 0.9761 0.1711
vn 0.2924 0.9416 0.1671
vn 0.1995 0.9794 0.0305
vn 0.3760 0.8885 0.2630
vn 0.4122 0.8844 0.2189
vn 0.3263 0.9395 0.1043
vn 0.4481 0.8790 0.1632
vn 0.3492 0.9361 0.0409
vn -0.0515 0.9466 -0.3183
vn -0.0395 0.9785 -0.2024
vn 0.0819 0.9822 -0.1693
vn -0.8998 0.3958 -0.1834
vn -0.9569 0.2516 -0.1447
vn -0.9551 0.2239 -0.1938
vn -0.3985 0.6140 -0.6814
vn -0.2494 0.7965 -0.5508
vn -0.5809 0.6244 -0.5222
vn -0.5934 0.7420 -0.3120
vn -0.3415 0.7978 -0.4968
vn -0.1498 0.8517 -0.5021
vn -0.0907 0.9195 -0.3826
vn -0.4499 0.8404 -0.3024
vn -0.4285 0.8287 -0.3601
vn -0.3955 0.8138 -0.4258
vn -0.1998 0.9077 -0.3690
vn -0.6072 0.7535 -0.2521
vn -0.4933 0.8485 -0.1914
vn -0.6298 0.7492 -0.2053
vn -0.2461 0.9154 -0.3187
vn -0.2845 0.9199 -0.2699
vn -0.4733 0.8476 -0.2400
vn -0.3349 0.9268 -0.1702
vn 0.0336 0.9603 -0.2770
vn -0.1457 0.9068 -0.3955
vn -0.1034 0.9698 -0.2211
vn -0.3154 0.9235 -0.2181
vn -0.0134 0.9588 -0.2836
vn -0.1560 0.9776 -0.1414
vn -0.3428 0.9302 -0.1311
vn -0.9541 0.2698 -0.1299
vn -0.9838 0.1566 -0.0869
vn -0.9829 0.1485 -0.1085
vn -0.9042 0.4097 -0.1209
vn -0.9520 0.2853 -0.1106
vn -0.9521 0.2936 -0.0849
vn -0.9834 0.1584 -0.0882
vn -0.9067 0.4122 -0.0890
vn -0.9928 0.0761 -0.0926
vn -0.9945 0.0758 -0.0725
vn -0.9856 0.1532 -0.0709
vn -0.9548 0.2905 -0.0631
vn -0.9962 0.0754 -0.0442
vn -0.9890 0.1445 -0.0313
vn -0.9596 0.2810 -0.0109
vn -0.9099 0.4148 0.0035
vn -0.8324 0.5147 -0.2053
vn -0.7442 0.6340 -0.2101
vn -0.9006 0.4080 -0.1496
vn -0.8395 0.5203 -0.1569
vn -0.7566 0.6340 -0.1600
vn -0.6454 0.7479 -0.1549
vn -0.8433 0.5242 -0.1188
vn -0.7603 0.6384 -0.1198
vn -0.8439 0.5283 -0.0937
vn -0.7591 0.6443 -0.0930
vn -0.6480 0.7523 -0.1190
vn -0.5068 0.8499 -0.1442
vn -0.6324 0.7725 -0.0581
vn -0.6429 0.7608 -0.0885
vn -0.4809 0.8752 -0.0520
vn -0.5079 0.8540 -0.1127
vn -0.3470 0.9332 -0.0931
vn -0.3433 0.9370 -0.0638
vn -0.1640 0.9858 -0.0359
vn -0.3155 0.9480 -0.0415
vn -0.9972 0.0694 -0.0270
vn -0.9923 0.1228 -0.0167
vn -0.9761 0.2143 0.0351
vn -0.9235 0.3713 0.0965
vn -0.9972 0.0720 -0.0212
vn -0.9907 0.1360 -0.0099
vn -0.9657 0.2593 0.0162
vn -0.8542 0.5034 0.1303
vn -0.7595 0.6333 0.1487
vn -0.6474 0.7345 0.2036
vn -0.6350 0.7571 0.1537
vn -0.6331 0.7069 0.3154
vn -0.9145 0.4013 0.0506
vn -0.8461 0.5274 0.0773
vn -0.6204 0.7774 0.1035
vn -0.7499 0.6546 0.0955
vn -0.8432 0.5375 0.0080
vn -0.7502 0.6612 0.0094
vn -0.6169 0.7870 0.0098
vn -0.4661 0.8353 0.2918
vn -0.4887 0.8487 0.2022
vn -0.4803 0.8659 0.1398
vn -0.4696 0.8776 0.0961
vn -0.4276 0.9039 0.0098
vn -0.2900 0.9551 0.0614
vn -0.2593 0.9656 -0.0183
vn -0.1406 0.9899 -0.0170
vn -0.2524 0.9675 0.0156
vn -0.0742 0.8629 0.4999
vn -0.3466 0.7950 0.4979
vn -0.4088 0.8224 0.3957
vn -0.1559 0.8908 0.4267
vn -0.2355 0.9140 0.3303
vn -0.2919 0.9264 0.2377
vn 0.2266 0.9740 0.0070
vn 0.1696 0.9458 0.2770
vn 0.2210 0.9720 0.0801
vn 0.1084 0.9439 0.3120
vn 0.0186 0.9581 0.2860
vn -0.3080 0.9355 0.1732
vn -0.3058 0.9458 0.1089
vn -0.1192 0.9867 0.1104
vn 0.1290 0.9877 0.0882
vn -0.1017 0.9808 0.1665
vn 0.0888 0.9940 0.0644
vn 0.4761 0.1377 -0.8686
vn 0.4773 0.0448 -0.8776
vn 0.3755 0.1196 -0.9191
vn 0.3730 0.0428 -0.9268
vn 0.4779 0.2362 -0.8461
vn 0.3837 0.2137 -0.8984
vn 0.4753 0.3460 -0.8090
vn 0.3922 0.3203 -0.8623
vn 0.2780 0.6965 -0.6615
vn 0.2629 0.8208 -0.5071
vn 0.3750 0.7084 -0.5980
vn 0.3036 0.9479 -0.0968
vn 0.3097 0.9372 -0.1607
vn 0.2915 0.5542 -0.7797
vn 0.4691 0.4678 -0.7491
vn 0.3996 0.4348 -0.8071
vn 0.4575 0.5943 -0.6615
vn 0.3988 0.5651 -0.7222
vn -0.0420 -0.0330 -0.9986
vn -0.0341 0.0235 -0.9991
vn -0.0079 -0.0054 -1.0000
vn 0.0634 0.1436 -0.9876
vn -0.0005 0.0142 -0.9999
vn 0.0307 0.0138 -0.9994
vn 0.0967 0.0863 -0.9916
vn 0.1635 0.2273 -0.9600
vn 0.0368 0.0050 -0.9993
vn 0.2161 0.0372 -0.9757
vn 0.2250 0.0821 -0.9709
vn 0.2589 0.1696 -0.9509
vn 0.2869 0.2842 -0.9149
vn 0.1196 0.3242 -0.9384
vn 0.1395 0.4786 -0.8669
vn 0.1942 0.3698 -0.9086
vn 0.2019 0.5130 -0.8343
vn 0.2982 0.4018 -0.8658
vn 0.8523 0.3067 0.4237
vn 0.8853 0.1825 0.4278
vn 0.8033 0.4286 0.4136
vn 0.8642 0.2936 0.4086
vn 0.9089 0.0445 0.4146
vn 0.9005 0.0539 0.4315
vn 0.8934 0.1689 0.4163
vn 0.9076 0.1595 0.3884
vn 0.8205 0.4159 0.3922
vn 0.8817 0.2867 0.3747
vn 0.7398 0.5419 0.3988
vn 0.6586 0.6494 0.3802
vn 0.7641 0.5275 0.3712
vn 0.5650 0.7462 0.3521
vn 0.5954 0.7292 0.3373
vn 0.6929 0.6281 0.3541
vn 0.8408 0.4047 0.3596
vn 0.7847 0.5160 0.3434
vn 0.6387 0.7089 0.2992
vn 0.7219 0.6112 0.3246
vn 0.9340 0.0277 0.3563
vn 0.9189 0.0323 0.3931
vn 0.9256 0.1564 0.3446
vn 0.9005 0.2781 0.3342
vn 0.8605 0.3920 0.3255
vn 0.9474 0.0298 0.3187
vn 0.9381 0.1517 0.3113
vn 0.9139 0.2671 0.3058
vn 0.8761 0.3824 0.2935
vn 0.9555 0.0287 0.2935
vn 0.9460 0.1458 0.2894
vn 0.9242 0.2626 0.2772
vn 0.9673 0.0245 0.2525
vn 0.9589 0.1430 0.2451
vn 0.5241 0.8108 0.2607
vn 0.4719 0.8747 0.1101
vn 0.8058 0.5027 0.3131
vn 0.7419 0.6040 0.2911
vn 0.6642 0.7037 0.2523
vn 0.8262 0.4919 0.2746
vn 0.7607 0.6006 0.2462
vn 0.5861 0.7927 0.1680
vn 0.6812 0.7010 0.2109
vn 0.5994 0.7906 0.1249
vn 0.7773 0.5965 0.2002
vn 0.6985 0.6951 0.1700
vn 0.7070 0.6931 0.1404
vn 0.9829 0.0265 0.1823
vn 0.9749 0.1364 0.1761
vn 0.9367 0.2627 0.2316
vn 0.9509 0.2528 0.1784
vn 0.9004 0.3776 0.2161
vn 0.9125 0.3686 0.1777
vn 0.2165 0.9749 -0.0512
vn 0.3570 0.9338 -0.0256
vn 0.2151 0.9686 -0.1249
vn 0.4813 0.8746 0.0581
vn 0.6027 0.7935 0.0839
vn 0.4789 0.8778 0.0128
vn 0.5961 0.8011 0.0542
vn 0.8492 0.4898 0.1973
vn 0.8593 0.4822 0.1707
vn 0.7861 0.5930 0.1745
vn 0.7926 0.5896 0.1552
vn 0.0665 0.9690 -0.2378
vn -0.0647 0.9647 -0.2551
vn -0.1328 0.9742 -0.1826
vn 0.1143 0.9774 -0.1777
vn 0.0827 0.9822 -0.1686
vn -0.1634 0.9801 -0.1123
vn 0.0228 0.9968 -0.0772
vn 0.0167 0.9989 -0.0437
vn 0.2612 0.9592 -0.1078
vn 0.0605 0.9882 -0.1406
vn 0.3130 0.9451 -0.0941
vn 0.3415 0.9372 -0.0715
vn 0.4645 0.8855 -0.0129
vn 0.0398 0.9939 -0.1030
vn 0.2137 0.9762 -0.0357
vn 0.2849 0.9528 -0.1049
vn 0.4481 0.8932 -0.0368
vn 0.2383 0.9662 -0.0986
vn 0.4098 0.9110 -0.0474
vn 0.2232 0.9724 -0.0683
vn 0.3994 0.9159 -0.0406
vn 0.3974 0.9176 -0.0094
vn -0.1362 0.9904 -0.0236
vn -0.0858 0.9963 -0.0061
vn -0.0029 0.9999 -0.0162
vn 0.0826 0.9965 0.0156
vn 0.1538 0.9881 0.0069
vn 0.0465 0.9988 0.0131
vn 0.2704 0.9616 0.0476
vn 0.3704 0.9287 0.0156
vn 0.2407 0.9703 -0.0243
vn 0.2132 0.9768 -0.0186
vn 0.2150 0.9765 0.0152
vn 0.0300 0.9995 -0.0089
vn -0.1043 0.9944 0.0144
vn -0.1216 0.9905 0.0635
vn 0.0635 0.9980 -0.0069
vn 0.0837 0.9957 -0.0394
vn 0.1570 0.9820 -0.1047
vn 0.1028 0.9911 -0.0847
vn -0.0664 0.9975 -0.0246
vn 0.2720 0.9510 -0.1469
vn 0.2565 0.9598 -0.1141
vn 0.2471 0.9639 -0.0993
vn 0.3823 0.9105 -0.1573
vn 0.3174 0.9338 -0.1653
vn 0.4783 0.8506 -0.2183
vn 0.4371 0.8744 -0.2105
vn 0.5179 0.8267 -0.2198
vn 0.0626 0.9977 0.0255
vn 0.2527 0.9651 -0.0689
vn 0.3876 0.8992 -0.2029
vn 0.3897 0.8904 -0.2352
vn 0.2406 0.9673 -0.0798
vn 0.3951 0.8992 -0.1882
vn 0.5169 0.8049 -0.2915
vn 0.4044 0.8940 -0.1930
vn 0.6415 0.6769 -0.3610
vn 0.6173 0.6774 -0.4001
vn 0.5749 0.0472 -0.8169
vn 0.5712 0.1486 -0.8073
vn 0.5639 0.2503 -0.7870
vn 0.5527 0.3638 -0.7498
vn 0.6587 0.0503 -0.7508
vn 0.7252 0.0496 -0.6867
vn 0.7179 0.1561 -0.6784
vn 0.7048 0.2676 -0.6570
vn 0.6527 0.1528 -0.7420
vn 0.6833 0.3913 -0.6165
vn 0.6431 0.2605 -0.7201
vn 0.7324 0.4004 -0.5507
vn 0.7607 0.2717 -0.5895
vn 0.7888 0.0479 -0.6128
vn 0.7784 0.1559 -0.6081
vn 0.8355 0.1521 -0.5280
vn 0.8147 0.2723 -0.5120
vn 0.7795 0.4008 -0.4814
vn 0.5311 0.4914 -0.6902
vn 0.4955 0.6334 -0.5944
vn 0.4289 0.7259 -0.5378
vn 0.6483 0.5262 -0.5503
vn 0.6272 0.3780 -0.6810
vn 0.5874 0.6680 -0.4569
vn 0.5997 0.5092 -0.6173
vn 0.6873 0.5360 -0.4902
vn 0.7244 0.5361 -0.4333
vn 0.9974 0.0226 0.0691
vn 0.9900 0.1070 0.0915
vn 0.9667 0.2245 0.1230
vn 0.9255 0.3543 0.1336
vn 0.9987 0.0475 0.0203
vn 0.9807 0.1809 0.0735
vn 0.9910 0.1275 0.0409
vn 0.9999 -0.0143 -0.0040
vn 0.9366 0.3371 0.0952
vn 0.9451 0.3190 0.0705
vn 0.8732 0.4709 0.1254
vn 0.8053 0.5833 0.1060
vn 0.7057 0.6993 0.1140
vn 0.8800 0.4661 0.0916
vn 0.8838 0.4627 0.0690
vn 0.8090 0.5834 0.0720
vn 0.8078 0.5872 0.0524
vn 0.7104 0.7000 0.0730
vn 0.9981 -0.0622 0.0025
vn 0.9982 -0.0562 0.0229
vn 0.9998 -0.0174 -0.0026
vn 0.9994 -0.0238 0.0256
vn 0.9969 0.0784 0.0103
vn 0.9952 0.0961 0.0164
vn 0.9996 -0.0236 0.0134
vn 0.9997 -0.0197 -0.0117
vn 0.9991 0.0377 0.0200
vn 0.9976 0.0634 -0.0271
vn 0.9996 -0.0052 -0.0281
vn 0.9997 -0.0167 -0.0163
vn 0.9997 -0.0244 -0.0045
vn 0.9980 -0.0583 -0.0255
vn 0.5881 0.8084 0.0248
vn 0.4285 0.9024 -0.0459
vn 0.5806 0.8142 0.0060
vn 0.5720 0.8202 -0.0098
vn 0.3928 0.9195 0.0169
vn 0.3897 0.9200 0.0413
vn 0.5587 0.8292 0.0160
vn 0.5478 0.8352 0.0481
vn 0.7101 0.7027 0.0439
vn 0.6940 0.7187 0.0441
vn 0.7040 0.7100 0.0154
vn 0.8034 0.5930 0.0535
vn 0.6927 0.7185 0.0624
vn 0.5557 0.8294 0.0582
vn 0.8921 0.4493 0.0469
vn 0.8118 0.5805 0.0635
vn 0.8991 0.4338 0.0589
vn 0.9949 0.0210 0.0990
vn 0.9989 -0.0412 0.0245
vn 0.9915 0.1300 0.0042
vn 0.9969 0.0764 0.0172
vn 0.9985 -0.0495 0.0231
vn 0.9946 0.0557 0.0875
vn 0.9943 0.0865 0.0628
vn 0.9986 0.0363 0.0381
vn 0.9991 0.0422 -0.0014
vn 0.9963 0.0052 -0.0858
vn 0.9980 0.0619 -0.0081
vn 0.9995 0.0262 0.0171
vn 0.9927 -0.0537 -0.1076
vn 0.9988 0.0299 0.0384
vn 0.9988 -0.0454 -0.0181
vn 0.9999 -0.0136 0.0018
vn 0.9987 0.0410 0.0290
vn 0.2274 0.9726 0.0485
vn 0.3177 0.9473 0.0423
vn 0.4713 0.8787 0.0753
vn 0.4392 0.8956 0.0711
vn 0.4068 0.9114 0.0631
vn 0.5912 0.8021 0.0840
vn 0.6231 0.7770 0.0899
vn 0.5162 0.8547 0.0554
vn 0.5584 0.8294 0.0174
vn 0.6902 0.7214 0.0558
vn 0.5697 0.8187 0.0727
vn 0.7122 0.6975 0.0791
vn 0.7362 0.6715 0.0843
vn 0.7585 0.6452 0.0917
vn 0.6589 0.7478 0.0813
vn 0.9616 0.2713 0.0424
vn 0.9827 0.1825 0.0318
vn 0.8764 0.4736 0.0867
vn 0.9009 0.4287 0.0686
vn 0.7843 0.6145 0.0848
vn 0.9906 0.1340 0.0280
vn 0.9248 0.3780 0.0428
vn 0.8118 0.5809 0.0597
vn 0.9992 0.0386 -0.0126
vn 0.9998 -0.0004 0.0211
vn 0.9990 -0.0352 0.0273
vn 0.9999 0.0040 -0.0130
vn 0.9999 0.0012 0.0107
vn 0.9911 0.0898 -0.0979
vn 0.9921 0.1086 -0.0628
vn 0.9530 0.2389 -0.1861
vn 0.9949 0.0985 0.0218
vn 0.9996 -0.0263 0.0042
vn 0.9992 -0.0320 -0.0219
vn 0.9985 0.0436 -0.0325
vn 0.9919 0.1250 -0.0229
vn 0.9938 0.0920 -0.0619
vn 0.9987 -0.0248 -0.0452
vn 0.9993 -0.0144 -0.0331
vn 0.9990 0.0336 -0.0291
vn 0.9798 0.1865 -0.0717
vn 0.4457 0.8835 -0.1445
vn 0.5790 0.7931 -0.1892
vn 0.5274 0.8427 -0.1079
vn 0.7876 0.5557 -0.2664
vn 0.8464 0.4943 -0.1982
vn 0.8845 0.3996 -0.2409
vn 0.6602 0.7038 -0.2622
vn 0.7245 0.6582 -0.2046
vn 0.9254 0.3776 -0.0326
vn 0.8186 0.5724 -0.0472
vn 0.7056 0.7072 -0.0446
vn 0.8924 0.4327 -0.1281
vn 0.7825 0.6050 -0.1472
vn 0.6590 0.7373 -0.1490
vn 0.8457 0.0459 -0.5317
vn 0.9476 0.1901 -0.2567
vn 0.9003 0.3218 -0.2933
vn 0.9897 0.0191 -0.1416
vn 0.9389 -0.0396 -0.3420
vn 0.9370 0.0421 -0.3467
vn 0.9765 0.0836 -0.1985
vn 0.9264 0.1313 -0.3528
vn 0.9012 0.2408 -0.3604
vn 0.8581 0.3645 -0.3616
vn 0.9926 -0.0209 -0.1199
vn 0.4117 0.8874 -0.2073
vn 0.5880 0.7615 -0.2726
vn 0.5346 0.7977 -0.2790
vn 0.5511 0.7800 -0.2965
vn 0.6659 0.6556 -0.3562
vn 0.6253 0.7349 -0.2625
vn 0.8343 0.4590 -0.3053
vn 0.7429 0.6016 -0.2935
vn 0.7944 0.4961 -0.3506
vn 0.7079 0.6286 -0.3222
vn 0.3923 0.9198 -0.0068
vn 0.5140 0.8574 -0.0271
vn 0.5531 0.8331 0.0046
vn -0.7070 -0.6922 -0.1448
vn 0.5479 0.6562 -0.5189
vn 0.4979 0.7998 -0.3354
vn 0.4029 -0.8639 0.3021
vn 0.3963 -0.8727 0.2852
vn -0.6675 -0.5238 0.5292
vn -0.4744 0.8262 0.3038
vn 0.5497 -0.8344 0.0413
vn -0.7423 0.4352 0.5095
vn -0.1359 -0.1812 0.9740
vn -0.2132 -0.2647 0.9405
vn -0.8033 -0.4720 0.3631
vn -0.3127 -0.3837 0.8689
vn -0.7605 -0.4777 0.4398
vn -0.7007 -0.5399 0.4663
vn -0.6041 -0.6610 0.4451
vn 0.8042 0.5933 0.0349
vn 0.8873 0.4586 0.0489
vn 0.9575 0.2865 0.0332
vn -0.3889 0.8965 0.2123
vn 0.0205 0.0656 0.9976
vn 0.0211 -0.0038 0.9998
vn -0.0151 0.0262 0.9995
vn -0.0070 -0.0468 0.9989
vn 0.0045 0.0058 1.0000
vn 0.0179 0.0224 0.9996
vn -0.0295 -0.0078 0.9995
vn 0.0226 -0.0053 0.9997
vn 0.0058 -0.0352 0.9994
vn 0.7022 0.7088 0.0667
vn 0.8315 0.5512 0.0693
vn 0.4388 0.8985 0.0105
vn 0.3379 0.9408 0.0263
vn 0.3155 0.9488 0.0138
vn 0.0857 -0.0405 -0.9955
vn 0.1399 -0.0811 -0.9868
vn 0.2131 -0.2049 -0.9553
vn 0.2655 -0.3561 -0.8959
vn -0.0123 0.0511 -0.9986
vn 0.0226 0.0082 -0.9997
vn 0.0557 -0.0395 -0.9977
vn 0.0962 -0.1055 -0.9897
vn 0.2826 -0.4827 -0.8289
vn 0.1710 -0.2765 -0.9457
vn 0.9396 0.3054 -0.1546
vn 0.7551 0.5230 -0.3953
vn 0.8179 0.3894 -0.4235
vn 0.8594 0.2633 -0.4384
vn 0.8842 0.1453 -0.4440
vn 0.8948 0.0440 -0.4443
vn 0.8954 -0.0460 -0.4428
vn 0.9316 -0.1282 -0.3401
vn 0.3764 -0.8975 0.2299
vn 0.9813 -0.1802 0.0679
vn 0.4498 -0.7191 -0.5297
vn 0.5104 -0.7508 -0.4193
vn 0.6140 -0.6418 -0.4596
vn 0.5332 -0.7523 -0.3870
vn 0.8173 0.5716 0.0735
vn 0.9051 0.4188 0.0730
vn 0.9791 0.1997 0.0399
vn 0.9693 0.2390 0.0573
vn 0.9993 0.0298 0.0234
vn 0.9867 -0.1602 -0.0291
vn 0.9712 -0.2380 -0.0069
vn 0.1858 -0.2554 0.9488
vn -0.9998 -0.0064 -0.0189
vn -0.9999 -0.0125 0.0116
vn -0.9997 -0.0240 -0.0033
vn -0.9997 -0.0043 -0.0223
vn -0.9996 0.0275 0.0046
vn -0.9986 0.0257 -0.0452
vn -0.9997 0.0151 -0.0190
vn -0.9986 0.0381 -0.0358
vn -0.9979 0.0509 -0.0409
vn -0.9997 0.0236 -0.0116
vn -0.9996 -0.0000 -0.0284
vn -1.0000 -0.0030 0.0071
vn -0.1229 -0.0363 -0.9917
vn -0.1539 -0.1236 -0.9803
vn -0.2859 -0.1016 -0.9528
vn -0.1947 -0.1831 -0.9636
vn -0.3188 -0.1747 -0.9316
vn -0.3540 -0.2738 -0.8943
vn 0.9216 0.3857 0.0428
vn 0.3363 0.9408 0.0417
vn 0.4656 0.8831 0.0572
vn 0.6962 0.3133 0.6459
vn -0.9995 0.0315 -0.0021
vn -0.9989 0.0391 -0.0268
vn -0.9982 0.0369 -0.0476
vn -0.9507 -0.0065 0.3100
vn -0.8601 -0.0325 0.5091
vn -0.7956 -0.2302 0.5604
vn -0.8373 -0.1651 0.5212
vn 0.4954 -0.7828 0.3764
vn -0.3867 -0.3456 0.8550
vn -0.3835 -0.4441 0.8097
vn -0.3784 -0.5459 0.7475
vn 0.4495 0.7636 -0.4636
vn -0.2290 0.7239 -0.6508
vn 0.8553 0.5134 0.0691
vn 0.9383 0.3431 0.0433
vn -0.5417 0.8318 0.1215
vn -0.5475 0.8367 -0.0143
vn 0.3167 -0.9066 0.2788
vn 0.8648 -0.4928 -0.0967
vn -0.9986 0.0520 -0.0012
vn -0.9978 0.0645 -0.0176
vn -0.9958 0.0748 -0.0523
vn -0.4381 -0.6605 0.6097
vn -0.4698 -0.4973 0.7294
vn 0.4167 0.9083 -0.0367
vn -0.6570 -0.6543 -0.3745
vn 0.6647 -0.7462 0.0371
vn -0.2938 0.7174 -0.6317
vn 0.3032 0.9529 -0.0031
vn 0.2653 0.9641 0.0075
vn 0.1805 0.9833 0.0237
vn -0.8432 0.5376 0.0073
vn -0.5017 -0.8399 -0.2072
vn 0.5636 0.7993 0.2086
vn -0.4416 -0.3494 0.8264
vn -0.4178 -0.4464 0.7913
vn -0.5751 0.6886 -0.4416
vn 0.5410 0.8282 0.1460
vn 0.9984 0.0030 0.0561
vn 0.9978 -0.0110 0.0661
vn 0.9960 -0.0664 0.0594
vn 0.9939 -0.0772 0.0781
vn -0.6668 0.6646 -0.3373
vn 0.3169 0.9460 0.0690
vn 0.4463 0.8904 0.0891
vn 0.3650 -0.4458 0.8173
vn -0.0568 -0.5775 -0.8144
vn 0.3989 0.8656 0.3027
vn -0.6434 0.7634 -0.0569
vn -0.6706 0.7095 -0.2168
vn 0.6039 0.7964 -0.0316
vn 0.4360 0.8991 -0.0392
vn 0.1634 -0.9845 -0.0645
vn 0.1869 -0.9812 0.0480
vn 0.3385 -0.9368 0.0886
vn 0.0516 -0.7621 -0.6454
vn 0.1509 0.9787 -0.1395
vn -0.1694 0.9834 -0.0656
vn 0.0034 0.9987 -0.0501
vn 0.2240 -0.9650 -0.1362
vn -0.3880 -0.9180 0.0815
vn 0.1949 0.9665 -0.1672
vn 0.1594 0.9695 -0.1863
vn -0.0308 -0.9984 -0.0468
vn -0.2557 -0.9664 -0.0269
vn 0.3753 0.8500 -0.3696
vn 0.3903 0.8717 -0.2963
vn -0.0529 0.9700 0.2372
vn 0.3748 -0.8294 -0.4142
vn 0.1502 -0.9774 -0.1485
vn 0.0044 -0.9975 -0.0707
vn 0.1090 -0.9914 -0.0719
vn -0.1483 -0.9889 0.0059
vn 0.1560 -0.9620 -0.2242
vn 0.0701 0.7747 -0.6284
vn -0.5352 -0.8363 -0.1191
vn -0.6150 -0.7795 -0.1188
vn -0.1825 -0.9530 -0.2419
vn 0.0720 0.9686 -0.2378
vn -0.0509 -0.8109 -0.5829
vn -0.1097 -0.7828 -0.6125
vn 0.0180 -0.9555 -0.2945
vn 0.4883 0.8177 0.3050
vn 0.4656 0.8248 0.3208
vn -0.0843 0.9730 0.2150
vn 0.0147 0.9999 -0.0054
vn -0.1688 -0.9815 0.0908
vn -0.4143 -0.9002 -0.1342
vn -0.3058 -0.9477 0.0914
vn -0.1992 -0.9741 0.1067
vn -0.1454 0.9852 0.0904
vn -0.0693 0.9844 0.1618
vn 0.0735 0.9950 -0.0677
vn 0.2555 -0.9627 0.0888
vn 0.2004 -0.9548 0.2197
vn -0.0547 -0.9875 0.1480
vn -0.1622 -0.9813 0.1035
vn -0.0959 -0.9736 0.2072
vn 0.3299 -0.9096 0.2527
vn 0.0956 0.9933 0.0644
vn 0.4862 -0.8593 -0.1588
vn 0.5130 -0.7411 -0.4332
vn 0.2834 0.9147 0.2881
vn -0.4883 0.8485 -0.2038
vn -0.5785 0.7791 -0.2416
vn -0.4754 0.8645 -0.1629
vn -0.0480 -0.9913 0.1223
vn -0.3039 -0.9416 -0.1452
vn 0.3184 -0.9462 0.0573
vn -0.3387 -0.9352 -0.1033
vn -0.3090 0.9303 0.1977
vn -0.5873 0.7836 0.2027
vn -0.0420 -0.9986 0.0320
vn 0.1060 -0.9885 0.1080
vn -0.2807 -0.9464 0.1597
vn -0.4579 -0.8698 0.1838
vn -0.0401 -0.9897 0.1372
vn 0.0190 0.7622 -0.6471
vn 0.7087 0.7050 0.0270
vn 0.2753 0.9587 -0.0715
vn 0.1680 0.9652 0.2004
vn 0.1996 0.8377 0.5084
vn 0.3042 -0.9451 -0.1197
vn 0.4046 -0.8530 -0.3298
vn -0.0467 -0.9987 -0.0209
vn 0.2601 -0.9653 0.0251
vn -0.1012 -0.9928 -0.0634
vn -0.4525 -0.8781 -0.1554
vn -0.3428 -0.9073 -0.2436
vn 0.1138 -0.9932 0.0244
vn 0.1111 0.9926 -0.0495
vn 0.1966 0.9776 -0.0747
vn 0.3289 -0.8171 -0.4734
vn -0.2006 -0.9305 0.3064
vn -0.2151 -0.9766 -0.0054
vn 0.5743 0.8187 -0.0028
vn 0.2448 0.9647 -0.0966
vn 0.3351 0.9385 -0.0834
vn -0.1625 -0.9864 0.0255
vn 0.0011 -0.9985 -0.0549
vn -0.3023 -0.9342 0.1895
vn -0.1319 0.9849 0.1117
vn -0.1560 0.9390 0.3064
vn -0.3213 -0.9340 -0.1563
vn -0.0085 -0.9997 -0.0248
vn -0.6536 -0.7162 -0.2445
vn -0.4159 0.9093 0.0133
vn -0.2815 0.9583 0.0492
vn -0.2090 -0.9748 0.0784
vn -0.3205 -0.9252 0.2031
vn -0.4855 0.8729 0.0488
vn 0.0512 -0.9982 0.0327
vn -0.6495 0.7243 -0.2313
vn -0.1022 0.9942 -0.0341
vn -0.1201 0.9927 0.0105
vn 0.0203 0.9747 0.2224
vn -0.5664 -0.7579 -0.3236
vn 0.2732 -0.9463 0.1731
vn 0.1645 -0.9628 0.2142
vn 0.5937 0.7789 0.2021
vn -0.7325 0.6788 -0.0517
vn 0.0428 -0.9989 -0.0168
vn 0.0202 0.9931 0.1152
vn 0.4376 0.8385 0.3248
vn -0.4492 0.7555 -0.4768
vn 0.4156 0.9014 0.1215
vn 0.1872 0.9822 0.0140
vn 0.1692 0.9856 0.0079
vn -0.3836 -0.8930 -0.2354
vn -0.4541 -0.8043 -0.3833
vn 0.3197 -0.9471 0.0292
vn 0.2425 -0.8839 -0.3999
vn 0.0612 0.9971 -0.0448
vn -0.1739 0.7324 -0.6583
vn -0.0798 -0.8721 -0.4827
vn -0.2581 -0.8008 -0.5405
vn 0.5105 0.7778 0.3666
vn 0.2830 0.9546 0.0935
vn 0.0298 0.9993 0.0225
vn -0.7474 0.6634 -0.0363
vn 0.2758 -0.9504 0.1437
vn 0.1791 0.9785 0.1025
vn 0.4879 -0.8638 0.1256
vn 0.2435 -0.9673 0.0705
vn 0.0501 -0.9721 -0.2291
vn 0.2312 0.9243 -0.3036
vn 0.0065 -0.9994 -0.0339
vn 0.8706 0.4852 0.0819
vn 0.9689 0.2348 0.0786
vn 0.9663 0.2456 0.0770
vn 0.9933 0.0983 0.0615
vn 0.9907 0.1199 0.0649
vn 0.9991 -0.0236 0.0358
vn 0.9990 -0.0032 0.0447
vn 0.9978 -0.0608 0.0268
vn 0.9976 -0.0629 0.0298
vn 0.9968 -0.0712 0.0352
vn 0.9952 -0.0894 0.0400
vn 0.9876 -0.1460 0.0579
vn -0.4351 0.7346 0.5207
vn -0.3533 0.8344 0.4229
vn -0.0402 -0.0156 -0.9991
vn 0.7153 -0.6850 0.1378
vn 0.8733 -0.4864 0.0261
vn -0.7348 -0.6221 -0.2704
vn 0.7540 -0.6520 0.0798
vn -0.2774 -0.4676 -0.8393
vn 0.4965 0.8638 -0.0857
vn -0.7555 0.6527 -0.0565
vn 0.2678 0.2329 0.9349
vn -0.5850 -0.2637 -0.7670
vn -0.4595 -0.1413 -0.8769
vn -0.4679 -0.2293 -0.8535
vn -0.4791 -0.3314 -0.8128
vn -0.4845 -0.4484 -0.7511
vn -0.6509 -0.5861 0.4825
vn -0.7005 -0.5798 0.4162
vn -0.6039 -0.7011 0.3792
vn 0.9667 0.2536 0.0341
vn -0.3818 -0.5164 -0.7665
vn -0.5065 -0.6647 0.5493
vn -0.8219 -0.3779 -0.4263
vn -0.8283 -0.5045 -0.2437
vn -0.9895 -0.0133 -0.1442
vn -0.9813 -0.0712 -0.1788
vn -0.9599 -0.1471 -0.2385
vn -0.9224 -0.2590 -0.2866
vn -0.8727 -0.3845 -0.3009
vn -0.8130 -0.5037 -0.2922
vn -0.7438 -0.5623 0.3614
vn -0.6461 -0.6922 0.3216
vn -0.9473 -0.3006 0.1108
vn -0.9674 -0.2490 -0.0454
vn -0.8835 -0.4681 0.0199
vn -0.9165 -0.3808 -0.1228
vn -0.8192 -0.5350 -0.2067
vn 0.9669 0.2469 0.0641
vn 0.9898 0.1284 0.0616
vn 0.8412 0.4894 0.2299
vn 0.8887 0.3800 0.2566
vn -0.9989 0.0349 -0.0297
vn -0.9998 -0.0044 0.0201
vn -0.9999 0.0068 0.0139
vn -0.9997 -0.0219 -0.0120
vn -0.9982 0.0546 -0.0268
vn -0.9998 0.0093 -0.0199
vn -0.9989 -0.0374 -0.0287
vn -0.9958 -0.0825 -0.0386
vn -0.8897 -0.4232 -0.1712
vn 0.2183 -0.4327 -0.8747
vn -0.5318 -0.4529 0.7156
vn -0.4951 -0.5473 0.6748
vn -0.5932 -0.4598 0.6608
vn -0.5540 -0.5594 0.6165
vn 0.8611 -0.4841 0.1555
vn 0.9204 -0.3795 0.0944
vn 0.8255 -0.5361 0.1763
vn 0.9010 -0.4182 0.1156
vn 0.6967 0.5804 0.4215
vn 0.7597 0.4625 0.4571
vn -0.9939 0.0492 -0.0987
vn -0.9876 0.0916 -0.1275
vn -0.9908 0.0939 -0.0972
vn -0.9991 0.0348 -0.0225
vn -0.9999 0.0011 0.0109
vn -0.9992 -0.0192 0.0363
vn -0.9999 0.0098 0.0128
vn -0.9967 -0.0415 -0.0699
vn -0.9727 -0.1753 -0.1522
vn -0.9211 -0.3302 -0.2063
vn -0.9770 0.1243 0.1730
vn -0.4656 0.6073 0.6437
vn -0.9984 -0.0403 -0.0385
vn -0.9978 -0.0305 -0.0592
vn 0.4809 0.4180 0.7707
vn 0.5849 -0.6846 0.4350
vn -0.8323 -0.3329 -0.4432
vn -0.7775 -0.4825 -0.4034
vn -0.8360 -0.3411 -0.4298
vn -0.6988 -0.6260 -0.3461
vn -0.7714 -0.4918 -0.4039
vn -0.6852 -0.6350 -0.3569
vn 0.1188 0.0797 -0.9897
vn 0.0782 -0.0003 -0.9969
vn 0.0479 -0.0206 -0.9986
vn 0.0658 -0.0513 -0.9965
vn 0.0924 -0.1832 -0.9787
vn 0.8052 -0.5920 -0.0327
vn -0.9572 0.1968 -0.2123
vn -0.9813 0.1124 -0.1560
vn -0.9795 0.1395 -0.1451
vn -0.7645 -0.1989 -0.6131
vn -0.7487 -0.2966 -0.5928
vn -0.7241 -0.4052 -0.5581
vn -0.9292 -0.2955 -0.2220
vn -0.8172 -0.4629 -0.3435
vn -0.8860 -0.3227 -0.3329
vn -0.7179 -0.6105 -0.3345
vn -0.8585 -0.4363 -0.2697
vn -0.7510 -0.5842 -0.3077
vn -0.8899 0.3190 -0.3261
vn -0.9219 0.2175 -0.3205
vn -0.9831 0.1563 0.0950
vn -0.9191 0.3601 0.1598
vn -0.9997 0.0186 0.0149
vn 0.0216 -0.0065 0.9997
vn -0.8406 -0.4513 -0.2995
vn -0.7717 -0.5883 -0.2414
vn -0.7948 -0.4654 -0.3894
vn -0.9814 0.1465 -0.1240
vn -0.9922 0.0865 -0.0899
vn -0.9929 0.0268 -0.1159
vn -0.9860 -0.1012 -0.1326
vn -0.9604 -0.2398 -0.1419
vn -0.9887 -0.0667 -0.1340
vn -0.9863 -0.0244 -0.1634
vn -0.9836 0.0612 -0.1695
vn -0.9899 0.0533 -0.1316
vn -0.6820 -0.5310 -0.5029
vn -0.6308 -0.5151 -0.5803
vn -0.8929 -0.1829 -0.4114
vn -0.8488 -0.3384 -0.4062
vn -0.9038 -0.1857 -0.3856
vn 0.7116 -0.2767 -0.6458
vn 0.6831 -0.3982 -0.6122
vn 0.6443 -0.5197 -0.5611
vn -0.6835 -0.1886 -0.7051
vn -0.6777 -0.2850 -0.6779
vn -0.6616 -0.3920 -0.6392
vn 0.4610 -0.5231 0.7168
vn -0.9228 0.2805 0.2641
vn -0.8624 -0.3334 -0.3810
vn -0.7931 -0.4786 -0.3768
vn -0.6944 -0.6212 -0.3632
vn -0.5724 -0.7529 -0.3247
vn -0.7767 -0.4908 -0.3947
vn -0.6816 -0.6315 -0.3697
vn -0.5806 -0.3693 -0.7256
vn -0.9846 0.1040 -0.1407
vn 0.7428 -0.6380 0.2031
vn -0.5828 -0.1660 -0.7955
vn -0.7247 -0.6096 -0.3211
vn -0.9891 0.1045 -0.1034
vn -0.9912 0.0876 -0.0990
vn -0.9811 -0.0003 -0.1935
vn 0.6398 -0.7628 0.0938
vn 0.8880 0.0555 0.4565
vn 0.8838 -0.0794 0.4611
vn 0.8644 -0.2146 0.4547
vn 0.8286 -0.3455 0.4405
vn 0.7744 -0.4717 0.4215
vn 0.7049 -0.5883 0.3963
vn -0.8379 0.3724 0.3990
vn -0.9422 0.3186 -0.1040
vn -0.9840 0.1750 0.0341
vn -0.9875 0.1124 0.1109
vn -0.9860 0.1278 0.1068
vn 0.7439 -0.6406 0.1906
vn 0.5743 0.8179 0.0332
vn -0.3786 -0.3938 -0.8376
vn 0.6829 0.7305 0.0035
vn 0.9995 -0.0016 -0.0331
vn 0.9997 -0.0017 -0.0228
vn 0.9953 -0.0819 0.0521
vn 0.6603 -0.7097 0.2457
vn 0.9991 -0.0311 -0.0305
vn 0.9987 0.0215 -0.0462
vn 0.9999 0.0131 -0.0078
vn 0.9254 -0.2798 -0.2557
vn 0.8669 -0.4138 -0.2779
vn -0.8676 0.3947 -0.3025
vn -0.7706 0.4591 -0.4419
vn 0.6509 -0.7513 0.1088
vn 0.9673 -0.2204 -0.1257
vn 0.9913 0.1193 0.0550
vn -0.4217 0.4104 -0.8086
vn 0.5881 -0.6386 -0.4963
vn 0.8187 -0.5294 0.2223
vn 0.5297 -0.5973 0.6022
vn 0.7188 -0.6949 -0.0194
vn -0.6050 -0.5757 0.5501
vn -0.6490 -0.4697 0.5985
vn 0.4629 0.8858 0.0321
vn 0.4345 -0.5511 -0.7124
vn -0.9391 0.1542 -0.3072
vn -0.9731 0.1511 -0.1738
vn -0.9538 0.2340 -0.1882
vn -0.9981 -0.0614 0.0052
vn -0.8707 -0.4784 -0.1138
vn -0.9662 -0.2496 -0.0644
vn -0.9978 -0.0654 -0.0135
vn -0.9996 -0.0274 0.0042
vn -0.4597 -0.6833 -0.5672
vn 0.0068 -0.1138 -0.9935
vn -0.0326 -0.0384 -0.9987
vn 0.0153 -0.0757 -0.9970
vn 0.0851 -0.0547 -0.9949
vn 0.0502 0.1260 -0.9908
vn 0.1919 0.9811 0.0265
vn 0.9697 0.2397 0.0472
vn 0.9336 0.3560 0.0410
vn 0.8770 0.4797 0.0281
vn 0.7960 0.6052 0.0127
vn -0.0717 -0.0773 -0.9944
vn 0.0046 -0.0530 -0.9986
vn 0.0034 -0.0321 -0.9995
vn -0.0221 0.0531 -0.9983
vn -0.0172 -0.0193 -0.9997
vn -0.0065 -0.0037 -1.0000
vn -0.9076 0.4160 -0.0558
vn -0.8438 0.5339 -0.0536
vn -0.4380 -0.5419 0.7173
vn -0.4713 -0.4481 0.7596
vn -0.4960 -0.3521 0.7937
vn -0.0324 -0.0222 -0.9992
vn -0.0742 -0.0314 -0.9967
vn -0.0648 -0.1675 -0.9837
vn -0.0486 -0.0827 -0.9954
vn 0.0140 0.1048 -0.9944
vn -0.3924 -0.5411 0.7438
vn 0.0045 -0.1946 -0.9809
vn 0.0205 0.0374 -0.9991
vn -0.0135 0.0043 -0.9999
vn -0.0761 -0.1442 -0.9866
vn -0.0784 -0.1332 -0.9880
vn -0.0256 0.0287 -0.9993
vn -0.0062 0.0013 -1.0000
vn 0.0447 0.0229 -0.9987
vn 0.0452 -0.0864 -0.9952
vn -0.0665 -0.0493 -0.9966
vn -0.1396 -0.0134 -0.9901
vn -0.4769 0.6141 0.6289
vn -0.4994 0.8627 -0.0798
vn 0.1790 0.9827 0.0482
vn 0.4772 0.7881 -0.3888
vn 0.4124 -0.9046 0.1081
vn 0.3119 -0.8847 -0.3464
vn 0.2831 0.9296 -0.2360
vn 0.3355 0.8352 -0.4358
vn -0.5736 0.7965 -0.1912
vn 0.0523 -0.9961 -0.0715
vn 0.3010 -0.8351 -0.4605
vn -0.4938 -0.8668 -0.0687
vn -0.8057 0.5921 -0.0128
vn -0.7721 0.6350 -0.0256
vn -0.2141 -0.9639 0.1580
vn -0.3779 0.9099 -0.1712
vn -0.4598 0.8798 -0.1209
vn 0.3130 0.9418 0.1225
vn -0.4342 -0.7708 -0.4661
vn 0.4982 -0.8660 -0.0431
vn -0.1956 -0.9667 0.1652
vn 0.0407 0.9991 0.0140
vn -0.5340 0.8430 -0.0646
vn 0.7683 -0.6330 0.0944
vn 0.7694 -0.6010 0.2164
vn 0.6833 -0.7301 0.0082
vn -0.5665 -0.6389 -0.5204
vn 0.5903 0.7539 0.2886
vn -0.5438 0.7858 0.2946
vn -0.1288 0.6759 -0.7256
vn -0.6362 -0.7634 0.1115
vn -0.4282 -0.9024 0.0476
vn -0.1953 -0.7810 -0.5931
vn 0.6702 -0.7372 -0.0861
s 1
usemtl Material.005
f 6//6 4//4 1//1 23//23
f 3//3 1//1 2//2 5//5
f 2//2 1//1 4//4 14//14
f 2//2 299//299 301//301 5//5
f 23//23 1//1 3//3 20//20
f 3//3 5//5 305//305 479//479
f 15//15 9//9 4//4 6//6
f 5//5 301//301 302//302 305//305
f 6//6 25//25 32//32 15//15
f 7//7 8//8 9//9 11//11
f 318//318 8//8 7//7 319//319
f 317//317 14//14 8//8 318//318
f 14//14 4//4 9//9 8//8
f 16//16 11//11 9//9 15//15
f 10//10 7//7 11//11 13//13
f 319//319 7//7 10//10 320//320
f 17//17 13//13 11//11 16//16
f 12//12 10//10 13//13 18//18
f 320//320 10//10 12//12 1555//1555
f 19//19 18//18 13//13 17//17
f 299//299 2//2 14//14 317//317
f 16//16 15//15 32//32 33//33
f 17//17 16//16 33//33 34//34
f 47//47 12//12 18//18 49//49
f 54//54 49//49 18//18 19//19
f 19//19 17//17 34//34 68//68
f 21//21 22//22 20//20 3063//3063
f 479//479 3063//3063 20//20 3//3
f 26//26 22//22 21//21 487//487
f 479//479 478//478 21//21 3063//3063
f 21//21 478//478 483//483 487//487
f 22//22 24//24 23//23 20//20
f 28//28 24//24 22//22 26//26
f 23//23 24//24 25//25 6//6
f 27//27 25//25 24//24 28//28
f 35//35 32//32 25//25 27//27
f 26//26 486//486 29//29 28//28
f 27//27 28//28 29//29 30//30
f 30//30 29//29 31//31 42//42
f 35//35 27//27 30//30 38//38
f 31//31 29//29 486//486 660//660
f 659//659 663//663 31//31 660//660
f 664//664 42//42 31//31 663//663
f 36//36 33//33 32//32 35//35
f 37//37 34//34 33//33 36//36
f 41//41 68//68 34//34 37//37
f 36//36 35//35 38//38 39//39
f 37//37 36//36 39//39 40//40
f 38//38 30//30 42//42 43//43
f 39//39 38//38 43//43 44//44
f 41//41 37//37 40//40 45//45
f 40//40 39//39 44//44 46//46
f 69//69 68//68 41//41 72//72
f 668//668 43//43 42//42 664//664
f 669//669 44//44 43//43 668//668
f 670//670 46//46 44//44 669//669
f 45//45 40//40 46//46 75//75
f 72//72 41//41 45//45 74//74
f 1555//1555 12//12 47//47 1556//1556
f 48//48 47//47 49//49 51//51
f 1556//1556 47//47 48//48 1558//1558
f 55//55 51//51 49//49 54//54
f 50//50 48//48 51//51 53//53
f 1558//1558 48//48 50//50 1557//1557
f 56//56 53//53 51//51 55//55
f 52//52 50//50 53//53 57//57
f 1557//1557 50//50 52//52 1559//1559
f 58//58 57//57 53//53 56//56
f 54//54 19//19 68//68 69//69
f 55//55 54//54 69//69 70//70
f 56//56 55//55 70//70 71//71
f 59//59 52//52 57//57 61//61
f 65//65 61//61 57//57 58//58
f 58//58 56//56 71//71 76//76
f 1559//1559 52//52 59//59 1564//1564
f 1565//1565 1564//1564 59//59 60//60
f 60//60 59//59 61//61 63//63
f 1566//1566 1565//1565 60//60 62//62
f 66//66 63//63 61//61 65//65
f 62//62 60//60 63//63 64//64
f 62//62 1569//1569 2676//2676 1566//1566
f 67//67 64//64 63//63 66//66
f 1567//1567 1568//1568 64//64 67//67
f 64//64 1568//1568 1569//1569 62//62
f 65//65 58//58 76//76 77//77
f 65//65 77//77 78//78 66//66
f 67//67 66//66 78//78 80//80
f 79//79 1567//1567 67//67 80//80
f 70//70 69//69 72//72 73//73
f 71//71 70//70 73//73 2691//2691
f 2690//2690 76//76 71//71 2691//2691
f 73//73 72//72 74//74 2698//2698
f 2697//2697 2691//2691 73//73 2698//2698
f 74//74 45//45 75//75 673//673
f 1983//1983 2698//2698 74//74 673//673
f 670//670 671//671 75//75 46//46
f 2694//2694 77//77 76//76 2690//2690
f 2693//2693 78//78 77//77 2694//2694
f 83//83 1763//1763 79//79 81//81
f 81//81 79//79 80//80 84//84
f 2693//2693 84//84 80//80 78//78
f 83//83 81//81 82//82 87//87
f 84//84 85//85 82//82 81//81
f 85//85 86//86 87//87 82//82
f 85//85 84//84 2693//2693 2695//2695
f 2967//2967 86//86 85//85 2695//2695
f 1766//1766 87//87 86//86 1995//1995
f 87//87 1766//1766 1764//1764 83//83
f 88//88 89//89 90//90 92//92
f 88//88 99//99 97//97 89//89
f 122//122 99//99 88//88 94//94
f 90//90 95//95 96//96 91//91
f 98//98 95//95 90//90 89//89
f 92//92 90//90 91//91 103//103
f 91//91 108//108 105//105 103//103
f 91//91 96//96 106//106 108//108
f 92//92 93//93 94//94 88//88
f 103//103 102//102 93//93 92//92
f 123//123 94//94 93//93 3145//3145
f 101//101 181//181 95//95 98//98
f 181//181 180//180 96//96 95//95
f 98//98 89//89 97//97 100//100
f 97//97 210//210 209//209 100//100
f 210//210 97//97 99//99 219//219
f 99//99 122//122 220//220 219//219
f 101//101 98//98 100//100 2873//2873
f 2872//2872 2873//2873 100//100 209//209
f 101//101 182//182 179//179 181//181
f 101//101 2873//2873 189//189 182//182
f 105//105 104//104 102//102 103//103
f 3145//3145 93//93 102//102 147//147
f 147//147 102//102 104//104 144//144
f 105//105 3031//3031 143//143 104//104
f 106//106 111//111 112//112 107//107
f 180//180 111//111 106//106 96//96
f 108//108 106//106 107//107 110//110
f 109//109 110//110 107//107 115//115
f 107//107 112//112 113//113 115//115
f 108//108 110//110 3031//3031 105//105
f 109//109 1340//1340 1342//1342 3030//3030
f 110//110 109//109 3030//3030 3031//3031
f 112//112 111//111 192//192 193//193
f 114//114 115//115 113//113 194//194
f 113//113 112//112 193//193 195//195
f 114//114 1331//1331 1341//1341 1340//1340
f 115//115 114//114 1340//1340 109//109
f 118//118 116//116 117//117 119//119
f 117//117 127//127 128//128 121//121
f 129//129 127//127 117//117 116//116
f 118//118 124//124 125//125 116//116
f 120//120 118//118 119//119 135//135
f 119//119 117//117 121//121 123//123
f 119//119 123//123 3145//3145 135//135
f 120//120 126//126 124//124 118//118
f 123//123 121//121 122//122 94//94
f 122//122 121//121 128//128 220//220
f 154//154 153//153 124//124 126//126
f 157//157 125//125 124//124 153//153
f 125//125 2670//2670 129//129 116//116
f 136//136 149//149 126//126 120//120
f 169//169 154//154 126//126 149//149
f 127//127 131//131 130//130 128//128
f 2834//2834 131//131 127//127 129//129
f 220//220 128//128 130//130 134//134
f 130//130 131//131 2834//2834 3200//3200
f 133//133 134//134 132//132 222//222
f 133//133 219//219 220//220 134//134
f 133//133 222//222 227//227 2846//2846
f 134//134 130//130 3200//3200 132//132
f 136//136 120//120 135//135 137//137
f 138//138 136//136 137//137 139//139
f 137//137 135//135 3145//3145 147//147
f 138//138 150//150 149//149 136//136
f 151//151 150//150 138//138 140//140
f 140//140 138//138 139//139 141//141
f 139//139 137//137 147//147 144//144
f 152//152 151//151 140//140 142//142
f 142//142 140//140 141//141 1362//1362
f 141//141 139//139 144//144 146//146
f 141//141 146//146 148//148 1362//1362
f 142//142 1362//1362 1363//1363 1365//1365
f 144//144 104//104 143//143 146//146
f 146//146 143//143 145//145 148//148
f 3031//3031 3030//3030 145//145 143//143
f 148//148 145//145 1370//1370 1372//1372
f 170//170 169//169 149//149 150//150
f 171//171 170//170 150//150 151//151
f 172//172 171//171 151//151 152//152
f 1365//1365 2779//2779 152//152 142//142
f 2760//2760 172//172 152//152 2779//2779
f 163//163 157//157 153//153 3146//3146
f 3146//3146 153//153 154//154 3147//3147
f 155//155 156//156 157//157 163//163
f 156//156 155//155 239//239 2833//2833
f 157//157 156//156 2670//2670 125//125
f 159//159 160//160 158//158 162//162
f 158//158 3146//3146 3147//3147 161//161
f 159//159 165//165 164//164 160//160
f 160//160 163//163 3146//3146 158//158
f 162//162 158//158 161//161 3006//3006
f 161//161 173//173 174//174 3006//3006
f 161//161 3147//3147 3148//3148 173//173
f 175//175 176//176 162//162 3006//3006
f 162//162 176//176 178//178 159//159
f 164//164 155//155 163//163 160//160
f 164//164 240//240 239//239 155//155
f 164//164 165//165 2845//2845 240//240
f 178//178 177//177 165//165 159//159
f 166//166 167//167 168//168 2833//2833
f 237//237 225//225 166//166 2867//2867
f 167//167 166//166 225//225 223//223
f 3200//3200 2834//2834 168//168 167//167
f 3147//3147 154//154 169//169 3148//3148
f 3148//3148 169//169 170//170 3149//3149
f 3149//3149 170//170 171//171 2747//2747
f 2743//2743 2745//2745 172//172 2760//2760
f 2747//2747 171//171 172//172 2745//2745
f 173//173 3004//3004 3005//3005 174//174
f 173//173 3148//3148 3149//3149 3004//3004
f 174//174 3005//3005 3026//3026 3027//3027
f 175//175 3027//3027 2985//2985 2986//2986
f 176//176 175//175 2986//2986 2962//2962
f 177//177 178//178 252//252 251//251
f 253//253 254//254 177//177 251//251
f 177//177 254//254 2845//2845 165//165
f 178//178 176//176 2962//2962 252//252
f 180//180 181//181 179//179 185//185
f 180//180 185//185 192//192 111//111
f 183//183 179//179 182//182 184//184
f 186//186 184//184 182//182 189//189
f 185//185 179//179 183//183 196//196
f 183//183 184//184 187//187 2988//2988
f 187//187 184//184 186//186 191//191
f 187//187 190//190 2975//2975 2988//2988
f 188//188 186//186 189//189 3203//3203
f 191//191 186//186 188//188 212//212
f 211//211 212//212 188//188 213//213
f 188//188 3203//3203 214//214 213//213
f 190//190 187//187 191//191 2907//2907
f 335//335 2975//2975 190//190 336//336
f 355//355 336//336 190//190 2907//2907
f 357//357 2907//2907 191//191 212//212
f 192//192 185//185 196//196 197//197
f 193//193 192//192 197//197 198//198
f 194//194 113//113 195//195 199//199
f 1331//1331 114//114 194//194 1333//1333
f 194//194 199//199 1422//1422 1333//1333
f 195//195 193//193 198//198 200//200
f 2988//2988 2987//2987 196//196 183//183
f 201//201 198//198 197//197 202//202
f 2987//2987 202//202 197//197 196//196
f 203//203 200//200 198//198 201//201
f 199//199 195//195 200//200 204//204
f 201//201 202//202 205//205 207//207
f 201//201 207//207 206//206 203//203
f 204//204 200//200 203//203 1430//1430
f 203//203 206//206 208//208 1430//1430
f 1422//1422 199//199 204//204 1426//1426
f 2987//2987 2974//2974 205//205 202//202
f 206//206 207//207 343//343 344//344
f 207//207 205//205 342//342 343//343
f 208//208 206//206 344//344 346//346
f 217//217 2872//2872 209//209 2847//2847
f 209//209 210//210 2846//2846 2847//2847
f 215//215 367//367 211//211 213//213
f 211//211 367//367 366//366 356//356
f 356//356 357//357 212//212 211//211
f 215//215 213//213 214//214 216//216
f 2872//2872 217//217 214//214 3203//3203
f 215//215 365//365 3208//3208 367//367
f 217//217 218//218 216//216 214//214
f 365//365 215//215 216//216 2866//2866
f 218//218 232//232 228//228 373//373
f 2847//2847 232//232 218//218 217//217
f 2866//2866 216//216 218//218 373//373
f 219//219 133//133 2846//2846 210//210
f 223//223 221//221 222//222 132//132
f 226//226 227//227 222//222 221//221
f 223//223 225//225 224//224 221//221
f 223//223 132//132 3200//3200 167//167
f 224//224 230//230 226//226 221//221
f 231//231 224//224 225//225 237//237
f 226//226 230//230 234//234 228//228
f 227//227 226//226 228//228 232//232
f 228//228 234//234 236//236 373//373
f 229//229 233//233 234//234 230//230
f 231//231 229//229 230//230 224//224
f 231//231 241//241 247//247 229//229
f 232//232 2847//2847 2846//2846 227//227
f 233//233 235//235 236//236 234//234
f 233//233 229//229 247//247 249//249
f 235//235 233//233 249//249 375//375
f 372//372 236//236 235//235 379//379
f 238//238 242//242 237//237 2867//2867
f 237//237 242//242 241//241 231//231
f 239//239 240//240 238//238 2867//2867
f 238//238 245//245 244//244 242//242
f 2845//2845 245//245 238//238 240//240
f 241//241 242//242 244//244 248//248
f 246//246 247//247 241//241 248//248
f 243//243 244//244 245//245 255//255
f 248//248 244//244 243//243 2919//2919
f 249//249 247//247 246//246 2928//2928
f 2919//2919 418//418 246//246 248//248
f 415//415 375//375 249//249 2928//2928
f 251//251 252//252 250//250 2790//2790
f 250//250 272//272 261//261 2790//2790
f 2962//2962 268//268 250//250 252//252
f 251//251 2790//2790 258//258 253//253
f 253//253 258//258 257//257 256//256
f 256//256 255//255 254//254 253//253
f 255//255 256//256 265//265 243//243
f 255//255 245//245 2845//2845 254//254
f 265//265 256//256 257//257 266//266
f 267//267 266//266 257//257 262//262
f 258//258 2790//2790 261//261 260//260
f 262//262 257//257 258//258 260//260
f 260//260 261//261 259//259 276//276
f 259//259 271//271 281//281 275//275
f 260//260 276//276 450//450 262//262
f 261//261 272//272 271//271 259//259
f 263//263 264//264 265//265 266//266
f 418//418 2919//2919 264//264 419//419
f 420//420 419//419 264//264 263//263
f 2919//2919 243//243 265//265 264//264
f 266//266 267//267 454//454 263//263
f 267//267 262//262 450//450 449//449
f 453//453 454//454 267//267 449//449
f 268//268 269//269 270//270 2783//2783
f 272//272 250//250 268//268 2783//2783
f 2986//2986 269//269 268//268 2962//2962
f 2985//2985 282//282 269//269 2986//2986
f 270//270 269//269 282//282 284//284
f 3051//3051 3076//3076 270//270 284//284
f 271//271 274//274 273//273 281//281
f 272//272 2783//2783 274//274 271//271
f 273//273 3077//3077 278//278 277//277
f 280//280 281//281 273//273 277//277
f 274//274 3076//3076 3077//3077 273//273
f 276//276 259//259 275//275 2926//2926
f 275//275 281//281 280//280 2927//2927
f 275//275 2927//2927 460//460 2926//2926
f 2865//2865 450//450 276//276 2926//2926
f 277//277 279//279 3150//3150 280//280
f 279//279 277//277 278//278 2972//2972
f 2971//2971 2972//2972 278//278 3095//3095
f 279//279 2977//2977 464//464 3150//3150
f 2984//2984 283//283 282//282 2985//2985
f 284//284 282//282 283//283 286//286
f 2983//2983 285//285 283//283 2984//2984
f 3050//3050 3051//3051 284//284 286//286
f 286//286 283//283 285//285 288//288
f 2982//2982 287//287 285//285 2983//2983
f 3049//3049 3050//3050 286//286 288//288
f 288//288 285//285 287//287 1509//1509
f 2981//2981 1508//1508 287//287 2982//2982
f 292//292 3049//3049 288//288 1509//1509
f 293//293 290//290 289//289 294//294
f 1514//1514 1517//1517 289//289 291//291
f 1522//1522 294//294 289//289 1517//1517
f 291//291 289//289 290//290 292//292
f 3049//3049 292//292 290//290 3084//3084
f 290//290 293//293 3098//3098 3084//3084
f 1509//1509 1511//1511 291//291 292//292
f 295//295 293//293 294//294 1720//1720
f 3098//3098 293//293 295//295 2969//2969
f 297//297 298//298 296//296 310//310
f 296//296 298//298 299//299 317//317
f 300//300 298//298 297//297 322//322
f 299//299 298//298 300//300 301//301
f 303//303 300//300 321//321 307//307
f 300//300 303//303 302//302 301//301
f 302//302 303//303 307//307 304//304
f 305//305 302//302 304//304 476//476
f 475//475 476//476 304//304 306//306
f 305//305 476//476 478//478 479//479
f 307//307 308//308 306//306 304//304
f 306//306 308//308 477//477 481//481
f 306//306 481//481 480//480 475//475
f 308//308 307//307 321//321 325//325
f 308//308 325//325 492//492 477//477
f 310//310 296//296 309//309 312//312
f 309//309 296//296 317//317 318//318
f 310//310 2991//2991 323//323 297//297
f 312//312 309//309 311//311 314//314
f 311//311 309//309 318//318 319//319
f 312//312 2989//2989 2991//2991 310//310
f 314//314 311//311 313//313 316//316
f 313//313 311//311 319//319 320//320
f 326//326 327//327 314//314 316//316
f 314//314 327//327 2989//2989 312//312
f 316//316 313//313 315//315 1548//1548
f 315//315 313//313 320//320 1555//1555
f 328//328 326//326 316//316 1548//1548
f 321//321 300//300 322//322 325//325
f 322//322 297//297 323//323 324//324
f 323//323 2991//2991 2993//2993 2903//2903
f 325//325 322//322 324//324 492//492
f 324//324 493//493 491//491 492//492
f 2903//2903 493//493 324//324 323//323
f 327//327 326//326 329//329 2990//2990
f 329//329 326//326 328//328 332//332
f 1576//1576 332//332 328//328 1572//1572
f 333//333 331//331 330//330 1584//1584
f 1576//1576 1580//1580 330//330 332//332
f 332//332 330//330 331//331 329//329
f 2990//2990 329//329 331//331 3052//3052
f 3052//3052 331//331 333//333 3054//3054
f 333//333 3080//3080 3089//3089 3054//3054
f 335//335 336//336 334//334 338//338
f 334//334 336//336 355//355 361//361
f 338//338 334//334 337//337 2978//2978
f 337//337 334//334 361//361 341//341
f 338//338 3138//3138 2973//2973 335//335
f 339//339 341//341 360//360 3209//3209
f 541//541 521//521 339//339 3209//3209
f 341//341 339//339 340//340 337//337
f 521//521 516//516 340//340 339//339
f 340//340 517//517 2978//2978 337//337
f 2974//2974 2973//2973 342//342 205//205
f 3138//3138 3139//3139 342//342 2973//2973
f 345//345 344//344 343//343 348//348
f 3139//3139 348//348 343//343 342//342
f 347//347 346//346 344//344 345//345
f 350//350 347//347 345//345 349//349
f 1434//1434 208//208 346//346 1600//1600
f 1600//1600 346//346 347//347 1604//1604
f 1607//1607 1604//1604 347//347 350//350
f 349//349 345//345 348//348 351//351
f 3010//3010 351//351 348//348 3139//3139
f 349//349 351//351 352//352 354//354
f 353//353 350//350 349//349 354//354
f 1611//1611 1607//1607 350//350 353//353
f 3008//3008 352//352 351//351 3010//3010
f 3170//3170 3171//3171 352//352 3008//3008
f 1819//1819 1611//1611 353//353 536//536
f 536//536 353//353 354//354 537//537
f 3171//3171 537//537 354//354 352//352
f 364//364 359//359 356//356 366//366
f 359//359 358//358 357//357 356//356
f 358//358 2906//2906 361//361 355//355
f 358//358 355//355 2907//2907 357//357
f 2906//2906 358//358 359//359 363//363
f 360//360 341//341 361//361 2906//2906
f 2929//2929 546//546 362//362 3194//3194
f 364//364 362//362 363//363 359//359
f 546//546 544//544 363//363 362//362
f 3194//3194 362//362 364//364 370//370
f 372//372 2677//2677 365//365 2866//2866
f 365//365 2677//2677 386//386 3208//3208
f 370//370 364//364 366//366 368//368
f 368//368 366//366 367//367 3208//3208
f 368//368 3208//3208 3222//3222 371//371
f 563//563 565//565 369//369 371//371
f 371//371 369//369 370//370 368//368
f 370//370 369//369 2859//2859 3194//3194
f 373//373 236//236 372//372 2866//2866
f 376//376 374//374 375//375 415//415
f 379//379 235//235 375//375 374//374
f 377//377 374//374 376//376 3103//3103
f 421//421 423//423 376//376 415//415
f 377//377 378//378 379//379 374//374
f 382//382 380//380 377//377 3103//3103
f 380//380 381//381 378//378 377//377
f 378//378 381//381 2784//2784 2677//2677
f 379//379 378//378 2677//2677 372//372
f 380//380 382//382 431//431 3212//3212
f 2963//2963 381//381 380//380 3212//3212
f 382//382 436//436 430//430 431//431
f 3130//3130 436//436 382//382 3103//3103
f 383//383 393//393 390//390 384//384
f 383//383 396//396 394//394 393//393
f 397//397 396//396 383//383 385//385
f 385//385 383//383 384//384 429//429
f 431//431 429//429 384//384 3212//3212
f 384//384 390//390 2963//2963 3212//3212
f 445//445 397//397 385//385 432//432
f 3137//3137 386//386 3214//3214 388//388
f 3222//3222 555//555 563//563 371//371
f 3045//3045 555//555 3222//3222 3137//3137
f 387//387 3045//3045 3137//3137 388//388
f 389//389 387//387 388//388 391//391
f 393//393 392//392 389//389 390//390
f 2961//2961 387//387 389//389 392//392
f 390//390 389//389 391//391 2963//2963
f 391//391 388//388 3214//3214 2784//2784
f 410//410 2961//2961 392//392 395//395
f 393//393 394//394 395//395 392//392
f 394//394 402//402 403//403 395//395
f 399//399 398//398 396//396 397//397
f 396//396 398//398 402//402 394//394
f 397//397 445//445 2723//2723 399//399
f 401//401 400//400 398//398 399//399
f 398//398 400//400 404//404 402//402
f 400//400 2799//2799 406//406 404//404
f 2798//2798 2799//2799 400//400 401//401
f 401//401 399//399 2723//2723 2955//2955
f 402//402 404//404 405//405 403//403
f 403//403 411//411 410//410 395//395
f 404//404 406//406 407//407 405//405
f 405//405 412//412 411//411 403//403
f 406//406 408//408 409//409 407//407
f 407//407 413//413 412//412 405//405
f 408//408 1652//1652 1653//1653 409//409
f 2799//2799 2797//2797 408//408 406//406
f 409//409 414//414 413//413 407//407
f 581//581 559//559 410//410 411//411
f 577//577 581//581 411//411 412//412
f 413//413 578//578 577//577 412//412
f 414//414 579//579 578//578 413//413
f 1653//1653 1657//1657 414//414 409//409
f 1886//1886 579//579 414//414 1657//1657
f 417//417 421//421 415//415 2928//2928
f 416//416 417//417 418//418 419//419
f 421//421 417//417 416//416 424//424
f 2928//2928 246//246 418//418 417//417
f 419//419 420//420 427//427 416//416
f 420//420 263//263 454//454 452//452
f 426//426 434//434 422//422 424//424
f 3130//3130 423//423 422//422 433//433
f 424//424 422//422 423//423 421//421
f 3103//3103 376//376 423//423 3130//3130
f 424//424 416//416 427//427 426//426
f 425//425 426//426 427//427 2938//2938
f 434//434 426//426 425//425 598//598
f 427//427 420//420 452//452 2938//2938
f 428//428 430//430 435//435 442//442
f 430//430 428//428 429//429 431//431
f 432//432 385//385 429//429 428//428
f 442//442 444//444 432//432 428//428
f 433//433 422//422 434//434 438//438
f 436//436 3130//3130 433//433 437//437
f 434//434 598//598 597//597 438//438
f 436//436 437//437 435//435 430//430
f 438//438 439//439 437//437 433//433
f 437//437 439//439 440//440 435//435
f 597//597 3097//3097 439//439 438//438
f 440//440 441//441 442//442 435//435
f 440//440 439//439 3097//3097 3014//3014
f 3014//3014 3015//3015 441//441 440//440
f 443//443 444//444 442//442 441//441
f 3015//3015 602//602 443//443 441//441
f 444//444 447//447 445//445 432//432
f 446//446 447//447 444//444 443//443
f 602//602 610//610 446//446 443//443
f 2956//2956 447//447 446//446 604//604
f 447//447 2956//2956 2723//2723 445//445
f 448//448 449//449 450//450 2865//2865
f 456//456 455//455 448//448 466//466
f 459//459 466//466 448//448 2865//2865
f 449//449 448//448 455//455 453//453
f 451//451 453//453 455//455 458//458
f 453//453 451//451 452//452 454//454
f 452//452 451//451 457//457 2938//2938
f 458//458 455//455 456//456 2874//2874
f 457//457 451//451 458//458 2916//2916
f 2775//2775 2722//2722 457//457 2916//2916
f 459//459 460//460 461//461 465//465
f 2865//2865 2926//2926 460//460 459//459
f 461//461 460//460 2927//2927 3207//3207
f 464//464 462//462 463//463 468//468
f 467//467 468//468 463//463 472//472
f 474//474 473//473 463//463 462//462
f 464//464 2977//2977 2964//2964 462//462
f 466//466 459//459 465//465 469//469
f 465//465 461//461 467//467 470//470
f 638//638 456//456 466//466 469//469
f 467//467 472//472 471//471 470//470
f 3207//3207 468//468 467//467 461//461
f 3150//3150 464//464 468//468 3207//3207
f 469//469 465//465 470//470 639//639
f 639//639 470//470 471//471 644//644
f 3221//3221 463//463 473//473 2838//2838
f 3221//3221 647//647 648//648 2933//2933
f 651//651 471//471 472//472 2933//2933
f 3221//3221 2838//2838 2932//2932 647//647
f 474//474 2804//2804 820//820 473//473
f 474//474 462//462 2964//2964 653//653
f 478//478 476//476 475//475 483//483
f 482//482 483//483 475//475 480//480
f 477//477 492//492 491//491 494//494
f 480//480 481//481 484//484 489//489
f 480//480 489//489 488//488 482//482
f 481//481 477//477 494//494 484//484
f 483//483 482//482 485//485 487//487
f 484//484 494//494 503//503 502//502
f 485//485 482//482 488//488 661//661
f 485//485 661//661 660//660 486//486
f 487//487 485//485 486//486 26//26
f 488//488 489//489 490//490 658//658
f 488//488 658//658 657//657 661//661
f 489//489 484//484 502//502 490//490
f 684//684 658//658 490//490 685//685
f 491//491 493//493 495//495 499//499
f 494//494 491//491 499//499 503//503
f 495//495 496//496 501//501 499//499
f 495//495 493//493 2903//2903 497//497
f 497//497 498//498 496//496 495//495
f 500//500 496//496 498//498 3092//3092
f 3057//3057 3055//3055 498//498 497//497
f 504//504 503//503 499//499 501//501
f 501//501 496//496 500//500 506//506
f 501//501 506//506 505//505 504//504
f 502//502 503//503 504//504 2902//2902
f 502//502 2902//2902 685//685 490//490
f 2902//2902 504//504 505//505 508//508
f 507//507 505//505 506//506 509//509
f 506//506 500//500 510//510 509//509
f 508//508 505//505 507//507 689//689
f 507//507 509//509 2901//2901 707//707
f 509//509 510//510 511//511 2901//2901
f 3092//3092 2914//2914 510//510 500//500
f 511//511 510//510 2914//2914 513//513
f 513//513 514//514 512//512 511//511
f 2901//2901 511//511 512//512 705//705
f 515//515 512//512 514//514 721//721
f 3039//3039 3037//3037 514//514 513//513
f 515//515 721//721 528//528 712//712
f 705//705 512//512 515//515 710//710
f 515//515 712//712 711//711 710//710
f 517//517 340//340 516//516 519//519
f 517//517 3009//3009 3011//3011 2978//2978
f 519//519 516//516 518//518 522//522
f 521//521 520//520 518//518 516//516
f 523//523 522//522 518//518 525//525
f 519//519 3169//3169 3009//3009 517//517
f 520//520 524//524 525//525 518//518
f 551//551 524//524 520//520 547//547
f 547//547 520//520 521//521 541//541
f 522//522 3177//3177 3169//3169 519//519
f 535//535 2768//2768 523//523 529//529
f 523//523 2768//2768 3177//3177 522//522
f 530//530 531//531 524//524 551//551
f 529//529 523//523 525//525 532//532
f 525//525 524//524 531//531 532//532
f 526//526 2980//2980 2683//2683 2684//2684
f 3065//3065 2980//2980 526//526 528//528
f 528//528 526//526 527//527 712//712
f 527//527 2685//2685 534//534 723//723
f 711//711 712//712 3220//3220 725//725
f 726//726 725//725 3220//3220 722//722
f 527//527 526//526 2684//2684 2685//2685
f 3099//3099 3065//3065 528//528 721//721
f 529//529 532//532 533//533 534//534
f 530//530 551//551 550//550 737//737
f 733//733 531//531 530//530 2822//2822
f 530//530 737//737 736//736 2822//2822
f 531//531 733//733 533//533 532//532
f 535//535 529//529 534//534 2685//2685
f 730//730 723//723 534//534 533//533
f 2684//2684 2682//2682 535//535 2685//2685
f 1823//1823 1819//1819 536//536 538//538
f 538//538 536//536 537//537 539//539
f 2792//2792 539//539 537//537 3171//3171
f 538//538 539//539 540//540 1837//1837
f 1827//1827 1823//1823 538//538 1837//1837
f 1838//1838 1837//1837 540//540 2679//2679
f 540//540 539//539 2792//2792 2766//2766
f 543//543 2909//2909 541//541 3209//3209
f 542//542 543//543 544//544 546//546
f 549//549 548//548 542//542 545//545
f 542//542 548//548 2909//2909 543//543
f 544//544 360//360 2906//2906 363//363
f 3209//3209 360//360 544//544 543//543
f 545//545 542//542 546//546 2929//2929
f 553//553 549//549 545//545 561//561
f 2909//2909 552//552 547//547 541//541
f 548//548 2858//2858 552//552 2909//2909
f 554//554 2858//2858 548//548 549//549
f 550//550 3199//3199 568//568 737//737
f 552//552 550//550 551//551 547//547
f 552//552 2858//2858 3199//3199 550//550
f 554//554 549//549 553//553 740//740
f 572//572 740//740 553//553 567//567
f 3199//3199 2858//2858 554//554 742//742
f 556//556 557//557 555//555 3045//3045
f 559//559 558//558 557//557 556//556
f 563//563 555//555 557//557 564//564
f 558//558 566//566 564//564 557//557
f 581//581 580//580 558//558 559//559
f 588//588 566//566 558//558 580//580
f 559//559 556//556 2961//2961 410//410
f 560//560 561//561 562//562 575//575
f 567//567 553//553 561//561 560//560
f 561//561 545//545 2929//2929 562//562
f 565//565 563//563 564//564 569//569
f 565//565 570//570 2859//2859 369//369
f 566//566 571//571 569//569 564//564
f 567//567 560//560 568//568 3211//3211
f 573//573 572//572 567//567 3211//3211
f 575//575 743//743 568//568 560//560
f 568//568 3199//3199 742//742 3211//3211
f 3215//3215 743//743 744//744 747//747
f 751//751 738//738 3215//3215 746//746
f 570//570 565//565 569//569 574//574
f 571//571 576//576 574//574 569//569
f 588//588 587//587 571//571 566//566
f 572//572 573//573 741//741 740//740
f 573//573 3211//3211 742//742 741//741
f 575//575 570//570 574//574 743//743
f 575//575 562//562 2859//2859 570//570
f 587//587 593//593 576//576 571//571
f 576//576 744//744 743//743 574//574
f 577//577 582//582 580//580 581//581
f 578//578 583//583 582//582 577//577
f 579//579 584//584 583//583 578//578
f 590//590 588//588 580//580 582//582
f 586//586 590//590 582//582 583//583
f 584//584 585//585 586//586 583//583
f 1886//1886 1885//1885 584//584 579//579
f 585//585 592//592 591//591 586//586
f 1885//1885 1892//1892 585//585 584//584
f 586//586 591//591 589//589 590//590
f 590//590 589//589 587//587 588//588
f 589//589 594//594 593//593 587//587
f 591//591 595//595 594//594 589//589
f 592//592 596//596 595//595 591//591
f 1892//1892 1896//1896 592//592 585//585
f 593//593 752//752 744//744 576//576
f 594//594 753//753 752//752 593//593
f 595//595 754//754 753//753 594//594
f 596//596 755//755 754//754 595//595
f 1896//1896 1899//1899 596//596 592//592
f 597//597 598//598 599//599 3122//3122
f 598//598 425//425 2722//2722 599//599
f 620//620 3122//3122 599//599 621//621
f 600//600 601//601 602//602 3015//3015
f 2733//2733 601//601 600//600 2734//2734
f 600//600 3012//3012 3013//3013 2734//2734
f 600//600 3015//3015 3014//3014 3012//3012
f 601//601 609//609 610//610 602//602
f 614//614 609//609 601//601 2733//2733
f 608//608 607//607 603//603 605//605
f 2952//2952 2954//2954 603//603 607//607
f 605//605 603//603 604//604 606//606
f 610//610 606//606 604//604 446//446
f 2954//2954 2956//2956 604//604 603//603
f 613//613 608//608 605//605 612//612
f 609//609 611//611 606//606 610//610
f 612//612 605//605 606//606 611//611
f 1919//1919 1918//1918 607//607 608//608
f 2950//2950 2952//2952 607//607 1918//1918
f 1928//1928 1919//1919 608//608 613//613
f 611//611 609//609 614//614 615//615
f 612//612 611//611 615//615 616//616
f 613//613 612//612 616//616 636//636
f 615//615 614//614 633//633 634//634
f 616//616 615//615 634//634 635//635
f 618//618 619//619 617//617 625//625
f 623//623 625//625 617//617 626//626
f 617//617 641//641 640//640 626//626
f 617//617 619//619 2874//2874 641//641
f 618//618 625//625 624//624 622//622
f 2775//2775 2916//2916 619//619 618//618
f 620//620 621//621 622//622 629//629
f 2722//2722 2775//2775 621//621 599//599
f 622//622 621//621 2775//2775 618//618
f 624//624 625//625 623//623 631//631
f 623//623 626//626 627//627 650//650
f 624//624 630//630 629//629 622//622
f 624//624 631//631 791//791 630//630
f 626//626 640//640 642//642 627//627
f 627//627 642//642 646//646 649//649
f 629//629 630//630 628//628 3136//3136
f 2781//2781 628//628 632//632 2780//2780
f 628//628 630//630 791//791 793//793
f 628//628 793//793 792//792 632//632
f 628//628 2781//2781 3087//3087 3136//3136
f 3135//3135 620//620 629//629 3136//3136
f 650//650 813//813 631//631 623//623
f 633//633 614//614 2733//2733 2735//2735
f 634//634 633//633 808//808 812//812
f 809//809 635//635 634//634 812//812
f 636//636 616//616 635//635 810//810
f 811//811 810//810 635//635 809//809
f 1928//1928 613//613 636//636 1929//1929
f 1942//1942 1929//1929 636//636 810//810
f 637//637 640//640 641//641 638//638
f 637//637 2835//2835 642//642 640//640
f 639//639 637//637 638//638 469//469
f 2874//2874 456//456 638//638 641//641
f 2835//2835 637//637 639//639 644//644
f 644//644 645//645 643//643 2835//2835
f 651//651 645//645 644//644 471//471
f 647//647 643//643 645//645 648//648
f 646//646 643//643 647//647 2932//2932
f 646//646 642//642 2835//2835 643//643
f 648//648 645//645 651//651 2933//2933
f 650//650 627//627 649//649 814//814
f 815//815 814//814 649//649 817//817
f 649//649 646//646 2932//2932 817//817
f 652//652 3161//3161 3184//3184 655//655
f 654//654 652//652 653//653 2964//2964
f 655//655 656//656 653//653 652//652
f 2804//2804 474//474 653//653 656//656
f 2753//2753 2751//2751 654//654 3117//3117
f 654//654 2751//2751 3161//3161 652//652
f 655//655 3184//3184 3179//3179 3178//3178
f 656//656 828//828 827//827 2804//2804
f 3178//3178 828//828 656//656 655//655
f 657//657 662//662 665//665 659//659
f 662//662 657//657 658//658 684//684
f 659//659 660//660 661//661 657//657
f 662//662 684//684 691//691 690//690
f 665//665 666//666 663//663 659//659
f 666//666 667//667 664//664 663//663
f 665//665 662//662 690//690 694//694
f 694//694 693//693 666//666 665//665
f 668//668 664//664 667//667 677//677
f 678//678 677//677 667//667 679//679
f 693//693 679//679 667//667 666//666
f 680//680 669//669 668//668 677//677
f 674//674 670//670 669//669 680//680
f 675//675 671//671 670//670 674//674
f 671//671 672//672 673//673 75//75
f 676//676 672//672 671//671 675//675
f 672//672 1982//1982 1983//1983 673//673
f 1984//1984 1982//1982 672//672 676//676
f 683//683 675//675 674//674 682//682
f 1989//1989 676//676 675//675 683//683
f 1990//1990 1984//1984 676//676 1989//1989
f 681//681 680//680 677//677 678//678
f 701//701 681//681 678//678 700//700
f 700//700 678//678 679//679 696//696
f 682//682 674//674 680//680 681//681
f 702//702 682//682 681//681 701//701
f 703//703 683//683 682//682 702//702
f 683//683 703//703 2002//2002 1989//1989
f 684//684 685//685 686//686 691//691
f 686//686 508//508 689//689 688//688
f 686//686 685//685 2902//2902 508//508
f 687//687 688//688 689//689 706//706
f 2870//2870 2871//2871 687//687 706//706
f 691//691 686//686 688//688 2915//2915
f 688//688 687//687 699//699 2915//2915
f 689//689 507//507 707//707 706//706
f 690//690 692//692 2765//2765 694//694
f 692//692 690//690 691//691 2915//2915
f 838//838 2765//2765 692//692 698//698
f 696//696 679//679 693//693 695//695
f 695//695 693//693 694//694 2765//2765
f 695//695 2765//2765 838//838 3033//3033
f 696//696 695//695 3033//3033 849//849
f 697//697 698//698 699//699 716//716
f 838//838 698//698 697//697 841//841
f 2915//2915 699//699 698//698 692//692
f 699//699 687//687 2871//2871 716//716
f 700//700 696//696 849//849 851//851
f 701//701 700//700 851//851 853//853
f 855//855 702//702 701//701 853//853
f 704//704 703//703 702//702 855//855
f 2006//2006 2002//2002 703//703 704//704
f 2162//2162 2006//2006 704//704 856//856
f 705//705 710//710 709//709 708//708
f 706//706 707//707 708//708 2870//2870
f 708//708 707//707 2901//2901 705//705
f 2870//2870 708//708 709//709 714//714
f 713//713 709//709 710//710 711//711
f 714//714 709//709 713//713 719//719
f 713//713 711//711 725//725 724//724
f 714//714 719//719 718//718 717//717
f 715//715 717//717 718//718 865//865
f 845//845 839//839 715//715 865//865
f 717//717 715//715 716//716 2871//2871
f 716//716 715//715 839//839 697//697
f 717//717 2871//2871 2870//2870 714//714
f 720//720 718//718 719//719 2864//2864
f 719//719 713//713 724//724 2864//2864
f 865//865 718//718 720//720 872//872
f 720//720 867//867 869//869 872//872
f 3037//3037 3099//3099 721//721 514//514
f 722//722 3220//3220 723//723 727//727
f 2844//2844 726//726 722//722 728//728
f 723//723 730//730 729//729 727//727
f 724//724 725//725 726//726 2844//2844
f 724//724 2844//2844 868//868 2864//2864
f 728//728 722//722 727//727 732//732
f 728//728 732//732 731//731 890//890
f 729//729 893//893 732//732 727//727
f 729//729 730//730 735//735 739//739
f 2855//2855 893//893 729//729 739//739
f 730//730 533//533 733//733 735//735
f 731//731 897//897 866//866 890//890
f 731//731 732//732 893//893 892//892
f 731//731 892//892 894//894 897//897
f 734//734 735//735 733//733 2822//2822
f 739//739 735//735 734//734 2854//2854
f 738//738 736//736 737//737 3215//3215
f 904//904 736//736 738//738 912//912
f 739//739 2854//2854 2853//2853 2855//2855
f 742//742 554//554 740//740 741//741
f 745//745 747//747 756//756 760//760
f 747//747 745//745 746//746 3215//3215
f 748//748 749//749 746//746 745//745
f 746//746 749//749 913//913 751//751
f 752//752 756//756 747//747 744//744
f 750//750 749//749 748//748 764//764
f 748//748 745//745 760//760 762//762
f 750//750 917//917 913//913 749//749
f 914//914 915//915 750//750 764//764
f 912//912 738//738 751//751 2886//2886
f 753//753 757//757 756//756 752//752
f 754//754 758//758 757//757 753//753
f 755//755 759//759 758//758 754//754
f 1899//1899 2068//2068 755//755 596//596
f 755//755 2068//2068 3114//3114 759//759
f 760//760 756//756 757//757 761//761
f 763//763 761//761 757//757 758//758
f 763//763 758//758 759//759 3101//3101
f 762//762 760//760 761//761 765//765
f 764//764 748//748 762//762 766//766
f 765//765 761//761 763//763 3102//3102
f 763//763 3101//3101 3074//3074 3102//3102
f 766//766 762//762 765//765 929//929
f 766//766 927//927 914//914 764//764
f 767//767 769//769 770//770 771//771
f 767//767 771//771 772//772 782//782
f 767//767 782//782 2764//2764 768//768
f 769//769 767//767 768//768 2675//2675
f 773//773 774//774 770//770 807//807
f 801//801 807//807 770//770 769//769
f 774//774 960//960 771//771 770//770
f 772//772 786//786 787//787 781//781
f 960//960 786//786 772//772 771//771
f 773//773 806//806 985//985 961//961
f 961//961 957//957 774//774 773//773
f 780//780 779//779 775//775 777//777
f 775//775 809//809 812//812 776//776
f 777//777 775//775 776//776 778//778
f 784//784 778//778 776//776 2762//2762
f 776//776 812//812 808//808 2762//2762
f 777//777 778//778 783//783 785//785
f 779//779 811//811 809//809 775//775
f 2080//2080 2079//2079 779//779 780//780
f 780//780 777//777 785//785 2087//2087
f 782//782 772//772 781//781 784//784
f 781//781 787//787 788//788 783//783
f 782//782 784//784 2762//2762 2764//2764
f 784//784 781//781 783//783 778//778
f 788//788 790//790 785//785 783//783
f 785//785 790//790 789//789 2087//2087
f 959//959 976//976 786//786 960//960
f 976//976 978//978 787//787 786//786
f 978//978 980//980 788//788 787//787
f 789//789 973//973 2294//2294 2091//2091
f 790//790 974//974 973//973 789//789
f 980//980 974//974 790//790 788//788
f 791//791 631//631 813//813 799//799
f 792//792 796//796 2780//2780 632//632
f 793//793 791//791 799//799 798//798
f 793//793 798//798 804//804 792//792
f 794//794 800//800 801//801 795//795
f 805//805 2891//2891 794//794 796//796
f 796//796 794//794 795//795 2780//2780
f 795//795 2675//2675 2781//2781 2780//2780
f 804//804 805//805 796//796 792//792
f 798//798 799//799 797//797 821//821
f 813//813 816//816 797//797 799//799
f 803//803 804//804 798//798 821//821
f 2891//2891 991//991 800//800 794//794
f 801//801 800//800 802//802 807//807
f 801//801 769//769 2675//2675 795//795
f 802//802 800//800 991//991 2898//2898
f 803//803 984//984 805//805 804//804
f 803//803 821//821 822//822 826//826
f 992//992 2891//2891 805//805 984//984
f 807//807 802//802 806//806 773//773
f 987//987 985//985 806//806 988//988
f 806//806 802//802 2898//2898 988//988
f 808//808 633//633 2735//2735 2761//2761
f 2105//2105 1942//1942 810//810 811//811
f 2079//2079 2105//2105 811//811 779//779
f 813//813 650//650 814//814 816//816
f 815//815 2839//2839 816//816 814//814
f 816//816 2839//2839 2942//2942 797//797
f 818//818 815//815 817//817 2837//2837
f 2838//2838 2837//2837 817//817 2932//2932
f 820//820 819//819 818//818 2837//2837
f 2839//2839 815//815 818//818 825//825
f 825//825 818//818 819//819 2813//2813
f 819//819 827//827 829//829 2813//2813
f 820//820 2804//2804 827//827 819//819
f 820//820 2837//2837 2838//2838 473//473
f 821//821 797//797 2942//2942 822//822
f 822//822 1006//1006 1005//1005 826//826
f 823//823 824//824 825//825 2813//2813
f 823//823 835//835 834//834 1004//1004
f 824//824 823//823 1004//1004 1006//1006
f 2839//2839 825//825 824//824 2942//2942
f 826//826 983//983 984//984 803//803
f 828//828 831//831 829//829 827//827
f 830//830 831//831 828//828 3178//3178
f 830//830 3172//3172 3151//3151 832//832
f 832//832 833//833 831//831 830//830
f 831//831 833//833 835//835 829//829
f 832//832 3151//3151 3044//3044 837//837
f 837//837 836//836 833//833 832//832
f 1014//1014 1009//1009 834//834 836//836
f 836//836 834//834 835//835 833//833
f 835//835 823//823 2813//2813 829//829
f 837//837 3007//3007 1014//1014 836//836
f 841//841 697//697 839//839 842//842
f 840//840 841//841 842//842 844//844
f 849//849 3033//3033 840//840 843//843
f 3033//3033 838//838 841//841 840//840
f 842//842 839//839 845//845 874//874
f 846//846 844//844 842//842 874//874
f 843//843 840//840 844//844 848//848
f 858//858 850//850 843//843 848//848
f 846//846 847//847 848//848 844//844
f 847//847 857//857 858//858 848//848
f 875//875 876//876 847//847 846//846
f 850//850 851//851 849//849 843//843
f 852//852 853//853 851//851 850//850
f 858//858 860//860 852//852 850//850
f 854//854 855//855 853//853 852//852
f 860//860 862//862 854//854 852//852
f 856//856 704//704 855//855 854//854
f 862//862 864//864 856//856 854//854
f 857//857 859//859 860//860 858//858
f 876//876 882//882 857//857 847//847
f 859//859 861//861 862//862 860//860
f 882//882 883//883 859//859 857//857
f 861//861 863//863 864//864 862//862
f 883//883 884//884 861//861 859//859
f 884//884 885//885 863//863 861//861
f 863//863 2166//2166 2167//2167 864//864
f 2174//2174 2166//2166 863//863 885//885
f 864//864 2167//2167 2162//2162 856//856
f 865//865 872//872 871//871 845//845
f 866//866 867//867 868//868 890//890
f 866//866 897//897 896//896 873//873
f 873//873 869//869 867//867 866//866
f 2864//2864 868//868 867//867 720//720
f 870//870 871//871 872//872 869//869
f 870//870 869//869 873//873 2674//2674
f 870//870 2674//2674 881//881 879//879
f 871//871 878//878 874//874 845//845
f 879//879 878//878 871//871 870//870
f 875//875 846//846 874//874 878//878
f 877//877 876//876 875//875 880//880
f 875//875 878//878 879//879 880//880
f 886//886 882//882 876//876 877//877
f 3108//3108 886//886 877//877 3109//3109
f 880//880 879//879 881//881 1032//1032
f 3109//3109 877//877 880//880 1032//1032
f 1033//1033 1032//1032 881//881 1035//1035
f 881//881 2674//2674 2673//2673 1035//1035
f 887//887 883//883 882//882 886//886
f 888//888 884//884 883//883 887//887
f 889//889 885//885 884//884 888//888
f 2190//2190 2174//2174 885//885 889//889
f 3107//3107 887//887 886//886 3108//3108
f 3106//3106 888//888 887//887 3107//3107
f 3105//3105 889//889 888//888 3106//3106
f 890//890 868//868 2844//2844 728//728
f 891//891 892//892 893//893 2855//2855
f 2853//2853 899//899 891//891 2855//2855
f 895//895 894//894 892//892 891//891
f 894//894 898//898 896//896 897//897
f 898//898 894//894 895//895 901//901
f 895//895 891//891 899//899 2852//2852
f 2856//2856 901//901 895//895 2852//2852
f 1036//1036 2673//2673 896//896 898//898
f 896//896 2673//2673 2674//2674 873//873
f 898//898 901//901 900//900 1036//1036
f 901//901 2856//2856 1055//1055 900//900
f 902//902 903//903 904//904 912//912
f 908//908 907//907 903//903 902//902
f 903//903 907//907 2853//2853 2854//2854
f 904//904 734//734 2822//2822 736//736
f 2854//2854 734//734 904//904 903//903
f 905//905 906//906 907//907 908//908
f 2821//2821 2887//2887 905//905 908//908
f 905//905 2887//2887 2851//2851 910//910
f 910//910 911//911 906//906 905//905
f 2852//2852 899//899 906//906 911//911
f 2853//2853 907//907 906//906 899//899
f 908//908 902//902 909//909 2821//2821
f 912//912 2886//2886 909//909 902//902
f 909//909 919//919 922//922 2821//2821
f 1087//1087 1086//1086 910//910 2851//2851
f 1086//1086 1085//1085 911//911 910//910
f 911//911 1085//1085 2856//2856 2852//2852
f 921//921 920//920 913//913 917//917
f 913//913 920//920 2886//2886 751//751
f 944//944 930//930 914//914 927//927
f 915//915 916//916 917//917 750//750
f 915//915 931//931 924//924 916//916
f 930//930 931//931 915//915 914//914
f 921//921 917//917 916//916 2885//2885
f 916//916 924//924 923//923 2885//2885
f 918//918 919//919 920//920 921//921
f 2885//2885 926//926 918//918 921//921
f 925//925 922//922 919//919 918//918
f 2886//2886 920//920 919//919 909//909
f 1108//1108 1090//1090 922//922 925//925
f 922//922 1090//1090 2887//2887 2821//2821
f 923//923 1112//1112 926//926 2885//2885
f 942//942 1112//1112 923//923 941//941
f 941//941 923//923 924//924 933//933
f 925//925 918//918 926//926 2884//2884
f 1109//1109 1108//1108 925//925 2884//2884
f 929//929 928//928 927//927 766//766
f 928//928 3071//3071 944//944 927//927
f 929//929 3073//3073 3072//3072 928//928
f 3102//3102 3073//3073 929//929 765//765
f 930//930 934//934 932//932 931//931
f 930//930 944//944 945//945 934//934
f 931//931 932//932 933//933 924//924
f 939//939 933//933 932//932 935//935
f 938//938 941//941 933//933 939//939
f 935//935 932//932 934//934 936//936
f 937//937 935//935 936//936 952//952
f 936//936 934//934 945//945 947//947
f 937//937 962//962 939//939 935//935
f 938//938 940//940 2892//2892 943//943
f 940//940 938//938 939//939 962//962
f 969//969 1134//1134 940//940 962//962
f 940//940 971//971 972//972 2892//2892
f 943//943 942//942 941//941 938//938
f 1120//1120 1110//1110 942//942 943//943
f 943//943 2892//2892 1129//1129 1120//1120
f 944//944 3071//3071 946//946 945//945
f 947//947 945//945 946//946 949//949
f 3070//3070 948//948 946//946 3071//3071
f 952//952 936//936 947//947 953//953
f 949//949 946//946 948//948 951//951
f 3069//3069 950//950 948//948 3070//3070
f 953//953 947//947 949//949 954//954
f 951//951 948//948 950//950 955//955
f 3068//3068 2266//2266 950//950 3069//3069
f 954//954 949//949 951//951 956//956
f 963//963 937//937 952//952 964//964
f 964//964 952//952 953//953 975//975
f 975//975 953//953 954//954 977//977
f 956//956 951//951 955//955 982//982
f 955//955 950//950 2266//2266 2267//2267
f 977//977 954//954 956//956 979//979
f 960//960 774//774 957//957 959//959
f 965//965 958//958 957//957 961//961
f 959//959 957//957 958//958 963//963
f 968//968 3219//3219 958//958 965//965
f 959//959 963//963 964//964 976//976
f 966//966 965//965 961//961 985//985
f 963//963 958//958 3219//3219 937//937
f 3219//3219 968//968 967//967 969//969
f 968//968 965//965 966//966 970//970
f 987//987 986//986 966//966 985//985
f 966//966 986//986 995//995 970//970
f 967//967 968//968 970//970 2818//2818
f 2818//2818 1134//1134 969//969 967//967
f 970//970 995//995 999//999 2818//2818
f 1134//1134 1135//1135 971//971 940//940
f 971//971 1135//1135 1142//1142 2882//2882
f 972//972 971//971 2882//2882 1128//1128
f 974//974 979//979 981//981 973//973
f 976//976 964//964 975//975 978//978
f 978//978 975//975 977//977 980//980
f 980//980 977//977 979//979 974//974
f 979//979 956//956 982//982 981//981
f 981//981 982//982 2270//2270 2298//2298
f 2294//2294 973//973 981//981 2298//2298
f 982//982 955//955 2267//2267 2270//2270
f 1005//1005 1008//1008 983//983 826//826
f 2831//2831 993//993 983//983 1008//1008
f 993//993 992//992 984//984 983//983
f 986//986 987//987 2896//2896 2830//2830
f 987//987 988//988 989//989 2896//2896
f 997//997 2944//2944 989//989 996//996
f 2898//2898 996//996 989//989 988//988
f 993//993 994//994 990//990 992//992
f 2898//2898 991//991 990//990 996//996
f 992//992 990//990 991//991 2891//2891
f 1003//1003 994//994 993//993 2831//2831
f 996//996 990//990 994//994 997//997
f 995//995 986//986 2830//2830 998//998
f 997//997 994//994 1003//1003 1001//1001
f 2827//2827 2944//2944 997//997 1001//1001
f 999//999 995//995 998//998 1136//1136
f 1002//1002 1000//1000 1001//1001 1003//1003
f 1001//1001 1000//1000 1146//1146 2827//2827
f 1002//1002 1012//1012 1163//1163 2890//2890
f 2826//2826 1000//1000 1002//1002 2890//2890
f 1003//1003 2831//2831 1012//1012 1002//1002
f 1009//1009 1007//1007 1004//1004 834//834
f 1006//1006 1004//1004 1007//1007 1005//1005
f 2942//2942 824//824 1006//1006 822//822
f 1008//1008 1005//1005 1007//1007 1010//1010
f 1010//1010 1007//1007 1009//1009 1011//1011
f 1009//1009 1014//1014 1013//1013 1011//1011
f 2831//2831 1008//1008 1010//1010 1012//1012
f 1012//1012 1010//1010 1011//1011 1163//1163
f 1026//1026 1164//1164 1013//1013 2712//2712
f 1163//1163 1011//1011 1013//1013 1164//1164
f 1013//1013 1014//1014 3007//3007 2712//2712
f 1016//1016 1017//1017 1015//1015 3141//3141
f 1157//1157 2724//2724 1015//1015 1165//1165
f 1015//1015 2724//2724 1167//1167 3141//3141
f 1026//1026 1027//1027 1016//1016 3141//3141
f 1018//1018 1019//1019 1017//1017 1016//1016
f 1017//1017 1166//1166 1165//1165 1015//1015
f 1017//1017 1019//1019 1176//1176 1166//1166
f 1027//1027 1028//1028 1018//1018 1016//1016
f 1020//1020 1021//1021 1019//1019 1018//1018
f 1019//1019 1021//1021 1178//1178 1176//1176
f 1028//1028 1029//1029 1020//1020 1018//1018
f 1022//1022 1023//1023 1021//1021 1020//1020
f 1021//1021 1023//1023 1175//1175 1178//1178
f 1029//1029 1030//1030 1022//1022 1020//1020
f 1024//1024 1025//1025 1023//1023 1022//1022
f 1174//1174 1175//1175 1023//1023 1025//1025
f 1030//1030 1031//1031 1024//1024 1022//1022
f 2340//2340 1025//1025 1024//1024 2342//2342
f 2366//2366 2342//2342 1024//1024 1031//1031
f 1167//1167 1164//1164 1026//1026 3141//3141
f 2707//2707 1027//1027 1026//1026 2712//2712
f 2706//2706 1028//1028 1027//1027 2707//2707
f 2705//2705 1029//1029 1028//1028 2706//2706
f 2704//2704 1030//1030 1029//1029 2705//2705
f 2365//2365 1031//1031 1030//1030 2704//2704
f 1039//1039 3109//3109 1032//1032 1033//1033
f 1034//1034 1037//1037 1033//1033 1035//1035
f 1036//1036 1034//1034 1035//1035 2673//2673
f 1036//1036 900//900 1048//1048 1034//1034
f 1037//1037 1038//1038 1039//1039 1033//1033
f 1048//1048 1049//1049 1037//1037 1034//1034
f 1038//1038 1040//1040 1041//1041 1039//1039
f 1049//1049 1050//1050 1038//1038 1037//1037
f 1039//1039 1041//1041 3108//3108 3109//3109
f 1040//1040 1042//1042 1043//1043 1041//1041
f 1050//1050 1065//1065 1040//1040 1038//1038
f 1041//1041 1043//1043 3107//3107 3108//3108
f 1042//1042 1044//1044 1045//1045 1043//1043
f 1065//1065 1066//1066 1042//1042 1040//1040
f 1043//1043 1045//1045 3106//3106 3107//3107
f 1044//1044 1046//1046 1047//1047 1045//1045
f 1066//1066 1067//1067 1044//1044 1042//1042
f 1072//1072 1046//1046 1044//1044 1067//1067
f 1045//1045 1047//1047 3105//3105 3106//3106
f 1046//1046 2379//2379 2380//2380 1047//1047
f 2396//2396 2379//2379 1046//1046 1072//1072
f 1047//1047 2380//2380 3104//3104 3105//3105
f 1051//1051 1049//1049 1048//1048 1053//1053
f 1048//1048 900//900 1055//1055 1053//1053
f 1052//1052 1050//1050 1049//1049 1051//1051
f 1068//1068 1065//1065 1050//1050 1052//1052
f 1059//1059 1052//1052 1051//1051 1058//1058
f 1053//1053 1055//1055 1054//1054 1061//1061
f 1058//1058 1051//1051 1053//1053 1061//1061
f 1054//1054 1057//1057 1056//1056 1061//1061
f 1054//1054 1055//1055 2856//2856 1085//1085
f 1056//1056 1060//1060 1058//1058 1061//1061
f 1063//1063 1060//1060 1056//1056 1094//1094
f 1057//1057 1054//1054 1085//1085 1086//1086
f 1057//1057 1086//1086 1087//1087 1096//1096
f 1057//1057 1096//1096 1094//1094 1056//1056
f 1060//1060 1062//1062 1059//1059 1058//1058
f 1059//1059 1073//1073 1068//1068 1052//1052
f 1064//1064 1062//1062 1060//1060 1063//1063
f 1062//1062 1077//1077 1073//1073 1059//1059
f 1081//1081 1077//1077 1062//1062 1064//1064
f 1093//1093 1099//1099 1063//1063 1094//1094
f 1099//1099 1100//1100 1064//1064 1063//1063
f 1069//1069 1066//1066 1065//1065 1068//1068
f 1070//1070 1067//1067 1066//1066 1069//1069
f 1071//1071 1072//1072 1067//1067 1070//1070
f 1073//1073 1074//1074 1069//1069 1068//1068
f 1074//1074 1075//1075 1070//1070 1069//1069
f 1075//1075 1076//1076 1071//1071 1070//1070
f 2395//2395 2396//2396 1072//1072 1071//1071
f 1077//1077 1078//1078 1074//1074 1073//1073
f 1078//1078 1079//1079 1075//1075 1074//1074
f 1079//1079 1080//1080 1076//1076 1075//1075
f 1076//1076 2400//2400 2395//2395 1071//1071
f 1082//1082 1078//1078 1077//1077 1081//1081
f 1083//1083 1079//1079 1078//1078 1082//1082
f 1084//1084 1080//1080 1079//1079 1083//1083
f 1080//1080 2404//2404 2400//2400 1076//1076
f 2407//2407 2404//2404 1080//1080 1084//1084
f 1100//1100 1104//1104 1081//1081 1064//1064
f 1104//1104 1105//1105 1082//1082 1081//1081
f 1105//1105 1106//1106 1083//1083 1082//1082
f 1106//1106 1107//1107 1084//1084 1083//1083
f 1087//1087 1091//1091 1095//1095 1096//1096
f 1088//1088 1089//1089 1090//1090 1108//1108
f 1092//1092 1091//1091 1089//1089 1088//1088
f 2851//2851 2887//2887 1090//1090 1089//1089
f 1091//1091 1087//1087 2851//2851 1089//1089
f 1092//1092 1098//1098 1095//1095 1091//1091
f 1118//1118 1116//1116 1092//1092 1088//1088
f 1098//1098 1097//1097 1093//1093 1095//1095
f 1093//1093 1097//1097 3115//3115 1099//1099
f 1095//1095 1093//1093 1094//1094 1096//1096
f 1116//1116 1102//1102 1098//1098 1092//1092
f 1098//1098 1102//1102 1192//1192 1097//1097
f 1197//1197 1100//1100 1099//1099 3115//3115
f 1102//1102 1103//1103 1101//1101 1192//1192
f 1207//1207 1206//1206 1101//1101 1103//1103
f 1101//1101 1206//1206 1212//1212 1193//1193
f 1115//1115 1103//1103 1102//1102 1116//1116
f 1197//1197 1198//1198 1104//1104 1100//1100
f 1198//1198 1199//1199 1105//1105 1104//1104
f 1199//1199 1200//1200 1106//1106 1105//1105
f 1200//1200 1201//1201 1107//1107 1106//1106
f 1107//1107 2422//2422 2407//2407 1084//1084
f 1108//1108 1109//1109 1118//1118 1088//1088
f 1110//1110 1111//1111 1112//1112 942//942
f 1119//1119 1114//1114 1110//1110 1120//1120
f 1114//1114 1113//1113 1111//1111 1110//1110
f 2884//2884 926//926 1112//1112 1111//1111
f 1113//1113 1117//1117 1118//1118 1109//1109
f 1113//1113 1109//1109 2884//2884 1111//1111
f 1114//1114 2941//2941 1117//1117 1113//1113
f 1115//1115 3193//3193 1207//1207 1103//1103
f 1117//1117 1115//1115 1116//1116 1118//1118
f 1117//1117 2941//2941 3193//3193 1115//1115
f 2941//2941 1114//1114 1119//1119 1122//1122
f 1121//1121 1119//1119 1120//1120 1129//1129
f 1122//1122 1119//1119 1121//1121 1125//1125
f 1121//1121 1129//1129 1127//1127 2811//2811
f 1121//1121 2811//2811 2812//2812 1125//1125
f 3193//3193 2941//2941 1122//1122 1124//1124
f 1210//1210 1209//1209 1123//1123 2940//2940
f 1125//1125 1123//1123 1124//1124 1122//1122
f 1209//1209 1208//1208 1124//1124 1123//1123
f 2940//2940 1123//1123 1125//1125 2812//2812
f 1128//1128 1126//1126 1127//1127 972//972
f 2883//2883 2811//2811 1127//1127 1126//1126
f 1127//1127 1129//1129 2892//2892 972//972
f 1128//1128 2810//2810 1138//1138 1126//1126
f 1130//1130 1133//1133 1243//1243 1244//1244
f 1130//1130 1244//1244 2883//2883 1131//1131
f 1132//1132 1130//1130 1131//1131 1137//1137
f 1133//1133 1130//1130 1132//1132 1280//1280
f 1250//1250 1246//1246 1133//1133 1280//1280
f 1135//1135 999//999 1136//1136 1142//1142
f 1135//1135 1134//1134 2818//2818 999//999
f 1141//1141 1142//1142 1136//1136 3198//3198
f 1136//1136 998//998 1144//1144 3198//3198
f 1138//1138 1139//1139 1137//1137 1131//1131
f 1137//1137 1140//1140 1279//1279 1132//1132
f 2883//2883 1126//1126 1138//1138 1131//1131
f 1140//1140 1137//1137 1139//1139 1282//1282
f 1139//1139 1138//1138 2810//2810 2880//2880
f 1140//1140 1284//1284 1283//1283 1279//1279
f 1141//1141 3198//3198 1150//1150 2817//2817
f 1160//1160 2829//2829 1141//1141 2817//2817
f 1142//1142 1141//1141 2829//2829 2882//2882
f 1143//1143 1145//1145 1151//1151 1149//1149
f 1143//1143 1150//1150 3198//3198 1144//1144
f 1145//1145 1143//1143 1144//1144 2828//2828
f 2830//2830 2828//2828 1144//1144 998//998
f 1145//1145 1147//1147 1148//1148 1151//1151
f 1146//1146 1155//1155 1154//1154 1148//1148
f 2826//2826 1155//1155 1146//1146 1000//1000
f 1147//1147 1145//1145 2828//2828 2897//2897
f 2827//2827 1146//1146 1148//1148 1147//1147
f 1148//1148 1154//1154 2881//2881 1151//1151
f 1150//1150 1143//1143 1149//1149 1153//1153
f 2881//2881 1156//1156 1149//1149 1151//1151
f 1150//1150 1153//1153 1152//1152 2817//2817
f 1160//1160 2817//2817 1152//1152 1158//1158
f 1161//1161 1314//1314 1152//1152 1153//1153
f 1153//1153 1149//1149 1156//1156 1161//1161
f 1154//1154 1155//1155 1157//1157 1170//1170
f 1162//1162 1161//1161 1156//1156 2727//2727
f 2725//2725 2727//2727 1156//1156 2881//2881
f 1169//1169 1170//1170 1157//1157 1165//1165
f 1157//1157 1155//1155 2826//2826 2724//2724
f 1158//1158 1152//1152 1314//1314 1312//1312
f 1160//1160 1158//1158 1159//1159 2880//2880
f 1281//1281 1282//1282 1159//1159 1318//1318
f 1159//1159 1158//1158 1312//1312 1318//1318
f 1162//1162 1315//1315 1314//1314 1161//1161
f 2726//2726 1171//1171 1162//1162 2727//2727
f 2890//2890 1163//1163 1164//1164 1167//1167
f 1165//1165 1166//1166 1168//1168 1169//1169
f 1166//1166 1176//1176 1177//1177 1168//1168
f 2826//2826 2890//2890 1167//1167 2724//2724
f 1168//1168 1177//1177 3082//3082 3083//3083
f 1169//1169 3134//3134 2725//2725 1170//1170
f 1169//1169 1168//1168 3083//3083 3134//3134
f 2881//2881 1154//1154 1170//1170 2725//2725
f 1172//1172 1173//1173 1171//1171 2726//2726
f 1171//1171 1316//1316 1315//1315 1162//1162
f 3082//3082 1186//1186 1172//1172 3083//3083
f 1186//1186 1187//1187 1173//1173 1172//1172
f 1173//1173 1317//1317 1316//1316 1171//1171
f 1174//1174 1181//1181 1180//1180 1175//1175
f 2340//2340 2498//2498 1174//1174 1025//1025
f 1176//1176 1178//1178 1179//1179 1177//1177
f 1177//1177 1179//1179 3081//3081 3082//3082
f 1178//1178 1175//1175 1180//1180 1179//1179
f 1182//1182 1183//1183 1180//1180 1181//1181
f 1180//1180 1183//1183 3081//3081 1179//1179
f 2498//2498 2502//2502 1181//1181 1174//1174
f 2503//2503 1182//1182 1181//1181 2502//2502
f 2511//2511 1184//1184 1182//1182 2503//2503
f 1184//1184 1185//1185 1183//1183 1182//1182
f 1183//1183 1185//1185 1188//1188 3081//3081
f 1184//1184 1190//1190 1191//1191 1185//1185
f 3081//3081 1188//1188 1186//1186 3082//3082
f 1188//1188 1189//1189 1187//1187 1186//1186
f 1187//1187 1324//1324 1317//1317 1173//1173
f 1187//1187 1189//1189 1327//1327 1324//1324
f 1188//1188 1185//1185 1191//1191 1189//1189
f 1189//1189 1191//1191 1325//1325 1327//1327
f 1325//1325 1191//1191 1190//1190 2720//2720
f 1190//1190 1184//1184 2511//2511 2646//2646
f 2719//2719 2720//2720 1190//1190 2646//2646
f 1193//1193 1194//1194 1192//1192 1101//1101
f 1192//1192 1194//1194 3115//3115 1097//1097
f 1214//1214 1195//1195 1193//1193 1212//1212
f 1195//1195 1196//1196 1194//1194 1193//1193
f 1194//1194 1196//1196 1197//1197 3115//3115
f 1224//1224 1202//1202 1195//1195 1214//1214
f 1202//1202 1203//1203 1196//1196 1195//1195
f 1203//1203 1198//1198 1197//1197 1196//1196
f 1205//1205 1199//1199 1198//1198 1203//1203
f 3121//3121 1200//1200 1199//1199 1205//1205
f 3120//3120 1201//1201 1200//1200 3121//3121
f 1201//1201 2525//2525 2422//2422 1107//1107
f 3119//3119 2525//2525 1201//1201 3120//3120
f 1226//1226 1204//1204 1202//1202 1224//1224
f 1204//1204 1205//1205 1203//1203 1202//1202
f 1228//1228 3125//3125 1204//1204 1226//1226
f 1204//1204 3125//3125 3121//3121 1205//1205
f 1206//1206 1207//1207 1208//1208 2960//2960
f 1211//1211 1212//1212 1206//1206 2960//2960
f 1208//1208 1207//1207 3193//3193 1124//1124
f 1220//1220 1217//1217 1209//1209 1210//1210
f 1209//1209 1217//1217 2960//2960 1208//1208
f 1243//1243 1245//1245 1210//1210 2940//2940
f 1252//1252 1220//1220 1210//1210 1245//1245
f 1211//1211 1213//1213 1214//1214 1212//1212
f 1215//1215 1213//1213 1211//1211 1216//1216
f 1211//1211 2960//2960 1217//1217 1216//1216
f 1213//1213 1223//1223 1224//1224 1214//1214
f 1231//1231 1223//1223 1213//1213 1215//1215
f 1218//1218 1219//1219 1215//1215 1216//1216
f 1218//1218 1216//1216 1217//1217 1220//1220
f 1221//1221 1222//1222 1219//1219 1218//1218
f 1219//1219 1235//1235 1231//1231 1215//1215
f 1221//1221 1218//1218 1220//1220 1252//1252
f 1222//1222 1239//1239 1235//1235 1219//1219
f 1251//1251 1253//1253 1222//1222 1221//1221
f 1223//1223 1225//1225 1226//1226 1224//1224
f 1232//1232 1225//1225 1223//1223 1231//1231
f 1225//1225 1227//1227 1228//1228 1226//1226
f 1233//1233 1227//1227 1225//1225 1232//1232
f 1234//1234 1229//1229 1227//1227 1233//1233
f 1229//1229 1230//1230 1228//1228 1227//1227
f 2549//2549 2543//2543 1229//1229 1234//1234
f 2543//2543 2544//2544 1230//1230 1229//1229
f 1230//1230 3124//3124 3125//3125 1228//1228
f 1235//1235 1236//1236 1232//1232 1231//1231
f 1236//1236 1237//1237 1233//1233 1232//1232
f 1237//1237 1238//1238 1234//1234 1233//1233
f 1239//1239 1240//1240 1236//1236 1235//1235
f 1240//1240 1241//1241 1237//1237 1236//1236
f 1241//1241 1242//1242 1238//1238 1237//1237
f 1238//1238 2551//2551 2549//2549 1234//1234
f 1253//1253 1263//1263 1239//1239 1222//1222
f 1263//1263 1264//1264 1240//1240 1239//1239
f 1264//1264 1265//1265 1241//1241 1240//1240
f 1265//1265 1266//1266 1242//1242 1241//1241
f 1242//1242 2552//2552 2551//2551 1238//1238
f 1246//1246 1245//1245 1243//1243 1133//1133
f 1243//1243 2940//2940 2812//2812 1244//1244
f 1247//1247 1248//1248 1246//1246 1250//1250
f 1246//1246 1248//1248 1252//1252 1245//1245
f 1256//1256 1254//1254 1247//1247 1249//1249
f 1254//1254 1251//1251 1248//1248 1247//1247
f 1249//1249 1247//1247 1250//1250 1260//1260
f 1259//1259 1258//1258 1249//1249 1260//1260
f 1261//1261 1256//1256 1249//1249 1258//1258
f 1250//1250 1280//1280 1287//1287 1260//1260
f 1252//1252 1248//1248 1251//1251 1221//1221
f 1254//1254 1255//1255 1253//1253 1251//1251
f 1257//1257 1255//1255 1254//1254 1256//1256
f 1255//1255 1267//1267 1263//1263 1253//1253
f 1262//1262 1257//1257 1256//1256 1261//1261
f 1257//1257 1271//1271 1267//1267 1255//1255
f 1258//1258 1259//1259 1288//1288 2776//2776
f 1290//1290 1261//1261 1258//1258 2776//2776
f 1260//1260 1287//1287 1288//1288 1259//1259
f 1262//1262 1275//1275 1271//1271 1257//1257
f 1290//1290 1291//1291 1262//1262 1261//1261
f 1267//1267 1268//1268 1264//1264 1263//1263
f 1268//1268 1269//1269 1265//1265 1264//1264
f 1269//1269 1270//1270 1266//1266 1265//1265
f 1266//1266 2574//2574 2552//2552 1242//1242
f 1271//1271 1272//1272 1268//1268 1267//1267
f 1272//1272 1273//1273 1269//1269 1268//1268
f 1273//1273 1274//1274 1270//1270 1269//1269
f 1270//1270 2578//2578 2574//2574 1266//1266
f 1270//1270 1274//1274 2586//2586 2578//2578
f 1275//1275 1276//1276 1272//1272 1271//1271
f 1276//1276 1277//1277 1273//1273 1272//1272
f 1277//1277 1278//1278 1274//1274 1273//1273
f 2587//2587 2586//2586 1274//1274 1278//1278
f 1291//1291 1304//1304 1275//1275 1262//1262
f 1304//1304 1305//1305 1276//1276 1275//1275
f 1305//1305 1306//1306 1277//1277 1276//1276
f 1306//1306 1307//1307 1278//1278 1277//1277
f 2622//2622 2587//2587 1278//1278 1307//1307
f 1280//1280 1132//1132 1279//1279 1287//1287
f 1288//1288 1287//1287 1279//1279 1283//1283
f 1281//1281 1286//1286 1285//1285 1284//1284
f 1281//1281 1318//1318 1322//1322 1286//1286
f 1282//1282 1281//1281 1284//1284 1140//1140
f 1282//1282 1139//1139 2880//2880 1159//1159
f 1283//1283 1284//1284 1285//1285 1289//1289
f 2776//2776 1288//1288 1283//1283 1289//1289
f 1285//1285 1286//1286 1323//1323 1294//1294
f 1321//1321 1323//1323 1286//1286 1322//1322
f 1294//1294 1293//1293 1289//1289 1285//1285
f 1293//1293 1292//1292 1291//1291 1290//1290
f 1294//1294 3131//3131 1292//1292 1293//1293
f 1292//1292 1308//1308 1304//1304 1291//1291
f 2776//2776 1289//1289 1293//1293 1290//1290
f 1297//1297 3131//3131 1294//1294 1323//1323
f 1295//1295 1298//1298 1299//1299 1296//1296
f 3127//3127 3126//3126 1295//1295 1297//1297
f 1297//1297 1295//1295 1296//1296 3131//3131
f 1296//1296 1299//1299 1309//1309 1308//1308
f 1321//1321 3127//3127 1297//1297 1323//1323
f 3126//3126 1329//1329 1298//1298 1295//1295
f 1301//1301 1300//1300 1299//1299 1298//1298
f 1299//1299 1300//1300 1310//1310 1309//1309
f 1303//1303 1302//1302 1300//1300 1301//1301
f 1311//1311 1310//1310 1300//1300 1302//1302
f 1301//1301 1298//1298 1329//1329 1330//1330
f 2615//2615 2614//2614 1302//1302 1303//1303
f 2627//2627 1311//1311 1302//1302 2614//2614
f 1303//1303 1301//1301 1330//1330 2656//2656
f 1308//1308 1309//1309 1305//1305 1304//1304
f 1309//1309 1310//1310 1306//1306 1305//1305
f 1311//1311 1307//1307 1306//1306 1310//1310
f 2627//2627 2622//2622 1307//1307 1311//1311
f 3131//3131 1296//1296 1308//1308 1292//1292
f 1314//1314 1315//1315 1313//1313 1312//1312
f 1316//1316 1319//1319 1313//1313 1315//1315
f 1318//1318 1312//1312 1313//1313 1322//1322
f 1316//1316 1317//1317 1320//1320 1319//1319
f 1317//1317 1324//1324 1326//1326 1320//1320
f 1319//1319 1321//1321 1322//1322 1313//1313
f 1320//1320 3127//3127 1321//1321 1319//1319
f 1324//1324 1327//1327 1328//1328 1326//1326
f 1325//1325 2721//2721 1328//1328 1327//1327
f 1325//1325 2720//2720 2650//2650 2721//2721
f 1326//1326 3126//3126 3127//3127 1320//1320
f 1328//1328 2721//2721 1330//1330 1329//1329
f 1328//1328 1329//1329 3126//3126 1326//1326
f 1331//1331 1332//1332 1343//1343 1341//1341
f 1332//1332 1331//1331 1333//1333 1335//1335
f 1332//1332 1334//1334 1345//1345 1343//1343
f 1333//1333 1422//1422 1423//1423 1335//1335
f 1334//1334 1332//1332 1335//1335 1337//1337
f 1334//1334 1336//1336 1347//1347 1345//1345
f 1335//1335 1423//1423 1424//1424 1337//1337
f 1336//1336 1334//1334 1337//1337 1339//1339
f 1337//1337 1424//1424 1425//1425 1339//1339
f 1338//1338 1336//1336 1339//1339 1439//1439
f 1338//1338 1351//1351 1347//1347 1336//1336
f 1358//1358 1351//1351 1338//1338 1360//1360
f 1342//1342 1340//1340 1341//1341 1344//1344
f 1342//1342 1344//1344 1371//1371 1370//1370
f 1344//1344 1341//1341 1343//1343 1346//1346
f 1344//1344 1346//1346 1373//1373 1371//1371
f 1346//1346 1343//1343 1345//1345 1348//1348
f 1346//1346 1348//1348 1350//1350 1373//1373
f 1348//1348 1345//1345 1347//1347 1349//1349
f 1350//1350 1348//1348 1349//1349 1353//1353
f 1349//1349 1347//1347 1351//1351 1352//1352
f 1375//1375 1373//1373 1350//1350 1376//1376
f 1354//1354 1352//1352 1351//1351 1358//1358
f 1353//1353 1349//1349 1352//1352 1355//1355
f 1376//1376 1350//1350 1353//1353 1383//1383
f 1355//1355 1352//1352 1354//1354 1356//1356
f 1359//1359 1357//1357 1354//1354 1358//1358
f 1383//1383 1353//1353 1355//1355 1384//1384
f 1386//1386 1384//1384 1355//1355 1356//1356
f 1356//1356 1354//1354 1357//1357 2789//2789
f 1357//1357 1359//1359 1457//1457 1458//1458
f 1473//1473 2789//2789 1357//1357 1458//1458
f 1359//1359 1358//1358 1360//1360 1361//1361
f 1360//1360 1338//1338 1439//1439 1441//1441
f 1441//1441 1440//1440 1361//1361 1360//1360
f 1361//1361 1440//1440 1443//1443 1455//1455
f 1457//1457 1359//1359 1361//1361 1455//1455
f 1362//1362 148//148 1372//1372 1363//1363
f 1363//1363 1372//1372 1374//1374 1364//1364
f 1365//1365 1363//1363 1364//1364 1367//1367
f 1364//1364 1374//1374 1375//1375 1366//1366
f 1367//1367 1364//1364 1366//1366 1369//1369
f 1366//1366 1375//1375 1376//1376 1368//1368
f 1367//1367 2778//2778 2779//2779 1365//1365
f 1369//1369 1366//1366 1368//1368 1378//1378
f 1368//1368 1376//1376 1383//1383 1377//1377
f 1369//1369 2777//2777 2778//2778 1367//1367
f 3030//3030 1342//1342 1370//1370 145//145
f 1372//1372 1370//1370 1371//1371 1374//1374
f 1374//1374 1371//1371 1373//1373 1375//1375
f 1378//1378 1368//1368 1377//1377 1380//1380
f 1377//1377 1383//1383 1384//1384 1379//1379
f 1378//1378 1389//1389 2777//2777 1369//1369
f 1380//1380 1377//1377 1379//1379 1381//1381
f 1382//1382 1381//1381 1379//1379 1387//1387
f 1380//1380 1381//1381 1385//1385 1390//1390
f 1380//1380 1390//1390 1389//1389 1378//1378
f 1385//1385 1381//1381 1382//1382 1388//1388
f 2918//2918 1388//1388 1382//1382 2937//2937
f 3202//3202 2937//2937 1382//1382 1387//1387
f 1384//1384 1386//1386 1387//1387 1379//1379
f 1392//1392 1390//1390 1385//1385 1393//1393
f 1394//1394 1393//1393 1385//1385 1388//1388
f 2789//2789 3201//3201 1386//1386 1356//1356
f 3201//3201 3202//3202 1387//1387 1386//1386
f 1403//1403 1394//1394 1388//1388 2918//2918
f 1389//1389 1391//1391 2758//2758 2777//2777
f 1391//1391 1389//1389 1390//1390 1392//1392
f 1392//1392 1395//1395 2737//2737 1391//1391
f 1395//1395 1392//1392 1393//1393 1396//1396
f 1397//1397 1396//1396 1393//1393 1394//1394
f 1404//1404 1397//1397 1394//1394 1403//1403
f 1398//1398 1399//1399 1396//1396 1397//1397
f 1402//1402 1395//1395 1396//1396 1399//1399
f 1405//1405 1398//1398 1397//1397 1404//1404
f 1400//1400 1399//1399 1398//1398 1406//1406
f 1401//1401 1402//1402 1399//1399 1400//1400
f 1412//1412 1401//1401 1400//1400 1414//1414
f 1413//1413 1414//1414 1400//1400 1406//1406
f 2736//2736 1402//1402 1401//1401 2998//2998
f 1402//1402 2736//2736 2737//2737 1395//1395
f 1489//1489 1405//1405 1404//1404 1495//1495
f 1404//1404 1403//1403 1492//1492 1495//1495
f 1406//1406 1398//1398 1405//1405 1490//1490
f 1488//1488 1413//1413 1406//1406 1490//1490
f 1408//1408 1409//1409 1407//1407 1411//1411
f 3022//3022 3021//3021 1407//1407 1409//1409
f 1512//1512 1510//1510 1408//1408 1411//1411
f 1409//1409 1408//1408 1508//1508 2981//2981
f 3023//3023 3022//3022 1409//1409 2981//2981
f 1411//1411 1407//1407 1410//1410 1419//1419
f 3021//3021 1417//1417 1410//1410 1407//1407
f 1513//1513 1512//1512 1411//1411 1419//1419
f 1418//1418 1416//1416 1412//1412 1414//1414
f 2998//2998 1401//1401 1412//1412 1417//1417
f 1413//1413 1488//1488 2807//2807 1415//1415
f 1414//1414 1413//1413 1415//1415 1418//1418
f 1421//1421 1418//1418 1415//1415 1507//1507
f 1506//1506 1507//1507 1415//1415 2807//2807
f 1416//1416 1410//1410 1417//1417 1412//1412
f 1419//1419 1410//1410 1416//1416 1420//1420
f 2999//2999 2998//2998 1417//1417 3021//3021
f 1420//1420 1416//1416 1418//1418 1421//1421
f 1525//1525 1513//1513 1419//1419 1420//1420
f 1525//1525 1420//1420 1421//1421 1526//1526
f 1423//1423 1422//1422 1426//1426 1428//1428
f 1423//1423 1428//1428 1427//1427 1424//1424
f 1424//1424 1427//1427 1429//1429 1425//1425
f 1439//1439 1339//1339 1425//1425 3062//3062
f 1425//1425 1429//1429 3028//3028 3062//3062
f 1426//1426 204//204 1430//1430 1431//1431
f 1427//1427 1428//1428 1432//1432 1433//1433
f 1428//1428 1426//1426 1431//1431 1432//1432
f 1429//1429 1427//1427 1433//1433 1437//1437
f 1430//1430 208//208 1434//1434 1431//1431
f 1431//1431 1434//1434 1435//1435 1432//1432
f 1433//1433 1432//1432 1435//1435 1436//1436
f 1435//1435 1434//1434 1600//1600 1602//1602
f 1435//1435 1602//1602 1601//1601 1436//1436
f 1437//1437 1433//1433 1436//1436 1438//1438
f 1436//1436 1601//1601 1603//1603 1438//1438
f 3028//3028 1429//1429 1437//1437 1449//1449
f 1449//1449 1437//1437 1438//1438 1450//1450
f 1438//1438 1603//1603 1615//1615 1450//1450
f 1439//1439 3062//3062 3060//3060 1441//1441
f 1442//1442 1443//1443 1440//1440 3061//3061
f 1441//1441 3060//3060 3061//3061 1440//1440
f 1442//1442 1444//1444 1448//1448 1443//1443
f 1456//1456 1455//1455 1443//1443 1448//1448
f 1447//1447 1448//1448 1444//1444 1446//1446
f 1444//1444 1442//1442 3061//3061 1445//1445
f 1446//1446 1444//1444 1445//1445 1454//1454
f 3110//3110 1454//1454 1445//1445 3088//3088
f 1446//1446 1451//1451 1452//1452 1447//1447
f 1456//1456 1448//1448 1447//1447 2869//2869
f 1467//1467 2869//2869 1447//1447 1452//1452
f 1618//1618 3110//3110 1449//1449 1450//1450
f 1449//1449 3110//3110 3088//3088 3028//3028
f 1450//1450 1615//1615 1616//1616 1618//1618
f 1454//1454 1453//1453 1451//1451 1446//1446
f 1451//1451 1635//1635 1633//1633 1452//1452
f 1468//1468 1467//1467 1452//1452 1633//1633
f 1453//1453 1617//1617 1635//1635 1451//1451
f 1453//1453 1454//1454 3110//3110 1618//1618
f 1457//1457 1455//1455 1456//1456 1460//1460
f 1461//1461 1460//1460 1456//1456 2869//2869
f 1459//1459 1458//1458 1457//1457 1460//1460
f 1459//1459 1460//1460 1461//1461 1465//1465
f 1463//1463 1462//1462 1459//1459 1465//1465
f 1459//1459 1462//1462 1473//1473 1458//1458
f 1480//1480 1474//1474 1462//1462 1463//1463
f 1484//1484 1480//1480 1463//1463 1466//1466
f 1465//1465 1461//1461 1464//1464 1470//1470
f 1464//1464 1467//1467 1468//1468 1469//1469
f 1464//1464 1461//1461 2869//2869 1467//1467
f 1466//1466 1463//1463 1465//1465 1470//1470
f 1466//1466 1470//1470 1471//1471 1638//1638
f 1661//1661 1484//1484 1466//1466 1638//1638
f 1468//1468 1633//1633 1634//1634 1636//1636
f 1639//1639 1469//1469 1468//1468 1636//1636
f 1470//1470 1464//1464 1469//1469 1471//1471
f 1471//1471 1469//1469 1639//1639 1640//1640
f 1476//1476 1475//1475 1472//1472 1474//1474
f 2789//2789 1473//1473 1472//1472 3201//3201
f 1472//1472 1475//1475 3202//3202 3201//3201
f 1474//1474 1472//1472 1473//1473 1462//1462
f 1481//1481 1476//1476 1474//1474 1480//1480
f 1475//1475 1477//1477 2937//2937 3202//3202
f 1477//1477 1475//1475 1476//1476 1478//1478
f 1479//1479 1477//1477 1478//1478 1483//1483
f 1478//1478 1476//1476 1481//1481 1482//1482
f 1479//1479 2918//2918 2937//2937 1477//1477
f 1485//1485 1481//1481 1480//1480 1484//1484
f 1483//1483 1478//1478 1482//1482 1487//1487
f 1482//1482 1481//1481 1485//1485 1486//1486
f 1492//1492 1479//1479 1483//1483 1494//1494
f 1498//1498 1494//1494 1483//1483 1487//1487
f 1662//1662 1485//1485 1484//1484 1661//1661
f 1487//1487 1482//1482 1486//1486 1664//1664
f 1486//1486 1485//1485 1662//1662 2843//2843
f 1663//1663 1664//1664 1486//1486 2843//2843
f 1502//1502 1498//1498 1487//1487 1664//1664
f 1488//1488 1490//1490 1491//1491 1493//1493
f 1490//1490 1405//1405 1489//1489 1491//1491
f 1489//1489 1495//1495 1496//1496 1497//1497
f 1491//1491 1489//1489 1497//1497 1501//1501
f 3205//3205 1493//1493 1491//1491 1501//1501
f 1496//1496 1495//1495 1492//1492 1494//1494
f 1492//1492 1403//1403 2918//2918 1479//1479
f 2807//2807 1488//1488 1493//1493 3197//3197
f 1493//1493 3205//3205 2863//2863 3197//3197
f 1499//1499 1496//1496 1494//1494 1498//1498
f 1497//1497 1496//1496 1499//1499 1500//1500
f 1503//1503 1499//1499 1498//1498 1502//1502
f 1504//1504 1500//1500 1499//1499 1503//1503
f 1501//1501 1497//1497 1500//1500 1505//1505
f 1677//1677 3205//3205 1501//1501 1505//1505
f 1663//1663 3210//3210 1502//1502 1664//1664
f 1679//1679 1504//1504 1503//1503 2936//2936
f 3210//3210 2936//2936 1503//1503 1502//1502
f 1505//1505 1500//1500 1504//1504 1680//1680
f 1506//1506 2800//2800 1530//1530 1507//1507
f 1538//1538 2800//2800 1506//1506 2862//2862
f 1526//1526 1421//1421 1507//1507 1530//1530
f 1509//1509 287//287 1508//1508 1511//1511
f 1510//1510 1511//1511 1508//1508 1408//1408
f 1510//1510 1512//1512 1515//1515 1514//1514
f 1511//1511 1510//1510 1514//1514 291//291
f 1512//1512 1513//1513 1516//1516 1515//1515
f 1513//1513 1525//1525 1521//1521 1516//1516
f 1515//1515 1518//1518 1517//1517 1514//1514
f 1516//1516 1519//1519 1518//1518 1515//1515
f 1522//1522 1517//1517 1518//1518 1523//1523
f 1521//1521 1520//1520 1519//1519 1516//1516
f 1523//1523 1518//1518 1519//1519 1524//1524
f 1524//1524 1519//1519 1520//1520 1534//1534
f 1528//1528 1531//1531 1520//1520 1521//1521
f 1522//1522 1721//1721 1720//1720 294//294
f 1523//1523 1722//1722 1721//1721 1522//1522
f 1524//1524 1723//1723 1722//1722 1523//1523
f 1524//1524 1534//1534 1729//1729 1723//1723
f 1528//1528 1521//1521 1525//1525 1526//1526
f 1527//1527 1528//1528 1526//1526 1530//1530
f 1527//1527 1532//1532 1531//1531 1528//1528
f 1527//1527 1529//1529 1533//1533 1532//1532
f 1529//1529 1527//1527 1530//1530 2800//2800
f 1543//1543 1533//1533 1529//1529 1540//1540
f 1534//1534 1520//1520 1531//1531 1535//1535
f 1535//1535 1531//1531 1532//1532 1537//1537
f 1533//1533 1536//1536 1537//1537 1532//1532
f 1533//1533 1543//1543 1544//1544 1536//1536
f 1729//1729 1534//1534 1535//1535 1734//1734
f 1535//1535 1537//1537 1730//1730 1734//1734
f 1537//1537 1536//1536 1546//1546 1730//1730
f 1540//1540 1538//1538 1539//1539 1542//1542
f 1539//1539 1538//1538 2862//2862 2861//2861
f 3204//3204 1545//1545 1539//1539 2861//2861
f 1540//1540 1542//1542 1541//1541 1543//1543
f 1540//1540 1529//1529 2800//2800 1538//1538
f 1541//1541 1542//1542 1731//1731 1737//1737
f 1542//1542 1539//1539 1545//1545 1731//1731
f 1543//1543 1541//1541 2922//2922 1544//1544
f 1544//1544 1732//1732 1546//1546 1536//1536
f 1544//1544 2922//2922 1739//1739 1732//1732
f 1711//1711 1713//1713 1545//1545 3204//3204
f 1545//1545 1713//1713 1736//1736 1731//1731
f 1546//1546 1735//1735 1733//1733 1730//1730
f 2785//2785 1735//1735 1546//1546 1732//1732
f 1548//1548 315//315 1547//1547 1550//1550
f 1547//1547 315//315 1555//1555 1556//1556
f 1572//1572 328//328 1548//1548 1550//1550
f 1550//1550 1547//1547 1549//1549 1552//1552
f 1551//1551 1552//1552 1549//1549 1554//1554
f 1549//1549 1547//1547 1556//1556 1558//1558
f 1549//1549 1558//1558 1557//1557 1554//1554
f 1573//1573 1572//1572 1550//1550 1552//1552
f 1551//1551 1554//1554 1553//1553 1571//1571
f 1575//1575 1574//1574 1551//1551 1571//1571
f 1574//1574 1573//1573 1552//1552 1551//1551
f 1561//1561 1571//1571 1553//1553 1562//1562
f 1553//1553 1559//1559 1564//1564 1562//1562
f 1554//1554 1557//1557 1559//1559 1553//1553
f 1560//1560 1561//1561 1562//1562 1563//1563
f 2676//2676 1589//1589 1560//1560 1566//1566
f 1589//1589 1588//1588 1561//1561 1560//1560
f 1562//1562 1564//1564 1565//1565 1563//1563
f 1566//1566 1560//1560 1563//1563 1565//1565
f 1763//1763 1762//1762 1567//1567 79//79
f 1567//1567 1762//1762 2900//2900 1568//1568
f 1570//1570 1569//1569 1568//1568 2900//2900
f 1570//1570 2908//2908 2676//2676 1569//1569
f 1570//1570 2900//2900 2899//2899 1772//1772
f 1588//1588 1575//1575 1571//1571 1561//1561
f 1577//1577 1576//1576 1572//1572 1573//1573
f 1578//1578 1577//1577 1573//1573 1574//1574
f 1579//1579 1578//1578 1574//1574 1575//1575
f 1590//1590 1579//1579 1575//1575 1588//1588
f 1577//1577 1581//1581 1580//1580 1576//1576
f 1578//1578 1582//1582 1581//1581 1577//1577
f 1579//1579 1583//1583 1582//1582 1578//1578
f 1584//1584 330//330 1580//1580 1585//1585
f 1585//1585 1580//1580 1581//1581 1586//1586
f 1586//1586 1581//1581 1582//1582 1587//1587
f 1587//1587 1582//1582 1583//1583 1593//1593
f 1583//1583 1579//1579 1590//1590 1591//1591
f 1594//1594 1595//1595 1584//1584 1585//1585
f 1584//1584 1595//1595 3080//3080 333//333
f 1596//1596 1594//1594 1585//1585 1586//1586
f 1596//1596 1586//1586 1587//1587 1597//1597
f 1590//1590 1588//1588 1589//1589 2806//2806
f 1589//1589 2676//2676 2908//2908 2806//2806
f 1592//1592 1591//1591 1590//1590 2806//2806
f 1593//1593 1583//1583 1591//1591 1599//1599
f 1592//1592 1769//1769 1599//1599 1591//1591
f 2908//2908 1770//1770 1592//1592 2806//2806
f 1597//1597 1587//1587 1593//1593 1598//1598
f 1781//1781 1595//1595 1594//1594 1782//1782
f 1783//1783 1782//1782 1594//1594 1596//1596
f 1595//1595 1781//1781 3078//3078 3080//3080
f 1783//1783 1596//1596 1597//1597 1797//1797
f 1798//1798 1797//1797 1597//1597 1598//1598
f 1598//1598 1593//1593 1599//1599 1796//1796
f 1799//1799 1798//1798 1598//1598 1796//1796
f 1795//1795 1796//1796 1599//1599 1769//1769
f 1601//1601 1602//1602 1605//1605 1606//1606
f 1602//1602 1600//1600 1604//1604 1605//1605
f 1603//1603 1601//1601 1606//1606 1610//1610
f 1608//1608 1605//1605 1604//1604 1607//1607
f 1609//1609 1606//1606 1605//1605 1608//1608
f 1612//1612 1608//1608 1607//1607 1611//1611
f 1613//1613 1609//1609 1608//1608 1612//1612
f 1610//1610 1606//1606 1609//1609 1614//1614
f 1615//1615 1603//1603 1610//1610 1619//1619
f 1820//1820 1612//1612 1611//1611 1819//1819
f 1821//1821 1613//1613 1612//1612 1820//1820
f 1614//1614 1609//1609 1613//1613 1626//1626
f 1822//1822 1626//1626 1613//1613 1821//1821
f 1619//1619 1610//1610 1614//1614 1624//1624
f 1616//1616 1615//1615 1619//1619 1620//1620
f 1618//1618 1616//1616 1617//1617 1453//1453
f 1617//1617 1616//1616 1620//1620 1621//1621
f 1617//1617 1621//1621 1622//1622 1635//1635
f 1620//1620 1619//1619 1624//1624 1625//1625
f 1623//1623 1622//1622 1621//1621 1628//1628
f 1621//1621 1620//1620 1625//1625 1628//1628
f 1622//1622 1634//1634 1633//1633 1635//1635
f 1637//1637 1634//1634 1622//1622 1623//1623
f 1631//1631 1637//1637 1623//1623 2957//2957
f 1624//1624 1614//1614 1626//1626 1627//1627
f 1625//1625 1624//1624 1627//1627 1629//1629
f 1852//1852 1627//1627 1626//1626 1822//1822
f 1853//1853 1629//1629 1627//1627 1852//1852
f 1628//1628 1625//1625 1629//1629 1854//1854
f 2957//2957 1623//1623 1628//1628 1854//1854
f 1630//1630 1642//1642 1637//1637 1631//1631
f 2849//2849 1644//1644 1630//1630 1632//1632
f 1632//1632 1630//1630 1631//1631 2958//2958
f 1632//1632 2958//2958 1861//1861 1863//1863
f 1642//1642 1636//1636 1634//1634 1637//1637
f 1636//1636 1642//1642 1643//1643 1639//1639
f 1638//1638 1471//1471 1640//1640 1641//1641
f 1665//1665 1661//1661 1638//1638 1641//1641
f 1643//1643 1645//1645 1640//1640 1639//1639
f 1645//1645 1647//1647 1641//1641 1640//1640
f 1644//1644 1643//1643 1642//1642 1630//1630
f 1646//1646 1645//1645 1643//1643 1644//1644
f 2857//2857 1646//1646 1644//1644 2849//2849
f 1648//1648 1647//1647 1645//1645 1646//1646
f 1646//1646 2857//2857 1904//1904 1648//1648
f 1647//1647 2788//2788 1665//1665 1641//1641
f 1648//1648 1904//1904 2782//2782 2786//2786
f 1648//1648 2786//2786 2788//2788 1647//1647
f 1650//1650 1651//1651 1649//1649 1656//1656
f 1654//1654 1656//1656 1649//1649 1655//1655
f 1649//1649 1651//1651 1660//1660 1659//1659
f 3160//3160 1667//1667 1650//1650 3159//3159
f 1667//1667 1668//1668 1651//1651 1650//1650
f 1651//1651 1668//1668 1672//1672 1660//1660
f 1652//1652 1654//1654 1655//1655 1653//1653
f 2797//2797 3132//3132 1652//1652 408//408
f 3157//3157 1654//1654 1652//1652 3132//3132
f 1653//1653 1655//1655 1658//1658 1657//1657
f 3158//3158 1656//1656 1654//1654 3157//3157
f 1655//1655 1649//1649 1659//1659 1658//1658
f 3159//3159 1650//1650 1656//1656 3158//3158
f 1888//1888 1886//1886 1657//1657 1658//1658
f 1890//1890 1888//1888 1658//1658 1659//1659
f 1906//1906 1890//1890 1659//1659 1660//1660
f 1908//1908 1906//1906 1660//1660 1672//1672
f 1666//1666 1662//1662 1661//1661 1665//1665
f 2925//2925 2843//2843 1662//1662 1666//1666
f 2788//2788 2787//2787 1666//1666 1665//1665
f 3118//3118 1669//1669 1667//1667 3160//3160
f 1669//1669 1670//1670 1668//1668 1667//1667
f 1669//1669 2668//2668 2782//2782 2965//2965
f 1671//1671 1670//1670 1669//1669 2965//2965
f 1672//1672 1668//1668 1670//1670 1907//1907
f 1671//1671 2965//2965 1903//1903 1909//1909
f 1671//1671 1909//1909 1913//1913 1670//1670
f 1673//1673 2994//2994 2947//2947 1674//1674
f 1673//1673 3158//3158 3157//3157 2994//2994
f 1675//1675 1673//1673 1674//1674 2945//2945
f 2946//2946 1704//1704 1674//1674 2947//2947
f 1691//1691 1692//1692 1675//1675 2945//2945
f 1675//1675 3159//3159 3158//3158 1673//1673
f 3205//3205 1677//1677 1676//1676 2863//2863
f 1678//1678 1676//1676 1677//1677 1681//1681
f 1680//1680 1681//1681 1677//1677 1505//1505
f 1678//1678 1681//1681 1682//1682 1683//1683
f 1712//1712 1711//1711 1678//1678 1683//1683
f 1678//1678 1711//1711 3204//3204 1676//1676
f 1680//1680 1504//1504 1679//1679 1685//1685
f 1682//1682 1681//1681 1680//1680 1685//1685
f 1683//1683 1682//1682 1686//1686 1687//1687
f 1683//1683 1687//1687 1714//1714 1712//1712
f 1685//1685 1679//1679 1684//1684 1689//1689
f 1688//1688 1689//1689 1684//1684 2935//2935
f 2801//2801 2935//2935 1684//1684 3191//3191
f 1684//1684 1679//1679 2936//2936 3191//3191
f 1686//1686 1682//1682 1685//1685 1689//1689
f 1687//1687 1686//1686 1690//1690 1702//1702
f 1716//1716 1714//1714 1687//1687 1702//1702
f 2923//2923 1701//1701 1688//1688 2935//2935
f 1690//1690 1686//1686 1689//1689 1688//1688
f 1701//1701 3206//3206 1690//1690 1688//1688
f 1690//1690 3206//3206 1717//1717 1702//1702
f 1691//1691 1693//1693 1694//1694 1692//1692
f 1691//1691 1696//1696 1695//1695 1693//1693
f 1703//1703 1696//1696 1691//1691 2945//2945
f 1692//1692 3160//3160 3159//3159 1675//1675
f 1698//1698 1697//1697 1693//1693 1695//1695
f 3116//3116 1694//1694 1693//1693 1697//1697
f 1694//1694 3118//3118 3160//3160 1692//1692
f 1707//1707 1695//1695 1696//1696 1706//1706
f 1707//1707 2795//2795 1698//1698 1695//1695
f 1698//1698 2802//2802 2756//2756 1697//1697
f 1698//1698 2795//2795 2923//2923 2802//2802
f 1699//1699 2795//2795 1707//1707 2917//2917
f 2923//2923 2795//2795 1699//1699 1701//1701
f 1701//1701 1699//1699 1700//1700 3206//3206
f 1700//1700 1709//1709 1717//1717 3206//3206
f 2917//2917 1710//1710 1700//1700 1699//1699
f 1706//1706 1696//1696 1703//1703 1705//1705
f 1705//1705 1703//1703 1704//1704 1924//1924
f 1704//1704 2946//2946 1922//1922 1924//1924
f 1704//1704 1703//1703 2945//2945 1674//1674
f 1934//1934 1706//1706 1705//1705 1933//1933
f 1935//1935 3216//3216 1706//1706 1934//1934
f 3216//3216 1708//1708 1710//1710 2917//2917
f 1948//1948 1708//1708 3216//3216 2111//2111
f 1708//1708 1948//1948 1946//1946 1709//1709
f 1710//1710 1708//1708 1709//1709 1700//1700
f 1713//1713 1711//1711 1712//1712 1715//1715
f 1715//1715 1712//1712 1714//1714 1719//1719
f 1736//1736 1713//1713 1715//1715 1743//1743
f 1716//1716 1702//1702 1717//1717 1718//1718
f 1719//1719 1714//1714 1716//1716 1947//1947
f 1946//1946 1718//1718 1717//1717 1709//1709
f 1947//1947 1716//1716 1718//1718 2930//2930
f 1959//1959 2930//2930 1718//1718 1946//1946
f 1743//1743 1715//1715 1719//1719 1746//1746
f 1720//1720 1724//1724 1725//1725 295//295
f 1721//1721 1726//1726 1724//1724 1720//1720
f 1722//1722 1727//1727 1726//1726 1721//1721
f 1722//1722 1723//1723 1728//1728 1727//1727
f 1723//1723 1729//1729 1742//1742 1728//1728
f 1749//1749 1725//1725 1724//1724 2959//2959
f 1724//1724 1726//1726 1751//1751 2959//2959
f 2969//2969 295//295 1725//1725 2750//2750
f 1726//1726 1727//1727 1750//1750 1751//1751
f 1750//1750 1727//1727 1728//1728 1752//1752
f 1741//1741 1742//1742 1729//1729 1734//1734
f 1732//1732 1739//1739 1740//1740 2785//2785
f 1734//1734 1730//1730 1733//1733 1741//1741
f 1735//1735 1756//1756 1755//1755 1733//1733
f 2770//2770 1756//1756 1735//1735 2785//2785
f 1737//1737 1731//1731 1736//1736 1738//1738
f 1744//1744 1738//1738 1736//1736 1743//1743
f 1737//1737 1739//1739 2922//2922 1541//1541
f 1739//1739 1737//1737 1738//1738 1740//1740
f 1740//1740 1738//1738 1744//1744 1747//1747
f 1741//1741 1754//1754 1753//1753 1742//1742
f 1755//1755 1754//1754 1741//1741 1733//1733
f 1742//1742 1753//1753 1752//1752 1728//1728
f 1745//1745 1744//1744 1743//1743 1746//1746
f 1748//1748 1747//1747 1744//1744 1745//1745
f 1746//1746 1719//1719 1947//1947 1951//1951
f 1950//1950 1745//1745 1746//1746 1951//1951
f 2785//2785 1740//1740 1747//1747 2770//2770
f 1950//1950 1953//1953 1748//1748 1745//1745
f 1955//1955 2931//2931 1748//1748 1953//1953
f 1748//1748 2931//2931 2770//2770 1747//1747
f 2750//2750 1725//1725 1749//1749 2748//2748
f 1749//1749 2959//2959 3165//3165 3164//3164
f 1751//1751 1750//1750 1965//1965 3166//3166
f 1752//1752 1966//1966 1965//1965 1750//1750
f 1753//1753 1967//1967 1966//1966 1752//1752
f 1972//1972 1967//1967 1753//1753 1754//1754
f 1973//1973 1972//1972 1754//1754 1755//1755
f 1974//1974 1973//1973 1755//1755 1756//1756
f 1758//1758 1759//1759 1757//1757 1986//1986
f 1757//1757 2697//2697 2698//2698 1983//1983
f 1758//1758 1760//1760 1761//1761 1759//1759
f 1988//1988 1760//1760 1758//1758 1987//1987
f 1759//1759 2692//2692 2697//2697 1757//1757
f 1998//1998 3032//3032 1760//1760 1988//1988
f 1761//1761 2696//2696 2692//2692 1759//1759
f 1761//1761 2967//2967 2695//2695 2696//2696
f 3032//3032 2967//2967 1761//1761 1760//1760
f 1764//1764 1765//1765 1763//1763 83//83
f 1763//1763 1765//1765 2913//2913 1762//1762
f 1767//1767 1765//1765 1764//1764 1768//1768
f 1765//1765 1767//1767 1778//1778 2913//2913
f 1766//1766 1994//1994 1768//1768 1764//1764
f 1767//1767 1768//1768 2013//2013 2012//2012
f 1770//1770 1771//1771 1769//1769 1592//1592
f 1776//1776 1795//1795 1769//1769 1771//1771
f 1771//1771 1770//1770 1772//1772 1773//1773
f 1771//1771 1773//1773 1774//1774 1776//1776
f 2908//2908 1570//1570 1772//1772 1770//1770
f 1773//1773 2912//2912 1780//1780 1774//1774
f 2899//2899 2912//2912 1773//1773 1772//1772
f 1815//1815 1808//1808 1775//1775 1777//1777
f 1777//1777 1775//1775 1776//1776 1774//1774
f 1776//1776 1775//1775 1806//1806 1795//1795
f 1780//1780 2911//2911 1777//1777 1774//1774
f 1814//1814 1815//1815 1777//1777 2911//2911
f 1778//1778 1779//1779 1780//1780 2912//2912
f 2012//2012 1779//1779 1778//1778 1767//1767
f 2899//2899 2913//2913 1778//1778 2912//2912
f 1779//1779 2012//2012 2014//2014 2010//2010
f 2010//2010 2911//2911 1780//1780 1779//1779
f 1781//1781 1784//1784 1785//1785 3078//3078
f 1782//1782 1786//1786 1784//1784 1781//1781
f 1786//1786 1782//1782 1783//1783 1787//1787
f 1788//1788 1785//1785 1784//1784 1789//1789
f 1785//1785 1788//1788 3034//3034 3036//3036
f 3079//3079 3078//3078 1785//1785 3036//3036
f 1789//1789 1784//1784 1786//1786 1790//1790
f 1790//1790 1786//1786 1787//1787 1803//1803
f 1797//1797 1800//1800 1787//1787 1783//1783
f 1791//1791 1792//1792 1788//1788 1789//1789
f 1788//1788 1792//1792 1833//1833 3034//3034
f 1793//1793 1791//1791 1789//1789 1790//1790
f 1794//1794 1793//1793 1790//1790 1803//1803
f 1835//1835 1834//1834 1791//1791 1793//1793
f 1834//1834 1831//1831 1792//1792 1791//1791
f 1836//1836 1835//1835 1793//1793 1794//1794
f 1869//1869 1836//1836 1794//1794 1809//1809
f 1795//1795 1806//1806 1799//1799 1796//1796
f 1800//1800 1797//1797 1798//1798 1801//1801
f 1802//1802 1801//1801 1798//1798 1799//1799
f 1803//1803 1787//1787 1800//1800 1804//1804
f 1804//1804 1800//1800 1801//1801 1805//1805
f 1805//1805 1801//1801 1802//1802 2910//2910
f 1806//1806 1807//1807 1802//1802 1799//1799
f 1809//1809 1794//1794 1803//1803 1804//1804
f 1810//1810 1809//1809 1804//1804 1805//1805
f 1811//1811 1810//1810 1805//1805 2910//2910
f 1808//1808 1807//1807 1806//1806 1775//1775
f 1807//1807 1812//1812 2910//2910 1802//1802
f 1808//1808 1817//1817 1812//1812 1807//1807
f 1808//1808 1815//1815 1816//1816 1817//1817
f 1870//1870 1869//1869 1809//1809 1810//1810
f 1871//1871 1870//1870 1810//1810 1811//1811
f 1812//1812 1813//1813 1811//1811 2910//2910
f 1817//1817 1818//1818 1813//1813 1812//1812
f 1813//1813 2774//2774 1871//1871 1811//1811
f 2010//2010 2011//2011 1814//1814 2911//2911
f 1814//1814 2011//2011 2030//2030 2029//2029
f 1815//1815 1814//1814 2029//2029 1816//1816
f 1816//1816 2028//2028 1818//1818 1817//1817
f 1818//1818 2904//2904 2774//2774 1813//1813
f 1824//1824 1820//1820 1819//1819 1823//1823
f 1825//1825 1821//1821 1820//1820 1824//1824
f 1826//1826 1822//1822 1821//1821 1825//1825
f 1857//1857 1852//1852 1822//1822 1826//1826
f 1828//1828 1824//1824 1823//1823 1827//1827
f 1829//1829 1825//1825 1824//1824 1828//1828
f 1830//1830 1826//1826 1825//1825 1829//1829
f 1864//1864 1857//1857 1826//1826 1830//1830
f 1827//1827 1837//1837 1838//1838 1839//1839
f 1828//1828 1827//1827 1839//1839 1840//1840
f 1829//1829 1828//1828 1840//1840 1851//1851
f 1846//1846 1830//1830 1829//1829 1851//1851
f 1877//1877 1864//1864 1830//1830 1846//1846
f 1831//1831 1832//1832 1833//1833 1792//1792
f 1831//1831 1841//1841 1842//1842 1832//1832
f 1833//1833 1832//1832 3064//3064 3066//3066
f 1834//1834 1843//1843 1841//1841 1831//1831
f 1835//1835 1844//1844 1843//1843 1834//1834
f 1836//1836 1845//1845 1844//1844 1835//1835
f 1839//1839 1838//1838 1847//1847 1848//1848
f 1840//1840 1839//1839 1848//1848 1849//1849
f 1847//1847 1842//1842 1841//1841 1848//1848
f 3064//3064 1832//1832 1842//1842 2979//2979
f 1848//1848 1841//1841 1843//1843 1849//1849
f 1849//1849 1843//1843 1844//1844 1850//1850
f 1850//1850 1844//1844 1845//1845 1880//1880
f 1869//1869 1874//1874 1845//1845 1836//1836
f 1846//1846 1851//1851 1850//1850 1880//1880
f 1847//1847 1838//1838 2679//2679 2681//2681
f 2979//2979 1842//1842 1847//1847 2681//2681
f 1851//1851 1840//1840 1849//1849 1850//1850
f 1858//1858 1853//1853 1852//1852 1857//1857
f 1854//1854 1629//1629 1853//1853 1855//1855
f 1854//1854 1855//1855 1856//1856 2957//2957
f 1855//1855 1853//1853 1858//1858 3189//3189
f 1859//1859 1856//1856 1855//1855 3189//3189
f 1865//1865 1858//1858 1857//1857 1864//1864
f 1859//1859 1861//1861 2958//2958 1856//1856
f 1861//1861 1859//1859 1860//1860 1862//1862
f 1860//1860 1859//1859 3189//3189 3029//3029
f 1863//1863 1861//1861 1862//1862 1868//1868
f 1862//1862 1860//1860 1866//1866 1867//1867
f 1863//1863 1868//1868 1882//1882 1912//1912
f 1863//1863 1912//1912 2849//2849 1632//1632
f 1878//1878 1865//1865 1864//1864 1877//1877
f 1865//1865 1878//1878 2043//2043 3029//3029
f 3189//3189 1858//1858 1865//1865 3029//3029
f 3029//3029 2043//2043 1866//1866 1860//1860
f 1868//1868 1862//1862 1867//1867 1872//1872
f 2042//2042 1879//1879 1867//1867 1866//1866
f 1868//1868 1872//1872 1873//1873 1882//1882
f 1870//1870 1875//1875 1874//1874 1869//1869
f 1870//1870 1871//1871 1876//1876 1875//1875
f 1871//1871 2774//2774 2773//2773 1876//1876
f 1872//1872 1867//1867 1879//1879 2045//2045
f 2062//2062 1873//1873 1872//1872 2045//2045
f 1873//1873 2062//2062 2061//2061 1884//1884
f 1880//1880 1845//1845 1874//1874 1881//1881
f 1881//1881 1874//1874 1875//1875 2678//2678
f 1875//1875 1876//1876 2041//2041 2678//2678
f 2040//2040 3217//3217 1876//1876 2773//2773
f 1877//1877 1846//1846 1880//1880 1881//1881
f 1878//1878 1877//1877 1881//1881 2678//2678
f 1884//1884 1883//1883 1882//1882 1873//1873
f 1883//1883 1902//1902 1912//1912 1882//1882
f 1909//1909 1883//1883 1884//1884 1913//1913
f 2064//2064 1913//1913 1884//1884 2061//2061
f 1888//1888 1887//1887 1885//1885 1886//1886
f 1890//1890 1889//1889 1887//1887 1888//1888
f 1887//1887 1893//1893 1892//1892 1885//1885
f 1889//1889 1894//1894 1893//1893 1887//1887
f 1891//1891 1889//1889 1890//1890 1906//1906
f 1891//1891 1895//1895 1894//1894 1889//1889
f 1893//1893 1897//1897 1896//1896 1892//1892
f 1894//1894 1898//1898 1897//1897 1893//1893
f 1895//1895 1915//1915 1898//1898 1894//1894
f 1905//1905 1910//1910 1895//1895 1891//1891
f 1914//1914 1915//1915 1895//1895 1910//1910
f 1897//1897 1900//1900 1899//1899 1896//1896
f 1897//1897 1898//1898 1901//1901 1900//1900
f 1898//1898 1915//1915 3059//3059 1901//1901
f 1899//1899 1900//1900 3142//3142 2068//2068
f 1900//1900 1901//1901 3143//3143 3142//3142
f 1901//1901 3059//3059 3144//3144 3143//3143
f 1902//1902 1903//1903 1904//1904 2857//2857
f 1909//1909 1903//1903 1902//1902 1883//1883
f 1902//1902 2857//2857 2849//2849 1912//1912
f 1904//1904 1903//1903 2965//2965 2782//2782
f 1905//1905 1891//1891 1906//1906 1908//1908
f 1905//1905 1908//1908 1911//1911 1916//1916
f 1908//1908 1672//1672 1907//1907 1911//1911
f 1913//1913 2064//2064 1907//1907 1670//1670
f 1907//1907 2064//2064 2066//2066 1911//1911
f 1910//1910 1905//1905 1916//1916 1917//1917
f 1914//1914 1910//1910 1917//1917 3133//3133
f 1914//1914 3133//3133 3129//3129 3058//3058
f 1915//1915 1914//1914 3058//3058 3059//3059
f 1916//1916 1911//1911 2066//2066 2065//2065
f 2234//2234 2233//2233 3218//3218 2238//2238
f 3133//3133 1917//1917 3218//3218 2233//2233
f 1921//1921 1920//1920 1918//1918 1919//1919
f 2948//2948 2950//2950 1918//1918 1920//1920
f 1926//1926 1921//1921 1919//1919 1928//1928
f 1923//1923 1922//1922 1920//1920 1921//1921
f 2946//2946 2948//2948 1920//1920 1922//1922
f 1925//1925 1924//1924 1922//1922 1923//1923
f 1923//1923 1921//1921 1926//1926 1927//1927
f 1933//1933 1705//1705 1924//1924 1925//1925
f 1925//1925 1923//1923 1927//1927 1931//1931
f 1926//1926 1928//1928 1929//1929 1930//1930
f 1927//1927 1926//1926 1930//1930 1932//1932
f 1943//1943 1930//1930 1929//1929 1942//1942
f 1944//1944 1932//1932 1930//1930 1943//1943
f 1931//1931 1927//1927 1932//1932 1938//1938
f 1933//1933 1925//1925 1931//1931 1936//1936
f 1945//1945 1938//1938 1932//1932 1944//1944
f 1934//1934 1933//1933 1936//1936 1937//1937
f 1935//1935 1934//1934 1937//1937 1940//1940
f 2111//2111 3216//3216 1935//1935 2112//2112
f 1936//1936 1931//1931 1938//1938 1939//1939
f 1937//1937 1936//1936 1939//1939 1941//1941
f 1939//1939 1938//1938 1945//1945 1949//1949
f 1940//1940 1937//1937 1941//1941 2757//2757
f 1940//1940 2119//2119 2112//2112 1935//1935
f 1941//1941 1939//1939 1949//1949 2110//2110
f 2106//2106 1943//1943 1942//1942 2105//2105
f 2107//2107 1944//1944 1943//1943 2106//2106
f 2108//2108 1945//1945 1944//1944 2107//2107
f 1952//1952 1951//1951 1947//1947 2930//2930
f 1948//1948 1960//1960 1959//1959 1946//1946
f 2108//2108 2109//2109 1949//1949 1945//1945
f 1950//1950 1951//1951 1952//1952 1957//1957
f 1954//1954 1953//1953 1950//1950 1957//1957
f 1963//1963 1957//1957 1952//1952 1961//1961
f 1956//1956 1955//1955 1953//1953 1954//1954
f 1955//1955 1977//1977 1974//1974 2931//2931
f 1958//1958 2125//2125 1956//1956 1954//1954
f 1977//1977 1955//1955 1956//1956 1981//1981
f 1958//1958 1954//1954 1957//1957 1963//1963
f 1958//1958 1963//1963 1964//1964 2127//2127
f 1961//1961 1959//1959 1960//1960 1962//1962
f 2111//2111 2113//2113 1960//1960 1948//1948
f 1961//1961 1952//1952 2930//2930 1959//1959
f 1963//1963 1961//1961 1962//1962 1964//1964
f 1962//1962 1960//1960 2113//2113 2126//2126
f 1964//1964 1962//1962 2126//2126 2836//2836
f 2128//2128 2127//2127 1964//1964 2836//2836
f 1965//1965 1969//1969 1970//1970 3166//3166
f 1966//1966 1967//1967 1968//1968 1971//1971
f 1966//1966 1971//1971 1969//1969 1965//1965
f 1975//1975 1968//1968 1967//1967 1972//1972
f 1979//1979 1978//1978 1968//1968 1975//1975
f 1969//1969 2138//2138 2139//2139 1970//1970
f 3165//3165 3166//3166 1970//1970 3188//3188
f 1971//1971 1968//1968 1978//1978 2140//2140
f 1971//1971 2140//2140 2138//2138 1969//1969
f 1976//1976 1975//1975 1972//1972 1973//1973
f 1977//1977 1976//1976 1973//1973 1974//1974
f 1974//1974 1756//1756 2770//2770 2931//2931
f 1980//1980 1979//1979 1975//1975 1976//1976
f 1981//1981 1980//1980 1976//1976 1977//1977
f 2153//2153 2144//2144 1978//1978 1979//1979
f 2154//2154 2153//2153 1979//1979 1980//1980
f 2155//2155 2154//2154 1980//1980 1981//1981
f 1981//1981 1956//1956 2125//2125 2155//2155
f 1985//1985 1986//1986 1982//1982 1984//1984
f 1986//1986 1757//1757 1983//1983 1982//1982
f 1991//1991 1985//1985 1984//1984 1990//1990
f 1987//1987 1758//1758 1986//1986 1985//1985
f 1991//1991 1992//1992 1987//1987 1985//1985
f 1988//1988 1987//1987 1992//1992 1996//1996
f 2002//2002 2003//2003 1990//1990 1989//1989
f 2003//2003 2004//2004 1991//1991 1990//1990
f 2004//2004 2005//2005 1992//1992 1991//1991
f 1993//1993 2000//2000 2018//2018 1994//1994
f 1993//1993 1995//1995 3032//3032 1998//1998
f 1995//1995 1993//1993 1994//1994 1766//1766
f 2013//2013 1768//1768 1994//1994 2018//2018
f 1995//1995 86//86 2967//2967 3032//3032
f 1996//1996 1997//1997 1998//1998 1988//1988
f 2005//2005 1999//1999 1996//1996 1992//1992
f 1997//1997 1996//1996 1999//1999 2001//2001
f 2000//2000 1993//1993 1998//1998 1997//1997
f 2000//2000 1997//1997 2001//2001 2020//2020
f 2001//2001 1999//1999 2025//2025 2177//2177
f 2007//2007 2003//2003 2002//2002 2006//2006
f 2008//2008 2004//2004 2003//2003 2007//2007
f 2009//2009 2005//2005 2004//2004 2008//2008
f 2025//2025 1999//1999 2005//2005 2009//2009
f 2163//2163 2007//2007 2006//2006 2162//2162
f 2164//2164 2008//2008 2007//2007 2163//2163
f 2165//2165 2009//2009 2008//2008 2164//2164
f 2016//2016 2011//2011 2010//2010 2014//2014
f 2011//2011 2016//2016 2021//2021 2030//2030
f 2014//2014 2012//2012 2013//2013 2017//2017
f 2015//2015 2016//2016 2014//2014 2017//2017
f 2019//2019 2023//2023 2015//2015 2017//2017
f 2015//2015 2022//2022 2021//2021 2016//2016
f 2018//2018 2019//2019 2017//2017 2013//2013
f 2020//2020 2019//2019 2018//2018 2000//2000
f 2019//2019 2020//2020 2934//2934 2023//2023
f 2020//2020 2001//2001 2177//2177 2934//2934
f 2027//2027 2032//2032 2021//2021 2022//2022
f 2023//2023 2024//2024 2022//2022 2015//2015
f 2026//2026 2027//2027 2022//2022 2024//2024
f 2179//2179 2024//2024 2023//2023 2934//2934
f 2025//2025 2009//2009 2165//2165 2180//2180
f 2178//2178 2177//2177 2025//2025 2180//2180
f 2179//2179 2183//2183 2026//2026 2024//2024
f 2026//2026 2185//2185 2200//2200 2027//2027
f 2027//2027 2200//2200 2034//2034 2032//2032
f 2028//2028 1816//1816 2029//2029 2031//2031
f 2028//2028 2905//2905 2904//2904 1818//1818
f 2033//2033 2031//2031 2029//2029 2030//2030
f 2032//2032 2033//2033 2030//2030 2021//2021
f 2031//2031 2033//2033 2036//2036 2848//2848
f 2031//2031 2848//2848 2905//2905 2028//2028
f 2033//2033 2032//2032 2034//2034 2036//2036
f 2197//2197 2198//2198 2034//2034 2200//2200
f 2036//2036 2037//2037 2035//2035 2848//2848
f 2039//2039 2038//2038 2035//2035 2037//2037
f 2035//2035 2038//2038 2052//2052 2050//2050
f 2035//2035 2050//2050 2905//2905 2848//2848
f 2198//2198 2037//2037 2036//2036 2034//2034
f 2037//2037 2198//2198 2199//2199 2039//2039
f 2038//2038 2842//2842 2057//2057 2052//2052
f 2213//2213 2842//2842 2038//2038 2039//2039
f 2202//2202 2213//2213 2039//2039 2199//2199
f 3217//3217 2040//2040 2689//2689 2044//2044
f 2043//2043 2041//2041 2042//2042 1866//1866
f 2044//2044 1879//1879 2042//2042 3217//3217
f 2678//2678 2041//2041 2043//2043 1878//1878
f 2045//2045 1879//1879 2044//2044 2046//2046
f 2044//2044 2689//2689 2047//2047 2046//2046
f 2048//2048 2062//2062 2045//2045 2046//2046
f 2048//2048 2046//2046 2047//2047 2054//2054
f 2055//2055 2063//2063 2048//2048 2054//2054
f 2774//2774 2904//2904 2049//2049 2773//2773
f 2051//2051 2049//2049 2050//2050 2052//2052
f 2904//2904 2905//2905 2050//2050 2049//2049
f 2051//2051 2868//2868 2689//2689 2040//2040
f 2051//2051 2040//2040 2773//2773 2049//2049
f 2052//2052 2057//2057 2868//2868 2051//2051
f 2054//2054 2047//2047 2053//2053 2059//2059
f 2057//2057 2058//2058 2053//2053 2868//2868
f 2053//2053 2047//2047 2689//2689 2868//2868
f 2056//2056 2055//2055 2054//2054 2059//2059
f 2067//2067 2065//2065 2055//2055 2056//2056
f 2056//2056 2059//2059 2060//2060 2211//2211
f 2056//2056 2211//2211 2228//2228 2067//2067
f 2057//2057 2842//2842 2210//2210 2058//2058
f 2059//2059 2053//2053 2058//2058 2060//2060
f 2060//2060 2058//2058 2210//2210 2920//2920
f 2212//2212 2211//2211 2060//2060 2920//2920
f 2063//2063 2061//2061 2062//2062 2048//2048
f 2064//2064 2061//2061 2063//2063 2066//2066
f 2065//2065 2066//2066 2063//2063 2055//2055
f 2238//2238 3218//3218 2065//2065 2067//2067
f 2227//2227 2238//2238 2067//2067 2228//2228
f 2068//2068 3142//3142 3113//3113 3114//3114
f 2069//2069 2070//2070 2071//2071 2794//2794
f 2072//2072 2070//2070 2069//2069 2236//2236
f 2242//2242 2241//2241 2069//2069 2794//2794
f 2070//2070 2072//2072 2073//2073 2074//2074
f 3128//3128 2071//2071 2070//2070 2074//2074
f 2235//2235 2794//2794 2071//2071 3129//3129
f 2078//2078 2075//2075 2073//2073 2072//2072
f 2077//2077 3111//3111 2074//2074 2073//2073
f 3144//3144 3128//3128 2074//2074 3111//3111
f 2075//2075 2076//2076 2077//2077 2073//2073
f 2275//2275 2274//2274 2075//2075 2078//2078
f 2076//2076 2230//2230 2231//2231 2232//2232
f 2274//2274 2230//2230 2076//2076 2075//2075
f 2232//2232 3046//3046 2077//2077 2076//2076
f 2078//2078 2072//2072 2236//2236 2244//2244
f 2246//2246 2275//2275 2078//2078 2244//2244
f 2082//2082 2081//2081 2079//2079 2080//2080
f 2080//2080 780//780 2087//2087 2088//2088
f 2084//2084 2083//2083 2081//2081 2082//2082
f 2081//2081 2106//2106 2105//2105 2079//2079
f 2082//2082 2080//2080 2088//2088 2089//2089
f 2086//2086 2085//2085 2083//2083 2084//2084
f 2083//2083 2107//2107 2106//2106 2081//2081
f 2084//2084 2082//2082 2089//2089 2090//2090
f 2096//2096 2095//2095 2085//2085 2086//2086
f 2085//2085 2108//2108 2107//2107 2083//2083
f 2086//2086 2084//2084 2090//2090 2097//2097
f 2087//2087 789//789 2091//2091 2088//2088
f 2088//2088 2091//2091 2092//2092 2089//2089
f 2089//2089 2092//2092 2093//2093 2090//2090
f 2090//2090 2093//2093 2094//2094 2097//2097
f 2091//2091 2294//2294 2295//2295 2092//2092
f 2092//2092 2295//2295 2296//2296 2093//2093
f 2093//2093 2296//2296 2297//2297 2094//2094
f 2094//2094 2297//2297 2301//2301 2103//2103
f 2095//2095 2109//2109 2108//2108 2085//2085
f 2096//2096 2086//2086 2097//2097 2098//2098
f 2096//2096 2098//2098 2099//2099 2100//2100
f 2096//2096 2100//2100 2115//2115 2095//2095
f 2097//2097 2094//2094 2103//2103 2098//2098
f 2098//2098 2103//2103 2104//2104 2099//2099
f 2099//2099 2305//2305 2101//2101 2100//2100
f 2100//2100 2101//2101 2102//2102 2115//2115
f 2101//2101 2305//2305 2313//2313 2324//2324
f 2102//2102 2117//2117 2116//2116 2115//2115
f 2123//2123 2117//2117 2102//2102 2323//2323
f 2102//2102 2101//2101 2324//2324 2323//2323
f 2103//2103 2301//2301 2302//2302 2104//2104
f 2104//2104 2303//2303 2305//2305 2099//2099
f 2110//2110 1949//1949 2109//2109 2116//2116
f 2115//2115 2116//2116 2109//2109 2095//2095
f 2757//2757 1941//1941 2110//2110 2118//2118
f 2113//2113 2111//2111 2112//2112 2114//2114
f 2114//2114 2112//2112 2119//2119 2122//2122
f 2114//2114 2129//2129 2126//2126 2113//2113
f 2114//2114 2122//2122 2130//2130 2129//2129
f 2116//2116 2117//2117 2118//2118 2110//2110
f 2120//2120 2118//2118 2117//2117 2123//2123
f 2118//2118 2120//2120 2121//2121 2757//2757
f 2757//2757 2121//2121 2119//2119 1940//1940
f 2119//2119 2121//2121 2879//2879 2122//2122
f 2124//2124 2879//2879 2121//2121 2120//2120
f 2124//2124 2120//2120 2123//2123 2322//2322
f 2878//2878 2879//2879 2124//2124 2329//2329
f 2125//2125 1958//1958 2127//2127 2875//2875
f 2125//2125 2875//2875 2157//2157 2155//2155
f 2131//2131 2836//2836 2126//2126 2129//2129
f 2128//2128 2836//2836 2131//2131 2132//2132
f 2875//2875 2127//2127 2128//2128 2832//2832
f 2131//2131 2129//2129 2130//2130 2814//2814
f 2879//2879 2878//2878 2130//2130 2122//2122
f 2889//2889 2814//2814 2130//2130 2878//2878
f 2133//2133 2132//2132 2131//2131 2814//2814
f 2832//2832 2128//2128 2132//2132 2134//2134
f 2134//2134 2132//2132 2133//2133 2135//2135
f 2133//2133 2943//2943 2348//2348 2135//2135
f 2889//2889 2943//2943 2133//2133 2814//2814
f 2135//2135 2136//2136 2137//2137 2134//2134
f 2136//2136 2135//2135 2348//2348 2347//2347
f 2136//2136 2347//2347 2352//2352 2373//2373
f 2136//2136 2373//2373 2371//2371 2137//2137
f 2137//2137 2371//2371 2160//2160 2161//2161
f 2832//2832 2134//2134 2137//2137 2161//2161
f 2138//2138 2141//2141 2142//2142 2139//2139
f 3188//3188 1970//1970 2139//2139 3183//3183
f 2140//2140 2143//2143 2141//2141 2138//2138
f 2144//2144 2143//2143 2140//2140 1978//1978
f 2141//2141 2145//2145 2146//2146 2142//2142
f 2141//2141 2143//2143 2147//2147 2145//2145
f 3183//3183 2139//2139 2142//2142 3176//3176
f 2148//2148 2147//2147 2143//2143 2144//2144
f 2158//2158 2148//2148 2144//2144 2153//2153
f 2145//2145 2149//2149 2150//2150 2146//2146
f 2151//2151 2149//2149 2145//2145 2147//2147
f 3176//3176 2142//2142 2146//2146 3155//3155
f 2152//2152 2151//2151 2147//2147 2148//2148
f 2159//2159 2152//2152 2148//2148 2158//2158
f 2359//2359 2357//2357 2149//2149 2151//2151
f 2357//2357 2358//2358 2150//2150 2149//2149
f 2150//2150 2358//2358 2708//2708 3040//3040
f 3155//3155 2146//2146 2150//2150 3040//3040
f 2360//2360 2359//2359 2151//2151 2152//2152
f 2370//2370 2360//2360 2152//2152 2159//2159
f 2156//2156 2158//2158 2153//2153 2154//2154
f 2157//2157 2156//2156 2154//2154 2155//2155
f 2161//2161 2160//2160 2156//2156 2157//2157
f 2160//2160 2159//2159 2158//2158 2156//2156
f 2371//2371 2370//2370 2159//2159 2160//2160
f 2161//2161 2157//2157 2875//2875 2832//2832
f 2167//2167 2169//2169 2163//2163 2162//2162
f 2169//2169 2171//2171 2164//2164 2163//2163
f 2171//2171 2172//2172 2165//2165 2164//2164
f 2181//2181 2180//2180 2165//2165 2172//2172
f 2166//2166 2168//2168 2169//2169 2167//2167
f 2175//2175 2168//2168 2166//2166 2174//2174
f 2168//2168 2170//2170 2171//2171 2169//2169
f 2176//2176 2170//2170 2168//2168 2175//2175
f 2173//2173 2172//2172 2171//2171 2170//2170
f 2186//2186 2181//2181 2172//2172 2173//2173
f 2173//2173 2170//2170 2176//2176 3017//3017
f 2191//2191 2175//2175 2174//2174 2190//2190
f 2176//2176 2175//2175 2191//2191 2192//2192
f 2183//2183 2179//2179 2178//2178 2182//2182
f 2934//2934 2177//2177 2178//2178 2179//2179
f 2182//2182 2178//2178 2180//2180 2181//2181
f 2187//2187 2182//2182 2181//2181 2186//2186
f 2184//2184 2183//2183 2182//2182 2187//2187
f 2183//2183 2184//2184 2185//2185 2026//2026
f 2188//2188 2189//2189 2184//2184 2187//2187
f 2189//2189 2805//2805 2185//2185 2184//2184
f 2186//2186 2173//2173 3017//3017 3016//3016
f 2187//2187 2186//2186 3016//3016 2188//2188
f 2203//2203 2189//2189 2188//2188 2207//2207
f 2188//2188 3016//3016 2205//2205 2207//2207
f 2189//2189 2203//2203 2204//2204 2805//2805
f 3105//3105 3104//3104 2190//2190 889//889
f 2193//2193 2192//2192 2191//2191 2194//2194
f 3104//3104 2194//2194 2191//2191 2190//2190
f 2196//2196 2195//2195 2192//2192 2193//2193
f 3017//3017 2176//2176 2192//2192 2195//2195
f 2377//2377 2196//2196 2193//2193 2375//2375
f 2375//2375 2193//2193 2194//2194 2376//2376
f 2380//2380 2376//2376 2194//2194 3104//3104
f 2206//2206 2205//2205 2195//2195 2196//2196
f 3016//3016 3017//3017 2195//2195 2205//2205
f 2385//2385 2206//2206 2196//2196 2377//2377
f 2197//2197 2805//2805 2204//2204 2860//2860
f 2198//2198 2197//2197 2860//2860 2199//2199
f 2201//2201 2202//2202 2199//2199 2860//2860
f 2805//2805 2197//2197 2200//2200 2185//2185
f 2204//2204 2921//2921 2201//2201 2860//2860
f 2214//2214 2215//2215 2202//2202 2201//2201
f 2202//2202 2215//2215 2216//2216 2213//2213
f 2203//2203 2209//2209 2921//2921 2204//2204
f 2208//2208 2207//2207 2205//2205 2206//2206
f 2386//2386 2208//2208 2206//2206 2385//2385
f 2209//2209 2203//2203 2207//2207 2208//2208
f 2209//2209 2208//2208 2386//2386 2388//2388
f 2213//2213 2216//2216 2210//2210 2842//2842
f 2211//2211 2212//2212 2850//2850 2228//2228
f 2214//2214 2841//2841 2840//2840 2222//2222
f 2921//2921 2841//2841 2214//2214 2201//2201
f 2215//2215 2214//2214 2222//2222 2217//2217
f 2216//2216 2215//2215 2217//2217 2219//2219
f 2216//2216 2219//2219 2920//2920 2210//2210
f 2218//2218 2221//2221 2850//2850 2212//2212
f 2218//2218 2212//2212 2920//2920 2219//2219
f 2220//2220 2218//2218 2219//2219 2217//2217
f 2221//2221 2218//2218 2220//2220 2224//2224
f 2220//2220 2217//2217 2222//2222 2223//2223
f 2220//2220 2223//2223 2225//2225 2224//2224
f 2409//2409 2223//2223 2222//2222 2840//2840
f 2428//2428 2221//2221 2224//2224 2226//2226
f 2226//2226 2224//2224 2225//2225 2410//2410
f 2409//2409 2791//2791 2225//2225 2223//2223
f 2431//2431 2429//2429 2226//2226 2410//2410
f 2227//2227 2229//2229 2439//2439 2239//2239
f 2229//2229 2227//2227 2228//2228 2850//2850
f 2258//2258 2231//2231 2230//2230 2276//2276
f 3048//3048 2232//2232 2231//2231 3067//3067
f 3129//3129 3133//3133 2233//2233 2235//2235
f 2235//2235 2233//2233 2234//2234 2237//2237
f 2241//2241 2240//2240 2236//2236 2069//2069
f 2239//2239 2252//2252 2237//2237 2234//2234
f 2237//2237 2242//2242 2794//2794 2235//2235
f 2239//2239 2234//2234 2238//2238 2227//2227
f 2251//2251 2252//2252 2239//2239 2439//2439
f 2240//2240 2249//2249 2244//2244 2236//2236
f 2241//2241 2242//2242 2243//2243 2247//2247
f 2248//2248 2240//2240 2241//2241 2247//2247
f 2252//2252 2243//2243 2242//2242 2237//2237
f 2245//2245 2246//2246 2244//2244 2249//2249
f 2257//2257 2285//2285 2245//2245 2250//2250
f 2245//2245 2285//2285 2279//2279 2246//2246
f 2253//2253 2248//2248 2247//2247 2440//2440
f 2247//2247 2243//2243 2255//2255 2440//2440
f 2249//2249 2240//2240 2248//2248 2254//2254
f 2250//2250 2245//2245 2249//2249 2254//2254
f 2251//2251 2439//2439 2430//2430 2819//2819
f 2255//2255 2243//2243 2252//2252 2251//2251
f 2254//2254 2248//2248 2253//2253 2441//2441
f 2442//2442 2443//2443 2253//2253 2440//2440
f 2254//2254 2441//2441 2256//2256 2250//2250
f 2442//2442 2440//2440 2255//2255 2820//2820
f 2819//2819 2820//2820 2255//2255 2251//2251
f 2257//2257 2250//2250 2256//2256 2444//2444
f 2445//2445 2444//2444 2256//2256 2452//2452
f 2257//2257 2290//2290 2289//2289 2285//2285
f 2259//2259 2260//2260 2258//2258 2262//2262
f 2261//2261 2262//2262 2258//2258 2276//2276
f 3067//3067 2231//2231 2258//2258 2260//2260
f 2263//2263 2264//2264 2259//2259 2262//2262
f 2259//2259 2264//2264 2266//2266 3068//3068
f 3020//3020 2260//2260 2259//2259 3068//3068
f 2265//2265 2263//2263 2262//2262 2261//2261
f 2267//2267 2266//2266 2264//2264 2268//2268
f 2269//2269 2268//2268 2264//2264 2263//2263
f 2269//2269 2263//2263 2265//2265 3167//3167
f 2265//2265 2261//2261 2280//2280 2282//2282
f 2271//2271 2270//2270 2267//2267 2268//2268
f 2272//2272 2271//2271 2268//2268 2269//2269
f 2273//2273 2272//2272 2269//2269 3167//3167
f 2299//2299 2298//2298 2270//2270 2271//2271
f 2300//2300 2299//2299 2271//2271 2272//2272
f 2300//2300 2272//2272 2273//2273 2306//2306
f 2273//2273 3167//3167 3168//3168 2310//2310
f 2276//2276 2230//2230 2274//2274 2277//2277
f 2277//2277 2274//2274 2275//2275 2278//2278
f 2279//2279 2278//2278 2275//2275 2246//2246
f 2280//2280 2261//2261 2276//2276 2277//2277
f 2280//2280 2277//2277 2278//2278 2281//2281
f 2281//2281 2278//2278 2279//2279 2284//2284
f 2282//2282 2280//2280 2281//2281 2283//2283
f 3167//3167 2265//2265 2282//2282 3168//3168
f 2283//2283 2281//2281 2284//2284 2287//2287
f 3168//3168 2282//2282 2283//2283 2966//2966
f 2284//2284 2279//2279 2285//2285 2289//2289
f 2286//2286 2312//2312 2311//2311 2966//2966
f 2286//2286 2288//2288 2317//2317 2312//2312
f 2288//2288 2286//2286 2287//2287 3190//3190
f 2289//2289 3190//3190 2287//2287 2284//2284
f 2287//2287 2286//2286 2966//2966 2283//2283
f 2291//2291 2293//2293 2288//2288 3190//3190
f 2288//2288 2293//2293 2319//2319 2317//2317
f 2289//2289 2290//2290 2291//2291 3190//3190
f 2290//2290 2815//2815 2292//2292 2291//2291
f 2290//2290 2257//2257 2444//2444 2815//2815
f 2293//2293 2291//2291 2292//2292 2461//2461
f 2446//2446 2472//2472 2292//2292 2815//2815
f 2466//2466 2461//2461 2292//2292 2472//2472
f 2295//2295 2294//2294 2298//2298 2299//2299
f 2296//2296 2295//2295 2299//2299 2300//2300
f 2297//2297 2296//2296 2300//2300 2306//2306
f 2301//2301 2297//2297 2306//2306 2307//2307
f 2303//2303 2104//2104 2302//2302 2304//2304
f 2302//2302 2301//2301 2307//2307 2309//2309
f 2302//2302 2309//2309 2308//2308 2304//2304
f 2303//2303 2314//2314 2313//2313 2305//2305
f 2304//2304 2315//2315 2314//2314 2303//2303
f 2306//2306 2273//2273 2310//2310 2307//2307
f 2307//2307 2310//2310 2311//2311 2309//2309
f 2315//2315 2304//2304 2308//2308 2316//2316
f 2309//2309 2311//2311 2312//2312 2308//2308
f 2310//2310 3168//3168 2966//2966 2311//2311
f 2312//2312 2317//2317 2316//2316 2308//2308
f 2333//2333 2327//2327 2313//2313 2314//2314
f 2315//2315 2316//2316 2318//2318 2334//2334
f 2315//2315 2334//2334 2333//2333 2314//2314
f 2318//2318 2316//2316 2317//2317 2321//2321
f 2318//2318 2473//2473 2474//2474 2334//2334
f 2318//2318 2321//2321 2479//2479 2473//2473
f 2319//2319 2320//2320 2321//2321 2317//2317
f 2461//2461 2462//2462 2319//2319 2293//2293
f 2462//2462 2463//2463 2320//2320 2319//2319
f 2320//2320 2816//2816 2479//2479 2321//2321
f 2888//2888 2816//2816 2320//2320 2463//2463
f 2323//2323 2325//2325 2322//2322 2123//2123
f 2322//2322 2331//2331 2329//2329 2124//2124
f 2332//2332 2331//2331 2322//2322 2325//2325
f 2325//2325 2323//2323 2324//2324 2326//2326
f 2327//2327 2326//2326 2324//2324 2313//2313
f 2332//2332 2325//2325 2326//2326 2825//2825
f 2825//2825 2326//2326 2327//2327 2337//2337
f 2328//2328 2889//2889 2878//2878 2329//2329
f 2943//2943 2889//2889 2328//2328 3195//3195
f 2330//2330 2328//2328 2329//2329 2331//2331
f 2330//2330 2331//2331 2332//2332 2939//2939
f 2350//2350 2351//2351 2330//2330 2939//2939
f 2330//2330 2351//2351 3195//3195 2328//2328
f 2332//2332 2825//2825 2336//2336 2939//2939
f 2337//2337 2327//2327 2333//2333 2335//2335
f 2335//2335 2333//2333 2334//2334 2474//2474
f 2338//2338 2337//2337 2335//2335 2488//2488
f 2475//2475 2488//2488 2335//2335 2474//2474
f 2337//2337 2338//2338 2336//2336 2825//2825
f 2336//2336 2877//2877 2350//2350 2939//2939
f 2336//2336 2338//2338 2489//2489 2877//2877
f 2338//2338 2488//2488 2492//2492 2489//2489
f 2344//2344 2343//2343 2339//2339 2341//2341
f 2339//2339 2499//2499 2498//2498 2340//2340
f 2341//2341 2339//2339 2340//2340 2342//2342
f 2341//2341 2342//2342 2366//2366 2367//2367
f 2346//2346 2345//2345 2343//2343 2344//2344
f 2343//2343 2500//2500 2499//2499 2339//2339
f 2344//2344 2341//2341 2367//2367 2368//2368
f 2354//2354 2353//2353 2345//2345 2346//2346
f 2345//2345 2501//2501 2500//2500 2343//2343
f 2346//2346 2344//2344 2368//2368 2369//2369
f 2349//2349 2347//2347 2348//2348 3196//3196
f 3195//3195 3196//3196 2348//2348 2943//2943
f 2352//2352 2347//2347 2349//2349 2356//2356
f 2355//2355 2356//2356 2349//2349 2518//2518
f 2823//2823 2518//2518 2349//2349 3196//3196
f 2350//2350 2877//2877 2491//2491 2824//2824
f 2824//2824 2823//2823 2351//2351 2350//2350
f 2351//2351 2823//2823 3196//3196 3195//3195
f 2352//2352 2374//2374 2372//2372 2373//2373
f 2356//2356 2355//2355 2353//2353 2354//2354
f 2353//2353 2516//2516 2501//2501 2345//2345
f 2354//2354 2346//2346 2369//2369 2374//2374
f 2355//2355 2517//2517 2516//2516 2353//2353
f 2356//2356 2354//2354 2374//2374 2352//2352
f 2363//2363 2362//2362 2357//2357 2359//2359
f 2362//2362 2361//2361 2358//2358 2357//2357
f 2358//2358 2361//2361 2365//2365 2708//2708
f 2364//2364 2363//2363 2359//2359 2360//2360
f 2372//2372 2364//2364 2360//2360 2370//2370
f 2367//2367 2366//2366 2361//2361 2362//2362
f 2368//2368 2367//2367 2362//2362 2363//2363
f 2369//2369 2368//2368 2363//2363 2364//2364
f 2374//2374 2369//2369 2364//2364 2372//2372
f 2366//2366 1031//1031 2365//2365 2361//2361
f 2373//2373 2372//2372 2370//2370 2371//2371
f 2378//2378 2375//2375 2376//2376 2381//2381
f 2379//2379 2381//2381 2376//2376 2380//2380
f 2377//2377 2375//2375 2378//2378 2383//2383
f 2378//2378 2381//2381 2382//2382 2384//2384
f 2382//2382 2381//2381 2379//2379 2396//2396
f 2395//2395 2397//2397 2382//2382 2396//2396
f 2398//2398 2384//2384 2382//2382 2397//2397
f 2383//2383 2378//2378 2384//2384 2391//2391
f 2385//2385 2377//2377 2383//2383 2387//2387
f 2399//2399 2391//2391 2384//2384 2398//2398
f 2386//2386 2385//2385 2387//2387 2390//2390
f 2389//2389 2388//2388 2386//2386 2390//2390
f 2387//2387 2383//2383 2391//2391 2392//2392
f 2921//2921 2209//2209 2388//2388 2841//2841
f 2389//2389 2393//2393 2409//2409 2840//2840
f 2841//2841 2388//2388 2389//2389 2840//2840
f 2390//2390 2387//2387 2392//2392 2394//2394
f 2393//2393 2389//2389 2390//2390 2394//2394
f 2411//2411 2392//2392 2391//2391 2399//2399
f 2412//2412 2394//2394 2392//2392 2411//2411
f 2393//2393 2394//2394 2412//2412 2413//2413
f 2393//2393 2413//2413 2791//2791 2409//2409
f 2400//2400 2401//2401 2397//2397 2395//2395
f 2402//2402 2398//2398 2397//2397 2401//2401
f 2403//2403 2399//2399 2398//2398 2402//2402
f 2414//2414 2411//2411 2399//2399 2403//2403
f 2404//2404 2405//2405 2401//2401 2400//2400
f 2406//2406 2402//2402 2401//2401 2405//2405
f 2403//2403 2402//2402 2406//2406 2997//2997
f 2408//2408 2405//2405 2404//2404 2407//2407
f 2406//2406 2405//2405 2408//2408 2424//2424
f 2422//2422 2423//2423 2408//2408 2407//2407
f 2425//2425 2424//2424 2408//2408 2423//2423
f 2410//2410 2416//2416 2418//2418 2431//2431
f 2410//2410 2225//2225 2791//2791 2416//2416
f 2415//2415 2412//2412 2411//2411 2414//2414
f 2415//2415 2417//2417 2413//2413 2412//2412
f 2413//2413 2417//2417 2416//2416 2791//2791
f 2414//2414 2403//2403 2997//2997 2996//2996
f 2415//2415 2414//2414 2996//2996 2419//2419
f 2418//2418 2416//2416 2417//2417 2420//2420
f 2417//2417 2415//2415 2419//2419 2420//2420
f 2418//2418 2420//2420 2421//2421 2432//2432
f 2418//2418 2432//2432 2433//2433 2431//2431
f 2421//2421 2420//2420 2419//2419 2437//2437
f 2419//2419 2996//2996 2435//2435 2437//2437
f 2421//2421 2437//2437 2438//2438 2537//2537
f 2525//2525 2526//2526 2423//2423 2422//2422
f 2527//2527 2425//2425 2423//2423 2526//2526
f 2427//2427 2426//2426 2424//2424 2425//2425
f 2997//2997 2406//2406 2424//2424 2426//2426
f 2528//2528 2427//2427 2425//2425 2527//2527
f 2436//2436 2435//2435 2426//2426 2427//2427
f 2996//2996 2997//2997 2426//2426 2435//2435
f 2535//2535 2436//2436 2427//2427 2528//2528
f 2428//2428 2226//2226 2429//2429 2430//2430
f 2428//2428 2430//2430 2439//2439 2229//2229
f 2428//2428 2229//2229 2850//2850 2221//2221
f 2429//2429 2431//2431 2433//2433 2450//2450
f 2429//2429 2450//2450 2819//2819 2430//2430
f 2432//2432 2421//2421 2537//2537 2434//2434
f 2433//2433 2432//2432 2434//2434 2451//2451
f 2455//2455 2451//2451 2434//2434 2557//2557
f 2434//2434 2537//2537 2542//2542 2557//2557
f 2438//2438 2437//2437 2435//2435 2436//2436
f 2536//2536 2438//2438 2436//2436 2535//2535
f 2441//2441 2253//2253 2443//2443 2448//2448
f 2452//2452 2256//2256 2441//2441 2448//2448
f 2442//2442 2820//2820 2449//2449 2454//2454
f 2454//2454 2447//2447 2443//2443 2442//2442
f 2444//2444 2445//2445 2446//2446 2815//2815
f 2445//2445 2453//2453 2470//2470 2446//2446
f 2448//2448 2443//2443 2447//2447 2456//2456
f 2455//2455 2558//2558 2447//2447 2454//2454
f 2457//2457 2456//2456 2447//2447 2558//2558
f 2455//2455 2454//2454 2449//2449 2451//2451
f 2449//2449 2820//2820 2819//2819 2450//2450
f 2451//2451 2449//2449 2450//2450 2433//2433
f 2453//2453 2445//2445 2452//2452 2458//2458
f 2456//2456 2458//2458 2452//2452 2448//2448
f 2459//2459 2460//2460 2453//2453 2458//2458
f 2455//2455 2557//2557 2559//2559 2558//2558
f 2458//2458 2456//2456 2457//2457 2459//2459
f 2457//2457 2558//2558 2559//2559 2893//2893
f 2457//2457 2893//2893 2560//2560 2459//2459
f 2460//2460 2561//2561 2470//2470 2453//2453
f 2460//2460 2459//2459 2560//2560 2563//2563
f 2564//2564 2561//2561 2460//2460 2563//2563
f 2464//2464 2462//2462 2461//2461 2466//2466
f 2464//2464 2465//2465 2463//2463 2462//2462
f 2465//2465 2464//2464 2467//2467 2592//2592
f 2468//2468 2469//2469 2465//2465 2592//2592
f 2888//2888 2463//2463 2465//2465 2469//2469
f 2467//2467 2464//2464 2466//2466 2591//2591
f 2593//2593 2592//2592 2467//2467 2594//2594
f 2467//2467 2591//2591 2595//2595 2594//2594
f 2469//2469 2895//2895 2482//2482 2888//2888
f 2809//2809 2895//2895 2469//2469 2468//2468
f 2470//2470 2471//2471 2472//2472 2446//2446
f 2470//2470 2561//2561 2562//2562 2471//2471
f 2591//2591 2466//2466 2472//2472 2471//2471
f 2473//2473 2476//2476 2475//2475 2474//2474
f 2481//2481 2894//2894 2475//2475 2476//2476
f 2492//2492 2488//2488 2475//2475 2894//2894
f 2476//2476 2473//2473 2479//2479 2478//2478
f 2480//2480 2481//2481 2476//2476 2478//2478
f 2477//2477 2478//2478 2479//2479 2816//2816
f 2477//2477 2484//2484 2480//2480 2478//2478
f 2477//2477 2482//2482 2483//2483 2484//2484
f 2888//2888 2482//2482 2477//2477 2816//2816
f 2481//2481 2480//2480 2486//2486 2657//2657
f 2895//2895 2632//2632 2483//2483 2482//2482
f 2484//2484 2485//2485 2486//2486 2480//2480
f 2487//2487 2485//2485 2484//2484 2483//2483
f 2485//2485 2487//2487 2638//2638 2662//2662
f 2485//2485 2662//2662 2658//2658 2486//2486
f 2632//2632 2633//2633 2487//2487 2483//2483
f 2489//2489 2490//2490 2491//2491 2877//2877
f 2490//2490 2489//2489 2492//2492 2493//2493
f 2490//2490 2493//2493 2494//2494 2672//2672
f 2491//2491 2490//2490 2672//2672 3192//3192
f 2492//2492 2894//2894 2495//2495 2493//2493
f 2494//2494 2493//2493 2495//2495 2659//2659
f 2496//2496 2497//2497 2494//2494 2659//2659
f 2495//2495 2657//2657 2660//2660 2659//2659
f 2496//2496 2659//2659 2660//2660 2661//2661
f 2524//2524 2523//2523 2497//2497 2496//2496
f 2672//2672 2494//2494 2497//2497 2521//2521
f 2506//2506 2502//2502 2498//2498 2499//2499
f 2508//2508 2506//2506 2499//2499 2500//2500
f 2520//2520 2508//2508 2500//2500 2501//2501
f 2522//2522 2520//2520 2501//2501 2516//2516
f 2504//2504 2503//2503 2502//2502 2506//2506
f 2512//2512 2511//2511 2503//2503 2504//2504
f 2510//2510 2512//2512 2504//2504 2505//2505
f 2505//2505 2504//2504 2506//2506 2508//2508
f 2507//2507 2505//2505 2508//2508 2520//2520
f 2507//2507 2509//2509 2510//2510 2505//2505
f 2509//2509 2515//2515 2514//2514 2510//2510
f 2519//2519 2523//2523 2509//2509 2507//2507
f 2510//2510 2514//2514 2513//2513 2512//2512
f 2511//2511 2512//2512 2513//2513 2646//2646
f 2717//2717 2718//2718 2513//2513 2514//2514
f 2716//2716 2717//2717 2514//2514 2515//2515
f 2523//2523 2524//2524 2515//2515 2509//2509
f 2715//2715 2716//2716 2515//2515 2524//2524
f 2671//2671 2522//2522 2516//2516 2517//2517
f 2517//2517 2355//2355 2518//2518 2769//2769
f 2519//2519 2507//2507 2520//2520 2522//2522
f 2521//2521 2519//2519 2522//2522 2671//2671
f 2521//2521 2497//2497 2523//2523 2519//2519
f 2661//2661 2715//2715 2524//2524 2496//2496
f 2529//2529 2526//2526 2525//2525 3119//3119
f 2527//2527 2526//2526 2529//2529 2530//2530
f 2528//2528 2527//2527 2530//2530 2533//2533
f 2531//2531 2530//2530 2529//2529 2532//2532
f 3123//3123 2532//2532 2529//2529 3119//3119
f 2534//2534 2533//2533 2530//2530 2531//2531
f 2546//2546 2548//2548 2531//2531 2532//2532
f 2535//2535 2528//2528 2533//2533 2538//2538
f 2539//2539 2538//2538 2533//2533 2534//2534
f 2548//2548 2688//2688 2534//2534 2531//2531
f 2536//2536 2542//2542 2537//2537 2438//2438
f 2536//2536 2535//2535 2538//2538 2540//2540
f 2541//2541 2540//2540 2538//2538 2539//2539
f 2688//2688 2687//2687 2539//2539 2534//2534
f 2542//2542 2536//2536 2540//2540 2565//2565
f 2565//2565 2540//2540 2541//2541 2876//2876
f 2687//2687 2686//2686 2541//2541 2539//2539
f 2542//2542 2565//2565 2559//2559 2557//2557
f 2550//2550 2545//2545 2543//2543 2549//2549
f 2545//2545 2546//2546 2544//2544 2543//2543
f 2544//2544 3123//3123 3124//3124 1230//1230
f 2547//2547 2548//2548 2546//2546 2545//2545
f 2546//2546 2532//2532 3123//3123 2544//2544
f 2547//2547 2545//2545 2550//2550 2732//2732
f 2688//2688 2548//2548 2547//2547 2976//2976
f 2554//2554 2550//2550 2549//2549 2551//2551
f 2552//2552 2553//2553 2554//2554 2551//2551
f 2552//2552 2574//2574 2579//2579 2553//2553
f 2575//2575 2556//2556 2553//2553 2579//2579
f 2556//2556 2555//2555 2554//2554 2553//2553
f 2554//2554 2555//2555 2732//2732 2550//2550
f 2555//2555 2730//2730 2731//2731 2732//2732
f 2577//2577 2576//2576 2556//2556 2575//2575
f 2556//2556 2576//2576 2730//2730 2555//2555
f 2566//2566 2563//2563 2560//2560 2567//2567
f 2876//2876 2567//2567 2560//2560 2893//2893
f 2570//2570 2562//2562 2561//2561 2564//2564
f 2591//2591 2471//2471 2562//2562 2595//2595
f 2563//2563 2566//2566 2569//2569 2564//2564
f 2893//2893 2559//2559 2565//2565 2876//2876
f 2568//2568 2566//2566 2567//2567 2686//2686
f 2569//2569 2566//2566 2568//2568 2572//2572
f 2570//2570 2564//2564 2569//2569 2699//2699
f 2728//2728 2699//2699 2569//2569 2572//2572
f 2570//2570 2601//2601 2595//2595 2562//2562
f 2602//2602 2601//2601 2570//2570 2699//2699
f 2572//2572 2568//2568 2571//2571 2573//2573
f 2686//2686 2687//2687 2571//2571 2568//2568
f 2571//2571 2976//2976 2731//2731 2573//2573
f 2729//2729 2728//2728 2572//2572 2573//2573
f 2730//2730 2729//2729 2573//2573 2731//2731
f 2580//2580 2579//2579 2574//2574 2578//2578
f 2582//2582 2577//2577 2575//2575 2581//2581
f 2576//2576 2754//2754 2729//2729 2730//2730
f 2577//2577 2772//2772 2754//2754 2576//2576
f 2583//2583 2580//2580 2578//2578 2586//2586
f 2581//2581 2575//2575 2579//2579 2580//2580
f 2584//2584 2581//2581 2580//2580 2583//2583
f 2585//2585 2582//2582 2581//2581 2584//2584
f 2607//2607 2606//2606 2582//2582 2585//2585
f 2772//2772 2577//2577 2582//2582 2606//2606
f 2589//2589 2584//2584 2583//2583 2588//2588
f 2590//2590 2585//2585 2584//2584 2589//2589
f 2611//2611 2607//2607 2585//2585 2590//2590
f 2588//2588 2583//2583 2586//2586 2587//2587
f 2623//2623 2588//2588 2587//2587 2622//2622
f 2624//2624 2589//2589 2588//2588 2623//2623
f 2625//2625 2590//2590 2589//2589 2624//2624
f 2598//2598 2468//2468 2592//2592 2593//2593
f 2593//2593 2594//2594 2596//2596 2597//2597
f 2596//2596 2594//2594 2595//2595 2601//2601
f 2602//2602 2603//2603 2596//2596 2601//2601
f 2604//2604 2597//2597 2596//2596 2603//2603
f 2598//2598 2593//2593 2597//2597 2605//2605
f 2600//2600 2599//2599 2598//2598 2605//2605
f 2598//2598 2599//2599 2809//2809 2468//2468
f 2641//2641 2642//2642 2600//2600 2613//2613
f 2600//2600 2642//2642 2808//2808 2599//2599
f 2771//2771 2603//2603 2602//2602 2700//2700
f 2608//2608 2604//2604 2603//2603 2771//2771
f 2605//2605 2597//2597 2604//2604 2610//2610
f 2609//2609 2610//2610 2604//2604 2608//2608
f 2613//2613 2600//2600 2605//2605 2610//2610
f 2609//2609 2608//2608 2606//2606 2607//2607
f 2606//2606 2608//2608 2771//2771 2772//2772
f 2611//2611 2612//2612 2609//2609 2607//2607
f 2612//2612 2613//2613 2610//2610 2609//2609
f 2625//2625 2626//2626 2611//2611 2590//2590
f 2626//2626 2640//2640 2612//2612 2611//2611
f 2640//2640 2641//2641 2613//2613 2612//2612
f 2617//2617 2616//2616 2614//2614 2615//2615
f 2628//2628 2627//2627 2614//2614 2616//2616
f 2615//2615 1303//1303 2656//2656 2649//2649
f 2619//2619 2618//2618 2616//2616 2617//2617
f 2629//2629 2628//2628 2616//2616 2618//2618
f 2617//2617 2615//2615 2649//2649 2652//2652
f 2621//2621 2620//2620 2618//2618 2619//2619
f 2630//2630 2629//2629 2618//2618 2620//2620
f 2619//2619 2617//2617 2652//2652 2647//2647
f 2647//2647 2648//2648 2621//2621 2619//2619
f 2663//2663 2637//2637 2621//2621 2648//2648
f 2621//2621 2637//2637 2714//2714 2620//2620
f 2628//2628 2623//2623 2622//2622 2627//2627
f 2629//2629 2624//2624 2623//2623 2628//2628
f 2630//2630 2625//2625 2624//2624 2629//2629
f 2630//2630 2631//2631 2626//2626 2625//2625
f 2714//2714 2631//2631 2630//2630 2620//2620
f 2636//2636 2643//2643 2631//2631 2714//2714
f 2631//2631 2643//2643 2640//2640 2626//2626
f 2633//2633 2632//2632 2634//2634 2645//2645
f 2633//2633 2639//2639 2638//2638 2487//2487
f 2895//2895 2809//2809 2634//2634 2632//2632
f 2635//2635 2638//2638 2639//2639 2636//2636
f 2662//2662 2638//2638 2635//2635 2664//2664
f 2637//2637 2635//2635 2636//2636 2714//2714
f 2664//2664 2635//2635 2637//2637 2663//2663
f 2639//2639 2644//2644 2643//2643 2636//2636
f 2645//2645 2644//2644 2639//2639 2633//2633
f 2643//2643 2644//2644 2641//2641 2640//2640
f 2641//2641 2644//2644 2645//2645 2642//2642
f 2808//2808 2642//2642 2645//2645 2634//2634
f 2718//2718 2719//2719 2646//2646 2513//2513
f 2655//2655 2648//2648 2647//2647 2654//2654
f 2665//2665 2663//2663 2648//2648 2655//2655
f 2650//2650 2651//2651 2649//2649 2656//2656
f 2653//2653 2652//2652 2649//2649 2651//2651
f 2720//2720 2719//2719 2651//2651 2650//2650
f 2654//2654 2647//2647 2652//2652 2653//2653
f 2719//2719 2718//2718 2653//2653 2651//2651
f 2718//2718 2717//2717 2654//2654 2653//2653
f 2717//2717 2716//2716 2655//2655 2654//2654
f 2721//2721 2650//2650 2656//2656 1330//1330
f 2657//2657 2486//2486 2658//2658 2660//2660
f 2657//2657 2495//2495 2894//2894 2481//2481
f 2661//2661 2660//2660 2658//2658 2666//2666
f 2658//2658 2662//2662 2664//2664 2666//2666
f 2666//2666 2664//2664 2663//2663 2665//2665
f 2716//2716 2715//2715 2665//2665 2655//2655
f 2715//2715 2661//2661 2666//2666 2665//2665
f 2667//2667 2668//2668 2669//2669 2701//2701
f 2703//2703 2787//2787 2667//2667 2701//2701
f 2786//2786 2782//2782 2668//2668 2667//2667
f 2668//2668 1669//1669 3118//3118 2669//2669
f 2670//2670 156//156 2833//2833 168//168
f 2670//2670 168//168 2834//2834 129//129
f 2672//2672 2521//2521 2671//2671 3192//3192
f 2671//2671 2517//2517 2769//2769 3192//3192
f 2763//2763 2781//2781 2675//2675 768//768
f 3214//3214 386//386 2677//2677 2784//2784
f 2679//2679 540//540 2766//2766 2680//2680
f 2681//2681 2679//2679 2680//2680 2683//2683
f 2680//2680 2766//2766 2767//2767 2682//2682
f 2980//2980 2979//2979 2681//2681 2683//2683
f 2683//2683 2680//2680 2682//2682 2684//2684
f 2682//2682 2767//2767 2768//2768 535//535
f 2876//2876 2541//2541 2686//2686 2567//2567
f 2687//2687 2688//2688 2976//2976 2571//2571
f 2696//2696 2694//2694 2690//2690 2692//2692
f 2692//2692 2690//2690 2691//2691 2697//2697
f 2695//2695 2693//2693 2694//2694 2696//2696
f 2700//2700 2602//2602 2699//2699 2728//2728
f 2772//2772 2771//2771 2700//2700 2754//2754
f 2702//2702 2703//2703 2701//2701 3140//3140
f 2701//2701 2669//2669 3116//3116 3140//3140
f 2756//2756 2755//2755 2702//2702 3140//3140
f 2702//2702 2924//2924 2925//2925 2703//2703
f 2702//2702 2755//2755 3156//3156 2924//2924
f 2708//2708 2365//2365 2704//2704 2709//2709
f 2709//2709 2704//2704 2705//2705 2710//2710
f 2710//2710 2705//2705 2706//2706 2711//2711
f 2711//2711 2706//2706 2707//2707 2713//2713
f 3040//3040 2708//2708 2709//2709 3041//3041
f 3041//3041 2709//2709 2710//2710 3042//3042
f 3042//3042 2710//2710 2711//2711 3043//3043
f 2713//2713 2707//2707 2712//2712 3007//3007
f 3043//3043 2711//2711 2713//2713 3044//3044
f 2938//2938 457//457 2722//2722 425//425
f 2726//2726 2727//2727 2725//2725 3134//3134
f 3083//3083 1172//1172 2726//2726 3134//3134
f 2754//2754 2700//2700 2728//2728 2729//2729
f 2976//2976 2547//2547 2732//2732 2731//2731
f 2735//2735 2733//2733 2734//2734 2803//2803
f 2734//2734 3013//3013 3087//3087 2803//2803
f 2736//2736 2738//2738 2739//2739 2737//2737
f 2737//2737 2739//2739 2758//2758 1391//1391
f 2738//2738 2740//2740 2741//2741 2739//2739
f 2738//2738 2736//2736 2998//2998 2999//2999
f 2739//2739 2741//2741 2759//2759 2758//2758
f 2740//2740 2742//2742 2743//2743 2741//2741
f 2740//2740 2738//2738 2999//2999 3000//3000
f 2741//2741 2743//2743 2760//2760 2759//2759
f 2742//2742 2744//2744 2745//2745 2743//2743
f 2742//2742 2740//2740 3000//3000 3001//3001
f 2744//2744 2746//2746 2747//2747 2745//2745
f 2744//2744 2742//2742 3001//3001 3002//3002
f 2746//2746 2744//2744 3002//3002 3003//3003
f 3004//3004 3149//3149 2747//2747 2746//2746
f 2748//2748 1749//1749 3164//3164 3163//3163
f 2750//2750 2748//2748 2749//2749 2752//2752
f 2749//2749 2748//2748 3163//3163 3162//3162
f 2752//2752 2749//2749 2751//2751 2753//2753
f 2751//2751 2749//2749 3162//3162 3161//3161
f 2969//2969 2750//2750 2752//2752 2970//2970
f 2753//2753 2971//2971 2970//2970 2752//2752
f 2802//2802 2801//2801 2755//2755 2756//2756
f 2755//2755 2801//2801 3191//3191 3156//3156
f 2756//2756 3140//3140 3116//3116 1697//1697
f 2758//2758 2759//2759 2778//2778 2777//2777
f 2759//2759 2760//2760 2779//2779 2778//2778
f 2762//2762 808//808 2761//2761 2764//2764
f 2761//2761 2735//2735 2803//2803 2763//2763
f 2764//2764 2761//2761 2763//2763 768//768
f 2766//2766 2792//2792 2793//2793 2767//2767
f 2768//2768 2767//2767 2793//2793 3177//3177
f 2823//2823 2824//2824 2769//2769 2518//2518
f 2803//2803 3087//3087 2781//2781 2763//2763
f 2783//2783 270//270 3076//3076 274//274
f 2784//2784 381//381 2963//2963 391//391
f 2787//2787 2788//2788 2786//2786 2667//2667
f 2787//2787 2703//2703 2925//2925 1666//1666
f 2793//2793 2792//2792 3171//3171 3170//3170
f 2796//2796 2798//2798 2953//2953 2951//2951
f 2798//2798 2796//2796 2797//2797 2799//2799
f 2995//2995 3132//3132 2797//2797 2796//2796
f 2798//2798 401//401 2955//2955 2953//2953
f 2923//2923 2935//2935 2801//2801 2802//2802
f 2807//2807 3197//3197 2862//2862 1506//1506
f 2809//2809 2599//2599 2808//2808 2634//2634
f 2882//2882 2829//2829 2810//2810 1128//1128
f 2812//2812 2811//2811 2883//2883 1244//1244
f 2824//2824 2491//2491 3192//3192 2769//2769
f 2827//2827 1147//1147 2897//2897 2944//2944
f 2829//2829 1160//1160 2880//2880 2810//2810
f 2830//2830 2896//2896 2897//2897 2828//2828
f 2867//2867 166//166 2833//2833 239//239
f 2924//2924 1663//1663 2843//2843 2925//2925
f 2859//2859 562//562 2929//2929 3194//3194
f 2863//2863 2861//2861 2862//2862 3197//3197
f 3204//3204 2861//2861 2863//2863 1676//1676
f 2873//2873 2872//2872 3203//3203 189//189
f 2874//2874 619//619 2916//2916 458//458
f 2896//2896 989//989 2944//2944 2897//2897
f 2913//2913 2899//2899 2900//2900 1762//1762
f 2903//2903 2993//2993 3057//3057 497//497
f 2914//2914 3094//3094 3039//3039 513//513
f 2924//2924 3156//3156 3210//3210 1663//1663
f 2927//2927 280//280 3150//3150 3207//3207
f 3156//3156 3191//3191 2936//2936 3210//3210
f 2948//2948 2946//2946 2947//2947 2949//2949
f 2950//2950 2948//2948 2949//2949 2951//2951
f 2994//2994 2995//2995 2949//2949 2947//2947
f 2952//2952 2950//2950 2951//2951 2953//2953
f 2995//2995 2796//2796 2951//2951 2949//2949
f 2954//2954 2952//2952 2953//2953 2955//2955
f 2956//2956 2954//2954 2955//2955 2723//2723
f 2958//2958 1631//1631 2957//2957 1856//1856
f 2959//2959 1751//1751 3166//3166 3165//3165
f 2961//2961 556//556 3045//3045 387//387
f 3117//3117 654//654 2964//2964 2977//2977
f 2969//2969 2970//2970 2968//2968 3098//3098
f 2968//2968 2970//2970 2971//2971 3095//3095
f 3084//3084 3098//3098 2968//2968 3085//3085
f 3086//3086 3085//3085 2968//2968 3095//3095
f 3117//3117 2972//2972 2971//2971 2753//2753
f 2977//2977 279//279 2972//2972 3117//3117
f 2975//2975 335//335 2973//2973 2974//2974
f 2988//2988 2975//2975 2974//2974 2987//2987
f 2978//2978 3011//3011 3138//3138 338//338
f 3065//3065 3064//3064 2979//2979 2980//2980
f 3024//3024 3023//3023 2981//2981 2982//2982
f 3025//3025 3024//3024 2982//2982 2983//2983
f 3026//3026 3025//3025 2983//2983 2984//2984
f 3027//3027 3026//3026 2984//2984 2985//2985
f 2989//2989 327//327 2990//2990 2992//2992
f 2991//2991 2989//2989 2992//2992 2993//2993
f 2992//2992 2990//2990 3052//3052 3056//3056
f 2993//2993 2992//2992 3056//3056 3057//3057
f 2994//2994 3157//3157 3132//3132 2995//2995
f 3000//3000 2999//2999 3021//3021 3022//3022
f 3001//3001 3000//3000 3022//3022 3023//3023
f 3002//3002 3001//3001 3023//3023 3024//3024
f 3004//3004 2746//2746 3003//3003 3005//3005
f 3003//3003 3002//3002 3024//3024 3025//3025
f 3005//3005 3003//3003 3025//3025 3026//3026
f 3006//3006 174//174 3027//3027 175//175
f 3044//3044 2713//2713 3007//3007 837//837
f 3169//3169 3170//3170 3008//3008 3009//3009
f 3009//3009 3008//3008 3010//3010 3011//3011
f 3011//3011 3010//3010 3139//3139 3138//3138
f 3012//3012 3014//3014 3097//3097 3213//3213
f 3012//3012 3213//3213 3135//3135 3013//3013
f 3013//3013 3135//3135 3136//3136 3087//3087
f 3019//3019 3020//3020 3018//3018 3075//3075
f 3018//3018 3020//3020 3068//3068 3069//3069
f 3018//3018 3069//3069 3070//3070 3072//3072
f 3073//3073 3075//3075 3018//3018 3072//3072
f 3074//3074 3096//3096 3019//3019 3075//3075
f 3020//3020 3019//3019 3067//3067 2260//2260
f 3028//3028 3088//3088 3060//3060 3062//3062
f 3034//3034 1833//1833 3066//3066 3035//3035
f 3036//3036 3034//3034 3035//3035 3038//3038
f 3035//3035 3066//3066 3099//3099 3037//3037
f 3093//3093 3079//3079 3036//3036 3038//3038
f 3038//3038 3035//3035 3037//3037 3039//3039
f 3094//3094 3093//3093 3038//3038 3039//3039
f 3154//3154 3155//3155 3040//3040 3041//3041
f 3153//3153 3154//3154 3041//3041 3042//3042
f 3152//3152 3153//3153 3042//3042 3043//3043
f 3151//3151 3152//3152 3043//3043 3044//3044
f 3048//3048 3047//3047 3046//3046 2232//2232
f 3046//3046 3112//3112 3111//3111 2077//2077
f 3047//3047 3113//3113 3112//3112 3046//3046
f 3100//3100 3047//3047 3048//3048 3096//3096
f 3050//3050 3049//3049 3084//3084 3085//3085
f 3051//3051 3050//3050 3085//3085 3086//3086
f 3052//3052 3054//3054 3053//3053 3056//3056
f 3053//3053 3090//3090 3091//3091 3055//3055
f 3054//3054 3089//3089 3090//3090 3053//3053
f 3056//3056 3053//3053 3055//3055 3057//3057
f 3055//3055 3091//3091 3092//3092 498//498
f 3059//3059 3058//3058 3128//3128 3144//3144
f 3088//3088 1445//1445 3061//3061 3060//3060
f 3066//3066 3064//3064 3065//3065 3099//3099
f 3096//3096 3048//3048 3067//3067 3019//3019
f 3072//3072 3070//3070 3071//3071 928//928
f 3074//3074 3075//3075 3073//3073 3102//3102
f 3076//3076 3051//3051 3086//3086 3077//3077
f 3077//3077 3086//3086 3095//3095 278//278
f 3080//3080 3078//3078 3079//3079 3089//3089
f 3090//3090 3089//3089 3079//3079 3093//3093
f 3091//3091 3090//3090 3093//3093 3094//3094
f 3092//3092 3091//3091 3094//3094 2914//2914
f 3101//3101 3100//3100 3096//3096 3074//3074
f 3097//3097 597//597 3122//3122 3213//3213
f 3100//3100 3114//3114 3113//3113 3047//3047
f 3101//3101 759//759 3114//3114 3100//3100
f 3143//3143 3144//3144 3111//3111 3112//3112
f 3142//3142 3143//3143 3112//3112 3113//3113
f 3118//3118 1694//1694 3116//3116 2669//2669
f 3124//3124 3123//3123 3119//3119 3120//3120
f 3125//3125 3124//3124 3120//3120 3121//3121
f 3122//3122 620//620 3135//3135 3213//3213
f 3129//3129 2071//2071 3128//3128 3058//3058
f 3172//3172 3173//3173 3152//3152 3151//3151
f 3173//3173 3174//3174 3153//3153 3152//3152
f 3174//3174 3175//3175 3154//3154 3153//3153
f 3175//3175 3176//3176 3155//3155 3154//3154
f 3161//3161 3162//3162 3185//3185 3184//3184
f 3162//3162 3163//3163 3186//3186 3185//3185
f 3163//3163 3164//3164 3187//3187 3186//3186
f 3164//3164 3165//3165 3188//3188 3187//3187
f 3177//3177 2793//2793 3170//3170 3169//3169
f 3178//3178 3179//3179 3172//3172 830//830
f 3179//3179 3180//3180 3173//3173 3172//3172
f 3180//3180 3181//3181 3174//3174 3173//3173
f 3181//3181 3182//3182 3175//3175 3174//3174
f 3182//3182 3183//3183 3176//3176 3175//3175
f 3184//3184 3185//3185 3180//3180 3179//3179
f 3185//3185 3186//3186 3181//3181 3180//3180
f 3186//3186 3187//3187 3182//3182 3181//3181
f 3187//3187 3188//3188 3183//3183 3182//3182
f 3215//3215 737//737 568//568 743//743
f 3216//3216 2917//2917 1707//1707 1706//1706
f 3217//3217 2042//2042 2041//2041 1876//1876
f 3218//3218 1917//1917 1916//1916 2065//2065
f 3219//3219 969//969 962//962 937//937
f 3220//3220 712//712 527//527 723//723
f 3221//3221 2933//2933 472//472 463//463
f 3222//3222 3208//3208 386//386 3137//3137
