# Blender 4.3.0
# www.blender.org
mtllib 6inflated.mtl
o 6
v -1.707437 -1.544602 6.005827
v -1.652360 -1.745839 5.878972
v -1.454076 -1.564583 6.112564
v -1.167889 -1.774181 6.046738
v -1.194186 -1.582710 6.181507
v -1.748271 -1.324817 6.106366
v -0.919895 -1.807583 6.083977
v -0.933674 -1.608570 6.226105
v -0.664338 -1.846615 6.078659
v -0.667530 -1.642352 6.234107
v -0.945431 -1.399034 6.320800
v -0.669572 -1.436933 6.335329
v -1.487751 -1.344715 6.214030
v -1.779377 -1.088318 6.189137
v -0.952718 -1.166165 6.388563
v -0.663015 -1.184211 6.364148
v -0.947994 -0.898423 6.337123
v -0.398340 -1.696122 6.207032
v -0.391380 -1.485489 6.326487
v -0.404962 -1.894505 6.042819
v -0.382370 -1.231600 6.379322
v -0.103242 -1.274045 6.382880
v -0.117160 -1.522493 6.307644
v 0.173617 -1.314847 6.387768
v 0.419835 -1.586460 6.232085
v 0.152110 -1.555282 6.277523
v 0.193982 -1.028308 6.337506
v 0.477526 -1.064296 6.377813
v -0.660225 -0.928154 6.414972
v -0.360438 -0.959023 6.337781
v -0.660285 -0.664871 6.477508
v -0.351679 -0.699222 6.369178
v -0.642230 -0.401503 6.467291
v -0.082965 -0.990956 6.342291
v -0.069916 -0.727491 6.351808
v -0.357522 -0.425350 6.449548
v -0.052679 -0.430896 6.389872
v -0.341763 -0.161970 6.473364
v 0.211415 -0.765697 6.380647
v 0.279904 -0.432708 6.316962
v -0.019925 -0.186290 6.386331
v 0.498286 -0.788778 6.350245
v 0.521492 -0.512710 6.337798
v 0.251699 -0.205334 6.336833
v 0.534677 -0.241686 6.409687
v 0.262935 0.055858 6.455269
v 0.447278 -1.333431 6.342086
v 0.683028 -1.603977 6.162668
v 0.719792 -1.353367 6.287678
v 0.984923 -1.370827 6.206217
v 0.754868 -1.089272 6.359386
v 1.025551 -1.109913 6.307703
v 0.782313 -0.817883 6.376535
v 0.799728 -0.545509 6.338244
v 0.546062 0.020990 6.447396
v 0.820579 -0.284090 6.353824
v 1.060743 -0.844058 6.369839
v 1.088616 -0.574085 6.384435
v 1.097525 -0.297805 6.352415
v 0.829182 -0.001141 6.474548
v 1.116540 -0.023841 6.411613
v -2.072067 1.372919 5.787515
v -2.159486 1.116474 5.895020
v -1.834723 1.364859 5.952631
v -1.910996 1.100940 6.054040
v -1.747113 1.607270 5.816542
v -1.968283 1.609601 5.647398
v -1.123185 0.757460 6.362973
v -1.155984 0.487973 6.343585
v -0.850814 0.730481 6.369983
v -0.900918 0.165867 6.392351
v -0.603934 0.127777 6.465298
v -0.837782 0.485029 6.328249
v -1.656790 1.082819 6.197964
v -1.587388 1.347269 6.097668
v -1.331660 1.325898 6.221494
v -1.263499 1.573031 6.106414
v -1.508629 1.585399 5.963740
v -1.389024 1.055759 6.303784
v -1.441261 0.782997 6.366067
v -1.111992 1.032001 6.374028
v -1.064634 1.304705 6.310369
v -1.007409 1.564892 6.200478
v -0.824709 0.989791 6.379713
v -0.793993 1.272303 6.374187
v -0.747439 1.533356 6.280344
v -0.559094 0.683209 6.335424
v -0.580676 0.401542 6.375683
v -0.629859 -0.135083 6.475251
v -0.293097 0.367324 6.464017
v -0.288543 0.641846 6.382404
v -0.539778 0.941987 6.352671
v -0.267737 0.905914 6.382901
v -0.312663 0.111623 6.474382
v -0.022068 0.069379 6.420431
v -0.011517 0.340168 6.472692
v 0.002170 0.603458 6.470558
v 0.012774 0.865340 6.486378
v 0.272093 0.313986 6.474873
v 0.285188 0.572690 6.449662
v 0.554766 0.282408 6.476120
v 0.570728 0.550155 6.395907
v 0.300998 0.829617 6.388870
v 0.572607 0.802688 6.351394
v 0.305104 1.085455 6.424282
v -0.512409 1.216526 6.375434
v -0.482812 1.478271 6.343123
v -0.239759 1.172667 6.405359
v -0.217044 1.427593 6.379522
v -0.184567 1.658742 6.293702
v -0.438291 1.694099 6.238105
v 0.030477 1.125288 6.408720
v 0.053691 1.376540 6.358463
v 0.068156 1.631028 6.332998
v 0.314840 1.329594 6.349605
v 0.324195 1.585389 6.363932
v 0.575849 1.052113 6.352158
v 0.836320 0.252912 6.477892
v 0.846214 0.784941 6.402863
v 0.839378 1.030408 6.358191
v 1.122309 0.240390 6.409492
v 0.844368 0.526353 6.349546
v 1.115163 0.761304 6.361150
v 0.573252 1.534554 6.362136
v 0.582577 1.734393 6.285396
v 0.347204 1.780482 6.259021
v 0.575043 1.301386 6.377814
v 0.831508 1.275965 6.375877
v 0.818145 1.503993 6.351067
v 1.062228 1.485879 6.323016
v 0.809784 1.711196 6.267009
v -3.159811 -1.602446 4.015402
v -3.002046 -1.803067 3.909704
v -2.906429 -1.799494 4.176783
v -3.293127 -1.374319 4.105309
v -3.064110 -1.594967 4.285954
v -3.192850 -1.365942 4.379676
v -3.299613 -1.119423 4.461167
v -3.375850 -0.855386 4.525035
v -3.392750 -1.122781 4.178919
v -3.412170 -1.556354 2.948540
v -3.282606 -1.763054 2.885916
v -3.214719 -1.790481 3.133774
v -3.363199 -1.580628 3.209128
v -3.078444 -1.810265 3.647600
v -3.238835 -1.604768 3.743746
v -3.121044 -1.940202 2.805782
v -3.046764 -1.971299 3.042132
v -2.885624 -1.990026 3.530783
v -2.803895 -1.985544 3.780654
v -2.964859 -1.987060 3.284265
v -3.155912 -1.813830 3.390442
v -3.473536 -1.344483 3.273813
v -3.543310 -1.097444 3.327599
v -3.511177 -1.323849 3.003725
v -3.537021 -0.831659 3.371641
v -3.541036 -1.076304 3.049959
v -3.521076 -0.565943 3.401252
v -3.520566 -0.814926 3.088949
v -3.515545 -0.301833 3.418134
v -3.514236 -0.557063 3.110061
v -3.426795 -1.664156 2.164490
v -3.507807 -1.479154 2.192403
v -3.512816 -1.470936 1.942553
v -3.548741 -1.263530 1.956153
v -3.550486 -1.266655 2.215843
v -3.329102 -1.733367 2.638602
v -3.199703 -1.904915 2.576731
v -3.270200 -1.855081 2.347973
v -3.390485 -1.702738 2.398818
v -2.850271 -2.182203 2.356718
v -3.035385 -2.056511 2.481928
v -2.946319 -2.140294 2.150951
v -3.044253 -2.077478 1.954500
v -3.186001 -1.968013 2.085602
v -3.243535 -1.919873 1.925621
v -3.501252 -0.295770 3.128435
v -3.536565 -0.553441 2.824978
v -3.535263 -0.807301 2.805712
v -3.505571 -0.786364 2.528344
v -3.589462 -0.291481 2.832587
v -3.514190 -0.541404 2.543145
v -3.533831 -1.035465 2.507681
v -3.536767 -1.024359 2.238284
v -3.498190 -0.778888 2.257603
v -3.550873 -0.283892 2.548496
v -3.524264 -0.539196 2.266258
v -3.530916 -1.027440 1.971533
v -3.525671 -0.777462 2.005432
v -3.489562 -1.484326 1.694196
v -3.552038 -1.277306 1.695369
v -3.335778 -1.692338 1.470580
v -3.397656 -1.672521 1.698670
v -3.438915 -1.507838 1.451926
v -3.518831 -1.301596 1.440990
v -3.284130 -1.829772 1.718630
v -3.340690 -1.805749 1.920300
v -3.208493 -1.868749 1.524385
v -3.384894 -1.550631 1.214692
v -3.269506 -1.727234 1.254871
v -3.480597 -1.344999 1.190460
v -3.182388 -1.773915 1.040695
v -3.120355 -1.913684 1.334396
v -3.348094 -1.450576 0.697462
v -3.213537 -1.655386 0.748955
v -3.304959 -1.606446 0.980949
v -3.460240 -1.218566 0.660883
v -3.417064 -1.393394 0.944456
v -3.058965 -2.026691 1.627257
v -3.533357 -1.044660 1.702922
v -3.508729 -0.760840 1.779322
v -3.504547 -0.531800 2.020160
v -3.610339 -0.284535 1.985603
v -3.554371 -0.535118 1.729112
v -3.548315 -1.077624 1.434732
v -3.528625 -0.829664 1.431977
v -3.488344 -0.574801 1.466869
v -3.587650 -0.294295 1.713199
v -3.546317 -1.116279 1.172220
v -3.536493 -0.866149 1.163269
v -3.520316 -0.594106 1.154657
v -3.504328 -1.159009 0.916442
v -3.539774 -0.912107 0.895020
v -3.529640 -0.642349 0.881982
v -3.513266 -0.285064 1.198126
v -3.514938 -0.359567 0.888470
v -3.529223 -0.961809 0.630728
v -3.538323 -0.688347 0.612336
v -3.509665 -0.400853 0.601949
v -3.208257 -1.413406 -0.085038
v -3.294535 -1.365446 0.160951
v -3.369581 -1.123521 -0.143288
v -3.433671 -1.075294 0.112313
v -3.477736 -0.823816 -0.184497
v -3.520227 -0.779607 0.077796
v -2.832584 -1.573932 4.801700
v -2.687353 -1.773427 4.676349
v -2.564732 -1.763801 4.916218
v -2.799159 -1.332922 5.151965
v -2.691568 -1.557963 5.042078
v -2.512043 -1.963315 4.515598
v -2.537205 -1.547480 5.271210
v -2.422916 -1.747556 5.138727
v -2.631496 -1.322377 5.383841
v -2.363101 -1.536839 5.486452
v -2.267156 -1.739810 5.354073
v -2.443086 -1.313942 5.600265
v -2.882575 -1.087388 5.243196
v -2.949199 -1.345802 4.905808
v -2.943293 -0.826533 5.315692
v -3.040597 -1.098284 4.993368
v -2.983244 -0.554559 5.369283
v -3.106624 -0.835389 5.062668
v -2.704501 -1.078137 5.477025
v -2.757185 -0.819005 5.550820
v -2.791146 -0.548968 5.605574
v -2.802521 -0.270334 5.636575
v -3.003154 -0.274563 5.403805
v -2.504052 -1.071717 5.693339
v -2.548019 -0.814780 5.766980
v -2.572638 -0.546605 5.818324
v -2.582070 -0.270908 5.850482
v -2.800963 -1.788810 4.431678
v -2.954036 -1.585177 4.548112
v -2.717546 -1.982897 4.029457
v -3.079662 -1.357089 4.647730
v -2.300986 -2.109766 4.340426
v -2.614993 -1.973069 4.274958
v -2.397713 -2.119820 4.107026
v -2.163319 -2.219872 3.938293
v -2.493576 -2.126362 3.870698
v -2.074047 -2.216701 4.168175
v -3.462391 -0.857094 4.236452
v -3.509567 -0.584412 4.279897
v -3.423622 -0.580424 4.571428
v -3.527316 -0.306617 4.311562
v -3.177567 -1.108588 4.731375
v -3.254786 -0.847063 4.801017
v -2.579026 -2.131419 3.632690
v -2.666332 -2.136988 3.394080
v -2.756664 -2.133288 3.157307
v -2.338519 -2.241018 3.474225
v -2.293702 -2.316625 2.852573
v -2.431265 -2.242853 3.241588
v -2.529504 -2.241149 3.011157
v -1.997889 -2.285167 3.540224
v -2.085943 -2.291340 3.306455
v -2.184926 -2.305890 3.077829
v -1.915450 -2.280689 3.771765
v -2.249014 -2.227237 3.706779
v -1.743818 -2.294739 3.373361
v -1.933322 -2.324573 2.903800
v -1.832562 -2.306540 3.136532
v -1.663010 -2.281379 3.609351
v -2.780448 -2.228123 1.998315
v -2.742146 -2.209158 2.567983
v -2.635183 -2.232171 2.787086
v -2.942856 -2.094098 2.699619
v -2.780212 -2.191054 1.627582
v -2.913751 -2.142470 1.797859
v -2.409968 -2.309170 2.630957
v -2.319892 -2.343699 2.240834
v -2.655972 -2.267348 2.205113
v -2.464222 -2.322723 2.029669
v -2.049727 -2.340579 2.677954
v -1.953239 -2.350352 2.269483
v -2.180463 -2.348047 2.457431
v -1.683690 -2.299315 2.724202
v -1.807280 -2.324451 2.491608
v -2.833598 -2.105001 1.274306
v -2.950656 -2.067488 1.458434
v -3.072412 -1.837457 0.829106
v -3.016299 -1.953511 1.139092
v -2.646821 -2.221016 1.442312
v -2.775831 -2.036291 0.736679
v -2.896326 -1.994565 0.944105
v -2.507961 -2.241815 1.249082
v -2.708192 -2.134393 1.083151
v -2.283920 -2.344629 1.837812
v -2.620007 -2.274960 1.824237
v -2.462393 -2.300483 1.633055
v -2.576555 -2.159765 0.883170
v -2.107136 -2.342560 1.638609
v -2.305427 -2.308917 1.436438
v -1.936264 -2.324681 1.430819
v -2.226565 -2.260584 0.836924
v -2.366502 -2.250866 1.048626
v -3.055257 -1.623322 -0.012283
v -3.152190 -1.581286 0.221972
v -3.288702 -1.156030 -0.392298
v -3.128468 -1.441925 -0.328340
v -3.409706 -0.859427 -0.440232
v -2.842874 -1.911214 0.400146
v -2.959084 -1.881110 0.614604
v -3.015422 -1.749066 0.297513
v -2.970723 -1.648103 -0.249769
v -3.211860 -1.185244 -0.641280
v -3.040381 -1.456265 -0.569973
v -3.341496 -0.893258 -0.694516
v -2.903480 -1.788331 0.073276
v -2.709396 -1.844466 -0.392631
v -2.807448 -1.822416 -0.159218
v -2.621434 -1.976541 -0.048287
v -2.731838 -1.948155 0.178668
v -2.417237 -2.105457 0.081608
v -2.306745 -2.130785 -0.148752
v -2.534503 -2.083921 0.306870
v -2.410140 -2.020851 -0.511080
v -2.608346 -1.861256 -0.626430
v -2.200044 -2.207289 0.227590
v -2.094473 -2.262280 0.616078
v -2.320057 -2.191383 0.453008
v -3.492320 -0.556767 -0.475153
v -3.533777 -0.521389 -0.213839
v -3.536856 -0.251929 -0.500094
v -3.544837 -0.217851 -0.229230
v -3.551719 0.052235 -0.514279
v -3.543114 0.083534 -0.240817
v -3.428558 -0.590345 -0.733189
v -3.479073 -0.284046 -0.760162
v -3.491953 0.021502 -0.774888
v -2.957475 -1.470027 -0.812369
v -3.256755 -0.918044 -0.942660
v -3.122038 -1.203771 -0.884563
v -2.868760 -1.485994 -1.055526
v -3.035900 -1.221892 -1.129545
v -2.773687 -1.496332 -1.293967
v -3.169456 -0.938802 -1.189489
v -2.937739 -1.235776 -1.369135
v -2.879434 -1.663964 -0.487085
v -2.790421 -1.680300 -0.725976
v -2.696636 -1.699908 -0.965713
v -3.074312 -0.957195 -1.432295
v -2.835220 -1.251860 -1.606288
v -2.593584 -1.708667 -1.200529
v -2.864293 -0.985867 -1.907673
v -2.616691 -1.262121 -2.072256
v -2.724176 -1.259050 -1.839069
v -2.507052 -1.882447 -0.861594
v -2.399736 -1.895725 -1.094948
v -2.489598 -1.718443 -1.433882
v -2.662555 -1.502992 -1.524982
v -2.557869 -1.512912 -1.757621
v -2.258146 -1.721386 -1.885840
v -2.373293 -1.718189 -1.659904
v -3.352210 -0.619070 -0.986449
v -3.411174 -0.314103 -1.017435
v -3.266571 -0.642807 -1.236036
v -3.326196 -0.339521 -1.268998
v -3.175003 -0.664423 -1.482055
v -2.971348 -0.973648 -1.671438
v -2.331391 -1.500818 -2.212607
v -2.445088 -1.502472 -1.985789
v -2.753619 -0.995316 -2.141398
v -2.496504 -1.263549 -2.297609
v -2.169986 -1.536351 5.687194
v -2.088014 -1.737952 5.550457
v -1.947629 -1.534547 5.859280
v -1.881279 -1.734267 5.729817
v -2.003854 -1.315300 5.970561
v -1.819658 -1.896188 5.576529
v -1.881886 -2.048072 5.210497
v -1.995736 -2.068956 5.005251
v -1.817947 -2.180309 4.826046
v -1.441320 -2.203297 5.225469
v -1.657205 -2.130542 5.243901
v -1.506805 -2.219860 5.082437
v -1.557038 -2.235417 4.886149
v -1.613348 -2.244796 4.671193
v -1.548554 -2.045752 5.544615
v -1.605480 -1.912612 5.722874
v -1.752475 -2.022438 5.414867
v -1.324497 -2.262565 4.987016
v -1.304725 -2.238442 5.193576
v -1.401199 -2.278681 4.539102
v -1.305962 -2.179807 5.401913
v -1.502778 -2.138337 5.380769
v -1.410928 -1.760843 5.977448
v -1.373432 -1.941377 5.802740
v -1.334462 -2.082254 5.605983
v -2.232519 -1.310936 5.795629
v -2.282438 -1.069848 5.887548
v -2.333645 -0.550250 6.006907
v -2.311458 -0.814256 5.952698
v -2.340029 -0.277112 6.038206
v -2.063853 -0.823513 6.118271
v -2.037687 -1.075677 6.051839
v -1.986303 -2.207323 4.393752
v -2.103456 -2.087936 4.789690
v -2.203911 -2.101061 4.567935
v -1.900056 -2.192466 4.613180
v -1.586133 -2.276400 3.843616
v -1.832000 -2.269789 4.000872
v -1.453098 -2.277900 4.306939
v -1.753561 -2.260583 4.227452
v -1.515450 -2.271803 4.075744
v -1.277512 -2.239719 3.939211
v -1.224481 -2.250213 4.179151
v -1.183755 -2.265472 4.421165
v -1.125849 -2.287734 4.904137
v -1.358616 -2.275814 4.768265
v -1.150515 -2.283718 4.663431
v -1.495398 -2.253316 3.210119
v -1.417590 -2.242299 3.454544
v -1.345057 -2.239333 3.697609
v -1.258057 -2.175734 3.056275
v -0.788812 -1.902061 3.082207
v -0.974786 -2.043463 3.184588
v -1.042345 -2.057725 2.919682
v -0.844250 -2.047255 3.703414
v -1.118287 -2.154899 3.564593
v -0.909477 -2.038089 3.445135
v -0.713605 -1.888528 3.337255
v -1.569716 -2.272730 2.296247
v -1.339039 -2.198138 2.798018
v -1.580946 -2.273623 2.965429
v -1.435710 -2.232463 2.541157
v -1.328532 -2.184151 2.086725
v -1.731074 -2.319720 2.069105
v -1.521185 -2.257562 1.857872
v -0.853231 -1.921749 2.810576
v -1.112597 -2.085429 2.646402
v -0.912817 -1.946145 2.539742
v -0.972520 -1.978823 2.247302
v -1.202949 -2.122694 2.378349
v -0.573076 -1.600615 2.425047
v -0.416801 -1.377187 2.402497
v -0.379005 -1.362556 2.659916
v -0.283279 -1.126996 2.393501
v -0.253857 -1.115223 2.638446
v -0.744696 -1.796833 2.459553
v -0.775512 -1.805423 2.189468
v -0.440861 -1.395159 1.912335
v -0.303197 -1.134995 1.919888
v -0.301942 -1.135519 2.153225
v -0.565920 -1.613006 1.639732
v -0.413342 -1.381084 1.668396
v -0.277929 -1.129232 1.686906
v -0.178027 -0.859602 2.389520
v -0.155075 -0.851053 2.626222
v -0.102765 -0.580474 2.386854
v -0.085357 -0.574262 2.618927
v -0.058345 -0.294320 2.384018
v -0.046488 -0.290326 2.615360
v -0.046869 -0.005254 2.381239
v -0.047030 -0.003697 2.622196
v -0.193566 -0.864673 1.926325
v -0.192799 -0.865026 2.155511
v -0.115214 -0.584457 1.930765
v -0.114564 -0.584323 2.156668
v -0.067438 -0.298277 1.934626
v -0.067273 -0.297245 2.157266
v -0.050807 -0.008844 1.937720
v -0.051007 -0.007321 2.157785
v -0.175189 -0.860481 1.699665
v -0.099746 -0.581842 1.707925
v -0.058755 -0.298244 1.712679
v -0.044871 -0.011170 1.715894
v -1.776074 -2.300081 1.211113
v -1.724733 -2.312627 1.639673
v -1.325252 -2.185543 1.621075
v -1.551240 -2.262027 1.413028
v -1.061207 -2.033260 1.872319
v -1.403983 -2.232646 1.163552
v -1.060930 -2.113718 1.071023
v -0.955259 -1.994883 1.501544
v -1.181016 -2.131609 1.344433
v -1.158229 -2.216704 0.651581
v -1.278838 -2.212444 0.906310
v -1.503491 -2.279497 0.732527
v -0.953029 -2.103904 0.807682
v -2.301203 -2.040103 -0.743824
v -2.195487 -2.151989 -0.380939
v -1.615208 -2.305825 0.318178
v -1.736339 -2.295581 0.557149
v -1.971017 -2.273915 0.387003
v -1.731844 -2.304010 -0.082568
v -1.850526 -2.283555 0.153800
v -1.966964 -2.245990 -0.236703
v -2.081991 -2.223832 -0.003215
v -1.728516 -2.281820 -0.703038
v -1.849352 -2.264943 -0.470315
v -2.080230 -2.167741 -0.612472
v -1.381902 -2.284926 0.486505
v -1.495349 -2.321929 0.077995
v -1.611775 -2.324927 -0.319259
v -1.355119 -2.349758 -0.786241
v -1.486254 -2.336635 -0.554251
v -1.246122 -2.364293 -0.400166
v -2.172984 -1.909734 -1.551617
v -2.046544 -1.906760 -1.772130
v -1.964592 -2.186280 -0.844310
v -2.189004 -2.055184 -0.975554
v -1.711601 -2.191267 -1.295403
v -1.840961 -2.192036 -1.071931
v -1.947917 -2.063514 -1.427360
v -1.819457 -2.062823 -1.647539
v -1.684302 -2.050412 -1.862545
v -1.600554 -2.288224 -0.932071
v -1.465719 -2.284912 -1.156456
v -2.373607 -1.264478 -2.520243
v -2.206306 -1.495367 -2.433137
v -2.512347 -1.008975 -2.592755
v -2.634479 -1.003117 -2.368622
v -2.252378 -1.266118 -2.741956
v -2.082843 -1.495979 -2.654074
v -2.391543 -1.014371 -2.815915
v -1.789496 -1.886402 -2.203986
v -1.917781 -1.892894 -1.988249
v -2.136900 -1.711428 -2.107568
v -2.128682 -1.268098 -2.960409
v -1.953575 -1.486487 -2.867676
v -2.275081 -1.024169 -3.039820
v -1.752465 -1.693721 -2.753167
v -1.880631 -1.700529 -2.539241
v -1.832440 -1.491474 -3.084880
v -2.005408 -1.272040 -3.178083
v -1.406447 -2.009603 -2.279599
v -1.292410 -2.145494 -1.936426
v -1.546513 -2.029944 -2.072236
v -1.390116 -1.856517 -2.835863
v -1.624521 -1.691589 -2.965698
v -1.263538 -1.848932 -3.048535
v -2.616255 -0.734032 -2.651381
v -2.739773 -0.725016 -2.426433
v -2.501552 -0.745978 -2.878827
v -1.711580 -1.497616 -3.302172
v -2.148294 -1.028117 -3.256837
v -1.883274 -1.276810 -3.394011
v -1.761323 -1.283047 -3.608117
v -1.590751 -1.498752 -3.514205
v -1.905208 -1.045430 -3.690055
v -1.500923 -1.692462 -3.179676
v -1.649191 -1.295256 -3.825775
v -1.478238 -1.508536 -3.731051
v -2.485932 -0.184508 -3.181745
v -2.486387 0.107015 -3.199474
v -2.368454 -0.198724 -3.407147
v -1.113796 -2.117735 5.624102
v -1.138726 -1.973161 5.847091
v -0.903863 -2.273903 5.086195
v -0.893160 -2.234264 5.353242
v -1.106713 -2.267162 5.144290
v -0.891308 -2.147439 5.614511
v -0.899760 -2.003988 5.859014
v -1.101835 -2.213637 5.386664
v -0.659014 -2.040072 5.848783
v -0.468826 -2.239779 5.254504
v -0.666278 -2.173742 5.587705
v -0.681461 -2.239681 5.307869
v -0.699379 -2.260448 5.022891
v -0.496260 -2.233928 4.957512
v -0.440169 -2.183503 5.542399
v -0.938949 -2.247476 4.564416
v -0.920463 -2.274631 4.821995
v -0.963672 -2.217762 4.312114
v -1.001471 -2.179460 4.064620
v -0.783780 -2.073159 3.961807
v -0.727405 -2.175827 4.468648
v -0.751309 -2.116505 4.211926
v -0.547026 -1.970562 4.119408
v -0.522591 -2.057856 4.376812
v -0.517859 -2.161720 4.662990
v -0.716100 -2.233333 4.739994
v -0.322099 -2.081894 4.600056
v -0.657784 -1.894948 3.598582
v -0.433081 -1.557111 3.206280
v -0.569617 -1.733285 3.260879
v -0.637542 -1.759240 3.012253
v -0.509416 -1.729465 3.510185
v -0.306198 -1.337086 3.157430
v -0.263798 -1.336107 3.388106
v -0.191453 -1.095134 3.119267
v -0.163275 -1.091111 3.346053
v -0.384306 -1.552386 3.444868
v -0.226822 -1.339702 3.609544
v -0.139763 -1.088103 3.561325
v -0.327791 -1.869754 4.275470
v -0.233113 -1.590025 4.089002
v -0.141441 -1.551331 4.231906
v -0.161579 -1.327155 3.997605
v -0.101827 -0.835692 3.093988
v -0.088448 -0.830327 3.319116
v -0.037958 -0.563769 3.076339
v -0.051443 -0.558944 3.306070
v -0.017415 -0.289329 3.070191
v -0.054685 -0.310750 3.344230
v -0.033890 0.000113 3.076625
v -0.045921 -0.010896 3.308651
v -0.079133 -0.824718 3.533180
v -0.057747 -0.574002 3.544878
v -0.076593 -0.313237 3.565692
v 0.008821 0.009025 3.525036
v -0.674747 -1.794603 1.324093
v -0.859696 -1.967552 1.212932
v -0.762197 -1.962021 0.950006
v -0.511098 -1.601160 1.386797
v -0.742157 -1.811877 1.593265
v -0.364716 -1.372561 1.428673
v -0.594122 -1.790612 1.070954
v -0.833875 -2.120629 0.557314
v -0.450035 -1.593611 1.143132
v -0.313487 -1.365143 1.198089
v -0.244503 -1.120149 1.457487
v -0.199569 -1.113610 1.237003
v -0.659277 -1.970449 0.698905
v -0.373305 -1.600347 0.912587
v -0.507667 -1.797686 0.821736
v -0.288562 -1.608735 0.696886
v -0.401899 -1.807528 0.594180
v -0.253081 -1.362939 0.979395
v -0.182877 -1.366673 0.776770
v -0.157061 -1.106494 1.026278
v -0.096624 -1.105544 0.832970
v -0.273909 -1.844855 0.363965
v -0.536326 -1.994305 0.460448
v -0.102771 -1.367231 0.595054
v -0.181805 -1.627725 0.497076
v -0.048049 -0.294515 1.497929
v -0.038816 -0.008166 1.503251
v -0.078546 -0.839797 1.059595
v -0.114974 -0.845804 1.263109
v -0.030641 -0.564756 1.082460
v -0.059092 -0.569248 1.280674
v -0.029890 -0.284619 1.093979
v -0.034598 -0.286973 1.291573
v -0.032991 0.003836 1.103814
v -0.028808 -0.003219 1.299502
v -1.040487 -2.228011 0.402402
v -0.918777 -2.256594 0.159700
v -0.966789 -2.374437 -0.865724
v -0.875100 -2.368426 -0.479661
v -1.111099 -2.376255 -0.635336
v -0.654203 -2.318867 -0.321291
v -0.791333 -2.288628 -0.080776
v -1.012331 -2.346745 -0.241555
v -0.715732 -2.144336 0.314280
v -0.588036 -2.187680 0.077804
v -0.502074 -2.340945 -0.559267
v -0.726682 -2.370765 -0.714909
v -0.269067 -2.110482 -0.008010
v -0.412724 -2.036941 0.226548
v -0.566220 -2.358137 -0.943315
v -0.298031 -2.278799 -0.402350
v -0.450830 -2.234221 -0.162205
v -0.160873 -2.291947 -1.016624
v -0.336394 -2.330775 -0.792339
v -0.102287 -1.903555 0.147552
v -0.126380 -2.293468 -0.636373
v -1.177902 -2.250472 -1.587497
v -1.435337 -2.165314 -1.726649
v -0.915497 -2.301811 -1.446212
v -1.027800 -2.216227 -1.793778
v -0.653841 -2.319286 -1.304868
v -0.813216 -2.359645 -1.089190
v -1.068598 -2.328500 -1.232752
v -0.603343 -2.193741 -1.852977
v -0.758653 -2.253440 -1.651339
v -0.489955 -2.257644 -1.510419
v -0.328140 -2.181657 -1.711859
v -0.227507 -2.242488 -1.372169
v -1.002612 -2.078352 -2.345711
v -1.267830 -1.989777 -2.487119
v -0.864908 -2.048343 -2.556137
v -1.133996 -1.974632 -2.697721
v -0.728537 -2.119587 -2.200328
v -0.618667 -2.031709 -2.999387
v -0.738680 -2.035545 -2.775941
v -1.008514 -1.968332 -2.913557
v -0.190572 -2.040210 -2.513495
v -0.310737 -2.062776 -2.270940
v -0.588855 -2.082343 -2.414021
v -0.463905 -2.056873 -2.641059
v -0.030539 -1.998762 -2.127272
v -1.531775 -1.305002 -4.038598
v -1.362779 -1.517772 -3.944832
v -1.157191 -1.717763 -3.825716
v -1.267349 -1.702647 -3.610367
v -1.255860 -1.535634 -4.160644
v -0.888336 -1.965503 -3.131990
v -1.145742 -1.852080 -3.265420
v -1.031418 -1.864052 -3.482685
v -0.919065 -1.877786 -3.698647
v -0.808119 -1.899814 -3.912715
v -0.658411 -1.990986 -3.569221
v -0.103834 -2.069054 -3.324174
v -0.225490 -2.054241 -3.100924
v -0.500966 -2.041018 -3.222290
v -0.383657 -2.054720 -3.442860
v -0.545035 -2.014789 -3.784848
v -0.433261 -2.041403 -3.998902
v -0.697615 -1.921299 -4.124785
v -1.290654 -1.325136 -4.453289
v -1.137577 -1.541008 -4.363580
v -1.168563 -1.341675 -4.654361
v -1.019652 -1.556228 -4.567748
v -1.035367 -1.350147 -4.843812
v -0.897070 -1.572626 -4.765255
v -0.706962 -1.788993 -4.655031
v -0.824437 -1.771943 -4.455442
v -0.768908 -1.581046 -4.951941
v -0.177140 -2.095044 5.757007
v -0.416871 -2.072052 5.813671
v -0.214550 -2.192254 5.487188
v 0.101873 -1.967853 5.927295
v 0.130559 -1.779065 6.127077
v -0.149071 -1.939842 5.992684
v 0.226435 -2.180671 5.334546
v 0.293007 -2.117368 5.603198
v 0.009802 -2.198359 5.421519
v -0.047459 -2.207061 5.140323
v 0.153138 -2.172762 5.062845
v 0.346780 -1.980924 5.846462
v 0.583245 -1.983120 5.748276
v 0.641811 -1.817464 5.977018
v 0.510013 -2.093417 5.492703
v -0.105485 -2.131790 4.867370
v -0.297164 -2.189091 4.900786
v -0.158522 -1.974257 4.624642
v 0.158559 -1.889454 4.490298
v 0.244673 -2.036773 4.706981
v 0.017412 -1.948091 4.581099
v 0.060020 -1.724736 4.301484
v 0.296800 -1.884840 4.362204
v 0.511622 -2.095423 4.833644
v 0.428999 -2.153303 5.224283
v 0.336513 -2.134084 4.954610
v 0.402327 -2.018932 4.582432
v 0.437928 -1.870762 4.226311
v 0.194047 -1.720231 4.174576
v 0.446137 -1.716943 3.872312
v 0.327183 -1.706707 4.035891
v 0.109182 -1.290285 3.759080
v 0.216592 -1.523501 3.876874
v 0.107241 -1.516100 4.028696
v 0.022874 -1.277763 3.921423
v 0.429018 -1.555746 3.528019
v 0.566340 -1.740250 3.702996
v 0.324378 -1.528067 3.705924
v 0.202429 -1.302388 3.589573
v 0.287313 -1.324049 3.403841
v 0.033827 -1.588800 0.241162
v 0.151498 -1.579508 0.376683
v 0.014769 -1.325509 0.292531
v 0.090919 -1.814901 0.156942
v -0.069556 -1.627108 0.326090
v 0.253391 -1.570989 0.538599
v 0.081247 -1.335794 0.444215
v 0.150486 -1.340729 0.606417
v 0.341334 -1.571326 0.705757
v 0.279282 -1.349503 0.947288
v 0.415011 -1.567652 0.880164
v 0.162609 -1.110449 0.989897
v 0.220133 -1.342896 0.773275
v 0.326601 -1.361271 1.133075
v 0.477463 -1.576621 1.070650
v 0.637477 -1.902994 0.485656
v 0.510374 -1.918901 0.313502
v 0.818958 -2.022988 0.342241
v 0.129400 -1.095662 0.813867
v 0.068601 -0.835864 0.837305
v 0.081172 -0.851445 1.011878
v 0.046210 -0.566937 0.852057
v 0.032752 -0.585057 1.022415
v 0.057430 -0.301802 0.845061
v 0.017151 -0.302449 1.027370
v 0.051549 -0.016457 0.840327
v 0.444142 -2.182428 -0.915233
v 0.252816 -2.236782 -0.704285
v 0.055592 -2.265407 -0.862525
v 0.434730 -2.202771 -0.544010
v 0.242106 -2.178416 -0.329102
v 0.063208 -2.235767 -0.481936
v 0.422596 -2.091335 -1.270792
v 0.240517 -2.195670 -1.074486
v 0.604962 -2.168104 -0.378184
v 0.807499 -2.160265 -0.574176
v 0.411641 -2.124363 -0.178590
v 0.632678 -2.170307 -0.749021
v 0.631260 -2.084283 -1.108493
v 0.693528 -2.040742 0.156534
v 0.558517 -2.079547 -0.015290
v 0.895943 -2.112640 -0.013130
v 0.196002 -2.106263 -1.426876
v 0.018801 -2.216449 -1.228852
v 0.284723 -1.868094 -1.987814
v 0.106156 -2.022691 -1.768428
v -0.171248 -2.094241 -1.911627
v 0.529849 -1.644226 -1.885797
v 0.313334 -1.858536 -2.313423
v 0.468054 -1.726056 -2.035094
v 0.532637 -1.774194 -1.760975
v 0.621243 -1.454259 -1.890046
v 0.696299 -1.500754 -2.065475
v 0.891820 -1.253030 -2.058549
v 0.741911 -1.188144 -1.920435
v 0.591820 -1.948758 -1.441175
v 0.365805 -1.961634 -1.608355
v 0.760570 -1.541000 -1.816782
v 0.945672 -1.571271 -1.680205
v 0.771739 -1.779565 -1.579241
v 0.983467 -1.794402 -1.410837
v 1.146472 -1.610429 -1.521168
v 1.186694 -1.804802 -1.252063
v 1.013881 -1.964563 -1.109204
v 0.812618 -1.954232 -1.277099
v 1.153045 -0.671943 -2.008893
v 0.983340 -0.332401 -1.997177
v 1.218880 -0.353153 -2.024800
v 1.039967 -0.976855 -2.048099
v 0.845436 -0.910401 -1.950810
v 1.149029 -0.683378 -2.044532
v 0.928567 -0.623928 -1.974525
v 1.219590 -0.379544 -2.061062
v 1.260103 -0.067359 -2.079906
v 1.011763 -0.031563 -2.029326
v 1.426929 -0.368674 -1.963448
v 1.358560 -0.693754 -1.920678
v 1.451879 -0.034746 -1.973504
v 1.247769 -0.034239 -2.040953
v 1.567926 -0.712922 -1.813956
v 1.462932 -1.028222 -1.745468
v 1.256963 -1.007988 -1.860709
v 1.632999 -0.383384 -1.852716
v 1.658828 -0.045983 -1.868055
v 0.072019 -1.968787 -2.399402
v 0.178471 -1.955180 -2.661450
v -0.076383 -2.023124 -2.757690
v 0.298497 -1.955825 -2.902943
v 0.043855 -2.021922 -2.992880
v 0.171420 -2.036702 -3.217929
v 0.412114 -1.859762 -2.590525
v 0.785095 -1.512973 -2.279446
v 0.985952 -1.265005 -2.269227
v 1.096372 -1.275570 -2.489776
v 0.632561 -1.720818 -2.545755
v 0.745610 -1.728340 -2.782564
v 0.662131 -1.859978 -3.060451
v 0.431800 -1.964890 -3.128727
v 0.884304 -1.514594 -2.511506
v 0.882051 -1.726841 -3.008875
v 0.814520 -1.859243 -3.274503
v 1.001446 -1.521305 -2.741021
v 1.221397 -1.291392 -2.710592
v 1.272139 -1.015081 -2.472775
v 1.152833 -0.997520 -2.256304
v 1.407297 -0.734373 -2.464355
v 1.278721 -0.710644 -2.249846
v 1.496228 -0.437626 -2.468971
v 1.363211 -0.410432 -2.254518
v 1.607751 -0.457865 -2.697250
v 1.657822 -0.158299 -2.711493
v 1.537024 -0.132616 -2.489322
v -0.150123 -2.111046 -3.875680
v -0.265842 -2.078390 -3.660196
v -0.585597 -1.940147 -4.332885
v 0.444966 -2.071669 -3.651100
v 0.305926 -2.055046 -3.436190
v 0.145306 -2.119133 -3.759054
v 0.020723 -2.088360 -3.543023
v 0.266026 -2.148477 -3.976365
v -0.034986 -2.135388 -4.090797
v 0.378252 -2.178607 -4.197552
v 0.573671 -2.100548 -3.868854
v -0.574806 -1.345711 -5.283431
v -0.625731 -1.574264 -5.119083
v -0.739294 -1.354341 -5.176333
v -0.628635 -1.113054 -5.288675
v -0.816463 -1.119121 -5.215740
v -0.462826 -1.795213 -5.032332
v -0.477871 -1.563338 -5.258337
v -0.106925 -2.105607 -4.631927
v -0.212750 -2.088645 -4.421131
v -0.477509 -1.966900 -4.538779
v -0.332459 -1.778563 -5.196484
v -0.251872 -1.975353 -4.939873
v -0.135307 -1.954066 -5.127492
v -0.004896 -2.110519 -4.843730
v -0.173544 -1.694299 -5.272887
v 0.188851 -1.996481 -5.276758
v 0.093744 -2.084122 -5.065063
v -0.007661 -1.855752 -5.286546
v -0.379608 -1.311346 -5.281839
v -0.301199 -1.507422 -5.288218
v -0.422237 -1.096980 -5.274346
v -0.201024 -1.304137 -5.288875
v -0.166698 -1.438965 -5.289792
v -0.231117 -1.103527 -5.282368
v -0.021385 -1.327495 -5.277602
v -0.012655 -1.513557 -5.288217
v 0.155632 -1.411160 -5.286055
v 0.135971 -1.613659 -5.282894
v 0.916499 -2.058177 5.237565
v 1.019075 -1.957871 5.498786
v 0.720097 -2.083304 5.372670
v 0.801871 -2.095985 4.967023
v 0.936513 -1.606349 6.060002
v 0.878993 -1.814175 5.867466
v 1.105477 -2.039985 5.094620
v 1.223369 -1.946527 5.358275
v 1.108462 -1.807795 5.741559
v 1.183755 -1.609783 5.948930
v 1.242191 -1.376421 6.101997
v 1.293461 -1.123579 6.219121
v 1.288036 -2.024207 4.944268
v 1.419123 -1.934967 5.206789
v 1.491197 -1.377903 5.983215
v 1.329666 -1.800867 5.602078
v 1.332775 -0.857945 6.298934
v 1.361737 -0.587415 6.349747
v 1.386653 -0.316666 6.386950
v 1.396821 -0.037049 6.382552
v 0.681173 -2.066526 4.701881
v 0.560125 -1.983568 4.454524
v 0.576579 -1.863169 4.076416
v 0.977347 -2.076086 4.824069
v 0.855948 -1.992330 4.151890
v 0.843337 -2.055768 4.557708
v 0.706877 -1.984885 4.305219
v 1.003493 -2.056331 4.408004
v 1.009454 -2.006797 3.995742
v 1.169618 -2.041373 3.843081
v 1.166299 -2.057904 4.256757
v 1.333846 -2.070941 4.107059
v 1.467388 -2.017991 4.790234
v 1.606817 -1.923660 5.048249
v 1.345066 -2.081326 3.702035
v 1.509003 -2.095620 3.963117
v 0.521264 -1.591615 3.315639
v 0.639644 -1.648519 3.045667
v 0.686944 -1.779553 3.515197
v 0.848249 -1.918448 3.745771
v 1.003365 -1.960834 3.584373
v 0.828635 -1.837934 3.327430
v 1.176226 -2.026723 3.443725
v 0.225367 -1.077784 3.122747
v 0.121942 -0.796095 3.072427
v 0.253086 -1.090852 2.906824
v 0.053579 -0.508336 3.035468
v 0.136235 -0.802491 2.867943
v 0.029296 -0.209165 3.002344
v 0.054054 -0.509211 2.838538
v 0.025975 -0.206250 3.182599
v -0.009689 0.075663 3.176514
v 0.407955 -1.397063 1.535568
v 0.573323 -1.605535 1.483587
v 0.614784 -1.625724 1.703267
v 0.394800 -1.306352 2.466240
v 0.559859 -1.527970 2.458419
v 0.409769 -1.339197 2.706202
v 0.522722 -1.490075 2.216928
v 0.364248 -1.264408 2.230741
v 0.481356 -1.455332 1.978478
v 0.448051 -1.420260 1.751747
v 0.656696 -1.652040 1.933407
v 0.299028 -1.192612 1.780826
v 0.597414 -1.576941 2.714896
v 0.798506 -1.764848 2.674081
v 0.898721 -1.848091 2.110070
v 0.949863 -1.881148 2.361913
v 0.694082 -1.677766 2.177362
v 0.853281 -1.821106 1.864054
v 1.012168 -1.922255 2.614222
v 0.736840 -1.711531 2.441501
v 1.221081 -2.036882 3.079506
v 1.106692 -1.975288 2.839733
v 1.129065 -1.988431 2.013059
v 1.191539 -2.016109 2.257782
v 1.072837 -1.965313 1.770003
v 0.247561 -1.044912 2.455507
v 0.132581 -0.765867 2.440126
v 0.228108 -1.009481 2.231024
v 0.050374 -0.475693 2.424464
v 0.120346 -0.735157 2.223665
v 0.002637 -0.178889 2.409329
v 0.043453 -0.448198 2.212698
v 0.331563 -1.226310 2.001592
v 0.204624 -0.973389 2.009971
v 0.105055 -0.701818 2.008680
v -0.001040 -0.153038 2.200432
v 0.035705 -0.417125 2.001529
v 0.179807 -0.939902 1.794662
v 0.087439 -0.669910 1.797707
v 0.024209 -0.387233 1.793910
v -0.007675 -0.094828 1.786240
v 0.530680 -1.589527 1.270253
v 0.204701 -1.122412 1.171145
v 0.373333 -1.375923 1.328183
v 0.739911 -1.899200 0.674258
v 0.270228 -1.163247 1.568090
v 0.701012 -1.765160 1.186047
v 0.822429 -1.901225 0.874218
v 0.640671 -1.750535 0.980952
v 0.567220 -1.754606 0.787889
v 0.894220 -1.910538 1.084042
v 0.758130 -1.781399 1.402009
v 1.026245 -2.010562 0.746948
v 0.930352 -2.015833 0.540175
v 1.245380 -2.082611 0.604818
v 0.963526 -1.921388 1.302752
v 1.183841 -2.033476 1.186949
v 1.019768 -1.942561 1.532368
v 1.421411 -2.099431 1.057081
v 1.108681 -2.018969 0.963087
v 1.338063 -2.085426 0.827138
v 1.325832 -2.084189 -0.368580
v 1.108287 -2.125857 -0.191263
v 1.175033 -2.088922 -0.570247
v 0.964584 -2.138770 -0.388079
v 1.141480 -2.084133 0.389720
v 1.023980 -2.099391 0.184405
v 1.363780 -2.109367 0.229558
v 1.540385 -1.992224 -0.540832
v 1.378371 -1.981203 -0.742750
v 1.705623 -2.081203 0.297666
v 1.474716 -2.108863 0.452975
v 1.683254 -1.994338 -0.322667
v 1.812953 -2.081927 0.536222
v 1.895061 -1.860547 -0.480753
v 1.811298 -2.000077 -0.094001
v 1.731840 -1.360916 -1.359586
v 1.559243 -1.623499 -1.225256
v 1.531757 -1.345506 -1.517673
v 1.925521 -1.378231 -1.184966
v 1.760419 -1.636883 -1.062983
v 1.932968 -1.644756 -0.861073
v 1.744458 -1.846251 -0.703121
v 2.105290 -1.404272 -0.986587
v 1.670500 -1.047662 -1.612875
v 1.774752 -0.731450 -1.680988
v 1.869798 -0.063210 -1.741646
v 1.841843 -0.401565 -1.723454
v 1.873289 -1.068623 -1.458395
v 1.979480 -0.753438 -1.527977
v 2.047450 -0.422574 -1.570510
v 2.081160 -0.083705 -1.594469
v 2.069116 -1.091984 -1.283381
v 2.178717 -0.778214 -1.354257
v 2.250135 -0.446561 -1.399042
v 2.282129 -0.105459 -1.418980
v 2.253541 -1.120336 -1.084852
v 2.369353 -0.806140 -1.158166
v 2.442811 -0.471422 -1.203116
v 2.478842 -0.127830 -1.226213
v 1.041947 -1.709989 -3.228805
v 1.132369 -1.525130 -2.967234
v 1.459666 -1.296780 -3.171434
v 1.336198 -1.291498 -2.942089
v 1.624717 -1.048893 -3.156279
v 1.505139 -1.037540 -2.926372
v 1.748234 -0.778060 -3.152287
v 1.638414 -0.765629 -2.918556
v 0.973901 -1.851067 -3.491223
v 0.750570 -1.972141 -3.551298
v 0.880421 -1.989816 -3.772066
v 1.105262 -1.859273 -3.717713
v 1.311291 -1.705381 -3.687822
v 1.184526 -1.705389 -3.454499
v 0.991529 -2.001889 -4.008396
v 0.689614 -2.130081 -4.097857
v 1.221685 -1.869800 -3.956447
v 1.424268 -1.709123 -3.931082
v 1.093467 -2.039487 -4.253780
v 1.325744 -1.884854 -4.208226
v 1.517929 -1.711332 -4.187666
v 1.167235 -2.030400 -4.517446
v 0.868893 -2.145641 -4.583266
v 1.504791 -1.515310 -3.666689
v 1.392235 -1.520220 -3.425850
v 1.609014 -1.515523 -3.914392
v 1.771390 -1.294158 -3.903872
v 1.680098 -1.297710 -3.651497
v 1.908206 -1.050689 -3.898047
v 1.826147 -1.053827 -3.643242
v 2.019282 -0.791309 -3.895687
v 1.938667 -0.790158 -3.641333
v 1.689495 -1.508864 -4.174956
v 1.837349 -1.282374 -4.167637
v 1.958452 -1.036665 -4.164246
v 2.056502 -0.778581 -4.163264
v 0.477415 -2.195026 -4.427529
v 0.176026 -2.183430 -4.525088
v 0.268341 -2.180563 -4.753048
v 0.416793 -2.086809 -5.217665
v 0.348295 -2.164426 -4.989551
v 0.626414 -2.178722 -4.903746
v 0.671702 -2.121678 -5.138623
v 0.922339 -2.138688 -4.834730
v 0.940143 -2.088356 -5.075356
v 0.930325 -1.981210 -5.284112
v 0.703355 -1.943145 -5.280708
v 0.885698 -1.726641 -5.273194
v 1.064162 -1.733440 -5.272533
v 0.951259 -1.510423 -5.297596
v 1.145343 -1.599422 -5.281081
v 1.518848 -0.513256 -5.266868
v 1.462856 -0.739463 -5.270163
v 1.277940 -0.428649 -5.282342
v 1.224290 -0.649722 -5.284793
v 0.304250 -1.740844 -5.271091
v 0.300828 -1.515844 -5.354705
v 0.539498 -1.364459 -5.275888
v 0.476069 -1.595649 -5.284777
v 0.746754 -1.438111 -5.266800
v 0.807370 -1.215026 -5.315267
v 1.024827 -1.296758 -5.257698
v 0.528526 -0.417996 -5.280163
v 0.306849 -0.350679 -5.270897
v 0.580029 -0.204450 -5.270015
v 0.806680 -0.276886 -5.281579
v 0.753725 -0.489818 -5.301965
v 0.987664 -0.566022 -5.270735
v 0.931813 -0.781734 -5.267612
v 0.704070 -0.703765 -5.273540
v 1.039373 -0.350028 -5.268961
v 0.870661 -0.998502 -5.268674
v 1.096546 -1.083078 -5.260741
v 1.165158 -0.867362 -5.280734
v 1.417153 -1.599189 5.815351
v 1.725049 -1.374033 5.837902
v 1.550370 -1.129813 6.103980
v 1.793054 -1.131330 5.962618
v 1.639056 -1.590642 5.669345
v 1.534386 -1.782143 5.447261
v 1.735430 -1.780007 5.290463
v 1.845877 -1.581899 5.505857
v 1.940679 -1.367585 5.671474
v 2.018936 -1.128579 5.799212
v 2.228549 -1.125053 5.615705
v 2.139006 -1.366533 5.486778
v 2.422138 -1.119092 5.418566
v 2.213172 -1.585991 5.131024
v 2.498261 -1.358109 5.088868
v 2.318076 -1.382263 5.286459
v 1.596312 -0.866652 6.193257
v 1.846379 -0.870041 6.057708
v 1.629685 -0.595109 6.254547
v 1.885081 -0.598162 6.125042
v 1.651028 -0.319552 6.291105
v 1.909702 -0.321404 6.167674
v 1.656965 -0.044431 6.303515
v 1.921096 -0.043970 6.189818
v 2.080365 -0.868019 5.897484
v 2.124686 -0.595304 5.968174
v 2.151777 -0.316439 6.012813
v 2.166828 -0.036682 6.039284
v 2.296921 -0.861005 5.714120
v 2.348015 -0.586823 5.787374
v 2.380351 -0.306370 5.835110
v 2.500789 -0.851049 5.518528
v 2.551386 -0.572563 5.585249
v 2.392850 -0.023412 5.857081
v 2.582546 -0.289760 5.627737
v 2.605468 -1.104164 5.212242
v 2.679895 -0.832474 5.299867
v 2.730906 -0.553097 5.360536
v 2.594527 -0.005364 5.647655
v 2.762236 -0.269692 5.398381
v 1.668019 -2.076830 4.223611
v 1.492137 -2.062000 4.372211
v 1.787943 -1.913845 4.884373
v 1.644842 -2.013878 4.634302
v 1.964142 -1.901299 4.718915
v 2.097809 -1.760842 4.940906
v 1.819568 -2.003021 4.475766
v 1.995787 -2.002184 4.325339
v 2.169313 -1.993031 4.176541
v 1.847611 -2.079954 4.080003
v 2.135546 -1.887388 4.556069
v 2.384685 -1.565314 4.940783
v 2.302283 -1.871945 4.395061
v 2.264849 -1.738058 4.763515
v 2.458423 -1.845898 4.234515
v 2.336494 -1.966856 4.028904
v 1.693547 -2.121932 3.826602
v 1.535499 -2.123231 3.571270
v 1.599469 -2.151976 3.203599
v 1.376562 -2.091644 3.320349
v 1.466844 -2.125919 2.966522
v 1.886882 -2.127767 3.694260
v 1.962009 -2.161076 3.325888
v 1.742845 -2.153212 3.446939
v 1.838438 -2.175906 3.086379
v 2.029622 -2.076494 3.940210
v 2.087004 -2.123044 3.566132
v 2.290334 -2.089411 3.442434
v 2.211951 -2.058322 3.803320
v 2.496925 -1.927975 3.887673
v 2.391829 -2.016935 3.669970
v 2.605629 -1.807300 4.076771
v 2.489778 -2.013457 3.327564
v 2.410300 -2.068632 3.098525
v 1.315201 -2.067198 1.656811
v 1.379198 -2.089151 1.899087
v 1.725393 -2.171280 2.850678
v 1.530411 -2.135051 2.380174
v 1.449426 -2.111660 2.141327
v 1.720047 -2.158360 2.018816
v 1.642182 -2.143624 1.776277
v 2.080337 -2.144116 2.139270
v 1.995972 -2.145370 1.895152
v 2.248833 -2.123664 2.625324
v 1.987330 -2.168380 2.734902
v 1.893780 -2.178243 2.497074
v 2.164420 -2.137784 2.383165
v 2.349729 -2.063778 2.025930
v 1.914511 -2.081899 0.778560
v 1.667819 -2.113431 0.918423
v 1.575396 -2.108877 0.683333
v 2.009835 -2.092548 1.024443
v 1.753764 -2.125504 1.158936
v 1.912423 -2.138509 1.650441
v 2.181500 -2.080549 1.525922
v 1.834895 -2.135561 1.403160
v 2.097096 -2.085632 1.274677
v 2.042693 -2.008819 0.391283
v 2.224269 -1.706781 -0.382373
v 2.023216 -1.868703 -0.243080
v 2.143139 -1.886104 0.002036
v 2.253494 -1.999148 0.896065
v 2.150578 -2.005473 0.642801
v 2.366123 -1.886107 0.514515
v 2.252762 -1.888821 0.257333
v 2.337024 -1.729153 -0.124157
v 2.552549 -1.729192 0.403852
v 2.469875 -1.863716 0.777172
v 2.629600 -1.530659 0.026524
v 2.445966 -1.737309 0.138075
v 2.733200 -1.534687 0.302191
v 2.651642 -1.705950 0.673666
v 2.826545 -1.221954 -0.077084
v 2.832586 -0.875295 -0.425810
v 2.942601 -0.882960 -0.143715
v 2.914437 -0.533173 -0.473704
v 2.995633 -0.535860 -0.192037
v 2.951083 -0.185504 -0.500742
v 3.030629 -0.196176 -0.215177
v 2.955943 0.162904 -0.509783
v 3.038515 0.147160 -0.227361
v 2.083067 -1.677613 -0.625448
v 2.263793 -1.445133 -0.759437
v 2.522895 -1.522545 -0.244176
v 2.400748 -1.477748 -0.509690
v 2.574786 -1.184333 -0.617310
v 2.700491 -1.204464 -0.349488
v 2.421472 -1.152701 -0.860970
v 2.696803 -0.857312 -0.689877
v 2.538409 -0.831817 -0.932293
v 2.775075 -0.516216 -0.736686
v 2.618987 -0.495657 -0.981623
v 2.818321 -0.169401 -0.765429
v 2.658973 -0.150099 -1.007658
v 1.333891 -1.723963 -5.254062
v 1.167423 -1.897037 -5.272575
v 1.244026 -1.392210 -5.263893
v 1.450896 -1.512230 -5.222499
v 1.538474 -1.287909 -5.190090
v 1.674489 -1.382618 -4.983819
v 1.611360 -1.058522 -5.170142
v 1.770704 -1.149564 -4.970678
v 1.679859 -0.827528 -5.157913
v 1.854589 -0.910846 -4.964624
v 1.917039 -0.665303 -4.955481
v 1.740509 -0.592987 -5.150580
v 1.331745 -1.180506 -5.288188
v 1.405331 -0.963404 -5.287783
v 2.663796 -1.324396 4.885417
v 2.549346 -1.541306 4.755623
v 2.809366 -1.295625 4.670753
v 2.714947 -1.667528 4.236255
v 2.698074 -1.516554 4.561350
v 2.577852 -1.694547 4.412399
v 2.928981 -1.264725 4.442482
v 3.001355 -1.010837 4.504074
v 2.897839 -1.043233 4.754268
v 2.932986 -1.465285 4.143155
v 2.816366 -1.489698 4.351389
v 3.017067 -1.232430 4.199745
v 3.040381 -0.985788 4.243947
v 2.765694 -1.075918 4.990534
v 2.833430 -0.806212 5.064461
v 2.880899 -0.528773 5.116092
v 2.965050 -0.779046 4.818750
v 2.906083 -0.247183 5.145534
v 2.770176 0.015267 5.413145
v 2.913001 0.035602 5.157425
v 2.997148 -0.503679 4.855142
v 3.011810 -0.225655 4.876155
v 3.016040 0.053283 4.884457
v 3.051461 -0.483813 4.583801
v 3.044735 -0.212059 4.591988
v 3.043852 0.061553 4.594887
v 3.029070 -0.728524 4.269977
v 3.046952 -0.750273 4.552433
v 3.007417 -0.469527 4.287872
v 3.015089 -0.204368 4.300540
v 3.011743 0.061540 4.300688
v 2.677457 -1.892725 3.238946
v 2.735706 -1.756730 3.925445
v 2.642056 -1.863836 3.755519
v 2.779418 -1.766858 3.644295
v 2.818941 -1.695948 3.805479
v 2.905227 -1.616782 3.623760
v 2.905463 -1.581067 3.847589
v 2.878311 -1.671208 3.404749
v 2.735606 -1.832486 3.450253
v 2.847461 -1.730104 3.180333
v 2.985098 -1.435643 3.896831
v 2.830438 -1.625481 4.054457
v 3.054626 -1.219341 3.938337
v 3.038328 -0.970378 3.968919
v 3.024624 -0.973820 3.693620
v 2.978705 -1.478271 3.400436
v 2.984461 -1.527608 3.158180
v 3.035711 -1.255879 3.410619
v 3.005285 -1.035781 3.138571
v 3.052117 -1.008442 3.416137
v 3.093550 -0.719532 3.985003
v 3.076386 -0.462506 3.997516
v 3.023248 -0.200363 4.003241
v 3.052509 0.064999 3.999730
v 3.011723 -0.724677 3.703158
v 3.033867 -0.469232 3.707246
v 3.024060 -0.210932 3.709721
v 3.042925 0.050940 3.703182
v 3.018698 -0.748144 3.418485
v 3.045707 -0.493806 3.417714
v 3.099286 -0.224998 3.410867
v 3.093183 0.033353 3.402450
v 3.026452 -0.784679 3.136033
v 3.119718 -0.516747 3.124232
v 3.080445 -0.249872 3.104895
v 3.084117 0.011967 3.101080
v 2.424242 -2.041471 2.277487
v 2.494370 -2.013380 2.526435
v 2.565196 -1.986510 2.771522
v 2.329230 -2.094209 2.864713
v 2.621696 -1.942392 3.011079
v 2.660274 -1.884117 2.185235
v 2.717858 -1.853621 2.443549
v 2.811690 -1.777859 2.945153
v 2.764638 -1.812391 2.697518
v 2.962435 -1.569979 2.907092
v 2.926930 -1.601666 2.648216
v 2.895557 -1.637058 2.383144
v 2.854811 -1.666880 2.112557
v 3.048986 -1.335105 2.882638
v 3.042733 -1.295490 3.148435
v 3.023910 -1.365274 2.615528
v 3.009163 -1.398144 2.342932
v 2.988221 -1.438810 2.065453
v 3.082647 -0.287072 2.812695
v 3.083813 -0.554562 2.831062
v 3.138438 -0.019717 2.804940
v 3.061202 -0.585733 2.536833
v 3.083288 -0.323254 2.520049
v 3.072671 -0.062000 2.504050
v 3.064150 -0.090681 2.206613
v 3.031585 -0.388266 1.925435
v 3.034659 -0.117406 1.907774
v 2.528004 -1.940156 1.663397
v 2.268549 -2.074651 1.775190
v 2.444489 -1.966654 1.405329
v 2.762558 -1.735237 1.564192
v 2.598102 -1.913489 1.922833
v 2.767483 -1.643372 0.938695
v 2.691723 -1.786095 1.293580
v 2.580652 -1.832309 1.035928
v 2.915701 -1.412934 0.868432
v 2.851647 -1.577717 1.209038
v 2.914216 -1.523434 1.498744
v 3.016952 -1.290087 1.449151
v 2.974053 -1.345805 1.157962
v 2.811863 -1.704848 1.841625
v 2.956619 -1.479643 1.783480
v 3.042451 -1.242447 1.738520
v 3.042242 -1.030224 1.403915
v 3.044401 -1.084329 1.105697
v 3.008738 -0.742581 1.358665
v 3.010218 -0.782642 1.057643
v 3.030205 -0.171566 1.303082
v 3.012068 0.116029 0.986454
v 3.006348 0.122228 1.287297
v 3.024022 -1.131463 0.806190
v 3.031937 -0.484388 1.021063
v 3.020950 -0.831302 0.754853
v 2.903892 -1.209074 0.215619
v 2.980642 -1.185723 0.507158
v 2.817943 -1.499501 0.583682
v 3.043264 -0.861791 0.451641
v 3.018463 -0.877299 0.151219
v -3.446584 0.270651 4.614399
v -3.419786 0.556247 4.596337
v -3.536274 0.257451 4.323786
v -3.477852 0.820694 4.276061
v -3.510668 0.538714 4.304022
v -3.370132 0.838947 4.560143
v -3.412332 1.096520 4.227013
v -3.313360 1.358961 4.157102
v -3.293762 1.113365 4.502636
v -3.510799 -0.036902 3.428429
v -3.590534 0.507306 3.712719
v -3.520986 0.236184 3.727043
v -3.529102 0.244579 4.027235
v -3.530828 0.778401 3.692137
v -3.539417 0.522263 4.016586
v -3.549963 0.232768 3.427965
v -3.524168 0.500080 3.416636
v -3.523770 0.768649 3.395239
v -3.534549 -0.032011 3.132473
v -3.528186 0.233725 3.130588
v -3.524367 0.497177 3.119990
v -3.547253 1.057879 3.660893
v -3.549091 0.805939 3.990368
v -3.490538 1.319023 3.611890
v -3.502166 1.075917 3.945727
v -3.289117 1.571931 3.807191
v -3.410161 1.336515 3.885565
v -3.534688 1.033890 3.367970
v -3.528938 1.299617 3.329925
v -3.377503 1.565539 3.553707
v -3.508945 0.759472 3.098179
v -3.551438 1.032888 3.071322
v -3.533058 1.285831 3.036322
v -3.460099 1.524901 2.993881
v -3.184619 1.584986 4.063814
v -3.040813 1.779356 3.939943
v -3.122998 1.885059 3.362977
v -2.992122 2.005903 3.223259
v -3.223581 1.827652 3.161353
v -3.533662 -0.018219 2.843271
v -3.542920 0.240445 2.839664
v -3.532454 0.501949 2.828923
v -3.510812 0.763690 2.807782
v -3.530011 -0.018303 2.558498
v -3.568053 0.246926 2.546348
v -3.578470 0.511330 2.532794
v -3.522029 0.777576 2.520721
v -3.580108 -0.277669 2.267758
v -3.592691 -0.017257 2.265239
v -3.514785 0.257753 2.260040
v -3.508891 0.521269 2.246612
v -3.514406 0.790288 2.237322
v -3.531484 1.032667 2.782477
v -3.540660 1.300106 2.754691
v -3.533152 1.050232 2.500216
v -3.525066 1.320981 2.480570
v -3.435559 1.567153 2.469416
v -3.452738 1.539448 2.729028
v -3.532214 1.067923 2.223373
v -3.513528 1.342471 2.213560
v -3.416259 1.606539 2.213471
v -3.543226 1.092990 1.947582
v -3.513140 0.801070 1.959293
v -3.490786 1.364264 1.948225
v -3.369739 1.620788 1.964659
v -3.363852 1.691287 2.721680
v -3.333262 1.740093 2.483756
v -3.304528 1.770279 2.948994
v -3.378403 1.664263 2.988528
v -3.240239 1.801008 2.003713
v -3.087974 1.954362 2.063561
v -3.199365 1.818735 1.751633
v -3.133201 1.942875 2.779895
v -3.193916 1.887704 2.926463
v -3.001245 2.039130 2.889755
v -3.202761 1.884675 2.522866
v -3.057996 2.005118 2.593475
v -2.901408 2.107757 2.701134
v -3.147793 1.930190 2.299333
v -2.986904 2.056400 2.377740
v -2.915774 2.086362 2.146110
v -3.039371 1.974861 1.816131
v -3.756459 -0.016972 1.970962
v -3.563898 0.264532 1.973080
v -3.628568 -0.020094 1.697401
v -3.504425 0.531894 1.966893
v -3.580650 0.254123 1.694092
v -3.510053 0.530634 1.685897
v -3.523862 -0.339729 1.457249
v -3.587122 -0.027616 1.422145
v -3.529740 0.249272 1.415116
v -3.528736 0.808679 1.679868
v -3.506173 0.521778 1.408875
v -3.523845 -0.048181 1.143666
v -3.508384 -0.091282 0.877766
v -3.579246 0.227482 1.132484
v -3.505524 0.201495 0.855931
v -3.502525 0.511114 1.131369
v -3.525544 0.486356 0.855337
v -3.536057 0.799127 1.127501
v -3.540368 0.779676 0.852546
v -3.539398 1.102815 1.674880
v -3.471530 1.379090 1.683424
v -3.540321 1.101681 1.402234
v -3.457419 1.382988 1.416919
v -3.442896 1.370755 1.146836
v -3.523396 1.086372 1.130739
v -3.288435 1.638274 1.177286
v -3.313785 1.645617 1.443462
v -3.273698 1.567352 0.641272
v -3.409788 1.311614 0.607018
v -3.423512 1.344417 0.877787
v -3.103932 1.784015 0.689679
v -3.118498 1.806623 0.958457
v -3.272027 1.603462 0.913658
v -3.162148 1.827846 1.492414
v -2.932597 1.978874 1.029476
v -3.091405 1.753875 0.417655
v -2.913737 1.927469 0.478295
v -2.929381 1.880423 0.188305
v -2.800816 0.012794 5.652197
v -2.576500 0.010111 5.863977
v -2.781294 0.298713 5.647097
v -2.985628 0.297763 5.414356
v -2.945911 0.583427 5.387410
v -2.740244 0.582802 5.617360
v -2.884512 0.863253 5.335699
v -2.872721 1.384892 4.916173
v -3.148429 1.123582 4.765107
v -2.983878 1.130806 5.017426
v -2.741932 1.612012 4.781248
v -3.036293 1.379130 4.672387
v -2.901219 1.610481 4.545757
v -2.696172 1.385856 5.153760
v -2.801000 1.132504 5.258186
v -2.571804 1.620124 5.012869
v -2.383862 1.615839 5.234401
v -2.680200 0.861582 5.563755
v -2.501078 1.383376 5.376515
v -2.597562 1.128330 5.481098
v -3.450773 -0.299576 4.602735
v -3.534999 -0.025102 4.324116
v -3.458627 -0.015105 4.617136
v -3.047287 1.600956 4.310068
v -3.180293 1.368618 4.419191
v -2.749500 1.809558 4.379772
v -2.593723 1.825484 4.602939
v -2.863615 2.105609 3.041839
v -3.007406 1.921311 3.572421
v -2.877719 1.943880 3.777182
v -2.861537 2.054188 3.403746
v -2.739471 1.968147 3.982181
v -2.561066 2.099846 3.778371
v -2.713594 2.078209 3.589335
v -2.549386 2.181711 3.380445
v -2.711287 2.147580 3.207400
v -2.424050 2.274404 2.762781
v -2.382854 2.248575 3.152591
v -2.219322 2.288265 2.912593
v -2.402138 2.112746 3.969948
v -2.207755 2.199511 3.732594
v -2.378773 2.195387 3.553984
v -2.194467 2.253780 3.314213
v -2.039821 2.197114 3.918289
v -2.724143 2.192095 2.253051
v -2.807541 2.152842 2.485714
v -2.620709 2.229557 2.617526
v -2.564617 2.225322 2.995510
v -2.419704 2.277000 2.130012
v -2.642833 2.204731 2.008332
v -2.295023 2.294126 2.517619
v -2.514673 2.260206 2.379032
v -2.067987 2.304462 2.661870
v -1.834821 2.275828 2.807407
v -2.182871 2.312293 2.262978
v -1.830761 2.294095 2.129039
v -2.089314 2.312212 1.998444
v -3.133125 1.824642 1.228162
v -2.959965 1.989935 1.297813
v -2.851779 2.105428 1.902086
v -2.796182 2.117688 1.648616
v -2.989815 1.981556 1.561502
v -2.752525 2.122805 1.386160
v -2.720845 2.120578 1.117315
v -2.482829 2.227799 1.219219
v -2.700227 2.112554 0.842803
v -2.454827 2.231330 0.944085
v -2.438562 2.229753 0.665215
v -2.578459 2.223886 1.752731
v -2.339525 2.285110 1.871229
v -2.276112 2.295367 1.604256
v -2.226120 2.293697 1.331744
v -2.923323 1.837140 -0.091542
v -3.033494 1.638732 -0.402708
v -3.073411 1.665645 -0.135400
v -2.679208 2.010027 -0.289539
v -2.878435 1.822634 -0.355963
v -2.708199 2.027849 -0.016737
v -2.818956 1.809094 -0.620200
v -2.624624 2.007155 -0.554202
v -2.751646 1.802030 -0.880112
v -2.550743 1.995266 -0.811508
v -2.384044 2.208492 -0.175826
v -2.697499 2.072767 0.277286
v -2.424390 2.223488 0.384145
v -2.413993 2.221287 0.099967
v -2.338732 2.204774 -0.444964
v -2.082201 2.344721 -0.054736
v -2.278791 2.200539 -0.708639
v -1.985404 2.347939 -0.591978
v -3.435888 0.615786 -0.778275
v -3.295834 0.869469 -1.026016
v -3.366106 0.586752 -1.037874
v -2.468995 1.989923 -1.066624
v -2.673304 1.793864 -1.136583
v -2.375048 1.977593 -1.315541
v -2.579243 1.780498 -1.385524
v -2.199929 2.186299 -0.964913
v -2.477663 1.763644 -1.627810
v -2.112583 2.171409 -1.215514
v -2.271502 1.963922 -1.557519
v -2.371984 1.745709 -1.865434
v -1.916166 2.341489 -0.852290
v -2.161013 1.941189 -1.790831
v -2.259564 1.727670 -2.097065
v -1.831919 2.322343 -1.104250
v -2.013550 2.150365 -1.457263
v -1.906218 2.125314 -1.691716
v -1.927137 1.890544 -2.241536
v -2.138478 1.699006 -2.319825
v -2.515100 0.576638 5.827398
v -2.273167 0.564489 6.014997
v -2.461495 0.856488 5.777725
v -2.386598 1.126217 5.697474
v -2.292858 1.381144 5.589040
v -2.242239 1.831402 5.037385
v -2.183932 1.613594 5.445550
v -2.419715 1.990014 4.393782
v -2.234473 2.113266 4.164161
v -2.068300 2.118787 4.365442
v -2.080652 2.004134 4.813132
v -1.900895 2.123192 4.566575
v -1.874066 2.196325 4.113048
v -1.670622 2.218905 3.852573
v -1.514631 2.210477 4.054674
v -1.729688 2.128865 4.766232
v -1.548705 2.195242 4.511350
v -1.710920 2.190030 4.311808
v -1.803748 2.256428 3.221241
v -1.600344 2.221830 2.954484
v -1.831442 2.233376 3.659105
v -1.615390 2.213056 3.390380
v -1.313457 2.180057 3.802785
v -1.455449 2.191025 3.591388
v -1.384488 2.151060 3.110932
v -1.014975 1.982920 3.133336
v -1.108033 2.087169 3.574553
v -0.906838 1.956863 3.385620
v -0.798943 1.814291 3.009359
v -1.129039 2.024571 2.815373
v -0.984331 2.078315 3.794255
v -0.800355 1.943328 3.611789
v -0.068028 0.285356 2.384320
v -0.064877 0.285246 2.616682
v -0.066585 0.280393 1.937836
v -0.065747 0.283612 2.159233
v -0.113206 0.565290 1.938023
v -0.115514 0.570205 2.161668
v -0.198536 0.847502 2.164223
v -0.188811 0.841809 1.937134
v -0.308924 1.112563 2.166800
v -0.291696 1.105732 1.933893
v -0.058104 0.278361 1.719735
v -0.104902 0.561464 1.718595
v -0.171477 0.837791 1.714613
v -0.266806 1.101547 1.706232
v -1.680479 2.258630 2.539891
v -1.936625 2.297977 2.400871
v -1.749255 2.292031 1.849771
v -1.483569 2.218854 1.966794
v -1.420064 2.214540 1.680310
v -1.299480 2.126628 2.369936
v -1.416959 2.164774 2.677660
v -1.033246 1.970344 2.442726
v -0.975152 1.943946 2.135941
v -1.223447 2.100449 2.067009
v -0.445927 1.360670 2.168827
v -0.420268 1.352722 1.927328
v -0.607871 1.585669 2.168637
v -0.572151 1.578600 1.915762
v -0.784044 1.780564 2.160338
v -0.388031 1.348415 1.692013
v -0.532475 1.573676 1.670329
v -0.693866 1.770240 1.638913
v -0.874296 1.932641 1.588987
v -0.922090 1.934661 1.853398
v -1.913203 2.324249 1.172246
v -1.875712 2.344559 0.894976
v -2.160913 2.312322 0.777749
v -1.958603 2.319650 1.450032
v -1.635698 2.301187 1.288894
v -1.591049 2.319097 1.013359
v -1.363737 2.228467 1.400457
v -1.549887 2.347027 0.741911
v -1.053828 2.115171 1.235848
v -1.000016 2.142236 0.977122
v -1.263998 2.276741 0.861794
v -1.430505 2.453089 -0.066811
v -1.383331 2.472887 -0.336513
v -1.683153 2.434920 -0.466470
v -1.620139 2.440872 -0.730031
v -1.090552 2.463774 -0.204041
v -1.322469 2.485864 -0.602628
v -1.135807 2.417910 0.067624
v -0.813690 2.394809 -0.075090
v -1.158317 2.472084 -1.111232
v -0.958512 2.500228 -0.737008
v -0.869438 2.493520 -0.989509
v -1.511210 2.380958 0.472879
v -1.221130 2.312091 0.598943
v -1.179222 2.360918 0.334463
v -0.681511 2.478715 -0.613651
v -1.541257 2.428217 -0.985466
v -2.042435 1.914472 -2.016705
v -1.792127 2.093587 -1.917677
v -1.521658 2.235575 -1.808607
v -1.735407 2.294603 -1.346674
v -1.449379 2.405169 -1.231210
v -1.633069 2.271449 -1.582957
v -1.237823 2.331638 -1.691507
v -1.057369 2.437768 -1.348132
v -1.346925 2.371319 -1.466210
v -0.948696 2.387744 -1.571876
v -0.835782 2.330700 -1.784580
v -1.123312 2.283873 -1.906544
v -0.768787 2.456674 -1.228062
v -0.659859 2.413092 -1.454509
v -2.208526 1.466156 -2.606887
v -2.019609 1.672902 -2.540863
v -2.088226 1.441701 -2.827165
v -1.895678 1.642882 -2.755821
v -1.681395 1.822394 -2.668854
v -1.553496 2.020369 -2.349319
v -1.432589 1.980924 -2.558594
v -1.404351 2.190250 -2.024032
v -1.285075 2.141143 -2.232756
v -1.006359 2.227098 -2.112288
v -1.165687 2.093846 -2.437721
v -1.047879 2.051197 -2.641294
v -0.929951 2.005862 -2.841832
v -1.189539 1.900456 -2.967966
v -2.448872 0.395593 -3.199872
v -2.365024 0.091543 -3.423194
v -2.375504 0.675579 -3.183494
v -2.326044 0.378576 -3.422318
v -2.267856 0.941503 -3.150851
v -2.250729 0.656507 -3.403921
v -2.131993 1.190865 -3.104840
v -2.145156 0.921947 -3.370659
v -1.966470 1.416897 -3.044025
v -2.007724 1.168745 -3.321372
v -1.776237 1.617110 -2.971221
v -1.842415 1.392839 -3.257914
v -1.438602 1.759785 -3.089313
v -1.649171 1.585382 -3.179510
v -1.558876 1.790231 -2.879374
v -1.525620 1.562443 -3.388437
v -1.714288 1.366870 -3.466885
v -1.310524 1.725186 -3.291546
v -1.068400 1.865736 -3.169991
v -1.588278 1.345903 -3.676546
v -1.753332 1.124859 -3.745946
v -1.881484 1.146695 -3.534826
v -1.397536 1.538320 -3.592987
v -1.185202 1.701916 -3.493689
v -1.627308 1.107200 -3.957731
v -1.461080 1.326642 -3.884640
v -1.266974 1.517684 -3.795384
v -0.929643 1.652585 -3.892421
v -1.136813 1.493448 -3.996204
v -1.640748 1.829319 5.617230
v -1.419765 1.822422 5.783792
v -1.306002 2.009598 5.563618
v -1.512215 2.009722 5.390798
v -1.710676 2.015941 5.207496
v -1.368267 2.144770 5.148014
v -1.176430 2.153844 5.325447
v -1.184167 1.811953 5.923800
v -1.088209 2.011268 5.721063
v -0.942808 1.791642 6.047891
v -0.971313 2.151696 5.485370
v -0.842663 2.256900 5.238572
v -1.030368 2.235206 5.072518
v -0.856485 1.986704 5.852195
v -0.759227 2.151980 5.633821
v -1.382259 2.204165 4.706540
v -1.362485 2.206510 4.256667
v -1.206789 2.220712 4.453549
v -1.210672 2.222638 4.894813
v -0.857802 2.080702 3.998454
v -1.031262 2.174601 4.213256
v -0.723456 2.092554 4.190693
v -1.044809 2.235017 4.642321
v -0.879342 2.186962 4.404293
v -0.566661 2.117476 4.359769
v -0.435756 1.963870 4.180175
v -0.072196 0.565630 3.058700
v -0.047202 0.295352 3.069933
v -0.051467 0.284215 2.838986
v -0.142149 0.841048 3.067017
v -0.093482 0.569521 2.839307
v -0.246029 1.106288 3.085136
v -0.173386 0.847087 2.847757
v -0.033473 0.275233 3.282733
v 0.018267 0.304519 3.512714
v -0.093286 0.632958 3.516891
v -0.064859 0.601239 3.290543
v -0.102544 0.856026 3.510558
v -0.112106 0.846126 3.285429
v -0.163513 1.088693 3.509519
v -0.202398 1.096995 3.300141
v 0.023264 0.304166 3.696622
v -0.021939 0.572599 3.716663
v -0.125158 0.840931 3.754163
v -0.144948 1.083094 3.717755
v -0.076056 0.306100 3.915292
v -0.096455 0.570043 3.945165
v -0.099422 0.849086 3.936465
v -0.120222 1.068066 3.927145
v -0.168441 0.561794 4.042395
v -0.164579 0.304139 4.044597
v -0.173648 0.818057 4.058302
v -0.168018 1.065842 4.087644
v -0.378659 1.357041 3.115633
v -0.284179 1.114670 2.864250
v -0.537660 1.589040 3.167819
v -0.425807 1.368601 2.891584
v -0.716990 1.792226 3.252061
v -0.598497 1.604933 2.936283
v -0.463654 1.573437 3.386222
v -0.624083 1.772610 3.473720
v -0.569762 1.948585 4.008209
v -0.692878 1.937346 3.820844
v -0.532200 1.767877 3.681331
v -0.266065 1.333771 3.538107
v -0.322027 1.344530 3.331294
v -0.393279 1.560114 3.593400
v -0.209571 1.325850 3.736761
v -0.310615 1.556770 3.784893
v -0.432856 1.762490 3.870266
v -0.142145 1.328911 3.923887
v -0.215558 1.564548 3.961562
v -0.164364 1.310163 4.111438
v -0.169115 1.548067 4.148275
v -0.042489 0.278893 1.506570
v -0.074804 0.563234 1.505649
v -0.233904 1.102851 1.485401
v -0.143421 0.838387 1.498667
v -0.110230 0.842856 1.291471
v -0.035166 0.299061 1.088151
v -0.033193 0.285571 1.301834
v -0.042761 0.567730 1.102575
v -0.051257 0.565915 1.301273
v -0.080784 0.846517 1.096040
v -0.818751 1.946993 1.335375
v -0.760532 1.962255 1.090273
v -0.349677 1.350665 1.464314
v -0.194991 1.109551 1.273707
v -0.488848 1.578492 1.435111
v -0.307265 1.358766 1.245205
v -0.649911 1.776350 1.394862
v -0.586226 1.784883 1.165361
v -0.441001 1.585178 1.206846
v -0.260707 1.371775 1.035680
v -0.382855 1.604531 0.984680
v -0.522026 1.804437 0.926565
v -0.647203 2.074685 0.583896
v -0.694038 1.996423 0.842414
v -0.437684 1.847374 0.681272
v -0.159212 1.116082 1.073637
v -0.207509 1.385891 0.840244
v -0.120654 1.121197 0.889816
v -0.308221 1.612776 0.782732
v -0.216013 1.598553 0.605913
v -0.141912 1.355711 0.687096
v -0.900783 2.248482 0.463680
v -0.421732 2.424232 -0.495250
v -0.590403 2.477779 -0.869211
v -0.858457 2.321045 0.197787
v -0.501359 2.371038 -0.228658
v -0.183349 2.342996 -0.387211
v -0.326895 2.430867 -0.752723
v -0.601302 2.164202 0.316544
v -0.218341 2.411038 -0.996825
v 0.035801 2.357459 -0.883945
v -0.103901 2.356673 -1.226219
v -0.340583 1.902926 0.437797
v 0.156128 2.301432 -1.115053
v -0.328575 2.129819 0.134680
v 0.274130 2.296725 -0.765880
v -0.103669 1.990922 0.160473
v -0.271479 2.266724 -0.125446
v 0.151326 2.304393 -0.528244
v 0.497646 2.247972 -0.631841
v 0.401911 2.245347 -0.995483
v -0.547928 2.345122 -1.665121
v -0.264303 2.324198 -1.549322
v -0.377314 2.395014 -1.337930
v -0.487104 2.450697 -1.111430
v -0.607770 2.203963 -2.184993
v -0.436162 2.269178 -1.864120
v -0.326859 2.192307 -2.055834
v -0.153458 2.238877 -1.745729
v 0.122116 2.175628 -1.633521
v 0.491515 1.961276 -1.703025
v 0.223357 2.066584 -1.811952
v -0.889432 2.170127 -2.312906
v -0.774597 2.116523 -2.511808
v -0.498271 2.135101 -2.378277
v -0.661329 2.060679 -2.708602
v -0.548248 2.015726 -2.907251
v 0.046293 2.059669 -2.114849
v -0.223646 2.115977 -2.245347
v -0.123767 2.052732 -2.439684
v -0.025897 1.988053 -2.635522
v -0.283587 2.026233 -2.771580
v 0.132018 1.980626 -2.306162
v -0.172589 1.977285 -2.968523
v 0.081618 1.939599 -2.833098
v 0.308347 1.963794 -1.988373
v 0.373780 1.871106 -2.177833
v 0.321526 1.855531 -2.701114
v -0.056961 1.934329 -3.165096
v 0.193580 1.889486 -3.029573
v 0.063946 1.901790 -3.360746
v -1.628759 0.843905 -4.221724
v -1.762949 0.863334 -4.013677
v -1.211961 1.040447 -4.560103
v -1.485588 0.820481 -4.421833
v -1.353753 1.063227 -4.363108
v -0.945783 1.833922 -3.370196
v -1.491314 1.084454 -4.161675
v -1.324420 1.299935 -4.084236
v -1.004728 1.470687 -4.193890
v -0.812043 1.962590 -3.040996
v -1.193422 1.283206 -4.286804
v -0.692759 1.925085 -3.239651
v -0.570103 1.892373 -3.437137
v -0.819595 1.806203 -3.568542
v -1.054900 1.260921 -4.482630
v -0.871262 1.453552 -4.390112
v -0.799400 1.631269 -4.090449
v -0.661512 1.607947 -4.279950
v -0.432834 1.971319 -3.104451
v -0.313745 1.941403 -3.302732
v -0.435689 1.739129 -4.154552
v -0.566308 1.756423 -3.961607
v -0.446923 1.868192 -3.634936
v -0.319455 1.835740 -3.827406
v -0.066377 1.881219 -3.691969
v -1.341127 0.797810 -4.619570
v -1.186533 0.770728 -4.807052
v -1.282050 0.512103 -4.844728
v -1.442371 0.539175 -4.660707
v -1.064142 1.015406 -4.750695
v -1.019690 0.737921 -4.980145
v -1.113071 0.481957 -5.017652
v -0.901445 0.981383 -4.924623
v -0.923954 0.443044 -5.162186
v -0.837750 0.697019 -5.131312
v -0.640425 0.645682 -5.246874
v -0.716505 0.394573 -5.260705
v -0.544716 0.891831 -5.220025
v -0.911550 1.237578 -4.673399
v -0.731833 1.433777 -4.580343
v -0.528737 1.596367 -4.471256
v -0.759361 1.209288 -4.853900
v -0.588121 1.411171 -4.764316
v -0.392636 1.579007 -4.659029
v -0.729554 0.942068 -5.084281
v -0.598477 1.174338 -5.021680
v -0.437650 1.381567 -4.938075
v -0.302116 1.722114 -4.343878
v -0.168351 1.705906 -4.529957
v 0.071868 1.788483 -4.395231
v -0.427082 1.128662 -5.171143
v -0.277976 1.343095 -5.096002
v -0.096611 1.524602 -4.998770
v -0.249330 1.555470 -4.836012
v -0.698493 2.284925 4.982711
v -0.511891 2.314581 5.132783
v -0.382329 1.926244 6.073468
v -0.622229 1.964513 5.974346
v -0.305933 2.114831 5.871999
v -0.140501 1.887504 6.150080
v -0.073305 2.079303 5.961104
v -0.212813 2.248431 5.639109
v -0.432080 2.263702 5.523209
v -0.312494 2.330072 5.267625
v -0.103494 2.335899 5.390887
v 0.103548 1.840659 6.205360
v 0.009591 2.227633 5.742463
v 0.111609 2.326507 5.502444
v 0.014759 2.366715 5.132387
v 0.232576 2.195422 5.830563
v -0.548590 2.254678 4.735517
v -0.373856 2.304872 4.877981
v -0.405921 2.148040 4.514966
v -0.237839 2.200191 4.645902
v -0.284184 1.987153 4.332727
v -0.117378 2.003660 4.470117
v -0.184199 2.327404 5.008105
v 0.223862 2.378964 5.253807
v 0.336290 2.372401 5.003217
v 0.131032 2.335608 4.873345
v 0.042358 2.125004 4.494261
v 0.228219 2.249038 4.622302
v 0.300118 2.147312 4.376060
v 0.046458 0.575351 4.027917
v 0.039382 0.312900 4.011092
v 0.037857 0.822910 4.062162
v 0.013994 1.073161 4.121555
v -0.019471 0.572346 3.859327
v 0.002500 0.331871 3.869442
v -0.045995 0.819125 3.892816
v -0.073940 1.133998 3.965687
v -0.153777 0.600854 3.705082
v -0.212633 0.335689 3.709981
v -0.055965 0.856833 3.705519
v -0.069361 1.153965 3.784804
v -0.037657 0.569530 3.516119
v -0.129839 0.332891 3.520748
v -0.042661 0.879637 3.542922
v -0.009162 1.161273 3.601318
v 0.006183 1.314931 4.188162
v -0.015360 1.550390 4.266579
v -0.201863 1.774662 4.208079
v -0.053010 1.778774 4.359071
v -0.054805 1.385185 4.020316
v 0.011087 1.642600 4.092307
v 0.102530 1.923066 4.245071
v 0.004533 1.408851 3.838217
v 0.098444 1.653296 3.910767
v 0.218355 1.884308 4.018608
v 0.073889 1.414477 3.651654
v 0.183913 1.649750 3.721789
v -0.085596 1.120176 0.469896
v -0.091988 0.826319 0.474881
v 0.053030 1.084778 0.384530
v 0.093259 0.800002 0.461453
v 0.018693 1.088868 0.565404
v 0.025425 0.811369 0.623171
v 0.081538 1.075825 0.732174
v 0.035990 0.807272 0.780385
v 0.009140 -0.023568 1.021067
v 0.028639 0.255897 0.832363
v 0.020542 0.241082 1.024593
v 0.034030 0.528707 0.813855
v 0.022852 0.534757 0.988212
v 0.060542 0.805268 0.955028
v 0.124882 1.075917 0.914443
v -0.083713 1.295685 0.579360
v -0.101302 1.434987 0.475447
v 0.022863 1.374393 0.312628
v 0.026788 1.636153 0.249124
v 0.069677 1.865130 0.137190
v 0.217839 1.819485 0.289597
v 0.056339 1.366816 0.500744
v 0.136582 1.642759 0.395797
v 0.337610 1.755450 0.468377
v 0.154612 1.337790 0.668291
v 0.245511 1.574115 0.578592
v 0.215590 1.331268 0.857205
v 0.325100 1.559414 0.777201
v 0.586742 1.925226 0.505142
v 0.459656 1.926856 0.310651
v 0.247163 2.169246 -0.189401
v 0.364729 2.236815 -0.404288
v 0.037701 2.259074 -0.289609
v 0.703146 2.205161 -0.477832
v 0.632913 2.200471 -0.857573
v 0.851322 2.171616 -0.703127
v 0.769722 2.111657 -1.072553
v 1.000297 2.083975 -0.920300
v 1.057199 2.156937 -0.536943
v 0.318160 1.974367 0.136542
v 0.894002 2.180626 -0.307370
v 1.248706 2.144056 -0.361399
v 1.221205 2.071373 -0.762170
v 1.607562 1.919183 -0.818682
v 1.383424 1.929965 -0.974334
v 1.013341 0.266078 -2.048934
v 1.270190 0.242806 -2.093130
v 0.987028 0.565661 -2.068661
v 1.413249 -0.103264 -2.268264
v 0.948411 0.867410 -2.112773
v 1.236288 0.550168 -2.144806
v 1.436685 0.302235 -1.964828
v 1.244055 0.292935 -2.054616
v 1.377229 0.640047 -1.935730
v 1.200286 0.617558 -2.043682
v 1.266137 0.976242 -1.888135
v 1.106307 0.941076 -2.020308
v 1.095306 1.312525 -1.834880
v 1.341833 1.291162 -1.702454
v 1.643673 0.294620 -1.860271
v 1.586583 0.633952 -1.830162
v 1.485880 0.967667 -1.778440
v 0.528352 2.151105 -1.211707
v 0.901344 1.982547 -1.270171
v 0.646773 2.019960 -1.410415
v 0.754008 1.861184 -1.590801
v 1.025252 1.817469 -1.439194
v 0.969015 1.245106 -1.987619
v 0.805049 1.441689 -2.189396
v 0.890249 1.164168 -2.162188
v 0.799396 1.521967 -1.997612
v 0.598233 1.725572 -2.065323
v 1.165221 0.846817 -2.215442
v 0.910663 1.375786 -2.372012
v 1.058873 1.126991 -2.296548
v 1.163520 1.591540 -1.591457
v 1.427014 1.565251 -1.441077
v 1.287735 1.781316 -1.296205
v 1.673299 1.534482 -1.298640
v 1.413867 0.206255 -2.302536
v 1.372924 0.510036 -2.354074
v 1.296599 0.803313 -2.416279
v 1.501312 0.474478 -2.565210
v 1.534296 0.172642 -2.523630
v 1.664184 0.144012 -2.738002
v 0.433188 1.806185 -2.897844
v 0.313700 1.854744 -3.225393
v 0.447199 1.798656 -2.377694
v 0.542752 1.732862 -2.576064
v 0.549954 1.761296 -3.094247
v 0.652870 1.677125 -2.772806
v 0.738108 1.573378 -2.463583
v 0.646823 1.647970 -2.267793
v 0.850390 1.513445 -2.660340
v 1.177923 1.077270 -2.491134
v 1.026194 1.316314 -2.568682
v 0.890220 1.591823 -3.169352
v 0.967677 1.459176 -2.859026
v 1.086019 1.422608 -3.061432
v -0.060020 1.804252 -4.209452
v 0.061041 1.856648 -3.883370
v 0.190655 1.839618 -4.072405
v 0.442807 1.828253 -3.936543
v 0.434670 1.816512 -3.420233
v 0.672361 1.727214 -3.290605
v 0.562672 1.797704 -3.613081
v 0.571768 1.812224 -4.124695
v 0.795134 1.692829 -3.486648
v 0.689088 1.770407 -3.805079
v 1.014766 1.560047 -3.366755
v 0.925505 1.675635 -3.679558
v 1.049135 1.646414 -3.875125
v 0.817660 1.754402 -3.995826
v 1.138556 1.529085 -3.564492
v -0.494411 0.341923 -5.283639
v -0.547430 0.097609 -5.283352
v -0.778216 0.142087 -5.273480
v -0.426090 0.585409 -5.284477
v -0.345588 0.829550 -5.287226
v 0.109990 1.665097 -4.881296
v -0.246883 1.071518 -5.282778
v -0.116621 1.302300 -5.238582
v 0.204644 1.769986 -4.576795
v 0.320903 1.823915 -4.258890
v 0.450793 1.803940 -4.442603
v 0.338064 1.756879 -4.754496
v 0.472424 1.718864 -4.922899
v 0.251026 1.629744 -5.043427
v 0.579755 1.785862 -4.625030
v 0.945232 1.743400 -4.690221
v 0.707694 1.753018 -4.804226
v 0.834864 1.709981 -4.982706
v 0.823266 1.767676 -4.500106
v 0.699867 1.798080 -4.312125
v 1.065180 1.717171 -4.381008
v -0.305259 0.046940 -5.262482
v -0.267315 0.283319 -5.268007
v -0.202034 0.517100 -5.273294
v -0.001920 0.169753 -5.263480
v -0.087029 -0.020422 -5.281390
v 0.025076 0.436653 -5.271955
v -0.126842 0.752303 -5.274188
v 0.085244 -0.289017 -5.266002
v -0.139167 -0.239022 -5.274928
v 0.132824 -0.075490 -5.277164
v 0.240261 0.359023 -5.294265
v 0.202326 0.136391 -5.284787
v 0.294853 0.588718 -5.273140
v 0.355771 -0.137349 -5.272940
v 0.416103 0.074662 -5.273710
v 0.454700 0.294210 -5.270621
v 0.506355 0.508547 -5.274781
v 0.069707 1.225757 -5.278422
v -0.040214 0.988875 -5.283012
v 0.210681 1.443227 -5.285481
v 0.085583 0.671370 -5.270360
v 0.159408 0.900224 -5.280463
v 0.254210 1.130406 -5.272670
v 0.384694 1.347959 -5.283573
v 0.540039 1.528608 -5.285486
v 0.353691 0.811256 -5.274643
v 0.429474 1.034130 -5.299306
v 0.542234 1.246255 -5.279229
v 0.520764 0.770777 -5.272067
v 0.693517 1.120961 -5.290722
v 0.600483 0.942630 -5.287357
v 0.657656 1.415666 -5.289891
v 0.744178 1.259347 -5.289110
v 1.405861 0.228179 6.354316
v 1.660337 0.495345 6.308225
v 1.401443 0.500221 6.389544
v 1.649897 0.758251 6.291074
v 1.391099 0.758503 6.380035
v 1.623218 1.012716 6.256351
v 1.367192 1.008172 6.349035
v 1.585667 1.256128 6.204255
v 1.339037 1.249333 6.307507
v 0.384402 1.993518 6.099103
v 0.451335 2.152770 5.901373
v 0.328547 2.310443 5.604422
v 0.438860 2.366054 5.365981
v 0.656207 2.337582 5.469026
v 0.769640 2.373607 5.246303
v 0.545403 2.265793 5.687049
v 0.870413 2.281893 5.565537
v 1.537442 1.485258 6.131969
v 1.301240 1.477064 6.243413
v 1.481860 1.696456 6.036475
v 1.256067 1.687792 6.156527
v 0.760193 2.211548 5.759887
v 0.962368 2.129904 5.829833
v 1.198904 2.227906 5.487205
v 0.988287 2.316944 5.362793
v 1.024606 1.871173 6.120019
v 1.008173 1.977987 6.019832
v 0.859957 2.047602 5.984989
v 1.246766 1.837001 6.051704
v 1.132093 2.007324 5.926966
v 1.076240 2.187794 5.665693
v 0.391885 2.078748 4.153207
v 0.550845 2.387172 5.126940
v 0.434496 2.334967 4.755093
v 0.511150 2.281611 4.511699
v 0.651263 2.383693 4.887540
v 0.595574 2.219483 4.285390
v 0.968860 2.364407 4.790726
v 0.736953 2.344632 4.651926
v 0.819710 2.309138 4.420514
v 0.684541 2.184012 4.061126
v 0.905552 2.281807 4.191681
v 1.101545 2.338966 5.152672
v 1.201857 2.336668 4.931803
v 1.055949 2.346935 4.560640
v 0.013490 0.575471 3.354445
v 0.013844 0.347640 3.351505
v 0.006217 0.883335 3.380149
v 0.056985 1.165058 3.417132
v 0.001423 0.354922 3.173777
v -0.004639 0.639917 3.181972
v 0.029890 0.913439 3.194963
v 0.001040 0.360026 2.982012
v 0.013644 0.069583 2.990322
v 0.006615 0.650731 2.988668
v -0.012568 0.378175 2.791628
v 0.057146 0.928382 2.999629
v 0.016728 0.665391 2.789976
v 0.101448 1.177551 3.221542
v 0.140988 1.194418 3.022245
v 0.084649 0.946067 2.797597
v -0.006226 0.392363 2.590705
v 0.143749 1.417203 3.462034
v 0.260148 1.648857 3.525683
v 0.322519 1.862538 3.818684
v 0.485721 2.045670 3.935992
v 0.202140 1.425908 3.264131
v 0.481033 1.849139 3.401537
v 0.329826 1.652507 3.324413
v 0.576962 2.025770 3.719505
v 0.257343 1.440031 3.062278
v 0.546120 1.855160 3.187717
v 0.393363 1.662168 3.117816
v 0.405876 1.852213 3.612290
v 0.654899 2.020199 3.498904
v 0.307359 1.463955 2.854556
v 0.183394 1.213583 2.818472
v 0.611408 1.864896 2.971055
v 0.454457 1.684949 2.906471
v 0.771460 2.167900 3.835208
v 0.855622 2.151864 3.610032
v 1.074636 2.249255 3.731947
v 0.929786 2.146443 3.380654
v -0.000180 0.415685 2.386455
v -0.014674 0.119475 2.398038
v -0.019270 0.098450 2.593961
v 0.038246 0.683397 2.587202
v 0.108797 0.967706 2.590012
v 0.215967 1.238713 2.606104
v 0.053735 0.707710 2.379697
v -0.011737 0.145970 2.186853
v 0.012488 0.442347 2.178157
v 0.069863 0.734932 2.169930
v 0.159395 1.019981 2.164196
v -0.000582 -0.124215 1.991462
v -0.000987 0.172367 1.980443
v 0.028782 0.468316 1.969719
v 0.088332 0.760977 1.958823
v 0.182634 1.045641 1.947961
v -0.005819 0.199739 1.775774
v 0.029202 0.493633 1.763358
v 0.097009 0.784970 1.748816
v 0.659162 1.790158 1.952506
v 0.500256 1.591572 1.690879
v 0.474032 1.568215 1.935694
v 0.695946 1.810528 1.679625
v 0.354306 1.495577 2.637326
v 0.528793 1.726977 2.687864
v 0.141039 0.990964 2.378980
v 0.250767 1.265590 2.387159
v 0.400596 1.523108 2.410733
v 0.583147 1.755219 2.452396
v 0.310158 1.317825 1.938224
v 0.287193 1.290095 2.164509
v 0.438492 1.547491 2.176340
v 0.624167 1.774587 2.207413
v 0.197539 1.068505 1.732448
v 0.331780 1.339624 1.712250
v 0.838093 1.947964 2.008579
v 0.737448 1.906305 2.505543
v 0.912788 2.042585 2.582877
v 0.788316 1.925796 2.261075
v 0.071353 0.810118 1.143117
v 0.028453 0.531099 1.165667
v 0.024932 0.526655 1.362319
v 0.155390 1.081717 1.107856
v 0.086946 0.810314 1.340235
v 0.098531 0.802170 1.542324
v 0.029758 0.513138 1.560498
v 0.200589 1.083693 1.519772
v 0.265199 1.337450 1.058673
v 0.183543 1.086699 1.311068
v 0.395196 1.569058 0.986850
v 0.309870 1.348638 1.269764
v 0.546925 1.768327 0.877484
v 0.707561 1.939470 0.706826
v 0.336641 1.353576 1.488477
v 0.510846 1.608290 1.444566
v 0.750422 1.860678 1.375557
v 0.464208 1.588095 1.208380
v 0.642270 1.800697 1.104321
v 0.828913 1.969071 0.913022
v 1.019294 2.084955 0.693240
v 0.879480 2.060764 0.503618
v 0.969028 2.022269 1.109923
v 0.894899 1.980618 1.748413
v 0.991541 2.030569 1.499252
v 1.116026 2.118746 1.851678
v 1.158677 2.118976 1.258365
v 1.348384 2.179706 1.023568
v 1.171521 2.125072 0.870663
v 1.372685 2.177283 0.634336
v 1.219673 2.155241 1.616998
v 1.538767 2.231393 1.162346
v 1.073208 2.169644 -0.129324
v 1.245756 2.168909 0.049809
v 1.433827 2.141336 -0.184741
v 1.621353 2.047127 -0.415077
v 1.805658 2.043327 -0.233113
v 0.902654 2.139235 0.098620
v 1.060160 2.134246 0.281341
v 2.164594 1.884546 -0.249465
v 1.992847 1.886446 -0.445724
v 1.213302 2.152778 0.462564
v 1.411344 2.171083 0.228189
v 1.610214 2.135021 -0.005522
v 1.778989 2.133451 0.175108
v 1.974147 2.036736 -0.041848
v 2.137800 2.021453 0.149992
v 1.575617 2.180075 0.401312
v 1.543247 2.210984 0.791728
v 1.857607 0.278102 -1.735784
v 1.805469 0.616805 -1.705945
v 1.713934 0.947587 -1.651097
v 1.585165 1.265348 -1.567028
v 2.071557 0.258487 -1.589294
v 2.024315 0.597177 -1.560483
v 1.939796 0.925995 -1.505518
v 1.819852 1.238154 -1.419776
v 2.279022 0.238077 -1.419092
v 2.236924 0.577866 -1.393116
v 2.158585 0.905988 -1.341290
v 2.049424 1.213023 -1.263669
v 2.477511 0.218295 -1.226705
v 2.438774 0.560374 -1.202912
v 2.363364 0.890890 -1.153254
v 2.254415 1.199348 -1.075024
v 1.534851 1.736804 -1.157770
v 1.797543 1.687839 -1.045610
v 1.989564 1.682612 -0.843854
v 1.915082 1.478882 -1.157208
v 2.120343 1.468118 -0.967898
v 1.731814 -0.478738 -2.920227
v 1.772619 -0.181428 -2.937347
v 1.622399 0.440975 -2.779644
v 1.771655 0.116558 -2.964245
v 1.832855 -0.493551 -3.156628
v 1.876579 -0.201105 -3.169756
v 1.878303 0.093091 -3.191916
v 1.726754 0.408543 -3.002412
v 1.838066 0.382669 -3.223275
v 1.534494 0.723800 -2.834607
v 1.645734 0.690194 -3.049022
v 1.408783 0.987790 -2.899673
v 1.525345 0.954060 -3.107014
v 1.375458 1.189056 -3.175472
v 1.251989 1.221359 -2.975299
v 1.209237 1.386248 -3.259749
v 1.756778 0.661019 -3.264721
v 1.642687 0.924839 -3.314750
v 1.331467 1.353010 -3.459056
v 1.499211 1.160017 -3.376029
v 1.973996 -0.217410 -3.407578
v 1.925679 -0.504686 -3.398906
v 1.979431 0.073066 -3.424497
v 1.944294 0.360099 -3.449196
v 2.021980 -0.514737 -3.642727
v 2.063687 -0.230004 -3.651188
v 2.069349 0.056882 -3.664432
v 2.090905 -0.517144 -3.898607
v 2.130326 -0.511230 -4.164137
v 2.132566 -0.236971 -3.904216
v 2.174068 -0.236981 -4.167005
v 2.141225 0.045247 -3.913048
v 2.188116 0.039715 -4.171657
v 2.115311 0.324613 -3.926427
v 2.171226 0.314808 -4.179276
v 0.941714 1.730634 -4.187765
v 1.175591 1.631283 -4.070016
v 1.267380 1.509527 -3.760966
v 1.388261 1.483208 -3.961617
v 1.292579 1.609156 -4.270075
v 1.871203 0.637840 -3.481930
v 2.037493 0.340534 -3.683670
v 1.756604 0.897203 -3.527239
v 1.967661 0.615100 -3.710361
v 1.612504 1.129723 -3.584505
v 1.861413 0.874603 -3.747078
v 1.575032 1.298240 -3.864281
v 1.723554 1.099540 -3.796105
v 1.829915 1.081803 -4.011920
v 1.692686 1.276858 -4.072652
v 1.502127 1.460273 -4.167065
v 1.787227 1.257371 -4.295471
v 1.604370 1.436746 -4.379990
v 2.053415 0.595477 -3.945920
v 2.121586 0.583569 -4.191436
v 1.954237 0.851404 -3.975156
v 2.037977 0.839631 -4.210349
v 1.925533 1.066582 -4.238441
v 1.986488 1.061388 -4.481431
v 1.855328 1.243212 -4.530597
v 1.570023 -0.285186 -5.264202
v 1.329240 -0.207433 -5.283356
v 1.616842 -0.055795 -5.264041
v 1.374949 0.015635 -5.280833
v 1.659094 0.174375 -5.280524
v 1.413574 0.240696 -5.280687
v 1.692119 0.407837 -5.288065
v 1.445988 0.467954 -5.275898
v 1.061638 1.694896 -4.883737
v 1.176623 1.681733 -4.580483
v 1.278088 1.628108 -4.785071
v 1.398652 1.579326 -4.476669
v 1.375367 1.557273 -4.996741
v 1.171899 1.611135 -5.079920
v 0.964089 1.637317 -5.151703
v 1.259839 1.458808 -5.257863
v 1.490064 1.536291 -4.690103
v 1.682300 1.401453 -4.601127
v 1.561552 1.459928 -4.906648
v 1.626260 1.343181 -5.116527
v 1.740797 1.351255 -4.822579
v 1.680542 1.132942 -5.270370
v 1.478709 1.186064 -5.284107
v 1.851692 1.076062 -5.154717
v 1.703958 0.648192 -5.274673
v 1.473307 0.696938 -5.309114
v 1.713217 0.888793 -5.288167
v 1.485474 0.941571 -5.262841
v 0.634956 0.006510 -5.278595
v 0.679199 0.221159 -5.299819
v 0.726386 0.434457 -5.298567
v 0.779912 0.651446 -5.269615
v 0.859109 -0.062238 -5.273356
v 0.907692 0.152791 -5.269295
v 0.951348 0.368565 -5.267155
v 0.992327 0.584482 -5.278404
v 1.090205 -0.133281 -5.273967
v 1.137065 0.084502 -5.277813
v 1.178359 0.303622 -5.274440
v 1.214419 0.523640 -5.274656
v 0.864832 1.476987 -5.275680
v 1.063343 1.480402 -5.282631
v 0.756202 0.942319 -5.260360
v 0.881449 1.087669 -5.280136
v 0.897906 1.277655 -5.287064
v 1.026576 0.796887 -5.292737
v 1.074157 1.023227 -5.283179
v 1.074793 1.230412 -5.274527
v 1.246023 0.746296 -5.313236
v 1.450953 1.412991 -5.191029
v 1.270074 1.205960 -5.264239
v 1.265877 0.968894 -5.281618
v 1.658642 0.227435 6.304329
v 1.923318 0.231157 6.195705
v 1.916986 0.502565 6.188023
v 1.897719 0.768327 6.163711
v 1.863261 1.025896 6.122686
v 1.815287 1.273179 6.064754
v 2.169101 0.241852 6.046945
v 2.156950 0.516846 6.034581
v 2.127961 0.785497 6.003062
v 2.081862 1.045120 5.954595
v 2.021215 1.295056 5.892081
v 2.390713 0.257877 5.860027
v 2.339815 0.807564 5.813028
v 2.284040 1.069799 5.761651
v 2.372029 0.535230 5.843459
v 2.589335 0.277679 5.647887
v 2.567845 0.557300 5.630916
v 2.761169 0.298591 5.410218
v 2.464214 1.094995 5.544703
v 2.523936 0.829892 5.593772
v 1.747529 1.504320 5.981436
v 1.663278 1.719857 5.881661
v 1.519306 2.119567 5.428150
v 1.317317 2.247192 5.287492
v 1.392172 1.882130 5.911174
v 1.544639 1.917119 5.752667
v 1.833051 1.743428 5.705729
v 1.695248 1.950173 5.572964
v 1.830892 1.970435 5.366127
v 2.376727 1.344884 5.475458
v 2.207918 1.319788 5.693317
v 1.429044 2.259264 5.075167
v 1.754031 2.150737 5.001260
v 1.531229 2.263141 4.852315
v 1.295762 2.329060 4.705254
v 1.626960 2.261411 4.621641
v 1.641151 2.137369 5.221573
v 1.957286 1.991404 5.148139
v 1.859993 2.161830 4.770487
v 1.718122 2.264698 4.385546
v 1.954060 2.165747 4.529953
v 2.174750 2.019792 4.671186
v 2.132289 1.790518 5.286382
v 2.252750 1.809374 5.048201
v 2.072802 2.008900 4.915486
v 1.149365 2.241637 3.498574
v 1.384674 2.294343 3.627042
v 1.453334 2.288492 3.388399
v 1.216860 2.238339 3.263031
v 1.698988 2.300159 3.518056
v 1.517451 2.289266 3.148783
v 1.554554 2.306267 4.002419
v 1.800157 2.259643 4.143188
v 1.878379 2.264827 3.897192
v 1.763924 2.295255 3.273571
v 1.056209 2.151326 2.913201
v 1.279138 2.241130 3.026576
v 1.117298 2.158036 2.679070
v 1.034993 2.088362 2.097116
v 1.340153 2.218245 1.966779
v 1.671437 2.295806 1.858983
v 1.446265 2.240514 1.736794
v 1.252526 2.193808 2.203967
v 1.569382 2.280521 2.086556
v 1.406996 2.253736 2.554998
v 1.342188 2.241696 2.790831
v 1.646552 2.299907 2.673215
v 1.481067 2.266340 2.319873
v 1.827942 2.294226 3.031089
v 1.580934 2.288717 2.910075
v 1.801293 2.309911 2.207632
v 2.038803 2.288812 2.324929
v 2.122648 2.281589 2.100817
v 2.075904 2.251981 3.149438
v 1.893768 2.295583 2.790889
v 1.963655 2.295368 2.555363
v 1.367900 2.199018 1.388095
v 1.735238 2.268849 1.295434
v 1.932674 2.280577 1.427125
v 1.903237 2.245246 1.085310
v 1.793602 2.292763 1.639396
v 2.006900 2.295949 1.763476
v 2.076766 2.193380 0.883720
v 2.238698 2.177582 1.038743
v 2.127081 2.264765 1.554649
v 2.083391 2.237946 1.227679
v 2.259724 2.219448 1.361625
v 1.897607 2.302770 1.981961
v 2.397166 2.146981 1.187505
v 2.424510 2.167520 1.481113
v 2.537310 2.045680 1.042720
v 2.678030 1.909213 0.918084
v 2.559726 1.957127 0.723373
v 2.927266 0.509679 -0.497930
v 3.020082 0.489975 -0.218674
v 2.860798 0.851106 -0.463941
v 2.973870 0.832485 -0.194996
v 2.759794 1.185541 -0.405746
v 2.869732 1.169338 -0.143919
v 2.600812 1.498753 -0.306822
v 2.719894 1.500150 -0.062988
v 1.943078 2.127859 0.351472
v 2.290373 2.005173 0.342533
v 2.457226 1.859701 0.181744
v 1.742826 2.187876 0.566861
v 2.101940 2.120203 0.524896
v 1.910943 2.195596 0.726374
v 2.253800 2.107078 0.697158
v 2.714090 1.671349 0.281511
v 2.828048 1.621660 0.518166
v 2.917267 1.438220 0.448849
v 2.398817 2.083792 0.869976
v 2.822661 0.179945 -0.771862
v 2.660838 0.198014 -1.011029
v 2.791032 0.526805 -0.755862
v 2.625651 0.542763 -0.990849
v 2.724558 0.866026 -0.717216
v 2.553529 0.877661 -0.945380
v 2.615907 1.185765 -0.647250
v 2.444114 1.196200 -0.869750
v 2.478262 1.464965 -0.548880
v 2.294871 1.499084 -0.754685
v 2.367534 1.667280 -0.462837
v 1.971851 -0.417770 -4.951603
v 1.792884 -0.355771 -5.146942
v 2.016937 -0.168530 -4.951158
v 1.838866 -0.116843 -5.147917
v 2.049892 0.081818 -4.953219
v 1.877028 0.123823 -5.153978
v 2.067967 0.331888 -4.956909
v 1.899686 0.366023 -5.159515
v 1.880778 1.208518 -4.771420
v 2.002001 1.045370 -4.732214
v 1.766945 1.253629 -5.026878
v 1.898414 1.168816 -4.943492
v 1.980826 1.027723 -4.968867
v 2.069311 0.579177 -4.961843
v 1.921173 0.606035 -5.175427
v 1.912889 0.846243 -5.180567
v 2.732865 0.577828 5.389509
v 2.688025 0.851844 5.355084
v 2.619560 1.116709 5.304341
v 2.903344 0.317580 5.152628
v 2.875417 0.596550 5.132405
v 2.826790 0.870253 5.097595
v 2.753912 1.135175 5.047869
v 3.009206 0.332563 4.878888
v 2.984526 0.609962 4.858429
v 2.938217 0.883487 4.825377
v 2.866353 1.148949 4.778384
v 3.080375 0.345747 4.294719
v 3.030496 0.336940 4.589820
v 3.058094 0.620750 4.575614
v 3.023431 0.616937 4.273830
v 2.525725 1.368285 5.237184
v 2.265155 1.576225 5.389917
v 2.405692 1.602492 5.154008
v 2.371830 1.833374 4.802882
v 2.652997 1.386199 4.982191
v 2.526936 1.621966 4.902534
v 2.634154 1.635094 4.640975
v 2.470540 1.846301 4.544472
v 2.625340 1.853821 4.005688
v 2.550262 1.849561 4.276331
v 2.721772 1.643699 4.367727
v 3.040753 0.329698 3.989146
v 3.029218 0.314560 3.691971
v 3.065128 0.607811 3.975180
v 3.092924 0.588971 3.678618
v 3.024204 0.874824 3.951956
v 3.048659 0.858804 3.652475
v 3.044455 0.302245 3.391892
v 3.086976 0.271078 3.090557
v 3.019695 0.563679 3.376715
v 3.032249 0.536279 3.079021
v 3.010643 0.827076 3.360332
v 3.066207 0.810804 3.064213
v 3.046159 1.105932 3.331693
v 3.023256 1.071083 3.041661
v 2.011286 2.252544 3.397095
v 2.318401 2.164082 3.266841
v 2.189156 2.171560 3.776189
v 2.420382 2.038097 3.899324
v 2.484594 2.032797 3.635590
v 2.253857 2.164714 3.520532
v 2.374912 2.146255 3.014469
v 2.597551 2.009470 3.110277
v 2.687375 1.848994 3.733633
v 3.037661 0.245766 2.793862
v 3.026680 0.504845 2.783391
v 3.009760 0.765791 2.769786
v 3.030218 1.034011 2.759181
v 3.038553 0.207959 2.496468
v 3.036367 0.470068 2.484497
v 3.054106 0.721778 2.474802
v 3.029006 0.960798 2.488549
v 3.039288 0.180095 2.194035
v 3.046726 0.445140 2.187459
v 3.032359 0.706378 2.164972
v 3.015739 0.968568 2.161109
v 3.023067 0.154058 1.894986
v 3.030998 0.423614 1.890810
v 3.034348 0.675262 1.887262
v 3.036066 0.958732 1.871364
v 3.022936 1.217646 1.879994
v 3.034727 1.242963 2.162359
v 2.139342 2.246176 2.905494
v 2.346054 2.209602 2.202093
v 2.560426 2.098236 2.285090
v 2.421886 2.186054 1.979520
v 2.438725 2.140409 2.766834
v 2.650539 1.991677 2.852335
v 2.498326 2.119608 2.523118
v 2.695449 1.963504 2.595788
v 2.745130 1.938698 2.343531
v 2.960640 1.686561 1.865398
v 2.930630 1.710476 2.121135
v 3.026545 1.491185 2.143757
v 3.038079 1.468938 1.872165
v 3.023494 0.405552 0.976824
v 3.029274 0.383504 1.293977
v 3.021525 0.699815 0.981524
v 3.019371 0.689296 1.285735
v 3.093216 0.982026 0.992367
v 3.028683 0.961358 1.294889
v 3.047758 1.265664 1.013627
v 3.043129 1.222810 1.306633
v 3.037328 -0.146647 1.607202
v 3.025181 0.123827 1.599258
v 3.022293 0.405544 1.585943
v 3.026473 0.673827 1.591140
v 3.012529 0.948877 1.589406
v 3.034428 1.210163 1.595615
v 2.544901 2.087091 1.319052
v 2.645409 2.042897 1.420472
v 2.580860 2.096322 1.566369
v 2.796388 1.852288 1.109982
v 2.912855 1.677242 1.049597
v 2.820058 1.749516 0.821682
v 2.619336 2.069070 2.054236
v 2.501808 2.147082 1.766961
v 3.001410 1.496817 1.025081
v 3.035953 1.458930 1.315332
v 2.971577 1.658230 1.328261
v 2.890116 1.796716 1.341508
v 3.044205 1.457210 1.597839
v 2.982985 1.672957 1.602521
v 3.016098 0.731234 0.678549
v 3.025336 1.040960 0.696419
v 3.008952 1.321330 0.723943
v 2.932765 1.562363 0.755112
v -2.011170 -1.704558 -2.325117
v -1.382954 -1.694177 -3.394890
v -0.283386 -1.585809 3.905774
v -0.935882 -1.752344 -4.249257
v -1.047813 -1.737384 -4.039420
v -2.418961 1.825952 4.818062
v 2.837489 1.872563 1.855048
v 2.798839 1.909816 2.096675
v 1.031911 1.690695 6.232211
v 0.567847 1.831093 -1.870218
v 0.868154 1.632602 -1.772573
v -0.388717 -1.780063 4.013158
v -0.451132 -1.742346 3.758459
v -3.259749 -1.516663 0.456738
v -3.128292 -1.700797 0.519837
v 0.686323 -1.669224 -5.264523
v 0.495105 -1.852829 -5.268760
v -0.632476 1.610603 2.692479
v -0.454248 1.373719 2.658350
v -0.308954 1.119208 2.636510
v -0.195126 0.850624 2.623008
v -0.112504 0.571751 2.615835
v -0.321399 1.774267 4.042783
v -3.496131 1.012023 0.313260
v -3.508870 1.039559 0.586119
v -3.399302 1.281320 0.334366
v -3.555357 0.734376 0.302835
v -3.543190 0.756942 0.578456
v -3.536715 0.442592 0.306827
v -3.533051 0.463328 0.580662
v -3.516201 0.149020 0.333031
v -3.553737 0.163435 0.583979
v -3.573642 -0.151230 0.318347
v -3.526251 -0.127434 0.603075
v -3.525054 -0.445150 0.331017
v -3.528338 -0.855695 3.946978
v -3.540259 -0.585299 3.989813
v -3.464760 -1.118944 3.894153
v -3.368989 -1.370842 3.826821
v -3.538561 -0.032025 4.027674
v -3.532450 -0.309694 4.016255
v -3.332714 -1.811013 2.135019
v 2.095938 0.823232 -4.716588
v 2.089661 0.831624 -4.459894
v 2.146283 0.572959 -4.710129
v 2.157848 0.575920 -4.447963
v 2.162982 0.315439 -4.707419
v 2.192319 0.311181 -4.441986
v 2.156117 0.055193 -4.705859
v 2.197934 0.042364 -4.438954
v 2.129392 -0.205347 -4.705349
v 2.177829 -0.227252 -4.437272
v 2.085141 -0.464494 -4.705995
v 2.133957 -0.494874 -4.436635
v 2.024771 -0.720710 -4.707895
v 2.067569 -0.757862 -4.436847
v 1.948010 -0.972062 -4.711263
v 1.104542 1.011135 6.361229
v 1.118991 0.505962 6.363965
v 1.087167 1.258470 6.375701
v -2.075125 -0.559359 6.159104
v -1.807525 -0.574505 6.288461
v -1.797551 -0.836155 6.246858
v -3.517839 1.067448 0.858154
v 2.051314 0.818905 -4.969369
v -0.025960 -0.727829 3.789540
v -0.034130 -1.015200 3.841722
v -0.090527 -0.746656 3.928723
v 3.022082 -0.457840 1.326266
v 3.026500 -0.424801 1.629136
v 2.981954 -0.702385 1.654235
v 3.032441 -0.977140 1.695469
v -0.118374 -0.283391 3.963946
v -0.119874 -0.529156 4.002659
v -0.124050 -0.282472 3.767211
v -0.131293 -0.774428 3.983045
v -0.111522 -0.568564 3.758406
v -0.121366 -1.054749 3.971498
v -0.082409 -0.822244 3.736413
v -0.108840 -1.081228 3.762353
v -0.046227 0.050788 3.938612
v 0.032722 0.028887 3.701843
v 1.200292 -1.972471 -5.047996
v -0.190220 -1.341863 3.818141
v 2.893992 1.625587 3.526781
v 2.848620 1.638902 3.807919
v 3.000923 1.388075 3.579558
v 2.967059 1.404525 3.867555
v 3.038932 1.139160 3.623679
v 3.036603 1.153923 3.916214
v 3.049793 -1.225101 3.673212
v -0.017351 -0.559859 0.893219
v -0.038882 -0.834363 0.869717
v -0.013825 -0.569369 0.724434
v -0.012458 -0.814861 0.693777
v -0.041239 -1.097041 0.655962
v 1.357481 -1.614657 -1.383919
v -3.540133 -0.849430 3.658748
v -3.509607 -1.109295 3.610066
v -3.431411 -1.360682 3.550398
v -3.310831 -1.598415 3.476915
v -3.535152 -0.034544 3.728061
v -3.553331 -0.304248 3.718110
v -3.531656 -0.576793 3.692559
v -3.118948 -2.012007 2.275011
v -3.531005 0.808532 1.403463
v -0.019722 -1.470351 4.330950
v -0.012893 -1.514769 4.163178
v -0.011324 -1.702778 4.462870
v -1.528032 -0.594312 6.360988
v -1.525834 -0.855961 6.324637
v -1.241458 -0.619818 6.415651
v -1.509176 -1.105398 6.284935
v -1.240456 -0.878407 6.369905
v -1.235353 -1.136837 6.357011
v -1.502463 -0.052972 6.370484
v -1.522995 -0.325623 6.380686
v -1.211502 -0.078291 6.408511
v -1.228425 -0.345942 6.357436
v 0.263828 -0.564760 -5.280831
v 0.222770 -0.776334 -5.277184
v 0.043187 -0.509767 -5.293306
v 0.183808 -0.987737 -5.279001
v 0.008150 -0.720569 -5.280774
v 0.152951 -1.198938 -5.278206
v -0.020586 -0.928288 -5.283154
v 0.246701 -1.768500 0.284633
v 0.606163 1.939489 6.127169
v 0.820875 1.901019 6.139191
v -2.919326 1.959148 0.756408
v -2.400409 -1.949153 4.747245
v 0.524596 -1.854169 -2.836463
v 3.064671 -0.357272 2.225899
v 3.060729 -0.661956 1.957401
v 3.061274 -0.624642 2.247783
v 3.024981 -0.930639 1.984441
v 3.043380 -0.893286 2.274974
v 3.043706 -1.201757 2.026361
v -0.167449 -0.216633 4.051094
v -0.176969 -0.481489 4.065657
v -0.180285 -0.748488 4.087866
v -0.166096 -1.013418 4.114584
v -0.147491 -1.284886 4.157898
v -0.041082 1.119246 0.587700
v -0.027301 0.827712 0.566560
v 0.039398 -0.258931 0.561477
v -0.033102 -0.261415 0.744813
v 0.033872 -0.525747 0.556458
v 0.020055 -0.793995 0.540072
v 0.013390 -1.088660 0.495714
v 0.028298 0.005061 0.559605
v -0.007071 0.018619 0.749421
v -0.949103 -0.640624 6.408986
v -1.186636 0.196042 6.341047
v -0.922065 -0.107973 6.482079
v -0.930657 -0.374143 6.476474
v 0.805285 -1.801680 1.628934
v 1.979620 -1.013585 -4.438147
v 2.787221 1.819831 3.189808
v 2.824319 1.796715 2.917458
v 2.901981 1.748848 2.385563
v -0.603460 -1.920387 3.859054
v 2.959269 1.576585 2.966912
v 2.930962 1.603876 3.245685
v 3.025593 1.330913 3.011200
v 3.022269 1.364188 3.292349
v -0.014484 -1.228041 4.235086
v -0.092102 -1.004152 3.986728
v -0.066092 -1.267645 4.074282
v 0.482713 -0.631664 -5.271436
v -3.543551 -1.050038 2.778029
v -3.528440 -1.298085 2.740862
v -3.452298 -1.526731 2.692974
v 0.389385 -1.803538 6.062292
v 2.984905 1.551863 2.690583
v 3.047877 1.307950 2.726966
v 3.006200 1.525383 2.415955
v 3.035731 1.283918 2.442323
v 2.863274 1.772973 2.650185
v 1.452639 1.326470 -3.662111
v -2.053895 1.836699 5.243194
v -1.848760 1.835883 5.435333
v -0.582717 -1.792223 -4.845770
v 2.729432 1.984252 1.596643
v 2.677989 2.029255 1.826544
v 2.864683 1.844078 1.606000
v -0.631914 1.601138 2.431677
v -0.459851 1.369810 2.415524
v -0.316705 1.118041 2.403103
v -0.203083 0.850674 2.394540
v -0.119550 0.571909 2.388986
v 0.368436 -1.749832 0.446466
v 2.537505 2.017479 3.371491
v 2.737959 1.841630 3.458882
v 0.391275 1.581593 -5.192636
v 2.428906 -1.721677 4.589896
v -1.310330 1.938276 -2.763583
v 2.263838 2.026026 4.417798
v 2.345712 2.032610 4.159852
v -3.553646 -1.283540 2.475206
v 1.992279 1.772273 5.506976
v -0.695926 -1.776601 2.739162
v -0.058290 -2.145154 -1.573288
v 2.593630 1.832464 0.394100
v 2.600305 1.692600 0.048415
v 0.739872 2.051668 0.312402
v 1.428075 2.066286 -0.593287
v 0.590999 2.063654 0.127152
v 0.381064 -1.953073 0.153124
v 0.826792 -2.087186 -0.939143
v 1.008682 -2.088397 -0.760676
v 0.768284 1.626964 -2.970324
v 1.461691 -2.077295 -0.156056
v 1.309674 2.305897 3.863736
v 1.228898 2.309911 4.098420
v 1.386067 2.318094 4.474454
v 1.473095 2.309159 4.240253
v 1.390060 2.094150 5.615741
v 1.255554 2.052294 5.781630
v 1.319957 -2.062292 4.523905
v 0.618269 -2.112940 5.100869
v -2.692160 2.092860 0.563915
v 0.708681 -1.887745 3.913635
v 2.316084 2.223365 1.674337
v -0.695670 1.783277 -3.767863
v -0.391191 2.075617 -2.573726
v -1.673273 2.056481 -2.135672
v 1.571326 -2.123717 1.532764
v 1.498918 -2.110234 1.292614
v 2.084552 -2.162646 2.971834
v 1.352373 -2.084293 2.736548
v 2.186205 -2.132895 3.207825
v 1.252566 -2.046132 1.418798
v -1.145593 -2.105328 -2.138680
v -1.653213 -1.873487 -2.413781
v -1.575886 -2.182145 -1.513526
v -2.288103 -1.901895 -1.324774
v -2.071432 -2.062523 -1.203669
v 0.314172 1.846625 -3.746651
v 0.187933 1.874534 -3.554852
v 0.219632 1.911687 -2.503162
v -0.191275 1.820191 -4.020306
v -0.771487 -1.972644 -3.350945
v -0.191526 1.904683 -3.497726
v -0.078335 2.375063 -0.639699
v -1.032718 2.491388 -0.474116
v -0.756480 2.450609 -0.347573
v -1.734529 2.426717 -0.198646
v -1.774184 2.411379 0.072460
v -2.188955 2.299561 1.055463
v -1.373119 -2.340735 -0.162256
v -2.002463 -2.302347 1.017955
v -2.150702 -2.301949 1.232942
v 0.561599 2.181417 -0.255060
v -1.810139 2.390855 0.345930
v -2.138491 2.325068 0.498946
v -1.843269 2.359598 0.619435
v -2.110867 2.337092 0.219561
v -0.111991 -2.188928 -0.249521
v -2.445035 -2.177255 0.672125
v -2.652050 -2.060354 0.526165
v -0.721336 2.270655 -1.988650
v -1.247493 2.486961 -0.861932
v 0.060350 -2.089620 -0.106865
v 0.235577 -2.005663 0.008350
v -1.216080 -2.351244 -1.013439
v -1.324983 -2.275298 -1.375663
v 1.147482 1.952605 -1.121809
v 0.275771 2.211494 -1.330541
v -0.561031 2.279560 0.044396
v -1.140752 -2.318515 -0.001368
v 2.116907 2.169220 4.030750
v 2.039541 2.167759 4.282998
v 0.992878 2.259063 3.963110
v 0.662242 2.103173 5.950171
v -1.518688 -1.859540 -2.623274
v -0.057714 2.263133 4.750282
v -2.516265 -2.000566 -0.279107
v 0.875463 2.373088 5.019744
v 1.804663 -2.163174 2.258409
v 2.205539 2.237921 2.666003
v 1.020047 -1.942953 3.192619
v -0.030548 1.683825 -4.708921
v -0.363114 -1.974586 -4.739891
v 2.350099 -1.986576 1.149864
v -1.107980 2.100373 1.501657
v 1.388562 -1.820605 -1.087631
v 1.202857 -1.971593 -0.931953
v 2.831256 1.481369 0.189029
v 1.722187 2.231715 0.940566
v 0.757136 -2.136309 -0.200501
v 0.575919 -1.966594 -3.347610
v 2.429046 1.985191 0.532039
v 2.163223 1.687866 -0.628336
v 1.811352 1.902784 -0.639567
v 0.749458 1.622247 -5.223802
v 0.562387 -2.201949 -4.662422
v 0.788585 -2.143230 -4.336360
v -3.249508 1.738765 3.475010
v -3.151387 1.758862 3.707345
v -0.717224 2.214768 4.577466
v -0.875705 2.261134 4.818526
v -1.175979 2.168845 4.012487
v -1.236881 2.111844 3.341787
v -1.899861 2.008286 5.012976
v -3.327663 1.701050 3.241095
v -1.186104 -2.160148 3.311330
v -1.735837 -2.156399 5.033887
v -1.680439 -2.258649 4.451185
v -2.147219 -1.921317 5.182325
v -2.531189 -2.292449 2.415214
v -3.152972 -1.973430 1.776143
v -0.641805 2.260065 5.388237
v -0.157501 -1.788066 4.388217
v -0.256799 -2.231340 5.198257
v -1.552466 2.137400 4.960772
v -1.161507 2.094511 1.778757
v -1.315536 2.239101 1.126894
v -1.567489 2.230790 2.256178
v -2.008123 2.244305 3.481338
v -2.521918 2.222913 1.489636
v -2.010744 2.274764 3.064684
v -2.902095 1.798600 4.160517
v -3.108402 1.943744 3.050883
v -1.915132 -2.342384 1.850423
v -2.111477 -2.360970 2.050936
v -2.849637 -2.118759 2.925493
v -1.687097 2.291655 1.568426
v -2.015579 2.312946 1.726395
v -2.249838 1.993678 4.601226
v -2.735429 2.174660 2.841091
v -2.582795 1.980585 4.186543
v -3.254397 1.828593 2.737194
v -1.050055 -2.163614 3.815180
v -1.995849 -1.904863 5.384105
v -0.535293 2.134452 5.760215
v -0.692903 1.752474 6.147662
v 0.060656 -2.108678 5.687482
v 0.158092 2.036655 6.033918
v 0.082519 -2.095481 4.804620
v 2.276250 2.230156 2.431524
v 1.719650 2.298443 2.438906
v 1.142925 2.322710 4.330569
v 0.807205 -1.975232 5.631777
v 2.214498 2.259879 1.881916
v 1.180678 2.172181 2.442333
v 0.973997 2.057942 2.342514
v 0.996032 2.146904 3.147720
v 0.854429 2.025911 2.814739
v 0.389456 2.094366 -1.527016
v 0.011703 2.277107 -1.439299
v -0.050153 2.143152 -1.929624
v -0.943783 2.187716 0.723616
v 1.621282 -2.156203 2.616208
v 1.263908 -2.053411 2.500089
v -0.450936 -2.125557 -2.055202
v -1.262825 -2.297378 0.241194
v -1.863709 -2.297760 0.791757
v -1.632812 -2.285766 0.976397
v 0.431495 2.101614 -0.046565
v 0.148133 2.044080 -0.001523
v -0.051311 2.151108 -0.061496
v -0.321513 -2.065029 -4.210447
v -0.345106 -2.050045 -2.872644
v -0.398778 -2.313724 -1.163103
v 0.794608 2.020988 3.047061
v 0.726614 2.019188 3.275732
v -2.038052 2.340705 -0.325126
v 2.566003 -1.944921 3.545805
v 0.446775 1.752223 0.667626
v 0.075496 -2.154278 -4.306982
v 1.573999 -1.834132 -0.905725
v 1.240322 -2.112384 0.014803
v 0.737921 2.148522 -0.082878
v -3.216685 1.454854 -0.175898
v -3.241973 1.490263 0.094716
v -3.343663 1.214924 -0.207952
v -3.373529 1.247972 0.062312
v -3.445498 0.952080 -0.230034
v -3.474261 0.983219 0.040895
v -3.516910 0.673446 -0.242397
v -3.540298 0.705181 0.029321
v -3.544702 0.379284 -0.243680
v -3.541315 0.414678 0.031888
v -3.525437 0.126124 0.050296
v 0.414337 -1.368432 2.962643
v -3.333779 1.636388 1.709871
v -0.844377 1.821681 2.739932
v -0.824787 1.799632 2.443317
v 0.011069 -0.212123 2.817418
v -0.000947 -0.201220 2.611663
v 0.051067 -0.498664 2.633848
v 0.137483 -0.791732 2.655797
v 0.258145 -1.076791 2.681400
v -0.002866 0.088352 2.802792
v 2.040192 -1.582229 5.328531
v 1.921761 -1.768716 5.118695
v 2.999794 -1.448612 3.644273
v -0.531387 -1.584203 2.693070
v -0.483497 -1.572070 2.956267
v 0.359341 -1.348253 3.196059
v 0.536997 -1.718262 -2.289399
v -2.222171 0.842745 5.964901
v -2.308787 0.283086 6.041257
v -1.710325 0.806991 6.262383
v -1.749114 0.526905 6.300067
v -1.972211 0.827628 6.127857
v -1.778543 0.247256 6.317778
v -2.018152 0.548321 6.174217
v -1.797710 -0.030607 6.321061
v -2.051691 0.267650 6.199821
v -1.807384 -0.304988 6.309535
v -2.070950 -0.012394 6.202857
v -2.079985 -0.288880 6.190340
v -2.550513 0.292852 5.852329
v -2.329506 0.001543 6.046813
v -3.348311 -0.034493 -1.289135
v -3.264416 -0.058809 -1.540613
v -3.234372 -0.362283 -1.516448
v -3.430970 -1.662395 1.929922
v -3.261347 1.529921 0.369095
v 1.204307 -2.020051 -4.788183
v 1.428963 -1.859830 -4.756869
v -3.428612 1.536076 3.288674
v -2.371712 1.234852 -2.661079
v -2.326836 1.490614 -2.382782
v -2.509832 0.984325 -2.704324
v -2.489246 1.257935 -2.434360
v -2.617288 0.715549 -2.733785
v -2.624143 1.004877 -2.474061
v 1.394418 -1.879966 -4.478106
v 3.036806 -0.187130 1.002593
v -2.255875 1.214934 -2.886458
v 2.767256 1.402618 4.717764
v 2.853164 1.408819 4.439018
v 2.951627 1.155675 4.495842
v 3.018492 0.891673 4.540457
v -2.393453 0.964542 -2.931263
v -2.451893 -0.473984 -3.149725
v -2.607811 -0.170590 -2.957452
v -2.380704 -0.755514 -3.101692
v -2.570702 -0.461578 -2.924609
v -2.498116 0.695314 -2.960382
v -2.570195 0.413296 -2.975134
v -2.607299 0.122946 -2.974213
v -2.331063 -0.485850 -3.372402
v -2.242912 -0.212361 -3.626575
v -2.257559 -0.764258 -3.322001
v -2.208718 -0.498008 -3.592434
v -2.133603 -0.773315 -3.539708
v -2.021759 -1.032570 -3.471543
v -2.129546 0.639729 -3.624876
v -2.202175 0.361908 -3.642786
v -2.240712 0.076159 -3.643637
v 2.920065 1.408391 4.155136
v 2.789362 1.640467 4.089025
v 3.003832 1.156539 4.207375
v 3.031286 0.892430 4.248838
v 1.938646 1.529356 5.809356
v -0.337506 -1.560864 3.677661
v -1.732356 0.582923 -4.260965
v -1.825526 -0.534079 -4.234543
v -1.985240 -0.239806 -4.057448
v -1.853211 -0.253750 -4.268658
v -1.762471 -0.806278 -4.183516
v -1.954339 -0.521749 -4.022817
v -1.664050 -1.064888 -4.117282
v -1.887476 -0.795305 -3.971451
v -1.785132 -1.054848 -3.905052
v -1.803902 0.309493 -4.281207
v -1.868412 0.601857 -4.052408
v -1.845940 0.029274 -4.284579
v -1.941189 0.327302 -4.072503
v -1.979129 0.044915 -4.073244
v 1.417277 0.762451 -2.624148
v 1.292844 1.030113 -2.693459
v -0.021138 -1.358460 0.434982
v -1.716005 -0.268899 -4.474403
v -1.691915 -0.547418 -4.440866
v -1.634703 -0.818543 -4.391577
v -1.539310 -1.074778 -4.325146
v -1.666489 0.291312 -4.488262
v -1.707096 0.012248 -4.490405
v -1.409488 -1.311915 -4.246379
v -3.177635 1.425249 -0.443373
v -3.303801 1.185037 -0.475642
v -3.405459 0.922382 -0.498080
v -3.483484 0.643773 -0.511654
v -3.531658 0.352244 -0.517002
v 0.057403 -0.617111 1.392768
v 0.012300 -0.337465 1.394265
v 0.040177 -0.598935 1.202383
v 0.015258 -0.325375 1.204890
v 0.136300 -0.885344 1.384270
v 0.108682 -0.866930 1.192670
v 0.244865 -1.138236 1.363823
v 0.005992 0.233275 1.378456
v 0.018801 0.237352 1.191860
v 0.006697 -0.051270 1.388627
v 0.005982 -0.044675 1.198309
v 0.036396 -0.193576 3.347097
v -0.135200 0.063722 3.543424
v 0.018306 0.091518 3.342729
v 1.057329 -0.980171 -1.961281
v 0.929650 -1.273950 -1.895743
v -1.397411 -0.027842 -4.870474
v -1.353708 0.245105 -4.866947
v -1.179032 0.216887 -5.034171
v -3.034174 1.089874 -1.512357
v -2.903789 1.340134 -1.478326
v -2.813833 1.323392 -1.726964
v -3.137376 0.821082 -1.535962
v -2.943124 1.069502 -1.760955
v -3.167040 -0.081575 -1.786229
v -3.137195 -0.383795 -1.761064
v -3.211832 0.537543 -1.548949
v -3.045936 0.798873 -1.784678
v -3.254626 0.242844 -1.550665
v -3.119479 0.514349 -1.797303
v -3.162119 0.219530 -1.798735
v -3.070561 -0.682184 -1.722292
v 0.071466 -0.640930 1.591643
v 0.015240 -0.360072 1.590732
v 0.157165 -0.910070 1.585745
v -0.004977 0.222963 1.575026
v -0.003878 -0.068878 1.585855
v -1.239008 -0.590683 -5.001701
v -1.413624 -0.302731 -4.857269
v -1.243461 -0.321831 -5.026280
v -1.204916 -0.855093 -4.962499
v -1.400334 -0.575835 -4.827613
v -1.139228 -1.110922 -4.910391
v -1.355260 -0.842951 -4.782342
v -0.987844 0.183053 -5.176064
v -1.032764 -0.079422 -5.179798
v -1.220304 -0.052104 -5.034033
v -3.232340 0.851722 4.831865
v -3.323658 0.282899 4.897178
v -3.132471 0.579528 5.140563
v -3.289902 0.569799 4.875058
v -3.152111 -0.562415 5.115262
v -3.302676 -0.572473 4.850864
v -3.336768 -0.004934 4.899956
v -3.168178 0.292108 5.164216
v -3.329909 -0.290915 4.884156
v -3.183734 0.003965 5.167563
v -3.178847 -0.281948 5.151245
v -1.061205 -0.605334 -5.152442
v -1.039331 -0.865016 -5.122027
v -0.982636 -1.116167 -5.075529
v -1.057394 -0.342831 -5.171781
v -0.826049 -0.111195 -5.277968
v -0.889681 -1.353299 -5.017104
v 2.965566 1.147941 0.121422
v 0.041954 -0.499390 3.219121
v 0.081146 -0.787423 3.264745
v 0.169033 -1.063143 3.321828
v -3.431111 -0.007909 -1.035528
v -3.414772 0.293875 -1.042136
v -3.339192 0.267262 -1.298636
v -0.864430 -0.619541 -5.262276
v -0.853475 -0.366804 -5.266953
v -0.621160 -0.396338 -5.285750
v -0.852315 -0.871051 -5.239919
v -0.645570 -0.631372 -5.285946
v -0.649194 -0.872892 -5.286978
v -0.590802 -0.146290 -5.279985
v -1.515477 0.269606 -4.683537
v 0.023999 -0.290808 0.685451
v 0.040045 -0.540397 0.682770
v 0.031325 -0.841413 0.678432
v 0.074559 -1.091515 0.649625
v 0.016981 0.515293 0.652521
v 0.026221 0.244895 0.672754
v 0.025134 -0.016504 0.675291
v -3.359748 0.896136 -0.764748
v -3.069780 0.860243 5.091216
v -3.004058 0.010432 5.419391
v -1.800243 1.853990 -2.453657
v 1.575567 -1.299141 -3.407417
v 1.729429 -1.052572 -3.396622
v 1.261826 -1.517859 -3.196111
v 1.847626 -0.785789 -3.393665
v 2.113574 1.556793 5.611800
v -0.085007 -0.574837 1.490186
v -0.150571 -0.852691 1.477768
v -0.133364 -1.739722 6.172775
v -1.892674 0.882537 -3.801788
v -2.000077 0.620581 -3.839935
v -2.115168 -0.226033 -3.843403
v -2.079255 -0.509145 -3.807108
v -2.010405 -0.784414 -3.756317
v -2.074067 0.344760 -3.859753
v -2.114365 0.060736 -3.861824
v 1.390425 -1.029465 -2.696458
v 1.518230 -0.749606 -2.692468
v -1.053237 1.676718 -3.690695
v 3.036144 -0.542851 0.104884
v 3.028177 0.469012 0.067534
v 3.000046 0.136262 0.071500
v 3.042149 0.807574 0.085714
v 3.018729 -0.183745 0.071618
v -1.276406 -1.099010 -4.722824
v -1.570436 -0.285179 -4.671900
v -1.549964 -0.561097 -4.638985
v -1.495409 -0.829192 -4.589472
v -1.410480 -1.086279 -4.528008
v -1.559893 -0.006594 -4.688231
v -2.924312 -0.419678 -2.238037
v -2.953775 -0.121020 -2.264588
v -2.845949 -0.139051 -2.500642
v -2.858625 -0.713513 -2.197481
v -2.810583 -0.435206 -2.470489
v -0.423905 -0.648790 -5.274126
v -0.400115 -0.420275 -5.276234
v -0.435779 -0.875486 -5.277440
v -0.362591 -0.190189 -5.288352
v -1.591125 0.562236 -4.464528
v 0.030097 -0.777127 3.446837
v 0.102074 -1.047781 3.506390
v -0.020243 -0.193103 3.529958
v -2.020496 0.902506 -3.587690
v 3.025356 0.773398 0.377670
v 3.025745 1.099730 0.405071
v 3.015325 -0.527530 0.408783
v 3.027212 0.123660 0.371542
v 3.038311 0.444838 0.367432
v 3.021696 -0.176138 0.383545
v -0.226850 -0.891394 -5.272453
v 1.117594 -1.302981 -1.776917
v 1.139986 1.262397 -2.769478
v 0.650270 -0.919060 -5.263648
v 0.593985 -1.137995 -5.265127
v -2.693288 -0.449379 -2.699814
v -2.727943 -0.155425 -2.730545
v -2.688457 0.432010 -2.747135
v -2.726083 0.140129 -2.746268
v -3.547305 -0.483872 0.055779
v -3.550079 -0.739233 0.342251
v -3.488605 -1.019001 0.371220
v -3.389330 -1.285512 0.409873
v -3.537237 -0.186023 0.040729
v -3.089332 1.700718 0.136372
v -2.802022 0.451002 -2.514768
v -2.727721 0.734146 -2.500447
v -2.841259 0.158254 -2.514606
v -2.442865 1.514227 -2.155236
v -2.601339 1.279182 -2.202874
v -2.735765 1.026148 -2.240933
v -2.839913 0.755327 -2.266566
v -2.912416 0.470995 -2.279510
v -2.951076 0.177321 -2.279054
v 0.018528 -0.437969 3.528460
v -0.012314 -0.767832 3.621033
v 0.012005 -0.494447 3.395268
v 0.028074 -1.034697 3.679092
v -0.200951 0.075163 3.715362
v -0.073096 -0.217753 3.694761
v -2.553435 1.535656 -1.921513
v -2.712870 1.303075 -1.968512
v -2.843431 1.048174 -2.003506
v -3.063186 -0.102214 -2.027172
v -3.033415 -0.402700 -2.001169
v -2.967167 -0.698904 -1.961377
v -2.946368 0.776830 -2.027771
v -3.018490 0.492010 -2.040092
v -3.056394 0.197465 -2.039346
v -0.206741 -0.677588 -5.275767
v -0.177573 -0.458697 -5.272431
v 3.019047 -0.509286 0.715746
v 3.019786 0.420982 0.669062
v 3.020602 0.129925 0.677860
v 3.037860 -0.199086 0.689150
v -2.656518 1.554801 -1.681725
v -2.752458 1.571864 -1.436174
v -2.840970 1.587859 -1.185513
v -2.990271 1.359855 -1.226875
v -3.117741 1.111097 -1.259624
v -3.219072 0.843458 -1.282531
v -3.296760 0.561770 -1.296598
v -0.063115 -0.567095 2.850008
v -0.035746 -0.287962 2.844464
v -0.128005 -0.841637 2.862464
v -0.221059 -1.103250 2.881998
v -0.339576 -1.349424 2.912607
v -0.035845 -0.005061 2.840892
v 2.707533 1.796946 0.606865
v -2.916470 1.603157 -0.928461
v -3.064495 1.379806 -0.969592
v -3.191950 1.134328 -1.002398
v -3.480021 0.322515 -0.781778
v -0.061436 0.847991 0.911313
v -0.035337 0.564547 0.917794
v -0.027328 -0.271689 0.909460
v -0.034342 0.285799 0.913612
v -0.017725 -0.006385 0.912962
v -0.041537 -1.134485 -5.290667
v 0.012241 -0.465245 3.692116
v -0.061851 -0.185505 3.849923
v -0.083751 0.048960 3.855482
v -2.980508 1.618530 -0.667535
v -3.126854 1.400781 -0.708382
v -3.254241 1.158681 -0.741115
v 0.481262 -1.754098 0.609559
v -2.278757 -1.930952 4.969815
v 0.054749 1.488427 -5.155627
v 1.736234 -1.489177 -4.447697
v 1.578110 -1.699134 -4.459146
v 1.737294 -1.448985 -4.723768
v 1.869586 -1.258711 -4.441290
v 1.598097 -1.666567 -4.736748
v 1.852679 -1.215785 -4.715819
v 1.405880 -1.806378 -5.026288
v -0.162822 0.044272 4.037308
v -0.079812 1.123625 0.725659
v -0.020110 0.288441 0.743848
v -0.026556 0.585978 0.738963
v -0.022735 0.852164 0.749461
v 0.334313 -1.301265 -5.272149
v 0.384376 -1.068941 -5.275801
v 0.434791 -0.847218 -5.273345
v 0.108892 -0.005683 0.564270
v 0.109460 0.259383 0.555024
v 0.117868 0.530992 0.527180
v 0.047190 -1.074730 0.483541
v 0.061197 -0.828353 0.500480
v 0.077157 -0.558254 0.525623
v 0.099617 -0.283001 0.546683
v -1.489811 0.222738 6.382478
v -1.472388 0.501634 6.387582
v 0.047824 0.045473 3.974752
v 0.043794 -0.217009 3.951424
v 0.030962 -0.717962 4.038636
v 0.002773 -0.978809 4.145470
v 0.051213 -0.449626 3.968183
v -0.071276 -0.448253 3.876425
v -1.217516 -1.368667 6.280262
v 1.554874 -1.603906 -5.001757
v -3.286388 1.776675 2.247057
v 3.043217 -1.150699 2.309770
v 1.321533 -1.326299 -1.649917
v 3.039269 -0.810528 2.848773
v 3.020663 -1.069651 2.864741
v 3.085770 -0.847758 2.562122
v 3.035945 -1.108684 2.588127
v -3.491582 -1.502311 2.441091
v -0.599476 -1.616555 2.158857
v -0.442244 -1.391000 2.150407
v 0.680087 1.885822 2.743831
v -0.057709 0.003490 0.459927
v -0.069080 0.271725 0.471110
v -0.084260 0.544207 0.475601
v 0.005005 -1.058778 0.332979
v -0.014193 -0.792649 0.367127
v -0.033133 -0.528005 0.409293
v -0.049029 -0.262599 0.441550
v 1.927396 -2.000105 0.146212
v 2.476046 1.682847 -0.191190
v 1.629859 2.300018 3.761498
v -0.877390 -2.171880 -1.996696
v 1.579901 2.261837 1.513669
v 0.606703 1.667552 -5.081471
v 2.317048 1.872412 -0.034451
v 1.587806 -2.076513 0.066333
v -1.471459 2.417337 0.202902
v 1.148964 -2.066338 4.675154
v 1.946851 2.259338 3.647042
v -0.009535 0.571404 0.550184
v 0.007483 0.284861 0.553871
v 2.786515 1.916652 1.381254
v 2.670180 1.986192 1.206593
v -0.602323 -1.618896 1.902041
v -0.741441 1.770208 1.893441
v -0.129794 1.742550 0.356518
v 0.879477 -1.840574 2.936850
v -0.792351 -1.824042 1.891096
vn -0.4101 -0.5137 0.7536
vn -0.3873 -0.6343 0.6690
vn -0.3083 -0.5088 0.8038
vn -0.2096 -0.6501 0.7304
vn -0.2220 -0.5055 0.8338
vn -0.4109 -0.3939 0.8222
vn -0.1350 -0.6683 0.7315
vn -0.1414 -0.5071 0.8502
vn -0.0609 -0.6911 0.7202
vn -0.0594 -0.5284 0.8469
vn -0.1090 -0.3359 0.9356
vn -0.0434 -0.3128 0.9488
vn -0.3151 -0.3761 0.8714
vn -0.3940 -0.2806 0.8752
vn -0.0649 -0.1111 0.9917
vn -0.0034 -0.0925 0.9957
vn -0.0775 -0.0994 0.9920
vn -0.0092 -0.5673 0.8235
vn -0.0173 -0.3534 0.9353
vn -0.0095 -0.7215 0.6923
vn 0.0137 -0.0685 0.9976
vn 0.0036 -0.0765 0.9971
vn 0.0099 -0.4199 0.9075
vn 0.0369 -0.1575 0.9868
vn 0.1449 -0.5259 0.8381
vn 0.0659 -0.4803 0.8746
vn -0.0102 0.0163 0.9998
vn 0.0238 -0.0494 0.9985
vn 0.0108 -0.1140 0.9934
vn 0.0970 -0.0325 0.9948
vn 0.0166 -0.1663 0.9859
vn 0.1510 -0.1509 0.9769
vn 0.0341 -0.0805 0.9962
vn -0.0046 0.0312 0.9995
vn 0.0381 -0.0857 0.9956
vn 0.1429 -0.1144 0.9831
vn 0.1540 -0.0674 0.9858
vn 0.1137 -0.0448 0.9925
vn 0.0092 0.0031 1.0000
vn 0.0023 -0.0335 0.9994
vn 0.1597 -0.1177 0.9801
vn -0.0069 0.0520 0.9986
vn -0.0240 -0.0260 0.9994
vn -0.0243 -0.1922 0.9810
vn -0.0681 -0.2300 0.9708
vn -0.0510 -0.1946 0.9796
vn 0.1046 -0.2633 0.9590
vn 0.2325 -0.5705 0.7877
vn 0.1922 -0.3738 0.9074
vn 0.2751 -0.4578 0.8454
vn 0.1006 -0.1722 0.9799
vn 0.2154 -0.3004 0.9292
vn -0.0053 0.0010 1.0000
vn -0.0262 0.0040 0.9996
vn -0.0482 -0.1804 0.9824
vn 0.0264 -0.1792 0.9835
vn 0.1191 -0.1345 0.9837
vn 0.0133 -0.0179 0.9998
vn -0.0005 -0.0983 0.9952
vn 0.0705 -0.1642 0.9839
vn 0.1119 -0.0939 0.9893
vn -0.5156 0.5292 0.6739
vn -0.5364 0.4039 0.7411
vn -0.4468 0.5021 0.7405
vn -0.4622 0.3773 0.8025
vn -0.4237 0.6342 0.6467
vn -0.4777 0.6568 0.5834
vn -0.0124 -0.0153 0.9998
vn 0.0396 -0.0058 0.9992
vn 0.0151 -0.0579 0.9982
vn -0.1169 0.2132 0.9700
vn -0.0976 0.1662 0.9812
vn -0.0525 0.0584 0.9969
vn -0.3854 0.3452 0.8557
vn -0.3879 0.4666 0.7948
vn -0.3120 0.4090 0.8575
vn -0.3271 0.5552 0.7647
vn -0.3824 0.5975 0.7048
vn -0.2568 0.2640 0.9297
vn -0.1735 0.1315 0.9760
vn -0.1243 0.1309 0.9836
vn -0.2073 0.3214 0.9240
vn -0.2418 0.5103 0.8253
vn 0.0006 0.0010 1.0000
vn -0.0849 0.1908 0.9780
vn -0.1548 0.4329 0.8881
vn -0.0702 0.0321 0.9970
vn -0.1363 0.1819 0.9738
vn -0.0119 0.0308 0.9995
vn -0.1070 0.1226 0.9867
vn -0.2079 0.0884 0.9742
vn -0.0308 -0.0478 0.9984
vn -0.1886 0.0036 0.9820
vn 0.0315 0.0142 0.9994
vn 0.0601 -0.1433 0.9878
vn -0.0269 -0.0020 0.9996
vn -0.0525 0.0711 0.9961
vn -0.0378 0.0630 0.9973
vn 0.0187 0.0053 0.9998
vn 0.1327 0.1268 0.9830
vn 0.0418 0.1006 0.9940
vn 0.0953 0.1812 0.9788
vn 0.1839 0.0653 0.9808
vn 0.0640 0.0527 0.9966
vn 0.1175 0.0862 0.9893
vn -0.0605 0.0636 0.9961
vn -0.1008 0.3217 0.9415
vn -0.0815 0.0776 0.9936
vn -0.0360 0.2231 0.9741
vn -0.0775 0.4390 0.8951
vn -0.1346 0.5263 0.8396
vn 0.0122 0.1470 0.9891
vn 0.0115 0.1546 0.9879
vn -0.0405 0.3372 0.9406
vn 0.0074 0.0958 0.9954
vn -0.0225 0.2444 0.9694
vn 0.0444 0.0006 0.9990
vn 0.0961 0.1454 0.9847
vn 0.0051 0.0177 0.9998
vn -0.0145 0.0072 0.9999
vn 0.1350 0.0922 0.9865
vn 0.0644 0.1383 0.9883
vn 0.0070 0.0165 0.9998
vn 0.0287 0.2160 0.9760
vn 0.0662 0.4904 0.8690
vn -0.0055 0.5418 0.8405
vn 0.0188 0.0298 0.9994
vn 0.0199 0.0279 0.9994
vn 0.0901 0.2560 0.9625
vn 0.2025 0.3167 0.9267
vn 0.1283 0.4715 0.8725
vn -0.7490 -0.6134 0.2503
vn -0.6492 -0.7267 0.2245
vn -0.6278 -0.7327 0.2628
vn -0.8308 -0.4904 0.2633
vn -0.7244 -0.6205 0.3004
vn -0.7977 -0.5069 0.3266
vn -0.8557 -0.3916 0.3383
vn -0.8996 -0.2748 0.3395
vn -0.8946 -0.3628 0.2607
vn -0.8720 -0.4800 0.0958
vn -0.7758 -0.6216 0.1087
vn -0.7402 -0.6609 0.1241
vn -0.8447 -0.5217 0.1200
vn -0.6648 -0.7183 0.2049
vn -0.7769 -0.5930 0.2115
vn -0.6633 -0.7397 0.1134
vn -0.6182 -0.7759 0.1261
vn -0.5380 -0.8230 0.1824
vn -0.5244 -0.8295 0.1920
vn -0.5706 -0.8066 0.1544
vn -0.7003 -0.6953 0.1615
vn -0.9305 -0.3528 0.0985
vn -0.9904 -0.1301 0.0459
vn -0.9591 -0.2760 0.0629
vn -0.9997 0.0222 -0.0087
vn -0.9985 -0.0507 0.0208
vn -0.9987 0.0272 -0.0440
vn -0.9992 0.0394 0.0074
vn -0.9987 0.0009 -0.0514
vn -0.9990 0.0006 0.0450
vn -0.8727 -0.4871 0.0332
vn -0.9499 -0.3121 0.0151
vn -0.9523 -0.3041 -0.0239
vn -0.9979 -0.0642 -0.0073
vn -0.9975 -0.0701 -0.0009
vn -0.8042 -0.5853 0.1036
vn -0.7043 -0.7026 0.1014
vn -0.7409 -0.6664 0.0837
vn -0.8364 -0.5414 0.0855
vn -0.4445 -0.8933 0.0672
vn -0.5839 -0.8070 0.0884
vn -0.5078 -0.8611 0.0232
vn -0.5637 -0.8250 -0.0406
vn -0.6637 -0.7476 0.0239
vn -0.6980 -0.7137 -0.0587
vn -0.9970 -0.0152 0.0763
vn -0.9978 -0.0648 0.0124
vn -0.9994 0.0315 -0.0148
vn -0.9987 0.0311 -0.0402
vn -0.9992 -0.0177 0.0364
vn -0.9936 -0.1075 -0.0343
vn -0.9974 0.0718 -0.0091
vn -0.9961 0.0881 0.0074
vn -0.9993 0.0338 0.0138
vn -0.9988 -0.0474 0.0110
vn -0.9897 -0.1406 0.0263
vn -0.9974 0.0717 -0.0011
vn -0.9995 0.0235 0.0230
vn -0.9279 -0.3589 -0.1013
vn -0.9913 -0.1239 -0.0435
vn -0.8142 -0.5590 -0.1568
vn -0.8492 -0.5097 -0.1383
vn -0.8936 -0.4292 -0.1317
vn -0.9678 -0.2398 -0.0767
vn -0.7549 -0.6382 -0.1512
vn -0.7913 -0.6086 -0.0586
vn -0.7158 -0.6796 -0.1606
vn -0.8582 -0.4937 -0.1405
vn -0.7740 -0.6129 -0.1591
vn -0.9307 -0.3481 -0.1126
vn -0.7236 -0.6682 -0.1729
vn -0.6661 -0.7262 -0.1699
vn -0.8535 -0.5001 -0.1464
vn -0.7719 -0.6130 -0.1682
vn -0.8142 -0.5564 -0.1656
vn -0.9287 -0.3533 -0.1130
vn -0.8922 -0.4286 -0.1426
vn -0.5951 -0.7919 -0.1368
vn -0.9987 0.0517 0.0021
vn -0.9999 0.0137 -0.0005
vn -0.9867 -0.1586 0.0364
vn -0.9543 -0.2964 0.0372
vn -0.9906 -0.1268 -0.0504
vn -0.9998 -0.0200 -0.0078
vn -0.9979 0.0632 0.0158
vn -0.9983 -0.0296 -0.0495
vn -0.9606 -0.2367 -0.1454
vn -0.9895 -0.1313 -0.0605
vn -0.9992 0.0409 0.0037
vn -0.9989 0.0365 0.0291
vn -0.9640 -0.2487 -0.0936
vn -0.9983 -0.0512 -0.0285
vn -0.9991 0.0430 0.0040
vn -0.9974 -0.0583 -0.0415
vn -0.9998 0.0202 0.0041
vn -0.9851 -0.1638 -0.0532
vn -0.9999 0.0141 0.0007
vn -0.9989 0.0068 0.0466
vn -0.8085 -0.5574 -0.1887
vn -0.8415 -0.5116 -0.1733
vn -0.8866 -0.4248 -0.1830
vn -0.9186 -0.3688 -0.1423
vn -0.9502 -0.2725 -0.1511
vn -0.9791 -0.1844 -0.0856
vn -0.6816 -0.6180 0.3918
vn -0.5999 -0.7274 0.3331
vn -0.5843 -0.7174 0.3795
vn -0.7118 -0.4963 0.4970
vn -0.6590 -0.6059 0.4456
vn -0.4935 -0.8283 0.2653
vn -0.6348 -0.5909 0.4978
vn -0.5718 -0.7024 0.4240
vn -0.6759 -0.4836 0.5562
vn -0.6066 -0.5698 0.5544
vn -0.5555 -0.6856 0.4705
vn -0.6324 -0.4630 0.6210
vn -0.7513 -0.3842 0.5365
vn -0.7450 -0.5030 0.4381
vn -0.7763 -0.2791 0.5652
vn -0.7887 -0.3922 0.4735
vn -0.7882 -0.1787 0.5889
vn -0.8164 -0.2857 0.5018
vn -0.7042 -0.3744 0.6032
vn -0.7205 -0.2702 0.6386
vn -0.7274 -0.1656 0.6659
vn -0.7264 -0.0719 0.6835
vn -0.7891 -0.0827 0.6087
vn -0.6461 -0.3564 0.6750
vn -0.6504 -0.2551 0.7155
vn -0.6530 -0.1581 0.7407
vn -0.6526 -0.0644 0.7550
vn -0.6095 -0.7335 0.3008
vn -0.7032 -0.6225 0.3435
vn -0.5078 -0.8342 0.2151
vn -0.7731 -0.5079 0.3801
vn -0.3725 -0.9076 0.1938
vn -0.4939 -0.8345 0.2443
vn -0.3665 -0.9129 0.1796
vn -0.2372 -0.9641 0.1192
vn -0.3720 -0.9129 0.1681
vn -0.2366 -0.9633 0.1268
vn -0.9425 -0.2343 0.2384
vn -0.9741 -0.1183 0.1929
vn -0.9267 -0.1685 0.3359
vn -0.9871 -0.0504 0.1519
vn -0.8188 -0.3998 0.4120
vn -0.8535 -0.2883 0.4341
vn -0.3874 -0.9077 0.1612
vn -0.4075 -0.9004 0.1521
vn -0.4364 -0.8892 0.1374
vn -0.2358 -0.9640 0.1228
vn -0.1457 -0.9858 0.0831
vn -0.2595 -0.9582 0.1206
vn -0.2969 -0.9482 0.1133
vn -0.0829 -0.9943 0.0672
vn -0.0836 -0.9933 0.0795
vn -0.1016 -0.9906 0.0913
vn -0.0832 -0.9946 0.0626
vn -0.2325 -0.9651 0.1206
vn 0.0753 -0.9969 0.0223
vn 0.0515 -0.9972 0.0539
vn 0.0665 -0.9969 0.0411
vn 0.0770 -0.9970 0.0094
vn -0.3946 -0.9185 -0.0246
vn -0.3876 -0.9181 0.0833
vn -0.3421 -0.9348 0.0950
vn -0.5301 -0.8415 0.1047
vn -0.4189 -0.9000 -0.1205
vn -0.4900 -0.8668 -0.0922
vn -0.2023 -0.9771 0.0662
vn -0.1279 -0.9914 0.0271
vn -0.3134 -0.9490 0.0349
vn -0.2032 -0.9791 -0.0082
vn 0.0121 -0.9987 0.0495
vn 0.0877 -0.9959 0.0203
vn -0.0529 -0.9977 0.0421
vn 0.1943 -0.9808 0.0175
vn 0.1537 -0.9878 0.0244
vn -0.4855 -0.8591 -0.1623
vn -0.5389 -0.8283 -0.1534
vn -0.6699 -0.7223 -0.1718
vn -0.6097 -0.7733 -0.1740
vn -0.3544 -0.9258 -0.1317
vn -0.5032 -0.8473 -0.1698
vn -0.5554 -0.8148 -0.1661
vn -0.2864 -0.9487 -0.1341
vn -0.4321 -0.8880 -0.1575
vn -0.1032 -0.9935 -0.0474
vn -0.3018 -0.9511 -0.0660
vn -0.2214 -0.9709 -0.0915
vn -0.3780 -0.9140 -0.1472
vn -0.0174 -0.9976 -0.0668
vn -0.1440 -0.9841 -0.1036
vn 0.0501 -0.9969 -0.0603
vn -0.1986 -0.9753 -0.0963
vn -0.2344 -0.9651 -0.1169
vn -0.7256 -0.6629 -0.1845
vn -0.7588 -0.6230 -0.1902
vn -0.8611 -0.4616 -0.2133
vn -0.7830 -0.5842 -0.2136
vn -0.9227 -0.3300 -0.1994
vn -0.5764 -0.7967 -0.1818
vn -0.6150 -0.7666 -0.1846
vn -0.6708 -0.7164 -0.1921
vn -0.7042 -0.6815 -0.1992
vn -0.8391 -0.4901 -0.2360
vn -0.7644 -0.6023 -0.2301
vn -0.9013 -0.3648 -0.2337
vn -0.6447 -0.7442 -0.1745
vn -0.6050 -0.7731 -0.1903
vn -0.6240 -0.7613 -0.1763
vn -0.5266 -0.8368 -0.1497
vn -0.5521 -0.8186 -0.1585
vn -0.4171 -0.9010 -0.1195
vn -0.4050 -0.9080 -0.1074
vn -0.4389 -0.8878 -0.1384
vn -0.4995 -0.8516 -0.1591
vn -0.5932 -0.7825 -0.1890
vn -0.2972 -0.9511 -0.0847
vn -0.1751 -0.9819 -0.0722
vn -0.3130 -0.9434 -0.1096
vn -0.9661 -0.1975 -0.1664
vn -0.9890 -0.1204 -0.0857
vn -0.9885 -0.0846 -0.1257
vn -0.9997 -0.0237 -0.0107
vn -0.9940 0.0016 -0.1092
vn -0.9998 0.0028 0.0185
vn -0.9432 -0.2406 -0.2289
vn -0.9670 -0.1200 -0.2247
vn -0.9743 -0.0077 -0.2252
vn -0.7568 -0.6110 -0.2322
vn -0.8818 -0.3874 -0.2691
vn -0.8238 -0.5064 -0.2548
vn -0.7431 -0.6195 -0.2531
vn -0.8131 -0.5137 -0.2739
vn -0.7220 -0.6297 -0.2869
vn -0.8686 -0.4017 -0.2901
vn -0.7947 -0.5247 -0.3052
vn -0.6883 -0.6927 -0.2155
vn -0.6793 -0.7031 -0.2104
vn -0.6603 -0.7155 -0.2283
vn -0.8525 -0.4121 -0.3215
vn -0.7772 -0.5376 -0.3271
vn -0.6396 -0.7239 -0.2585
vn -0.8257 -0.4332 -0.3612
vn -0.7443 -0.5580 -0.3669
vn -0.7619 -0.5482 -0.3449
vn -0.5759 -0.7926 -0.2003
vn -0.5543 -0.8010 -0.2262
vn -0.6235 -0.7303 -0.2793
vn -0.7045 -0.6405 -0.3058
vn -0.6849 -0.6520 -0.3252
vn -0.5767 -0.7496 -0.3247
vn -0.6031 -0.7383 -0.3020
vn -0.9253 -0.2638 -0.2723
vn -0.9523 -0.1392 -0.2714
vn -0.9112 -0.2783 -0.3036
vn -0.9373 -0.1550 -0.3121
vn -0.8966 -0.2893 -0.3354
vn -0.8383 -0.4217 -0.3456
vn -0.6468 -0.6711 -0.3622
vn -0.6658 -0.6612 -0.3457
vn -0.8085 -0.4446 -0.3855
vn -0.7261 -0.5679 -0.3877
vn -0.5568 -0.5502 0.6223
vn -0.5158 -0.6693 0.5348
vn -0.4882 -0.5315 0.6922
vn -0.4676 -0.6453 0.6041
vn -0.4991 -0.4163 0.7600
vn -0.4344 -0.7512 0.4970
vn -0.3960 -0.8571 0.3296
vn -0.3878 -0.8769 0.2839
vn -0.2761 -0.9429 0.1862
vn -0.2271 -0.9446 0.2371
vn -0.3333 -0.8989 0.2844
vn -0.2358 -0.9558 0.1756
vn -0.2071 -0.9703 0.1252
vn -0.1678 -0.9810 0.0970
vn -0.3178 -0.8369 0.4457
vn -0.3550 -0.7478 0.5611
vn -0.3916 -0.8321 0.3928
vn -0.1244 -0.9874 0.0976
vn -0.1458 -0.9696 0.1963
vn -0.0415 -0.9991 0.0077
vn -0.1782 -0.9264 0.3318
vn -0.2801 -0.8980 0.3395
vn -0.2835 -0.6409 0.7133
vn -0.2546 -0.7599 0.5981
vn -0.2199 -0.8577 0.4648
vn -0.5765 -0.4388 0.6893
vn -0.5797 -0.3303 0.7449
vn -0.5655 -0.1514 0.8107
vn -0.5731 -0.2353 0.7850
vn -0.5612 -0.0613 0.8254
vn -0.4901 -0.2141 0.8450
vn -0.4990 -0.3074 0.8102
vn -0.2424 -0.9602 0.1390
vn -0.3823 -0.8903 0.2476
vn -0.3748 -0.9009 0.2189
vn -0.2557 -0.9537 0.1583
vn 0.0651 -0.9979 0.0027
vn -0.0822 -0.9946 0.0640
vn 0.0046 -0.9999 -0.0130
vn -0.1026 -0.9929 0.0600
vn 0.0383 -0.9992 -0.0110
vn 0.1933 -0.9785 -0.0721
vn 0.1529 -0.9842 -0.0892
vn 0.0995 -0.9916 -0.0822
vn -0.0127 -0.9995 0.0273
vn -0.0944 -0.9948 0.0389
vn 0.0400 -0.9981 -0.0478
vn 0.2284 -0.9735 -0.0123
vn 0.2274 -0.9732 -0.0350
vn 0.2142 -0.9752 -0.0562
vn 0.3731 -0.9269 -0.0417
vn 0.6123 -0.7831 -0.1093
vn 0.5036 -0.8589 -0.0934
vn 0.5033 -0.8619 -0.0624
vn 0.4872 -0.8572 -0.1666
vn 0.3644 -0.9257 -0.1018
vn 0.4976 -0.8578 -0.1286
vn 0.6233 -0.7689 -0.1428
vn 0.2875 -0.9578 0.0051
vn 0.3624 -0.9318 -0.0204
vn 0.2190 -0.9757 0.0071
vn 0.3348 -0.9422 -0.0076
vn 0.4166 -0.9091 -0.0028
vn 0.2111 -0.9775 0.0014
vn 0.3208 -0.9471 -0.0037
vn 0.6074 -0.7908 -0.0755
vn 0.4911 -0.8702 -0.0397
vn 0.5999 -0.7984 -0.0519
vn 0.5829 -0.8120 -0.0277
vn 0.4627 -0.8863 -0.0210
vn 0.7797 -0.6227 -0.0660
vn 0.8488 -0.5238 -0.0720
vn 0.8518 -0.5143 -0.1002
vn 0.9053 -0.4184 -0.0729
vn 0.9090 -0.4054 -0.0968
vn 0.6969 -0.7146 -0.0603
vn 0.6898 -0.7234 -0.0278
vn 0.8487 -0.5272 0.0419
vn 0.9045 -0.4246 0.0393
vn 0.9044 -0.4258 -0.0282
vn 0.7758 -0.6207 0.1134
vn 0.8498 -0.5153 0.1110
vn 0.9052 -0.4129 0.1006
vn 0.9476 -0.3124 -0.0665
vn 0.9498 -0.3000 -0.0890
vn 0.9770 -0.2056 -0.0568
vn 0.9791 -0.1892 -0.0743
vn 0.9949 -0.0927 -0.0388
vn 0.9963 -0.0700 -0.0502
vn 0.9998 0.0155 -0.0160
vn 0.9991 0.0269 -0.0341
vn 0.9465 -0.3209 0.0352
vn 0.9467 -0.3208 -0.0282
vn 0.9764 -0.2142 0.0292
vn 0.9764 -0.2145 -0.0243
vn 0.9940 -0.1073 0.0212
vn 0.9941 -0.1069 -0.0180
vn 0.9999 -0.0018 0.0159
vn 1.0000 0.0023 -0.0087
vn 0.9476 -0.3083 0.0836
vn 0.9773 -0.2022 0.0637
vn 0.9943 -0.0970 0.0449
vn 0.9992 -0.0043 0.0388
vn 0.0985 -0.9948 -0.0239
vn 0.1900 -0.9813 -0.0291
vn 0.3938 -0.9189 0.0232
vn 0.2493 -0.9684 0.0005
vn 0.5366 -0.8434 0.0248
vn 0.2732 -0.9605 0.0529
vn 0.4253 -0.8953 0.1324
vn 0.5526 -0.8281 0.0941
vn 0.4160 -0.9061 0.0769
vn 0.2726 -0.9496 0.1546
vn 0.2816 -0.9539 0.1038
vn 0.1291 -0.9898 0.0602
vn 0.4172 -0.8875 0.1956
vn -0.4848 -0.8588 -0.1659
vn -0.3926 -0.9126 -0.1138
vn -0.0276 -0.9989 0.0383
vn -0.0233 -0.9997 0.0069
vn -0.1639 -0.9856 -0.0421
vn -0.1626 -0.9867 0.0010
vn -0.1619 -0.9867 -0.0162
vn -0.2810 -0.9580 -0.0574
vn -0.2863 -0.9561 -0.0633
vn -0.2569 -0.9624 -0.0883
vn -0.2730 -0.9596 -0.0676
vn -0.3834 -0.9156 -0.1214
vn 0.1213 -0.9878 0.0979
vn -0.0312 -0.9977 0.0595
vn -0.1567 -0.9876 -0.0062
vn -0.1404 -0.9883 -0.0597
vn -0.1521 -0.9880 -0.0260
vn -0.0499 -0.9976 0.0489
vn -0.5115 -0.8160 -0.2692
vn -0.4788 -0.8251 -0.3000
vn -0.3667 -0.9193 -0.1431
vn -0.4650 -0.8648 -0.1894
vn -0.3107 -0.9289 -0.2017
vn -0.3389 -0.9239 -0.1777
vn -0.4103 -0.8811 -0.2351
vn -0.3766 -0.8880 -0.2640
vn -0.3455 -0.8947 -0.2833
vn -0.2376 -0.9636 -0.1230
vn -0.2120 -0.9639 -0.1613
vn -0.7167 -0.5770 -0.3917
vn -0.6324 -0.6830 -0.3654
vn -0.7840 -0.4642 -0.4121
vn -0.7902 -0.4538 -0.4118
vn -0.7063 -0.5922 -0.3878
vn -0.6161 -0.6964 -0.3680
vn -0.7807 -0.4772 -0.4034
vn -0.4265 -0.8492 -0.3113
vn -0.4521 -0.8351 -0.3132
vn -0.5519 -0.7627 -0.3372
vn -0.6927 -0.6091 -0.3862
vn -0.6078 -0.7084 -0.3587
vn -0.7686 -0.4891 -0.4125
vn -0.5052 -0.8007 -0.3219
vn -0.5126 -0.7889 -0.3389
vn -0.6110 -0.7175 -0.3345
vn -0.6925 -0.6125 -0.3812
vn -0.2749 -0.9189 -0.2828
vn -0.1904 -0.9441 -0.2690
vn -0.3096 -0.9052 -0.2913
vn -0.3800 -0.8902 -0.2513
vn -0.5029 -0.8126 -0.2945
vn -0.3816 -0.8966 -0.2246
vn -0.8340 -0.3479 -0.4282
vn -0.8397 -0.3366 -0.4260
vn -0.8339 -0.3525 -0.4247
vn -0.6066 -0.7229 -0.3308
vn -0.7578 -0.4957 -0.4243
vn -0.6964 -0.6110 -0.3764
vn -0.7024 -0.6153 -0.3579
vn -0.6133 -0.7257 -0.3118
vn -0.7698 -0.4971 -0.4004
vn -0.4979 -0.8214 -0.2782
vn -0.7067 -0.6134 -0.3526
vn -0.6220 -0.7255 -0.2945
vn -0.8803 -0.0928 -0.4653
vn -0.8779 0.0441 -0.4768
vn -0.8753 -0.0924 -0.4747
vn -0.1338 -0.8843 0.4474
vn -0.1758 -0.7804 0.6000
vn 0.0411 -0.9968 0.0689
vn -0.0199 -0.9738 0.2263
vn -0.0516 -0.9884 0.1425
vn -0.0739 -0.9111 0.4056
vn -0.1124 -0.8070 0.5797
vn -0.0905 -0.9531 0.2889
vn -0.0544 -0.8346 0.5481
vn 0.0592 -0.9954 0.0757
vn -0.0215 -0.9375 0.3474
vn 0.0297 -0.9877 0.1535
vn 0.0999 -0.9947 -0.0250
vn 0.1387 -0.9808 -0.1370
vn 0.0198 -0.9575 0.2877
vn 0.1763 -0.9748 -0.1363
vn 0.1049 -0.9925 -0.0626
vn 0.2446 -0.9560 -0.1620
vn 0.3018 -0.9412 -0.1517
vn 0.4597 -0.8646 -0.2027
vn 0.3077 -0.9230 -0.2312
vn 0.3975 -0.8874 -0.2336
vn 0.5527 -0.7807 -0.2917
vn 0.4223 -0.8384 -0.3446
vn 0.2684 -0.9176 -0.2930
vn 0.1954 -0.9662 -0.1684
vn 0.3884 -0.8184 -0.4234
vn 0.6232 -0.7609 -0.1806
vn 0.8028 -0.5798 -0.1393
vn 0.7225 -0.6760 -0.1449
vn 0.7073 -0.6971 -0.1171
vn 0.7306 -0.6587 -0.1798
vn 0.8693 -0.4782 -0.1253
vn 0.8803 -0.4510 -0.1472
vn 0.9207 -0.3764 -0.1033
vn 0.9350 -0.3393 -0.1029
vn 0.8115 -0.5588 -0.1707
vn 0.8946 -0.4157 -0.1638
vn 0.9530 -0.2851 -0.1027
vn 0.6182 -0.6645 -0.4198
vn 0.8495 -0.4142 -0.3267
vn 0.7656 -0.3522 -0.5384
vn 0.9707 -0.2174 -0.1025
vn 0.9615 -0.2655 -0.0703
vn 0.9758 -0.2153 -0.0387
vn 0.9904 -0.1362 -0.0243
vn 0.9964 -0.0746 0.0414
vn 0.9997 -0.0195 0.0133
vn 0.9983 -0.0384 0.0442
vn 0.9997 0.0242 0.0086
vn 0.9978 -0.0472 -0.0464
vn 0.9908 -0.1355 -0.0023
vn 0.9946 -0.0079 0.1031
vn 0.9903 -0.1016 0.0943
vn 0.9874 -0.1422 -0.0689
vn 0.6796 -0.7157 0.1611
vn 0.5599 -0.8145 0.1522
vn 0.5534 -0.8036 0.2191
vn 0.7784 -0.6060 0.1638
vn 0.6771 -0.7280 0.1074
vn 0.8518 -0.4990 0.1595
vn 0.6770 -0.6996 0.2286
vn 0.3943 -0.8822 0.2574
vn 0.7789 -0.5860 0.2234
vn 0.8555 -0.4762 0.2032
vn 0.9083 -0.3923 0.1453
vn 0.9129 -0.3674 0.1781
vn 0.5375 -0.7908 0.2929
vn 0.7737 -0.5616 0.2933
vn 0.6669 -0.6820 0.3002
vn 0.7569 -0.5332 0.3779
vn 0.6422 -0.6600 0.3899
vn 0.8548 -0.4443 0.2680
vn 0.8494 -0.4049 0.3384
vn 0.9136 -0.3373 0.2269
vn 0.9200 -0.2854 0.2687
vn 0.5901 -0.6382 0.4945
vn 0.5083 -0.7792 0.3666
vn 0.8506 -0.3474 0.3948
vn 0.7367 -0.4858 0.4704
vn 0.9950 -0.0797 0.0601
vn 0.9988 -0.0066 0.0484
vn 0.9585 -0.2260 0.1737
vn 0.9529 -0.2609 0.1544
vn 0.9905 -0.0909 0.1029
vn 0.9830 -0.1432 0.1148
vn 0.9990 -0.0129 0.0438
vn 0.9972 -0.0476 0.0574
vn 0.9998 0.0070 0.0182
vn 0.9997 -0.0020 0.0229
vn 0.2488 -0.9486 0.1954
vn 0.2128 -0.9504 0.2269
vn -0.0163 -0.9988 -0.0472
vn 0.0578 -0.9941 0.0913
vn -0.0398 -0.9992 0.0077
vn 0.1463 -0.9693 0.1974
vn 0.1791 -0.9566 0.2301
vn 0.0628 -0.9887 0.1362
vn 0.3577 -0.8824 0.3057
vn 0.2991 -0.8934 0.3351
vn 0.1285 -0.9842 0.1218
vn 0.0632 -0.9976 0.0280
vn 0.2964 -0.8305 0.4716
vn 0.4330 -0.7885 0.4369
vn 0.0944 -0.9941 -0.0529
vn 0.1738 -0.9547 0.2414
vn 0.2263 -0.9197 0.3207
vn 0.1802 -0.9782 -0.1029
vn 0.1423 -0.9897 0.0130
vn 0.3667 -0.6660 0.6496
vn 0.1608 -0.9814 0.1045
vn -0.1263 -0.9674 -0.2195
vn -0.2360 -0.9391 -0.2500
vn -0.0194 -0.9808 -0.1942
vn -0.0710 -0.9671 -0.2443
vn 0.0743 -0.9824 -0.1712
vn 0.0173 -0.9940 -0.1079
vn -0.0707 -0.9854 -0.1546
vn 0.1027 -0.9679 -0.2293
vn 0.0442 -0.9738 -0.2230
vn 0.1388 -0.9670 -0.2134
vn 0.2082 -0.9506 -0.2303
vn 0.2060 -0.9555 -0.2111
vn -0.1213 -0.9677 -0.2209
vn -0.2572 -0.9344 -0.2466
vn -0.1091 -0.9804 -0.1641
vn -0.2477 -0.9467 -0.2058
vn 0.0189 -0.9788 -0.2039
vn -0.1251 -0.9903 -0.0600
vn -0.1138 -0.9878 -0.1059
vn -0.2520 -0.9537 -0.1640
vn 0.1656 -0.9862 -0.0027
vn 0.1778 -0.9789 -0.1005
vn 0.0308 -0.9914 -0.1274
vn 0.0215 -0.9982 -0.0552
vn 0.3324 -0.9382 -0.0969
vn -0.7076 -0.6025 -0.3690
vn -0.6349 -0.7153 -0.2921
vn -0.5397 -0.8140 -0.2149
vn -0.5254 -0.8185 -0.2325
vn -0.6448 -0.6990 -0.3092
vn -0.2631 -0.9565 -0.1260
vn -0.3947 -0.8990 -0.1897
vn -0.4068 -0.8992 -0.1612
vn -0.4195 -0.8969 -0.1399
vn -0.4292 -0.8932 -0.1340
vn -0.2865 -0.9560 -0.0636
vn 0.0029 -0.9967 0.0813
vn 0.0108 -0.9989 0.0464
vn -0.1367 -0.9904 -0.0218
vn -0.1425 -0.9898 0.0093
vn -0.2972 -0.9537 -0.0454
vn -0.3050 -0.9510 -0.0502
vn -0.4360 -0.8885 -0.1434
vn -0.7193 -0.5676 -0.4006
vn -0.6488 -0.6868 -0.3277
vn -0.7162 -0.5485 -0.4314
vn -0.6558 -0.6716 -0.3448
vn -0.6942 -0.5155 -0.5023
vn -0.6473 -0.6475 -0.4022
vn -0.5623 -0.7731 -0.2935
vn -0.5673 -0.7849 -0.2493
vn -0.6290 -0.6123 -0.4790
vn 0.0409 -0.8934 0.4475
vn -0.0015 -0.8654 0.5010
vn 0.0449 -0.9721 0.2301
vn 0.0980 -0.8014 0.5900
vn 0.0860 -0.6536 0.7519
vn 0.0397 -0.7623 0.6460
vn 0.1416 -0.9867 0.0802
vn 0.1682 -0.9314 0.3230
vn 0.0870 -0.9835 0.1585
vn 0.0996 -0.9885 -0.1135
vn 0.0932 -0.9791 -0.1810
vn 0.1670 -0.8358 0.5230
vn 0.2252 -0.8642 0.4498
vn 0.2359 -0.7412 0.6285
vn 0.2081 -0.9464 0.2472
vn 0.1497 -0.9128 -0.3799
vn 0.2052 -0.9412 -0.2685
vn 0.3245 -0.7598 -0.5634
vn -0.3498 -0.7843 -0.5124
vn -0.0760 -0.9075 -0.4130
vn -0.0465 -0.7697 -0.6367
vn -0.6761 -0.5877 -0.4444
vn -0.3219 -0.8389 -0.4388
vn 0.0185 -0.9787 -0.2046
vn 0.1624 -0.9866 0.0173
vn 0.0685 -0.9745 -0.2138
vn -0.1510 -0.9228 -0.3543
vn -0.3373 -0.8595 -0.3840
vn -0.4846 -0.7182 -0.4994
vn -0.5500 -0.7690 -0.3256
vn -0.5060 -0.7506 -0.4250
vn -0.7956 -0.4604 -0.3937
vn -0.6628 -0.6175 -0.4235
vn -0.6605 -0.5571 -0.5033
vn -0.8129 -0.3883 -0.4341
vn -0.7009 -0.6655 -0.2566
vn -0.5722 -0.7833 -0.2429
vn -0.6803 -0.6458 -0.3466
vn -0.7885 -0.5084 -0.3460
vn -0.8051 -0.5324 -0.2613
vn 0.0035 -0.4778 0.8784
vn -0.7119 -0.4528 0.5368
vn 0.1068 -0.4183 0.9020
vn -0.0816 -0.6289 0.7732
vn 0.6929 -0.3988 0.6008
vn -0.7240 -0.5474 0.4197
vn -0.8825 -0.2668 0.3874
vn -0.8579 -0.3787 0.3474
vn -0.7251 -0.5988 0.3402
vn -0.8356 -0.5027 0.2215
vn -0.7323 -0.6302 0.2579
vn -0.9138 -0.3722 0.1625
vn -0.8399 -0.4525 0.2997
vn -0.8280 -0.5333 0.1731
vn -0.7333 -0.6553 0.1810
vn -0.4348 -0.8474 0.3047
vn -0.3919 -0.8282 0.4006
vn -0.2780 -0.9319 0.2328
vn -0.9218 -0.3152 0.2256
vn -0.9797 -0.1608 0.1195
vn -0.9678 -0.2389 0.0797
vn -0.9989 -0.0434 0.0161
vn -0.9940 -0.1079 -0.0191
vn -0.9997 -0.0125 -0.0193
vn -0.9948 -0.0347 -0.0956
vn -0.9995 -0.0234 -0.0212
vn 0.2077 -0.9646 -0.1626
vn 0.1592 -0.9871 0.0148
vn 0.1828 -0.9817 -0.0527
vn 0.1144 -0.9901 0.0813
vn 0.0725 -0.9521 0.2970
vn 0.1394 -0.9678 0.2097
vn 0.2853 -0.9012 -0.3262
vn 0.2277 -0.9534 -0.1978
vn 0.0602 -0.9895 0.1313
vn 0.1499 -0.9872 -0.0537
vn -0.0294 -0.9417 0.3350
vn 0.1776 -0.9776 -0.1134
vn 0.2624 -0.9135 -0.3110
vn -0.2166 -0.9322 0.2900
vn -0.1330 -0.9350 0.3287
vn -0.0643 -0.9872 0.1461
vn 0.3058 -0.9026 -0.3029
vn 0.2355 -0.9488 -0.2103
vn 0.5107 -0.8478 -0.1430
vn 0.3888 -0.8819 -0.2667
vn 0.2896 -0.9325 -0.2156
vn 0.7220 -0.6225 -0.3021
vn 0.4548 -0.8855 0.0954
vn 0.6868 -0.7265 0.0203
vn 0.5063 -0.7079 -0.4925
vn 0.7364 -0.6071 -0.2984
vn 0.7193 -0.5884 0.3694
vn 0.6962 -0.4355 0.5707
vn 0.7688 -0.5947 -0.2352
vn 0.3428 -0.8269 -0.4457
vn 0.3971 -0.8398 -0.3701
vn 0.3710 -0.4876 -0.7903
vn 0.4210 -0.5963 -0.6835
vn 0.3950 -0.7190 -0.5719
vn 0.3743 -0.7477 -0.5484
vn 0.4058 -0.6427 -0.6498
vn 0.3701 -0.7719 -0.5168
vn 0.3163 -0.8577 -0.4053
vn 0.3205 -0.8401 -0.4376
vn 0.1243 -0.1455 -0.9815
vn 0.9779 -0.1478 -0.1480
vn 0.1113 -0.0846 -0.9902
vn 0.6509 -0.2961 0.6990
vn 0.7967 -0.5783 -0.1755
vn 0.6081 -0.1673 0.7760
vn 0.8729 -0.4618 -0.1573
vn 0.5749 -0.0614 0.8159
vn 0.5580 0.0127 0.8298
vn 0.9936 -0.0633 -0.0933
vn 0.3843 -0.1218 -0.9151
vn 0.3937 -0.2359 -0.8885
vn 0.3982 -0.0204 -0.9171
vn 0.1467 -0.0459 -0.9881
vn 0.4676 -0.2641 -0.8436
vn 0.4455 -0.3871 -0.8073
vn 0.4093 -0.3574 -0.8395
vn 0.4831 -0.1391 -0.8644
vn 0.4860 -0.0177 -0.8738
vn 0.3099 -0.9496 0.0466
vn 0.2918 -0.9505 0.1070
vn 0.1584 -0.9862 0.0489
vn 0.2763 -0.9467 0.1658
vn 0.1449 -0.9835 0.1081
vn 0.1407 -0.9791 0.1469
vn 0.4201 -0.8914 0.1703
vn 0.6743 -0.6778 0.2932
vn 0.7413 -0.5501 0.3846
vn 0.7124 -0.5760 0.4009
vn 0.5364 -0.8093 0.2395
vn 0.5080 -0.8130 0.2847
vn 0.3937 -0.8818 0.2596
vn 0.2783 -0.9378 0.2077
vn 0.6376 -0.6997 0.3223
vn 0.5082 -0.8030 0.3113
vn 0.4130 -0.8653 0.2839
vn 0.6136 -0.7077 0.3503
vn 0.7072 -0.5858 0.3959
vn 0.7722 -0.4480 0.4506
vn 0.7792 -0.4234 0.4621
vn 0.8225 -0.3134 0.4746
vn 0.8026 -0.2820 0.5256
vn 0.8562 -0.1729 0.4869
vn 0.8148 -0.1495 0.5601
vn 0.8657 -0.1827 0.4661
vn 0.8825 -0.0350 0.4689
vn 0.8720 -0.0262 0.4888
vn -0.1531 -0.9871 0.0467
vn -0.1498 -0.9879 0.0405
vn -0.4466 -0.8825 -0.1478
vn 0.1637 -0.9653 0.2037
vn 0.1519 -0.9730 0.1739
vn 0.0066 -0.9913 0.1313
vn 0.0007 -0.9936 0.1127
vn 0.0070 -0.9916 0.1289
vn -0.1521 -0.9879 0.0312
vn 0.0134 -0.9939 0.1094
vn 0.1814 -0.9608 0.2095
vn -0.2880 -0.1926 -0.9381
vn -0.5925 -0.5489 -0.5896
vn -0.5768 -0.3751 -0.7257
vn -0.1784 -0.0768 -0.9810
vn -0.5041 -0.2285 -0.8329
vn -0.5486 -0.7113 -0.4394
vn -0.3716 -0.3761 -0.8488
vn -0.3120 -0.9437 -0.1102
vn -0.3077 -0.9490 -0.0688
vn -0.4504 -0.8741 -0.1821
vn -0.4173 -0.5784 -0.7009
vn -0.4524 -0.8367 -0.3085
vn -0.4051 -0.7435 -0.5321
vn -0.3061 -0.9326 -0.1912
vn -0.1589 -0.2473 -0.9558
vn -0.1331 -0.5378 -0.8325
vn -0.2944 -0.8814 -0.3694
vn -0.1978 -0.3684 -0.9084
vn -0.0248 -0.0073 -0.9997
vn -0.0746 -0.1198 -0.9900
vn 0.0142 0.0137 -0.9998
vn -0.0068 0.0129 -0.9999
vn 0.0094 -0.0051 -0.9999
vn -0.0229 0.0201 -0.9995
vn 0.0175 0.0076 -0.9998
vn 0.0004 -0.0005 -1.0000
vn -0.0718 0.0448 -0.9964
vn -0.0979 -0.0610 -0.9933
vn 0.2082 -0.9646 0.1620
vn 0.2837 -0.8957 0.3424
vn 0.2098 -0.9588 0.1916
vn 0.0930 -0.9955 -0.0183
vn 0.3010 -0.6187 0.7257
vn 0.2970 -0.7691 0.5659
vn 0.1956 -0.9690 0.1510
vn 0.2867 -0.9063 0.3106
vn 0.3247 -0.7954 0.5118
vn 0.3459 -0.6601 0.6668
vn 0.3417 -0.5147 0.7863
vn 0.3224 -0.3773 0.8681
vn 0.1811 -0.9716 0.1521
vn 0.2885 -0.9110 0.2947
vn 0.4070 -0.5534 0.7267
vn 0.3580 -0.8105 0.4636
vn 0.2866 -0.2477 0.9255
vn 0.2157 -0.1339 0.9672
vn 0.1640 -0.0735 0.9837
vn 0.1758 -0.0063 0.9844
vn -0.0359 -0.9836 -0.1767
vn -0.1778 -0.9376 -0.2989
vn -0.4045 -0.8676 -0.2891
vn 0.0717 -0.9974 -0.0009
vn -0.2588 -0.9512 -0.1678
vn -0.0896 -0.9877 -0.1282
vn -0.2511 -0.9415 -0.2249
vn -0.0938 -0.9918 -0.0871
vn -0.2525 -0.9617 -0.1062
vn -0.2516 -0.9670 -0.0406
vn -0.0954 -0.9946 -0.0410
vn -0.1041 -0.9944 0.0199
vn 0.1743 -0.9710 0.1639
vn 0.2900 -0.9128 0.2876
vn -0.2224 -0.9749 0.0111
vn -0.0863 -0.9939 0.0685
vn -0.7017 -0.6882 -0.1845
vn -0.6860 -0.7209 -0.0989
vn -0.5623 -0.8078 -0.1768
vn -0.4098 -0.8992 -0.1532
vn -0.3991 -0.9128 -0.0867
vn -0.5436 -0.8323 -0.1085
vn -0.3581 -0.9332 -0.0297
vn -0.8915 -0.4249 -0.1570
vn -0.9487 -0.2965 -0.1099
vn -0.8938 -0.4431 -0.0699
vn -0.9863 -0.1606 -0.0378
vn -0.9452 -0.3241 -0.0382
vn -0.9967 -0.0808 0.0079
vn -0.9797 -0.2003 0.0087
vn -0.9979 -0.0632 -0.0123
vn -0.9986 -0.0455 0.0269
vn -0.8159 -0.5729 0.0775
vn -0.7250 -0.6836 0.0840
vn -0.7138 -0.6979 0.0584
vn -0.8381 -0.5456 -0.0020
vn -0.7604 -0.6494 0.0024
vn -0.8266 -0.5618 -0.0327
vn -0.7768 -0.6291 0.0280
vn -0.8516 -0.5235 0.0273
vn -0.7908 -0.6109 0.0388
vn -0.8025 -0.5940 0.0563
vn -0.6986 -0.7145 0.0377
vn -0.8723 -0.4861 0.0533
vn -0.7359 -0.6764 -0.0300
vn -0.6346 -0.7726 -0.0197
vn -0.5764 -0.8170 0.0176
vn -0.5567 -0.8307 0.0035
vn -0.6857 -0.7275 0.0232
vn -0.5912 -0.8058 0.0349
vn -0.5229 -0.8524 -0.0060
vn -0.6694 -0.7429 0.0055
vn -0.3881 -0.9215 -0.0166
vn -0.4653 -0.8850 -0.0173
vn -0.4438 -0.8961 0.0103
vn -0.4190 -0.9080 -0.0035
vn -0.4604 -0.8875 0.0203
vn -0.9002 -0.4355 -0.0035
vn -0.9450 -0.3270 -0.0049
vn -0.9082 -0.4180 0.0218
vn -0.9761 -0.2171 -0.0082
vn -0.9503 -0.3108 0.0151
vn -0.9941 -0.1076 -0.0125
vn -0.9795 -0.2013 0.0068
vn -0.8627 -0.5041 0.0411
vn -0.9168 -0.3974 0.0386
vn -0.9562 -0.2911 0.0295
vn -0.9959 -0.0898 -0.0071
vn -0.9832 -0.1816 0.0185
vn -0.9251 -0.3769 0.0471
vn -0.9619 -0.2706 0.0381
vn -0.9870 -0.1592 0.0244
vn -0.9988 -0.0483 0.0124
vn -0.7310 -0.6714 0.1217
vn -0.8966 -0.4150 0.1548
vn -0.8252 -0.5525 0.1171
vn -0.4617 -0.8570 0.2288
vn -0.8838 -0.4639 0.0616
vn -0.6180 -0.7768 0.1212
vn -0.4793 -0.8627 0.1610
vn -0.6180 -0.7650 0.1812
vn -0.6013 -0.7562 0.2582
vn -0.4846 -0.8680 0.1084
vn -0.6083 -0.7897 0.0796
vn -0.3215 -0.9389 0.1229
vn -0.3051 -0.9353 0.1794
vn -0.1618 -0.9844 0.0689
vn -0.4779 -0.8756 0.0700
vn -0.3324 -0.9420 0.0466
vn -0.4711 -0.8814 0.0349
vn -0.1638 -0.9865 0.0059
vn -0.3331 -0.9400 0.0742
vn -0.1689 -0.9851 0.0315
vn 0.2069 -0.9704 -0.1248
vn 0.0806 -0.9967 0.0067
vn 0.2242 -0.9593 -0.1718
vn 0.1156 -0.9932 -0.0100
vn -0.1387 -0.9852 0.1011
vn -0.1085 -0.9860 0.1265
vn 0.0226 -0.9997 -0.0012
vn 0.3170 -0.9139 -0.2536
vn 0.3132 -0.8980 -0.3091
vn 0.1699 -0.9812 -0.0910
vn 0.0049 -1.0000 -0.0060
vn 0.3174 -0.9252 -0.2081
vn 0.1699 -0.9822 -0.0799
vn 0.4330 -0.8448 -0.3144
vn 0.3128 -0.9319 -0.1835
vn 0.5029 -0.5545 -0.6631
vn 0.4384 -0.6849 -0.5820
vn 0.4600 -0.5385 -0.7060
vn 0.5474 -0.5690 -0.6137
vn 0.4795 -0.6987 -0.5310
vn 0.5167 -0.7185 -0.4656
vn 0.4224 -0.8294 -0.3656
vn 0.5896 -0.5918 -0.5497
vn 0.4988 -0.4054 -0.7660
vn 0.5286 -0.2771 -0.8024
vn 0.5443 -0.0292 -0.8384
vn 0.5435 -0.1526 -0.8254
vn 0.5505 -0.4230 -0.7198
vn 0.5822 -0.2902 -0.7595
vn 0.6026 -0.1655 -0.7807
vn 0.6110 -0.0414 -0.7906
vn 0.5970 -0.4413 -0.6700
vn 0.6350 -0.3047 -0.7098
vn 0.6603 -0.1739 -0.7306
vn 0.6724 -0.0510 -0.7384
vn 0.6509 -0.4570 -0.6061
vn 0.6991 -0.3196 -0.6397
vn 0.7252 -0.1860 -0.6629
vn 0.7339 -0.0610 -0.6765
vn 0.5330 -0.7819 0.3233
vn 0.6205 -0.7019 0.3497
vn 0.7218 -0.5770 0.3823
vn 0.7151 -0.5840 0.3840
vn 0.7981 -0.4563 0.3935
vn 0.7842 -0.4585 0.4180
vn 0.8606 -0.3257 0.3915
vn 0.8362 -0.3294 0.4386
vn 0.4504 -0.8412 0.2992
vn 0.3153 -0.9119 0.2628
vn 0.3516 -0.9006 0.2554
vn 0.4850 -0.8268 0.2848
vn 0.5964 -0.7438 0.3018
vn 0.5602 -0.7628 0.3228
vn 0.3756 -0.8938 0.2451
vn 0.2054 -0.9611 0.1845
vn 0.5187 -0.8099 0.2738
vn 0.6390 -0.7191 0.2732
vn 0.4069 -0.8957 0.1792
vn 0.5741 -0.7938 0.2006
vn 0.6960 -0.6932 0.1872
vn 0.4549 -0.8879 0.0682
vn 0.2555 -0.9659 0.0424
vn 0.6943 -0.6520 0.3048
vn 0.6596 -0.6715 0.3376
vn 0.7356 -0.6264 0.2579
vn 0.8162 -0.5277 0.2354
vn 0.7778 -0.5503 0.3038
vn 0.8787 -0.4261 0.2153
vn 0.8461 -0.4374 0.3048
vn 0.9260 -0.3178 0.2037
vn 0.8955 -0.3191 0.3101
vn 0.7884 -0.5943 0.1588
vn 0.8598 -0.4949 0.1261
vn 0.9112 -0.4008 0.0948
vn 0.9490 -0.3064 0.0747
vn 0.0381 -0.9975 0.0603
vn -0.1488 -0.9888 -0.0119
vn -0.1311 -0.9871 -0.0922
vn -0.0348 -0.7072 -0.7062
vn -0.1127 -0.9645 -0.2388
vn 0.0775 -0.9864 -0.1448
vn 0.0695 -0.8552 -0.5137
vn 0.2849 -0.9548 -0.0845
vn 0.2687 -0.9015 -0.3391
vn 0.1492 -0.5215 -0.8401
vn 0.0228 -0.3339 -0.9423
vn -0.0240 -0.0054 -0.9997
vn 0.0365 -0.0295 -0.9989
vn 0.0092 -0.0128 -0.9999
vn 0.0891 0.0039 -0.9960
vn 0.2595 -0.0488 -0.9645
vn 0.2524 -0.0353 -0.9670
vn 0.0080 0.0014 -1.0000
vn -0.0045 0.0101 -0.9999
vn 0.0182 -0.1265 -0.9918
vn -0.0339 -0.0173 -0.9993
vn 0.0481 0.0254 -0.9985
vn 0.1037 -0.0308 -0.9941
vn -0.0234 -0.0302 -0.9993
vn 0.0050 0.0225 -0.9997
vn 0.0487 0.0212 -0.9986
vn -0.0319 0.0105 -0.9994
vn 0.0056 0.0190 -0.9998
vn -0.0194 0.0213 -0.9996
vn 0.0164 0.0287 -0.9995
vn 0.0075 -0.0116 -0.9999
vn 0.0107 -0.0101 -0.9999
vn -0.0099 -0.0348 -0.9993
vn -0.0032 -0.0493 -0.9988
vn 0.0079 0.0117 -0.9999
vn 0.0125 0.0314 -0.9994
vn -0.0069 -0.0094 -0.9999
vn -0.0332 -0.0077 -0.9994
vn 0.3957 -0.6906 0.6054
vn 0.4713 -0.5782 0.6660
vn 0.4092 -0.4168 0.8117
vn 0.4907 -0.4441 0.7497
vn 0.4308 -0.7098 0.5573
vn 0.3741 -0.8184 0.4362
vn 0.3850 -0.8244 0.4148
vn 0.4628 -0.7139 0.5255
vn 0.5235 -0.5896 0.6151
vn 0.5579 -0.4634 0.6884
vn 0.6091 -0.4742 0.6358
vn 0.5636 -0.5938 0.5743
vn 0.6578 -0.4736 0.5856
vn 0.5332 -0.7166 0.4497
vn 0.6513 -0.5861 0.4820
vn 0.6024 -0.6000 0.5265
vn 0.4007 -0.3004 0.8656
vn 0.4931 -0.3287 0.8055
vn 0.3889 -0.2024 0.8988
vn 0.4900 -0.2228 0.8428
vn 0.3752 -0.1029 0.9212
vn 0.4803 -0.1285 0.8676
vn 0.3417 -0.0161 0.9397
vn 0.4647 -0.0524 0.8839
vn 0.5729 -0.3469 0.7426
vn 0.5774 -0.2393 0.7806
vn 0.5772 -0.1423 0.8041
vn 0.5790 -0.0593 0.8131
vn 0.6368 -0.3554 0.6842
vn 0.6547 -0.2445 0.7153
vn 0.6675 -0.1406 0.7312
vn 0.7015 -0.3479 0.6220
vn 0.7327 -0.2327 0.6395
vn 0.6779 -0.0474 0.7336
vn 0.7523 -0.1271 0.6465
vn 0.7212 -0.4532 0.5239
vn 0.7760 -0.3206 0.5432
vn 0.8097 -0.2097 0.5481
vn 0.7632 -0.0296 0.6455
vn 0.8295 -0.1067 0.5482
vn 0.0610 -0.9886 0.1377
vn 0.0429 -0.9948 0.0922
vn 0.3097 -0.9088 0.2796
vn 0.1876 -0.9655 0.1805
vn 0.3334 -0.8990 0.2839
vn 0.4440 -0.8176 0.3665
vn 0.2073 -0.9553 0.2107
vn 0.2381 -0.9421 0.2360
vn 0.2987 -0.9245 0.2367
vn 0.1131 -0.9803 0.1619
vn 0.3608 -0.8821 0.3028
vn 0.5705 -0.7026 0.4253
vn 0.4120 -0.8587 0.3048
vn 0.4748 -0.8009 0.3648
vn 0.4739 -0.8322 0.2877
vn 0.3745 -0.8996 0.2249
vn -0.0208 -0.9952 0.0955
vn -0.1563 -0.9866 0.0472
vn -0.1643 -0.9860 0.0295
vn -0.2806 -0.9598 0.0113
vn -0.2608 -0.9654 -0.0017
vn 0.0651 -0.9914 0.1139
vn 0.0760 -0.9948 0.0683
vn -0.0525 -0.9963 0.0682
vn -0.0114 -0.9997 0.0222
vn 0.1814 -0.9687 0.1694
vn 0.1697 -0.9785 0.1168
vn 0.3099 -0.9455 0.0996
vn 0.2709 -0.9479 0.1675
vn 0.4629 -0.8644 0.1962
vn 0.3885 -0.9099 0.1454
vn 0.5439 -0.7991 0.2562
vn 0.4710 -0.8794 0.0695
vn 0.4050 -0.9140 0.0249
vn -0.3074 -0.9516 -0.0024
vn -0.2893 -0.9572 -0.0073
vn -0.0921 -0.9957 -0.0030
vn -0.2145 -0.9766 -0.0151
vn -0.2575 -0.9662 -0.0099
vn -0.0701 -0.9972 -0.0245
vn -0.1095 -0.9935 -0.0313
vn 0.1711 -0.9843 -0.0436
vn 0.1263 -0.9907 -0.0505
vn 0.2870 -0.9577 -0.0182
vn 0.0906 -0.9959 -0.0058
vn 0.0247 -0.9994 -0.0225
vn 0.2285 -0.9730 -0.0335
vn 0.3861 -0.9207 -0.0567
vn 0.1771 -0.9804 -0.0859
vn 0.0068 -0.9992 -0.0399
vn 0.0044 -0.9998 -0.0168
vn 0.2056 -0.9752 -0.0825
vn 0.0212 -0.9988 -0.0452
vn 0.0885 -0.9947 -0.0524
vn 0.2822 -0.9568 -0.0695
vn 0.0535 -0.9977 -0.0424
vn 0.2466 -0.9669 -0.0660
vn 0.3197 -0.9361 -0.1468
vn 0.5418 -0.7633 -0.3520
vn 0.4307 -0.8615 -0.2688
vn 0.4362 -0.8696 -0.2314
vn 0.3870 -0.9150 -0.1141
vn 0.3459 -0.9294 -0.1284
vn 0.4963 -0.8522 -0.1658
vn 0.4582 -0.8661 -0.1998
vn 0.5592 -0.7763 -0.2909
vn 0.6224 -0.7581 -0.1944
vn 0.5428 -0.8284 -0.1383
vn 0.7143 -0.6406 -0.2818
vn 0.5841 -0.7746 -0.2424
vn 0.7574 -0.6171 -0.2136
vn 0.6777 -0.7200 -0.1497
vn 0.8321 -0.4661 -0.3005
vn 0.8596 -0.3233 -0.3957
vn 0.9196 -0.2764 -0.2791
vn 0.9064 -0.1872 -0.3787
vn 0.9700 -0.1259 -0.2082
vn 0.9271 -0.0770 -0.3669
vn 0.9907 -0.0407 -0.1296
vn 0.9285 0.0300 -0.3700
vn 0.9937 0.0117 -0.1114
vn 0.5288 -0.7441 -0.4082
vn 0.6212 -0.6167 -0.4834
vn 0.6810 -0.6431 -0.3503
vn 0.6552 -0.6295 -0.4176
vn 0.7461 -0.4812 -0.4602
vn 0.7840 -0.4827 -0.3902
vn 0.7007 -0.4702 -0.5366
vn 0.8051 -0.3336 -0.4904
vn 0.7559 -0.3281 -0.5665
vn 0.8404 -0.2022 -0.5029
vn 0.7878 -0.1990 -0.5828
vn 0.8597 -0.0797 -0.5045
vn 0.8001 -0.0732 -0.5954
vn 0.5170 -0.3475 -0.7823
vn 0.3709 -0.5116 -0.7751
vn 0.1139 -0.0025 -0.9935
vn 0.5662 -0.2297 -0.7916
vn 0.5850 -0.1887 -0.7888
vn 0.8170 -0.3502 -0.4581
vn 0.5937 -0.1524 -0.7901
vn 0.8092 -0.2855 -0.5135
vn 0.5853 -0.1310 -0.8002
vn 0.8049 -0.2321 -0.5461
vn 0.8059 -0.1867 -0.5619
vn 0.5831 -0.1217 -0.8032
vn 0.1440 -0.0626 -0.9876
vn 0.2191 -0.0426 -0.9748
vn 0.7097 -0.5483 0.4424
vn 0.6133 -0.6742 0.4115
vn 0.7805 -0.4911 0.3868
vn 0.6368 -0.7066 0.3085
vn 0.6807 -0.6304 0.3731
vn 0.5739 -0.7460 0.3378
vn 0.8611 -0.4024 0.3109
vn 0.9459 -0.2338 0.2250
vn 0.8565 -0.3542 0.3753
vn 0.8351 -0.4980 0.2336
vn 0.7461 -0.5761 0.3339
vn 0.9478 -0.2609 0.1835
vn 0.9887 -0.1063 0.1061
vn 0.7880 -0.4131 0.4565
vn 0.8419 -0.2810 0.4608
vn 0.8776 -0.1715 0.4476
vn 0.9123 -0.2192 0.3459
vn 0.8993 -0.0800 0.4300
vn 0.8388 -0.0129 0.5442
vn 0.9058 -0.0017 0.4238
vn 0.9492 -0.1027 0.2974
vn 0.9674 -0.0402 0.2501
vn 0.9734 0.0086 0.2289
vn 0.9988 -0.0191 0.0443
vn 1.0000 -0.0048 0.0078
vn 0.9995 -0.0144 0.0290
vn 0.9977 -0.0144 0.0660
vn 0.9883 -0.0970 0.1176
vn 0.9984 0.0468 0.0309
vn 0.9999 0.0108 -0.0059
vn 0.9982 -0.0597 0.0023
vn 0.6279 -0.7772 0.0408
vn 0.6450 -0.7407 0.1878
vn 0.5728 -0.8065 0.1466
vn 0.7024 -0.7055 0.0948
vn 0.7321 -0.6699 0.1233
vn 0.8279 -0.5585 0.0514
vn 0.8114 -0.5733 0.1140
vn 0.8114 -0.5827 0.0450
vn 0.6693 -0.7400 0.0671
vn 0.7735 -0.6329 0.0338
vn 0.9067 -0.4111 0.0948
vn 0.7300 -0.6465 0.2218
vn 0.9898 -0.1340 0.0481
vn 0.9995 -0.0296 -0.0089
vn 0.9990 0.0332 -0.0308
vn 0.9301 -0.3665 0.0257
vn 0.9115 -0.4092 0.0418
vn 0.9945 -0.1035 -0.0131
vn 0.9995 0.0252 -0.0163
vn 0.9990 0.0406 -0.0193
vn 0.9996 -0.0274 -0.0111
vn 0.9976 0.0664 0.0204
vn 0.9994 0.0140 0.0331
vn 0.9988 -0.0489 0.0085
vn 0.9971 -0.0252 -0.0720
vn 0.9996 -0.0150 -0.0235
vn 0.9977 -0.0154 0.0666
vn 0.9978 0.0146 0.0643
vn 0.9973 -0.0531 0.0506
vn 0.9885 -0.1036 0.1097
vn 0.9946 -0.0290 0.0993
vn 0.9957 0.0482 0.0787
vn 0.9912 -0.1294 0.0294
vn 0.9938 -0.1021 0.0432
vn 0.9995 -0.0173 0.0259
vn 0.9987 0.0453 0.0225
vn 0.4392 -0.8973 -0.0437
vn 0.4878 -0.8723 -0.0342
vn 0.5373 -0.8432 -0.0195
vn 0.3410 -0.9400 -0.0066
vn 0.5852 -0.8109 0.0085
vn 0.6396 -0.7669 -0.0534
vn 0.6792 -0.7327 -0.0429
vn 0.7399 -0.6726 -0.0103
vn 0.7146 -0.6988 -0.0318
vn 0.8842 -0.4665 -0.0228
vn 0.8614 -0.5063 -0.0414
vn 0.8367 -0.5463 -0.0386
vn 0.8030 -0.5940 -0.0483
vn 0.9913 -0.1315 -0.0113
vn 0.9957 -0.0924 0.0106
vn 0.9765 -0.2134 -0.0287
vn 0.9567 -0.2905 -0.0179
vn 0.9282 -0.3712 -0.0245
vn 0.9988 -0.0407 -0.0261
vn 0.9974 -0.0704 -0.0163
vn 0.9979 0.0568 -0.0322
vn 0.9993 -0.0308 -0.0210
vn 0.9980 -0.0394 -0.0502
vn 0.9950 0.0652 -0.0755
vn 0.9970 0.0439 -0.0641
vn 0.9973 -0.0094 -0.0734
vn 0.9988 0.0175 -0.0454
vn 0.5393 -0.8392 -0.0699
vn 0.3303 -0.9413 -0.0700
vn 0.4775 -0.8748 -0.0813
vn 0.7283 -0.6821 -0.0658
vn 0.5950 -0.8014 -0.0618
vn 0.7526 -0.6467 -0.1241
vn 0.6726 -0.7343 -0.0917
vn 0.5989 -0.7912 -0.1240
vn 0.8756 -0.4723 -0.1014
vn 0.8186 -0.5671 -0.0910
vn 0.8615 -0.5036 -0.0648
vn 0.9637 -0.2632 -0.0452
vn 0.9262 -0.3711 -0.0668
vn 0.7652 -0.6415 -0.0546
vn 0.8948 -0.4447 -0.0403
vn 0.9866 -0.1616 -0.0205
vn 0.9999 0.0122 -0.0077
vn 0.9956 -0.0872 -0.0339
vn 0.9993 0.0284 0.0249
vn 0.9998 0.0200 -0.0029
vn 0.9998 0.0218 -0.0032
vn 0.9998 0.0180 0.0097
vn 0.9999 0.0108 -0.0113
vn 0.9781 -0.2005 -0.0556
vn 0.9993 -0.0374 0.0089
vn 1.0000 -0.0062 -0.0051
vn 0.8839 -0.4213 -0.2032
vn 0.9353 -0.3334 -0.1187
vn 0.8107 -0.5651 -0.1529
vn 0.9958 -0.0834 -0.0385
vn 0.9717 -0.1887 -0.1423
vn -0.9371 0.0740 0.3411
vn -0.9211 0.1574 0.3561
vn -0.9877 0.0429 0.1503
vn -0.9439 0.1905 0.2699
vn -0.9750 0.0916 0.2024
vn -0.8894 0.2598 0.3762
vn -0.8880 0.3422 0.3072
vn -0.8136 0.4877 0.3166
vn -0.8339 0.3925 0.3881
vn -0.9994 -0.0281 -0.0201
vn -0.9999 -0.0083 -0.0147
vn -0.9984 -0.0564 0.0013
vn -0.9997 -0.0134 0.0211
vn -0.9985 0.0520 -0.0170
vn -0.9965 0.0099 0.0826
vn -0.9991 -0.0351 -0.0217
vn -0.9977 0.0259 -0.0628
vn -0.9990 -0.0060 -0.0437
vn -0.9986 -0.0208 0.0483
vn -1.0000 0.0043 0.0069
vn -0.9990 0.0450 -0.0010
vn -0.9919 0.1117 0.0610
vn -0.9850 0.1140 0.1294
vn -0.9315 0.3330 0.1462
vn -0.9503 0.2481 0.1882
vn -0.7701 0.5842 0.2563
vn -0.8700 0.4279 0.2449
vn -0.9999 0.0041 0.0107
vn -0.9702 0.2357 0.0561
vn -0.8219 0.5390 0.1842
vn -0.9996 -0.0273 -0.0075
vn -0.9993 -0.0372 -0.0029
vn -0.9834 0.1808 0.0173
vn -0.9062 0.4214 0.0356
vn -0.7220 0.6204 0.3063
vn -0.6182 0.7357 0.2767
vn -0.6325 0.7573 0.1624
vn -0.5414 0.8306 0.1304
vn -0.6987 0.7066 0.1114
vn -0.9992 0.0210 0.0345
vn -0.9984 -0.0152 0.0543
vn -0.9956 0.0633 0.0698
vn -0.9995 0.0134 0.0281
vn -0.9988 0.0352 0.0340
vn -1.0000 -0.0051 -0.0053
vn -0.9979 0.0573 -0.0310
vn -0.9995 0.0318 -0.0092
vn -0.9729 -0.1833 0.1408
vn -0.9747 0.0678 0.2130
vn -0.9873 0.1512 0.0478
vn -0.9968 0.0456 -0.0651
vn -0.9992 -0.0199 -0.0359
vn -0.9991 -0.0408 -0.0135
vn -0.9859 0.1669 -0.0133
vn -0.9998 -0.0178 -0.0118
vn -0.9824 0.1852 -0.0221
vn -0.8985 0.4385 -0.0172
vn -0.9079 0.4191 -0.0037
vn -0.9999 0.0072 -0.0085
vn -0.9728 0.2293 -0.0340
vn -0.8751 0.4801 -0.0613
vn -0.9987 0.0499 -0.0028
vn -0.9982 -0.0574 0.0147
vn -0.9523 0.3004 -0.0529
vn -0.8526 0.5153 -0.0869
vn -0.8262 0.5634 0.0018
vn -0.7988 0.6014 -0.0148
vn -0.7556 0.6535 0.0447
vn -0.8255 0.5624 0.0468
vn -0.7471 0.6593 -0.0840
vn -0.6393 0.7656 -0.0725
vn -0.7327 0.6763 -0.0758
vn -0.6384 0.7694 0.0218
vn -0.6736 0.7373 0.0513
vn -0.5429 0.8380 0.0557
vn -0.6981 0.7159 -0.0083
vn -0.5928 0.8053 0.0039
vn -0.4786 0.8777 0.0233
vn -0.6655 0.7446 -0.0524
vn -0.5478 0.8362 -0.0270
vn -0.5129 0.8565 -0.0575
vn -0.6170 0.7833 -0.0760
vn -0.9977 0.0524 0.0431
vn -0.9522 0.2977 0.0684
vn -0.9792 0.0175 -0.2023
vn -0.9969 0.0700 0.0347
vn -0.9633 0.2458 -0.1080
vn -0.9977 0.0677 -0.0078
vn -0.9839 -0.1326 -0.1198
vn -0.9911 -0.0372 -0.1282
vn -0.9894 0.1353 -0.0537
vn -0.9982 -0.0574 0.0150
vn -0.9991 0.0413 -0.0070
vn -0.9941 -0.0658 -0.0862
vn -0.9992 -0.0392 -0.0022
vn -0.9976 0.0454 -0.0520
vn -0.9999 -0.0101 -0.0042
vn -0.9997 0.0222 0.0111
vn -0.9999 -0.0042 0.0168
vn -0.9996 -0.0278 0.0080
vn -0.9999 0.0096 0.0129
vn -0.9953 0.0967 -0.0077
vn -0.9333 0.3566 -0.0420
vn -0.9909 0.1317 -0.0279
vn -0.9219 0.3834 -0.0553
vn -0.9124 0.4002 -0.0856
vn -0.9856 0.1637 -0.0425
vn -0.8113 0.5762 -0.0992
vn -0.8210 0.5665 -0.0706
vn -0.8252 0.5568 -0.0951
vn -0.9056 0.4158 -0.0837
vn -0.9072 0.4119 -0.0853
vn -0.7246 0.6820 -0.0988
vn -0.7198 0.6876 -0.0952
vn -0.8180 0.5668 -0.0983
vn -0.7149 0.6950 -0.0764
vn -0.5993 0.7961 -0.0847
vn -0.7341 0.6695 -0.1134
vn -0.6341 0.7678 -0.0917
vn -0.6657 0.7386 -0.1064
vn -0.7197 0.0186 0.6940
vn -0.6446 0.0271 0.7641
vn -0.7083 0.1171 0.6961
vn -0.7754 0.1112 0.6216
vn -0.7561 0.2198 0.6165
vn -0.6964 0.2182 0.6836
vn -0.7271 0.3339 0.5999
vn -0.6791 0.5639 0.4700
vn -0.7839 0.4254 0.4523
vn -0.7383 0.4416 0.5098
vn -0.6026 0.6810 0.4161
vn -0.7153 0.5529 0.4273
vn -0.6318 0.6714 0.3873
vn -0.6424 0.5619 0.5211
vn -0.6898 0.4462 0.5701
vn -0.5707 0.6862 0.4511
vn -0.5446 0.6801 0.4908
vn -0.6781 0.3321 0.6556
vn -0.6073 0.5551 0.5684
vn -0.6495 0.4423 0.6185
vn -0.9406 -0.0813 0.3297
vn -0.9907 -0.0077 0.1356
vn -0.9437 -0.0052 0.3309
vn -0.6671 0.6526 0.3593
vn -0.7583 0.5276 0.3828
vn -0.5332 0.7770 0.3345
vn -0.5015 0.7908 0.3509
vn -0.4474 0.8894 0.0940
vn -0.5633 0.7969 0.2184
vn -0.5076 0.8271 0.2413
vn -0.4571 0.8719 0.1756
vn -0.4604 0.8484 0.2611
vn -0.3409 0.9175 0.2049
vn -0.3934 0.8974 0.1997
vn -0.2797 0.9483 0.1499
vn -0.3588 0.9248 0.1266
vn -0.1789 0.9829 0.0440
vn -0.1639 0.9808 0.1055
vn -0.0577 0.9961 0.0665
vn -0.2885 0.9336 0.2125
vn -0.1547 0.9772 0.1457
vn -0.2082 0.9659 0.1539
vn -0.0789 0.9914 0.1044
vn -0.1281 0.9833 0.1291
vn -0.3801 0.9243 -0.0341
vn -0.4273 0.9041 -0.0005
vn -0.3039 0.9525 0.0219
vn -0.2704 0.9588 0.0874
vn -0.2035 0.9788 -0.0217
vn -0.3479 0.9365 -0.0445
vn -0.1049 0.9943 0.0164
vn -0.2427 0.9701 -0.0069
vn 0.0254 0.9990 0.0355
vn 0.1454 0.9886 0.0389
vn -0.0518 0.9986 0.0047
vn 0.1377 0.9902 0.0229
vn -0.0177 0.9998 0.0015
vn -0.7114 0.6971 -0.0894
vn -0.5976 0.7985 -0.0730
vn -0.4899 0.8695 -0.0635
vn -0.4733 0.8787 -0.0625
vn -0.6025 0.7948 -0.0725
vn -0.4610 0.8854 -0.0603
vn -0.4657 0.8828 -0.0610
vn -0.3215 0.9463 -0.0336
vn -0.4881 0.8704 -0.0654
vn -0.3391 0.9404 -0.0268
vn -0.3711 0.9282 -0.0287
vn -0.3303 0.9429 -0.0429
vn -0.1775 0.9839 -0.0211
vn -0.1648 0.9861 -0.0206
vn -0.1671 0.9859 -0.0125
vn -0.6849 0.7159 -0.1356
vn -0.7627 0.6191 -0.1871
vn -0.7648 0.6259 -0.1526
vn -0.5939 0.7941 -0.1290
vn -0.6906 0.7038 -0.1664
vn -0.5770 0.8096 -0.1076
vn -0.6916 0.6955 -0.1948
vn -0.5986 0.7845 -0.1621
vn -0.6845 0.6949 -0.2204
vn -0.5923 0.7812 -0.1974
vn -0.4555 0.8861 -0.0861
vn -0.5474 0.8335 -0.0747
vn -0.4049 0.9138 -0.0327
vn -0.4362 0.8980 -0.0583
vn -0.4671 0.8776 -0.1079
vn -0.3013 0.9531 -0.0299
vn -0.4740 0.8675 -0.1507
vn -0.3398 0.9369 -0.0825
vn -0.9505 0.2083 -0.2306
vn -0.9089 0.3129 -0.2756
vn -0.9397 0.2034 -0.2751
vn -0.5782 0.7824 -0.2313
vn -0.6710 0.6950 -0.2583
vn -0.5624 0.7816 -0.2698
vn -0.6538 0.6953 -0.2985
vn -0.4687 0.8611 -0.1968
vn -0.6367 0.6990 -0.3257
vn -0.4514 0.8605 -0.2361
vn -0.5439 0.7824 -0.3034
vn -0.6156 0.7061 -0.3499
vn -0.3420 0.9287 -0.1434
vn -0.5185 0.7874 -0.3335
vn -0.5916 0.7133 -0.3757
vn -0.3329 0.9219 -0.1984
vn -0.4318 0.8609 -0.2691
vn -0.4139 0.8584 -0.3029
vn -0.4697 0.8004 -0.3725
vn -0.5710 0.7196 -0.3951
vn -0.6308 0.2054 0.7483
vn -0.5564 0.1926 0.8083
vn -0.6232 0.3142 0.7162
vn -0.6083 0.4287 0.6680
vn -0.5736 0.5480 0.6088
vn -0.4672 0.7929 0.3912
vn -0.5179 0.6700 0.5318
vn -0.3839 0.8800 0.2798
vn -0.2623 0.9425 0.2070
vn -0.2527 0.9480 0.1933
vn -0.3681 0.8846 0.2863
vn -0.2437 0.9521 0.1846
vn -0.1120 0.9876 0.1103
vn 0.0361 0.9990 0.0270
vn 0.0380 0.9993 0.0043
vn -0.2443 0.9519 0.1848
vn -0.1229 0.9899 0.0702
vn -0.1066 0.9902 0.0905
vn 0.1245 0.9910 0.0484
vn 0.2633 0.9644 0.0251
vn 0.0249 0.9980 0.0589
vn 0.1819 0.9833 0.0104
vn 0.1990 0.9771 -0.0757
vn 0.1910 0.9807 -0.0423
vn 0.3366 0.9414 -0.0211
vn 0.4997 0.8602 -0.1015
vn 0.3617 0.9230 -0.1317
vn 0.5071 0.8471 -0.1591
vn 0.6339 0.7645 -0.1170
vn 0.4911 0.8708 -0.0233
vn 0.3571 0.9154 -0.1859
vn 0.5086 0.8328 -0.2185
vn 0.9929 0.1187 -0.0050
vn 0.9929 0.1126 -0.0385
vn 0.9940 0.1079 0.0166
vn 0.9935 0.1138 0.0015
vn 0.9766 0.2134 0.0267
vn 0.9740 0.2260 0.0118
vn 0.9432 0.3315 0.0241
vn 0.9485 0.3131 0.0491
vn 0.9014 0.4314 0.0379
vn 0.9077 0.4133 0.0729
vn 0.9939 0.0946 0.0564
vn 0.9770 0.1972 0.0815
vn 0.9507 0.2938 0.0991
vn 0.9119 0.3941 0.1147
vn 0.2325 0.9723 0.0255
vn 0.0930 0.9955 0.0187
vn 0.1597 0.9866 0.0341
vn 0.3155 0.9476 0.0509
vn 0.3220 0.9435 0.0788
vn 0.4250 0.9046 0.0327
vn 0.3689 0.9293 0.0200
vn 0.5582 0.8292 0.0301
vn 0.5841 0.8092 0.0636
vn 0.4539 0.8892 0.0579
vn 0.8455 0.5315 0.0515
vn 0.8538 0.5126 0.0908
vn 0.7746 0.6294 0.0619
vn 0.7840 0.6122 0.1027
vn 0.6910 0.7198 0.0663
vn 0.8594 0.4948 0.1286
vn 0.7908 0.5968 0.1361
vn 0.7030 0.6976 0.1385
vn 0.5967 0.7909 0.1359
vn 0.5939 0.7985 0.0983
vn -0.0203 0.9989 0.0415
vn -0.0410 0.9973 0.0611
vn -0.2049 0.9786 0.0179
vn -0.0034 0.9999 0.0165
vn 0.1512 0.9859 0.0723
vn 0.1292 0.9863 0.1025
vn 0.3168 0.9430 0.1016
vn 0.0975 0.9872 0.1260
vn 0.4583 0.8738 0.1624
vn 0.4386 0.8733 0.2119
vn 0.2719 0.9459 0.1770
vn -0.0308 0.9942 0.1032
vn -0.0680 0.9962 0.0552
vn -0.2004 0.9796 -0.0154
vn -0.2087 0.9754 -0.0707
vn 0.0684 0.9862 0.1506
vn -0.0878 0.9961 0.0032
vn 0.1231 0.9713 0.2035
vn 0.2008 0.9428 0.2661
vn -0.0861 0.9871 -0.1353
vn 0.0145 0.9998 0.0115
vn 0.0246 0.9969 -0.0748
vn 0.0632 0.9884 0.1383
vn 0.2337 0.9524 0.1960
vn 0.1802 0.9594 0.2170
vn 0.1133 0.9896 0.0888
vn -0.2127 0.9674 -0.1378
vn -0.4940 0.7946 -0.3528
vn -0.3889 0.8591 -0.3328
vn -0.2675 0.9145 -0.3037
vn -0.3192 0.9189 -0.2318
vn -0.2068 0.9597 -0.1901
vn -0.2984 0.9174 -0.2632
vn -0.1432 0.9521 -0.2701
vn -0.0615 0.9780 -0.1991
vn -0.1798 0.9557 -0.2332
vn -0.0293 0.9696 -0.2428
vn 0.0109 0.9619 -0.2731
vn -0.1093 0.9484 -0.2976
vn 0.0465 0.9871 -0.1530
vn 0.0784 0.9737 -0.2140
vn -0.6460 0.6394 -0.4170
vn -0.5515 0.7302 -0.4034
vn -0.6308 0.6502 -0.4234
vn -0.5384 0.7417 -0.3999
vn -0.4350 0.8180 -0.3764
vn -0.3326 0.8740 -0.3542
vn -0.3115 0.8833 -0.3503
vn -0.2363 0.9146 -0.3281
vn -0.2060 0.9208 -0.3313
vn -0.0802 0.9479 -0.3084
vn -0.1833 0.9295 -0.3200
vn -0.1640 0.9369 -0.3087
vn -0.1462 0.9446 -0.2940
vn -0.2791 0.9007 -0.3329
vn -0.8565 0.1814 -0.4831
vn -0.8729 0.0479 -0.4856
vn -0.8182 0.3119 -0.4829
vn -0.8526 0.1857 -0.4884
vn -0.7661 0.4332 -0.4748
vn -0.8160 0.3180 -0.4827
vn -0.6998 0.5495 -0.4564
vn -0.7626 0.4411 -0.4731
vn -0.6181 0.6574 -0.4311
vn -0.6919 0.5566 -0.4599
vn -0.5259 0.7484 -0.4041
vn -0.6058 0.6640 -0.4384
vn -0.4024 0.8364 -0.3723
vn -0.5131 0.7544 -0.4094
vn -0.4165 0.8286 -0.3741
vn -0.5066 0.7624 -0.4026
vn -0.6002 0.6698 -0.4372
vn -0.3934 0.8448 -0.3627
vn -0.2700 0.9086 -0.3186
vn -0.5973 0.6757 -0.4321
vn -0.6788 0.5700 -0.4630
vn -0.6810 0.5654 -0.4653
vn -0.4975 0.7712 -0.3972
vn -0.3862 0.8520 -0.3535
vn -0.6661 0.5719 -0.4788
vn -0.5806 0.6804 -0.4471
vn -0.4859 0.7752 -0.4038
vn -0.3827 0.8562 -0.3471
vn -0.4854 0.7744 -0.4059
vn -0.3880 0.7598 0.5217
vn -0.3640 0.7285 0.5803
vn -0.3263 0.8400 0.4335
vn -0.3349 0.8591 0.3870
vn -0.3410 0.8748 0.3442
vn -0.2615 0.9356 0.2373
vn -0.2654 0.9224 0.2805
vn -0.3153 0.6978 0.6431
vn -0.2841 0.8173 0.5013
vn -0.2453 0.6607 0.7095
vn -0.2469 0.9067 0.3418
vn -0.1876 0.9695 0.1576
vn -0.1792 0.9780 0.1069
vn -0.2384 0.7821 0.5757
vn -0.2196 0.8826 0.4157
vn -0.1438 0.9875 0.0651
vn 0.0198 0.9993 -0.0315
vn -0.0017 0.9980 -0.0625
vn -0.1616 0.9838 0.0777
vn 0.3342 0.9090 -0.2491
vn 0.1621 0.9723 -0.1682
vn 0.2913 0.9026 -0.3168
vn -0.0267 0.9966 -0.0785
vn 0.1259 0.9691 -0.2120
vn 0.2476 0.8890 -0.3851
vn 0.4574 0.7544 -0.4708
vn 0.9823 0.1702 -0.0781
vn 0.9971 0.0679 -0.0330
vn 0.9943 0.0941 -0.0494
vn 0.9447 0.3038 -0.1236
vn 0.9754 0.2051 -0.0806
vn 0.8940 0.4214 -0.1523
vn 0.9387 0.3290 -0.1032
vn 0.9942 0.0585 -0.0899
vn 0.9850 0.1097 -0.1330
vn 0.9779 0.2008 -0.0587
vn 0.9843 0.1681 -0.0537
vn 0.9783 0.2048 -0.0318
vn 0.9649 0.2495 -0.0825
vn 0.9448 0.3087 -0.1094
vn 0.9091 0.3862 -0.1562
vn 0.9870 0.1112 0.1162
vn 0.9794 0.1915 0.0645
vn 0.9866 0.1621 -0.0161
vn 0.9740 0.1924 -0.1195
vn 0.8690 0.0632 0.4907
vn 0.9076 0.0699 0.4141
vn 0.9696 0.0731 0.2334
vn 0.9953 0.0729 0.0632
vn 0.9149 0.0756 -0.3966
vn 0.8966 0.1244 -0.4249
vn 0.9087 0.1322 -0.3959
vn 0.8820 0.1420 -0.4493
vn 0.8318 0.5285 -0.1697
vn 0.8915 0.4387 -0.1133
vn 0.7483 0.6384 -0.1800
vn 0.8289 0.5467 -0.1188
vn 0.6386 0.7493 -0.1756
vn 0.7454 0.6555 -0.1211
vn 0.7618 0.6085 -0.2223
vn 0.6478 0.7263 -0.2300
vn 0.4745 0.7920 -0.3842
vn 0.4991 0.8157 -0.2925
vn 0.6517 0.6974 -0.2981
vn 0.8700 0.4451 -0.2121
vn 0.8446 0.4981 -0.1962
vn 0.7775 0.5667 -0.2725
vn 0.9007 0.3458 -0.2629
vn 0.7799 0.5101 -0.3627
vn 0.6423 0.6571 -0.3946
vn 0.9725 0.1975 -0.1233
vn 0.8637 0.3874 -0.3225
vn 0.8670 0.1821 -0.4639
vn 0.7978 0.3033 -0.5211
vn 0.9952 0.0668 0.0716
vn 0.9782 0.1731 0.1144
vn 0.9122 0.3785 0.1570
vn 0.9495 0.2794 0.1425
vn 0.9566 0.2546 0.1415
vn 0.9995 0.0264 0.0174
vn 0.9987 0.0399 0.0330
vn 0.9947 0.0885 0.0523
vn 0.9874 0.1343 0.0834
vn 0.9699 0.2111 0.1216
vn 0.5942 0.7843 0.1785
vn 0.5874 0.7773 0.2252
vn 0.8604 0.4815 0.1669
vn 0.9150 0.3618 0.1783
vn 0.7932 0.5834 0.1744
vn 0.8614 0.4665 0.2011
vn 0.7052 0.6855 0.1808
vn 0.7075 0.6686 0.2289
vn 0.7946 0.5657 0.2205
vn 0.8653 0.4388 0.2422
vn 0.7913 0.5437 0.2798
vn 0.6968 0.6547 0.2930
vn 0.5212 0.7846 0.3358
vn 0.5670 0.7712 0.2893
vn 0.6777 0.6417 0.3590
vn 0.9244 0.3318 0.1882
vn 0.8691 0.3994 0.2919
vn 0.9292 0.2922 0.2261
vn 0.7904 0.5087 0.3414
vn 0.7953 0.4482 0.4082
vn 0.8871 0.3466 0.3047
vn 0.3463 0.8936 0.2855
vn 0.1886 0.9658 0.1777
vn 0.1175 0.9930 -0.0118
vn 0.2767 0.9130 0.2999
vn 0.2244 0.9260 0.3035
vn 0.2231 0.9345 0.2773
vn 0.1842 0.9814 0.0543
vn 0.4286 0.8125 0.3952
vn 0.2047 0.9769 -0.0615
vn 0.2416 0.9700 -0.0249
vn 0.2442 0.9559 -0.1634
vn 0.6014 0.6360 0.4835
vn 0.2852 0.9467 -0.1495
vn 0.3881 0.7591 0.5227
vn 0.2373 0.9714 0.0063
vn 0.4332 0.6157 0.6583
vn 0.2742 0.8632 0.4239
vn 0.2071 0.9608 0.1842
vn 0.1923 0.9808 0.0334
vn 0.2822 0.9481 -0.1465
vn 0.1235 0.9582 -0.2582
vn 0.2199 0.9440 -0.2458
vn 0.1750 0.9670 -0.1852
vn 0.1384 0.9849 -0.1041
vn 0.0905 0.9566 -0.2769
vn 0.1719 0.9463 -0.2737
vn 0.2167 0.9396 -0.2650
vn 0.2742 0.9196 -0.2814
vn 0.3582 0.8849 -0.2979
vn 0.4790 0.7965 -0.3689
vn 0.4192 0.8570 -0.2997
vn -0.0513 0.9536 -0.2966
vn -0.0200 0.9606 -0.2771
vn 0.1151 0.9612 -0.2505
vn -0.0055 0.9686 -0.2487
vn -0.0019 0.9751 -0.2218
vn 0.3685 0.9024 -0.2232
vn 0.2419 0.9438 -0.2253
vn 0.2640 0.9475 -0.1805
vn 0.2780 0.9518 -0.1293
vn 0.1341 0.9755 -0.1746
vn 0.4038 0.8994 -0.1673
vn 0.1422 0.9800 -0.1394
vn 0.2800 0.9563 -0.0838
vn 0.4845 0.8349 -0.2612
vn 0.5307 0.8289 -0.1769
vn 0.4139 0.9100 -0.0264
vn 0.1453 0.9839 -0.1040
vn 0.2774 0.9598 -0.0432
vn 0.1426 0.9873 -0.0695
vn -0.7182 0.4478 -0.5326
vn -0.7361 0.4498 -0.5058
vn -0.6347 0.5487 -0.5441
vn -0.7034 0.4436 -0.5554
vn -0.6467 0.5637 -0.5139
vn -0.2636 0.9158 -0.3031
vn -0.6500 0.5718 -0.5004
vn -0.5725 0.6808 -0.4569
vn -0.4829 0.7746 -0.4085
vn -0.1365 0.9527 -0.2715
vn -0.5736 0.6773 -0.4607
vn -0.1335 0.9594 -0.2487
vn -0.1342 0.9653 -0.2241
vn -0.2628 0.9213 -0.2866
vn -0.5648 0.6663 -0.4869
vn -0.4776 0.7722 -0.4191
vn -0.3762 0.8567 -0.3527
vn -0.3790 0.8580 -0.3467
vn 0.0007 0.9811 -0.1934
vn 0.0052 0.9865 -0.1638
vn -0.2647 0.9272 -0.2649
vn -0.2525 0.9259 -0.2811
vn -0.1244 0.9677 -0.2194
vn -0.1276 0.9709 -0.2027
vn 0.0004 0.9919 -0.1267
vn -0.6852 0.4292 -0.5884
vn -0.6491 0.4063 -0.6431
vn -0.6788 0.2922 -0.6736
vn -0.7193 0.3123 -0.6205
vn -0.6064 0.5258 -0.5965
vn -0.5901 0.3748 -0.7150
vn -0.6117 0.2633 -0.7460
vn -0.5659 0.4864 -0.6656
vn -0.4883 0.2132 -0.8462
vn -0.4989 0.3120 -0.8085
vn -0.3113 0.1846 -0.9322
vn -0.2573 0.1183 -0.9591
vn -0.3835 0.2910 -0.8765
vn -0.5508 0.6444 -0.5305
vn -0.4779 0.7576 -0.4447
vn -0.3840 0.8530 -0.3535
vn -0.5313 0.6070 -0.5910
vn -0.4714 0.7287 -0.4967
vn -0.3760 0.8396 -0.3921
vn -0.5124 0.4220 -0.7479
vn -0.5004 0.5513 -0.6676
vn -0.4511 0.6879 -0.5686
vn -0.2650 0.9266 -0.2668
vn -0.2564 0.9228 -0.2876
vn -0.1312 0.9730 -0.1900
vn -0.4374 0.4477 -0.7799
vn -0.4301 0.6254 -0.6510
vn -0.3612 0.7819 -0.5081
vn -0.3644 0.8155 -0.4495
vn -0.1065 0.9931 -0.0499
vn -0.1167 0.9931 0.0138
vn -0.1500 0.6821 0.7158
vn -0.1983 0.7355 0.6479
vn -0.1386 0.8209 0.5540
vn -0.0999 0.6366 0.7647
vn -0.0897 0.7812 0.6178
vn -0.1163 0.9196 0.3753
vn -0.1524 0.9412 0.3015
vn -0.1097 0.9900 0.0889
vn -0.0994 0.9797 0.1744
vn -0.0607 0.5950 0.8014
vn -0.0837 0.8907 0.4467
vn -0.0687 0.9627 0.2616
vn -0.0934 0.9944 -0.0504
vn -0.0406 0.8581 0.5119
vn 0.0097 0.9643 -0.2647
vn -0.0351 0.9730 -0.2283
vn 0.2017 0.8686 -0.4526
vn 0.0397 0.8667 -0.4973
vn 0.4411 0.6986 -0.5633
vn -0.0008 0.6857 -0.7279
vn -0.0781 0.9849 -0.1545
vn -0.0466 0.9969 0.0641
vn -0.0642 0.9913 -0.1153
vn -0.1121 0.9581 -0.2637
vn -0.3028 0.7346 -0.6071
vn -0.2053 0.8891 -0.4091
vn -0.3555 0.8226 -0.4438
vn -0.8947 -0.0210 -0.4462
vn -0.9064 0.0582 -0.4185
vn -0.8936 -0.0360 -0.4474
vn -0.8489 0.0299 -0.5276
vn -0.8726 0.0065 0.4884
vn -0.8153 0.0417 0.5775
vn -0.9464 -0.0637 0.3167
vn -0.9852 -0.0214 0.1699
vn -0.9808 0.1739 0.0879
vn -0.9792 0.1123 0.1689
vn -0.9953 0.0756 -0.0607
vn -0.9774 0.1395 -0.1591
vn -0.9026 0.1447 -0.4053
vn -0.8608 0.0922 -0.5006
vn -0.9512 0.1138 -0.2869
vn -0.9290 0.2412 -0.2806
vn -0.7427 0.2038 -0.6378
vn -0.4566 0.4098 -0.7897
vn 0.6585 0.4822 -0.5778
vn -0.1638 0.5435 -0.8233
vn -0.9884 0.1517 0.0031
vn -0.9049 0.3287 -0.2702
vn -0.6375 0.5741 -0.5138
vn -0.8959 0.3460 -0.2786
vn -0.7934 0.4874 -0.3647
vn -0.6477 0.6496 -0.3980
vn -0.8564 0.4085 -0.3158
vn -0.7719 0.5409 -0.3340
vn 0.9502 0.1328 0.2818
vn 0.9346 0.1597 0.3177
vn -0.6373 0.0873 0.7657
vn -0.8692 -0.0144 0.4943
vn -0.9924 0.0693 0.1017
vn -0.9935 -0.0239 -0.1109
vn -0.9305 0.2412 0.2757
vn -0.9848 0.1122 0.1327
vn -0.9952 -0.0080 -0.0980
vn -0.9999 -0.0130 -0.0088
vn -0.9988 0.0129 -0.0465
vn -0.9991 0.0282 0.0330
vn -0.9978 0.0659 0.0097
vn -0.9794 0.1815 0.0886
vn -0.9338 0.3105 0.1776
vn 0.9672 0.2358 0.0944
vn 0.8408 0.2835 0.4611
vn -0.2381 0.3424 0.9089
vn -0.0355 0.5072 0.8611
vn 0.0335 0.6409 0.7669
vn -0.4716 0.6609 0.5838
vn -0.9040 0.2548 0.3432
vn -0.6997 0.4738 0.5347
vn -0.5630 0.6890 0.4565
vn -0.8331 0.3887 0.3935
vn -0.7117 0.5378 0.4519
vn -0.8691 0.4303 0.2439
vn -0.7754 0.5612 0.2896
vn -0.4911 0.8230 0.2855
vn -0.4045 0.8171 0.4107
vn 0.0840 0.8967 0.4346
vn 0.1358 0.9635 0.2309
vn 0.2062 0.9021 0.3791
vn 0.1224 0.9913 0.0491
vn 0.2514 0.9579 -0.1390
vn 0.2057 0.9699 -0.1299
vn 0.3056 0.9083 -0.2857
vn 0.2803 0.9171 -0.2835
vn 0.1656 0.9788 -0.1208
vn -0.2657 0.8035 0.5328
vn 0.0521 0.9978 0.0417
vn 0.1499 0.9818 -0.1168
vn 0.2600 0.9243 -0.2795
vn 0.3696 0.8395 -0.3982
vn 0.3445 0.8377 -0.4237
vn 0.9552 0.2801 -0.0959
vn 0.5770 0.1120 0.8090
vn 0.9137 0.3948 -0.0964
vn 0.8331 -0.0230 0.5527
vn 0.9189 0.3943 -0.0125
vn 0.6177 0.2369 0.7498
vn 0.4340 0.0834 -0.8971
vn 0.2261 0.0203 -0.9739
vn 0.4697 0.2030 -0.8592
vn 0.3528 0.1094 -0.9293
vn 0.5003 0.3229 -0.8034
vn 0.5410 0.2289 -0.8092
vn 0.5463 0.4530 -0.7045
vn 0.4618 0.4568 -0.7603
vn 0.4804 0.0983 -0.8715
vn 0.4714 0.2141 -0.8555
vn 0.4634 0.3304 -0.8223
vn 0.3341 0.9003 -0.2791
vn 0.3582 0.8351 -0.4175
vn 0.3896 0.8345 -0.3898
vn 0.4622 0.7487 -0.4751
vn 0.4100 0.7357 -0.5391
vn 0.7153 0.3783 -0.5875
vn 0.8298 0.5581 -0.0017
vn 0.9031 0.4259 0.0551
vn 0.7433 0.5565 -0.3713
vn 0.6534 0.7188 -0.2373
vn 0.6638 0.3489 0.6615
vn 0.7455 0.5939 0.3025
vn 0.7237 0.4578 0.5164
vn 0.4509 0.6005 -0.6604
vn 0.4496 0.6118 -0.6508
vn 0.4078 0.7357 -0.5408
vn 0.4690 0.6032 -0.6451
vn 0.8480 0.1137 0.5177
vn 0.8417 0.2515 0.4778
vn 0.8207 0.3850 0.4222
vn 0.8552 0.2540 0.4518
vn 0.8697 0.1130 0.4805
vn 0.8848 0.1092 0.4529
vn 0.4140 0.9100 0.0221
vn 0.2775 0.9607 -0.0040
vn 0.5451 0.8359 -0.0642
vn 0.5446 0.8382 0.0281
vn 0.4097 0.9099 0.0645
vn 0.5389 0.8378 0.0876
vn 0.6645 0.7389 0.1113
vn 0.6882 0.7246 -0.0365
vn 0.6423 0.7496 0.1595
vn 0.7870 0.5139 0.3415
vn 0.7289 0.6380 0.2485
vn 0.5179 0.8375 0.1740
vn 0.6332 0.7477 0.1999
vn 0.6246 0.7425 0.2420
vn -0.1344 0.9747 -0.1788
vn 0.0005 0.9944 -0.1059
vn -0.0008 0.9961 -0.0883
vn 0.1346 0.9909 -0.0046
vn 0.2758 0.9608 0.0291
vn 0.4024 0.9096 0.1029
vn 0.2706 0.9609 0.0590
vn 0.1376 0.9905 0.0042
vn 0.3989 0.9072 0.1340
vn 0.2713 0.9594 0.0774
vn 0.5184 0.8317 0.1987
vn 0.4019 0.9026 0.1539
vn 0.4071 0.8991 0.1609
vn 0.2805 0.9558 0.0875
vn 0.5227 0.8232 0.2218
vn -0.0174 0.0131 -0.9998
vn 0.0037 0.0154 -0.9999
vn -0.2322 0.0723 -0.9700
vn -0.0611 0.0354 -0.9975
vn -0.1300 0.0914 -0.9873
vn -0.2575 0.8927 -0.3698
vn -0.2194 0.2301 -0.9481
vn -0.3093 0.4505 -0.8375
vn -0.1343 0.9710 -0.1980
vn 0.0007 0.9958 -0.0918
vn 0.0065 0.9952 -0.0975
vn -0.1190 0.9639 -0.2383
vn -0.0887 0.9443 -0.3170
vn -0.2282 0.8630 -0.4508
vn 0.0282 0.9914 -0.1277
vn 0.1912 0.9781 -0.0821
vn 0.0448 0.9815 -0.1862
vn 0.0754 0.9615 -0.2642
vn 0.1614 0.9864 -0.0324
vn 0.1499 0.9886 -0.0094
vn 0.3023 0.9515 0.0567
vn 0.0211 0.0228 -0.9995
vn 0.0287 -0.0138 -0.9995
vn 0.0280 -0.0199 -0.9994
vn -0.0416 0.0080 -0.9991
vn -0.0072 0.0172 -0.9998
vn -0.0302 0.0021 -0.9995
vn 0.0202 -0.0207 -0.9996
vn 0.0081 0.0148 -0.9999
vn 0.0089 0.0048 -0.9999
vn 0.0003 -0.0150 -0.9999
vn -0.0065 0.0074 -1.0000
vn -0.0086 -0.0117 -0.9999
vn 0.0041 0.0158 -0.9999
vn -0.0000 -0.0142 -0.9999
vn -0.0013 -0.0250 -0.9997
vn -0.0147 -0.0023 -0.9999
vn -0.0154 0.0312 -0.9994
vn -0.0923 0.1419 -0.9856
vn -0.0006 0.0231 -0.9997
vn -0.1851 0.4272 -0.8850
vn -0.0068 -0.0031 -1.0000
vn -0.0096 -0.0162 -0.9998
vn -0.0174 -0.0001 -0.9998
vn -0.0425 0.1048 -0.9936
vn -0.0669 0.4656 -0.8825
vn -0.0144 -0.0331 -0.9993
vn -0.0213 -0.0083 -0.9997
vn -0.0225 0.0117 -0.9997
vn 0.0143 -0.0205 -0.9997
vn 0.0330 -0.0382 -0.9987
vn 0.0436 -0.0478 -0.9979
vn 0.0187 0.0965 -0.9952
vn 0.0056 0.0044 -1.0000
vn 0.1771 0.0116 0.9841
vn 0.3517 0.0240 0.9358
vn 0.1380 0.0097 0.9904
vn 0.3858 0.1234 0.9143
vn 0.1433 0.0769 0.9867
vn 0.4034 0.2083 0.8910
vn 0.2070 0.1299 0.9697
vn 0.4227 0.3033 0.8540
vn 0.2932 0.2240 0.9294
vn -0.0003 0.6984 0.7157
vn 0.0252 0.8257 0.5636
vn -0.0135 0.9413 0.3372
vn 0.0038 0.9868 0.1619
vn 0.0720 0.9640 0.2559
vn 0.0868 0.9883 0.1251
vn 0.0521 0.9126 0.4055
vn 0.1631 0.9263 0.3396
vn 0.4402 0.4130 0.7973
vn 0.3387 0.3663 0.8667
vn 0.4420 0.5461 0.7116
vn 0.3456 0.4977 0.7955
vn 0.1232 0.8788 0.4610
vn 0.2200 0.8322 0.5090
vn 0.2914 0.8967 0.3331
vn 0.1888 0.9551 0.2281
vn 0.2403 0.6141 0.7517
vn 0.2387 0.7253 0.6458
vn 0.1539 0.7648 0.6256
vn 0.3580 0.6291 0.6900
vn 0.3148 0.7519 0.5793
vn 0.2617 0.8675 0.4230
vn -0.4631 0.8052 -0.3703
vn -0.0047 0.9999 0.0151
vn -0.1301 0.9613 -0.2430
vn -0.2108 0.9274 -0.3090
vn -0.0245 0.9945 -0.1023
vn -0.2915 0.9090 -0.2978
vn 0.0541 0.9972 -0.0512
vn -0.0703 0.9818 -0.1767
vn -0.1363 0.9717 -0.1929
vn -0.3537 0.9025 -0.2456
vn -0.1884 0.9669 -0.1722
vn 0.1955 0.9715 0.1343
vn 0.1836 0.9808 0.0662
vn 0.0137 0.9964 -0.0835
vn -0.9844 0.0481 -0.1694
vn -0.9704 0.0410 -0.2381
vn -0.9754 0.1167 -0.1869
vn -0.9248 0.2899 -0.2466
vn -0.9996 -0.0020 0.0269
vn -0.9987 0.0500 -0.0135
vn -0.9779 0.1855 -0.0965
vn -1.0000 0.0036 0.0022
vn -0.9989 -0.0454 0.0097
vn -0.9934 0.1062 -0.0437
vn -0.9991 0.0395 0.0140
vn -0.9630 0.2471 -0.1075
vn -0.9859 0.1590 -0.0518
vn -0.9284 0.3307 -0.1695
vn -0.9155 0.3736 -0.1495
vn -0.9537 0.2853 -0.0948
vn -0.9961 0.0852 -0.0228
vn -0.8597 0.4322 -0.2722
vn -0.7751 0.5668 -0.2792
vn -0.6499 0.6800 -0.3395
vn -0.5074 0.8051 -0.3070
vn -0.8618 0.4606 -0.2126
vn -0.6762 0.7035 -0.2188
vn -0.7785 0.5847 -0.2281
vn -0.5360 0.8061 -0.2509
vn -0.8535 0.4917 -0.1727
vn -0.6763 0.7145 -0.1789
vn -0.7772 0.6025 -0.1816
vn -0.6662 0.6941 -0.2728
vn -0.5464 0.8134 -0.1997
vn -0.8452 0.5180 -0.1314
vn -0.9076 0.4033 -0.1170
vn -0.6655 0.7320 -0.1457
vn -0.7657 0.6272 -0.1425
vn -0.3823 0.9007 -0.2065
vn -0.3974 0.9018 -0.1697
vn -0.2478 0.9611 -0.1218
vn -0.4063 0.9039 -0.1340
vn -0.9928 0.1152 -0.0316
vn -0.9998 0.0002 -0.0196
vn -0.9998 -0.0163 0.0093
vn -0.9778 0.1996 -0.0631
vn -0.9467 0.3102 -0.0871
vn -0.9005 0.4239 -0.0965
vn -0.9722 0.2287 -0.0497
vn -0.9993 0.0216 -0.0292
vn -0.9899 0.1338 -0.0462
vn -0.9681 0.2457 -0.0487
vn -0.9327 0.3568 -0.0519
vn -0.9977 -0.0672 0.0057
vn -0.9989 0.0458 -0.0078
vn -0.9882 0.1521 -0.0201
vn -0.9652 0.2598 -0.0310
vn -0.9271 0.3730 -0.0360
vn -0.9982 0.0585 0.0124
vn -0.9856 0.1685 0.0127
vn -0.9607 0.2775 0.0041
vn -0.7094 0.7032 -0.0475
vn -0.7899 0.6131 -0.0157
vn -0.8027 0.5946 -0.0457
vn -0.6898 0.7236 -0.0238
vn -0.8315 0.5457 -0.1042
vn -0.7446 0.6585 -0.1093
vn -0.9398 0.3344 -0.0707
vn -0.8915 0.4446 -0.0866
vn -0.8203 0.5652 -0.0870
vn -0.7308 0.6778 -0.0806
vn -0.8738 0.4847 -0.0396
vn -0.8825 0.4662 -0.0617
vn -0.8131 0.5783 -0.0667
vn -0.7196 0.6915 -0.0636
vn -0.9220 0.3872 -0.0050
vn -0.8657 0.5005 -0.0099
vn -0.6054 0.7947 -0.0436
vn -0.6352 0.7683 -0.0790
vn -0.5294 0.8450 -0.0758
vn -0.6200 0.7824 -0.0587
vn -0.9698 0.2343 0.0681
vn -0.9948 0.1011 0.0123
vn -0.9903 0.1384 0.0085
vn -0.9259 0.3559 0.1266
vn -0.9607 0.2699 0.0643
vn -0.9577 0.2852 0.0393
vn -0.9858 0.1669 0.0157
vn -0.9166 0.3969 0.0480
vn -0.8646 0.4699 0.1779
vn -0.9162 0.3879 0.1006
vn -0.7766 0.5942 0.2096
vn -0.8562 0.5008 0.1268
vn -0.6568 0.7217 0.2186
vn -0.5034 0.8399 0.2028
vn -0.8582 0.5106 0.0529
vn -0.7740 0.6309 0.0532
vn -0.6346 0.7718 0.0400
vn -0.7706 0.6210 0.1430
vn -0.6496 0.7470 0.1414
vn -0.4964 0.8584 0.1292
vn -0.3331 0.9383 0.0932
vn -0.3296 0.9308 0.1582
vn -0.4794 0.8761 0.0507
vn -0.5746 0.8176 -0.0363
vn -0.5163 0.8563 -0.0174
vn -0.4513 0.8913 -0.0428
vn -0.4084 0.9128 -0.0100
vn -0.2660 0.9636 -0.0273
vn -0.3207 0.9468 0.0279
vn -0.1528 0.9880 -0.0206
vn -0.3929 0.9187 -0.0387
vn -0.1773 0.9822 -0.0628
vn 0.0115 0.9997 0.0224
vn -0.0052 1.0000 -0.0035
vn 0.1515 0.9802 -0.1272
vn 0.2899 0.9251 -0.2452
vn 0.3009 0.9196 -0.2525
vn -0.1406 0.9788 0.1487
vn -0.1657 0.9816 0.0948
vn 0.4524 0.8301 -0.3261
vn 0.4188 0.8345 -0.3582
vn -0.1719 0.9845 0.0353
vn -0.0027 0.9992 -0.0404
vn 0.1593 0.9769 -0.1421
vn 0.1824 0.9709 -0.1553
vn 0.3292 0.9124 -0.2432
vn 0.3715 0.8976 -0.2373
vn 0.0210 0.9963 -0.0836
vn -0.1022 0.9924 -0.0684
vn 0.5381 0.0948 -0.8375
vn 0.5260 0.2158 -0.8227
vn 0.5088 0.3405 -0.7906
vn 0.4844 0.4698 -0.7380
vn 0.6043 0.0867 -0.7921
vn 0.5862 0.2117 -0.7820
vn 0.5578 0.3390 -0.7576
vn 0.5209 0.4690 -0.7133
vn 0.6688 0.0749 -0.7396
vn 0.6502 0.2033 -0.7321
vn 0.6200 0.3320 -0.7109
vn 0.5787 0.4654 -0.6697
vn 0.7309 0.0640 -0.6795
vn 0.7139 0.1932 -0.6731
vn 0.6825 0.3253 -0.6546
vn 0.6357 0.4631 -0.6176
vn 0.4097 0.7329 -0.5431
vn 0.4637 0.7090 -0.5314
vn 0.5158 0.7148 -0.4722
vn 0.5324 0.5841 -0.6127
vn 0.5819 0.5900 -0.5597
vn 0.8771 -0.1871 0.4423
vn 0.9002 -0.0386 0.4338
vn 0.8707 0.2562 0.4199
vn 0.9022 0.1074 0.4177
vn 0.9017 -0.1903 0.3882
vn 0.9172 -0.0490 0.3953
vn 0.9100 0.0957 0.4035
vn 0.8819 0.2515 0.3988
vn 0.8839 0.2359 0.4037
vn 0.8335 0.3995 0.3816
vn 0.8405 0.3855 0.3808
vn 0.7770 0.5287 0.3417
vn 0.7784 0.5135 0.3612
vn 0.7030 0.6336 0.3229
vn 0.7097 0.6395 0.2957
vn 0.6218 0.7377 0.2631
vn 0.8427 0.3690 0.3921
vn 0.7876 0.4969 0.3644
vn 0.6235 0.7316 0.2756
vn 0.7118 0.6243 0.3220
vn 0.9279 -0.0634 0.3674
vn 0.9116 -0.1943 0.3624
vn 0.9258 0.0763 0.3703
vn 0.9030 0.2138 0.3725
vn 0.9296 -0.1969 0.3116
vn 0.9481 -0.0712 0.3100
vn 0.9479 0.0585 0.3130
vn 0.9585 -0.2003 0.2027
vn 0.9759 -0.2056 0.0732
vn 0.9737 -0.0838 0.2119
vn 0.9910 -0.1022 0.0863
vn 0.9727 0.0361 0.2291
vn 0.9938 0.0061 0.1108
vn 0.9542 0.1629 0.2510
vn 0.9816 0.1228 0.1462
vn 0.2870 0.9540 0.0861
vn 0.4171 0.8938 0.1647
vn 0.5308 0.8144 0.2347
vn 0.5476 0.8047 0.2292
vn 0.4452 0.8852 0.1346
vn 0.8608 0.3516 0.3680
vn 0.9283 0.1915 0.3188
vn 0.8019 0.4869 0.3462
vn 0.8881 0.3292 0.3207
vn 0.7278 0.6104 0.3125
vn 0.8248 0.4671 0.3185
vn 0.6570 0.6977 0.2857
vn 0.7469 0.5862 0.3138
vn 0.7743 0.5580 0.2984
vn 0.6773 0.6860 0.2660
vn 0.5653 0.7994 0.2034
vn 0.7047 0.6809 0.1996
vn 0.5909 0.7946 0.1394
vn 0.9148 0.2968 0.2740
vn 0.9495 0.2506 0.1889
vn 0.8536 0.4299 0.2941
vn 0.8941 0.3860 0.2272
vn 0.8126 0.5327 0.2366
vn 0.8525 0.5124 0.1031
vn 0.7378 0.6702 0.0799
vn 0.2641 -0.0507 -0.9632
vn 0.0167 -0.0052 -0.9998
vn 0.2597 -0.0669 -0.9634
vn 0.0130 -0.0095 -0.9999
vn 0.2538 -0.0643 -0.9651
vn -0.0084 -0.0045 -1.0000
vn 0.2601 -0.0424 -0.9646
vn -0.0065 -0.0455 -0.9989
vn 0.2461 0.9539 -0.1716
vn 0.3424 0.9395 -0.0080
vn 0.3845 0.9181 -0.0963
vn 0.4732 0.8784 0.0666
vn 0.4320 0.8581 -0.2774
vn 0.2961 0.8721 -0.3896
vn 0.1483 0.8351 -0.5297
vn 0.2489 0.5008 -0.8290
vn 0.5047 0.8627 -0.0329
vn 0.6202 0.7838 0.0313
vn 0.5438 0.8164 -0.1941
vn 0.5332 0.6844 -0.4973
vn 0.6429 0.7558 -0.1243
vn 0.3856 0.3393 -0.8580
vn 0.1405 0.2100 -0.9676
vn 0.6874 0.4065 -0.6019
vn 0.2546 -0.0166 -0.9669
vn 0.0282 0.0029 -0.9996
vn 0.2799 0.0665 -0.9577
vn 0.0187 0.0516 -0.9985
vn -0.0098 -0.0243 -0.9997
vn -0.0006 -0.0200 -0.9998
vn 0.0132 0.0237 -0.9996
vn -0.0064 0.0195 -0.9998
vn 0.0135 -0.0108 -0.9999
vn 0.0351 -0.0125 -0.9993
vn 0.0372 -0.0003 -0.9993
vn -0.0254 -0.0296 -0.9992
vn -0.0161 0.0014 -0.9999
vn -0.0222 0.0090 -0.9997
vn -0.0184 0.0051 -0.9998
vn -0.0299 -0.0695 -0.9971
vn 0.0649 0.2773 -0.9586
vn 0.1350 0.3964 -0.9081
vn 0.0222 -0.0548 -0.9983
vn 0.0080 -0.0242 -0.9997
vn 0.0275 0.0085 -0.9996
vn -0.0632 -0.0044 -0.9980
vn -0.0070 0.0423 -0.9991
vn 0.0455 0.0163 -0.9988
vn -0.0082 -0.0015 -1.0000
vn 0.3819 0.6264 -0.6796
vn 0.0713 0.0718 -0.9949
vn 0.0214 0.0758 -0.9969
vn 0.3220 -0.0072 0.9467
vn 0.4611 0.0047 0.8873
vn 0.4793 0.0725 0.8746
vn 0.5027 0.1601 0.8495
vn 0.5197 0.2476 0.8177
vn 0.5266 0.3507 0.7744
vn 0.5859 0.0211 0.8101
vn 0.5952 0.1050 0.7967
vn 0.6017 0.1959 0.7743
vn 0.6072 0.2883 0.7404
vn 0.6042 0.3886 0.6957
vn 0.6863 0.0400 0.7263
vn 0.6874 0.2215 0.6916
vn 0.6769 0.3226 0.6616
vn 0.6901 0.1280 0.7123
vn 0.7683 0.0583 0.6374
vn 0.7682 0.1483 0.6228
vn 0.8400 0.0733 0.5376
vn 0.7406 0.3448 0.5768
vn 0.7607 0.2402 0.6031
vn 0.5255 0.4645 0.7128
vn 0.5022 0.5915 0.6308
vn 0.4039 0.8441 0.3526
vn 0.3104 0.9182 0.2462
vn 0.4127 0.6820 0.6038
vn 0.4483 0.7144 0.5373
vn 0.5393 0.6280 0.5610
vn 0.4815 0.7457 0.4605
vn 0.5003 0.7746 0.3869
vn 0.7090 0.4561 0.5378
vn 0.6627 0.4248 0.6167
vn 0.3057 0.9349 0.1805
vn 0.3992 0.8852 0.2390
vn 0.2845 0.9496 0.1317
vn 0.1591 0.9870 0.0242
vn 0.2585 0.9605 0.1033
vn 0.4089 0.8660 0.2878
vn 0.5102 0.7931 0.3327
vn 0.3898 0.9000 0.1952
vn 0.2429 0.9665 0.0831
vn 0.3882 0.9081 0.1568
vn 0.5135 0.8257 0.2335
vn 0.6034 0.6841 0.4098
vn 0.6105 0.7045 0.3619
vn 0.5145 0.8086 0.2853
vn -0.2575 0.9610 -0.1010
vn -0.0926 0.9942 -0.0550
vn -0.1027 0.9940 -0.0369
vn -0.2617 0.9624 -0.0723
vn 0.0616 0.9981 0.0025
vn -0.1008 0.9945 -0.0277
vn 0.0796 0.9968 0.0091
vn 0.2337 0.9695 0.0737
vn 0.2276 0.9715 0.0656
vn 0.0657 0.9978 0.0078
vn -0.4115 0.9075 -0.0842
vn -0.2580 0.9644 -0.0590
vn -0.4017 0.9136 -0.0634
vn -0.4935 0.8690 -0.0371
vn -0.3204 0.9467 -0.0334
vn -0.1224 0.9920 -0.0310
vn -0.2668 0.9628 -0.0430
vn -0.3612 0.9320 -0.0287
vn -0.1805 0.9835 -0.0147
vn -0.2456 0.9691 -0.0231
vn -0.2563 0.9658 -0.0398
vn -0.0860 0.9963 -0.0012
vn -0.2182 0.9758 -0.0168
vn 0.0715 0.9972 0.0211
vn -0.0992 0.9950 -0.0093
vn -0.0213 0.9998 0.0049
vn 0.1509 0.9883 0.0239
vn 0.1976 0.9802 0.0126
vn 0.2447 0.9685 0.0467
vn 0.0909 0.9956 0.0248
vn 0.1168 0.9928 0.0253
vn -0.3018 0.9525 -0.0410
vn -0.0665 0.9944 -0.0822
vn 0.0573 0.9949 -0.0826
vn 0.0680 0.9905 -0.1192
vn -0.0441 0.9978 -0.0494
vn 0.1009 0.9943 -0.0336
vn 0.2016 0.9670 -0.1560
vn 0.2861 0.9452 -0.1572
vn 0.1845 0.9804 -0.0687
vn 0.1666 0.9787 -0.1200
vn 0.2791 0.9547 -0.1030
vn 0.0341 0.9994 -0.0102
vn 0.3929 0.9087 -0.1408
vn 0.3955 0.9152 -0.0775
vn 0.5187 0.8372 -0.1732
vn 0.6399 0.7449 -0.1885
vn 0.5598 0.8015 -0.2104
vn 0.9123 0.1417 -0.3841
vn 0.9810 0.0739 -0.1795
vn 0.8770 0.2694 -0.3978
vn 0.9393 0.2119 -0.2697
vn 0.8143 0.4204 -0.4001
vn 0.8686 0.3812 -0.3167
vn 0.7293 0.5692 -0.3797
vn 0.7685 0.5491 -0.3286
vn 0.2229 0.9591 -0.1748
vn 0.4182 0.8763 -0.2393
vn 0.5455 0.7890 -0.2826
vn 0.0662 0.9904 -0.1214
vn 0.2744 0.9418 -0.1941
vn 0.1254 0.9810 -0.1480
vn 0.3416 0.9186 -0.1988
vn 0.7255 0.6372 -0.2600
vn 0.8018 0.5531 -0.2264
vn 0.9019 0.3904 -0.1848
vn 0.4251 0.8848 -0.1910
vn 0.8614 0.0416 -0.5062
vn 0.7971 0.0527 -0.6015
vn 0.8462 0.1638 -0.5071
vn 0.7782 0.1791 -0.6019
vn 0.8108 0.2956 -0.5052
vn 0.7417 0.3143 -0.5925
vn 0.7502 0.4425 -0.4912
vn 0.6867 0.4577 -0.5648
vn 0.6803 0.5690 -0.4620
vn 0.6061 0.5961 -0.5266
vn 0.5833 0.7003 -0.4115
vn 0.8092 -0.1597 -0.5653
vn 0.5884 -0.1159 -0.8002
vn 0.8217 -0.1297 -0.5549
vn 0.5992 -0.1166 -0.7921
vn 0.8423 -0.0879 -0.5319
vn 0.6244 -0.0997 -0.7747
vn 0.8688 -0.0397 -0.4935
vn 0.6454 -0.0661 -0.7610
vn 0.7578 0.6491 -0.0659
vn 0.8785 0.4753 -0.0485
vn 0.6559 0.6683 -0.3510
vn 0.7530 0.6127 -0.2400
vn 0.8541 0.4254 -0.2993
vn 0.9009 0.0311 -0.4330
vn 0.6624 -0.0245 -0.7487
vn 0.6912 0.1181 -0.7130
vn 0.8332 0.1613 0.5288
vn 0.8185 0.2533 0.5156
vn 0.7924 0.3601 0.4924
vn 0.9013 0.0769 0.4263
vn 0.8889 0.1619 0.4286
vn 0.8681 0.2570 0.4247
vn 0.8339 0.3657 0.4134
vn 0.9681 0.0494 0.2455
vn 0.9479 0.1254 0.2929
vn 0.9139 0.2456 0.3231
vn 0.8758 0.3558 0.3263
vn 0.9997 -0.0195 0.0150
vn 0.9970 -0.0017 0.0775
vn 0.9910 0.0779 0.1085
vn 0.9982 0.0583 0.0101
vn 0.7505 0.4732 0.4612
vn 0.6683 0.5676 0.4809
vn 0.6885 0.5911 0.4202
vn 0.6208 0.7209 0.3079
vn 0.7848 0.4794 0.3928
vn 0.7144 0.5999 0.3602
vn 0.7428 0.6033 0.2902
vn 0.6384 0.7302 0.2432
vn 0.6800 0.7139 0.1672
vn 0.6563 0.7275 0.2003
vn 0.7689 0.5998 0.2215
vn 0.9992 -0.0393 0.0010
vn 0.9999 -0.0161 0.0021
vn 0.9985 0.0339 0.0427
vn 0.9992 0.0041 -0.0409
vn 0.9963 0.0663 0.0549
vn 0.9984 0.0483 -0.0289
vn 0.9968 0.0722 0.0342
vn 0.9909 0.1350 0.0020
vn 0.9994 0.0281 -0.0218
vn 0.9988 0.0494 -0.0025
vn 0.9998 0.0038 -0.0191
vn 1.0000 -0.0041 -0.0039
vn 0.9995 0.0329 0.0008
vn 0.9999 0.0147 -0.0034
vn 0.2333 0.9713 0.0467
vn 0.4179 0.9058 0.0697
vn 0.3853 0.9181 0.0927
vn 0.5358 0.8329 0.1384
vn 0.5578 0.8238 0.1008
vn 0.3964 0.9148 0.0774
vn 0.4388 0.8962 0.0660
vn 0.6067 0.7910 0.0792
vn 0.7042 0.6990 0.1242
vn 0.9887 0.1388 -0.0561
vn 0.9993 0.0294 -0.0238
vn 1.0000 0.0014 -0.0065
vn 1.0000 -0.0080 0.0003
vn 0.9951 0.0933 -0.0336
vn 0.9997 0.0032 0.0251
vn 0.9995 0.0231 0.0210
vn 1.0000 0.0036 0.0004
vn 0.9988 0.0332 -0.0346
vn 0.9998 -0.0065 -0.0183
vn 0.9994 0.0312 -0.0144
vn 0.9999 0.0133 -0.0058
vn 0.9992 0.0172 -0.0351
vn 0.9995 -0.0089 -0.0290
vn 0.9997 0.0135 -0.0181
vn 1.0000 0.0053 -0.0062
vn 0.9997 -0.0227 0.0077
vn 1.0000 0.0001 0.0037
vn 0.2688 0.9621 0.0463
vn 0.3717 0.9278 0.0331
vn 0.5485 0.8345 0.0530
vn 0.4186 0.9080 0.0158
vn 0.4692 0.8809 0.0622
vn 0.6448 0.7619 0.0616
vn 0.5137 0.8564 0.0523
vn 0.6777 0.7331 0.0575
vn 0.7075 0.7040 0.0616
vn 0.8924 0.4494 0.0395
vn 0.8730 0.4860 0.0408
vn 0.9768 0.2129 0.0236
vn 0.9880 0.1522 0.0277
vn 0.9999 -0.0118 -0.0033
vn 0.9998 -0.0190 -0.0065
vn 0.9981 -0.0602 -0.0131
vn 0.9992 -0.0271 0.0277
vn 0.9993 -0.0313 -0.0192
vn 0.9967 -0.0420 0.0692
vn 0.9896 0.1341 -0.0520
vn 0.9992 0.0209 0.0344
vn 0.9998 0.0114 -0.0149
vn 0.9997 0.0159 -0.0173
vn 0.9998 -0.0122 -0.0135
vn 0.9998 0.0059 -0.0169
vn 0.9999 -0.0140 -0.0052
vn 0.9993 -0.0356 0.0130
vn 0.4939 0.8610 -0.1218
vn 0.5775 0.8109 -0.0948
vn 0.5227 0.8511 -0.0492
vn 0.7222 0.6714 -0.1663
vn 0.8419 0.5196 -0.1458
vn 0.7587 0.6236 -0.1885
vn 0.5846 0.8106 0.0344
vn 0.4716 0.8817 -0.0126
vn 0.9441 0.3124 -0.1053
vn 0.9806 0.1908 -0.0456
vn 0.8942 0.4387 -0.0888
vn 0.7872 0.6086 -0.0995
vn 0.9910 0.1333 0.0073
vn 0.9047 0.4261 -0.0027
vn 0.9993 -0.0280 -0.0232
vn 0.9947 0.0474 -0.0916
vn 0.9612 0.2384 -0.1386
vn 0.8790 0.4425 -0.1777
vn -0.5344 -0.7755 -0.3362
vn -0.5097 -0.8222 -0.2535
vn 0.8411 -0.4841 -0.2411
vn -0.5540 -0.7973 -0.2397
vn -0.5453 -0.8082 -0.2223
vn -0.4773 0.7976 0.3688
vn 0.7686 0.6391 0.0280
vn 0.7446 0.6661 0.0440
vn 0.2285 0.4720 0.8514
vn 0.5687 0.7398 -0.3595
vn 0.5607 0.6224 -0.5461
vn 0.7164 -0.6310 -0.2978
vn 0.7254 -0.6474 -0.2338
vn -0.8075 -0.5645 -0.1710
vn -0.7219 -0.6673 -0.1832
vn -0.0071 0.0019 -1.0000
vn 0.0484 -0.1724 -0.9838
vn 0.7503 0.6588 -0.0541
vn 0.8320 0.5518 -0.0580
vn 0.8935 0.4452 -0.0596
vn 0.9392 0.3383 -0.0586
vn 0.9732 0.2241 -0.0518
vn 0.6736 0.5807 -0.4571
vn -0.9596 0.2711 -0.0756
vn -0.9705 0.2363 -0.0477
vn -0.9015 0.4192 -0.1081
vn -0.9966 0.0792 -0.0233
vn -0.9990 0.0449 0.0046
vn -0.9994 -0.0352 -0.0051
vn -0.9994 -0.0230 0.0252
vn -0.9995 0.0238 -0.0185
vn -0.9991 0.0036 0.0430
vn -0.9999 -0.0005 0.0150
vn -0.9972 -0.0263 0.0699
vn -0.9994 -0.0185 0.0305
vn -0.9808 -0.1534 0.1204
vn -0.9966 -0.0506 0.0654
vn -0.9341 -0.3107 0.1757
vn -0.8663 -0.4566 0.2025
vn -0.9999 0.0129 0.0044
vn -0.9994 -0.0138 0.0321
vn -0.7815 -0.6221 0.0474
vn 0.9564 0.2770 -0.0922
vn 0.9366 0.3393 0.0879
vn 0.9794 0.1197 -0.1624
vn 0.9803 0.1929 0.0421
vn 0.9734 0.0171 -0.2283
vn 0.9973 0.0731 -0.0117
vn 0.9596 -0.0622 -0.2745
vn 0.9981 -0.0281 -0.0555
vn 0.9443 -0.1289 -0.3029
vn 0.9895 -0.1185 -0.0830
vn 0.9311 -0.1878 -0.3128
vn 0.9748 -0.2033 -0.0917
vn 0.9216 -0.2440 -0.3017
vn 0.9553 -0.2842 -0.0814
vn 0.9093 -0.3121 -0.2753
vn 0.0575 0.0429 0.9974
vn 0.0320 0.0693 0.9971
vn 0.1281 0.1130 0.9853
vn -0.4740 -0.1350 0.8701
vn -0.3471 -0.1168 0.9305
vn -0.3683 -0.1901 0.9101
vn -0.9784 0.2021 -0.0437
vn 0.9120 0.1947 -0.3610
vn -0.9593 -0.0192 -0.2818
vn -0.9173 -0.1935 -0.3480
vn -0.9866 0.0989 0.1297
vn 0.9984 -0.0525 0.0221
vn 0.9984 -0.0496 -0.0268
vn 0.9992 0.0058 -0.0398
vn 0.9985 0.0488 -0.0244
vn 0.9341 -0.0672 0.3506
vn 0.9479 0.0119 0.3183
vn 0.9797 -0.1537 0.1287
vn 0.9615 0.0129 0.2744
vn 0.9918 0.0249 0.1255
vn 0.9893 -0.0608 0.1326
vn 0.9958 -0.0456 0.0791
vn 0.9806 -0.1945 -0.0257
vn 0.8809 -0.0564 0.4700
vn 0.9812 -0.1393 0.1338
vn 0.5197 -0.8071 -0.2801
vn 0.9266 -0.3484 -0.1416
vn 0.8534 0.5136 0.0892
vn 0.8231 0.5524 0.1317
vn 0.9520 0.2994 0.0629
vn 0.9219 0.3720 0.1081
vn 0.9968 0.0774 0.0216
vn 0.9871 0.1449 0.0680
vn 0.9953 -0.0971 -0.0028
vn 0.9976 -0.0289 0.0627
vn 0.9727 -0.1595 0.1688
vn 0.9874 -0.0124 0.1578
vn 0.9761 -0.0919 0.1969
vn 0.9329 -0.2105 0.2923
vn 0.4150 -0.6670 -0.6187
vn -0.9979 -0.0551 0.0326
vn -0.9678 -0.2284 0.1054
vn -0.8995 -0.4108 0.1488
vn -0.8143 -0.5576 0.1614
vn -0.9997 0.0159 -0.0206
vn -0.9994 0.0043 -0.0331
vn -0.9998 -0.0030 -0.0200
vn -0.6321 -0.7724 0.0621
vn -0.9987 -0.0510 -0.0030
vn -0.4091 -0.5184 -0.7509
vn -0.8807 -0.3667 -0.2998
vn -0.1638 -0.6507 -0.7415
vn -0.1890 -0.0745 0.9791
vn -0.2460 -0.1556 0.9567
vn -0.0964 -0.0789 0.9922
vn -0.2883 -0.2346 0.9284
vn -0.0864 -0.1084 0.9903
vn -0.1575 -0.1617 0.9742
vn -0.1030 0.0082 0.9946
vn -0.1361 -0.0167 0.9906
vn -0.1317 0.0594 0.9895
vn -0.1466 -0.0232 0.9889
vn 0.0227 0.0066 -0.9997
vn 0.0234 -0.0100 -0.9997
vn -0.0034 0.0210 -0.9998
vn 0.0261 0.0032 -0.9997
vn -0.0133 -0.0121 -0.9998
vn 0.0082 0.0306 -0.9995
vn -0.0040 0.0161 -0.9999
vn -0.5024 -0.6442 0.5767
vn 0.0677 0.6630 0.7455
vn 0.1259 0.6326 0.7642
vn -0.6104 0.7869 -0.0909
vn -0.4883 -0.8193 0.3004
vn 0.3989 -0.8895 0.2227
vn 0.9982 -0.0015 -0.0595
vn 0.9962 -0.0239 -0.0831
vn 0.9986 -0.0244 -0.0460
vn 0.9990 -0.0007 -0.0450
vn 0.9981 -0.0437 -0.0433
vn 0.9950 -0.0987 -0.0132
vn 0.8632 -0.0797 -0.4985
vn 0.8536 -0.1339 -0.5034
vn 0.8675 -0.1921 -0.4588
vn 0.8851 -0.1458 -0.4419
vn 0.8632 -0.1906 -0.4675
vn 0.9881 0.1391 -0.0661
vn 0.9652 0.0571 -0.2552
vn 0.9909 0.0217 -0.1329
vn 0.9889 -0.0096 0.1482
vn 0.9982 0.0170 -0.0569
vn 0.9997 -0.0161 0.0205
vn 0.9838 -0.0946 0.1521
vn 0.9749 0.0360 -0.2197
vn 0.9912 0.0103 0.1320
vn -0.1261 -0.1448 0.9814
vn -0.0188 0.1173 0.9929
vn -0.1454 0.0895 0.9853
vn -0.1466 -0.0545 0.9877
vn -0.6015 -0.7973 0.0509
vn 0.9294 -0.3646 -0.0578
vn 0.7591 0.6468 0.0732
vn 0.7906 0.6098 0.0566
vn 0.8421 0.5369 0.0501
vn 0.6059 -0.7609 -0.2323
vn 0.9105 0.4108 0.0469
vn 0.8852 0.4622 0.0534
vn 0.9890 0.1458 0.0238
vn 0.9752 0.2205 0.0203
vn -0.6876 -0.2490 -0.6820
vn -0.9995 -0.0050 0.0327
vn -0.9802 -0.1685 -0.1039
vn -0.0100 -0.0252 -0.9996
vn -0.9999 0.0109 0.0055
vn -0.9800 -0.1915 0.0537
vn -0.8984 -0.4299 0.0902
vn 0.1534 -0.7033 0.6942
vn 0.9326 0.3583 0.0431
vn 0.9952 0.0951 0.0247
vn 0.9567 0.2898 0.0266
vn 0.9989 0.0463 -0.0032
vn 0.8140 0.5780 0.0578
vn 0.6391 0.7158 0.2813
vn -0.4455 0.7855 0.4296
vn -0.4165 0.7777 0.4709
vn -0.5560 -0.7511 -0.3558
vn 0.6651 0.7465 -0.0191
vn 0.6269 0.7790 0.0095
vn 0.7806 0.6250 -0.0073
vn 0.7624 0.6470 0.0093
vn 0.8379 0.5459 0.0008
vn 0.8968 0.4425 -0.0049
vn 0.9407 0.3390 -0.0078
vn 0.9732 0.2301 -0.0064
vn -0.5680 -0.6969 0.4378
vn 0.5791 0.8107 0.0865
vn 0.7250 0.6822 0.0944
vn -0.1659 0.7423 -0.6492
vn 0.5125 -0.7790 0.3613
vn -0.2937 0.8927 -0.3419
vn 0.5163 0.8351 0.1901
vn 0.5221 0.8360 0.1688
vn -0.9922 -0.1196 0.0343
vn 0.5765 0.6613 0.4799
vn 0.7011 -0.7075 -0.0882
vn 0.2866 -0.9230 -0.2567
vn 0.6167 0.7457 -0.2523
vn 0.6559 0.6866 -0.3137
vn -0.3110 0.9206 0.2360
vn 0.2693 0.9284 -0.2562
vn -0.2443 0.9134 0.3255
vn -0.3071 -0.8140 0.4931
vn 0.2476 -0.9292 -0.2742
vn 0.2415 -0.9444 -0.2232
vn 0.5288 0.8378 0.1361
vn 0.1889 -0.9768 -0.1010
vn -0.0828 0.9949 -0.0582
vn -0.0630 0.9959 -0.0645
vn 0.1242 0.9922 0.0079
vn 0.0943 0.9955 0.0112
vn 0.3802 0.8146 0.4381
vn 0.3518 0.7828 0.5133
vn 0.0485 -0.9975 0.0519
vn 0.1324 -0.9911 -0.0153
vn -0.5160 0.8540 -0.0662
vn -0.4224 -0.8811 -0.2129
vn 0.3212 0.9461 -0.0414
vn -0.2574 0.9240 -0.2827
vn 0.1240 0.9701 -0.2087
vn -0.3576 0.8656 -0.3506
vn -0.1381 -0.9902 -0.0230
vn -0.1545 -0.9880 -0.0066
vn 0.1563 -0.9877 0.0080
vn -0.3321 -0.9432 -0.0067
vn 0.2284 -0.9724 0.0471
vn -0.3219 -0.9466 0.0198
vn -0.1490 -0.9535 -0.2620
vn -0.3964 -0.8648 -0.3081
vn -0.2743 -0.9342 -0.2281
vn -0.5344 -0.8082 -0.2473
vn -0.4397 -0.8719 -0.2154
vn 0.1376 0.9902 -0.0235
vn 0.1431 0.9886 -0.0471
vn 0.4137 0.9058 -0.0913
vn -0.1359 0.9738 -0.1822
vn -0.2754 -0.9570 -0.0905
vn 0.0072 0.9891 -0.1471
vn 0.2149 0.9693 0.1195
vn 0.0289 0.9960 0.0842
vn 0.1396 0.9723 0.1872
vn -0.1789 0.9837 0.0160
vn -0.1429 0.9886 0.0480
vn -0.1811 0.9834 0.0101
vn -0.0399 -0.9970 0.0660
vn -0.0516 -0.9972 -0.0542
vn -0.0887 -0.9924 -0.0858
vn 0.0224 0.9720 0.2340
vn -0.1061 0.9915 0.0758
vn -0.2397 0.9706 0.0204
vn -0.0707 0.9947 0.0746
vn -0.2735 0.9618 0.0075
vn 0.1799 -0.9047 0.3862
vn -0.3361 -0.9322 -0.1341
vn -0.4649 -0.8703 -0.1625
vn 0.0518 0.9579 -0.2824
vn -0.0947 0.9936 -0.0621
vn 0.1119 -0.8405 0.5302
vn -0.1001 -0.8166 0.5684
vn -0.1098 -0.9879 -0.1094
vn -0.1727 -0.9654 -0.1955
vn 0.3507 0.8380 -0.4180
vn 0.3406 0.9044 -0.2569
vn 0.3075 0.8665 0.3932
vn 0.0804 -0.9862 0.1447
vn 0.3809 0.9165 0.1222
vn 0.3854 0.9128 0.1353
vn -0.2236 0.9643 -0.1421
vn 0.0867 0.7940 0.6017
vn -0.3849 -0.8791 -0.2810
vn -0.1136 0.9006 -0.4195
vn -0.5113 -0.8458 -0.1525
vn 0.0845 0.9963 0.0175
vn -0.0289 -0.9991 -0.0297
vn 0.2939 0.9545 0.0501
vn -0.4825 -0.8746 -0.0487
vn -0.2585 0.9117 -0.3193
vn -0.4547 -0.8594 -0.2337
vn 0.4278 -0.8985 -0.0984
vn 0.4683 0.8747 0.1249
vn 0.3743 -0.7949 -0.4776
vn 0.3143 -0.8783 -0.3602
vn 0.8320 0.4923 -0.2558
vn -0.0260 0.9944 -0.1028
vn 0.0005 -0.9879 0.1554
vn 0.2882 -0.9292 0.2316
vn 0.4813 0.8455 -0.2314
vn 0.5126 0.7278 -0.4556
vn 0.4142 0.8360 -0.3600
vn 0.0173 0.7256 -0.6879
vn 0.0610 -0.9981 -0.0114
vn 0.2263 -0.9659 0.1262
vn -0.7186 0.6708 0.1835
vn -0.6627 0.7087 0.2422
vn 0.0739 0.9658 -0.2487
vn -0.0653 0.9947 -0.0791
vn 0.1860 0.9754 -0.1187
vn 0.3495 0.9335 -0.0802
vn -0.3536 0.8830 0.3087
vn -0.7832 0.6118 0.1107
vn 0.3745 -0.9247 -0.0686
vn -0.3102 -0.9242 0.2227
vn -0.1333 -0.9884 0.0729
vn -0.4819 -0.7911 0.3768
vn -0.2557 -0.9651 0.0570
vn -0.6466 -0.7542 -0.1144
vn -0.1780 0.9576 0.2265
vn 0.5728 -0.5588 -0.5997
vn 0.0880 -0.9959 -0.0198
vn -0.2519 0.9463 0.2026
vn 0.4669 0.8794 0.0926
vn 0.3004 0.9438 0.1376
vn 0.2855 0.9578 0.0321
vn -0.0171 0.9959 0.0892
vn -0.3189 0.9466 -0.0474
vn 0.0376 0.9971 0.0661
vn -0.5662 0.7610 0.3167
vn -0.6161 0.7823 0.0920
vn 0.1024 -0.9944 -0.0280
vn -0.0011 -1.0000 -0.0082
vn -0.4806 -0.8690 0.1180
vn 0.1616 0.9855 0.0509
vn -0.0035 0.9999 0.0097
vn -0.3728 0.8847 0.2798
vn -0.3707 0.9270 0.0565
vn -0.4171 0.8658 0.2765
vn -0.7345 0.6786 0.0071
vn 0.3429 -0.9307 -0.1270
vn -0.4642 -0.7727 0.4330
vn -0.1855 0.8535 0.4869
vn -0.1859 0.6028 0.7760
vn 0.0918 -0.9140 0.3952
vn -0.0559 0.7389 0.6715
vn 0.0269 -0.9035 -0.4279
vn 0.3296 0.9432 0.0413
vn -0.0588 0.9983 0.0016
vn -0.0238 0.9960 -0.0866
vn 0.2668 -0.8821 0.3883
vn 0.2546 0.9670 -0.0092
vn -0.3892 0.9203 -0.0395
vn -0.5152 0.8555 -0.0516
vn -0.4129 0.9047 -0.1052
vn -0.5432 0.8338 -0.0987
vn 0.4037 0.8519 -0.3338
vn 0.2970 0.9234 -0.2430
vn 0.3248 0.9063 -0.2703
vn 0.4037 0.8787 0.2549
vn -0.1626 -0.9866 -0.0125
vn -0.3811 -0.9245 -0.0044
vn 0.1566 -0.9673 -0.1993
vn 0.1065 -0.9865 0.1246
vn -0.0270 -0.9993 -0.0271
vn 0.1246 -0.9920 0.0187
vn -0.1038 0.9081 0.4058
vn 0.0434 0.7825 0.6212
vn 0.2716 0.7878 0.5529
vn -0.3067 -0.9501 -0.0571
vn 0.0160 -0.9999 -0.0022
vn 0.1448 -0.9795 -0.1402
vn -0.5452 0.8278 -0.1322
vn -0.5464 0.8217 -0.1620
vn -0.3249 0.9444 -0.0501
vn 0.5220 -0.8463 0.1063
vn -0.6488 0.6970 0.3054
vn -0.1582 -0.9870 0.0267
vn 0.3947 -0.8158 -0.4228
vn 0.0535 -0.9985 0.0087
vn -0.0848 0.9772 0.1948
vn -0.8321 0.5305 -0.1619
vn -0.8286 0.5424 -0.1388
vn -0.8912 0.4234 -0.1625
vn -0.8956 0.4231 -0.1377
vn -0.9390 0.3096 -0.1501
vn -0.9477 0.2962 -0.1187
vn -0.9798 0.1701 -0.1051
vn -0.9904 0.1209 -0.0678
vn -0.9986 0.0453 -0.0274
vn -0.9999 -0.0161 0.0023
vn -0.9998 0.0134 0.0115
vn -0.8144 -0.5725 -0.0952
vn -0.8374 0.5428 -0.0643
vn 0.6444 0.7635 -0.0428
vn 0.6719 0.7403 0.0220
vn -0.9941 -0.0918 0.0575
vn -0.9939 -0.1095 0.0110
vn -0.9753 -0.2209 -0.0058
vn -0.9424 -0.3339 -0.0202
vn -0.8944 -0.4463 -0.0303
vn -0.9974 -0.0321 0.0646
vn 0.4966 -0.7141 0.4934
vn 0.4110 -0.8247 0.3885
vn 0.9311 -0.3644 0.0142
vn 0.7821 -0.6155 -0.0977
vn 0.7905 -0.6014 -0.1155
vn -0.8135 -0.5524 -0.1816
vn 0.5855 -0.7887 0.1874
vn -0.5480 0.2893 0.7849
vn -0.5616 0.1035 0.8209
vn -0.3765 0.2289 0.8977
vn -0.3499 0.1243 0.9285
vn -0.4679 0.2650 0.8431
vn -0.3136 0.0487 0.9483
vn -0.4638 0.1721 0.8691
vn -0.3005 0.0039 0.9538
vn -0.4593 0.0866 0.8841
vn -0.3217 -0.0451 0.9458
vn -0.4579 0.0118 0.8889
vn -0.4613 -0.0602 0.8852
vn -0.6364 0.1144 0.7628
vn -0.5606 0.0242 0.8278
vn -0.9494 -0.0343 -0.3122
vn -0.9392 -0.0491 -0.3399
vn -0.9251 -0.1690 -0.3401
vn -0.8783 -0.4759 -0.0462
vn -0.8251 0.5523 -0.1192
vn 0.4962 -0.8654 -0.0700
vn 0.6793 -0.7280 -0.0923
vn -0.8780 0.4701 0.0905
vn -0.7249 0.5397 -0.4281
vn -0.6613 0.6271 -0.4117
vn -0.7901 0.4287 -0.4382
vn -0.7362 0.5298 -0.4211
vn -0.8406 0.3052 -0.4475
vn -0.7991 0.4221 -0.4281
vn 0.6297 -0.7732 0.0746
vn 0.9997 0.0219 0.0112
vn -0.7111 0.5464 -0.4426
vn 0.8196 0.4767 0.3179
vn 0.8573 0.4595 0.2323
vn 0.9256 0.3135 0.2123
vn 0.9720 0.1799 0.1515
vn -0.7763 0.4308 -0.4602
vn -0.8627 -0.2255 -0.4526
vn -0.8805 -0.0917 -0.4651
vn -0.8257 -0.3573 -0.4366
vn -0.8651 -0.2233 -0.4491
vn -0.8272 0.3064 -0.4710
vn -0.8632 0.1767 -0.4730
vn -0.8810 0.0431 -0.4711
vn -0.8562 -0.2334 -0.4608
vn -0.8644 -0.0947 -0.4938
vn -0.8149 -0.3687 -0.4472
vn -0.8468 -0.2370 -0.4761
vn -0.8126 -0.3748 -0.4463
vn -0.7627 -0.4984 -0.4121
vn -0.8081 0.3212 -0.4938
vn -0.8455 0.1868 -0.5002
vn -0.8644 0.0482 -0.5005
vn 0.8890 0.4264 0.1668
vn 0.7946 0.5813 0.1751
vn 0.9668 0.2266 0.1179
vn 0.9949 0.0899 0.0453
vn 0.5804 0.5045 0.6392
vn 0.8211 -0.5316 -0.2080
vn -0.7723 0.3194 -0.5491
vn -0.8339 -0.2141 -0.5088
vn -0.8510 -0.0866 -0.5180
vn -0.8410 -0.0777 -0.5354
vn -0.8101 -0.3497 -0.4706
vn -0.8428 -0.2241 -0.4894
vn -0.7666 -0.4802 -0.4263
vn -0.8156 -0.3577 -0.4548
vn -0.7708 -0.4887 -0.4087
vn -0.8111 0.1896 -0.5533
vn -0.7867 0.3194 -0.5282
vn -0.8339 0.0579 -0.5489
vn -0.8210 0.1867 -0.5395
vn -0.8424 0.0522 -0.5363
vn 0.8267 0.3986 0.3970
vn 0.7832 0.5283 0.3280
vn 0.9074 -0.2259 0.3543
vn -0.8204 -0.0726 -0.5672
vn -0.8156 -0.2042 -0.5414
vn -0.7964 -0.3381 -0.5014
vn -0.7612 -0.4692 -0.4476
vn -0.7883 0.1931 -0.5842
vn -0.8118 0.0602 -0.5808
vn -0.7144 -0.5850 -0.3840
vn -0.8285 0.5257 -0.1927
vn -0.8850 0.4244 -0.1913
vn -0.9301 0.3189 -0.1821
vn -0.9656 0.2040 -0.1611
vn -0.9874 0.0915 -0.1288
vn -0.9752 -0.2166 0.0464
vn -0.9958 -0.0919 0.0038
vn -0.9842 -0.1702 0.0497
vn -0.9979 -0.0640 0.0027
vn -0.9383 -0.3366 0.0797
vn -0.9475 -0.2997 0.1119
vn -0.8916 -0.4411 0.1020
vn -0.9987 0.0393 -0.0337
vn -0.9993 0.0336 -0.0188
vn -0.9995 -0.0134 -0.0298
vn -0.9998 0.0004 -0.0174
vn -0.9869 -0.0830 -0.1381
vn -0.8783 -0.1694 -0.4472
vn -0.9719 -0.0748 -0.2232
vn 0.1765 -0.2426 -0.9539
vn 0.2559 -0.3565 -0.8985
vn -0.7153 0.0655 -0.6958
vn -0.6981 0.1779 -0.6935
vn -0.6274 0.1565 -0.7628
vn -0.8482 0.4149 -0.3293
vn -0.7945 0.5156 -0.3208
vn -0.7815 0.5178 -0.3480
vn -0.8895 0.3087 -0.3368
vn -0.8371 0.4122 -0.3597
vn -0.9248 -0.0585 -0.3759
vn -0.9120 -0.1817 -0.3677
vn -0.9192 0.1961 -0.3415
vn -0.8783 0.3036 -0.3693
vn -0.9369 0.0755 -0.3412
vn -0.9072 0.1890 -0.3759
vn -0.9227 0.0678 -0.3796
vn -0.8832 -0.3016 -0.3591
vn -0.9680 -0.2483 0.0363
vn -0.9916 -0.1289 0.0078
vn -0.9324 -0.3581 0.0494
vn -0.9984 0.0532 -0.0170
vn -0.9992 -0.0321 -0.0219
vn -0.6946 -0.1351 -0.7066
vn -0.7374 -0.0472 -0.6738
vn -0.6673 -0.0262 -0.7443
vn -0.7159 -0.2542 -0.6502
vn -0.7567 -0.1683 -0.6317
vn -0.7158 -0.3839 -0.5833
vn -0.7637 -0.2920 -0.5758
vn -0.4968 0.1315 -0.8578
vn -0.5158 0.0583 -0.8547
vn -0.6436 0.0664 -0.7625
vn -0.8356 0.3007 0.4597
vn -0.8887 0.0900 0.4495
vn -0.8146 0.2086 0.5412
vn -0.8705 0.1882 0.4547
vn -0.8333 -0.1871 0.5201
vn -0.8772 -0.1840 0.4434
vn -0.8945 0.0006 0.4471
vn -0.8338 0.1013 0.5426
vn -0.8904 -0.0918 0.4458
vn -0.8422 0.0047 0.5392
vn -0.8419 -0.0919 0.5317
vn -0.5744 -0.0970 -0.8128
vn -0.6171 -0.2038 -0.7601
vn -0.6499 -0.3330 -0.6832
vn -0.5383 -0.0133 -0.8426
vn -0.2376 0.0263 -0.9710
vn -0.6619 -0.4645 -0.5883
vn 0.9304 0.3036 -0.2051
vn -0.9891 -0.1001 -0.1081
vn -0.9452 -0.2538 -0.2051
vn -0.8810 -0.4017 -0.2500
vn -0.9627 -0.0192 -0.2699
vn -0.9579 0.0941 -0.2711
vn -0.9477 0.0847 -0.3076
vn -0.3201 -0.0519 -0.9460
vn -0.2666 -0.0070 -0.9638
vn -0.0230 -0.0074 -0.9997
vn -0.4017 -0.1217 -0.9076
vn -0.0438 -0.0127 -0.9990
vn -0.0955 -0.0304 -0.9950
vn -0.0089 0.0071 -0.9999
vn -0.7477 0.1909 -0.6360
vn -0.9896 0.0098 -0.1436
vn -0.9967 0.0111 -0.0809
vn -0.9962 -0.0680 0.0537
vn -0.9516 -0.2210 0.2134
vn -0.9685 -0.0341 -0.2466
vn -0.9639 -0.0277 -0.2647
vn -0.9748 -0.0078 -0.2228
vn -0.9200 0.3191 -0.2276
vn -0.7825 0.3240 0.5317
vn -0.7851 0.0108 0.6192
vn -0.4488 0.8078 -0.3822
vn 0.7485 -0.5667 0.3444
vn 0.8239 -0.4466 0.3490
vn 0.6343 -0.6855 0.3573
vn 0.8791 -0.3185 0.3545
vn 0.6340 0.5363 0.5571
vn 0.9797 -0.1793 0.0894
vn 0.9507 -0.2857 0.1204
vn 0.0314 -0.6060 0.7949
vn -0.7439 0.4523 -0.4919
vn -0.7960 0.3219 -0.5126
vn -0.8565 -0.0946 -0.5074
vn -0.8441 -0.2326 -0.4832
vn -0.8164 -0.3672 -0.4456
vn -0.8324 0.1867 -0.5218
vn -0.8527 0.0477 -0.5201
vn 0.7824 -0.4556 0.4245
vn 0.8326 -0.3251 0.4485
vn -0.3811 0.8563 -0.3485
vn 0.9977 -0.0337 -0.0583
vn 0.9995 -0.0052 -0.0308
vn 0.9999 -0.0098 0.0054
vn 0.9877 0.1129 -0.1082
vn 1.0000 0.0065 0.0044
vn -0.7536 -0.4149 -0.5099
vn -0.7869 -0.0646 -0.6137
vn -0.7905 -0.1916 -0.5817
vn -0.7815 -0.3198 -0.5357
vn -0.7611 -0.4453 -0.4716
vn -0.7719 0.0627 -0.6327
vn -0.8913 -0.1948 -0.4094
vn -0.9078 -0.0689 -0.4136
vn -0.8982 -0.0775 -0.4326
vn -0.8574 -0.3229 -0.4007
vn -0.8778 -0.2107 -0.4302
vn 0.0278 -0.0000 -0.9996
vn 0.0210 -0.0146 -0.9997
vn 0.0280 0.0057 -0.9996
vn 0.0165 0.0081 -0.9998
vn -0.7505 0.3214 -0.5775
vn -0.9582 -0.1795 -0.2227
vn -0.8785 -0.3635 -0.3101
vn -0.9292 -0.2135 -0.3017
vn -0.7518 0.4495 -0.4824
vn 0.9996 0.0297 0.0038
vn 0.9823 0.1688 -0.0808
vn 0.9999 0.0098 0.0034
vn 0.9997 -0.0088 -0.0223
vn 0.9999 -0.0140 0.0074
vn 0.9999 0.0053 -0.0164
vn -0.0185 0.0144 -0.9997
vn 0.4201 -0.4794 -0.7705
vn 0.7211 0.6414 0.2621
vn -0.0055 0.0207 -0.9998
vn -0.0314 0.0238 -0.9992
vn -0.8678 -0.2226 -0.4442
vn -0.8863 -0.0859 -0.4552
vn -0.8729 0.1777 -0.4543
vn -0.8880 0.0482 -0.4574
vn -0.9982 -0.0512 -0.0297
vn -0.9966 -0.0764 -0.0292
vn -0.9537 -0.2813 -0.1065
vn -0.8857 -0.4381 -0.1538
vn -0.9999 0.0140 -0.0089
vn -0.7552 0.6432 -0.1263
vn -0.8810 0.1810 -0.4371
vn -0.8484 0.3041 -0.4333
vn -0.8980 0.0532 -0.4368
vn -0.6786 0.6189 -0.3955
vn -0.7484 0.5224 -0.4085
vn -0.8081 0.4157 -0.4173
vn -0.8551 0.3013 -0.4219
vn -0.8886 0.1807 -0.4216
vn -0.9070 0.0557 -0.4175
vn -0.9877 -0.0625 -0.1435
vn -0.9820 -0.0713 -0.1747
vn -0.9898 -0.0445 -0.1355
vn -0.9077 -0.2806 -0.3120
vn -0.9802 -0.1450 0.1350
vn -0.9585 -0.2635 -0.1093
vn -0.6951 0.6178 -0.3676
vn -0.7630 0.5190 -0.3854
vn -0.8217 0.4116 -0.3942
vn -0.9139 -0.0629 -0.4010
vn -0.9021 -0.1875 -0.3886
vn -0.8734 -0.3120 -0.3739
vn -0.8664 0.3006 -0.3988
vn -0.8968 0.1820 -0.4033
vn -0.9122 0.0598 -0.4053
vn -0.0214 -0.0022 -0.9998
vn -0.0089 0.0031 -1.0000
vn 0.9999 -0.0154 -0.0054
vn 0.9998 -0.0002 0.0207
vn 0.9999 0.0118 0.0119
vn 0.9999 -0.0001 -0.0127
vn -0.7122 0.6155 -0.3376
vn -0.7297 0.6081 -0.3126
vn -0.7451 0.6057 -0.2791
vn -0.8051 0.5155 -0.2933
vn -0.8572 0.4166 -0.3028
vn -0.8998 0.3108 -0.3060
vn -0.9308 0.2009 -0.3054
vn 0.9814 -0.1697 -0.0903
vn 0.9970 -0.0435 -0.0641
vn 0.9521 -0.2891 -0.0999
vn 0.9137 -0.3934 -0.1018
vn 0.8605 -0.4981 -0.1070
vn 0.9986 0.0340 -0.0409
vn 0.6851 0.6924 -0.2263
vn -0.7550 0.6107 -0.2387
vn -0.8153 0.5196 -0.2557
vn -0.8661 0.4219 -0.2681
vn -0.9682 0.0997 -0.2294
vn 0.9758 0.1583 0.1509
vn 0.9963 0.0448 0.0734
vn 0.9997 -0.0031 0.0231
vn 0.9982 0.0289 0.0528
vn 0.9991 -0.0014 0.0423
vn 0.0056 0.0067 -1.0000
vn -0.9778 -0.0604 -0.2006
vn -0.8760 -0.1295 0.4647
vn -0.7901 -0.0606 0.6099
vn -0.7593 0.6157 -0.2107
vn -0.8226 0.5238 -0.2215
vn -0.8762 0.4258 -0.2256
vn -0.5839 -0.7379 0.3385
vn -0.4872 -0.8055 0.3374
vn -0.3304 0.6860 -0.6483
vn 0.8358 -0.5489 0.0145
vn 0.7538 -0.6549 0.0544
vn 0.8584 -0.4761 -0.1909
vn 0.8916 -0.4520 -0.0255
vn 0.7984 -0.5864 -0.1367
vn 0.8899 -0.3887 -0.2387
vn 0.7125 -0.6263 -0.3165
vn 0.9006 0.1001 -0.4230
vn 0.9450 0.2364 0.2260
vn 0.9935 0.0427 0.1051
vn 0.9956 0.0300 0.0883
vn 0.9859 0.1063 0.1290
vn 0.0455 0.0989 -0.9941
vn 0.0263 -0.0003 -0.9997
vn 0.0256 -0.0069 -0.9996
vn -0.9868 -0.0194 0.1606
vn -0.9803 -0.0212 0.1965
vn -0.9610 -0.0217 0.2755
vn -0.9639 -0.1205 0.2373
vn -0.9817 -0.0327 0.1877
vn -0.9776 -0.0158 0.2099
vn -0.9807 -0.0209 0.1945
vn -0.0762 0.0280 0.9967
vn -0.0962 0.0398 0.9946
vn -0.9721 0.0455 -0.2300
vn -0.9950 -0.0053 -0.0992
vn -0.9721 0.0503 -0.2290
vn -0.8729 -0.0613 -0.4840
vn -0.9940 0.0538 -0.0956
vn -0.9693 0.0251 0.2446
vn -0.2150 -0.3664 0.9053
vn 0.8004 -0.4581 -0.3867
vn -0.7659 0.6397 -0.0644
vn 0.9962 -0.0840 -0.0224
vn 0.4252 -0.5134 -0.7454
vn 0.9913 -0.1203 0.0539
vn 0.9988 -0.0098 0.0478
vn 0.9980 -0.0618 0.0123
vn 0.9975 -0.0698 0.0122
vn -0.9262 -0.3712 0.0661
vn 0.7763 -0.6299 -0.0224
vn 0.8487 -0.5284 -0.0238
vn -0.6512 0.7514 -0.1069
vn 0.8399 0.0559 0.5399
vn 0.8733 0.1478 0.4641
vn 0.9048 0.1991 0.3764
vn 0.2253 -0.2758 0.9345
vn 0.4533 -0.0701 0.8886
vn 0.6584 -0.0648 0.7499
vn 0.7891 -0.0208 0.6139
vn 0.3107 -0.9357 -0.1670
vn 0.6243 0.7039 -0.3388
vn 0.0663 0.9978 0.0037
vn -0.0200 -0.9696 -0.2438
vn -0.1841 0.9813 -0.0554
vn -0.0776 0.9136 -0.3990
vn 0.5043 0.8123 -0.2931
vn 0.1739 -0.9799 -0.0978
vn 0.0191 0.9906 0.1353
vn 0.0558 -0.9981 0.0266
vn 0.2323 0.9716 0.0455
vn 0.9476 0.0452 -0.3161
vn 0.9560 0.0550 -0.2880
vn 0.6853 0.7227 -0.0897
vn 0.6065 0.7798 -0.1555
vn 0.7750 -0.6304 0.0445
vn 0.6985 0.7081 0.1039
vn 0.6591 0.4255 0.6201
vn -0.5797 -0.8136 -0.0459
vn 0.6770 -0.7349 0.0397
s 1
usemtl Material.005
f 399//399 2//2 1//1 398//398
f 400//400 398//398 1//1 6//6
f 3//3 1//1 2//2 418//418
f 419//419 418//418 2//2 411//411
f 4//4 5//5 3//3 418//418
f 6//6 1//1 3//3 13//13
f 5//5 4//4 7//7 8//8
f 5//5 3537//3537 13//13 3//3
f 580//580 585//585 7//7 4//4
f 587//587 9//9 7//7 585//585
f 9//9 10//10 8//8 7//7
f 12//12 11//11 8//8 10//10
f 8//8 11//11 3537//3537 5//5
f 9//9 587//587 743//743 20//20
f 10//10 18//18 19//19 12//12
f 20//20 18//18 10//10 9//9
f 16//16 15//15 11//11 12//12
f 11//11 15//15 2915//2915 3537//3537
f 12//12 19//19 21//21 16//16
f 14//14 6//6 13//13 2913//2913
f 2915//2915 2913//2913 13//13 3537//3537
f 14//14 427//427 400//400 6//6
f 2911//2911 2863//2863 14//14 2913//2913
f 17//17 15//15 16//16 29//29
f 30//30 29//29 16//16 21//21
f 17//17 29//29 31//31 2953//2953
f 17//17 2914//2914 2915//2915 15//15
f 18//18 20//20 747//747 3387//3387
f 22//22 21//21 19//19 23//23
f 19//19 18//18 3387//3387 23//23
f 20//20 743//743 742//742 747//747
f 34//34 30//30 21//21 22//22
f 27//27 34//34 22//22 24//24
f 24//24 22//22 23//23 26//26
f 23//23 3387//3387 746//746 26//26
f 24//24 26//26 25//25 47//47
f 28//28 27//27 24//24 47//47
f 755//755 48//48 25//25 2974//2974
f 26//26 746//746 2974//2974 25//25
f 35//35 34//34 27//27 39//39
f 42//42 39//39 27//27 28//28
f 28//28 47//47 49//49 51//51
f 32//32 31//31 29//29 30//30
f 33//33 31//31 32//32 36//36
f 32//32 30//30 34//34 35//35
f 2953//2953 31//31 33//33 2956//2956
f 36//36 32//32 35//35 37//37
f 89//89 33//33 36//36 38//38
f 38//38 36//36 37//37 41//41
f 37//37 35//35 39//39 40//40
f 72//72 89//89 38//38 94//94
f 41//41 37//37 40//40 44//44
f 42//42 43//43 40//40 39//39
f 94//94 38//38 41//41 95//95
f 42//42 28//28 51//51 53//53
f 44//44 40//40 43//43 45//45
f 43//43 42//42 53//53 54//54
f 95//95 41//41 44//44 46//46
f 46//46 44//44 45//45 55//55
f 45//45 43//43 54//54 56//56
f 96//96 95//95 46//46 99//99
f 47//47 25//25 48//48 49//49
f 50//50 49//49 48//48 937//937
f 938//938 937//937 48//48 755//755
f 52//52 51//51 49//49 50//50
f 944//944 52//52 50//50 943//943
f 57//57 53//53 51//51 52//52
f 949//949 57//57 52//52 944//944
f 58//58 54//54 53//53 57//57
f 59//59 56//56 54//54 58//58
f 55//55 45//45 56//56 60//60
f 99//99 46//46 55//55 101//101
f 61//61 60//60 56//56 59//59
f 950//950 58//58 57//57 949//949
f 951//951 59//59 58//58 950//950
f 952//952 61//61 59//59 951//951
f 101//101 55//55 60//60 118//118
f 118//118 60//60 61//61 121//121
f 2246//2246 121//121 61//61 952//952
f 66//66 67//67 62//62 64//64
f 1668//1668 1666//1666 62//62 67//67
f 64//64 62//62 63//63 65//65
f 63//63 1665//1665 1664//1664 3203//3203
f 1666//1666 1665//1665 63//63 62//62
f 3207//3207 65//65 63//63 3203//3203
f 64//64 65//65 74//74 75//75
f 3205//3205 74//74 65//65 3207//3207
f 66//66 64//64 75//75 78//78
f 1813//1813 1812//1812 66//66 78//78
f 2982//2982 67//67 66//66 1812//1812
f 67//67 2982//2982 2981//2981 1668//1668
f 84//84 81//81 68//68 70//70
f 70//70 68//68 69//69 73//73
f 71//71 73//73 69//69 2954//2954
f 69//69 68//68 80//80 3530//3530
f 92//92 84//84 70//70 87//87
f 71//71 2954//2954 2918//2918 2955//2955
f 73//73 71//71 72//72 88//88
f 72//72 94//94 90//90 88//88
f 2955//2955 89//89 72//72 71//71
f 87//87 70//70 73//73 88//88
f 76//76 75//75 74//74 79//79
f 80//80 79//79 74//74 3205//3205
f 77//77 78//78 75//75 76//76
f 83//83 77//77 76//76 82//82
f 77//77 1819//1819 1813//1813 78//78
f 82//82 76//76 79//79 81//81
f 81//81 79//79 80//80 68//68
f 85//85 82//82 81//81 84//84
f 86//86 83//83 82//82 85//85
f 1819//1819 77//77 83//83 1821//1821
f 106//106 85//85 84//84 92//92
f 107//107 86//86 85//85 106//106
f 86//86 107//107 111//111 3137//3137
f 1821//1821 83//83 86//86 3137//3137
f 93//93 92//92 87//87 91//91
f 88//88 90//90 91//91 87//87
f 2956//2956 33//33 89//89 2955//2955
f 90//90 94//94 95//95 96//96
f 91//91 90//90 96//96 97//97
f 108//108 106//106 92//92 93//93
f 93//93 91//91 97//97 98//98
f 112//112 108//108 93//93 98//98
f 97//97 96//96 99//99 100//100
f 98//98 97//97 100//100 103//103
f 105//105 112//112 98//98 103//103
f 100//100 99//99 101//101 102//102
f 103//103 100//100 102//102 104//104
f 102//102 101//101 118//118 122//122
f 119//119 104//104 102//102 122//122
f 105//105 103//103 104//104 117//117
f 120//120 117//117 104//104 119//119
f 109//109 107//107 106//106 108//108
f 110//110 111//111 107//107 109//109
f 113//113 109//109 108//108 112//112
f 114//114 110//110 109//109 113//113
f 2023//2023 111//111 110//110 2026//2026
f 115//115 113//113 112//112 105//105
f 116//116 114//114 113//113 115//115
f 126//126 2032//2032 114//114 116//116
f 114//114 2032//2032 2026//2026 110//110
f 115//115 105//105 117//117 127//127
f 124//124 116//116 115//115 127//127
f 125//125 126//126 116//116 124//124
f 128//128 127//127 117//117 120//120
f 2858//2858 120//120 119//119 123//123
f 2860//2860 128//128 120//120 2858//2858
f 122//122 118//118 121//121 2859//2859
f 123//123 119//119 122//122 2859//2859
f 2248//2248 2250//2250 123//123 2859//2859
f 124//124 127//127 128//128 129//129
f 125//125 124//124 129//129 131//131
f 2255//2255 126//126 125//125 2928//2928
f 2929//2929 2928//2928 125//125 131//131
f 130//130 129//129 128//128 2860//2860
f 131//131 129//129 130//130 2809//2809
f 2254//2254 2264//2264 130//130 2860//2860
f 2266//2266 2809//2809 130//130 2264//2264
f 131//131 2809//2809 2271//2271 2929//2929
f 132//132 133//133 134//134 136//136
f 2839//2839 146//146 132//132 135//135
f 146//146 145//145 133//133 132//132
f 265//265 134//134 133//133 150//150
f 268//268 263//263 134//134 265//265
f 135//135 132//132 136//136 137//137
f 135//135 137//137 138//138 140//140
f 2838//2838 2839//2839 135//135 140//140
f 136//136 134//134 263//263 264//264
f 137//137 136//136 264//264 266//266
f 138//138 137//137 266//266 277//277
f 278//278 139//139 138//138 277//277
f 140//140 138//138 139//139 273//273
f 274//274 273//273 139//139 275//275
f 3342//3342 275//275 139//139 278//278
f 2836//2836 2838//2838 140//140 273//273
f 141//141 142//142 143//143 144//144
f 2972//2972 2973//2973 141//141 155//155
f 142//142 147//147 148//148 143//143
f 142//142 167//167 168//168 147//147
f 2973//2973 167//167 142//142 141//141
f 144//144 143//143 152//152 2901//2901
f 144//144 153//153 155//155 141//141
f 145//145 149//149 150//150 133//133
f 145//145 146//146 2901//2901 152//152
f 146//146 2839//2839 2900//2900 2901//2901
f 147//147 168//168 172//172 298//298
f 148//148 151//151 152//152 143//143
f 148//148 147//147 298//298 3127//3127
f 149//149 145//145 152//152 151//151
f 281//281 280//280 149//149 151//151
f 150//150 149//149 280//280 279//279
f 151//151 148//148 3127//3127 281//281
f 153//153 144//144 2901//2901 2900//2900
f 155//155 153//153 154//154 157//157
f 154//154 153//153 2900//2900 2899//2899
f 2971//2971 2972//2972 155//155 157//157
f 157//157 154//154 156//156 159//159
f 156//156 154//154 2899//2899 2898//2898
f 179//179 2971//2971 157//157 159//159
f 159//159 156//156 158//158 161//161
f 158//158 156//156 2898//2898 2904//2904
f 178//178 179//179 159//159 161//161
f 161//161 158//158 160//160 177//177
f 160//160 158//158 2904//2904 2903//2903
f 162//162 163//163 164//164 3220//3220
f 162//162 170//170 3546//3546 163//163
f 165//165 164//164 163//163 166//166
f 163//163 3546//3546 3000//3000 166//166
f 191//191 190//190 164//164 165//165
f 184//184 188//188 165//165 166//166
f 210//210 191//191 165//165 188//188
f 166//166 3000//3000 183//183 184//184
f 170//170 169//169 168//168 167//167
f 2905//2905 172//172 168//168 169//169
f 170//170 162//162 2842//2842 169//169
f 170//170 167//167 2973//2973 3546//3546
f 171//171 173//173 295//295 303//303
f 171//171 296//296 298//298 172//172
f 3111//3111 296//296 171//171 303//303
f 173//173 171//171 172//172 2905//2905
f 173//173 2905//2905 175//175 174//174
f 174//174 175//175 176//176 3112//3112
f 295//295 173//173 174//174 300//300
f 175//175 2842//2842 197//197 176//176
f 196//196 3112//3112 176//176 197//197
f 178//178 161//161 177//177 181//181
f 177//177 160//160 1441//1441 1450//1450
f 180//180 179//179 178//178 182//182
f 184//184 183//183 180//180 185//185
f 180//180 183//183 2971//2971 179//179
f 182//182 178//178 181//181 186//186
f 181//181 177//177 1450//1450 1471//1471
f 185//185 180//180 182//182 187//187
f 183//183 3000//3000 2972//2972 2971//2971
f 185//185 189//189 188//188 184//184
f 185//185 187//187 212//212 189//189
f 187//187 182//182 186//186 1479//1479
f 186//186 181//181 1471//1471 1475//1475
f 187//187 1479//1479 213//213 212//212
f 211//211 210//210 188//188 189//189
f 195//195 194//194 190//190 191//191
f 190//190 193//193 3220//3220 164//164
f 215//215 195//195 191//191 210//210
f 199//199 200//200 192//192 194//194
f 194//194 192//192 193//193 190//190
f 193//193 196//196 197//197 3220//3220
f 193//193 192//192 198//198 196//196
f 195//195 201//201 199//199 194//194
f 196//196 198//198 209//209 3112//3112
f 200//200 203//203 198//198 192//192
f 202//202 200//200 199//199 206//206
f 206//206 199//199 201//201 208//208
f 215//215 219//219 201//201 195//195
f 201//201 219//219 222//222 208//208
f 203//203 200//200 202//202 313//313
f 209//209 198//198 203//203 311//311
f 310//310 311//311 203//203 313//313
f 204//204 205//205 206//206 208//208
f 2815//2815 205//205 204//204 2814//2814
f 206//206 205//205 312//312 202//202
f 207//207 204//204 208//208 222//222
f 223//223 227//227 207//207 222//222
f 2814//2814 204//204 207//207 3441//3441
f 299//299 300//300 209//209 311//311
f 216//216 215//215 210//210 211//211
f 211//211 189//189 212//212 214//214
f 217//217 216//216 211//211 214//214
f 214//214 212//212 213//213 218//218
f 216//216 220//220 219//219 215//215
f 217//217 214//214 218//218 1520//1520
f 217//217 221//221 220//220 216//216
f 217//217 1520//1520 225//225 221//221
f 218//218 213//213 1514//1514 1516//1516
f 219//219 220//220 223//223 222//222
f 220//220 221//221 224//224 223//223
f 221//221 225//225 226//226 224//224
f 224//224 228//228 227//227 223//223
f 225//225 1525//1525 1526//1526 226//226
f 226//226 229//229 228//228 224//224
f 226//226 1526//1526 2834//2834 229//229
f 3441//3441 207//207 227//227 3440//3440
f 3440//3440 227//227 228//228 3439//3439
f 2833//2833 2835//2835 229//229 2834//2834
f 3439//3439 228//228 229//229 2835//2835
f 230//230 328//328 329//329 231//231
f 230//230 331//331 336//336 328//328
f 232//232 230//230 231//231 233//233
f 2814//2814 3441//3441 231//231 329//329
f 232//232 330//330 331//331 230//230
f 332//332 330//330 232//232 234//234
f 234//234 232//232 233//233 235//235
f 3441//3441 3440//3440 233//233 231//231
f 353//353 332//332 234//234 354//354
f 3438//3438 354//354 234//234 235//235
f 3440//3440 3439//3439 235//235 233//233
f 236//236 237//237 238//238 240//240
f 236//236 240//240 239//239 249//249
f 266//266 264//264 236//236 249//249
f 264//264 263//263 237//237 236//236
f 238//238 237//237 241//241 2931//2931
f 238//238 243//243 242//242 240//240
f 239//239 244//244 254//254 248//248
f 240//240 242//242 244//244 239//239
f 263//263 268//268 241//241 237//237
f 430//430 2931//2931 241//241 267//267
f 242//242 245//245 247//247 244//244
f 243//243 246//246 245//245 242//242
f 243//243 238//238 2931//2931 3505//3505
f 244//244 247//247 259//259 254//254
f 246//246 397//397 396//396 245//245
f 246//246 243//243 3505//3505 3110//3110
f 247//247 245//245 396//396 421//421
f 249//249 239//239 248//248 251//251
f 248//248 254//254 255//255 250//250
f 277//277 266//266 249//249 251//251
f 251//251 248//248 250//250 253//253
f 250//250 255//255 256//256 252//252
f 278//278 277//277 251//251 253//253
f 253//253 250//250 252//252 3341//3341
f 252//252 258//258 3347//3347 3341//3341
f 254//254 259//259 260//260 255//255
f 255//255 260//260 261//261 256//256
f 256//256 257//257 258//258 252//252
f 256//256 261//261 262//262 257//257
f 257//257 1552//1552 3378//3378 258//258
f 258//258 3378//3378 3346//3346 3347//3347
f 259//259 247//247 421//421 422//422
f 260//260 259//259 422//422 424//424
f 260//260 424//424 423//423 261//261
f 261//261 423//423 425//425 262//262
f 1552//1552 257//257 262//262 1553//1553
f 269//269 268//268 265//265 271//271
f 279//279 271//271 265//265 150//150
f 268//268 269//269 267//267 241//241
f 269//269 270//270 272//272 267//267
f 270//270 269//269 271//271 290//290
f 271//271 279//279 282//282 290//290
f 272//272 270//270 289//289 433//433
f 430//430 267//267 272//272 428//428
f 2837//2837 2836//2836 273//273 274//274
f 2841//2841 2837//2837 274//274 276//276
f 276//276 274//274 275//275 1572//1572
f 3345//3345 1572//1572 275//275 3342//3342
f 2840//2840 2841//2841 276//276 1573//1573
f 3341//3341 3342//3342 278//278 253//253
f 282//282 279//279 280//280 284//284
f 281//281 285//285 284//284 280//280
f 282//282 287//287 286//286 290//290
f 282//282 284//284 288//288 287//287
f 284//284 285//285 283//283 288//288
f 283//283 305//305 292//292 288//288
f 283//283 285//285 297//297 301//301
f 283//283 301//301 307//307 305//305
f 285//285 281//281 3127//3127 297//297
f 293//293 291//291 286//286 287//287
f 288//288 292//292 293//293 287//287
f 290//290 286//286 289//289 270//270
f 289//289 286//286 291//291 294//294
f 432//432 433//433 289//289 294//294
f 291//291 443//443 444//444 294//294
f 291//291 293//293 456//456 443//443
f 292//292 308//308 456//456 293//293
f 445//445 432//432 294//294 444//444
f 295//295 300//300 299//299 320//320
f 304//304 303//303 295//295 320//320
f 301//301 297//297 296//296 3111//3111
f 298//298 296//296 297//297 3127//3127
f 300//300 174//174 3112//3112 209//209
f 301//301 3111//3111 302//302 307//307
f 303//303 304//304 302//302 3111//3111
f 304//304 319//319 3126//3126 302//302
f 305//305 307//307 306//306 309//309
f 305//305 309//309 308//308 292//292
f 454//454 309//309 306//306 459//459
f 3126//3126 306//306 307//307 302//302
f 455//455 456//456 308//308 457//457
f 309//309 454//454 457//457 308//308
f 317//317 314//314 310//310 318//318
f 311//311 310//310 314//314 299//299
f 313//313 202//202 312//312 316//316
f 315//315 316//316 312//312 334//334
f 312//312 205//205 2815//2815 334//334
f 313//313 316//316 318//318 310//310
f 320//320 299//299 314//314 321//321
f 318//318 316//316 315//315 322//322
f 315//315 3061//3061 3060//3060 322//322
f 321//321 314//314 317//317 324//324
f 317//317 318//318 322//322 327//327
f 319//319 304//304 320//320 321//321
f 3125//3125 3126//3126 319//319 323//323
f 321//321 324//324 323//323 319//319
f 326//326 327//327 322//322 3060//3060
f 323//323 325//325 500//500 3125//3125
f 325//325 323//323 324//324 3053//3053
f 324//324 317//317 327//327 3053//3053
f 325//325 3053//3053 3052//3052 499//499
f 326//326 3060//3060 352//352 351//351
f 3158//3158 3052//3052 326//326 351//351
f 3052//3052 3053//3053 327//327 326//326
f 328//328 340//340 335//335 329//329
f 342//342 340//340 328//328 336//336
f 2815//2815 2814//2814 329//329 335//335
f 339//339 337//337 330//330 332//332
f 337//337 338//338 331//331 330//330
f 370//370 336//336 331//331 338//338
f 335//335 333//333 334//334 2815//2815
f 334//334 333//333 3061//3061 315//315
f 335//335 340//340 344//344 333//333
f 341//341 342//342 336//336 370//370
f 362//362 338//338 337//337 364//364
f 363//363 364//364 337//337 339//339
f 371//371 370//370 338//338 362//362
f 353//353 359//359 339//339 332//332
f 386//386 363//363 339//339 359//359
f 341//341 349//349 348//348 3078//3078
f 371//371 349//349 341//341 370//370
f 342//342 343//343 344//344 340//340
f 3078//3078 343//343 342//342 341//341
f 346//346 345//345 343//343 3078//3078
f 347//347 344//344 343//343 345//345
f 344//344 347//347 3061//3061 333//333
f 352//352 347//347 345//345 350//350
f 346//346 520//520 350//350 345//345
f 346//346 513//513 519//519 520//520
f 3060//3060 3061//3061 347//347 352//352
f 348//348 349//349 379//379 512//512
f 349//349 371//371 372//372 379//379
f 351//351 352//352 350//350 516//516
f 355//355 353//353 354//354 356//356
f 3442//3442 356//356 354//354 3438//3438
f 355//355 360//360 359//359 353//353
f 357//357 355//355 356//356 358//358
f 3185//3185 358//358 356//356 3442//3442
f 357//357 361//361 360//360 355//355
f 3183//3183 3289//3289 357//357 358//358
f 357//357 3289//3289 3491//3491 361//361
f 387//387 386//386 359//359 360//360
f 3358//3358 387//387 360//360 361//361
f 372//372 371//371 362//362 365//365
f 366//366 364//364 363//363 368//368
f 365//365 362//362 364//364 366//366
f 365//365 367//367 375//375 372//372
f 367//367 365//365 366//366 369//369
f 374//374 382//382 367//367 369//369
f 381//381 375//375 367//367 382//382
f 369//369 366//366 368//368 373//373
f 368//368 363//363 386//386 388//388
f 380//380 379//379 372//372 375//375
f 374//374 369//369 373//373 391//391
f 373//373 368//368 388//388 390//390
f 383//383 382//382 374//374 378//378
f 377//377 378//378 376//376 394//394
f 3321//3321 3464//3464 376//376 391//391
f 383//383 378//378 377//377 393//393
f 392//392 393//393 377//377 395//395
f 391//391 376//376 378//378 374//374
f 533//533 512//512 379//379 380//380
f 380//380 375//375 381//381 3037//3037
f 381//381 382//382 383//383 385//385
f 381//381 385//385 530//530 3037//3037
f 384//384 385//385 383//383 393//393
f 392//392 550//550 384//384 393//393
f 384//384 531//531 530//530 385//385
f 388//388 386//386 387//387 389//389
f 387//387 3358//3358 3217//3217 389//389
f 390//390 388//388 389//389 3219//3219
f 389//389 3217//3217 3218//3218 3219//3219
f 391//391 373//373 390//390 3321//3321
f 390//390 3219//3219 3315//3315 3321//3321
f 2801//2801 550//550 392//392 542//542
f 395//395 377//377 394//394 544//544
f 3464//3464 3412//3412 394//394 376//376
f 395//395 541//541 542//542 392//392
f 396//396 398//398 400//400 421//421
f 397//397 399//399 398//398 396//396
f 401//401 399//399 397//397 3135//3135
f 397//397 246//246 3110//3110 3135//3135
f 399//399 401//401 411//411 2//2
f 422//422 421//421 400//400 427//427
f 401//401 3135//3135 402//402 412//412
f 402//402 403//403 404//404 3108//3108
f 406//406 412//412 402//402 3108//3108
f 403//403 429//429 431//431 404//404
f 3135//3135 3110//3110 403//403 402//402
f 404//404 409//409 408//408 3108//3108
f 404//404 431//431 3109//3109 409//409
f 406//406 407//407 405//405 417//417
f 407//407 413//413 414//414 405//405
f 407//407 408//408 441//441 413//413
f 407//407 406//406 3108//3108 408//408
f 408//408 409//409 415//415 441//441
f 416//416 420//420 410//410 417//417
f 412//412 410//410 411//411 401//401
f 420//420 419//419 411//411 410//410
f 417//417 410//410 412//412 406//406
f 414//414 416//416 417//417 405//405
f 440//440 583//583 414//414 413//413
f 442//442 441//441 415//415 439//439
f 415//415 409//409 3109//3109 434//434
f 416//416 414//414 583//583 586//586
f 580//580 4//4 418//418 419//419
f 419//419 420//420 579//579 580//580
f 586//586 579//579 420//420 416//416
f 422//422 427//427 426//426 424//424
f 426//426 2861//2861 423//423 424//424
f 3214//3214 425//425 423//423 2861//2861
f 1553//1553 262//262 425//425 3216//3216
f 3213//3213 3216//3216 425//425 3214//3214
f 2862//2862 2861//2861 426//426 2863//2863
f 2863//2863 426//426 427//427 14//14
f 429//429 430//430 428//428 431//431
f 428//428 272//272 433//433 435//435
f 428//428 435//435 3109//3109 431//431
f 2931//2931 430//430 429//429 3505//3505
f 429//429 403//403 3110//3110 3505//3505
f 437//437 436//436 432//432 445//445
f 436//436 435//435 433//433 432//432
f 435//435 436//436 434//434 3109//3109
f 437//437 438//438 434//434 436//436
f 434//434 438//438 439//439 415//415
f 438//438 597//597 596//596 439//439
f 438//438 437//437 3134//3134 597//597
f 441//441 442//442 440//440 413//413
f 440//440 595//595 581//581 583//583
f 442//442 594//594 595//595 440//440
f 442//442 439//439 596//596 594//594
f 443//443 456//456 455//455 446//446
f 444//444 443//443 446//446 3107//3107
f 445//445 444//444 3107//3107 451//451
f 445//445 451//451 3134//3134 437//437
f 448//448 3107//3107 446//446 449//449
f 446//446 455//455 462//462 449//449
f 447//447 448//448 449//449 461//461
f 448//448 447//447 453//453 452//452
f 451//451 452//452 450//450 3134//3134
f 450//450 452//452 453//453 606//606
f 452//452 451//451 3107//3107 448//448
f 609//609 608//608 453//453 447//447
f 453//453 608//608 610//610 606//606
f 457//457 454//454 458//458 465//465
f 462//462 455//455 457//457 465//465
f 459//459 460//460 458//458 454//454
f 464//464 465//465 458//458 503//503
f 459//459 3125//3125 500//500 460//460
f 459//459 306//306 3126//3126 3125//3125
f 503//503 458//458 460//460 501//501
f 462//462 463//463 461//461 449//449
f 461//461 3002//3002 609//609 447//447
f 463//463 462//462 465//465 464//464
f 463//463 471//471 3002//3002 461//461
f 471//471 463//463 464//464 472//472
f 3576//3576 638//638 476//476 3572//3572
f 3547//3547 472//472 3576//3576 3572//3572
f 466//466 467//467 468//468 3199//3199
f 475//475 469//469 467//467 3548//3548
f 3547//3547 3548//3548 467//467 466//466
f 469//469 470//470 468//468 467//467
f 3200//3200 3199//3199 468//468 3485//3485
f 488//488 479//479 469//469 475//475
f 479//479 480//480 470//470 469//469
f 470//470 3484//3484 3485//3485 468//468
f 3199//3199 3002//3002 471//471 466//466
f 471//471 472//472 3547//3547 466//466
f 473//473 474//474 475//475 3548//3548
f 476//476 477//477 473//473 3572//3572
f 478//478 474//474 473//473 477//477
f 474//474 487//487 488//488 475//475
f 639//639 477//477 476//476 637//637
f 478//478 495//495 487//487 474//474
f 639//639 644//644 478//478 477//477
f 490//490 481//481 479//479 488//488
f 481//481 482//482 480//480 479//479
f 480//480 3483//3483 3484//3484 470//470
f 492//492 483//483 481//481 490//490
f 483//483 484//484 482//482 481//481
f 482//482 3481//3481 3483//3483 480//480
f 494//494 485//485 483//483 492//492
f 485//485 486//486 484//484 483//483
f 484//484 3482//3482 3481//3481 482//482
f 1697//1697 1694//1694 485//485 494//494
f 1694//1694 1695//1695 486//486 485//485
f 486//486 3486//3486 3482//3482 484//484
f 487//487 489//489 490//490 488//488
f 489//489 491//491 492//492 490//490
f 495//495 496//496 489//489 487//487
f 491//491 493//493 494//494 492//492
f 496//496 497//497 491//491 489//489
f 497//497 498//498 493//493 491//491
f 493//493 1696//1696 1697//1697 494//494
f 644//644 3386//3386 495//495 478//478
f 659//659 497//497 496//496 3385//3385
f 3386//3386 3385//3385 496//496 495//495
f 660//660 498//498 497//497 659//659
f 498//498 1704//1704 1696//1696 493//493
f 1886//1886 1704//1704 498//498 660//660
f 500//500 325//325 499//499 502//502
f 500//500 502//502 501//501 460//460
f 501//501 502//502 504//504 507//507
f 501//501 507//507 506//506 503//503
f 502//502 499//499 3159//3159 504//504
f 638//638 3576//3576 503//503 506//506
f 504//504 509//509 505//505 507//507
f 510//510 509//509 504//504 3159//3159
f 506//506 507//507 505//505 635//635
f 508//508 511//511 505//505 509//509
f 505//505 511//511 636//636 635//635
f 506//506 635//635 634//634 638//638
f 508//508 509//509 510//510 524//524
f 508//508 669//669 641//641 511//511
f 510//510 3159//3159 3158//3158 515//515
f 513//513 348//348 512//512 523//523
f 512//512 533//533 532//532 523//523
f 513//513 523//523 522//522 519//519
f 3078//3078 348//348 513//513 346//346
f 514//514 515//515 516//516 518//518
f 514//514 518//518 517//517 525//525
f 515//515 514//514 524//524 510//510
f 516//516 350//350 520//520 518//518
f 3158//3158 351//351 516//516 515//515
f 517//517 519//519 522//522 526//526
f 519//519 517//517 518//518 520//520
f 521//521 522//522 523//523 532//532
f 526//526 522//522 521//521 528//528
f 527//527 528//528 521//521 539//539
f 524//524 514//514 525//525 3157//3157
f 524//524 3157//3157 669//669 508//508
f 526//526 3051//3051 525//525 517//517
f 526//526 528//528 529//529 3051//3051
f 529//529 528//528 527//527 673//673
f 529//529 676//676 3071//3071 3051//3051
f 530//530 531//531 537//537 536//536
f 3038//3038 3037//3037 530//530 536//536
f 538//538 537//537 531//531 549//549
f 531//531 384//384 550//550 549//549
f 532//532 535//535 539//539 521//521
f 3038//3038 535//535 532//532 533//533
f 3037//3037 3038//3038 533//533 380//380
f 534//534 536//536 537//537 3036//3036
f 534//534 3036//3036 3067//3067 540//540
f 536//536 534//534 535//535 3038//3038
f 535//535 534//534 540//540 539//539
f 691//691 3036//3036 537//537 538//538
f 538//538 549//549 548//548 560//560
f 559//559 691//691 538//538 560//560
f 539//539 540//540 3066//3066 527//527
f 544//544 543//543 541//541 395//395
f 547//547 545//545 541//541 543//543
f 545//545 546//546 542//542 541//541
f 565//565 564//564 543//543 544//544
f 566//566 547//547 543//543 564//564
f 544//544 394//394 3412//3412 565//565
f 553//553 551//551 545//545 547//547
f 551//551 552//552 546//546 545//545
f 554//554 555//555 546//546 552//552
f 2801//2801 542//542 546//546 555//555
f 548//548 549//549 550//550 2801//2801
f 548//548 2801//2801 555//555 3035//3035
f 556//556 552//552 551//551 557//557
f 557//557 551//551 553//553 568//568
f 566//566 3241//3241 553//553 547//547
f 553//553 3241//3241 3248//3248 568//568
f 556//556 562//562 554//554 552//552
f 554//554 562//562 561//561 3076//3076
f 3076//3076 3035//3035 555//555 554//554
f 567//567 556//556 557//557 569//569
f 559//559 560//560 558//558 3034//3034
f 558//558 703//703 702//702 3034//3034
f 690//690 691//691 559//559 693//693
f 3560//3560 693//693 559//559 3034//3034
f 560//560 548//548 3035//3035 558//558
f 703//703 3076//3076 561//561 705//705
f 709//709 705//705 561//561 563//563
f 563//563 561//561 562//562 573//573
f 562//562 556//556 567//567 573//573
f 565//565 3413//3413 3434//3434 564//564
f 3434//3434 3242//3242 566//566 564//564
f 570//570 571//571 567//567 569//569
f 569//569 557//557 568//568 3251//3251
f 568//568 3248//3248 3250//3250 3251//3251
f 572//572 570//570 569//569 3251//3251
f 573//573 567//567 571//571 2802//2802
f 574//574 575//575 571//571 570//570
f 572//572 3269//3269 574//574 570//570
f 3250//3250 3392//3392 572//572 3251//3251
f 573//573 2802//2802 721//721 563//563
f 574//574 715//715 716//716 575//575
f 717//717 718//718 575//575 716//716
f 2802//2802 571//571 575//575 718//718
f 3245//3245 577//577 576//576 3240//3240
f 578//578 576//576 577//577 1784//1784
f 3244//3244 1783//1783 577//577 3245//3245
f 3239//3239 576//576 578//578 3246//3246
f 578//578 1784//1784 3254//3254 3247//3247
f 579//579 584//584 585//585 580//580
f 590//590 582//582 581//581 591//591
f 583//583 581//581 582//582 586//586
f 589//589 584//584 582//582 590//590
f 586//586 582//582 584//584 579//579
f 587//587 585//585 584//584 589//589
f 589//589 590//590 588//588 593//593
f 591//591 592//592 588//588 590//590
f 589//589 593//593 743//743 587//587
f 591//591 581//581 595//595 604//604
f 604//604 603//603 592//592 591//591
f 592//592 603//603 605//605 758//758
f 592//592 758//758 3115//3115 588//588
f 3115//3115 744//744 593//593 588//588
f 594//594 599//599 604//604 595//595
f 596//596 597//597 598//598 600//600
f 596//596 600//600 599//599 594//594
f 601//601 600//600 598//598 2962//2962
f 598//598 450//450 606//606 2962//2962
f 598//598 597//597 3134//3134 450//450
f 599//599 602//602 603//603 604//604
f 600//600 601//601 602//602 599//599
f 601//601 2812//2812 618//618 602//602
f 605//605 603//603 602//602 618//618
f 605//605 618//618 3114//3114 759//759
f 2813//2813 2962//2962 606//606 610//610
f 607//607 608//608 609//609 3200//3200
f 607//607 611//611 612//612 615//615
f 3485//3485 611//611 607//607 3200//3200
f 615//615 610//610 608//608 607//607
f 3260//3260 2813//2813 610//610 615//615
f 613//613 614//614 612//612 611//611
f 612//612 614//614 617//617 616//616
f 3485//3485 3484//3484 613//613 611//611
f 622//622 623//623 614//614 613//613
f 614//614 623//623 630//630 617//617
f 615//615 612//612 616//616 3260//3260
f 2803//2803 3260//3260 616//616 2884//2884
f 616//616 617//617 2880//2880 2884//2884
f 618//618 619//619 620//620 3114//3114
f 2803//2803 619//619 618//618 2812//2812
f 619//619 2803//2803 2884//2884 621//621
f 620//620 619//619 621//621 2943//2943
f 620//620 2907//2907 2909//2909 3114//3114
f 2880//2880 2878//2878 621//621 2884//2884
f 3484//3484 3483//3483 622//622 613//613
f 624//624 625//625 623//623 622//622
f 623//623 625//625 631//631 630//630
f 3483//3483 3481//3481 624//624 622//622
f 626//626 627//627 625//625 624//624
f 625//625 627//627 632//632 631//631
f 3481//3481 3482//3482 626//626 624//624
f 628//628 629//629 627//627 626//626
f 627//627 629//629 633//633 632//632
f 3482//3482 3486//3486 628//628 626//626
f 1839//1839 1845//1845 629//629 628//628
f 629//629 1845//1845 1846//1846 633//633
f 630//630 2879//2879 2880//2880 617//617
f 631//631 2877//2877 2879//2879 630//630
f 632//632 2875//2875 2877//2877 631//631
f 633//633 2882//2882 2875//2875 632//632
f 640//640 634//634 635//635 636//636
f 636//636 511//511 641//641 646//646
f 637//637 476//476 638//638 634//634
f 640//640 642//642 637//637 634//634
f 643//643 639//639 637//637 642//642
f 645//645 644//644 639//639 643//643
f 640//640 636//636 646//646 648//648
f 647//647 642//642 640//640 648//648
f 656//656 646//646 641//641 677//677
f 641//641 669//669 670//670 677//677
f 643//643 642//642 647//647 651//651
f 662//662 3386//3386 644//644 645//645
f 645//645 643//643 651//651 653//653
f 661//661 662//662 645//645 653//653
f 652//652 651//651 647//647 649//649
f 649//649 647//647 648//648 650//650
f 656//656 650//650 648//648 646//646
f 657//657 652//652 649//649 658//658
f 650//650 655//655 658//658 649//649
f 654//654 653//653 651//651 652//652
f 2896//2896 654//654 652//652 657//657
f 654//654 2893//2893 661//661 653//653
f 2895//2895 2893//2893 654//654 2896//2896
f 655//655 650//650 656//656 682//682
f 656//656 677//677 678//678 682//682
f 2950//2950 2896//2896 657//657 3277//3277
f 688//688 786//786 658//658 655//655
f 3277//3277 657//657 658//658 786//786
f 668//668 660//660 659//659 666//666
f 1892//1892 1886//1886 660//660 668//668
f 663//663 664//664 662//662 661//661
f 2893//2893 2892//2892 663//663 661//661
f 665//665 666//666 664//664 663//663
f 664//664 3385//3385 3386//3386 662//662
f 2892//2892 3494//3494 665//665 663//663
f 667//667 668//668 666//666 665//665
f 666//666 659//659 3385//3385 664//664
f 3494//3494 3496//3496 667//667 665//665
f 1891//1891 1892//1892 668//668 667//667
f 670//670 3071//3071 676//676 675//675
f 670//670 669//669 3157//3157 3071//3071
f 672//672 673//673 671//671 680//680
f 672//672 674//674 675//675 676//676
f 672//672 680//680 679//679 674//674
f 676//676 529//529 673//673 672//672
f 673//673 527//527 3066//3066 671//671
f 678//678 675//675 674//674 685//685
f 675//675 678//678 677//677 670//670
f 681//681 682//682 678//678 685//685
f 679//679 680//680 683//683 687//687
f 679//679 684//684 685//685 674//674
f 680//680 671//671 695//695 683//683
f 681//681 685//685 684//684 3059//3059
f 3064//3064 688//688 681//681 3059//3059
f 682//682 681//681 688//688 655//655
f 686//686 687//687 683//683 3165//3165
f 683//683 695//695 694//694 3165//3165
f 684//684 679//679 687//687 689//689
f 689//689 687//687 686//686 810//810
f 782//782 786//786 688//688 785//785
f 689//689 810//810 809//809 813//813
f 689//689 813//813 3059//3059 684//684
f 3036//3036 691//691 690//690 3067//3067
f 692//692 690//690 693//693 698//698
f 692//692 694//694 695//695 696//696
f 3067//3067 690//690 692//692 696//696
f 697//697 698//698 693//693 3560//3560
f 694//694 692//692 698//698 699//699
f 3066//3066 696//696 695//695 671//671
f 697//697 3156//3156 828//828 700//700
f 700//700 699//699 698//698 697//697
f 699//699 701//701 3165//3165 694//694
f 701//701 699//699 700//700 3003//3003
f 824//824 825//825 701//701 3003//3003
f 705//705 704//704 702//702 703//703
f 3560//3560 3034//3034 702//702 706//706
f 3035//3035 3076//3076 703//703 558//558
f 706//706 702//702 704//704 712//712
f 705//705 709//709 708//708 704//704
f 707//707 708//708 709//709 720//720
f 713//713 708//708 707//707 3164//3164
f 708//708 713//713 712//712 704//704
f 709//709 563//563 721//721 720//720
f 710//710 711//711 712//712 713//713
f 714//714 711//711 710//710 866//866
f 710//710 868//868 867//867 866//866
f 3164//3164 868//868 710//710 713//713
f 828//828 3156//3156 711//711 714//714
f 3156//3156 706//706 712//712 711//711
f 719//719 716//716 715//715 3284//3284
f 3269//3269 3267//3267 715//715 574//574
f 715//715 3267//3267 3281//3281 3284//3284
f 717//717 716//716 719//719 2805//2805
f 718//718 717//717 723//723 722//722
f 733//733 734//734 719//719 3284//3284
f 2804//2804 2805//2805 719//719 734//734
f 720//720 721//721 722//722 3043//3043
f 728//728 707//707 720//720 3043//3043
f 722//722 723//723 725//725 3043//3043
f 722//722 721//721 2802//2802 718//718
f 723//723 717//717 2805//2805 724//724
f 725//725 723//723 724//724 730//730
f 724//724 732//732 731//731 730//730
f 726//726 727//727 728//728 729//729
f 895//895 900//900 726//726 729//729
f 868//868 3164//3164 727//727 870//870
f 871//871 870//870 727//727 726//726
f 3164//3164 707//707 728//728 727//727
f 729//729 725//725 730//730 895//895
f 729//729 728//728 3043//3043 725//725
f 894//894 895//895 730//730 731//731
f 731//731 732//732 896//896 3163//3163
f 732//732 2804//2804 740//740 896//896
f 2805//2805 2804//2804 732//732 724//724
f 3281//3281 3407//3407 733//733 3284//3284
f 735//735 736//736 734//734 733//733
f 735//735 737//737 738//738 736//736
f 735//735 3403//3403 3332//3332 737//737
f 3407//3407 3403//3403 735//735 733//733
f 2804//2804 734//734 736//736 740//740
f 741//741 738//738 737//737 3353//3353
f 737//737 3332//3332 3350//3350 3353//3353
f 738//738 739//739 740//740 736//736
f 739//739 738//738 741//741 2983//2983
f 3084//3084 914//914 739//739 2983//2983
f 914//914 896//896 740//740 739//739
f 907//907 906//906 741//741 3353//3353
f 741//741 906//906 910//910 2983//2983
f 742//742 744//744 750//750 3138//3138
f 744//744 742//742 743//743 593//593
f 749//749 753//753 745//745 3138//3138
f 745//745 753//753 2974//2974 746//746
f 747//747 745//745 746//746 3387//3387
f 747//747 742//742 3138//3138 745//745
f 751//751 752//752 748//748 750//750
f 767//767 766//766 748//748 752//752
f 750//750 748//748 749//749 3138//3138
f 749//749 756//756 754//754 753//753
f 749//749 748//748 766//766 756//756
f 750//750 744//744 3115//3115 751//751
f 758//758 757//757 751//751 3115//3115
f 757//757 3140//3140 752//752 751//751
f 753//753 754//754 755//755 2974//2974
f 754//754 756//756 935//935 3144//3144
f 755//755 754//754 3144//3144 938//938
f 762//762 3140//3140 757//757 759//759
f 759//759 757//757 758//758 605//605
f 770//770 764//764 760//760 763//763
f 762//762 760//760 761//761 3140//3140
f 761//761 760//760 764//764 768//768
f 763//763 760//760 762//762 2909//2909
f 3114//3114 2909//2909 762//762 759//759
f 766//766 767//767 765//765 3021//3021
f 765//765 953//953 936//936 3021//3021
f 935//935 756//756 766//766 3021//3021
f 768//768 765//765 767//767 761//761
f 767//767 752//752 3140//3140 761//761
f 768//768 764//764 769//769 954//954
f 768//768 954//954 953//953 765//765
f 769//769 764//764 770//770 772//772
f 769//769 772//772 771//771 955//955
f 959//959 954//954 769//769 955//955
f 774//774 772//772 770//770 775//775
f 2908//2908 775//775 770//770 763//763
f 774//774 779//779 771//771 772//772
f 771//771 778//778 3023//3023 955//955
f 773//773 774//774 775//775 776//776
f 2867//2867 3456//3456 773//773 776//776
f 773//773 3456//3456 3420//3420 780//780
f 780//780 779//779 774//774 773//773
f 776//776 775//775 2908//2908 2969//2969
f 780//780 781//781 777//777 779//779
f 779//779 777//777 778//778 771//771
f 778//778 777//777 969//969 971//971
f 781//781 3201//3201 969//969 777//777
f 3420//3420 3357//3357 781//781 780//780
f 784//784 782//782 783//783 788//788
f 783//783 782//782 785//785 2927//2927
f 784//784 3277//3277 786//786 782//782
f 3525//3525 3553//3553 784//784 788//788
f 3009//3009 2927//2927 785//785 3065//3065
f 3064//3064 3065//3065 785//785 688//688
f 788//788 783//783 787//787 789//789
f 2927//2927 2992//2992 787//787 783//783
f 3504//3504 790//790 787//787 2992//2992
f 789//789 787//787 790//790 794//794
f 789//789 3372//3372 3525//3525 788//788
f 790//790 792//792 791//791 794//794
f 1034//1034 792//792 790//790 3504//3504
f 795//795 791//791 792//792 796//796
f 794//794 791//791 793//793 800//800
f 795//795 1027//1027 793//793 791//791
f 801//801 800//800 793//793 802//802
f 793//793 1027//1027 3295//3295 802//802
f 794//794 800//800 3372//3372 789//789
f 795//795 796//796 1026//1026 1028//1028
f 1031//1031 1026//1026 796//796 1033//1033
f 796//796 792//792 1034//1034 1033//1033
f 1034//1034 3504//3504 797//797 1029//1029
f 799//799 797//797 798//798 821//821
f 798//798 3009//3009 822//822 821//821
f 798//798 797//797 3504//3504 2992//2992
f 1029//1029 797//797 799//799 1038//1038
f 800//800 801//801 3371//3371 3372//3372
f 801//801 803//803 3370//3370 3371//3371
f 803//803 801//801 802//802 804//804
f 802//802 3295//3295 3292//3292 804//804
f 803//803 805//805 3369//3369 3370//3370
f 805//805 803//803 804//804 806//806
f 804//804 3292//3292 3293//3293 806//806
f 805//805 807//807 3375//3375 3369//3369
f 807//807 805//805 806//806 2086//2086
f 806//806 3293//3293 3300//3300 2086//2086
f 807//807 2087//2087 3374//3374 3375//3375
f 808//808 809//809 810//810 815//815
f 808//808 815//815 814//814 820//820
f 809//809 811//811 812//812 813//813
f 819//819 811//811 809//809 808//808
f 825//825 815//815 810//810 686//686
f 817//817 816//816 811//811 819//819
f 818//818 812//812 811//811 816//816
f 3065//3065 3064//3064 812//812 818//818
f 3064//3064 3059//3059 813//813 812//812
f 838//838 837//837 814//814 824//824
f 814//814 837//837 846//846 820//820
f 824//824 814//814 815//815 825//825
f 822//822 818//818 816//816 3091//3091
f 817//817 3011//3011 1048//1048 1049//1049
f 3010//3010 3011//3011 817//817 819//819
f 817//817 1049//1049 3091//3091 816//816
f 3009//3009 3065//3065 818//818 822//822
f 819//819 808//808 820//820 3010//3010
f 821//821 823//823 1051//1051 799//799
f 823//823 821//821 822//822 3091//3091
f 823//823 3091//3091 1049//1049 1047//1047
f 3165//3165 701//701 825//825 686//686
f 826//826 827//827 828//828 714//714
f 826//826 831//831 829//829 832//832
f 826//826 714//714 866//866 830//830
f 827//827 826//826 832//832 838//838
f 828//828 827//827 3003//3003 700//700
f 834//834 833//833 829//829 831//831
f 829//829 833//833 839//839 832//832
f 831//831 826//826 830//830 3202//3202
f 873//873 834//834 831//831 3202//3202
f 833//833 836//836 3305//3305 839//839
f 834//834 835//835 836//836 833//833
f 835//835 850//850 851//851 836//836
f 873//873 874//874 835//835 834//834
f 886//886 850//850 835//835 874//874
f 836//836 851//851 3304//3304 3305//3305
f 838//838 832//832 841//841 837//837
f 3003//3003 827//827 838//838 824//824
f 839//839 840//840 841//841 832//832
f 840//840 839//839 3305//3305 3430//3430
f 840//840 3430//3430 3541//3541 843//843
f 843//843 842//842 841//841 840//840
f 846//846 837//837 841//841 842//842
f 842//842 844//844 845//845 846//846
f 842//842 843//843 2897//2897 844//844
f 843//843 3541//3541 1063//1063 2897//2897
f 845//845 3088//3088 3011//3011 3010//3010
f 3087//3087 3088//3088 845//845 844//844
f 3010//3010 820//820 846//846 845//845
f 848//848 849//849 847//847 853//853
f 851//851 853//853 847//847 3304//3304
f 857//857 858//858 847//847 849//849
f 852//852 854//854 848//848 853//853
f 860//860 849//849 848//848 856//856
f 850//850 852//852 853//853 851//851
f 888//888 852//852 850//850 886//886
f 890//890 854//854 852//852 888//888
f 854//854 855//855 856//856 848//848
f 2126//2126 855//855 854//854 890//890
f 2124//2124 2123//2123 856//856 855//855
f 2130//2130 860//860 856//856 2123//2123
f 860//860 859//859 857//857 849//849
f 857//857 864//864 861//861 858//858
f 865//865 864//864 857//857 859//859
f 3304//3304 847//847 858//858 863//863
f 2130//2130 2129//2129 859//859 860//860
f 2137//2137 865//865 859//859 2129//2129
f 861//861 862//862 863//863 858//858
f 861//861 1070//1070 1069//1069 862//862
f 862//862 1069//1069 1063//1063 3541//3541
f 3430//3430 863//863 862//862 3541//3541
f 3305//3305 3304//3304 863//863 3430//3430
f 864//864 1072//1072 1070//1070 861//861
f 1071//1071 1072//1072 864//864 865//865
f 2417//2417 1071//1071 865//865 2137//2137
f 866//866 867//867 872//872 830//830
f 869//869 867//867 868//868 870//870
f 872//872 867//867 869//869 2932//2932
f 869//869 879//879 878//878 2932//2932
f 870//870 871//871 879//879 869//869
f 871//871 726//726 900//900 898//898
f 877//877 876//876 872//872 2932//2932
f 3202//3202 830//830 872//872 876//876
f 875//875 874//874 873//873 880//880
f 873//873 3202//3202 876//876 880//880
f 885//885 886//886 874//874 875//875
f 877//877 2932//2932 878//878 881//881
f 880//880 876//876 877//877 883//883
f 882//882 878//878 879//879 3092//3092
f 879//879 871//871 898//898 3092//3092
f 884//884 875//875 880//880 883//883
f 881//881 878//878 882//882 1085//1085
f 883//883 877//877 881//881 1086//1086
f 1094//1094 1093//1093 882//882 3092//3092
f 884//884 3395//3395 885//885 875//875
f 884//884 883//883 1086//1086 1088//1088
f 1090//1090 3395//3395 884//884 1088//1088
f 887//887 888//888 886//886 885//885
f 891//891 889//889 887//887 3396//3396
f 3395//3395 3396//3396 887//887 885//885
f 889//889 890//890 888//888 887//887
f 892//892 893//893 889//889 891//891
f 889//889 893//893 2126//2126 890//890
f 892//892 891//891 2438//2438 2439//2439
f 893//893 2161//2161 2157//2157 2126//2126
f 2162//2162 2161//2161 893//893 892//892
f 894//894 902//902 901//901 899//899
f 3163//3163 902//902 894//894 731//731
f 899//899 900//900 895//895 894//894
f 897//897 899//899 901//901 904//904
f 899//899 897//897 898//898 900//900
f 898//898 897//897 1094//1094 3092//3092
f 903//903 901//901 902//902 3171//3171
f 902//902 3163//3163 913//913 3171//3171
f 904//904 901//901 903//903 1100//1100
f 903//903 3171//3171 1122//1122 1121//1121
f 904//904 1095//1095 1094//1094 897//897
f 906//906 907//907 905//905 911//911
f 909//909 908//908 905//905 907//907
f 925//925 923//923 905//905 908//908
f 915//915 910//910 906//906 911//911
f 907//907 3353//3353 3350//3350 909//909
f 909//909 3350//3350 3349//3349 3364//3364
f 909//909 3364//3364 3366//3366 908//908
f 3084//3084 2983//2983 910//910 916//916
f 919//919 915//915 911//911 924//924
f 923//923 924//924 911//911 905//905
f 912//912 913//913 914//914 3084//3084
f 912//912 3084//3084 916//916 918//918
f 913//913 912//912 1122//1122 3171//3171
f 3163//3163 896//896 914//914 913//913
f 916//916 910//910 915//915 917//917
f 918//918 916//916 917//917 921//921
f 917//917 915//915 919//919 922//922
f 918//918 1123//1123 1122//1122 912//912
f 918//918 921//921 1125//1125 1123//1123
f 919//919 924//924 927//927 930//930
f 919//919 930//930 932//932 922//922
f 2817//2817 1124//1124 920//920 1140//1140
f 922//922 920//920 921//921 917//917
f 1124//1124 1125//1125 921//921 920//920
f 1140//1140 920//920 922//922 932//932
f 923//923 926//926 927//927 924//924
f 925//925 928//928 926//926 923//923
f 3366//3366 3416//3416 925//925 908//908
f 925//925 3416//3416 3429//3429 928//928
f 929//929 930//930 927//927 926//926
f 928//928 3497//3497 929//929 926//926
f 928//928 3429//3429 2926//2926 3497//3497
f 929//929 931//931 932//932 930//930
f 929//929 3497//3497 2925//2925 931//931
f 931//931 1141//1141 1140//1140 932//932
f 931//931 2925//2925 3519//3519 1141//1141
f 933//933 939//939 940//940 934//934
f 933//933 936//936 956//956 939//939
f 935//935 933//933 934//934 3144//3144
f 936//936 933//933 935//935 3021//3021
f 936//936 953//953 958//958 956//956
f 943//943 50//50 937//937 942//942
f 938//938 941//941 942//942 937//937
f 939//939 945//945 946//946 940//940
f 3566//3566 945//945 939//939 956//956
f 941//941 934//934 940//940 948//948
f 941//941 938//938 3144//3144 934//934
f 947//947 943//943 942//942 1159//1159
f 942//942 941//941 948//948 1159//1159
f 944//944 943//943 947//947 1161//1161
f 945//945 965//965 966//966 946//946
f 948//948 940//940 946//946 1164//1164
f 1165//1165 1164//1164 946//946 966//966
f 1162//1162 1161//1161 947//947 1160//1160
f 948//948 1164//1164 1163//1163 1159//1159
f 949//949 944//944 1161//1161 1175//1175
f 950//950 949//949 1175//1175 1177//1177
f 951//951 950//950 1177//1177 1179//1179
f 952//952 951//951 1179//1179 1181//1181
f 953//953 954//954 959//959 958//958
f 956//956 958//958 960//960 3566//3566
f 958//958 959//959 957//957 960//960
f 957//957 3023//3023 972//972 961//961
f 3023//3023 957//957 959//959 955//955
f 960//960 957//957 961//961 963//963
f 3020//3020 3566//3566 960//960 963//963
f 963//963 961//961 962//962 964//964
f 962//962 967//967 968//968 964//964
f 972//972 973//973 962//962 961//961
f 1200//1200 3020//3020 963//963 964//964
f 1199//1199 1200//1200 964//964 968//968
f 965//965 1202//1202 1201//1201 966//966
f 3566//3566 3020//3020 965//965 945//945
f 966//966 1201//1201 3197//3197 1165//1165
f 973//973 975//975 967//967 962//962
f 967//967 1216//1216 1215//1215 968//968
f 969//969 3201//3201 3186//3186 970//970
f 971//971 969//969 970//970 974//974
f 970//970 3186//3186 990//990 997//997
f 970//970 3575//3575 3082//3082 974//974
f 3023//3023 778//778 971//971 972//972
f 972//972 971//971 974//974 973//973
f 975//975 973//973 974//974 3082//3082
f 975//975 1218//1218 1216//1216 967//967
f 3356//3356 977//977 976//976 3357//3357
f 978//978 976//976 977//977 980//980
f 978//978 980//980 3193//3193 3194//3194
f 3201//3201 976//976 978//978 3186//3186
f 980//980 977//977 979//979 982//982
f 983//983 981//981 979//979 3355//3355
f 979//979 977//977 3356//3356 3355//3355
f 980//980 982//982 3192//3192 3193//3193
f 982//982 979//979 981//981 3190//3190
f 981//981 983//983 984//984 2299//2299
f 982//982 3190//3190 3191//3191 3192//3192
f 3303//3303 984//984 983//983 3301//3301
f 2292//2292 2295//2295 984//984 3303//3303
f 2298//2298 2299//2299 984//984 2295//2295
f 985//985 986//986 987//987 994//994
f 996//996 1030//1030 985//985 994//994
f 1026//1026 986//986 985//985 1028//1028
f 986//986 1026//1026 1031//1031 1036//1036
f 2957//2957 987//987 986//986 1036//1036
f 993//993 994//994 987//987 995//995
f 991//991 989//989 988//988 992//992
f 3194//3194 1010//1010 988//988 990//990
f 990//990 988//988 989//989 997//997
f 998//998 997//997 989//989 1004//1004
f 991//991 1001//1001 1004//1004 989//989
f 993//993 991//991 992//992 1017//1017
f 992//992 988//988 1010//1010 1012//1012
f 996//996 994//994 993//993 1017//1017
f 1001//1001 991//991 993//993 995//995
f 995//995 1002//1002 999//999 1001//1001
f 995//995 987//987 2957//2957 1002//1002
f 3324//3324 1030//1030 996//996 1022//1022
f 1003//1003 1006//1006 3575//3575 998//998
f 3575//3575 1006//1006 1005//1005 3082//3082
f 999//999 1007//1007 1008//1008 1000//1000
f 1001//1001 999//999 1000//1000 1004//1004
f 3155//3155 1003//1003 1000//1000 1008//1008
f 1002//1002 1009//1009 1007//1007 999//999
f 1004//1004 1000//1000 1003//1003 998//998
f 3031//3031 1006//1006 1003//1003 3155//3155
f 1217//1217 1218//1218 1005//1005 1219//1219
f 1006//1006 3031//3031 1219//1219 1005//1005
f 1007//1007 1234//1234 1237//1237 1008//1008
f 1009//1009 1233//1233 1234//1234 1007//1007
f 2957//2957 1042//1042 1009//1009 1002//1002
f 1009//1009 1042//1042 3033//3033 1233//1233
f 3193//3193 1011//1011 1010//1010 3194//3194
f 1012//1012 1010//1010 1011//1011 1014//1014
f 3192//3192 1013//1013 1011//1011 3193//3193
f 1017//1017 992//992 1012//1012 1018//1018
f 1014//1014 1011//1011 1013//1013 1016//1016
f 3191//3191 1015//1015 1013//1013 3192//3192
f 1018//1018 1012//1012 1014//1014 1019//1019
f 1016//1016 1013//1013 1015//1015 1020//1020
f 2331//2331 2330//2330 1015//1015 3191//3191
f 1019//1019 1014//1014 1016//1016 1021//1021
f 1022//1022 996//996 1017//1017 1018//1018
f 1023//1023 1022//1022 1018//1018 1019//1019
f 1024//1024 1023//1023 1019//1019 1021//1021
f 1021//1021 1016//1016 1020//1020 2340//2340
f 2330//2330 2336//2336 1020//1020 1015//1015
f 1025//1025 1024//1024 1021//1021 2340//2340
f 3322//3322 3324//3324 1022//1022 1023//1023
f 3323//3323 3322//3322 1023//1023 1024//1024
f 3326//3326 3323//3323 1024//1024 1025//1025
f 3325//3325 3326//3326 1025//1025 2345//2345
f 1027//1027 795//795 1028//1028 3296//3296
f 1027//1027 3296//3296 3294//3294 3295//3295
f 1028//1028 985//985 1030//1030 3296//3296
f 1030//1030 3324//3324 3294//3294 3296//3296
f 1031//1031 1033//1033 1032//1032 1035//1035
f 1034//1034 1029//1029 1032//1032 1033//1033
f 1038//1038 1037//1037 1032//1032 1029//1029
f 1036//1036 1031//1031 1035//1035 1040//1040
f 1035//1035 1032//1032 1037//1037 1044//1044
f 1035//1035 1044//1044 1041//1041 1040//1040
f 1042//1042 2957//2957 1036//1036 1040//1040
f 1039//1039 1037//1037 1038//1038 1050//1050
f 1038//1038 799//799 1051//1051 1050//1050
f 1039//1039 1045//1045 1044//1044 1037//1037
f 1042//1042 1040//1040 1041//1041 3033//3033
f 1041//1041 1043//1043 3029//3029 3033//3033
f 1044//1044 1045//1045 1043//1043 1041//1041
f 1249//1249 1248//1248 1043//1043 1045//1045
f 1251//1251 3029//3029 1043//1043 1248//1248
f 1045//1045 1039//1039 1056//1056 1249//1249
f 1046//1046 1053//1053 1057//1057 3013//3013
f 1046//1046 3013//3013 3173//3173 1047//1047
f 1048//1048 1046//1046 1047//1047 1049//1049
f 1047//1047 3173//3173 1051//1051 823//823
f 1048//1048 1054//1054 1053//1053 1046//1046
f 1050//1050 1052//1052 1056//1056 1039//1039
f 1052//1052 1050//1050 1051//1051 3173//3173
f 1055//1055 1056//1056 1052//1052 3564//3564
f 3013//3013 3564//3564 1052//1052 3173//3173
f 1059//1059 1057//1057 1053//1053 1067//1067
f 1053//1053 1054//1054 3172//3172 1067//1067
f 3011//3011 3088//3088 1054//1054 1048//1048
f 1060//1060 3557//3557 1055//1055 3564//3564
f 1256//1256 1058//1058 1055//1055 3557//3557
f 1056//1056 1055//1055 1058//1058 1249//1249
f 1057//1057 1060//1060 3564//3564 3013//3013
f 1058//1058 1256//1256 1261//1261 1247//1247
f 1060//1060 1057//1057 1059//1059 1258//1258
f 1257//1257 1258//1258 1059//1059 1280//1280
f 1060//1060 1258//1258 1259//1259 3557//3557
f 1061//1061 1064//1064 1065//1065 1062//1062
f 1069//1069 1073//1073 1061//1061 1063//1063
f 1063//1063 1061//1061 1062//1062 2897//2897
f 1073//1073 1077//1077 1064//1064 1061//1061
f 1065//1065 1066//1066 1067//1067 3172//3172
f 1068//1068 1066//1066 1065//1065 1064//1064
f 1065//1065 3172//3172 3087//3087 1062//1062
f 1281//1281 1280//1280 1066//1066 1068//1068
f 1280//1280 1059//1059 1067//1067 1066//1066
f 1077//1077 1081//1081 1068//1068 1064//1064
f 1070//1070 1074//1074 1073//1073 1069//1069
f 2421//2421 1076//1076 1071//1071 2417//2417
f 1072//1072 1075//1075 1074//1074 1070//1070
f 1076//1076 1075//1075 1072//1072 1071//1071
f 1074//1074 1078//1078 1077//1077 1073//1073
f 1075//1075 1079//1079 1078//1078 1074//1074
f 1076//1076 1080//1080 1079//1079 1075//1075
f 2425//2425 1080//1080 1076//1076 2421//2421
f 1078//1078 1082//1082 1081//1081 1077//1077
f 1079//1079 1083//1083 1082//1082 1078//1078
f 1080//1080 1084//1084 1083//1083 1079//1079
f 1081//1081 1286//1286 1281//1281 1068//1068
f 1286//1286 1081//1081 1082//1082 1288//1288
f 1290//1290 1288//1288 1082//1082 1083//1083
f 1292//1292 1290//1290 1083//1083 1084//1084
f 2425//2425 2429//2429 1084//1084 1080//1080
f 2663//2663 1292//1292 1084//1084 2429//2429
f 1086//1086 881//881 1085//1085 3382//3382
f 1093//1093 1098//1098 1085//1085 882//882
f 1087//1087 1088//1088 1086//1086 3382//3382
f 1109//1109 3380//3380 1087//1087 3382//3382
f 1089//1089 1090//1090 1088//1088 1087//1087
f 1089//1089 1091//1091 1092//1092 1090//1090
f 3380//3380 3381//3381 1089//1089 1087//1087
f 1091//1091 2442//2442 2438//2438 1092//1092
f 3381//3381 3383//3383 1091//1091 1089//1089
f 1092//1092 3396//3396 3395//3395 1090//1090
f 1095//1095 1096//1096 1093//1093 1094//1094
f 1100//1100 1099//1099 1095//1095 904//904
f 1101//1101 1096//1096 1095//1095 1099//1099
f 1096//1096 1097//1097 1098//1098 1093//1093
f 1102//1102 1097//1097 1096//1096 1101//1101
f 1097//1097 1108//1108 1109//1109 1098//1098
f 1110//1110 1108//1108 1097//1097 1102//1102
f 1098//1098 1109//1109 3382//3382 1085//1085
f 1103//1103 1099//1099 1100//1100 3098//3098
f 1100//1100 903//903 1121//1121 3098//3098
f 1103//1103 1104//1104 1101//1101 1099//1099
f 1104//1104 1105//1105 1102//1102 1101//1101
f 1107//1107 1106//1106 1103//1103 3098//3098
f 1103//1103 1106//1106 3231//3231 1104//1104
f 3508//3508 1105//1105 1104//1104 3231//3231
f 1105//1105 1117//1117 1110//1110 1102//1102
f 3507//3507 1117//1117 1105//1105 3508//3508
f 1106//1106 1107//1107 1128//1128 3222//3222
f 1106//1106 3222//3222 3223//3223 3231//3231
f 1111//1111 1112//1112 1108//1108 1110//1110
f 1112//1112 3380//3380 1109//1109 1108//1108
f 1117//1117 1118//1118 1111//1111 1110//1110
f 1113//1113 1114//1114 1112//1112 1111//1111
f 1118//1118 1119//1119 1113//1113 1111//1111
f 1115//1115 1116//1116 1114//1114 1113//1113
f 1114//1114 3381//3381 3380//3380 1112//1112
f 1119//1119 1120//1120 1115//1115 1113//1113
f 2462//2462 1116//1116 1115//1115 2465//2465
f 2466//2466 2465//2465 1115//1115 1120//1120
f 1116//1116 3383//3383 3381//3381 1114//1114
f 3510//3510 1118//1118 1117//1117 3507//3507
f 2958//2958 1119//1119 1118//1118 3510//3510
f 2958//2958 2856//2856 1120//1120 1119//1119
f 1121//1121 1122//1122 1123//1123 3097//3097
f 1127//1127 1126//1126 1125//1125 1124//1124
f 3097//3097 1123//1123 1125//1125 1126//1126
f 1129//1129 1128//1128 1126//1126 1127//1127
f 2817//2817 1131//1131 1127//1127 1124//1124
f 2883//2883 3222//3222 1128//1128 1129//1129
f 1128//1128 1107//1107 3097//3097 1126//1126
f 1129//1129 1127//1127 1131//1131 1130//1130
f 1129//1129 1130//1130 1294//1294 2883//2883
f 1133//1133 1294//1294 1130//1130 1132//1132
f 1132//1132 1130//1130 1131//1131 2816//2816
f 1134//1134 1135//1135 1133//1133 1132//1132
f 1133//1133 1135//1135 1293//1293 1294//1294
f 1134//1134 1146//1146 1295//1295 1135//1135
f 2816//2816 1144//1144 1134//1134 1132//1132
f 1136//1136 1304//1304 1301//1301 1137//1137
f 2499//2499 2498//2498 1136//1136 1138//1138
f 1138//1138 1136//1136 1137//1137 1139//1139
f 1158//1158 1139//1139 1137//1137 1306//1306
f 1138//1138 1139//1139 1152//1152 1155//1155
f 1139//1139 1158//1158 1153//1153 1152//1152
f 1143//1143 2817//2817 1140//1140 1141//1141
f 1142//1142 1143//1143 1141//1141 3519//3519
f 1142//1142 1144//1144 2816//2816 1143//1143
f 1144//1144 1145//1145 1146//1146 1134//1134
f 3433//3433 1145//1145 1144//1144 1142//1142
f 1145//1145 1156//1156 1157//1157 1146//1146
f 3432//3432 1156//1156 1145//1145 3433//3433
f 1146//1146 1157//1157 1305//1305 1295//1295
f 1149//1149 1147//1147 1148//1148 2226//2226
f 1148//1148 1147//1147 2970//2970 2920//2920
f 1149//1149 1150//1150 1151//1151 1147//1147
f 2530//2530 1150//1150 1149//1149 2526//2526
f 1150//1150 1155//1155 1152//1152 1151//1151
f 1151//1151 1152//1152 1153//1153 1154//1154
f 2970//2970 1147//1147 1151//1151 1154//1154
f 1153//1153 1158//1158 1157//1157 1156//1156
f 1154//1154 1153//1153 1156//1156 3432//3432
f 3521//3521 2970//2970 1154//1154 3432//3432
f 2499//2499 1138//1138 1155//1155 2534//2534
f 2530//2530 2534//2534 1155//1155 1150//1150
f 1157//1157 1158//1158 1306//1306 1305//1305
f 1160//1160 947//947 1159//1159 1163//1163
f 1166//1166 1167//1167 1160//1160 1163//1163
f 1168//1168 1162//1162 1160//1160 1167//1167
f 1176//1176 1175//1175 1161//1161 1162//1162
f 1183//1183 1176//1176 1162//1162 1168//1168
f 1165//1165 1166//1166 1163//1163 1164//1164
f 1165//1165 3197//3197 3196//3196 1166//1166
f 1169//1169 1168//1168 1167//1167 1170//1170
f 3196//3196 1170//1170 1167//1167 1166//1166
f 1187//1187 1183//1183 1168//1168 1169//1169
f 1190//1190 1187//1187 1169//1169 1171//1171
f 1171//1171 1169//1169 1170//1170 1174//1174
f 1173//1173 1174//1174 1172//1172 1210//1210
f 1172//1172 3196//3196 3197//3197 1204//1204
f 1173//1173 1210//1210 1308//1308 1307//1307
f 1194//1194 1171//1171 1174//1174 1173//1173
f 1174//1174 1170//1170 3196//3196 1172//1172
f 1178//1178 1177//1177 1175//1175 1176//1176
f 1184//1184 1178//1178 1176//1176 1183//1183
f 1180//1180 1179//1179 1177//1177 1178//1178
f 1185//1185 1180//1180 1178//1178 1184//1184
f 1182//1182 1181//1181 1179//1179 1180//1180
f 1186//1186 1182//1182 1180//1180 1185//1185
f 2246//2246 952//952 1181//1181 2550//2550
f 2551//2551 2550//2550 1181//1181 1182//1182
f 2556//2556 2551//2551 1182//1182 1186//1186
f 1188//1188 1184//1184 1183//1183 1187//1187
f 1184//1184 1188//1188 1189//1189 1185//1185
f 1186//1186 1185//1185 1189//1189 1192//1192
f 1188//1188 1187//1187 1190//1190 1191//1191
f 1189//1189 1188//1188 1191//1191 1193//1193
f 1190//1190 1171//1171 1194//1194 1195//1195
f 1191//1191 1190//1190 1195//1195 1196//1196
f 1192//1192 1189//1189 1193//1193 1197//1197
f 2556//2556 1186//1186 1192//1192 2561//2561
f 1193//1193 1191//1191 1196//1196 1198//1198
f 1194//1194 1173//1173 1307//1307 1320//1320
f 1195//1195 1194//1194 1320//1320 1321//1321
f 1196//1196 1195//1195 1321//1321 1322//1322
f 1197//1197 1193//1193 1198//1198 1325//1325
f 2561//2561 1192//1192 1197//1197 2565//2565
f 1198//1198 1196//1196 1322//1322 1324//1324
f 1326//1326 1325//1325 1198//1198 1324//1324
f 1202//1202 1200//1200 1199//1199 1205//1205
f 1206//1206 1205//1205 1199//1199 1208//1208
f 1215//1215 1208//1208 1199//1199 968//968
f 1201//1201 1203//1203 1204//1204 3197//3197
f 1203//1203 1201//1201 1202//1202 1205//1205
f 3020//3020 1200//1200 1202//1202 965//965
f 1203//1203 1205//1205 1206//1206 1209//1209
f 1204//1204 1203//1203 1209//1209 1212//1212
f 1210//1210 1172//1172 1204//1204 1212//1212
f 1207//1207 1206//1206 1208//1208 1224//1224
f 1207//1207 1211//1211 1209//1209 1206//1206
f 1207//1207 1214//1214 1213//1213 1211//1211
f 1208//1208 1215//1215 1220//1220 1224//1224
f 1210//1210 1212//1212 2996//2996 1308//1308
f 1212//1212 1209//1209 1211//1211 2996//2996
f 1312//1312 2996//2996 1211//1211 1213//1213
f 1310//1310 1312//1312 1213//1213 1230//1230
f 1214//1214 1207//1207 1224//1224 1227//1227
f 1214//1214 1228//1228 1230//1230 1213//1213
f 1215//1215 1216//1216 1222//1222 1220//1220
f 1216//1216 1218//1218 1217//1217 1222//1222
f 1221//1221 1222//1222 1217//1217 1223//1223
f 1218//1218 975//975 3082//3082 1005//1005
f 1223//1223 1217//1217 1219//1219 1235//1235
f 1219//1219 3031//3031 3154//3154 1235//1235
f 1221//1221 3032//3032 1226//1226 1225//1225
f 1222//1222 1221//1221 1225//1225 1220//1220
f 1223//1223 3030//3030 3032//3032 1221//1221
f 1224//1224 1220//1220 1225//1225 1227//1227
f 1227//1227 1225//1225 1226//1226 1229//1229
f 1232//1232 1231//1231 1226//1226 3032//3032
f 1228//1228 1214//1214 1227//1227 1229//1229
f 1228//1228 1340//1340 1339//1339 1230//1230
f 1228//1228 1229//1229 3169//3169 1340//1340
f 1229//1229 1226//1226 1231//1231 3169//3169
f 1231//1231 1338//1338 1346//1346 3169//3169
f 1338//1338 1231//1231 1232//1232 1378//1378
f 1232//1232 1377//1377 1376//1376 1378//1378
f 3030//3030 1377//1377 1232//1232 3032//3032
f 1233//1233 3028//3028 1239//1239 1234//1234
f 1233//1233 3033//3033 3029//3029 3028//3028
f 1234//1234 1239//1239 1238//1238 1237//1237
f 1235//1235 3154//3154 1244//1244 1243//1243
f 1235//1235 1243//1243 3030//3030 1223//1223
f 1236//1236 1237//1237 1238//1238 3080//3080
f 1244//1244 3154//3154 1236//1236 3080//3080
f 1237//1237 1236//1236 3155//3155 1008//1008
f 1238//1238 1241//1241 1240//1240 3080//3080
f 1239//1239 1252//1252 1241//1241 1238//1238
f 1239//1239 3028//3028 1254//1254 1252//1252
f 1240//1240 1245//1245 1244//1244 3080//3080
f 1241//1241 1402//1402 1246//1246 1240//1240
f 1242//1242 1243//1243 1244//1244 1245//1245
f 1376//1376 1377//1377 1242//1242 1375//1375
f 3030//3030 1243//1243 1242//1242 1377//1377
f 1245//1245 1240//1240 1246//1246 1374//1374
f 1245//1245 1374//1374 1375//1375 1242//1242
f 1246//1246 1402//1402 1401//1401 1405//1405
f 1247//1247 1248//1248 1249//1249 1058//1058
f 1250//1250 1251//1251 1248//1248 1247//1247
f 1250//1250 1255//1255 1254//1254 1251//1251
f 1250//1250 1247//1247 1261//1261 1260//1260
f 1250//1250 1260//1260 3085//3085 1255//1255
f 3028//3028 3029//3029 1251//1251 1254//1254
f 1402//1402 1241//1241 1252//1252 1253//1253
f 1254//1254 1255//1255 1253//1253 1252//1252
f 1403//1403 1253//1253 1255//1255 3085//3085
f 1259//1259 1263//1263 1256//1256 3557//3557
f 1262//1262 1261//1261 1256//1256 1263//1263
f 1259//1259 1258//1258 1257//1257 1264//1264
f 1257//1257 1280//1280 1281//1281 1283//1283
f 1257//1257 1283//1283 1282//1282 1264//1264
f 1260//1260 1261//1261 1262//1262 1266//1266
f 1408//1408 3085//3085 1260//1260 1266//1266
f 1268//1268 1265//1265 1262//1262 1263//1263
f 1263//1263 1259//1259 1264//1264 1268//1268
f 1267//1267 1268//1268 1264//1264 1282//1282
f 1266//1266 1262//1262 1265//1265 1270//1270
f 1269//1269 1265//1265 1268//1268 1267//1267
f 1270//1270 1265//1265 1269//1269 1429//1429
f 1271//1271 1427//1427 1269//1269 1267//1267
f 1428//1428 1429//1429 1269//1269 1427//1427
f 1270//1270 1406//1406 1408//1408 1266//1266
f 1272//1272 1273//1273 1271//1271 1285//1285
f 1282//1282 1285//1285 1271//1271 1267//1267
f 1271//1271 1273//1273 1431//1431 1427//1427
f 1272//1272 1285//1285 1284//1284 1287//1287
f 1274//1274 1275//1275 1273//1273 1272//1272
f 1273//1273 1275//1275 3398//3398 1431//1431
f 1274//1274 1272//1272 1287//1287 1289//1289
f 1291//1291 1276//1276 1274//1274 1289//1289
f 1276//1276 1277//1277 1275//1275 1274//1274
f 1275//1275 1277//1277 3402//3402 3398//3398
f 2662//2662 1278//1278 1276//1276 1291//1291
f 1278//1278 1279//1279 1277//1277 1276//1276
f 1277//1277 1279//1279 3400//3400 3402//3402
f 2664//2664 2643//2643 1278//1278 2662//2662
f 2643//2643 2644//2644 1279//1279 1278//1278
f 1279//1279 2644//2644 3399//3399 3400//3400
f 1284//1284 1285//1285 1282//1282 1283//1283
f 1286//1286 1284//1284 1283//1283 1281//1281
f 1288//1288 1287//1287 1284//1284 1286//1286
f 1290//1290 1289//1289 1287//1287 1288//1288
f 1292//1292 1291//1291 1289//1289 1290//1290
f 2663//2663 2662//2662 1291//1291 1292//1292
f 1295//1295 1296//1296 1293//1293 1135//1135
f 2883//2883 1294//1294 1293//1293 3513//3513
f 1296//1296 1297//1297 1298//1298 3538//3538
f 1305//1305 1297//1297 1296//1296 1295//1295
f 1296//1296 3538//3538 3513//3513 1293//1293
f 1297//1297 1299//1299 1300//1300 1298//1298
f 1306//1306 1299//1299 1297//1297 1305//1305
f 1298//1298 3509//3509 3511//3511 3538//3538
f 1299//1299 1301//1301 1302//1302 1300//1300
f 1300//1300 3512//3512 3509//3509 1298//1298
f 1306//1306 1137//1137 1301//1301 1299//1299
f 1304//1304 1303//1303 1302//1302 1301//1301
f 1302//1302 1303//1303 2855//2855 2857//2857
f 1302//1302 2857//2857 3512//3512 1300//1300
f 2674//2674 2673//2673 1303//1303 1304//1304
f 1303//1303 2673//2673 2853//2853 2855//2855
f 2498//2498 2674//2674 1304//1304 1136//1136
f 1309//1309 1307//1307 1308//1308 1311//1311
f 1320//1320 1307//1307 1309//1309 1315//1315
f 1311//1311 1312//1312 1310//1310 1317//1317
f 1310//1310 1349//1349 1316//1316 1317//1317
f 1310//1310 1230//1230 1339//1339 1349//1349
f 1313//1313 1309//1309 1311//1311 1317//1317
f 2996//2996 1312//1312 1311//1311 1308//1308
f 1313//1313 1314//1314 1315//1315 1309//1309
f 1313//1313 1317//1317 1316//1316 1318//1318
f 1318//1318 1319//1319 1314//1314 1313//1313
f 1323//1323 1315//1315 1314//1314 1334//1334
f 1350//1350 1318//1318 1316//1316 1348//1348
f 1351//1351 1319//1319 1318//1318 1350//1350
f 1319//1319 1333//1333 1334//1334 1314//1314
f 1358//1358 1333//1333 1319//1319 1351//1351
f 1323//1323 1321//1321 1320//1320 1315//1315
f 1323//1323 1327//1327 1322//1322 1321//1321
f 1330//1330 1327//1327 1323//1323 1334//1334
f 1327//1327 1328//1328 1324//1324 1322//1322
f 1329//1329 1326//1326 1324//1324 1328//1328
f 2565//2565 1197//1197 1325//1325 2567//2567
f 2692//2692 2567//2567 1325//1325 1326//1326
f 2696//2696 2692//2692 1326//1326 1329//1329
f 1331//1331 1328//1328 1327//1327 1330//1330
f 1332//1332 1329//1329 1328//1328 1331//1331
f 1333//1333 1335//1335 1330//1330 1334//1334
f 1335//1335 1336//1336 1331//1331 1330//1330
f 1336//1336 1337//1337 1332//1332 1331//1331
f 2696//2696 1329//1329 1332//1332 2701//2701
f 1359//1359 1335//1335 1333//1333 1358//1358
f 1360//1360 1336//1336 1335//1335 1359//1359
f 1361//1361 1337//1337 1336//1336 1360//1360
f 1337//1337 2700//2700 2701//2701 1332//1332
f 2715//2715 2700//2700 1337//1337 1361//1361
f 1344//1344 1349//1349 1339//1339 1342//1342
f 1340//1340 1341//1341 1342//1342 1339//1339
f 1340//1340 3169//3169 1346//1346 1341//1341
f 1341//1341 1343//1343 1344//1344 1342//1342
f 1341//1341 1346//1346 1345//1345 1343//1343
f 1343//1343 3198//3198 1348//1348 1344//1344
f 1354//1354 1353//1353 1345//1345 1347//1347
f 1345//1345 1353//1353 3198//3198 1343//1343
f 1347//1347 1345//1345 1346//1346 1338//1338
f 1378//1378 1381//1381 1347//1347 1338//1338
f 1348//1348 1316//1316 1349//1349 1344//1344
f 1352//1352 1351//1351 1350//1350 2891//2891
f 1350//1350 1348//1348 3198//3198 2891//2891
f 1355//1355 1357//1357 1352//1352 2891//2891
f 1352//1352 1362//1362 1358//1358 1351//1351
f 1353//1353 1355//1355 2891//2891 3198//3198
f 1355//1355 1353//1353 1354//1354 1388//1388
f 1381//1381 1383//1383 1354//1354 1347//1347
f 1356//1356 1357//1357 1355//1355 1388//1388
f 3542//3542 1370//1370 1356//1356 3543//3543
f 1357//1357 1366//1366 1362//1362 1352//1352
f 1370//1370 1366//1366 1357//1357 1356//1356
f 1362//1362 1363//1363 1359//1359 1358//1358
f 1363//1363 1364//1364 1360//1360 1359//1359
f 1364//1364 1365//1365 1361//1361 1360//1360
f 1366//1366 1367//1367 1363//1363 1362//1362
f 1367//1367 1368//1368 1364//1364 1363//1363
f 1368//1368 1369//1369 1365//1365 1364//1364
f 1365//1365 2716//2716 2715//2715 1361//1361
f 1370//1370 1371//1371 1367//1367 1366//1366
f 1371//1371 1372//1372 1368//1368 1367//1367
f 1372//1372 1373//1373 1369//1369 1368//1368
f 1369//1369 2721//2721 2716//2716 1365//1365
f 2722//2722 2721//2721 1369//1369 1373//1373
f 1393//1393 1371//1371 1370//1370 3542//3542
f 1393//1393 1392//1392 1372//1372 1371//1371
f 1394//1394 1373//1373 1372//1372 1392//1392
f 2738//2738 2722//2722 1373//1373 1394//1394
f 1374//1374 1379//1379 1380//1380 1375//1375
f 1374//1374 1246//1246 1405//1405 1379//1379
f 1380//1380 1382//1382 1376//1376 1375//1375
f 1381//1381 1378//1378 1376//1376 1382//1382
f 1379//1379 1386//1386 1385//1385 1380//1380
f 1414//1414 1386//1386 1379//1379 1405//1405
f 1380//1380 1385//1385 1384//1384 1382//1382
f 1382//1382 1384//1384 1383//1383 1381//1381
f 1383//1383 1387//1387 1388//1388 1354//1354
f 1384//1384 1389//1389 1387//1387 1383//1383
f 1385//1385 1390//1390 1389//1389 1384//1384
f 1386//1386 1391//1391 1390//1390 1385//1385
f 3545//3545 3543//3543 1387//1387 1389//1389
f 3543//3543 1356//1356 1388//1388 1387//1387
f 3540//3540 3545//3545 1389//1389 1390//1390
f 2938//2938 3540//3540 1390//1390 1391//1391
f 1414//1414 1415//1415 1391//1391 1386//1386
f 1391//1391 1415//1415 1416//1416 2938//2938
f 1395//1395 1396//1396 1392//1392 1393//1393
f 1397//1397 1394//1394 1392//1392 1396//1396
f 2742//2742 2738//2738 1394//1394 1397//1397
f 2937//2937 2935//2935 1395//1395 3544//3544
f 1395//1395 1393//1393 3542//3542 3544//3544
f 1398//1398 1397//1397 1396//1396 2933//2933
f 2935//2935 2933//2933 1396//1396 1395//1395
f 2746//2746 2742//2742 1397//1397 1398//1398
f 1399//1399 1400//1400 1398//1398 2933//2933
f 2750//2750 2746//2746 1398//1398 1400//1400
f 1399//1399 2934//2934 2871//2871 2870//2870
f 1400//1400 1399//1399 2870//2870 2777//2777
f 1401//1401 1403//1403 1407//1407 1404//1404
f 1403//1403 1401//1401 1402//1402 1253//1253
f 1405//1405 1401//1401 1404//1404 1414//1414
f 1404//1404 1411//1411 1415//1415 1414//1414
f 1407//1407 1408//1408 1406//1406 1410//1410
f 1429//1429 1409//1409 1406//1406 1270//1270
f 1407//1407 1410//1410 1411//1411 1404//1404
f 1407//1407 1403//1403 3085//3085 1408//1408
f 1410//1410 1406//1406 1409//1409 1413//1413
f 1418//1418 1413//1413 1409//1409 1424//1424
f 1413//1413 1412//1412 1411//1411 1410//1410
f 1412//1412 1416//1416 1415//1415 1411//1411
f 1418//1418 1417//1417 1412//1412 1413//1413
f 1412//1412 1417//1417 2872//2872 1416//1416
f 2936//2936 2938//2938 1416//1416 2872//2872
f 1420//1420 1419//1419 1417//1417 1418//1418
f 1417//1417 1419//1419 2871//2871 2872//2872
f 1419//1419 2869//2869 2870//2870 2871//2871
f 1420//1420 1418//1418 1424//1424 1426//1426
f 2869//2869 1419//1419 1420//1420 1425//1425
f 1422//1422 1423//1423 1421//1421 3232//3232
f 1421//1421 2869//2869 1425//1425 3232//3232
f 1421//1421 1423//1423 2778//2778 2777//2777
f 3471//3471 2769//2769 1422//1422 3472//3472
f 2769//2769 2770//2770 1423//1423 1422//1422
f 1424//1424 1409//1409 1429//1429 1428//1428
f 1425//1425 1420//1420 1426//1426 3470//3470
f 1426//1426 1424//1424 1428//1428 1430//1430
f 1431//1431 1430//1430 1428//1428 1427//1427
f 3398//3398 3425//3425 1430//1430 1431//1431
f 1430//1430 3425//3425 3470//3470 1426//1426
f 3340//3340 1433//1433 1432//1432 3338//3338
f 1434//1434 1432//1432 1433//1433 1436//1436
f 1435//1435 1436//1436 1433//1433 1437//1437
f 1446//1446 1444//1444 1434//1434 1436//1436
f 1434//1434 1573//1573 1574//1574 1432//1432
f 1446//1446 1436//1436 1435//1435 1454//1454
f 1438//1438 1435//1435 1437//1437 1440//1440
f 1437//1437 1433//1433 3340//3340 3337//3337
f 1454//1454 1435//1435 1438//1438 1456//1456
f 1439//1439 1438//1438 1440//1440 1576//1576
f 1456//1456 1438//1438 1439//1439 1458//1458
f 1575//1575 1466//1466 1439//1439 1576//1576
f 1440//1440 1560//1560 1563//1563 1576//1576
f 3337//3337 1560//1560 1440//1440 1437//1437
f 1451//1451 1450//1450 1441//1441 1447//1447
f 1441//1441 160//160 2903//2903 2902//2902
f 1442//1442 1443//1443 1444//1444 1446//1446
f 1449//1449 1448//1448 1442//1442 1445//1445
f 1448//1448 1447//1447 1443//1443 1442//1442
f 2840//2840 1444//1444 1443//1443 2902//2902
f 1444//1444 2840//2840 1573//1573 1434//1434
f 1445//1445 1442//1442 1446//1446 1454//1454
f 1459//1459 1449//1449 1445//1445 1453//1453
f 1447//1447 1441//1441 2902//2902 1443//1443
f 1451//1451 1447//1447 1448//1448 1452//1452
f 1452//1452 1448//1448 1449//1449 1462//1462
f 1471//1471 1450//1450 1451//1451 1472//1472
f 1472//1472 1451//1451 1452//1452 1473//1473
f 1474//1474 1473//1473 1452//1452 1462//1462
f 1453//1453 1445//1445 1454//1454 1456//1456
f 1460//1460 1459//1459 1453//1453 1455//1455
f 1455//1455 1453//1453 1456//1456 1458//1458
f 1455//1455 1458//1458 1457//1457 1461//1461
f 1457//1457 1466//1466 1467//1467 3100//3100
f 1466//1466 1457//1457 1458//1458 1439//1439
f 1462//1462 1449//1449 1459//1459 1463//1463
f 1460//1460 1455//1455 1461//1461 3224//3224
f 1463//1463 1459//1459 1460//1460 1464//1464
f 1465//1465 1464//1464 1460//1460 3224//3224
f 3100//3100 3099//3099 1461//1461 1457//1457
f 3106//3106 3224//3224 1461//1461 3099//3099
f 1484//1484 1474//1474 1462//1462 1463//1463
f 1485//1485 1484//1484 1463//1463 1464//1464
f 1485//1485 1464//1464 1465//1465 1489//1489
f 1497//1497 1489//1489 1465//1465 1500//1500
f 3123//3123 1467//1467 1466//1466 1575//1575
f 1467//1467 1581//1581 1580//1580 3100//3100
f 1467//1467 3123//3123 1583//1583 1581//1581
f 1582//1582 1469//1469 1468//1468 1580//1580
f 3106//3106 3099//3099 1468//1468 1470//1470
f 1470//1470 1468//1468 1469//1469 3124//3124
f 1469//1469 1579//1579 1506//1506 3124//3124
f 1475//1475 1471//1471 1472//1472 1476//1476
f 1476//1476 1472//1472 1473//1473 1477//1477
f 1478//1478 1477//1477 1473//1473 1474//1474
f 1486//1486 1478//1478 1474//1474 1484//1484
f 1479//1479 186//186 1475//1475 1480//1480
f 1480//1480 1475//1475 1476//1476 1481//1481
f 1481//1481 1476//1476 1477//1477 1482//1482
f 1483//1483 1482//1482 1477//1477 1478//1478
f 1490//1490 1483//1483 1478//1478 1486//1486
f 1479//1479 1480//1480 1514//1514 213//213
f 1480//1480 1481//1481 1515//1515 1514//1514
f 1481//1481 1482//1482 1517//1517 1515//1515
f 1482//1482 1483//1483 1494//1494 1517//1517
f 1493//1493 1494//1494 1483//1483 1490//1490
f 1487//1487 1486//1486 1484//1484 1485//1485
f 1488//1488 1487//1487 1485//1485 1489//1489
f 1491//1491 1490//1490 1486//1486 1487//1487
f 1492//1492 1491//1491 1487//1487 1488//1488
f 1498//1498 1488//1488 1489//1489 1497//1497
f 1495//1495 1493//1493 1490//1490 1491//1491
f 1492//1492 1496//1496 1495//1495 1491//1491
f 1498//1498 3539//3539 1492//1492 1488//1488
f 1501//1501 1496//1496 1492//1492 3539//3539
f 1534//1534 1533//1533 1493//1493 1495//1495
f 1519//1519 1517//1517 1494//1494 1523//1523
f 1533//1533 1523//1523 1494//1494 1493//1493
f 1503//1503 3187//3187 1496//1496 1501//1501
f 1496//1496 3187//3187 1534//1534 1495//1495
f 1497//1497 1500//1500 1499//1499 3133//3133
f 1510//1510 3539//3539 1498//1498 1507//1507
f 1498//1498 1497//1497 3133//3133 1507//1507
f 1499//1499 1500//1500 3106//3106 1470//1470
f 3124//3124 1505//1505 1499//1499 1470//1470
f 1500//1500 1465//1465 3224//3224 3106//3106
f 1510//1510 1502//1502 1501//1501 3539//3539
f 1503//1503 1501//1501 1502//1502 1513//1513
f 1503//1503 1547//1547 1540//1540 3187//3187
f 1504//1504 1508//1508 1507//1507 3133//3133
f 1506//1506 1504//1504 1505//1505 3124//3124
f 1505//1505 1504//1504 3133//3133 1499//1499
f 1506//1506 1509//1509 1508//1508 1504//1504
f 1511//1511 1510//1510 1507//1507 1508//1508
f 1509//1509 1597//1597 1511//1511 1508//1508
f 1579//1579 3131//3131 1509//1509 1506//1506
f 1509//1509 3131//3131 1598//1598 1597//1597
f 1512//1512 1502//1502 1510//1510 1511//1511
f 1596//1596 1512//1512 1511//1511 1597//1597
f 1513//1513 1502//1502 1512//1512 1611//1611
f 1547//1547 1503//1503 1513//1513 1613//1613
f 1513//1513 1611//1611 1612//1612 1613//1613
f 1516//1516 1514//1514 1515//1515 1518//1518
f 1520//1520 218//218 1516//1516 1521//1521
f 1518//1518 1515//1515 1517//1517 1519//1519
f 1521//1521 1516//1516 1518//1518 1522//1522
f 1522//1522 1518//1518 1519//1519 1524//1524
f 1520//1520 1521//1521 1525//1525 225//225
f 1521//1521 1522//1522 1527//1527 1525//1525
f 1522//1522 1524//1524 1529//1529 1527//1527
f 1524//1524 1519//1519 1523//1523 2906//2906
f 1525//1525 1527//1527 1528//1528 1526//1526
f 1526//1526 1528//1528 2832//2832 2834//2834
f 1527//1527 1529//1529 1530//1530 1528//1528
f 1528//1528 1530//1530 2830//2830 2832//2832
f 1529//1529 1531//1531 1532//1532 1530//1530
f 2906//2906 1531//1531 1529//1529 1524//1524
f 1530//1530 1532//1532 2828//2828 2830//2830
f 1535//1535 1538//1538 1531//1531 2906//2906
f 2864//2864 1532//1532 1531//1531 1538//1538
f 1532//1532 2864//2864 2825//2825 2828//2828
f 1536//1536 1535//1535 1533//1533 1534//1534
f 1533//1533 1535//1535 2906//2906 1523//1523
f 1537//1537 1538//1538 1535//1535 1536//1536
f 3187//3187 1540//1540 1536//1536 1534//1534
f 1540//1540 1539//1539 1537//1537 1536//1536
f 2864//2864 1538//1538 1537//1537 1543//1543
f 1539//1539 1546//1546 1543//1543 1537//1537
f 1545//1545 1546//1546 1539//1539 1609//1609
f 1540//1540 1547//1547 1609//1609 1539//1539
f 1541//1541 1542//1542 1543//1543 1546//1546
f 1545//1545 1544//1544 1541//1541 1546//1546
f 2826//2826 1542//1542 1541//1541 3221//3221
f 2864//2864 1543//1543 1542//1542 2825//2825
f 1544//1544 1545//1545 1548//1548 2930//2930
f 1544//1544 1549//1549 3221//3221 1541//1541
f 1610//1610 1548//1548 1545//1545 1609//1609
f 1610//1610 1609//1609 1547//1547 1613//1613
f 1617//1617 2930//2930 1548//1548 1615//1615
f 1549//1549 1550//1550 1551//1551 3443//3443
f 2930//2930 1550//1550 1549//1549 1544//1544
f 1635//1635 1551//1551 1550//1550 3022//3022
f 1551//1551 1624//1624 1626//1626 3443//3443
f 1629//1629 1624//1624 1551//1551 1635//1635
f 1552//1552 1554//1554 1555//1555 3378//3378
f 1554//1554 1552//1552 1553//1553 3215//3215
f 3204//3204 3215//3215 1553//1553 3216//3216
f 1556//1556 1555//1555 1554//1554 1557//1557
f 1662//1662 1557//1557 1554//1554 3215//3215
f 3339//3339 3344//3344 1555//1555 1556//1556
f 1556//1556 1558//1558 3377//3377 3339//3339
f 1558//1558 1556//1556 1557//1557 1569//1569
f 1664//1664 1569//1569 1557//1557 1662//1662
f 1558//1558 1566//1566 1561//1561 3377//3377
f 1560//1560 1561//1561 1559//1559 1563//1563
f 1559//1559 1565//1565 1567//1567 1562//1562
f 3377//3377 1561//1561 1560//1560 3337//3337
f 1561//1561 1566//1566 1565//1565 1559//1559
f 1563//1563 1559//1559 1562//1562 1564//1564
f 1576//1576 1563//1563 1564//1564 1575//1575
f 1578//1578 1577//1577 1564//1564 1562//1562
f 1568//1568 1567//1567 1565//1565 1570//1570
f 1566//1566 1558//1558 1569//1569 1571//1571
f 1566//1566 1571//1571 1570//1570 1565//1565
f 1567//1567 2806//2806 1578//1578 1562//1562
f 1567//1567 1568//1568 1667//1667 2806//2806
f 1568//1568 1570//1570 1666//1666 1668//1668
f 1665//1665 1571//1571 1569//1569 1664//1664
f 1570//1570 1571//1571 1665//1665 1666//1666
f 1573//1573 276//276 1572//1572 1574//1574
f 3343//3343 1574//1574 1572//1572 3345//3345
f 3338//3338 1432//1432 1574//1574 3343//3343
f 1575//1575 1564//1564 1577//1577 3123//3123
f 1578//1578 2806//2806 3130//3130 1669//1669
f 1578//1578 1669//1669 3132//3132 1577//1577
f 1579//1579 1469//1469 1582//1582 1587//1587
f 1599//1599 3131//3131 1579//1579 1587//1587
f 3099//3099 3100//3100 1580//1580 1468//1468
f 1581//1581 1585//1585 1582//1582 1580//1580
f 1586//1586 1587//1587 1582//1582 1585//1585
f 1583//1583 1584//1584 1585//1585 1581//1581
f 1591//1591 1584//1584 1583//1583 3132//3132
f 1584//1584 1593//1593 1586//1586 1585//1585
f 1584//1584 1591//1591 1592//1592 1593//1593
f 1586//1586 1589//1589 1599//1599 1587//1587
f 1589//1589 1590//1590 1588//1588 1599//1599
f 1588//1588 1602//1602 1603//1603 1598//1598
f 1604//1604 1602//1602 1588//1588 1590//1590
f 1593//1593 1594//1594 1589//1589 1586//1586
f 1590//1590 1589//1589 1594//1594 3122//3122
f 1605//1605 1604//1604 1590//1590 3122//3122
f 1595//1595 1592//1592 1591//1591 1670//1670
f 1669//1669 1670//1670 1591//1591 3132//3132
f 1592//1592 1595//1595 1682//1682 3120//3120
f 3120//3120 1594//1594 1593//1593 1592//1592
f 1680//1680 3122//3122 1594//1594 3120//3120
f 1595//1595 1674//1674 1675//1675 1682//1682
f 1596//1596 1597//1597 1598//1598 1603//1603
f 1600//1600 1601//1601 1596//1596 1603//1603
f 1596//1596 1601//1601 1611//1611 1512//1512
f 1599//1599 1588//1588 1598//1598 3131//3131
f 1600//1600 1621//1621 1620//1620 1601//1601
f 1606//1606 1600//1600 1603//1603 1602//1602
f 1606//1606 1602//1602 1604//1604 1709//1709
f 1708//1708 1709//1709 1604//1604 1605//1605
f 1680//1680 1681//1681 1605//1605 3122//3122
f 1607//1607 1608//1608 1606//1606 1709//1709
f 1621//1621 1600//1600 1606//1606 1608//1608
f 1708//1708 3119//3119 1607//1607 1709//1709
f 1608//1608 3129//3129 1622//1622 1621//1621
f 1608//1608 1607//1607 1710//1710 3129//3129
f 1610//1610 1613//1613 1612//1612 1614//1614
f 1615//1615 1548//1548 1610//1610 1614//1614
f 1620//1620 1612//1612 1611//1611 1601//1601
f 1616//1616 1615//1615 1614//1614 3121//3121
f 1620//1620 3121//3121 1614//1614 1612//1612
f 1618//1618 1617//1617 1615//1615 1616//1616
f 1622//1622 1623//1623 1616//1616 3121//3121
f 1617//1617 1618//1618 1619//1619 3022//3022
f 1618//1618 1616//1616 1623//1623 3050//3050
f 1618//1618 3050//3050 1730//1730 1619//1619
f 1619//1619 1636//1636 1635//1635 3022//3022
f 1619//1619 1730//1730 3056//3056 1636//1636
f 1620//1620 1621//1621 1622//1622 3121//3121
f 1622//1622 3129//3129 1731//1731 1623//1623
f 1625//1625 1626//1626 1624//1624 1628//1628
f 1627//1627 1628//1628 1624//1624 1629//1629
f 3502//3502 3285//3285 1625//1625 3501//3501
f 1626//1626 3175//3175 3176//3176 3443//3443
f 1626//1626 1625//1625 3285//3285 3175//3175
f 1637//1637 1634//1634 1627//1627 1629//1629
f 1628//1628 1627//1627 1631//1631 1630//1630
f 3501//3501 1625//1625 1628//1628 1630//1630
f 1632//1632 1630//1630 1631//1631 1633//1633
f 1631//1631 1627//1627 1634//1634 1638//1638
f 1640//1640 1633//1633 1631//1631 1638//1638
f 3501//3501 1630//1630 1632//1632 3488//3488
f 1633//1633 1645//1645 1646//1646 1632//1632
f 1635//1635 1636//1636 1637//1637 1629//1629
f 3058//3058 1637//1637 1636//1636 3056//3056
f 1639//1639 1634//1634 1637//1637 3058//3058
f 1639//1639 3168//3168 1638//1638 1634//1634
f 1641//1641 1640//1640 1638//1638 3168//3168
f 3048//3048 3168//3168 1639//1639 3049//3049
f 1640//1640 1649//1649 1645//1645 1633//1633
f 1640//1640 1641//1641 1654//1654 1649//1649
f 1641//1641 1741//1741 1742//1742 1654//1654
f 1641//1641 3168//3168 3048//3048 1741//1741
f 1643//1643 1644//1644 1642//1642 3376//3376
f 3289//3289 3288//3288 1642//1642 3491//3491
f 3359//3359 3491//3491 1642//1642 1644//1644
f 1643//1643 3490//3490 3478//3478 3479//3479
f 1643//1643 3479//3479 3480//3480 1644//1644
f 1645//1645 1647//1647 1648//1648 1646//1646
f 1646//1646 1648//1648 3475//3475 3476//3476
f 3488//3488 1632//1632 1646//1646 3476//3476
f 1647//1647 1645//1645 1649//1649 1651//1651
f 1650//1650 1648//1648 1647//1647 1652//1652
f 1648//1648 1650//1650 3474//3474 3475//3475
f 1652//1652 1647//1647 1651//1651 1658//1658
f 1651//1651 1649//1649 1654//1654 1657//1657
f 1653//1653 1650//1650 1652//1652 1655//1655
f 1652//1652 1658//1658 1659//1659 1655//1655
f 3474//3474 1650//1650 1653//1653 3459//3459
f 1754//1754 1657//1657 1654//1654 1742//1742
f 1656//1656 1653//1653 1655//1655 1755//1755
f 1756//1756 1755//1755 1655//1655 1659//1659
f 1660//1660 1661//1661 1656//1656 1755//1755
f 1656//1656 1661//1661 3226//3226 3447//3447
f 3459//3459 1653//1653 1656//1656 3447//3447
f 1657//1657 1758//1758 1658//1658 1651//1651
f 1657//1657 1754//1754 1759//1759 1758//1758
f 1658//1658 1758//1758 1760//1760 1659//1659
f 1757//1757 1756//1756 1659//1659 1760//1760
f 1756//1756 3027//3027 1660//1660 1755//1755
f 1660//1660 3379//3379 1770//1770 1661//1661
f 1774//1774 3379//3379 1660//1660 3027//3027
f 1661//1661 1770//1770 1769//1769 3226//3226
f 3204//3204 1663//1663 1662//1662 3215//3215
f 1664//1664 1662//1662 1663//1663 3203//3203
f 3211//3211 3209//3209 1663//1663 3204//3204
f 1667//1667 1568//1568 1668//1668 2981//2981
f 1671//1671 1670//1670 1669//1669 3130//3130
f 1670//1670 1671//1671 1674//1674 1595//1595
f 1672//1672 1673//1673 1671//1671 3130//3130
f 1672//1672 3130//3130 2806//2806 1667//1667
f 2981//2981 3105//3105 1672//1672 1667//1667
f 1674//1674 1671//1671 1673//1673 1679//1679
f 3105//3105 1677//1677 1673//1673 1672//1672
f 1676//1676 1675//1675 1674//1674 1679//1679
f 1684//1684 1685//1685 1675//1675 1676//1676
f 1678//1678 1828//1828 1676//1676 1679//1679
f 1677//1677 1678//1678 1679//1679 1673//1673
f 1827//1827 1678//1678 1677//1677 3116//3116
f 1829//1829 1828//1828 1678//1678 1827//1827
f 1682//1682 1683//1683 1680//1680 3120//3120
f 1686//1686 1681//1681 1680//1680 1683//1683
f 1691//1691 1714//1714 1681//1681 1686//1686
f 1681//1681 1714//1714 1708//1708 1605//1605
f 1685//1685 1683//1683 1682//1682 1675//1675
f 1692//1692 1688//1688 1684//1684 3103//3103
f 1828//1828 3103//3103 1684//1684 1676//1676
f 1684//1684 1688//1688 3104//3104 1685//1685
f 1685//1685 3104//3104 1686//1686 1683//1683
f 1688//1688 1689//1689 1687//1687 3104//3104
f 1869//1869 1690//1690 1687//1687 1689//1689
f 1692//1692 1693//1693 1689//1689 1688//1688
f 1689//1689 1693//1693 1872//1872 1869//1869
f 1691//1691 1687//1687 1690//1690 3188//3188
f 2818//2818 3188//3188 1690//1690 1870//1870
f 3104//3104 1687//1687 1691//1691 1686//1686
f 1693//1693 1692//1692 1831//1831 1874//1874
f 1693//1693 1874//1874 1875//1875 1872//1872
f 2822//2822 1695//1695 1694//1694 2991//2991
f 1695//1695 2822//2822 1842//1842 1840//1840
f 1695//1695 1840//1840 3486//3486 486//486
f 1696//1696 1698//1698 1699//1699 1697//1697
f 1697//1697 1699//1699 2991//2991 1694//1694
f 1704//1704 1705//1705 1698//1698 1696//1696
f 1706//1706 1701//1701 1698//1698 1705//1705
f 1701//1701 1700//1700 1699//1699 1698//1698
f 1699//1699 1700//1700 2990//2990 2991//2991
f 1703//1703 1702//1702 1700//1700 1701//1701
f 1700//1700 1702//1702 2989//2989 2990//2990
f 1707//1707 1703//1703 1701//1701 1706//1706
f 1719//1719 1718//1718 1702//1702 1703//1703
f 1702//1702 1718//1718 2988//2988 2989//2989
f 1723//1723 1719//1719 1703//1703 1707//1707
f 1887//1887 1705//1705 1704//1704 1886//1886
f 1706//1706 1705//1705 1887//1887 1889//1889
f 1707//1707 1706//1706 1889//1889 1888//1888
f 1713//1713 3119//3119 1708//1708 1714//1714
f 1710//1710 1711//1711 1712//1712 3128//3128
f 1710//1710 1607//1607 3119//3119 1711//1711
f 1711//1711 3119//3119 1713//1713 1717//1717
f 3117//3117 1712//1712 1711//1711 1717//1717
f 1716//1716 1717//1717 1713//1713 1715//1715
f 1715//1715 1713//1713 1714//1714 1691//1691
f 1722//1722 1716//1716 1715//1715 3189//3189
f 3188//3188 3189//3189 1715//1715 1691//1691
f 3573//3573 1727//1727 1716//1716 1722//1722
f 1727//1727 3117//3117 1717//1717 1716//1716
f 1721//1721 1720//1720 1718//1718 1719//1719
f 1718//1718 1720//1720 2987//2987 2988//2988
f 1724//1724 1721//1721 1719//1719 1723//1723
f 3189//3189 2987//2987 1720//1720 1722//1722
f 1722//1722 1720//1720 1721//1721 3573//3573
f 1721//1721 1724//1724 1725//1725 3573//3573
f 1723//1723 1707//1707 1888//1888 1898//1898
f 1724//1724 1723//1723 1898//1898 1900//1900
f 1725//1725 1726//1726 1727//1727 3573//3573
f 1896//1896 1726//1726 1725//1725 1902//1902
f 1725//1725 1724//1724 1900//1900 1902//1902
f 1727//1727 1726//1726 3086//3086 3117//3117
f 1728//1728 1729//1729 1730//1730 3050//3050
f 1729//1729 1728//1728 1732//1732 1733//1733
f 1729//1729 1733//1733 1735//1735 3057//3057
f 1729//1729 3057//3057 3056//3056 1730//1730
f 1732//1732 1728//1728 1731//1731 3128//3128
f 1731//1731 1728//1728 3050//3050 1623//1623
f 1733//1733 1732//1732 1734//1734 3118//3118
f 1733//1733 3118//3118 1738//1738 1735//1735
f 1734//1734 3086//3086 1736//1736 3118//3118
f 3117//3117 3086//3086 1734//1734 1712//1712
f 3128//3128 1712//1712 1734//1734 1732//1732
f 1735//1735 1750//1750 3055//3055 3057//3057
f 1736//1736 1737//1737 1738//1738 3118//3118
f 1737//1737 1736//1736 1896//1896 1897//1897
f 1750//1750 1735//1735 1738//1738 1751//1751
f 3153//3153 1751//1751 1738//1738 1737//1737
f 1739//1739 1740//1740 1741//1741 3048//3048
f 1743//1743 1740//1740 1739//1739 1745//1745
f 1739//1739 3048//3048 3049//3049 3565//3565
f 1742//1742 1741//1741 1740//1740 1744//1744
f 3063//3063 1754//1754 1742//1742 1744//1744
f 1743//1743 3046//3046 1744//1744 1740//1740
f 1743//1743 1746//1746 3047//3047 3046//3046
f 1746//1746 1743//1743 1745//1745 1920//1920
f 1745//1745 1752//1752 1917//1917 1920//1920
f 3565//3565 1752//1752 1745//1745 1739//1739
f 1746//1746 3070//3070 1921//1921 3047//3047
f 1748//1748 1749//1749 1747//1747 3063//3063
f 1754//1754 3063//3063 1747//1747 1759//1759
f 1747//1747 1762//1762 1763//1763 1759//1759
f 1749//1749 1748//1748 1753//1753 1919//1919
f 1749//1749 1767//1767 1762//1762 1747//1747
f 1749//1749 1919//1919 1940//1940 1767//1767
f 1750//1750 1751//1751 1752//1752 3565//3565
f 1751//1751 3153//3153 1917//1917 1752//1752
f 3046//3046 3047//3047 1753//1753 1748//1748
f 1757//1757 1761//1761 1766//1766 1776//1776
f 1757//1757 1776//1776 3027//3027 1756//1756
f 1760//1760 1758//1758 1759//1759 1763//1763
f 1761//1761 1757//1757 1760//1760 1763//1763
f 1762//1762 1764//1764 1761//1761 1763//1763
f 1762//1762 1767//1767 1768//1768 1764//1764
f 1764//1764 1765//1765 1766//1766 1761//1761
f 1768//1768 1937//1937 1765//1765 1764//1764
f 3062//3062 1778//1778 1766//1766 1765//1765
f 1938//1938 1937//1937 1768//1768 1939//1939
f 1940//1940 1939//1939 1768//1768 1767//1767
f 1769//1769 1771//1771 3233//3233 3225//3225
f 1771//1771 1769//1769 1770//1770 1772//1772
f 1773//1773 1772//1772 1770//1770 3379//3379
f 1771//1771 1772//1772 1793//1793 1791//1791
f 1772//1772 1773//1773 1797//1797 1793//1793
f 1774//1774 1775//1775 1773//1773 3379//3379
f 1776//1776 1777//1777 1774//1774 3027//3027
f 1777//1777 1779//1779 1775//1775 1774//1774
f 1775//1775 1779//1779 1780//1780 2997//2997
f 1775//1775 2997//2997 1797//1797 1773//1773
f 1778//1778 1777//1777 1776//1776 1766//1766
f 1778//1778 1948//1948 1779//1779 1777//1777
f 1780//1780 1781//1781 1782//1782 2997//2997
f 1948//1948 1949//1949 1780//1780 1779//1779
f 1781//1781 1976//1976 1801//1801 1782//1782
f 1949//1949 1951//1951 1781//1781 1780//1780
f 1781//1781 1951//1951 1952//1952 1976//1976
f 1784//1784 577//577 1783//1783 1786//1786
f 3243//3243 1785//1785 1783//1783 3244//3244
f 1784//1784 1786//1786 3253//3253 3254//3254
f 1786//1786 1783//1783 1785//1785 1788//1788
f 3238//3238 1787//1787 1785//1785 3243//3243
f 1786//1786 1788//1788 3252//3252 3253//3253
f 1788//1788 1785//1785 1787//1787 1790//1790
f 1790//1790 1787//1787 1789//1789 1792//1792
f 3238//3238 3233//3233 1789//1789 1787//1787
f 1790//1790 3422//3422 3252//3252 1788//1788
f 1792//1792 1789//1789 1791//1791 1794//1794
f 3233//3233 1771//1771 1791//1791 1789//1789
f 1792//1792 1804//1804 3422//3422 1790//1790
f 1794//1794 1791//1791 1793//1793 1796//1796
f 1795//1795 1796//1796 1793//1793 1797//1797
f 1798//1798 1799//1799 1794//1794 1796//1796
f 1794//1794 1799//1799 1804//1804 1792//1792
f 1795//1795 1800//1800 1798//1798 1796//1796
f 1801//1801 1800//1800 1795//1795 1782//1782
f 2997//2997 1782//1782 1795//1795 1797//1797
f 1806//1806 1805//1805 1798//1798 1800//1800
f 1805//1805 1802//1802 1799//1799 1798//1798
f 1800//1800 1801//1801 1972//1972 1806//1806
f 1802//1802 1803//1803 1804//1804 1799//1799
f 1807//1807 1803//1803 1802//1802 1808//1808
f 3422//3422 1804//1804 1803//1803 3388//3388
f 1808//1808 1802//1802 1805//1805 1809//1809
f 1809//1809 1805//1805 1806//1806 3397//3397
f 1806//1806 1972//1972 1980//1980 3397//3397
f 1967//1967 1968//1968 1807//1807 1973//1973
f 3388//3388 1803//1803 1807//1807 1968//1968
f 1808//1808 1809//1809 1811//1811 1974//1974
f 1973//1973 1807//1807 1808//1808 1974//1974
f 1810//1810 1811//1811 1809//1809 3397//3397
f 1975//1975 1811//1811 1810//1810 1983//1983
f 1811//1811 1975//1975 1977//1977 1974//1974
f 1814//1814 1815//1815 1812//1812 1813//1813
f 1816//1816 2982//2982 1812//1812 1815//1815
f 1820//1820 1814//1814 1813//1813 1819//1819
f 1818//1818 1817//1817 1815//1815 1814//1814
f 1816//1816 1815//1815 1817//1817 3116//3116
f 2981//2981 2982//2982 1816//1816 3105//3105
f 1824//1824 1830//1830 1817//1817 1818//1818
f 1818//1818 1814//1814 1820//1820 1822//1822
f 1823//1823 1824//1824 1818//1818 1822//1822
f 1820//1820 1819//1819 1821//1821 1825//1825
f 1820//1820 1825//1825 1826//1826 1822//1822
f 2024//2024 1825//1825 1821//1821 3137//3137
f 1823//1823 1822//1822 1826//1826 3113//3113
f 2022//2022 2021//2021 1823//1823 3113//3113
f 1823//1823 2021//2021 3102//3102 1824//1824
f 2024//2024 3136//3136 1826//1826 1825//1825
f 1829//1829 1827//1827 1830//1830 1834//1834
f 1829//1829 1832//1832 3103//3103 1828//1828
f 3102//3102 1834//1834 1830//1830 1824//1824
f 3116//3116 1817//1817 1830//1830 1827//1827
f 1873//1873 1874//1874 1831//1831 1833//1833
f 1831//1831 1692//1692 3103//3103 1832//1832
f 1833//1833 1831//1831 1832//1832 1835//1835
f 1832//1832 1829//1829 1834//1834 1835//1835
f 1833//1833 1836//1836 1837//1837 1873//1873
f 1834//1834 3102//3102 3101//3101 1835//1835
f 1836//1836 1833//1833 1835//1835 3101//3101
f 2037//2037 2039//2039 1836//1836 3101//3101
f 1836//1836 2039//2039 2041//2041 1837//1837
f 2068//2068 2823//2823 1837//1837 2041//2041
f 1838//1838 1839//1839 1840//1840 1842//1842
f 1850//1850 1848//1848 1838//1838 1841//1841
f 1848//1848 1845//1845 1839//1839 1838//1838
f 3486//3486 1840//1840 1839//1839 628//628
f 1841//1841 1838//1838 1842//1842 1844//1844
f 1852//1852 1850//1850 1841//1841 1843//1843
f 1843//1843 1841//1841 1844//1844 1866//1866
f 1877//1877 1852//1852 1843//1843 1865//1865
f 2822//2822 2821//2821 1844//1844 1842//1842
f 1848//1848 1847//1847 1846//1846 1845//1845
f 1854//1854 1853//1853 1846//1846 1847//1847
f 1846//1846 1853//1853 2882//2882 633//633
f 1850//1850 1849//1849 1847//1847 1848//1848
f 1855//1855 1854//1854 1847//1847 1849//1849
f 1852//1852 1851//1851 1849//1849 1850//1850
f 1856//1856 1855//1855 1849//1849 1851//1851
f 1877//1877 1876//1876 1851//1851 1852//1852
f 1879//1879 1856//1856 1851//1851 1876//1876
f 1858//1858 1857//1857 1853//1853 1854//1854
f 1853//1853 1857//1857 2881//2881 2882//2882
f 1859//1859 1858//1858 1854//1854 1855//1855
f 1860//1860 1859//1859 1855//1855 1856//1856
f 1882//1882 1860//1860 1856//1856 1879//1879
f 1858//1858 1861//1861 1862//1862 1857//1857
f 1859//1859 1863//1863 1861//1861 1858//1858
f 1860//1860 1864//1864 1863//1863 1859//1859
f 1861//1861 2050//2050 2051//2051 1862//1862
f 2881//2881 1857//1857 1862//1862 3514//3514
f 1863//1863 2052//2052 2050//2050 1861//1861
f 1882//1882 1884//1884 1864//1864 1860//1860
f 1864//1864 2053//2053 2052//2052 1863//1863
f 1865//1865 1843//1843 1866//1866 1868//1868
f 1871//1871 1877//1877 1865//1865 1867//1867
f 2821//2821 2820//2820 1866//1866 1844//1844
f 1867//1867 1865//1865 1868//1868 1870//1870
f 1872//1872 1871//1871 1867//1867 1869//1869
f 2820//2820 2819//2819 1868//1868 1866//1866
f 1869//1869 1867//1867 1870//1870 1690//1690
f 2819//2819 2818//2818 1870//1870 1868//1868
f 1871//1871 1872//1872 1875//1875 1878//1878
f 1871//1871 1878//1878 1876//1876 1877//1877
f 1875//1875 1874//1874 1873//1873 1881//1881
f 1873//1873 1837//1837 2823//2823 1881//1881
f 1875//1875 1881//1881 1880//1880 1878//1878
f 1880//1880 1879//1879 1876//1876 1878//1878
f 1883//1883 1882//1882 1879//1879 1880//1880
f 1881//1881 2823//2823 1883//1883 1880//1880
f 1883//1883 1885//1885 1884//1884 1882//1882
f 1883//1883 2823//2823 2068//2068 1885//1885
f 1884//1884 2066//2066 2053//2053 1864//1864
f 1885//1885 2067//2067 2066//2066 1884//1884
f 1894//1894 1887//1887 1886//1886 1892//1892
f 1890//1890 1889//1889 1887//1887 1894//1894
f 1888//1888 1889//1889 1890//1890 1899//1899
f 3496//3496 3495//3495 1891//1891 667//667
f 1893//1893 1894//1894 1892//1892 1891//1891
f 3495//3495 3493//3493 1893//1893 1891//1891
f 1895//1895 1890//1890 1894//1894 1893//1893
f 1899//1899 1890//1890 1895//1895 1911//1911
f 3493//3493 3492//3492 1895//1895 1893//1893
f 1903//1903 1897//1897 1896//1896 1902//1902
f 3086//3086 1726//1726 1896//1896 1736//1736
f 1897//1897 1909//1909 3153//3153 1737//1737
f 1898//1898 1888//1888 1899//1899 1901//1901
f 1905//1905 1901//1901 1899//1899 1911//1911
f 1900//1900 1898//1898 1901//1901 1904//1904
f 1903//1903 1902//1902 1900//1900 1904//1904
f 1906//1906 1904//1904 1901//1901 1905//1905
f 1906//1906 1907//1907 1903//1903 1904//1904
f 1909//1909 1897//1897 1903//1903 1907//1907
f 1914//1914 1906//1906 1905//1905 1912//1912
f 1914//1914 1910//1910 1907//1907 1906//1906
f 1908//1908 1924//1924 1920//1920 1917//1917
f 1928//1928 1924//1924 1908//1908 1910//1910
f 1908//1908 1917//1917 3153//3153 1909//1909
f 1910//1910 1908//1908 1909//1909 1907//1907
f 1910//1910 1914//1914 1915//1915 1928//1928
f 1912//1912 1905//1905 1911//1911 1913//1913
f 3492//3492 1913//1913 1911//1911 1895//1895
f 1915//1915 1914//1914 1912//1912 1916//1916
f 1916//1916 1912//1912 1913//1913 3515//3515
f 3518//3518 3515//3515 1913//1913 3492//3492
f 1915//1915 1916//1916 2093//2093 2094//2094
f 1916//1916 3515//3515 2944//2944 2093//2093
f 1919//1919 1753//1753 1918//1918 1923//1923
f 1918//1918 1922//1922 3045//3045 1923//1923
f 1918//1918 1753//1753 3047//3047 1921//1921
f 1925//1925 1940//1940 1919//1919 1923//1923
f 3070//3070 1746//1746 1920//1920 1924//1924
f 1922//1922 1918//1918 1921//1921 1933//1933
f 1924//1924 1928//1928 1930//1930 3070//3070
f 3045//3045 1926//1926 1925//1925 1923//1923
f 1927//1927 1925//1925 1926//1926 1929//1929
f 1926//1926 3045//3045 1934//1934 1931//1931
f 1927//1927 1939//1939 1940//1940 1925//1925
f 1928//1928 3574//3574 1932//1932 1930//1930
f 1929//1929 1926//1926 1931//1931 1936//1936
f 1929//1929 3069//3069 3151//3151 1927//1927
f 1933//1933 1930//1930 1932//1932 3162//3162
f 2096//2096 2097//2097 1932//1932 3574//3574
f 3161//3161 3162//3162 1932//1932 2097//2097
f 2110//2110 1922//1922 1933//1933 3162//3162
f 1933//1933 1921//1921 3070//3070 1930//1930
f 1935//1935 1931//1931 1934//1934 2109//2109
f 1936//1936 1931//1931 1935//1935 2112//2112
f 2113//2113 2112//2112 1935//1935 2111//2111
f 1936//1936 2140//2140 3069//3069 1929//1929
f 1937//1937 1938//1938 1944//1944 1942//1942
f 1937//1937 1942//1942 3062//3062 1765//1765
f 1945//1945 1944//1944 1938//1938 3151//3151
f 3151//3151 1938//1938 1939//1939 1927//1927
f 1942//1942 1943//1943 1941//1941 3062//3062
f 1941//1941 1950//1950 1949//1949 1948//1948
f 1954//1954 1950//1950 1941//1941 1943//1943
f 1943//1943 1942//1942 1944//1944 3152//3152
f 1953//1953 1954//1954 1943//1943 3152//3152
f 1947//1947 3152//3152 1944//1944 1945//1945
f 1946//1946 1947//1947 1945//1945 3150//3150
f 1946//1946 2810//2810 1961//1961 1947//1947
f 1947//1947 1961//1961 1953//1953 3152//3152
f 3062//3062 1941//1941 1948//1948 1778//1778
f 3026//3026 1951//1951 1949//1949 1950//1950
f 1950//1950 1954//1954 1955//1955 3026//3026
f 1951//1951 3026//3026 1957//1957 1952//1952
f 1952//1952 1957//1957 1959//1959 1985//1985
f 1953//1953 1958//1958 1955//1955 1954//1954
f 1955//1955 1956//1956 1957//1957 3026//3026
f 3041//3041 1956//1956 1955//1955 1958//1958
f 1963//1963 1960//1960 1956//1956 3041//3041
f 1960//1960 1959//1959 1957//1957 1956//1956
f 1961//1961 1962//1962 1958//1958 1953//1953
f 2165//2165 3041//3041 1958//1958 1962//1962
f 1959//1959 1964//1964 1986//1986 1985//1985
f 1960//1960 1965//1965 1964//1964 1959//1959
f 1960//1960 1963//1963 2163//2163 1965//1965
f 2149//2149 1962//1962 1961//1961 2810//2810
f 1962//1962 2149//2149 2170//2170 2165//2165
f 2165//2165 2166//2166 1963//1963 3041//3041
f 1966//1966 1964//1964 1965//1965 2164//2164
f 1986//1986 1964//1964 1966//1966 3044//3044
f 1971//1971 1970//1970 1967//1967 1973//1973
f 1967//1967 1970//1970 3418//3418 3261//3261
f 1968//1968 1967//1967 3261//3261 3271//3271
f 3389//3389 3388//3388 1968//1968 3271//3271
f 1970//1970 1971//1971 1969//1969 1992//1992
f 2005//2005 1996//1996 1969//1969 1981//1981
f 1981//1981 1969//1969 1971//1971 1977//1977
f 1972//1972 1801//1801 1976//1976 1978//1978
f 1973//1973 1974//1974 1977//1977 1971//1971
f 1985//1985 1978//1978 1976//1976 1952//1952
f 1982//1982 1981//1981 1977//1977 1975//1975
f 1978//1978 1979//1979 1980//1980 1972//1972
f 1978//1978 1985//1985 1986//1986 1979//1979
f 1979//1979 1989//1989 3025//3025 1980//1980
f 2006//2006 2005//2005 1981//1981 1982//1982
f 1983//1983 1984//1984 1982//1982 1975//1975
f 2007//2007 2006//2006 1982//1982 1984//1984
f 1987//1987 1984//1984 1983//1983 1988//1988
f 3025//3025 1988//1988 1983//1983 1810//1810
f 1986//1986 3044//3044 1989//1989 1979//1979
f 1987//1987 2014//2014 2007//2007 1984//1984
f 1987//1987 3042//3042 2177//2177 2014//2014
f 1989//1989 1990//1990 1988//1988 3025//3025
f 3042//3042 1987//1987 1988//1988 1990//1990
f 1991//1991 1990//1990 1989//1989 3044//3044
f 1991//1991 3040//3040 3039//3039 2178//2178
f 1991//1991 2178//2178 3042//3042 1990//1990
f 1996//1996 1993//1993 1992//1992 1969//1969
f 3418//3418 1970//1970 1992//1992 1995//1995
f 1993//1993 1994//1994 1995//1995 1992//1992
f 1993//1993 1997//1997 1998//1998 1994//1994
f 3368//3368 1995//1995 1994//1994 3307//3307
f 3282//3282 3418//3418 1995//1995 3368//3368
f 1996//1996 1999//1999 1997//1997 1993//1993
f 2008//2008 1999//1999 1996//1996 2005//2005
f 2000//2000 1998//1998 1997//1997 2001//2001
f 3307//3307 1994//1994 1998//1998 3308//3308
f 1998//1998 2000//2000 3334//3334 3308//3308
f 2001//2001 1997//1997 1999//1999 2011//2011
f 2002//2002 2003//2003 2000//2000 2001//2001
f 2000//2000 2003//2003 2194//2194 3334//3334
f 2004//2004 2002//2002 2001//2001 2011//2011
f 2002//2002 2195//2195 2192//2192 2003//2003
f 2196//2196 2195//2195 2002//2002 2004//2004
f 2003//2003 2192//2192 2193//2193 2194//2194
f 2012//2012 2017//2017 2004//2004 2011//2011
f 2198//2198 2196//2196 2004//2004 2017//2017
f 2009//2009 2008//2008 2005//2005 2006//2006
f 2010//2010 2009//2009 2006//2006 2007//2007
f 2011//2011 1999//1999 2008//2008 2012//2012
f 2012//2012 2008//2008 2009//2009 2013//2013
f 2013//2013 2009//2009 2010//2010 2020//2020
f 2014//2014 2015//2015 2010//2010 2007//2007
f 2013//2013 2018//2018 2017//2017 2012//2012
f 2016//2016 2015//2015 2014//2014 2177//2177
f 2015//2015 3083//3083 2020//2020 2010//2010
f 2015//2015 2016//2016 2200//2200 3083//3083
f 2179//2179 2201//2201 2016//2016 2177//2177
f 2199//2199 2198//2198 2017//2017 2018//2018
f 2020//2020 2019//2019 2018//2018 2013//2013
f 2199//2199 2018//2018 2019//2019 3506//3506
f 2197//2197 2019//2019 2020//2020 3083//3083
f 2038//2038 2037//2037 2021//2021 2022//2022
f 2029//2029 2030//2030 2022//2022 3113//3113
f 2023//2023 2024//2024 3137//3137 111//111
f 2024//2024 2023//2023 2025//2025 3136//3136
f 2025//2025 2023//2023 2026//2026 2027//2027
f 2025//2025 2028//2028 2029//2029 3136//3136
f 3139//3139 2027//2027 2026//2026 2032//2032
f 2027//2027 2033//2033 2028//2028 2025//2025
f 2036//2036 2033//2033 2027//2027 3139//3139
f 2031//2031 2030//2030 2029//2029 2028//2028
f 2035//2035 2043//2043 2030//2030 2031//2031
f 2030//2030 2043//2043 2038//2038 2022//2022
f 2033//2033 2034//2034 2031//2031 2028//2028
f 2032//2032 126//126 2255//2255 3139//3139
f 2257//2257 2034//2034 2033//2033 2036//2036
f 2035//2035 2031//2031 2034//2034 2044//2044
f 2035//2035 2046//2046 3077//3077 2043//2043
f 2255//2255 2256//2256 2036//2036 3139//3139
f 2037//2037 3101//3101 3102//3102 2021//2021
f 2039//2039 2037//2037 2038//2038 2040//2040
f 3077//3077 2040//2040 2038//2038 2043//2043
f 2041//2041 2039//2039 2040//2040 2042//2042
f 2040//2040 3077//3077 2047//2047 2042//2042
f 2041//2041 2042//2042 2069//2069 2068//2068
f 2042//2042 2047//2047 2072//2072 2069//2069
f 2044//2044 2045//2045 2046//2046 2035//2035
f 2257//2257 2258//2258 2044//2044 2034//2034
f 2278//2278 2045//2045 2044//2044 2258//2258
f 2281//2281 2279//2279 2045//2045 2278//2278
f 2047//2047 3077//3077 2046//2046 2048//2048
f 2279//2279 2048//2048 2046//2046 2045//2045
f 2047//2047 2048//2048 2049//2049 2072//2072
f 2048//2048 2279//2279 2280//2280 2049//2049
f 2049//2049 2277//2277 2075//2075 2072//2072
f 2050//2050 2054//2054 2055//2055 2051//2051
f 3514//3514 1862//1862 2051//2051 3531//3531
f 2052//2052 2056//2056 2054//2054 2050//2050
f 2053//2053 2057//2057 2056//2056 2052//2052
f 2054//2054 2058//2058 2059//2059 2055//2055
f 2055//2055 2059//2059 3457//3457 3500//3500
f 3531//3531 2051//2051 2055//2055 3500//3500
f 2056//2056 2060//2060 2058//2058 2054//2054
f 2057//2057 2061//2061 2060//2060 2056//2056
f 2066//2066 2070//2070 2057//2057 2053//2053
f 2058//2058 2062//2062 2063//2063 2059//2059
f 2060//2060 2064//2064 2062//2062 2058//2058
f 2061//2061 2065//2065 2064//2064 2060//2060
f 2070//2070 2073//2073 2061//2061 2057//2057
f 2293//2293 2291//2291 2062//2062 2064//2064
f 2291//2291 2292//2292 2063//2063 2062//2062
f 2063//2063 2292//2292 3303//3303 3302//3302
f 3457//3457 2059//2059 2063//2063 3302//3302
f 2294//2294 2293//2293 2064//2064 2065//2065
f 2073//2073 2076//2076 2065//2065 2061//2061
f 2308//2308 2294//2294 2065//2065 2076//2076
f 2068//2068 2069//2069 2067//2067 1885//1885
f 2067//2067 2071//2071 2070//2070 2066//2066
f 2069//2069 2072//2072 2071//2071 2067//2067
f 2074//2074 2073//2073 2070//2070 2071//2071
f 2075//2075 2074//2074 2071//2071 2072//2072
f 2074//2074 2077//2077 2076//2076 2073//2073
f 2077//2077 2074//2074 2075//2075 2310//2310
f 2311//2311 2310//2310 2075//2075 2277//2277
f 2309//2309 2308//2308 2076//2076 2077//2077
f 2319//2319 2309//2309 2077//2077 2310//2310
f 2095//2095 2094//2094 2078//2078 2080//2080
f 2945//2945 2079//2079 2078//2078 2944//2944
f 2080//2080 2078//2078 2079//2079 2081//2081
f 3524//3524 2081//2081 2079//2079 3552//3552
f 3568//3568 3552//3552 2079//2079 2945//2945
f 2099//2099 2095//2095 2080//2080 2082//2082
f 2082//2082 2080//2080 2081//2081 2083//2083
f 3373//3373 2083//2083 2081//2081 3524//3524
f 2102//2102 2099//2099 2082//2082 2084//2084
f 2084//2084 2082//2082 2083//2083 2085//2085
f 2089//2089 2085//2085 2083//2083 3373//3373
f 2084//2084 2092//2092 2104//2104 2102//2102
f 2085//2085 2089//2089 2090//2090 2091//2091
f 2085//2085 2091//2091 2092//2092 2084//2084
f 2087//2087 807//807 2086//2086 2088//2088
f 2086//2086 3300//3300 3298//3298 2088//2088
f 2087//2087 2089//2089 3373//3373 3374//3374
f 2089//2089 2087//2087 2088//2088 2090//2090
f 2088//2088 3298//3298 2369//2369 2090//2090
f 2090//2090 2369//2369 2368//2368 2091//2091
f 2368//2368 2371//2371 2092//2092 2091//2091
f 2096//2096 3574//3574 2094//2094 2095//2095
f 2944//2944 2078//2078 2094//2094 2093//2093
f 2100//2100 2096//2096 2095//2095 2099//2099
f 2098//2098 2097//2097 2096//2096 2100//2100
f 2107//2107 2117//2117 2098//2098 2101//2101
f 2098//2098 2117//2117 3161//3161 2097//2097
f 2103//2103 2100//2100 2099//2099 2102//2102
f 2101//2101 2098//2098 2100//2100 2103//2103
f 2106//2106 2107//2107 2101//2101 3170//3170
f 2102//2102 2104//2104 2105//2105 2103//2103
f 3170//3170 2101//2101 2103//2103 2105//2105
f 2371//2371 2376//2376 2104//2104 2092//2092
f 2376//2376 2378//2378 2105//2105 2104//2104
f 2380//2380 2381//2381 2106//2106 3170//3170
f 2106//2106 3006//3006 3008//3008 2107//2107
f 3054//3054 2109//2109 2108//2108 3160//3160
f 2108//2108 2110//2110 3162//3162 3161//3161
f 2110//2110 2108//2108 2109//2109 1934//1934
f 2111//2111 1935//1935 2109//2109 3054//3054
f 2110//2110 1934//1934 3045//3045 1922//1922
f 2116//2116 2113//2113 2111//2111 2118//2118
f 2112//2112 2114//2114 2140//2140 1936//1936
f 2114//2114 2112//2112 2113//2113 2115//2115
f 3068//3068 2141//2141 2114//2114 2115//2115
f 2115//2115 2113//2113 2116//2116 2120//2120
f 2116//2116 2119//2119 3007//3007 2120//2120
f 2117//2117 2107//2107 3008//3008 3160//3160
f 2119//2119 2116//2116 2118//2118 2400//2400
f 2118//2118 2111//2111 3054//3054 3174//3174
f 2121//2121 2122//2122 2120//2120 3007//3007
f 2120//2120 2122//2122 3068//3068 2115//2115
f 2435//2435 2434//2434 2121//2121 3095//3095
f 2122//2122 2433//2433 2155//2155 3068//3068
f 2434//2434 2433//2433 2122//2122 2121//2121
f 2132//2132 2130//2130 2123//2123 2125//2125
f 2125//2125 2123//2123 2124//2124 2128//2128
f 2124//2124 855//855 2126//2126 2157//2157
f 2158//2158 2128//2128 2124//2124 2157//2157
f 2134//2134 2132//2132 2125//2125 2127//2127
f 2127//2127 2125//2125 2128//2128 2150//2150
f 2159//2159 2150//2150 2128//2128 2158//2158
f 2132//2132 2131//2131 2129//2129 2130//2130
f 2138//2138 2137//2137 2129//2129 2131//2131
f 2134//2134 2133//2133 2131//2131 2132//2132
f 2139//2139 2138//2138 2131//2131 2133//2133
f 2133//2133 2135//2135 2136//2136 2139//2139
f 2135//2135 2133//2133 2134//2134 2145//2145
f 2134//2134 2127//2127 2147//2147 2145//2145
f 2135//2135 2811//2811 2153//2153 2136//2136
f 2154//2154 2420//2420 2136//2136 2153//2153
f 2418//2418 2417//2417 2137//2137 2138//2138
f 2419//2419 2418//2418 2138//2138 2139//2139
f 2420//2420 2419//2419 2139//2139 2136//2136
f 2140//2140 2114//2114 2141//2141 2142//2142
f 2143//2143 2142//2142 2141//2141 2144//2144
f 2155//2155 2144//2144 2141//2141 3068//3068
f 2142//2142 3150//3150 3069//3069 2140//2140
f 2143//2143 2811//2811 2810//2810 1946//1946
f 2143//2143 1946//1946 3150//3150 2142//2142
f 2154//2154 2153//2153 2144//2144 2155//2155
f 2144//2144 2153//2153 2811//2811 2143//2143
f 2145//2145 2147//2147 2146//2146 2148//2148
f 2811//2811 2135//2135 2145//2145 2148//2148
f 2149//2149 2148//2148 2146//2146 2170//2170
f 2147//2147 2127//2127 2150//2150 2152//2152
f 2151//2151 2146//2146 2147//2147 2152//2152
f 2810//2810 2811//2811 2148//2148 2149//2149
f 2172//2172 2152//2152 2150//2150 2159//2159
f 2151//2151 2169//2169 2170//2170 2146//2146
f 2151//2151 2173//2173 2171//2171 2169//2169
f 2173//2173 2151//2151 2152//2152 2172//2172
f 2156//2156 2154//2154 2155//2155 2433//2433
f 2420//2420 2154//2154 2156//2156 2424//2424
f 2156//2156 2436//2436 2428//2428 2424//2424
f 2156//2156 2433//2433 2434//2434 2436//2436
f 2160//2160 2158//2158 2157//2157 2161//2161
f 2159//2159 2158//2158 2160//2160 3275//3275
f 2162//2162 2440//2440 2160//2160 2161//2161
f 2162//2162 892//892 2439//2439 2441//2441
f 2163//2163 2167//2167 2164//2164 1965//1965
f 2166//2166 2168//2168 2163//2163 1963//1963
f 2164//2164 2167//2167 2182//2182 2181//2181
f 2164//2164 2181//2181 3040//3040 1966//1966
f 2170//2170 2169//2169 2166//2166 2165//2165
f 2168//2168 3012//3012 2167//2167 2163//2163
f 2167//2167 3012//3012 2174//2174 2182//2182
f 2169//2169 2171//2171 2168//2168 2166//2166
f 2171//2171 2175//2175 3012//3012 2168//2168
f 2172//2172 2159//2159 3275//3275 3276//3276
f 2175//2175 2171//2171 2173//2173 3431//3431
f 2173//2173 2172//2172 3276//3276 3431//3431
f 2175//2175 2176//2176 2174//2174 3012//3012
f 2176//2176 2453//2453 2187//2187 2174//2174
f 2451//2451 2453//2453 2176//2176 2452//2452
f 3431//3431 2452//2452 2176//2176 2175//2175
f 2178//2178 2179//2179 2177//2177 3042//3042
f 2180//2180 2179//2179 2178//2178 3039//3039
f 2179//2179 2180//2180 2184//2184 2201//2201
f 2183//2183 2186//2186 2180//2180 3039//3039
f 2183//2183 2181//2181 2182//2182 2185//2185
f 2187//2187 2185//2185 2182//2182 2174//2174
f 2183//2183 2185//2185 2188//2188 2186//2186
f 3040//3040 2181//2181 2183//2183 3039//3039
f 2184//2184 2180//2180 2186//2186 2190//2190
f 2187//2187 2191//2191 2188//2188 2185//2185
f 2188//2188 2189//2189 2190//2190 2186//2186
f 2475//2475 2189//2189 2188//2188 2191//2191
f 2190//2190 2473//2473 2211//2211 2184//2184
f 2190//2190 2189//2189 2474//2474 2473//2473
f 2453//2453 2456//2456 2191//2191 2187//2187
f 2213//2213 2193//2193 2192//2192 2214//2214
f 3352//3352 2194//2194 2193//2193 3367//3367
f 2214//2214 2192//2192 2195//2195 2215//2215
f 2215//2215 2195//2195 2196//2196 2219//2219
f 2197//2197 2205//2205 3506//3506 2019//2019
f 2219//2219 2196//2196 2198//2198 2231//2231
f 2230//2230 2231//2231 2198//2198 2199//2199
f 2232//2232 2230//2230 2199//2199 3506//3506
f 2201//2201 2202//2202 2200//2200 2016//2016
f 2211//2211 2202//2202 2201//2201 2184//2184
f 2202//2202 2206//2206 2203//2203 2200//2200
f 2203//2203 2204//2204 2205//2205 2197//2197
f 2208//2208 2204//2204 2203//2203 2206//2206
f 2203//2203 2197//2197 3083//3083 2200//2200
f 2204//2204 2208//2208 2209//2209 3562//3562
f 2204//2204 3562//3562 2995//2995 2205//2205
f 2205//2205 2995//2995 2232//2232 3506//3506
f 2207//2207 2208//2208 2206//2206 2210//2210
f 2211//2211 2210//2210 2206//2206 2202//2202
f 2207//2207 2506//2506 2209//2209 2208//2208
f 2212//2212 2507//2507 2207//2207 2210//2210
f 2209//2209 2512//2512 3096//3096 3562//3562
f 2212//2212 2210//2210 2211//2211 2473//2473
f 2212//2212 2473//2473 2474//2474 2477//2477
f 2212//2212 2477//2477 2509//2509 2507//2507
f 2216//2216 2217//2217 2213//2213 2214//2214
f 2213//2213 2217//2217 2221//2221 3417//3417
f 3367//3367 2193//2193 2213//2213 3417//3417
f 2218//2218 2216//2216 2214//2214 2215//2215
f 2222//2222 2217//2217 2216//2216 2224//2224
f 2223//2223 2224//2224 2216//2216 2218//2218
f 2220//2220 2221//2221 2217//2217 2222//2222
f 2218//2218 2215//2215 2219//2219 2233//2233
f 2225//2225 2223//2223 2218//2218 2233//2233
f 2226//2226 1148//1148 2220//2220 2222//2222
f 2220//2220 1148//1148 2920//2920 2922//2922
f 3469//3469 2221//2221 2220//2220 2922//2922
f 2227//2227 2226//2226 2222//2222 2224//2224
f 2229//2229 2228//2228 2223//2223 2225//2225
f 2228//2228 2227//2227 2224//2224 2223//2223
f 2241//2241 2229//2229 2225//2225 2238//2238
f 2526//2526 1149//1149 2226//2226 2227//2227
f 2527//2527 2526//2526 2227//2227 2228//2228
f 2528//2528 2527//2527 2228//2228 2229//2229
f 2529//2529 2528//2528 2229//2229 2241//2241
f 2234//2234 2231//2231 2230//2230 2235//2235
f 2236//2236 2235//2235 2230//2230 2232//2232
f 2233//2233 2219//2219 2231//2231 2234//2234
f 2237//2237 2236//2236 2232//2232 2995//2995
f 2238//2238 2225//2225 2233//2233 2234//2234
f 2235//2235 2239//2239 2238//2238 2234//2234
f 2235//2235 2236//2236 2240//2240 2239//2239
f 2237//2237 2244//2244 2240//2240 2236//2236
f 2538//2538 2244//2244 2237//2237 3096//3096
f 2241//2241 2238//2238 2239//2239 2243//2243
f 2242//2242 2243//2243 2239//2239 2240//2240
f 2240//2240 2244//2244 2245//2245 2242//2242
f 2540//2540 2529//2529 2241//2241 2243//2243
f 2541//2541 2540//2540 2243//2243 2242//2242
f 2245//2245 2244//2244 2538//2538 2542//2542
f 2245//2245 2542//2542 2541//2541 2242//2242
f 2247//2247 2248//2248 2246//2246 2550//2550
f 2246//2246 2248//2248 2859//2859 121//121
f 2551//2551 2552//2552 2247//2247 2550//2550
f 2249//2249 2250//2250 2248//2248 2247//2247
f 2552//2552 2553//2553 2249//2249 2247//2247
f 2251//2251 2252//2252 2250//2250 2249//2249
f 2250//2250 2252//2252 2858//2858 123//123
f 2553//2553 2554//2554 2251//2251 2249//2249
f 2253//2253 2254//2254 2252//2252 2251//2251
f 2252//2252 2254//2254 2860//2860 2858//2858
f 2554//2554 2555//2555 2253//2253 2251//2251
f 2263//2263 2264//2264 2254//2254 2253//2253
f 3075//3075 2256//2256 2255//2255 2928//2928
f 2257//2257 2036//2036 2256//2256 2261//2261
f 2267//2267 2261//2261 2256//2256 3075//3075
f 2259//2259 2258//2258 2257//2257 2261//2261
f 2258//2258 2259//2259 2260//2260 2278//2278
f 2270//2270 2260//2260 2259//2259 2262//2262
f 2281//2281 2278//2278 2260//2260 3079//3079
f 2260//2260 2270//2270 2288//2288 3079//3079
f 2262//2262 2259//2259 2261//2261 2267//2267
f 2262//2262 2267//2267 2268//2268 2276//2276
f 2269//2269 2270//2270 2262//2262 2276//2276
f 2555//2555 2570//2570 2263//2263 2253//2253
f 2265//2265 2266//2266 2264//2264 2263//2263
f 2265//2265 2574//2574 2274//2274 2266//2266
f 2570//2570 2571//2571 2265//2265 2263//2263
f 2265//2265 2571//2571 2575//2575 2574//2574
f 2271//2271 2809//2809 2266//2266 2274//2274
f 2267//2267 3075//3075 2273//2273 2268//2268
f 2269//2269 2573//2573 2288//2288 2270//2270
f 2572//2572 2573//2573 2269//2269 3018//3018
f 2271//2271 2272//2272 2273//2273 2929//2929
f 2272//2272 2271//2271 2274//2274 2275//2275
f 2273//2273 2272//2272 2275//2275 2268//2268
f 2274//2274 2574//2574 3019//3019 2275//2275
f 2276//2276 2268//2268 2275//2275 3019//3019
f 2276//2276 3019//3019 3018//3018 2269//2269
f 2280//2280 2282//2282 2277//2277 2049//2049
f 2281//2281 2284//2284 2280//2280 2279//2279
f 2280//2280 2284//2284 2285//2285 2282//2282
f 2283//2283 2284//2284 2281//2281 3079//3079
f 2282//2282 2286//2286 2311//2311 2277//2277
f 2288//2288 2289//2289 2283//2283 3079//3079
f 2284//2284 2283//2283 2290//2290 2285//2285
f 2286//2286 2282//2282 2285//2285 2287//2287
f 2287//2287 2285//2285 2290//2290 3143//3143
f 2287//2287 3074//3074 2325//2325 2286//2286
f 3015//3015 3074//3074 2287//2287 3143//3143
f 2581//2581 2289//2289 2288//2288 2573//2573
f 2289//2289 2584//2584 2290//2290 2283//2283
f 2583//2583 2584//2584 2289//2289 2581//2581
f 2295//2295 2292//2292 2291//2291 2296//2296
f 2296//2296 2291//2291 2293//2293 2297//2297
f 2297//2297 2293//2293 2294//2294 2304//2304
f 2300//2300 2298//2298 2295//2295 2296//2296
f 2300//2300 2296//2296 2297//2297 2302//2302
f 3195//3195 2299//2299 2298//2298 2301//2301
f 2299//2299 3195//3195 3190//3190 981//981
f 2301//2301 2298//2298 2300//2300 2303//2303
f 2301//2301 2307//2307 2331//2331 3195//3195
f 2303//2303 2300//2300 2302//2302 2306//2306
f 2302//2302 2297//2297 2304//2304 2305//2305
f 2307//2307 2301//2301 2303//2303 2332//2332
f 2333//2333 2332//2332 2303//2303 2306//2306
f 2304//2304 2294//2294 2308//2308 2312//2312
f 2306//2306 2302//2302 2305//2305 2322//2322
f 2305//2305 2304//2304 2312//2312 2316//2316
f 2321//2321 2322//2322 2305//2305 2316//2316
f 2334//2334 2333//2333 2306//2306 2322//2322
f 2312//2312 2308//2308 2309//2309 2314//2314
f 2313//2313 2314//2314 2309//2309 2319//2319
f 2310//2310 2311//2311 2315//2315 2319//2319
f 2311//2311 2286//2286 2325//2325 2315//2315
f 2316//2316 2312//2312 2314//2314 2318//2318
f 2317//2317 2318//2318 2314//2314 2313//2313
f 2317//2317 2313//2313 2320//2320 3167//3167
f 2317//2317 2323//2323 2324//2324 2318//2318
f 2321//2321 2316//2316 2318//2318 2324//2324
f 2320//2320 2313//2313 2319//2319 2315//2315
f 2325//2325 2326//2326 2320//2320 2315//2315
f 2352//2352 2334//2334 2322//2322 2321//2321
f 2323//2323 3549//3549 2353//2353 2324//2324
f 3167//3167 3166//3166 2323//2323 2317//2317
f 2352//2352 2321//2321 2324//2324 2353//2353
f 2325//2325 3074//3074 2327//2327 2326//2326
f 3167//3167 2320//2320 2326//2326 2328//2328
f 2328//2328 2326//2326 2327//2327 2595//2595
f 2329//2329 2330//2330 2331//2331 2307//2307
f 2329//2329 2307//2307 2332//2332 2335//2335
f 2338//2338 2337//2337 2329//2329 2335//2335
f 2337//2337 2336//2336 2330//2330 2329//2329
f 3190//3190 3195//3195 2331//2331 3191//3191
f 2335//2335 2332//2332 2333//2333 2354//2354
f 2355//2355 2354//2354 2333//2333 2334//2334
f 2356//2356 2355//2355 2334//2334 2352//2352
f 2339//2339 2338//2338 2335//2335 2354//2354
f 2340//2340 1020//1020 2336//2336 2341//2341
f 2342//2342 2341//2341 2336//2336 2337//2337
f 2343//2343 2342//2342 2337//2337 2338//2338
f 2344//2344 2343//2343 2338//2338 2339//2339
f 2339//2339 2354//2354 2355//2355 2359//2359
f 2358//2358 2344//2344 2339//2339 2359//2359
f 2345//2345 1025//1025 2340//2340 2341//2341
f 2346//2346 2345//2345 2341//2341 2342//2342
f 2346//2346 2342//2342 2343//2343 2347//2347
f 2347//2347 2343//2343 2344//2344 2362//2362
f 2374//2374 3325//3325 2345//2345 2346//2346
f 2347//2347 2373//2373 2374//2374 2346//2346
f 2349//2349 2350//2350 2348//2348 2351//2351
f 2348//2348 2350//2350 2360//2360 2361//2361
f 2391//2391 2351//2351 2348//2348 2364//2364
f 2349//2349 2383//2383 2382//2382 2363//2363
f 2363//2363 2358//2358 2350//2350 2349//2349
f 2351//2351 2384//2384 2383//2383 2349//2349
f 2357//2357 2356//2356 2352//2352 2353//2353
f 2360//2360 2359//2359 2355//2355 2356//2356
f 2361//2361 2360//2360 2356//2356 2357//2357
f 3549//3549 2365//2365 2357//2357 2353//2353
f 2358//2358 2359//2359 2360//2360 2350//2350
f 2362//2362 2344//2344 2358//2358 2363//2363
f 2364//2364 2348//2348 2361//2361 2367//2367
f 2365//2365 2367//2367 2361//2361 2357//2357
f 2362//2362 2375//2375 2373//2373 2347//2347
f 2363//2363 2382//2382 2375//2375 2362//2362
f 3149//3149 2366//2366 2365//2365 3549//3549
f 2367//2367 2365//2365 2366//2366 3147//3147
f 2366//2366 3149//3149 2605//2605 2607//2607
f 2366//2366 2607//2607 3146//3146 3147//3147
f 2608//2608 2364//2364 2367//2367 3147//3147
f 2368//2368 2369//2369 2370//2370 2372//2372
f 2370//2370 2374//2374 2373//2373 2372//2372
f 3298//3298 3297//3297 2370//2370 2369//2369
f 3325//3325 2374//2374 2370//2370 3297//3297
f 2371//2371 2368//2368 2372//2372 2377//2377
f 2372//2372 2373//2373 2375//2375 2377//2377
f 2376//2376 2371//2371 2377//2377 2379//2379
f 2377//2377 2375//2375 2382//2382 2379//2379
f 2378//2378 2376//2376 2379//2379 2385//2385
f 2378//2378 2385//2385 2386//2386 2380//2380
f 2378//2378 2380//2380 3170//3170 2105//2105
f 2379//2379 2382//2382 2383//2383 2385//2385
f 2386//2386 2387//2387 2381//2381 2380//2380
f 2388//2388 2389//2389 2381//2381 2387//2387
f 2381//2381 2389//2389 3006//3006 2106//2106
f 2385//2385 2383//2383 2384//2384 2386//2386
f 2384//2384 2390//2390 2387//2387 2386//2386
f 2391//2391 2392//2392 2384//2384 2351//2351
f 2394//2394 2390//2390 2384//2384 2392//2392
f 2396//2396 2388//2388 2387//2387 2390//2390
f 2388//2388 2396//2396 2397//2397 2409//2409
f 2389//2389 2406//2406 2405//2405 3006//3006
f 2389//2389 2388//2388 2409//2409 2406//2406
f 2395//2395 2396//2396 2390//2390 2394//2394
f 2608//2608 2393//2393 2391//2391 2364//2364
f 2392//2392 2391//2391 2393//2393 2398//2398
f 2393//2393 2609//2609 2611//2611 2398//2398
f 2394//2394 2392//2392 2398//2398 2626//2626
f 2399//2399 2395//2395 2394//2394 2626//2626
f 2416//2416 2397//2397 2396//2396 2395//2395
f 2397//2397 2415//2415 2410//2410 2409//2409
f 3561//3561 2626//2626 2398//2398 2611//2611
f 2399//2399 3090//3090 2416//2416 2395//2395
f 2400//2400 2401//2401 2402//2402 2119//2119
f 2400//2400 2118//2118 3174//3174 2405//2405
f 2405//2405 2406//2406 2401//2401 2400//2400
f 2409//2409 2410//2410 2401//2401 2406//2406
f 2411//2411 2402//2402 2401//2401 2410//2410
f 2404//2404 2403//2403 2402//2402 2411//2411
f 2402//2402 2403//2403 3007//3007 2119//2119
f 2407//2407 2408//2408 2404//2404 2413//2413
f 3095//3095 2403//2403 2404//2404 2408//2408
f 2405//2405 3174//3174 3008//3008 3006//3006
f 2408//2408 2407//2407 2672//2672 3094//3094
f 2410//2410 2415//2415 2412//2412 2411//2411
f 2411//2411 2412//2412 2413//2413 2404//2404
f 2414//2414 2413//2413 2412//2412 2651//2651
f 3563//3563 2407//2407 2413//2413 2414//2414
f 2414//2414 2652//2652 2653//2653 3563//3563
f 2415//2415 2397//2397 2416//2416 2654//2654
f 2651//2651 2412//2412 2415//2415 2654//2654
f 2416//2416 3090//3090 2656//2656 2654//2654
f 2422//2422 2421//2421 2417//2417 2418//2418
f 2423//2423 2422//2422 2418//2418 2419//2419
f 2424//2424 2423//2423 2419//2419 2420//2420
f 2426//2426 2425//2425 2421//2421 2422//2422
f 2427//2427 2426//2426 2422//2422 2423//2423
f 2428//2428 2427//2427 2423//2423 2424//2424
f 2426//2426 2430//2430 2429//2429 2425//2425
f 2427//2427 2431//2431 2430//2430 2426//2426
f 2428//2428 2432//2432 2431//2431 2427//2427
f 2665//2665 2663//2663 2429//2429 2430//2430
f 2667//2667 2665//2665 2430//2430 2431//2431
f 2669//2669 2667//2667 2431//2431 2432//2432
f 2436//2436 2437//2437 2432//2432 2428//2428
f 2671//2671 2669//2669 2432//2432 2437//2437
f 2434//2434 2435//2435 2437//2437 2436//2436
f 2435//2435 3094//3094 2671//2671 2437//2437
f 2443//2443 2439//2439 2438//2438 2442//2442
f 2438//2438 891//891 3396//3396 1092//1092
f 2444//2444 2441//2441 2439//2439 2443//2443
f 2440//2440 2162//2162 2441//2441 2445//2445
f 2448//2448 2447//2447 2440//2440 2445//2445
f 3275//3275 2160//2160 2440//2440 2447//2447
f 2446//2446 2445//2445 2441//2441 2444//2444
f 2458//2458 2443//2443 2442//2442 2459//2459
f 3383//3383 2459//2459 2442//2442 1091//1091
f 2460//2460 2444//2444 2443//2443 2458//2458
f 2461//2461 2446//2446 2444//2444 2460//2460
f 2454//2454 2448//2448 2445//2445 2446//2446
f 2446//2446 2461//2461 2478//2478 2454//2454
f 2450//2450 2449//2449 2447//2447 2448//2448
f 3276//3276 3275//3275 2447//2447 2449//2449
f 2455//2455 2450//2450 2448//2448 2454//2454
f 2451//2451 2452//2452 2449//2449 2450//2450
f 3431//3431 3276//3276 2449//2449 2452//2452
f 2450//2450 2455//2455 2457//2457 2451//2451
f 2457//2457 2456//2456 2453//2453 2451//2451
f 2455//2455 2454//2454 2478//2478 2480//2480
f 2456//2456 2980//2980 2475//2475 2191//2191
f 2457//2457 2455//2455 2480//2480 2482//2482
f 2980//2980 2456//2456 2457//2457 2482//2482
f 2458//2458 2459//2459 2462//2462 2463//2463
f 2460//2460 2458//2458 2463//2463 2464//2464
f 2461//2461 2460//2460 2464//2464 2479//2479
f 2462//2462 2459//2459 3383//3383 1116//1116
f 2463//2463 2462//2462 2465//2465 2467//2467
f 2464//2464 2463//2463 2467//2467 2469//2469
f 2468//2468 2467//2467 2465//2465 2466//2466
f 2856//2856 2854//2854 2466//2466 1120//1120
f 2470//2470 2469//2469 2467//2467 2468//2468
f 2854//2854 2852//2852 2468//2468 2466//2466
f 2472//2472 2471//2471 2469//2469 2470//2470
f 2479//2479 2464//2464 2469//2469 2471//2471
f 2852//2852 2850//2850 2470//2470 2468//2468
f 2481//2481 2479//2479 2471//2471 2491//2491
f 2492//2492 2491//2491 2471//2471 2472//2472
f 2850//2850 2848//2848 2472//2472 2470//2470
f 2475//2475 2476//2476 2474//2474 2189//2189
f 2484//2484 2476//2476 2475//2475 2980//2980
f 2476//2476 2488//2488 2477//2477 2474//2474
f 2476//2476 2484//2484 2487//2487 2488//2488
f 2477//2477 2488//2488 2490//2490 2509//2509
f 2478//2478 2461//2461 2479//2479 2481//2481
f 2480//2480 2478//2478 2481//2481 2483//2483
f 2482//2482 2480//2480 2483//2483 2485//2485
f 2482//2482 2485//2485 2484//2484 2980//2980
f 2486//2486 2485//2485 2483//2483 2493//2493
f 2483//2483 2481//2481 2491//2491 2493//2493
f 2485//2485 2486//2486 2487//2487 2484//2484
f 2495//2495 2489//2489 2487//2487 2486//2486
f 2489//2489 2490//2490 2488//2488 2487//2487
f 2496//2496 2497//2497 2489//2489 2495//2495
f 2497//2497 2515//2515 2490//2490 2489//2489
f 2494//2494 2493//2493 2491//2491 2492//2492
f 2848//2848 2846//2846 2492//2492 2472//2472
f 2493//2493 2494//2494 2495//2495 2486//2486
f 2846//2846 2844//2844 2494//2494 2492//2492
f 2844//2844 2496//2496 2495//2495 2494//2494
f 2843//2843 2682//2682 2496//2496 2844//2844
f 2518//2518 2515//2515 2497//2497 2681//2681
f 2682//2682 2681//2681 2497//2497 2496//2496
f 2501//2501 2500//2500 2498//2498 2499//2499
f 2503//2503 2502//2502 2500//2500 2501//2501
f 2500//2500 2676//2676 2674//2674 2498//2498
f 2501//2501 2499//2499 2534//2534 2535//2535
f 2505//2505 2504//2504 2502//2502 2503//2503
f 2502//2502 2678//2678 2676//2676 2500//2500
f 2503//2503 2501//2501 2535//2535 2536//2536
f 2523//2523 2522//2522 2504//2504 2505//2505
f 2504//2504 2680//2680 2678//2678 2502//2502
f 2687//2687 2680//2680 2504//2504 2522//2522
f 2505//2505 2503//2503 2536//2536 2537//2537
f 2507//2507 2508//2508 2506//2506 2207//2207
f 2510//2510 2511//2511 2506//2506 2508//2508
f 2512//2512 2209//2209 2506//2506 2511//2511
f 2514//2514 2508//2508 2507//2507 2509//2509
f 2515//2515 2514//2514 2509//2509 2490//2490
f 2510//2510 2508//2508 2514//2514 2516//2516
f 2510//2510 2516//2516 2517//2517 2547//2547
f 2547//2547 2513//2513 2511//2511 2510//2510
f 2512//2512 2511//2511 2513//2513 2539//2539
f 2512//2512 2539//2539 2538//2538 3096//3096
f 2514//2514 2515//2515 2518//2518 2516//2516
f 2517//2517 2516//2516 2518//2518 2683//2683
f 2517//2517 2519//2519 2520//2520 2547//2547
f 2521//2521 2519//2519 2517//2517 2683//2683
f 2684//2684 2683//2683 2518//2518 2681//2681
f 2525//2525 2520//2520 2519//2519 2524//2524
f 2519//2519 2521//2521 2688//2688 2524//2524
f 2521//2521 2683//2683 2684//2684 2685//2685
f 2521//2521 2685//2685 2865//2865 2688//2688
f 2525//2525 2524//2524 2522//2522 2523//2523
f 2688//2688 2687//2687 2522//2522 2524//2524
f 2523//2523 2505//2505 2537//2537 2546//2546
f 2525//2525 2523//2523 2546//2546 2549//2549
f 2548//2548 2520//2520 2525//2525 2549//2549
f 2531//2531 2530//2530 2526//2526 2527//2527
f 2532//2532 2531//2531 2527//2527 2528//2528
f 2533//2533 2532//2532 2528//2528 2529//2529
f 2543//2543 2533//2533 2529//2529 2540//2540
f 2531//2531 2535//2535 2534//2534 2530//2530
f 2532//2532 2536//2536 2535//2535 2531//2531
f 2533//2533 2537//2537 2536//2536 2532//2532
f 2543//2543 2546//2546 2537//2537 2533//2533
f 2539//2539 2545//2545 2542//2542 2538//2538
f 2548//2548 2545//2545 2539//2539 2513//2513
f 2544//2544 2543//2543 2540//2540 2541//2541
f 2545//2545 2544//2544 2541//2541 2542//2542
f 2546//2546 2543//2543 2544//2544 2549//2549
f 2548//2548 2549//2549 2544//2544 2545//2545
f 2547//2547 2520//2520 2548//2548 2513//2513
f 2556//2556 2557//2557 2552//2552 2551//2551
f 2557//2557 2558//2558 2553//2553 2552//2552
f 2558//2558 2559//2559 2554//2554 2553//2553
f 2559//2559 2560//2560 2555//2555 2554//2554
f 3259//3259 2570//2570 2555//2555 2560//2560
f 2557//2557 2556//2556 2561//2561 2564//2564
f 2562//2562 2558//2558 2557//2557 2564//2564
f 2563//2563 2559//2559 2558//2558 2562//2562
f 2560//2560 2559//2559 2563//2563 2580//2580
f 3384//3384 3259//3259 2560//2560 2580//2580
f 2562//2562 2564//2564 2566//2566 2569//2569
f 2568//2568 2563//2563 2562//2562 2569//2569
f 2564//2564 2561//2561 2565//2565 2566//2566
f 2566//2566 2565//2565 2567//2567 2689//2689
f 2690//2690 2569//2569 2566//2566 2689//2689
f 2693//2693 2689//2689 2567//2567 2692//2692
f 2568//2568 2579//2579 2580//2580 2563//2563
f 2704//2704 2579//2579 2568//2568 2691//2691
f 2691//2691 2568//2568 2569//2569 2690//2690
f 2571//2571 2576//2576 2577//2577 2575//2575
f 3259//3259 2576//2576 2571//2571 2570//2570
f 2572//2572 2577//2577 2578//2578 2586//2586
f 2573//2573 2572//2572 2586//2586 2581//2581
f 2574//2574 2575//2575 3018//3018 3019//3019
f 3384//3384 3001//3001 2576//2576 3259//3259
f 2577//2577 2576//2576 3001//3001 2578//2578
f 2577//2577 2572//2572 3018//3018 2575//2575
f 2706//2706 2705//2705 2579//2579 2704//2704
f 2579//2579 2705//2705 3384//3384 2580//2580
f 2582//2582 2583//2583 2581//2581 2586//2586
f 2582//2582 2587//2587 2594//2594 2588//2588
f 2583//2583 2582//2582 2588//2588 2585//2585
f 2584//2584 2583//2583 2585//2585 3016//3016
f 2584//2584 3016//3016 3143//3143 2290//2290
f 2587//2587 2582//2582 2586//2586 2578//2578
f 3001//3001 2592//2592 2587//2587 2578//2578
f 2589//2589 2585//2585 2588//2588 2590//2590
f 2591//2591 2590//2590 2588//2588 2594//2594
f 2601//2601 3017//3017 2589//2589 2602//2602
f 2589//2589 3017//3017 3016//3016 2585//2585
f 2590//2590 3073//3073 2602//2602 2589//2589
f 2998//2998 3073//3073 2590//2590 2591//2591
f 2591//2591 2707//2707 2711//2711 2998//2998
f 2592//2592 2593//2593 2594//2594 2587//2587
f 2706//2706 2593//2593 2592//2592 2705//2705
f 2707//2707 2591//2591 2594//2594 2593//2593
f 3014//3014 2596//2596 2595//2595 2327//2327
f 2595//2595 2598//2598 3148//3148 2328//2328
f 2596//2596 2597//2597 2598//2598 2595//2595
f 2599//2599 2597//2597 2596//2596 3559//3559
f 2597//2597 2600//2600 2606//2606 2598//2598
f 2598//2598 2606//2606 2605//2605 3148//3148
f 2600//2600 2597//2597 2599//2599 2604//2604
f 2599//2599 3559//3559 2603//2603 3567//3567
f 2618//2618 2619//2619 2600//2600 2604//2604
f 2601//2601 2602//2602 2603//2603 3559//3559
f 2603//2603 3072//3072 2731//2731 3567//3567
f 3073//3073 3072//3072 2603//2603 2602//2602
f 2604//2604 2729//2729 2623//2623 2618//2618
f 3567//3567 2729//2729 2604//2604 2599//2599
f 3166//3166 3148//3148 2605//2605 3149//3149
f 2607//2607 2605//2605 2606//2606 2615//2615
f 2619//2619 2615//2615 2606//2606 2600//2600
f 2614//2614 3146//3146 2607//2607 2615//2615
f 2609//2609 2393//2393 2608//2608 2612//2612
f 3146//3146 2612//2612 2608//2608 3147//3147
f 2610//2610 2611//2611 2609//2609 2613//2613
f 2610//2610 2613//2613 2620//2620 2637//2637
f 2631//2631 2630//2630 2610//2610 2637//2637
f 3561//3561 2611//2611 2610//2610 2630//2630
f 2613//2613 2609//2609 2612//2612 2617//2617
f 2614//2614 2617//2617 2612//2612 3146//3146
f 2616//2616 2614//2614 2615//2615 2619//2619
f 2617//2617 2614//2614 2616//2616 3142//3142
f 2616//2616 2619//2619 2618//2618 2624//2624
f 2616//2616 2624//2624 2625//2625 3142//3142
f 2620//2620 2613//2613 2617//2617 3142//3142
f 2620//2620 2621//2621 2622//2622 2637//2637
f 2625//2625 2621//2621 2620//2620 3142//3142
f 2757//2757 2622//2622 2621//2621 3141//3141
f 2631//2631 2637//2637 2622//2622 3145//3145
f 2759//2759 3145//3145 2622//2622 2757//2757
f 2624//2624 2618//2618 2623//2623 2756//2756
f 3081//3081 2625//2625 2624//2624 2756//2756
f 3141//3141 2621//2621 2625//2625 3081//3081
f 2627//2627 2399//2399 2626//2626 3561//3561
f 2630//2630 2628//2628 2627//2627 3561//3561
f 3090//3090 2399//2399 2627//2627 2629//2629
f 2629//2629 2627//2627 2628//2628 2635//2635
f 2628//2628 2630//2630 2631//2631 2634//2634
f 2628//2628 2634//2634 2636//2636 2635//2635
f 2633//2633 2632//2632 2629//2629 2635//2635
f 2661//2661 2657//2657 2632//2632 2633//2633
f 3090//3090 2629//2629 2632//2632 2656//2656
f 2633//2633 2635//2635 2636//2636 2638//2638
f 2634//2634 2631//2631 3145//3145 3024//3024
f 3024//3024 2639//2639 2636//2636 2634//2634
f 2638//2638 2636//2636 2639//2639 2783//2783
f 2638//2638 2640//2640 2661//2661 2633//2633
f 3571//3571 2640//2640 2638//2638 2783//2783
f 2640//2640 2641//2641 2642//2642 2661//2661
f 2640//2640 3571//3571 2786//2786 2641//2641
f 2657//2657 2661//2661 2642//2642 3093//3093
f 2788//2788 3487//3487 2642//2642 2641//2641
f 2666//2666 2645//2645 2643//2643 2664//2664
f 2645//2645 2646//2646 2644//2644 2643//2643
f 2644//2644 2646//2646 3401//3401 3399//3399
f 2647//2647 2648//2648 2646//2646 2645//2645
f 2646//2646 2648//2648 3354//3354 3401//3401
f 2647//2647 2649//2649 2650//2650 2648//2648
f 2666//2666 2668//2668 2647//2647 2645//2645
f 2668//2668 2670//2670 2649//2649 2647//2647
f 2649//2649 2670//2670 2672//2672 3558//3558
f 3005//3005 2650//2650 2649//2649 3558//3558
f 2650//2650 3089//3089 3354//3354 2648//2648
f 2652//2652 2414//2414 2651//2651 2655//2655
f 2652//2652 3093//3093 3004//3004 2653//2653
f 2653//2653 3005//3005 3558//3558 3563//3563
f 2655//2655 2651//2651 2654//2654 2656//2656
f 2655//2655 2657//2657 3093//3093 2652//2652
f 2657//2657 2655//2655 2656//2656 2632//2632
f 2658//2658 2659//2659 2660//2660 3089//3089
f 2659//2659 2658//2658 3004//3004 3487//3487
f 2660//2660 2799//2799 2798//2798 3424//3424
f 2800//2800 2799//2799 2660//2660 2659//2659
f 2665//2665 2664//2664 2662//2662 2663//2663
f 2667//2667 2666//2666 2664//2664 2665//2665
f 2669//2669 2668//2668 2666//2666 2667//2667
f 2668//2668 2669//2669 2671//2671 2670//2670
f 2672//2672 2670//2670 2671//2671 3094//3094
f 2672//2672 2407//2407 3563//3563 3558//3558
f 2676//2676 2675//2675 2673//2673 2674//2674
f 2673//2673 2675//2675 2851//2851 2853//2853
f 2678//2678 2677//2677 2675//2675 2676//2676
f 2675//2675 2677//2677 2849//2849 2851//2851
f 2680//2680 2679//2679 2677//2677 2678//2678
f 2677//2677 2679//2679 2847//2847 2849//2849
f 2687//2687 2686//2686 2679//2679 2680//2680
f 2679//2679 2686//2686 2845//2845 2847//2847
f 2685//2685 2684//2684 2681//2681 2682//2682
f 2865//2865 2685//2685 2682//2682 2843//2843
f 2686//2686 2865//2865 2843//2843 2845//2845
f 2687//2687 2688//2688 2865//2865 2686//2686
f 2694//2694 2690//2690 2689//2689 2693//2693
f 2695//2695 2691//2691 2690//2690 2694//2694
f 2708//2708 2704//2704 2691//2691 2695//2695
f 2697//2697 2693//2693 2692//2692 2696//2696
f 2698//2698 2694//2694 2693//2693 2697//2697
f 2699//2699 2695//2695 2694//2694 2698//2698
f 2695//2695 2699//2699 3234//3234 2708//2708
f 2697//2697 2696//2696 2701//2701 2702//2702
f 2698//2698 2697//2697 2702//2702 3237//3237
f 2699//2699 2698//2698 3237//3237 3236//3236
f 2703//2703 2702//2702 2701//2701 2700//2700
f 2703//2703 2700//2700 2715//2715 2717//2717
f 3237//3237 2702//2702 2703//2703 3258//3258
f 2709//2709 2706//2706 2704//2704 2708//2708
f 2705//2705 2592//2592 3001//3001 3384//3384
f 2707//2707 2593//2593 2706//2706 2709//2709
f 2707//2707 2709//2709 2710//2710 2711//2711
f 2709//2709 2708//2708 3234//3234 2710//2710
f 2710//2710 3234//3234 3235//3235 2714//2714
f 2711//2711 2710//2710 2714//2714 2713//2713
f 2711//2711 2713//2713 2999//2999 2998//2998
f 2712//2712 2713//2713 2714//2714 3256//3256
f 2712//2712 3256//3256 2886//2886 2737//2737
f 2713//2713 2712//2712 2732//2732 2999//2999
f 2714//2714 3235//3235 3255//3255 3256//3256
f 2718//2718 2717//2717 2715//2715 2716//2716
f 2720//2720 2719//2719 2717//2717 2718//2718
f 3258//3258 2703//2703 2717//2717 2719//2719
f 2718//2718 2716//2716 2721//2721 2723//2723
f 3257//3257 3258//3258 2719//2719 2890//2890
f 2720//2720 2718//2718 2723//2723 2725//2725
f 2890//2890 2719//2719 2720//2720 2889//2889
f 2724//2724 2723//2723 2721//2721 2722//2722
f 2739//2739 2724//2724 2722//2722 2738//2738
f 2726//2726 2725//2725 2723//2723 2724//2724
f 2740//2740 2726//2726 2724//2724 2739//2739
f 2728//2728 2727//2727 2725//2725 2726//2726
f 2889//2889 2720//2720 2725//2725 2727//2727
f 2741//2741 2728//2728 2726//2726 2740//2740
f 2887//2887 2889//2889 2727//2727 2966//2966
f 2728//2728 2965//2965 2966//2966 2727//2727
f 2730//2730 2623//2623 2729//2729 2734//2734
f 2730//2730 2734//2734 2733//2733 2993//2993
f 2736//2736 2735//2735 2730//2730 2993//2993
f 2730//2730 2735//2735 2756//2756 2623//2623
f 2731//2731 2732//2732 2733//2733 2734//2734
f 2737//2737 2733//2733 2732//2732 2712//2712
f 2732//2732 2731//2731 3072//3072 2999//2999
f 2994//2994 2993//2993 2733//2733 2737//2737
f 2734//2734 2729//2729 3567//3567 2731//2731
f 2760//2760 2735//2735 2736//2736 2761//2761
f 2994//2994 2959//2959 2736//2736 2993//2993
f 2885//2885 2994//2994 2737//2737 2886//2886
f 2743//2743 2739//2739 2738//2738 2742//2742
f 2744//2744 2740//2740 2739//2739 2743//2743
f 2745//2745 2741//2741 2740//2740 2744//2744
f 2741//2741 2976//2976 2965//2965 2728//2728
f 2747//2747 2743//2743 2742//2742 2746//2746
f 2748//2748 2744//2744 2743//2743 2747//2747
f 2749//2749 2745//2745 2744//2744 2748//2748
f 2745//2745 2978//2978 2976//2976 2741//2741
f 2751//2751 2747//2747 2746//2746 2750//2750
f 2752//2752 2748//2748 2747//2747 2751//2751
f 2748//2748 2752//2752 2753//2753 2749//2749
f 2754//2754 2755//2755 2749//2749 2753//2753
f 2749//2749 2755//2755 2978//2978 2745//2745
f 2777//2777 2778//2778 2750//2750 1400//1400
f 2779//2779 2751//2751 2750//2750 2778//2778
f 2779//2779 2780//2780 2752//2752 2751//2751
f 2780//2780 2781//2781 2753//2753 2752//2752
f 2781//2781 2782//2782 2754//2754 2753//2753
f 2795//2795 2768//2768 2754//2754 2782//2782
f 2768//2768 2767//2767 2755//2755 2754//2754
f 2755//2755 2767//2767 2977//2977 2978//2978
f 2760//2760 3081//3081 2756//2756 2735//2735
f 2759//2759 2757//2757 2758//2758 2789//2789
f 2808//2808 2789//2789 2758//2758 2764//2764
f 3141//3141 2762//2762 2758//2758 2757//2757
f 3141//3141 3081//3081 2760//2760 2762//2762
f 2762//2762 2760//2760 2761//2761 2763//2763
f 2959//2959 2960//2960 2761//2761 2736//2736
f 2979//2979 2763//2763 2761//2761 2960//2960
f 2764//2764 2758//2758 2762//2762 2763//2763
f 2961//2961 2764//2764 2763//2763 2979//2979
f 2765//2765 2766//2766 2767//2767 2768//2768
f 2765//2765 2807//2807 2808//2808 2766//2766
f 2767//2767 2766//2766 2961//2961 2977//2977
f 2796//2796 2765//2765 2768//2768 2795//2795
f 2797//2797 2771//2771 2769//2769 3471//3471
f 2771//2771 2772//2772 2770//2770 2769//2769
f 2770//2770 2779//2779 2778//2778 1423//1423
f 2770//2770 2772//2772 2780//2780 2779//2779
f 2773//2773 2774//2774 2772//2772 2771//2771
f 2772//2772 2774//2774 2781//2781 2780//2780
f 2773//2773 2775//2775 2776//2776 2774//2774
f 2797//2797 2798//2798 2773//2773 2771//2771
f 2774//2774 2776//2776 2782//2782 2781//2781
f 2775//2775 2791//2791 2792//2792 2776//2776
f 2798//2798 2799//2799 2775//2775 2773//2773
f 2869//2869 1421//1421 2777//2777 2870//2870
f 2792//2792 2795//2795 2782//2782 2776//2776
f 2785//2785 2784//2784 2783//2783 2639//2639
f 2784//2784 2785//2785 2984//2984 3570//3570
f 2784//2784 3570//3570 3571//3571 2783//2783
f 2985//2985 2984//2984 2785//2785 2790//2790
f 3024//3024 2790//2790 2785//2785 2639//2639
f 2786//2786 2787//2787 2788//2788 2641//2641
f 3570//3570 2794//2794 2786//2786 3571//3571
f 2794//2794 2793//2793 2787//2787 2786//2786
f 2788//2788 2787//2787 2791//2791 2800//2800
f 2790//2790 2759//2759 2789//2789 2985//2985
f 2807//2807 2985//2985 2789//2789 2808//2808
f 2790//2790 3024//3024 3145//3145 2759//2759
f 2791//2791 2787//2787 2793//2793 2792//2792
f 2799//2799 2800//2800 2791//2791 2775//2775
f 2793//2793 2796//2796 2795//2795 2792//2792
f 2796//2796 2793//2793 2794//2794 2986//2986
f 2984//2984 2986//2986 2794//2794 3570//3570
f 2796//2796 2986//2986 2807//2807 2765//2765
f 3427//3427 3423//3423 2797//2797 3471//3471
f 3423//3423 3424//3424 2798//2798 2797//2797
f 2800//2800 2659//2659 3487//3487 2788//2788
f 2803//2803 2812//2812 2813//2813 3260//3260
f 2961//2961 2766//2766 2808//2808 2764//2764
f 2962//2962 2813//2813 2812//2812 601//601
f 2817//2817 1143//1143 2816//2816 1131//1131
f 2818//2818 2819//2819 2988//2988 2987//2987
f 2819//2819 2820//2820 2989//2989 2988//2988
f 2820//2820 2821//2821 2990//2990 2989//2989
f 2821//2821 2822//2822 2991//2991 2990//2990
f 2824//2824 2827//2827 2828//2828 2825//2825
f 2824//2824 2826//2826 3178//3178 3180//3180
f 2826//2826 2824//2824 2825//2825 1542//1542
f 2826//2826 3221//3221 3176//3176 3178//3178
f 2827//2827 2829//2829 2830//2830 2828//2828
f 2827//2827 2824//2824 3180//3180 3182//3182
f 2829//2829 2831//2831 2832//2832 2830//2830
f 2829//2829 2827//2827 3182//3182 3184//3184
f 2831//2831 2833//2833 2834//2834 2832//2832
f 2831//2831 2829//2829 3184//3184 3185//3185
f 2833//2833 2831//2831 3185//3185 3442//3442
f 2835//2835 2833//2833 3442//3442 3438//3438
f 2836//2836 2837//2837 2904//2904 2898//2898
f 2837//2837 2841//2841 2903//2903 2904//2904
f 2838//2838 2836//2836 2898//2898 2899//2899
f 2839//2839 2838//2838 2899//2899 2900//2900
f 2841//2841 2840//2840 2902//2902 2903//2903
f 2842//2842 175//175 2905//2905 169//169
f 3220//3220 197//197 2842//2842 162//162
f 2845//2845 2843//2843 2844//2844 2846//2846
f 2847//2847 2845//2845 2846//2846 2848//2848
f 2849//2849 2847//2847 2848//2848 2850//2850
f 2851//2851 2849//2849 2850//2850 2852//2852
f 2853//2853 2851//2851 2852//2852 2854//2854
f 2855//2855 2853//2853 2854//2854 2856//2856
f 2857//2857 2855//2855 2856//2856 2958//2958
f 2857//2857 2958//2958 3510//3510 3512//3512
f 2917//2917 3212//3212 2862//2862 2910//2910
f 2862//2862 3212//3212 3214//3214 2861//2861
f 2910//2910 2862//2862 2863//2863 2911//2911
f 3453//3453 3454//3454 2866//2866 3498//3498
f 2866//2866 3454//3454 3456//3456 2867//2867
f 2866//2866 2868//2868 3536//3536 3498//3498
f 2868//2868 2866//2866 2867//2867 2968//2968
f 2969//2969 2968//2968 2867//2867 776//776
f 3534//3534 3533//3533 2868//2868 2968//2968
f 2934//2934 2936//2936 2872//2872 2871//2871
f 2882//2882 2881//2881 2873//2873 2875//2875
f 2873//2873 2939//2939 2940//2940 2874//2874
f 2873//2873 2881//2881 3514//3514 2939//2939
f 2875//2875 2873//2873 2874//2874 2877//2877
f 2874//2874 2940//2940 2941//2941 2876//2876
f 2877//2877 2874//2874 2876//2876 2879//2879
f 2876//2876 2941//2941 2942//2942 2878//2878
f 2879//2879 2876//2876 2878//2878 2880//2880
f 2878//2878 2942//2942 2943//2943 621//621
f 2885//2885 2887//2887 2966//2966 2964//2964
f 2887//2887 2885//2885 2886//2886 2888//2888
f 2889//2889 2887//2887 2888//2888 2890//2890
f 3256//3256 3255//3255 2888//2888 2886//2886
f 3255//3255 3257//3257 2890//2890 2888//2888
f 2894//2894 2892//2892 2893//2893 2895//2895
f 2946//2946 2947//2947 2894//2894 2948//2948
f 2894//2894 2947//2947 3494//3494 2892//2892
f 2948//2948 2894//2894 2895//2895 2949//2949
f 2949//2949 2895//2895 2896//2896 2950//2950
f 3087//3087 844//844 2897//2897 1062//1062
f 2943//2943 2967//2967 2907//2907 620//620
f 2909//2909 2907//2907 2908//2908 763//763
f 2908//2908 2907//2907 2967//2967 2969//2969
f 2919//2919 2917//2917 2910//2910 2912//2912
f 2912//2912 2910//2910 2911//2911 2914//2914
f 2956//2956 2919//2919 2912//2912 2953//2953
f 2914//2914 2911//2911 2913//2913 2915//2915
f 2953//2953 2912//2912 2914//2914 17//17
f 2916//2916 3529//3529 3208//3208 3210//3210
f 2918//2918 2916//2916 2917//2917 2919//2919
f 2917//2917 2916//2916 3210//3210 3212//3212
f 2918//2918 2954//2954 3529//3529 2916//2916
f 2955//2955 2918//2918 2919//2919 2956//2956
f 2922//2922 2920//2920 2921//2921 2924//2924
f 2921//2921 2920//2920 2970//2970 3521//3521
f 3468//3468 3469//3469 2922//2922 2924//2924
f 2924//2924 2921//2921 2923//2923 2926//2926
f 2923//2923 2921//2921 3521//3521 3520//3520
f 3429//3429 3468//3468 2924//2924 2926//2926
f 2926//2926 2923//2923 2925//2925 3497//3497
f 2925//2925 2923//2923 3520//3520 3519//3519
f 3075//3075 2928//2928 2929//2929 2273//2273
f 2930//2930 1617//1617 3022//3022 1550//1550
f 2934//2934 1399//1399 2933//2933 2935//2935
f 2936//2936 2934//2934 2935//2935 2937//2937
f 2938//2938 2936//2936 2937//2937 3540//3540
f 2937//2937 3544//3544 3545//3545 3540//3540
f 2939//2939 3514//3514 3531//3531 3532//3532
f 2940//2940 2939//2939 3532//3532 3535//3535
f 2941//2941 2940//2940 3535//3535 3533//3533
f 2967//2967 2943//2943 2942//2942 3534//3534
f 2942//2942 2941//2941 3533//3533 3534//3534
f 3518//3518 2945//2945 2944//2944 3515//3515
f 2945//2945 3518//3518 3517//3517 3568//3568
f 2946//2946 3556//3556 3550//3550 2951//2951
f 2951//2951 2952//2952 2947//2947 2946//2946
f 2947//2947 2952//2952 3496//3496 3494//3494
f 2948//2948 3555//3555 3556//3556 2946//2946
f 2949//2949 3554//3554 3555//3555 2948//2948
f 2950//2950 3553//3553 3554//3554 2949//2949
f 2951//2951 3550//3550 3551//3551 3569//3569
f 2952//2952 3516//3516 3495//3495 3496//3496
f 3569//3569 3516//3516 2952//2952 2951//2951
f 2954//2954 69//69 3530//3530 3529//3529
f 2963//2963 2960//2960 2959//2959 2964//2964
f 2975//2975 2979//2979 2960//2960 2963//2963
f 2976//2976 2975//2975 2963//2963 2965//2965
f 2965//2965 2963//2963 2964//2964 2966//2966
f 2994//2994 2885//2885 2964//2964 2959//2959
f 2968//2968 2969//2969 2967//2967 3534//3534
f 3546//3546 2973//2973 2972//2972 3000//3000
f 2978//2978 2977//2977 2975//2975 2976//2976
f 2977//2977 2961//2961 2979//2979 2975//2975
f 2986//2986 2984//2984 2985//2985 2807//2807
f 3188//3188 2818//2818 2987//2987 3189//3189
f 3009//3009 798//798 2992//2992 2927//2927
f 3096//3096 2237//2237 2995//2995 3562//3562
f 3073//3073 2998//2998 2999//2999 3072//3072
f 3200//3200 609//609 3002//3002 3199//3199
f 3004//3004 2658//2658 3005//3005 2653//2653
f 3005//3005 2658//2658 3089//3089 2650//2650
f 3095//3095 2121//2121 3007//3007 2403//2403
f 3017//3017 2601//2601 3014//3014 3015//3015
f 3074//3074 3015//3015 3014//3014 2327//2327
f 3014//3014 2601//2601 3559//3559 2596//2596
f 3016//3016 3017//3017 3015//3015 3143//3143
f 3025//3025 1810//1810 3397//3397 1980//1980
f 3040//3040 1991//1991 3044//3044 1966//1966
f 3046//3046 1748//1748 3063//3063 1744//1744
f 3058//3058 3055//3055 3049//3049 1639//1639
f 3157//3157 525//525 3051//3051 3071//3071
f 3052//3052 3158//3158 3159//3159 499//499
f 3056//3056 3057//3057 3055//3055 3058//3058
f 3565//3565 3049//3049 3055//3055 1750//1750
f 3067//3067 696//696 3066//3066 540//540
f 3172//3172 1054//1054 3088//3088 3087//3087
f 3089//3089 2660//2660 3424//3424 3354//3354
f 3487//3487 3004//3004 3093//3093 2642//2642
f 3095//3095 2408//2408 3094//3094 2435//2435
f 3097//3097 1107//1107 3098//3098 1121//1121
f 3105//3105 1816//1816 3116//3116 1677//1677
f 3136//3136 2029//2029 3113//3113 1826//1826
f 3132//3132 1583//1583 3123//3123 1577//1577
f 3129//3129 1710//1710 3128//3128 1731//1731
f 3148//3148 3166//3166 3167//3167 2328//2328
f 3151//3151 3069//3069 3150//3150 1945//1945
f 3154//3154 3031//3031 3155//3155 1236//1236
f 3560//3560 706//706 3156//3156 697//697
f 3161//3161 2117//2117 3160//3160 2108//2108
f 3174//3174 3054//3054 3160//3160 3008//3008
f 3549//3549 2323//2323 3166//3166 3149//3149
f 3175//3175 3177//3177 3178//3178 3176//3176
f 3175//3175 3285//3285 3286//3286 3177//3177
f 3177//3177 3179//3179 3180//3180 3178//3178
f 3177//3177 3286//3286 3287//3287 3179//3179
f 3179//3179 3181//3181 3182//3182 3180//3180
f 3179//3179 3287//3287 3288//3288 3181//3181
f 3181//3181 3183//3183 3184//3184 3182//3182
f 3181//3181 3288//3288 3289//3289 3183//3183
f 3183//3183 358//358 3185//3185 3184//3184
f 3186//3186 978//978 3194//3194 990//990
f 3357//3357 976//976 3201//3201 781//781
f 3209//3209 3207//3207 3203//3203 1663//1663
f 3530//3530 80//80 3205//3205 3206//3206
f 3206//3206 3205//3205 3207//3207 3209//3209
f 3529//3529 3530//3530 3206//3206 3208//3208
f 3208//3208 3206//3206 3209//3209 3211//3211
f 3210//3210 3208//3208 3211//3211 3213//3213
f 3211//3211 3204//3204 3216//3216 3213//3213
f 3212//3212 3210//3210 3213//3213 3214//3214
f 3218//3218 3318//3318 3320//3320 3314//3314
f 3360//3360 3318//3318 3218//3218 3217//3217
f 3219//3219 3218//3218 3314//3314 3315//3315
f 3221//3221 1549//1549 3443//3443 3176//3176
f 3222//3222 2883//2883 3513//3513 3223//3223
f 3538//3538 3511//3511 3223//3223 3513//3513
f 3226//3226 1769//1769 3225//3225 3228//3228
f 3228//3228 3225//3225 3227//3227 3230//3230
f 3227//3227 3225//3225 3233//3233 3238//3238
f 3447//3447 3226//3226 3228//3228 3448//3448
f 3230//3230 3227//3227 3229//3229 3445//3445
f 3229//3229 3227//3227 3238//3238 3243//3243
f 3444//3444 3445//3445 3229//3229 3436//3436
f 3448//3448 3228//3228 3230//3230 3449//3449
f 3511//3511 3508//3508 3231//3231 3223//3223
f 3470//3470 3473//3473 3232//3232 1425//1425
f 3472//3472 1422//1422 3232//3232 3473//3473
f 3234//3234 2699//2699 3236//3236 3235//3235
f 3235//3235 3236//3236 3257//3257 3255//3255
f 3236//3236 3237//3237 3258//3258 3257//3257
f 3240//3240 576//576 3239//3239 3242//3242
f 3434//3434 3435//3435 3240//3240 3242//3242
f 3242//3242 3239//3239 3241//3241 566//566
f 3241//3241 3239//3239 3246//3246 3248//3248
f 3436//3436 3229//3229 3243//3243 3244//3244
f 3437//3437 3436//3436 3244//3244 3245//3245
f 3435//3435 3437//3437 3245//3245 3240//3240
f 3246//3246 578//578 3247//3247 3249//3249
f 3247//3247 3254//3254 3394//3394 3390//3390
f 3248//3248 3246//3246 3249//3249 3250//3250
f 3249//3249 3247//3247 3390//3390 3391//3391
f 3249//3249 3391//3391 3392//3392 3250//3250
f 3252//3252 3422//3422 3388//3388 3389//3389
f 3253//3253 3252//3252 3389//3389 3393//3393
f 3254//3254 3253//3253 3393//3393 3394//3394
f 3261//3261 3418//3418 3282//3282 3270//3270
f 3263//3263 3264//3264 3262//3262 3266//3266
f 3262//3262 3264//3264 3278//3278 3279//3279
f 3394//3394 3274//3274 3263//3263 3390//3390
f 3274//3274 3272//3272 3264//3264 3263//3263
f 3264//3264 3272//3272 3283//3283 3278//3278
f 3266//3266 3262//3262 3265//3265 3268//3268
f 3265//3265 3262//3262 3279//3279 3280//3280
f 3390//3390 3263//3263 3266//3266 3391//3391
f 3268//3268 3265//3265 3267//3267 3269//3269
f 3267//3267 3265//3265 3280//3280 3281//3281
f 3391//3391 3266//3266 3268//3268 3392//3392
f 3392//3392 3268//3268 3269//3269 572//572
f 3271//3271 3261//3261 3270//3270 3273//3273
f 3393//3393 3389//3389 3271//3271 3273//3273
f 3273//3273 3270//3270 3272//3272 3274//3274
f 3272//3272 3270//3270 3282//3282 3283//3283
f 3394//3394 3393//3393 3273//3273 3274//3274
f 3277//3277 784//784 3553//3553 2950//2950
f 3278//3278 3283//3283 3408//3408 3404//3404
f 3279//3279 3278//3278 3404//3404 3405//3405
f 3280//3280 3279//3279 3405//3405 3406//3406
f 3280//3280 3406//3406 3407//3407 3281//3281
f 3283//3283 3282//3282 3368//3368 3408//3408
f 3503//3503 3286//3286 3285//3285 3502//3502
f 3376//3376 3287//3287 3286//3286 3503//3503
f 3288//3288 3287//3287 3376//3376 1642//1642
f 3295//3295 3294//3294 3290//3290 3292//3292
f 3324//3324 3322//3322 3290//3290 3294//3294
f 3292//3292 3290//3290 3291//3291 3293//3293
f 3322//3322 3323//3323 3291//3291 3290//3290
f 3293//3293 3291//3291 3299//3299 3300//3300
f 3300//3300 3299//3299 3297//3297 3298//3298
f 3326//3326 3325//3325 3297//3297 3299//3299
f 3323//3323 3326//3326 3299//3299 3291//3291
f 3302//3302 3303//3303 3301//3301 3421//3421
f 3301//3301 983//983 3355//3355 3455//3455
f 3453//3453 3421//3421 3301//3301 3455//3455
f 3458//3458 3457//3457 3302//3302 3421//3421
f 3306//3306 3307//3307 3308//3308 3336//3336
f 3329//3329 3328//3328 3306//3306 3336//3336
f 3408//3408 3368//3368 3307//3307 3306//3306
f 3308//3308 3334//3334 3335//3335 3336//3336
f 3309//3309 3310//3310 3311//3311 3313//3313
f 3477//3477 3310//3310 3309//3309 3478//3478
f 3476//3476 3475//3475 3310//3310 3477//3477
f 3311//3311 3474//3474 3459//3459 3460//3460
f 3475//3475 3474//3474 3311//3311 3310//3310
f 3312//3312 3309//3309 3313//3313 3317//3317
f 3478//3478 3309//3309 3312//3312 3479//3479
f 3313//3313 3311//3311 3460//3460 3461//3461
f 3314//3314 3462//3462 3463//3463 3315//3315
f 3315//3315 3463//3463 3464//3464 3321//3321
f 3316//3316 3312//3312 3317//3317 3319//3319
f 3479//3479 3312//3312 3316//3316 3480//3480
f 3317//3317 3313//3313 3461//3461 3465//3465
f 3318//3318 3316//3316 3319//3319 3320//3320
f 3480//3480 3316//3316 3318//3318 3360//3360
f 3319//3319 3317//3317 3465//3465 3466//3466
f 3320//3320 3467//3467 3462//3462 3314//3314
f 3320//3320 3319//3319 3466//3466 3467//3467
f 3328//3328 3329//3329 3327//3327 3331//3331
f 3351//3351 3348//3348 3327//3327 3329//3329
f 3408//3408 3306//3306 3328//3328 3404//3404
f 3329//3329 3336//3336 3335//3335 3351//3351
f 3331//3331 3327//3327 3330//3330 3333//3333
f 3330//3330 3327//3327 3348//3348 3349//3349
f 3404//3404 3328//3328 3331//3331 3405//3405
f 3333//3333 3330//3330 3332//3332 3403//3403
f 3332//3332 3330//3330 3349//3349 3350//3350
f 3405//3405 3331//3331 3333//3333 3406//3406
f 3334//3334 2194//2194 3352//3352 3335//3335
f 3339//3339 3377//3377 3337//3337 3340//3340
f 3339//3339 3340//3340 3338//3338 3344//3344
f 3347//3347 3345//3345 3342//3342 3341//3341
f 3344//3344 3338//3338 3343//3343 3346//3346
f 3378//3378 1555//1555 3344//3344 3346//3346
f 3346//3346 3343//3343 3345//3345 3347//3347
f 3348//3348 3351//3351 3362//3362 3361//3361
f 3361//3361 3364//3364 3349//3349 3348//3348
f 3351//3351 3335//3335 3352//3352 3362//3362
f 3354//3354 3424//3424 3423//3423 3401//3401
f 3356//3356 3419//3419 3455//3455 3355//3355
f 3419//3419 3356//3356 3357//3357 3420//3420
f 3358//3358 3359//3359 3360//3360 3217//3217
f 3491//3491 3359//3359 3358//3358 361//361
f 3359//3359 1644//1644 3480//3480 3360//3360
f 3361//3361 3362//3362 3363//3363 3365//3365
f 3362//3362 3352//3352 3367//3367 3363//3363
f 3363//3363 3415//3415 3414//3414 3365//3365
f 3364//3364 3361//3361 3365//3365 3366//3366
f 3365//3365 3414//3414 3416//3416 3366//3366
f 3367//3367 3417//3417 3415//3415 3363//3363
f 3369//3369 3375//3375 3522//3522 3528//3528
f 3370//3370 3369//3369 3528//3528 3527//3527
f 3371//3371 3370//3370 3527//3527 3526//3526
f 3372//3372 3371//3371 3526//3526 3525//3525
f 3374//3374 3373//3373 3524//3524 3523//3523
f 3375//3375 3374//3374 3523//3523 3522//3522
f 3376//3376 3503//3503 3490//3490 1643//1643
f 3399//3399 3427//3427 3426//3426 3400//3400
f 3400//3400 3426//3426 3428//3428 3402//3402
f 3401//3401 3423//3423 3427//3427 3399//3399
f 3402//3402 3428//3428 3425//3425 3398//3398
f 3406//3406 3333//3333 3403//3403 3407//3407
f 3409//3409 3410//3410 3411//3411 3413//3413
f 3462//3462 3410//3410 3409//3409 3463//3463
f 3467//3467 3452//3452 3410//3410 3462//3462
f 3411//3411 3446//3446 3437//3437 3435//3435
f 3452//3452 3446//3446 3411//3411 3410//3410
f 3412//3412 3409//3409 3413//3413 565//565
f 3463//3463 3409//3409 3412//3412 3464//3464
f 3413//3413 3411//3411 3435//3435 3434//3434
f 3414//3414 3468//3468 3429//3429 3416//3416
f 3415//3415 3469//3469 3468//3468 3414//3414
f 3417//3417 2221//2221 3469//3469 3415//3415
f 3456//3456 3454//3454 3419//3419 3420//3420
f 3425//3425 3428//3428 3473//3473 3470//3470
f 3426//3426 3427//3427 3471//3471 3472//3472
f 3428//3428 3426//3426 3472//3472 3473//3473
f 3520//3520 3521//3521 3432//3432 3433//3433
f 3519//3519 3520//3520 3433//3433 1142//1142
f 3446//3446 3444//3444 3436//3436 3437//3437
f 3439//3439 2835//2835 3438//3438 235//235
f 3450//3450 3445//3445 3444//3444 3451//3451
f 3449//3449 3230//3230 3445//3445 3450//3450
f 3451//3451 3444//3444 3446//3446 3452//3452
f 3460//3460 3459//3459 3447//3447 3448//3448
f 3460//3460 3448//3448 3449//3449 3461//3461
f 3461//3461 3449//3449 3450//3450 3465//3465
f 3465//3465 3450//3450 3451//3451 3466//3466
f 3466//3466 3451//3451 3452//3452 3467//3467
f 3453//3453 3498//3498 3458//3458 3421//3421
f 3454//3454 3453//3453 3455//3455 3419//3419
f 3500//3500 3457//3457 3458//3458 3499//3499
f 3489//3489 3488//3488 3476//3476 3477//3477
f 3490//3490 3489//3489 3477//3477 3478//3478
f 3502//3502 3501//3501 3488//3488 3489//3489
f 3503//3503 3502//3502 3489//3489 3490//3490
f 3517//3517 3518//3518 3492//3492 3493//3493
f 3516//3516 3517//3517 3493//3493 3495//3495
f 3499//3499 3458//3458 3498//3498 3536//3536
f 3535//3535 3532//3532 3499//3499 3536//3536
f 3532//3532 3531//3531 3500//3500 3499//3499
f 3512//3512 3510//3510 3507//3507 3509//3509
f 3509//3509 3507//3507 3508//3508 3511//3511
f 3568//3568 3517//3517 3516//3516 3569//3569
f 3522//3522 3523//3523 3551//3551 3550//3550
f 3523//3523 3524//3524 3552//3552 3551//3551
f 3525//3525 3526//3526 3554//3554 3553//3553
f 3526//3526 3527//3527 3555//3555 3554//3554
f 3527//3527 3528//3528 3556//3556 3555//3555
f 3528//3528 3522//3522 3550//3550 3556//3556
f 3533//3533 3535//3535 3536//3536 2868//2868
f 3544//3544 3542//3542 3543//3543 3545//3545
f 3548//3548 3547//3547 3572//3572 473//473
f 3569//3569 3551//3551 3552//3552 3568//3568
f 3574//3574 1928//1928 1915//1915 2094//2094
f 3575//3575 970//970 997//997 998//998
f 3576//3576 472//472 464//464 503//503
