# Blender 4.3.0
# www.blender.org
mtllib 1.mtl
o 1.Balloon
v -0.119350 -1.318388 6.081984
v -0.311776 -1.311979 6.011216
v -0.302465 -1.497068 5.968369
v -0.314191 -1.126008 6.021191
v 0.293771 -1.498443 6.033849
v 0.083467 -1.322997 6.127023
v 0.088737 -1.495458 6.059209
v 0.079785 -1.136021 6.125287
v 0.284016 -1.137980 6.120772
v 0.293117 -1.326506 6.120196
v 0.497305 -1.325453 6.065054
v -0.128522 -0.758209 6.088166
v -0.323459 -0.755205 6.033659
v -0.318470 -0.940677 6.028280
v -0.138083 -0.384601 6.087759
v -0.338777 -0.197127 6.045125
v -0.333872 -0.383356 6.041600
v 0.068847 -0.760453 6.120630
v 0.074512 -0.948256 6.121378
v 0.268328 -0.761029 6.116761
v 0.054232 -0.198331 6.112269
v 0.058829 -0.385578 6.112207
v 0.251993 -0.198219 6.110409
v 0.275538 -0.949364 6.118661
v 0.467061 -0.760057 6.082602
v 0.256596 -0.385594 6.110289
v 0.450198 -0.197698 6.084026
v 0.693064 -1.316948 5.981187
v 0.681284 -1.131621 6.002825
v 0.485673 -1.136319 6.075857
v -0.150483 0.175780 6.087701
v -0.346414 0.175635 6.044079
v -0.342957 -0.010754 6.045371
v -0.157721 0.549687 6.086509
v -0.354234 0.734407 6.027513
v -0.351791 0.548124 6.032540
v 0.046213 0.175987 6.111686
v 0.050084 -0.011172 6.111211
v 0.243441 0.176233 6.111042
v 0.034112 0.738663 6.119053
v 0.038331 0.550714 6.116280
v 0.231282 0.739279 6.121103
v 0.247488 -0.010991 6.107871
v 0.441720 0.176433 6.085583
v 0.235533 0.551201 6.115923
v 0.428524 0.738540 6.090766
v -0.172370 1.111957 6.078381
v -0.360680 1.106688 6.004534
v -0.356118 0.920502 6.016178
v -0.181167 1.299656 6.069552
v -0.367649 1.294093 5.990082
v 0.023295 1.115837 6.123059
v 0.029308 0.927072 6.121280
v 0.222255 1.116803 6.127549
v 0.226838 0.927862 6.123509
v 0.420300 1.114699 6.093655
v -2.312821 -1.268250 -3.012869
v -2.380991 -1.450810 -3.206659
v -2.309083 -1.423238 -3.015065
v -2.469404 -1.103729 -3.395593
v -2.467819 -1.286799 -3.390839
v -2.404584 -1.276955 -3.197959
v -2.252425 -1.509529 -3.411694
v -2.233869 -1.504989 -3.233462
v -2.424865 -1.464010 -3.394524
v -2.459666 -1.479161 -3.586278
v -2.268060 -1.512008 -3.595064
v -2.176341 -1.444144 -2.869148
v -2.019238 -1.474191 -2.750420
v -2.188545 -1.278048 -2.852666
v -2.084383 -1.498064 -3.601746
v -1.830294 -1.461857 -2.706251
v -2.034372 -1.292085 -2.727874
v -1.855675 -1.296090 -2.647516
v -2.046854 -1.113848 -2.722589
v -1.948135 -1.484231 -2.959108
v -2.072495 -1.500223 -3.209754
v -1.914875 -1.485760 -3.179790
v -2.103730 -1.497634 -3.010705
v -1.641105 -1.477167 -2.665138
v -1.867946 -1.119245 -2.647996
v -1.664753 -1.304797 -2.604776
v -2.076366 -1.503277 -3.407527
v -1.913484 -1.466681 -3.608255
v -1.908655 -1.483601 -3.397999
v -1.606864 -1.462953 -2.921667
v -1.492371 -1.139238 -2.623663
v -1.679475 -1.126521 -2.619632
v -1.754365 -1.468140 -3.164139
v -1.745436 -1.458721 -3.394323
v -1.590500 -1.450595 -3.167433
v -1.583919 -1.432852 -3.402860
v -1.284148 -1.353516 -2.612435
v -1.472806 -1.314453 -2.598262
v -1.449974 -1.452046 -2.701756
v -2.340946 -0.745602 -3.010511
v -2.413285 -0.921793 -3.200638
v -2.328693 -0.924225 -3.012118
v -2.358961 -0.381602 -3.012436
v -2.419099 -0.559503 -3.206604
v -2.349384 -0.564437 -3.011835
v -2.367333 -0.197237 -3.013456
v -2.420104 -0.376279 -3.210205
v -2.471189 -0.739044 -3.404647
v -2.416813 -0.741415 -3.203366
v -2.464320 -0.372357 -3.414444
v -2.467470 -0.556075 -3.409750
v -2.463385 -0.187835 -3.418699
v -2.071362 -0.754949 -2.723446
v -2.212425 -0.929678 -2.846037
v -2.060187 -0.935301 -2.720768
v -2.090679 -0.207560 -2.753982
v -2.255659 -0.387524 -2.838846
v -2.085099 -0.390881 -2.743669
v -1.877542 -0.939381 -2.662060
v -1.895676 -0.396662 -2.749368
v -1.690183 -0.948289 -2.657700
v -1.884386 -0.758744 -2.686695
v -1.699848 -0.771093 -2.706164
v -1.709188 -0.592496 -2.753472
v -1.718901 -0.412971 -2.801340
v -1.890160 -0.577918 -2.716745
v -1.907022 -0.219063 -2.800004
v -1.727372 -0.230555 -2.841831
v -1.905748 -0.033505 -2.798456
v -1.541094 -0.427638 -2.837965
v -2.480736 -1.105437 -4.007905
v -2.479542 -1.291287 -3.994690
v -2.506077 -1.294024 -3.794653
v -2.432194 -1.475802 -4.166674
v -2.457928 -1.477142 -3.977499
v -2.269130 -1.509888 -3.954580
v -2.270868 -1.512485 -3.777919
v -2.335526 -1.467391 -4.353453
v -2.425525 -1.288833 -4.188188
v -2.197855 -1.295050 -4.510498
v -2.209920 -1.481304 -4.496374
v -2.328359 -1.289858 -4.366754
v -2.147946 -1.502558 -4.334836
v -1.988163 -1.480110 -4.404435
v -2.108847 -1.486317 -4.169837
v -2.038178 -1.467463 -4.581066
v -2.046850 -1.295157 -4.631621
v -2.042375 -1.110817 -4.637537
v -1.939804 -1.425433 -4.017223
v -1.960383 -1.432281 -4.217519
v -1.803792 -1.392092 -4.258847
v -1.865632 -1.489080 -4.671948
v -1.867055 -1.297498 -4.696733
v -1.860270 -1.109103 -4.679480
v -1.677759 -1.480459 -4.699604
v -1.654538 -1.436546 -4.490171
v -1.675628 -1.107417 -4.682724
v -2.503420 -0.921274 -3.813244
v -2.480295 -0.736462 -4.026690
v -2.480547 -0.920749 -4.018467
v -2.499477 -0.552561 -3.826931
v -2.501783 -0.736856 -3.820624
v -2.497213 -0.368031 -3.832593
v -2.477575 -0.367174 -4.039663
v -2.478857 -0.552025 -4.033320
v -2.476833 -0.181993 -4.044652
v -2.424249 -0.920949 -4.215327
v -2.426929 -0.552189 -4.230472
v -2.429274 -0.181719 -4.241703
v -2.428297 -0.367163 -4.236767
v -2.333071 -0.737985 -4.401347
v -2.201489 -0.924476 -4.539637
v -2.329576 -0.922716 -4.392606
v -2.340091 -0.367406 -4.414097
v -2.200320 -0.552432 -4.545468
v -2.336911 -0.552838 -4.408311
v -2.342131 -0.181766 -4.418766
v -2.199079 -0.366720 -4.545349
v -2.033109 -0.737114 -4.631814
v -2.037750 -0.924045 -4.636092
v -2.201526 -0.738389 -4.544456
v -2.024761 -0.365752 -4.615861
v -2.027908 -0.551208 -4.622382
v -2.025620 -0.180663 -4.616001
v -2.199511 -0.181329 -4.546988
v -1.849254 -0.737352 -4.631796
v -1.853644 -0.923167 -4.652322
v -1.844319 -0.179626 -4.632956
v -1.843582 -0.365076 -4.641425
v -0.757205 -1.280145 5.573173
v -0.794350 -1.260386 5.362162
v -0.792789 -1.446757 5.347370
v -0.746771 -1.097311 5.581960
v -0.643492 -1.283455 5.757180
v -0.744092 -1.466979 5.551613
v -0.619736 -1.446802 5.724033
v -0.617557 -1.451632 5.314751
v -0.863905 -1.417197 4.923600
v -0.662636 -1.416502 4.916835
v -0.641495 -1.433712 5.118214
v -0.544749 -1.493738 5.642060
v -0.586249 -1.469165 5.497770
v -0.533600 -0.559252 4.951026
v -0.539019 -0.745101 4.953467
v -0.577327 -0.742840 5.165779
v -0.622420 -0.922184 5.161558
v -0.651660 -0.922748 5.375457
v -0.623667 -0.375769 5.148276
v -0.591851 -0.558257 5.158951
v -0.652005 -0.558089 5.366906
v -0.645106 -0.191649 5.140789
v -0.677573 -0.375698 5.357852
v -0.656340 -1.107070 5.778448
v -0.718262 -0.918084 5.582097
v -0.664897 -0.743095 5.796042
v -0.664074 -0.926163 5.792258
v -0.696750 -0.738229 5.582074
v -0.700317 -0.556801 5.579666
v -0.653842 -0.376350 5.786559
v -0.659400 -0.559757 5.792019
v -0.648952 -0.192898 5.781193
v -0.697312 -0.374423 5.574899
v -0.698365 -0.191016 5.570679
v -0.685509 -0.007694 5.565285
v -0.802712 -1.234515 4.931464
v -0.789425 -1.227652 4.717484
v -0.860730 -1.401883 4.708529
v -0.676843 -1.078161 4.725904
v -0.774758 -1.178279 3.864186
v -0.771926 -1.167803 3.651269
v -0.809849 -1.350382 3.644134
v -0.660865 -1.018129 3.658487
v -0.665408 -1.403767 4.709494
v -0.488134 -1.328970 4.715007
v -0.468405 -1.264358 3.874085
v -0.622076 -1.344601 3.653198
v -0.458058 -1.253260 3.662747
v -0.560400 -0.916283 4.520105
v -0.465362 -0.743329 4.312744
v -0.547390 -0.910824 4.306156
v -0.450439 -0.562153 4.528738
v -0.485885 -0.745203 4.526411
v -0.449635 -0.375773 4.526105
v -0.408285 -0.376143 4.315455
v -0.420730 -0.562240 4.316036
v -0.412975 -0.189605 4.312575
v -0.374395 -0.560694 3.889703
v -0.432168 -0.738011 3.885526
v -0.447093 -0.740996 4.099137
v -0.535524 -0.893150 3.878682
v -0.419648 -0.734850 3.672017
v -0.531203 -0.884195 3.665334
v -0.351872 -0.375430 3.890585
v -0.330817 -0.374774 3.677538
v -0.355424 -0.559762 3.676384
v -0.322805 -0.188161 3.677256
v -0.641163 -1.010414 3.232702
v -0.748578 -1.162792 3.226356
v -0.652926 -1.012230 3.445385
v -0.738454 -1.161329 3.014218
v -0.769091 -1.345586 3.009874
v -0.625232 -0.994932 2.595820
v -0.729240 -1.150038 2.590078
v -0.734966 -1.155249 2.802092
v -0.431436 -1.243331 3.239706
v -0.581996 -1.331685 3.019078
v -0.421992 -1.233645 3.028228
v -0.325810 -0.557773 3.249556
v -0.394955 -0.731172 3.245501
v -0.407162 -0.732667 3.458704
v -0.509644 -0.878318 3.239421
v -0.384145 -0.729640 3.032333
v -0.496856 -0.878393 3.026619
v -0.297591 -0.373278 3.251040
v -0.283307 -0.372561 3.037789
v -0.313898 -0.556679 3.036183
v -0.273484 -0.186119 3.038097
v -0.291824 -0.554965 2.609711
v -0.367241 -0.725719 2.606279
v -0.374756 -0.727990 2.819242
v -0.704898 -1.154347 2.166996
v -0.692948 -1.158120 1.955957
v -0.708056 -1.344559 1.956043
v -0.603751 -0.997214 2.171738
v -0.575268 -1.005060 1.537033
v -0.671840 -1.165374 1.534108
v -0.681693 -1.161704 1.745007
v -0.663841 -1.168992 1.323210
v -0.672889 -1.356249 1.324227
v -0.347295 -1.207490 1.548494
v -0.488277 -1.320312 1.331323
v -0.340058 -1.204642 1.336938
v -0.470151 -0.866772 2.176771
v -0.338514 -0.725858 1.968154
v -0.453490 -0.873192 1.965022
v -0.272775 -0.554049 2.183398
v -0.349049 -0.724623 2.180850
v -0.241314 -0.369939 2.184716
v -0.236415 -0.369174 1.971373
v -0.265540 -0.553727 1.970207
v -0.232656 -0.182378 1.971943
v -0.255541 -0.552581 1.543704
v -0.326794 -0.725538 1.542143
v -0.331088 -0.726162 1.755210
v -0.445713 -0.870008 1.540017
v -0.324728 -0.724260 1.329021
v -0.440190 -0.871607 1.327590
v -0.231689 -0.367179 1.544738
v -0.229765 -0.365976 1.331473
v -0.252834 -0.551535 1.330404
v -0.233425 -0.179078 1.332192
v -0.566718 -1.008569 0.902379
v -0.652143 -1.175510 0.901029
v -0.657557 -1.172475 1.112195
v -0.646545 -1.178458 0.689840
v -0.644185 -1.366370 0.692008
v -0.583922 -1.001001 0.267537
v -0.645638 -1.178756 0.267312
v -0.644567 -1.179288 0.478575
v -0.321008 -1.206740 0.914056
v -0.460878 -1.324855 0.698045
v -0.314826 -1.206617 0.702475
v -0.251220 -0.548566 0.903784
v -0.329321 -0.718711 0.902801
v -0.325569 -0.722022 1.115888
v -0.464321 -0.853526 0.478529
v -0.357703 -0.701466 0.264368
v -0.475554 -0.847516 0.266449
v -0.256558 -0.543541 0.477221
v -0.345371 -0.708571 0.476966
v -0.220205 -0.359736 0.478746
v -0.216958 -0.357741 0.265601
v -0.263130 -0.539516 0.264064
v -0.215261 -0.170404 0.266586
v -0.644502 -1.179648 -0.155704
v -0.641047 -1.181673 -0.367324
v -0.617947 -1.369580 -0.361413
v -0.597315 -0.996832 -0.156397
v -0.599059 -1.001025 -0.793751
v -0.632096 -1.188370 -0.790429
v -0.636718 -1.184594 -0.578902
v -0.627939 -1.193261 -1.001910
v -0.608612 -1.383167 -0.993029
v -0.286943 -1.225335 -0.143564
v -0.432593 -1.342478 -0.357909
v -0.281219 -1.232436 -0.355170
v -0.269712 -1.249520 -0.778533
v -0.423134 -1.360607 -0.991807
v -0.268951 -1.255559 -0.990575
v -0.285423 -0.526963 -0.161624
v -0.387361 -0.684901 -0.160299
v -0.371730 -0.693604 0.051953
v -0.501878 -0.834237 -0.157686
v -0.405548 -0.674736 -0.372250
v -0.513582 -0.829175 -0.370073
v -0.218278 -0.351356 -0.160683
v -0.223837 -0.346598 -0.373690
v -0.300770 -0.518384 -0.374054
v -0.188592 -0.161978 -0.372381
v -0.332378 -0.500787 -0.798032
v -0.430806 -0.662046 -0.797109
v -0.420015 -0.667274 -0.584565
v -0.524872 -0.826348 -0.795889
v -0.432405 -0.661348 -1.009967
v -0.520337 -0.829798 -1.008928
v -0.243679 -0.334303 -0.798596
v -0.246390 -0.331653 -1.011049
v -0.337142 -0.497432 -1.010387
v -0.198462 -0.149535 -1.011950
v -0.552824 -1.027768 -1.429207
v -0.615964 -1.209271 -1.424561
v -0.625983 -1.199372 -1.213356
v -0.812840 -1.004963 -2.580270
v -0.777898 -1.209244 -2.594040
v -0.688704 -1.224241 -2.440448
v -0.271103 -1.267143 -1.415203
v -0.420859 -1.377620 -1.414394
v -0.276191 -1.271079 -1.627884
v -0.294735 -0.516197 -1.432936
v -0.365409 -0.693390 -1.428145
v -0.411015 -0.671842 -1.221430
v -0.631489 -0.498942 -1.953165
v -0.596727 -0.686149 -1.983164
v -0.447640 -0.688991 -1.831861
v -0.516757 -0.317495 -1.771469
v -0.663993 -0.311891 -1.926264
v -0.681834 -0.122570 -1.912619
v -0.912143 -0.629063 -2.516276
v -0.860778 -0.814045 -2.551519
v -0.766840 -0.837192 -2.378603
v -1.034635 -0.276786 -2.425493
v -0.966829 -0.448100 -2.476715
v -0.871732 -0.471052 -2.301621
v -1.081292 -0.095879 -2.389178
v -0.924292 -0.291337 -2.260791
v -1.419028 -1.405341 -3.419986
v -1.422076 -1.431840 -3.186690
v -1.425180 -1.364228 -3.646779
v -1.098498 -1.342764 -2.628114
v -1.125502 -1.166778 -2.613529
v -1.307319 -1.156401 -2.616660
v -1.256368 -1.433928 -2.985344
v -1.265924 -1.447114 -2.768294
v -1.251052 -1.375304 -3.442307
v -1.259456 -1.327279 -3.666370
v -0.949230 -1.189938 -2.608477
v -1.081282 -1.432712 -2.777894
v -1.077387 -1.412794 -3.013398
v -0.728251 -1.410695 -2.638226
v -0.659587 -1.417829 -2.456375
v -1.080695 -1.340732 -3.466260
v -0.921508 -1.242214 -3.707610
v -0.908827 -1.300019 -3.490509
v -0.897921 -1.384799 -3.052292
v -0.717934 -1.346520 -3.081433
v -0.712076 -1.385281 -2.869707
v -0.737186 -1.249538 -3.512423
v -0.751884 -1.188583 -3.726532
v -0.511464 -1.358184 -2.681452
v -0.478468 -1.378262 -2.474333
v -0.344727 -1.254955 -2.689558
v -1.219517 -0.437048 -2.726503
v -1.278361 -0.262262 -2.682213
v -1.373528 -0.249957 -2.833070
v -1.097155 -0.445490 -2.598065
v -1.622123 -1.333437 -4.069478
v -1.456489 -1.298537 -4.090815
v -1.440519 -1.315271 -3.868068
v -1.465794 -1.352498 -4.305091
v -1.476383 -1.451068 -4.499267
v -1.490491 -1.477119 -4.712387
v -1.679949 -1.292557 -4.718204
v -1.492802 -1.288616 -4.727271
v -1.490636 -1.105460 -4.683138
v -1.289873 -1.343428 -4.318605
v -1.304398 -1.475587 -4.719627
v -1.295308 -1.456181 -4.505342
v -1.306374 -1.286154 -4.732705
v -1.305275 -1.102577 -4.688877
v -1.112620 -1.457623 -4.510436
v -1.118929 -1.474522 -4.725373
v -0.935626 -1.220621 -4.147388
v -1.111170 -1.337107 -4.328805
v -0.930323 -1.332210 -4.336941
v -0.933305 -1.474277 -4.730315
v -0.928600 -1.456656 -4.515324
v -0.934007 -1.283485 -4.745474
v -1.119446 -1.100559 -4.694081
v -0.933037 -1.098830 -4.700484
v -0.747605 -1.328646 -4.344337
v -0.746881 -1.474959 -4.735197
v -0.743383 -1.454681 -4.520817
v -0.745741 -1.097403 -4.706915
v -0.755819 -1.204259 -4.163994
v -0.563253 -1.328429 -4.349544
v -0.573706 -1.195362 -4.176223
v -0.556875 -1.452374 -4.526483
v -0.559135 -1.476775 -4.739755
v -0.746680 -1.283548 -4.749256
v -0.558107 -1.284384 -4.751835
v -0.557220 -1.097223 -4.708367
v -1.668308 -0.738012 -4.613303
v -1.486132 -0.737718 -4.601927
v -1.487857 -0.923076 -4.635233
v -1.663424 -0.363995 -4.628330
v -1.486743 -0.176570 -4.594712
v -1.484647 -0.362852 -4.600686
v -1.307218 -0.174611 -4.572776
v -0.938218 -0.355302 -4.571290
v -1.125747 -0.171890 -4.560464
v -0.942793 -0.168333 -4.561077
v -0.758916 -0.164073 -4.568589
v -0.746997 -0.725495 -4.627600
v -0.559669 -0.722377 -4.632836
v -0.557698 -0.910002 -4.667544
v -0.753583 -0.351180 -4.579860
v -0.574113 -0.159129 -4.578421
v -0.567966 -0.346542 -4.588656
v -0.486540 -1.299380 5.901454
v -0.472347 -1.479613 5.868442
v -0.495351 -1.117446 5.919052
v -0.259542 -1.495773 5.752298
v -0.256516 -1.452627 5.538621
v -0.448185 -1.397857 5.320031
v -0.273215 -1.384895 5.337229
v -0.484294 -1.344008 4.921260
v -0.309170 -1.278579 4.932113
v -0.292985 -1.325006 5.136032
v -0.100511 -1.396864 5.349554
v 0.070920 -1.400685 5.357811
v 0.080958 -1.454439 5.581845
v 0.495796 -1.501972 5.990323
v 0.269677 -1.489846 5.805966
v 0.451582 -1.489627 5.776065
v -0.509610 -0.750918 5.942299
v -0.503136 -0.934731 5.932768
v -0.518385 -0.381106 5.949928
v -0.514372 -0.566237 5.947408
v -0.522286 -0.195739 5.951368
v -0.648090 -0.009186 5.777377
v -0.317816 -1.247395 4.724620
v -0.126795 -1.262810 4.936618
v -0.136179 -1.208356 4.730508
v -0.313385 -1.158092 3.884167
v -0.142053 -1.052601 3.681913
v -0.143630 -1.077399 3.892678
v 0.040278 -1.006860 3.686872
v 0.053367 -1.271978 4.934008
v 0.230589 -1.210921 4.724463
v 0.232516 -1.273276 4.930822
v 0.041326 -1.108385 4.314586
v 0.228390 -1.104844 4.312842
v 0.229281 -1.153928 4.519048
v 0.039973 -1.037302 3.896728
v 0.227989 -0.995419 3.687736
v 0.227719 -1.027350 3.896991
v 0.414984 -1.043887 3.894100
v 0.414278 -1.020870 3.684331
v -0.286510 -1.124103 3.249263
v -0.136018 -1.011970 3.259148
v -0.139503 -1.030582 3.470734
v -0.132518 -0.994972 3.047345
v -0.262072 -1.093422 2.614221
v -0.124820 -0.965221 2.623256
v -0.128992 -0.978885 2.835411
v -0.120351 -0.953824 2.410931
v 0.043306 -0.928596 3.054445
v 0.048909 -0.871927 2.418367
v 0.412366 -0.986098 3.263091
v 0.231075 -0.919164 3.056061
v 0.411272 -0.972849 3.051893
v 0.409584 -0.950953 2.628853
v 0.236976 -0.865206 2.420669
v 0.409516 -0.941030 2.417128
v 0.541159 -1.076137 2.411278
v -0.220686 -1.059254 1.342142
v -0.240311 -1.071953 1.978403
v -0.111630 -0.934652 1.985987
v -0.116186 -0.943280 2.198516
v -0.226028 -1.063620 1.554261
v -0.097898 -0.916532 1.348074
v -0.102209 -0.921774 1.560747
v 0.061728 -0.816557 1.354353
v 0.414406 -0.902972 1.569549
v 0.249884 -0.805497 1.358145
v 0.416974 -0.893735 1.357560
v 0.538442 -1.038788 1.354848
v -0.201200 -1.056766 0.705905
v -0.205171 -1.058475 0.917987
v -0.088884 -0.910445 0.922668
v -0.093375 -0.912827 1.135371
v -0.084949 -0.908808 0.709972
v -0.187987 -1.062302 0.282050
v -0.075977 -0.911412 0.284672
v -0.081233 -0.908305 0.497285
v 0.070048 -0.801973 0.715064
v 0.422073 -0.877833 0.933421
v 0.257468 -0.783193 0.719553
v 0.422884 -0.874402 0.721220
v 0.424965 -0.870084 0.296910
v 0.264002 -0.774778 0.080596
v 0.427485 -0.867853 0.084805
v 0.537031 -1.025561 0.721322
v 0.534142 -1.023386 0.087687
v -0.165857 -1.084943 -0.353668
v -0.153994 -1.108464 -0.990402
v -0.172515 -1.076852 -0.141679
v -0.058454 -0.931418 -0.352702
v -0.064051 -0.923798 -0.140278
v -0.155120 -1.101915 -0.777970
v -0.048506 -0.954159 -0.990046
v -0.050305 -0.946964 -0.777561
v 0.090049 -0.828188 -0.988408
v 0.440445 -0.867341 -0.763316
v 0.273683 -0.789933 -0.983554
v 0.443426 -0.870550 -0.975196
v -0.163280 -1.123031 -1.628254
v -0.157852 -1.119224 -1.415596
v -0.048619 -0.967774 -1.415123
v -0.047993 -0.961090 -1.202575
v -0.050154 -0.974416 -1.627697
v -0.176021 -1.129845 -2.053832
v -0.053919 -0.987989 -2.052977
v -0.052132 -0.980993 -1.840330
v 0.093550 -0.854243 -1.626021
v 0.094159 -0.872223 -2.050994
v 0.281285 -0.856336 -2.257074
v 0.279990 -0.841453 -2.045089
v 0.448774 -0.881441 -1.398597
v 0.277589 -0.816615 -1.620852
v 0.451172 -0.889232 -1.610059
v 0.455347 -0.910648 -2.032392
v 0.457231 -0.924431 -2.243340
v 0.581800 -1.025366 -1.597836
v -0.581638 -1.131592 -3.744580
v -0.408640 -1.079727 -3.761935
v -0.404345 -1.107466 -3.541974
v -0.375258 -1.198910 -3.113713
v -0.222055 -1.092409 -3.118433
v -0.209691 -1.117399 -2.904410
v -0.056604 -1.001861 -2.478053
v -0.197319 -1.133331 -2.691669
v -0.060970 -1.002392 -2.691100
v 0.097146 -0.900080 -2.689716
v 0.095143 -0.889989 -2.476415
v 0.285234 -0.892629 -2.681541
v 0.282987 -0.873187 -2.469158
v 0.291374 -0.942355 -3.108535
v 0.113120 -0.952671 -3.336807
v 0.294860 -0.974546 -3.323879
v 0.119946 -0.991620 -3.554284
v 0.129128 -1.042785 -3.771402
v 0.307167 -1.057157 -3.758626
v 0.468784 -1.034183 -3.302252
v -0.369395 -1.481010 -4.742292
v -0.368895 -1.450041 -4.532199
v -0.367983 -1.286555 -4.750281
v -0.367449 -1.097820 -4.704943
v -0.401932 -1.104855 -3.982192
v -0.220063 -1.099068 -3.989225
v -0.176290 -1.097804 -4.701109
v -0.377865 -1.327420 -4.355763
v -0.179209 -1.446504 -4.538643
v -0.192207 -1.325565 -4.362217
v -0.024472 -1.190830 -4.192787
v -0.038527 -1.101958 -3.990002
v -0.176641 -1.290791 -4.741182
v 0.015616 -1.094654 -4.716035
v 0.016487 -1.291847 -4.754836
v 0.208061 -1.286238 -4.792101
v 0.204706 -1.085179 -4.752484
v 0.201976 -1.418811 -4.560688
v 0.011332 -1.437596 -4.547403
v 0.215789 -1.488353 -4.755741
v 0.141671 -1.104679 -3.987314
v 0.336819 -1.176088 -4.194789
v 0.319147 -1.110647 -3.977474
v 0.358537 -1.264197 -4.401661
v 0.540521 -1.255669 -4.395711
v 0.405153 -1.277624 -4.799834
v 0.601956 -1.249962 -4.778982
v 0.620758 -1.459105 -4.775773
v 0.588181 -1.048060 -4.779523
v -0.381539 -0.340999 -4.598855
v -0.388468 -0.153259 -4.590122
v -0.182351 -0.713832 -4.643619
v 0.005863 -0.705851 -4.665679
v 0.011473 -0.899129 -4.687723
v -0.194711 -0.333983 -4.614019
v -0.016860 -0.137113 -4.634568
v -0.008548 -0.324965 -4.640186
v 0.167365 -0.126019 -4.672427
v 0.377195 -0.678414 -4.739901
v 0.565042 -0.659821 -4.764770
v 0.575838 -0.851901 -4.774095
v 0.360027 -0.299370 -4.718772
v 0.538212 -0.097940 -4.744991
v 0.546622 -0.283405 -4.750233
v 0.627325 -1.489413 5.722919
v 0.591788 -1.446547 5.525649
v 0.793061 -1.482808 5.653407
v 0.685280 -1.481802 5.907208
v 0.870501 -1.484018 5.816226
v 0.865428 -1.305926 5.858814
v 0.755203 -1.439004 5.479536
v 0.757389 -1.374365 5.299396
v 0.940331 -1.391867 5.267584
v 0.997126 -1.456744 5.655142
v 1.006623 -1.287607 5.705057
v 0.857622 -1.122606 5.888006
v 1.107146 -1.267880 5.513672
v 1.097226 -1.091239 5.547025
v 1.006394 -1.109218 5.740152
v 1.080573 -1.433429 5.442571
v 1.137879 -1.446421 5.267759
v 1.154667 -1.257135 5.309283
v 1.119467 -1.076890 5.335583
v 1.140173 -1.434098 5.079330
v 0.949099 -1.363946 5.084291
v 1.140125 -1.423493 4.883717
v 0.671065 -0.944741 6.014473
v 0.853029 -0.938319 5.912945
v 0.663880 -0.757575 6.024585
v 0.649392 -0.196832 6.040351
v 0.653452 -0.383627 6.036564
v 0.839250 -0.195375 5.955868
v 0.849955 -0.753026 5.931329
v 1.008600 -0.745370 5.793264
v 0.842837 -0.381285 5.950716
v 0.846533 -0.567169 5.943080
v 0.988310 -0.376870 5.798634
v 0.978730 -0.192894 5.798409
v 1.076024 -0.912430 5.568007
v 1.006264 -0.928103 5.769121
v 1.028991 -0.738234 5.581658
v 1.011217 -0.557683 5.588260
v 1.000584 -0.560746 5.799922
v 1.032853 -0.376796 5.590634
v 1.031425 -0.193437 5.592140
v 1.029432 -0.009469 5.594514
v 0.972725 -0.008571 5.799444
v 1.059991 -0.904747 5.354749
v 0.980094 -0.741617 5.373274
v 0.967374 -0.558888 5.379244
v 0.998446 -0.377718 5.378844
v 1.022319 -0.195133 5.378025
v 1.029526 -0.010576 5.380570
v 1.014929 -0.906206 4.932972
v 0.927383 -0.743973 4.949047
v 0.950624 -0.743191 5.161108
v 0.775931 -1.276578 4.908967
v 0.598537 -1.203160 4.718561
v 0.778617 -1.257327 4.704623
v 0.599648 -1.144845 4.303670
v 0.760035 -1.245934 4.291828
v 0.773582 -1.247376 4.498662
v 0.587657 -1.118436 3.885289
v 0.715858 -1.239701 3.667180
v 0.728835 -1.243132 3.876091
v 0.942456 -1.360628 4.690413
v 0.859298 -1.360865 3.659565
v 0.948585 -1.361440 4.889878
v 1.134073 -1.416179 4.682378
v 1.107827 -1.065780 4.916119
v 1.169245 -1.232630 4.693202
v 1.096197 -1.062575 4.707363
v 1.120573 -1.411305 4.477983
v 0.929693 -1.361537 4.487501
v 1.101118 -1.409757 4.272364
v 1.141585 -1.230196 4.277674
v 1.069886 -1.059706 4.289254
v 1.083702 -1.060211 4.498412
v 1.052897 -1.415701 3.859436
v 0.874464 -1.362349 3.868108
v 1.037071 -1.416102 3.651269
v 1.095428 -1.240227 3.652792
v 1.110624 -1.239362 3.861127
v 1.009339 -1.071373 3.662786
v 1.032646 -1.066575 3.871258
v 1.001325 -0.903821 4.722563
v 0.910831 -0.742552 4.737335
v 0.882475 -0.565036 4.960394
v 0.850547 -0.567630 4.749506
v 0.891006 -0.380037 4.963082
v 0.859581 -0.197670 4.755318
v 0.918584 -0.196722 4.961396
v 0.872282 -0.012203 4.756913
v 0.769423 -0.386668 4.334426
v 0.762962 -0.200286 4.338953
v 0.807013 -0.198941 4.547950
v 1.053814 -1.062216 4.080043
v 0.955335 -0.902891 4.092203
v 0.807017 -0.569128 4.326369
v 0.859982 -0.742234 4.104496
v 0.788013 -0.569891 4.114878
v 0.747192 -0.387584 4.122546
v 0.732635 -0.201238 4.127737
v 0.730421 -0.014283 4.131790
v 0.712690 -0.388813 3.698138
v 0.696486 -0.202136 3.702789
v 0.712305 -0.201825 3.915427
v 0.564587 -1.096379 3.255139
v 0.692555 -1.233919 3.247962
v 0.703745 -1.236691 3.457772
v 0.681331 -1.232359 3.037846
v 0.545459 -1.081392 2.622495
v 0.664580 -1.227265 2.616657
v 0.671790 -1.230350 2.827386
v 0.659347 -1.223388 2.405789
v 0.822217 -1.356358 3.031259
v 0.809348 -1.338135 2.400695
v 1.012615 -1.409106 3.233254
v 0.833514 -1.357720 3.241016
v 1.002933 -1.402031 3.023961
v 1.064357 -1.227314 3.026436
v 1.071972 -1.233664 3.235473
v 1.000547 -1.048925 3.033493
v 1.001125 -1.057995 3.243440
v 0.996756 -1.395092 2.814386
v 0.815665 -1.350986 2.821184
v 0.992926 -1.387606 2.604684
v 1.058261 -1.214411 2.607666
v 1.061559 -1.221623 2.817091
v 0.982010 -1.041437 2.613741
v 0.990444 -1.046040 2.823585
v 0.811491 -1.344682 2.610978
v 0.992127 -1.378607 2.395037
v 1.054179 -1.204558 2.398476
v 0.985237 -1.029338 2.403993
v 0.895720 -0.891824 3.041013
v 0.714441 -0.574009 3.268601
v 0.781805 -0.742031 3.049260
v 0.698187 -0.573857 3.056824
v 0.663516 -0.389386 3.061529
v 0.680356 -0.389405 3.273691
v 0.653310 -0.202009 3.064753
v 0.668166 -0.202193 3.277375
v 0.651591 -0.014470 3.067440
v 0.634518 -0.388706 2.636865
v 0.625641 -0.201215 2.639457
v 0.638833 -0.201669 2.852132
v 0.870161 -0.880875 2.409383
v 0.673053 -0.572446 2.632761
v 0.749539 -0.737043 2.415025
v 0.661373 -0.571570 2.420758
v 0.614965 -0.200674 2.426672
v 0.616825 -0.013036 2.428492
v 0.536724 -1.062903 1.988674
v 0.654938 -1.211020 1.984103
v 0.657309 -1.217408 2.194899
v 0.536213 -1.047493 1.566044
v 0.654252 -1.188725 1.352278
v 0.651545 -1.197298 1.562700
v 0.803838 -1.304847 1.350425
v 0.997785 -1.366573 2.185628
v 0.809252 -1.332065 2.190387
v 0.999006 -1.357595 1.976203
v 1.053160 -1.183238 1.979985
v 0.985629 -1.011307 1.983669
v 0.986540 -1.018377 2.194000
v 0.982243 -1.352846 1.557499
v 0.800486 -1.313194 1.560166
v 0.986381 -1.345357 1.348402
v 1.053040 -1.173010 1.350938
v 1.050446 -1.180670 1.560596
v 0.981137 -0.999107 1.353083
v 0.982025 -1.004306 1.563284
v 0.602887 -0.386992 1.999292
v 0.601866 -0.199499 2.000902
v 0.607015 -0.200087 2.213807
v 0.979940 -1.010651 1.773399
v 0.862206 -0.865026 1.776709
v 0.642385 -0.570205 1.996459
v 0.733116 -0.729407 1.780521
v 0.635064 -0.569833 1.784264
v 0.598961 -0.198973 1.788006
v 0.605547 -0.011596 1.789237
v 0.588552 -0.385457 1.361432
v 0.597095 -0.198316 1.362356
v 0.597550 -0.198573 1.575154
v 0.540615 -1.025715 0.932504
v 0.648383 -1.179607 0.721080
v 0.654823 -1.178014 0.931441
v 0.533009 -1.024839 0.298926
v 0.637776 -1.182014 0.300311
v 0.642320 -1.180906 0.510726
v 0.635466 -1.182547 0.089814
v 0.799457 -1.296523 0.722242
v 0.778643 -1.305064 0.093281
v 0.998917 -1.330328 0.930317
v 0.807799 -1.293719 0.931535
v 0.988153 -1.333933 0.721546
v 1.053519 -1.156419 0.931395
v 0.983643 -0.987969 0.722667
v 0.984702 -0.986547 0.932859
v 0.972198 -1.341806 0.513327
v 0.789676 -1.299697 0.512836
v 0.963903 -1.347787 0.304749
v 1.042463 -1.180634 0.303956
v 1.044746 -1.172172 0.512737
v 0.972581 -1.005360 0.303454
v 0.978793 -0.996142 0.512904
v 0.782813 -1.302485 0.303136
v 0.959271 -1.353202 0.096013
v 1.035245 -1.184890 0.095407
v 0.976350 -1.005639 0.093893
v 0.861804 -0.847385 0.722506
v 0.617367 -0.569413 0.935583
v 0.722073 -0.723666 0.722917
v 0.615456 -0.570101 0.723515
v 0.583968 -0.385307 0.936411
v 0.598101 -0.198996 0.724319
v 0.597665 -0.198453 0.936935
v 0.611197 -0.011821 0.724657
v 0.582465 -0.388115 0.299345
v 0.598394 -0.201080 0.299278
v 0.598423 -0.199881 0.511767
v 0.857782 -0.859610 0.091699
v 0.615683 -0.572765 0.299585
v 0.721321 -0.730536 0.089364
v 0.617429 -0.574316 0.087743
v 0.583233 -0.389752 0.087141
v 0.597951 -0.202544 0.086857
v 0.611155 -0.015117 0.086507
v 0.544323 -1.017896 -0.334475
v 0.646232 -1.176628 -0.330745
v 0.639636 -1.179789 -0.120571
v 0.562366 -1.016672 -0.966909
v 0.669677 -1.172072 -0.959986
v 0.661734 -1.172440 -0.750437
v 0.654039 -1.173849 -0.540685
v 0.794035 -1.300475 -0.535513
v 0.962040 -1.353512 -0.112954
v 0.781409 -1.304042 -0.116655
v 0.967363 -1.353950 -0.321634
v 1.046700 -1.187590 -0.321462
v 1.041137 -1.186768 -0.113091
v 0.983799 -1.010266 -0.324812
v 0.978636 -1.008937 -0.115541
v 0.787210 -1.301942 -0.326251
v 0.973942 -1.354394 -0.530088
v 1.053158 -1.188215 -0.529699
v 0.991659 -1.010742 -0.533850
v 0.981411 -1.354998 -0.738278
v 0.801727 -1.299405 -0.744482
v 0.989660 -1.356136 -0.946216
v 1.070694 -1.191241 -0.945831
v 1.061137 -1.189252 -0.737825
v 1.008758 -1.014746 -0.951377
v 1.000434 -1.011877 -0.742708
v 0.586690 -0.393765 -0.337069
v 0.595777 -0.206211 -0.337787
v 0.596969 -0.204261 -0.125497
v 0.874191 -0.864323 -0.538116
v 0.626220 -0.577254 -0.335599
v 0.740040 -0.733149 -0.542898
v 0.633475 -0.578764 -0.547019
v 0.590615 -0.396086 -0.549058
v 0.595585 -0.208432 -0.550006
v 0.607308 -0.018675 -0.338584
v 0.605218 -0.020821 -0.551012
v 0.606817 -0.401006 -0.972500
v 0.601707 -0.213587 -0.974173
v 0.597330 -0.210889 -0.762147
v 0.574907 -1.021585 -1.387738
v 0.697049 -1.175472 -1.587163
v 0.687261 -1.173694 -1.378373
v 0.595164 -1.037714 -2.017406
v 0.728739 -1.187381 -2.211783
v 0.718027 -1.181957 -2.003844
v 0.839046 -1.301089 -1.577318
v 0.873178 -1.311086 -2.198629
v 1.007808 -1.359586 -1.361385
v 0.828897 -1.299562 -1.369536
v 1.017655 -1.362239 -1.568517
v 1.103311 -1.200549 -1.568877
v 1.092153 -1.196926 -1.361339
v 1.041594 -1.025362 -1.575665
v 1.029998 -1.021402 -1.367840
v 1.038928 -1.369807 -1.981901
v 0.860953 -1.306896 -1.991902
v 1.050950 -1.374490 -2.188038
v 1.134315 -1.212989 -2.190436
v 1.124786 -1.208994 -1.983454
v 1.077911 -1.038332 -2.198681
v 1.066069 -1.034043 -1.991107
v 0.649442 -0.409438 -1.605661
v 0.637065 -0.223428 -1.608883
v 0.622574 -0.219770 -1.397542
v 0.970384 -0.890573 -2.208436
v 0.734914 -0.594559 -2.020002
v 0.849244 -0.753977 -2.219202
v 0.752465 -0.598859 -2.229496
v 0.701876 -0.422374 -2.237003
v 0.683777 -0.417330 -2.026700
v 0.687397 -0.238480 -2.242081
v 0.669862 -0.232646 -2.031105
v 0.669212 -0.046689 -2.034680
v 0.685888 -0.053102 -2.246253
v 0.465710 -1.006900 -3.088923
v 0.627226 -1.130362 -3.274694
v 0.625493 -1.105075 -3.064886
v 0.753227 -1.200801 -2.626857
v 0.623168 -1.082485 -2.855302
v 0.769360 -1.205139 -2.833922
v 0.776530 -1.245889 -3.246335
v 0.779980 -1.266759 -3.452287
v 0.914446 -1.333231 -2.815296
v 1.086658 -1.381871 -2.598385
v 0.901370 -1.323820 -2.610281
v 1.103490 -1.387049 -2.802859
v 1.154085 -1.217395 -2.603616
v 1.102212 -1.058015 -2.820332
v 1.094234 -1.050752 -2.613345
v 1.114927 -1.394799 -3.007014
v 0.924828 -1.345082 -3.019796
v 1.124066 -1.405445 -3.210412
v 0.933671 -1.357911 -3.223648
v 1.133070 -1.418277 -3.412696
v 1.105763 -1.087602 -3.232820
v 1.178121 -1.256100 -3.424275
v 1.106021 -1.107166 -3.438007
v 0.740604 -0.435623 -2.657269
v 0.725824 -0.253624 -2.663798
v 0.705592 -0.245393 -2.453015
v 1.001470 -0.914329 -2.831954
v 0.788565 -0.610440 -2.647858
v 0.892412 -0.774920 -2.844342
v 0.805178 -0.619280 -2.856999
v 0.762326 -0.444502 -2.867189
v 0.749992 -0.263348 -2.874231
v 0.723983 -0.069594 -2.669147
v 0.748195 -0.080057 -2.880191
v 0.818764 -0.467562 -3.285779
v 0.818271 -0.287890 -3.292657
v 0.779552 -0.274755 -3.084093
v 1.009203 -0.969262 -3.452385
v 0.842204 -0.643514 -3.275105
v 0.917386 -0.824757 -3.468445
v 0.868859 -0.657899 -3.483778
v 0.861658 -0.481509 -3.492993
v 0.871691 -0.302858 -3.498254
v 0.821704 -0.106282 -3.298944
v 0.878525 -0.122097 -3.504252
v 0.636447 -1.181391 -3.699133
v 0.491441 -1.139294 -3.955035
v 0.649695 -1.205405 -3.916902
v 0.791327 -1.207955 -4.723297
v 0.812531 -1.395416 -4.713567
v 0.792884 -1.301479 -3.869170
v 0.968547 -1.339763 -4.583207
v 0.913348 -1.461396 -4.474978
v 0.947152 -0.983506 -4.637788
v 0.956132 -1.165166 -4.615100
v 0.853189 -1.359632 -4.296512
v 0.983257 -1.428104 -4.210670
v 0.944140 -1.407230 -4.014328
v 1.053506 -1.458470 -4.362081
v 1.078799 -1.295041 -4.423602
v 1.078208 -1.122341 -4.459774
v 1.109177 -1.466446 -3.984095
v 1.128700 -1.445530 -3.806785
v 1.089399 -1.167307 -3.843280
v 1.159972 -1.339261 -4.019296
v 1.116349 -1.193556 -4.042999
v 1.082184 -1.483128 -4.143031
v 0.776910 -1.017719 -4.734211
v 0.765713 -0.827713 -4.740732
v 0.755803 -0.638974 -4.744326
v 0.555483 -0.470572 -4.756425
v 0.746551 -0.451669 -4.746261
v 0.737694 -0.265832 -4.747226
v 0.729343 -0.081334 -4.748609
v 0.529871 0.085995 -4.741271
v 0.721326 0.101948 -4.747414
v 0.915790 -0.063379 -4.692572
v 0.934484 -0.615142 -4.667490
v 0.940347 -0.799644 -4.653744
v 1.073208 -0.945764 -4.482993
v 1.067053 -0.767300 -4.499472
v 1.059005 -0.587559 -4.510285
v 1.046260 -0.224853 -4.527625
v 0.921835 -0.246728 -4.685462
v 1.044863 -0.043397 -4.538378
v 0.980272 -0.516090 -3.899925
v 1.000514 -0.338859 -3.903954
v 0.933741 -0.319876 -3.701839
v 1.040734 -1.051656 -4.067820
v 0.963024 -0.691290 -3.894581
v 1.022871 -0.884644 -4.084631
v 1.028052 -0.712008 -4.094663
v 1.046339 -0.536959 -4.100736
v 1.058433 -0.359179 -4.107687
v 1.061781 -0.179405 -4.116066
v 1.083040 -0.201362 -4.324747
v 1.084233 -0.381486 -4.315698
v -2.372319 0.174742 -3.020434
v -2.420473 -0.006610 -3.217666
v -2.371675 -0.011703 -3.016243
v -2.421731 0.366530 -3.224801
v -2.420555 0.179570 -3.221598
v -2.422690 0.931542 -3.224530
v -2.423724 0.742602 -3.227327
v -2.358678 0.737673 -3.033051
v -2.461699 0.183649 -3.426306
v -2.462246 -0.002512 -3.422698
v -2.423036 0.554230 -3.227021
v -2.475874 0.746795 -3.429258
v -2.471092 0.558271 -3.429897
v -2.096383 0.161115 -2.765391
v -2.275197 -0.017675 -2.838803
v -2.092556 -0.023887 -2.769907
v -2.100121 0.346946 -2.759345
v -2.275758 0.168860 -2.843059
v -2.267838 0.543700 -2.854635
v -2.102923 0.533653 -2.751818
v -2.258154 0.731590 -2.861658
v -1.909945 0.152464 -2.798657
v -1.914404 0.524566 -2.763576
v -2.104761 0.721221 -2.744592
v -1.734401 0.332433 -2.836183
v -1.733960 0.519432 -2.804373
v -1.913239 0.338770 -2.789914
v -1.916999 0.711905 -2.741067
v -1.733988 0.705808 -2.764078
v -1.734722 0.888230 -2.703666
v -1.554196 0.135665 -2.881752
v -1.734084 0.144501 -2.855024
v -1.732051 -0.043723 -2.860335
v -2.417941 1.121227 -3.216608
v -2.477465 1.126336 -3.418002
v -2.478504 0.936130 -3.425936
v -2.472649 1.317604 -3.402447
v -2.230696 1.106578 -2.877134
v -2.092265 1.098888 -2.754404
v -2.215658 1.292114 -2.884196
v -2.187057 1.416917 -2.900589
v -2.080277 1.510605 -2.998717
v -2.277761 1.480681 -3.005513
v -1.921591 1.088195 -2.684211
v -2.086531 1.288825 -2.767240
v -1.941194 1.498213 -3.178258
v -2.188291 1.515487 -3.388821
v -2.146669 1.513095 -3.189178
v -1.924493 1.280362 -2.684417
v -1.738560 1.077956 -2.659466
v -1.743341 1.275383 -2.634295
v -1.745841 1.481582 -2.655282
v -1.733886 1.492688 -2.905531
v -1.907225 1.505242 -2.965833
v -1.765715 1.460646 -3.348189
v -1.777946 1.452953 -3.551315
v -1.990406 1.491916 -3.576134
v -1.556520 1.262338 -2.612104
v -1.566639 1.433550 -3.322736
v -1.370039 1.055253 -2.659229
v -1.554399 1.067100 -2.654936
v -1.552261 0.881098 -2.717732
v -2.499493 0.375558 -3.848031
v -2.496727 0.188673 -3.845323
v -2.489786 0.186643 -3.635168
v -2.506750 0.940929 -3.852639
v -2.504622 0.751642 -3.851511
v -2.502499 0.749986 -3.639409
v -2.478071 0.189931 -4.052123
v -2.477694 0.003711 -4.048853
v -2.502205 0.563196 -3.850044
v -2.479378 0.752105 -4.059228
v -2.479355 0.564059 -4.056922
v -2.428208 0.190247 -4.248418
v -2.429207 0.004090 -4.245389
v -2.418674 0.750471 -4.252948
v -2.423187 0.563408 -4.251382
v -2.328646 0.561235 -4.422596
v -2.322199 0.746679 -4.422825
v -2.200583 0.003732 -4.549601
v -2.342453 0.004028 -4.422340
v -2.201436 0.188704 -4.553998
v -2.192852 0.557573 -4.551239
v -2.188241 0.741121 -4.551677
v -2.029462 0.187310 -4.622106
v -2.024669 0.003705 -4.608858
v -2.030569 0.735962 -4.639912
v -2.028866 0.554005 -4.630140
v -1.849669 0.188923 -4.614883
v -1.844976 0.005345 -4.630002
v -1.858887 0.733612 -4.673704
v -1.854684 0.552214 -4.661882
v -2.505367 1.321423 -3.853357
v -2.508129 1.130995 -3.853490
v -2.509300 1.129898 -3.633665
v -2.473511 1.130284 -4.067287
v -2.477503 0.940853 -4.062400
v -2.434449 1.503504 -3.611839
v -2.211556 1.516146 -3.804385
v -2.434471 1.503940 -3.840913
v -2.404144 1.125459 -4.263652
v -2.412733 0.937845 -4.256404
v -2.314030 0.931793 -4.424808
v -2.302181 1.116486 -4.431103
v -2.284241 1.300966 -4.444555
v -2.182654 0.923579 -4.553805
v -2.173006 1.104158 -4.558632
v -2.157455 1.281371 -4.567941
v -1.861448 1.415066 -4.332170
v -2.050730 1.462546 -4.367847
v -1.929826 1.441805 -4.153044
v -1.943139 1.482870 -4.510849
v -2.237618 1.484651 -4.455772
v -2.019970 1.270084 -4.655621
v -2.026206 1.095407 -4.648651
v -1.777402 1.442045 -3.748369
v -1.762630 1.418424 -3.940462
v -1.972540 1.471959 -3.967968
v -1.775981 1.450691 -4.509557
v -1.875010 1.272575 -4.707633
v -1.868179 1.093473 -4.698242
v -1.560526 1.363323 -3.926681
v -1.609491 1.434671 -4.515917
v -1.674074 1.377600 -4.319704
v -1.889381 1.454953 -4.696480
v -2.015985 1.394644 -4.659527
v -1.718808 1.276745 -4.730237
v -1.704258 1.096433 -4.706760
v -1.740509 1.462233 -4.711126
v -0.565299 0.364811 4.934607
v -0.587214 0.180298 4.930158
v -0.648599 0.179101 5.136653
v -0.592601 0.913465 4.931646
v -0.539630 0.735001 4.940147
v -0.580467 0.730443 5.150053
v -0.654853 -0.006414 5.136486
v -0.694441 -0.007243 5.348602
v -0.597775 0.546073 5.146697
v -0.654228 0.543885 5.354191
v -0.649499 0.174344 5.772490
v -0.704519 0.175133 5.564614
v -0.705886 0.358826 5.564404
v -0.659815 0.357499 5.773806
v -0.702928 0.541679 5.565115
v -0.670602 0.540104 5.776083
v -0.535661 0.545213 5.936534
v -0.684370 0.722036 5.781175
v -0.677400 0.721254 5.567708
v -0.720802 0.896466 5.558554
v -0.686585 0.904494 5.770258
v -0.755808 1.073260 5.551342
v -0.525499 -0.010308 5.950170
v -0.527952 0.175071 5.946037
v -0.531060 0.360293 5.941327
v -0.536379 0.730152 5.930588
v -0.536055 0.914218 5.916906
v -0.704696 1.075223 5.130166
v -0.619408 0.911133 5.142996
v -0.654499 0.906439 5.353873
v -0.809505 1.227100 5.119407
v -0.739277 1.068078 5.338871
v -0.685736 1.084662 5.752296
v -0.536965 1.097142 5.898368
v -0.680900 1.258824 5.728353
v -0.772944 1.253415 5.536469
v -0.672827 1.413505 5.687681
v -0.535821 1.279395 5.874797
v -0.541837 1.458533 5.842724
v -0.493298 1.470025 5.692472
v -0.449166 1.410309 5.507340
v -0.603351 1.487346 5.626251
v -0.456539 1.360915 5.308698
v -0.606390 1.434861 5.485694
v -0.468211 0.182549 4.517538
v -0.415983 0.183574 4.309840
v -0.418829 -0.003044 4.310027
v -0.454432 0.368497 4.520185
v -0.451150 0.555009 4.520989
v -0.458930 0.738931 4.304456
v -0.418824 0.556595 4.309634
v -0.548800 0.913548 4.508065
v -0.481000 0.739279 4.516673
v -0.350882 0.371879 3.887548
v -0.344564 0.185131 3.888425
v -0.374267 0.184485 4.100056
v -0.537241 0.886717 3.871269
v -0.428129 0.735220 3.879559
v -0.441293 0.737453 4.092045
v -0.322742 0.185719 3.675962
v -0.321039 -0.001234 3.676661
v -0.370873 0.557528 3.885320
v -0.416645 0.733296 3.667183
v -0.353051 0.557679 3.672795
v -0.647687 1.072697 4.497300
v -0.653914 1.055275 4.285762
v -0.538713 0.907815 4.295531
v -0.771511 1.201034 4.276238
v -0.664481 1.023474 3.862898
v -0.656476 1.018597 3.651295
v -0.527770 0.883390 3.659470
v -0.766015 1.169857 3.643095
v -0.648685 1.390884 4.480391
v -0.638578 1.379427 4.271031
v -0.831840 1.378432 4.263941
v -0.618364 1.354144 3.852230
v -0.606893 1.344846 3.642885
v -0.799195 1.354057 3.634798
v -0.466714 1.292187 4.281933
v -0.436971 1.254990 3.654279
v -0.296558 0.373321 3.249769
v -0.288035 0.186793 3.250508
v -0.304551 0.186253 3.463260
v -0.514376 0.875125 3.235954
v -0.396394 0.730405 3.242698
v -0.405430 0.731933 3.454941
v -0.272760 0.187398 3.037733
v -0.271379 0.000629 3.037993
v -0.324899 0.557864 3.247633
v -0.389131 0.728933 3.030493
v -0.313996 0.557916 3.035038
v -0.257353 0.375304 2.611643
v -0.247416 0.188794 2.612000
v -0.258994 0.188079 2.824908
v -0.495878 0.868199 2.601028
v -0.373308 0.727382 2.606294
v -0.379888 0.728422 2.818424
v -0.649090 1.004375 3.228862
v -0.646198 0.999143 3.017571
v -0.510345 0.871016 3.024202
v -0.753448 1.151968 3.010649
v -0.733064 1.152664 2.589514
v -0.632256 0.995619 2.595156
v -0.636696 0.998372 2.806404
v -0.584610 1.328765 3.224138
v -0.580746 1.309506 3.015507
v -0.770705 1.338197 3.006696
v -0.419168 1.230921 3.235336
v -0.595445 1.336762 3.433518
v -0.395788 1.198822 2.606833
v -0.556878 1.302945 2.596974
v -0.568613 1.307545 2.806236
v -0.233210 0.190284 2.185914
v -0.230295 0.191124 1.972814
v -0.233515 0.004403 1.972402
v -0.239247 0.376921 2.186002
v -0.274415 0.560263 2.185025
v -0.348320 0.729009 1.970192
v -0.265772 0.561557 1.972486
v -0.483568 0.865227 2.177925
v -0.357752 0.727340 2.182174
v -0.226346 0.379750 1.547180
v -0.229534 0.193108 1.546630
v -0.229336 0.192053 1.759717
v -0.455029 0.873250 1.543619
v -0.331779 0.733273 1.545917
v -0.339252 0.731202 1.758121
v -0.230162 0.194299 1.333552
v -0.237289 0.007703 1.332888
v -0.252423 0.564432 1.547143
v -0.326891 0.734828 1.333578
v -0.248239 0.565779 1.334329
v -0.617821 0.994842 2.172760
v -0.606206 0.998407 1.961813
v -0.472530 0.868281 1.966580
v -0.715721 1.153656 2.168165
v -0.677807 1.168599 1.537448
v -0.584461 1.007403 1.540080
v -0.594797 1.002763 1.750934
v -0.575888 1.012069 1.329242
v -0.448387 0.876222 1.331975
v -0.531264 1.301546 2.178152
v -0.518127 1.303204 1.968394
v -0.705213 1.344585 1.959346
v -0.492899 1.307832 1.548255
v -0.480770 1.311283 1.337860
v -0.665686 1.360998 1.330168
v -0.373579 1.192370 2.186475
v -0.343019 1.188488 1.554417
v -0.505386 1.305104 1.758417
v -0.220687 0.383580 0.908250
v -0.230534 0.197195 0.907407
v -0.230712 0.195653 1.120481
v -0.223454 0.200897 0.481307
v -0.215203 0.203158 0.268368
v -0.222149 0.016520 0.267150
v -0.215254 0.387270 0.482293
v -0.247734 0.570706 0.482498
v -0.252893 0.571374 0.269493
v -0.212101 0.389647 0.269282
v -0.347807 0.731058 0.270792
v -0.648533 1.186325 0.906665
v -0.566124 1.019825 0.907498
v -0.569882 1.016188 1.118382
v -0.565864 1.022192 0.696532
v -0.630115 1.201252 0.274224
v -0.572116 1.025474 0.274169
v -0.568597 1.023688 0.485445
v -0.458006 1.319650 0.916368
v -0.447043 1.324877 0.705325
v -0.631273 1.377313 0.698915
v -0.313552 1.193797 0.920439
v -0.469126 1.315262 1.127224
v -0.281693 1.210280 0.285471
v -0.426267 1.336169 0.282617
v -0.436390 1.330484 0.494082
v -0.194805 0.208944 -0.157440
v -0.189671 0.212409 -0.370588
v -0.183156 0.025460 -0.371404
v -0.211753 0.394743 -0.156910
v -0.272670 0.570577 -0.156240
v -0.285880 0.569769 -0.368927
v -0.217332 0.396962 -0.369986
v -0.393386 0.720545 -0.365947
v -0.236271 0.402148 -0.795907
v -0.194632 0.220455 -0.797146
v -0.189494 0.216254 -0.583859
v -0.205438 0.225264 -1.010313
v -0.191920 0.038373 -1.011281
v -0.313204 0.570977 -0.793918
v -0.322197 0.575827 -1.006511
v -0.245961 0.406970 -1.008799
v -0.419328 0.732505 -1.004460
v -0.580582 1.030799 -0.149224
v -0.582223 1.035639 -0.361279
v -0.502359 0.869590 -0.363117
v -0.620447 1.210866 -0.148256
v -0.619393 1.227507 -0.783235
v -0.588139 1.047614 -0.786181
v -0.584538 1.041283 -0.573565
v -0.586226 1.057076 -0.998990
v -0.514649 0.889236 -1.002245
v -0.594691 1.393865 -0.144414
v -0.402950 1.351182 -0.353271
v -0.588711 1.399015 -0.355573
v -0.586637 1.407590 -0.778586
v -0.404396 1.352610 -0.991258
v -0.586782 1.415015 -0.990429
v -0.263118 1.222116 -0.139087
v -0.408802 1.346680 -0.141052
v -0.260461 1.223395 -0.778620
v -0.402389 1.352611 -0.778397
v -0.274869 0.421086 -1.434170
v -0.263184 0.235208 -1.433037
v -0.223788 0.230537 -1.223088
v -0.481067 0.424862 -1.805312
v -0.520003 0.245731 -1.771775
v -0.367817 0.238565 -1.619955
v -0.662354 0.253611 -1.935342
v -0.680889 0.066988 -1.916335
v -0.445707 0.604441 -1.832686
v -0.521970 0.780326 -2.043625
v -0.577885 0.609972 -2.002909
v -0.794883 0.260055 -2.110223
v -0.915100 0.265065 -2.285744
v -0.954060 0.084522 -2.245624
v -1.009152 0.264943 -2.453972
v -1.065940 0.092380 -2.403512
v -0.754530 0.440274 -2.143177
v -0.621173 1.257138 -1.419203
v -0.569737 1.085697 -1.423933
v -0.584066 1.068105 -1.211965
v -0.565806 1.115220 -1.845494
v -0.592896 1.120742 -2.056238
v -0.517002 0.960794 -2.059276
v -0.644071 1.283779 -2.055728
v -0.820635 1.182512 -2.598759
v -0.829150 0.988407 -2.593290
v -0.699410 0.963420 -2.439456
v -0.796490 1.382136 -2.631520
v -0.670645 1.140490 -2.468975
v -0.280465 1.208259 -1.418575
v -0.412297 1.349944 -1.417684
v -0.407547 1.352059 -1.204363
v -1.381513 0.124385 -2.831200
v -1.246688 0.293075 -2.713173
v -1.375042 0.312228 -2.839674
v -1.371598 0.501402 -2.828907
v -1.192880 0.666467 -2.749324
v -1.370042 0.688578 -2.788983
v -1.185624 0.105444 -2.533880
v -1.295406 0.114663 -2.673956
v -1.300831 -0.074560 -2.667410
v -1.085518 0.459954 -2.615951
v -1.213512 0.477228 -2.742209
v -1.186010 1.040254 -2.658025
v -1.182733 1.231554 -2.607109
v -1.368643 1.246794 -2.607055
v -1.174913 1.439212 -2.882032
v -1.178452 1.411253 -3.094288
v -1.367182 1.437134 -3.095452
v -1.375271 1.381347 -3.518850
v -1.183881 1.295650 -3.720192
v -1.374311 1.345171 -3.722372
v -1.000281 1.212897 -2.608404
v -0.991875 1.376957 -3.096403
v -0.626927 1.389262 -2.684236
v -0.596106 1.441085 -2.487620
v -0.818564 1.233132 -3.518109
v -0.818975 1.186925 -3.727738
v -0.999285 1.242869 -3.722445
v -0.809865 1.330264 -3.097596
v -0.640407 1.214671 -3.312015
v -0.814377 1.283387 -3.308922
v -0.640173 1.133429 -3.735797
v -0.644852 1.164181 -3.521778
v -0.455376 1.274975 -2.690636
v -0.470306 1.174414 -3.105041
v -0.637246 1.261266 -3.100683
v -0.633332 1.313976 -2.889412
v -1.672997 0.191173 -4.596806
v -1.495868 0.193671 -4.580812
v -1.491103 0.008466 -4.579497
v -1.500499 0.375910 -4.608317
v -1.323776 0.379893 -4.591484
v -1.341424 0.744725 -4.635110
v -1.165846 0.749995 -4.620985
v -1.154556 0.567202 -4.600857
v -0.956253 0.203727 -4.565081
v -1.145268 0.384050 -4.580388
v -0.965060 0.388267 -4.577651
v -0.783454 0.392713 -4.580396
v -0.773848 0.208121 -4.569636
v -0.590322 0.213143 -4.577398
v -0.581541 0.027493 -4.574540
v -0.600545 0.397649 -4.586823
v -0.807963 0.758502 -4.618560
v -0.626328 0.762679 -4.624792
v -0.612402 0.580920 -4.602092
v -1.538016 1.102164 -4.697906
v -1.555533 1.282365 -4.732328
v -1.154719 1.265454 -4.135602
v -1.343514 1.296063 -4.127149
v -1.366164 1.308347 -3.923063
v -1.387731 1.287138 -4.729652
v -0.967861 1.244058 -4.144485
v -0.937377 1.338953 -4.336816
v -1.120674 1.340694 -4.333245
v -1.368564 1.107782 -4.687966
v -1.216305 1.292169 -4.725530
v -1.195920 1.112833 -4.680689
v -0.754508 1.337451 -4.339736
v -1.020287 1.114847 -4.686909
v -1.042067 1.292039 -4.737585
v -0.598126 1.220147 -4.156952
v -0.782554 1.228727 -4.152314
v -0.806334 1.178830 -3.942708
v -0.864922 1.290898 -4.749659
v -0.414708 1.219014 -4.157347
v -0.389674 1.336192 -4.343763
v -0.571945 1.335651 -4.342491
v -0.842635 1.115267 -4.699988
v -0.685376 1.292136 -4.760227
v -0.662668 1.116641 -4.711696
v -0.290502 1.343739 5.337474
v -0.311235 1.252479 4.920855
v -0.482856 1.329299 4.903958
v -0.474095 1.342485 5.107227
v -0.376435 1.483413 5.961339
v -0.326074 1.477290 5.754417
v -0.150787 1.482000 5.795209
v 0.027740 1.483145 5.824567
v 0.038520 1.439281 5.589302
v -0.130313 1.433822 5.571664
v -0.123748 1.362575 5.353708
v 0.050236 1.314418 5.146871
v -0.124062 1.292008 5.141245
v 0.209484 1.442562 5.591339
v 0.217173 1.386297 5.366107
v 0.045367 1.379812 5.363541
v 0.384868 1.487516 5.803349
v 0.206806 1.484283 5.827070
v -0.307049 1.185903 4.296031
v -0.475901 1.304158 4.490605
v -0.126341 1.058766 3.892694
v -0.123384 1.035918 3.683086
v -0.285406 1.137533 3.668192
v 0.053669 1.249870 4.936826
v 0.055063 1.189936 4.730742
v -0.131604 1.182756 4.725915
v 0.060452 1.018938 3.903392
v 0.235548 1.262247 4.941255
v 0.247903 1.095374 4.325408
v 0.057799 1.091248 4.319101
v 0.056402 1.136840 4.525301
v 0.437348 1.104812 4.332778
v 0.438981 1.071270 4.123878
v 0.604835 1.253505 4.957677
v 0.615520 1.208656 4.752782
v 0.427648 1.197019 4.745526
v 0.616406 1.138285 4.123532
v 0.598003 1.124388 3.700238
v 0.438348 1.022983 3.702919
v 0.439143 1.044344 3.913863
v -0.273125 1.106667 3.248503
v -0.116071 0.975332 3.051925
v -0.268922 1.090055 3.038532
v 0.063338 0.935530 3.273757
v -0.118295 0.994505 3.262664
v -0.120685 1.014754 3.473053
v 0.253895 0.934049 3.279257
v 0.254744 0.912734 3.067661
v 0.064220 0.912571 3.062646
v 0.256349 0.876440 2.643267
v 0.257312 0.860929 2.430638
v 0.066866 0.855423 2.426772
v 0.432658 0.979521 3.066951
v 0.427906 0.958548 2.641719
v 0.255559 0.893673 2.855630
v -0.244198 1.051124 2.195274
v -0.238214 1.044845 1.983834
v -0.364109 1.189168 1.975995
v -0.222346 1.039784 1.560465
v -0.218262 1.035536 1.348491
v -0.334173 1.187944 1.343215
v -0.091785 0.892083 1.354743
v 0.072764 0.807041 1.574690
v 0.265361 0.801370 1.364982
v 0.074936 0.799433 1.361201
v 0.423696 0.930533 2.003194
v 0.259696 0.833916 2.004802
v 0.258385 0.846877 2.217797
v 0.425580 0.910679 1.577338
v 0.263173 0.811256 1.578382
v -0.200603 1.039236 0.924389
v -0.192529 1.042078 0.712115
v -0.303368 1.198114 0.708864
v -0.082029 0.889311 0.928664
v -0.208368 1.037689 1.136537
v -0.063426 0.896468 0.289152
v -0.173830 1.052278 0.287297
v -0.183338 1.046713 0.499767
v 0.080151 0.788913 0.933901
v 0.273314 0.777630 0.723989
v 0.083132 0.785677 0.720128
v 0.431178 0.886205 0.937953
v 0.270492 0.784160 0.937804
v 0.267834 0.792232 1.151464
v -0.157548 1.062654 -0.138290
v -0.152648 1.065817 -0.351443
v -0.258532 1.225168 -0.352041
v -0.152603 1.065088 -0.778248
v -0.156148 1.062021 -0.991710
v -0.265462 1.219642 -0.991983
v -0.051600 0.903867 -0.137424
v -0.043009 0.908581 -0.778021
v -0.151101 1.066587 -0.564790
v 0.107658 0.792047 -0.777812
v 0.111770 0.796374 -0.991886
v -0.042283 0.908428 -0.991697
v 0.301151 0.786078 -0.989295
v -0.166132 1.053172 -1.418504
v -0.169510 1.049340 -1.631794
v -0.287972 1.202174 -1.631831
v -0.040031 0.908783 -1.419048
v -0.161420 1.057533 -1.205118
v -0.027777 0.912603 -2.058549
v -0.170204 1.043061 -2.057374
v -0.170821 1.046276 -1.844826
v 0.121859 0.807984 -1.419797
v 0.128337 0.814931 -1.633507
v -0.037234 0.909973 -1.632572
v 0.317641 0.816250 -1.630588
v -0.311309 1.072524 -3.108499
v -0.309788 1.040773 -3.320433
v -0.474503 1.128938 -3.315245
v -0.302076 1.169119 -2.481408
v -0.162193 1.012439 -2.690753
v -0.306550 1.142833 -2.689949
v -0.134666 0.976056 -3.327169
v -0.095093 1.054025 -3.748848
v -0.278419 1.058671 -3.750471
v -0.297384 1.033592 -3.535652
v -0.011417 0.912777 -2.482600
v -0.165618 1.028588 -2.480493
v 0.170417 0.856584 -2.484303
v 0.185739 0.872746 -2.695667
v 0.000250 0.910838 -2.694057
v 0.218481 0.926874 -3.115982
v 0.235178 0.967030 -3.324156
v 0.050388 0.957001 -3.327756
v 0.357029 0.877779 -2.480825
v 0.402188 0.950155 -3.112789
v 0.268674 1.073743 -3.734765
v 0.251995 1.014844 -3.530794
v 0.434976 1.028611 -3.527374
v -0.405803 0.218991 -4.588854
v -0.416406 0.403344 -4.596063
v -0.220463 0.225955 -4.604475
v -0.034860 0.234116 -4.628056
v -0.025523 0.049190 -4.630415
v -0.045228 0.417698 -4.628369
v -0.258002 0.773305 -4.640859
v -0.071501 0.779935 -4.652922
v -0.057181 0.599866 -4.634770
v 0.140448 0.426450 -4.658842
v 0.334464 0.255187 -4.703312
v 0.521603 0.268374 -4.737506
v 0.513350 0.448979 -4.731213
v 0.304258 0.794838 -4.696227
v 0.493599 0.804360 -4.726600
v 0.504217 0.627753 -4.726828
v -0.208122 1.336047 -4.345170
v -0.480405 1.119143 -4.720861
v -0.503567 1.293501 -4.768828
v -0.707643 1.476785 -4.744629
v -0.547072 1.447742 -4.531670
v -0.526608 1.476151 -4.749495
v -0.364877 1.444946 -4.536489
v -0.182244 1.440177 -4.542308
v -0.343789 1.476324 -4.754540
v -0.052566 1.224433 -4.151823
v -0.028045 1.328389 -4.349092
v -0.295890 1.123353 -4.726614
v -0.133463 1.298223 -4.784247
v -0.109321 1.128306 -4.734210
v -0.159223 1.476671 -4.761182
v 0.027620 1.476065 -4.768589
v 0.149940 1.323421 -4.347575
v 0.055171 1.300667 -4.797712
v 0.000180 1.433217 -4.548012
v 0.180997 1.420415 -4.551510
v 0.217712 1.476332 -4.771942
v 0.358763 1.423821 -4.538736
v 0.449895 1.084339 -3.730362
v 0.462166 1.156458 -3.928375
v 0.283662 1.150913 -3.935127
v 0.268603 1.136355 -4.771057
v 0.440653 1.314164 -4.794097
v 0.461787 1.145588 -4.776618
v 0.410957 1.479931 -4.755961
v 0.640933 0.176609 6.042272
v 0.645301 -0.010097 6.042236
v 0.831164 0.176715 5.959264
v 0.624718 0.736789 6.035886
v 0.630533 0.550044 6.038569
v 0.812765 0.734220 5.947728
v 0.835430 -0.009363 5.958703
v 0.972472 0.175951 5.803759
v 0.826020 0.362763 5.957618
v 0.974681 0.360551 5.809140
v 0.819824 0.548666 5.953563
v 0.976912 0.730382 5.815883
v 1.029184 0.174563 5.599344
v 1.032207 0.358359 5.605139
v 1.040324 0.541705 5.611739
v 0.976867 0.545376 5.813768
v 1.046936 0.725029 5.615892
v 1.063711 0.907606 5.618472
v 0.969897 0.914577 5.809031
v 1.073283 1.090965 5.616788
v 0.958391 1.096444 5.796427
v 1.027915 0.174415 5.385562
v 1.022243 0.359276 5.391835
v 0.994673 0.541724 5.403738
v 0.985331 0.726242 5.412517
v 1.035821 0.903926 5.408644
v 1.099174 1.078621 5.406380
v 0.608625 1.299803 6.022247
v 0.768280 1.473159 5.891794
v 0.602051 1.490623 5.986122
v 0.883597 1.457220 5.526170
v 0.717363 1.437038 5.531960
v 0.845366 1.491060 5.672329
v 0.748658 1.375551 5.351188
v 0.784939 1.287659 5.920235
v 0.794738 1.103255 5.931365
v 0.944217 1.273499 5.781502
v 1.065895 1.273049 5.604618
v 1.032827 1.447833 5.581984
v 0.919178 1.437379 5.760104
v 1.127228 1.265329 5.402628
v 0.932655 1.415541 5.356790
v 1.116773 1.458657 5.393780
v 1.150569 1.248711 5.190358
v 1.141207 1.438536 5.178636
v 0.903945 0.358499 4.979582
v 0.864663 0.173499 4.763538
v 0.847462 0.358713 4.772561
v 0.846429 0.544945 4.778358
v 0.980905 0.901394 4.986173
v 0.885593 0.727129 4.777594
v 0.966650 0.895111 4.772460
v 1.066912 1.052526 4.766424
v 0.789840 0.544287 4.353046
v 0.854947 0.718778 4.349901
v 0.868731 0.723114 4.563797
v 0.765978 0.359459 4.351565
v 0.731259 0.172635 4.135718
v 0.739304 0.359280 4.138900
v 0.770583 0.543224 4.139450
v 0.841128 0.715777 4.136100
v 0.951804 0.877509 4.344283
v 0.937640 0.874964 4.130477
v 1.039967 1.030199 4.123915
v 0.737034 0.543148 3.712132
v 0.803550 0.718003 3.709334
v 0.822730 0.716212 3.922661
v 0.790006 1.293484 4.959131
v 0.783207 1.254213 4.332396
v 0.621262 1.152723 4.334729
v 0.621183 1.175203 4.544851
v 0.935577 1.372243 4.330771
v 0.914277 1.369497 4.118835
v 0.763235 1.257794 4.121423
v 1.100023 1.385815 4.112381
v 1.154703 1.217536 4.759387
v 1.157834 1.231337 4.975032
v 0.961130 1.382141 4.959065
v 1.152724 1.420429 4.964671
v 1.150270 1.408776 4.750686
v 1.053142 1.032630 4.337799
v 1.123899 1.196095 4.116003
v 1.136548 1.196564 4.329791
v 1.125602 1.378725 4.323677
v 1.011194 1.028759 3.697225
v 1.096541 1.195604 3.689827
v 1.110564 1.195693 3.902676
v 0.882469 1.366980 3.694166
v 1.082788 1.385831 3.899884
v 1.069155 1.383639 3.687075
v 0.787161 0.718941 3.495817
v 0.900820 0.877698 3.703908
v 0.886220 0.877829 3.490511
v 0.691062 0.545049 3.071576
v 0.760755 0.719131 3.068668
v 0.773110 0.719355 3.282206
v 0.630599 0.361541 2.645077
v 0.614741 0.174580 2.430325
v 0.617378 0.362219 2.431818
v 0.648741 0.547305 2.431677
v 0.661984 0.546521 2.644945
v 0.729163 0.716879 2.428921
v 0.739682 0.717300 2.642026
v 0.855653 0.864976 2.637417
v 0.846819 0.863204 2.424678
v 0.559259 1.095689 2.638162
v 0.552719 1.090675 2.425397
v 0.425848 0.949239 2.428936
v 0.582535 1.110249 3.275952
v 0.701923 1.244482 3.060175
v 0.575590 1.103984 3.063481
v 0.672014 1.238203 2.422013
v 0.857553 1.364180 3.268629
v 0.711286 1.247667 3.272793
v 1.083953 1.195046 3.477330
v 1.055625 1.382482 3.474582
v 0.869160 1.365540 3.481431
v 0.982614 1.022415 3.058053
v 1.065007 1.192185 3.052466
v 1.074695 1.193324 3.264814
v 0.851450 1.359410 3.055636
v 1.040915 1.381214 3.049345
v 0.972849 1.012052 2.632687
v 1.046982 1.177983 2.416320
v 1.051457 1.183363 2.628269
v 1.016480 1.363761 2.413444
v 0.826492 1.348028 2.418083
v 0.832820 1.353969 2.630446
v 0.626034 0.548742 2.005113
v 0.712121 0.715574 2.002738
v 0.719730 0.716412 2.215826
v 0.597903 0.363125 2.005093
v 0.598583 0.175863 1.790515
v 0.590677 0.363345 1.791707
v 0.617095 0.549211 1.791785
v 0.704721 0.715292 1.789742
v 0.839917 0.853264 1.999303
v 0.832722 0.852759 1.786833
v 0.603239 0.549681 1.365122
v 0.693810 0.714207 1.363695
v 0.697937 0.715250 1.576743
v 0.544976 1.058543 1.574577
v 0.546762 1.049094 1.362078
v 0.427665 0.900935 1.364326
v 0.663573 1.198869 1.360126
v 0.962933 0.995482 1.996245
v 1.041717 1.166296 1.993197
v 1.043943 1.172004 2.204628
v 0.819399 1.333345 1.993805
v 0.822044 1.342483 2.205736
v 1.009216 1.351424 1.990139
v 1.042180 1.160435 1.781764
v 1.007237 1.345095 1.778808
v 0.817424 1.326441 1.781953
v 0.958880 0.980864 1.360681
v 1.042513 1.149128 1.358776
v 1.042569 1.154789 1.570167
v 0.816276 1.311749 1.358861
v 0.816364 1.319906 1.570285
v 1.006083 1.333727 1.356574
v 0.575935 0.362517 0.938359
v 0.597096 0.175404 0.724907
v 0.575045 0.361952 0.725112
v 0.593028 0.549026 0.725202
v 0.594897 0.549403 0.938486
v 0.683926 0.713646 0.725199
v 0.687819 0.712789 0.937999
v 0.824333 0.842037 0.937294
v 0.817348 0.846255 0.725151
v 0.593225 0.547817 0.298699
v 0.684971 0.712293 0.299513
v 0.682209 0.713765 0.512345
v 0.576151 0.360466 0.298764
v 0.598198 0.172456 0.086159
v 0.577826 0.359503 0.085667
v 0.596253 0.546870 0.085494
v 0.685328 0.712933 0.086699
v 0.823644 0.839996 0.300829
v 0.819867 0.845046 0.088844
v 0.542685 1.040319 0.936808
v 0.541975 1.037036 0.724149
v 0.433123 0.881004 0.724651
v 0.543576 1.031825 0.298791
v 0.546978 1.029935 0.086012
v 0.441595 0.871771 0.084417
v 0.656601 1.192515 0.936312
v 0.650026 1.189098 0.300063
v 0.541607 1.034819 0.511424
v 0.957244 0.975157 0.936898
v 1.035939 1.147814 0.724865
v 1.037762 1.145407 0.936122
v 0.992788 1.331105 0.724218
v 0.803331 1.307451 0.724765
v 0.808903 1.306018 0.936183
v 0.955281 0.975110 0.301958
v 1.030129 1.148322 0.302472
v 1.031332 1.147640 0.513683
v 0.800006 1.305544 0.301663
v 0.798760 1.309169 0.513319
v 0.989214 1.332539 0.303041
v 1.028135 1.153752 0.091611
v 0.986459 1.337696 0.092638
v 0.797485 1.310045 0.090024
v 0.610421 0.543645 -0.340543
v 0.699479 0.709895 -0.338551
v 0.688589 0.712938 -0.126149
v 0.585079 0.356907 -0.340339
v 0.598193 0.167082 -0.552085
v 0.590299 0.355177 -0.553258
v 0.620729 0.541252 -0.553342
v 0.711897 0.706446 -0.550797
v 0.829182 0.847093 -0.334741
v 0.842072 0.843465 -0.546303
v 0.645773 0.535054 -0.978543
v 0.737797 0.700118 -0.975285
v 0.724225 0.703494 -0.763083
v 0.567355 1.032816 -0.765176
v 0.574594 1.036304 -0.978035
v 0.461899 0.885455 -0.983600
v 0.661230 1.186544 -0.336570
v 0.556428 1.028751 -0.339574
v 0.551653 1.028772 -0.126771
v 0.672681 1.188848 -0.760965
v 0.955937 0.987487 -0.331567
v 1.035230 1.159655 -0.330037
v 1.028052 1.159419 -0.119139
v 0.804652 1.310328 -0.333411
v 0.798029 1.313125 -0.121787
v 0.992527 1.344659 -0.328948
v 0.981620 0.990632 -0.965649
v 1.054334 1.167200 -0.962836
v 1.052662 1.160393 -0.751801
v 0.821224 1.316244 -0.967882
v 0.810144 1.315825 -0.756466
v 1.007640 1.353939 -0.961349
v 0.624105 0.155189 -1.402000
v 0.648543 0.338625 -1.616123
v 0.633166 0.343150 -1.403783
v 0.690658 0.522506 -1.615845
v 0.674945 0.527164 -1.403433
v 0.777634 0.690580 -1.612226
v 0.764256 0.693893 -1.399767
v 0.885286 0.840083 -1.394156
v 0.891424 0.842550 -1.606681
v 0.670806 0.140047 -2.038129
v 0.700253 0.320222 -2.253111
v 0.682268 0.327307 -2.040747
v 0.740963 0.504239 -2.253442
v 0.924645 0.831290 -2.030912
v 0.821215 0.675950 -2.250056
v 0.931187 0.831683 -2.244165
v 0.585478 1.051586 -1.403708
v 0.593667 1.060122 -1.616436
v 0.478116 0.913880 -1.623635
v 0.692801 1.203740 -1.397418
v 0.580980 1.042302 -1.190930
v 0.725548 1.226352 -2.034359
v 0.613816 1.081162 -2.041455
v 0.603049 1.070022 -1.829027
v 0.865132 1.342817 -2.026645
v 0.879113 1.349875 -2.238863
v 0.739474 1.235890 -2.246638
v 0.831967 1.325961 -1.391161
v 0.830511 1.317959 -1.179419
v 1.016101 1.350225 -1.384470
v 1.001027 0.991372 -1.389102
v 1.080957 1.171105 -1.596703
v 1.074731 1.167425 -1.385117
v 1.025818 1.356180 -1.595878
v 0.841656 1.330001 -1.602833
v 1.033679 0.988536 -2.025173
v 1.099684 1.168957 -2.020833
v 1.089170 1.170243 -1.808669
v 0.852612 1.335961 -1.814646
v 1.050198 1.357303 -2.019105
v 1.108183 1.169833 -2.233305
v 1.063467 1.360460 -2.231037
v 0.727180 0.115836 -2.674058
v 0.739365 0.302276 -2.677960
v 0.719109 0.311951 -2.465527
v 0.761934 0.291019 -2.890314
v 0.795840 0.476006 -2.892164
v 0.958419 0.820365 -2.670498
v 0.866319 0.652265 -2.889850
v 0.967261 0.815317 -2.884692
v 1.069562 0.979961 -2.878951
v 0.821285 0.077240 -3.306221
v 0.821026 0.262602 -3.313680
v 0.788072 0.277906 -3.102405
v 0.866629 0.244845 -3.522699
v 0.838885 0.449015 -3.318363
v 0.568568 1.026416 -3.105453
v 0.722310 1.169433 -3.308821
v 0.590860 1.045311 -3.314705
v 0.773980 1.256964 -2.670990
v 0.657381 1.120786 -2.677289
v 0.639887 1.107263 -2.465649
v 0.818019 1.283910 -3.094705
v 0.696931 1.153769 -3.099155
v 0.793929 1.182605 -3.722056
v 0.630374 1.103195 -3.727992
v 0.613109 1.067904 -3.522468
v 0.961831 1.382394 -3.089258
v 0.990858 1.391647 -3.302344
v 0.844650 1.297846 -3.306239
v 1.059956 0.984707 -2.664818
v 1.128764 1.167150 -2.659361
v 1.119299 1.169552 -2.446094
v 0.913120 1.364763 -2.663871
v 0.894817 1.357225 -2.451268
v 1.093608 1.362643 -2.655987
v 1.078937 0.970392 -3.309361
v 1.158313 1.153071 -3.303939
v 1.149368 1.158546 -3.088031
v 1.136464 1.355896 -3.082462
v 1.163647 1.354233 -3.297225
v 0.914383 1.314880 -3.727601
v 1.019085 1.400581 -3.515617
v 1.049188 1.413330 -3.730571
v 1.191512 1.332751 -3.734741
v 1.183366 1.351386 -3.515044
v 0.705444 0.463662 -4.746203
v 0.696209 0.641528 -4.747594
v 0.685760 0.816844 -4.751215
v 0.479579 0.977589 -4.742521
v 0.673689 0.988831 -4.759334
v 0.657360 1.156650 -4.763283
v 0.713655 0.283757 -4.746913
v 0.897356 0.480468 -4.705931
v 1.045266 0.137853 -4.549322
v 0.909976 0.119393 -4.698384
v 1.046056 0.318061 -4.559508
v 0.904121 0.300714 -4.702930
v 1.047814 0.497427 -4.569618
v 1.047767 0.676270 -4.577391
v 0.888700 0.658780 -4.704010
v 1.039009 0.852372 -4.574411
v 1.001896 0.022384 -3.920967
v 0.989093 0.204562 -3.932790
v 0.922871 0.225178 -3.729273
v 1.048067 0.182794 -4.137183
v 1.056381 0.001384 -4.126278
v 1.075661 0.159761 -4.345368
v 1.078091 -0.020786 -4.334946
v 1.032627 0.364042 -4.150156
v 1.076198 0.339777 -4.355927
v 1.031996 0.727418 -4.171017
v 1.015245 0.545405 -4.164077
v 1.087487 0.696744 -4.373728
v 1.076728 0.518963 -4.365137
v 0.642323 1.161708 -3.926054
v 0.634170 1.319854 -4.758761
v 0.594537 1.474060 -4.705081
v 0.821824 1.335453 -4.291486
v 0.658036 1.332577 -4.298520
v 0.649003 1.240680 -4.114903
v 0.688520 1.425542 -4.475922
v 0.819934 1.324824 -4.674671
v 0.843790 1.169302 -4.686311
v 0.971114 1.311131 -3.935028
v 0.822762 1.198007 -3.925009
v 0.987834 1.418568 -4.304193
v 0.828862 1.252685 -4.115839
v 1.013697 1.306657 -4.142121
v 1.009152 1.187775 -4.558632
v 0.991169 1.341885 -4.549011
v 1.081424 0.947949 -3.741601
v 1.168394 1.098956 -3.956355
v 1.169072 1.126673 -3.738534
v 1.192570 1.288789 -3.956212
v 1.099604 1.436140 -3.948962
v 1.175250 1.248983 -4.175086
v 1.160248 1.069004 -4.172274
v 1.126163 1.213199 -4.383713
v 1.130184 1.044423 -4.384390
v -0.813593 0.620137 -2.355927
v -0.863062 0.442087 -2.322891
v -0.907459 0.622289 -2.526413
v -0.762691 0.796794 -2.388871
v -0.861838 0.803263 -2.561210
v -0.736517 -1.085403 5.366852
v -0.120668 -1.131680 6.087685
v -0.123960 -0.944977 6.087755
v -0.133412 -0.571401 6.088099
v -0.154070 0.362675 6.087212
v -0.142870 -0.197830 6.089831
v -0.146880 -0.011043 6.089304
v -0.161303 0.736884 6.084200
v -2.478546 0.376693 -4.054708
v -2.495844 -0.183065 -3.837704
v 0.411336 1.484830 6.031366
v 1.170204 -1.300010 -3.827195
v 0.475153 -0.948083 6.079949
v 0.460467 -0.572306 6.083550
v 0.454897 -0.384889 6.083650
v 0.437586 0.363558 6.086997
v 0.433099 0.550900 6.088691
v 0.419284 1.303030 6.090466
v 0.966983 -0.863837 -3.883182
v 0.395127 -1.070244 -4.781556
v 0.385738 -0.871901 -4.759536
v 0.368471 -0.487738 -4.727691
v 0.325928 0.436763 -4.695870
v 0.316595 0.616783 -4.689819
v 0.351588 -0.112897 -4.712441
v 0.246677 1.305917 -4.803576
v 0.288222 0.968818 -4.723609
v -2.464887 0.370586 -3.428820
v -2.420284 -0.191930 -3.213959
v -0.165750 0.924331 6.081809
v -0.988294 1.405466 -2.674914
v -1.553937 0.324614 -2.862437
v -1.552774 0.512136 -2.828050
v -1.548553 -0.242312 -2.872161
v 1.083130 0.927335 -3.957212
v -2.403936 1.312053 -3.201058
v -2.402764 1.499223 -3.389375
v 0.199004 -0.888035 -4.722552
v 0.175994 -0.313374 -4.677696
v 0.129580 0.607691 -4.659151
v 0.078675 1.131429 -4.753130
v -1.779738 -1.474060 -2.930002
v 0.985334 0.174440 5.175455
v 0.931487 -0.011594 4.963061
v 0.924957 0.173976 4.969402
v 0.945939 -0.378642 5.170485
v 1.088457 1.070544 5.193964
v 1.075422 1.062768 4.980509
v 0.942214 0.728249 5.202800
v 0.887720 0.543796 4.988990
v 0.909839 0.728800 4.990788
v -0.319603 1.295682 -4.775894
v -0.887104 1.474471 -4.738713
v -1.412553 1.473384 -4.730958
v -1.240202 1.480719 -4.733787
v -0.109229 -1.495890 6.013889
v -0.088515 -1.494217 5.790761
v 0.087905 -1.492022 5.815934
v 1.054387 -1.161323 1.141260
v 1.047847 -1.161087 0.721796
v 1.161329 -1.221255 -2.809737
v -1.324816 -0.978486 -2.680290
v -1.507225 -0.963880 -2.677194
v -1.531379 -0.609510 -2.791496
v -1.361430 -0.437292 -2.836024
v 1.156620 -1.229712 4.485655
v -2.502092 -1.106253 -3.598837
v -2.504620 -1.106600 -3.804439
v -2.494257 -0.554002 -3.617571
v -1.664968 -0.550696 -4.622598
v -1.675947 0.372698 -4.626161
v -1.680360 0.553636 -4.654458
v -1.851408 0.370613 -4.641315
v -1.665105 -0.178065 -4.618743
v -1.694430 0.916236 -4.686561
v 1.176714 -1.238195 4.899696
v 0.816577 1.408569 -4.413751
v 1.174155 -1.241550 -3.219980
v -2.190864 1.509143 -4.010440
v -2.135468 1.487795 -4.200191
v -2.340837 1.497870 -4.280764
v 0.840041 -0.382436 4.755246
v -1.361048 1.442075 -2.657908
v -1.552370 1.464204 -2.646276
v 0.875038 0.060518 -3.512857
v 0.941715 -0.139707 -3.708081
v 0.935977 0.042112 -3.717804
v 0.916312 -0.497561 -3.697787
v 1.084842 0.959944 -3.525198
v 0.907774 0.615995 -3.532382
v 0.912154 0.410254 -3.740526
v 0.929461 0.596911 -3.746122
v -0.851665 -1.390013 4.494246
v -0.659715 -1.392491 4.499287
v -0.424841 -1.353512 -0.780495
v -0.636635 -1.367170 0.481147
v -0.452815 -1.328522 0.486943
v -0.534480 -1.318247 2.175220
v -0.522300 -1.316541 1.964310
v -0.595263 -1.334834 3.230449
v -0.498767 -1.319026 1.542490
v -0.633466 -1.354440 3.864775
v -0.642266 -1.368206 4.076386
v -0.821577 -1.358586 3.856002
v -0.629359 -1.433542 -2.250109
v -0.761054 -1.340246 2.798503
v -0.574787 -1.318115 2.807933
v -0.469682 -1.321802 0.909119
v -0.438790 -1.335066 -0.146760
v -0.444214 -1.328952 0.064428
v -0.623472 -1.367408 -0.150849
v -0.510511 -1.316589 1.753452
v -0.695683 -1.348407 1.745429
v -0.419651 -1.389188 -1.625797
v -0.603153 -1.434738 -1.831224
v -0.421240 -1.398323 -1.837869
v -0.608088 -1.390144 -1.203413
v -0.422959 -1.366908 -1.203190
v -0.548432 -1.313054 2.386059
v -0.720913 -1.340586 2.166554
v -1.671429 -0.924570 -4.637181
v -0.695500 -1.080869 4.939297
v -0.599635 -0.920970 4.947635
v 0.907683 -0.806148 -3.260367
v -0.178338 -0.905462 -4.668367
v -0.187974 -0.523266 -4.626017
v -0.231159 0.410042 -4.608652
v -0.243463 0.592711 -4.619318
v -0.202362 -0.146034 -4.606840
v -0.275355 0.950420 -4.677245
v 0.988770 -0.901264 4.512321
v 0.894955 -0.741338 4.526136
v -0.763231 1.235085 4.698149
v -0.843160 1.389573 4.474589
v -0.767194 1.217606 4.487274
v -0.568954 0.914269 4.720084
v -0.665066 -1.070869 4.512111
v -0.507248 0.366655 4.727902
v -0.519838 -0.190191 4.728318
v -0.472531 -0.003769 4.517469
v -0.462914 -0.189851 4.521155
v -0.487429 -0.560987 4.740599
v -0.428622 0.586358 -4.609435
v 0.670456 -1.240933 -4.138989
v 0.814418 -1.314763 -4.084093
v 0.531437 0.989321 -2.684555
v 0.371004 0.898078 -2.692178
v 0.681301 1.190978 -0.973061
v 0.943866 -1.399718 -3.819946
v 0.666614 1.187011 -0.548801
v 0.296958 0.779009 -0.775170
v 0.660523 1.194608 1.148226
v 0.293101 0.773558 -0.560955
v 0.457358 0.879439 -0.769994
v 0.435349 0.877017 0.511290
v 0.276279 0.772646 0.510039
v -0.076320 0.890371 0.715522
v 0.086297 0.783623 0.506282
v -0.070054 0.892882 0.502349
v -0.158449 -1.094491 -0.565680
v -0.196978 -1.056537 0.493868
v -1.973183 1.493151 -3.378146
v 0.602283 -1.045821 -2.226925
v -2.265464 -1.507873 -4.119030
v -2.253123 -1.511317 -4.271842
v -0.995145 1.337409 -3.306701
v -0.998235 1.291654 -3.515357
v -1.183770 1.340731 -3.514978
v -0.728593 1.449707 -4.527474
v -0.909139 1.450423 -4.522874
v -1.304438 1.344648 -4.328639
v -1.088498 1.448682 -4.520566
v -1.265431 1.445860 -4.518610
v -1.176795 1.259319 -3.926324
v -1.550997 1.477897 -2.879752
v -1.556380 1.456802 -3.106398
v 0.550756 -1.015978 -0.545396
v 0.556546 -1.015712 -0.756226
v 0.299657 -1.012580 -3.540524
v 0.473034 -1.064609 -3.517219
v -0.067671 -0.981333 -3.339434
v -0.060902 -0.992385 -3.559696
v -0.236856 -1.036836 -3.553316
v -0.901023 -1.348227 -3.271179
v -1.433091 -1.451020 -2.947911
v -1.637977 -1.365088 -4.285838
v -0.473215 1.092822 -3.527908
v -0.553955 -1.239221 -3.315692
v -0.568182 -1.185835 -3.529713
v 0.539913 -1.031627 1.143660
v 0.941503 -1.370767 -3.425866
v -1.037336 -0.621926 -2.641868
v -1.140038 0.285334 -2.569992
v -1.159298 -0.271001 -2.551347
v 0.241079 1.201262 4.735741
v -0.314849 1.224999 4.713174
v 0.047618 -1.208923 4.728074
v 1.039670 0.989734 -2.238142
v 0.680607 1.241364 2.634830
v 0.958228 1.375048 4.751004
v 0.795775 1.270995 4.752393
v -0.618446 1.235818 -0.995199
v -0.410398 0.727908 -0.791545
v 0.833673 -0.749712 -2.010486
v 0.815415 -0.747837 -1.801687
v 0.955706 -0.886918 -2.000180
v -0.593017 -1.005713 -1.006403
v 0.967323 0.985613 -0.542701
v 0.850632 0.844183 -0.758256
v 0.974270 0.987812 -0.754122
v 0.434768 0.992007 3.279270
v 0.436670 1.006208 3.491302
v -0.111677 0.942449 2.629267
v -0.108897 0.929728 2.417405
v -0.641521 1.191669 0.696054
v -0.620988 1.381896 0.488194
v -0.635071 1.196771 0.485243
v -0.329135 0.735767 0.695786
v -0.458810 0.874142 0.485067
v -0.337559 0.733516 0.483265
v 0.886317 -0.863210 -0.747558
v 0.751779 -0.732802 -0.753143
v -0.253589 -1.086353 2.402276
v -0.281322 -1.109437 3.037658
v -0.570331 -1.006908 0.690815
v -0.575867 -1.004443 0.479184
v -0.413181 1.215915 3.026009
v 0.961295 0.974759 1.148822
v -0.095718 0.896460 1.567622
v 0.720826 -0.726802 1.145730
v 0.859636 -0.849695 0.933378
v 0.721495 -0.724471 0.934203
v 0.558053 -1.090430 3.044463
v 0.773961 1.326972 5.160074
v -1.039486 0.640959 -2.653535
v 0.423391 -1.451213 5.559353
v 0.241686 -1.399487 5.356024
v 0.412338 -1.393024 5.344630
v -0.088813 -1.456995 5.565331
v 0.380742 1.445420 5.577461
v 0.252391 -1.452047 5.578565
v -0.627596 0.435268 -1.964624
v -0.707496 0.617488 -2.177450
v 0.687888 0.133237 -2.250165
v 0.654347 0.145863 -1.826112
v -0.189794 -0.153876 -0.798807
v 0.666317 -0.413056 -1.816258
v -0.218577 0.385259 0.695272
v 0.604337 -0.023223 -0.763371
v 0.599855 0.164736 -0.764732
v -0.224409 -0.172565 0.479553
v -0.230263 -0.174490 0.692641
v -0.231480 0.014292 0.480183
v 0.597154 -0.398515 -0.760901
v 0.586197 -0.385226 1.148888
v 0.595869 0.176120 1.151004
v 0.609588 -0.011323 0.937473
v 0.596375 0.175874 0.937930
v 0.391356 1.385881 5.361201
v -0.421736 -1.446500 5.507779
v 0.808910 0.680182 -2.037039
v 1.114876 -1.204977 -1.776224
v 0.632659 0.538365 -0.765998
v 0.732977 1.255317 3.697702
v -0.252782 -0.546442 0.690483
v 0.598244 0.549639 1.151799
v 0.607910 1.130114 3.911962
v 0.252179 0.985425 3.700655
v 0.061541 0.988138 3.694290
v 0.059175 1.052855 4.111676
v 0.251158 1.017028 3.910062
v 0.245058 1.144781 4.531009
v -0.447244 1.266410 3.863670
v -0.457635 1.278233 4.072922
v -0.293644 1.151466 3.877812
v -0.312713 1.203804 4.504793
v 0.405945 1.320399 5.153651
v 0.226803 1.324774 5.150442
v -0.823757 0.938515 -4.652714
v -0.308784 -1.139223 3.672883
v -0.315305 -1.181883 4.094768
v -0.470543 -1.364284 5.123649
v 0.580042 -1.109611 3.675570
v 0.594659 -1.129379 4.094679
v 1.061568 1.040495 4.552080
v 0.701929 1.210342 -1.609757
v -1.991482 1.487731 -3.772971
v -2.210955 1.516563 -3.594172
v 0.653259 1.191141 0.724342
v 0.651639 1.188443 0.087846
v 0.656013 1.187279 -0.124358
v 0.662651 1.216428 1.784196
v 0.663841 1.206683 1.572079
v 0.418643 0.984777 -3.321263
v 0.386101 0.921962 -2.902907
v -0.148499 0.977432 -3.113518
v 0.344672 0.859885 -2.268938
v 0.516768 0.971854 -2.473207
v 0.311271 0.804751 -1.417060
v -0.020692 0.913306 -2.270851
v 0.065026 0.891540 2.851095
v -0.114053 0.957673 2.840801
v -1.372123 1.409357 -3.309706
v -0.050297 -1.034889 -3.777914
v -0.231274 -1.043002 -3.774908
v -0.275980 -1.095759 2.826016
v -1.091572 -1.285910 -3.686672
v -1.250491 -1.409505 -3.213912
v -1.750354 -1.431326 -3.616375
v -1.588912 -1.396703 -3.629199
v -0.265942 1.073774 2.828231
v -0.408677 1.201536 2.816563
v 0.794771 1.269534 -2.882934
v 0.755518 1.246049 -2.458850
v 0.669193 1.230201 2.209241
v 0.100190 0.785961 -0.349653
v -0.047433 0.906483 -0.350859
v 0.282625 0.767608 0.081804
v 0.444978 0.871656 -0.129124
v 0.285977 0.767816 -0.132429
v 0.279392 0.769258 0.295969
v -0.057048 0.900396 0.075907
v 0.096598 0.783985 -0.135608
v 0.424013 0.920828 1.790277
v -0.099465 0.902217 1.780364
v -1.573211 1.416621 -3.530483
v 0.568506 -1.018677 -1.177416
v -0.178846 -1.070021 0.070288
v -0.231148 -1.069137 1.766370
v 0.485273 0.926521 -1.836527
v 0.325182 0.829216 -1.843785
v -0.033093 0.911516 -1.845790
v 0.424424 0.939898 2.216088
v 0.067980 0.840526 2.214104
v -0.105983 0.918921 2.205286
v -0.170031 -1.126014 -1.840979
v -0.250154 -1.075288 2.190422
v 0.538363 -1.020680 -0.123458
v 0.535127 -1.056095 1.777280
v 0.712878 1.217928 -1.822070
v 0.538445 -1.069928 2.199990
v 0.959864 0.991209 1.784245
v 0.739948 -0.730109 1.992069
v 0.967088 1.007616 2.420406
v 0.978793 1.016549 2.845239
v 0.997628 1.028471 3.484182
v 0.875199 0.876655 3.277027
v 0.988056 1.026672 3.271092
v -0.702772 1.157903 1.957855
v -0.755063 1.158059 3.221469
v 0.754303 -0.741894 2.626730
v 0.787713 -0.746962 3.260785
v 0.797427 -0.749889 3.472400
v 0.895431 -0.901509 3.252131
v -0.585889 -1.004995 1.960675
v -0.628479 -1.010624 3.020270
v -0.666454 1.174661 1.327296
v -0.568696 -1.007794 1.325419
v 0.878536 -0.741002 4.315207
v 0.596595 -0.386413 1.786653
v 0.601748 0.175513 2.003778
v -0.233014 0.377830 1.973099
v -0.282177 0.373906 3.037079
v 0.621660 -0.388231 2.424445
v 0.625335 0.174020 2.643537
v 0.637958 0.173461 2.856710
v 0.626103 -0.013570 2.641535
v 0.665143 0.172604 3.283139
v 0.651460 0.172974 3.069899
v 0.678333 0.172402 3.496465
v 0.664859 -0.014754 3.280444
v -0.234974 -0.183256 2.185252
v -0.288509 -0.186801 3.251176
v -0.224044 0.380868 1.334205
v 0.696951 -0.389181 3.485874
v -0.232732 -0.180299 1.545416
v 0.764366 0.172949 4.347116
v 0.676195 0.545789 2.858234
v 0.721198 0.543689 3.498553
v 0.706101 0.544337 3.285015
v 1.080420 -1.239187 3.444380
v -0.516247 0.882244 3.447785
v -0.773540 1.175166 3.854088
v 0.934181 -0.906320 3.882423
v 0.839056 -0.744819 3.893947
v -0.662163 -1.029952 3.871746
v -0.660382 -1.044925 4.084949
v -0.410201 0.370142 4.310770
v 0.708182 -0.014675 3.919404
v 0.709087 0.172440 3.922974
v -0.329839 0.372397 3.675098
v -0.337865 0.557787 3.460221
v -0.311913 0.372872 3.462482
v -0.303215 -0.000633 3.463802
v -0.304781 -0.187493 3.464242
v -0.344380 -0.188751 3.890044
v 0.728972 -0.388264 3.910392
v -0.652784 1.299271 -2.267642
v -0.653736 1.310596 -2.479791
v -0.593279 0.957765 -2.257708
v -0.610662 -1.041011 -2.234853
v -0.708406 -1.023265 -2.417988
v 0.939776 0.829868 -2.457586
v 1.046606 0.989872 -2.451454
v 1.004125 0.996099 -1.601204
v 0.994935 0.988659 -1.177115
v -0.758251 1.338474 2.797217
v -0.742254 1.152171 2.800142
v -0.499921 0.871417 2.812657
v 0.769539 -0.740786 -1.173440
v 0.915219 -0.874880 -1.374648
v 0.785941 -0.741274 -1.382939
v -0.486803 -0.877361 2.813773
v -0.619020 -1.009037 2.807816
v -0.653526 1.366905 1.119994
v -0.656579 1.180685 1.117067
v -0.446024 0.877248 1.120188
v -0.324796 0.735814 1.121078
v -0.439943 -0.870296 1.115098
v -0.565201 -1.009531 1.113883
v 0.949224 0.980603 0.725326
v 0.949715 0.982046 0.090600
v 0.817977 0.850099 -0.123138
v 0.944845 0.989791 -0.120540
v 0.826739 0.852004 1.574421
v 0.956769 0.987603 1.572410
v -0.615669 1.216544 -0.359703
v -0.377686 0.723316 -0.153676
v -0.626064 1.205600 0.063026
v -0.360709 0.727999 0.058408
v -0.491606 0.868932 -0.150648
v 0.729625 -0.733919 -0.332435
v 0.717244 -0.730406 0.300552
v 0.862831 -0.859012 1.565723
v 0.729145 -0.727688 1.568869
v -0.600549 -0.996849 -0.368701
v -0.591684 -0.998205 0.055696
v -0.632432 1.277014 -1.843624
v -0.598742 1.439525 -2.056792
v -0.625696 1.268400 -1.631356
v -0.592505 1.447317 -1.842263
v -0.430408 0.786446 -1.850450
v -0.385635 0.786320 -1.641400
v -0.474118 0.962337 -1.850309
v -0.586982 1.424189 -1.202548
v -0.615345 1.245804 -1.207247
v -0.506903 0.903510 -1.215266
v -0.413904 0.745863 -1.217359
v -0.728044 1.150616 2.378658
v -0.718985 1.340402 2.168771
v -0.492545 0.864365 2.389421
v 0.874677 -0.868679 2.198510
v 0.747636 -0.731158 2.203474
v -0.505276 -1.051260 -1.634862
v -0.432640 -0.880788 -1.845294
v -0.463974 -1.071856 -1.841876
v -0.501062 -0.839820 -1.220831
v -0.580937 -1.013385 -1.218804
v -0.619897 -0.991872 2.383306
v 0.878399 -0.766487 -2.636212
v 0.862026 -0.760930 -2.427932
v 0.989835 -0.906500 -2.624361
v 0.753152 0.542896 3.925787
v 1.126159 -1.236555 4.069428
v -0.822767 -0.114393 -2.073388
v -0.820884 0.075325 -2.082073
v -0.957885 -0.105188 -2.234999
v -0.303318 0.558108 2.822517
v -0.268862 0.374580 2.824390
v 0.750831 0.104850 -2.885765
v 0.779266 -0.092251 -3.090465
v 0.780512 0.092021 -3.096841
v 0.637763 -0.036540 -1.611450
v 0.638181 0.150886 -1.614119
v 0.612631 0.158871 -1.189732
v 0.623693 -0.032510 -1.399723
v -0.258048 0.001302 2.825003
v -0.259906 -0.185454 2.824991
v -0.245715 0.567096 1.121443
v -0.222158 0.382140 1.121228
v 0.619251 -0.403563 -1.183812
v 0.633604 -0.406322 -1.394858
v 0.582373 -0.385805 0.723988
v -0.238945 0.009080 1.119718
v -0.233715 -0.177716 1.118988
v 0.628885 -0.569542 1.572063
v 0.591808 -0.385894 1.574028
v 0.598003 0.169133 -0.339387
v 0.598059 0.173705 0.299017
v 0.605862 -0.011281 1.576215
v 0.596771 0.176095 1.577297
v -0.194014 -0.165251 -0.159253
v -0.210188 0.392289 0.056211
v -0.247496 0.376079 2.398848
v -0.538090 -0.129457 -1.754002
v -0.382996 -0.134491 -1.606843
v -0.537412 0.059522 -1.755367
v -0.214466 0.043161 -1.223600
v -0.216564 -0.145213 -1.224591
v -0.240072 -0.184051 2.398562
v -0.234665 0.003527 2.185610
v -0.254063 0.414381 -1.221837
v -0.761865 -0.488620 -2.121200
v -0.820737 -0.653426 -2.339597
v 1.073318 0.976847 -3.093911
v 0.816567 0.463506 -3.105249
v 0.878438 0.643005 -3.103915
v 0.659898 0.531323 -1.191012
v 1.082292 -1.194441 -1.153603
v -0.302835 -0.555682 2.822894
v -0.251365 -0.550207 1.117095
v 0.609596 0.549520 1.578450
v 1.048959 -1.185725 1.770132
v 1.052266 -1.191777 2.189415
v -0.343775 -0.508856 -1.639898
v -0.477082 -0.501133 -1.806214
v -0.532900 -1.253626 -1.835429
v -0.317616 -0.506362 -1.221834
v -0.281611 -0.554443 2.396560
v 0.853560 0.660273 -2.676147
v 1.145741 -1.217172 -2.396994
v -0.074403 1.131227 -3.952249
v -0.232755 1.222358 -4.154742
v -0.188560 -1.136624 -2.479283
v -0.439997 1.312788 -2.485692
v -0.581985 -1.126354 -3.966722
v 0.300364 1.242234 -4.132428
v 0.125319 1.230386 -4.144937
v -0.176940 -1.488685 -4.742186
v 0.018479 -1.493467 -4.746252
v 0.272049 -0.783982 -0.770882
v -0.292522 1.203866 0.497251
v 0.270257 -0.779493 -0.558110
v 0.088099 -0.820670 -0.775761
v 0.072696 -0.800124 0.501935
v 0.259670 -0.778747 0.506569
v -1.731265 1.384043 -4.128630
v 0.390836 -1.382959 -4.582366
v 0.580428 -1.335273 -4.601861
v -0.115323 1.000540 -3.539942
v 0.323447 1.335994 -4.332658
v 0.105470 1.140200 -3.944354
v -1.438843 1.442043 -4.515539
v 0.157317 -1.182518 -4.197008
v -1.112709 -1.242151 -4.129479
v -1.603773 -1.352379 -3.849221
v -1.535400 1.335445 -4.122644
v 0.510318 -1.191825 -4.176877
v 0.702129 -1.308602 -4.357572
v -0.745708 -0.911886 -4.663665
v 0.234756 -0.881167 2.632746
v 0.229718 -0.941620 3.267166
v -1.303581 -0.919872 -4.641573
v -1.118535 -0.916847 -4.649158
v 0.247157 -0.815266 1.570846
v -0.749637 -0.538448 -4.599616
v -1.119489 -0.546002 -4.581585
v -1.304500 -0.361311 -4.576281
v -1.121965 -0.358834 -4.566967
v -0.794698 0.576211 -4.596505
v -1.331611 0.562375 -4.614599
v -1.137477 0.199909 -4.563831
v 0.746782 1.257454 3.909776
v 0.415071 -1.148637 4.517827
v 0.601094 -1.168786 4.511758
v 0.586881 -1.312387 5.125129
v 0.411578 -1.261392 4.928304
v 0.592855 -1.250911 4.923359
v 0.410320 -1.327134 5.134699
v 0.582971 -1.380876 5.325369
v -1.120349 -1.284345 -4.739385
v -0.132661 1.143178 4.518552
v -0.485391 -1.315073 4.506148
v -0.319641 -1.224333 4.515383
v -1.353576 0.926704 -4.657536
v 0.040285 -1.070505 4.106041
v 0.043706 -1.153876 4.521962
v 0.459146 -0.940751 -2.454239
v 0.609653 -1.055443 -2.436327
v -0.181680 -1.134140 -2.266673
v -0.325902 -1.266505 -2.478906
v -0.412428 -1.224482 2.816962
v -0.434741 1.328838 -2.273058
v 0.094435 -0.881015 -2.263589
v 0.276432 -0.806321 -1.408536
v -0.271764 1.216549 0.073380
v -0.353410 1.188495 1.765336
v 0.255122 -0.789218 0.932495
v 0.080755 -0.804277 -0.137261
v 0.266176 -0.774936 -0.132353
v 0.261826 -0.775987 0.293572
v 0.078011 -0.801206 0.075747
v 0.244495 -0.826081 1.783463
v 0.058928 -0.824311 1.567358
v -0.284483 -1.272884 -1.840784
v -0.294110 1.196350 -1.845014
v -0.424455 1.342530 -1.844932
v -0.272477 1.214399 -1.205295
v -0.383639 1.196260 2.396791
v 0.094013 -0.863415 -1.838510
v 0.278729 -0.828263 -1.833026
v 0.051231 -0.857444 2.205818
v 0.239403 -0.850923 2.208396
v 0.617412 -1.066814 -2.645692
v 0.461118 -0.960056 -2.665244
v 0.176628 -1.292905 -4.387602
v -1.012507 0.829572 -2.670148
v -0.997547 -0.809137 -2.662020
v 0.530005 1.424201 -4.510401
v 0.777075 1.462433 -4.631756
v 1.133400 -1.431826 -3.612613
v 0.942375 -1.389012 -3.624834
v 1.132535 -1.245074 -4.238585
v 1.028027 -1.365663 -1.775368
v 0.810362 -1.298519 -0.953123
v 0.999322 -1.335354 1.139666
v 0.983894 -1.358844 1.766879
v 0.800389 -1.321758 1.770183
v 0.808848 -1.323417 1.980276
v 1.023423 -1.415389 3.442445
v 0.950370 1.374745 4.541790
v 1.072579 -1.414282 4.066674
v 0.892231 -1.362937 4.075837
v 0.912334 -1.362761 4.282352
v 0.845826 -1.359270 3.450487
v 1.065490 -1.379073 -2.393651
v 0.886626 -1.316472 -2.404788
v 0.998505 -1.357655 -1.153941
v 0.809643 -1.296528 1.141055
v 0.849769 -1.303468 -1.784778
v 0.819449 -1.298584 -1.161462
v 1.140563 1.384224 4.536790
v 1.086386 -0.560078 -4.306304
v 1.108969 1.371292 -4.381888
v 1.116855 0.870794 -4.380325
v 1.092123 -0.909774 -4.280561
v -2.334414 0.375585 -4.423554
v -2.197477 0.373409 -4.552728
v -2.338912 0.189834 -4.423723
v -2.112011 1.448974 -4.566217
v -0.807748 -1.240398 5.147036
v -0.822955 -1.420820 5.137694
v -2.336228 1.113921 -3.034419
v -2.349971 0.925926 -3.034894
v -2.226893 -0.750986 -2.843356
v -2.370028 0.361870 -3.024989
v -2.273633 0.356066 -2.848539
v -2.266960 -0.203259 -2.838303
v -2.321095 1.300902 -3.023531
v -2.365443 0.549556 -3.029387
v -2.099796 0.909831 -2.746686
v -1.919023 0.897475 -2.700611
v -2.079268 -0.573260 -2.731729
v 0.937410 1.459101 -4.480706
v -2.425214 -0.736802 -4.223599
v -2.087617 1.482325 -2.791474
v -1.921948 1.463772 -2.742068
v 1.087216 -0.736354 -4.295097
v 1.132380 -1.410722 -4.196390
v -0.618706 1.428837 5.299386
v -0.642005 1.418993 5.100268
v -0.793307 1.425916 5.314309
v -2.353555 1.502412 -3.182268
v 0.217509 1.489187 6.072257
v 0.219244 1.305364 6.130319
v 1.025143 1.023600 -4.566764
v 0.863160 1.005200 -4.694907
v 1.051991 -0.406395 -4.519205
v 0.877823 0.834217 -4.700703
v 0.928169 -0.430695 -4.677254
v -1.580352 1.469755 -4.728629
v -0.987746 1.412814 -2.887001
v -0.803393 1.379974 -2.883652
v 0.416077 -1.484800 -4.763317
v -2.245315 0.919330 -2.869537
v -2.199501 -1.105681 -2.849016
v -2.426283 0.376675 -4.250251
v -2.389631 1.313113 -4.276668
v -2.199748 -1.110005 -4.528897
v -1.363344 1.460851 -2.877251
v -0.779213 1.441008 5.518272
v 1.142519 1.417577 -4.174478
v -0.960701 0.443923 -2.489413
v -2.241629 -0.570140 -2.840941
v -2.327985 -1.106835 -4.381276
v -2.423602 -1.104741 -4.203612
v -2.318981 -1.099388 -3.013038
v -2.408682 -1.100331 -3.198768
v -2.418448 1.510942 -4.071367
v -2.467682 1.320693 -4.075283
v -0.349205 0.361918 6.038632
v -0.328715 -0.569411 6.037645
v 0.612334 1.110822 6.028613
v 0.618604 0.923514 6.032318
v 1.104360 0.895195 -4.168946
v -1.193858 -0.085083 -2.526115
v 0.742929 -1.420074 -4.543245
v -2.225068 -1.501445 -3.078666
v -0.827848 1.411070 5.110497
v -0.626698 -0.740560 5.376101
v -0.716109 -1.081390 5.152625
v -0.628841 0.363544 5.140172
v -0.692519 0.177447 5.347823
v -0.681796 0.361762 5.348923
v -0.686046 -0.191496 5.353088
v -0.801912 1.240932 5.330114
v -0.624554 0.725580 5.359226
v -1.828413 -1.445209 -4.463574
v -0.182161 1.481385 6.014393
v 0.969686 0.387354 -3.946758
v 1.006717 -0.158941 -3.911175
v 0.012978 1.486703 6.068861
v 1.117695 -1.069619 5.125197
v 1.034209 -0.906107 5.143608
v 0.937904 0.542347 5.197619
v 0.976303 -0.196066 5.168247
v 0.987779 -0.011125 5.170210
v 0.921821 -0.561784 5.170416
v 0.966661 0.359026 5.184907
v 1.000702 0.905443 5.199044
v -0.915442 -1.378680 -2.662291
v -0.898559 -1.414098 -2.841642
v 1.172707 -1.246824 5.104938
v -1.520303 -0.788534 -2.737876
v -1.551994 0.697621 -2.779434
v -2.505865 -1.293396 -3.590846
v -2.510622 1.321514 -3.624931
v -2.464144 -1.479484 -3.783111
v 1.165674 1.144156 -3.520816
v 1.148559 1.202679 4.544331
v 1.112337 1.361563 -2.869015
v 1.138161 1.163626 -2.873312
v -2.506126 0.939447 -3.637943
v -2.488644 0.000443 -3.631781
v -2.489325 -0.185022 -3.627614
v -2.493254 0.373588 -3.637688
v -2.497961 0.561337 -3.639181
v -2.491579 -0.369810 -3.622734
v -2.469826 -0.921453 -3.400481
v -2.499136 -0.921597 -3.605957
v 1.178054 -1.274375 -3.627607
v 1.102919 -1.131749 -3.642208
v 1.006941 -0.996885 -3.658247
v 0.868921 0.431288 -3.530591
v 0.933956 -0.844347 -3.676548
v 0.988948 0.789551 -3.529378
v -0.588783 1.442023 -1.628304
v -0.418342 1.346561 -1.631203
v -0.586635 1.403649 -0.566979
v -0.401557 1.352468 -0.565749
v -0.587612 1.433334 -1.415178
v -0.595247 1.453627 -2.271800
v -0.428224 1.337978 -2.059026
v -1.524918 0.920966 -4.674123
v -1.514732 0.739464 -4.654019
v -1.686675 0.735245 -4.671107
v -0.660269 1.077833 4.709287
v -0.526287 0.181478 4.724041
v -0.531222 -0.004554 4.723935
v -0.593311 -0.005429 4.929873
v -0.539090 0.548897 4.940147
v -0.490881 0.552283 4.731312
v -0.500151 -0.375205 4.735079
v -0.578288 -0.919426 4.733936
v -0.860957 1.411225 4.899089
v -0.854380 1.401324 4.686226
v 0.716240 1.488005 5.718439
v 0.813948 0.545144 4.566227
v 0.815975 -0.012926 4.550328
v 0.800122 -0.384942 4.545451
v 0.826208 -0.568929 4.538013
v 0.810369 0.173202 4.556228
v 0.801555 0.359289 4.563013
v 0.959700 0.885415 4.558369
v -0.657318 1.400007 4.689230
v -0.659446 1.408753 4.896339
v -1.384100 -0.063048 -2.825245
v -1.172871 1.425588 -2.667473
v -1.160595 -0.809348 -2.730248
v -0.970822 -1.000802 -2.653237
v -1.003032 1.021160 -2.651270
v -1.180253 -0.621343 -2.746534
v -0.759265 -1.158965 -3.947230
v -0.622796 1.148883 -3.951856
v -0.439226 1.130187 -3.957688
v -0.207027 -1.193235 -4.188744
v -0.390373 -1.192630 -4.184170
v -0.609087 -1.238638 -2.247690
v -0.612836 -1.440294 -2.040986
v -0.298386 1.190092 -2.057943
v -0.301264 1.181665 -2.270265
v -0.295498 -1.272762 -2.053826
v -0.308825 -1.271264 -2.266827
v 1.052896 -1.030466 -1.783449
v 0.936848 -0.886783 -1.792151
v -0.602858 1.135626 -2.268261
v 0.896991 1.368096 3.906621
v 0.653126 -0.041229 -1.823087
v 0.717778 -0.590972 -1.810320
v -0.800100 -0.303215 -2.090199
v -0.542211 -0.867517 -2.026158
v -0.672191 -0.858969 -2.192486
v 0.707452 -1.178071 -1.795651
v -0.169172 1.037050 -2.269278
v -0.054996 -0.995625 -2.265508
v 0.156947 0.843485 -2.272407
v 0.494016 0.940357 -2.049111
v 0.504336 0.955576 -2.261343
v 0.903966 -1.478392 5.576661
v -0.451618 -1.389790 -2.263429
v 0.085865 -0.814010 -0.563026
v 0.423532 -0.872177 0.509047
v 0.533998 -1.025563 0.510154
v 0.437205 -0.865680 -0.551359
v -1.064798 1.479737 -4.736511
v -0.065768 -0.996610 -2.905217
v 0.446171 -0.875328 -1.186965
v 0.275131 -0.797379 -1.196101
v 0.453259 -0.898995 -1.821310
v -0.248056 1.060894 2.406434
v 0.412421 -0.912351 1.781509
v 0.268263 -0.776484 -0.345262
v -0.228010 1.043773 1.772280
v 0.419689 -0.885160 1.145521
v 0.252569 -0.796764 1.145362
v -0.725588 -1.303417 -3.296928
v 0.410312 -0.961222 2.840470
v 0.232763 -0.899098 2.844563
v 0.087107 1.061995 -3.742364
v -0.933217 -0.728755 -4.619442
v -1.118382 -0.732195 -4.609837
v 0.415506 -1.072045 4.103055
v 0.227905 -1.063336 4.105421
v 0.413380 -1.001860 3.473946
v 0.228657 -0.966906 3.477766
v 0.855732 -0.854831 0.511972
v -0.446321 0.880063 0.696537
v -1.002629 0.935971 -4.644568
v -1.179489 0.932150 -4.645449
v -0.129045 1.084017 4.101830
v 0.433778 1.145829 4.540205
v 0.252998 0.957972 3.490330
v -0.935082 -0.542252 -4.590993
v -0.228484 0.198933 0.694335
v -0.236584 0.012347 0.693342
v -1.130973 0.014428 -4.557506
v 0.611761 -0.012628 0.511883
v -0.948848 0.018133 -4.559083
v 0.597702 0.174690 0.511936
v 0.582132 -0.386756 0.511627
v 0.614850 -0.571327 0.511512
v -0.245088 0.569697 0.695516
v -0.223701 -0.361506 0.691886
v -0.987880 0.754510 -4.615906
v 0.575201 0.361279 0.511913
v 0.592239 0.548541 0.511942
v -0.144173 -1.132709 4.313176
v -0.317973 -1.203588 4.305254
v 0.415634 -1.106417 4.311024
v -0.131413 1.111258 4.310532
v -0.454308 -0.859542 0.690647
v 0.411112 -0.921637 1.993446
v 0.241911 -0.837945 1.995985
v 0.719277 -0.726828 0.511782
v -0.257656 1.065972 2.617406
v -0.102918 0.909660 1.992932
v 0.951587 0.976890 0.513638
v 0.819109 0.842979 0.512963
v -1.181463 1.378662 -3.306093
v 0.068806 1.001789 -3.536411
v 0.811566 1.307765 -0.544942
v 0.998272 1.346226 -0.539970
v 0.433907 -0.865239 -0.339340
v 0.103848 0.788617 -0.563726
v -0.044563 0.908073 -0.564399
v 0.453130 0.875055 -0.556358
v 0.561498 1.030118 -0.552389
v 0.649539 1.191420 0.512249
v -1.105776 -1.235895 -3.906175
v 0.474204 1.244433 -4.121381
v -0.529229 -1.323042 -2.889508
v -0.541484 -1.285257 -3.101753
v -0.371357 -0.718947 -4.635923
v -0.301630 1.288474 5.128378
v -0.460118 0.945323 -4.670035
v -0.642918 0.941560 -4.661371
v -0.375783 -0.529648 -4.613760
v -0.563134 -0.534452 -4.606350
v -0.396533 0.033434 -4.586876
v -0.442986 0.767524 -4.632225
v -0.256069 1.126063 -3.957337
v -0.309865 -1.206770 0.490851
v 0.981732 -0.992318 1.142976
v 0.854037 -0.857415 1.144051
v 0.597253 -0.198256 1.149614
v 0.607725 -0.011110 1.150333
v 0.620301 -0.569225 1.147697
v 0.577902 0.362954 1.151646
v 0.830237 0.839706 1.149568
v 0.815434 1.304400 1.147485
v 1.004924 1.328782 1.145556
v -2.097801 -1.479165 -3.984117
v -1.274513 -1.276524 -3.886907
v -0.460458 1.088068 -3.744474
v 0.740070 -1.193989 -2.419431
v 0.541944 1.069862 1.787074
v 0.567834 1.099240 2.850856
v 0.691309 1.242793 2.847535
v 0.567583 1.376907 5.355313
v 0.543896 1.077744 1.999799
v 0.663379 1.225329 1.996614
v -1.923059 -1.443592 -3.813954
v -1.763969 -1.394600 -3.831874
v 0.631221 -1.155479 -3.485641
v 0.755325 1.179319 -3.516841
v -0.933966 -1.196152 -3.926444
v -1.076471 -1.382169 -3.241541
v -1.571589 1.394358 -3.730974
v 0.492445 1.338796 -4.313978
v -0.990651 1.215989 -3.933312
v -2.088503 -1.490536 -3.794490
v 0.413615 -1.200350 4.723411
v 0.053668 -0.844660 1.993119
v 0.056233 -0.833597 1.780290
v -0.355272 -1.210538 1.760183
v -0.367078 -1.210888 1.971725
v -0.463027 0.870800 1.755159
v -0.232220 -0.181399 1.758664
v -0.233773 0.005377 1.759216
v -0.228999 0.378753 1.760149
v -0.258341 0.563003 1.759863
v -0.233580 -0.368252 1.758039
v -0.259767 -0.553287 1.756978
v -0.580334 -1.004496 1.748839
v -0.449016 -0.871305 1.752517
v -0.690045 1.162950 1.747627
v -0.691682 1.349547 1.749780
v 0.650795 -1.205900 1.773307
v -0.106771 -0.927794 1.773384
v 0.069304 0.827529 2.001177
v 0.070877 0.816380 1.788028
v 0.015970 1.304109 6.123833
v -0.544587 1.300555 2.387628
v -0.745398 1.339348 2.587658
v -0.717469 -1.151218 2.378316
v -0.734445 -1.337440 2.376947
v -0.748122 -1.336033 2.587598
v 0.804481 0.919113 5.939908
v 1.107602 -1.079440 -4.261714
v -0.385086 -1.220560 2.394462
v -0.398731 -1.222163 2.605755
v 0.836587 0.669127 -2.463089
v -0.486634 -0.860952 2.388574
v -0.359905 -0.723903 2.393456
v -0.409766 -0.883904 -1.634258
v -0.355902 -0.699593 -1.640365
v 0.842649 0.858400 2.211953
v 0.876931 0.839132 -1.181891
v 0.751721 0.696629 -1.187417
v 0.909981 0.835850 -1.818462
v 0.793879 0.685346 -1.824511
v -0.489165 -0.840339 0.054480
v -0.521569 -0.826492 -0.582843
v 0.862174 0.842916 -0.970160
v -0.335819 -0.714337 0.689801
v 0.691495 0.712724 1.150755
v -0.456199 -0.861872 -1.427793
v 0.864118 0.867360 2.850349
v 0.750047 0.718199 2.855258
v -0.721806 -0.674554 -2.154221
v -0.539685 -0.902816 4.092288
v -0.522144 -0.879469 3.452262
v 0.998054 -1.068595 3.453195
v 0.889770 -0.913999 3.462946
v -0.627205 0.993606 2.383893
v 0.918370 0.876429 3.917211
v -0.238756 0.189522 2.398992
v -0.238608 0.002735 2.398822
v -0.246631 0.002000 2.611964
v 0.682402 -0.202227 3.490065
v 0.677764 -0.014891 3.493509
v 0.637876 -0.014066 2.854516
v 0.732692 -0.573451 3.480194
v -0.293558 0.558535 2.610004
v -0.283825 0.559264 2.397519
v -0.248713 -0.370618 2.398041
v 0.688657 0.359331 3.498472
v 0.645343 0.360823 2.858295
v -0.489124 -0.867135 2.601204
v -0.732808 1.337498 2.378114
v 0.868586 0.872801 3.063582
v 0.828379 0.845462 1.361991
v 0.842059 1.356910 2.842945
v 1.031713 1.375404 2.837253
v 0.979659 0.802158 -3.314361
v 0.892349 0.630902 -3.318116
v -0.446398 -0.864924 0.902833
v 0.590315 1.116557 3.488239
v -0.781681 -1.216713 4.503811
v 0.990348 0.776992 -3.745078
v -1.186722 0.856859 -2.723370
v -1.863297 0.914058 -4.686167
v -0.088804 0.956381 -4.686774
v 0.116158 0.787020 -4.671116
v -1.369633 0.873530 -2.732292
v 1.005177 0.755009 -3.959476
v 0.964600 0.572521 -3.957468
v 0.099129 0.962061 -4.703883
v 0.423963 0.926489 6.092284
v -2.029578 0.916811 -4.643839
v -0.628679 1.366404 4.061610
v -0.776796 -1.190304 4.077242
v -0.841157 -1.378949 4.280939
v -0.778511 -1.203485 4.290429
v -0.479801 -1.300432 4.295821
v -0.473997 -1.282979 4.084992
v -0.662066 1.036985 4.074493
v -0.374149 -0.002400 4.100745
v -0.373157 -0.189269 4.102110
v -0.376512 0.371258 4.099633
v -0.392488 0.557282 4.097655
v -0.376692 -0.375996 4.103374
v -0.396018 -0.561602 4.102936
v -0.773773 1.186879 4.065126
v -0.821460 1.367881 4.053944
v 0.743396 -1.245825 4.084379
v 0.952566 1.395841 5.162794
v -0.144329 -1.104044 4.103103
v 0.249797 1.053275 4.118395
v 0.769040 -1.314369 5.109004
v -0.831044 -1.368429 4.068257
v 0.262026 -0.573145 6.113007
v 0.063722 -0.572929 6.114733
v 0.658056 -0.570499 6.031131
v -1.303113 -0.548775 -4.580258
v 0.642968 -0.580295 -0.758230
v 0.908360 -0.673492 -3.690861
v -1.845284 -0.551194 -4.642627
v -1.351224 -0.622118 -2.800876
v 0.184356 -0.502641 -4.686160
v -0.415380 -1.494779 5.694194
v 0.550097 1.442695 5.556542
v 0.557074 1.488768 5.769723
v 0.239581 0.363589 6.112037
v 0.042356 0.363215 6.113389
v 0.636068 0.363311 6.040377
v 0.674375 0.359692 3.284987
v 0.597469 0.353025 -0.766096
v 0.664903 0.333386 -1.828437
v 0.706788 0.517237 -1.828302
v -2.029247 0.370993 -4.625250
v -1.311849 0.011259 -4.564230
v 0.612855 -0.029013 -1.187793
v 0.610034 -0.216542 -1.186001
v 0.652899 -0.227685 -1.820061
v 0.606391 -0.025938 -0.975653
v 0.703775 -0.060663 -2.457772
v -0.210930 0.040602 -4.603961
v -1.668393 0.006613 -4.603351
v -1.552742 -0.053792 -2.886606
v 0.342971 0.071950 -4.708389
v 0.158625 0.059665 -4.668301
v 0.445806 -0.010616 6.084122
v -0.558090 -0.374973 4.942541
v -0.581786 -0.190821 4.934523
v -0.361364 -0.320750 -1.624796
v 0.606613 0.362753 2.218475
v 0.606913 0.175085 2.217061
v -0.215725 -0.355128 0.052433
v -0.203953 -0.167994 0.053707
v -0.233038 -0.340660 -0.586327
v -0.187250 -0.158115 -0.585580
v 0.580927 0.358338 -0.127365
v 0.598160 0.170930 -0.126640
v 0.607230 0.350319 -0.978800
v 0.604383 0.162032 -0.977301
v -0.233003 -0.176200 0.905801
v 0.595928 0.176190 1.364127
v -0.263349 -0.328966 -1.435652
v -0.258469 -0.140116 -1.433539
v 0.692393 0.172358 3.709789
v -0.258372 -0.371261 2.611326
v -0.248481 -0.184777 2.611819
v 0.660072 0.360184 3.071585
v 0.580832 0.363253 1.364972
v 0.702936 0.359192 3.712047
v -0.226109 -0.363143 0.905049
v -0.690137 1.072895 4.919058
v -0.796887 1.228031 4.907197
v -1.302642 -0.735621 -4.601730
v 0.668576 -0.583819 -1.179883
v 0.759534 -0.736665 -0.963379
v 0.800275 -0.744375 -1.592406
v -0.366332 0.726791 2.394200
v -0.344719 0.607100 -1.643247
v 0.620975 -0.575791 -0.124001
v 0.725158 -0.732008 -0.121626
v 0.654581 -0.582034 -0.969209
v -0.261304 0.571311 0.056567
v -0.299390 0.569854 -0.581474
v -0.403029 0.723025 -0.578668
v -0.325098 0.736399 0.908453
v 0.724289 -0.727320 1.357330
v 0.685097 -0.573164 2.844816
v 0.768621 -0.741520 2.838038
v 0.770734 -0.603933 -2.438729
v 0.822458 -0.630367 -3.066083
v 0.900759 -0.788908 -3.052398
v -0.314694 0.602174 -1.431877
v -0.390996 0.769667 -1.428473
v -0.644720 0.787077 -2.217745
v -0.760256 -1.164668 3.438652
v 0.816424 -0.748283 3.683418
v -0.758764 1.165189 3.432242
v 0.624009 -0.569316 1.359865
v 0.750460 -0.572508 3.691822
v -0.661708 -1.058207 4.298417
v 0.700451 -0.588141 -1.600481
v 1.169019 -1.229550 -3.015126
v -0.244658 0.568427 0.908503
v -0.555707 -1.253241 -2.044906
v -0.518958 -1.060547 -2.046068
v -1.485089 -0.549957 -4.596321
v -1.339306 -0.802878 -2.748092
v -0.000907 -0.514504 -4.650082
v 0.192024 -0.694048 -4.700923
v 0.040955 -0.978165 3.476583
v -0.297817 -1.131561 3.461065
v -0.443599 -1.249873 3.451292
v 0.572067 -1.102609 3.465511
v 0.721629 1.251154 3.485348
v 0.906490 -0.913322 3.673380
v 0.691665 -0.014881 3.706537
v -0.787419 1.350105 3.425415
v 1.024174 1.030076 3.910520
v 0.791388 1.263042 4.542918
v -0.301284 1.167074 4.087161
v -0.427977 1.242482 3.444883
v -0.280522 1.119871 3.458564
v 0.062484 0.960644 3.484329
v -0.608836 -1.338663 3.441775
v -0.796243 -1.347709 3.432504
v -0.591160 -1.224376 -1.634317
v -0.605558 -1.401351 -1.413330
v 1.057235 1.188114 2.840322
v 0.044918 -0.907548 2.842734
v 0.463458 -0.982146 -2.876711
v 1.083918 -1.046427 -2.406120
v 1.105062 -1.070922 -3.026888
v -0.543616 1.111269 -1.633923
v -0.482031 0.927719 -1.426310
v 0.758541 0.496178 -2.466212
v -0.259376 0.048003 -1.432236
v -0.381682 0.052960 -1.607743
v 0.706524 0.125237 -2.462154
v -0.349234 0.422545 -1.635202
v 0.880919 -0.892398 2.830379
v 0.896636 -0.877316 -1.166250
v 0.975016 -0.902252 -2.416673
v 1.005085 -0.929571 -3.039236
v -0.458441 0.953066 -1.637366
v 0.772441 -1.225797 -3.040303
v 0.783674 -1.286518 -3.659077
v 0.934911 1.373673 -2.876482
v -0.389625 -1.156682 -3.327623
v -0.232925 -1.060751 -3.334074
v -0.068876 -0.987301 -3.121086
v 0.430347 0.968471 2.854410
v -0.156563 0.993451 -2.901373
v 0.014694 0.911866 -2.905788
v 0.032014 0.925821 -3.117416
v 0.548635 1.007622 -2.895338
v -0.603457 -1.416918 -1.622473
v 1.042878 1.144368 1.147501
v 0.064541 -0.810180 1.141294
v -0.330454 -1.205250 1.125508
v 0.857548 -0.858530 1.354878
v 0.606515 -0.011105 1.363247
v 0.656492 -1.181905 1.141886
v -0.323799 1.190431 1.131905
v -0.087229 0.889746 1.141748
v 0.077412 0.793436 1.147597
v 0.545390 1.043464 1.149466
v 0.429636 0.892586 1.151197
v -0.478588 -1.321002 1.120202
v -0.662584 -1.360064 1.113535
v -0.444684 0.879015 0.908374
v -0.238870 0.010616 0.906532
v -0.417038 1.341671 0.070902
v -0.611522 1.385645 0.277410
v -0.646035 -1.178669 0.055891
v -0.631057 -1.366439 0.270376
v 1.042330 1.160129 -0.540959
v 0.083382 -0.808576 -0.350188
v -0.291593 -1.220022 0.068049
v -0.300021 -1.212985 0.279475
v -0.273163 -1.242244 -0.566689
v -0.576899 1.027496 0.062630
v -0.467853 0.872418 0.273202
v -0.204000 0.205859 0.055536
v -0.207760 0.019100 0.054395
v -0.178240 0.029391 -0.584687
v 0.609560 -0.016771 -0.126078
v -0.601021 -0.998290 -0.581159
v 0.859962 -0.862943 -0.118489
v -0.477893 0.871324 0.061279
v -0.602956 1.389105 0.066534
v -0.508818 0.873918 -0.575959
v -0.615302 1.222049 -0.571401
v -0.165059 1.057799 0.074625
v -0.257777 1.225547 -0.565271
v -0.069846 -0.917137 0.072177
v 0.075315 -0.799772 0.288823
v -0.053583 -0.939375 -0.565127
v 0.089630 0.782707 0.292372
v 0.093074 0.782871 0.078404
v 0.448964 0.872554 -0.342721
v -0.628081 -1.366359 0.059724
v -0.427549 -1.347615 -0.569178
v -0.613005 -1.372907 -0.571975
v 1.062316 1.168063 -1.174037
v 0.091583 -0.836327 -1.200990
v 1.017447 -1.019468 -1.159794
v 0.891208 -0.869352 -0.957033
v 0.926521 -0.880023 -1.583496
v 0.610187 -0.012513 2.215409
v 0.611010 -0.387625 2.211913
v 0.650850 -0.570799 2.208647
v 0.619281 0.347022 -1.191356
v 0.964189 1.001739 2.208278
v 1.022902 0.989930 -1.812666
v 0.678193 -1.172544 -1.169303
v 0.116434 0.801735 -1.205900
v 0.305861 0.794687 -1.203275
v 0.466718 0.893292 -1.197112
v 0.688913 1.195273 -1.185160
v -0.466671 1.219313 -2.895305
v -0.310266 1.107079 -2.898241
v -0.360882 -1.231557 -2.900711
v 0.100961 -0.911319 -2.904047
v 0.288186 -0.915388 -2.894536
v 0.201962 0.895361 -2.906374
v 0.549500 1.082976 2.212635
v 0.479794 -1.098648 -3.734701
v 0.418891 1.255567 4.949786
v -1.746439 1.475819 -3.135508
v -0.368561 -0.908519 -4.666156
v -0.381056 -1.210045 2.182992
v -0.269440 -1.261341 -1.202792
v -0.446955 -1.329637 0.275729
v -0.651302 -1.380867 4.287982
v -0.561661 -1.314962 2.596902
v -0.433237 -1.396521 -2.050696
v 0.136160 0.822818 -1.846926
v 0.106628 -0.927323 -3.119744
v 0.061187 -1.337723 5.142827
v 0.289468 0.769814 -0.346694
v 0.145606 0.832308 -2.059925
v 0.334139 0.843737 -2.056583
v -0.006736 -1.315956 -4.372181
v 1.077569 1.362182 -2.443364
v 1.012288 1.357587 2.201673
v 1.016962 1.356406 -1.172695
v 1.036992 1.357123 -1.807433
v 1.006198 1.339183 1.567631
v 0.986510 1.343790 -0.118029
v 0.993945 1.340214 -0.751018
v 0.998354 1.329442 0.934826
v 0.988628 1.331379 0.513643
v 1.043475 1.379630 3.262167
v 1.022750 1.369699 2.625353
v -2.495285 0.002485 -3.841918
v 1.009789 -1.026087 -3.864118
v 0.149867 0.243799 -4.663240
v -2.498241 -0.737817 -3.611776
v -0.610307 -1.377416 -0.782528
v -0.776373 1.343930 3.216136
v -0.782488 -1.346293 3.221135
v -0.678468 1.355061 1.540068
v -0.683812 -1.352330 1.534862
v -0.810934 1.358516 3.844308
v -0.642124 1.372322 0.909542
v -0.653082 -1.363273 0.902788
v -1.506642 0.557608 -4.634106
v -0.509678 -0.745940 4.740094
v -0.507080 0.738047 4.728753
v 1.005147 -0.949413 -3.245915
v -1.145175 -0.991267 -2.678072
v -1.317416 0.196613 -4.568971
v 0.970282 0.811785 -3.099510
v 0.787470 -0.455162 -3.076811
v -1.286522 -1.268164 -4.110502
v -1.488884 1.356879 -4.322911
v 0.626812 1.092894 -2.253664
v 0.588682 -1.030549 -1.807708
v -1.783261 -1.374665 -4.046367
v 0.438585 0.873318 0.297901
v 0.471975 0.902840 -1.410474
v -0.154533 -1.114508 -1.202958
v -0.041539 0.908317 -1.205391
v 0.092772 -0.845035 -1.413522
v 0.875475 1.309380 -3.517368
v -0.483721 1.313348 4.698360
v -0.511811 0.881152 -0.788962
v 0.261273 0.822016 1.791662
v 0.410115 -0.931254 2.205320
v 0.046792 -0.888516 2.630702
v 0.041987 -0.951806 3.265787
v 0.065856 0.872415 2.639127
v -0.932580 -0.914425 -4.655995
v 0.849727 -0.863202 0.301817
v -0.128224 1.231451 4.933205
v 0.588152 1.309325 5.158451
v 0.550909 -1.086265 2.833574
v -0.294390 1.415153 5.547052
v 0.720769 -0.428353 -2.447186
v 0.914786 -1.446607 5.423256
v -0.320415 0.587227 -1.219187
v -0.180377 0.033733 -0.798108
v 0.776533 0.486827 -2.679143
v -0.192799 0.022041 -0.158339
v -0.272774 -0.534045 0.051091
v -0.765683 0.022466 -4.565294
v 0.611602 -0.013735 0.299164
v -0.975478 0.571818 -4.594842
v -0.244141 -0.331830 -1.223693
v 0.723257 0.511294 -2.040855
v -0.141871 -1.165824 4.522583
v 0.235843 -1.337373 5.140547
v -0.114431 -1.328300 5.141669
v 0.430623 -0.866040 -0.127279
v -0.212317 -1.058773 1.130057
v 0.676630 1.135983 -2.888514
v 0.067327 -0.805276 0.928191
v -0.646425 1.016059 3.439976
v 0.866129 -0.868104 1.987592
v 0.863738 -0.894891 2.620069
v -0.537965 0.897182 4.083256
v 0.971886 -0.901893 4.302336
v -0.286364 -0.000015 3.250935
v 0.606536 -0.012026 2.002310
v -0.312832 -0.374055 3.464337
v -0.339499 -0.558770 3.462971
v -0.235125 0.006475 1.546048
v 0.584970 0.363386 1.578330
v 0.636657 0.548088 2.218408
v 0.765718 -0.013680 4.342490
v -0.342759 -0.001818 3.889250
v -0.270033 -0.371906 2.824566
v 0.648060 -0.389125 2.849260
v 0.768735 -0.571230 3.903411
v 0.719112 0.359173 3.925595
v 0.861885 -0.867237 -0.328540
v -0.225765 0.399309 -0.582997
v 0.683771 -0.585827 -1.390337
v 0.584498 -0.391648 -0.124995
v -0.316895 -0.509422 -0.586168
v -0.227865 -0.364632 1.118244
v 0.601988 0.545533 -0.127602
vn -0.2594 -0.1809 0.9487
vn -0.4180 -0.1575 0.8947
vn -0.2644 -0.7965 0.5438
vn -0.4113 -0.0535 0.9099
vn 0.0757 -0.8639 0.4979
vn -0.0813 -0.1997 0.9765
vn -0.0419 -0.8369 0.5457
vn -0.0835 0.0034 0.9965
vn 0.1229 0.0024 0.9924
vn 0.1403 -0.2138 0.9667
vn 0.3101 -0.2227 0.9242
vn -0.2140 -0.0078 0.9768
vn -0.3599 -0.0311 0.9325
vn -0.3816 -0.0409 0.9234
vn -0.1786 -0.0102 0.9839
vn -0.3425 -0.0136 0.9394
vn -0.3424 -0.0215 0.9393
vn -0.0711 0.0105 0.9974
vn -0.0771 0.0067 0.9970
vn 0.0923 0.0129 0.9956
vn -0.0520 0.0007 0.9986
vn -0.0573 0.0024 0.9984
vn 0.0703 0.0053 0.9975
vn 0.1049 0.0088 0.9944
vn 0.2274 -0.0031 0.9738
vn 0.0729 0.0068 0.9973
vn 0.1728 0.0013 0.9850
vn 0.4635 -0.2034 0.8624
vn 0.4502 -0.0568 0.8911
vn 0.2885 -0.0223 0.9572
vn -0.1728 0.0025 0.9850
vn -0.3518 0.0093 0.9360
vn -0.3458 -0.0005 0.9383
vn -0.2090 0.0037 0.9779
vn -0.3833 0.0311 0.9231
vn -0.3692 0.0168 0.9292
vn -0.0570 -0.0054 0.9984
vn -0.0513 0.0007 0.9987
vn 0.0664 -0.0075 0.9978
vn -0.0916 -0.0106 0.9957
vn -0.0762 -0.0132 0.9970
vn 0.0713 -0.0141 0.9974
vn 0.0681 0.0001 0.9977
vn 0.1701 -0.0015 0.9854
vn 0.0692 -0.0167 0.9975
vn 0.2103 -0.0001 0.9776
vn -0.2959 0.0192 0.9550
vn -0.4447 0.0527 0.8941
vn -0.4092 0.0447 0.9113
vn -0.3054 0.1340 0.9428
vn -0.4601 0.1094 0.8811
vn -0.1255 -0.0046 0.9921
vn -0.1068 -0.0089 0.9942
vn 0.0756 -0.0084 0.9971
vn 0.0728 -0.0115 0.9973
vn 0.2464 0.0087 0.9691
vn -0.8507 -0.0587 0.5224
vn -0.7409 -0.6143 0.2715
vn -0.7312 -0.5065 0.4570
vn -0.9738 0.0013 0.2276
vn -0.9658 -0.1060 0.2367
vn -0.9308 -0.0779 0.3572
vn -0.1023 -0.9938 0.0442
vn -0.1643 -0.9833 0.0778
vn -0.7022 -0.6873 0.1859
vn -0.6939 -0.7152 0.0835
vn -0.0591 -0.9982 0.0128
vn -0.5468 -0.6244 0.5578
vn -0.3045 -0.7529 0.5834
vn -0.7109 -0.0792 0.6988
vn 0.1302 -0.9906 -0.0429
vn -0.1422 -0.8152 0.5614
vn -0.5001 -0.1226 0.8572
vn -0.2801 -0.1517 0.9479
vn -0.5116 -0.0377 0.8584
vn 0.0254 -0.9982 0.0546
vn 0.0629 -0.9979 0.0152
vn 0.1006 -0.9949 0.0011
vn -0.0875 -0.9883 0.1251
vn -0.0106 -0.8509 0.5252
vn -0.2546 0.0354 0.9664
vn -0.0858 -0.1696 0.9818
vn 0.0859 -0.9962 -0.0128
vn 0.1971 -0.9754 -0.0988
vn 0.1411 -0.9890 -0.0454
vn 0.0658 -0.9974 -0.0283
vn 0.0303 0.1969 0.9799
vn -0.0465 0.1360 0.9896
vn 0.1070 -0.9939 -0.0260
vn 0.1532 -0.9850 -0.0796
vn 0.1054 -0.9927 -0.0584
vn 0.1475 -0.9825 -0.1138
vn 0.0691 -0.4778 0.8757
vn 0.0538 -0.2481 0.9672
vn 0.0909 -0.9045 0.4166
vn -0.8846 -0.0465 0.4641
vn -0.9402 -0.0227 0.3400
vn -0.8704 -0.0507 0.4898
vn -0.9137 -0.0363 0.4049
vn -0.9589 -0.0067 0.2838
vn -0.8997 -0.0399 0.4348
vn -0.9251 -0.0242 0.3788
vn -0.9669 -0.0062 0.2552
vn -0.9809 0.0072 0.1943
vn -0.9497 -0.0152 0.3128
vn -0.9851 0.0121 0.1716
vn -0.9833 0.0161 0.1814
vn -0.9861 0.0082 0.1657
vn -0.4135 0.0225 0.9102
vn -0.7323 -0.0577 0.6785
vn -0.4756 -0.0085 0.8796
vn -0.1385 0.0613 0.9885
vn -0.7047 -0.0283 0.7090
vn -0.2290 0.0752 0.9705
vn -0.1585 0.1043 0.9818
vn 0.1607 0.1928 0.9680
vn 0.0529 0.2258 0.9727
vn -0.0423 0.1460 0.9884
vn 0.1460 0.2488 0.9575
vn 0.2108 0.2421 0.9471
vn 0.2329 0.2320 0.9444
vn 0.0670 0.1661 0.9838
vn 0.2236 0.1266 0.9664
vn 0.2268 0.1493 0.9624
vn 0.2436 0.0172 0.9697
vn 0.0845 0.1904 0.9781
vn -0.9802 -0.0116 -0.1979
vn -0.9830 -0.0642 -0.1718
vn -0.9939 -0.0997 -0.0471
vn -0.7475 -0.6157 -0.2492
vn -0.7278 -0.6782 -0.1020
vn -0.0115 -0.9998 -0.0191
vn -0.0268 -0.9995 -0.0179
vn -0.6656 -0.5956 -0.4497
vn -0.9326 -0.0304 -0.3596
vn -0.6599 -0.0687 -0.7482
vn -0.4446 -0.6902 -0.5709
vn -0.8203 -0.0295 -0.5712
vn 0.0759 -0.9966 -0.0307
vn 0.1731 -0.9826 0.0672
vn 0.2344 -0.9710 0.0474
vn -0.2585 -0.7823 -0.5667
vn -0.4616 -0.0893 -0.8826
vn -0.4052 0.0126 -0.9142
vn 0.2972 -0.9539 -0.0419
vn 0.2966 -0.9507 0.0906
vn 0.2333 -0.9603 0.1528
vn -0.1313 -0.8246 -0.5503
vn -0.2269 -0.0357 -0.9733
vn -0.1205 0.1137 -0.9862
vn -0.0413 -0.8328 -0.5520
vn 0.0557 -0.9651 0.2560
vn -0.0155 0.1988 -0.9799
vn -0.9989 0.0044 -0.0466
vn -0.9825 -0.0043 -0.1862
vn -0.9811 -0.0084 -0.1932
vn -0.9992 0.0112 -0.0379
vn -0.9991 0.0081 -0.0424
vn -0.9994 0.0086 -0.0338
vn -0.9855 -0.0016 -0.1696
vn -0.9841 -0.0015 -0.1776
vn -0.9864 -0.0035 -0.1645
vn -0.9274 -0.0248 -0.3731
vn -0.9348 -0.0188 -0.3546
vn -0.9400 -0.0106 -0.3410
vn -0.9382 -0.0151 -0.3458
vn -0.8191 -0.0288 -0.5729
vn -0.6406 -0.0230 -0.7675
vn -0.8226 -0.0364 -0.5675
vn -0.8051 -0.0194 -0.5929
vn -0.5736 0.0032 -0.8191
vn -0.8122 -0.0230 -0.5830
vn -0.8013 -0.0152 -0.5981
vn -0.5454 -0.0043 -0.8381
vn -0.2629 0.0252 -0.9645
vn -0.3173 0.0343 -0.9477
vn -0.6089 -0.0053 -0.7933
vn -0.2540 0.0149 -0.9671
vn -0.2561 0.0174 -0.9665
vn -0.2375 0.0137 -0.9713
vn -0.5272 -0.0069 -0.8497
vn 0.0250 0.0319 -0.9992
vn -0.0189 0.1152 -0.9932
vn -0.0083 0.0373 -0.9993
vn -0.0183 0.0200 -0.9996
vn -0.9431 -0.0238 0.3317
vn -0.9849 0.1424 0.0982
vn -0.7240 -0.6885 0.0426
vn -0.9738 0.1284 0.1877
vn -0.7743 -0.1360 0.6180
vn -0.6706 -0.7037 0.2348
vn -0.5855 -0.6725 0.4527
vn 0.1166 -0.9834 -0.1388
vn -0.8165 -0.5771 -0.0174
vn 0.1778 -0.9812 -0.0747
vn 0.1573 -0.9817 -0.1076
vn -0.0784 -0.9967 -0.0193
vn 0.0350 -0.9933 -0.1101
vn -0.9713 -0.0556 -0.2313
vn -0.9715 0.1719 -0.1634
vn -0.9761 0.0845 -0.2003
vn -0.9195 0.3725 -0.1256
vn -0.9399 0.2829 -0.1910
vn -0.9549 -0.1346 -0.2647
vn -0.9599 -0.1172 -0.2548
vn -0.9661 -0.1078 -0.2345
vn -0.9653 -0.0823 -0.2478
vn -0.9804 -0.0862 -0.1771
vn -0.8108 -0.0519 0.5830
vn -0.9901 0.1396 0.0152
vn -0.8841 0.0068 0.4672
vn -0.8535 -0.0058 0.5211
vn -0.9982 0.0256 -0.0551
vn -0.9995 -0.0291 -0.0148
vn -0.9033 0.0161 0.4287
vn -0.8968 0.0117 0.4423
vn -0.9116 0.0178 0.4107
vn -0.9989 -0.0130 0.0455
vn -0.9964 0.0104 0.0837
vn -0.9949 -0.0113 0.1005
vn -0.9054 0.4246 -0.0053
vn -0.8735 0.4863 -0.0232
vn -0.8311 -0.5519 -0.0682
vn -0.8219 0.5679 -0.0441
vn -0.8993 0.4373 0.0068
vn -0.9102 0.4137 -0.0203
vn -0.7716 -0.6336 -0.0562
vn -0.7648 0.6443 0.0029
vn 0.1931 -0.9793 -0.0603
vn 0.4090 -0.9094 -0.0763
vn 0.5237 -0.8507 -0.0452
vn 0.2650 -0.9641 -0.0169
vn 0.5436 -0.8393 -0.0067
vn -0.8719 0.4870 -0.0503
vn -0.9360 0.3430 -0.0791
vn -0.8479 0.5296 -0.0244
vn -0.9834 0.0926 -0.1563
vn -0.9498 0.2960 -0.1015
vn -0.9775 -0.0366 -0.2077
vn -0.9855 0.0156 -0.1690
vn -0.9808 0.1484 -0.1267
vn -0.9784 -0.0301 -0.2046
vn -0.9726 0.2157 -0.0867
vn -0.8992 0.4351 -0.0464
vn -0.9190 0.3896 -0.0601
vn -0.7884 0.6151 0.0049
vn -0.8807 0.4717 -0.0435
vn -0.7648 0.6442 -0.0084
vn -0.9914 0.0770 -0.1061
vn -0.9923 0.0870 -0.0885
vn -0.9685 0.2378 -0.0745
vn -0.9954 0.0253 -0.0921
vn -0.7633 0.6448 -0.0402
vn -0.9194 0.3903 -0.0494
vn -0.7649 0.6436 -0.0279
vn -0.9206 0.3891 -0.0339
vn -0.7275 -0.6843 -0.0495
vn -0.7637 0.6455 0.0136
vn -0.9368 0.3489 -0.0269
vn -0.9253 0.3789 -0.0129
vn 0.5692 -0.8222 -0.0007
vn 0.3044 -0.9524 -0.0181
vn 0.5879 -0.8088 -0.0158
vn -0.9631 0.2631 -0.0572
vn -0.8668 0.4965 -0.0467
vn -0.8696 0.4915 -0.0470
vn -0.7499 0.6603 -0.0406
vn -0.8673 0.4960 -0.0412
vn -0.7523 0.6578 -0.0364
vn -0.9927 0.1005 -0.0671
vn -0.9922 0.1081 -0.0617
vn -0.9608 0.2723 -0.0514
vn -0.9973 0.0315 -0.0661
vn -0.9553 0.2926 -0.0427
vn -0.8475 0.5306 -0.0173
vn -0.8623 0.5058 -0.0259
vn -0.9432 0.3253 -0.0682
vn -0.9422 0.3297 -0.0589
vn -0.6817 -0.7308 -0.0344
vn -0.7710 0.6325 -0.0742
vn -0.7913 0.6108 -0.0284
vn -0.9527 0.3006 -0.0440
vn -0.9467 0.3186 -0.0470
vn -0.9577 0.2850 -0.0384
vn -0.6527 -0.7574 -0.0179
vn 0.6818 -0.7313 0.0177
vn 0.4111 -0.9113 0.0242
vn 0.6949 -0.7187 0.0246
vn -0.7291 0.6810 -0.0682
vn -0.8565 0.5148 -0.0373
vn -0.7420 0.6690 -0.0435
vn -0.9566 0.2892 -0.0368
vn -0.8449 0.5326 -0.0507
vn -0.9945 0.1007 -0.0277
vn -0.9960 0.0880 -0.0179
vn -0.9607 0.2760 -0.0289
vn -0.9999 0.0082 -0.0082
vn -0.9661 0.2580 -0.0124
vn -0.8595 0.5110 -0.0129
vn -0.8594 0.5109 -0.0193
vn -0.7493 0.6621 -0.0165
vn -0.8614 0.5078 -0.0037
vn -0.7579 0.6523 -0.0108
vn -0.9980 0.0621 -0.0075
vn -0.9986 0.0532 -0.0060
vn -0.9661 0.2581 -0.0059
vn -0.9998 -0.0198 0.0010
vn -0.8340 0.5516 0.0100
vn -0.9716 0.2355 -0.0220
vn -0.9639 0.2647 -0.0289
vn -0.9796 0.2006 -0.0136
vn -0.6169 -0.7870 -0.0058
vn -0.8899 0.4546 0.0376
vn -0.9915 0.1299 0.0069
vn -0.9864 0.1645 -0.0001
vn 0.7072 -0.7065 0.0270
vn 0.4346 -0.9003 0.0246
vn 0.7173 -0.6964 0.0220
vn -0.9597 0.2810 0.0081
vn -0.8510 0.5244 0.0273
vn -0.8594 0.5111 0.0131
vn -0.7878 0.6138 0.0517
vn -0.8217 0.5665 0.0628
vn -0.7972 0.6007 0.0600
vn -0.9404 0.3392 0.0257
vn -0.8303 0.5550 0.0512
vn -0.9958 0.0905 -0.0095
vn -0.9912 0.1322 -0.0058
vn -0.9249 0.3783 0.0379
vn -0.9991 -0.0089 -0.0406
vn -0.9974 0.0715 -0.0066
vn -0.9987 0.0488 -0.0133
vn -0.6057 -0.7957 0.0036
vn -0.9242 0.3813 0.0228
vn -0.9570 0.2894 -0.0190
vn -0.9993 0.0331 -0.0181
vn -0.9993 0.0350 -0.0161
vn -0.9987 0.0459 -0.0204
vn -0.6226 -0.7823 0.0174
vn 0.6954 -0.7175 0.0412
vn 0.3748 -0.9264 0.0362
vn 0.6914 -0.7208 0.0488
vn 0.6830 -0.7298 0.0300
vn 0.3529 -0.9352 0.0295
vn 0.6835 -0.7296 0.0225
vn -0.8900 0.4510 0.0667
vn -0.8162 0.5723 0.0794
vn -0.8161 0.5734 0.0717
vn -0.8299 0.5548 0.0587
vn -0.8242 0.5611 0.0765
vn -0.8537 0.5185 0.0477
vn -0.9696 0.2436 0.0219
vn -0.9539 0.2976 0.0383
vn -0.8750 0.4784 0.0745
vn -0.9941 0.1081 -0.0057
vn -0.8679 0.4946 0.0451
vn -0.8592 0.5108 0.0282
vn -0.8400 0.5392 0.0607
vn -0.8940 0.4480 -0.0011
vn -0.8711 0.4884 -0.0512
vn -0.8997 0.4328 -0.0577
vn -0.9286 0.3688 0.0401
vn -0.9376 0.3476 0.0088
vn -0.8769 0.4797 -0.0306
vn -0.9895 0.1345 0.0533
vn -0.8978 0.4003 -0.1837
vn -0.9839 0.1491 -0.0985
vn -0.9958 0.0806 -0.0434
vn -0.6632 -0.1604 0.7311
vn -0.6053 -0.1912 0.7727
vn -0.9072 -0.1324 0.3994
vn 0.7019 -0.7122 0.0133
vn 0.3777 -0.9248 0.0447
vn 0.7191 -0.6950 -0.0006
vn -0.9678 0.2436 0.0638
vn -0.9201 0.3734 -0.1184
vn -0.8733 0.4613 -0.1568
vn -0.7320 -0.2409 0.6373
vn -0.7514 -0.2640 0.6047
vn -0.8390 -0.1098 0.5329
vn -0.7061 -0.1822 0.6842
vn -0.7373 -0.1879 0.6489
vn -0.7492 -0.0566 0.6599
vn -0.7666 -0.3258 0.5533
vn -0.7389 -0.2709 0.6170
vn -0.8454 -0.3321 0.4183
vn -0.7427 -0.3410 0.5763
vn -0.7470 -0.3821 0.5441
vn -0.8277 -0.3304 0.4536
vn -0.7754 -0.0950 0.6243
vn -0.7982 -0.2886 0.5287
vn 0.1471 -0.9782 -0.1465
vn 0.1093 -0.9898 -0.0918
vn 0.1751 -0.9634 -0.2027
vn 0.0677 -0.5566 0.8280
vn 0.0059 0.1183 0.9930
vn 0.0227 0.1848 0.9825
vn 0.0898 -0.9930 -0.0769
vn 0.0815 -0.9648 0.2499
vn 0.1595 -0.9707 -0.1798
vn 0.1875 -0.9569 -0.2219
vn -0.1016 -0.0383 0.9941
vn 0.0840 -0.9775 0.1934
vn 0.1106 -0.9877 -0.1107
vn -0.1776 -0.9487 0.2616
vn -0.4967 -0.8548 0.1504
vn 0.1782 -0.9609 -0.2121
vn 0.2229 -0.9468 -0.2319
vn 0.2140 -0.9469 -0.2399
vn 0.1480 -0.9775 -0.1500
vn 0.2423 -0.9528 -0.1829
vn 0.1831 -0.9759 -0.1187
vn 0.2747 -0.9271 -0.2550
vn 0.2571 -0.9455 -0.2000
vn 0.3752 -0.9167 -0.1378
vn 0.4048 -0.9075 -0.1123
vn 0.5795 -0.8062 -0.1191
vn -0.6386 -0.2438 0.7299
vn -0.7667 -0.2271 0.6006
vn -0.5518 -0.0687 0.8312
vn -0.6531 -0.3709 0.6603
vn 0.2050 -0.9786 0.0194
vn 0.1748 -0.9815 0.0780
vn 0.1925 -0.9695 -0.1517
vn 0.0902 -0.9366 0.3387
vn 0.0088 -0.9581 0.2863
vn -0.0406 -0.8194 -0.5718
vn -0.0702 0.0379 -0.9968
vn -0.0379 0.0720 -0.9967
vn -0.0236 0.2365 -0.9713
vn 0.0813 -0.9021 0.4237
vn -0.0236 -0.8070 -0.5901
vn 0.0165 -0.9523 0.3046
vn -0.0334 0.0826 -0.9960
vn -0.0346 0.2415 -0.9698
vn 0.0188 -0.9475 0.3193
vn -0.0179 -0.8032 -0.5955
vn 0.1348 -0.9411 0.3102
vn 0.0710 -0.8698 0.4884
vn 0.0618 -0.8411 0.5373
vn -0.0130 -0.8047 -0.5935
vn 0.0196 -0.9431 0.3320
vn -0.0289 0.0803 -0.9964
vn -0.0354 0.2385 -0.9705
vn -0.0344 0.2335 -0.9717
vn 0.0461 -0.8195 0.5712
vn -0.0103 -0.8074 -0.5900
vn 0.0165 -0.9396 0.3420
vn -0.0229 0.2260 -0.9739
vn 0.1098 -0.9139 0.3907
vn 0.0318 -0.8075 0.5890
vn 0.0760 -0.8845 0.4602
vn 0.0127 -0.9363 0.3511
vn -0.0070 -0.8098 -0.5867
vn -0.0202 0.0788 -0.9967
vn -0.0046 0.0851 -0.9964
vn 0.0004 0.2202 -0.9754
vn 0.0843 0.0506 -0.9952
vn 0.0408 0.1023 -0.9939
vn -0.0045 0.2118 -0.9773
vn 0.1148 0.0128 -0.9933
vn 0.1261 0.0550 -0.9905
vn 0.1325 0.0104 -0.9911
vn 0.0851 0.0382 -0.9956
vn -0.0366 0.0738 -0.9966
vn 0.0225 0.0293 -0.9993
vn -0.0258 0.0316 -0.9992
vn -0.0466 0.0355 -0.9983
vn -0.0382 0.1672 -0.9852
vn -0.0244 0.1565 -0.9874
vn -0.0090 0.1956 -0.9806
vn -0.0472 0.0785 -0.9958
vn -0.0573 0.0344 -0.9978
vn -0.0512 0.0718 -0.9961
vn -0.6035 -0.1547 0.7822
vn -0.4443 -0.7403 0.5044
vn -0.5832 -0.0883 0.8075
vn 0.0003 -0.9958 -0.0920
vn 0.0263 -0.9685 -0.2476
vn 0.2010 -0.9533 -0.2253
vn 0.0430 -0.9581 -0.2832
vn 0.3633 -0.9242 -0.1183
vn 0.2237 -0.9556 -0.1919
vn 0.1181 -0.9617 -0.2475
vn -0.0135 -0.9585 -0.2848
vn -0.0008 -0.9645 -0.2641
vn 0.0156 -0.9797 -0.2000
vn 0.1878 -0.8547 0.4839
vn -0.0088 -0.9952 -0.0977
vn -0.0055 -0.9946 -0.1033
vn -0.5763 -0.0315 0.8166
vn -0.5700 -0.0607 0.8194
vn -0.6246 -0.0077 0.7809
vn -0.5978 -0.0130 0.8015
vn -0.6472 -0.0042 0.7623
vn -0.9166 0.0001 0.3998
vn 0.3213 -0.9368 -0.1387
vn 0.0279 -0.9645 -0.2624
vn 0.1051 -0.9704 -0.2173
vn 0.5048 -0.8599 -0.0754
vn 0.3634 -0.9270 -0.0929
vn 0.3268 -0.9381 -0.1144
vn 0.1532 -0.9795 -0.1307
vn -0.0257 -0.9567 -0.2901
vn 0.0181 -0.9615 -0.2741
vn 0.0219 -0.9558 -0.2931
vn 0.0713 -0.9795 -0.1881
vn 0.0031 -0.9795 -0.2015
vn 0.0111 -0.9709 -0.2393
vn 0.1326 -0.9807 -0.1440
vn -0.0396 -0.9906 -0.1309
vn -0.0200 -0.9888 -0.1480
vn -0.2462 -0.9633 -0.1066
vn -0.3093 -0.9470 -0.0869
vn 0.6144 -0.7887 -0.0225
vn 0.4588 -0.8861 -0.0661
vn 0.4132 -0.9078 -0.0724
vn 0.4875 -0.8708 -0.0635
vn 0.6830 -0.7304 0.0119
vn 0.5486 -0.8355 -0.0328
vn 0.5143 -0.8563 -0.0466
vn 0.5746 -0.8177 -0.0336
vn 0.2044 -0.9745 -0.0924
vn 0.2412 -0.9685 -0.0618
vn -0.4188 -0.9061 -0.0595
vn -0.1191 -0.9888 -0.0904
vn -0.4646 -0.8842 -0.0496
vn -0.5406 -0.8404 -0.0398
vn -0.1864 -0.9803 -0.0656
vn -0.5684 -0.8218 -0.0391
vn -0.7476 -0.6641 -0.0115
vn 0.7663 -0.6422 0.0161
vn 0.7318 -0.6812 0.0206
vn 0.6111 -0.7914 -0.0130
vn 0.5910 -0.8063 -0.0257
vn 0.7586 -0.6516 0.0059
vn 0.6537 -0.7568 -0.0022
vn 0.6431 -0.7657 -0.0096
vn 0.3050 -0.9520 -0.0265
vn -0.6252 -0.7794 -0.0411
vn -0.2109 -0.9766 -0.0421
vn -0.6287 -0.7766 -0.0394
vn -0.7795 -0.6255 -0.0322
vn 0.7908 -0.6119 0.0142
vn 0.7853 -0.6188 0.0190
vn 0.6783 -0.7348 0.0054
vn 0.6670 -0.7451 0.0047
vn 0.6845 -0.7290 0.0067
vn 0.8003 -0.5977 0.0484
vn 0.7052 -0.7083 0.0326
vn 0.6916 -0.7220 0.0184
vn 0.3441 -0.9389 -0.0080
vn -0.6403 -0.7678 -0.0216
vn -0.2001 -0.9796 -0.0194
vn -0.6538 -0.7566 -0.0099
vn -0.6740 -0.7386 -0.0111
vn -0.1860 -0.9825 -0.0028
vn -0.6745 -0.7381 -0.0140
vn -0.8037 -0.5950 0.0105
vn -0.8315 -0.5553 -0.0138
vn 0.8043 -0.5923 0.0485
vn 0.8070 -0.5903 0.0195
vn 0.8039 -0.5933 0.0424
vn 0.7421 -0.6691 0.0405
vn 0.7318 -0.6804 0.0380
vn 0.8086 -0.5877 0.0281
vn 0.7531 -0.6574 0.0258
vn 0.7548 -0.6553 0.0306
vn 0.4521 -0.8913 0.0340
vn -0.6309 -0.7759 -0.0007
vn -0.1203 -0.9923 0.0281
vn -0.6171 -0.7869 0.0053
vn 0.7939 -0.6080 -0.0076
vn 0.8013 -0.5983 0.0017
vn 0.7370 -0.6757 0.0163
vn 0.7474 -0.6641 0.0209
vn 0.7224 -0.6913 0.0133
vn 0.7610 -0.6486 -0.0114
vn 0.6904 -0.7233 0.0164
vn 0.7060 -0.7081 0.0133
vn 0.4323 -0.9009 0.0383
vn 0.4005 -0.9153 0.0422
vn -0.1229 -0.9904 0.0636
vn -0.1094 -0.9924 0.0567
vn -0.5847 -0.8111 0.0167
vn -0.1001 -0.9939 0.0456
vn -0.5664 -0.8238 0.0235
vn -0.5297 -0.8473 0.0394
vn -0.5104 -0.8586 0.0480
vn -0.7575 -0.6527 -0.0081
vn 0.2747 -0.9537 -0.1226
vn 0.2446 -0.9696 0.0013
vn 0.3751 -0.9129 -0.1613
vn 0.5007 -0.8476 -0.1755
vn 0.5546 -0.8230 -0.1230
vn 0.6161 -0.7810 -0.1024
vn 0.6525 -0.7578 0.0045
vn 0.6618 -0.7465 -0.0688
vn 0.6135 -0.7895 -0.0161
vn 0.2952 -0.9544 0.0457
vn 0.3476 -0.9365 0.0455
vn -0.1677 -0.9824 0.0827
vn -0.1426 -0.9871 0.0723
vn -0.2192 -0.9688 0.1157
vn 0.0212 -0.9929 0.1167
vn -0.2264 -0.9637 0.1419
vn -0.0470 -0.9831 0.1768
vn -0.0612 -0.9689 0.2399
vn -0.1703 -0.9638 0.2052
vn -0.4313 -0.8946 0.1168
vn 0.0032 -0.8143 -0.5804
vn 0.0118 -0.9306 0.3659
vn 0.0176 0.0960 -0.9952
vn 0.0161 0.2098 -0.9776
vn 0.1126 -0.9604 0.2550
vn 0.0427 -0.9445 0.3259
vn -0.0321 0.1886 -0.9815
vn 0.0272 -0.8051 0.5925
vn 0.0280 -0.9199 0.3913
vn 0.0424 -0.8093 0.5859
vn 0.0420 -0.8745 0.4832
vn -0.0003 -0.9405 0.3399
vn -0.0154 0.0954 -0.9953
vn -0.1383 0.1699 -0.9757
vn -0.1086 0.0631 -0.9921
vn -0.1123 0.0081 -0.9936
vn -0.1668 0.1464 -0.9751
vn 0.1326 -0.8706 0.4737
vn 0.0753 -0.9008 0.4277
vn 0.0298 -0.8981 -0.4388
vn -0.0251 -0.9508 0.3089
vn -0.0253 -0.9402 0.3398
vn -0.1129 -0.9608 0.2534
vn 0.0999 -0.8805 0.4634
vn -0.1687 -0.9213 0.3503
vn -0.0127 -0.0240 -0.9996
vn 0.1623 -0.0129 -0.9866
vn 0.1600 -0.8541 -0.4948
vn 0.1198 0.0284 -0.9924
vn -0.0678 0.0601 -0.9959
vn -0.0758 0.0290 -0.9967
vn -0.0807 0.1111 -0.9905
vn -0.1551 0.0935 -0.9835
vn -0.1467 0.1287 -0.9808
vn -0.1107 0.0467 -0.9928
vn -0.1734 0.0178 -0.9847
vn -0.1699 0.0346 -0.9849
vn -0.2083 0.0159 -0.9779
vn -0.1703 0.0677 -0.9831
vn -0.0103 0.0399 -0.9992
vn 0.0478 0.0423 -0.9980
vn -0.1927 0.0276 -0.9809
vn -0.0937 0.0145 -0.9955
vn -0.0759 0.0203 -0.9969
vn 0.0003 -0.9948 -0.1021
vn -0.0235 -0.9673 -0.2526
vn 0.0044 -0.9948 -0.1013
vn 0.2865 -0.8228 0.4908
vn 0.4529 -0.7620 0.4629
vn 0.6444 -0.1654 0.7466
vn -0.0797 -0.9583 -0.2745
vn -0.1033 -0.9461 -0.3070
vn -0.1967 -0.9588 -0.2049
vn 0.6290 -0.7208 0.2912
vn 0.8304 -0.1444 0.5381
vn 0.6296 -0.0878 0.7720
vn 0.9436 -0.0958 0.3169
vn 0.9639 0.0672 0.2577
vn 0.8260 -0.0647 0.5599
vn 0.6318 -0.7642 0.1298
vn 0.5934 -0.8047 0.0175
vn 0.9908 0.0010 0.1354
vn 0.9695 0.2402 0.0485
vn 0.5223 -0.8519 -0.0381
vn -0.3065 -0.9446 -0.1174
vn 0.5171 -0.8554 -0.0303
vn 0.4075 -0.0401 0.9123
vn 0.5935 -0.0752 0.8014
vn 0.3706 -0.0298 0.9283
vn 0.3139 -0.0057 0.9494
vn 0.3256 -0.0124 0.9454
vn 0.5930 0.0038 0.8052
vn 0.5677 -0.0474 0.8219
vn 0.8860 0.0190 0.4632
vn 0.5800 0.0002 0.8146
vn 0.5656 -0.0134 0.8245
vn 0.8938 0.0096 0.4484
vn 0.8861 0.0200 0.4631
vn 0.9765 0.1759 0.1244
vn 0.8513 -0.0181 0.5243
vn 0.9876 0.1564 -0.0146
vn 0.9988 -0.0035 -0.0484
vn 0.9016 0.0119 0.4325
vn 0.9985 -0.0502 0.0198
vn 0.9958 -0.0070 0.0913
vn 0.9921 0.0013 0.1251
vn 0.8837 0.0068 0.4680
vn 0.9301 0.3603 -0.0716
vn 0.9518 0.2589 -0.1645
vn 0.9793 -0.0204 -0.2015
vn 0.9752 -0.1236 -0.1837
vn 0.9881 -0.0665 -0.1387
vn 0.9943 -0.0098 -0.1065
vn 0.8708 0.4877 -0.0620
vn 0.9248 0.3667 -0.1014
vn 0.9388 0.3174 -0.1339
vn -0.2984 -0.9445 -0.1372
vn -0.1613 -0.9700 -0.1819
vn -0.4146 -0.9070 -0.0733
vn -0.3747 -0.9239 -0.0772
vn -0.5663 -0.8240 0.0154
vn -0.5022 -0.8645 -0.0207
vn -0.5334 -0.8453 -0.0306
vn -0.6665 -0.7451 0.0234
vn -0.6446 -0.7642 0.0239
vn -0.4058 -0.9139 -0.0087
vn -0.4787 -0.8776 0.0251
vn -0.3715 -0.9274 -0.0447
vn 0.5291 -0.8476 -0.0403
vn 0.9023 0.4297 -0.0346
vn 0.9930 0.1075 -0.0492
vn 0.8902 0.4534 -0.0436
vn 0.5340 -0.8443 -0.0441
vn -0.4231 -0.9059 0.0202
vn 0.5258 -0.8495 -0.0429
vn 0.9924 0.0899 -0.0836
vn 0.8850 0.4604 -0.0685
vn 0.8867 0.4589 -0.0554
vn 0.4608 -0.8868 -0.0348
vn -0.4675 -0.8835 0.0312
vn 0.4553 -0.8896 -0.0358
vn 0.9948 0.0689 -0.0747
vn 0.9945 0.0595 -0.0867
vn 0.8648 0.4960 -0.0778
vn 0.8741 0.4758 -0.0973
vn 0.8627 0.5032 -0.0504
vn 0.9091 0.4092 -0.0779
vn 0.9798 0.1072 -0.1690
vn 0.9719 0.1911 -0.1372
vn 0.9687 -0.0886 -0.2319
vn 0.9652 -0.0777 -0.2497
vn 0.9594 -0.1009 -0.2633
vn 0.9638 -0.0071 -0.2667
vn 0.9853 0.1129 -0.1279
vn 0.9857 0.0090 -0.1682
vn 0.9756 -0.0368 -0.2163
vn 0.8827 0.4626 -0.0828
vn 0.8504 0.5195 -0.0831
vn 0.9522 0.2906 -0.0936
vn 0.8894 0.4491 -0.0856
vn 0.9492 0.3017 -0.0896
vn 0.9845 0.1444 -0.0993
vn 0.9923 0.0414 -0.1168
vn 0.9916 0.0057 -0.1293
vn 0.9865 0.1452 -0.0759
vn 0.9958 0.0562 -0.0716
vn 0.9948 0.0549 -0.0853
vn -0.6621 -0.7494 -0.0051
vn -0.6960 -0.7176 0.0240
vn -0.6826 -0.7304 0.0235
vn -0.7051 -0.7089 0.0204
vn -0.7341 -0.6790 -0.0049
vn -0.7032 -0.7110 0.0016
vn -0.7064 -0.7077 0.0108
vn -0.6994 -0.7147 -0.0085
vn -0.4664 -0.8846 0.0037
vn -0.4223 -0.9060 -0.0275
vn 0.4624 -0.8858 -0.0381
vn -0.4777 -0.8784 0.0130
vn 0.4656 -0.8842 -0.0364
vn 0.9995 0.0130 -0.0283
vn 0.9991 0.0322 -0.0276
vn 0.8863 0.4629 -0.0120
vn 0.8811 0.4727 0.0178
vn 0.4668 -0.8837 -0.0359
vn -0.4526 -0.8916 -0.0095
vn 0.4688 -0.8824 -0.0389
vn 0.9997 0.0197 -0.0139
vn 0.9996 0.0138 -0.0254
vn 0.8638 0.5038 0.0035
vn 0.8747 0.4837 -0.0320
vn -0.4384 -0.8986 -0.0181
vn 0.4812 -0.8758 -0.0390
vn 0.9998 0.0209 0.0002
vn 0.8674 0.4963 0.0349
vn 0.8149 0.5793 -0.0162
vn 0.9542 0.2919 -0.0651
vn 0.8556 0.5165 -0.0352
vn 0.9478 0.3130 -0.0601
vn 0.9898 0.1229 -0.0717
vn 0.9890 0.1267 -0.0761
vn 0.9970 0.0340 -0.0691
vn 0.9967 0.0426 -0.0690
vn 0.9979 0.0060 -0.0647
vn 0.9903 0.1261 -0.0582
vn 0.9982 0.0219 -0.0558
vn 0.9975 0.0280 -0.0643
vn 0.7807 0.6235 0.0410
vn 0.9432 0.3285 -0.0499
vn 0.8303 0.5573 0.0042
vn 0.9377 0.3454 -0.0379
vn 0.9989 0.0131 -0.0450
vn 0.9992 0.0010 -0.0404
vn -0.7658 -0.6428 -0.0172
vn -0.6968 -0.7172 -0.0097
vn -0.6956 -0.7182 -0.0167
vn -0.7781 -0.6272 -0.0329
vn -0.7064 -0.7069 -0.0359
vn -0.7085 -0.7048 -0.0344
vn -0.4219 -0.9056 -0.0445
vn 0.5146 -0.8567 -0.0347
vn -0.4050 -0.9137 -0.0336
vn 0.5289 -0.8483 -0.0272
vn 0.9993 0.0345 -0.0153
vn 0.8649 0.5019 -0.0073
vn 0.8706 0.4916 0.0179
vn 0.4684 -0.8831 -0.0272
vn -0.4236 -0.9050 -0.0379
vn 0.4711 -0.8817 -0.0259
vn 0.9998 0.0146 0.0143
vn 1.0000 0.0013 0.0067
vn 0.8495 0.5274 0.0105
vn 0.8602 0.5098 0.0137
vn 0.9937 0.1082 -0.0304
vn 0.9997 -0.0101 -0.0207
vn 0.9995 0.0022 -0.0324
vn 0.8631 0.5051 0.0015
vn 0.7486 0.6630 0.0016
vn 0.9282 0.3706 -0.0320
vn 0.7905 0.6123 -0.0126
vn 0.9283 0.3710 -0.0256
vn 0.9996 -0.0237 -0.0120
vn 1.0000 0.0012 -0.0063
vn 0.9973 0.0728 -0.0117
vn 0.9989 -0.0477 -0.0026
vn 0.9993 -0.0367 -0.0064
vn -0.7917 -0.6109 -0.0041
vn -0.7191 -0.6944 0.0258
vn -0.7093 -0.7049 0.0079
vn -0.8256 -0.5643 -0.0011
vn -0.7435 -0.6686 0.0132
vn -0.7313 -0.6817 0.0219
vn -0.7534 -0.6575 -0.0063
vn -0.4175 -0.9081 0.0319
vn -0.4657 -0.8849 0.0042
vn 0.5208 -0.8536 -0.0121
vn -0.4078 -0.9130 0.0073
vn 0.4970 -0.8677 0.0012
vn 0.9991 0.0411 -0.0123
vn 0.8556 0.5171 -0.0240
vn 0.8464 0.5325 0.0088
vn 0.4504 -0.8928 0.0113
vn -0.4362 -0.8993 0.0317
vn 0.4313 -0.9022 0.0091
vn 0.9991 -0.0368 -0.0190
vn 0.9995 -0.0173 -0.0279
vn 0.8619 0.5068 -0.0174
vn 0.8576 0.5126 -0.0410
vn -0.4527 -0.8913 0.0237
vn 0.4168 -0.9090 0.0079
vn 0.9988 -0.0492 0.0021
vn 0.8705 0.4922 0.0071
vn 0.7117 0.7023 -0.0159
vn 0.9270 0.3750 -0.0064
vn 0.7535 0.6574 -0.0095
vn 0.9257 0.3783 -0.0067
vn 0.9985 0.0537 -0.0069
vn 0.9972 -0.0752 0.0013
vn 0.9977 -0.0677 0.0009
vn 1.0000 0.0027 0.0038
vn 0.9989 0.0473 0.0022
vn 0.9970 -0.0771 0.0002
vn 0.9969 -0.0781 0.0010
vn 0.7340 0.6790 0.0132
vn 0.9288 0.3705 0.0016
vn 0.7692 0.6388 0.0120
vn 0.9271 0.3747 0.0087
vn 0.9985 0.0539 0.0042
vn 0.9973 -0.0732 -0.0011
vn 1.0000 -0.0009 -0.0032
vn -0.8250 -0.5645 -0.0276
vn -0.7591 -0.6502 -0.0320
vn -0.7579 -0.6518 -0.0260
vn -0.7989 -0.6013 -0.0169
vn -0.7500 -0.6609 -0.0270
vn -0.7553 -0.6548 -0.0284
vn -0.7584 -0.6510 -0.0311
vn -0.4897 -0.8716 -0.0213
vn 0.4159 -0.9094 0.0097
vn -0.4743 -0.8802 -0.0161
vn 0.4093 -0.9123 0.0104
vn 0.9982 -0.0529 0.0293
vn 0.9983 -0.0531 0.0224
vn 0.8695 0.4934 0.0252
vn 0.8722 0.4890 0.0101
vn -0.4824 -0.8757 -0.0211
vn 0.4041 -0.9146 0.0136
vn 0.9978 -0.0550 0.0358
vn 0.8734 0.4855 0.0375
vn 0.3981 -0.9172 0.0177
vn -0.4946 -0.8689 -0.0208
vn 0.3893 -0.9208 0.0229
vn 0.9973 -0.0581 0.0453
vn 0.9975 -0.0574 0.0405
vn 0.8719 0.4891 0.0238
vn 0.8768 0.4798 0.0313
vn 0.9965 0.0825 0.0129
vn 0.9985 -0.0539 -0.0001
vn 0.9978 -0.0657 -0.0022
vn 0.7397 0.6717 0.0417
vn 0.9204 0.3904 0.0223
vn 0.7648 0.6430 0.0401
vn 0.9139 0.4045 0.0335
vn 0.9945 0.1021 0.0220
vn 0.9993 -0.0379 0.0067
vn 1.0000 -0.0055 -0.0058
vn 1.0000 -0.0067 -0.0014
vn 0.9888 0.1415 0.0466
vn 0.9995 0.0003 0.0330
vn 0.9997 -0.0189 0.0177
vn -0.7737 -0.6334 -0.0118
vn -0.7299 -0.6831 -0.0239
vn -0.7372 -0.6752 -0.0250
vn -0.7183 -0.6957 0.0046
vn -0.6987 -0.7153 -0.0132
vn -0.7107 -0.7033 -0.0163
vn -0.5025 -0.8644 -0.0152
vn -0.5003 -0.8658 -0.0087
vn 0.3734 -0.9273 0.0277
vn -0.5009 -0.8653 -0.0166
vn 0.3671 -0.9296 0.0322
vn 0.9960 -0.0719 0.0538
vn 0.9965 -0.0663 0.0519
vn 0.8736 0.4852 0.0359
vn 0.8710 0.4891 0.0456
vn 0.3613 -0.9318 0.0361
vn -0.5037 -0.8638 -0.0101
vn 0.3648 -0.9302 0.0404
vn 0.9958 -0.0742 0.0528
vn 0.9953 -0.0799 0.0541
vn 0.8858 0.4634 0.0265
vn 0.8818 0.4694 0.0466
vn 0.9824 0.1720 0.0731
vn 0.9969 0.0322 0.0719
vn 0.9976 0.0261 0.0640
vn 0.7799 0.6257 0.0192
vn 0.9093 0.4106 0.0679
vn 0.8046 0.5926 0.0375
vn 0.9117 0.4057 0.0649
vn 0.9804 0.1800 0.0803
vn 0.9808 0.1787 0.0780
vn 0.9955 0.0449 0.0831
vn 0.9960 0.0409 0.0800
vn 0.9969 -0.0011 0.0787
vn 0.9966 -0.0001 0.0828
vn -0.4448 -0.8894 0.1052
vn -0.5744 -0.8139 0.0878
vn -0.5858 -0.8061 0.0835
vn -0.6696 -0.7427 -0.0107
vn -0.6029 -0.7958 0.0561
vn -0.6525 -0.7575 0.0224
vn -0.6032 -0.7952 0.0622
vn -0.5829 -0.8097 0.0686
vn -0.4711 -0.8819 0.0164
vn 0.4263 -0.9033 0.0480
vn -0.4817 -0.8763 -0.0073
vn 0.4616 -0.8853 0.0567
vn 0.9985 -0.0188 0.0522
vn 0.8838 0.4678 0.0055
vn 0.8824 0.4696 0.0297
vn 0.4800 -0.8750 0.0632
vn -0.4492 -0.8925 0.0412
vn 0.4918 -0.8681 0.0675
vn -0.4230 -0.9048 0.0492
vn 0.5104 -0.8572 0.0688
vn 0.8688 0.4941 -0.0342
vn 0.9961 0.0877 -0.0024
vn 0.8616 0.5049 -0.0525
vn 0.9810 0.1728 0.0882
vn 0.9938 0.0470 0.1012
vn 0.9949 0.0476 0.0890
vn 0.8034 0.5954 -0.0011
vn 0.9210 0.3843 0.0641
vn 0.8356 0.5489 0.0187
vn 0.9300 0.3628 0.0591
vn 0.9831 0.1540 0.0993
vn 0.9917 0.0406 0.1217
vn 0.9945 -0.0001 0.1045
vn 0.9918 0.0014 0.1280
vn 0.9838 0.0692 0.1654
vn 0.9775 -0.0020 0.2110
vn 0.9875 0.0247 0.1559
vn 0.8375 0.5446 -0.0442
vn 0.9632 0.2535 0.0890
vn 0.9162 0.3996 0.0311
vn 0.9764 0.1656 0.1385
vn 0.9750 0.0048 0.2224
vn 0.9634 -0.0328 0.2660
vn 0.9741 0.0018 0.2261
vn 0.9613 0.0034 0.2754
vn -0.5315 -0.8430 0.0825
vn -0.2969 -0.9386 0.1755
vn -0.4788 -0.8736 0.0868
vn 0.4295 -0.0229 -0.9028
vn 0.3510 -0.6542 -0.6699
vn -0.5552 -0.8310 0.0343
vn 0.6538 -0.4132 -0.6339
vn 0.0819 -0.9896 -0.1183
vn 0.6544 -0.0384 -0.7552
vn 0.6928 -0.0540 -0.7191
vn -0.4383 -0.8747 0.2071
vn -0.3240 -0.9446 0.0529
vn -0.4676 -0.8825 0.0506
vn 0.4605 -0.8528 -0.2465
vn 0.8855 -0.1843 -0.4266
vn 0.9179 -0.0126 -0.3966
vn 0.4067 -0.9126 0.0419
vn 0.5019 -0.8640 0.0409
vn 0.8777 0.4768 -0.0469
vn 0.9979 -0.0509 -0.0409
vn 0.9384 0.3443 0.0290
vn 0.2135 -0.9769 -0.0120
vn 0.3712 -0.0187 -0.9284
vn 0.3140 -0.0058 -0.9494
vn 0.2582 0.0011 -0.9661
vn -0.0495 0.0289 -0.9984
vn 0.2099 0.0032 -0.9777
vn 0.1710 0.0015 -0.9853
vn 0.1386 0.0026 -0.9903
vn -0.1051 0.0127 -0.9944
vn 0.1120 0.0046 -0.9937
vn 0.5579 -0.0121 -0.8299
vn 0.6144 -0.0135 -0.7888
vn 0.6312 -0.0245 -0.7752
vn 0.9256 -0.0015 -0.3786
vn 0.9262 0.0006 -0.3771
vn 0.9230 0.0056 -0.3847
vn 0.9151 0.0004 -0.4032
vn 0.5824 -0.0094 -0.8128
vn 0.9118 -0.0074 -0.4106
vn 0.9495 -0.0784 0.3037
vn 0.9531 -0.0525 0.2980
vn 0.9524 -0.0534 0.3002
vn 0.9408 0.2890 0.1770
vn 0.9621 -0.0072 0.2726
vn 0.9581 0.0907 0.2719
vn 0.9576 -0.0215 0.2873
vn 0.9657 -0.0547 0.2538
vn 0.9774 -0.0283 0.2096
vn 0.9829 0.0151 0.1834
vn 0.9994 0.0126 -0.0318
vn 0.9999 0.0016 -0.0109
vn -0.9330 0.0107 0.3596
vn -0.9754 0.0020 0.2202
vn -0.9320 -0.0052 0.3625
vn -0.9727 -0.0012 0.2320
vn -0.9757 0.0021 0.2192
vn -0.9494 0.0135 0.3139
vn -0.9588 0.0047 0.2839
vn -0.9091 0.0390 0.4147
vn -0.9861 -0.0045 0.1658
vn -0.9865 0.0051 0.1637
vn -0.9667 -0.0001 0.2558
vn -0.9821 -0.0164 0.1878
vn -0.9837 -0.0212 0.1788
vn -0.1256 -0.0139 0.9920
vn -0.6800 0.0009 0.7332
vn -0.1081 0.0144 0.9940
vn -0.1743 -0.0336 0.9841
vn -0.6876 0.0064 0.7260
vn -0.7300 0.0270 0.6829
vn -0.2524 -0.0400 0.9668
vn -0.7463 0.0454 0.6640
vn 0.2316 -0.0304 0.9723
vn 0.1311 -0.1207 0.9840
vn -0.3519 -0.0293 0.9356
vn 0.1936 -0.1229 0.9733
vn 0.1545 -0.1800 0.9715
vn 0.1954 -0.0862 0.9769
vn 0.0264 -0.1535 0.9878
vn 0.0959 -0.2441 0.9650
vn 0.0174 -0.2545 0.9669
vn -0.0582 -0.0368 0.9976
vn 0.2215 -0.0504 0.9739
vn 0.2278 0.0252 0.9734
vn -0.9384 0.0255 0.3447
vn -0.9760 0.0034 0.2179
vn -0.9799 -0.0083 0.1993
vn -0.9606 0.1677 0.2218
vn -0.7476 0.0702 0.6604
vn -0.5222 0.0419 0.8518
vn -0.7376 0.1139 0.6656
vn -0.6642 0.4460 0.6000
vn -0.0942 0.9858 0.1387
vn -0.5948 0.6890 0.4141
vn -0.2537 -0.0521 0.9659
vn -0.5470 0.1183 0.8288
vn 0.1021 0.9937 -0.0453
vn 0.0145 0.9999 0.0006
vn -0.0076 0.9997 0.0231
vn -0.3376 0.0886 0.9371
vn -0.0852 -0.1683 0.9821
vn -0.1803 0.0234 0.9833
vn -0.1234 0.7563 0.6425
vn 0.0526 0.9986 0.0067
vn 0.0432 0.9983 0.0395
vn 0.1532 0.9860 -0.0662
vn 0.1854 0.9812 -0.0545
vn 0.1493 0.9885 -0.0235
vn -0.0337 -0.0150 0.9993
vn 0.1420 0.9849 -0.0990
vn -0.0166 -0.3003 0.9537
vn -0.0145 -0.2582 0.9660
vn 0.0387 -0.3114 0.9495
vn -0.9992 -0.0141 -0.0363
vn -0.9995 -0.0098 -0.0299
vn -0.9966 -0.0095 0.0816
vn -0.9976 -0.0062 -0.0685
vn -0.9984 -0.0109 -0.0559
vn -0.9975 -0.0191 0.0685
vn -0.9855 -0.0046 -0.1697
vn -0.9864 -0.0047 -0.1641
vn -0.9989 -0.0140 -0.0454
vn -0.9776 0.0032 -0.2104
vn -0.9809 -0.0016 -0.1944
vn -0.9360 0.0043 -0.3519
vn -0.9394 -0.0034 -0.3429
vn -0.9176 0.0179 -0.3971
vn -0.9244 0.0140 -0.3812
vn -0.7935 0.0221 -0.6081
vn -0.7913 0.0218 -0.6111
vn -0.5222 -0.0152 -0.8527
vn -0.8014 -0.0062 -0.5981
vn -0.5364 -0.0094 -0.8439
vn -0.5726 0.0053 -0.8198
vn -0.5939 0.0031 -0.8045
vn -0.2026 -0.0323 -0.9787
vn -0.2106 -0.0019 -0.9776
vn -0.3472 -0.0336 -0.9372
vn -0.3041 -0.0390 -0.9519
vn 0.0393 -0.0417 -0.9984
vn 0.0243 0.0362 -0.9990
vn -0.0932 -0.0659 -0.9935
vn -0.0568 -0.0856 -0.9947
vn -0.9811 0.1781 -0.0756
vn -0.9966 0.0039 -0.0823
vn -0.9976 -0.0047 0.0693
vn -0.9689 0.0189 -0.2466
vn -0.9736 0.0094 -0.2281
vn -0.6012 0.7975 0.0508
vn 0.0458 0.9989 -0.0134
vn -0.5991 0.7998 -0.0365
vn -0.9030 0.0294 -0.4287
vn -0.9108 0.0224 -0.4123
vn -0.7892 0.0232 -0.6137
vn -0.7849 0.0265 -0.6190
vn -0.7713 0.1032 -0.6280
vn -0.6092 0.0073 -0.7929
vn -0.6175 0.0075 -0.7865
vn -0.6240 0.0653 -0.7787
vn 0.2062 0.9703 0.1263
vn 0.1278 0.9918 0.0019
vn 0.2419 0.9683 -0.0625
vn 0.0163 0.9997 -0.0196
vn -0.4501 0.7662 -0.4587
vn -0.4451 0.0136 -0.8954
vn -0.4142 -0.0252 -0.9098
vn 0.2231 0.9717 -0.0779
vn 0.2548 0.9611 -0.1063
vn 0.2164 0.9733 -0.0762
vn 0.1080 0.9805 0.1642
vn -0.2126 -0.0145 -0.9770
vn -0.1789 -0.0699 -0.9814
vn 0.2512 0.9610 -0.1159
vn 0.0410 0.9721 0.2310
vn 0.1537 0.9716 0.1797
vn -0.1512 0.7230 -0.6740
vn -0.4343 0.4175 -0.7981
vn -0.0639 -0.0328 -0.9974
vn -0.0062 -0.1155 -0.9933
vn -0.0227 0.7940 -0.6075
vn -0.9542 0.1251 -0.2717
vn -0.9563 0.0717 -0.2835
vn -0.9668 0.0625 -0.2476
vn -0.9107 -0.3945 -0.1223
vn -0.9736 -0.1427 -0.1783
vn -0.9766 -0.0681 -0.2040
vn -0.9710 -0.0153 -0.2387
vn -0.9949 -0.0168 -0.0993
vn -0.9607 0.1240 -0.2482
vn -0.9665 0.1324 -0.2198
vn -0.9125 -0.0264 0.4082
vn -0.9956 -0.0261 0.0899
vn -0.9990 0.0143 0.0424
vn -0.9097 -0.0273 0.4144
vn -0.9973 0.0619 -0.0386
vn -0.9186 -0.0118 0.3950
vn -0.6282 -0.0050 0.7780
vn -0.9186 -0.0205 0.3946
vn -0.9946 -0.0357 -0.0971
vn -0.9810 -0.1900 -0.0380
vn -0.8934 -0.0245 0.4486
vn -0.9792 -0.1605 0.1244
vn -0.6615 0.0019 0.7499
vn -0.6637 0.0008 0.7480
vn -0.6505 -0.0054 0.7595
vn -0.6063 0.0241 0.7949
vn -0.6024 0.0594 0.7960
vn -0.8621 -0.4994 -0.0859
vn -0.9231 -0.3550 -0.1479
vn -0.9312 -0.3024 -0.2035
vn -0.9446 -0.3280 0.0117
vn -0.9225 -0.3753 -0.0903
vn -0.8540 0.0264 0.5196
vn -0.6185 0.0799 0.7817
vn -0.8242 0.0869 0.5596
vn -0.9663 -0.0282 0.2558
vn -0.6860 0.5888 0.4275
vn -0.6481 0.1106 0.7535
vn -0.5167 0.6960 0.4986
vn -0.0379 0.9955 -0.0871
vn 0.1634 0.9528 -0.2559
vn -0.1016 0.9943 -0.0311
vn 0.2572 0.9491 -0.1819
vn 0.0794 0.9891 -0.1240
vn -0.9670 0.0465 -0.2503
vn -0.9769 0.0221 -0.2125
vn -0.9750 -0.0097 -0.2221
vn -0.9746 0.0456 -0.2191
vn -0.9832 -0.0693 -0.1692
vn -0.9415 -0.3278 -0.0790
vn -0.9823 -0.1282 -0.1367
vn -0.8866 -0.4597 -0.0505
vn -0.9571 -0.2673 -0.1120
vn -0.9918 -0.0682 -0.1078
vn -0.9928 -0.0187 -0.1187
vn -0.9867 -0.0032 -0.1626
vn -0.7794 -0.6265 -0.0048
vn -0.8952 -0.4432 -0.0466
vn -0.9184 -0.3919 -0.0536
vn -0.9954 -0.0233 -0.0928
vn -0.9957 -0.0002 -0.0928
vn -0.9746 -0.2070 -0.0858
vn -0.8811 -0.4705 -0.0487
vn -0.9698 -0.2327 -0.0726
vn -0.8170 -0.5765 0.0123
vn -0.7894 -0.6115 0.0542
vn -0.8522 -0.5232 -0.0020
vn -0.8769 -0.4793 0.0363
vn -0.7732 -0.6340 0.0120
vn -0.7669 -0.6415 -0.0215
vn -0.7656 -0.6426 -0.0299
vn -0.9183 -0.3947 -0.0308
vn 0.2299 0.9724 -0.0397
vn 0.2335 0.9713 -0.0451
vn -0.8142 0.5790 -0.0443
vn 0.2501 0.9677 -0.0332
vn 0.2664 0.9635 -0.0245
vn -0.7511 0.6579 -0.0554
vn 0.5055 0.8620 -0.0378
vn 0.5465 0.8371 -0.0240
vn -0.9927 -0.0997 -0.0674
vn -0.9969 -0.0269 -0.0734
vn -0.9965 -0.0246 -0.0805
vn -0.7397 -0.6730 0.0044
vn -0.8597 -0.5101 -0.0264
vn -0.8720 -0.4879 -0.0381
vn -0.9973 -0.0286 -0.0669
vn -0.9978 0.0018 -0.0669
vn -0.9613 -0.2703 -0.0527
vn -0.8491 -0.5273 -0.0323
vn -0.9567 -0.2868 -0.0491
vn -0.9914 -0.1220 -0.0484
vn -0.9985 -0.0276 -0.0477
vn -0.9978 -0.0289 -0.0588
vn -0.7195 -0.6945 -0.0077
vn -0.8362 -0.5479 -0.0236
vn -0.8439 -0.5356 -0.0314
vn -0.7599 -0.6498 0.0171
vn -0.7575 -0.6527 -0.0150
vn -0.7265 -0.6869 -0.0185
vn -0.9378 -0.3461 -0.0267
vn -0.9487 -0.3142 -0.0343
vn -0.7661 -0.6427 -0.0115
vn -0.7586 -0.6511 -0.0247
vn 0.3064 0.9510 -0.0414
vn 0.3292 0.9437 -0.0314
vn -0.7011 0.7113 -0.0494
vn 0.5775 0.8157 -0.0345
vn 0.2862 0.9579 -0.0236
vn 0.6195 0.7847 0.0196
vn 0.3711 0.9285 0.0107
vn 0.3564 0.9343 0.0028
vn -0.9997 -0.0117 -0.0214
vn -0.9999 0.0008 -0.0111
vn -1.0000 0.0063 -0.0049
vn -0.9935 -0.1094 -0.0328
vn -0.9471 -0.3184 -0.0398
vn -0.8280 -0.5593 -0.0412
vn -0.9499 -0.3106 -0.0360
vn -0.7166 -0.6964 -0.0396
vn -0.8250 -0.5638 -0.0396
vn -0.9980 -0.0624 -0.0116
vn -0.9997 0.0238 0.0003
vn -0.9999 0.0126 -0.0038
vn -0.7349 -0.6772 -0.0358
vn -0.8360 -0.5480 -0.0293
vn -0.8320 -0.5536 -0.0366
vn -0.9994 0.0348 0.0014
vn -0.9999 0.0085 0.0058
vn -0.9576 -0.2872 -0.0230
vn -0.8392 -0.5435 -0.0184
vn -0.9597 -0.2805 -0.0155
vn -0.7765 -0.6283 -0.0479
vn -0.7815 -0.6215 -0.0541
vn -0.7211 -0.6914 -0.0446
vn -0.9571 -0.2834 -0.0608
vn -0.9638 -0.2601 -0.0596
vn -0.7969 -0.6021 -0.0487
vn -0.7883 -0.6131 -0.0524
vn -0.8077 -0.5882 -0.0402
vn -0.7436 -0.6681 -0.0250
vn 0.3933 0.9191 0.0261
vn 0.4120 0.9107 0.0309
vn -0.6303 0.7758 -0.0281
vn 0.4442 0.8952 0.0372
vn 0.4592 0.8874 0.0400
vn -0.6057 0.7956 -0.0144
vn 0.6551 0.7553 0.0169
vn 0.7037 0.7099 0.0290
vn 0.4285 0.9029 0.0352
vn -0.9992 -0.0403 -0.0061
vn -0.9988 0.0477 -0.0057
vn -0.9991 0.0435 -0.0003
vn -0.9988 0.0407 -0.0274
vn -0.9990 0.0230 -0.0395
vn -0.9987 0.0010 -0.0512
vn -0.9975 -0.0693 -0.0114
vn -0.9424 -0.3342 0.0148
vn -0.9285 -0.3704 0.0244
vn -0.9943 -0.1060 -0.0103
vn -0.8139 -0.5795 0.0423
vn -0.9773 -0.2085 -0.0374
vn -0.8337 -0.5519 -0.0198
vn -0.8204 -0.5709 -0.0302
vn -0.8518 -0.5239 -0.0013
vn -0.9939 -0.1084 -0.0181
vn -0.8966 -0.4428 0.0104
vn -0.8753 -0.4835 0.0092
vn 0.4752 0.8788 0.0438
vn 0.4768 0.8778 0.0455
vn -0.5801 0.8145 -0.0020
vn 0.7351 0.6764 0.0459
vn 0.4696 0.8819 0.0427
vn 0.7459 0.6640 0.0534
vn 0.4683 0.8825 0.0435
vn 0.4742 0.8792 0.0457
vn -0.9984 -0.0498 -0.0277
vn -0.9959 -0.0903 -0.0080
vn -0.9997 -0.0033 -0.0242
vn -0.9778 -0.2091 0.0122
vn -0.8931 -0.4472 0.0482
vn -0.8804 -0.4718 0.0472
vn -0.9661 -0.2570 0.0256
vn -0.8116 -0.5825 0.0440
vn -0.9488 -0.3135 0.0387
vn -0.9891 -0.1432 0.0353
vn -0.9922 -0.1241 0.0130
vn -0.9887 -0.1369 0.0608
vn -0.9972 -0.0178 0.0722
vn -0.8801 -0.4736 0.0344
vn -0.8871 -0.4615 0.0019
vn -0.9523 -0.3037 0.0316
vn -0.8520 -0.5233 -0.0182
vn -0.9346 -0.3555 0.0083
vn -0.9485 -0.3167 0.0041
vn -0.8544 -0.5189 0.0257
vn -0.9990 -0.0418 -0.0184
vn -1.0000 -0.0009 0.0042
vn -0.9561 -0.2931 -0.0036
vn -0.9545 -0.2982 0.0056
vn -0.9559 -0.2926 -0.0240
vn -0.8843 -0.4661 -0.0284
vn -0.5559 0.8312 0.0039
vn 0.4677 0.8837 0.0206
vn -0.5475 0.8367 0.0080
vn -0.5259 0.8504 0.0157
vn 0.5220 0.8529 -0.0033
vn -0.5092 0.8605 0.0142
vn 0.7490 0.6616 0.0368
vn 0.4620 0.8862 0.0347
vn 0.7556 0.6548 -0.0164
vn 0.4954 0.8687 -0.0008
vn -0.9713 -0.1174 0.2068
vn -0.9461 -0.0193 0.3232
vn -0.9876 -0.1000 0.1211
vn -0.7525 0.2247 0.6191
vn -0.7204 0.1778 0.6704
vn -0.8057 0.0986 0.5841
vn -0.7502 0.2066 0.6281
vn -0.7536 0.0861 0.6517
vn -0.8453 0.1580 0.5105
vn -0.8626 0.1915 0.4682
vn -0.7636 0.3150 0.5636
vn -0.7787 0.2475 0.5765
vn -0.7960 0.3080 0.5210
vn -0.7881 0.1806 0.5885
vn -0.7236 0.3452 0.5978
vn -0.7519 0.2188 0.6219
vn -0.7870 0.3021 0.5379
vn -0.9979 -0.0617 -0.0182
vn -0.9184 -0.3826 -0.1008
vn -0.9462 -0.3183 -0.0579
vn -0.8971 -0.4340 0.0828
vn -0.9356 -0.3356 0.1099
vn -0.9443 -0.1555 0.2900
vn -0.9988 -0.0223 0.0441
vn -0.4373 0.1178 0.8916
vn -0.5613 0.1280 0.8177
vn -0.7967 0.2467 0.5517
vn -0.2012 0.8572 0.4741
vn -0.8506 0.0731 0.5208
vn 0.7679 0.6396 -0.0366
vn 0.5906 0.8068 -0.0153
vn 0.5557 0.8314 -0.0090
vn -0.5956 0.0608 0.8010
vn -0.7110 0.2342 0.6631
vn -0.4399 0.0422 0.8971
vn -0.2591 -0.0811 0.9624
vn -0.3905 -0.0121 0.9205
vn -0.1122 -0.2061 0.9721
vn -0.7373 0.2045 0.6439
vn -0.8058 0.1506 0.5728
vn -0.8315 -0.0497 0.5534
vn -0.6418 0.2948 0.7079
vn -0.5748 0.1422 0.8058
vn -0.0756 -0.2679 0.9605
vn 0.0109 0.0240 0.9997
vn 0.0109 -0.0039 0.9999
vn 0.1274 0.9912 -0.0373
vn 0.1551 0.9772 -0.1451
vn 0.1226 0.9850 -0.1210
vn 0.1952 0.9696 -0.1479
vn 0.2452 0.9532 -0.1767
vn 0.2371 0.9581 -0.1605
vn -0.0717 0.0626 0.9955
vn 0.2049 0.9623 -0.1791
vn 0.2129 0.9696 -0.1203
vn -0.0402 0.9988 -0.0281
vn 0.3141 0.9265 -0.2072
vn 0.2723 0.9564 -0.1053
vn 0.2609 0.9521 -0.1597
vn 0.2956 0.9322 -0.2088
vn 0.3937 0.8961 -0.2051
vn 0.3159 0.9246 -0.2129
vn 0.2614 0.9651 -0.0136
vn 0.3510 0.9222 -0.1624
vn 0.5947 0.7742 -0.2167
vn 0.4913 0.8518 -0.1817
vn 0.4062 0.8892 -0.2106
vn 0.3732 0.8993 -0.2280
vn 0.1075 -0.0561 -0.9926
vn 0.0919 -0.0705 -0.9933
vn 0.1055 0.0384 -0.9937
vn 0.0987 -0.1391 -0.9853
vn 0.0767 -0.1200 -0.9898
vn 0.0941 -0.1103 -0.9894
vn 0.0531 -0.1203 -0.9913
vn 0.0534 -0.1078 -0.9927
vn -0.0122 -0.0512 -0.9986
vn 0.0379 -0.0995 -0.9943
vn 0.0009 -0.0835 -0.9965
vn -0.0240 -0.0747 -0.9969
vn -0.0325 -0.0427 -0.9986
vn -0.0503 -0.0355 -0.9981
vn -0.0567 -0.0010 -0.9984
vn -0.0411 -0.0681 -0.9968
vn -0.0252 -0.1532 -0.9879
vn -0.0350 -0.1640 -0.9858
vn -0.0346 -0.1048 -0.9939
vn 0.0542 -0.1547 -0.9865
vn 0.0025 -0.0755 -0.9971
vn 0.1401 0.9683 0.2069
vn 0.1731 0.9787 0.1103
vn 0.2384 0.9664 -0.0962
vn 0.0221 -0.1140 -0.9932
vn 0.1135 0.9479 0.2976
vn 0.0367 0.8767 0.4796
vn 0.0471 0.9007 0.4319
vn 0.0560 -0.1871 -0.9807
vn -0.0115 -0.1360 -0.9906
vn 0.0092 -0.2203 -0.9754
vn 0.0303 0.8612 0.5074
vn -0.0458 -0.2515 -0.9668
vn -0.0500 -0.1358 -0.9895
vn 0.0516 0.9008 0.4312
vn 0.0877 0.9233 0.3740
vn 0.1845 0.9763 0.1134
vn -0.0542 -0.1181 -0.9915
vn 0.0117 0.8858 0.4639
vn 0.0070 0.8606 0.5092
vn 0.0171 0.8560 0.5167
vn -0.0580 -0.2691 -0.9614
vn -0.0471 -0.0996 -0.9939
vn -0.0485 -0.2752 -0.9602
vn 0.0509 0.9609 -0.2722
vn 0.2677 0.9502 -0.1597
vn 0.4139 0.9060 -0.0887
vn 0.3576 0.9257 -0.1234
vn -0.3246 0.7683 0.5517
vn -0.0169 0.9906 -0.1356
vn -0.0073 0.9934 -0.1146
vn -0.0071 0.9953 -0.0966
vn -0.0164 0.9740 -0.2260
vn -0.0291 0.9649 -0.2609
vn -0.0620 0.9527 -0.2976
vn -0.0733 0.9541 -0.2903
vn -0.0448 0.9601 -0.2761
vn -0.0231 0.9765 -0.2144
vn -0.0191 0.9632 -0.2681
vn -0.0502 0.9589 -0.2792
vn -0.0200 0.9956 -0.0919
vn -0.0127 0.9957 -0.0917
vn 0.4747 0.8773 -0.0707
vn 0.4849 0.8739 -0.0358
vn 0.3544 0.9298 -0.0995
vn 0.3947 0.9143 -0.0908
vn 0.5734 0.8180 -0.0465
vn -0.0681 0.9581 -0.2782
vn -0.0385 0.9666 -0.2534
vn 0.1024 0.9745 -0.1995
vn 0.1137 0.9831 -0.1434
vn -0.0067 0.9581 -0.2865
vn -0.0283 0.9789 -0.2022
vn 0.0468 0.9810 -0.1882
vn 0.0035 0.9752 -0.2215
vn -0.1476 0.9755 -0.1629
vn -0.2241 0.9663 -0.1266
vn -0.0983 0.9679 -0.2313
vn -0.1974 0.9640 -0.1781
vn -0.0134 0.9694 -0.2452
vn -0.4919 0.8700 -0.0350
vn -0.6154 0.7882 -0.0108
vn -0.3682 0.9266 -0.0772
vn -0.3000 0.9490 -0.0972
vn 0.6170 0.7858 -0.0431
vn 0.4717 0.8787 -0.0736
vn 0.6303 0.7747 -0.0499
vn 0.1626 0.9812 -0.1040
vn 0.4526 0.8884 -0.0766
vn 0.4264 0.9007 -0.0829
vn -0.1485 0.9842 -0.0960
vn -0.1773 0.9804 -0.0856
vn 0.1687 0.9811 -0.0947
vn -0.2296 0.9708 -0.0689
vn -0.2507 0.9660 -0.0624
vn 0.1865 0.9803 -0.0658
vn -0.5119 0.8579 -0.0433
vn -0.5844 0.8109 -0.0305
vn -0.2047 0.9758 -0.0766
vn 0.7144 0.6997 -0.0054
vn 0.7307 0.6826 0.0113
vn 0.6741 0.7381 0.0279
vn 0.7618 0.6478 0.0105
vn 0.7735 0.6335 0.0220
vn 0.7194 0.6936 0.0362
vn 0.6306 0.7761 -0.0001
vn 0.2319 0.9722 -0.0340
vn -0.2757 0.9603 -0.0418
vn 0.2474 0.9685 -0.0267
vn -0.6486 0.7604 -0.0319
vn -0.2769 0.9594 -0.0534
vn -0.2666 0.9621 -0.0574
vn -0.6602 0.7499 -0.0421
vn -0.2802 0.9588 -0.0463
vn 0.7947 0.6059 0.0356
vn 0.8036 0.5937 0.0419
vn 0.7410 0.6696 0.0506
vn 0.6649 0.7468 0.0159
vn 0.7844 0.6193 0.0342
vn 0.7137 0.6998 0.0317
vn 0.8194 0.5712 0.0481
vn 0.8118 0.5820 0.0476
vn 0.2858 0.9582 -0.0117
vn -0.2622 0.9647 -0.0240
vn 0.3067 0.9518 -0.0047
vn -0.6838 0.7293 -0.0225
vn -0.2663 0.9634 -0.0299
vn -0.2707 0.9620 -0.0361
vn 0.8311 0.5551 0.0333
vn 0.8324 0.5538 0.0174
vn 0.7512 0.6599 0.0172
vn 0.8221 0.5692 -0.0124
vn 0.8115 0.5840 -0.0217
vn 0.7606 0.6487 -0.0267
vn 0.7367 0.6757 0.0259
vn 0.7221 0.6918 0.0047
vn 0.8292 0.5589 0.0009
vn 0.3537 0.9351 0.0207
vn 0.3338 0.9423 0.0243
vn 0.7023 0.7119 0.0018
vn -0.2477 0.9685 0.0256
vn 0.7791 0.6265 -0.0224
vn 0.7587 0.6512 -0.0160
vn 0.7653 0.6428 -0.0341
vn 0.6481 0.7615 0.0082
vn 0.7971 0.6033 -0.0255
vn 0.5524 0.8333 0.0225
vn 0.7153 0.6988 -0.0095
vn 0.7374 0.6753 -0.0099
vn 0.2827 0.9586 0.0341
vn 0.2537 0.9665 0.0393
vn 0.6185 0.7857 0.0145
vn -0.2739 0.9609 0.0401
vn 0.5078 0.8535 -0.1173
vn 0.3987 0.9152 -0.0598
vn 0.4392 0.8845 -0.1575
vn 0.7105 0.6996 -0.0765
vn 0.5960 0.8013 -0.0512
vn 0.6567 0.7432 -0.1279
vn 0.2342 0.9700 0.0645
vn 0.0005 0.9584 0.2855
vn 0.1080 0.9709 0.2136
vn 0.2531 0.9656 0.0590
vn 0.4495 0.8931 0.0203
vn 0.6549 0.7552 -0.0297
vn 0.0904 0.9941 0.0605
vn 0.0318 0.9968 0.0732
vn 0.3670 0.9300 0.0212
vn -0.0611 0.9878 0.1435
vn -0.0753 0.9792 0.1884
vn 0.0336 0.9869 0.1578
vn -0.3166 0.9468 0.0578
vn -0.2707 0.9561 0.1120
vn -0.0685 0.9484 0.3097
vn -0.0752 0.9679 0.2397
vn -0.1513 0.9678 0.2013
vn -0.0701 -0.0275 -0.9972
vn -0.0574 -0.0583 -0.9966
vn -0.1027 -0.0167 -0.9946
vn -0.1547 -0.0022 -0.9880
vn -0.1691 0.0082 -0.9856
vn -0.1317 -0.0242 -0.9910
vn -0.0500 -0.1618 -0.9855
vn -0.0784 -0.1500 -0.9856
vn -0.1037 -0.0715 -0.9920
vn -0.1760 0.0005 -0.9844
vn -0.1951 0.0207 -0.9806
vn -0.1172 0.0177 -0.9929
vn -0.1332 0.0169 -0.9909
vn -0.1375 -0.1004 -0.9854
vn -0.1286 -0.0635 -0.9897
vn -0.1436 -0.0056 -0.9896
vn 0.0188 0.8710 0.4909
vn -0.0353 -0.2770 -0.9602
vn -0.0367 -0.0891 -0.9954
vn -0.0243 0.8188 -0.5735
vn 0.0135 0.9465 0.3224
vn -0.0156 0.8258 -0.5638
vn 0.0160 0.9471 0.3204
vn 0.0289 0.9460 0.3230
vn -0.0137 0.8343 -0.5511
vn -0.0201 0.8960 0.4437
vn 0.0238 0.8857 0.4636
vn -0.0317 -0.2780 -0.9601
vn -0.0533 -0.0789 -0.9955
vn -0.0588 -0.2790 -0.9585
vn -0.0148 0.8444 -0.5354
vn -0.0040 0.8573 -0.5149
vn -0.0328 0.9036 0.4270
vn -0.0547 -0.0527 -0.9971
vn 0.0395 0.9427 0.3312
vn -0.0070 0.9447 0.3279
vn 0.0053 0.8659 -0.5002
vn -0.0520 0.9478 0.3145
vn -0.0895 0.9556 0.2807
vn -0.0443 0.9290 0.3674
vn -0.0632 0.9225 0.3808
vn -0.0434 -0.2246 -0.9735
vn 0.1067 0.0927 -0.9900
vn 0.0231 -0.1306 -0.9912
vn 0.0594 0.8795 -0.4721
vn 0.3097 0.0088 0.9508
vn 0.3084 0.0013 0.9513
vn 0.5851 0.0065 0.8109
vn 0.3498 0.0256 0.9365
vn 0.3310 0.0196 0.9434
vn 0.5359 0.0395 0.8434
vn 0.5953 0.0047 0.8035
vn 0.8773 -0.0075 0.4798
vn 0.5664 0.0129 0.8240
vn 0.8644 -0.0141 0.5027
vn 0.5470 0.0222 0.8368
vn 0.8181 0.0077 0.5750
vn 0.9919 -0.0034 0.1272
vn 0.9950 0.0030 0.0999
vn 0.9984 0.0042 0.0556
vn 0.8450 -0.0090 0.5348
vn 0.9965 -0.0554 0.0628
vn 0.9795 -0.0998 0.1748
vn 0.7846 0.0353 0.6189
vn 0.9465 -0.0345 0.3209
vn 0.7572 0.0741 0.6490
vn 0.9931 0.0260 -0.1139
vn 0.9839 0.0765 -0.1613
vn 0.9736 0.0655 -0.2189
vn 0.9693 -0.1103 -0.2196
vn 0.9545 -0.2728 -0.1206
vn 0.9734 -0.2255 0.0412
vn 0.4022 0.1295 0.9063
vn 0.4277 0.7352 0.5259
vn 0.2546 0.7890 0.5591
vn -0.0288 0.9857 -0.1659
vn -0.0765 0.9559 -0.2835
vn 0.1069 0.9939 -0.0280
vn -0.1244 0.9513 -0.2820
vn 0.5790 0.1293 0.8050
vn 0.5590 0.0721 0.8260
vn 0.7473 0.1456 0.6484
vn 0.9040 0.0988 0.4159
vn 0.6169 0.7421 0.2622
vn 0.5949 0.6575 0.4624
vn 0.9838 -0.0211 0.1779
vn -0.1804 0.9671 -0.1796
vn 0.6302 0.7712 0.0907
vn 0.9899 -0.1323 0.0506
vn 0.6232 0.7818 -0.0186
vn 0.9597 0.1041 -0.2609
vn 0.9631 0.0700 -0.2601
vn 0.9720 0.0547 -0.2287
vn 0.9808 -0.0976 -0.1687
vn 0.8941 -0.4428 -0.0664
vn 0.9414 -0.3241 -0.0929
vn 0.8740 -0.4848 -0.0328
vn 0.8672 -0.4980 -0.0038
vn 0.9673 -0.2335 -0.0989
vn 0.9011 -0.4298 -0.0571
vn 0.9195 -0.3879 -0.0637
vn 0.9878 -0.0601 -0.1438
vn 0.9919 -0.0168 -0.1256
vn 0.9894 -0.0977 -0.1078
vn 0.9601 -0.2665 -0.0851
vn 0.8927 -0.4454 -0.0685
vn 0.8467 -0.5310 -0.0343
vn 0.8417 -0.5365 -0.0608
vn 0.8606 -0.5062 -0.0568
vn 0.9599 -0.2704 -0.0738
vn 0.8942 -0.4418 -0.0728
vn 0.8924 -0.4445 -0.0779
vn -0.3359 0.9303 -0.1475
vn -0.5687 0.8225 0.0073
vn -0.4010 0.9130 -0.0749
vn -0.3024 0.9448 -0.1262
vn -0.3365 0.9415 0.0184
vn -0.3528 0.9351 0.0328
vn -0.6072 0.7938 0.0350
vn 0.6252 0.7790 -0.0466
vn 0.9746 -0.2238 -0.0124
vn 0.9799 -0.1991 0.0093
vn -0.3244 0.9425 -0.0807
vn 0.6379 0.7693 -0.0372
vn 0.6386 0.7675 -0.0558
vn 0.8626 -0.5048 -0.0340
vn 0.9811 -0.1800 -0.0704
vn 0.9770 -0.2046 -0.0594
vn 0.6750 0.7358 -0.0547
vn 0.8497 -0.5243 -0.0550
vn 0.9843 -0.1655 -0.0616
vn 0.9835 -0.1687 -0.0658
vn -0.3594 0.9331 0.0147
vn 0.6153 0.7869 -0.0458
vn 0.6178 0.7851 -0.0442
vn 0.8934 -0.4450 -0.0622
vn 0.8302 -0.5540 -0.0628
vn 0.8244 -0.5639 -0.0497
vn 0.9604 -0.2715 -0.0634
vn 0.8773 -0.4781 -0.0419
vn 0.8880 -0.4569 -0.0514
vn 0.9933 -0.0968 -0.0624
vn 0.9990 -0.0009 -0.0450
vn 0.9945 -0.0894 -0.0537
vn 0.9525 -0.2997 -0.0534
vn 0.9546 -0.2920 -0.0586
vn 0.8447 -0.5340 -0.0366
vn 0.8538 -0.5189 -0.0418
vn 0.7835 -0.6210 -0.0241
vn 0.7726 -0.6347 -0.0157
vn -0.7443 0.6679 0.0075
vn -0.7582 0.6520 -0.0059
vn -0.6112 0.7909 -0.0319
vn -0.6780 0.7351 -0.0043
vn -0.6800 0.7331 0.0161
vn -0.7017 0.7125 0.0010
vn -0.6866 0.7270 -0.0023
vn -0.3716 0.9284 0.0054
vn -0.6751 0.7376 0.0146
vn 0.9853 -0.1623 -0.0531
vn 0.6140 0.7883 -0.0403
vn -0.3650 0.9309 0.0110
vn 0.8514 -0.5244 -0.0129
vn 0.9874 -0.1558 -0.0292
vn 0.9864 -0.1603 -0.0371
vn -0.3701 0.9290 0.0020
vn 0.6171 0.7863 -0.0317
vn 0.8507 -0.5254 -0.0157
vn 0.9904 -0.1369 -0.0167
vn 0.9898 -0.1402 -0.0249
vn 0.6139 0.7886 -0.0348
vn -0.3480 0.9373 -0.0165
vn -0.3538 0.9353 -0.0048
vn 0.9508 -0.3073 -0.0392
vn 0.8209 -0.5705 -0.0265
vn 0.8326 -0.5532 -0.0275
vn 0.9973 -0.0645 -0.0350
vn 0.9991 0.0396 -0.0138
vn 0.9984 -0.0495 -0.0277
vn 0.9509 -0.3075 -0.0336
vn 0.8149 -0.5790 -0.0274
vn 0.7457 -0.6662 -0.0082
vn 0.7343 -0.6787 -0.0159
vn 0.9516 -0.3068 -0.0195
vn 0.7964 -0.6047 -0.0035
vn 0.8089 -0.5878 -0.0158
vn -0.7799 0.6249 -0.0355
vn -0.7854 0.6186 -0.0227
vn -0.6628 0.7479 -0.0359
vn -0.6961 0.7176 -0.0204
vn 0.8373 -0.5468 0.0023
vn 0.9913 -0.1312 -0.0044
vn 0.9909 -0.1340 -0.0092
vn -0.3473 0.9373 -0.0277
vn -0.3466 0.9377 -0.0238
vn 0.6053 0.7954 -0.0309
vn 0.9911 -0.1333 -0.0017
vn 0.5995 0.8000 -0.0252
vn -0.3519 0.9355 -0.0303
vn 0.8170 -0.5761 0.0226
vn 0.9912 -0.1323 0.0061
vn 0.9907 -0.1358 0.0024
vn -0.3649 0.9306 -0.0277
vn -0.3604 0.9323 -0.0315
vn 0.5898 0.8072 -0.0245
vn 1.0000 0.0031 -0.0057
vn 0.9955 0.0949 0.0021
vn 0.9999 0.0101 -0.0017
vn 0.9550 -0.2964 -0.0063
vn 0.9529 -0.3031 -0.0115
vn 0.7940 -0.6079 -0.0096
vn 0.7883 -0.6151 -0.0183
vn 0.7000 -0.7136 -0.0271
vn 0.7037 -0.7104 -0.0109
vn 0.9561 -0.2929 0.0086
vn 0.7907 -0.6121 0.0055
vn 0.7922 -0.6103 0.0076
vn 0.9999 0.0114 0.0056
vn 0.9962 0.0869 0.0012
vn 0.9999 0.0033 0.0108
vn 0.9564 -0.2918 0.0153
vn 0.8006 -0.5992 0.0016
vn 0.7016 -0.7125 -0.0024
vn 0.7145 -0.6993 -0.0222
vn -0.8052 0.5929 -0.0047
vn -0.8158 0.5783 -0.0048
vn -0.6940 0.7197 -0.0202
vn -0.8303 0.5571 -0.0152
vn -0.8320 0.5545 -0.0171
vn -0.7031 0.7109 -0.0145
vn -0.7069 0.7073 0.0083
vn -0.7340 0.6791 -0.0076
vn -0.8248 0.5653 -0.0094
vn 0.8157 -0.5778 -0.0285
vn 0.9932 -0.1148 -0.0172
vn 0.9925 -0.1201 -0.0242
vn 0.5723 0.8200 -0.0058
vn -0.3800 0.9249 0.0120
vn -0.3729 0.9278 0.0120
vn 0.8275 -0.5614 -0.0090
vn 0.9948 -0.1014 -0.0074
vn 0.9942 -0.1072 -0.0040
vn -0.3927 0.9197 0.0034
vn -0.3856 0.9227 0.0008
vn 0.5746 0.8184 0.0040
vn 0.9944 -0.1044 -0.0137
vn 0.5632 0.8261 0.0159
vn -0.4099 0.9121 0.0129
vn 0.9503 -0.3084 0.0423
vn 0.8098 -0.5845 0.0508
vn 0.8105 -0.5851 0.0271
vn 0.9992 -0.0341 0.0223
vn 0.9992 0.0392 0.0073
vn 0.9978 -0.0601 0.0292
vn 0.9443 -0.3255 0.0491
vn 0.8082 -0.5866 0.0515
vn 0.7336 -0.6777 0.0503
vn 0.7390 -0.6724 0.0423
vn 0.9353 -0.3482 0.0625
vn 0.8147 -0.5766 0.0608
vn 0.8117 -0.5817 0.0529
vn -0.8195 0.5729 -0.0148
vn -0.8125 0.5829 -0.0117
vn -0.6760 0.7369 0.0066
vn -0.7496 0.6616 -0.0217
vn -0.8281 0.5603 -0.0168
vn -0.8308 0.5562 -0.0186
vn -0.7526 0.6583 -0.0143
vn 0.8343 -0.5494 0.0459
vn 0.9940 -0.1021 0.0381
vn 0.9941 -0.1071 0.0145
vn -0.4313 0.9021 -0.0168
vn -0.4255 0.9049 -0.0045
vn 0.5495 0.8354 0.0153
vn 0.8578 -0.5126 0.0380
vn 0.9972 -0.0629 0.0394
vn 0.9971 -0.0714 0.0275
vn -0.4405 0.8977 -0.0046
vn -0.4368 0.8995 0.0034
vn 0.5307 0.8467 0.0387
vn 0.9978 -0.0233 0.0623
vn 0.9875 -0.1379 0.0762
vn 0.9886 -0.1335 0.0695
vn 0.9353 -0.3453 0.0766
vn 0.9343 -0.3494 0.0707
vn 0.8392 -0.5397 0.0670
vn 0.8294 -0.5561 0.0530
vn 0.7836 -0.6207 0.0266
vn 0.7950 -0.6042 0.0538
vn 0.9962 -0.0335 0.0804
vn 0.9863 -0.1391 0.0890
vn 0.9867 -0.1391 0.0847
vn 0.9426 -0.3229 0.0855
vn 0.8073 -0.5882 0.0472
vn 0.8613 -0.5039 0.0648
vn 0.8204 -0.5706 0.0383
vn -0.8040 0.5946 0.0015
vn -0.7975 0.6032 -0.0055
vn -0.6627 0.7487 0.0172
vn -0.7415 0.6709 0.0016
vn -0.8074 0.5901 0.0005
vn -0.7207 0.6931 -0.0145
vn -0.7770 0.6294 -0.0081
vn -0.7878 0.6159 -0.0062
vn -0.3793 0.9253 0.0020
vn -0.3625 0.9320 0.0030
vn -0.7115 0.7026 -0.0157
vn -0.4232 0.9060 0.0082
vn -0.4352 0.9003 0.0027
vn 0.5335 0.8453 0.0284
vn 0.8666 -0.4986 0.0202
vn 0.9978 -0.0497 0.0436
vn 0.9980 -0.0551 0.0307
vn 0.5386 0.8418 0.0371
vn -0.4094 0.9123 0.0019
vn 0.8844 -0.4650 0.0399
vn 0.9975 -0.0519 0.0484
vn 0.9973 -0.0477 0.0558
vn -0.3966 0.9180 0.0001
vn 0.5793 0.8139 0.0444
vn 0.9966 -0.0668 0.0472
vn 0.5958 0.8017 0.0483
vn 0.9938 -0.0374 0.1049
vn 0.9863 -0.1285 0.1033
vn 0.9862 -0.1360 0.0945
vn 0.9865 -0.1143 0.1172
vn 0.9567 -0.2733 0.1003
vn 0.8403 -0.5375 0.0705
vn 0.8922 -0.4462 0.0701
vn 0.8503 -0.5245 0.0435
vn 0.8940 -0.4463 0.0397
vn 0.9768 0.0119 0.2139
vn 0.9830 -0.0368 0.1801
vn 0.9864 -0.0860 0.1404
vn 0.9737 0.0233 0.2268
vn 0.9745 -0.1795 0.1347
vn -0.5632 0.8257 0.0312
vn -0.6999 0.7131 -0.0405
vn -0.5104 0.8588 0.0431
vn -0.6884 0.7249 -0.0239
vn -0.7408 0.6715 -0.0168
vn -0.7537 0.6571 -0.0115
vn -0.6543 0.7556 -0.0299
vn -0.7172 0.6965 -0.0230
vn -0.5748 0.8180 -0.0207
vn -0.2803 0.9453 0.1667
vn -0.4174 0.9052 0.0803
vn -0.2287 0.9735 0.0022
vn -0.1798 0.9837 0.0057
vn -0.6410 0.7662 -0.0456
vn 0.8919 -0.4483 0.0589
vn 0.9936 -0.0964 0.0586
vn 0.9951 -0.0823 0.0553
vn -0.3178 0.9482 -0.0000
vn -0.3434 0.9392 0.0005
vn 0.6450 0.7624 0.0522
vn 0.8896 -0.4541 0.0486
vn 0.9753 -0.2126 0.0597
vn 0.9839 -0.1672 0.0626
vn 0.7358 0.6733 0.0726
vn 0.7857 0.6141 0.0743
vn -0.6518 0.7511 -0.1046
vn -0.1340 0.9909 -0.0078
vn -0.0697 0.9967 -0.0421
vn 0.9031 0.4278 0.0373
vn 0.8310 0.5539 0.0510
vn 0.0687 0.0087 -0.9976
vn 0.0614 0.0032 -0.9981
vn 0.0791 -0.0161 -0.9967
vn -0.0690 -0.1408 -0.9876
vn 0.1379 -0.0304 -0.9900
vn 0.2213 0.0060 -0.9752
vn 0.0883 0.0068 -0.9961
vn 0.4639 -0.0000 -0.8859
vn 0.9071 -0.0134 -0.4206
vn 0.5273 -0.0109 -0.8496
vn 0.8996 -0.0158 -0.4364
vn 0.4951 -0.0090 -0.8688
vn 0.8864 -0.0170 -0.4627
vn 0.8573 -0.0124 -0.5147
vn 0.4453 0.0196 -0.8951
vn 0.8107 0.0174 -0.5852
vn 0.9583 0.0609 0.2791
vn 0.9561 0.0923 0.2782
vn 0.9604 0.0729 0.2689
vn 0.9768 0.0676 0.2031
vn 0.9823 0.0457 0.1817
vn 0.9998 0.0179 -0.0062
vn 0.9994 0.0186 -0.0281
vn 0.9689 0.0757 0.2357
vn 0.9994 0.0216 0.0284
vn 0.9519 -0.2235 0.2097
vn 0.9685 -0.0165 0.2486
vn 0.9939 -0.1096 0.0089
vn 0.9984 -0.0116 0.0559
vn -0.1376 0.9461 0.2933
vn 0.2801 0.1981 -0.9393
vn 0.1541 0.8965 -0.4153
vn -0.1698 0.8724 0.4583
vn -0.0421 0.8948 0.4444
vn -0.0483 0.9148 0.4009
vn -0.0695 0.9392 0.3364
vn 0.4861 0.2858 -0.8258
vn 0.4895 0.0995 -0.8663
vn -0.6089 0.7888 -0.0840
vn -0.4142 0.9046 0.1004
vn -0.0444 0.9730 0.2265
vn -0.2364 0.9169 0.3215
vn -0.4432 0.8849 0.1429
vn 0.7257 0.1046 -0.6801
vn 0.6752 0.4002 -0.6196
vn 0.8932 -0.4475 0.0448
vn 0.9641 -0.2642 0.0261
vn 0.9621 -0.2706 0.0332
vn 0.9766 0.2150 0.0089
vn 0.1093 0.9893 -0.0963
vn 0.9897 0.0876 -0.1129
vn 0.9823 -0.1831 -0.0401
vn 0.9226 0.0700 -0.3793
vn 0.9546 -0.0447 -0.2945
vn -0.8093 0.3295 0.4862
vn -0.8124 0.3195 0.4877
vn -0.7364 0.3022 0.6054
vn -0.7826 0.3531 0.5127
vn -0.6834 0.2516 0.6853
vn -0.9344 0.3533 -0.0460
vn -0.2562 -0.0187 0.9665
vn -0.2335 -0.0112 0.9723
vn -0.1946 -0.0043 0.9809
vn -0.1884 0.0026 0.9821
vn -0.1696 -0.0079 0.9855
vn -0.1669 0.0004 0.9860
vn -0.2329 0.0089 0.9725
vn -0.9836 -0.0041 -0.1805
vn -0.9995 0.0037 -0.0303
vn 0.1355 0.8217 0.5535
vn 0.9952 0.0862 -0.0469
vn 0.2550 -0.0077 0.9669
vn 0.2032 0.0015 0.9791
vn 0.1849 -0.0001 0.9828
vn 0.1793 -0.0005 0.9838
vn 0.1931 -0.0030 0.9812
vn 0.2485 0.1473 0.9574
vn 0.9694 0.1677 0.1791
vn -0.0673 0.0930 -0.9934
vn -0.1347 0.0884 -0.9869
vn -0.1867 0.0433 -0.9815
vn -0.1898 0.0187 -0.9816
vn -0.1722 -0.0162 -0.9849
vn -0.1935 0.0169 -0.9809
vn -0.0011 0.0009 -1.0000
vn -0.0915 -0.2097 -0.9735
vn -0.9851 -0.0175 0.1712
vn -0.9725 -0.0032 0.2329
vn -0.2626 0.0126 0.9648
vn 0.0835 0.8353 0.5434
vn -0.0000 -0.1052 0.9944
vn 0.0435 -0.1898 0.9809
vn -0.0100 0.0971 0.9952
vn 0.9050 -0.4154 0.0919
vn -0.9265 0.1348 0.3512
vn -0.6085 0.7806 0.1424
vn -0.1921 0.1151 -0.9746
vn -0.2092 0.0285 -0.9775
vn -0.1444 -0.0435 -0.9886
vn -0.0757 -0.2674 -0.9606
vn 0.0494 -0.9988 0.0066
vn 0.9675 0.0598 -0.2456
vn 0.9620 -0.0116 -0.2728
vn 0.9579 0.0771 -0.2765
vn 0.9635 -0.1329 -0.2325
vn 0.9238 -0.3821 -0.0239
vn 0.8860 -0.4634 -0.0171
vn 0.9681 -0.1736 -0.1808
vn 0.9778 -0.0111 -0.2090
vn 0.9592 -0.2491 -0.1336
vn -0.0353 -0.0854 -0.9957
vn -0.0257 0.8082 -0.5884
vn -0.0229 0.8036 -0.5947
vn -0.0248 0.8059 -0.5915
vn -0.1358 -0.8416 0.5228
vn 0.0193 -0.9960 -0.0871
vn 0.0104 -0.9963 -0.0858
vn 0.9991 0.0420 0.0109
vn 0.9995 0.0144 -0.0298
vn 0.9992 0.0105 0.0398
vn 0.0107 0.3289 0.9443
vn 0.0798 0.3054 0.9489
vn 0.1343 0.2602 0.9562
vn -0.3481 0.0082 0.9374
vn 0.9919 0.1067 -0.0683
vn -0.9962 0.0125 0.0863
vn -0.9985 0.0042 -0.0538
vn -0.9969 0.0189 0.0762
vn 0.1124 -0.0266 -0.9933
vn 0.0920 -0.1443 -0.9852
vn 0.0790 -0.1122 -0.9905
vn 0.0005 -0.1088 -0.9941
vn 0.1161 0.0567 -0.9916
vn 0.0345 -0.0943 -0.9949
vn 0.9956 0.0921 -0.0195
vn -0.1672 0.9119 0.3748
vn 0.9979 0.0635 0.0157
vn 0.0915 0.9947 -0.0467
vn 0.1456 0.9874 -0.0623
vn -0.5312 0.7787 -0.3338
vn 0.9787 -0.0197 -0.2043
vn 0.0927 0.7891 0.6072
vn 0.0506 0.7715 0.6343
vn 0.9646 0.0416 0.2605
vn 0.9541 0.0071 0.2995
vn 0.9553 0.0604 0.2895
vn 0.9600 -0.0523 0.2752
vn 0.8916 -0.4512 0.0389
vn 0.9467 -0.3025 0.1105
vn 0.9747 -0.0089 0.2232
vn 0.9671 -0.2046 0.1513
vn -0.8299 -0.5547 -0.0593
vn 0.2022 -0.9780 -0.0508
vn 0.3536 -0.9349 0.0309
vn -0.6099 -0.7925 -0.0033
vn 0.4343 -0.9005 0.0227
vn 0.3486 -0.9370 0.0221
vn 0.3654 -0.9305 0.0246
vn 0.2845 -0.9587 -0.0012
vn 0.3945 -0.9186 0.0241
vn 0.2548 -0.9660 -0.0429
vn 0.2358 -0.9703 -0.0539
vn -0.7858 -0.6161 -0.0543
vn -0.6142 -0.7800 0.1194
vn -0.7208 -0.6915 -0.0467
vn 0.3118 -0.9500 -0.0147
vn 0.4275 -0.9037 0.0258
vn 0.3877 -0.9212 0.0329
vn 0.4014 -0.9156 0.0220
vn -0.6017 -0.7987 0.0051
vn 0.3771 -0.9258 0.0255
vn -0.6723 -0.7398 -0.0271
vn 0.4115 -0.9105 0.0399
vn -0.7133 -0.7008 -0.0110
vn 0.4471 -0.8945 0.0061
vn -0.6331 -0.7738 0.0198
vn 0.3587 -0.9327 0.0360
vn 0.3253 -0.9454 0.0182
vn -0.6906 -0.7225 -0.0326
vn 0.0402 0.1776 -0.9833
vn -0.8389 0.5407 -0.0622
vn -0.9018 0.4198 -0.1021
vn 0.8831 0.4691 0.0061
vn -0.0579 0.1495 -0.9871
vn -0.0981 0.0763 -0.9923
vn -0.0849 -0.0439 -0.9954
vn -0.0661 -0.0904 -0.9937
vn -0.1170 0.0227 -0.9929
vn -0.0371 -0.2406 -0.9699
vn 0.8573 0.5115 -0.0574
vn 0.8968 0.4364 -0.0723
vn -0.8627 -0.5033 -0.0488
vn -0.8383 0.5440 -0.0364
vn -0.8596 -0.5103 0.0273
vn -0.9010 -0.4218 -0.1016
vn -0.8051 0.5930 -0.0088
vn -0.9643 0.0932 -0.2480
vn -0.9589 -0.0857 -0.2706
vn -0.9661 -0.0155 -0.2576
vn -0.9680 -0.0624 -0.2430
vn -0.9814 0.0218 -0.1905
vn -0.0456 -0.1006 -0.9939
vn -0.4163 -0.8971 0.1479
vn -0.5160 -0.8543 0.0634
vn -0.6138 0.7892 0.0210
vn -0.3180 0.9456 0.0687
vn -0.7499 0.6613 -0.0199
vn -0.4164 -0.9077 0.0520
vn -0.7488 0.6627 -0.0121
vn -0.2433 0.9697 0.0195
vn -0.6987 0.7154 -0.0010
vn -0.2412 0.9704 0.0132
vn -0.6837 0.7298 0.0015
vn -0.7009 0.7129 -0.0196
vn -0.2572 0.9662 -0.0187
vn 0.6808 0.7321 0.0229
vn 0.3273 0.9449 0.0019
vn 0.6975 0.7160 0.0290
vn 0.8073 -0.5886 0.0427
vn 0.7948 -0.6060 0.0307
vn 0.1289 0.9911 -0.0325
vn -0.6955 -0.7184 0.0105
vn -0.0322 -0.9994 -0.0153
vn -0.0902 -0.9938 -0.0657
vn 0.2436 0.9501 -0.1950
vn 0.2673 0.9403 -0.2108
vn 0.2252 0.9559 -0.1885
vn 0.0109 0.9471 0.3209
vn 0.0092 0.9471 0.3208
vn 0.0707 0.9288 0.3638
vn 0.0067 0.9468 0.3219
vn 0.0011 0.9506 0.3105
vn 0.2204 0.9741 -0.0503
vn 0.0966 0.9952 -0.0137
vn 0.1129 0.9884 -0.1017
vn -0.8172 -0.5758 -0.0247
vn -0.8086 -0.5880 -0.0200
vn -0.2097 -0.9626 0.1716
vn -0.4061 -0.9047 0.1285
vn 0.2931 -0.9560 0.0134
vn 0.1360 -0.9851 0.1051
vn 0.3092 -0.9505 -0.0309
vn 0.1862 -0.9639 -0.1905
vn 0.0796 -0.9957 -0.0481
vn 0.1373 -0.9616 0.2378
vn 0.3425 0.9371 -0.0677
vn 0.3698 -0.9012 -0.2259
vn 0.3437 -0.9088 -0.2364
vn -0.7831 -0.6214 -0.0240
vn -0.4038 -0.9126 0.0639
vn -0.6131 -0.2565 0.7472
vn -0.6771 0.3310 0.6572
vn -0.7067 -0.3198 0.6311
vn -0.0084 0.9633 -0.2684
vn 0.3541 0.9277 -0.1179
vn -0.0065 -0.9645 -0.2642
vn 0.8850 -0.4645 0.0312
vn -0.6852 0.7281 0.0164
vn -0.3445 0.9379 -0.0413
vn -0.4332 0.8976 -0.0811
vn -1.0000 -0.0022 -0.0075
vn -0.8399 -0.5425 0.0173
vn 0.7971 0.6012 0.0565
vn 0.7962 0.6026 0.0535
vn 0.7707 0.6353 0.0499
vn -0.9546 0.2942 -0.0456
vn 0.8409 -0.5398 0.0381
vn 0.7504 -0.6600 0.0365
vn 0.8471 -0.5307 0.0255
vn -0.4709 0.8807 -0.0521
vn -0.4241 0.9034 -0.0629
vn 0.5155 0.8558 -0.0437
vn 0.5425 0.8392 -0.0378
vn -0.9833 -0.1793 -0.0300
vn -0.5732 0.8194 0.0001
vn -0.9892 -0.1446 -0.0238
vn -0.8348 -0.5500 0.0233
vn -0.7820 -0.6222 0.0375
vn -0.8231 -0.5666 0.0374
vn 0.7440 0.6677 0.0243
vn 0.7624 0.6464 0.0292
vn 0.7037 -0.7105 -0.0088
vn 0.6370 -0.7702 -0.0317
vn -0.8555 0.5174 0.0193
vn -0.8738 0.4853 0.0313
vn 0.5876 0.8082 -0.0389
vn 0.8186 -0.5744 0.0004
vn 0.6178 0.7863 -0.0105
vn 0.7721 0.6355 0.0009
vn 0.7087 0.7052 0.0194
vn 0.7595 0.6504 0.0083
vn -0.6916 -0.7223 -0.0004
vn -0.2244 0.9510 -0.2126
vn -0.5716 0.1958 0.7968
vn -0.0135 -0.9754 -0.2201
vn 0.0094 -0.9653 -0.2608
vn 0.0198 -0.9591 -0.2825
vn 0.0164 -0.9755 -0.2195
vn -0.0193 0.9735 -0.2280
vn -0.0020 -0.9797 -0.2006
vn -0.7439 0.2839 0.6050
vn -0.7736 0.3480 0.5295
vn 0.9957 -0.0365 0.0852
vn 0.9965 -0.0304 0.0774
vn -0.9870 0.1574 0.0318
vn 0.9814 0.1764 0.0761
vn -0.9988 -0.0482 -0.0091
vn 0.9999 -0.0068 0.0087
vn 0.9997 0.0186 0.0177
vn -0.9992 -0.0270 -0.0302
vn -0.9993 -0.0332 -0.0181
vn -0.9994 0.0027 -0.0335
vn 0.9919 0.1225 0.0336
vn 0.9980 0.0624 -0.0089
vn 0.9969 0.0793 -0.0006
vn 1.0000 0.0033 0.0053
vn 0.9961 0.0888 0.0016
vn 0.0129 0.9587 -0.2841
vn 0.1091 -0.9641 -0.2423
vn 0.8476 -0.5266 0.0659
vn 0.9956 -0.0768 0.0546
vn 0.9391 -0.3391 0.0559
vn -0.6492 0.7603 0.0237
vn -0.9521 0.3055 0.0158
vn 0.9516 -0.3070 -0.0148
vn -0.5648 0.8250 -0.0161
vn -0.0900 0.9879 -0.1260
vn 0.1362 0.9824 -0.1275
vn 0.0844 0.9832 -0.1619
vn -0.0644 0.9871 -0.1468
vn -0.0159 0.9712 -0.2377
vn 0.5316 0.8467 -0.0243
vn 0.5201 0.8534 -0.0343
vn 0.5445 0.8375 -0.0464
vn 0.4232 0.9021 -0.0842
vn 0.0370 0.9554 -0.2929
vn -0.0115 0.9574 -0.2885
vn -0.0422 -0.2231 -0.9739
vn 0.5405 -0.8405 -0.0376
vn 0.4770 -0.8744 -0.0887
vn 0.2966 -0.9391 -0.1738
vn -0.5858 -0.8102 -0.0187
vn -0.4643 -0.8844 -0.0471
vn 0.8618 -0.5072 -0.0074
vn -0.7361 0.6767 -0.0116
vn 0.1761 0.9835 -0.0414
vn 0.0228 0.9997 0.0005
vn -0.7187 0.6953 0.0088
vn -0.7443 0.6678 -0.0075
vn -0.7516 0.6593 -0.0177
vn -0.6844 0.7285 -0.0295
vn -0.6917 0.7215 -0.0323
vn -0.2163 0.9651 0.1478
vn -0.3049 0.9484 0.0867
vn 0.3838 0.9233 -0.0119
vn -0.3084 0.9498 0.0523
vn -0.6286 0.7774 0.0206
vn -0.2630 0.9641 0.0359
vn 0.5084 0.8608 0.0236
vn 0.1734 0.9811 -0.0854
vn 0.4892 0.8700 -0.0606
vn 0.1517 0.9796 -0.1320
vn 0.0250 -0.9743 0.2238
vn 0.1472 -0.9797 0.1360
vn 0.6578 -0.7532 -0.0056
vn 0.1990 -0.9515 -0.2347
vn 0.1242 -0.9844 -0.1247
vn 0.2006 -0.9686 -0.1470
vn 0.1810 -0.9669 -0.1799
vn 0.6449 0.7638 -0.0275
vn 0.6053 0.7960 -0.0056
vn -0.6736 0.7387 -0.0245
vn -0.7001 0.7138 -0.0198
vn -0.6861 0.7274 -0.0095
vn 0.3732 0.9276 0.0167
vn 0.7397 0.6727 0.0187
vn -0.2471 0.9690 -0.0054
vn -0.7001 0.7139 -0.0116
vn -0.2439 0.9698 0.0007
vn -0.2516 0.9677 -0.0125
vn 0.7274 0.6856 0.0306
vn 0.3712 0.9285 0.0147
vn -0.6585 0.7516 -0.0393
vn 0.6020 0.7984 -0.0124
vn 0.1846 0.9779 -0.0983
vn -0.7873 -0.6164 -0.0143
vn 0.8041 -0.5928 0.0454
vn 0.7486 -0.6629 0.0126
vn -0.6555 0.7549 0.0189
vn -0.2859 0.9572 0.0442
vn 0.5877 0.8088 0.0198
vn -0.6313 0.7749 -0.0312
vn 0.1955 0.9790 -0.0574
vn 0.5613 0.8269 -0.0330
vn 0.7807 -0.6248 -0.0116
vn 0.7160 -0.6981 -0.0012
vn -0.8307 -0.5561 -0.0249
vn -0.7741 -0.6326 -0.0232
vn -0.7285 0.6849 -0.0126
vn -0.7570 -0.6532 -0.0173
vn 0.8270 -0.5622 -0.0026
vn 0.7973 0.6032 -0.0241
vn 0.8451 -0.5345 -0.0068
vn 0.8540 -0.5202 -0.0117
vn 0.8470 -0.5298 -0.0443
vn 0.8174 -0.5752 -0.0314
vn 0.8474 -0.5303 -0.0269
vn -0.9592 -0.2754 -0.0638
vn -0.9330 -0.3599 -0.0036
vn 0.8501 0.5258 -0.0294
vn 0.8773 0.4795 -0.0203
vn 0.8983 0.4362 -0.0521
vn 0.8280 0.5602 0.0233
vn -0.7696 0.6365 -0.0515
vn -0.7570 0.6526 -0.0316
vn -0.9673 -0.2477 -0.0537
vn -0.8005 0.5989 -0.0247
vn 0.8912 0.4472 -0.0761
vn 0.9950 0.0968 -0.0231
vn 0.9995 0.0240 -0.0218
vn -0.9952 -0.0948 -0.0241
vn -0.9920 -0.1100 -0.0621
vn 0.9910 0.1237 -0.0508
vn 0.9984 -0.0108 -0.0559
vn 0.9979 -0.0179 -0.0628
vn 0.9986 0.0017 -0.0523
vn 0.9977 -0.0248 -0.0635
vn 0.9977 -0.0219 -0.0646
vn 0.9976 -0.0275 -0.0643
vn 0.9979 0.0090 -0.0634
vn -0.9997 0.0176 -0.0188
vn -0.9969 0.0294 -0.0724
vn -0.9987 -0.0498 -0.0084
vn 0.9879 0.1356 -0.0753
vn -1.0000 -0.0098 0.0012
vn 0.9839 0.0077 -0.1788
vn 0.9576 -0.2813 -0.0614
vn 0.9616 -0.2656 -0.0687
vn 0.9618 -0.2658 -0.0655
vn 0.9972 0.0588 -0.0452
vn -0.7563 -0.6541 -0.0113
vn -0.9129 -0.4082 -0.0076
vn 0.8489 0.5180 -0.1052
vn 0.8924 0.4404 -0.0986
vn -0.7670 0.6409 0.0300
vn -0.7740 0.6324 0.0301
vn -0.9836 -0.0046 -0.1802
vn 0.9960 0.0097 -0.0893
vn 0.9957 -0.0265 -0.0893
vn -0.9928 -0.0810 -0.0883
vn -0.9656 -0.2524 -0.0621
vn -0.9931 -0.0900 -0.0757
vn -0.9967 0.0005 -0.0810
vn -0.9965 0.0267 -0.0797
vn -0.9930 0.0198 -0.1166
vn 0.9850 0.1508 -0.0834
vn -0.9949 0.0825 0.0584
vn -0.8619 0.3686 0.3482
vn -0.9067 0.1161 0.4054
vn -0.8904 -0.1630 0.4249
vn -0.8632 -0.2339 0.4474
vn 0.8316 -0.5514 0.0662
vn 0.8861 -0.4606 0.0526
vn 0.8686 -0.4935 0.0438
vn 0.8656 -0.4989 0.0425
vn -0.6766 0.7352 -0.0415
vn -0.9415 -0.3341 -0.0444
vn -0.7227 -0.6908 -0.0207
vn 0.7814 0.6226 0.0424
vn 0.7514 0.6583 0.0457
vn 0.7830 0.6198 0.0526
vn -0.7468 0.6650 0.0008
vn -0.7538 0.6570 0.0104
vn -0.5965 0.8026 -0.0093
vn -0.9719 -0.2308 -0.0457
vn -0.7528 -0.6581 -0.0142
vn -0.8404 -0.5419 -0.0081
vn -0.7670 0.6415 0.0136
vn -0.8140 0.5808 -0.0050
vn 0.8146 -0.5799 -0.0134
vn 0.8286 -0.5589 -0.0305
vn 0.7286 -0.6847 0.0142
vn 0.8294 -0.5586 0.0081
vn 0.7233 -0.6905 0.0018
vn 0.8181 -0.5750 0.0103
vn -0.9998 -0.0201 -0.0091
vn -0.8064 -0.5883 0.0607
vn -0.9972 -0.0729 -0.0176
vn -0.8087 -0.5856 0.0560
vn -0.8337 -0.5505 0.0436
vn 0.7710 0.6364 0.0233
vn 0.7712 0.6366 -0.0018
vn 0.7387 0.6740 0.0032
vn 0.7814 0.6239 -0.0113
vn -0.9395 0.3423 0.0109
vn -0.9069 0.4201 0.0331
vn -0.9958 -0.0756 0.0517
vn -0.3682 0.9295 0.0184
vn -0.9950 -0.0996 0.0071
vn -0.3765 0.9263 0.0101
vn -0.9418 -0.0592 0.3308
vn -0.9509 -0.2918 0.1031
vn -0.9224 -0.3491 0.1652
vn -0.4863 0.8736 0.0202
vn -0.9998 -0.0179 -0.0084
vn -0.8790 -0.4670 -0.0963
vn -0.8636 -0.4961 -0.0896
vn -0.9539 -0.2970 -0.0434
vn -0.6380 0.7694 -0.0311
vn -0.7161 -0.6977 -0.0203
vn 0.7675 0.6409 0.0113
vn 0.8069 0.5906 -0.0104
vn -0.8980 0.3967 -0.1901
vn -0.9489 0.0580 0.3103
vn -0.9636 0.2589 0.0661
vn -0.8822 0.4446 -0.1547
vn -0.9358 0.3365 -0.1050
vn -0.7742 0.6315 -0.0424
vn 0.8256 0.5627 0.0419
vn 0.8177 0.5744 0.0379
vn 0.7949 0.6059 0.0304
vn 0.9581 -0.2750 -0.0796
vn 0.9940 0.0620 -0.0900
vn -0.7703 -0.0632 0.6346
vn -0.7694 0.1225 0.6270
vn -0.7915 -0.0849 0.6052
vn -0.9527 -0.3003 -0.0459
vn -0.9914 -0.1182 -0.0559
vn 0.9916 -0.0310 0.1252
vn 0.9858 0.0021 0.1679
vn 0.9868 -0.0149 0.1612
vn 0.9975 -0.0025 0.0704
vn 0.9970 -0.0275 0.0721
vn 0.9987 -0.0149 0.0489
vn 0.9982 -0.0038 0.0604
vn -0.9983 0.0024 -0.0585
vn -0.9978 0.0319 -0.0582
vn -0.9600 -0.2800 -0.0085
vn -0.9991 -0.0418 -0.0061
vn 0.9860 0.1561 0.0586
vn 0.9839 0.1655 0.0674
vn 0.9989 0.0476 -0.0034
vn -1.0000 0.0078 0.0019
vn -0.9996 -0.0284 -0.0019
vn 0.9283 0.3712 -0.0203
vn 0.9963 0.0845 -0.0168
vn 0.9983 0.0585 0.0025
vn 0.9956 0.0936 0.0013
vn 1.0000 0.0021 -0.0015
vn 0.9985 0.0549 -0.0083
vn -0.9974 0.0668 -0.0266
vn -0.9878 -0.1557 -0.0022
vn -0.9920 -0.1192 -0.0410
vn -0.7134 -0.0645 0.6978
vn -0.7665 -0.0520 0.6401
vn -0.7176 0.0668 0.6933
vn -0.9889 -0.0180 0.1475
vn -0.9896 0.0778 0.1209
vn -0.9991 0.0259 -0.0327
vn -0.9999 0.0048 -0.0153
vn -0.9680 -0.2453 0.0530
vn -0.8007 -0.2725 0.5335
vn -0.8501 -0.3195 0.4186
vn 0.8902 -0.4541 0.0380
vn 0.9656 -0.2350 0.1112
vn 0.9102 -0.4071 0.0768
vn 0.9337 -0.3518 0.0668
vn 0.9969 -0.0616 0.0494
vn -0.9581 0.2827 -0.0469
vn -0.9641 0.2656 0.0010
vn 0.9515 -0.3065 -0.0268
vn 0.9999 0.0080 -0.0152
vn 0.9995 0.0307 0.0040
vn -0.9086 -0.0037 0.4177
vn -0.7403 -0.1870 0.6457
vn -0.9525 0.3014 -0.0428
vn -0.9080 0.4095 -0.0886
vn -0.9542 0.2963 -0.0403
vn 0.8781 -0.4714 0.0827
vn 0.9970 -0.0546 0.0549
vn -0.0372 0.9235 0.3818
vn -0.0068 0.8843 0.4668
vn 0.7005 -0.7128 -0.0351
vn 0.6574 0.7429 -0.1266
vn 0.1698 -0.9742 0.1486
vn -0.0678 0.9075 0.4145
vn -0.0608 0.9065 0.4178
vn -0.0041 -0.8335 -0.5526
vn -0.0182 -0.8668 -0.4982
vn -0.1321 -0.9910 0.0218
vn 0.7443 0.6656 0.0543
vn -0.1457 -0.9892 0.0153
vn 0.4490 -0.8930 0.0325
vn 0.3566 -0.9343 0.0002
vn -0.1994 -0.9798 -0.0133
vn 0.2407 0.9696 -0.0433
vn 0.1635 -0.8482 0.5037
vn -0.0724 -0.9063 0.4164
vn 0.0953 0.9807 0.1709
vn -0.0700 0.9113 0.4057
vn -0.0675 0.9219 0.3814
vn 0.0018 0.9602 0.2794
vn 0.0519 -0.9040 0.4244
vn 0.1499 -0.9621 0.2280
vn 0.2078 -0.9662 -0.1525
vn 0.2054 0.9785 0.0196
vn -0.2253 -0.9438 0.2420
vn -0.4097 -0.8706 0.2722
vn -0.0312 0.2069 -0.9779
vn -0.1679 -0.9831 -0.0726
vn -0.0920 -0.9905 -0.1022
vn -0.0342 0.2252 -0.9737
vn -0.0414 0.2226 -0.9740
vn -0.2142 -0.9757 -0.0465
vn -0.0435 0.1235 -0.9914
vn -0.0249 0.1057 -0.9941
vn 0.0796 0.0260 -0.9965
vn 0.0066 0.0532 -0.9986
vn -0.0197 -0.1051 -0.9943
vn 0.0926 -0.1133 -0.9892
vn 0.0198 -0.0610 -0.9979
vn -0.6323 0.7741 0.0313
vn -0.0450 -0.9770 -0.2083
vn -0.2704 -0.9546 -0.1250
vn -0.0026 -0.9564 -0.2919
vn 0.0448 -0.9576 -0.2846
vn -0.0622 -0.9686 -0.2408
vn 0.0469 -0.9532 -0.2985
vn 0.0002 -0.9511 -0.3089
vn -0.0329 0.0832 -0.9960
vn 0.1830 0.9695 -0.1629
vn 0.4431 -0.8946 -0.0578
vn 0.3948 -0.9128 -0.1043
vn 0.0812 -0.1367 -0.9873
vn 0.1062 -0.9811 -0.1615
vn 0.0303 -0.9738 -0.2254
vn -0.4899 -0.8698 0.0583
vn -0.6688 -0.7432 0.0170
vn 0.7340 -0.6790 -0.0166
vn 0.6345 -0.7683 -0.0847
vn 0.5956 -0.8033 0.0038
vn 0.6692 0.7421 -0.0392
vn 0.3794 -0.9242 0.0449
vn -0.1037 -0.9938 0.0399
vn 0.7470 0.6631 0.0485
vn 0.6873 0.7256 0.0332
vn -0.2012 -0.9791 -0.0282
vn 0.4098 -0.9119 0.0230
vn -0.1734 -0.9848 0.0028
vn -0.1951 -0.9808 -0.0080
vn 0.3912 -0.9201 0.0175
vn -0.2138 -0.9756 -0.0506
vn 0.2920 -0.9559 -0.0326
vn 0.7271 -0.6863 -0.0204
vn 0.7594 0.6500 -0.0288
vn 0.6372 0.7702 -0.0287
vn 0.7658 0.6422 -0.0342
vn 0.6333 0.7737 0.0180
vn 0.4178 -0.9077 0.0396
vn -0.1017 -0.9935 0.0510
vn 0.2528 -0.9660 -0.0537
vn -0.1998 -0.9780 -0.0600
vn -0.6347 -0.7723 0.0261
vn -0.4699 -0.8798 0.0715
vn 0.1320 -0.8312 0.5401
vn -0.4261 0.0318 0.9041
vn -0.4959 -0.0962 0.8631
vn -0.0480 0.9470 0.3177
vn 0.2505 0.8954 -0.3681
vn 0.5112 -0.8577 0.0546
vn -0.3973 -0.9155 0.0638
vn 0.9891 0.0774 -0.1256
vn 0.3621 -0.9315 0.0346
vn -0.4975 -0.8672 -0.0197
vn 0.5136 -0.8578 -0.0206
vn 0.4743 -0.8800 -0.0238
vn -0.4143 -0.9100 -0.0133
vn -0.3998 -0.9165 -0.0133
vn 0.4528 -0.8908 -0.0370
vn -0.3351 0.9421 -0.0153
vn 0.4760 -0.8787 -0.0354
vn -0.4516 -0.8912 0.0420
vn -0.4348 -0.8996 0.0411
vn -0.4831 -0.8754 0.0184
vn 0.3782 -0.9247 0.0430
vn -0.4918 -0.8707 -0.0094
vn 0.3802 -0.9246 0.0255
vn -0.4112 -0.9111 -0.0302
vn -0.5038 -0.8637 -0.0127
vn -0.4994 -0.8662 -0.0179
vn 0.6776 0.7328 -0.0629
vn 0.9994 -0.0055 0.0341
vn 0.7535 0.5917 -0.2864
vn 0.9808 -0.1381 -0.1380
vn 0.9936 0.0552 0.0981
vn -0.7978 0.0193 -0.6026
vn -0.5541 0.0103 -0.8324
vn -0.8012 0.0078 -0.5984
vn -0.4162 0.7195 -0.5560
vn -0.9520 0.3037 0.0394
vn -0.7690 -0.6389 0.0204
vn -0.8744 0.0526 0.4823
vn -0.8926 0.0488 0.4481
vn -0.7285 -0.0487 0.6833
vn -0.9293 0.0205 0.3687
vn -0.7082 0.0159 0.7058
vn -0.6883 -0.0111 0.7253
vn -0.8502 0.1149 0.5137
vn -0.9214 0.0304 0.3874
vn -0.4512 0.0023 0.8924
vn -0.1167 -0.1364 0.9838
vn -0.3321 0.0483 0.9420
vn 0.2582 0.9571 -0.1315
vn -0.9308 -0.0218 -0.3649
vn -0.3748 0.7066 0.6002
vn -0.2214 0.7538 0.6187
vn 0.9966 0.0070 0.0825
vn 0.8745 -0.4566 -0.1635
vn 0.1735 0.9804 -0.0931
vn 0.1945 0.9786 -0.0670
vn -0.6988 0.7146 0.0314
vn -0.6099 0.7537 0.2448
vn 0.0499 0.8237 0.5649
vn 0.0822 0.1509 0.9851
vn 0.7616 0.0642 -0.6449
vn 0.4733 0.0650 -0.8785
vn 0.9189 0.0064 -0.3944
vn 0.4513 0.0412 -0.8914
vn 0.5999 -0.0071 -0.8000
vn -0.0254 0.8044 -0.5936
vn 0.1603 0.9843 -0.0742
vn 0.2109 0.9667 -0.1452
vn 0.1530 -0.9190 -0.3634
vn -0.7517 0.0646 0.6563
vn -0.7280 -0.0564 0.6832
vn -0.9308 0.0095 -0.3654
vn -0.8895 0.1264 -0.4392
vn -0.6656 -0.0439 -0.7450
vn 0.1080 0.9940 -0.0186
vn -0.7296 0.6605 0.1770
vn 0.4902 0.8692 -0.0645
vn -0.7352 0.3338 0.5899
vn -0.7187 -0.0365 0.6944
vn -0.8212 -0.0444 -0.5689
vn -0.9260 -0.0265 -0.3767
vn -0.8585 -0.0417 0.5111
vn -0.9317 -0.0198 0.3627
vn -0.6015 0.7796 -0.1744
vn -0.9574 0.1520 -0.2454
vn -0.3603 0.0147 0.9327
vn -0.3476 -0.0236 0.9374
vn 0.3978 0.0376 0.9167
vn 0.3728 0.0305 0.9274
vn 0.9437 -0.3144 0.1027
vn -0.7652 -0.0775 0.6392
vn -0.1946 -0.9678 0.1597
vn -0.2481 -0.9530 0.1742
vn -0.7641 0.6444 0.0284
vn -0.9664 0.0284 -0.2554
vn -0.8711 0.4881 -0.0543
vn -0.9569 0.1290 -0.2602
vn -0.9917 0.0209 -0.1272
vn -0.9795 0.0888 -0.1811
vn -0.9918 -0.0386 -0.1217
vn -0.9836 -0.1732 0.0499
vn -0.9716 -0.0289 -0.2347
vn 0.1407 -0.9728 0.1839
vn -0.1836 0.8159 0.5482
vn 0.9638 0.0668 0.2579
vn 0.9588 0.0113 0.2840
vn -0.0983 0.8159 0.5698
vn 0.9309 0.3650 -0.0161
vn 0.8886 0.4516 -0.0796
vn 0.9694 0.0629 -0.2372
vn 0.9657 -0.1017 -0.2389
vn 0.9720 -0.0149 -0.2346
vn 0.9808 0.0241 -0.1933
vn 0.9584 0.1218 -0.2583
vn 0.9162 -0.3855 -0.1093
vn -0.0191 -0.7631 0.6460
vn 0.0729 -0.9973 0.0064
vn 0.9975 0.0667 0.0227
vn 0.1261 0.3030 0.9446
vn 0.0560 -0.2714 0.9608
vn -0.9892 -0.1112 0.0958
vn -0.9798 0.1872 0.0709
vn -0.6980 -0.7157 -0.0244
vn 0.9683 -0.2459 0.0436
vn 0.9740 -0.2243 -0.0320
vn 0.6818 0.7292 0.0592
vn 0.9907 -0.1222 0.0596
vn -0.9976 -0.0138 0.0672
vn -0.9968 0.0015 0.0793
vn -0.9969 0.0085 0.0778
vn -0.9966 -0.0199 0.0800
vn -0.9970 -0.0226 0.0740
vn -0.9969 0.0139 0.0776
vn -0.9779 -0.0004 0.2089
vn -0.9968 0.0084 0.0800
vn 0.9933 0.1076 -0.0423
vn 0.8583 0.5052 -0.0903
vn 0.8747 0.4829 -0.0425
vn 0.9795 -0.1010 0.1741
vn 0.9527 0.2922 0.0835
vn 0.8914 -0.4494 0.0590
vn -0.4101 0.9118 0.0199
vn 0.6206 0.7838 -0.0205
vn -0.5376 0.8431 0.0133
vn 0.4781 0.8783 0.0055
vn -0.4518 0.8918 0.0241
vn -0.2717 0.9623 -0.0085
vn 0.6507 0.7589 -0.0267
vn 0.0854 -0.1151 -0.9897
vn 0.1038 -0.1004 -0.9895
vn 0.0588 -0.0856 -0.9946
vn -0.8360 -0.5436 -0.0747
vn -0.9600 0.0637 -0.2725
vn -0.9601 -0.0183 -0.2789
vn -0.9577 -0.0167 -0.2872
vn -0.9691 0.0687 -0.2368
vn -0.9795 -0.0003 -0.2016
vn -0.9661 -0.0896 -0.2422
vn -0.8884 0.4523 -0.0791
vn -0.8209 0.5692 -0.0460
vn -0.8405 0.5363 -0.0765
vn 0.0338 0.9961 -0.0809
vn 0.9761 -0.1752 -0.1285
vn 0.9709 -0.0035 -0.2395
vn 0.9848 0.0536 -0.1651
vn 0.9608 0.2548 -0.1090
vn 0.9731 0.0424 -0.2266
vn 0.9824 -0.0047 -0.1865
vn 0.8570 -0.5150 -0.0181
vn 0.2256 0.9733 -0.0432
vn 0.2077 0.9769 -0.0499
vn -0.6433 -0.0156 0.7654
vn 0.1034 0.8086 0.5792
vn -0.2550 0.1314 0.9580
vn -0.2860 0.0757 0.9552
vn -0.2215 -0.1172 0.9681
vn -0.4633 -0.0694 0.8835
vn 0.1961 -0.9797 0.0409
vn 0.1446 0.9664 0.2124
vn 0.0819 0.9495 0.3031
vn 0.0244 -0.8594 0.5107
vn 0.0409 -0.8631 0.5034
vn -0.9517 0.0381 0.3047
vn -0.6967 -0.7116 0.0906
vn 0.7509 0.6597 -0.0304
vn 0.7376 0.6741 -0.0390
vn 0.7147 -0.6983 -0.0394
vn 0.6825 -0.7287 -0.0575
vn 0.8749 0.4823 0.0428
vn 0.7640 0.6439 0.0425
vn -0.9702 -0.1344 0.2018
vn -0.3570 0.9339 0.0209
vn 0.9971 -0.0021 0.0756
vn 0.9094 0.4104 0.0679
vn -0.7797 -0.2156 0.5879
vn -0.8303 -0.2126 0.5152
vn -0.8224 -0.3272 0.4653
vn -0.7212 -0.6924 -0.0204
vn 0.6903 0.7234 -0.0126
vn 0.6745 -0.7381 0.0159
vn 0.1413 0.9884 0.0552
vn -0.6474 0.7619 0.0193
vn -0.6386 0.7693 0.0205
vn 0.0566 -0.9920 -0.1125
vn 0.4417 -0.8938 -0.0771
vn 0.4403 -0.8973 0.0305
vn -0.6668 -0.7452 -0.0088
vn -0.8156 -0.5786 0.0069
vn -0.6442 -0.7649 -0.0068
vn -0.0251 0.8059 -0.5916
vn 0.5450 -0.8378 -0.0313
vn -0.6018 -0.7986 0.0109
vn -0.1107 -0.9933 0.0341
vn -0.5479 -0.8359 0.0315
vn 0.6946 0.7194 -0.0029
vn -0.6184 -0.7849 -0.0391
vn -0.1596 -0.9871 0.0089
vn 0.7470 0.6646 0.0170
vn -0.6326 -0.7737 -0.0344
vn -0.2055 -0.9780 -0.0366
vn 0.2644 -0.9395 -0.2177
vn -0.5056 -0.8617 -0.0427
vn -0.1448 -0.9862 -0.0808
vn -0.0601 0.9487 0.3103
vn -0.0481 0.1726 -0.9838
vn -0.0433 0.1731 -0.9840
vn -0.1793 -0.9749 -0.1320
vn -0.0064 -0.9853 -0.1706
vn -0.3672 -0.9274 -0.0713
vn -0.0645 -0.9911 -0.1162
vn 0.7205 0.6923 -0.0400
vn -0.7711 -0.6363 0.0230
vn -0.0185 -0.1949 -0.9807
vn 0.0364 -0.1630 -0.9860
vn 0.3068 0.9448 -0.1151
vn -0.0751 0.9758 -0.2053
vn -0.1189 0.9869 -0.1089
vn -0.0471 0.1233 -0.9912
vn -0.9988 0.0472 -0.0154
vn -0.9998 0.0048 -0.0178
vn 0.0180 -0.0042 -0.9998
vn 1.0000 0.0019 0.0012
vn -0.0199 -0.0091 -0.9998
vn 0.9954 0.0963 0.0016
vn 0.9990 0.0453 0.0001
vn 0.9274 0.3740 -0.0058
vn -0.9525 -0.3046 0.0065
vn -0.9979 0.0641 -0.0082
vn 0.0044 -0.1363 -0.9907
vn 0.9999 0.0133 0.0019
vn 0.9561 -0.2929 0.0023
vn 0.2517 -0.9572 -0.1431
vn 0.4446 -0.8912 -0.0900
vn -0.1108 -0.9798 -0.1664
vn 0.2518 0.9584 -0.1345
vn -0.7800 0.6244 0.0417
vn -0.6062 -0.7944 -0.0381
vn -0.2089 -0.9764 -0.0550
vn 0.7626 0.6464 -0.0221
vn 0.6687 0.7435 0.0001
vn 0.5802 0.8142 -0.0200
vn 0.8200 -0.5722 0.0117
vn 0.7008 -0.7132 0.0162
vn 0.1892 0.9680 -0.1647
vn -0.0326 0.9730 0.2286
vn -0.4300 0.9028 -0.0034
vn 0.5434 0.8393 0.0137
vn -0.6571 -0.7537 -0.0119
vn 0.3673 0.9299 0.0185
vn 0.7348 0.6782 0.0108
vn -0.6904 0.7234 -0.0026
vn -0.8247 0.5654 -0.0144
vn -0.7271 0.6865 -0.0011
vn 0.1966 -0.9752 -0.1013
vn -0.0271 0.9066 0.4212
vn 0.3766 -0.9119 -0.1631
vn 0.3758 -0.9064 -0.1930
vn -0.0304 0.1355 -0.9903
vn 0.1570 0.9652 -0.2091
vn -0.0355 -0.2448 -0.9689
vn -0.0417 -0.2399 -0.9699
vn -0.0527 0.0958 -0.9940
vn -0.0395 0.1134 -0.9928
vn -0.0769 0.0004 -0.9970
vn -0.0389 -0.1670 -0.9852
vn 0.0131 0.9319 0.3625
vn 0.7226 -0.6904 0.0336
vn 0.8411 0.5406 0.0202
vn 0.7147 0.6992 0.0157
vn 0.9983 -0.0578 -0.0002
vn 1.0000 0.0035 0.0042
vn 0.9292 0.3695 -0.0105
vn 0.9999 -0.0071 -0.0104
vn 0.7001 -0.7141 -0.0006
vn -0.3660 0.9306 -0.0058
vn 0.5900 0.8072 -0.0178
vn 0.2308 -0.9726 -0.0296
vn 0.1959 -0.9712 -0.1357
vn 0.2084 0.9727 0.1022
vn -0.6852 -0.7283 -0.0113
vn -0.7777 0.6279 -0.0305
vn -0.7240 0.6897 0.0084
vn -0.6832 0.7299 0.0226
vn 0.0046 0.9533 -0.3020
vn -0.7736 0.6335 -0.0120
vn -0.6831 0.7302 -0.0141
vn 0.2569 -0.9602 -0.1092
vn 0.2431 -0.9598 -0.1405
vn -0.5589 -0.8244 0.0891
vn -0.6620 0.7476 -0.0528
vn 0.1983 -0.9791 -0.0447
vn 0.1466 -0.9766 -0.1571
vn 0.2324 0.9650 -0.1216
vn -0.0417 0.9070 0.4190
vn 0.2053 0.9785 0.0216
vn 0.1859 -0.9808 -0.0589
vn 0.0110 -0.9679 -0.2512
vn 0.2652 -0.9631 -0.0458
vn 0.2787 -0.9596 -0.0387
vn 0.6656 -0.7459 0.0249
vn 0.6545 -0.7553 0.0335
vn -0.7274 -0.6850 -0.0409
vn -1.0000 -0.0006 -0.0017
vn -1.0000 0.0076 0.0015
vn -0.9968 -0.0782 -0.0165
vn -0.9539 -0.2986 -0.0300
vn -0.9972 0.0743 -0.0110
vn -0.9642 0.2644 -0.0199
vn -0.7795 0.6259 -0.0246
vn -0.7463 0.6655 -0.0141
vn -0.9612 -0.2687 -0.0628
vn -0.6225 0.7823 -0.0243
vn -0.7043 -0.7097 -0.0160
vn 0.6308 -0.7758 -0.0107
vn 0.2060 0.9773 -0.0494
vn 0.2182 0.9750 -0.0415
vn -0.1425 0.1458 0.9790
vn 0.3785 0.9254 0.0180
vn -0.6591 0.7511 -0.0368
vn -0.9443 0.3239 -0.0573
vn -0.6962 -0.7170 -0.0358
vn -0.7067 -0.7063 -0.0425
vn 0.5406 0.0585 0.8393
vn 0.9900 0.1396 0.0221
vn 0.6161 -0.7876 0.0090
vn 0.5977 -0.8013 0.0260
vn 0.8713 -0.4838 0.0822
vn -0.7210 0.6921 -0.0332
vn -0.8375 0.5452 -0.0357
vn -0.9425 0.3312 -0.0443
vn -0.9678 0.1635 0.1912
vn 0.7594 -0.6506 -0.0029
vn 0.7697 -0.6367 0.0460
vn 0.8185 -0.5715 0.0585
vn 0.7989 -0.5968 0.0742
vn 0.8414 -0.5349 0.0772
vn -0.8105 0.5825 0.0620
vn -0.8764 0.4807 0.0279
vn 0.7610 -0.6468 0.0514
vn -0.8404 0.5406 0.0389
vn 0.7862 -0.6179 -0.0089
vn -0.8723 0.4437 -0.2057
vn 0.7944 -0.6072 -0.0165
vn 0.8642 -0.5016 -0.0397
vn -0.8132 -0.3039 0.4963
vn -0.8184 0.5746 -0.0040
vn -0.7524 0.6580 -0.0298
vn 0.8682 0.4961 -0.0131
vn 0.8435 0.5368 -0.0174
vn -0.7722 -0.6348 -0.0254
vn 0.8366 -0.5432 -0.0706
vn -0.9992 -0.0221 -0.0344
vn -0.9989 0.0029 -0.0463
vn 0.9964 0.0512 -0.0678
vn 0.9979 0.0113 -0.0639
vn 0.9981 0.0034 -0.0614
vn 0.9578 0.2772 -0.0756
vn -0.9493 -0.3117 -0.0416
vn -0.9469 -0.3189 -0.0410
vn -0.9932 0.1103 -0.0385
vn 0.9912 -0.1139 -0.0671
vn 0.9926 -0.1015 -0.0667
vn -0.7296 0.6837 0.0155
vn -0.6508 0.7585 -0.0328
vn 0.8066 -0.5909 -0.0154
vn 0.7101 -0.7039 0.0187
vn -0.3639 0.9314 0.0024
vn 0.6183 0.7850 -0.0388
vn 0.8740 -0.4816 0.0644
vn 0.9263 -0.3650 0.0932
vn -0.7736 0.6329 0.0320
vn -0.6507 0.7593 -0.0086
vn -0.8671 0.4981 -0.0027
vn 0.9159 -0.3933 0.0799
vn -0.2044 -0.1945 0.9594
vn -0.1289 -0.0655 -0.9895
vn -0.0644 -0.2374 -0.9693
vn -0.1121 -0.1315 -0.9850
vn -0.0314 -0.3068 0.9512
vn 0.9368 -0.3183 0.1454
vn 0.9743 -0.0915 0.2058
vn -0.0914 -0.2349 -0.9677
vn 0.2275 0.0026 0.9738
vn -0.3826 -0.0256 -0.9236
vn 0.2405 0.9696 -0.0441
vn -0.8857 0.4642 0.0129
vn -0.8185 -0.5718 -0.0548
vn -0.8735 0.4866 0.0103
vn 0.4709 -0.8804 -0.0559
vn 0.4974 -0.8654 -0.0606
vn -0.7776 -0.6267 0.0509
vn -0.9853 -0.0045 -0.1707
vn -0.9875 0.0012 -0.1575
vn -0.9893 -0.0444 -0.1392
vn -0.9791 -0.1730 -0.1073
vn -0.9896 0.0551 -0.1326
vn -0.9768 0.1874 -0.1034
vn -0.8991 -0.4370 0.0231
vn -0.7907 0.6102 -0.0502
vn -0.6125 -0.7900 0.0259
vn -0.2742 0.9526 -0.1322
vn 0.2957 -0.9467 -0.1274
vn -0.0442 0.9842 -0.1713
vn -0.1758 -0.9584 -0.2250
vn -0.8021 -0.5947 -0.0551
vn 0.0805 0.0161 0.9966
vn -0.0638 0.0141 0.9979
vn 0.3439 -0.0186 0.9388
vn 0.0370 0.0635 -0.9973
vn 0.9090 0.4150 0.0383
vn 0.9762 0.0688 0.2059
vn 0.0046 -0.0123 -0.9999
vn -0.1475 0.1641 0.9754
vn -0.2072 0.0510 -0.9770
vn -0.0341 -0.9965 -0.0768
vn -0.0146 0.9660 -0.2581
vn -0.0033 0.9952 -0.0977
vn 0.0670 -0.0101 0.9977
vn -0.0647 -0.0099 0.9979
vn 0.3175 0.0151 0.9481
vn 0.9918 -0.1093 -0.0666
vn 0.9955 -0.0861 0.0391
vn 0.9870 -0.1388 0.0808
vn 0.9362 -0.3421 0.0806
vn -0.2442 -0.0387 -0.9689
vn 0.0658 0.0139 -0.9977
vn 0.9990 -0.0058 0.0444
vn 0.9986 0.0160 0.0504
vn 0.9964 0.0367 0.0768
vn 0.9997 -0.0068 0.0251
vn 0.9959 -0.0002 0.0906
vn -0.1144 0.0028 -0.9934
vn 0.1205 0.0533 -0.9913
vn -0.0730 0.0204 0.9971
vn -0.1944 0.0142 -0.9808
vn -0.2058 0.0127 -0.9785
vn 0.1671 0.0001 0.9859
vn -0.9530 -0.1295 -0.2741
vn -0.9530 -0.0949 -0.2876
vn -0.8162 -0.0981 0.5694
vn 0.9960 -0.0784 -0.0437
vn 0.9994 0.0104 -0.0326
vn -0.9826 0.1859 0.0054
vn -0.9989 0.0245 -0.0410
vn -0.9381 0.3426 0.0500
vn -0.9897 0.1427 0.0144
vn 0.9998 -0.0120 0.0168
vn 0.9972 0.0750 0.0012
vn 0.9929 -0.1081 0.0504
vn 0.9995 -0.0006 0.0329
vn -0.9994 -0.0330 -0.0081
vn 0.9977 0.0680 -0.0041
vn -0.9636 0.0848 0.2535
vn -0.9311 0.0059 0.3647
vn 0.9970 -0.0285 -0.0715
vn -0.9922 0.1149 -0.0483
vn -0.9984 0.0305 -0.0470
vn 0.9922 -0.1053 -0.0672
vn 0.9997 -0.0199 -0.0154
vn 0.9905 -0.1172 -0.0718
vn -0.9987 0.0514 -0.0056
vn -0.8401 -0.5336 -0.0979
vn -0.8944 -0.4435 -0.0572
vn -0.0121 0.1524 -0.9883
vn 0.9098 0.4113 0.0560
vn 0.7726 0.6346 0.0203
vn 0.7895 0.6123 0.0431
vn -0.8274 -0.5608 -0.0301
vn -0.9515 -0.0873 0.2951
vn 0.9242 0.3816 0.0129
vn 0.7696 0.6385 0.0069
vn 0.9091 0.4143 0.0441
vn -0.9114 -0.4098 0.0379
vn -0.8775 -0.4777 0.0425
vn -0.8247 -0.5650 0.0253
vn -0.8402 -0.5423 0.0024
vn 0.7775 0.6287 -0.0142
vn 0.9447 0.3226 -0.0589
vn 0.8513 0.5215 -0.0569
vn 0.9161 0.3957 0.0654
vn 0.9453 0.3199 0.0635
vn 0.8561 0.5169 -0.0005
vn -0.9545 -0.2937 0.0513
vn -0.8985 -0.4317 -0.0796
vn -0.7898 0.3414 0.5095
vn -0.9166 0.3973 -0.0454
vn 0.9000 0.4259 -0.0925
vn -0.9245 -0.3806 -0.0182
vn 0.9291 0.3694 -0.0164
vn 0.9558 0.2816 -0.0841
vn -0.7872 0.6165 0.0169
vn 0.9090 0.4118 0.0648
vn 0.9990 0.0369 0.0259
vn -0.9580 -0.2867 -0.0016
vn -0.9557 0.2205 0.1952
vn -0.9315 0.0258 0.3628
vn 0.1018 0.0083 -0.9948
vn -0.0276 0.2795 0.9598
vn -0.1628 0.0610 -0.9848
vn -0.2016 0.0824 -0.9760
vn 0.1718 -0.9781 -0.1174
vn 0.5812 -0.8136 -0.0124
vn 0.5545 -0.8321 0.0115
vn -0.6274 -0.7786 -0.0103
vn -0.6644 0.7471 0.0185
vn 0.8490 0.5206 -0.0904
vn 0.9974 0.0116 -0.0711
vn -0.7331 0.6783 -0.0506
vn 0.8548 -0.5155 -0.0607
vn -0.5121 0.8582 -0.0341
vn 0.5122 0.8568 -0.0597
vn 0.5656 0.8244 -0.0231
vn 0.5975 0.8007 -0.0438
vn 0.1524 0.9817 -0.1144
vn 0.2708 -0.9626 -0.0017
vn -0.7564 -0.6516 -0.0567
vn -0.9542 0.2445 -0.1726
vn -0.6472 -0.7623 0.0099
vn 0.9885 -0.1485 -0.0290
vn 0.2169 -0.9727 -0.0823
vn -0.4549 -0.8861 0.0889
vn 0.8827 0.4693 0.0246
vn 0.8778 0.4786 -0.0213
vn -0.8959 -0.4431 -0.0316
vn -0.8745 -0.4657 -0.1355
vn 0.9457 -0.3118 0.0917
vn -0.9249 0.0015 0.3801
vn -0.7667 0.0406 0.6407
vn 0.9949 -0.0383 0.0930
vn -0.8804 0.0715 0.4687
vn 0.8045 0.5917 -0.0520
vn 0.7469 0.6641 0.0339
vn 0.7879 0.6155 0.0188
vn 0.8113 0.5837 -0.0333
vn -0.8998 -0.4359 -0.0185
vn -0.6297 -0.7747 0.0578
vn -0.5705 -0.8193 0.0571
vn -0.2797 0.9601 -0.0008
vn 0.4577 -0.8668 -0.1979
vn 0.4566 -0.8823 -0.1143
vn 0.4385 -0.8983 -0.0273
vn -0.5499 0.8345 -0.0347
vn 0.5074 0.8604 -0.0473
vn 0.2593 0.9647 0.0452
vn 0.1390 0.9857 0.0951
vn -0.5930 0.8048 0.0258
vn -0.6828 -0.7294 -0.0416
vn 0.9920 -0.1261 -0.0095
vn 0.3185 -0.9477 -0.0202
vn 0.7009 -0.7125 0.0319
vn 0.7262 0.6875 -0.0048
vn 1.0000 0.0030 0.0015
vn -0.7044 -0.7094 -0.0220
vn 0.7283 0.6838 0.0448
vn 0.6475 0.7620 0.0106
vn 0.2656 0.9639 -0.0191
vn -0.7946 0.6070 -0.0084
vn -0.6719 0.7402 -0.0271
vn 0.4209 -0.9067 0.0256
vn -0.6388 -0.7692 -0.0149
vn -0.7618 -0.6478 -0.0040
vn -1.0000 0.0065 -0.0060
vn 0.4626 0.8856 0.0407
vn -0.5676 0.8233 0.0020
vn -0.9951 0.0989 0.0025
vn -0.6022 -0.7983 -0.0037
vn 0.9961 -0.0828 0.0309
vn 0.4267 -0.9040 0.0274
vn 0.7021 -0.7110 0.0393
vn 0.7149 -0.6979 0.0433
vn 0.6861 -0.7262 0.0433
vn -0.9156 -0.4018 0.0128
vn -0.7953 -0.6051 0.0353
vn -0.9991 -0.0090 -0.0415
vn -0.9983 -0.0002 -0.0588
vn -1.0000 -0.0069 0.0002
vn 1.0000 -0.0033 -0.0059
vn -0.9510 0.3093 -0.0024
vn 0.7361 0.6768 0.0011
vn -0.8120 -0.5820 0.0443
vn -0.5635 0.8261 0.0023
vn -0.8673 -0.4978 0.0088
vn -1.0000 -0.0067 0.0062
vn 0.8261 0.5618 0.0438
vn 0.7529 0.6582 -0.0024
vn 0.7203 -0.6927 0.0368
vn 0.3725 -0.9280 0.0098
vn 0.7510 -0.6592 0.0374
vn 0.3464 0.9381 0.0075
vn 0.3618 0.9322 0.0118
vn -0.6957 0.7183 -0.0076
vn -0.6004 -0.7997 0.0007
vn 0.3620 -0.9316 0.0334
vn -0.6092 -0.7930 0.0052
vn 0.9975 -0.0593 0.0394
vn 0.4500 -0.8923 0.0354
vn 0.8678 0.4954 0.0386
vn 0.7456 0.6663 0.0072
vn 0.7582 0.6515 0.0280
vn 0.9996 0.0006 -0.0274
vn 0.9923 0.1173 -0.0402
vn 0.9308 0.3639 -0.0339
vn 0.9904 -0.1238 0.0608
vn 0.8418 -0.5397 0.0044
vn 0.8765 -0.4769 0.0655
vn -0.7438 -0.6679 -0.0257
vn 0.3096 0.9504 0.0290
vn -0.2543 0.9666 0.0312
vn -0.6708 0.7415 0.0138
vn -0.7443 0.6678 -0.0000
vn 0.5334 0.8192 -0.2109
vn 0.5868 0.7984 -0.1352
vn 0.5346 -0.8320 -0.1483
vn 0.2172 -0.9747 0.0526
vn -0.1959 -0.9759 0.0961
vn -0.0239 0.9945 0.1018
vn -0.7666 0.6421 -0.0088
vn -0.3620 -0.9211 0.1430
vn 0.0276 0.9611 -0.2749
vn 0.1225 0.9893 -0.0794
vn -0.0052 0.1758 -0.9844
vn 0.6407 -0.7677 0.0149
vn 0.6886 -0.7248 0.0193
vn 0.4205 -0.9071 0.0186
vn 0.2160 -0.9751 -0.0512
vn 0.3127 -0.9498 0.0105
vn 0.4586 -0.8878 -0.0401
vn 0.2214 0.9742 0.0446
vn 0.1198 -0.9900 0.0744
vn -0.0212 -0.9560 -0.2927
vn -0.2416 0.9704 0.0068
vn 0.1843 0.9816 0.0502
vn -0.2977 0.9534 0.0483
vn 0.0882 -0.8156 0.5718
vn 0.6166 0.7857 0.0496
vn 0.6113 0.7907 -0.0337
vn 0.5387 0.8421 0.0236
vn 0.5561 0.8302 0.0384
vn 0.5943 0.8039 -0.0247
vn 0.5507 0.8345 0.0167
vn 0.5288 0.8482 0.0298
vn 0.5776 0.8163 -0.0072
vn 0.5694 0.8220 -0.0066
vn 0.6104 0.7915 -0.0308
vn 0.6157 0.7871 -0.0373
vn -0.9996 -0.0029 -0.0281
vn 0.9185 0.3928 0.0465
vn -0.1970 0.0126 -0.9803
vn -0.9970 0.0132 0.0760
vn -0.6165 -0.7873 0.0112
vn -0.7116 0.7007 -0.0523
vn -0.7471 -0.6628 -0.0507
vn -0.6144 0.7888 -0.0195
vn -0.6634 -0.7480 -0.0212
vn -0.7722 0.6331 -0.0548
vn -0.5879 0.8089 -0.0050
vn -0.6271 -0.7788 -0.0111
vn 0.1093 -0.1180 -0.9870
vn -0.9616 0.2424 -0.1290
vn -0.9670 -0.2100 -0.1444
vn 0.8205 0.5703 -0.0393
vn -0.0908 0.2657 0.9598
vn 0.0597 -0.0698 -0.9958
vn 0.8619 -0.5049 0.0469
vn 0.9852 0.1205 0.1220
vn 0.1621 -0.9755 0.1485
vn 0.0973 0.9574 0.2720
vn -0.7658 0.6430 -0.0080
vn -0.7389 -0.6738 -0.0017
vn 0.2564 -0.9663 -0.0235
vn -0.7038 0.7102 -0.0184
vn -0.6677 0.7442 0.0169
vn 0.8047 -0.5935 0.0116
vn 0.6768 0.7362 0.0032
vn 0.4432 -0.8957 0.0369
vn -0.6447 0.7609 -0.0734
vn 0.4547 0.8889 -0.0557
vn -0.8767 -0.4810 -0.0005
vn -0.2813 0.9583 -0.0500
vn -0.5897 -0.8067 -0.0391
vn 0.2290 -0.9708 -0.0714
vn 0.1893 -0.9764 -0.1037
vn 0.1790 0.9810 -0.0754
vn -0.0418 0.2146 -0.9758
vn 0.7297 0.6838 -0.0076
vn 0.0200 0.9710 -0.2382
vn -0.0238 0.9603 -0.2781
vn -0.7157 -0.6984 -0.0003
vn 0.0122 0.9583 -0.2856
vn 0.9802 0.1797 0.0832
vn -0.0541 -0.9752 -0.2147
vn -0.9099 -0.4135 -0.0320
vn -0.9994 -0.0128 0.0316
vn 0.9497 -0.2983 0.0956
vn -0.9989 -0.0015 -0.0463
vn -0.9076 0.4166 0.0519
vn -0.0411 -0.0051 -0.9991
vn 1.0000 0.0008 -0.0007
vn 0.0102 -0.1050 -0.9944
vn -0.9673 0.2519 0.0292
vn 0.9387 -0.3349 0.0818
vn 0.1864 -0.9670 -0.1738
vn 0.0194 -0.9567 -0.2904
vn -0.0176 -0.9567 -0.2905
vn -0.6682 -0.7438 -0.0147
vn 0.7760 -0.6303 0.0249
vn -0.7289 0.6844 -0.0164
vn 0.3320 -0.9432 -0.0141
vn -0.7622 -0.6473 0.0009
vn 0.7564 0.6540 -0.0142
vn 0.7947 0.6070 -0.0057
vn -0.8100 -0.5862 0.0157
vn 0.8531 0.5171 -0.0688
vn -0.9972 0.0011 -0.0742
vn 0.9999 0.0006 -0.0151
vn -0.9928 0.0934 -0.0755
vn -0.9653 0.2530 -0.0649
vn -1.0000 0.0084 0.0054
vn 0.9992 -0.0344 -0.0212
vn 0.9514 -0.3045 -0.0460
vn 0.9818 0.0008 -0.1898
vn -0.9926 -0.0015 -0.1217
vn -0.9919 0.1139 -0.0560
vn 0.9901 0.1244 -0.0643
vn 0.9514 0.2951 -0.0884
vn 0.9899 -0.1142 -0.0842
vn 0.7370 0.6755 0.0225
vn -0.9552 -0.2936 0.0359
vn 0.9088 0.4124 0.0631
vn 0.9978 0.0658 0.0074
vn -0.8673 0.4924 0.0727
vn -0.9988 0.0489 -0.0051
vn 0.9551 -0.2949 0.0298
s 1
usemtl Material.005
f 1//1 2//2 3//3 2118//2118
f 4//4 2//2 1//1 2064//2064
f 7//7 6//6 1//1 2118//2118
f 8//8 2064//2064 1//1 6//6
f 477//477 475//475 2//2 4//4
f 475//475 476//476 3//3 2//2
f 6//6 7//7 5//5 10//10
f 11//11 10//10 5//5 488//488
f 5//5 7//7 2120//2120 489//489
f 9//9 8//8 6//6 10//10
f 9//9 10//10 11//11 30//30
f 19//19 8//8 9//9 24//24
f 2075//2075 24//24 9//9 30//30
f 12//12 13//13 14//14 2065//2065
f 12//12 2065//2065 19//19 18//18
f 2066//2066 2754//2754 13//13 12//12
f 14//14 492//492 477//477 4//4
f 491//491 492//492 14//14 13//13
f 2064//2064 2065//2065 14//14 4//4
f 16//16 17//17 15//15 2068//2068
f 21//21 2068//2068 15//15 22//22
f 17//17 493//493 494//494 2754//2754
f 495//495 493//493 17//17 16//16
f 2066//2066 15//15 17//17 2754//2754
f 2066//2066 12//12 18//18 3095//3094
f 20//20 18//18 19//19 24//24
f 2064//2064 8//8 19//19 2065//2065
f 3095//3094 18//18 20//20 3094//3093
f 23//23 21//21 22//22 26//26
f 2066//2066 3095//3094 22//22 15//15
f 22//22 3095//3094 3094//3093 26//26
f 38//38 21//21 23//23 43//43
f 25//25 20//20 24//24 2075//2075
f 25//25 2075//2075 677//677 679//679
f 3094//3093 20//20 25//25 2076//2076
f 27//27 23//23 26//26 2077//2077
f 26//26 3094//3093 2076//2076 2077//2077
f 43//43 23//23 27//27 3125//3124
f 28//28 29//29 30//30 11//11
f 28//28 11//11 488//488 658//658
f 28//28 658//658 659//659 660//660
f 29//29 28//28 660//660 666//666
f 678//678 677//677 29//29 666//666
f 677//677 2075//2075 30//30 29//29
f 31//31 32//32 33//33 2069//2069
f 31//31 2069//2069 38//38 37//37
f 2067//2067 2753//2753 32//32 31//31
f 33//33 1204//1204 495//495 16//16
f 1205//1205 1204//1204 33//33 32//32
f 2068//2068 2069//2069 33//33 16//16
f 35//35 36//36 34//34 2070//2070
f 40//40 2070//2070 34//34 41//41
f 2092//2092 49//49 35//35 2070//2070
f 36//36 1198//1198 1206//1206 2753//2753
f 1207//1207 1198//1198 36//36 35//35
f 2067//2067 34//34 36//36 2753//2753
f 2067//2067 31//31 37//37 3107//3106
f 39//39 37//37 38//38 43//43
f 2068//2068 21//21 38//38 2069//2069
f 3107//3106 37//37 39//39 3106//3105
f 2092//2092 2070//2070 40//40 53//53
f 42//42 40//40 41//41 45//45
f 2067//2067 3107//3106 41//41 34//34
f 41//41 3107//3106 3106//3105 45//45
f 53//53 40//40 42//42 55//55
f 44//44 39//39 43//43 3125//3124
f 44//44 3125//3124 1684//1684 1683//1683
f 3106//3105 39//39 44//44 2078//2078
f 46//46 42//42 45//45 2079//2079
f 45//45 3106//3105 2078//2078 2079//2079
f 55//55 42//42 46//46 3071//3070
f 47//47 48//48 49//49 2092//2092
f 47//47 2092//2092 53//53 52//52
f 50//50 51//51 48//48 47//47
f 1219//1219 1215//1215 48//48 51//51
f 49//49 1208//1208 1207//1207 35//35
f 1215//1215 1208//1208 49//49 48//48
f 50//50 47//47 52//52 3004//3004
f 50//50 3004//3004 2774//2774 2771//2771
f 51//51 1510//1510 1220//1220 1219//1219
f 51//51 50//50 2771//2771 1510//1510
f 54//54 52//52 53//53 55//55
f 3004//3004 52//52 54//54 2727//2727
f 56//56 54//54 55//55 3071//3070
f 1710//1710 2080//2080 56//56 2755//2755
f 56//56 2080//2080 2727//2727 54//54
f 56//56 3071//3070 2756//2756 2755//2755
f 58//58 59//59 57//57 62//62
f 57//57 2749//2749 2750//2750 62//62
f 61//61 65//65 58//58 62//62
f 2760//2760 59//59 58//58 64//64
f 70//70 57//57 59//59 68//68
f 60//60 61//61 62//62 2750//2750
f 60//60 2750//2750 97//97 2801//2801
f 2129//2129 2788//2788 61//61 60//60
f 66//66 67//67 63//63 65//65
f 63//63 67//67 71//71 83//83
f 63//63 83//83 77//77 64//64
f 65//65 63//63 64//64 58//58
f 64//64 77//77 79//79 2760//2760
f 2788//2788 66//66 65//65 61//61
f 133//133 67//67 66//66 2790//2790
f 67//67 133//133 2983//2983 71//71
f 68//68 59//59 2760//2760 79//79
f 70//70 68//68 69//69 73//73
f 79//79 76//76 69//69 68//68
f 70//70 73//73 75//75 2738//2738
f 2749//2749 57//57 70//70 2738//2738
f 73//73 69//69 72//72 74//74
f 76//76 2104//2104 72//72 69//69
f 86//86 80//80 72//72 2104//2104
f 75//75 73//73 74//74 81//81
f 74//74 72//72 80//80 82//82
f 115//115 111//111 75//75 81//81
f 77//77 78//78 76//76 79//79
f 83//83 85//85 78//78 77//77
f 2104//2104 76//76 78//78 89//89
f 81//81 74//74 82//82 88//88
f 81//81 88//88 117//117 115//115
f 87//87 88//88 82//82 94//94
f 95//95 94//94 82//82 80//80
f 84//84 85//85 83//83 71//71
f 2983//2983 2974//2974 84//84 71//71
f 85//85 90//90 89//89 78//78
f 85//85 84//84 2371//2371 90//90
f 86//86 2104//2104 89//89 91//91
f 86//86 2247//2247 95//95 80//80
f 87//87 94//94 93//93 397//397
f 2124//2124 2125//2125 87//87 397//397
f 88//88 87//87 2125//2125 117//117
f 91//91 89//89 90//90 92//92
f 91//91 393//393 2247//2247 86//86
f 92//92 392//392 393//393 91//91
f 394//394 392//392 92//92 2372//2372
f 2371//2371 2372//2372 92//92 90//90
f 93//93 94//94 95//95 399//399
f 93//93 399//399 403//403 395//395
f 398//398 399//399 95//95 2247//2247
f 97//97 98//98 96//96 105//105
f 96//96 101//101 100//100 105//105
f 2749//2749 98//98 97//97 2750//2750
f 2707//2707 96//96 98//98 110//110
f 98//98 2749//2749 2738//2738 110//110
f 100//100 101//101 99//99 103//103
f 2710//2710 102//102 99//99 113//113
f 104//104 105//105 100//100 107//107
f 113//113 99//99 101//101 2746//2746
f 101//101 96//96 2707//2707 2746//2746
f 103//103 99//99 102//102 2091//2091
f 102//102 1055//1055 1054//1054 2091//2091
f 103//103 106//106 107//107 100//100
f 108//108 106//106 103//103 2091//2091
f 2131//2131 3337//3336 104//104 107//107
f 2802//2802 2801//2801 104//104 3337//3336
f 105//105 104//104 2801//2801 97//97
f 2800//2800 2131//2131 107//107 106//106
f 2800//2800 106//106 108//108 2797//2797
f 110//110 111//111 109//109 2707//2707
f 109//109 111//111 115//115 118//118
f 122//122 2715//2715 109//109 118//118
f 109//109 2715//2715 2746//2746 2707//2707
f 2738//2738 75//75 111//111 110//110
f 113//113 114//114 112//112 2710//2710
f 112//112 114//114 116//116 123//123
f 125//125 1068//1068 112//112 123//123
f 112//112 1068//1068 1067//1067 2710//2710
f 2715//2715 114//114 113//113 2746//2746
f 124//124 123//123 116//116 121//121
f 116//116 114//114 2715//2715 122//122
f 118//118 115//115 117//117 119//119
f 118//118 119//119 120//120 122//122
f 2125//2125 2786//2786 119//119 117//117
f 120//120 2126//2126 126//126 121//121
f 2786//2786 2126//2126 120//120 119//119
f 122//122 120//120 121//121 116//116
f 125//125 123//123 124//124 1085//1085
f 124//124 121//121 126//126 2096//2096
f 3122//3121 1085//1085 124//124 2096//2096
f 1066//1066 1068//1068 125//125 1074//1074
f 1084//1084 1074//1074 125//125 1085//1085
f 420//420 2096//2096 126//126 2127//2127
f 127//127 128//128 129//129 2130//2130
f 127//127 2130//2130 154//154 156//156
f 127//127 156//156 163//163 2748//2748
f 130//130 131//131 128//128 135//135
f 128//128 127//127 2748//2748 135//135
f 128//128 131//131 2790//2790 129//129
f 2129//2129 2130//2130 129//129 2788//2788
f 132//132 131//131 130//130 2226//2226
f 130//130 134//134 2227//2227 2226//2226
f 131//131 132//132 133//133 2790//2790
f 132//132 2226//2226 141//141 2964//2964
f 2964//2964 2983//2983 133//133 132//132
f 134//134 130//130 135//135 138//138
f 136//136 137//137 134//134 138//138
f 139//139 2227//2227 134//134 137//137
f 2747//2747 138//138 135//135 2748//2748
f 144//144 143//143 136//136 2741//2741
f 137//137 142//142 140//140 139//139
f 143//143 142//142 137//137 136//136
f 138//138 2747//2747 2741//2741 136//136
f 141//141 139//139 140//140 146//146
f 140//140 2770//2770 147//147 146//146
f 141//141 2226//2226 2227//2227 139//139
f 149//149 148//148 142//142 143//143
f 2770//2770 140//140 142//142 148//148
f 150//150 149//149 143//143 144//144
f 144//144 2741//2741 168//168 176//176
f 183//183 150//150 144//144 176//176
f 145//145 146//146 147//147 3358//3357
f 145//145 3358//3357 2975//2975 2974//2974
f 2983//2983 2964//2964 145//145 2974//2974
f 2964//2964 141//141 146//146 145//145
f 147//147 2770//2770 152//152 2248//2248
f 147//147 2248//2248 422//422 3358//3357
f 148//148 151//151 152//152 2770//2770
f 149//149 428//428 151//151 148//148
f 149//149 150//150 153//153 428//428
f 150//150 183//183 2183//2183 153//153
f 427//427 426//426 152//152 151//151
f 153//153 2183//2183 460//460 430//430
f 155//155 156//156 154//154 158//158
f 154//154 2130//2130 2129//2129 2802//2802
f 155//155 158//158 157//157 161//161
f 163//163 156//156 155//155 2717//2717
f 155//155 161//161 164//164 2717//2717
f 157//157 2131//2131 2800//2800 159//159
f 2131//2131 157//157 158//158 3337//3336
f 158//158 154//154 2802//2802 3337//3336
f 159//159 160//160 161//161 157//157
f 162//162 160//160 159//159 2072//2072
f 164//164 161//161 160//160 166//166
f 165//165 166//166 160//160 162//162
f 165//165 173//173 170//170 166//166
f 1122//1122 1127//1127 165//165 162//162
f 1133//1133 173//173 165//165 1127//1127
f 166//166 170//170 172//172 164//164
f 168//168 169//169 167//167 177//177
f 167//167 172//172 171//171 177//177
f 2747//2747 169//169 168//168 2741//2741
f 2717//2717 167//167 169//169 163//163
f 169//169 2747//2747 2748//2748 163//163
f 171//171 172//172 170//170 174//174
f 172//172 167//167 2717//2717 164//164
f 174//174 170//170 173//173 181//181
f 173//173 1133//1133 1132//1132 181//181
f 174//174 178//178 179//179 171//171
f 175//175 182//182 183//183 176//176
f 3100//3099 182//182 175//175 179//179
f 177//177 175//175 176//176 168//168
f 179//179 175//175 177//177 171//171
f 181//181 180//180 178//178 174//174
f 185//185 3100//3099 179//179 178//178
f 180//180 184//184 185//185 178//178
f 1142//1142 184//184 180//180 1138//1138
f 1138//1138 180//180 181//181 1132//1132
f 182//182 3100//3099 2132//2132 458//458
f 2183//2183 183//183 182//182 458//458
f 184//184 2136//2136 461//461 185//185
f 184//184 1142//1142 3121//3120 2136//2136
f 185//185 461//461 2132//2132 3100//3099
f 186//186 187//187 188//188 191//191
f 187//187 186//186 189//189 2063//2063
f 187//187 2703//2703 2704//2704 188//188
f 2763//2763 2703//2703 187//187 2063//2063
f 189//189 186//186 190//190 209//209
f 203//203 2063//2063 189//189 210//210
f 191//191 192//192 190//190 186//186
f 191//191 188//188 193//193 198//198
f 198//198 197//197 192//192 191//191
f 475//475 190//190 192//192 476//476
f 192//192 197//197 3103//3102 476//476
f 193//193 188//188 2704//2704 196//196
f 194//194 195//195 196//196 2704//2704
f 223//223 229//229 195//195 194//194
f 195//195 229//229 230//230 482//482
f 195//195 482//482 2344//2344 196//196
f 196//196 2344//2344 480//480 193//193
f 197//197 198//198 2322//2322 3103//3102
f 198//198 193//193 480//480 2322//2322
f 199//199 200//200 201//201 205//205
f 2825//2825 2204//2204 199//199 3126//3125
f 2204//2204 3347//3346 200//200 199//199
f 2826//2826 2185//2185 200//200 3347//3346
f 201//201 202//202 203//203 2762//2762
f 206//206 205//205 201//201 2762//2762
f 201//201 200//200 2185//2185 202//202
f 2184//2184 2763//2763 202//202 2185//2185
f 203//203 210//210 213//213 2762//2762
f 203//203 202//202 2763//2763 2063//2063
f 204//204 205//205 206//206 208//208
f 3126//3125 199//199 205//205 204//204
f 206//206 2762//2762 213//213 214//214
f 207//207 204//204 208//208 2767//2767
f 1189//1189 1188//1188 207//207 2767//2767
f 207//207 3127//3126 3126//3125 204//204
f 208//208 206//206 214//214 218//218
f 208//208 218//218 219//219 2767//2767
f 210//210 189//189 209//209 212//212
f 209//209 190//190 475//475 477//477
f 210//210 212//212 211//211 213//213
f 214//214 213//213 211//211 216//216
f 212//212 209//209 477//477 492//492
f 491//491 211//211 212//212 492//492
f 214//214 216//216 215//215 218//218
f 495//495 217//217 215//215 493//493
f 216//216 211//211 491//491 494//494
f 493//493 215//215 216//216 494//494
f 218//218 215//215 217//217 219//219
f 220//220 219//219 217//217 496//496
f 220//220 496//496 1192//1192 1193//1193
f 2765//2765 1189//1189 220//220 1193//1193
f 220//220 1189//1189 2767//2767 219//219
f 221//221 222//222 223//223 194//194
f 224//224 222//222 221//221 2184//2184
f 221//221 194//194 2704//2704 2703//2703
f 2763//2763 2184//2184 221//221 2703//2703
f 2155//2155 223//223 222//222 3061//3060
f 2199//2199 3061//3060 222//222 224//224
f 234//234 2199//2199 224//224 2826//2826
f 224//224 2184//2184 2185//2185 2826//2826
f 225//225 226//226 227//227 2166//2166
f 228//228 226//226 225//225 2448//2448
f 227//227 232//232 2164//2164 2166//2166
f 227//227 226//226 3174//3173 3204//3203
f 227//227 3204//3203 3203//3202 232//232
f 228//228 255//255 3174//3173 226//226
f 2155//2155 2156//2156 229//229 223//223
f 2156//2156 2635//2635 230//230 229//229
f 232//232 233//233 231//231 2164//2164
f 231//231 500//500 2343//2343 3078//3077
f 3191//3190 233//233 232//232 3203//3202
f 233//233 2342//2342 500//500 231//231
f 233//233 3191//3190 3190//3189 2342//2342
f 235//235 236//236 234//234 238//238
f 3179//3178 2199//2199 234//234 236//236
f 235//235 238//238 237//237 241//241
f 235//235 245//245 3033//3033 236//236
f 3085//3084 245//245 235//235 241//241
f 236//236 3033//3033 2449//2449 3179//3178
f 237//237 2204//2204 2825//2825 239//239
f 2204//2204 237//237 238//238 3347//3346
f 238//238 234//234 2826//2826 3347//3346
f 239//239 240//240 241//241 237//237
f 242//242 240//240 239//239 2203//2203
f 3084//3083 3085//3084 241//241 240//240
f 3084//3083 240//240 242//242 3081//3080
f 243//243 244//244 245//245 3085//3084
f 247//247 244//244 243//243 251//251
f 3033//3033 245//245 244//244 246//246
f 247//247 248//248 246//246 244//244
f 246//246 2448//2448 2449//2449 3033//3033
f 247//247 266//266 3034//3034 248//248
f 3405//3404 266//266 247//247 251//251
f 248//248 3034//3034 255//255 228//228
f 248//248 228//228 2448//2448 246//246
f 249//249 250//250 251//251 243//243
f 252//252 250//250 249//249 2458//2458
f 3081//3080 2458//2458 249//249 3084//3083
f 249//249 243//243 3085//3084 3084//3083
f 250//250 252//252 2457//2457 3404//3403
f 250//250 3404//3403 3405//3404 251//251
f 2456//2456 2457//2457 252//252 1242//1242
f 256//256 254//254 253//253 2418//2418
f 269//269 2418//2418 253//253 267//267
f 253//253 255//255 3034//3034 267//267
f 255//255 253//253 254//254 3174//3173
f 254//254 256//256 257//257 3340//3339
f 254//254 3340//3339 3204//3203 3174//3173
f 256//256 260//260 2168//2168 257//257
f 257//257 262//262 2162//2162 3340//3339
f 258//258 259//259 260//260 2476//2476
f 258//258 2476//2476 2475//2475 3051//3050
f 259//259 3009//3009 2168//2168 260//260
f 2521//2521 3007//3007 259//259 258//258
f 2418//2418 2476//2476 260//260 256//256
f 262//262 263//263 261//261 2162//2162
f 3203//3202 2162//2162 261//261 3191//3190
f 2168//2168 2169//2169 262//262 257//257
f 263//263 2286//2286 515//515 261//261
f 2169//2169 2644//2644 263//263 262//262
f 264//264 265//265 266//266 3405//3404
f 268//268 265//265 264//264 272//272
f 266//266 265//265 267//267 3034//3034
f 268//268 269//269 267//267 265//265
f 269//269 268//268 276//276 2475//2475
f 270//270 271//271 272//272 264//264
f 273//273 271//271 270//270 2435//2435
f 2457//2457 2435//2435 270//270 3404//3403
f 270//270 264//264 3405//3404 3404//3403
f 271//271 273//273 2540//2540 3411//3410
f 271//271 3411//3410 2572//2572 272//272
f 272//272 2572//2572 276//276 268//268
f 2539//2539 2540//2540 273//273 1269//1269
f 274//274 275//275 276//276 2572//2572
f 3048//3047 2581//2581 274//274 3144//3143
f 2581//2581 3016//3016 275//275 274//274
f 3015//3015 3051//3050 275//275 3016//3016
f 276//276 275//275 3051//3050 2475//2475
f 277//277 278//278 279//279 2182//2182
f 2521//2521 280//280 277//277 3007//3007
f 278//278 277//277 280//280 2417//2417
f 2996//2996 283//283 278//278 2417//2417
f 283//283 2175//2175 279//279 278//278
f 279//279 2161//2161 2160//2160 2182//2182
f 279//279 2175//2175 2174//2174 2161//2161
f 291//291 2417//2417 280//280 289//289
f 281//281 282//282 283//283 2996//2996
f 284//284 282//282 281//281 2420//2420
f 303//303 2420//2420 281//281 301//301
f 281//281 2996//2996 2997//2997 301//301
f 282//282 284//284 285//285 3342//3341
f 282//282 3342//3341 2175//2175 283//283
f 284//284 310//310 3248//3247 285//285
f 285//285 287//287 2163//2163 3342//3341
f 285//285 3248//3247 3247//3246 287//287
f 287//287 288//288 286//286 2163//2163
f 286//286 288//288 532//532 536//536
f 3238//3237 288//288 287//287 3247//3246
f 290//290 291//291 289//289 293//293
f 289//289 280//280 2521//2521 3015//3015
f 290//290 293//293 292//292 296//296
f 2995//2995 300//300 290//290 296//296
f 2997//2997 291//291 290//290 300//300
f 291//291 2997//2997 2996//2996 2417//2417
f 3048//3047 294//294 292//292 2581//2581
f 2581//2581 292//292 293//293 3016//3016
f 3015//3015 3016//3016 293//293 289//289
f 294//294 295//295 296//296 292//292
f 297//297 295//295 294//294 2434//2434
f 2994//2994 2995//2995 296//296 295//295
f 2994//2994 295//295 297//297 2990//2990
f 298//298 299//299 300//300 2995//2995
f 302//302 299//299 298//298 306//306
f 300//300 299//299 301//301 2997//2997
f 302//302 303//303 301//301 299//299
f 303//303 302//302 321//321 2481//2481
f 304//304 305//305 306//306 298//298
f 307//307 305//305 304//304 2438//2438
f 2990//2990 2438//2438 304//304 2994//2994
f 304//304 298//298 2995//2995 2994//2994
f 305//305 307//307 2547//2547 3420//3419
f 305//305 3420//3419 2573//2573 306//306
f 306//306 2573//2573 321//321 302//302
f 2546//2546 2547//2547 307//307 1310//1310
f 308//308 309//309 310//310 2482//2482
f 308//308 2482//2482 2481//2481 3059//3058
f 309//309 311//311 312//312 3345//3344
f 2287//2287 311//311 309//309 308//308
f 309//309 3345//3344 3248//3247 310//310
f 2420//2420 2482//2482 310//310 284//284
f 2158//2158 312//312 311//311 315//315
f 312//312 317//317 2170//2170 3345//3344
f 313//313 314//314 315//315 2288//2288
f 313//313 2288//2288 322//322 324//324
f 314//314 3254//3253 2158//2158 315//315
f 2499//2499 3253//3252 314//314 313//313
f 2287//2287 2288//2288 315//315 311//311
f 317//317 318//318 316//316 2170//2170
f 316//316 318//318 544//544 545//545
f 3247//3246 2170//2170 316//316 3238//3237
f 316//316 545//545 3394//3393 3238//3237
f 2158//2158 2159//2159 317//317 312//312
f 2159//2159 2954//2954 318//318 317//317
f 2223//2223 544//544 318//318 2954//2954
f 319//319 320//320 321//321 2573//2573
f 319//319 3149//3148 2915//2915 2327//2327
f 2327//2327 3027//3027 320//320 319//319
f 320//320 3027//3027 2923//2923 3059//3058
f 321//321 320//320 3059//3058 2481//2481
f 323//323 324//324 322//322 326//326
f 322//322 2288//2288 2287//2287 2923//2923
f 323//323 326//326 325//325 329//329
f 323//323 348//348 3024//3024 324//324
f 3384//3383 348//348 323//323 329//329
f 324//324 3024//3024 2499//2499 313//313
f 325//325 2327//2327 2915//2915 327//327
f 2327//2327 325//325 326//326 3027//3027
f 326//326 322//322 2923//2923 3027//3027
f 327//327 328//328 329//329 325//325
f 330//330 328//328 327//327 2313//2313
f 329//329 328//328 3131//3130 3384//3383
f 330//330 3132//3131 3131//3130 328//328
f 331//331 332//332 333//333 2173//2173
f 2499//2499 334//334 331//331 3253//3252
f 332//332 331//331 334//334 2498//2498
f 3266//3265 337//337 332//332 2498//2498
f 333//333 332//332 337//337 3282//3281
f 333//333 341//341 2171//2171 2173//2173
f 333//333 3282//3281 3281//3280 341//341
f 351//351 2498//2498 334//334 349//349
f 335//335 336//336 337//337 3266//3265
f 338//338 336//336 335//335 2269//2269
f 361//361 2269//2269 335//335 359//359
f 335//335 3266//3265 3025//3025 359//359
f 336//336 338//338 339//339 3338//3337
f 336//336 3338//3337 3282//3281 337//337
f 338//338 368//368 2179//2179 339//339
f 339//339 344//344 2157//2157 3338//3337
f 341//341 342//342 340//340 2171//2171
f 340//340 342//342 561//561 563//563
f 3259//3258 342//342 341//341 3281//3280
f 344//344 345//345 343//343 2157//2157
f 343//343 345//345 562//562 566//566
f 343//343 566//566 2222//2222 3259//3258
f 3281//3280 2157//2157 343//343 3259//3258
f 2179//2179 2180//2180 344//344 339//339
f 2180//2180 3311//3310 345//345 344//344
f 345//345 3311//3310 3361//3360 562//562
f 346//346 347//347 348//348 3384//3383
f 350//350 347//347 346//346 354//354
f 3024//3024 348//348 347//347 349//349
f 350//350 351//351 349//349 347//347
f 349//349 334//334 2499//2499 3024//3024
f 350//350 358//358 3025//3025 351//351
f 3419//3418 358//358 350//350 354//354
f 351//351 3025//3025 3266//3265 2498//2498
f 352//352 353//353 354//354 346//346
f 355//355 353//353 352//352 2554//2554
f 3132//3131 2554//2554 352//352 3131//3130
f 352//352 346//346 3384//3383 3131//3130
f 354//354 353//353 3133//3132 3419//3418
f 355//355 3134//3133 3133//3132 353//353
f 356//356 357//357 358//358 3419//3418
f 360//360 357//357 356//356 364//364
f 358//358 357//357 359//359 3025//3025
f 360//360 361//361 359//359 357//357
f 361//361 360//360 377//377 2519//2519
f 362//362 363//363 364//364 356//356
f 365//365 363//363 362//362 2308//2308
f 3134//3133 2308//2308 362//362 3133//3132
f 362//362 356//356 3419//3418 3133//3132
f 363//363 365//365 2561//2561 3388//3387
f 363//363 3388//3387 2580//2580 364//364
f 364//364 2580//2580 377//377 360//360
f 2560//2560 2561//2561 365//365 1370//1370
f 366//366 367//367 368//368 2520//2520
f 366//366 2520//2520 2519//2519 3029//3029
f 367//367 3206//3205 2179//2179 368//368
f 2516//2516 3205//3204 367//367 366//366
f 2269//2269 2520//2520 368//368 338//338
f 369//369 370//370 371//371 2464//2464
f 386//386 385//385 369//369 2464//2464
f 402//402 370//370 369//369 2842//2842
f 2670//2670 2842//2842 369//369 385//385
f 370//370 402//402 2783//2783 405//405
f 405//405 406//406 371//371 370//370
f 372//372 374//374 573//573 574//574
f 2180//2180 373//373 372//372 3311//3310
f 372//372 574//574 3361//3360 3311//3310
f 374//374 372//372 373//373 2176//2176
f 373//373 2180//2180 2179//2179 3206//3205
f 2178//2178 2657//2657 374//374 2176//2176
f 375//375 376//376 377//377 2580//2580
f 375//375 3141//3140 3128//3127 2577//2577
f 2577//2577 3018//3018 376//376 375//375
f 376//376 3018//3018 3017//3017 3029//3029
f 377//377 376//376 3029//3029 2519//2519
f 378//378 379//379 380//380 2578//2578
f 381//381 382//382 378//378 2578//2578
f 2862//2862 2565//2565 378//378 382//382
f 2565//2565 3032//3032 379//379 378//378
f 2864//2864 2863//2863 379//379 3032//3032
f 2577//2577 2578//2578 380//380 3018//3018
f 380//380 379//379 2863//2863 2517//2517
f 3017//3017 3018//3018 380//380 2517//2517
f 383//383 382//382 381//381 2557//2557
f 2862//2862 382//382 383//383 2527//2527
f 384//384 385//385 386//386 2566//2566
f 389//389 388//388 384//384 2566//2566
f 421//421 2254//2254 384//384 388//388
f 2254//2254 2670//2670 385//385 384//384
f 386//386 2464//2464 2463//2463 2864//2864
f 387//387 388//388 389//389 391//391
f 387//387 2256//2256 421//421 388//388
f 2862//2862 391//391 389//389 2565//2565
f 390//390 387//387 391//391 2529//2529
f 1407//1407 1409//1409 390//390 2529//2529
f 2256//2256 387//387 390//390 2758//2758
f 393//393 392//392 400//400 2370//2370
f 394//394 401//401 400//400 392//392
f 394//394 424//424 2965//2965 401//401
f 395//395 396//396 397//397 93//93
f 402//402 396//396 395//395 2783//2783
f 396//396 3350//3349 2124//2124 397//397
f 396//396 402//402 2842//2842 3350//3349
f 398//398 404//404 403//403 399//399
f 400//400 407//407 2979//2979 2370//2370
f 401//401 2369//2369 407//407 400//400
f 401//401 2965//2965 2941//2941 2369//2369
f 2783//2783 395//395 403//403 2784//2784
f 404//404 2979//2979 2246//2246 410//410
f 404//404 398//398 2370//2370 2979//2979
f 404//404 410//410 2784//2784 403//403
f 415//415 416//416 406//406 405//405
f 2850//2850 371//371 406//406 2167//2167
f 408//408 409//409 407//407 2369//2369
f 407//407 409//409 2246//2246 2979//2979
f 408//408 414//414 413//413 409//409
f 2941//2941 2978//2978 408//408 2369//2369
f 2888//2888 2246//2246 409//409 413//413
f 410//410 411//411 412//412 2784//2784
f 2246//2246 2888//2888 411//411 410//410
f 412//412 2943//2943 415//415 405//405
f 2783//2783 2784//2784 412//412 405//405
f 412//412 411//411 2944//2944 2943//2943
f 414//414 591//591 2251//2251 413//413
f 414//414 2845//2845 2588//2588 591//591
f 414//414 408//408 2978//2978 2845//2845
f 416//416 415//415 417//417 2643//2643
f 2167//2167 406//406 416//416 2872//2872
f 416//416 2643//2643 2855//2855 2872//2872
f 417//417 598//598 2586//2586 2643//2643
f 2943//2943 3301//3300 417//417 415//415
f 418//418 419//419 420//420 2127//2127
f 2254//2254 421//421 418//418 2844//2844
f 419//419 418//418 421//421 2256//2256
f 2758//2758 1434//1434 419//419 2256//2256
f 419//419 1434//1434 2839//2839 420//420
f 420//420 2839//2839 3122//3121 2096//2096
f 422//422 423//423 424//424 2608//2608
f 425//425 423//423 422//422 2248//2248
f 422//422 2608//2608 2975//2975 3358//3357
f 423//423 425//425 431//431 3354//3353
f 423//423 3354//3353 2965//2965 424//424
f 2372//2372 2608//2608 424//424 394//394
f 425//425 426//426 433//433 431//431
f 2248//2248 152//152 426//426 425//425
f 428//428 429//429 427//427 151//151
f 427//427 432//432 433//433 426//426
f 427//427 429//429 434//434 432//432
f 430//430 429//429 428//428 153//153
f 430//430 435//435 434//434 429//429
f 431//431 439//439 2607//2607 3354//3353
f 2633//2633 437//437 432//432 434//434
f 437//437 436//436 433//433 432//432
f 433//433 436//436 439//439 431//431
f 435//435 430//430 460//460 2615//2615
f 435//435 444//444 2633//2633 434//434
f 440//440 439//439 436//436 442//442
f 437//437 441//441 442//442 436//436
f 437//437 2633//2633 443//443 441//441
f 439//439 440//440 438//438 2607//2607
f 438//438 440//440 446//446 450//450
f 438//438 450//450 2845//2845 2978//2978
f 2941//2941 2607//2607 438//438 2978//2978
f 441//441 447//447 448//448 442//442
f 446//446 440//440 442//442 448//448
f 444//444 445//445 443//443 2633//2633
f 443//443 455//455 447//447 441//441
f 443//443 445//445 449//449 455//455
f 2615//2615 2616//2616 444//444 435//435
f 445//445 3372//3371 2612//2612 449//449
f 445//445 444//444 2616//2616 3372//3371
f 448//448 453//453 451//451 446//446
f 454//454 453//453 448//448 447//447
f 449//449 2612//2612 471//471 457//457
f 451//451 452//452 450//450 446//446
f 450//450 452//452 2588//2588 2845//2845
f 451//451 453//453 612//612 618//618
f 452//452 2849//2849 615//615 2588//2588
f 452//452 451//451 618//618 2849//2849
f 455//455 456//456 454//454 447//447
f 454//454 611//611 612//612 453//453
f 454//454 456//456 613//613 611//611
f 457//457 456//456 455//455 449//449
f 457//457 614//614 613//613 456//456
f 458//458 459//459 460//460 2183//2183
f 2132//2132 3185//3184 459//459 458//458
f 459//459 3152//3151 2615//2615 460//460
f 462//462 463//463 461//461 2136//2136
f 3121//3120 1464//1464 462//462 2136//2136
f 463//463 462//462 464//464 2620//2620
f 2132//2132 461//461 463//463 3185//3184
f 464//464 462//462 1464//1464 3114//3113
f 464//464 466//466 2621//2621 2620//2620
f 464//464 3114//3113 2908//2908 466//466
f 466//466 467//467 465//465 2621//2621
f 465//465 467//467 468//468 472//472
f 466//466 2908//2908 2910//2910 467//467
f 468//468 467//467 2910//2910 3385//3384
f 469//469 470//470 471//471 2612//2612
f 469//469 2892//2892 2905//2905 2618//2618
f 2618//2618 2950//2950 470//470 469//469
f 470//470 2950//2950 2949//2949 2945//2945
f 614//614 457//457 471//471 3309//3308
f 471//471 470//470 2945//2945 3309//3308
f 473//473 474//474 472//472 468//468
f 2905//2905 465//465 472//472 2618//2618
f 473//473 641//641 640//640 474//474
f 473//473 1476//1476 2951//2951 641//641
f 3385//3384 1476//1476 473//473 468//468
f 2618//2618 472//472 474//474 2950//2950
f 2949//2949 2950//2950 474//474 640//640
f 478//478 3//3 476//476 3103//3102
f 478//478 2119//2119 2118//2118 3//3
f 478//478 479//479 2301//2301 2119//2119
f 480//480 481//481 479//479 2322//2322
f 479//479 478//478 3103//3102 2322//2322
f 480//480 2344//2344 484//484 481//481
f 481//481 485//485 2301//2301 479//479
f 482//482 483//483 484//484 2344//2344
f 497//497 483//483 482//482 230//230
f 483//483 498//498 3392//3391 484//484
f 485//485 481//481 484//484 3392//3391
f 485//485 486//486 487//487 2301//2301
f 3391//3390 2299//2299 486//486 3318//3317
f 3392//3391 3318//3317 486//486 485//485
f 487//487 2303//2303 489//489 2120//2120
f 487//487 486//486 2299//2299 2303//2303
f 489//489 490//490 488//488 5//5
f 488//488 490//490 655//655 658//658
f 489//489 2303//2303 2298//2298 490//490
f 490//490 2298//2298 656//656 655//655
f 2754//2754 494//494 491//491 13//13
f 496//496 217//217 495//495 1204//1204
f 497//497 499//499 498//498 483//483
f 2635//2635 2636//2636 497//497 230//230
f 499//499 2259//2259 504//504 498//498
f 499//499 497//497 2636//2636 3390//3389
f 2639//2639 2259//2259 499//499 3390//3389
f 501//501 502//502 500//500 2342//2342
f 3190//3189 517//517 501//501 2342//2342
f 502//502 501//501 503//503 510//510
f 2343//2343 500//500 502//502 3090//3089
f 503//503 501//501 517//517 3189//3188
f 503//503 3189//3188 2897//2897 511//511
f 505//505 506//506 504//504 2259//2259
f 504//504 3318//3317 3392//3391 498//498
f 505//505 509//509 2626//2626 2984//2984
f 2629//2629 506//506 505//505 2984//2984
f 506//506 2629//2629 2631//2631 3391//3390
f 3318//3317 504//504 506//506 3391//3390
f 507//507 508//508 509//509 2639//2639
f 507//507 2919//2919 3090//3089 2638//2638
f 2638//2638 2895//2895 508//508 507//507
f 508//508 2895//2895 2894//2894 2921//2921
f 2259//2259 2639//2639 509//509 505//505
f 509//509 508//508 2921//2921 2626//2626
f 511//511 512//512 510//510 503//503
f 3090//3089 502//502 510//510 2638//2638
f 511//511 514//514 513//513 512//512
f 511//511 2897//2897 2896//2896 514//514
f 2638//2638 510//510 512//512 2895//2895
f 2894//2894 2895//2895 512//512 513//513
f 513//513 713//713 2346//2346 2894//2894
f 514//514 2345//2345 713//713 513//513
f 514//514 2896//2896 3192//3191 2345//2345
f 515//515 516//516 517//517 3190//3189
f 518//518 516//516 515//515 2286//2286
f 515//515 3190//3189 3191//3190 261//261
f 516//516 518//518 523//523 3370//3369
f 516//516 3370//3369 3189//3188 517//517
f 518//518 521//521 3208//3207 523//523
f 519//519 520//520 521//521 2368//2368
f 522//522 520//520 519//519 2285//2285
f 519//519 2368//2368 2644//2644 3013//3013
f 519//519 3013//3013 3012//3012 2285//2285
f 520//520 522//522 524//524 3369//3368
f 520//520 3369//3368 3208//3207 521//521
f 2286//2286 2368//2368 521//521 518//518
f 522//522 535//535 2664//2664 524//524
f 523//523 526//526 2614//2614 3370//3369
f 523//523 3208//3207 2890//2890 526//526
f 524//524 529//529 2613//2613 3369//3368
f 526//526 527//527 525//525 2614//2614
f 2897//2897 2614//2614 525//525 2896//2896
f 526//526 2890//2890 2889//2889 527//527
f 527//527 2295//2295 758//758 525//525
f 527//527 2889//2889 3376//3375 2295//2295
f 529//529 530//530 528//528 2613//2613
f 528//528 530//530 531//531 762//762
f 2890//2890 2613//2613 528//528 2889//2889
f 528//528 762//762 3376//3375 2889//2889
f 2664//2664 2665//2665 529//529 524//524
f 530//530 3368//3367 2403//2403 531//531
f 530//530 529//529 2665//2665 3368//3367
f 531//531 2403//2403 806//806 765//765
f 532//532 288//288 3238//3237 3394//3393
f 533//533 534//534 535//535 2399//2399
f 533//533 2988//2988 2987//2987 2391//2391
f 2391//2391 3001//3001 534//534 533//533
f 534//534 2985//2985 2664//2664 535//535
f 2285//2285 2399//2399 535//535 522//522
f 537//537 538//538 536//536 532//532
f 2987//2987 286//286 536//536 2391//2391
f 3394//3393 547//547 537//537 532//532
f 538//538 537//537 539//539 2656//2656
f 2391//2391 536//536 538//538 3001//3001
f 539//539 537//537 547//547 3237//3236
f 539//539 541//541 2617//2617 2656//2656
f 539//539 3237//3236 2887//2887 541//541
f 541//541 542//542 540//540 2617//2617
f 540//540 542//542 543//543 807//807
f 541//541 2887//2887 2886//2886 542//542
f 543//543 542//542 2886//2886 2252//2252
f 544//544 2223//2223 551//551 548//548
f 545//545 546//546 547//547 3394//3393
f 548//548 546//546 545//545 544//544
f 546//546 548//548 552//552 3396//3395
f 546//546 3396//3395 3237//3236 547//547
f 548//548 551//551 2597//2597 552//552
f 549//549 550//550 551//551 2223//2223
f 549//549 3258//3257 3257//3256 2390//2390
f 2390//2390 3274//3273 550//550 549//549
f 550//550 3275//3274 2597//2597 551//551
f 552//552 554//554 2650//2650 3396//3395
f 554//554 555//555 553//553 2650//2650
f 553//553 555//555 559//559 837//837
f 553//553 837//837 2252//2252 2886//2886
f 2887//2887 2650//2650 553//553 2886//2886
f 2597//2597 2598//2598 554//554 552//552
f 554//554 2598//2598 2874//2874 555//555
f 557//557 558//558 556//556 2653//2653
f 556//556 558//558 560//560 840//840
f 2598//2598 2653//2653 556//556 2874//2874
f 556//556 840//840 2875//2875 2874//2874
f 2651//2651 2652//2652 557//557 2654//2654
f 558//558 3393//3392 2400//2400 560//560
f 558//558 557//557 2652//2652 3393//3392
f 2874//2874 2875//2875 559//559 555//555
f 560//560 2400//2400 883//883 843//843
f 561//561 342//342 3259//3258 2222//2222
f 564//564 565//565 563//563 561//561
f 3257//3256 340//340 563//563 2390//2390
f 2222//2222 3276//3275 564//564 561//561
f 564//564 3256//3255 2651//2651 565//565
f 2390//2390 563//563 565//565 3274//3273
f 567//567 568//568 566//566 562//562
f 3361//3360 576//576 567//567 562//562
f 568//568 567//567 569//569 2596//2596
f 2222//2222 566//566 568//568 3276//3275
f 569//569 567//567 576//576 3284//3283
f 569//569 571//571 2593//2593 2596//2596
f 569//569 3284//3283 2880//2880 571//571
f 571//571 572//572 570//570 2593//2593
f 571//571 2880//2880 2879//2879 572//572
f 572//572 884//884 2240//2240 570//570
f 573//573 2398//2398 580//580 577//577
f 2657//2657 2398//2398 573//573 374//374
f 574//574 575//575 576//576 3361//3360
f 577//577 575//575 574//574 573//573
f 575//575 577//577 581//581 3363//3362
f 575//575 3363//3362 3284//3283 576//576
f 577//577 580//580 2662//2662 581//581
f 578//578 579//579 580//580 2398//2398
f 578//578 2398//2398 2657//2657 2854//2854
f 2642//2642 2867//2867 579//579 578//578
f 579//579 582//582 2662//2662 580//580
f 581//581 586//586 2647//2647 3363//3362
f 583//583 584//584 582//582 2646//2646
f 2867//2867 2646//2646 582//582 579//579
f 583//583 589//589 588//588 584//584
f 584//584 2663//2663 2662//2662 582//582
f 586//586 587//587 585//585 2647//2647
f 585//585 587//587 590//590 921//921
f 2662//2662 2663//2663 586//586 581//581
f 586//586 2663//2663 2881//2881 587//587
f 2663//2663 584//584 588//588 2881//2881
f 589//589 583//583 603//603 2640//2640
f 589//589 2225//2225 924//924 588//588
f 590//590 587//587 2881//2881 3357//3356
f 591//591 592//592 593//593 2251//2251
f 591//591 2588//2588 615//615 592//592
f 592//592 615//615 616//616 2367//2367
f 592//592 2367//2367 2245//2245 593//593
f 2250//2250 2251//2251 593//593 3227//3226
f 593//593 2245//2245 3228//3227 3227//3226
f 594//594 595//595 596//596 3301//3300
f 594//594 3301//3300 2943//2943 2944//2944
f 3228//3227 595//595 594//594 3227//3226
f 595//595 3229//3228 2878//2878 596//596
f 598//598 599//599 597//597 2586//2586
f 597//597 599//599 600//600 601//601
f 598//598 596//596 2878//2878 599//599
f 3301//3300 596//596 598//598 417//417
f 599//599 2878//2878 3302//3301 600//600
f 602//602 603//603 601//601 600//600
f 2867//2867 597//597 601//601 2646//2646
f 3302//3301 3303//3302 602//602 600//600
f 2646//2646 601//601 603//603 583//583
f 603//603 602//602 2667//2667 2640//2640
f 605//605 606//606 604//604 3317//3316
f 604//604 606//606 610//610 956//956
f 607//607 2241//2241 606//606 605//605
f 607//607 608//608 609//609 2241//2241
f 2243//2243 2244//2244 607//607 605//605
f 608//608 2366//2366 622//622 631//631
f 2244//2244 2366//2366 608//608 607//607
f 631//631 633//633 609//609 608//608
f 2241//2241 2242//2242 610//610 606//606
f 2591//2591 619//619 612//612 611//611
f 613//613 614//614 617//617 623//623
f 613//613 623//623 2591//2591 611//611
f 2187//2187 617//617 614//614 3309//3308
f 615//615 2849//2849 2848//2848 616//616
f 621//621 622//622 616//616 2848//2848
f 617//617 2187//2187 644//644 624//624
f 619//619 620//620 618//618 612//612
f 619//619 2591//2591 2592//2592 629//629
f 3322//3321 620//620 619//619 629//629
f 621//621 2848//2848 620//620 3322//3321
f 620//620 2848//2848 2849//2849 618//618
f 631//631 622//622 621//621 2606//2606
f 2668//2668 2606//2606 621//621 3322//3321
f 622//622 2366//2366 2367//2367 616//616
f 624//624 625//625 623//623 617//617
f 623//623 625//625 2592//2592 2591//2591
f 624//624 627//627 626//626 625//625
f 2592//2592 625//625 626//626 630//630
f 626//626 636//636 2736//2736 630//630
f 627//627 2082//2082 636//636 626//626
f 627//627 624//624 644//644 2100//2100
f 628//628 2668//2668 3322//3321 629//629
f 630//630 628//628 629//629 2592//2592
f 2600//2600 628//628 630//630 2736//2736
f 632//632 633//633 631//631 2606//2606
f 632//632 634//634 635//635 2610//2610
f 2668//2668 634//634 632//632 2606//2606
f 633//633 632//632 2610//2610 1002//1002
f 633//633 1002//1002 3306//3305 609//609
f 2600//2600 2601//2601 635//635 634//634
f 636//636 637//637 638//638 2736//2736
f 639//639 637//637 636//636 2082//2082
f 637//637 1004//1004 1005//1005 638//638
f 1023//1023 1004//1004 637//637 639//639
f 640//640 645//645 2188//2188 2949//2949
f 641//641 2191//2191 645//645 640//640
f 641//641 2951//2951 3120//3119 2191//2191
f 642//642 643//643 644//644 2187//2187
f 642//642 2187//2187 3309//3308 2945//2945
f 643//643 3188//3187 2100//2100 644//644
f 2188//2188 3187//3186 643//643 642//642
f 646//646 647//647 645//645 2191//2191
f 3120//3119 1642//1642 646//646 2191//2191
f 647//647 646//646 648//648 2101//2101
f 2188//2188 645//645 647//647 3187//3186
f 648//648 2087//2087 652//652 2101//2101
f 648//648 646//646 1642//1642 3124//3123
f 648//648 3124//3123 3123//3122 2087//2087
f 649//649 650//650 651//651 2083//2083
f 649//649 2083//2083 2100//2100 3188//3187
f 2084//2084 1026//1026 650//650 649//649
f 651//651 1024//1024 1023//1023 639//639
f 1025//1025 1024//1024 651//651 650//650
f 2082//2082 2083//2083 651//651 639//639
f 653//653 654//654 652//652 2087//2087
f 3123//3122 1030//1030 653//653 2087//2087
f 654//654 1028//1028 1027//1027 1026//1026
f 1029//1029 1028//1028 654//654 653//653
f 2084//2084 652//652 654//654 1026//1026
f 657//657 655//655 656//656 661//661
f 2300//2300 2632//2632 656//656 2298//2298
f 658//658 655//655 657//657 659//659
f 664//664 659//659 657//657 2871//2871
f 660//660 659//659 664//664 665//665
f 661//661 662//662 663//663 3379//3378
f 661//661 656//656 2632//2632 662//662
f 2871//2871 657//657 661//661 3379//3378
f 662//662 3092//3091 675//675 663//663
f 662//662 2632//2632 2628//2628 3092//3091
f 663//663 671//671 670//670 3379//3378
f 667//667 665//665 664//664 670//670
f 666//666 660//660 665//665 669//669
f 666//666 669//669 690//690 678//678
f 667//667 668//668 669//669 665//665
f 672//672 673//673 668//668 667//667
f 668//668 689//689 690//690 669//669
f 672//672 667//667 670//670 671//671
f 670//670 664//664 2871//2871 3379//3378
f 675//675 674//674 671//671 663//663
f 671//671 674//674 2785//2785 672//672
f 2775//2775 673//673 672//672 2785//2785
f 673//673 698//698 689//689 668//668
f 2138//2138 2785//2785 674//674 676//676
f 676//676 674//674 675//675 718//718
f 679//679 677//677 678//678 683//683
f 684//684 683//683 678//678 690//690
f 679//679 3096//3095 2076//2076 25//25
f 680//680 27//27 2077//2077 681//681
f 680//680 1684//1684 3125//3124 27//27
f 682//682 680//680 681//681 685//685
f 681//681 3096//3095 686//686 685//685
f 681//681 2077//2077 2076//2076 3096//3095
f 1684//1684 680//680 682//682 1689//1689
f 3096//3095 679//679 683//683 686//686
f 686//686 683//683 684//684 693//693
f 688//688 682//682 685//685 687//687
f 687//687 685//685 686//686 693//693
f 695//695 688//688 687//687 694//694
f 1689//1689 682//682 688//688 697//697
f 699//699 691//691 689//689 698//698
f 691//691 684//684 690//690 689//689
f 691//691 692//692 693//693 684//684
f 699//699 700//700 692//692 691//691
f 701//701 694//694 692//692 700//700
f 694//694 687//687 693//693 692//692
f 702//702 695//695 694//694 701//701
f 695//695 696//696 697//697 688//688
f 702//702 703//703 696//696 695//695
f 1704//1704 1695//1695 696//696 703//703
f 1695//1695 1690//1690 697//697 696//696
f 2775//2775 2776//2776 698//698 673//673
f 2776//2776 706//706 699//699 698//698
f 2780//2780 700//700 699//699 706//706
f 700//700 2780//2780 2108//2108 701//701
f 2108//2108 2778//2778 702//702 701//701
f 703//703 2779//2779 2105//2105 1704//1704
f 2778//2778 2779//2779 703//703 702//702
f 704//704 705//705 706//706 2776//2776
f 737//737 705//705 704//704 736//736
f 706//706 705//705 738//738 2780//2780
f 708//708 709//709 707//707 2630//2630
f 707//707 709//709 716//716 718//718
f 2628//2628 2630//2630 707//707 3092//3091
f 2626//2626 2627//2627 708//708 2984//2984
f 2629//2629 2984//2984 708//708 2630//2630
f 709//709 712//712 724//724 716//716
f 709//709 708//708 2627//2627 712//712
f 710//710 711//711 712//712 2627//2627
f 710//710 2627//2627 2626//2626 2921//2921
f 711//711 2686//2686 724//724 712//712
f 2346//2346 3088//3087 711//711 710//710
f 714//714 715//715 713//713 2345//2345
f 3192//3191 760//760 714//714 2345//2345
f 715//715 714//714 717//717 730//730
f 2346//2346 713//713 715//715 3088//3087
f 717//717 714//714 760//760 2687//2687
f 719//719 676//676 718//718 716//716
f 3092//3091 707//707 718//718 675//675
f 724//724 723//723 719//719 716//716
f 719//719 721//721 2138//2138 676//676
f 721//721 722//722 720//720 2138//2138
f 720//720 722//722 736//736 704//704
f 720//720 704//704 2776//2776 2775//2775
f 2785//2785 2138//2138 720//720 2775//2775
f 723//723 2128//2128 721//721 719//719
f 721//721 2128//2128 728//728 722//722
f 2193//2193 736//736 722//722 728//728
f 726//726 2128//2128 723//723 725//725
f 725//725 723//723 724//724 2686//2686
f 725//725 2684//2684 2526//2526 726//726
f 2685//2685 2684//2684 725//725 2686//2686
f 726//726 727//727 728//728 2128//2128
f 727//727 747//747 748//748 3401//3400
f 727//727 3401//3400 2193//2193 728//728
f 2526//2526 747//747 727//727 726//726
f 731//731 729//729 730//730 717//717
f 730//730 729//729 2684//2684 2685//2685
f 3088//3087 715//715 730//730 2685//2685
f 731//731 732//732 733//733 729//729
f 2443//2443 732//732 731//731 2682//2682
f 2687//2687 2682//2682 731//731 717//717
f 732//732 734//734 735//735 733//733
f 733//733 2526//2526 2684//2684 729//729
f 2443//2443 3035//3035 734//734 732//732
f 734//734 3194//3193 2446//2446 735//735
f 2526//2526 733//733 735//735 747//747
f 737//737 739//739 738//738 705//705
f 2193//2193 2194//2194 737//737 736//736
f 2833//2833 739//739 737//737 2194//2194
f 739//739 2144//2144 740//740 738//738
f 739//739 2833//2833 2832//2832 2144//2144
f 741//741 742//742 740//740 2144//2144
f 740//740 2108//2108 2780//2780 738//738
f 2832//2832 746//746 741//741 2144//2144
f 742//742 741//741 743//743 2106//2106
f 2108//2108 740//740 742//742 2778//2778
f 746//746 2831//2831 743//743 741//741
f 743//743 1729//1729 2107//2107 2106//2106
f 743//743 2831//2831 2834//2834 1729//1729
f 744//744 745//745 746//746 2832//2832
f 753//753 745//745 744//744 752//752
f 745//745 753//753 754//754 3409//3408
f 745//745 3409//3408 2831//2831 746//746
f 747//747 735//735 2446//2446 748//748
f 748//748 750//750 2421//2421 3401//3400
f 750//750 751//751 749//749 2421//2421
f 749//749 751//751 752//752 744//744
f 2194//2194 2421//2421 749//749 2833//2833
f 749//749 744//744 2832//2832 2833//2833
f 2446//2446 2447//2447 750//750 748//748
f 751//751 750//750 2447//2447 3413//3412
f 751//751 3413//3412 2459//2459 752//752
f 752//752 2459//2459 757//757 753//753
f 753//753 757//757 2451//2451 754//754
f 754//754 1740//1740 2439//2439 3409//3408
f 755//755 756//756 757//757 2459//2459
f 755//755 3178//3177 3045//3044 2437//2437
f 2437//2437 3042//3041 756//756 755//755
f 756//756 3195//3194 2451//2451 757//757
f 758//758 759//759 760//760 3192//3191
f 761//761 759//759 758//758 2295//2295
f 758//758 3192//3191 2896//2896 525//525
f 759//759 761//761 766//766 769//769
f 760//760 759//759 769//769 2687//2687
f 3376//3375 764//764 761//761 2295//2295
f 762//762 763//763 764//764 3376//3375
f 765//765 763//763 762//762 531//531
f 763//763 765//765 767//767 782//782
f 763//763 782//782 776//776 764//764
f 766//766 761//761 764//764 776//776
f 765//765 806//806 812//812 767//767
f 770//770 768//768 769//769 766//766
f 769//769 768//768 2682//2682 2687//2687
f 770//770 771//771 772//772 768//768
f 776//776 775//775 770//770 766//766
f 779//779 771//771 770//770 775//775
f 773//773 774//774 772//772 771//771
f 772//772 2443//2443 2682//2682 768//768
f 779//779 781//781 773//773 771//771
f 774//774 773//773 786//786 2416//2416
f 2443//2443 772//772 774//774 3035//3035
f 777//777 775//775 776//776 782//782
f 777//777 778//778 779//779 775//775
f 778//778 780//780 781//781 779//779
f 783//783 784//784 778//778 777//777
f 785//785 780//780 778//778 784//784
f 780//780 785//785 798//798 3399//3398
f 780//780 3399//3398 3219//3218 781//781
f 786//786 773//773 781//781 3219//3218
f 783//783 777//777 782//782 767//767
f 812//812 811//811 783//783 767//767
f 2576//2576 784//784 783//783 811//811
f 784//784 2576//2576 816//816 785//785
f 785//785 816//816 2514//2514 798//798
f 786//786 788//788 2414//2414 2416//2416
f 786//786 3219//3218 3167//3166 788//788
f 788//788 789//789 787//787 2414//2414
f 787//787 789//789 790//790 791//791
f 788//788 3167//3166 3166//3165 789//789
f 790//790 789//789 3166//3165 3412//3411
f 792//792 793//793 791//791 790//790
f 791//791 2437//2437 3045//3044 787//787
f 3412//3411 797//797 792//792 790//790
f 793//793 792//792 794//794 2433//2433
f 2437//2437 791//791 793//793 3042//3041
f 794//794 792//792 797//797 3044//3043
f 794//794 3044//3043 2428//2428 2431//2431
f 794//794 2431//2431 2430//2430 2433//2433
f 795//795 796//796 797//797 3412//3411
f 801//801 2426//2426 795//795 799//799
f 802//802 796//796 795//795 2426//2426
f 795//795 3412//3411 3166//3165 799//799
f 796//796 802//802 803//803 2429//2429
f 2429//2429 3044//3043 797//797 796//796
f 798//798 800//800 2413//2413 3399//3398
f 800//800 801//801 799//799 2413//2413
f 3167//3166 2413//2413 799//799 3166//3165
f 2514//2514 2515//2515 800//800 798//798
f 801//801 800//800 2515//2515 3290//3289
f 801//801 3290//3289 3289//3288 2426//2426
f 3289//3288 826//826 802//802 2426//2426
f 803//803 802//802 826//826 3288//3287
f 803//803 1780//1780 2427//2427 2429//2429
f 803//803 3288//3287 3130//3129 1780//1780
f 804//804 805//805 806//806 2403//2403
f 804//804 2924//2924 2883//2883 2401//2401
f 805//805 2681//2681 812//812 806//806
f 2401//2401 3000//3000 805//805 804//804
f 808//808 809//809 807//807 543//543
f 2883//2883 540//540 807//807 2401//2401
f 2252//2252 3241//3240 808//808 543//543
f 809//809 808//808 810//810 818//818
f 2401//2401 807//807 809//809 3000//3000
f 810//810 808//808 3241//3240 2691//2691
f 814//814 2576//2576 811//811 813//813
f 813//813 811//811 812//812 2681//2681
f 813//813 2679//2679 2575//2575 814//814
f 2680//2680 2679//2679 813//813 2681//2681
f 814//814 815//815 816//816 2576//2576
f 815//815 827//827 828//828 3398//3397
f 815//815 3398//3397 2514//2514 816//816
f 2575//2575 827//827 815//815 814//814
f 819//819 817//817 818//818 810//810
f 818//818 817//817 2679//2679 2680//2680
f 3000//3000 809//809 818//818 2680//2680
f 819//819 820//820 821//821 817//817
f 2691//2691 2678//2678 819//819 810//810
f 820//820 822//822 823//823 821//821
f 820//820 819//819 2678//2678 2121//2121
f 821//821 2575//2575 2679//2679 817//817
f 2121//2121 2955//2955 822//822 820//820
f 822//822 3239//3238 2496//2496 823//823
f 2575//2575 821//821 823//823 827//827
f 824//824 825//825 826//826 3289//3288
f 831//831 2422//2422 824//824 829//829
f 832//832 825//825 824//824 2422//2422
f 824//824 3289//3288 3290//3289 829//829
f 825//825 832//832 833//833 3403//3402
f 825//825 3403//3402 3288//3287 826//826
f 827//827 823//823 2496//2496 828//828
f 828//828 830//830 2405//2405 3398//3397
f 830//830 831//831 829//829 2405//2405
f 2515//2515 2405//2405 829//829 3290//3289
f 2496//2496 2497//2497 830//830 828//828
f 831//831 830//830 2497//2497 2548//2548
f 832//832 836//836 2552//2552 833//833
f 833//833 1815//1815 2423//2423 3403//3402
f 834//834 835//835 836//836 2549//2549
f 834//834 2549//2549 2548//2548 3177//3176
f 2317//2317 2957//2957 835//835 834//834
f 835//835 3240//3239 2552//2552 836//836
f 2422//2422 2549//2549 836//836 832//832
f 838//838 839//839 837//837 559//559
f 2875//2875 842//842 838//838 559//559
f 839//839 838//838 844//844 847//847
f 2252//2252 837//837 839//839 3241//3240
f 840//840 841//841 842//842 2875//2875
f 843//843 841//841 840//840 560//560
f 841//841 843//843 845//845 859//859
f 841//841 859//859 853//853 842//842
f 844//844 838//838 842//842 853//853
f 843//843 883//883 890//890 845//845
f 846//846 849//849 2121//2121 2678//2678
f 848//848 846//846 847//847 844//844
f 847//847 846//846 2678//2678 2691//2691
f 3241//3240 839//839 847//847 2691//2691
f 848//848 2122//2122 849//849 846//846
f 853//853 852//852 848//848 844//844
f 856//856 2122//2122 848//848 852//852
f 850//850 851//851 849//849 2122//2122
f 856//856 858//858 850//850 2122//2122
f 851//851 850//850 863//863 2293//2293
f 2121//2121 849//849 851//851 2955//2955
f 854//854 852//852 853//853 859//859
f 854//854 855//855 856//856 852//852
f 855//855 857//857 858//858 856//856
f 860//860 861//861 855//855 854//854
f 862//862 857//857 855//855 861//861
f 857//857 862//862 874//874 3373//3372
f 857//857 3373//3372 2898//2898 858//858
f 858//858 2898//2898 863//863 850//850
f 860//860 854//854 859//859 845//845
f 890//890 889//889 860//860 845//845
f 893//893 861//861 860//860 889//889
f 893//893 895//895 862//862 861//861
f 863//863 865//865 2294//2294 2293//2293
f 863//863 2898//2898 2926//2926 865//865
f 865//865 866//866 864//864 2294//2294
f 864//864 867//867 2317//2317 2959//2959
f 2913//2913 866//866 865//865 2926//2926
f 866//866 2545//2545 867//867 864//864
f 866//866 2913//2913 2912//2912 2545//2545
f 868//868 869//869 867//867 2545//2545
f 2912//2912 873//873 868//868 2545//2545
f 869//869 868//868 870//870 2319//2319
f 2317//2317 867//867 869//869 2957//2957
f 873//873 2909//2909 870//870 868//868
f 870//870 1844//1844 2320//2320 2319//2319
f 870//870 2909//2909 2911//2911 1844//1844
f 871//871 872//872 873//873 2912//2912
f 879//879 872//872 871//871 878//878
f 872//872 879//879 880//880 3386//3385
f 872//872 3386//3385 2909//2909 873//873
f 874//874 862//862 895//895 3267//3266
f 874//874 876//876 2495//2495 3373//3372
f 874//874 3267//3266 3159//3158 876//876
f 876//876 877//877 875//875 2495//2495
f 875//875 877//877 878//878 871//871
f 875//875 871//871 2912//2912 2913//2913
f 2926//2926 2495//2495 875//875 2913//2913
f 876//876 3159//3158 3158//3157 877//877
f 878//878 877//877 3158//3157 3418//3417
f 3418//3417 909//909 879//879 878//878
f 880//880 879//879 909//909 3265//3264
f 880//880 1856//1856 2551//2551 3386//3385
f 880//880 3265//3264 3136//3135 1856//1856
f 881//881 882//882 883//883 2400//2400
f 881//881 2935//2935 2876//2876 2239//2239
f 882//882 887//887 888//888 896//896
f 882//882 896//896 890//890 883//883
f 2239//2239 887//887 882//882 881//881
f 884//884 885//885 886//886 2240//2240
f 884//884 572//572 2879//2879 2389//2389
f 885//885 2677//2677 901//901 886//886
f 2389//2389 3294//3293 885//885 884//884
f 2239//2239 2240//2240 886//886 887//887
f 887//887 886//886 901//901 888//888
f 891//891 889//889 890//890 896//896
f 891//891 892//892 893//893 889//889
f 892//892 894//894 895//895 893//893
f 897//897 898//898 892//892 891//891
f 899//899 894//894 892//892 898//898
f 894//894 899//899 910//910 3415//3414
f 894//894 3415//3414 3267//3266 895//895
f 897//897 891//891 896//896 888//888
f 901//901 900//900 897//897 888//888
f 904//904 898//898 897//897 900//900
f 898//898 904//904 906//906 899//899
f 2283//2283 910//910 899//899 906//906
f 902//902 900//900 901//901 2677//2677
f 902//902 903//903 904//904 900//900
f 2571//2571 903//903 902//902 2690//2690
f 2693//2693 2690//2690 902//902 2677//2677
f 903//903 905//905 906//906 904//904
f 905//905 3286//3285 2283//2283 906//906
f 2571//2571 3285//3284 905//905 903//903
f 907//907 908//908 909//909 3418//3417
f 915//915 908//908 907//907 914//914
f 908//908 916//916 3265//3264 909//909
f 910//910 912//912 2494//2494 3415//3414
f 912//912 913//913 911//911 2494//2494
f 911//911 913//913 914//914 907//907
f 3159//3158 2494//2494 911//911 3158//3157
f 911//911 907//907 3418//3417 3158//3157
f 2283//2283 2284//2284 912//912 910//910
f 2284//2284 3098//3097 913//913 912//912
f 2316//2316 914//914 913//913 3098//3097
f 914//914 2316//2316 920//920 915//915
f 915//915 917//917 916//916 908//908
f 920//920 2311//2311 917//917 915//915
f 917//917 1890//1890 2550//2550 916//916
f 918//918 919//919 920//920 2316//2316
f 918//918 3160//3159 3153//3152 2543//2543
f 2543//2543 3116//3115 919//919 918//918
f 919//919 3116//3115 3115//3114 3118//3117
f 920//920 919//919 3118//3117 2311//2311
f 922//922 923//923 921//921 590//590
f 2879//2879 585//585 921//921 2389//2389
f 3357//3356 2865//2865 922//922 590//590
f 923//923 922//922 927//927 930//930
f 2389//2389 921//921 923//923 3294//3293
f 925//925 926//926 924//924 2225//2225
f 924//924 3357//3356 2881//2881 588//588
f 2641//2641 2967//2967 925//925 2225//2225
f 926//926 925//925 928//928 937//937
f 926//926 2865//2865 3357//3356 924//924
f 927//927 922//922 2865//2865 2692//2692
f 928//928 925//925 2967//2967 2689//2689
f 931//931 929//929 930//930 927//927
f 930//930 929//929 2690//2690 2693//2693
f 3294//3293 923//923 930//930 2693//2693
f 931//931 932//932 933//933 929//929
f 2324//2324 932//932 931//931 2676//2676
f 2692//2692 2676//2676 931//931 927//927
f 932//932 934//934 935//935 933//933
f 933//933 2571//2571 2690//2690 929//929
f 2324//2324 2856//2856 934//934 932//932
f 934//934 3287//3286 2473//2473 935//935
f 2571//2571 933//933 935//935 3285//3284
f 938//938 936//936 937//937 928//928
f 937//937 936//936 2676//2676 2692//2692
f 937//937 2692//2692 2865//2865 926//926
f 938//938 939//939 940//940 936//936
f 2583//2583 939//939 938//938 2688//2688
f 2689//2689 2688//2688 938//938 928//928
f 941//941 942//942 940//940 939//939
f 940//940 2324//2324 2676//2676 936//936
f 2583//2583 3210//3209 941//941 939//939
f 942//942 941//941 946//946 2268//2268
f 2324//2324 940//940 942//942 2856//2856
f 943//943 944//944 945//945 2544//2544
f 943//943 3180//3179 2861//2861 2309//2309
f 2309//2309 3117//3116 944//944 943//943
f 944//944 3117//3116 2860//2860 2535//2535
f 945//945 944//944 2535//2535 2538//2538
f 2543//2543 2544//2544 945//945 3116//3115
f 3115//3114 3116//3115 945//945 2538//2538
f 946//946 948//948 2266//2266 2268//2268
f 946//946 3221//3220 2523//2523 948//948
f 946//946 941//941 3210//3209 3221//3220
f 948//948 949//949 947//947 2266//2266
f 947//947 949//949 950//950 951//951
f 948//948 2523//2523 3168//3167 949//949
f 950//950 949//949 3168//3167 3378//3377
f 952//952 953//953 951//951 950//950
f 951//951 2309//2309 2861//2861 947//947
f 952//952 955//955 954//954 953//953
f 952//952 981//981 3119//3118 955//955
f 3378//3377 981//981 952//952 950//950
f 2309//2309 951//951 953//953 3117//3116
f 953//953 954//954 2860//2860 3117//3116
f 954//954 1927//1927 2307//2307 2860//2860
f 955//955 2306//2306 1927//1927 954//954
f 955//955 3119//3118 3217//3216 2306//2306
f 957//957 958//958 956//956 610//610
f 956//956 958//958 960//960 3209//3208
f 3303//3302 604//604 956//956 3209//3208
f 963//963 962//962 957//957 2976//2976
f 2242//2242 2976//2976 957//957 610//610
f 961//961 960//960 958//958 3224//3223
f 958//958 957//957 962//962 3224//3223
f 960//960 961//961 959//959 2666//2666
f 959//959 961//961 964//964 966//966
f 959//959 966//966 2689//2689 2967//2967
f 960//960 2666//2666 2667//2667 3209//3208
f 963//963 2253//2253 974//974 962//962
f 963//963 3225//3224 2674//2674 2253//2253
f 964//964 961//961 3224//3223 972//972
f 967//967 965//965 966//966 964//964
f 966//966 965//965 2688//2688 2689//2689
f 967//967 2123//2123 968//968 965//965
f 972//972 971//971 967//967 964//964
f 967//967 971//971 3181//3180 2123//2123
f 969//969 970//970 968//968 2123//2123
f 968//968 2583//2583 2688//2688 965//965
f 3181//3180 3211//3210 969//969 2123//2123
f 970//970 969//969 982//982 2524//2524
f 2583//2583 968//968 970//970 3210//3209
f 2140//2140 3181//3180 971//971 973//973
f 973//973 971//971 972//972 974//974
f 975//975 973//973 974//974 2253//2253
f 974//974 972//972 3224//3223 962//962
f 975//975 977//977 2140//2140 973//973
f 2674//2674 2673//2673 975//975 2253//2253
f 975//975 2673//2673 2803//2803 977//977
f 977//977 978//978 976//976 2140//2140
f 976//976 978//978 993//993 3349//3348
f 3181//3180 2140//2140 976//976 3211//3210
f 976//976 3349//3348 3222//3221 3211//3210
f 2804//2804 978//978 977//977 2803//2803
f 979//979 980//980 981//981 3378//3377
f 987//987 980//980 979//979 986//986
f 981//981 980//980 988//988 3119//3118
f 982//982 984//984 2522//2522 2524//2524
f 982//982 3222//3221 3170//3169 984//984
f 982//982 969//969 3211//3210 3222//3221
f 984//984 985//985 983//983 2522//2522
f 983//983 985//985 986//986 979//979
f 2523//2523 2522//2522 983//983 3168//3167
f 983//983 979//979 3378//3377 3168//3167
f 984//984 3170//3169 3169//3168 985//985
f 986//986 985//985 3169//3168 3353//3352
f 987//987 989//989 988//988 980//980
f 3353//3352 992//992 987//987 986//986
f 989//989 987//987 992//992 2533//2533
f 989//989 2532//2532 1960//1960 988//988
f 990//990 991//991 992//992 3353//3352
f 998//998 991//991 990//990 997//997
f 992//992 991//991 999//999 2533//2533
f 993//993 995//995 2186//2186 3349//3348
f 2804//2804 2805//2805 993//993 978//978
f 993//993 2805//2805 2807//2807 995//995
f 995//995 996//996 994//994 2186//2186
f 994//994 996//996 997//997 990//990
f 3170//3169 2186//2186 994//994 3169//3168
f 994//994 990//990 3353//3352 3169//3168
f 2150//2150 997//997 996//996 3099//3098
f 2807//2807 3099//3098 996//996 995//995
f 997//997 2150//2150 1043//1043 998//998
f 998//998 1000//1000 999//999 991//991
f 1043//1043 2148//2148 1000//1000 998//998
f 1000//1000 2147//2147 1969//1969 999//999
f 1002//1002 1003//1003 1001//1001 3306//3305
f 1001//1001 1003//1003 1006//1006 3225//3224
f 2242//2242 3306//3305 1001//1001 2976//2976
f 2206//2206 1003//1003 1002//1002 2610//2610
f 1009//1009 1010//1010 1004//1004 1023//1023
f 1005//1005 1007//1007 1008//1008 2759//2759
f 1005//1005 1004//1004 1010//1010 1007//1007
f 1005//1005 2759//2759 2601//2601 638//638
f 2206//2206 2207//2207 1006//1006 1003//1003
f 1016//1016 1015//1015 1007//1007 1010//1010
f 1012//1012 1011//1011 1008//1008 1014//1014
f 1015//1015 1014//1014 1008//1008 1007//1007
f 1008//1008 1011//1011 2611//2611 2759//2759
f 1009//1009 1035//1035 1016//1016 1010//1010
f 1024//1024 1034//1034 1009//1009 1023//1023
f 1011//1011 1012//1012 1013//1013 2207//2207
f 2206//2206 2611//2611 1011//1011 2207//2207
f 2721//2721 1022//1022 1012//1012 1014//1014
f 1013//1013 1017//1017 1018//1018 2211//2211
f 1013//1013 1012//1012 1022//1022 1017//1017
f 1014//1014 1015//1015 2675//2675 2721//2721
f 2675//2675 1015//1015 1016//1016 3011//3011
f 1017//1017 1020//1020 2074//2074 1018//1018
f 2674//2674 2211//2211 1018//1018 2673//2673
f 1020//1020 1021//1021 1019//1019 2074//2074
f 1019//1019 1021//1021 1044//1044 3335//3334
f 2803//2803 2074//2074 1019//1019 2804//2804
f 1019//1019 3335//3334 2805//2805 2804//2804
f 1020//1020 1017//1017 1022//1022 2721//2721
f 2721//2721 2675//2675 1021//1021 1020//1020
f 1021//1021 2675//2675 3011//3011 1044//1044
f 1033//1033 1034//1034 1024//1024 1025//1025
f 1026//1026 1027//1027 1025//1025 650//650
f 1027//1027 2732//2732 1033//1033 1025//1025
f 1027//1027 1028//1028 1039//1039 2732//2732
f 1028//1028 1029//1029 1032//1032 1039//1039
f 1030//1030 1031//1031 1029//1029 653//653
f 1648//1648 1649//1649 1030//1030 3123//3122
f 2010//2010 1031//1031 1030//1030 1649//1649
f 1032//1032 1029//1029 1031//1031 2013//2013
f 1034//1034 1036//1036 1035//1035 1009//1009
f 1037//1037 1036//1036 1034//1034 1033//1033
f 3011//3011 1016//1016 1035//1035 2698//2698
f 1036//1036 1037//1037 2695//2695 2720//2720
f 2698//2698 1035//1035 1036//1036 2720//2720
f 2732//2732 2730//2730 1037//1037 1033//1033
f 1052//1052 2730//2730 1038//1038 1051//1051
f 1038//1038 1040//1040 2026//2026 1051//1051
f 1040//1040 1038//1038 1039//1039 1032//1032
f 1039//1039 1038//1038 2730//2730 2732//2732
f 2013//2013 2012//2012 1040//1040 1032//1032
f 1041//1041 1042//1042 1043//1043 2150//2150
f 1049//1049 1042//1042 1041//1041 1048//1048
f 1050//1050 2773//2773 1042//1042 1049//1049
f 1043//1043 1042//1042 2773//2773 2148//2148
f 1044//1044 1046//1046 2081//2081 3335//3334
f 1044//1044 3011//3011 2698//2698 1046//1046
f 1046//1046 1047//1047 1045//1045 2081//2081
f 1045//1045 1047//1047 1048//1048 1041//1041
f 1045//1045 1041//1041 2150//2150 3099//3098
f 2807//2807 2081//2081 1045//1045 3099//3098
f 2698//2698 2720//2720 1047//1047 1046//1046
f 2720//2720 2695//2695 1048//1048 1047//1047
f 1051//1051 1050//1050 1049//1049 1052//1052
f 2695//2695 1052//1052 1049//1049 1048//1048
f 1051//1051 2026//2026 2024//2024 1050//1050
f 1054//1054 1055//1055 1053//1053 1057//1057
f 1056//1056 1057//1057 1053//1053 2708//2708
f 2709//2709 2708//2708 1053//1053 1070//1070
f 1070//1070 1053//1053 1055//1055 1067//1067
f 1055//1055 102//102 2710//2710 1067//1067
f 1061//1061 1057//1057 1056//1056 2090//2090
f 1065//1065 2090//2090 1056//1056 1063//1063
f 1056//1056 2708//2708 2712//2712 1063//1063
f 1057//1057 1061//1061 1062//1062 1054//1054
f 1058//1058 1059//1059 1060//1060 2706//2706
f 1064//1064 1059//1059 1058//1058 1088//1088
f 1060//1060 1059//1059 1063//1063 2712//2712
f 2798//2798 1117//1117 1061//1061 2090//2090
f 1117//1117 2796//2796 1062//1062 1061//1061
f 1062//1062 108//108 2091//2091 1054//1054
f 1062//1062 2796//2796 2797//2797 108//108
f 1064//1064 1065//1065 1063//1063 1059//1059
f 2795//2795 1120//1120 1064//1064 1088//1088
f 2799//2799 1065//1065 1064//1064 1120//1120
f 1065//1065 2799//2799 2798//2798 2090//2090
f 1067//1067 1068//1068 1066//1066 1070//1070
f 1070//1070 1066//1066 1069//1069 2709//2709
f 1069//1069 1066//1066 1074//1074 1079//1079
f 1075//1075 1072//1072 1069//1069 1079//1079
f 1073//1073 1071//1071 1072//1072 1076//1076
f 2709//2709 1069//1069 1072//1072 1071//1071
f 2706//2706 1060//1060 1073//1073 2737//2737
f 1073//1073 1060//1060 2712//2712 1071//1071
f 1073//1073 1076//1076 2713//2713 2737//2737
f 1077//1077 1079//1079 1074//1074 1084//1084
f 1076//1076 1072//1072 1075//1075 1080//1080
f 2714//2714 2713//2713 1076//1076 1080//1080
f 1077//1077 1084//1084 1083//1083 2094//2094
f 1079//1079 1077//1077 1078//1078 1075//1075
f 1080//1080 1075//1075 1078//1078 1081//1081
f 2094//2094 2095//2095 1078//1078 1077//1077
f 1080//1080 1081//1081 1082//1082 2714//2714
f 2095//2095 2787//2787 1081//1081 1078//1078
f 1096//1096 2714//2714 1082//1082 1102//1102
f 2787//2787 1114//1114 1082//1082 1081//1081
f 1083//1083 1084//1084 1085//1085 3122//3121
f 1428//1428 2094//2094 1083//1083 1426//1426
f 1083//1083 3122//3121 2839//2839 1426//1426
f 1086//1086 1087//1087 1088//1088 1058//1058
f 1089//1089 1087//1087 1086//1086 2098//2098
f 1086//1086 1058//1058 2706//2706 2705//2705
f 2711//2711 2098//2098 1086//1086 2705//2705
f 2789//2789 1147//1147 1087//1087 1089//1089
f 1147//1147 2795//2795 1088//1088 1087//1087
f 1090//1090 2705//2705 2706//2706 2737//2737
f 1092//1092 1090//1090 1091//1091 1097//1097
f 2737//2737 2713//2713 1091//1091 1090//1090
f 1095//1095 2711//2711 1092//1092 1093//1093
f 1092//1092 2711//2711 2705//2705 1090//1090
f 1092//1092 1097//1097 2718//2718 1093//1093
f 1094//1094 1095//1095 1093//1093 2718//2718
f 1100//1100 2725//2725 1095//1095 1094//1094
f 2098//2098 2711//2711 1095//1095 2725//2725
f 1097//1097 1091//1091 1096//1096 1101//1101
f 1096//1096 1091//1091 2713//2713 2714//2714
f 2719//2719 2718//2718 1097//1097 1101//1101
f 1099//1099 1100//1100 1098//1098 2224//2224
f 1098//1098 1106//1106 1105//1105 3308//3307
f 1107//1107 2224//2224 1098//1098 3308//3307
f 1109//1109 2350//2350 1099//1099 2224//2224
f 1099//1099 2099//2099 2725//2725 1100//1100
f 1100//1100 1094//1094 1106//1106 1098//1098
f 1101//1101 1096//1096 1102//1102 1103//1103
f 1101//1101 1103//1103 1104//1104 2719//2719
f 1110//1110 1103//1103 1102//1102 1113//1113
f 1114//1114 1113//1113 1102//1102 1082//1082
f 1103//1103 1110//1110 2146//2146 1104//1104
f 1104//1104 1105//1105 1106//1106 2719//2719
f 2146//2146 2237//2237 1105//1105 1104//1104
f 1105//1105 2237//2237 2238//2238 3308//3307
f 1106//1106 1094//1094 2718//2718 2719//2719
f 1107//1107 1108//1108 1109//1109 2224//2224
f 2238//2238 1111//1111 1107//1107 3308//3307
f 1108//1108 1107//1107 1111//1111 2388//2388
f 2349//2349 1109//1109 1108//1108 1168//1168
f 2980//2980 1168//1168 1108//1108 2388//2388
f 1110//1110 1113//1113 1112//1112 1439//1439
f 1112//1112 1113//1113 1114//1114 3067//3066
f 1431//1431 3067//3066 1114//1114 2787//2787
f 1115//1115 1116//1116 1117//1117 2798//2798
f 1121//1121 1116//1116 1115//1115 2071//2071
f 1125//1125 2071//2071 1115//1115 1123//1123
f 1115//1115 2798//2798 2799//2799 1123//1123
f 1116//1116 1121//1121 1122//1122 3334//3333
f 1116//1116 3334//3333 2796//2796 1117//1117
f 1118//1118 1119//1119 1120//1120 2795//2795
f 1124//1124 1119//1119 1118//1118 1149//1149
f 1120//1120 1119//1119 1123//1123 2799//2799
f 1126//1126 1127//1127 1122//1122 1121//1121
f 1122//1122 162//162 2072//2072 3334//3333
f 1124//1124 1125//1125 1123//1123 1119//1119
f 1128//1128 1129//1129 1125//1125 1124//1124
f 1125//1125 1129//1129 2739//2739 2071//2071
f 1126//1126 2701//2701 1133//1133 1127//1127
f 2071//2071 2739//2739 1126//1126 1121//1121
f 1149//1149 1154//1154 1128//1128 1124//1124
f 1131//1131 1130//1130 1129//1129 1128//1128
f 1129//1129 1130//1130 2699//2699 2739//2739
f 1136//1136 1135//1135 1130//1130 1131//1131
f 2700//2700 2699//2699 1130//1130 1135//1135
f 1154//1154 1155//1155 1131//1131 1128//1128
f 1134//1134 1132//1132 1133//1133 2701//2701
f 1134//1134 1137//1137 1138//1138 1132//1132
f 1134//1134 2701//2701 2699//2699 2700//2700
f 3113//3112 1137//1137 1134//1134 2700//2700
f 1136//1136 1139//1139 1140//1140 1135//1135
f 1136//1136 1131//1131 1155//1155 1158//1158
f 3072//3071 1139//1139 1136//1136 1158//1158
f 1137//1137 1141//1141 1142//1142 1138//1138
f 2135//2135 1141//1141 1137//1137 3113//3112
f 1139//1139 1143//1143 1144//1144 1140//1140
f 3064//3063 1143//1143 1139//1139 3072//3071
f 1140//1140 3113//3112 2700//2700 1135//1135
f 1462//1462 3121//3120 1142//1142 1141//1141
f 1143//1143 3064//3063 2137//2137 2818//2818
f 1144//1144 2134//2134 2133//2133 2135//2135
f 2818//2818 2134//2134 1144//1144 1143//1143
f 1144//1144 2135//2135 3113//3112 1140//1140
f 1145//1145 1146//1146 1147//1147 2789//2789
f 1145//1145 2789//2789 1150//1150 1152//1152
f 1146//1146 1148//1148 1149//1149 1118//1118
f 2752//2752 1148//1148 1146//1146 1145//1145
f 1146//1146 1118//1118 2795//2795 1147//1147
f 1153//1153 1154//1154 1149//1149 1148//1148
f 1151//1151 1152//1152 1150//1150 2350//2350
f 1170//1170 2141//2141 1151//1151 2349//2349
f 2141//2141 2751//2751 1152//1152 1151//1151
f 1152//1152 2751//2751 2752//2752 1145//1145
f 1157//1157 1156//1156 1153//1153 2740//2740
f 2752//2752 2740//2740 1153//1153 1148//1148
f 1156//1156 1155//1155 1154//1154 1153//1153
f 1159//1159 1158//1158 1155//1155 1156//1156
f 1160//1160 1159//1159 1156//1156 1157//1157
f 1157//1157 2740//2740 2143//2143 1165//1165
f 1167//1167 3072//3071 1158//1158 1159//1159
f 1166//1166 1167//1167 1159//1159 1160//1160
f 1160//1160 1157//1157 1165//1165 2702//2702
f 1161//1161 1171//1171 1164//1164 1162//1162
f 2599//2599 1176//1176 1161//1161 1163//1163
f 1163//1163 1161//1161 1162//1162 2142//2142
f 1169//1169 2599//2599 1163//1163 1170//1170
f 2141//2141 1170//1170 1163//1163 2142//2142
f 1165//1165 1162//1162 1164//1164 2702//2702
f 1164//1164 1177//1177 1178//1178 2702//2702
f 2142//2142 1162//1162 1165//1165 2143//2143
f 1166//1166 1172//1172 1173//1173 1167//1167
f 1177//1177 1172//1172 1166//1166 1178//1178
f 2702//2702 1178//1178 1166//1166 1160//1160
f 1168//1168 1169//1169 1170//1170 2349//2349
f 1174//1174 1169//1169 1168//1168 2980//2980
f 2609//2609 2599//2599 1169//1169 1174//1174
f 1176//1176 1175//1175 1171//1171 1161//1161
f 1171//1171 1181//1181 1177//1177 1164//1164
f 1179//1179 1180//1180 1173//1173 1172//1172
f 1173//1173 1180//1180 2137//2137 3064//3063
f 1173//1173 3064//3063 3072//3071 1167//1167
f 1174//1174 2980//2980 1445//1445 1485//1485
f 1484//1484 2609//2609 1174//1174 1485//1485
f 1181//1181 1171//1171 1175//1175 2733//2733
f 3355//3354 2605//2605 1175//1175 1176//1176
f 1176//1176 2599//2599 2609//2609 3355//3354
f 1177//1177 1181//1181 1179//1179 1172//1172
f 1179//1179 1482//1482 1481//1481 1180//1180
f 2733//2733 1482//1482 1179//1179 1181//1181
f 2816//2816 2137//2137 1180//1180 1481//1481
f 1182//1182 1183//1183 1184//1184 2764//2764
f 1182//1182 2764//2764 1190//1190 2823//2823
f 1183//1183 2822//2822 1188//1188 1184//1184
f 2200//2200 2820//2820 1183//1183 1182//1182
f 1184//1184 1188//1188 1189//1189 2765//2765
f 2766//2766 2764//2764 1184//1184 2765//2765
f 1185//1185 1186//1186 1187//1187 1210//1210
f 2819//2819 2198//2198 1185//1185 3150//3149
f 2198//2198 3348//3347 1186//1186 1185//1185
f 2824//2824 2823//2823 1186//1186 3348//3347
f 1187//1187 1190//1190 1191//1191 2769//2769
f 1211//1211 1210//1210 1187//1187 2769//2769
f 1187//1187 1186//1186 2823//2823 1190//1190
f 3127//3126 207//207 1188//1188 2822//2822
f 1191//1191 1196//1196 1200//1200 2769//2769
f 1191//1191 1190//1190 2764//2764 2766//2766
f 1194//1194 1193//1193 1192//1192 1195//1195
f 1192//1192 496//496 1204//1204 1205//1205
f 1192//1192 1205//1205 1206//1206 1195//1195
f 2766//2766 2765//2765 1193//1193 1194//1194
f 1196//1196 1194//1194 1195//1195 1197//1197
f 1195//1195 1206//1206 1198//1198 1197//1197
f 1196//1196 1197//1197 1199//1199 1200//1200
f 1196//1196 1191//1191 2766//2766 1194//1194
f 1199//1199 1197//1197 1198//1198 1207//1207
f 1201//1201 1200//1200 1199//1199 1202//1202
f 1199//1199 1207//1207 1208//1208 1202//1202
f 1211//1211 2769//2769 1200//1200 1201//1201
f 1213//1213 1211//1211 1201//1201 1203//1203
f 1203//1203 1201//1201 1202//1202 1214//1214
f 1202//1202 1208//1208 1215//1215 1214//1214
f 1203//1203 1214//1214 1216//1216 1217//1217
f 2753//2753 1206//1206 1205//1205 32//32
f 1209//1209 1210//1210 1211//1211 1213//1213
f 3150//3149 1185//1185 1210//1210 1209//1209
f 1212//1212 1209//1209 1213//1213 2768//2768
f 2724//2724 2761//2761 1212//1212 2768//2768
f 1212//1212 3151//3150 3150//3149 1209//1209
f 1213//1213 1203//1203 1217//1217 2768//2768
f 1216//1216 1214//1214 1215//1215 1219//1219
f 1216//1216 1219//1219 1220//1220 1218//1218
f 1217//1217 1216//1216 1218//1218 2743//2743
f 1218//1218 1220//1220 1221//1221 1223//1223
f 1220//1220 1510//1510 1511//1511 1221//1221
f 3377//3376 1222//1222 1221//1221 1511//1511
f 1223//1223 1221//1221 1222//1222 1225//1225
f 1506//1506 1224//1224 1222//1222 3377//3376
f 2743//2743 1218//1218 1223//1223 1225//1225
f 1225//1225 1222//1222 1224//1224 2722//2722
f 1224//1224 1506//1506 2946//2946 1509//1509
f 2724//2724 2743//2743 1225//1225 2722//2722
f 1226//1226 1227//1227 1228//1228 2202//2202
f 2200//2200 1229//1229 1226//1226 2820//2820
f 1227//1227 1226//1226 1229//1229 2450//2450
f 3082//3081 1237//1237 1227//1227 2450//2450
f 1237//1237 3080//3079 1228//1228 1227//1227
f 1228//1228 242//242 2203//2203 2202//2202
f 1228//1228 3080//3079 3081//3080 242//242
f 1232//1232 2450//2450 1229//1229 1230//1230
f 1231//1231 1232//1232 1230//1230 1234//1234
f 1230//1230 1229//1229 2200//2200 2824//2824
f 1231//1231 1234//1234 1233//1233 1248//1248
f 3083//3082 1232//1232 1231//1231 1240//1240
f 3400//3399 1240//1240 1231//1231 1248//1248
f 1232//1232 3083//3082 3082//3081 2450//2450
f 1233//1233 2198//2198 2819//2819 1246//1246
f 2198//2198 1233//1233 1234//1234 3348//3347
f 1234//1234 1230//1230 2824//2824 3348//3347
f 1235//1235 1236//1236 1237//1237 3082//3081
f 1241//1241 1236//1236 1235//1235 2453//2453
f 1245//1245 2453//2453 1235//1235 1243//1243
f 1235//1235 3082//3081 3083//3082 1243//1243
f 1236//1236 1241//1241 1242//1242 3410//3409
f 1236//1236 3410//3409 3080//3079 1237//1237
f 1238//1238 1239//1239 1240//1240 3400//3399
f 1244//1244 1239//1239 1238//1238 1252//1252
f 1240//1240 1239//1239 1243//1243 3083//3082
f 1241//1241 1264//1264 2456//2456 1242//1242
f 1242//1242 252//252 2458//2458 3410//3409
f 1244//1244 1245//1245 1243//1243 1239//1239
f 1245//1245 1244//1244 1267//1267 2454//2454
f 1246//1246 1247//1247 1248//1248 1233//1233
f 1249//1249 1247//1247 1246//1246 2197//2197
f 1248//1248 1247//1247 3079//3078 3400//3399
f 3079//3078 1247//1247 1249//1249 3086//3085
f 1250//1250 1251//1251 1252//1252 1238//1238
f 1253//1253 1251//1251 1250//1250 2445//2445
f 3086//3085 2445//2445 1250//1250 3079//3078
f 1250//1250 1238//1238 3400//3399 3079//3078
f 1251//1251 3397//3396 2444//2444 1252//1252
f 1251//1251 1253//1253 3176//3175 3397//3396
f 1252//1252 2444//2444 1267//1267 1244//1244
f 1254//1254 1255//1255 1256//1256 2196//2196
f 1260//1260 1255//1255 1254//1254 1525//1525
f 1256//1256 1249//1249 2197//2197 2196//2196
f 1256//1256 1255//1255 3073//3072 3087//3086
f 1256//1256 3087//3086 3086//3085 1249//1249
f 1257//1257 1258//1258 1259//1259 3343//3342
f 1261//1261 1258//1258 1257//1257 2335//2335
f 1257//1257 3343//3342 3087//3086 3073//3072
f 1259//1259 1258//1258 1290//1290 3196//3195
f 1259//1259 1253//1253 2445//2445 3343//3342
f 1259//1259 3196//3195 3176//3175 1253//1253
f 3073//3072 1255//1255 1260//1260 2336//2336
f 3199//3198 2336//2336 1260//1260 1524//1524
f 1290//1290 1258//1258 1261//1261 3200//3199
f 1262//1262 1263//1263 1264//1264 2455//2455
f 1268//1268 1263//1263 1262//1262 2425//2425
f 1272//1272 2425//2425 1262//1262 1270//1270
f 1262//1262 2455//2455 2454//2454 1270//1270
f 1263//1263 1268//1268 1269//1269 3402//3401
f 1263//1263 3402//3401 2456//2456 1264//1264
f 2453//2453 2455//2455 1264//1264 1241//1241
f 1265//1265 1266//1266 1267//1267 2444//2444
f 1271//1271 1266//1266 1265//1265 1281//1281
f 1267//1267 1266//1266 1270//1270 2454//2454
f 1268//1268 1275//1275 2539//2539 1269//1269
f 1269//1269 273//273 2435//2435 3402//3401
f 1271//1271 1272//1272 1270//1270 1266//1266
f 1272//1272 1271//1271 1278//1278 2530//2530
f 1273//1273 1274//1274 1275//1275 2531//2531
f 1273//1273 2531//2531 2530//2530 3046//3045
f 1274//1274 3041//3040 2539//2539 1275//1275
f 2556//2556 3039//3039 1274//1274 1273//1273
f 2425//2425 2531//2531 1275//1275 1268//1268
f 1276//1276 1277//1277 1278//1278 2471//2471
f 3037//3037 2513//2513 1276//1276 1284//1284
f 2513//2513 3156//3155 1277//1277 1276//1276
f 3047//3046 3046//3045 1277//1277 3156//3155
f 1281//1281 2471//2471 1278//1278 1271//1271
f 1278//1278 1277//1277 3046//3045 2530//2530
f 1279//1279 1280//1280 1281//1281 1265//1265
f 1282//1282 1280//1280 1279//1279 2412//2412
f 1279//1279 1265//1265 2444//2444 3397//3396
f 3176//3175 2412//2412 1279//1279 3397//3396
f 1280//1280 1282//1282 2470//2470 1285//1285
f 1280//1280 1285//1285 2471//2471 1281//1281
f 2469//2469 2470//2470 1282//1282 1288//1288
f 1283//1283 1284//1284 1285//1285 2470//2470
f 1283//1283 2470//2470 2469//2469 3006//3006
f 1284//1284 1276//1276 2471//2471 1285//1285
f 2511//2511 3037//3037 1284//1284 1283//1283
f 1286//1286 1287//1287 1288//1288 3339//3338
f 1286//1286 3339//3338 3196//3195 1290//1290
f 1287//1287 1286//1286 1289//1289 2289//2289
f 1287//1287 1293//1293 2469//2469 1288//1288
f 1288//1288 1282//1282 2412//2412 3339//3338
f 1289//1289 1286//1286 1290//1290 3200//3199
f 1548//1548 2289//2289 1289//1289 1546//1546
f 1289//1289 3200//3199 3201//3200 1546//1546
f 1291//1291 1292//1292 1293//1293 2374//2374
f 1291//1291 2374//2374 2373//2373 2927//2927
f 2882//2882 2661//2661 1291//1291 2927//2927
f 1292//1292 3006//3006 2469//2469 1293//1293
f 2661//2661 3005//3005 1292//1292 1291//1291
f 2289//2289 2374//2374 1293//1293 1287//1287
f 1294//1294 1295//1295 1296//1296 2563//2563
f 2556//2556 1297//1297 1294//1294 3039//3039
f 1295//1295 1294//1294 1297//1297 2424//2424
f 2992//2992 1305//1305 1295//1295 2424//2424
f 1305//1305 2991//2991 1296//1296 1295//1295
f 1296//1296 297//297 2434//2434 2563//2563
f 1296//1296 2991//2991 2990//2990 297//297
f 1300//1300 2424//2424 1297//1297 1298//1298
f 1299//1299 1300//1300 1298//1298 1302//1302
f 1298//1298 1297//1297 2556//2556 3047//3046
f 1299//1299 1302//1302 1301//1301 1316//1316
f 2989//2989 1308//1308 1299//1299 1316//1316
f 2993//2993 1300//1300 1299//1299 1308//1308
f 1300//1300 2993//2993 2992//2992 2424//2424
f 3037//3037 1314//1314 1301//1301 2513//2513
f 2513//2513 1301//1301 1302//1302 3156//3155
f 3047//3046 3156//3155 1302//1302 1298//1298
f 1303//1303 1304//1304 1305//1305 2992//2992
f 1309//1309 1304//1304 1303//1303 2436//2436
f 1313//1313 2436//2436 1303//1303 1311//1311
f 1303//1303 2992//2992 2993//2993 1311//1311
f 1304//1304 1309//1309 1310//1310 3406//3405
f 1304//1304 3406//3405 2991//2991 1305//1305
f 1306//1306 1307//1307 1308//1308 2989//2989
f 1312//1312 1307//1307 1306//1306 1322//1322
f 1308//1308 1307//1307 1311//1311 2993//2993
f 1309//1309 1334//1334 2546//2546 1310//1310
f 1310//1310 307//307 2438//2438 3406//3405
f 1312//1312 1313//1313 1311//1311 1307//1307
f 1313//1313 1312//1312 2480//2480 2541//2541
f 1314//1314 1315//1315 1316//1316 1301//1301
f 2511//2511 1317//1317 1314//1314 3037//3037
f 1315//1315 1314//1314 1317//1317 2411//2411
f 2998//2998 1320//1320 1315//1315 2411//2411
f 1320//1320 2989//2989 1316//1316 1315//1315
f 1325//1325 2411//2411 1317//1317 2512//2512
f 1318//1318 1319//1319 1320//1320 2998//2998
f 1321//1321 1319//1319 1318//1318 2419//2419
f 1328//1328 2419//2419 1318//1318 3341//3340
f 1318//1318 2998//2998 2999//2999 3341//3340
f 1319//1319 1321//1321 1322//1322 1306//1306
f 1319//1319 1306//1306 2989//2989 1320//1320
f 1321//1321 1345//1345 2479//2479 1322//1322
f 1322//1322 2479//2479 2480//2480 1312//1312
f 1323//1323 1324//1324 1325//1325 2512//2512
f 2661//2661 1329//1329 1323//1323 3005//3005
f 1324//1324 1323//1323 1329//1329 1563//1563
f 2649//2649 1331//1331 1324//1324 1563//1563
f 1325//1325 1324//1324 1331//1331 2999//2999
f 1325//1325 2999//2999 2998//2998 2411//2411
f 1326//1326 1327//1327 1328//1328 3341//3340
f 1326//1326 3341//3340 2999//2999 1331//1331
f 1327//1327 1326//1326 1330//1330 1566//1566
f 3242//3241 1354//1354 1327//1327 1566//1566
f 1328//1328 1327//1327 1354//1354 2477//2477
f 1329//1329 2661//2661 2882//2882 1561//1561
f 1330//1330 1326//1326 1331//1331 2649//2649
f 1330//1330 2649//2649 2885//2885 1564//1564
f 1332//1332 1333//1333 1334//1334 2542//2542
f 1332//1332 2542//2542 2541//2541 3182//3181
f 2310//2310 2906//2906 1333//1333 1332//1332
f 1333//1333 3250//3249 2546//2546 1334//1334
f 2436//2436 2542//2542 1334//1334 1309//1309
f 1335//1335 1336//1336 1337//1337 2315//2315
f 2310//2310 1338//1338 1335//1335 2906//2906
f 1336//1336 1335//1335 1338//1338 1341//1341
f 2555//2555 3262//3261 1336//1336 1341//1341
f 1337//1337 330//330 2313//2313 2315//2315
f 1337//1337 3263//3262 3132//3131 330//330
f 1337//1337 1336//1336 3262//3261 3263//3262
f 1339//1339 1340//1340 1341//1341 1338//1338
f 1342//1342 1340//1340 1339//1339 2282//2282
f 1339//1339 1338//1338 2310//2310 2914//2914
f 1341//1341 1340//1340 3161//3160 2555//2555
f 1342//1342 2282//2282 2281//2281 3261//3260
f 1342//1342 2492//2492 3161//3160 1340//1340
f 1343//1343 1344//1344 1345//1345 2478//2478
f 1346//1346 1344//1344 1343//1343 2277//2277
f 1352//1352 2277//2277 1343//1343 3344//3343
f 1343//1343 2478//2478 2477//2477 3344//3343
f 1344//1344 3249//3248 2479//2479 1345//1345
f 2419//2419 2478//2478 1345//1345 1321//1321
f 2281//2281 2899//2899 1346//1346 1349//1349
f 3249//3248 1344//1344 1346//1346 2899//2899
f 1347//1347 1348//1348 1349//1349 2279//2279
f 1347//1347 2279//2279 2278//2278 3252//3251
f 1348//1348 3261//3260 2281//2281 1349//1349
f 2491//2491 3260//3259 1348//1348 1347//1347
f 2277//2277 2279//2279 1349//1349 1346//1346
f 1350//1350 1351//1351 1352//1352 3344//3343
f 1350//1350 3344//3343 2477//2477 1354//1354
f 1351//1351 1350//1350 1353//1353 1578//1578
f 1351//1351 1357//1357 2278//2278 1352//1352
f 1353//1353 1350//1350 1354//1354 3242//3241
f 1355//1355 1356//1356 1357//1357 2594//2594
f 3272//3271 2648//2648 1355//1355 1582//1582
f 1356//1356 3252//3251 2278//2278 1357//1357
f 2648//2648 3251//3250 1356//1356 1355//1355
f 1578//1578 2594//2594 1357//1357 1351//1351
f 1358//1358 1359//1359 1360//1360 3383//3382
f 2555//2555 1361//1361 1358//1358 3262//3261
f 1358//1358 3383//3382 3263//3262 3262//3261
f 1359//1359 1358//1358 1361//1361 1364//1364
f 3416//3415 1368//1368 1359//1359 1364//1364
f 1360//1360 1359//1359 1368//1368 3264//3263
f 1360//1360 355//355 2554//2554 3383//3382
f 1360//1360 3264//3263 3134//3133 355//355
f 3161//3160 1362//1362 1361//1361 2555//2555
f 1362//1362 1363//1363 1364//1364 1361//1361
f 1365//1365 1363//1363 1362//1362 2490//2490
f 1364//1364 1363//1363 3162//3161 3416//3415
f 1365//1365 3163//3162 3162//3161 1363//1363
f 1366//1366 1367//1367 1368//1368 3416//3415
f 1369//1369 1367//1367 1366//1366 1373//1373
f 1367//1367 1369//1369 1370//1370 3381//3380
f 1367//1367 3381//3380 3264//3263 1368//1368
f 1369//1369 1396//1396 2560//2560 1370//1370
f 1370//1370 365//365 2308//2308 3381//3380
f 1371//1371 1372//1372 1373//1373 1366//1366
f 1374//1374 1372//1372 1371//1371 2265//2265
f 3163//3162 2265//2265 1371//1371 3162//3161
f 1371//1371 1366//1366 3416//3415 3162//3161
f 1372//1372 1374//1374 2510//2510 3380//3379
f 1372//1372 3380//3379 2564//2564 1373//1373
f 1373//1373 2564//2564 1396//1396 1369//1369
f 2509//2509 2510//2510 1374//1374 1383//1383
f 1375//1375 1376//1376 1377//1377 2493//2493
f 2491//2491 1378//1378 1375//1375 3260//3259
f 1376//1376 1375//1375 1378//1378 2489//2489
f 3271//3270 1381//1381 1376//1376 2489//2489
f 1377//1377 1376//1376 1381//1381 3270//3269
f 1377//1377 1365//1365 2490//2490 2493//2493
f 1377//1377 3270//3269 3163//3162 1365//1365
f 1386//1386 2489//2489 1378//1378 1384//1384
f 1379//1379 1380//1380 1381//1381 3271//3270
f 1382//1382 1380//1380 1379//1379 2264//2264
f 1389//1389 2264//2264 1379//1379 1387//1387
f 1379//1379 3271//3270 2811//2811 1387//1387
f 1380//1380 1382//1382 1383//1383 3366//3365
f 1380//1380 3366//3365 3270//3269 1381//1381
f 1382//1382 1413//1413 2509//2509 1383//1383
f 1383//1383 1374//1374 2265//2265 3366//3365
f 1385//1385 1386//1386 1384//1384 1391//1391
f 1384//1384 1378//1378 2491//2491 3269//3268
f 3251//3250 1391//1391 1384//1384 3269//3268
f 1385//1385 1391//1391 1390//1390 1592//1592
f 1385//1385 2812//2812 2811//2811 1386//1386
f 3273//3272 2812//2812 1385//1385 1592//1592
f 1386//1386 2811//2811 3271//3270 2489//2489
f 1388//1388 1389//1389 1387//1387 1393//1393
f 2812//2812 1393//1393 1387//1387 2811//2811
f 1388//1388 1393//1393 1392//1392 1595//1595
f 1389//1389 1388//1388 1425//1425 2507//2507
f 1390//1390 2648//2648 3272//3271 1590//1590
f 2648//2648 1390//1390 1391//1391 3251//3250
f 1393//1393 2812//2812 3273//3272 1392//1392
f 1394//1394 1395//1395 1396//1396 2564//2564
f 1394//1394 3171//3170 3157//3156 3218//3217
f 1395//1395 3215//3214 2560//2560 1396//1396
f 3218//3217 1399//1399 1395//1395 1394//1394
f 1397//1397 1398//1398 1399//1399 3218//3217
f 1400//1400 1398//1398 1397//1397 2304//2304
f 1404//1404 2304//2304 1397//1397 1402//1402
f 1397//1397 3218//3217 3157//3156 1402//1402
f 1398//1398 1400//1400 1401//1401 2559//2559
f 1399//1399 1398//1398 2559//2559 3216//3215
f 3215//3214 1395//1395 1399//1399 3216//3215
f 2528//2528 1401//1401 1400//1400 1405//1405
f 1401//1401 2528//2528 2527//2527 383//383
f 1401//1401 383//383 2557//2557 2559//2559
f 1403//1403 1404//1404 1402//1402 2504//2504
f 2462//2462 3173//3172 1403//1403 1416//1416
f 3173//3172 2305//2305 1404//1404 1403//1403
f 1405//1405 1406//1406 1407//1407 2528//2528
f 2304//2304 1410//1410 1405//1405 1400//1400
f 1406//1406 1408//1408 1409//1409 1407//1407
f 1406//1406 1405//1405 1410//1410 2059//2059
f 1406//1406 2059//2059 2745//2745 1408//1408
f 1432//1432 1409//1409 1408//1408 2255//2255
f 2758//2758 390//390 1409//1409 1432//1432
f 2058//2058 2059//2059 1410//1410 2305//2305
f 1411//1411 1412//1412 1413//1413 2508//2508
f 1411//1411 2508//2508 2507//2507 2813//2813
f 2502//2502 3212//3211 1412//1412 1411//1411
f 1412//1412 3213//3212 2509//2509 1413//1413
f 2264//2264 2508//2508 1413//1413 1382//1382
f 1414//1414 1415//1415 1416//1416 2506//2506
f 1417//1417 1415//1415 1414//1414 2500//2500
f 2502//2502 2500//2500 1414//1414 3212//3211
f 2460//2460 2858//2858 1415//1415 1417//1417
f 1416//1416 1403//1403 2504//2504 2506//2506
f 2858//2858 2462//2462 1416//1416 1415//1415
f 1418//1418 1419//1419 1420//1420 1422//1422
f 2093//2093 1446//1446 1418//1418 1421//1421
f 1418//1418 1446//1446 2843//2843 1419//1419
f 2062//2062 2061//2061 1420//1420 1419//1419
f 2858//2858 1422//1422 1420//1420 2462//2462
f 1421//1421 1418//1418 1422//1422 2461//2461
f 1449//1449 1448//1448 1421//1421 2461//2461
f 1461//1461 2735//2735 1421//1421 1448//1448
f 1423//1423 1424//1424 1425//1425 2660//2660
f 1605//1605 2810//2810 1424//1424 1423//1423
f 1424//1424 2810//2810 2809//2809 2813//2813
f 1595//1595 2660//2660 1425//1425 1388//1388
f 1425//1425 1424//1424 2813//2813 2507//2507
f 1427//1427 1428//1428 1426//1426 1433//1433
f 1434//1434 1433//1433 1426//1426 2839//2839
f 1428//1428 1427//1427 1436//1436 1429//1429
f 1430//1430 1431//1431 1429//1429 1436//1436
f 1429//1429 2095//2095 2094//2094 1428//1428
f 2787//2787 2095//2095 1429//1429 1431//1431
f 1430//1430 1436//1436 1435//1435 2297//2297
f 2669//2669 3063//3062 1430//1430 2297//2297
f 1431//1431 1430//1430 3063//3062 3067//3066
f 1432//1432 1433//1433 1434//1434 2758//2758
f 2255//2255 1427//1427 1433//1433 1432//1432
f 2060//2060 2297//2297 1435//1435 2745//2745
f 2255//2255 1435//1435 1436//1436 1427//1427
f 1437//1437 1438//1438 1439//1439 1112//1112
f 1446//1446 1438//1438 1437//1437 2843//2843
f 2669//2669 2843//2843 1437//1437 3063//3062
f 1437//1437 1112//1112 3067//3066 3063//3062
f 2093//2093 2840//2840 1438//1438 1446//1446
f 2145//2145 1439//1439 1438//1438 2840//2840
f 1439//1439 2145//2145 2146//2146 1110//1110
f 1440//1440 1441//1441 1442//1442 2742//2742
f 1447//1447 1441//1441 1440//1440 2734//2734
f 2093//2093 2734//2734 1440//1440 2840//2840
f 2228//2228 2931//2931 1441//1441 1447//1447
f 1442//1442 2238//2238 2237//2237 2742//2742
f 1442//1442 1441//1441 2931//2931 2365//2365
f 1444//1444 1445//1445 1443//1443 2230//2230
f 2931//2931 2230//2230 1443//1443 2365//2365
f 1443//1443 1445//1445 2980//2980 2388//2388
f 1444//1444 2236//2236 1485//1485 1445//1445
f 1447//1447 2734//2734 2735//2735 1453//1453
f 3299//3298 1461//1461 1448//1448 1458//1458
f 1458//1458 1448//1448 1449//1449 2587//2587
f 1449//1449 2461//2461 2460//2460 2814//2814
f 1450//1450 1451//1451 1452//1452 2229//2229
f 1457//1457 1456//1456 1451//1451 1450//1450
f 2846//2846 1498//1498 1451//1451 1456//1456
f 1452//1452 1451//1451 1498//1498 2982//2982
f 1452//1452 1444//1444 2230//2230 2229//2229
f 1452//1452 2982//2982 2236//2236 1444//1444
f 1454//1454 1455//1455 1453//1453 1460//1460
f 1461//1461 1460//1460 1453//1453 2735//2735
f 1453//1453 1455//1455 2228//2228 1447//1447
f 1454//1454 1460//1460 1459//1459 1617//1617
f 2249//2249 1457//1457 1454//1454 1617//1617
f 1455//1455 1454//1454 1457//1457 1450//1450
f 1455//1455 1450//1450 2229//2229 2228//2228
f 1456//1456 1457//1457 2249//2249 2966//2966
f 1459//1459 1460//1460 1461//1461 3299//3298
f 1462//1462 1463//1463 1464//1464 3121//3120
f 1465//1465 1463//1463 1462//1462 2133//2133
f 2135//2135 2133//2133 1462//1462 1141//1141
f 1463//1463 1465//1465 1466//1466 3351//3350
f 1463//1463 3351//3350 3114//3113 1464//1464
f 1465//1465 2133//2133 2134//2134 3346//3345
f 1465//1465 3346//3345 2623//2623 1466//1466
f 1466//1466 2623//2623 1469//1469 1471//1471
f 1466//1466 1471//1471 2624//2624 3351//3350
f 1467//1467 1468//1468 1469//1469 2623//2623
f 1467//1467 2817//2817 2816//2816 2637//2637
f 2637//2637 2901//2901 1468//1468 1467//1467
f 1468//1468 2901//2901 2900//2900 2916//2916
f 1472//1472 1471//1471 1469//1469 3387//3386
f 1469//1469 1468//1468 2916//2916 3387//3386
f 1471//1471 1472//1472 1470//1470 2624//2624
f 1470//1470 1472//1472 1473//1473 1474//1474
f 2908//2908 2624//2624 1470//1470 2910//2910
f 1470//1470 1474//1474 3385//3384 2910//2910
f 1472//1472 3387//3386 2622//2622 1473//1473
f 1473//1473 2622//2622 1480//1480 1477//1477
f 1474//1474 1475//1475 1476//1476 3385//3384
f 1477//1477 1475//1475 1474//1474 1473//1473
f 1476//1476 1475//1475 1638//1638 2951//2951
f 1477//1477 1639//1639 1638//1638 1475//1475
f 1478//1478 1479//1479 1480//1480 2622//2622
f 2341//2341 2948//2948 1479//1479 1478//1478
f 1479//1479 2948//2948 2947//2947 2952//2952
f 1639//1639 1477//1477 1480//1480 2205//2205
f 1480//1480 1479//1479 2952//2952 2205//2205
f 1481//1481 1482//1482 1486//1486 1490//1490
f 1483//1483 1484//1484 1485//1485 2236//2236
f 1483//1483 2236//2236 2982//2982 1487//1487
f 1484//1484 1483//1483 1489//1489 2233//2233
f 3355//3354 2609//2609 1484//1484 2233//2233
f 1486//1486 2116//2116 2117//2117 1491//1491
f 2733//2733 2116//2116 1486//1486 1482//1482
f 1487//1487 1488//1488 1489//1489 1483//1483
f 1493//1493 1488//1488 1487//1487 1497//1497
f 1498//1498 1497//1497 1487//1487 2982//2982
f 2234//2234 1489//1489 1488//1488 2232//2232
f 1491//1491 1492//1492 1490//1490 1486//1486
f 2816//2816 1481//1481 1490//1490 2637//2637
f 1491//1491 1495//1495 1494//1494 1492//1492
f 2637//2637 1490//1490 1492//1492 2901//2901
f 2900//2900 2901//2901 1492//1492 1494//1494
f 1658//1658 2231//2231 1493//1493 1502//1502
f 1493//1493 2231//2231 2232//2232 1488//1488
f 1494//1494 1495//1495 1499//1499 1503//1503
f 1494//1494 1503//1503 2341//2341 2900//2900
f 2115//2115 1499//1499 1495//1495 2877//2877
f 2117//2117 2877//2877 1495//1495 1491//1491
f 1496//1496 1497//1497 1498//1498 2846//2846
f 1496//1496 2846//2846 2847//2847 1500//1500
f 1502//1502 1493//1493 1497//1497 1496//1496
f 1499//1499 2115//2115 1657//1657 1504//1504
f 1500//1500 1501//1501 1502//1502 1496//1496
f 1654//1654 1501//1501 1500//1500 2585//2585
f 1658//1658 1502//1502 1501//1501 1660//1660
f 1504//1504 1505//1505 1503//1503 1499//1499
f 1504//1504 1656//1656 1655//1655 1505//1505
f 2341//2341 1503//1503 1505//1505 2948//2948
f 2947//2947 2948//2948 1505//1505 1655//1655
f 1506//1506 1516//1516 1518//1518 2946//2946
f 1507//1507 1508//1508 1509//1509 2946//2946
f 1507//1507 2946//2946 1518//1518 3374//3373
f 1531//1531 2258//2258 1507//1507 3374//3373
f 1508//1508 1507//1507 2258//2258 3365//3364
f 1508//1508 2838//2838 2723//2723 1509//1509
f 2837//2837 2838//2838 1508//1508 3365//3364
f 2722//2722 1224//1224 1509//1509 2723//2723
f 1512//1512 1511//1511 1510//1510 2771//2771
f 1515//1515 3377//3376 1511//1511 1512//1512
f 2774//2774 1513//1513 1512//1512 2771//2771
f 1513//1513 1514//1514 1515//1515 1512//1512
f 1519//1519 1514//1514 1513//1513 1523//1523
f 1513//1513 2774//2774 2726//2726 1523//1523
f 1515//1515 1514//1514 1521//1521 1516//1516
f 1517//1517 1518//1518 1516//1516 1521//1521
f 1516//1516 1506//1506 3377//3376 1515//1515
f 1517//1517 1521//1521 1520//1520 2340//2340
f 1533//1533 1529//1529 1517//1517 2340//2340
f 1518//1518 1517//1517 1529//1529 3374//3373
f 1519//1519 1520//1520 1521//1521 1514//1514
f 1519//1519 1523//1523 1522//1522 2302//2302
f 2321//2321 1520//1520 1519//1519 2302//2302
f 2339//2339 2340//2340 1520//1520 2321//2321
f 1522//1522 2073//2073 1712//1712 3105//3104
f 2073//2073 1522//1522 1523//1523 2726//2726
f 1524//1524 1260//1260 1525//1525 2338//2338
f 1524//1524 2922//2922 2902//2902 3199//3198
f 2258//2258 2338//2338 1525//1525 3365//3364
f 1525//1525 1254//1254 2837//2837 3365//3364
f 1526//1526 1527//1527 1528//1528 2337//2337
f 1527//1527 1526//1526 1532//1532 2331//2331
f 3202//3201 1551//1551 1527//1527 2331//2331
f 1528//1528 1527//1527 1551//1551 3201//3200
f 1528//1528 1261//1261 2335//2335 2337//2337
f 1528//1528 3201//3200 3200//3199 1261//1261
f 1529//1529 1530//1530 1531//1531 3374//3373
f 1530//1530 1529//1529 1533//1533 2257//2257
f 1531//1531 1530//1530 1536//1536 2634//2634
f 2330//2330 2331//2331 1532//1532 2333//2333
f 2902//2902 2332//2332 1532//1532 1526//1526
f 1541//1541 2257//2257 1533//1533 3307//3306
f 2339//2339 3307//3306 1533//1533 2340//2340
f 1534//1534 1535//1535 1536//1536 2334//2334
f 1534//1534 1537//1537 1538//1538 3091//3090
f 1534//1534 3091//3090 2332//2332 1535//1535
f 1535//1535 2332//2332 2902//2902 2922//2922
f 2257//2257 2334//2334 1536//1536 1530//1530
f 1536//1536 1535//1535 2922//2922 2634//2634
f 1542//1542 1538//1538 1537//1537 1752//1752
f 1753//1753 1752//1752 1537//1537 2903//2903
f 1537//1537 1534//1534 2334//2334 2903//2903
f 1538//1538 1545//1545 2333//2333 3091//3090
f 1539//1539 1540//1540 1541//1541 3307//3306
f 2296//2296 1750//1750 1539//1539 3375//3374
f 1539//1539 3307//3306 2339//2339 3375//3374
f 1540//1540 1539//1539 1750//1750 2263//2263
f 1540//1540 1753//1753 2903//2903 1541//1541
f 3198//3197 1753//1753 1540//1540 2263//2263
f 1541//1541 2903//2903 2334//2334 2257//2257
f 1542//1542 2329//2329 1545//1545 1538//1538
f 2625//2625 2329//2329 1542//1542 1756//1756
f 1543//1543 1544//1544 1545//1545 2329//2329
f 1543//1543 3060//3059 2274//2274 1544//1544
f 1543//1543 2326//2326 3193//3192 3060//3059
f 1544//1544 2274//2274 2904//2904 2330//2330
f 1545//1545 1544//1544 2330//2330 2333//2333
f 1547//1547 1548//1548 1546//1546 1550//1550
f 1551//1551 1550//1550 1546//1546 3201//3200
f 1547//1547 1550//1550 1549//1549 1554//1554
f 1548//1548 1547//1547 2364//2364 2373//2373
f 1549//1549 1550//1550 1551//1551 3202//3201
f 1552//1552 1553//1553 1554//1554 1549//1549
f 1558//1558 1553//1553 1552//1552 2273//2273
f 3202//3201 2904//2904 1552//1552 1549//1549
f 3230//3229 1560//1560 1553//1553 1558//1558
f 1560//1560 2363//2363 1554//1554 1553//1553
f 1554//1554 2363//2363 2364//2364 1547//1547
f 1555//1555 1556//1556 1557//1557 3371//3370
f 1555//1555 3371//3370 2363//2363 1560//1560
f 1556//1556 1555//1555 1559//1559 1790//1790
f 2396//2396 1557//1557 1556//1556 1573//1573
f 1557//1557 2276//2276 2275//2275 3371//3370
f 1559//1559 1555//1555 1560//1560 3230//3229
f 1559//1559 3230//3229 2969//2969 1788//1788
f 1561//1561 1562//1562 1563//1563 1329//1329
f 2397//2397 2928//2928 1562//1562 1561//1561
f 2885//2885 2649//2649 1563//1563 1562//1562
f 1564//1564 1565//1565 1566//1566 1330//1330
f 1567//1567 1565//1565 1564//1564 2291//2291
f 1580//1580 3242//3241 1566//1566 1565//1565
f 1580//1580 1565//1565 1567//1567 3243//3242
f 1569//1569 1570//1570 1568//1568 1575//1575
f 1568//1568 2291//2291 2387//2387 3003//3003
f 1569//1569 1575//1575 1574//1574 1826//1826
f 3244//3243 1570//1570 1569//1569 1589//1589
f 3246//3245 1589//1589 1569//1569 1826//1826
f 1570//1570 1567//1567 2291//2291 1568//1568
f 1570//1570 3244//3243 3243//3242 1567//1567
f 1571//1571 1572//1572 1573//1573 2395//2395
f 2968//2968 2386//2386 1571//1571 2972//2972
f 2386//2386 3367//3366 1572//1572 1571//1571
f 3003//3003 3002//3002 1572//1572 3367//3366
f 1790//1790 2395//2395 1573//1573 1556//1556
f 1573//1573 1572//1572 3002//3002 2396//2396
f 1574//1574 2386//2386 2968//2968 1824//1824
f 2386//2386 1574//1574 1575//1575 3367//3366
f 1575//1575 1568//1568 3003//3003 3367//3366
f 1576//1576 1577//1577 1578//1578 1353//1353
f 1576//1576 1353//1353 3242//3241 1580//1580
f 1577//1577 1576//1576 1579//1579 2219//2219
f 2594//2594 1578//1578 1577//1577 1583//1583
f 1579//1579 1576//1576 1580//1580 3243//3242
f 1586//1586 2219//2219 1579//1579 1584//1584
f 1579//1579 3243//3242 3244//3243 1584//1584
f 1581//1581 1582//1582 1583//1583 2221//2221
f 1581//1581 2221//2221 2220//2220 3277//3276
f 2384//2384 3272//3271 1582//1582 1581//1581
f 1582//1582 1355//1355 2594//2594 1583//1583
f 2219//2219 2221//2221 1583//1583 1577//1577
f 1585//1585 1586//1586 1584//1584 1588//1588
f 1589//1589 1588//1588 1584//1584 3244//3243
f 1585//1585 1588//1588 1587//1587 1864//1864
f 2218//2218 2220//2220 1586//1586 1585//1585
f 1587//1587 1588//1588 1589//1589 3246//3245
f 1590//1590 1591//1591 1592//1592 1390//1390
f 2384//2384 1596//1596 1590//1590 3272//3271
f 1591//1591 1590//1590 1596//1596 2379//2379
f 2937//2937 1598//1598 1591//1591 2379//2379
f 1598//1598 3273//3272 1592//1592 1591//1591
f 1593//1593 1594//1594 1595//1595 1392//1392
f 1593//1593 1392//1392 3273//3272 1598//1598
f 1594//1594 1593//1593 1597//1597 1601//1601
f 2660//2660 1595//1595 1594//1594 1607//1607
f 3362//3361 1607//1607 1594//1594 1601//1601
f 2378//2378 2379//2379 1596//1596 2385//2385
f 1597//1597 1593//1593 1598//1598 2937//2937
f 1597//1597 2937//2937 2936//2936 1599//1599
f 1599//1599 1600//1600 1601//1601 1597//1597
f 1602//1602 1600//1600 1599//1599 2213//2213
f 1601//1601 1600//1600 3295//3294 3362//3361
f 3295//3294 1600//1600 1602//1602 3296//3295
f 1603//1603 1604//1604 1605//1605 1423//1423
f 1603//1603 1423//1423 2660//2660 1607//1607
f 1604//1604 1603//1603 1606//1606 1613//1613
f 2658//2658 1605//1605 1604//1604 1610//1610
f 1605//1605 2658//2658 2659//2659 2810//2810
f 1606//1606 1603//1603 1607//1607 3362//3361
f 1608//1608 1609//1609 1610//1610 2394//2394
f 2868//2868 2362//2362 1608//1608 3320//3319
f 2362//2362 2866//2866 1609//1609 1608//1608
f 1609//1609 2852//2852 2658//2658 1610//1610
f 1613//1613 2394//2394 1610//1610 1604//1604
f 1611//1611 1612//1612 1613//1613 1606//1606
f 1614//1614 1612//1612 1611//1611 2361//2361
f 3296//3295 2361//2361 1611//1611 3295//3294
f 1611//1611 1606//1606 3362//3361 3295//3294
f 2393//2393 3316//3315 1612//1612 1614//1614
f 1612//1612 3316//3315 2394//2394 1613//1613
f 2392//2392 2393//2393 1614//1614 1936//1936
f 1615//1615 1616//1616 1617//1617 1459//1459
f 1621//1621 1616//1616 1615//1615 2358//2358
f 3231//3230 2358//2358 1615//1615 3300//3299
f 1615//1615 1459//1459 3299//3298 3300//3299
f 1616//1616 1624//1624 2249//2249 1617//1617
f 1619//1619 1620//1620 1618//1618 1626//1626
f 1618//1618 2587//2587 2645//2645 2853//2853
f 1619//1619 1626//1626 1625//1625 1629//1629
f 3300//3299 1620//1620 1619//1619 3231//3230
f 1620//1620 1458//1458 2587//2587 1618//1618
f 1620//1620 3300//3299 3299//3298 1458//1458
f 1621//1621 2602//2602 1624//1624 1616//1616
f 1622//1622 1623//1623 1624//1624 2602//2602
f 1622//1622 2602//2602 2932//2932 2891//2891
f 1623//1623 2966//2966 2249//2249 1624//1624
f 2584//2584 2953//2953 1623//1623 1622//1622
f 1623//1623 2953//2953 2847//2847 2966//2966
f 2868//2868 1627//1627 1625//1625 2362//2362
f 2362//2362 1625//1625 1626//1626 2866//2866
f 1626//1626 1618//1618 2853//2853 2866//2866
f 1627//1627 1628//1628 1629//1629 1625//1625
f 2359//2359 1633//1633 1627//1627 2868//2868
f 1628//1628 1627//1627 1633//1633 2209//2209
f 2357//2357 3304//3303 1628//1628 2209//2209
f 1629//1629 3232//3231 3231//3230 1619//1619
f 1629//1629 1628//1628 3304//3303 3232//3231
f 1630//1630 1631//1631 1632//1632 3233//3232
f 2357//2357 1634//1634 1630//1630 3304//3303
f 1631//1631 1630//1630 1634//1634 2356//2356
f 1637//1637 1636//1636 1631//1631 2356//2356
f 1631//1631 1636//1636 2932//2932 1632//1632
f 1632//1632 1621//1621 2358//2358 3233//3232
f 1632//1632 2932//2932 2602//2602 1621//1621
f 2208//2208 2209//2209 1633//1633 2360//2360
f 1976//1976 2356//2356 1634//1634 1974//1974
f 1635//1635 1636//1636 1637//1637 1676//1676
f 1635//1635 1678//1678 2604//2604 2891//2891
f 1636//1636 1635//1635 2891//2891 2932//2932
f 1637//1637 2356//2356 1976//1976 1984//1984
f 1639//1639 2189//2189 1640//1640 1638//1638
f 1640//1640 1641//1641 1642//1642 3120//3119
f 1643//1643 1641//1641 1640//1640 2189//2189
f 1640//1640 3120//3119 2951//2951 1638//1638
f 1641//1641 1643//1643 1647//1647 3336//3335
f 1641//1641 3336//3335 3124//3123 1642//1642
f 1643//1643 1646//1646 2102//2102 1647//1647
f 1644//1644 1645//1645 1646//1646 2190//2190
f 1644//1644 2190//2190 2205//2205 2952//2952
f 1645//1645 3066//3065 2102//2102 1646//1646
f 2192//2192 3065//3064 1645//1645 1644//1644
f 2189//2189 2190//2190 1646//1646 1643//1643
f 1647//1647 2085//2085 1648//1648 3336//3335
f 1650//1650 1649//1649 1648//1648 2085//2085
f 1648//1648 3123//3122 3124//3123 3336//3335
f 2004//2004 2010//2010 1649//1649 1650//1650
f 1651//1651 1652//1652 1653//1653 2086//2086
f 1651//1651 2086//2086 2102//2102 3066//3065
f 2089//2089 2007//2007 1652//1652 1651//1651
f 1653//1653 2005//2005 2004//2004 1650//1650
f 2006//2006 2005//2005 1653//1653 1652//1652
f 2085//2085 2086//2086 1653//1653 1650//1650
f 1654//1654 1661//1661 1660//1660 1501//1501
f 1663//1663 1664//1664 1654//1654 2585//2585
f 1654//1654 1664//1664 1672//1672 1661//1661
f 1655//1655 1665//1665 2192//2192 2947//2947
f 1657//1657 1659//1659 1656//1656 1504//1504
f 1656//1656 2114//2114 1665//1665 1655//1655
f 1658//1658 1659//1659 1657//1657 2231//2231
f 1659//1659 1658//1658 1660//1660 1662//1662
f 1659//1659 1662//1662 2114//2114 1656//1656
f 1662//1662 1660//1660 1661//1661 1668//1668
f 1669//1669 1668//1668 1661//1661 1672//1672
f 1670//1670 1664//1664 1663//1663 2590//2590
f 1663//1663 2584//2584 2604//2604 2590//2590
f 1673//1673 1672//1672 1664//1664 1670//1670
f 1666//1666 1667//1667 1665//1665 2114//2114
f 1669//1669 1671//1671 1666//1666 1668//1668
f 1667//1667 1666//1666 1671//1671 2103//2103
f 2192//2192 1665//1665 1667//1667 3065//3064
f 2114//2114 1662//1662 1668//1668 1666//1666
f 1669//1669 1672//1672 1673//1673 1674//1674
f 1669//1669 1674//1674 2088//2088 1671//1671
f 1671//1671 2088//2088 1679//1679 2103//2103
f 2603//2603 1675//1675 1673//1673 1670//1670
f 1674//1674 1673//1673 1675//1675 1682//1682
f 1680//1680 2088//2088 1674//1674 1682//1682
f 2035//2035 1682//1682 1675//1675 2671//2671
f 1676//1676 1677//1677 1678//1678 1635//1635
f 1984//1984 1983//1983 1676//1676 1637//1637
f 2033//2033 1677//1677 1676//1676 1983//1983
f 2038//2038 2942//2942 1677//1677 2033//2033
f 2589//2589 1678//1678 1677//1677 2942//2942
f 1678//1678 2589//2589 2590//2590 2604//2604
f 1680//1680 1681//1681 1679//1679 2088//2088
f 1681//1681 2009//2009 2008//2008 2007//2007
f 2034//2034 2009//2009 1681//1681 1680//1680
f 2089//2089 1679//1679 1681//1681 2007//2007
f 1682//1682 2035//2035 2034//2034 1680//1680
f 1691//1691 3108//3107 1683//1683 1685//1685
f 1683//1683 3108//3107 2078//2078 44//44
f 1685//1685 1683//1683 1684//1684 1689//1689
f 1692//1692 1691//1691 1685//1685 1690//1690
f 1686//1686 46//46 2079//2079 1687//1687
f 1686//1686 2756//2756 3071//3070 46//46
f 1688//1688 1686//1686 1687//1687 1693//1693
f 1687//1687 3108//3107 1691//1691 1693//1693
f 1687//1687 2079//2079 2078//2078 3108//3107
f 2756//2756 1686//1686 1688//1688 3010//3010
f 1690//1690 1685//1685 1689//1689 697//697
f 1696//1696 1692//1692 1690//1690 1695//1695
f 1693//1693 1691//1691 1692//1692 1698//1698
f 1694//1694 1688//1688 1693//1693 1698//1698
f 3010//3010 1688//1688 1694//1694 1701//1701
f 1705//1705 1696//1696 1695//1695 1704//1704
f 1696//1696 1697//1697 1698//1698 1692//1692
f 1705//1705 1706//1706 1697//1697 1696//1696
f 1707//1707 1699//1699 1697//1697 1706//1706
f 1699//1699 1694//1694 1698//1698 1697//1697
f 1699//1699 1700//1700 1701//1701 1694//1694
f 1700//1700 1702//1702 1703//1703 1701//1701
f 1707//1707 1708//1708 1700//1700 1699//1699
f 1718//1718 3010//3010 1701//1701 1703//1703
f 1708//1708 1709//1709 1702//1702 1700//1700
f 1723//1723 1720//1720 1702//1702 1709//1709
f 1720//1720 1719//1719 1703//1703 1702//1702
f 2105//2105 2781//2781 1705//1705 1704//1704
f 1706//1706 2777//2777 2111//2111 1707//1707
f 2781//2781 2777//2777 1706//1706 1705//1705
f 2782//2782 1708//1708 1707//1707 2111//2111
f 2782//2782 2109//2109 1709//1709 1708//1708
f 1711//1711 1712//1712 1710//1710 1717//1717
f 1710//1710 2755//2755 1718//1718 1717//1717
f 2073//2073 2080//2080 1710//1710 1712//1712
f 1711//1711 2829//2829 3105//3104 1712//1712
f 1716//1716 1714//1714 1713//1713 1724//1724
f 1713//1713 1715//1715 1722//1722 1721//1721
f 1715//1715 1713//1713 1714//1714 2829//2829
f 1714//1714 1716//1716 2971//2971 3104//3103
f 1722//1722 1711//1711 1717//1717 1719//1719
f 1719//1719 1717//1717 1718//1718 1703//1703
f 1718//1718 2755//2755 2756//2756 3010//3010
f 1720//1720 1721//1721 1722//1722 1719//1719
f 1725//1725 1721//1721 1720//1720 1723//1723
f 1721//1721 1725//1725 1724//1724 1713//1713
f 1722//1722 1715//1715 2829//2829 1711//1711
f 1723//1723 1726//1726 1727//1727 1725//1725
f 2109//2109 1726//1726 1723//1723 1709//1709
f 1724//1724 1725//1725 1727//1727 3089//3088
f 1724//1724 3089//3088 2296//2296 1716//1716
f 1759//1759 1761//1761 1727//1727 1726//1726
f 1760//1760 3089//3088 1727//1727 1761//1761
f 1729//1729 1730//1730 1728//1728 2107//2107
f 1728//1728 1730//1730 1731//1731 2112//2112
f 2835//2835 1730//1730 1729//1729 2834//2834
f 1731//1731 2830//2830 1738//1738 1733//1733
f 1731//1731 1733//1733 2113//2113 2112//2112
f 2835//2835 2830//2830 1731//1731 1730//1730
f 1733//1733 1734//1734 1732//1732 2113//2113
f 1732//1732 1734//1734 1735//1735 2110//2110
f 2836//2836 1734//1734 1733//1733 1738//1738
f 1735//1735 1758//1758 1759//1759 2110//2110
f 2836//2836 2347//2347 1735//1735 1734//1734
f 1736//1736 1737//1737 1738//1738 2830//2830
f 1743//1743 1737//1737 1736//1736 1742//1742
f 1738//1738 1737//1737 1744//1744 2836//2836
f 1740//1740 1741//1741 1739//1739 2439//2439
f 1739//1739 1741//1741 1742//1742 1736//1736
f 1739//1739 1736//1736 2830//2830 2835//2835
f 2834//2834 2439//2439 1739//1739 2835//2835
f 2451//2451 2452//2452 1740//1740 754//754
f 1741//1741 1740//1740 2452//2452 3414//3413
f 1741//1741 3414//3413 2525//2525 1742//1742
f 1742//1742 2525//2525 1749//1749 1743//1743
f 1743//1743 1745//1745 1744//1744 1737//1737
f 1743//1743 1749//1749 3038//3038 1745//1745
f 1744//1744 1745//1745 1746//1746 1763//1763
f 1745//1745 3038//3038 3197//3196 1746//1746
f 1747//1747 1748//1748 1749//1749 2525//2525
f 1773//1773 1748//1748 1747//1747 2441//2441
f 1747//1747 3148//3147 3049//3048 2441//2441
f 1749//1749 1748//1748 1774//1774 3038//3038
f 2262//2262 2263//2263 1750//1750 1760//1760
f 3089//3088 1760//1760 1750//1750 2296//2296
f 1751//1751 1752//1752 1753//1753 3198//3197
f 1756//1756 1542//1542 1752//1752 1751//1751
f 1754//1754 1755//1755 1756//1756 1751//1751
f 1757//1757 1755//1755 1754//1754 1766//1766
f 3198//3197 2683//2683 1754//1754 1751//1751
f 1771//1771 2859//2859 1755//1755 1757//1757
f 1755//1755 2859//2859 2625//2625 1756//1756
f 2347//2347 2792//2792 1758//1758 1735//1735
f 1758//1758 2792//2792 2694//2694 1762//1762
f 1759//1759 1758//1758 1762//1762 1761//1761
f 2109//2109 2110//2110 1759//1759 1726//1726
f 1760//1760 1761//1761 1762//1762 2262//2262
f 1762//1762 2694//2694 2683//2683 2262//2262
f 1764//1764 1765//1765 1763//1763 1746//1746
f 1763//1763 2347//2347 2836//2836 1744//1744
f 1764//1764 1757//1757 1766//1766 1765//1765
f 1764//1764 1769//1769 1771//1771 1757//1757
f 3197//3196 1769//1769 1764//1764 1746//1746
f 2347//2347 1763//1763 1765//1765 2792//2792
f 2694//2694 2792//2792 1765//1765 1766//1766
f 1766//1766 1754//1754 2683//2683 2694//2694
f 1767//1767 1768//1768 1769//1769 3197//3196
f 1775//1775 2408//2408 1767//1767 1774//1774
f 1797//1797 1768//1768 1767//1767 2408//2408
f 1767//1767 3197//3196 3038//3038 1774//1774
f 1768//1768 1797//1797 1798//1798 1772//1772
f 1769//1769 1768//1768 1772//1772 1771//1771
f 1771//1771 1772//1772 1770//1770 2859//2859
f 1798//1798 1799//1799 1770//1770 1772//1772
f 1773//1773 1775//1775 1774//1774 1748//1748
f 1778//1778 2409//2409 1775//1775 1773//1773
f 1776//1776 1777//1777 1778//1778 2442//2442
f 1776//1776 3146//3145 3050//3049 2440//2440
f 2440//2440 3031//3031 1777//1777 1776//1776
f 1777//1777 3031//3031 3030//3030 3053//3052
f 2441//2441 2442//2442 1778//1778 1773//1773
f 1778//1778 1777//1777 3053//3052 2409//2409
f 1780//1780 1781//1781 1779//1779 2427//2427
f 1779//1779 1781//1781 1782//1782 1783//1783
f 1780//1780 3130//3129 3129//3128 1781//1781
f 1782//1782 1781//1781 3129//3128 3408//3407
f 1784//1784 1785//1785 1783//1783 1782//1782
f 1783//1783 2440//2440 3050//3049 1779//1779
f 1784//1784 1787//1787 1786//1786 1785//1785
f 1784//1784 1813//1813 3019//3019 1787//1787
f 3408//3407 1813//1813 1784//1784 1782//1782
f 2440//2440 1783//1783 1785//1785 3031//3031
f 1785//1785 1786//1786 3030//3030 3031//3031
f 1786//1786 1805//1805 2407//2407 3030//3030
f 1787//1787 2406//2406 1805//1805 1786//1786
f 1787//1787 3019//3019 3292//3291 2406//2406
f 1788//1788 1789//1789 1790//1790 1559//1559
f 1794//1794 1789//1789 1788//1788 2261//2261
f 2970//2970 2261//2261 1788//1788 2969//2969
f 1789//1789 1794//1794 2377//2377 3305//3304
f 2395//2395 1790//1790 1789//1789 3305//3304
f 1792//1792 1793//1793 1791//1791 1796//1796
f 1791//1791 2273//2273 2274//2274 3060//3059
f 3193//3192 1796//1796 1791//1791 3060//3059
f 1792//1792 1796//1796 1795//1795 1803//1803
f 1792//1792 2970//2970 2969//2969 1793//1793
f 1793//1793 1558//1558 2273//2273 1791//1791
f 1793//1793 2969//2969 3230//3229 1558//1558
f 1832//1832 2377//2377 1794//1794 1809//1809
f 1795//1795 1799//1799 1798//1798 3332//3331
f 1804//1804 1803//1803 1795//1795 3332//3331
f 1799//1799 1795//1795 1796//1796 3193//3192
f 1797//1797 1802//1802 3332//3331 1798//1798
f 2326//2326 1770//1770 1799//1799 3193//3192
f 1800//1800 1801//1801 1802//1802 2410//2410
f 1800//1800 2410//2410 2409//2409 3053//3052
f 2407//2407 3207//3206 1801//1801 1800//1800
f 1801//1801 1804//1804 3332//3331 1802//1802
f 2408//2408 2410//2410 1802//1802 1797//1797
f 1803//1803 3055//3054 2970//2970 1792//1792
f 3055//3054 1803//1803 1804//1804 3056//3055
f 1804//1804 1801//1801 3207//3206 3056//3055
f 1806//1806 1807//1807 1805//1805 2406//2406
f 3292//3291 1830//1830 1806//1806 2406//2406
f 1807//1807 1806//1806 1808//1808 3333//3332
f 2407//2407 1805//1805 1807//1807 3207//3206
f 1808//1808 1809//1809 1810//1810 3333//3332
f 1808//1808 1806//1806 1830//1830 3324//3323
f 1832//1832 1809//1809 1808//1808 3324//3323
f 1809//1809 1794//1794 2261//2261 1810//1810
f 1810//1810 3055//3054 3056//3055 3333//3332
f 1811//1811 1812//1812 1813//1813 3408//3407
f 1818//1818 1812//1812 1811//1811 1817//1817
f 1813//1813 1812//1812 1819//1819 3019//3019
f 1815//1815 1816//1816 1814//1814 2423//2423
f 1814//1814 1816//1816 1817//1817 1811//1811
f 3130//3129 2423//2423 1814//1814 3129//3128
f 1814//1814 1811//1811 3408//3407 3129//3128
f 2552//2552 2553//2553 1815//1815 833//833
f 1816//1816 1815//1815 2553//2553 3407//3406
f 1816//1816 3407//3406 2574//2574 1817//1817
f 1817//1817 2574//2574 1823//1823 1818//1818
f 1818//1818 1820//1820 1819//1819 1812//1812
f 1820//1820 1818//1818 1823//1823 2487//2487
f 1820//1820 2404//2404 1828//1828 1819//1819
f 1821//1821 1822//1822 1823//1823 2574//2574
f 1821//1821 3147//3146 2960//2960 2328//2328
f 2328//2328 3028//3028 1822//1822 1821//1821
f 1822//1822 3028//3028 2961//2961 3054//3053
f 1823//1823 1822//1822 3054//3053 2487//2487
f 1824//1824 1825//1825 1826//1826 1574//1574
f 1827//1827 1825//1825 1824//1824 2355//2355
f 2214//2214 3245//3244 1825//1825 1827//1827
f 3245//3244 3246//3245 1826//1826 1825//1825
f 1827//1827 2355//2355 1841//1841 1840//1840
f 1828//1828 1829//1829 1830//1830 3292//3291
f 1834//1834 1829//1829 1828//1828 2404//2404
f 1828//1828 3292//3291 3019//3019 1819//1819
f 1829//1829 1834//1834 1835//1835 1833//1833
f 1829//1829 1833//1833 3324//3323 1830//1830
f 1835//1835 1836//1836 1831//1831 1833//1833
f 1833//1833 1831//1831 1832//1832 3324//3323
f 2973//2973 2377//2377 1832//1832 1831//1831
f 1834//1834 1839//1839 3327//3326 1835//1835
f 1841//1841 1836//1836 1835//1835 3327//3326
f 2973//2973 1831//1831 1836//1836 2354//2354
f 1837//1837 1838//1838 1839//1839 2488//2488
f 1837//1837 2488//2488 2487//2487 3054//3053
f 2290//2290 3236//3235 1838//1838 1837//1837
f 1838//1838 1842//1842 3327//3326 1839//1839
f 2404//2404 2488//2488 1839//1839 1834//1834
f 1840//1840 2962//2962 2214//2214 1827//1827
f 1842//1842 1840//1840 1841//1841 3327//3326
f 1841//1841 2355//2355 2354//2354 1836//1836
f 2962//2962 1840//1840 1842//1842 2963//2963
f 1842//1842 1838//1838 3236//3235 2963//2963
f 1844//1844 1845//1845 1843//1843 2320//2320
f 1843//1843 1845//1845 1846//1846 1847//1847
f 2917//2917 1845//1845 1844//1844 2911//2911
f 2917//2917 2918//2918 1846//1846 1845//1845
f 1848//1848 1849//1849 1847//1847 1846//1846
f 1847//1847 2328//2328 2960//2960 1843//1843
f 1848//1848 1851//1851 1850//1850 1849//1849
f 2918//2918 1854//1854 1848//1848 1846//1846
f 2930//2930 1851//1851 1848//1848 1854//1854
f 2328//2328 1847//1847 1849//1849 3028//3028
f 1849//1849 1850//1850 2961//2961 3028//3028
f 1850//1850 1871//1871 2290//2290 2961//2961
f 1851//1851 2483//2483 1871//1871 1850//1850
f 1851//1851 2930//2930 2929//2929 2483//2483
f 1852//1852 1853//1853 1854//1854 2918//2918
f 1859//1859 1853//1853 1852//1852 1858//1858
f 1854//1854 1853//1853 1860//1860 2930//2930
f 1856//1856 1857//1857 1855//1855 2551//2551
f 1855//1855 1857//1857 1858//1858 1852//1852
f 2911//2911 2551//2551 1855//1855 2917//2917
f 1855//1855 1852//1852 2918//2918 2917//2917
f 1856//1856 3136//3135 3135//3134 1857//1857
f 1858//1858 1857//1857 3135//3134 3421//3420
f 1859//1859 1861//1861 1860//1860 1853//1853
f 3421//3420 1888//1888 1859//1859 1858//1858
f 1861//1861 2484//2484 1877//1877 1860//1860
f 1861//1861 1859//1859 1888//1888 2485//2485
f 1862//1862 1863//1863 1864//1864 1587//1587
f 2214//2214 1868//1868 1862//1862 3245//3244
f 1862//1862 1587//1587 3246//3245 3245//3244
f 1863//1863 1862//1862 1868//1868 2351//2351
f 2940//2940 1870//1870 1863//1863 2351//2351
f 1870//1870 2217//2217 1864//1864 1863//1863
f 1864//1864 2217//2217 2218//2218 1585//1585
f 1865//1865 1866//1866 1867//1867 3359//3358
f 1865//1865 3359//3358 2217//2217 1870//1870
f 1866//1866 1865//1865 1869//1869 2352//2352
f 2381//2381 1867//1867 1866//1866 1904//1904
f 1867//1867 2380//2380 2383//2383 3359//3358
f 1875//1875 2351//2351 1868//1868 1876//1876
f 1869//1869 1865//1865 1870//1870 2940//2940
f 1869//1869 2940//2940 1881//1881 1880//1880
f 1885//1885 2352//2352 1869//1869 1880//1880
f 1872//1872 1873//1873 1871//1871 2483//2483
f 2929//2929 1879//1879 1872//1872 2483//2483
f 1873//1873 1872//1872 1874//1874 3330//3329
f 2290//2290 1871//1871 1873//1873 3236//3235
f 1874//1874 1875//1875 1876//1876 3330//3329
f 1874//1874 1872//1872 1879//1879 3331//3330
f 1881//1881 1875//1875 1874//1874 3331//3330
f 1875//1875 1881//1881 2940//2940 2351//2351
f 1876//1876 1868//1868 2214//2214 2962//2962
f 1876//1876 2962//2962 2963//2963 3330//3329
f 1877//1877 1878//1878 1879//1879 2929//2929
f 1883//1883 1878//1878 1877//1877 2484//2484
f 1877//1877 2929//2929 2930//2930 1860//1860
f 1878//1878 1883//1883 1884//1884 1882//1882
f 1878//1878 1882//1882 3331//3330 1879//1879
f 1884//1884 1885//1885 1880//1880 1882//1882
f 1882//1882 1880//1880 1881//1881 3331//3330
f 1883//1883 1908//1908 3328//3327 1884//1884
f 1910//1910 1885//1885 1884//1884 3328//3327
f 1886//1886 1887//1887 1888//1888 3421//3420
f 1893//1893 1887//1887 1886//1886 1892//1892
f 1888//1888 1887//1887 1894//1894 2485//2485
f 1890//1890 1891//1891 1889//1889 2550//2550
f 1889//1889 1891//1891 1892//1892 1886//1886
f 3136//3135 2550//2550 1889//1889 3135//3134
f 1889//1889 1886//1886 3421//3420 3135//3134
f 2311//2311 2312//2312 1890//1890 917//917
f 2312//2312 3110//3109 1891//1891 1890//1890
f 2325//2325 1892//1892 1891//1891 3110//3109
f 1892//1892 2325//2325 1898//1898 1893//1893
f 1893//1893 1895//1895 1894//1894 1887//1887
f 1898//1898 2271//2271 1895//1895 1893//1893
f 1895//1895 2270//2270 1906//1906 1894//1894
f 1896//1896 1897//1897 1898//1898 2325//2325
f 1896//1896 3137//3136 3291//3290 2570//2570
f 2570//2570 3021//3021 1897//1897 1896//1896
f 1897//1897 3021//3021 3020//3020 3026//3026
f 1898//1898 1897//1897 3026//3026 2271//2271
f 1899//1899 1900//1900 1901//1901 2216//2216
f 2212//2212 1905//1905 1899//1899 2939//2939
f 1900//1900 1899//1899 1905//1905 2210//2210
f 3298//3297 1938//1938 1900//1900 2210//2210
f 1938//1938 3297//3296 1901//1901 1900//1900
f 1901//1901 1602//1602 2213//2213 2216//2216
f 1901//1901 3297//3296 3296//3295 1602//1602
f 1902//1902 1903//1903 1904//1904 2353//2353
f 1902//1902 2353//2353 1910//1910 1909//1909
f 2212//2212 2939//2939 1903//1903 1902//1902
f 1903//1903 3279//3278 2381//2381 1904//1904
f 2352//2352 2353//2353 1904//1904 1866//1866
f 1915//1915 2210//2210 1905//1905 1916//1916
f 1906//1906 1907//1907 1908//1908 2486//2486
f 1906//1906 2486//2486 2485//2485 1894//1894
f 1907//1907 1906//1906 2270//2270 3255//3254
f 1907//1907 1911//1911 3328//3327 1908//1908
f 2484//2484 2486//2486 1908//1908 1883//1883
f 1909//1909 2933//2933 2212//2212 1902//1902
f 1911//1911 1909//1909 1910//1910 3328//3327
f 1910//1910 2353//2353 2352//2352 1885//1885
f 2933//2933 1909//1909 1911//1911 2934//2934
f 1911//1911 1907//1907 3255//3254 2934//2934
f 1912//1912 1913//1913 1914//1914 2272//2272
f 1912//1912 2272//2272 2271//2271 3026//3026
f 2468//2468 3283//3282 1913//1913 1912//1912
f 1913//1913 1917//1917 3329//3328 1914//1914
f 2270//2270 2272//2272 1914//1914 3255//3254
f 1915//1915 1946//1946 3298//3297 2210//2210
f 1917//1917 1915//1915 1916//1916 3329//3328
f 1916//1916 1905//1905 2212//2212 2933//2933
f 1916//1916 2933//2933 2934//2934 3329//3328
f 1946//1946 1915//1915 1917//1917 3325//3324
f 1917//1917 1913//1913 3283//3282 3325//3324
f 1919//1919 1920//1920 1918//1918 2536//2536
f 2535//2535 2536//2536 1918//1918 2538//2538
f 2307//2307 3111//3110 1919//1919 2536//2536
f 1920//1920 1919//1919 1921//1921 1922//1922
f 2537//2537 1918//1918 1920//1920 3291//3290
f 1921//1921 1919//1919 3111//3110 3112//3111
f 1923//1923 1924//1924 1922//1922 1921//1921
f 3291//3290 1920//1920 1922//1922 2570//2570
f 1923//1923 1926//1926 1925//1925 1924//1924
f 1923//1923 3023//3023 3022//3022 1926//1926
f 3112//3111 3023//3023 1923//1923 1921//1921
f 2570//2570 1922//1922 1924//1924 3021//3021
f 3020//3020 3021//3021 1924//1924 1925//1925
f 1925//1925 1948//1948 2468//2468 3020//3020
f 1926//1926 2467//2467 1948//1948 1925//1925
f 1926//1926 3022//3022 3293//3292 2467//2467
f 1928//1928 1929//1929 1927//1927 2306//2306
f 3217//3216 1962//1962 1928//1928 2306//2306
f 1929//1929 1928//1928 1930//1930 3389//3388
f 2307//2307 1927//1927 1929//1929 3111//3110
f 3112//3111 3111//3110 1929//1929 3389//3388
f 1930//1930 1928//1928 1962//1962 3214//3213
f 1930//1930 1932//1932 2323//2323 3389//3388
f 1930//1930 3214//3213 3014//3014 1932//1932
f 1932//1932 1933//1933 1931//1931 2323//2323
f 3023//3023 2323//2323 1931//1931 3022//3022
f 1933//1933 2260//2260 1953//1953 1931//1931
f 1933//1933 1932//1932 3014//3014 2465//2465
f 1934//1934 1935//1935 1936//1936 3360//3359
f 1934//1934 3360//3359 3297//3296 1938//1938
f 1935//1935 1934//1934 1937//1937 2348//2348
f 2392//2392 1936//1936 1935//1935 1941//1941
f 1936//1936 1614//1614 2361//2361 3360//3359
f 1937//1937 1934//1934 1938//1938 3298//3297
f 1937//1937 3298//3297 1946//1946 1945//1945
f 1952//1952 2348//2348 1937//1937 1945//1945
f 1939//1939 1940//1940 1941//1941 2402//2402
f 1944//1944 3356//3355 1940//1940 1939//1939
f 1940//1940 2869//2869 2392//2392 1941//1941
f 2870//2870 2869//2869 1940//1940 3356//3355
f 2348//2348 2402//2402 1941//1941 1935//1935
f 1942//1942 1943//1943 1944//1944 1939//1939
f 1959//1959 1943//1943 1942//1942 1957//1957
f 1942//1942 1939//1939 2402//2402 1956//1956
f 1943//1943 1992//1992 2376//2376 1944//1944
f 1944//1944 2376//2376 1979//1979 3356//3355
f 1951//1951 1952//1952 1945//1945 1947//1947
f 1947//1947 1945//1945 1946//1946 3325//3324
f 3283//3282 1950//1950 1947//1947 3325//3324
f 1949//1949 1950//1950 1948//1948 2467//2467
f 3293//3292 1955//1955 1949//1949 2467//2467
f 1950//1950 1949//1949 1951//1951 1947//1947
f 2468//2468 1948//1948 1950//1950 3283//3282
f 1951//1951 1949//1949 1955//1955 3326//3325
f 1956//1956 1952//1952 1951//1951 3326//3325
f 1952//1952 1956//1956 2402//2402 2348//2348
f 1953//1953 1954//1954 1955//1955 3293//3292
f 1958//1958 1954//1954 1953//1953 2260//2260
f 1953//1953 3293//3292 3022//3022 1931//1931
f 1954//1954 1957//1957 3326//3325 1955//1955
f 1957//1957 1942//1942 1956//1956 3326//3325
f 1958//1958 1959//1959 1957//1957 1954//1954
f 1959//1959 1958//1958 1990//1990 3323//3322
f 1992//1992 1943//1943 1959//1959 3323//3322
f 1960//1960 1961//1961 1962//1962 3217//3216
f 1963//1963 1961//1961 1960//1960 2532//2532
f 1960//1960 3217//3216 3119//3118 988//988
f 1961//1961 1963//1963 1964//1964 3382//3381
f 1961//1961 3382//3381 3214//3213 1962//1962
f 1963//1963 1971//1971 2568//2568 1964//1964
f 1964//1964 1966//1966 2582//2582 3382//3381
f 1966//1966 1967//1967 1965//1965 2582//2582
f 1965//1965 1967//1967 1968//1968 1988//1988
f 1965//1965 1988//1988 2466//2466 2465//2465
f 3014//3014 2582//2582 1965//1965 2465//2465
f 2568//2568 2569//2569 1966//1966 1964//1964
f 1967//1967 3352//3351 2567//2567 1968//1968
f 1967//1967 1966//1966 2569//2569 3352//3351
f 1968//1968 2794//2794 1989//1989 1988//1988
f 1968//1968 2567//2567 1996//1996 2794//2794
f 1969//1969 1970//1970 1971//1971 2534//2534
f 1972//1972 1970//1970 1969//1969 2147//2147
f 1969//1969 2534//2534 2533//2533 999//999
f 1970//1970 1973//1973 2568//2568 1971//1971
f 2532//2532 2534//2534 1971//1971 1963//1963
f 1973//1973 1970//1970 1972//1972 2806//2806
f 2153//2153 2806//2806 1972//1972 2022//2022
f 1973//1973 2806//2806 2152//2152 3058//3057
f 1975//1975 1976//1976 1974//1974 1981//1981
f 1974//1974 1634//1634 2357//2357 3234//3233
f 1975//1975 1981//1981 1980//1980 1987//1987
f 1975//1975 2977//2977 1984//1984 1976//1976
f 1977//1977 1978//1978 1979//1979 2376//2376
f 1977//1977 1991//1991 3226//3225 2375//2375
f 2375//2375 3395//3394 1978//1978 1977//1977
f 3234//3233 2208//2208 1978//1978 3395//3394
f 1979//1979 1978//1978 2208//2208 2360//2360
f 1979//1979 2360//2360 2870//2870 3356//3355
f 3226//3225 1985//1985 1980//1980 2375//2375
f 2375//2375 1980//1980 1981//1981 3395//3394
f 1981//1981 1974//1974 3234//3233 3395//3394
f 1982//1982 1983//1983 1984//1984 2977//2977
f 2033//2033 1983//1983 1982//1982 2043//2043
f 1985//1985 1986//1986 1987//1987 1980//1980
f 1985//1985 3226//3225 2793//2793 1997//1997
f 1986//1986 1985//1985 1997//1997 1998//1998
f 2003//2003 2000//2000 1986//1986 1998//1998
f 1987//1987 1986//1986 2000//2000 3364//3363
f 2977//2977 1975//1975 1987//1987 3364//3363
f 1988//1988 1989//1989 1990//1990 2466//2466
f 1989//1989 2794//2794 2793//2793 1993//1993
f 1990//1990 1989//1989 1993//1993 3323//3322
f 2260//2260 2466//2466 1990//1990 1958//1958
f 1991//1991 1977//1977 2376//2376 1992//1992
f 1993//1993 1991//1991 1992//1992 3323//3322
f 3226//3225 1991//1991 1993//1993 2793//2793
f 1994//1994 1995//1995 1996//1996 2567//2567
f 2808//2808 2151//2151 1994//1994 3057//3056
f 1995//1995 1998//1998 1997//1997 1996//1996
f 1995//1995 2791//2791 2003//2003 1998//1998
f 2151//2151 2791//2791 1995//1995 1994//1994
f 2793//2793 2794//2794 1996//1996 1997//1997
f 2000//2000 2001//2001 1999//1999 3364//3363
f 1999//1999 2042//2042 2043//2043 1982//1982
f 2053//2053 2042//2042 1999//1999 2001//2001
f 1999//1999 1982//1982 2977//2977 3364//3363
f 2003//2003 2002//2002 2001//2001 2000//2000
f 2050//2050 2052//2052 2002//2002 2051//2051
f 2002//2002 2052//2052 2053//2053 2001//2001
f 2003//2003 2791//2791 2051//2051 2002//2002
f 2004//2004 2005//2005 2018//2018 2011//2011
f 2007//2007 2008//2008 2006//2006 1652//1652
f 2006//2006 2731//2731 2018//2018 2005//2005
f 2731//2731 2006//2006 2008//2008 2729//2729
f 2040//2040 2041//2041 2009//2009 2034//2034
f 2009//2009 2041//2041 2729//2729 2008//2008
f 2010//2010 2004//2004 2011//2011 2015//2015
f 2010//2010 2015//2015 2013//2013 1031//1031
f 2026//2026 1040//1040 2012//2012 2025//2025
f 2012//2012 2014//2014 2028//2028 2025//2025
f 2014//2014 2012//2012 2013//2013 2015//2015
f 2014//2014 2016//2016 2032//2032 2028//2028
f 2016//2016 2014//2014 2015//2015 2011//2011
f 2018//2018 2017//2017 2016//2016 2011//2011
f 2032//2032 2016//2016 2017//2017 2031//2031
f 2017//2017 2019//2019 2697//2697 2031//2031
f 2019//2019 2017//2017 2018//2018 2731//2731
f 2729//2729 2728//2728 2019//2019 2731//2731
f 2020//2020 2021//2021 2022//2022 2149//2149
f 2020//2020 2149//2149 2148//2148 2773//2773
f 2024//2024 2023//2023 2021//2021 2020//2020
f 2021//2021 2772//2772 2153//2153 2022//2022
f 2147//2147 2149//2149 2022//2022 1972//1972
f 2028//2028 2027//2027 2023//2023 2025//2025
f 2023//2023 2027//2027 2772//2772 2021//2021
f 2025//2025 2023//2023 2024//2024 2026//2026
f 2773//2773 1050//1050 2024//2024 2020//2020
f 2028//2028 2032//2032 2030//2030 2027//2027
f 2029//2029 2757//2757 2097//2097 3068//3067
f 2029//2029 3068//3067 3069//3068 2030//2030
f 2031//2031 2029//2029 2030//2030 2032//2032
f 2772//2772 2027//2027 2030//2030 3069//3068
f 2031//2031 2697//2697 2757//2757 2029//2029
f 2035//2035 2672//2672 2040//2040 2034//2034
f 2036//2036 2037//2037 2038//2038 2045//2045
f 2039//2039 2037//2037 2036//2036 2139//2139
f 2716//2716 2139//2139 2036//2036 2044//2044
f 2043//2043 2045//2045 2038//2038 2033//2033
f 2038//2038 2037//2037 2981//2981 2942//2942
f 2981//2981 2037//2037 2039//2039 2671//2671
f 2048//2048 2047//2047 2041//2041 2040//2040
f 2041//2041 2047//2047 2728//2728 2729//2729
f 2042//2042 2046//2046 2045//2045 2043//2043
f 2045//2045 2046//2046 2044//2044 2036//2036
f 2044//2044 2046//2046 2744//2744 2696//2696
f 2053//2053 2744//2744 2046//2046 2042//2042
f 2057//2057 2728//2728 2047//2047 2056//2056
f 2047//2047 2048//2048 2696//2696 2056//2056
f 2672//2672 2716//2716 2048//2048 2040//2040
f 2050//2050 2051//2051 2049//2049 2097//2097
f 2049//2049 2151//2151 2808//2808 3062//3061
f 3068//3067 2097//2097 2049//2049 3062//3061
f 2757//2757 2055//2055 2050//2050 2097//2097
f 2151//2151 2049//2049 2051//2051 2791//2791
f 2055//2055 2054//2054 2052//2052 2050//2050
f 2744//2744 2053//2053 2052//2052 2054//2054
f 2056//2056 2054//2054 2055//2055 2057//2057
f 2697//2697 2057//2057 2055//2055 2757//2757
f 2056//2056 2696//2696 2744//2744 2054//2054
f 2058//2058 2060//2060 2745//2745 2059//2059
f 2061//2061 2062//2062 2060//2060 2058//2058
f 2669//2669 2297//2297 2060//2060 2062//2062
f 2061//2061 2058//2058 2305//2305 3173//3172
f 2462//2462 1420//1420 2061//2061 3173//3172
f 2843//2843 2669//2669 2062//2062 1419//1419
f 2072//2072 2797//2797 2796//2796 3334//3333
f 2072//2072 159//159 2800//2800 2797//2797
f 2073//2073 2726//2726 2727//2727 2080//2080
f 2074//2074 2803//2803 2673//2673 1018//1018
f 2081//2081 2807//2807 2805//2805 3335//3334
f 2100//2100 2083//2083 2082//2082 627//627
f 2101//2101 652//652 2084//2084 3102//3101
f 3188//3187 3102//3101 2084//2084 649//649
f 2102//2102 2086//2086 2085//2085 1647//1647
f 2103//2103 1679//1679 2089//2089 3070//3069
f 3066//3065 3070//3069 2089//2089 1651//1651
f 2735//2735 2734//2734 2093//2093 1421//1421
f 2099//2099 1089//1089 2098//2098 2725//2725
f 2350//2350 1150//1150 2099//2099 1099//1099
f 2789//2789 1089//1089 2099//2099 1150//1150
f 3187//3186 647//647 2101//2101 3102//3101
f 3065//3064 1667//1667 2103//2103 3070//3069
f 2106//2106 2107//2107 2105//2105 2779//2779
f 2106//2106 2779//2779 2778//2778 742//742
f 2107//2107 1728//1728 2781//2781 2105//2105
f 2110//2110 2109//2109 2782//2782 1732//1732
f 2112//2112 2113//2113 2111//2111 2777//2777
f 2112//2112 2777//2777 2781//2781 1728//1728
f 2113//2113 1732//1732 2782//2782 2111//2111
f 2231//2231 1657//1657 2115//2115 2232//2232
f 2116//2116 2605//2605 2235//2235 2117//2117
f 2234//2234 2877//2877 2117//2117 2235//2235
f 2118//2118 2119//2119 2120//2120 7//7
f 2301//2301 487//487 2120//2120 2119//2119
f 2786//2786 2125//2125 2124//2124 3186//3185
f 2841//2841 3186//3185 2124//2124 3350//3349
f 2127//2127 126//126 2126//2126 3101//3100
f 3186//3185 3101//3100 2126//2126 2786//2786
f 2844//2844 418//418 2127//2127 3101//3100
f 2801//2801 2802//2802 2129//2129 60//60
f 2134//2134 2818//2818 2817//2817 3346//3345
f 2672//2672 2039//2039 2139//2139 2716//2716
f 2141//2141 2142//2142 2143//2143 2751//2751
f 2742//2742 2237//2237 2146//2146 2145//2145
f 2148//2148 2149//2149 2147//2147 1000//1000
f 2153//2153 2154//2154 2152//2152 2806//2806
f 3069//3068 2154//2154 2153//2153 2772//2772
f 2154//2154 3062//3061 2808//2808 2152//2152
f 2154//2154 3069//3068 3068//3067 3062//3061
f 3076//3075 3075//3074 2155//2155 3061//3060
f 3313//3312 2156//2156 2155//2155 3075//3074
f 2156//2156 3313//3312 3077//3076 2635//2635
f 2157//2157 3281//3280 3282//3281 3338//3337
f 3312//3311 2159//2159 2158//2158 3254//3253
f 2159//2159 3312//3311 3258//3257 2954//2954
f 2160//2160 2161//2161 2988//2988 3310//3309
f 2160//2160 3310//3309 3012//3012 2181//2181
f 2987//2987 2988//2988 2161//2161 2174//2174
f 2162//2162 3203//3202 3204//3203 3340//3339
f 2163//2163 2174//2174 2175//2175 3342//3341
f 2163//2163 286//286 2987//2987 2174//2174
f 2164//2164 231//231 3078//3077 2165//2165
f 2166//2166 2164//2164 2165//2165 3093//3092
f 3075//3074 3093//3092 2165//2165 3313//3312
f 3074//3073 225//225 2166//2166 3093//3092
f 3314//3313 2169//2169 2168//2168 3009//3009
f 2169//2169 3314//3313 3013//3013 2644//2644
f 2170//2170 3247//3246 3248//3247 3345//3344
f 2171//2171 340//340 3257//3256 2172//2172
f 2173//2173 2171//2171 2172//2172 3280//3279
f 3254//3253 3280//3279 2172//2172 3312//3311
f 3253//3252 331//331 2173//2173 3280//3279
f 2177//2177 2178//2178 2176//2176 3235//3234
f 3206//3205 3235//3234 2176//2176 373//373
f 3183//3182 2851//2851 2177//2177 2579//2579
f 3205//3204 2579//2579 2177//2177 3235//3234
f 3315//3314 2178//2178 2177//2177 2851//2851
f 2178//2178 3315//3314 2854//2854 2657//2657
f 2182//2182 2160//2160 2181//2181 3008//3008
f 3009//3009 3008//3008 2181//2181 3314//3313
f 3007//3007 277//277 2182//2182 3008//3008
f 2186//2186 3170//3169 3222//3221 3349//3348
f 2945//2945 2949//2949 2188//2188 642//642
f 2205//2205 2190//2190 2189//2189 1639//1639
f 2952//2952 2947//2947 2192//2192 1644//1644
f 2421//2421 2194//2194 2193//2193 3401//3400
f 2196//2196 2197//2197 2195//2195 2828//2828
f 2827//2827 2828//2828 2195//2195 3151//3150
f 2837//2837 1254//1254 2196//2196 2828//2828
f 2197//2197 1246//1246 2819//2819 2195//2195
f 2199//2199 3179//3178 3076//3075 3061//3060
f 2823//2823 2824//2824 2200//2200 1182//1182
f 2202//2202 2203//2203 2201//2201 2821//2821
f 2822//2822 2821//2821 2201//2201 3127//3126
f 2202//2202 2821//2821 2820//2820 1226//1226
f 2203//2203 239//239 2825//2825 2201//2201
f 2207//2207 1013//1013 2211//2211 1006//1006
f 2208//2208 3234//3233 2357//2357 2209//2209
f 2211//2211 2674//2674 3225//3224 1006//1006
f 2213//2213 1599//1599 2936//2936 2215//2215
f 2216//2216 2213//2213 2215//2215 2938//2938
f 3279//3278 2938//2938 2215//2215 3319//3318
f 2216//2216 2938//2938 2939//2939 1899//1899
f 2383//2383 2218//2218 2217//2217 3359//3358
f 2218//2218 2383//2383 3277//3276 2220//2220
f 2220//2220 2221//2221 2219//2219 1586//1586
f 3258//3257 549//549 2223//2223 2954//2954
f 2640//2640 2641//2641 2225//2225 589//589
f 2228//2228 2229//2229 2230//2230 2931//2931
f 2232//2232 2115//2115 2877//2877 2234//2234
f 2234//2234 2235//2235 2233//2233 1489//1489
f 2233//2233 2235//2235 2605//2605 3355//3354
f 2365//2365 1111//1111 2238//2238 1442//1442
f 2240//2240 2239//2239 2876//2876 570//570
f 3306//3305 2242//2242 2241//2241 609//609
f 2245//2245 2244//2244 2243//2243 3228//3227
f 2243//2243 605//605 3317//3316 3229//3228
f 2367//2367 2366//2366 2244//2244 2245//2245
f 2247//2247 393//393 2370//2370 398//398
f 2888//2888 413//413 2251//2251 2250//2250
f 2745//2745 1435//1435 2255//2255 1408//1408
f 2634//2634 2338//2338 2258//2258 1531//1531
f 2465//2465 2466//2466 2260//2260 1933//1933
f 2261//2261 2970//2970 3055//3054 1810//1810
f 2262//2262 2683//2683 3198//3197 2263//2263
f 2507//2507 2508//2508 2264//2264 1389//1389
f 2265//2265 3163//3162 3270//3269 3366//3365
f 2266//2266 947//947 2861//2861 2267//2267
f 2268//2268 2266//2266 2267//2267 2857//2857
f 3287//3286 2857//2857 2267//2267 3155//3154
f 2268//2268 2857//2857 2856//2856 942//942
f 2519//2519 2520//2520 2269//2269 361//361
f 2271//2271 2272//2272 2270//2270 1895//1895
f 2904//2904 2274//2274 2273//2273 1552//1552
f 2275//2275 2364//2364 2363//2363 3371//3370
f 2275//2275 2276//2276 2882//2882 2927//2927
f 2396//2396 2397//2397 2276//2276 1557//1557
f 2278//2278 2279//2279 2277//2277 1352//1352
f 2281//2281 2282//2282 2280//2280 2899//2899
f 3249//3248 2899//2899 2280//2280 3164//3163
f 2282//2282 1339//1339 2914//2914 2280//2280
f 3154//3153 2284//2284 2283//2283 3286//3285
f 2284//2284 3154//3153 3160//3159 3098//3097
f 2644//2644 2368//2368 2286//2286 263//263
f 3059//3058 2923//2923 2287//2287 308//308
f 2373//2373 2374//2374 2289//2289 1548//1548
f 3054//3053 2961//2961 2290//2290 1837//1837
f 2885//2885 2387//2387 2291//2291 1564//1564
f 2293//2293 2294//2294 2292//2292 2956//2956
f 3239//3238 2956//2956 2292//2292 3165//3164
f 2293//2293 2956//2956 2955//2955 851//851
f 2294//2294 864//864 2959//2959 2292//2292
f 2296//2296 3375//3374 2971//2971 1716//1716
f 2299//2299 2300//2300 2298//2298 2303//2303
f 2299//2299 3391//3390 2631//2631 2300//2300
f 2971//2971 2321//2321 2302//2302 3104//3103
f 3105//3104 3104//3103 2302//2302 1522//1522
f 2305//2305 1410//1410 2304//2304 1404//1404
f 2535//2535 2860//2860 2307//2307 2536//2536
f 2308//2308 3134//3133 3264//3263 3381//3380
f 3182//3181 2914//2914 2310//2310 1332//1332
f 3138//3137 2312//2312 2311//2311 3118//3117
f 2312//2312 3138//3137 3137//3136 3110//3109
f 2313//2313 327//327 2915//2915 2314//2314
f 2315//2315 2313//2313 2314//2314 2907//2907
f 3250//3249 2907//2907 2314//2314 3139//3138
f 2315//2315 2907//2907 2906//2906 1335//1335
f 3160//3159 918//918 2316//2316 3098//3097
f 3177//3176 2959//2959 2317//2317 834//834
f 2319//2319 2320//2320 2318//2318 2958//2958
f 3240//3239 2958//2958 2318//2318 3140//3139
f 2319//2319 2958//2958 2957//2957 869//869
f 2320//2320 1843//1843 2960//2960 2318//2318
f 2323//2323 3023//3023 3112//3111 3389//3388
f 3137//3136 1896//1896 2325//2325 3110//3109
f 2326//2326 1543//1543 2329//2329 2625//2625
f 2859//2859 1770//1770 2326//2326 2625//2625
f 2330//2330 2904//2904 3202//3201 2331//2331
f 2333//2333 1532//1532 2332//2332 3091//3090
f 2335//2335 1257//1257 3073//3072 2336//2336
f 2337//2337 2335//2335 2336//2336 3199//3198
f 2902//2902 1526//1526 2337//2337 3199//3198
f 2922//2922 1524//1524 2338//2338 2634//2634
f 2339//2339 2321//2321 2971//2971 3375//3374
f 2916//2916 2900//2900 2341//2341 1478//1478
f 3077//3076 3078//3077 2343//2343 2920//2920
f 2921//2921 2894//2894 2346//2346 710//710
f 2350//2350 1109//1109 2349//2349 1151//1151
f 2968//2968 2354//2354 2355//2355 1824//1824
f 2360//2360 1633//1633 2359//2359 2870//2870
f 2869//2869 2870//2870 2359//2359 3321//3320
f 2361//2361 3296//3295 3297//3296 3360//3359
f 2364//2364 2275//2275 2927//2927 2373//2373
f 2388//2388 1111//1111 2365//2365 1443//1443
f 2371//2371 2975//2975 2608//2608 2372//2372
f 2974//2974 2975//2975 2371//2371 84//84
f 2377//2377 2973//2973 2972//2972 3305//3304
f 2382//2382 3319//3318 2378//2378 2385//2385
f 2937//2937 2379//2379 2378//2378 2936//2936
f 2381//2381 2382//2382 2380//2380 1867//1867
f 3319//3318 2382//2382 2381//2381 3279//3278
f 2382//2382 2385//2385 3278//3277 2380//2380
f 3278//3277 3277//3276 2383//2383 2380//2380
f 2385//2385 1596//1596 2384//2384 3278//3277
f 3277//3276 3278//3277 2384//2384 1581//1581
f 3002//3002 3003//3003 2387//2387 2928//2928
f 3321//3320 2393//2393 2392//2392 2869//2869
f 2393//2393 3321//3320 3320//3319 3316//3315
f 3320//3319 1608//1608 2394//2394 3316//3315
f 2972//2972 1571//1571 2395//2395 3305//3304
f 2928//2928 2397//2397 2396//2396 3002//3002
f 2882//2882 2276//2276 2397//2397 1561//1561
f 2988//2988 533//533 2399//2399 3310//3309
f 3012//3012 3310//3309 2399//2399 2285//2285
f 2935//2935 881//881 2400//2400 3393//3392
f 2924//2924 804//804 2403//2403 3368//3367
f 2487//2487 2488//2488 2404//2404 1820//1820
f 2405//2405 2515//2515 2514//2514 3398//3397
f 3053//3052 3030//3030 2407//2407 1800//1800
f 2409//2409 2410//2410 2408//2408 1775//1775
f 2412//2412 3176//3175 3196//3195 3339//3338
f 2413//2413 3167//3166 3219//3218 3399//3398
f 2414//2414 787//787 3045//3044 2415//2415
f 2416//2416 2414//2414 2415//2415 3036//3036
f 3194//3193 3036//3036 2415//2415 3175//3174
f 2416//2416 3036//3036 3035//3035 774//774
f 2475//2475 2476//2476 2418//2418 269//269
f 2477//2477 2478//2478 2419//2419 1328//1328
f 2481//2481 2482//2482 2420//2420 303//303
f 2548//2548 2549//2549 2422//2422 831//831
f 2423//2423 3130//3129 3288//3287 3403//3402
f 2530//2530 2531//2531 2425//2425 1272//1272
f 2427//2427 1779//1779 3050//3049 2428//2428
f 2429//2429 2427//2427 2428//2428 3044//3043
f 2430//2430 3109//3108 3049//3048 2432//2432
f 2430//2430 2431//2431 3146//3145 3109//3108
f 2431//2431 2428//2428 3050//3049 3146//3145
f 2433//2433 2430//2430 2432//2432 3043//3042
f 3195//3194 3043//3042 2432//2432 3143//3142
f 2433//2433 3043//3042 3042//3041 793//793
f 3048//3047 2562//2562 2434//2434 294//294
f 2435//2435 2457//2457 2456//2456 3402//3401
f 2541//2541 2542//2542 2436//2436 1313//1313
f 2438//2438 2990//2990 2991//2991 3406//3405
f 2439//2439 2834//2834 2831//2831 3409//3408
f 2442//2442 2441//2441 3049//3048 3109//3108
f 3146//3145 1776//1776 2442//2442 3109//3108
f 2445//2445 3086//3085 3087//3086 3343//3342
f 3175//3174 2447//2447 2446//2446 3194//3193
f 2447//2447 3175//3174 3178//3177 3413//3412
f 3074//3073 2449//2449 2448//2448 225//225
f 3143//3142 2452//2452 2451//2451 3195//3194
f 2452//2452 3143//3142 3148//3147 3414//3413
f 2454//2454 2455//2455 2453//2453 1245//1245
f 2458//2458 3081//3080 3080//3079 3410//3409
f 3178//3177 755//755 2459//2459 3413//3412
f 2501//2501 2814//2814 2460//2460 1417//1417
f 2461//2461 1422//1422 2858//2858 2460//2460
f 2863//2863 2864//2864 2463//2463 3184//3183
f 2850//2850 2463//2463 2464//2464 371//371
f 3026//3026 3020//3020 2468//2468 1912//1912
f 2473//2473 2474//2474 2472//2472 3220//3219
f 3286//3285 3220//3219 2472//2472 3154//3153
f 3155//3154 2474//2474 2473//2473 3287//3286
f 3285//3284 935//935 2473//2473 3220//3219
f 3153//3152 2472//2472 2474//2474 3417//3416
f 2474//2474 3155//3154 3180//3179 3417//3416
f 3164//3163 2480//2480 2479//2479 3249//3248
f 2480//2480 3164//3163 3182//3181 2541//2541
f 2485//2485 2486//2486 2484//2484 1861//1861
f 3161//3160 2492//2492 2490//2490 1362//1362
f 3252//3251 3269//3268 2491//2491 1347//1347
f 2493//2493 2490//2490 2492//2492 3268//3267
f 3261//3260 3268//3267 2492//2492 1342//1342
f 3260//3259 1375//1375 2493//2493 3268//3267
f 2494//2494 3159//3158 3267//3266 3415//3414
f 2495//2495 2926//2926 2898//2898 3373//3372
f 3165//3164 2497//2497 2496//2496 3239//3238
f 2497//2497 3165//3164 3177//3176 2548//2548
f 2501//2501 1417//1417 2500//2500 2503//2503
f 2659//2659 2815//2815 2501//2501 2503//2503
f 2503//2503 2500//2500 2502//2502 2809//2809
f 2813//2813 2809//2809 2502//2502 1411//1411
f 3157//3156 2505//2505 2504//2504 1402//1402
f 2506//2506 2504//2504 2505//2505 3223//3222
f 3213//3212 3223//3222 2505//2505 3172//3171
f 3212//3211 1414//1414 2506//2506 3223//3222
f 3172//3171 2510//2510 2509//2509 3213//3212
f 2510//2510 3172//3171 3171//3170 3380//3379
f 2512//2512 1317//1317 2511//2511 3052//3051
f 3006//3006 3052//3051 2511//2511 1283//1283
f 3005//3005 1323//1323 2512//2512 3052//3051
f 2517//2517 2518//2518 2516//2516 3017//3017
f 2516//2516 2518//2518 2579//2579 3205//3204
f 3029//3029 3017//3017 2516//2516 366//366
f 3184//3183 2518//2518 2517//2517 2863//2863
f 2518//2518 3184//3183 3183//3182 2579//2579
f 3051//3050 3015//3015 2521//2521 258//258
f 2524//2524 2522//2522 2523//2523 3221//3220
f 3210//3209 970//970 2524//2524 3221//3220
f 3148//3147 1747//1747 2525//2525 3414//3413
f 2529//2529 2527//2527 2528//2528 1407//1407
f 2862//2862 2527//2527 2529//2529 391//391
f 2533//2533 2534//2534 2532//2532 989//989
f 2538//2538 1918//1918 2537//2537 3115//3114
f 3118//3117 3115//3114 2537//2537 3138//3137
f 3145//3144 2540//2540 2539//2539 3041//3040
f 2540//2540 3145//3144 3144//3143 3411//3410
f 3153//3152 3417//3416 2544//2544 2543//2543
f 3180//3179 943//943 2544//2544 3417//3416
f 3139//3138 2547//2547 2546//2546 3250//3249
f 2547//2547 3139//3138 3149//3148 3420//3419
f 2550//2550 3136//3135 3265//3264 916//916
f 2551//2551 2911//2911 2909//2909 3386//3385
f 3140//3139 2553//2553 2552//2552 3240//3239
f 2553//2553 3140//3139 3147//3146 3407//3406
f 2554//2554 3132//3131 3263//3262 3383//3382
f 3046//3045 3047//3046 2556//2556 1273//1273
f 3128//3127 2558//2558 2557//2557 381//381
f 2559//2559 2557//2557 2558//2558 3216//3215
f 3215//3214 3216//3215 2558//2558 3142//3141
f 3142//3141 2561//2561 2560//2560 3215//3214
f 2561//2561 3142//3141 3141//3140 3388//3387
f 2563//2563 2434//2434 2562//2562 3040//2072
f 3041//3040 3040//2072 2562//2562 3145//3144
f 3039//3039 1294//1294 2563//2563 3040//2072
f 3171//3170 1394//1394 2564//2564 3380//3379
f 2565//2565 389//389 2566//2566 3032//3032
f 2864//2864 3032//3032 2566//2566 386//386
f 3057//3056 1994//1994 2567//2567 3352//3351
f 3058//3057 2569//2569 2568//2568 1973//1973
f 2569//2569 3058//3057 3057//3056 3352//3351
f 3144//3143 274//274 2572//2572 3411//3410
f 3149//3148 319//319 2573//2573 3420//3419
f 3147//3146 1821//1821 2574//2574 3407//3406
f 3128//3127 381//381 2578//2578 2577//2577
f 3141//3140 375//375 2580//2580 3388//3387
f 2582//2582 3014//3014 3214//3213 3382//3381
f 2584//2584 1663//1663 2585//2585 2953//2953
f 2891//2891 2604//2604 2584//2584 1622//1622
f 2585//2585 1500//1500 2847//2847 2953//2953
f 2867//2867 2642//2642 2586//2586 597//597
f 2814//2814 2645//2645 2587//2587 1449//1449
f 2981//2981 2603//2603 2589//2589 2942//2942
f 2603//2603 1670//1670 2590//2590 2589//2589
f 2876//2876 2595//2595 2593//2593 570//570
f 2596//2596 2593//2593 2595//2595 2873//2873
f 3256//3255 2873//2873 2595//2595 2884//2884
f 3276//3275 568//568 2596//2596 2873//2873
f 2653//2653 2598//2598 2597//2597 3275//3274
f 2668//2668 628//628 2600//2600 634//634
f 2601//2601 2759//2759 2611//2611 635//635
f 2736//2736 638//638 2601//2601 2600//2600
f 2603//2603 2981//2981 2671//2671 1675//1675
f 2733//2733 1175//1175 2605//2605 2116//2116
f 2607//2607 2941//2941 2965//2965 3354//3353
f 2611//2611 2206//2206 2610//2610 635//635
f 2892//2892 469//469 2612//2612 3372//3371
f 2613//2613 2890//2890 3208//3207 3369//3368
f 2614//2614 2897//2897 3189//3188 3370//3369
f 2893//2893 2616//2616 2615//2615 3152//3151
f 2616//2616 2893//2893 2892//2892 3372//3371
f 2883//2883 2655//2655 2617//2617 540//540
f 2620//2620 2621//2621 2619//2619 3097//3096
f 3152//3151 3097//3096 2619//2619 2893//2893
f 3185//3184 463//463 2620//2620 3097//3096
f 2905//2905 2619//2619 2621//2621 465//465
f 2916//2916 1478//1478 2622//2622 3387//3386
f 2817//2817 1467//1467 2623//2623 3346//3345
f 2624//2624 2908//2908 3114//3113 3351//3350
f 2629//2629 2630//2630 2628//2628 2631//2631
f 2632//2632 2300//2300 2631//2631 2628//2628
f 2920//2920 2636//2636 2635//2635 3077//3076
f 2636//2636 2920//2920 2919//2919 3390//3389
f 2919//2919 507//507 2639//2639 3390//3389
f 2666//2666 2641//2641 2640//2640 2667//2667
f 2643//2643 2586//2586 2642//2642 2855//2855
f 2854//2854 2855//2855 2642//2642 578//578
f 2852//2852 2853//2853 2645//2645 2815//2815
f 2879//2879 2880//2880 2647//2647 585//585
f 2647//2647 2880//2880 3284//3283 3363//3362
f 2650//2650 2887//2887 3237//3236 3396//3395
f 2884//2884 2652//2652 2651//2651 3256//3255
f 3274//3273 565//565 2651//2651 2654//2654
f 2652//2652 2884//2884 2935//2935 3393//3392
f 2654//2654 557//557 2653//2653 3275//3274
f 2656//2656 2617//2617 2655//2655 2986//2986
f 2985//2985 2986//2986 2655//2655 2925//2925
f 3001//3001 538//538 2656//2656 2986//2986
f 2815//2815 2659//2659 2658//2658 2852//2852
f 2809//2809 2810//2810 2659//2659 2503//2503
f 2925//2925 2665//2665 2664//2664 2985//2985
f 2665//2665 2925//2925 2924//2924 3368//3367
f 2666//2666 959//959 2967//2967 2641//2641
f 2667//2667 602//602 3303//3302 3209//3208
f 2670//2670 2254//2254 2844//2844 2841//2841
f 2672//2672 2035//2035 2671//2671 2039//2039
f 2677//2677 885//885 3294//3293 2693//2693
f 2681//2681 805//805 3000//3000 2680//2680
f 2686//2686 711//711 3088//3087 2685//2685
f 2695//2695 1037//1037 2730//2730 1052//1052
f 2696//2696 2048//2048 2716//2716 2044//2044
f 2697//2697 2019//2019 2728//2728 2057//2057
f 2739//2739 2699//2699 2701//2701 1126//1126
f 2712//2712 2708//2708 2709//2709 1071//1071
f 2724//2724 2722//2722 2723//2723 2761//2761
f 2774//2774 3004//3004 2727//2727 2726//2726
f 2751//2751 2143//2143 2740//2740 2752//2752
f 2840//2840 1440//1440 2742//2742 2145//2145
f 2743//2743 2724//2724 2768//2768 1217//1217
f 2838//2838 2827//2827 2761//2761 2723//2723
f 3151//3150 1212//1212 2761//2761 2827//2827
f 2790//2790 66//66 2788//2788 129//129
f 2808//2808 3057//3056 3058//3057 2152//2152
f 2815//2815 2645//2645 2814//2814 2501//2501
f 2818//2818 2137//2137 2816//2816 2817//2817
f 2819//2819 3150//3149 3151//3150 2195//2195
f 2820//2820 2821//2821 2822//2822 1183//1183
f 2825//2825 3126//3125 3127//3126 2201//2201
f 2838//2838 2837//2837 2828//2828 2827//2827
f 2829//2829 1714//1714 3104//3103 3105//3104
f 2842//2842 2670//2670 2841//2841 3350//3349
f 3186//3185 2841//2841 2844//2844 3101//3100
f 2966//2966 2847//2847 2846//2846 1456//1456
f 2850//2850 2167//2167 2851//2851 3183//3182
f 2850//2850 3183//3182 3184//3183 2463//2463
f 2851//2851 2167//2167 2872//2872 3315//3314
f 2866//2866 2853//2853 2852//2852 1609//1609
f 2855//2855 2854//2854 3315//3314 2872//2872
f 3287//3286 934//934 2856//2856 2857//2857
f 3155//3154 2267//2267 2861//2861 3180//3179
f 2868//2868 3320//3319 3321//3320 2359//2359
f 2884//2884 2595//2595 2876//2876 2935//2935
f 3317//3316 3302//3301 2878//2878 3229//3228
f 2925//2925 2655//2655 2883//2883 2924//2924
f 2928//2928 2387//2387 2885//2885 1562//1562
f 2944//2944 411//411 2888//2888 2250//2250
f 2893//2893 2619//2619 2905//2905 2892//2892
f 3250//3249 1333//1333 2906//2906 2907//2907
f 3164//3163 2280//2280 2914//2914 3182//3181
f 3139//3138 2314//2314 2915//2915 3149//3148
f 3090//3089 2919//2919 2920//2920 2343//2343
f 2936//2936 2378//2378 3319//3318 2215//2215
f 2939//2939 2938//2938 3279//3278 1903//1903
f 2944//2944 2250//2250 3227//3226 594//594
f 3239//3238 822//822 2955//2955 2956//2956
f 3240//3239 835//835 2957//2957 2958//2958
f 3165//3164 2292//2292 2959//2959 3177//3176
f 3140//3139 2318//2318 2960//2960 3147//3146
f 2973//2973 2354//2354 2968//2968 2972//2972
f 2976//2976 1001//1001 3225//3224 963//963
f 2985//2985 534//534 3001//3001 2986//2986
f 3006//3006 1292//1292 3005//3005 3052//3051
f 3007//3007 3008//3008 3009//3009 259//259
f 3012//3012 3013//3013 3314//3313 2181//2181
f 3194//3193 734//734 3035//3035 3036//3036
f 3039//3039 3040//2072 3041//3040 1274//1274
f 3195//3194 756//756 3042//3041 3043//3042
f 3175//3174 2415//2415 3045//3044 3178//3177
f 3048//3047 3144//3143 3145//3144 2562//2562
f 3143//3142 2432//2432 3049//3048 3148//3147
f 3066//3065 1645//1645 3065//3064 3070//3069
f 3075//3074 3076//3075 3074//3073 3093//3092
f 3074//3073 3076//3075 3179//3178 2449//2449
f 3078//3077 3077//3076 3313//3312 2165//2165
f 3142//3141 2558//2558 3128//3127 3141//3140
f 3291//3290 3137//3136 3138//3137 2537//2537
f 3152//3151 459//459 3185//3184 3097//3096
f 3154//3153 2472//2472 3153//3152 3160//3159
f 3172//3171 2505//2505 3157//3156 3171//3170
f 3188//3187 643//643 3187//3186 3102//3101
f 3206//3205 367//367 3205//3204 3235//3234
f 3207//3206 1807//1807 3333//3332 3056//3055
f 3213//3212 1412//1412 3212//3211 3223//3222
f 3229//3228 595//595 3228//3227 2243//2243
f 3231//3230 3232//3231 3233//3232 2358//2358
f 3304//3303 1630//1630 3233//3232 3232//3231
f 3236//3235 1873//1873 3330//3329 2963//2963
f 3252//3251 1356//1356 3251//3250 3269//3268
f 3254//3253 314//314 3253//3252 3280//3279
f 3255//3254 1914//1914 3329//3328 2934//2934
f 3256//3255 564//564 3276//3275 2873//2873
f 3257//3256 3258//3257 3312//3311 2172//2172
f 3261//3260 1348//1348 3260//3259 3268//3267
f 3275//3274 550//550 3274//3273 2654//2654
f 3286//3285 905//905 3285//3284 3220//3219
f 3317//3316 604//604 3303//3302 3302//3301
