# Blender 4.3.0
# www.blender.org
mtllib 8inflated.mtl
o 8
v -1.441576 -1.680982 6.151326
v -1.747995 -1.426312 6.264247
v -1.726983 -1.676198 6.094553
v -1.455820 -1.131765 6.334488
v -1.774232 -1.157617 6.387705
v -1.452815 -1.418774 6.288347
v -1.757950 -0.835265 6.322333
v -2.076881 -0.847611 6.375536
v -1.769431 -0.546018 6.407954
v -2.067683 -0.546862 6.359160
v -1.770005 -0.251807 6.458330
v -2.070874 -0.249510 6.408585
v -1.754015 0.042352 6.424324
v -2.062210 0.038968 6.399479
v -1.465314 -0.844253 6.384137
v -1.467517 -0.542685 6.474771
v -1.461780 -0.246129 6.481490
v -1.156462 -1.411286 6.327533
v -1.149532 -1.669440 6.189467
v -1.156261 -1.134339 6.403473
v -0.859083 -1.420253 6.359164
v -0.844272 -1.120963 6.375918
v -0.557691 -1.421773 6.378961
v -0.535638 -1.108895 6.346694
v -0.252142 -1.390068 6.372853
v -1.160150 -0.838039 6.460806
v -1.162122 -0.538099 6.490928
v -1.451585 0.043427 6.485148
v -1.164543 -0.238121 6.661180
v -0.840861 -0.830436 6.418106
v -0.846639 -0.526596 6.704956
v -0.528446 -0.805248 6.518888
v -0.838757 -0.227441 6.714794
v -0.537601 -0.502654 6.721053
v -0.231926 -1.089220 6.395541
v 0.026598 -1.640799 6.261135
v -0.266899 -1.645767 6.248353
v 0.049412 -1.379392 6.378369
v 0.075072 -1.071928 6.367209
v -0.206804 -0.485315 6.666019
v -0.219739 -0.786348 6.482445
v -0.217788 -0.182143 6.699662
v -0.530496 -0.200885 6.716351
v -0.527903 0.092514 6.708927
v 0.100338 -0.747115 6.421229
v 0.100445 -0.453309 6.473807
v 0.086219 -0.158117 6.426859
v -0.207721 0.134754 6.703647
v 0.324302 -1.623322 6.257378
v 0.380966 -1.026610 6.354897
v 0.350779 -1.361207 6.376706
v 0.649372 -1.345233 6.378101
v 0.614268 -1.611185 6.239402
v 0.678513 -1.013725 6.362123
v 0.901978 -1.584365 6.203142
v 0.949007 -1.310385 6.333996
v 0.421607 -0.708628 6.358452
v 0.402343 -0.414204 6.411220
v 0.425421 -0.128613 6.516250
v 0.115562 0.154167 6.673557
v 0.695940 -0.696692 6.309575
v 0.722801 -0.396439 6.406790
v 0.726670 -0.098150 6.527067
v 0.421048 0.178596 6.490384
v 0.982862 -0.994566 6.343365
v 1.013397 -0.696711 6.413789
v -2.031486 0.336884 6.347218
v -1.741276 0.328428 6.390209
v -2.006485 0.613926 6.326533
v -1.714414 0.610466 6.407296
v -1.988372 0.889120 6.380869
v -1.662457 0.908701 6.331532
v -1.963506 1.174483 6.385988
v -1.666832 1.167934 6.378432
v -1.912537 1.422746 6.321394
v -1.635279 1.432117 6.353127
v -1.854350 1.648071 6.228656
v -1.334553 1.697660 6.267499
v -1.592870 1.667708 6.254284
v -1.355947 1.455622 6.372732
v -1.080628 1.483631 6.388475
v -1.325982 1.174337 6.332853
v -1.059486 1.193615 6.339224
v -0.795384 1.215219 6.334680
v -0.788397 0.943376 6.387292
v -0.508581 0.989172 6.394375
v -1.072866 1.722958 6.259710
v -0.804933 1.507396 6.371791
v -0.517747 1.261761 6.344871
v -0.809818 1.750595 6.240325
v -0.530599 1.533617 6.346887
v -0.519552 0.402431 6.698673
v -0.204984 0.431815 6.726019
v -0.502086 0.704288 6.516416
v -0.216372 1.034778 6.482462
v -0.204921 0.741007 6.502912
v 0.111697 0.462408 6.653438
v 0.097116 0.767960 6.513687
v -0.229277 1.332871 6.424604
v -0.246627 1.605621 6.309688
v -0.545109 1.776692 6.201674
v 0.065681 1.379467 6.360956
v 0.031458 1.635915 6.255926
v 0.080799 1.079301 6.418517
v 0.311999 1.683673 6.228616
v 0.407674 0.795363 6.464102
v 0.415540 0.485824 6.484924
v 0.715155 0.522855 6.451108
v 0.722937 0.208992 6.458952
v 0.705810 0.838183 6.442435
v 1.033396 0.232236 6.436718
v 1.025174 0.546630 6.355304
v 0.684577 1.154320 6.409801
v 0.385406 1.123681 6.491059
v 0.355065 1.428877 6.375762
v 0.643396 1.443646 6.325479
v 1.005982 0.872375 6.397262
v 0.929698 1.489320 6.269732
v 0.591574 1.713937 6.163628
v -3.383852 -1.650222 4.047800
v -3.381697 -1.618751 4.361623
v -3.510738 -1.382691 4.049044
v -3.501455 -1.352356 4.368909
v -3.545365 -1.096768 4.051012
v -3.528264 -1.064460 4.378820
v -3.366946 -1.673952 3.721255
v -3.353060 -1.588433 4.655396
v -3.477910 -1.325053 4.674037
v -3.542848 -1.046201 4.694716
v -3.313751 -1.564122 4.922860
v -3.437596 -1.297729 4.960794
v -3.506491 -1.022901 4.994554
v -3.555256 -0.800697 4.053560
v -3.558090 -0.770674 4.384254
v -3.529190 -0.494585 4.055816
v -3.546215 -0.469275 4.391850
v -3.617121 -0.183336 4.043665
v -3.549535 -0.170806 4.392717
v -3.542653 0.128346 4.387158
v -3.523668 -0.746525 4.707921
v -3.534694 -0.454766 4.720206
v -3.555296 -0.159802 4.728547
v -3.553717 0.135380 4.724380
v -3.542160 -0.738665 5.022756
v -3.535367 -0.446856 5.042089
v -3.539829 -0.153745 5.052500
v -3.542203 0.142160 5.052951
v -3.489420 -1.435639 3.371647
v -3.495379 -1.404573 3.716328
v -3.538861 -1.121601 3.715123
v -3.328449 -1.729624 3.033386
v -3.350706 -1.700684 3.381565
v -3.474916 -1.459769 3.020527
v -3.519094 -1.143648 3.370215
v -3.065902 -1.955899 3.055625
v -3.115088 -1.947480 3.386875
v -3.155187 -1.932742 3.712628
v -3.174059 -1.896756 4.032505
v -2.767440 -2.133873 3.081060
v -3.555009 -0.821910 3.711656
v -3.587426 -0.524942 3.709056
v -3.552030 -0.849117 3.362814
v -3.715044 -0.220555 3.693263
v -3.612019 -0.552223 3.357624
v -3.719161 0.094035 3.670308
v -3.726469 -0.232188 3.328852
v -3.614375 0.114534 4.034571
v -3.430856 -1.497707 2.307873
v -3.388770 -1.520257 1.952941
v -3.238000 -1.749693 2.335144
v -3.517133 -1.255364 1.932544
v -3.183793 -1.772192 1.990613
v -3.020964 -1.976056 2.718581
v -3.284464 -1.743829 2.684546
v -2.963649 -1.983785 2.381276
v -3.541500 -0.885925 3.010036
v -3.708689 -0.560423 2.987472
v -3.720995 0.074232 3.316145
v -3.715330 -0.257310 2.974674
v -3.617656 -0.601795 2.629748
v -3.711586 0.047931 2.960335
v -3.703160 -0.280376 2.619968
v -3.540999 -0.613709 2.276777
v -3.723316 0.027166 2.601355
v -3.609625 -0.304570 2.262540
v -3.534109 -1.237726 2.287235
v -3.527248 -0.947897 1.925756
v -3.545739 -0.921123 2.350356
v -3.555303 -0.609278 1.933992
v -3.542820 -0.324733 1.915948
v -3.624546 0.005538 2.242213
v -3.585566 -0.015568 1.900922
v -3.118144 -1.782804 1.651163
v -3.328823 -1.542004 1.605189
v -3.041310 -1.813230 1.322130
v -3.256930 -1.591127 1.264621
v -3.470930 -1.279171 1.584972
v -2.830312 -1.994308 1.722962
v -2.892970 -1.979319 2.049984
v -3.533875 -0.985897 1.576062
v -3.529345 -0.657188 1.581523
v -3.551305 -0.032779 1.567456
v -3.548038 -0.336234 1.587603
v -3.424377 -1.320446 1.243729
v -3.526882 -1.027102 1.234183
v -3.535363 -0.690144 1.251496
v -3.523311 -0.307136 1.283708
v -3.523376 0.028364 -1.518375
v -3.602194 -0.257782 -1.845924
v -3.537892 -0.270434 -1.524726
v -3.411138 -1.596182 -1.891424
v -3.377972 -1.621260 -1.575638
v -3.482205 -1.391763 -1.555287
v -3.506594 -1.375091 -1.870761
v -3.543282 -1.142800 -1.538432
v -3.386332 -1.611003 -2.165054
v -3.495082 -1.378537 -2.172290
v -3.539884 -1.122721 -1.855549
v -3.479652 -1.395414 -2.463406
v -3.543136 -1.120375 -2.169470
v -3.456614 -1.417056 -2.754682
v -3.534622 -1.131958 -2.476327
v -3.577334 -0.547273 -2.166466
v -3.517994 -0.560530 -1.844397
v -3.546795 0.044566 -1.834185
v -3.564507 -0.255232 -2.166619
v -3.532989 -0.836055 -2.162886
v -3.534364 -0.552815 -2.488580
v -3.558885 0.037997 -2.155858
v -3.569382 -0.259206 -2.486933
v -3.575325 -0.843632 -2.484862
v -3.551515 -1.147902 -2.785844
v -3.519174 -0.559530 -2.805639
v -3.507162 -0.846216 -2.797915
v -3.540069 -0.270231 -2.808601
v -3.529536 0.020757 -2.805134
v -3.414681 -1.425147 -3.047452
v -3.188571 -1.669980 -3.268466
v -3.258162 -1.669452 -2.988092
v -3.354434 -1.430251 -3.340274
v -3.518605 -1.154123 -3.089085
v -3.504462 -0.572293 -3.120348
v -3.541939 -0.872246 -3.115459
v -3.518744 -0.276988 -3.128851
v -3.523645 0.015324 -3.128190
v -3.470393 -1.164615 -3.392081
v -3.535933 -0.587460 -3.446924
v -3.535933 -0.879845 -3.429177
v -3.521120 -0.289216 -3.447034
v -3.508932 0.004930 -3.446995
v -3.249759 -1.504583 5.180265
v -3.088579 -1.624610 5.354365
v -3.147183 -1.484725 5.412124
v -3.349040 -1.269476 5.232385
v -3.215495 -1.261677 5.482145
v -3.414807 -1.007735 5.278538
v -3.273135 -1.009760 5.543250
v -2.963101 -1.529302 5.577111
v -2.924785 -1.692033 5.424883
v -3.032617 -1.293873 5.688978
v -2.930496 -1.840851 5.192482
v -2.723639 -1.778075 5.520233
v -2.813502 -1.330792 5.852263
v -2.752898 -1.577056 5.710100
v -2.859900 -1.063399 5.954289
v -2.571949 -1.366843 5.990846
v -2.523217 -1.617232 5.832441
v -2.612292 -1.094562 6.107612
v -3.458712 -0.731967 5.316369
v -3.312254 -0.738384 5.590014
v -3.477669 -0.447006 5.341748
v -3.333613 -0.455158 5.620079
v -3.345620 -0.165652 5.641182
v -3.477595 -0.155792 5.351932
v -3.337843 0.127899 5.645377
v -3.081797 -1.032106 5.767177
v -3.119622 -0.757565 5.827974
v -3.141377 -0.472843 5.868423
v -2.891507 -0.783003 6.025906
v -2.909382 -0.494840 6.072980
v -3.149319 -0.182456 5.892732
v -2.914018 -0.202909 6.100388
v -2.912055 0.089959 6.117027
v -2.636165 -0.808092 6.184011
v -2.647954 -0.516395 6.232936
v -2.651773 -0.223406 6.266555
v -3.173319 -1.822116 4.636977
v -3.149309 -1.762505 4.911880
v -3.127913 -1.683710 5.153238
v -2.948111 -2.012634 4.647585
v -3.184848 -1.864326 4.342498
v -2.937507 -2.058269 4.352937
v -2.916559 -2.097057 4.045763
v -2.941256 -1.939039 4.929083
v -2.623187 -2.228117 4.071373
v -2.661837 -2.199113 4.384085
v -2.696331 -2.066259 4.985217
v -2.701132 -1.937183 5.264905
v -2.685214 -2.147235 4.688631
v -2.372035 -2.284508 4.423698
v -2.317166 -2.295105 4.104434
v -2.407953 -2.231859 4.742973
v -2.436058 -2.143375 5.054787
v -2.871019 -2.110224 3.729244
v -2.567533 -2.239805 3.755516
v -2.247408 -2.288799 3.788022
v -2.166401 -2.262480 3.474226
v -2.578234 -2.119051 2.114955
v -2.644008 -2.125533 2.435792
v -2.701954 -2.119866 2.758830
v -2.367900 -2.198167 2.804398
v -2.432323 -2.210725 3.120623
v -2.305593 -2.177191 2.491017
v -2.245148 -2.158568 2.181355
v -2.510176 -2.110284 1.798416
v -2.184227 -2.149625 1.875511
v -1.971457 -2.151031 2.546660
v -2.028510 -2.183565 2.851725
v -1.918153 -2.129985 2.244681
v -1.867126 -2.109539 1.947848
v -3.155334 -1.629768 0.937166
v -2.928043 -1.841688 1.005781
v -2.834405 -1.858142 0.686124
v -2.749607 -1.995663 1.403104
v -2.660053 -1.999842 1.089875
v -2.573601 -2.014942 0.778722
v -2.365343 -2.104368 1.182384
v -2.479482 -2.032207 0.469837
v -2.284333 -2.107551 0.879013
v -1.984185 -2.139236 0.980104
v -2.057285 -2.135514 1.275128
v -3.493724 -1.051580 0.904004
v -3.362291 -1.354971 0.909149
v -3.072362 -1.651857 0.611405
v -2.919937 -1.719440 -0.096705
v -2.993095 -1.676296 0.276482
v -3.222594 -1.394871 0.267058
v -2.748181 -1.885043 0.364919
v -2.642170 -1.929870 0.045196
v -2.890399 -1.825482 -0.555670
v -2.710405 -1.915787 -0.342134
v -3.061894 -1.627327 -0.413778
v -2.486292 -2.035782 -0.210705
v -2.372602 -2.074242 0.172864
v -3.444090 -1.071925 0.583879
v -3.288083 -1.376707 0.584906
v -3.540796 -0.752909 0.586890
v -3.545504 -0.739298 0.905761
v -3.486299 -0.391522 0.922290
v -3.514721 -0.406148 0.610307
v -3.541054 -0.070706 0.929138
v -3.395306 -1.084112 0.276581
v -3.509173 -0.758597 0.285180
v -3.372418 -1.084759 -0.016119
v -3.180770 -1.402115 -0.041749
v -3.498405 -0.758151 -0.004532
v -3.543922 -0.428200 0.290843
v -3.545745 -0.425663 0.002151
v -3.529957 -0.085601 0.304280
v -3.464704 -0.997538 -0.623750
v -3.258099 -1.357279 -0.346721
v -3.408756 -1.048819 -0.323448
v -3.546615 -0.691478 -0.610950
v -3.504148 -0.725294 -0.313317
v -3.543736 -0.401753 -0.304414
v -3.514963 -0.363911 -0.601831
v -3.528073 -0.066638 -0.304261
v -3.294714 -1.657137 -1.302500
v -3.181056 -1.702402 -1.045100
v -3.320398 -1.484289 -0.973500
v -3.417225 -1.433244 -1.258511
v -3.506050 -1.170762 -1.237966
v -3.274830 -1.761431 -1.623978
v -3.161815 -1.879084 -1.656497
v -3.175994 -1.817660 -1.392705
v -3.202035 -1.551930 -0.693314
v -3.042239 -1.755223 -0.796297
v -3.438366 -1.223724 -0.939476
v -3.039960 -1.871094 -1.171003
v -2.889466 -1.931130 -0.955525
v -3.057640 -1.938282 -1.523303
v -2.903034 -2.002117 -1.337478
v -2.769199 -2.092968 -1.538805
v -2.730231 -2.055537 -1.155421
v -2.713898 -1.983626 -0.758414
v -2.520567 -2.055179 -0.590488
v -2.643465 -2.149796 -1.769422
v -2.576489 -2.138954 -1.381252
v -2.337415 -2.151874 -0.842806
v -2.541067 -2.100280 -0.987724
v -2.371699 -2.175931 -1.232205
v -3.540833 0.006652 -1.207118
v -3.505859 -0.295282 -1.215108
v -3.544633 -0.897521 -1.221865
v -3.522470 -0.940634 -0.922920
v -3.498437 -0.593964 -1.217721
v -3.350075 -1.285617 -0.647357
v -3.525410 -0.644299 -0.911680
v -3.586389 -0.332356 -0.905342
v -3.526253 -0.042324 -0.603960
v -3.238600 -1.803214 -2.131140
v -3.293635 -1.754087 -1.890478
v -3.350881 -1.634261 -2.433765
v -3.175700 -1.835013 -2.376947
v -3.304540 -1.654810 -2.707112
v -3.046422 -1.964444 -2.041335
v -3.119972 -1.913001 -1.836753
v -2.970119 -2.001002 -2.280635
v -3.117356 -1.861118 -2.635612
v -2.850465 -2.077474 -1.915784
v -3.047863 -1.870297 -2.899458
v -2.815867 -2.036701 -2.790097
v -2.890790 -2.017502 -2.531247
v -2.748703 -2.112362 -2.153623
v -2.519704 -2.181464 -2.013399
v -2.950143 -2.022771 -1.696599
v -2.558305 -2.135408 -2.662775
v -2.649923 -2.125254 -2.404589
v -2.402281 -2.185209 -2.268188
v -2.427495 -2.188940 -1.622341
v -2.294831 -2.178210 -2.528673
v -3.108637 -1.675278 -3.547993
v -3.275505 -1.435412 -3.630279
v -2.981611 -1.884608 -3.168509
v -3.006893 -1.669962 -3.816304
v -3.169214 -1.437029 -3.910105
v -3.400358 -1.169685 -3.690518
v -2.887868 -1.667723 -4.073965
v -2.798829 -1.875182 -3.693318
v -2.649948 -2.043975 -3.310728
v -2.731883 -2.034094 -3.049971
v -2.892828 -1.881369 -3.433167
v -2.469773 -2.137861 -2.922893
v -2.555411 -2.031256 -3.563980
v -2.291788 -2.138952 -3.436238
v -3.478684 -0.887902 -3.735025
v -3.542406 -0.298672 -3.781088
v -3.530572 -0.595252 -3.763605
v -3.548726 -0.001474 -3.788483
v -3.478460 -0.305162 -4.085707
v -3.491909 -0.007744 -4.094365
v -3.297149 -1.173635 -3.978831
v -3.389332 -0.892682 -4.029403
v -3.441944 -0.599561 -4.061084
v -3.351770 -0.306185 -4.371876
v -3.314334 -0.600514 -4.346735
v -3.367961 -0.010116 -4.383540
v -3.043726 -1.431483 -4.175653
v -2.893160 -1.420665 -4.421908
v -2.750077 -1.651940 -4.316882
v -3.167567 -1.170869 -4.252404
v -2.565859 -1.853245 -4.180780
v -2.596082 -1.641908 -4.537054
v -2.433904 -1.840743 -4.397753
v -2.721866 -1.406570 -4.644684
v -2.611385 -1.126620 -4.925186
v -2.528137 -1.389354 -4.839686
v -2.421201 -1.621231 -4.727672
v -2.350796 -2.014237 -4.047412
v -2.455784 -2.021082 -3.810434
v -2.688744 -1.866999 -3.943251
v -3.252304 -0.889553 -4.306492
v -3.146795 -0.594567 -4.607748
v -3.180622 -0.302114 -4.634944
v -2.947272 -0.583976 -4.839691
v -3.194280 -0.007878 -4.647554
v -2.974266 -0.293505 -4.865675
v -2.819610 -1.143245 -4.727180
v -2.675281 -0.853469 -4.992249
v -2.715412 -0.570164 -5.033603
v -2.893461 -0.867652 -4.791330
v -2.737067 -0.282375 -5.058453
v -2.983681 -0.001443 -4.877602
v -2.742322 0.007323 -5.068605
v -2.310628 -1.399594 6.103585
v -2.271783 -1.652864 5.931584
v -2.342412 -1.118735 6.223841
v -2.491014 -1.834556 5.614053
v -2.005492 -1.670196 6.020741
v -2.208089 -2.062113 5.429606
v -2.238939 -1.874596 5.701773
v -2.033832 -1.415599 6.188462
v -2.061437 -1.137774 6.312510
v -1.976723 -1.904517 5.784163
v -1.902195 -2.220886 5.184488
v -1.943076 -2.090913 5.500940
v -1.633749 -2.230649 5.242636
v -1.673169 -2.106915 5.565797
v -1.704609 -1.922198 5.856844
v -1.423875 -1.920791 5.909613
v -1.398946 -2.109219 5.622033
v -2.362497 -0.829606 6.304311
v -2.376428 -0.536669 6.346425
v -2.646231 0.069582 6.280329
v -2.372330 -0.241023 6.372039
v -2.364694 0.053657 6.380800
v -2.013479 -2.314716 4.140074
v -2.079981 -2.313480 4.465710
v -2.169856 -2.190040 5.120722
v -2.461702 -2.011311 5.349366
v -2.129271 -2.272200 4.796061
v -1.854702 -2.295154 4.849915
v -1.723214 -2.275309 4.177336
v -1.796918 -2.305026 4.509554
v -1.527502 -2.282415 4.555387
v -1.585549 -2.288896 4.900845
v -1.456695 -2.205236 4.219743
v -1.214976 -2.136995 4.279798
v -1.368439 -2.084525 3.901481
v -1.142198 -1.966493 3.969194
v -1.931369 -2.275307 3.822611
v -1.838237 -2.215023 3.511822
v -1.756497 -2.147482 3.200327
v -2.091312 -2.219513 3.161549
v -1.700354 -2.094019 2.894116
v -1.633308 -2.203689 3.858652
v -1.529139 -2.102397 3.550474
v -1.437688 -1.997790 3.231310
v -1.394055 -1.939914 2.925084
v -1.257162 -1.931214 3.598044
v -1.128165 -1.752361 3.265623
v -1.121445 -1.720951 2.932297
v -0.889477 -1.436985 3.176012
v -0.990677 -1.617820 3.436272
v -0.884687 -1.439421 2.921442
v -0.699568 -1.128558 2.918574
v -0.720834 -1.112495 3.156653
v -1.652758 -2.063467 2.594168
v -1.812737 -2.103335 1.654541
v -1.567666 -2.014557 2.010365
v -1.333234 -1.885133 2.345289
v -1.365137 -1.908031 2.630693
v -1.258139 -1.857794 1.791250
v -1.297445 -1.865951 2.065382
v -1.523913 -2.005868 1.727146
v -1.084707 -1.687734 2.380715
v -0.439619 -0.112033 2.692240
v -0.459969 -0.092378 2.928177
v -0.485213 -0.445826 2.926662
v -0.451739 0.234162 2.692551
v -0.485031 0.256658 2.924972
v -0.420981 -0.128347 2.454923
v -0.420561 0.195287 2.221921
v -0.441469 0.213475 2.456430
v -0.407357 -0.143362 2.217691
v -0.395488 0.174919 1.990546
v -2.122210 -2.133420 1.574133
v -1.901117 -2.164262 0.690100
v -2.193142 -2.121543 0.579722
v -1.686076 -2.107681 1.077731
v -1.754902 -2.094989 1.362873
v -1.607797 -2.138253 0.798032
v -1.513625 -2.183511 0.525070
v -1.472564 -2.003740 1.446907
v -1.406213 -2.017108 1.172652
v -1.213950 -1.859419 1.523448
v -1.329294 -2.042721 0.904167
v -1.231124 -2.105268 0.641871
v -1.059904 -1.673739 2.117387
v -1.078880 -1.904469 1.010417
v -2.303062 -2.139893 -0.463229
v -2.091147 -2.167506 0.291342
v -2.227996 -2.143997 -0.094051
v -1.801939 -2.200808 0.407508
v -2.059357 -2.207255 -0.352874
v -1.957358 -2.217779 0.020298
v -1.679649 -2.250318 0.137706
v -1.803221 -2.255628 -0.242507
v -1.641526 -2.265626 -0.505157
v -1.540126 -2.282976 -0.124944
v -1.400880 -2.236203 0.262847
v -2.204670 -2.201829 -1.484937
v -2.155075 -2.198005 -1.101442
v -2.116401 -2.195873 -0.722896
v -2.044526 -2.192385 -1.742408
v -1.975872 -2.193899 -1.360881
v -1.748782 -2.173042 -1.251886
v -1.932178 -2.206155 -0.987561
v -1.707365 -2.217025 -0.879603
v -1.533675 -2.150477 -1.143370
v -1.362741 -2.034541 -1.404688
v -1.576209 -2.093029 -1.513587
v -1.321714 -2.131314 -1.020138
v -2.149261 -2.196928 -2.132012
v -2.198986 -2.180394 -2.793063
v -2.283577 -2.204897 -1.874406
v -1.893961 -2.157217 -2.003495
v -1.646795 -2.081347 -1.890057
v -1.806544 -2.146982 -1.621171
v -1.768364 -2.109509 -2.274060
v -2.031022 -2.168911 -2.396573
v -1.930703 -2.156065 -2.667952
v -1.835113 -2.150153 -2.936474
v -1.674057 -2.073975 -2.555237
v -1.581229 -2.061712 -2.832005
v -1.432080 -1.942684 -2.460426
v -1.406005 -1.973411 -1.769827
v -2.381053 -2.136661 -3.181668
v -2.198350 -2.128726 -3.682368
v -2.106205 -2.178043 -3.055341
v -1.924149 -2.179357 -3.561107
v -1.736425 -2.154902 -3.196103
v -1.644753 -2.164900 -3.449906
v -2.013608 -2.169987 -3.311618
v -1.470212 -2.071530 -3.092597
v -1.566940 -2.196077 -3.703790
v -1.366219 -2.109411 -3.343817
v -1.356784 -1.922685 -2.744619
v -1.496494 -2.209208 -3.965861
v -1.296131 -2.159791 -3.606855
v -2.292037 -1.811716 -4.598178
v -2.381624 -1.111658 -5.093610
v -2.313324 -1.370215 -5.005831
v -2.236123 -1.995690 -4.271664
v -2.104133 -2.118351 -3.920675
v -2.229334 -1.602487 -4.897404
v -2.140822 -1.779032 -4.781003
v -2.077548 -1.363240 -5.138659
v -1.914937 -2.081958 -4.369417
v -2.008866 -2.104185 -4.150472
v -2.117015 -1.961909 -4.477651
v -2.010167 -1.590245 -5.032516
v -1.839508 -2.181290 -3.806754
v -1.945066 -1.750196 -4.924645
v -1.998447 -1.926609 -4.656338
v -1.677884 -2.153537 -4.289582
v -1.757383 -2.176976 -4.049987
v -1.813308 -2.029322 -4.572447
v -1.602592 -2.097795 -4.529225
v -1.897513 -1.877018 -4.798747
v -1.777925 -1.598627 -5.117547
v -1.739917 -1.782853 -4.971774
v -1.747794 -1.937346 -4.788959
v -1.526050 -1.820266 -4.991259
v -1.544659 -1.989855 -4.775597
v -1.537018 -1.610439 -5.149975
v -1.428932 -2.189145 -4.233718
v -1.323807 -2.026031 -4.763973
v -1.368233 -2.141590 -4.505151
v -1.298695 -1.860450 -5.000613
v -2.427566 -0.837711 -5.149596
v -2.459927 -0.556897 -5.186667
v -2.475627 -0.271609 -5.205677
v -2.477405 0.015715 -5.211968
v -2.128357 -1.101321 -5.209850
v -2.160500 -0.826578 -5.254331
v -2.187355 -0.547398 -5.289880
v -2.200740 -0.263848 -5.296072
v -1.823961 -1.361577 -5.217291
v -1.566000 -1.371700 -5.257050
v -1.590751 -1.106175 -5.286515
v -1.294073 -1.634197 -5.175531
v -1.321087 -1.117660 -5.280883
v -1.305220 -1.388109 -5.276654
v -1.886436 -0.827157 -5.290356
v -1.860122 -1.098085 -5.271928
v -1.880856 -0.540780 -5.235947
v -1.881890 -0.262689 -5.238876
v -1.879128 0.017725 -5.242205
v -2.199522 0.021118 -5.295405
v -1.598799 -0.828964 -5.262375
v -1.595737 -0.551523 -5.245250
v -1.594500 -0.264837 -5.315516
v -1.589617 0.015324 -5.313950
v -1.323196 -0.837051 -5.259260
v -1.316807 -0.562971 -5.264865
v -1.367551 -2.226753 5.297863
v -1.139823 -1.921612 5.958573
v -1.122665 -2.105568 5.668247
v -0.852604 -1.922200 5.993391
v -0.856395 -1.675783 6.228312
v -0.561288 -1.671358 6.246499
v -0.568329 -2.076354 5.724298
v -0.566437 -1.902569 6.010450
v -0.845082 -2.095881 5.700620
v -0.566715 -2.178831 5.405926
v -0.832065 -2.195972 5.377928
v -0.562927 -2.190037 5.073940
v -1.033492 -2.196714 4.669461
v -1.068844 -2.249342 5.006111
v -1.324374 -2.270662 4.954464
v -1.274309 -2.239645 4.610523
v -0.992997 -2.079839 4.353976
v -0.959495 -1.891802 4.082457
v -0.795000 -2.160840 4.713595
v -0.772652 -2.024167 4.409541
v -0.815076 -2.213123 5.042685
v -0.550333 -1.995485 4.457799
v -0.748336 -1.840116 4.143514
v -0.529511 -1.579300 3.985972
v -0.538618 -1.802795 4.203327
v -0.557131 -2.125109 4.752285
v -0.332742 -1.772975 4.238925
v -0.329267 -1.545632 4.023474
v -0.130231 -1.529461 4.043505
v -0.125275 -1.759766 4.256139
v -0.868158 -1.404831 3.397582
v -0.724462 -1.090271 3.381722
v -1.048498 -1.719613 3.679625
v -0.949941 -1.639135 3.882569
v -0.889451 -1.421054 3.608015
v -0.775602 -1.064518 3.583416
v -0.906126 -1.002300 3.729021
v -0.723853 -1.322148 3.754020
v -0.732937 -1.608828 3.935061
v -0.521145 -1.279424 3.791249
v -0.718735 -0.983077 3.632991
v -0.530412 -0.937978 3.660729
v -0.330389 -1.244124 3.835402
v -0.339580 -0.907802 3.678446
v -0.139886 -1.233924 3.831171
v -0.148838 -0.895037 3.672580
v -0.587988 -0.775673 3.156192
v -0.886137 -0.651004 3.693781
v -0.696787 -0.350942 3.505959
v -0.858839 -0.295340 3.688330
v -0.700635 0.010874 3.516787
v -0.855263 0.050729 3.676200
v -0.692322 -0.616040 3.589269
v -0.712310 -0.250116 3.576091
v -0.696618 0.131037 3.573858
v -0.718488 0.505612 3.597542
v -0.576858 0.174627 3.627228
v -0.543620 -0.202424 3.581619
v -0.353348 -0.547554 3.572019
v -0.376862 -0.169585 3.516969
v -0.540142 -0.577447 3.581282
v -0.410959 0.220464 3.526251
v -0.611388 0.567730 3.696007
v -0.161167 -0.531287 3.566673
v -0.181851 -0.152551 3.519522
v -0.211192 0.233940 3.532295
v -0.441930 0.614265 3.606677
v -0.242449 0.620137 3.602351
v -0.939766 -1.685543 1.346993
v -1.156746 -1.869859 1.260837
v -0.775450 -1.422884 1.654448
v -0.988548 -1.671792 1.601338
v -0.602851 -1.139265 1.692689
v -0.734250 -1.436253 1.415331
v -0.869653 -1.710624 1.107836
v -0.975569 -1.952178 0.766117
v -0.675999 -1.454914 1.183635
v -1.122952 -2.169693 0.394429
v -0.861950 -2.023715 0.527996
v -0.624609 -1.793847 0.635625
v -0.611444 -1.474567 0.961515
v -0.770386 -1.726542 0.882774
v -0.489545 -1.181340 1.008892
v -0.517708 -2.032644 0.422753
v -0.357268 -0.180812 1.753766
v -0.362817 0.150795 1.763622
v -0.383947 -0.160336 1.983643
v -0.328843 -0.203035 1.528955
v -0.328105 0.124161 1.539505
v -0.473852 -0.832612 1.719488
v -0.567091 -1.152215 1.459074
v -0.388896 -0.511145 1.739516
v -0.442951 -0.847660 1.489127
v -0.370444 -0.527360 1.510615
v -0.346795 -0.546688 1.287298
v -0.423763 -0.859433 1.262440
v -0.322828 -0.228293 1.307498
v -0.375913 0.066967 1.126336
v -0.327618 0.094204 1.316329
v -0.425689 -0.867758 1.048839
v -0.528457 -1.166054 1.230635
v -0.502549 -0.864725 0.837905
v -0.534359 -1.167261 0.791352
v -0.399569 -0.565287 1.079218
v -0.382541 -0.249573 1.114178
v -0.498012 -0.563404 0.877113
v -1.274498 -2.270324 0.004118
v -1.009732 -2.226231 0.143417
v -0.755864 -2.140549 0.289578
v -0.763697 -2.225275 -0.375906
v -0.888566 -2.248423 -0.115327
v -1.139757 -2.276401 -0.254898
v -0.640553 -2.220006 0.029742
v -0.645046 -2.130175 -0.623047
v -0.522948 -2.225310 -0.240865
v -0.400553 -2.182201 0.170216
v -1.206520 -1.886848 -1.606434
v -1.170650 -1.999027 -1.258325
v -1.103677 -2.125149 -0.887652
v -1.042954 -1.834885 -1.455491
v -0.901781 -1.651452 -1.586744
v -0.859806 -1.803657 -1.276188
v -0.973943 -1.973158 -1.103998
v -0.761342 -1.966189 -0.961263
v -0.878875 -2.120024 -0.750037
v -0.620742 -1.372566 -1.495539
v -0.761259 -1.624831 -1.402534
v -0.492950 -1.093175 -1.560984
v -0.765684 -1.425719 -1.694172
v -0.666892 -1.777606 -1.121806
v -0.585687 -1.574584 -1.226011
v -0.455077 -1.767844 -0.998052
v -0.386339 -1.557552 -1.103608
v -0.501483 -1.315484 -1.301038
v -0.307913 -1.302718 -1.193672
v -0.436947 -1.031954 -1.350408
v -0.241200 -1.022993 -1.256572
v -0.541121 -1.964148 -0.833826
v -0.411746 -2.147597 -0.502993
v -0.425507 -0.503914 -1.835047
v -0.451644 -0.205452 -2.082084
v -0.386783 -0.176080 -1.850616
v -0.392798 -0.792593 -1.602042
v -0.621649 -1.132154 -1.757915
v -0.327858 -0.476659 -1.626140
v -0.504351 -0.824163 -1.804906
v -0.366065 -0.435361 -1.394618
v -0.308335 -0.165142 -1.632192
v -0.366178 -0.124608 -1.403428
v -0.312247 0.180390 -1.631446
v -0.381994 0.185571 -1.408343
v -0.389309 -0.736459 -1.383989
v -0.203877 -0.724390 -1.286707
v -0.200649 -0.410914 -1.278411
v -0.220021 -0.107264 -1.281246
v -1.223522 -1.783797 -2.053949
v -1.509263 -1.987356 -2.166944
v -1.206660 -1.752879 -2.401037
v -0.716977 -1.169704 -1.972470
v -0.976721 -1.493919 -2.146379
v -0.873352 -1.450352 -1.895478
v -0.798872 -1.192762 -2.204864
v -0.864877 -1.190150 -2.449150
v -1.015100 -1.480923 -2.407727
v -1.082315 -1.447093 -2.648290
v -1.022861 -1.149417 -2.638120
v -0.447065 0.126901 -2.088328
v -0.382230 0.154609 -1.855231
v -0.580992 -0.557473 -2.292906
v -0.530189 -0.229309 -2.316288
v -0.516694 0.099026 -2.325225
v -0.766330 -0.882376 -2.486176
v -0.665807 -0.881157 -2.256248
v -0.711831 -0.567376 -2.497635
v -0.693887 -0.245600 -2.488707
v -0.965923 -0.850764 -2.642944
v -0.922335 -0.551599 -2.641526
v -0.897565 -0.254770 -2.646479
v -0.889447 0.048226 -2.653582
v -0.659374 0.071310 -2.483296
v -1.226224 -1.933071 -3.000935
v -1.186862 -1.726079 -2.677707
v -1.032833 -2.086383 -3.510137
v -0.790598 -1.203478 -2.669470
v -0.882016 -1.488891 -2.784868
v -1.093317 -1.981324 -3.243693
v -1.026857 -1.745548 -2.906979
v -0.814661 -1.794823 -3.134655
v -0.744311 -2.126730 -3.746734
v -0.787346 -1.986068 -3.435974
v -0.444013 -1.488995 -3.013674
v -0.681024 -1.505627 -2.937525
v -0.737783 -0.902054 -2.578072
v -0.698290 -0.594674 -2.539549
v -0.650868 -0.282852 -2.530356
v -0.679735 0.034177 -2.540844
v -0.442638 0.007296 -2.517284
v -0.309378 -0.911090 -2.757214
v -0.519192 -0.916344 -2.663349
v -0.369327 -1.207306 -2.868193
v -0.264778 -0.608923 -2.672932
v -0.478415 -0.606908 -2.582995
v -0.242761 -0.303202 -2.625736
v -0.453709 -0.297739 -2.535409
v -0.223890 0.005417 -2.595710
v -1.182153 -2.212548 -4.177475
v -1.238461 -2.199971 -3.886841
v -1.057911 -1.884449 -4.990663
v -1.086102 -2.057823 -4.745680
v -0.937489 -2.207492 -4.118121
v -0.987097 -2.171016 -3.809709
v -0.842183 -2.091633 -4.722086
v -0.886688 -2.183869 -4.426734
v -1.129170 -2.167714 -4.469357
v -0.808601 -1.912481 -4.974874
v -0.694413 -2.200658 -4.063914
v -0.554574 -1.945850 -4.953346
v -0.594421 -2.107088 -4.684504
v -0.450085 -2.175518 -4.025575
v -0.499360 -2.085921 -3.714657
v -0.394803 -2.191463 -4.343172
v -0.297702 -1.968087 -4.917904
v -0.341805 -2.119856 -4.648410
v -1.043832 -1.653933 -5.187813
v -1.043240 -1.413448 -5.287435
v -1.047487 -1.132195 -5.257837
v -0.788617 -1.673242 -5.176856
v -0.777648 -1.430787 -5.283123
v -0.772457 -1.161304 -5.304585
v -0.529238 -1.711765 -5.160634
v -0.510887 -1.467690 -5.274574
v -0.494661 -1.180652 -5.252053
v -0.265931 -1.755158 -5.131633
v -1.301790 0.007716 -5.385671
v -1.309204 -0.268829 -5.375064
v -1.070363 -0.828098 -5.225574
v -1.051442 -0.571685 -5.298306
v -1.013665 -0.002826 -5.360643
v -1.026645 -0.283120 -5.364865
v -0.763776 -0.873513 -5.326516
v -0.731862 -0.016033 -5.426063
v -0.740886 -0.302191 -5.349054
v -0.280173 -1.889548 6.026734
v -0.292491 -2.069495 5.745805
v -0.303491 -2.152418 5.424371
v -0.312502 -2.171730 5.096447
v -0.018377 -2.052177 5.752388
v 0.004180 -1.875346 6.031079
v -0.041198 -2.148266 5.436541
v 0.287412 -1.866260 6.038897
v 0.253286 -2.040962 5.756430
v 0.219482 -2.150757 5.443572
v 0.478095 -2.139580 5.439727
v 0.523804 -2.035966 5.751517
v 0.430328 -2.166516 5.113284
v -0.320650 -2.098242 4.779545
v -0.328306 -1.957589 4.493448
v 0.069322 -1.556521 4.024808
v 0.056468 -1.242967 3.810131
v 0.048175 -0.900243 3.653375
v -0.107187 -1.955671 4.502912
v -0.085798 -2.085997 4.794312
v 0.086817 -1.780964 4.247531
v 0.149098 -2.099367 4.796745
v -0.063501 -2.157990 5.109488
v 0.115869 -1.961580 4.506789
v 0.279867 -1.565478 4.007158
v 0.302698 -1.799143 4.233235
v 0.184573 -2.157555 5.115456
v 0.338690 -1.991797 4.490012
v 0.383274 -2.116887 4.789968
v 0.032995 -0.532855 3.564579
v -0.019483 -0.151835 3.558001
v -0.038676 0.235562 3.569467
v -0.041207 0.618792 3.614747
v 0.260240 -1.241357 3.844303
v 0.211220 -0.889148 3.774435
v 0.448807 -1.218600 3.957539
v 0.487422 -1.552415 4.059731
v 0.408275 -0.866203 3.880107
v 0.513579 -1.835519 4.226120
v 0.564922 -1.670117 3.852539
v 0.246093 -0.933484 3.714880
v 0.362757 -1.315612 3.758543
v 0.156170 -0.505611 3.743836
v 0.085741 -0.141396 3.754104
v 0.057031 0.217235 3.764190
v 0.060857 0.573357 3.799691
v 0.366681 -0.512009 3.832635
v 0.344859 -0.148390 3.804181
v 0.320274 0.200806 3.812720
v 0.184135 -0.555997 3.692959
v 0.146844 -0.198213 3.690037
v 0.114067 0.184688 3.714320
v -0.336448 -1.754461 0.702217
v -0.578632 -1.478419 0.737013
v -0.382465 -1.215303 0.957834
v -0.362262 -1.500320 0.843450
v -0.259898 -1.970532 0.515952
v -0.065427 -1.733284 0.763915
v -0.115612 -1.478772 0.859801
v 0.006960 -1.950385 0.611542
v 0.148979 -1.752293 0.936460
v 0.031293 -1.517407 1.061143
v -0.151762 -1.198184 0.917541
v -0.087122 -1.252058 1.141236
v 0.259213 -1.962658 0.751635
v 0.210064 -1.545397 1.265991
v 0.372303 -1.776547 1.131975
v 0.053100 -1.282378 1.350720
v 0.371011 -2.127325 0.510487
v 0.516598 -1.982160 0.900817
v -0.382974 -0.917461 1.028481
v -0.350002 -0.606257 1.071780
v -0.484939 -0.260049 0.896338
v -0.492500 0.039679 0.921487
v -0.355272 -0.294919 1.083282
v -0.179313 -0.905325 0.957468
v -0.202345 -0.608329 0.980522
v -0.349633 0.014633 1.097456
v -0.219009 -0.303862 0.994330
v -0.189088 -0.961655 1.185576
v -0.261603 -0.653613 1.205498
v -0.289846 -0.334719 1.207838
v -0.226803 -0.001765 0.991890
v -0.296236 -0.013583 1.206463
v -0.082517 -0.992478 1.405293
v -0.188677 -0.682025 1.436852
v -0.258793 -0.357390 1.452291
v -0.281064 -0.023342 1.456073
v -0.285718 -2.224455 -0.108809
v -0.153229 -2.136984 0.283652
v -0.099330 -2.029211 -0.637070
v -0.181195 -2.169719 -0.386827
v -0.041999 -2.223841 0.011455
v 0.057220 -2.217274 -0.280963
v 0.213164 -2.226518 0.123567
v 0.106148 -2.126875 0.394098
v 0.388337 -2.192231 -0.470376
v 0.309592 -2.245882 -0.172281
v 0.478692 -2.230860 0.229713
v 0.649808 -2.254005 -0.377429
v 0.573184 -2.276176 -0.071680
v -0.256350 -1.769492 -0.887779
v -0.315055 -1.980820 -0.728567
v -0.190328 -1.550880 -0.987446
v -0.141577 -1.292747 -1.058649
v -0.120436 -1.003928 -1.087442
v -0.051211 -1.798799 -0.817019
v -0.053499 -1.541929 -0.860786
v -0.066241 -1.282305 -0.875452
v 0.200175 -1.875247 -0.857691
v 0.140100 -2.101874 -0.560770
v 0.312908 -1.797526 -1.116678
v 0.161666 -1.569037 -1.205779
v -0.018827 -1.301692 -1.062204
v 0.032463 -1.321102 -1.259004
v 0.215641 -1.562551 -1.437045
v 0.390738 -1.770398 -1.381974
v 0.059626 -1.320095 -1.482304
v 0.521940 -1.988855 -1.036591
v 0.456535 -2.074366 -0.752322
v -0.136773 -0.705879 -1.100460
v -0.146470 -0.091490 -1.119389
v -0.138149 -0.402528 -1.107555
v -0.145518 -0.706108 -0.905313
v -0.181714 -0.411520 -0.917383
v -0.205595 -0.112524 -0.926363
v -0.099823 -0.995499 -0.892330
v -0.081822 -1.024568 -1.099757
v -0.086383 -1.040061 -1.297726
v -0.173039 -0.748599 -1.322999
v -0.079987 -0.727015 -1.136729
v -0.210697 -0.452511 -1.368422
v -0.084205 -0.431343 -1.146539
v -0.223107 -0.145713 -1.382479
v -0.073110 -1.051059 -1.515914
v -0.175952 -0.761477 -1.538479
v -0.247201 -0.459020 -1.552598
v -0.279910 -0.138452 -1.558609
v 0.092397 -1.326921 -1.724051
v -0.217094 -1.456244 -3.082310
v -0.519205 -1.734256 -3.199151
v -0.264570 -1.688016 -3.245417
v -0.156840 -1.185071 -2.951110
v -0.273583 -1.888241 -3.439325
v -0.248775 -2.063933 -3.702477
v -0.525975 -1.931881 -3.430481
v -0.199590 -2.169710 -4.000829
v 0.029505 -1.145098 -3.075833
v -0.004635 -1.420410 -3.157302
v 0.001874 -2.066384 -3.687645
v -0.034055 -1.871116 -3.440809
v 0.054141 -2.187014 -3.977869
v -0.041248 -1.664058 -3.280440
v 0.185534 -1.652341 -3.295501
v 0.200859 -1.882428 -3.414815
v 0.219726 -1.117552 -3.215453
v 0.248152 -2.089212 -3.656178
v 0.124829 -1.164371 -3.014719
v 0.192970 -1.393744 -3.265130
v 0.225459 -1.459587 -3.047088
v 0.486563 -2.122349 -3.598549
v 0.408690 -1.939460 -3.319418
v 0.309269 -2.197892 -3.950918
v 0.342034 -1.722249 -3.144805
v 0.520699 -1.830367 -2.943274
v 0.146671 -1.180236 -2.771714
v 0.316025 -1.522780 -2.781077
v -0.105669 -0.897262 -2.853620
v -0.078347 -0.601194 -2.787395
v -0.080521 -0.290845 -2.782270
v -0.076118 0.000021 -2.752172
v 0.045263 -0.836125 -3.025498
v 0.016041 -0.537374 -3.023811
v 0.016633 -0.277238 -3.013074
v 0.026499 0.012810 -3.003484
v 0.230983 -0.841819 -3.173681
v 0.263992 -0.540702 -3.107693
v 0.276630 -0.266637 -3.074523
v 0.290983 0.022217 -3.050529
v 0.077104 -0.869464 -2.996786
v 0.066489 -0.586041 -2.980722
v 0.070009 -0.241371 -2.952854
v 0.076167 0.045101 -2.944160
v 0.037024 -0.865550 -2.770988
v -0.024790 -0.559997 -2.769131
v -0.037126 -0.246362 -2.740493
v -0.038479 0.062830 -2.755976
v -0.084672 -2.126248 -4.617370
v -0.141414 -2.201300 -4.314245
v -0.036012 -1.992282 -4.894746
v 0.176449 -2.140697 -4.594458
v 0.229391 -1.995481 -4.864591
v 0.375290 -2.220837 -4.264797
v 0.116290 -2.204239 -4.290052
v 0.439673 -2.151800 -4.572155
v 0.703341 -2.153071 -4.542891
v 0.632801 -2.222641 -4.228940
v -0.223238 -1.208530 -5.248304
v -0.241114 -1.505522 -5.268200
v 0.271584 -1.794530 -5.082051
v 0.300859 -1.546424 -5.237507
v 0.001370 -1.780300 -5.106612
v 0.575722 -1.554147 -5.207378
v 0.542910 -1.797059 -5.057575
v 0.607354 -1.263230 -5.277342
v -0.213487 -0.911951 -5.288950
v 0.071774 -0.928086 -5.329060
v 0.051219 -1.229496 -5.243083
v 0.354749 -0.941553 -5.268621
v 0.327883 -1.247509 -5.274876
v 0.369752 -0.645984 -5.295842
v 0.630604 -0.949276 -5.232166
v 0.649390 -0.648615 -5.312722
v 0.658036 -0.354687 -5.385261
v 0.378275 -0.349412 -5.366470
v 0.666778 -0.063076 -5.372170
v 0.569919 -1.849778 6.019392
v 0.734022 -2.143454 5.429912
v 0.672778 -2.189173 5.105480
v 0.792462 -2.017492 5.730155
v 0.849313 -1.834794 5.997858
v 0.986316 -2.127661 5.404262
v 1.056946 -1.997102 5.700480
v 1.123703 -1.807554 5.955370
v 1.184310 -1.572130 6.160652
v 1.235702 -1.278300 6.295918
v 1.232946 -2.111172 5.371421
v 1.315580 -1.964168 5.661184
v 1.280676 -0.981239 6.364323
v 1.328651 -0.363198 6.354837
v 1.032210 -0.075660 6.431474
v 1.019426 -0.383433 6.457113
v 0.685167 -1.921149 4.141922
v 0.763041 -2.094152 4.438139
v 0.560939 -2.021905 4.485261
v 0.613404 -2.147613 4.782273
v 0.866338 -2.021139 4.121039
v 0.970864 -2.141057 4.413381
v 0.912820 -2.196503 5.084979
v 0.838670 -2.175322 4.758020
v 1.059795 -2.201264 4.730184
v 1.147596 -2.192505 5.055007
v 1.281319 -2.221504 4.701222
v 1.376646 -2.186126 5.017845
v 0.577499 -1.658252 3.499322
v 0.162467 -0.940500 3.490144
v 0.336102 -1.312261 3.485381
v 0.747200 -1.873700 3.864070
v 0.724606 -1.830303 3.645067
v 0.119974 -0.908991 3.231331
v 0.300729 -1.267252 3.216115
v 0.255717 -1.222540 2.948085
v 0.496822 -1.544161 2.923218
v 0.530329 -1.592548 3.202096
v 0.073441 -0.871747 2.968790
v 0.967206 -2.033422 3.857805
v 1.074927 -2.127393 4.108726
v 0.881141 -1.949808 3.631430
v 0.805684 -1.871684 3.412725
v 1.213864 -2.147463 3.844130
v 1.311373 -2.202586 4.096635
v 1.130305 -2.086763 3.604432
v 0.992520 -1.960425 3.111442
v 1.057048 -2.020854 3.364113
v 0.053754 -0.556943 3.499876
v 0.016275 -0.168706 3.493113
v -0.008099 -0.533170 3.249375
v -0.067697 -0.146201 3.264337
v -0.043308 -0.499133 2.986943
v 0.513401 -1.599645 2.054462
v 0.679684 -1.783906 1.703418
v 0.734371 -1.789304 2.003905
v 0.313377 -1.364646 2.101217
v 0.451080 -1.574065 1.772839
v 0.449326 -1.494715 2.649463
v 0.370358 -1.415749 2.375604
v 0.586531 -1.651791 2.334586
v 0.658772 -1.702767 2.616257
v 0.710542 -1.746859 2.891339
v 0.813943 -1.829727 2.292861
v 0.935742 -1.907307 2.846913
v 0.751251 -1.800084 3.162476
v 0.877499 -1.863630 2.574573
v 0.135483 -1.077920 2.141507
v 0.255603 -1.332445 1.833226
v -0.004119 -0.755486 2.170866
v 0.087075 -1.046832 1.880329
v -0.097310 -0.410120 2.191774
v -0.045074 -0.729890 1.913669
v -0.150075 -0.052902 2.204558
v -0.134586 -0.392004 1.935373
v 0.218415 -1.172688 2.678726
v 0.051307 -0.827387 2.702125
v 0.175518 -1.119763 2.409254
v -0.057535 -0.462776 2.720776
v 0.024084 -0.787938 2.435519
v -0.077265 -0.433777 2.454785
v 0.371090 -1.574624 1.496818
v 0.642365 -1.835328 1.348481
v 0.179317 -1.311736 1.577866
v 0.641144 -2.137610 0.623371
v 0.792807 -2.019031 1.024563
v 1.025879 -2.005446 1.341051
v 1.015426 -1.974778 1.650929
v 1.124273 -2.087957 1.048370
v 0.923168 -2.145557 0.707341
v 1.536947 -2.132230 0.736549
v 1.461203 -2.108913 1.034257
v 0.020351 -1.020555 1.632394
v -0.102621 -0.705911 1.667945
v -0.185237 -0.374225 1.688271
v -0.223588 -0.032915 1.696624
v -0.176836 -0.041953 1.945968
v 0.751426 -2.239791 0.324229
v 0.920922 -2.283118 -0.298742
v 0.846354 -2.279379 0.012738
v 1.032806 -2.230772 0.392290
v 0.974857 -2.250427 -0.604437
v 1.197779 -2.278152 -0.237056
v 1.125305 -2.273193 0.076312
v 1.522344 -2.227960 -0.503162
v 1.473501 -2.229857 -0.194854
v 1.226319 -2.156149 0.737853
v 1.614258 -2.150930 0.435644
v 1.686203 -2.149899 0.134185
v 1.407213 -2.227937 0.114607
v 1.742917 -2.149981 -0.167860
v 1.783238 -2.147573 -0.472730
v 0.708093 -2.192114 -0.676081
v 0.585132 -1.942553 -1.314620
v 0.260539 -1.559472 -1.688040
v 0.451268 -1.760896 -1.642731
v 0.760499 -2.121082 -0.967278
v 0.637094 -1.919139 -1.591383
v 1.017810 -2.200840 -0.902112
v 1.058428 -2.167138 -1.195067
v 0.811787 -2.070617 -1.253855
v 0.854732 -2.054356 -1.537845
v 1.138859 -2.142972 -1.770877
v 1.099990 -2.144721 -1.483575
v 1.323542 -2.209162 -1.144482
v 1.286909 -2.236753 -0.848462
v 1.402807 -2.193476 -1.725119
v 1.361846 -2.198584 -1.436720
v 1.596164 -2.209577 -1.103168
v 1.558618 -2.212027 -0.806455
v 1.678371 -2.208330 -1.680841
v 1.634786 -2.197100 -1.394412
v 0.488413 -1.766399 -1.906991
v 0.299398 -1.568665 -1.945891
v 0.378346 -1.628833 -2.481013
v 0.554643 -1.823647 -2.701606
v 0.535439 -1.796053 -2.438357
v 0.420576 -1.677644 -2.661866
v 0.515969 -1.775365 -2.173125
v 0.131928 -1.340828 -1.977919
v 0.337238 -1.590901 -2.211074
v 0.171872 -1.368948 -2.241420
v 0.762452 -2.020591 -2.937325
v 1.031350 -2.158239 -2.907772
v 0.980977 -2.111392 -2.645313
v 0.742963 -1.972852 -2.675038
v 0.679109 -1.919848 -1.862490
v 0.896495 -2.044328 -1.818687
v 0.925878 -2.052974 -2.098138
v 0.719775 -1.940845 -2.408802
v 0.952584 -2.072737 -2.374488
v 0.705980 -1.922661 -2.136308
v 1.176871 -2.153365 -2.055661
v 1.213409 -2.172723 -2.334114
v 1.255124 -2.203685 -2.601574
v 1.444869 -2.212966 -2.008883
v -0.045881 -1.063797 -1.752317
v -0.161319 -0.780888 -1.773461
v -0.012002 -1.082888 -2.002561
v -0.125625 -0.799533 -2.020704
v 0.025724 -1.110972 -2.261356
v -0.211854 -0.499826 -2.032917
v -0.091820 -0.826099 -2.276165
v 0.226938 -1.413096 -2.513485
v 0.079015 -1.145729 -2.522143
v -0.166422 -0.521462 -2.284725
v -0.120517 -0.544444 -2.538430
v -0.217585 -0.209519 -2.289554
v 0.716725 -2.178141 -3.538906
v 0.624115 -2.022924 -3.240158
v 0.558772 -2.223982 -3.907283
v 0.853692 -2.135577 -3.205554
v 0.957112 -2.224372 -3.500545
v 1.049328 -2.267057 -3.819912
v 0.804686 -2.243131 -3.861443
v 1.136680 -2.235353 -4.146572
v 1.114905 -2.220957 -3.171405
v 1.295838 -2.267811 -3.777776
v 1.206361 -2.269382 -3.465082
v 1.384037 -2.269426 -3.135286
v 1.311097 -2.240449 -2.864131
v 1.542254 -2.267372 -3.730234
v 1.463051 -2.281882 -3.425382
v 1.656819 -2.276879 -3.096083
v 1.595182 -2.264525 -2.823188
v 1.784485 -2.235647 -3.674068
v 1.720976 -2.270966 -3.379946
v 0.815483 -1.785427 -5.037802
v 0.765380 -1.992284 -4.817723
v 0.497181 -2.000185 -4.842108
v 0.886635 -2.234908 -4.188541
v 0.964508 -2.143295 -4.506162
v 1.037380 -1.979738 -4.799878
v 1.221337 -2.132304 -4.462019
v 1.383078 -2.223408 -4.097456
v 1.551254 -1.918982 -4.679128
v 1.468059 -2.099198 -4.402122
v 1.298669 -1.948186 -4.746388
v 1.621875 -2.194243 -4.038585
v 1.704898 -2.063366 -4.333663
v 0.897067 -1.269310 -5.294578
v 0.854149 -1.551958 -5.190557
v 1.096735 -1.739995 -5.028486
v 1.138568 -1.513176 -5.165172
v 1.363211 -1.713128 -4.975142
v 1.415565 -1.486457 -5.118592
v 1.617745 -1.694111 -4.893651
v 1.677364 -1.456443 -5.026396
v 0.908283 -0.949127 -5.242137
v 0.930842 -0.655302 -5.248645
v 0.947082 -0.362684 -5.288586
v 0.952812 -0.064364 -5.395657
v 1.179166 -1.247413 -5.268662
v 1.201680 -0.953650 -5.278399
v 1.211102 -0.651729 -5.229844
v 1.229220 -0.356643 -5.320456
v 1.457322 -1.222954 -5.215289
v 1.491215 -0.943272 -5.277236
v 1.508214 -0.648253 -5.267312
v 1.511344 -0.352763 -5.290135
v 1.787945 -0.637312 -5.243276
v 1.763934 -0.923266 -5.200169
v 1.810244 -0.347059 -5.276467
v 1.527267 -1.254999 6.236227
v 1.459268 -1.542427 6.091021
v 1.392900 -1.762810 5.903233
v 1.472076 -2.084799 5.329180
v 1.570098 -1.925024 5.613826
v 1.738126 -1.477949 6.013400
v 1.666620 -1.704003 5.863590
v 1.808877 -1.218289 6.140381
v 1.702158 -2.064286 5.274015
v 1.809473 -1.890224 5.536694
v 1.913462 -1.663166 5.750740
v 2.002027 -1.440764 5.902228
v 2.079164 -1.185247 6.018505
v 1.917978 -2.036052 5.198886
v 2.036985 -1.858760 5.436401
v 2.157025 -1.650567 5.627228
v 2.254041 -1.418486 5.758460
v 2.248476 -1.842273 5.310073
v 2.376573 -1.639545 5.463193
v 2.333928 -1.158450 5.860477
v 2.483061 -1.400581 5.578320
v 1.576092 -0.956173 6.313907
v 1.311912 -0.678094 6.371745
v 1.612580 -0.651846 6.370393
v 1.633011 -0.335927 6.373461
v 1.335669 -0.046159 6.393544
v 1.863166 -0.928874 6.231718
v 1.901828 -0.624566 6.287138
v 1.925909 -0.311854 6.312526
v 1.635530 -0.023722 6.341125
v 2.140719 -0.903058 6.107715
v 2.178561 -0.600929 6.157001
v 2.201718 -0.290613 6.181739
v 1.933272 0.004394 6.315870
v 2.394056 -0.876123 5.934968
v 2.564142 -1.136993 5.665690
v 1.504274 -2.229608 4.668145
v 1.597624 -2.172245 4.971105
v 1.647467 -2.243607 4.347866
v 1.726854 -2.225839 4.627456
v 1.410708 -2.239774 4.372180
v 1.806960 -2.155091 4.915936
v 1.946066 -2.198256 4.585760
v 2.004148 -2.135384 4.850573
v 1.887212 -2.236938 4.326410
v 2.072604 -2.208603 4.057803
v 2.122860 -2.190451 4.314279
v 2.303675 -1.972869 5.000638
v 2.117378 -2.002598 5.101894
v 2.160325 -2.148703 4.566545
v 2.179478 -2.086657 4.803997
v 2.350785 -2.039675 4.750328
v 2.352767 -2.073819 4.573414
v 2.466707 -1.937781 4.858509
v 2.318482 -2.131501 4.065483
v 2.341026 -2.102711 4.321225
v 2.435779 -1.820147 5.152786
v 2.690993 -1.820563 4.682471
v 2.590429 -1.803900 4.931005
v 1.397943 -2.175989 3.576347
v 1.476286 -2.216899 3.825948
v 1.325629 -2.128332 3.325570
v 1.259698 -2.079750 3.067866
v 1.610847 -2.184815 3.294934
v 1.677633 -2.217833 3.553433
v 1.548042 -2.150296 3.031441
v 1.902986 -2.185460 3.272336
v 1.961130 -2.203469 3.538159
v 1.847253 -2.164751 3.002356
v 2.189231 -2.126866 3.259923
v 2.236678 -2.136090 3.533956
v 2.144630 -2.118800 2.982170
v 1.045116 -1.965341 1.957032
v 1.091621 -1.980859 2.248911
v 1.199383 -2.035522 2.802811
v 1.144391 -1.998598 2.530431
v 1.403585 -2.075198 2.204040
v 1.441824 -2.091736 2.486901
v 1.377647 -2.067701 1.914140
v 1.490839 -2.118006 2.762376
v 1.728300 -2.104102 2.163800
v 1.756576 -2.124842 2.448417
v 1.715380 -2.097969 1.873680
v 1.797220 -2.143945 2.727977
v 2.048205 -2.068175 2.126616
v 2.071569 -2.096621 2.415726
v 2.103994 -2.106993 2.702324
v 1.370703 -2.070197 1.619333
v 1.792975 -2.068541 1.004266
v 1.747270 -2.085900 1.293404
v 1.395123 -2.085114 1.329388
v 1.848255 -2.067178 0.717193
v 1.720193 -2.085174 1.582655
v 2.108544 -1.977440 0.962224
v 2.071218 -2.001035 1.252254
v 2.041656 -2.050148 1.835754
v 2.364644 -1.869714 1.210466
v 2.050817 -2.033217 1.543390
v 2.385460 -1.823174 0.918025
v 2.348799 -1.909491 1.505753
v 1.900062 -2.054810 0.428608
v 1.952168 -2.034627 0.137615
v 1.994778 -2.029567 -0.154039
v 2.031306 -2.042680 -0.452709
v 1.826238 -2.155629 -0.773914
v 2.201220 -1.889253 0.124121
v 2.173666 -1.909689 0.395263
v 2.220620 -1.887951 -0.150968
v 2.255310 -1.901513 -0.434103
v 2.397869 -1.730413 0.112043
v 2.414719 -1.731535 -0.151607
v 2.774843 -1.276220 -0.151297
v 2.756285 -1.296998 0.098873
v 2.589211 -1.534799 0.104586
v 2.077640 -2.046027 -0.747066
v 2.418878 -1.757592 0.619445
v 2.149337 -1.939167 0.670977
v 2.590989 -1.548713 0.347556
v 2.401073 -1.738368 0.356404
v 2.761105 -1.317854 0.343894
v 2.607450 -1.517584 -0.147298
v 2.463446 -1.728108 -0.417901
v 2.655982 -1.506566 -0.413762
v 2.712001 -1.497814 -0.681572
v 2.600347 -1.575430 0.602373
v 2.779494 -1.353631 0.601885
v 2.610492 -1.636530 0.882184
v 2.866625 -1.238994 -0.690322
v 2.817850 -1.255983 -0.420172
v 2.909919 -1.007020 -0.156003
v 2.894502 -1.030388 0.097095
v 3.006869 -0.715791 -0.159168
v 2.994005 -0.740502 0.099402
v 3.047962 -0.409940 -0.158752
v 3.039131 -0.435298 0.104659
v 3.036544 -0.091916 -0.154526
v 3.038776 -0.117188 0.112703
v 2.899658 -1.054373 0.346221
v 3.005979 -0.767858 0.352467
v 3.044288 -0.465150 0.360148
v 3.033388 -0.144942 0.371970
v 2.942894 -0.981599 -0.428124
v 3.025526 -0.690312 -0.433206
v 3.039213 -0.382918 -0.434312
v 3.018637 -0.799006 0.616321
v 2.921294 -1.088702 0.607553
v 3.047307 -0.493661 0.625589
v 3.021951 -0.174919 0.639575
v 2.978646 -0.960551 -0.701467
v 3.046645 -0.668572 -0.710395
v 1.865493 -2.149735 -1.067418
v 1.910431 -2.155588 -1.355163
v 1.955994 -2.157374 -1.639729
v 2.128729 -2.056092 -1.032231
v 2.175355 -2.054176 -1.316900
v 2.424871 -1.906168 -1.279199
v 2.368425 -1.905197 -0.996102
v 2.308333 -1.904095 -0.714522
v 2.518856 -1.719874 -0.688029
v 2.226020 -2.058548 -1.599827
v 2.476022 -1.907245 -1.567572
v 2.274701 -2.059700 -1.883499
v 1.539275 -2.244272 -2.555842
v 1.824251 -2.231850 -2.513520
v 1.774405 -2.227433 -2.240238
v 1.490660 -2.222822 -2.285801
v 1.875823 -2.238034 -2.784925
v 2.006486 -2.167818 -1.920949
v 1.724845 -2.213157 -1.963109
v 2.055753 -2.172980 -2.200294
v 2.103080 -2.173397 -2.477858
v 2.325114 -2.067051 -2.168285
v 2.366087 -2.062481 -2.453525
v 2.604601 -1.903889 -2.443703
v 2.566030 -1.905789 -2.152731
v 2.401670 -2.050930 -2.735879
v 2.627772 -1.889744 -2.732847
v 1.927930 -2.241527 -3.058179
v 1.977018 -2.223374 -3.334178
v 2.022903 -2.183829 -3.613097
v 1.852934 -2.163649 -3.973271
v 2.226263 -2.133935 -3.299360
v 2.256302 -2.098029 -3.560907
v 2.066556 -2.104327 -3.895687
v 2.455213 -2.005193 -3.287026
v 2.267244 -2.032793 -3.825306
v 2.459818 -1.856578 -3.984971
v 2.465880 -1.915648 -3.782613
v 2.640496 -1.802064 -3.569642
v 2.646090 -1.844842 -3.295488
v 2.466999 -1.958484 -3.549274
v 2.430181 -2.031945 -3.013901
v 2.639936 -1.868694 -3.016703
v 2.629806 -1.749259 -3.838023
v 1.860045 -1.659558 -4.782331
v 1.788871 -1.872316 -4.592048
v 2.013851 -1.816705 -4.497187
v 1.929376 -2.018986 -4.256909
v 2.134522 -1.967055 -4.172122
v 2.092342 -1.619673 -4.659129
v 2.167644 -1.396783 -4.779199
v 2.226192 -1.784916 -4.383492
v 2.312841 -1.904234 -4.085398
v 2.306368 -1.586277 -4.512096
v 2.498270 -1.556664 -4.340036
v 2.408665 -1.738701 -4.238471
v 2.579459 -1.337849 -4.422823
v 2.739290 -1.325970 -4.196088
v 2.652349 -1.545796 -4.132058
v 2.852952 -1.338050 -3.936814
v 2.750289 -1.569717 -3.886700
v 2.551097 -1.732596 -4.055940
v 2.056240 -0.620310 -5.136868
v 2.027121 -0.903004 -5.088105
v 2.079171 -0.331866 -5.174842
v 1.985684 -1.174860 -5.016646
v 2.273788 -0.878409 -4.940045
v 2.308688 -0.599006 -4.991785
v 2.328313 -0.310374 -5.022545
v 2.498940 -0.852291 -4.757593
v 2.533737 -0.574197 -4.802135
v 2.553446 -0.286435 -4.830693
v 2.695834 -0.828858 -4.541191
v 2.645861 -1.092961 -4.489423
v 2.449433 -1.117111 -4.696089
v 2.729912 -0.550959 -4.578695
v 2.748241 -0.263206 -4.603217
v 2.808170 -1.078716 -4.249692
v 2.857649 -0.812060 -4.292175
v 2.889268 -0.532176 -4.322938
v 2.904951 -0.243357 -4.343355
v 2.928751 -1.079583 -3.980805
v 2.972696 -0.805281 -4.017584
v 2.998801 -0.520325 -4.043097
v 3.011928 -0.228656 -4.058472
v 2.622703 -0.854637 5.728746
v 2.852312 -0.545369 5.521095
v 2.661800 -0.559561 5.769624
v 2.868214 -0.245417 5.537139
v 2.682175 -0.256375 5.789237
v 2.871132 0.057153 5.536467
v 2.685157 0.050821 5.786929
v 2.525953 -1.958582 4.616701
v 2.548384 -1.987976 4.360712
v 2.727577 -1.827909 4.412582
v 2.544780 -2.009044 4.094650
v 2.737992 -1.839815 4.133966
v 2.833759 -1.385605 5.101275
v 2.720049 -1.635864 5.009409
v 2.827004 -1.633295 4.755130
v 2.913382 -1.113354 5.166567
v 2.939747 -1.380095 4.825848
v 2.884400 -1.634170 4.476175
v 2.996380 -1.376441 4.534397
v 3.015954 -1.104951 4.878089
v 3.023184 -1.375294 4.232111
v 2.903652 -1.631373 4.186463
v 3.024707 -1.086512 4.272219
v 3.034025 -1.098040 4.579136
v 2.998988 -0.237559 5.250937
v 3.002097 0.059502 5.252123
v 2.961908 -0.826962 5.211617
v 2.983435 -0.533259 5.235221
v 3.051941 -0.822313 4.924446
v 3.038489 -0.525741 4.951262
v 3.042254 -0.233177 4.959200
v 3.015187 0.059501 4.957510
v 3.029435 -0.806468 4.611315
v 3.039755 -0.228769 4.648123
v 3.052824 0.061683 4.645141
v 3.065014 -0.797011 4.299490
v 3.029274 -0.517297 4.638430
v 2.521837 -2.013463 3.820848
v 2.281061 -2.137582 3.802596
v 2.489882 -2.015055 3.541834
v 2.460141 -2.019059 3.257837
v 2.426772 -2.011040 2.971936
v 2.740448 -1.851277 3.849504
v 2.694620 -1.849654 3.267051
v 2.715213 -1.846371 3.560835
v 2.672073 -1.844830 2.969304
v 2.911795 -1.630248 3.889134
v 3.020211 -1.369841 3.925492
v 3.031304 -1.078592 3.963763
v 2.902406 -1.633366 3.588249
v 2.882567 -1.633914 3.283353
v 2.859189 -1.624056 2.976649
v 3.031724 -1.372404 3.616258
v 3.066013 -1.083167 3.644571
v 3.017556 -1.366424 3.304875
v 3.093476 -1.070974 3.328898
v 2.991148 -1.348078 2.992019
v 3.092980 -1.054579 3.013246
v 3.054657 -0.787387 3.986590
v 3.055910 -0.493465 4.007040
v 3.058078 -0.505541 4.320486
v 3.057182 -0.201399 4.016023
v 3.057636 -0.215290 4.330773
v 3.063951 0.090500 4.016311
v 3.041485 0.073568 4.331280
v 3.054506 -0.777977 3.671180
v 3.047540 -0.480019 3.694368
v 3.066123 -0.180275 3.695816
v 3.059730 0.113783 3.701498
v 3.055586 -0.767071 3.353327
v 3.142728 -0.459026 3.363287
v 3.096045 -0.155742 3.376229
v 3.094028 0.142139 3.381236
v 3.083048 0.171585 3.065454
v 2.393026 -2.005404 2.681465
v 2.363819 -1.987665 2.388826
v 2.349501 -1.969799 2.094150
v 2.612466 -1.802394 2.066875
v 2.642836 -1.832519 2.669488
v 2.628868 -1.824306 2.367234
v 2.847954 -1.615413 2.666443
v 2.851526 -1.602083 2.353239
v 2.989800 -1.342765 2.676015
v 3.000951 -1.332062 2.361246
v 3.103567 -0.131785 3.056178
v 3.035773 0.210189 2.753842
v 3.088697 -0.098623 2.738857
v 3.116763 0.240772 2.425424
v 3.080287 -0.066821 2.421335
v 3.105703 -0.380052 2.411310
v 3.055721 -0.348358 2.098777
v 2.613972 -1.684234 1.172613
v 2.596869 -1.724101 1.472150
v 2.601275 -1.768736 1.769001
v 2.968279 -1.217944 1.447189
v 2.809721 -1.507448 1.445918
v 2.806771 -1.455017 1.155561
v 3.048415 -0.922713 1.458724
v 2.964138 -1.176707 1.157223
v 2.976900 -1.257684 1.746143
v 2.809633 -1.541572 1.746556
v 3.039395 -0.953389 1.759205
v 2.986754 -1.291856 2.052186
v 3.015451 -0.983105 2.067534
v 3.076809 -1.031917 2.377277
v 2.830708 -1.579896 2.046575
v 3.039633 -0.838456 0.887083
v 3.038403 -0.880673 1.169213
v 3.021524 -0.522392 0.903268
v 3.086876 -0.564288 1.184721
v 3.013736 -0.207143 0.916785
v 3.050021 -0.242971 1.198588
v 3.039672 0.097166 0.930135
v 3.031322 0.070832 1.214462
v 3.046404 -0.605913 1.482116
v 3.126104 -0.284297 1.486646
v 3.043971 0.046587 1.506904
v 3.062474 -0.633583 1.780049
v 3.057198 -0.313500 1.799160
v 3.054403 0.004242 1.806860
v 3.057743 -0.665643 2.085730
v 3.041849 -0.704778 2.400527
v 3.060231 -0.035038 2.109837
v 3.051253 0.278521 2.113216
v 2.944525 -1.129619 0.878149
v 2.795750 -1.398815 0.874392
v 3.023021 0.123282 0.655030
v 2.916880 -1.224566 -0.969803
v 2.645944 -1.712765 -1.253716
v 2.825571 -1.478310 -1.248935
v 2.765661 -1.484603 -0.960702
v 2.581085 -1.712318 -0.966074
v 2.957620 -1.209149 -1.259817
v 2.697146 -1.708533 -1.549855
v 2.867318 -1.463478 -1.547852
v 2.985626 -1.192802 -1.557627
v 2.905171 -1.456371 -1.851729
v 3.015119 -1.180380 -1.862405
v 3.012753 -0.940587 -0.982870
v 3.033932 -0.644208 -0.994043
v 3.055102 -0.341730 -0.998951
v 3.017955 -0.358029 -0.714200
v 3.036770 -0.021113 -1.005323
v 3.086799 -0.048136 -0.715164
v 3.040433 -0.926697 -1.271935
v 3.086535 -0.315812 -1.296954
v 3.051508 -0.003944 -1.300463
v 3.044820 -0.905573 -1.569654
v 3.042162 -0.287674 -1.599408
v 3.028578 -0.618153 -1.286636
v 3.057540 0.015575 -1.601531
v 3.025516 -0.883114 -1.878353
v 2.521480 -1.904889 -1.860547
v 2.732419 -1.698995 -1.849877
v 2.772762 -1.695976 -2.149875
v 2.821629 -1.689844 -2.746152
v 2.805535 -1.695679 -2.449903
v 2.940143 -1.448914 -2.156980
v 3.042276 -1.172329 -2.169183
v 2.962288 -1.442425 -2.461535
v 3.050514 -1.162256 -2.476338
v 2.970851 -1.432296 -2.764881
v 3.052412 -1.147674 -2.783525
v 3.015258 -0.857014 -2.187813
v 3.017814 -0.836451 -2.496799
v 3.012370 -0.537761 -2.509196
v 3.089764 -0.558156 -2.199547
v 3.028146 -0.236992 -2.518139
v 3.043841 -0.252997 -2.209098
v 3.036955 0.062013 -2.522629
v 3.034247 0.046602 -2.212324
v 3.024012 -0.828794 -2.804985
v 3.066580 -0.528738 -2.817247
v 3.026707 -0.222132 -2.828964
v 3.040627 0.072757 -2.833385
v 2.783363 -1.629423 -3.608956
v 2.920359 -1.367823 -3.654764
v 2.999501 -1.092512 -3.691428
v 2.819871 -1.677975 -3.037782
v 2.966533 -1.417159 -3.065634
v 3.052280 -1.132561 -3.089685
v 2.958740 -1.396828 -3.362486
v 3.043509 -0.808649 -3.723713
v 3.048542 -0.515813 -3.752218
v 3.031946 -0.217643 -3.766669
v 3.037036 0.080252 -3.772923
v 3.013535 -0.515895 -3.436866
v 3.037537 -0.813158 -3.419020
v 3.068385 -0.216424 -3.457317
v 3.005785 0.089572 -3.458933
v 3.028011 -0.815374 -3.112205
v 3.027479 -0.516769 -3.131515
v 3.035261 -0.216207 -3.138661
v 3.024094 0.079370 -3.145001
v -3.545039 0.428492 4.372263
v -3.541151 0.423330 4.028152
v -3.554803 0.728816 4.351471
v -3.551021 0.719006 4.001104
v -3.532551 1.024437 4.321133
v -3.545129 1.021949 3.966927
v -3.488582 1.306345 4.281531
v -3.567230 0.437250 4.716450
v -3.529733 0.735468 4.694436
v -3.538563 1.035487 4.662979
v -3.450582 1.317524 4.624299
v -3.535099 0.439811 5.043238
v -3.517143 0.735620 5.019063
v -3.457644 1.027306 4.989618
v -3.373531 1.310736 4.949207
v -3.520109 1.305303 3.928794
v -3.369486 1.572381 4.238931
v -3.406004 1.568735 3.890303
v -3.159883 1.824823 4.168427
v -3.313555 1.577562 4.574471
v -3.096297 1.824871 4.486693
v -2.823325 2.047394 4.048370
v -3.194478 1.826916 3.831273
v -3.631270 0.414131 3.664963
v -3.577409 0.709921 3.640896
v -3.539028 1.003772 3.607784
v -3.192127 1.808398 3.485046
v -3.188596 1.812281 3.132090
v -3.420433 1.561738 3.533375
v -3.541599 1.299725 3.568362
v -2.831148 2.042605 3.083164
v -2.839279 2.040093 3.733370
v -2.833864 2.030467 3.407895
v -3.701663 0.382775 3.296504
v -3.730175 0.353323 2.935428
v -3.575985 0.684859 2.917730
v -3.702047 0.337965 2.579121
v -3.608444 0.316590 2.221989
v -3.544291 0.626973 2.197725
v -3.610743 0.651362 2.552827
v -3.533779 0.953371 2.522900
v -3.515777 0.925843 2.168595
v -3.541868 1.257939 2.484882
v -3.558921 0.296692 1.879291
v -3.553641 0.606692 1.850679
v -3.523404 0.912013 1.817974
v -3.522766 1.238522 2.128085
v -3.196289 1.811801 2.782971
v -3.427680 1.553051 3.172716
v -3.427227 1.530361 2.455671
v -3.424568 1.540635 2.814060
v -3.401030 1.508393 2.099755
v -3.189508 1.800985 2.431964
v -3.504082 1.217002 1.777935
v -3.379276 1.491946 1.748612
v -3.164446 1.775876 2.082913
v -2.814015 2.026061 2.751416
v -2.778699 2.005283 2.085353
v -2.767341 1.995883 1.753057
v -3.133254 1.749748 1.739254
v -3.554451 0.282288 1.542336
v -3.552370 0.596104 1.514129
v -3.530852 0.907739 1.475313
v -3.551793 0.267432 1.215166
v -3.537974 -0.045606 1.240695
v -3.586279 0.593632 1.177255
v -3.539572 0.903766 1.144066
v -3.458020 1.196209 1.109479
v -3.567929 0.256780 0.890721
v -3.475770 1.197819 1.438120
v -3.340424 1.474383 1.407915
v -3.125696 1.745255 1.396171
v -2.757887 1.969803 1.424374
v -3.536641 0.328719 -1.510625
v -3.506511 0.630177 -1.492424
v -3.540971 0.336920 -1.825543
v -3.528064 0.940053 -1.475162
v -3.515215 0.632021 -1.808057
v -3.544559 0.333207 -2.144896
v -3.524603 0.933570 -1.791661
v -3.536679 0.630654 -2.129958
v -3.570213 0.032993 -2.478146
v -3.541956 0.326558 -2.468975
v -3.530417 0.620551 -2.450947
v -3.547003 0.317068 -2.794166
v -3.523329 0.908132 -2.766706
v -3.590243 0.602099 -3.117639
v -3.578143 0.614358 -2.785036
v -3.527989 0.307110 -3.122083
v -3.511788 0.299270 -3.443684
v -3.527165 0.597605 -3.439228
v -3.545408 0.898379 -3.426313
v -3.535209 0.907787 -3.097208
v -3.501665 1.182690 -3.400888
v -3.474449 0.138406 5.355461
v -3.315525 0.422511 5.638088
v -3.456066 0.434099 5.348049
v -3.273843 0.715540 5.617754
v -3.423201 0.728835 5.330135
v -3.207038 1.002754 5.581529
v -3.359452 1.019591 5.299523
v -3.108548 1.278152 5.527944
v -3.143917 0.110784 5.901723
v -2.894532 0.382497 6.111066
v -3.123337 0.404297 5.894994
v -2.861901 0.672115 6.090599
v -3.084172 0.695414 5.872972
v -2.809885 0.955412 6.052886
v -3.021782 0.980094 5.833118
v -2.938641 1.256451 5.779541
v -2.981431 1.539143 5.458190
v -3.116471 1.557047 5.188026
v -3.253849 1.296027 5.250703
v -2.804097 1.777041 5.346128
v -2.925424 1.806701 5.085002
v -2.736001 1.227699 5.994692
v -2.819799 1.510777 5.698854
v -2.639382 1.484112 5.912556
v -2.675575 1.749957 5.593199
v -2.463246 1.970408 5.428634
v -2.570598 1.999087 5.192470
v -3.225633 1.568863 4.891689
v -3.015915 1.810486 4.792955
v -2.778152 2.028966 4.353379
v -2.655927 2.011965 4.929936
v -2.732868 2.030076 4.650255
v -2.435555 2.146749 3.926298
v -2.425210 2.162570 4.218388
v -2.398331 2.151674 4.502421
v -2.352463 2.149707 4.773392
v -2.051672 2.166448 4.085765
v -2.049820 2.195386 4.357879
v -2.040558 2.147166 3.808876
v -2.434225 2.135948 3.630733
v -2.426674 2.140659 3.332712
v -2.025146 2.121728 3.533324
v -2.007327 2.099181 3.257204
v -1.978967 2.089476 2.977151
v -1.636319 1.998646 3.445727
v -1.611431 1.961249 3.190376
v -1.582836 1.939452 2.932432
v -1.550454 1.921722 2.672077
v -1.659703 2.037165 3.699527
v -2.357104 2.109076 2.409560
v -2.383132 2.107533 2.719805
v -2.335894 2.099539 2.092865
v -1.949849 2.072451 2.692997
v -1.911809 2.059407 2.404937
v -1.874764 2.051091 2.108102
v -1.502487 1.897003 2.408130
v -1.211747 1.691770 2.659603
v -3.529198 0.573949 0.865006
v -3.533341 0.894537 0.830993
v -3.426246 1.189000 0.801085
v -3.077496 1.712475 1.070661
v -2.745019 1.949594 1.108613
v -3.263483 1.463494 0.771833
v -3.307462 1.467156 1.079666
v -3.045823 1.709965 0.761851
v -2.326508 2.091579 1.776831
v -2.329500 2.079493 1.463696
v -2.346991 2.079739 1.151655
v -2.736259 1.933137 0.804992
v -1.926396 2.106025 1.188139
v -3.516456 -0.078565 0.603059
v -3.531842 0.572706 0.564734
v -3.525073 0.245225 0.589290
v -3.496290 0.885695 0.538551
v -3.378449 1.184407 0.512136
v -3.469077 0.891435 0.258952
v -3.542066 0.579730 0.276135
v -3.343763 1.191159 0.239786
v -3.527195 0.336844 0.032573
v -3.550552 -0.091716 0.003546
v -3.538248 0.247472 0.289865
v -3.511309 0.578212 -0.001036
v -3.446072 0.894582 -0.011898
v -3.318008 1.195837 -0.020645
v -3.532566 0.260832 -0.310780
v -3.507088 0.280357 -0.598148
v -3.523607 0.589190 -0.300691
v -3.540208 0.609010 -0.592057
v -3.477169 0.917293 -0.582070
v -3.455302 0.903484 -0.298708
v -3.351390 1.211367 -0.571849
v -3.321259 1.203203 -0.296426
v -2.999435 1.708012 0.477177
v -2.715440 1.919024 0.521003
v -3.215170 1.463385 0.485934
v -3.165355 1.464414 0.220912
v -2.948415 1.707765 0.208904
v -2.695865 1.913906 0.236690
v -3.139887 1.472988 -0.029978
v -3.177683 1.481611 -0.562566
v -3.140298 1.476277 -0.295144
v -2.918225 1.721188 -0.301235
v -2.713727 1.915424 -0.599374
v -2.960642 1.720178 -0.565059
v -2.687051 1.907480 -0.322190
v -2.389137 2.077786 0.550101
v -2.673244 1.905562 -0.043773
v -2.914102 1.724754 -0.039410
v -2.399681 2.066676 -0.040538
v -3.589269 0.316850 -1.199082
v -3.514564 0.621348 -1.185551
v -3.474826 1.224302 -1.455633
v -3.535455 0.939576 -1.165663
v -3.538434 -0.012179 -0.901207
v -3.502431 0.300921 -0.889523
v -3.544571 0.623271 -0.880558
v -3.437960 1.224631 -1.146391
v -3.501621 0.926693 -0.869054
v -3.390290 1.217911 -0.852875
v -3.141339 1.735217 -1.430357
v -2.817760 1.940308 -1.158711
v -2.864608 1.944993 -1.460530
v -2.913929 1.959832 -1.764925
v -3.231037 1.490018 -0.836626
v -3.017723 1.719946 -0.835751
v -2.760352 1.914952 -0.874436
v -2.540796 2.090858 -1.498129
v -2.583696 2.105757 -1.791576
v -2.461546 2.071633 -0.920337
v -2.497770 2.076431 -1.206827
v -2.192600 2.150440 -1.539306
v -2.160437 2.145043 -1.250502
v -2.229928 2.167174 -1.827612
v -2.134142 2.145331 -0.957618
v -3.233954 1.750061 -2.076080
v -3.187571 1.738586 -1.752077
v -3.021292 1.951570 -2.995414
v -3.259513 1.726198 -3.025356
v -3.262192 1.737885 -2.712493
v -3.007123 1.959242 -2.690999
v -2.954169 1.969221 -2.074380
v -2.986501 1.968011 -2.383415
v -2.665664 2.121974 -2.387900
v -2.705751 2.125421 -2.685206
v -2.623867 2.115387 -2.088646
v -2.269578 2.169566 -2.117097
v -2.319132 2.187575 -2.406278
v -2.372550 2.209667 -2.692191
v -2.417924 2.211149 -2.979326
v -2.730957 2.111308 -2.979082
v -1.913254 2.136977 -2.154019
v -1.875140 2.124868 -1.867220
v -1.965000 2.176002 -2.436451
v -3.545408 0.295740 -3.783696
v -3.545829 0.591813 -3.771423
v -3.523991 0.882773 -3.746789
v -3.459986 1.167420 -3.715518
v -3.490166 0.288757 -4.091788
v -3.476521 0.582777 -4.078783
v -3.436275 0.872145 -4.053751
v -3.367705 1.152612 -4.016790
v -3.365886 0.285200 -4.382685
v -3.347208 0.577912 -4.370741
v -3.303702 0.864199 -4.342237
v -3.236277 1.140110 -4.299103
v -3.349288 1.436762 -3.675145
v -3.013192 1.924438 -3.290244
v -3.237368 1.704486 -3.333284
v -3.264637 1.418648 -3.967186
v -3.128719 1.668556 -3.907221
v -2.996312 1.902313 -3.572819
v -3.194418 1.682745 -3.627211
v -3.147351 1.403300 -4.243643
v -2.748438 2.098071 -3.265219
v -2.891427 1.829227 -4.084858
v -3.023505 1.641336 -4.170264
v -2.947460 1.860471 -3.835269
v -2.745114 2.064242 -3.541712
v -2.729543 2.026873 -3.797574
v -2.488373 2.081310 -4.058867
v -2.679497 1.927159 -4.222153
v -2.712101 1.980486 -4.019780
v -3.189730 0.285503 -4.646263
v -3.130392 0.860518 -4.604284
v -3.166560 0.575479 -4.630310
v -3.068952 1.134649 -4.557725
v -2.976687 0.289999 -4.875319
v -2.953883 0.578575 -4.858430
v -2.857699 1.135706 -4.774444
v -2.915027 0.861777 -4.826310
v -2.732973 0.296831 -5.064671
v -2.709240 0.584106 -5.045236
v -2.671252 0.866992 -5.009492
v -2.620264 1.143155 -4.955500
v -2.988339 1.395337 -4.495883
v -2.777056 1.800817 -4.316529
v -2.883011 1.635293 -4.415096
v -2.785320 1.398812 -4.706059
v -2.685667 1.637823 -4.605664
v -2.595915 1.821041 -4.471211
v -2.519753 1.976204 -4.290663
v -2.460574 1.642992 -4.753934
v -2.383749 1.850862 -4.591832
v -2.568736 0.931836 6.232401
v -2.504950 1.200813 6.173163
v -2.426434 1.453955 6.090607
v -2.515399 1.723453 5.799172
v -2.288455 2.145567 5.027876
v -2.213972 2.116651 5.282244
v -2.037815 1.817285 6.012865
v -2.113055 1.654266 6.124941
v -2.122825 2.070589 5.520985
v -2.340414 1.932022 5.652641
v -1.956649 1.954244 5.891279
v -2.200729 1.875271 5.847237
v -2.032700 2.015217 5.741206
v -1.885334 2.174143 5.404267
v -1.941951 2.200361 5.151490
v -1.807427 1.831197 6.088007
v -1.633704 2.223367 5.305322
v -1.594436 2.164400 5.578633
v -1.668965 2.224692 5.030750
v -1.573105 1.881697 6.072712
v -1.776580 2.008922 5.879560
v -1.566472 2.054405 5.843046
v -2.026794 2.199414 4.623642
v -1.691143 2.082486 3.963127
v -1.712562 2.127354 4.227988
v -1.709356 2.178480 4.490353
v -1.990905 2.207970 4.889903
v -1.408970 1.989677 4.115674
v -1.368517 1.901899 3.857723
v -1.161722 1.791787 4.026961
v -1.695790 2.202926 4.759327
v -1.421151 2.066185 4.373334
v -1.415445 2.146542 4.635973
v -1.405125 2.210833 4.913437
v -1.163208 1.920292 4.261810
v -0.550838 0.594884 2.917616
v -0.590437 0.625504 3.141274
v -0.512690 0.287026 3.153249
v -0.662424 0.913872 2.907420
v -0.697291 0.947355 3.128624
v -0.813678 1.206899 2.898596
v -0.846520 1.241473 3.119161
v -0.998279 1.466170 2.894875
v -1.029237 1.499319 3.117335
v -1.252303 1.731399 3.133504
v -1.303393 1.816346 3.602000
v -1.307460 1.780432 3.373877
v -1.071290 1.557266 3.345828
v -1.118668 1.646744 3.788061
v -1.234821 1.703059 2.898830
v -0.518384 0.569952 2.687800
v -0.634898 0.885955 2.679412
v -0.784474 1.180844 2.670888
v -0.970255 1.446826 2.663794
v -0.501554 0.547345 2.454731
v -0.606684 0.865902 2.448853
v -0.758986 1.159790 2.439215
v -0.949553 1.424964 2.425805
v -0.733738 1.142672 2.205327
v -0.917070 1.411212 2.184850
v -0.481218 0.527074 2.221730
v -0.586682 0.845234 2.217204
v -0.882452 1.398921 1.940162
v -0.555570 0.823758 1.987602
v -0.699957 1.124515 1.971783
v -0.453176 0.504956 1.992375
v -0.510222 0.797206 1.761154
v -0.649671 1.101382 1.741432
v -0.833970 1.390463 1.693785
v -1.861914 2.053543 1.804131
v -1.426437 1.860511 2.127346
v -1.405196 1.863247 1.844573
v -1.179391 1.671970 2.411477
v -1.125920 1.631209 2.156174
v -1.095625 1.629237 1.898489
v -1.054904 1.668973 1.565796
v -0.414315 0.478875 1.767118
v -1.986636 2.131173 0.878523
v -2.369117 2.079553 0.851104
v -1.446174 1.919582 1.533084
v -1.881371 2.052972 1.495491
v -1.601634 2.109692 0.897246
v -1.505955 2.012249 1.209507
v -2.034919 2.160683 0.573695
v -1.095970 1.816178 1.191500
v -1.240883 2.024834 0.885485
v -1.677898 2.191451 0.587515
v -1.337214 2.165975 0.574406
v -2.414471 2.060909 -0.338646
v -2.091946 2.181374 -0.045156
v -2.109937 2.177336 -0.354928
v -2.431649 2.059685 -0.630340
v -1.731130 2.236539 0.267639
v -2.069640 2.185806 0.267707
v -1.765763 2.257510 -0.055413
v -1.782665 2.237766 -0.376094
v -1.399636 2.254020 0.253537
v -1.436004 2.283898 -0.074841
v -1.447621 2.265546 -0.403563
v -1.843656 2.124228 -1.580239
v -1.817621 2.136827 -1.290641
v -1.797978 2.171332 -0.996211
v -1.486358 2.065642 -1.329593
v -1.516119 2.022626 -1.618118
v -2.118941 2.163111 -0.658739
v -1.788105 2.213044 -0.690337
v -1.463166 2.117386 -1.036607
v -1.445580 2.199662 -0.724503
v -1.142385 1.998024 -1.089423
v -1.065546 2.117357 -0.775033
v -1.571516 2.022238 -2.198743
v -1.544641 2.002548 -1.908219
v -1.619645 2.065563 -2.484737
v -2.032167 2.211573 -2.716287
v -1.699446 2.147486 -2.750311
v -1.244375 1.823769 -1.946225
v -1.394266 2.014398 -2.809404
v -1.286114 1.843407 -2.556360
v -2.096037 2.252308 -2.998210
v -2.455220 2.209656 -3.262284
v -2.150990 2.258436 -3.283886
v -2.193393 2.251470 -3.567776
v -2.261753 2.137194 -4.125481
v -2.227618 2.221279 -3.849735
v -1.914869 2.288854 -3.614322
v -2.021066 2.177998 -4.197164
v -1.966702 2.249317 -3.908923
v -1.853273 2.267474 -3.321953
v -1.781970 2.218518 -3.033374
v -1.706198 2.268391 -3.972383
v -1.570206 2.252052 -3.371378
v -1.641574 2.284187 -3.671386
v -1.372984 2.274340 -3.732370
v -1.442158 2.271255 -4.033401
v -2.466398 0.303370 -5.207619
v -2.440675 0.588919 -5.186982
v -2.402781 0.870582 -5.146219
v -2.358100 1.148411 -5.092968
v -2.159116 0.591082 -5.270817
v -2.182706 0.306202 -5.284606
v -2.127797 0.874761 -5.242698
v -2.312093 2.017294 -4.379074
v -2.297381 1.414899 -5.007057
v -2.221588 1.660306 -4.878315
v -2.148661 1.871860 -4.692335
v -2.083526 1.151281 -5.195253
v -2.028699 1.418667 -5.104820
v -2.081036 2.045769 -4.461458
v -1.770156 2.196354 -4.265788
v -1.833435 2.070187 -4.539321
v -1.693075 1.667920 -5.042337
v -1.962572 1.666070 -4.970178
v -1.634921 1.901758 -4.848064
v -1.897328 1.886943 -4.774714
v -1.571950 2.077987 -4.602626
v -1.509766 2.201344 -4.327879
v -1.242622 2.207237 -4.384510
v -1.174873 2.256363 -4.089508
v -1.363233 1.903365 -4.902661
v -1.304074 2.087972 -4.660937
v -1.873186 0.302789 -5.258871
v -1.861902 0.588404 -5.273303
v -1.840664 0.874852 -5.281457
v -1.560441 0.581474 -5.249399
v -1.541805 0.871990 -5.251596
v -1.513605 1.152306 -5.282120
v -1.581782 0.295334 -5.312799
v -1.288281 0.300786 -5.356442
v -1.273432 0.575424 -5.391131
v -1.254359 0.865042 -5.321093
v -1.219512 1.138877 -5.260097
v -1.800442 1.152072 -5.263601
v -1.751314 1.419791 -5.177732
v -1.468858 1.416582 -5.227744
v -1.418839 1.665645 -5.097484
v -1.187419 1.417631 -5.258047
v -1.142450 1.671503 -5.144273
v -1.384786 2.229078 5.206789
v -1.356817 2.193019 5.505774
v -1.327472 1.927090 6.060483
v -1.334044 2.089744 5.796634
v -1.118908 2.206077 5.427675
v -1.093693 2.121011 5.742409
v -1.077307 1.955662 6.026876
v -0.916240 2.173790 5.000623
v -1.144766 2.205800 5.105780
v -0.884963 2.196292 5.340495
v -0.823989 1.994576 5.987969
v -0.850759 2.142112 5.677101
v -0.654363 2.189696 5.254464
v -0.609264 2.160592 5.604630
v -0.569119 2.021537 5.929585
v -1.163313 2.038459 4.518014
v -1.159488 2.150812 4.796902
v -0.978736 1.565125 3.947557
v -0.954603 1.728874 4.160639
v -0.941364 1.900324 4.399282
v -0.936743 2.062637 4.682158
v -0.743015 1.759539 4.280980
v -0.751758 1.432931 4.012564
v -0.726589 1.985446 4.571442
v -0.528106 1.656233 4.171806
v -0.513920 1.920825 4.492272
v -0.632426 0.666177 3.358502
v -0.737468 0.989235 3.343280
v -0.881797 1.285203 3.336213
v -0.805930 1.040452 3.543177
v -0.731923 0.711559 3.547391
v -0.943871 1.094068 3.712893
v -0.904385 0.757510 3.684285
v -0.929746 1.333017 3.537620
v -1.005662 1.401861 3.745807
v -1.083396 1.567515 3.543069
v -0.782265 0.911883 3.662338
v -0.873342 0.413232 3.669019
v -0.664481 0.984049 3.811827
v -0.474501 1.003816 3.748908
v -0.515254 1.370050 3.952680
v -0.274651 0.990521 3.745164
v -0.306703 1.334476 3.934284
v -0.324977 1.635450 4.160272
v -0.367978 0.448854 1.543694
v -0.451043 0.765079 1.539792
v -0.573720 1.067152 1.524024
v -0.732395 1.348663 1.489541
v -0.391180 0.380651 1.113540
v -0.344161 0.416276 1.318860
v -0.416862 0.681866 1.108678
v -0.407114 0.730459 1.317255
v -0.459364 0.995579 1.085943
v -0.514695 1.032844 1.306280
v -0.561605 1.286781 1.071045
v -0.663439 1.317137 1.282820
v -0.965434 1.977058 0.779897
v -0.857612 1.525546 1.443782
v -0.853142 1.577001 1.256870
v -0.856719 1.787580 0.946071
v -0.715124 1.931698 0.631116
v -0.707056 1.551339 1.033488
v -0.673519 1.718200 0.739952
v -0.430823 1.944000 0.637178
v -1.086227 2.252774 0.217670
v -1.040018 2.137676 0.514027
v -1.111497 2.292392 -0.100434
v -0.749411 2.131006 0.452621
v -0.778110 2.247173 0.189681
v -0.470504 2.239443 0.192494
v -0.476809 2.279288 -0.084225
v -0.792573 2.281097 -0.106371
v -0.452983 2.113052 0.434625
v -0.157875 2.127240 0.458162
v -0.159952 2.279939 -0.056575
v -0.357584 0.508685 -1.620141
v -0.417691 0.495805 -1.404160
v -0.445121 0.835304 -1.598020
v -0.482828 0.814976 -1.379429
v -0.242837 0.201375 -1.288364
v -0.255747 0.530395 -1.293834
v -0.290034 0.837996 -1.287480
v -0.373449 1.158069 -1.242071
v -1.111721 2.250600 -0.424872
v -0.785743 2.237797 -0.406205
v -0.964928 1.729036 -1.416629
v -1.191129 1.917740 -1.361068
v -0.850767 1.787078 -1.161247
v -1.013564 1.680830 -1.691267
v -0.636200 1.121418 -1.793536
v -0.573325 1.155371 -1.563283
v -0.503969 0.811087 -1.827332
v -0.801713 1.417793 -1.748699
v -0.750705 1.458485 -1.504621
v -0.750132 2.117222 -0.665864
v -0.447964 2.119159 -0.601203
v -0.468442 2.228704 -0.356423
v -0.155368 2.242429 -0.325848
v -0.683683 1.470124 -1.276684
v -0.483506 1.470993 -1.156447
v -0.596088 1.750921 -1.027435
v -0.485273 0.456771 -2.081977
v -0.421647 0.485725 -1.847260
v -0.565758 0.778633 -2.063669
v -0.687196 1.086090 -2.035786
v -0.847193 1.370183 -2.001602
v -0.545852 0.425513 -2.322474
v -0.621489 0.743287 -2.304705
v -0.733893 1.048041 -2.280437
v -0.882456 1.331903 -2.256587
v -0.891338 0.342251 -2.658005
v -0.693656 0.387075 -2.493021
v -0.910329 0.636429 -2.672293
v -0.723192 0.698409 -2.518470
v -0.946522 0.922781 -2.685756
v -0.785525 1.006694 -2.521330
v -0.992303 1.202694 -2.703663
v -0.896591 1.301360 -2.507898
v -1.274418 1.823584 -2.235964
v -1.031090 1.622010 -1.970554
v -1.057736 1.588489 -2.241189
v -1.064726 1.574489 -2.509003
v -1.038939 1.476388 -2.728499
v -1.093317 1.700207 -2.774131
v -0.668156 0.319625 -2.549888
v -0.687219 0.633776 -2.549906
v -0.713892 0.918738 -2.586081
v -0.740698 1.194192 -2.658386
v -0.444070 0.315362 -2.521496
v -0.454339 0.612186 -2.557617
v -0.472558 0.898912 -2.622307
v -0.225269 0.302618 -2.607484
v -0.235936 0.596496 -2.640543
v -0.249702 0.882112 -2.702547
v -0.500233 1.170011 -2.715124
v -1.488908 2.160683 -3.079289
v -1.142372 1.914268 -2.925136
v -1.301580 2.213620 -3.438225
v -1.036627 2.170964 -3.509006
v -1.106468 2.246977 -3.793057
v -1.224853 2.093273 -3.165174
v -0.963061 2.041622 -3.248877
v -0.776977 1.447081 -2.762534
v -0.890098 1.859280 -3.035695
v -0.772381 2.147992 -3.579448
v -0.705553 2.010330 -3.337632
v -0.538105 1.419969 -2.833932
v -0.826005 1.669600 -2.882350
v -0.643439 1.835751 -3.132174
v -0.587187 1.645040 -2.975154
v -0.507907 2.133439 -3.644644
v -0.570040 2.221920 -3.909769
v -0.277383 1.151824 -2.793725
v -0.313336 1.402286 -2.911792
v -0.399634 1.824397 -3.208378
v -0.355897 1.629057 -3.053621
v -0.240876 2.139991 -3.695548
v -0.188701 2.005135 -3.459813
v -0.299436 2.226726 -3.960415
v -0.905665 2.249760 -4.143646
v -0.839691 2.226498 -3.853582
v -0.969356 2.202080 -4.432805
v -0.753881 2.078641 -4.745910
v -0.812214 1.898379 -4.988714
v -1.029504 2.084209 -4.705849
v -0.633072 2.251203 -4.193857
v -0.694012 2.198716 -4.478436
v -0.537378 1.891020 -5.024822
v -0.479959 2.073216 -4.787107
v -0.418937 2.196071 -4.521186
v -0.359520 2.246802 -4.240794
v -0.207657 2.072347 -4.824845
v -0.999685 0.285540 -5.353263
v -0.984494 0.565970 -5.271636
v -0.959303 0.843321 -5.256492
v -0.718344 0.269997 -5.363862
v -0.702125 0.553838 -5.302122
v -0.680140 0.831008 -5.267497
v -0.436865 0.254689 -5.357409
v -0.446469 -0.025820 -5.365683
v -0.422331 0.542595 -5.350000
v -0.402961 0.819313 -5.275034
v -0.934704 1.124647 -5.274677
v -0.904869 1.407330 -5.277750
v -0.865548 1.657244 -5.179512
v -0.624006 1.394124 -5.287001
v -0.653648 1.114269 -5.273118
v -0.586259 1.645108 -5.202447
v -0.263192 1.878622 -5.046383
v -0.315092 2.049367 5.856239
v -0.369456 2.159163 5.524635
v -0.427219 2.177675 5.172934
v -0.274944 1.836687 6.126617
v -0.006145 1.885171 6.065384
v -0.130598 2.169191 5.446102
v -0.061932 2.063375 5.774476
v -0.202111 2.168227 5.096556
v 0.108376 2.183853 5.368563
v 0.191656 2.098218 5.702168
v 0.261302 1.915065 5.991518
v 0.443286 2.118381 5.616054
v 0.346782 2.195131 5.284158
v 0.246959 2.173419 4.947954
v -0.072822 0.985572 3.736875
v -0.104455 1.321152 3.917320
v -0.478711 2.097845 4.822239
v -0.696428 2.126776 4.905226
v -0.310199 1.878357 4.441980
v -0.053567 2.050446 4.695852
v -0.266267 2.058229 4.758498
v 0.022747 2.157479 5.024913
v 0.100267 1.866234 4.355326
v 0.084041 1.612299 4.128156
v -0.103223 1.858603 4.404909
v 0.160937 2.043967 4.638335
v 0.365038 2.071637 4.548564
v 0.280082 1.569207 4.158050
v 0.302632 1.843981 4.322672
v 0.093632 0.944720 3.844555
v 0.095750 1.293833 3.944573
v 0.263821 1.235995 4.051086
v 0.272550 0.898150 3.954843
v 0.298505 0.559732 3.869447
v 0.106037 0.559509 3.744833
v 0.108216 0.930243 3.794990
v 0.290950 1.625535 3.957920
v 0.164525 1.288670 3.861497
v -0.304868 0.309292 1.203331
v -0.221004 0.299621 0.984313
v -0.298350 0.624295 1.200901
v -0.211690 0.597819 0.977175
v -0.247560 0.938263 1.182811
v -0.202728 0.896471 0.952817
v -0.166731 1.241422 1.144620
v -0.416548 1.741647 0.786983
v -0.153085 1.952225 0.645249
v -0.188625 1.188966 0.913016
v -0.066407 1.528955 1.072345
v 0.255355 1.824980 1.127339
v 0.367811 2.042622 0.875655
v 0.044800 1.787483 0.938571
v 0.109922 1.995448 0.751284
v -0.160000 2.240376 0.214016
v 0.134615 2.157541 0.517594
v 0.454862 2.282101 0.284927
v 0.149592 2.255111 0.249193
v 0.425250 2.189904 0.584525
v 0.466115 2.318905 -0.021132
v 0.156352 2.291652 -0.033595
v 0.158034 2.261977 -0.318627
v 0.719575 2.230396 0.634017
v 0.646914 2.101208 0.976756
v 0.756997 2.313591 0.307607
v 0.769189 2.334550 -0.016873
v 0.461689 2.282788 -0.330191
v 1.023427 2.264564 0.641077
v 0.967333 2.182448 0.981502
v -0.156062 0.205312 -1.118551
v -0.167225 0.503547 -1.134632
v -0.171827 0.832827 -1.120425
v -0.216764 1.147907 -1.095843
v -0.210248 0.188036 -0.926343
v -0.203368 0.494964 -0.924421
v -0.188008 0.803381 -0.911550
v -0.173195 1.114888 -0.894586
v -0.101261 -0.140347 -1.139904
v -0.226843 0.172581 -1.373044
v -0.108398 0.190209 -1.145892
v -0.220658 0.494781 -1.344438
v -0.114816 0.487113 -1.111219
v -0.182605 0.812581 -1.307203
v -0.131425 0.802077 -1.103327
v -0.088924 1.126119 -1.274590
v -0.285142 0.166711 -1.556165
v -0.249516 0.485746 -1.543390
v -0.175194 0.803080 -1.519548
v -0.062318 1.113834 -1.483392
v -0.297425 1.458908 -1.037048
v -0.371117 1.737347 -0.927877
v -0.165332 1.429546 -0.881590
v -0.154641 1.729798 -0.860775
v -0.151573 1.950984 -0.746894
v 0.113992 1.960915 -0.810524
v -0.147969 2.135885 -0.563298
v 0.145447 2.147358 -0.588387
v -0.039640 1.432168 -1.034565
v -0.104546 1.116291 -1.078890
v 0.046280 1.729378 -0.954921
v 0.381724 1.973809 -0.971510
v 0.438284 2.173424 -0.637440
v 0.044382 1.434809 -1.215502
v 0.203571 1.724733 -1.115731
v 0.087642 1.413825 -1.425454
v 0.267467 1.684702 -1.344988
v 0.728487 2.229706 -0.652313
v 0.757161 2.306827 -0.337645
v 1.020131 2.272025 -0.657552
v -0.046455 1.088509 -1.718115
v 0.108614 1.367903 -1.672451
v -0.067830 0.296807 -2.753016
v -0.043827 0.592617 -2.761288
v -0.042123 0.872718 -2.803877
v 0.038470 0.288595 -2.992843
v 0.302745 0.298928 -3.054171
v 0.062946 0.567945 -2.991617
v 0.310344 0.577260 -3.079512
v 0.101224 0.849168 -2.996403
v 0.318757 0.859050 -3.109181
v 0.131397 1.127832 -3.012098
v 0.094357 0.347679 -2.943211
v 0.121320 0.638359 -2.940965
v 0.148967 0.912469 -2.948426
v 0.334841 1.124694 -3.142448
v -0.063051 1.141299 -2.881695
v -0.091978 1.393305 -2.987483
v -0.123815 1.624364 -3.120701
v -0.153997 1.820099 -3.268958
v 0.121141 1.631246 -3.165051
v 0.029768 2.175720 -3.736494
v 0.082559 2.025455 -3.492239
v 0.132065 1.388705 -3.070954
v 0.352057 1.386542 -3.179497
v 0.384273 1.637173 -3.210851
v 0.109787 1.831860 -3.288694
v 0.357780 2.091589 -3.507068
v 0.203593 1.191988 -2.954031
v 0.309781 1.455685 -2.942824
v 0.714805 2.082137 -3.302063
v 0.449981 1.884369 -3.281301
v 0.451728 1.679758 -2.944817
v -0.027797 2.246598 -4.007447
v -0.145035 2.193964 -4.561977
v -0.086215 2.252231 -4.285652
v 0.125851 2.197997 -4.598019
v 0.063652 2.064345 -4.852041
v 0.185036 2.268966 -4.324874
v 0.393284 2.193947 -4.621902
v 0.330445 2.056448 -4.872769
v 0.007761 1.866651 -5.065346
v 0.241541 2.269870 -4.043821
v 0.654615 2.180900 -4.632113
v 0.507819 2.295857 -4.074007
v 0.452150 2.269453 -4.349993
v 0.590546 2.037820 -4.875822
v 0.911393 2.158485 -4.633512
v 0.532703 1.843397 -5.087699
v 0.842773 2.017061 -4.870445
v -0.158518 0.245322 -5.414258
v -0.172322 -0.037317 -5.356349
v -0.143991 0.531012 -5.359268
v -0.126130 0.811100 -5.287144
v 0.133087 0.224961 -5.362027
v 0.114017 -0.050188 -5.427383
v 0.136898 0.518530 -5.363577
v 0.149200 0.804066 -5.260990
v 0.398520 0.227544 -5.365600
v 0.390192 -0.059965 -5.369887
v 0.419537 0.491526 -5.333858
v 0.434904 0.784413 -5.228905
v 0.431181 1.082936 -5.273210
v 0.676173 0.224441 -5.376733
v 0.689859 0.501243 -5.352501
v 0.708292 0.779581 -5.249966
v 0.700397 1.066885 -5.268890
v -0.310306 1.629802 -5.209661
v 0.273669 1.853872 -5.079630
v -0.039904 1.614898 -5.219169
v 0.168309 1.090739 -5.295774
v 0.454049 1.347376 -5.275475
v 0.191773 1.354639 -5.278164
v 0.483836 1.588865 -5.233616
v 0.711924 1.349254 -5.277575
v 0.734939 1.590877 -5.236359
v 1.340921 0.588745 6.412307
v 1.339531 0.263021 6.368972
v 1.306394 0.903121 6.379531
v 0.527097 1.951213 5.916005
v 0.691741 2.136054 5.516591
v 0.789614 1.977086 5.823094
v 0.869086 1.749045 6.082784
v 0.931702 2.147263 5.397198
v 1.044757 1.990377 5.710532
v 1.141376 1.769530 5.987405
v 0.977674 1.192046 6.405616
v 1.265348 1.213469 6.309663
v 1.211090 1.498316 6.185202
v 1.163732 2.155249 5.265703
v 1.293983 2.004860 5.587058
v 0.468123 2.182114 4.853371
v 0.581368 2.208283 5.184482
v 0.417552 1.883270 4.146263
v 0.672878 2.190695 4.722146
v 0.805134 2.214788 5.059426
v 1.018083 2.211376 4.919209
v 0.864853 2.201808 4.570497
v 0.539147 1.912866 3.949790
v 0.706481 2.094377 4.239417
v 0.874290 2.129024 4.070896
v 1.388039 2.150776 5.124118
v 1.228859 2.230044 4.779662
v -0.004974 0.216023 3.511394
v -0.072709 0.242795 3.277562
v -0.003387 0.592652 3.545657
v -0.023734 0.628873 3.292470
v 0.069104 0.965602 3.574562
v 0.078972 1.006251 3.317896
v 0.196527 1.324386 3.627949
v -0.094883 -0.113924 3.001577
v -0.089040 0.274823 3.014077
v -0.024749 0.659099 3.027095
v 0.098713 1.031773 3.046033
v 0.234897 1.368719 3.367932
v 0.365001 1.661334 3.734145
v 0.543894 1.751139 3.177629
v 0.284232 1.385620 3.082952
v 0.452963 1.701599 3.472729
v 0.852159 2.036193 3.509177
v 0.673620 1.956824 3.743954
v 0.861804 2.035567 3.254906
v 1.066530 2.189176 3.925861
v 0.235181 1.366034 2.771370
v 0.708206 1.911970 3.069449
v 0.440303 1.651280 2.770486
v 0.642514 1.858565 2.725243
v 0.597495 1.835179 2.385725
v 0.809991 1.994627 2.328989
v 0.861727 2.027407 2.652902
v 0.777290 1.983461 1.991434
v 0.935476 2.080989 2.957824
v 1.018723 2.127657 3.238763
v 1.295142 2.248322 3.161339
v 1.110104 2.159051 2.581810
v 1.197627 2.204914 2.875845
v 1.041828 2.116345 2.275135
v 0.984230 2.095844 1.958058
v -0.281866 0.309406 1.453022
v -0.215379 0.311125 1.693816
v -0.235869 0.639354 1.439270
v -0.160915 0.651623 1.678913
v -0.151385 0.961635 1.410149
v -0.062316 0.982339 1.647564
v -0.033480 1.269979 1.357045
v 0.078043 1.297663 1.593540
v 0.109756 1.558977 1.269331
v 0.259659 1.593178 1.506674
v 0.521502 1.894755 1.357938
v 0.791772 2.004222 1.716501
v 0.548633 1.835275 1.728600
v 0.928988 2.092193 1.395198
v 0.568250 1.819369 2.053873
v 0.956021 2.088613 1.759244
v 1.108878 2.145589 1.633919
v 1.282975 2.220410 0.948232
v 1.057858 2.312205 0.306903
v 1.324536 2.259478 0.618874
v 1.052373 2.312288 -0.343530
v 1.066715 2.330249 -0.021434
v 1.341856 2.291221 -0.349586
v 1.593965 2.204952 0.895747
v 1.357346 2.297308 -0.031880
v 1.350268 2.279770 0.290954
v 1.632717 2.223302 0.269480
v 1.885890 2.140020 0.847793
v 1.614077 2.210844 0.584595
v 1.885808 2.130207 0.548316
v 1.891561 2.126109 -0.061940
v 1.634111 2.225140 -0.045779
v 1.892223 2.120846 0.244868
v 1.877465 2.142221 -0.367744
v 1.618696 2.233088 -0.358314
v 0.441123 1.871394 -1.280428
v 0.289159 1.613430 -1.620161
v 0.688038 2.124384 -0.954753
v 0.478648 1.803767 -1.576753
v 0.685899 2.033683 -1.254816
v 0.701089 1.964989 -1.550529
v 0.986054 2.206306 -0.959274
v 0.967148 2.141200 -1.252938
v 0.958887 2.095704 -1.544323
v 1.593934 2.232506 -0.665999
v 1.311813 2.271221 -0.661360
v 1.282289 2.238580 -0.963254
v 1.259937 2.203560 -1.256931
v -0.023243 1.053085 -1.967937
v -0.161155 0.786170 -1.751667
v -0.216633 0.448493 -2.019514
v -0.187311 0.420999 -2.272691
v -0.254785 0.131453 -2.032422
v 0.497785 1.767993 -1.862900
v 0.515955 1.745833 -2.145795
v 0.710054 1.896060 -2.417439
v 0.516637 1.735374 -2.425206
v 0.713269 1.925718 -1.841804
v 0.716054 1.902644 -2.129701
v 0.959421 2.057044 -1.833370
v 0.954244 2.037020 -2.121466
v 0.912159 2.040107 -2.698401
v 0.679079 1.883655 -2.688880
v 0.943642 2.027397 -2.409013
v 1.216191 2.135300 -2.403549
v 1.192655 2.176381 -2.949631
v 0.883879 2.066948 -3.011086
v 0.931606 2.172243 -3.344532
v 0.993264 2.149957 -3.151480
v 1.161060 2.226911 -3.378364
v 0.860002 2.228189 -3.568196
v 1.134712 2.255009 -3.611388
v 1.092609 2.278997 -3.861773
v 1.421351 2.249186 -3.659311
v 1.369658 2.246388 -3.902643
v 0.560412 2.251919 -3.802926
v 0.822927 2.276876 -3.828479
v 1.084671 1.989691 -4.857050
v 0.782473 1.827516 -5.076306
v 0.774562 2.291882 -4.097142
v 1.257563 1.791148 -5.018514
v 1.220864 1.603239 -5.162424
v 1.027506 1.815681 -5.052375
v 0.979835 2.232076 -4.377895
v 1.240932 2.186497 -4.392216
v 1.309521 2.224284 -4.146793
v 1.574063 2.150629 -4.184451
v 1.645918 2.178702 -3.949991
v 1.490420 2.101582 -4.413462
v 1.405715 2.036775 -4.630341
v 1.637496 1.594947 -5.041398
v 1.440755 1.594754 -5.118268
v 1.467774 1.757410 -4.979282
v 1.665904 1.416754 -5.138230
v 0.954660 0.221141 -5.370011
v 0.960073 0.517327 -5.259397
v 0.957424 0.795755 -5.244712
v 0.926999 1.126057 -5.268649
v 1.235656 -0.064291 -5.302276
v 1.229175 0.226388 -5.319158
v 1.227668 0.519826 -5.256105
v 1.222829 0.809156 -5.267332
v 1.509760 -0.058931 -5.250300
v 1.498552 0.819880 -5.284328
v 1.499241 0.522973 -5.247961
v 1.818001 -0.053910 -5.295530
v 1.507196 0.231072 -5.284095
v 1.815504 0.240772 -5.297243
v 1.793889 0.535987 -5.282859
v 1.763388 0.831402 -5.261430
v 0.966854 1.376590 -5.269743
v 0.984688 1.606080 -5.196581
v 1.223362 1.100695 -5.279710
v 1.211776 1.390740 -5.253614
v 1.483114 1.114713 -5.288260
v 1.449435 1.394308 -5.219967
v 1.723465 1.126125 -5.223726
v 1.626856 0.617636 6.358129
v 1.640151 0.299616 6.391018
v 1.594997 0.927831 6.297246
v 1.905819 0.635667 6.258900
v 1.923302 0.320777 6.297578
v 1.871652 0.944973 6.189966
v 2.208400 0.023830 6.182391
v 2.176408 0.651459 6.115398
v 2.196578 0.338237 6.156602
v 2.137735 0.957778 6.041861
v 2.455206 0.352374 5.985377
v 2.428409 0.661435 5.936219
v 2.653289 0.664162 5.723906
v 2.605776 0.961140 5.651386
v 2.383705 0.963026 5.860393
v 1.546403 1.225896 6.210650
v 1.484576 1.508476 6.072020
v 1.532139 2.002376 5.445814
v 1.656196 1.782110 5.729766
v 1.401146 1.772737 5.862162
v 1.820010 1.243079 6.085005
v 1.748316 1.520762 5.938243
v 1.763661 1.998170 5.298192
v 1.612189 2.155879 4.984880
v 1.892697 1.777217 5.568855
v 2.080647 1.253276 5.934946
v 1.999163 1.528211 5.783829
v 2.125505 1.762679 5.413794
v 1.989071 1.989105 5.148593
v 2.318637 1.250582 5.751469
v 2.228721 1.513521 5.603550
v 2.539227 1.245364 5.550843
v 2.451396 1.510287 5.420116
v 2.339719 1.747824 5.241863
v 1.443625 2.241544 4.644544
v 1.261862 2.253132 4.289176
v 1.833774 2.156092 4.846393
v 1.664453 2.250324 4.517500
v 1.888802 2.251646 4.390730
v 1.486773 2.294394 4.177690
v 2.046399 2.137328 4.702576
v 2.200536 1.970056 4.991611
v 2.117424 2.232864 4.264170
v 2.255324 2.116518 4.563101
v 2.396678 1.940576 4.833634
v 2.345126 2.184684 4.135729
v 2.449276 2.066759 4.416588
v 1.306750 2.260408 3.836487
v 1.412760 2.283456 3.449242
v 1.126721 2.180171 3.514081
v 1.568389 2.310841 3.752898
v 1.729713 2.302886 4.071093
v 1.585677 2.313463 3.079803
v 1.703688 2.318081 3.366294
v 1.979453 2.299086 3.960489
v 1.839520 2.326631 3.659513
v 1.996391 2.307859 3.278885
v 2.232971 2.252439 3.849793
v 2.113946 2.282549 3.562551
v 2.388139 2.197884 3.474045
v 1.294962 2.211668 2.218183
v 1.481217 2.276104 2.796722
v 1.383701 2.240234 2.510113
v 1.777143 2.296486 2.715919
v 1.580902 2.250077 2.148505
v 1.675478 2.277016 2.433095
v 1.488787 2.227500 1.860254
v 1.884527 2.309072 2.997371
v 2.282244 2.223816 3.196807
v 2.077429 2.254591 2.636103
v 2.179062 2.244764 2.917833
v 1.884397 2.239845 2.072119
v 1.978065 2.242046 2.354955
v 2.280184 2.154504 2.278294
v 1.213676 2.172817 1.923576
v 1.283189 2.186021 1.268722
v 1.389221 2.204611 1.567863
v 1.616528 2.197843 1.200981
v 1.923678 2.142317 1.140192
v 1.698569 2.208274 1.498888
v 1.790743 2.227459 1.787854
v 2.206429 2.032812 1.080079
v 2.155814 2.030398 0.803363
v 2.005488 2.156083 1.429470
v 2.096091 2.152537 1.713824
v 2.188893 2.154744 1.995841
v 2.461489 1.865932 1.025353
v 2.552257 1.849160 1.291593
v 3.028297 0.225300 -0.151162
v 3.039191 0.199444 0.117690
v 3.054182 0.545648 -0.144723
v 3.057459 0.520191 0.119682
v 2.982725 0.855994 -0.137130
v 2.990450 0.833089 0.127221
v 2.859665 1.158396 -0.126117
v 2.873525 1.140534 0.136117
v 3.034980 0.170636 0.377619
v 3.048914 0.490985 0.382820
v 3.016016 0.805314 0.388486
v 2.913285 1.115529 0.396483
v 3.053354 -0.072795 -0.432566
v 3.035150 0.456901 0.658144
v 3.041350 0.780047 0.655966
v 2.957395 1.091354 0.664082
v 3.025459 0.249428 -0.430273
v 3.029891 0.580258 -0.703296
v 3.042364 0.564536 -0.421969
v 3.015815 0.885090 -0.691082
v 2.995810 0.870342 -0.413447
v 2.911087 1.183102 -0.674566
v 2.884701 1.173109 -0.398370
v 2.126675 1.995929 0.222816
v 2.128534 2.011026 0.515760
v 2.111115 2.024676 -0.377387
v 2.121188 2.000911 -0.077758
v 2.328012 1.851500 0.204282
v 2.346566 1.867495 0.482158
v 2.319285 1.885018 -0.385690
v 2.315223 1.861950 -0.090781
v 2.698694 1.446189 -0.111236
v 2.707648 1.428182 0.153964
v 2.488260 1.703105 -0.097112
v 2.507001 1.688791 0.179005
v 2.554057 1.668652 0.440840
v 2.613001 1.664319 0.709224
v 2.717211 1.454642 -0.387802
v 2.753770 1.404530 0.413229
v 2.811527 1.390908 0.677770
v 2.756021 1.463306 -0.660952
v 2.546661 1.710881 -0.659032
v 2.505805 1.715499 -0.384658
v 2.679386 1.649713 0.969428
v 2.941851 1.195368 -0.956956
v 1.861943 2.155846 -0.670182
v 1.575096 2.224911 -0.967175
v 2.343198 1.897930 -0.665609
v 2.375187 1.902646 -0.948629
v 2.126226 2.052505 -0.961418
v 2.599692 1.711574 -0.933366
v 2.141033 2.068897 -1.251107
v 2.791880 1.468971 -0.940847
v 1.201551 2.149384 -2.682724
v 1.519357 2.188793 -2.402434
v 1.514391 2.197475 -2.676931
v 1.837643 2.180069 -2.409015
v 1.839012 2.169308 -2.125834
v 1.527274 2.186897 -2.120856
v 1.845939 2.172369 -1.837830
v 2.147546 2.079179 -1.543889
v 1.850439 2.166307 -1.548697
v 2.146787 2.082197 -1.838035
v 2.149259 2.088001 -2.130507
v 2.152795 2.099093 -2.419405
v 2.147458 2.097171 -2.704751
v 1.834594 2.183106 -2.685829
v 2.136392 2.106835 -2.984450
v 2.433337 1.935124 -1.836086
v 2.442837 1.945318 -2.134913
v 2.439242 1.946272 -2.730165
v 1.509151 2.221812 -2.939373
v 1.183764 2.200161 -3.165025
v 1.492103 2.227437 -3.183401
v 1.461399 2.236282 -3.419734
v 1.707170 2.188398 -3.710689
v 1.907068 2.063281 -4.005398
v 1.984429 2.084729 -3.767326
v 1.803112 2.198638 -3.214437
v 1.824992 2.187326 -2.955738
v 1.762764 2.195720 -3.464273
v 2.054885 2.098565 -3.516451
v 2.145348 1.917293 -4.070545
v 2.239068 1.933165 -3.829287
v 2.103113 2.099080 -3.255082
v 2.456422 1.740139 -3.892044
v 2.353919 1.738044 -4.136765
v 2.327449 1.940844 -3.573883
v 2.422046 1.947297 -3.020580
v 2.383826 1.940624 -3.302204
v 2.085228 -0.037991 -5.191633
v 2.078009 0.258286 -5.195331
v 2.053292 0.555149 -5.184099
v 2.013128 0.851141 -5.156569
v 2.333774 -0.016293 -5.039211
v 2.323692 0.281226 -5.041617
v 2.296107 0.580149 -5.030303
v 2.243849 0.876371 -4.994933
v 2.557360 0.007884 -4.845112
v 2.543737 0.306264 -4.845406
v 2.509169 0.606308 -4.830353
v 2.450714 0.905442 -4.797673
v 2.750352 0.031372 -4.615314
v 2.734628 0.330338 -4.615129
v 2.691306 0.630107 -4.597239
v 2.626822 0.929722 -4.567286
v 2.906550 0.051713 -4.354253
v 2.883803 0.350183 -4.351037
v 2.845268 0.650438 -4.339402
v 2.777922 0.948855 -4.314106
v 3.009645 0.067124 -4.065306
v 2.996550 0.365706 -4.065515
v 2.961012 0.665291 -4.057431
v 2.897188 0.962719 -4.037609
v 1.876664 1.424870 -5.019542
v 1.812044 1.601734 -4.934573
v 1.957118 1.144437 -5.106214
v 1.821902 2.034659 -4.235218
v 1.728955 1.990804 -4.447372
v 1.985594 1.627386 -4.767450
v 1.747063 1.744644 -4.835979
v 2.173828 1.169640 -4.943343
v 2.071667 1.449826 -4.861841
v 1.943685 1.844479 -4.511369
v 2.117866 1.678046 -4.576402
v 2.045056 1.887026 -4.299656
v 2.240419 1.483566 -4.662479
v 2.362771 1.199737 -4.742536
v 2.236144 1.713266 -4.362357
v 2.394236 1.508923 -4.444263
v 2.534598 1.227225 -4.521253
v 2.522995 1.516883 -4.212917
v 2.674288 1.240816 -4.272952
v 2.789108 1.249802 -4.003061
v 2.633099 1.524313 -3.955308
v 2.677283 0.358762 5.767484
v 2.860657 0.359633 5.516516
v 2.794285 0.951798 5.415195
v 2.836300 0.658939 5.476161
v 2.730300 1.232000 5.327843
v 2.640867 1.491320 5.210531
v 2.527465 1.723095 5.053916
v 2.989478 0.355498 5.232936
v 2.943655 0.936867 5.153047
v 3.010320 0.349620 4.944525
v 3.037120 0.642260 4.921752
v 2.970905 0.648251 5.198918
v 3.035279 0.926408 4.877269
v 2.994347 1.196277 4.817076
v 2.891661 1.214692 5.083036
v 3.019773 0.350559 4.636314
v 3.021651 0.630304 4.615373
v 3.068376 0.919613 4.589865
v 3.041459 1.187909 4.546758
v 3.058055 0.641551 4.308260
v 3.027239 0.916618 4.284451
v 3.036729 1.185212 4.255576
v 2.572165 1.897630 4.680887
v 2.701390 1.705566 4.866110
v 2.629097 1.999006 4.294185
v 2.805244 1.472896 4.986193
v 2.721308 1.851894 4.526280
v 2.934342 1.453749 4.745412
v 2.832618 1.671654 4.652639
v 2.845201 1.798215 4.381281
v 2.810857 1.874342 4.191601
v 2.964097 1.678753 4.191931
v 3.015744 1.444021 4.490136
v 2.923657 1.664129 4.426656
v 3.050402 1.452613 4.219286
v 2.940380 1.718914 3.928603
v 3.058058 0.378796 4.011658
v 3.034504 0.358928 4.324167
v 3.051391 0.662819 3.999416
v 3.026900 0.940596 3.986028
v 3.033243 1.213280 3.962076
v 3.071907 0.406782 3.695340
v 3.062954 0.696123 3.687188
v 3.073609 0.983780 3.673519
v 3.038899 1.261666 3.664037
v 3.055940 0.438546 3.381187
v 3.052070 0.733018 3.374837
v 3.015583 1.024425 3.365478
v 3.053095 0.473476 3.066333
v 3.057802 0.772859 3.061088
v 3.017958 1.070032 3.059886
v 2.478605 2.141924 3.750888
v 2.567295 2.085522 4.022528
v 2.712630 1.984829 3.682999
v 2.635181 2.034456 3.407491
v 2.550347 2.082972 3.128348
v 2.767532 1.921304 3.948013
v 2.902085 1.758779 3.653197
v 2.773497 1.879883 3.082241
v 2.839694 1.809758 3.369720
v 3.015482 1.525272 3.654194
v 3.042189 1.490188 3.940182
v 2.976641 1.582021 3.360015
v 3.034386 1.070138 2.762133
v 3.057573 0.513388 2.751572
v 3.056246 0.811106 2.750026
v 3.031381 0.557137 2.440684
v 3.019414 0.848143 2.448295
v 2.367026 2.141958 2.563237
v 2.454235 2.113427 2.848130
v 2.706785 1.938210 2.792633
v 2.559332 1.988140 2.210334
v 2.630420 1.965884 2.502249
v 2.934484 1.651542 3.059018
v 2.891819 1.695746 2.757361
v 2.854396 1.737798 2.455060
v 3.014605 1.145592 2.442448
v 2.995302 1.463044 2.433732
v 3.030479 1.427131 2.742764
v 3.022950 0.417913 0.937933
v 3.014392 0.385115 1.223073
v 3.047463 0.748844 0.934134
v 3.034345 0.707330 1.221594
v 3.003133 1.061411 0.935696
v 3.042377 1.032982 1.215969
v 2.876474 1.371404 0.945139
v 2.932053 1.334402 1.224667
v 3.041760 0.345677 1.512734
v 2.998314 0.655532 1.526052
v 3.049687 0.998115 1.510819
v 2.983740 1.293642 1.513836
v 3.039531 0.317575 1.811771
v 3.030218 0.598182 1.854240
v 3.016331 0.938635 1.838708
v 3.087185 0.587853 2.123482
v 3.014830 0.877369 2.143454
v 2.290002 2.023766 1.359587
v 2.391191 2.015995 1.639236
v 2.474877 1.996826 1.923239
v 2.763036 1.624735 1.239886
v 2.654819 1.803928 1.567455
v 2.728884 1.773504 1.858123
v 2.842570 1.557817 1.527092
v 2.790183 1.747884 2.154832
v 3.025940 1.252351 1.812231
v 2.908084 1.521290 1.824111
v 3.031602 1.210045 2.122900
v 2.952249 1.486496 2.128499
v 3.037591 0.287646 -0.997393
v 3.029475 0.269126 -0.710980
v 3.022611 0.596218 -0.990193
v 3.088161 0.301178 -1.293902
v 3.017762 0.610444 -1.284675
v 3.047931 0.917183 -1.266061
v 3.021614 0.899459 -0.975286
v 2.966392 1.204339 -1.249089
v 3.050239 0.320554 -1.597697
v 3.027537 0.622757 -1.582928
v 3.041084 0.926578 -1.566080
v 2.978091 1.208592 -1.550672
v 3.020498 0.630983 -1.891258
v 3.044209 0.940109 -1.872909
v 2.994059 1.218333 -1.858364
v 2.404719 1.917207 -1.239769
v 2.823912 1.474157 -1.232369
v 2.419002 1.925668 -1.537099
v 2.661192 1.721579 -1.527434
v 2.641350 1.717631 -1.224549
v 2.853685 1.486434 -1.533870
v 2.861564 1.487509 -1.843427
v 2.680190 1.731660 -1.834759
v 3.028557 0.332521 -1.900742
v 3.007911 0.642612 -2.196158
v 3.044879 0.949924 -2.184201
v 2.999612 1.226665 -2.170160
v 3.030309 0.345795 -2.208683
v 3.053595 0.659451 -2.514102
v 3.023176 0.955582 -2.499949
v 2.996542 1.229030 -2.483791
v 3.036990 0.360250 -2.520329
v 3.025895 0.369537 -2.834386
v 3.090499 0.668060 -2.826435
v 3.035156 0.962544 -2.813907
v 2.990252 1.233938 -2.797417
v 2.874531 1.489511 -2.155467
v 2.695054 1.730976 -2.141961
v 2.885340 1.495195 -2.468019
v 2.870111 1.495230 -2.779438
v 2.693783 1.732471 -2.758013
v 2.695240 1.726955 -2.451455
v 3.042816 0.379167 -3.771882
v 3.029899 0.674051 -3.759484
v 2.972719 0.968216 -3.742504
v 2.879072 1.247599 -3.715919
v 3.010248 0.381934 -3.458035
v 3.047481 0.682692 -3.455824
v 3.020665 0.968254 -3.438147
v 2.940098 1.244121 -3.417371
v 3.001472 0.376066 -3.146673
v 3.015937 0.670565 -3.141844
v 3.046997 0.969745 -3.128344
v 2.977165 1.240016 -3.109876
v 2.635931 1.726817 -3.355742
v 2.745448 1.499558 -3.683025
v 2.568897 1.718431 -3.636844
v 2.670098 1.731515 -3.059704
v 2.809827 1.495372 -3.392410
v 2.843698 1.491439 -3.089176
v 0.507656 1.722433 -2.695765
v -1.027241 -1.668758 1.856831
v 2.805861 -1.651650 -3.327240
v 0.154296 1.256725 -2.458351
v 0.322264 1.485584 -2.697689
v 0.176321 1.226309 -2.712504
v 0.021834 0.984479 -2.482962
v 0.067292 0.949683 -2.731817
v -0.036054 -0.850806 -2.529819
v -0.136504 0.395470 -2.523838
v 0.002769 0.659672 -2.742642
v -0.020048 0.368122 -2.742284
v -0.163368 0.083411 -2.530575
v -0.160100 -0.232178 -2.539581
v -0.076138 0.694420 -2.506786
v 0.320569 1.506303 -2.436776
v -3.253697 1.743741 -2.396418
v -1.291808 0.919614 6.360613
v -1.435061 0.335853 6.520182
v -1.386015 0.625363 6.478618
v 3.042065 -1.113453 -3.392881
v -0.595588 -0.855903 -2.022341
v -0.506447 -0.533729 -2.058574
v 0.199370 1.336501 2.459752
v 0.388237 1.612376 2.432725
v 0.353636 1.594064 2.111687
v 0.166884 1.318773 2.156967
v 0.045284 1.017003 2.472332
v 0.017617 1.004943 2.186207
v -0.121437 0.304077 2.475763
v -0.063453 0.668740 2.476990
v -0.087237 0.664873 2.201948
v -0.143686 0.309074 2.207864
v -0.126058 -0.066770 2.468501
v -3.501742 1.223617 -1.776505
v -3.529997 -0.566013 -1.531388
v -3.507891 -0.853900 -1.533889
v -3.513534 -0.840255 -1.846980
v 3.053730 0.031397 -1.904871
v 3.055099 -0.268808 -1.902293
v 3.093550 -0.595428 -1.583718
v 3.080139 -0.581333 -1.887188
v -0.543098 -0.807052 2.438786
v -0.677049 -1.127597 2.424337
v -0.658625 -1.127714 2.177214
v -0.526265 -0.812612 2.196069
v -0.858436 -1.424127 2.405945
v -0.837700 -1.418454 2.151880
v -0.457546 -0.471309 2.448822
v -0.442180 -0.481755 2.209125
v -3.427977 1.473066 -3.054998
v -3.399793 1.454709 -3.369052
v -3.528707 1.198480 -3.079806
v 3.034313 -0.731563 2.716847
v 3.021458 -1.045514 2.699872
v 3.111043 -0.408908 2.722243
v -1.077600 0.917059 6.408875
v -1.084827 0.366972 6.489277
v -0.806112 0.398272 6.577451
v -0.771810 0.676744 6.417633
v -1.105314 0.622614 6.452793
v -1.149376 0.059974 6.658421
v -0.833914 0.083521 6.712309
v -0.754334 -0.585473 -5.380943
v -1.108224 -1.698760 2.651281
v -0.874857 -1.430659 2.662495
v -0.568697 -0.793387 2.922085
v -0.691677 -1.128043 2.671901
v -0.558478 -0.801075 2.681123
v -0.477333 -0.459240 2.688131
v 0.073028 1.030870 2.761498
v -0.041973 0.669993 2.754092
v -0.103655 0.294526 2.746086
v -0.109312 -0.086115 2.735421
v 2.444489 1.946349 -2.434298
v 3.024866 1.366523 3.057334
v 2.565833 -1.629024 5.258762
v -3.544333 -0.897664 2.673728
v -3.518789 -1.169763 2.696351
v -3.460544 -1.474860 2.665152
v -3.377754 1.497212 -1.758023
v -3.412902 1.499114 -2.084729
v -3.526606 1.223340 -2.101076
v -3.531103 0.925804 -2.114495
v 0.301931 1.566437 -1.893400
v 0.313836 1.533742 -2.167017
v 0.125852 1.325635 -1.931828
v 0.139665 1.289631 -2.195741
v -0.004125 1.019013 -2.225518
v -0.222033 0.106830 -2.285446
v -0.138863 0.758021 -1.997706
v -0.114105 0.727295 -2.252204
v -0.252782 -0.186620 -2.036735
v -0.623076 1.468838 0.802107
v -0.408207 1.496444 0.917999
v -0.577319 1.200548 0.845750
v -0.404366 1.221443 1.011621
v -0.547435 0.920272 0.885342
v -0.394282 0.931893 1.067937
v -0.503418 0.337431 0.922057
v -0.340879 0.329240 1.113537
v -0.360468 0.639749 1.090243
v -0.519286 0.633316 0.910125
v -3.437863 1.491106 -2.734907
v -3.553900 1.219914 -2.754962
v 3.028780 1.317682 3.361310
v -0.274996 0.153206 -1.787417
v -0.238259 0.472181 -1.774534
v -0.273581 -0.162102 -1.791544
v -0.236516 -0.478526 -1.786245
v -0.633592 -1.130946 1.932583
v -0.503118 -0.820488 1.955592
v -0.809340 -1.417143 1.900790
v -0.419806 -0.494364 1.972044
v 3.045617 -0.747557 3.034604
v 3.052325 -0.440006 3.046753
v -0.450843 1.992867 -3.411368
v -0.172173 1.473912 0.859393
v -2.328848 1.683916 5.976824
v -0.155439 1.749892 0.780616
v -0.347803 1.379385 -5.271162
v -0.378372 1.097929 -5.258912
v -0.463833 -0.309554 -5.366830
v -0.473532 -0.604499 -5.355951
v -0.482343 -0.893133 -5.272640
v -3.554854 1.288975 3.207286
v -3.547551 0.990123 3.248217
v -3.612629 0.694560 3.279629
v -3.431877 1.497627 -2.411226
v -3.546422 1.224741 -2.427844
v -3.516613 0.914362 -2.439244
v 0.225024 1.595250 -5.220891
v 0.099596 -0.342447 -5.355954
v 0.083677 -0.632548 -5.380844
v 0.028245 -1.523893 -5.243525
v -2.791799 2.004942 2.417109
v -3.553726 1.278202 2.845381
v -3.548685 0.978082 2.884509
v -3.538628 -1.173371 3.018629
v -0.074482 1.365670 -5.269730
v -0.101375 1.098153 -5.327696
v -0.180469 -0.327269 -5.394519
v -0.194394 -0.616400 -5.355074
v 2.394467 1.865038 0.758708
v -1.233520 1.862828 -1.649158
v -1.088189 1.901761 -4.944926
v -0.119598 1.612282 4.151118
v -0.411183 1.957048 -0.789322
v -0.669938 1.947935 -0.867194
v 2.018692 -2.211664 3.799545
v 0.545272 2.075337 4.408116
v 1.058105 2.215286 4.422565
v 2.338560 -1.932209 1.800773
v 1.747366 -2.234129 3.809601
v 1.562049 -2.241171 4.081417
v -1.005653 -2.226537 -0.510794
v -1.244976 -2.225969 -0.642956
v -1.478928 -2.223101 -0.766377
v -1.392547 -2.275017 -0.385710
v -1.883698 -2.235522 -0.614779
v 1.817837 -2.242674 4.066527
v 1.186581 -2.189159 4.394357
v 0.299667 2.210755 -3.770644
v 1.617331 1.697219 -4.966606
v 1.545155 1.870801 -4.811168
v 2.147797 -2.168532 -2.754212
v 1.248910 -2.254954 -0.545722
v 1.321948 -2.202415 0.425910
v 2.113040 2.043369 -0.669908
v 1.636268 1.939098 -4.641952
v 1.162871 2.105456 -4.629812
v 2.187915 -2.154988 -3.028603
v -1.827630 2.105227 5.645780
v -2.405539 2.118864 3.027604
v -1.099217 -2.215094 5.344124
v -1.610647 -2.034937 2.299820
v -2.438413 -2.099199 1.488654
v -2.498965 -2.226421 3.438322
v -2.821609 -2.126104 3.405459
v -2.483323 2.144653 -3.806817
v -0.643013 -2.187505 -4.381532
v -0.872236 1.961140 -0.941884
v -2.393670 2.066135 0.257422
v -2.475266 2.183758 -3.540181
v 0.625906 2.175356 -3.549345
v 1.318544 1.937915 -4.836406
v 0.716960 2.261782 -4.366791
v 1.041578 2.268744 -4.119699
v 1.546097 2.194990 -1.548475
v 1.536222 2.185112 -1.835544
v 1.246027 2.167964 -1.545566
v 1.236782 2.146984 -1.833250
v 1.854329 2.161023 -1.258305
v 1.857969 2.160719 -0.967157
v 1.558576 2.205935 -1.259422
v 1.227525 2.136370 -2.119444
v -3.085099 1.723067 -1.119958
v -0.853963 1.275321 3.817119
v 0.318079 1.592972 1.803767
v -2.548048 1.403398 -4.868988
v 0.131134 1.309522 1.866920
v -0.014846 0.995423 1.909100
v -0.171215 0.311522 1.945909
v -0.116559 0.660032 1.934391
v 2.813212 -0.838366 5.484806
v 2.759757 -1.122416 5.432307
v 2.678603 -1.389393 5.357247
v -3.331922 1.493021 -1.436044
v 2.463419 0.039749 6.005829
v 2.457085 -0.271674 6.005453
v 2.434498 -0.578461 5.982430
v -2.183216 1.430369 6.230633
v -2.243840 1.178771 6.305601
v -2.299582 0.911489 6.359588
v -2.635173 0.361099 6.279752
v -2.359576 0.345030 6.388620
v -2.339784 0.632553 6.390031
v -2.610823 0.649682 6.265626
v 2.225806 -1.145236 -4.868805
v 2.385328 -1.364000 -4.615478
v -0.943651 -1.351110 3.791516
v 1.727328 -1.199229 -5.130404
v -3.089213 -0.881666 -4.564128
v -3.006356 -1.159373 -4.503031
v -0.733584 -0.711009 3.538135
v -0.629046 -0.744402 3.375489
v -0.695295 0.382258 3.538625
v -0.573790 0.322073 3.367589
v -0.551230 -0.031968 3.371641
v -0.566189 -0.390213 3.374333
v -3.286200 1.490407 -1.126904
v -0.585378 -1.216453 -2.783769
v 1.928142 -1.427224 -4.912434
v -0.489398 -0.065807 3.157385
v -0.514193 -0.422848 3.157588
v -0.567493 1.140083 -1.338343
v 1.837480 1.787604 -4.694707
v 0.621818 1.875154 -2.967723
v 0.082425 -1.578336 -1.006466
v -1.041785 -1.699238 -1.788844
vn -0.1135 -0.6013 0.7910
vn -0.1346 -0.4514 0.8821
vn -0.1750 -0.6224 0.7629
vn -0.0917 -0.1643 0.9821
vn -0.0683 -0.1840 0.9805
vn -0.0823 -0.3767 0.9227
vn -0.0644 -0.0969 0.9932
vn -0.1173 -0.1052 0.9875
vn -0.1263 -0.1671 0.9778
vn -0.0940 -0.1129 0.9892
vn -0.1413 -0.0314 0.9895
vn -0.1146 -0.0533 0.9920
vn -0.1670 0.0767 0.9830
vn -0.0700 0.0757 0.9947
vn -0.1499 -0.1597 0.9757
vn -0.1967 -0.2109 0.9575
vn -0.2754 -0.0744 0.9585
vn -0.1009 -0.3276 0.9394
vn -0.1041 -0.5808 0.8074
vn -0.0742 -0.1801 0.9808
vn -0.0421 -0.2752 0.9605
vn 0.0106 -0.1580 0.9874
vn -0.0125 -0.2339 0.9722
vn -0.0381 -0.1713 0.9845
vn -0.0039 -0.2220 0.9750
vn -0.1221 -0.2552 0.9591
vn -0.2528 -0.3033 0.9188
vn -0.3037 0.0789 0.9495
vn -0.3465 -0.1245 0.9297
vn -0.0731 -0.3983 0.9143
vn -0.1858 -0.3572 0.9153
vn -0.0061 -0.4890 0.8722
vn -0.1410 -0.0606 0.9882
vn 0.0343 -0.3171 0.9478
vn 0.0338 -0.1645 0.9858
vn 0.0106 -0.5621 0.8270
vn 0.0155 -0.5718 0.8203
vn 0.0199 -0.2117 0.9771
vn 0.0856 -0.0743 0.9935
vn 0.3308 -0.2300 0.9152
vn 0.1776 -0.3803 0.9076
vn 0.3057 -0.0899 0.9479
vn 0.0321 -0.0087 0.9994
vn -0.0488 0.0622 0.9969
vn 0.2274 -0.2126 0.9503
vn 0.3187 -0.1449 0.9367
vn 0.3040 -0.1857 0.9344
vn 0.1570 -0.1051 0.9820
vn 0.0484 -0.5618 0.8258
vn 0.0535 0.0121 0.9985
vn 0.0219 -0.1959 0.9804
vn 0.0785 -0.2225 0.9718
vn 0.1042 -0.5684 0.8161
vn 0.0117 0.0280 0.9995
vn 0.1549 -0.5608 0.8133
vn 0.1227 -0.2611 0.9575
vn 0.1280 -0.1082 0.9858
vn 0.0741 -0.2144 0.9739
vn 0.0469 -0.1803 0.9825
vn 0.3212 -0.1642 0.9327
vn -0.0472 -0.1040 0.9935
vn -0.0189 -0.2463 0.9690
vn 0.0752 -0.0627 0.9952
vn 0.2075 -0.0239 0.9779
vn 0.0062 -0.0714 0.9974
vn -0.0244 -0.1077 0.9939
vn -0.0287 0.0695 0.9972
vn -0.2300 0.0675 0.9708
vn -0.0131 0.0100 0.9999
vn -0.1811 0.1176 0.9764
vn -0.0192 0.0052 0.9998
vn -0.0235 0.0739 0.9970
vn -0.1028 0.1305 0.9861
vn 0.0284 0.0080 0.9996
vn -0.1848 0.3384 0.9227
vn -0.0522 0.2369 0.9701
vn -0.2002 0.5301 0.8240
vn -0.0676 0.5556 0.8287
vn -0.1054 0.5299 0.8415
vn -0.0362 0.1707 0.9847
vn -0.0063 0.1632 0.9866
vn -0.0187 -0.0140 0.9997
vn -0.0136 0.0252 0.9996
vn 0.0116 0.0500 0.9987
vn -0.0463 0.1983 0.9790
vn -0.1805 0.2079 0.9614
vn -0.0161 0.5869 0.8095
vn 0.0397 0.2010 0.9788
vn -0.1178 0.1151 0.9863
vn 0.0268 0.6116 0.7907
vn -0.0043 0.3047 0.9524
vn -0.1654 0.3193 0.9331
vn 0.0239 0.2703 0.9625
vn -0.1993 0.4009 0.8942
vn -0.0590 0.1979 0.9784
vn -0.0337 0.3767 0.9257
vn 0.2599 0.2138 0.9417
vn 0.0968 0.2707 0.9578
vn -0.0231 0.2389 0.9708
vn 0.0367 0.4631 0.8855
vn 0.0470 0.6452 0.7626
vn 0.0146 0.3273 0.9448
vn 0.0491 0.5354 0.8432
vn 0.0064 0.1876 0.9822
vn 0.0529 0.5959 0.8013
vn 0.1266 0.1060 0.9863
vn 0.2540 0.0958 0.9625
vn 0.1486 0.0458 0.9878
vn 0.1217 0.1031 0.9872
vn 0.1432 0.0168 0.9896
vn 0.1362 0.0834 0.9872
vn 0.0885 0.0354 0.9954
vn 0.1188 0.1929 0.9740
vn 0.0313 0.1810 0.9830
vn 0.0224 0.3949 0.9185
vn 0.1194 0.4443 0.8879
vn 0.1055 0.0252 0.9941
vn 0.1604 0.4979 0.8523
vn 0.1157 0.6451 0.7553
vn -0.8439 -0.5357 0.0284
vn -0.8456 -0.5261 0.0909
vn -0.9608 -0.2766 0.0178
vn -0.9584 -0.2780 0.0651
vn -0.9960 -0.0881 0.0128
vn -0.9954 -0.0901 0.0338
vn -0.8361 -0.5486 -0.0017
vn -0.8376 -0.5251 0.1508
vn -0.9421 -0.3155 0.1136
vn -0.9913 -0.1162 0.0616
vn -0.8166 -0.5258 0.2382
vn -0.9078 -0.3466 0.2360
vn -0.9647 -0.1774 0.1947
vn -0.9997 -0.0165 0.0199
vn -0.9997 -0.0039 0.0220
vn -0.9907 -0.1014 0.0913
vn -0.9988 -0.0339 0.0341
vn -0.9740 -0.1060 0.2001
vn -0.9971 -0.0375 0.0655
vn -0.9981 0.0311 0.0524
vn -0.9995 -0.0139 0.0272
vn -0.9996 -0.0227 0.0173
vn -0.9998 -0.0176 0.0124
vn -0.9999 -0.0061 0.0087
vn -0.9893 -0.0624 0.1319
vn -0.9938 -0.0262 0.1077
vn -0.9928 -0.0145 0.1192
vn -0.9902 0.0099 0.1396
vn -0.9523 -0.3053 -0.0017
vn -0.9579 -0.2867 -0.0146
vn -0.9950 -0.0978 -0.0212
vn -0.7808 -0.6237 -0.0355
vn -0.8139 -0.5809 -0.0142
vn -0.9395 -0.3418 -0.0225
vn -0.9943 -0.1067 -0.0042
vn -0.5820 -0.8115 -0.0520
vn -0.6230 -0.7814 -0.0365
vn -0.6607 -0.7506 -0.0084
vn -0.6878 -0.7251 0.0339
vn -0.3628 -0.9294 -0.0682
vn -0.9970 -0.0739 0.0233
vn -0.9717 -0.2092 0.1096
vn -0.9858 -0.1625 0.0428
vn -0.9744 -0.1679 0.1494
vn -0.9615 -0.2595 0.0905
vn -0.9825 0.1065 0.1530
vn -0.9907 -0.1285 0.0442
vn -0.9738 0.1023 0.2029
vn -0.8782 -0.4764 -0.0430
vn -0.8385 -0.5385 -0.0836
vn -0.7173 -0.6926 -0.0762
vn -0.9645 -0.2565 -0.0621
vn -0.6820 -0.7262 -0.0868
vn -0.5455 -0.8357 -0.0635
vn -0.7491 -0.6596 -0.0612
vn -0.5153 -0.8532 -0.0806
vn -0.9792 -0.2026 0.0084
vn -0.9673 -0.2537 0.0073
vn -0.9985 0.0477 0.0256
vn -0.9962 -0.0870 -0.0069
vn -0.9646 -0.2265 -0.1351
vn -1.0000 -0.0017 -0.0066
vn -0.9814 -0.1203 -0.1496
vn -0.9879 -0.1229 -0.0948
vn -0.9909 -0.0137 -0.1338
vn -0.9762 -0.1298 -0.1738
vn -0.9799 -0.1987 -0.0162
vn -0.9981 -0.0546 -0.0293
vn -0.9971 -0.0697 -0.0291
vn -0.9984 -0.0454 -0.0333
vn -0.9949 -0.0711 -0.0715
vn -0.9798 -0.0179 -0.1992
vn -0.9952 -0.0217 -0.0951
vn -0.6551 -0.7503 -0.0893
vn -0.8117 -0.5764 -0.0938
vn -0.6150 -0.7808 -0.1100
vn -0.7722 -0.6253 -0.1129
vn -0.9368 -0.3429 -0.0694
vn -0.4516 -0.8885 -0.0814
vn -0.4854 -0.8703 -0.0833
vn -0.9940 -0.1057 -0.0276
vn -0.9997 -0.0155 -0.0212
vn -0.9985 -0.0278 -0.0462
vn -0.9987 -0.0331 -0.0394
vn -0.8975 -0.4315 -0.0913
vn -0.9814 -0.1875 -0.0422
vn -0.9996 0.0055 -0.0283
vn -0.9987 -0.0252 -0.0445
vn -0.9997 -0.0087 0.0216
vn -0.9986 -0.0125 0.0515
vn -0.9961 -0.0271 0.0838
vn -0.8651 -0.5015 -0.0004
vn -0.8442 -0.5250 0.1077
vn -0.9380 -0.3340 0.0924
vn -0.9575 -0.2882 0.0057
vn -0.9949 -0.0926 0.0392
vn -0.8463 -0.5299 -0.0546
vn -0.9522 -0.3034 -0.0342
vn -0.9991 -0.0410 0.0140
vn -0.9322 -0.3604 -0.0343
vn -0.9963 -0.0847 0.0131
vn -0.9014 -0.4274 -0.0689
vn -0.9915 -0.1293 -0.0130
vn -0.9978 -0.0622 0.0214
vn -0.9934 -0.1006 0.0549
vn -0.9974 0.0574 0.0426
vn -0.9999 -0.0115 -0.0105
vn -0.9984 -0.0201 0.0532
vn -0.9976 -0.0234 -0.0647
vn -0.9985 0.0552 0.0046
vn -0.9983 -0.0260 -0.0530
vn -0.9992 -0.0023 -0.0398
vn -0.9875 -0.1502 -0.0471
vn -0.9983 -0.0167 -0.0564
vn -0.9984 0.0330 -0.0455
vn -0.9972 -0.0324 -0.0676
vn -0.9981 0.0028 -0.0611
vn -0.8704 -0.4731 -0.1367
vn -0.7233 -0.6663 -0.1813
vn -0.7492 -0.6483 -0.1358
vn -0.8421 -0.5057 -0.1875
vn -0.9714 -0.2210 -0.0864
vn -0.9998 0.0122 0.0163
vn -1.0000 -0.0067 -0.0046
vn -0.9998 -0.0092 -0.0163
vn -0.9993 -0.0062 -0.0371
vn -0.9341 -0.3186 -0.1613
vn -1.0000 -0.0064 0.0034
vn -0.9897 -0.1159 -0.0844
vn -0.9993 0.0077 0.0375
vn -0.9995 0.0029 0.0328
vn -0.8009 -0.4892 0.3453
vn -0.6487 -0.6151 0.4482
vn -0.7251 -0.4853 0.4885
vn -0.8571 -0.3512 0.3769
vn -0.7750 -0.3626 0.5177
vn -0.8945 -0.2346 0.3807
vn -0.8055 -0.2598 0.5326
vn -0.5849 -0.5414 0.6040
vn -0.5395 -0.6757 0.5024
vn -0.6528 -0.4011 0.6427
vn -0.5433 -0.7528 0.3716
vn -0.4592 -0.7136 0.5291
vn -0.5415 -0.4450 0.7133
vn -0.4949 -0.5855 0.6421
vn -0.5781 -0.3150 0.7527
vn -0.4427 -0.4717 0.7625
vn -0.4055 -0.6135 0.6776
vn -0.4627 -0.3335 0.8214
vn -0.9234 -0.1280 0.3619
vn -0.8268 -0.1676 0.5369
vn -0.9416 -0.0506 0.3330
vn -0.8431 -0.0896 0.5303
vn -0.8533 -0.0250 0.5208
vn -0.9481 -0.0112 0.3177
vn -0.8543 0.0405 0.5182
vn -0.6932 -0.2867 0.6613
vn -0.7159 -0.1931 0.6710
vn -0.7279 -0.1120 0.6765
vn -0.5939 -0.2100 0.7767
vn -0.5988 -0.1250 0.7911
vn -0.7339 -0.0438 0.6778
vn -0.6028 -0.0593 0.7957
vn -0.6076 0.0087 0.7942
vn -0.4673 -0.2144 0.8577
vn -0.4604 -0.1283 0.8784
vn -0.4487 -0.0637 0.8914
vn -0.7058 -0.6900 0.1604
vn -0.6979 -0.6733 0.2442
vn -0.6878 -0.6451 0.3328
vn -0.5571 -0.8137 0.1658
vn -0.7025 -0.7061 0.0888
vn -0.5403 -0.8370 0.0867
vn -0.5093 -0.8603 0.0236
vn -0.5594 -0.7848 0.2669
vn -0.3196 -0.9475 0.0057
vn -0.3663 -0.9269 0.0818
vn -0.4146 -0.8620 0.2915
vn -0.4330 -0.8032 0.4091
vn -0.3966 -0.9011 0.1752
vn -0.1962 -0.9781 0.0700
vn -0.1303 -0.9913 -0.0177
vn -0.2450 -0.9526 0.1801
vn -0.2933 -0.9082 0.2986
vn -0.4614 -0.8867 -0.0285
vn -0.2618 -0.9638 -0.0506
vn -0.0516 -0.9958 -0.0754
vn 0.0306 -0.9937 -0.1075
vn -0.2478 -0.9663 -0.0695
vn -0.2772 -0.9584 -0.0685
vn -0.3155 -0.9466 -0.0660
vn -0.0774 -0.9944 -0.0722
vn -0.1276 -0.9884 -0.0821
vn -0.0352 -0.9975 -0.0613
vn -0.0073 -0.9988 -0.0479
vn -0.2203 -0.9731 -0.0679
vn 0.0052 -0.9992 -0.0401
vn 0.1811 -0.9821 -0.0521
vn 0.1537 -0.9853 -0.0742
vn 0.1986 -0.9796 -0.0320
vn 0.2095 -0.9778 -0.0086
vn -0.7267 -0.6721 -0.1419
vn -0.5731 -0.8103 -0.1220
vn -0.5605 -0.8221 -0.0998
vn -0.4162 -0.9047 -0.0912
vn -0.3994 -0.9130 -0.0828
vn -0.3914 -0.9178 -0.0662
vn -0.2046 -0.9782 -0.0368
vn -0.3900 -0.9203 -0.0310
vn -0.2081 -0.9779 -0.0209
vn -0.0194 -0.9988 0.0443
vn 0.0026 -0.9999 0.0100
vn -0.9561 -0.2803 -0.0852
vn -0.8578 -0.4962 -0.1340
vn -0.7079 -0.6948 -0.1268
vn -0.6809 -0.7314 0.0374
vn -0.7006 -0.7076 -0.0916
vn -0.8227 -0.5578 -0.1096
vn -0.5489 -0.8332 -0.0668
vn -0.5329 -0.8461 0.0073
vn -0.6112 -0.7734 0.1683
vn -0.5552 -0.8248 0.1070
vn -0.7312 -0.6632 0.1600
vn -0.4624 -0.8842 0.0659
vn -0.3899 -0.9206 0.0225
vn -0.9259 -0.3587 -0.1186
vn -0.8329 -0.5353 -0.1405
vn -0.9931 -0.1100 -0.0402
vn -0.9993 -0.0268 -0.0279
vn -0.9999 0.0105 -0.0133
vn -0.9995 0.0127 0.0277
vn -0.9963 -0.0833 -0.0225
vn -0.9084 -0.4061 -0.0991
vn -0.9786 -0.1998 -0.0488
vn -0.9078 -0.4194 -0.0034
vn -0.8203 -0.5717 0.0146
vn -0.9719 -0.2352 -0.0118
vn -0.9994 -0.0267 0.0206
vn -0.9983 -0.0581 -0.0052
vn -0.9991 0.0064 0.0431
vn -0.9486 -0.2939 0.1177
vn -0.8396 -0.5253 0.1386
vn -0.9219 -0.3757 0.0950
vn -0.9913 -0.1166 0.0609
vn -0.9811 -0.1888 0.0424
vn -0.9994 -0.0293 -0.0175
vn -0.9990 -0.0007 0.0444
vn -0.9990 0.0177 -0.0404
vn -0.7893 -0.5829 0.1931
vn -0.7272 -0.6496 0.2218
vn -0.8382 -0.5032 0.2103
vn -0.8918 -0.4168 0.1763
vn -0.9689 -0.2232 0.1069
vn -0.7397 -0.6675 0.0851
vn -0.6416 -0.7644 0.0635
vn -0.6747 -0.7167 0.1762
vn -0.7823 -0.5893 0.2018
vn -0.6680 -0.7133 0.2120
vn -0.9212 -0.3509 0.1679
vn -0.6077 -0.7684 0.2005
vn -0.5398 -0.8184 0.1972
vn -0.5644 -0.8167 0.1201
vn -0.4813 -0.8637 0.1495
vn -0.3649 -0.9268 0.0887
vn -0.3986 -0.9045 0.1514
vn -0.4755 -0.8645 0.1633
vn -0.4222 -0.9006 0.1036
vn -0.2694 -0.9625 0.0300
vn -0.2682 -0.9588 0.0939
vn -0.2651 -0.9616 0.0705
vn -0.3323 -0.9347 0.1259
vn -0.1801 -0.9813 0.0681
vn -0.9993 -0.0333 -0.0166
vn -0.9984 -0.0345 -0.0448
vn -0.9994 -0.0242 0.0260
vn -0.9846 -0.1568 0.0768
vn -0.9996 -0.0094 -0.0285
vn -0.8797 -0.4433 0.1721
vn -0.9987 -0.0501 -0.0125
vn -0.9996 -0.0194 -0.0220
vn -0.9989 0.0428 0.0196
vn -0.7090 -0.7032 -0.0531
vn -0.7470 -0.6647 -0.0072
vn -0.8149 -0.5754 -0.0696
vn -0.6720 -0.7363 -0.0788
vn -0.7794 -0.6195 -0.0937
vn -0.5616 -0.8269 -0.0309
vn -0.6099 -0.7924 0.0059
vn -0.5086 -0.8583 -0.0690
vn -0.6352 -0.7661 -0.0980
vn -0.4132 -0.9107 -0.0011
vn -0.6017 -0.7892 -0.1225
vn -0.4308 -0.8970 -0.0994
vn -0.4654 -0.8811 -0.0840
vn -0.3430 -0.9380 -0.0493
vn -0.1816 -0.9831 -0.0230
vn -0.4768 -0.8775 0.0508
vn -0.2448 -0.9673 -0.0662
vn -0.2843 -0.9564 -0.0673
vn -0.1046 -0.9931 -0.0532
vn -0.1405 -0.9894 0.0377
vn -0.0538 -0.9978 -0.0380
vn -0.6923 -0.6832 -0.2322
vn -0.8074 -0.5335 -0.2519
vn -0.5758 -0.8032 -0.1530
vn -0.6620 -0.6922 -0.2874
vn -0.7686 -0.5495 -0.3276
vn -0.8923 -0.3754 -0.2510
vn -0.6312 -0.6923 -0.3497
vn -0.5271 -0.8163 -0.2363
vn -0.3889 -0.9106 -0.1402
vn -0.4042 -0.9074 -0.1153
vn -0.5495 -0.8121 -0.1965
vn -0.2240 -0.9720 -0.0710
vn -0.3802 -0.9076 -0.1779
vn -0.2110 -0.9727 -0.0967
vn -0.9508 -0.2212 -0.2168
vn -0.9962 -0.0299 -0.0821
vn -0.9841 -0.0960 -0.1493
vn -0.9989 -0.0042 -0.0458
vn -0.9468 -0.0856 -0.3104
vn -0.9560 -0.0197 -0.2926
vn -0.8451 -0.4059 -0.3481
vn -0.8960 -0.2720 -0.3510
vn -0.9272 -0.1665 -0.3356
vn -0.8750 -0.1055 -0.4725
vn -0.8608 -0.1922 -0.4713
vn -0.8801 -0.0263 -0.4741
vn -0.7275 -0.5509 -0.4089
vn -0.6820 -0.5360 -0.4976
vn -0.6034 -0.6785 -0.4191
vn -0.7923 -0.4131 -0.4489
vn -0.5014 -0.8010 -0.3271
vn -0.5655 -0.6564 -0.4994
vn -0.4787 -0.7830 -0.3972
vn -0.6284 -0.5103 -0.5871
vn -0.5795 -0.3606 -0.7308
vn -0.5590 -0.4820 -0.6747
vn -0.5181 -0.6215 -0.5876
vn -0.3817 -0.8939 -0.2350
vn -0.3810 -0.9026 -0.2005
vn -0.5110 -0.8141 -0.2758
vn -0.8349 -0.2893 -0.4682
vn -0.7822 -0.1949 -0.5917
vn -0.7899 -0.1024 -0.6046
vn -0.6872 -0.1820 -0.7033
vn -0.7894 -0.0232 -0.6135
vn -0.6869 -0.0905 -0.7211
vn -0.6613 -0.3870 -0.6426
vn -0.5798 -0.2554 -0.7737
vn -0.5708 -0.1566 -0.8060
vn -0.6785 -0.2843 -0.6773
vn -0.5612 -0.0741 -0.8244
vn -0.6825 -0.0147 -0.7307
vn -0.5531 -0.0053 -0.8331
vn -0.3405 -0.4844 0.8059
vn -0.3202 -0.6328 0.7050
vn -0.3454 -0.3341 0.8770
vn -0.3695 -0.7422 0.5591
vn -0.2506 -0.6333 0.7322
vn -0.2550 -0.8626 0.4369
vn -0.2933 -0.7590 0.5813
vn -0.2655 -0.4884 0.8313
vn -0.2186 -0.2723 0.9371
vn -0.2294 -0.7687 0.5970
vn -0.1260 -0.9528 0.2763
vn -0.1866 -0.8792 0.4384
vn -0.0567 -0.9645 0.2581
vn -0.1212 -0.8907 0.4380
vn -0.1611 -0.7744 0.6118
vn -0.1076 -0.7742 0.6238
vn -0.0726 -0.8967 0.4367
vn -0.3079 -0.1806 0.9341
vn -0.2557 -0.1078 0.9607
vn -0.4437 -0.0082 0.8961
vn -0.2272 -0.0616 0.9719
vn -0.1907 0.0117 0.9816
vn 0.0481 -0.9975 -0.0521
vn -0.0452 -0.9981 0.0429
vn -0.2015 -0.9359 0.2890
vn -0.3373 -0.8390 0.4270
vn -0.1311 -0.9784 0.1597
vn -0.0436 -0.9917 0.1206
vn 0.2051 -0.9726 -0.1092
vn 0.0713 -0.9974 -0.0133
vn 0.1565 -0.9840 -0.0851
vn 0.0358 -0.9963 0.0786
vn 0.3087 -0.9306 -0.1967
vn 0.3555 -0.8871 -0.2943
vn 0.4773 -0.8481 -0.2302
vn 0.5799 -0.7395 -0.3418
vn 0.1507 -0.9822 -0.1116
vn 0.2507 -0.9590 -0.1321
vn 0.3234 -0.9395 -0.1133
vn 0.1025 -0.9897 -0.0999
vn 0.3599 -0.9305 -0.0683
vn 0.3357 -0.9287 -0.1578
vn 0.4490 -0.8797 -0.1565
vn 0.5229 -0.8451 -0.1109
vn 0.5465 -0.8358 -0.0523
vn 0.6191 -0.7645 -0.1798
vn 0.7098 -0.7004 -0.0757
vn 0.7031 -0.7106 -0.0266
vn 0.8425 -0.5387 -0.0056
vn 0.8195 -0.5712 -0.0456
vn 0.8204 -0.5716 0.0162
vn 0.8984 -0.4354 0.0574
vn 0.9119 -0.4027 0.0792
vn 0.3773 -0.9255 -0.0346
vn 0.2094 -0.9777 0.0164
vn 0.3927 -0.9196 0.0148
vn 0.5532 -0.8330 0.0062
vn 0.5524 -0.8334 -0.0161
vn 0.5471 -0.8338 0.0739
vn 0.5519 -0.8332 0.0341
vn 0.3898 -0.9196 0.0484
vn 0.6921 -0.7212 0.0284
vn 0.9966 -0.0245 0.0786
vn 0.9942 -0.0099 0.1068
vn 0.9838 -0.1540 0.0914
vn 0.9895 0.1199 0.0808
vn 0.9847 0.1309 0.1151
vn 0.9971 -0.0295 0.0704
vn 0.9903 0.1099 0.0849
vn 0.9915 0.1150 0.0600
vn 0.9959 -0.0323 0.0849
vn 0.9883 0.0990 0.1159
vn 0.0066 -0.9998 -0.0200
vn -0.0581 -0.9939 0.0937
vn -0.2280 -0.9733 0.0251
vn 0.1726 -0.9786 0.1123
vn 0.1980 -0.9787 0.0544
vn 0.1286 -0.9763 0.1740
vn 0.0754 -0.9736 0.2157
vn 0.3770 -0.9214 0.0943
vn 0.3517 -0.9217 0.1638
vn 0.5365 -0.8349 0.1229
vn 0.3044 -0.9196 0.2486
vn 0.2441 -0.9175 0.3141
vn 0.6890 -0.7229 0.0520
vn 0.4808 -0.8255 0.2956
vn -0.3384 -0.9394 0.0547
vn -0.2404 -0.9683 0.0673
vn -0.3395 -0.9393 0.0505
vn -0.0839 -0.9880 0.1297
vn -0.2396 -0.9706 0.0209
vn -0.2111 -0.9753 0.0645
vn -0.0821 -0.9899 0.1159
vn -0.1446 -0.9894 0.0120
vn -0.0420 -0.9958 -0.0810
vn -0.0444 -0.9982 0.0393
vn 0.0457 -0.9793 0.1970
vn -0.0191 -0.9997 0.0131
vn -0.0872 -0.9960 0.0190
vn -0.1841 -0.9829 0.0047
vn 0.1236 -0.9922 -0.0182
vn 0.0850 -0.9957 -0.0370
vn 0.1534 -0.9818 -0.1123
vn -0.0174 -0.9984 -0.0537
vn 0.0343 -0.9907 -0.1318
vn 0.2026 -0.9597 -0.1947
vn 0.3754 -0.8958 -0.2381
vn 0.3216 -0.9360 -0.1429
vn 0.2306 -0.9334 -0.2750
vn 0.0752 -0.9964 -0.0381
vn -0.0288 -0.9994 -0.0181
vn -0.0225 -0.9997 -0.0073
vn 0.2429 -0.9693 -0.0377
vn 0.3891 -0.9181 -0.0752
vn 0.2389 -0.9688 -0.0656
vn 0.3300 -0.9437 -0.0213
vn 0.1414 -0.9897 -0.0227
vn 0.1767 -0.9840 0.0234
vn 0.1787 -0.9821 0.0588
vn 0.3708 -0.9277 0.0435
vn 0.3648 -0.9219 0.1308
vn 0.5597 -0.8279 0.0374
vn 0.4913 -0.8573 -0.1539
vn -0.2116 -0.9742 -0.0787
vn -0.2303 -0.9665 -0.1137
vn -0.0194 -0.9997 -0.0165
vn -0.0717 -0.9974 -0.0049
vn 0.1393 -0.9859 0.0923
vn 0.0743 -0.9906 0.1151
vn -0.0325 -0.9994 -0.0072
vn 0.3071 -0.9274 0.2137
vn 0.0100 -0.9962 0.0864
vn 0.2158 -0.9433 0.2522
vn 0.5485 -0.8138 0.1921
vn -0.0393 -0.9992 -0.0071
vn 0.1218 -0.9695 0.2127
vn -0.4518 -0.7540 -0.4768
vn -0.4656 -0.3158 -0.8267
vn -0.4735 -0.4457 -0.7597
vn -0.3760 -0.8771 -0.2989
vn -0.2499 -0.9577 -0.1426
vn -0.4560 -0.5816 -0.6736
vn -0.4116 -0.7138 -0.5667
vn -0.3489 -0.3910 -0.8517
vn -0.2676 -0.9203 -0.2854
vn -0.2659 -0.9439 -0.1960
vn -0.3658 -0.8511 -0.3766
vn -0.3501 -0.5476 -0.7600
vn -0.1218 -0.9919 -0.0360
vn -0.3199 -0.6786 -0.6612
vn -0.3372 -0.8212 -0.4604
vn -0.1605 -0.9654 -0.2053
vn -0.1526 -0.9829 -0.1027
vn -0.2469 -0.8864 -0.3915
vn -0.1613 -0.9249 -0.3443
vn -0.2953 -0.7768 -0.5562
vn -0.2190 -0.5266 -0.8214
vn -0.2129 -0.6842 -0.6975
vn -0.2248 -0.8118 -0.5390
vn -0.1506 -0.6968 -0.7013
vn -0.1560 -0.8394 -0.5206
vn -0.1395 -0.5110 -0.8482
vn -0.0775 -0.9881 -0.1330
vn -0.0954 -0.8602 -0.5010
vn -0.0945 -0.9473 -0.3062
vn -0.0976 -0.7175 -0.6897
vn -0.4436 -0.2120 -0.8708
vn -0.4254 -0.1246 -0.8964
vn -0.4062 -0.0498 -0.9124
vn -0.3871 0.0069 -0.9220
vn -0.3076 -0.2436 -0.9198
vn -0.2204 -0.1190 -0.9681
vn -0.1256 -0.0517 -0.9907
vn -0.0789 -0.0223 -0.9966
vn -0.2013 -0.3239 -0.9245
vn -0.0998 -0.2627 -0.9597
vn -0.0250 -0.0362 -0.9990
vn -0.0976 -0.5087 -0.8554
vn 0.0308 0.0384 -0.9988
vn -0.0482 -0.2014 -0.9783
vn -0.0254 0.0073 -0.9997
vn -0.1273 -0.1381 -0.9822
vn 0.0220 0.0037 -0.9998
vn -0.0132 -0.0365 -0.9992
vn -0.0421 -0.0107 -0.9991
vn -0.0762 0.0027 -0.9971
vn 0.0123 0.0599 -0.9981
vn -0.0722 -0.0699 -0.9949
vn -0.1925 -0.1090 -0.9752
vn -0.2197 0.0066 -0.9755
vn 0.0254 0.0156 -0.9996
vn -0.0563 -0.1774 -0.9825
vn -0.0118 -0.9717 0.2360
vn -0.0829 -0.7730 0.6290
vn -0.0382 -0.9037 0.4265
vn -0.0353 -0.7815 0.6230
vn -0.0716 -0.5844 0.8083
vn 0.0006 -0.5875 0.8092
vn 0.0234 -0.9124 0.4086
vn 0.0058 -0.7821 0.6232
vn 0.0052 -0.9103 0.4140
vn 0.0579 -0.9838 0.1694
vn 0.0538 -0.9811 0.1859
vn 0.1022 -0.9921 -0.0724
vn 0.2126 -0.9535 -0.2135
vn 0.1123 -0.9936 -0.0084
vn 0.0819 -0.9961 0.0330
vn 0.2043 -0.9668 -0.1534
vn 0.3315 -0.8618 -0.3839
vn 0.4779 -0.7100 -0.5173
vn 0.1918 -0.9460 -0.2615
vn 0.2648 -0.8514 -0.4528
vn 0.1192 -0.9918 -0.0453
vn 0.2163 -0.8475 -0.4847
vn 0.3014 -0.7213 -0.6236
vn 0.2646 -0.6008 -0.7543
vn 0.2520 -0.7331 -0.6317
vn 0.1598 -0.9415 -0.2968
vn 0.1606 -0.7382 -0.6552
vn 0.1721 -0.6119 -0.7720
vn -0.0194 -0.6289 -0.7773
vn -0.0009 -0.7469 -0.6649
vn 0.8884 -0.4574 0.0381
vn 0.9309 -0.3160 0.1834
vn 0.8097 -0.5660 -0.1551
vn 0.6481 -0.5330 -0.5439
vn 0.9308 -0.3276 0.1622
vn 0.8794 -0.1600 0.4483
vn 0.8208 -0.3569 -0.4460
vn 0.0696 -0.3923 -0.9172
vn 0.2426 -0.5668 -0.7874
vn 0.2434 -0.4410 -0.8639
vn -0.1137 -0.2111 -0.9708
vn 0.1500 -0.2822 -0.9476
vn 0.1376 -0.4732 -0.8702
vn 0.0653 -0.3340 -0.9403
vn -0.0427 -0.4953 -0.8677
vn -0.0427 -0.3462 -0.9372
vn 0.9512 -0.2718 0.1460
vn 0.8595 -0.1783 -0.4790
vn 0.7316 -0.0314 0.6810
vn 0.8321 -0.0928 -0.5469
vn 0.7186 -0.0038 0.6954
vn 0.8537 -0.0224 -0.5203
vn -0.2243 -0.0760 -0.9716
vn -0.2722 0.0034 -0.9622
vn -0.1027 0.0505 -0.9934
vn 0.1080 0.1261 -0.9861
vn -0.0624 0.0985 -0.9932
vn -0.1166 -0.0025 -0.9932
vn -0.0373 -0.1849 -0.9821
vn -0.1623 -0.0382 -0.9860
vn -0.0066 -0.1274 -0.9918
vn -0.2490 0.0959 -0.9637
vn 0.0772 0.2299 -0.9702
vn 0.0119 -0.1823 -0.9832
vn 0.0885 -0.0285 -0.9957
vn 0.0908 0.1052 -0.9903
vn -0.2442 0.2336 -0.9412
vn 0.0306 0.2603 -0.9651
vn 0.6603 -0.7199 0.2138
vn 0.5135 -0.8342 0.2011
vn 0.7906 -0.5948 0.1455
vn 0.6754 -0.7244 0.1382
vn 0.8760 -0.4601 0.1447
vn 0.7868 -0.5835 0.2012
vn 0.6506 -0.6982 0.2987
vn 0.4383 -0.8093 0.3911
vn 0.7955 -0.5491 0.2563
vn 0.1774 -0.9306 0.3201
vn 0.2977 -0.8162 0.4952
vn 0.2678 -0.6664 0.6958
vn 0.8694 -0.4413 0.2223
vn 0.6754 -0.6293 0.3844
vn 0.9604 -0.2787 0.0054
vn 0.0295 -0.7983 0.6015
vn 0.9905 -0.0491 0.1281
vn 0.9867 0.0806 0.1412
vn 0.9925 -0.0388 0.1156
vn 0.9951 -0.0531 0.0834
vn 0.9944 0.0565 0.0892
vn 0.9371 -0.3214 0.1359
vn 0.8804 -0.4439 0.1670
vn 0.9754 -0.1809 0.1257
vn 0.9423 -0.3083 0.1303
vn 0.9790 -0.1754 0.1039
vn 0.9894 -0.1353 -0.0530
vn 0.9649 -0.2572 0.0530
vn 0.9934 -0.0358 -0.1087
vn 0.9291 0.0260 -0.3689
vn 0.9929 0.0351 -0.1136
vn 0.9755 -0.1396 -0.1698
vn 0.9035 -0.3932 0.1704
vn 0.5001 -0.3615 0.7869
vn 0.4482 -0.4803 0.7540
vn 0.9527 -0.0553 -0.2989
vn 0.9341 -0.0036 -0.3570
vn 0.6127 -0.1315 0.7793
vn 0.0469 -0.9929 0.1095
vn 0.1124 -0.9656 0.2346
vn 0.1234 -0.8944 0.4298
vn 0.1093 -0.9794 -0.1700
vn 0.0863 -0.9946 0.0580
vn 0.0728 -0.9968 -0.0333
vn 0.0531 -0.9811 0.1859
vn 0.1833 -0.8957 -0.4051
vn 0.0673 -0.9928 -0.0990
vn 0.0021 -0.9456 0.3254
vn 0.5257 -0.8117 -0.2547
vn 0.3910 -0.8570 -0.3356
vn 0.2415 -0.9086 -0.3407
vn 0.5357 -0.7657 -0.3560
vn 0.6576 -0.6585 -0.3660
vn 0.5270 -0.7097 -0.4676
vn 0.3837 -0.8183 -0.4280
vn 0.3460 -0.7837 -0.5159
vn 0.2259 -0.8948 -0.3851
vn 0.7820 -0.4743 -0.4044
vn 0.6612 -0.5965 -0.4550
vn 0.8772 -0.3628 -0.3143
vn 0.7534 -0.5442 -0.3692
vn 0.4758 -0.6485 -0.5942
vn 0.5933 -0.5135 -0.6199
vn 0.4007 -0.5974 -0.6947
vn 0.4805 -0.4508 -0.7523
vn 0.6915 -0.3999 -0.6016
vn 0.5522 -0.3185 -0.7704
vn 0.7846 -0.2910 -0.5474
vn 0.6538 -0.1828 -0.7343
vn 0.2910 -0.7574 -0.5846
vn 0.1222 -0.9142 -0.3864
vn 0.9181 -0.1894 -0.3481
vn 0.9538 -0.0942 -0.2854
vn 0.9482 -0.0654 -0.3109
vn 0.9450 -0.2501 -0.2109
vn 0.8223 -0.4287 -0.3742
vn 0.9842 -0.1268 -0.1238
vn 0.8739 -0.3134 -0.3716
vn 0.9272 -0.0532 -0.3707
vn 0.9981 -0.0254 -0.0567
vn 0.9552 0.0117 -0.2957
vn 0.9972 0.0727 -0.0179
vn 0.9586 0.0661 -0.2769
vn 0.8719 -0.1680 -0.4599
vn 0.7483 -0.0635 -0.6603
vn 0.7973 0.0034 -0.6036
vn 0.7970 0.0276 -0.6034
vn 0.6541 -0.7459 -0.1259
vn 0.5058 -0.8616 -0.0436
vn 0.7466 -0.6642 -0.0382
vn 0.8453 -0.4547 -0.2806
vn 0.7915 -0.5829 -0.1836
vn 0.7692 -0.5729 -0.2830
vn 0.8564 -0.4534 -0.2469
vn 0.8247 -0.3661 -0.4311
vn 0.8445 -0.4892 -0.2180
vn 0.8301 -0.4845 0.2762
vn 0.8425 -0.4599 0.2805
vn 0.9595 0.0424 -0.2784
vn 0.9552 0.0573 -0.2904
vn 0.8922 -0.1960 -0.4069
vn 0.8762 -0.0942 -0.4726
vn 0.8752 0.0201 -0.4834
vn 0.7751 -0.2416 -0.5838
vn 0.8919 -0.3211 -0.3185
vn 0.7274 -0.1219 -0.6753
vn 0.6863 -0.0603 -0.7248
vn 0.8206 -0.4683 0.3276
vn 0.8908 -0.2380 0.3871
vn 0.9041 -0.0724 0.4211
vn 0.9001 0.0261 0.4350
vn 0.6826 -0.0057 -0.7307
vn 0.4442 -0.8215 0.3574
vn 0.7300 -0.6382 0.2444
vn 0.2009 -0.9145 0.3513
vn 0.2746 -0.3355 0.9011
vn 0.4655 -0.4773 0.7453
vn 0.3213 -0.8549 0.4074
vn 0.5186 -0.6589 0.5448
vn 0.3441 -0.7363 0.5827
vn 0.1154 -0.9406 0.3193
vn 0.2099 -0.8549 0.4745
vn 0.3019 -0.5634 0.7690
vn 0.3829 -0.5719 0.7255
vn 0.0561 -0.1952 0.9792
vn -0.1038 -0.0769 0.9916
vn -0.1897 -0.0184 0.9817
vn -0.2803 0.0135 0.9598
vn 0.1491 -0.0147 0.9887
vn 0.4030 -0.3350 0.8517
vn 0.3484 -0.3236 0.8797
vn 0.3528 -0.4459 0.8226
vn 0.4672 -0.2050 0.8601
vn 0.2882 -0.1971 0.9370
vn 0.5272 -0.1124 0.8423
vn 0.2097 -0.0967 0.9730
vn 0.5487 -0.0392 0.8351
vn -0.0112 -0.9985 -0.0543
vn 0.0463 -0.9937 0.1024
vn -0.0491 -0.7318 -0.6797
vn -0.0584 -0.8770 -0.4769
vn 0.0308 -0.9992 0.0262
vn 0.0969 -0.9715 0.2163
vn -0.0281 -0.8978 -0.4396
vn -0.0054 -0.9804 -0.1967
vn -0.0454 -0.9653 -0.2571
vn -0.0324 -0.7435 -0.6679
vn 0.0531 -0.9933 0.1028
vn -0.0091 -0.7693 -0.6388
vn 0.0018 -0.9191 -0.3940
vn 0.0377 -0.9852 0.1673
vn 0.0922 -0.9158 0.3908
vn 0.0059 -0.9953 -0.0968
vn 0.0022 -0.7973 -0.6036
vn 0.0018 -0.9323 -0.3617
vn -0.0386 -0.5183 -0.8543
vn -0.0348 -0.1857 -0.9820
vn -0.0555 0.0411 -0.9976
vn -0.0183 -0.5302 -0.8477
vn 0.0072 -0.1995 -0.9799
vn -0.0059 -0.0146 -0.9999
vn -0.0149 -0.5564 -0.8308
vn 0.0277 -0.2056 -0.9783
vn 0.0712 -0.0296 -0.9970
vn 0.0090 -0.5909 -0.8067
vn -0.0778 0.0240 -0.9967
vn -0.0901 -0.1504 -0.9845
vn -0.1050 -0.0648 -0.9924
vn -0.1230 -0.1779 -0.9763
vn -0.0271 0.0124 -0.9996
vn -0.0511 -0.1193 -0.9915
vn -0.0648 -0.1286 -0.9896
vn -0.0075 -0.0039 -1.0000
vn -0.0313 -0.0682 -0.9972
vn 0.0152 -0.7746 0.6323
vn 0.0243 -0.9133 0.4065
vn 0.0456 -0.9860 0.1606
vn 0.0739 -0.9935 -0.0868
vn 0.0239 -0.9095 0.4151
vn 0.0206 -0.7733 0.6337
vn 0.0164 -0.9866 0.1626
vn 0.0459 -0.7690 0.6376
vn 0.0299 -0.9030 0.4286
vn 0.0107 -0.9838 0.1791
vn 0.0080 -0.9773 0.2116
vn 0.0575 -0.8948 0.4427
vn -0.0545 -0.9981 -0.0272
vn 0.1026 -0.9416 -0.3207
vn 0.1316 -0.8502 -0.5097
vn -0.0838 -0.6239 -0.7770
vn 0.0478 -0.4508 -0.8914
vn 0.2712 -0.2588 -0.9271
vn 0.0065 -0.8585 -0.5127
vn 0.0155 -0.9477 -0.3187
vn -0.1014 -0.7552 -0.6476
vn -0.0584 -0.9546 -0.2921
vn 0.0170 -0.9959 -0.0884
vn -0.0838 -0.8651 -0.4946
vn 0.0995 -0.5454 -0.8323
vn -0.0754 -0.7362 -0.6725
vn -0.0208 -0.9974 -0.0692
vn -0.1304 -0.8683 -0.4787
vn -0.1054 -0.9596 -0.2608
vn 0.4687 -0.0592 -0.8814
vn 0.5767 0.0540 -0.8151
vn 0.6049 0.0870 -0.7915
vn 0.5120 0.1882 -0.8381
vn 0.3298 -0.3084 -0.8923
vn 0.5138 -0.1186 -0.8497
vn -0.6516 -0.5221 -0.5504
vn -0.5423 -0.6020 -0.5861
vn -0.8105 -0.3520 -0.4682
vn -0.4030 -0.7301 -0.5519
vn -0.8251 -0.5575 -0.0919
vn -0.8503 -0.1742 0.4966
vn -0.9129 -0.3405 0.2253
vn 0.6016 0.0227 -0.7985
vn 0.6238 0.0758 -0.7779
vn 0.6397 0.0800 -0.7645
vn 0.6264 0.1245 -0.7695
vn -0.9170 -0.1123 -0.3827
vn -0.9608 -0.0740 -0.2673
vn -0.9674 -0.0739 -0.2423
vn -0.7543 -0.0810 0.6515
vn -0.7023 -0.0633 0.7091
vn -0.7014 -0.0870 0.7074
vn -0.1660 -0.5368 0.8272
vn 0.4054 -0.4942 0.7690
vn -0.3254 -0.2019 0.9238
vn -0.2456 -0.3315 0.9109
vn -0.1156 -0.7525 0.6484
vn -0.3658 -0.5817 0.7265
vn -0.4671 -0.4354 0.7695
vn -0.2679 -0.7508 0.6038
vn -0.5340 -0.6448 0.5469
vn -0.7142 -0.5023 0.4874
vn -0.5647 -0.3434 0.7505
vn -0.8603 -0.3792 0.3408
vn -0.3511 -0.7885 0.5051
vn -0.6474 -0.6228 0.4394
vn -0.4953 -0.7457 0.4457
vn -0.7653 -0.5008 0.4044
vn -0.2009 -0.9050 0.3750
vn -0.3225 -0.8519 0.4127
vn -0.3413 -0.1144 0.9330
vn -0.2229 -0.0555 0.9732
vn 0.6079 -0.1155 0.7856
vn 0.6680 -0.0056 0.7441
vn -0.1965 -0.0307 0.9800
vn -0.6448 -0.2843 0.7095
vn -0.6842 -0.1979 0.7019
vn -0.1163 -0.0372 0.9925
vn -0.6905 -0.0865 0.7181
vn -0.9484 -0.2718 0.1634
vn -0.9861 -0.1656 0.0138
vn -0.9941 -0.0715 -0.0816
vn -0.6587 -0.0666 0.7495
vn -0.9924 -0.0232 -0.1208
vn -0.8536 -0.3825 0.3537
vn -0.9224 -0.2583 0.2871
vn -0.9686 -0.1299 0.2120
vn -0.9850 -0.0334 0.1693
vn 0.0094 -1.0000 -0.0006
vn -0.0842 -0.9107 0.4044
vn 0.0082 -0.7878 -0.6158
vn 0.0174 -0.9453 -0.3257
vn -0.0581 -0.9933 0.1003
vn -0.0664 -0.9739 -0.2171
vn -0.1010 -0.9808 0.1668
vn -0.1714 -0.8966 0.4083
vn -0.1715 -0.9282 -0.3302
vn -0.0951 -0.9912 -0.0923
vn -0.1090 -0.9746 0.1955
vn -0.1199 -0.9778 -0.1719
vn -0.0796 -0.9968 0.0027
vn 0.3556 -0.5334 -0.7675
vn 0.2017 -0.7475 -0.6328
vn 0.5818 -0.3375 -0.7400
vn 0.8003 -0.1868 -0.5698
vn 0.9338 -0.0413 -0.3554
vn -0.0373 -0.5499 -0.8344
vn -0.0597 -0.3842 -0.9213
vn -0.0725 -0.3866 -0.9194
vn -0.4366 -0.6902 -0.5770
vn -0.1489 -0.8520 -0.5020
vn -0.6474 -0.6859 -0.3323
vn -0.7961 -0.5417 -0.2700
vn -0.9250 -0.2981 -0.2356
vn -0.8903 -0.4298 -0.1505
vn -0.7786 -0.6037 -0.1715
vn -0.6686 -0.7135 -0.2095
vn -0.8617 -0.4950 -0.1112
vn -0.4697 -0.8282 -0.3056
vn -0.3268 -0.8546 -0.4035
vn 0.9838 0.0275 -0.1773
vn 0.9964 0.0415 -0.0733
vn 0.9960 0.0412 -0.0796
vn 0.2094 0.0209 -0.9776
vn 0.3746 -0.0325 -0.9266
vn 0.4616 0.0144 -0.8870
vn 0.0050 -0.2550 -0.9669
vn -0.9829 -0.1800 -0.0388
vn -0.9548 -0.2963 0.0236
vn -0.9645 -0.1561 0.2131
vn -0.9947 -0.0773 0.0674
vn -0.9440 -0.0761 0.3211
vn -0.9965 -0.0546 0.0632
vn -0.9287 -0.0348 0.3692
vn -0.9195 -0.3888 -0.0573
vn -0.9631 -0.2691 0.0019
vn -0.9869 -0.1437 0.0738
vn -0.9912 -0.0488 0.1228
vn -0.8430 -0.5283 -0.1017
vn 0.3379 -0.5093 0.7915
vn 0.2467 -0.6905 0.6800
vn 0.2187 -0.6340 0.7417
vn 0.4741 -0.3792 0.7946
vn 0.1115 -0.7645 0.6350
vn 0.0223 -0.8946 0.4462
vn 0.1676 -0.8137 0.5566
vn -0.0247 -0.9789 0.2030
vn 0.5849 -0.2591 0.7686
vn 0.4030 -0.3716 0.8363
vn -0.0738 -0.8744 0.4796
vn -0.0040 -0.7059 0.7083
vn -0.0686 -0.9764 0.2048
vn 0.1688 -0.5226 0.8357
vn -0.3934 -0.4740 0.7877
vn -0.2901 -0.6836 0.6698
vn -0.6541 -0.4064 0.6380
vn -0.1900 -0.8761 0.4431
vn -0.9679 -0.1987 -0.1539
vn -0.4888 -0.3951 0.7778
vn -0.9222 -0.3518 0.1609
vn -0.2767 -0.8956 0.3484
vn -0.4950 -0.7275 0.4751
vn -0.1004 -0.9793 0.1758
vn -0.7379 -0.5395 0.4056
vn -0.6825 -0.6999 0.2104
vn -0.9263 -0.3715 -0.0630
vn -0.8453 -0.5300 0.0668
vn 0.6228 -0.2449 0.7430
vn 0.7494 -0.1079 0.6532
vn 0.8215 -0.0603 0.5670
vn 0.8298 -0.0463 0.5561
vn 0.6779 -0.1347 0.7227
vn 0.7008 -0.0631 0.7105
vn 0.6778 -0.0569 0.7331
vn 0.6586 -0.0497 0.7508
vn -0.8027 -0.2006 0.5616
vn -0.9288 0.0846 0.3607
vn -0.9577 0.0360 0.2855
vn -0.9712 0.0114 0.2380
vn -0.9105 -0.0687 -0.4078
vn -0.8124 0.0300 -0.5823
vn -0.7338 0.0473 -0.6777
vn -0.7030 0.0380 -0.7102
vn -0.9472 -0.2339 -0.2193
vn -0.9242 -0.0916 -0.3707
vn -0.8853 -0.0116 -0.4649
vn -0.8677 0.0332 -0.4959
vn -0.0014 -0.9387 -0.3448
vn -0.0200 -0.9966 -0.0794
vn 0.0142 -0.8136 -0.5813
vn -0.0042 -0.9388 -0.3445
vn 0.0314 -0.8156 -0.5778
vn -0.0331 -0.9952 -0.0920
vn -0.0374 -0.9960 -0.0817
vn 0.0162 -0.9359 -0.3519
vn 0.0495 -0.9324 -0.3581
vn -0.0161 -0.9930 -0.1171
vn -0.0057 -0.0516 -0.9987
vn 0.0300 -0.2222 -0.9745
vn 0.0463 -0.6323 -0.7733
vn 0.0206 -0.3306 -0.9435
vn 0.0260 -0.6123 -0.7902
vn 0.0474 -0.3956 -0.9172
vn 0.0698 -0.6442 -0.7616
vn 0.0146 -0.0656 -0.9977
vn -0.0677 -0.1851 -0.9804
vn 0.0228 -0.1673 -0.9856
vn -0.0068 -0.0913 -0.9958
vn 0.0956 -0.0923 -0.9911
vn 0.0250 -0.0767 -0.9967
vn 0.0841 -0.1605 -0.9834
vn 0.0343 -0.0227 -0.9992
vn 0.0820 -0.1909 -0.9782
vn 0.0701 -0.1428 -0.9873
vn 0.0261 -0.1092 -0.9937
vn 0.0086 -0.0270 -0.9996
vn 0.0894 -0.7594 0.6445
vn 0.0348 -0.9665 0.2541
vn -0.0544 -0.9982 0.0238
vn 0.0985 -0.8831 0.4588
vn 0.1322 -0.7498 0.6483
vn 0.0883 -0.9531 0.2895
vn 0.1524 -0.8680 0.4726
vn 0.1925 -0.7422 0.6420
vn 0.2035 -0.5650 0.7996
vn 0.1583 -0.3244 0.9326
vn 0.1296 -0.9388 0.3191
vn 0.2000 -0.8480 0.4908
vn 0.0985 -0.1661 0.9812
vn 0.1188 -0.0148 0.9928
vn 0.1681 -0.0101 0.9857
vn 0.0804 -0.1123 0.9904
vn -0.5830 -0.7415 -0.3322
vn -0.3239 -0.9005 -0.2900
vn -0.2641 -0.8773 -0.4008
vn -0.1528 -0.9672 -0.2027
vn -0.4646 -0.8549 -0.2309
vn -0.2686 -0.9459 -0.1818
vn -0.0070 -0.9971 0.0763
vn -0.1434 -0.9814 -0.1273
vn -0.1051 -0.9932 -0.0494
vn 0.0278 -0.9904 0.1351
vn -0.0698 -0.9971 0.0315
vn 0.0674 -0.9800 0.1872
vn -0.7661 -0.6419 -0.0316
vn -0.9192 -0.3248 0.2228
vn -0.8746 -0.4794 0.0722
vn -0.6302 -0.7607 -0.1552
vn -0.6800 -0.7290 -0.0785
vn -0.9194 -0.3789 0.1059
vn -0.8552 -0.5165 0.0433
vn -0.8509 -0.5240 0.0361
vn -0.7525 -0.6586 -0.0001
vn -0.7573 -0.6529 -0.0170
vn -0.9233 -0.3798 0.0575
vn -0.4902 -0.8626 -0.1249
vn -0.3716 -0.9189 -0.1323
vn -0.5574 -0.8245 -0.0976
vn -0.6086 -0.7885 -0.0881
vn -0.3331 -0.9370 -0.1049
vn -0.2349 -0.9690 -0.0764
vn -0.4052 -0.9080 -0.1067
vn -0.4901 -0.8681 -0.0782
vn -0.4542 -0.8853 -0.0996
vn -0.9156 -0.1783 0.3605
vn -0.9075 -0.0856 0.4111
vn -0.9613 -0.2218 0.1632
vn -0.9781 -0.0803 0.1919
vn -0.9728 -0.2224 0.0649
vn -0.6982 -0.7125 0.0702
vn -0.5588 -0.8204 0.1209
vn -0.5673 -0.8215 0.0578
vn -0.7985 -0.5969 0.0777
vn -0.6998 -0.7002 0.1413
vn -0.7607 -0.6487 0.0247
vn -0.7850 -0.6177 0.0471
vn -0.6753 -0.7365 0.0378
vn -0.6516 -0.7585 0.0124
vn -0.6387 -0.7690 -0.0270
vn -0.5450 -0.8381 0.0252
vn -0.5130 -0.8572 -0.0450
vn -0.6298 -0.7744 -0.0597
vn -0.5278 -0.8494 -0.0023
vn -0.8785 -0.4703 0.0840
vn -0.8000 -0.5815 0.1481
vn -0.9376 -0.3363 0.0888
vn -0.8768 -0.4569 0.1501
vn -0.9747 -0.2031 0.0928
vn -0.9325 -0.3270 0.1534
vn -0.9936 -0.0617 0.0950
vn -0.9690 -0.1943 0.1527
vn -0.8584 -0.5119 0.0321
vn -0.9308 -0.3639 0.0333
vn -0.8714 -0.4879 0.0516
vn -0.9765 -0.2117 0.0406
vn -0.9360 -0.3480 0.0530
vn -0.9765 -0.2074 0.0589
vn -0.6648 -0.6891 0.2883
vn -0.4717 -0.8392 0.2705
vn -0.7813 -0.5586 0.2784
vn -0.1701 -0.9283 0.3306
vn -0.2694 -0.9108 0.3128
vn -0.2905 -0.9436 0.1586
vn -0.3638 -0.9283 0.0770
vn -0.1454 -0.9689 0.2002
vn -0.1058 -0.9578 0.2672
vn 0.1405 -0.9842 0.1081
vn 0.0257 -0.9951 0.0958
vn -0.8608 -0.4355 0.2635
vn -0.9177 -0.3093 0.2495
vn -0.9565 -0.1753 0.2332
vn -0.9748 -0.0441 0.2187
vn -0.9878 -0.0546 0.1460
vn -0.0693 -0.9771 0.2014
vn -0.0292 -0.9972 -0.0694
vn -0.0234 -0.9981 0.0572
vn 0.0092 -0.9827 0.1852
vn -0.0815 -0.9852 -0.1509
vn 0.0853 -0.9963 -0.0094
vn 0.0707 -0.9940 0.0836
vn 0.1952 -0.9808 -0.0013
vn 0.2150 -0.9761 0.0303
vn -0.0006 -0.9827 0.1851
vn 0.2398 -0.9671 0.0852
vn 0.3162 -0.9467 0.0620
vn 0.1896 -0.9783 0.0830
vn 0.3463 -0.9365 0.0553
vn 0.3329 -0.9417 0.0496
vn -0.2165 -0.9402 -0.2629
vn -0.5305 -0.8226 -0.2046
vn -0.7615 -0.6376 -0.1169
vn -0.6679 -0.7334 -0.1267
vn -0.3161 -0.9174 -0.2418
vn -0.5553 -0.8224 -0.1237
vn -0.1616 -0.9733 -0.1629
vn -0.2261 -0.9662 -0.1241
vn -0.3809 -0.9089 -0.1695
vn -0.4146 -0.9040 -0.1039
vn -0.2802 -0.9596 -0.0247
vn -0.2590 -0.9630 -0.0749
vn -0.0568 -0.9959 -0.0705
vn -0.0037 -0.9967 -0.0815
vn -0.1143 -0.9934 0.0073
vn -0.0932 -0.9949 -0.0374
vn 0.1128 -0.9935 -0.0137
vn 0.1535 -0.9881 -0.0136
vn 0.0650 -0.9972 0.0368
vn 0.0803 -0.9967 0.0076
vn -0.6673 -0.7419 -0.0647
vn -0.7583 -0.6479 -0.0719
vn -0.7732 -0.6338 -0.0208
vn -0.6922 -0.7196 0.0554
vn -0.6760 -0.7368 0.0164
vn -0.7787 -0.6272 0.0159
vn -0.6691 -0.7429 -0.0198
vn -0.8358 -0.5429 -0.0821
vn -0.7629 -0.6451 -0.0425
vn -0.8363 -0.5432 -0.0747
vn -0.5207 -0.8382 0.1625
vn -0.3641 -0.9242 0.1154
vn -0.4167 -0.9055 0.0808
vn -0.5607 -0.8246 0.0750
vn -0.5586 -0.8271 -0.0628
vn -0.4300 -0.9014 -0.0513
vn -0.4372 -0.8994 0.0001
vn -0.5646 -0.8246 0.0360
vn -0.4335 -0.8999 0.0469
vn -0.5597 -0.8286 -0.0092
vn -0.2882 -0.9575 0.0138
vn -0.2740 -0.9605 0.0476
vn -0.2418 -0.9672 0.0781
vn -0.1149 -0.9929 0.0307
vn -0.9032 -0.4203 -0.0868
vn -0.9482 -0.3095 -0.0722
vn -0.8967 -0.4334 -0.0900
vn -0.9418 -0.3199 -0.1032
vn -0.8946 -0.4341 -0.1059
vn -0.9738 -0.1981 -0.1120
vn -0.9393 -0.3165 -0.1326
vn -0.8468 -0.5244 -0.0891
vn -0.8958 -0.4157 -0.1574
vn -0.9672 -0.2006 -0.1558
vn -0.9441 -0.1694 -0.2829
vn -0.9818 -0.0763 -0.1739
vn -0.2749 -0.9308 0.2411
vn -0.4782 -0.8181 0.3194
vn -0.1229 -0.9850 0.1208
vn -0.3850 -0.8995 0.2068
vn -0.2168 -0.9668 0.1354
vn -0.0639 -0.9979 -0.0067
vn -0.1138 -0.9920 0.0554
vn 0.0566 -0.9800 -0.1909
vn -0.2572 -0.9593 0.1167
vn 0.0063 -0.9978 -0.0659
vn -0.1233 -0.9910 0.0516
vn -0.1058 -0.9926 0.0591
vn -0.1885 -0.9787 0.0816
vn 0.0882 -0.9900 -0.1100
vn -0.0096 -0.9999 -0.0038
vn 0.0507 -0.9983 0.0284
vn -0.0066 -0.9980 0.0629
vn 0.1942 -0.9721 -0.1315
vn 0.1191 -0.9922 -0.0360
vn 0.0974 -0.6429 -0.7597
vn 0.0845 -0.8077 -0.5835
vn 0.0518 -0.8118 -0.5817
vn 0.0004 -0.9879 -0.1551
vn 0.0860 -0.9241 -0.3722
vn 0.1433 -0.7976 -0.5859
vn 0.1537 -0.9086 -0.3883
vn 0.1266 -0.9657 -0.2267
vn 0.2913 -0.7726 -0.5641
vn 0.2248 -0.8876 -0.4021
vn 0.2183 -0.7859 -0.5785
vn 0.1874 -0.9472 -0.2603
vn 0.2852 -0.8626 -0.4179
vn 0.0188 -0.1196 -0.9926
vn 0.0799 -0.4422 -0.8933
vn 0.1672 -0.6295 -0.7588
vn 0.1647 -0.4588 -0.8731
vn 0.2480 -0.6276 -0.7380
vn 0.2618 -0.4635 -0.8465
vn 0.3406 -0.6211 -0.7058
vn 0.3661 -0.4693 -0.8036
vn 0.0012 0.0334 -0.9994
vn 0.0776 -0.1198 -0.9898
vn 0.1174 -0.1816 -0.9763
vn 0.1137 -0.0633 -0.9915
vn 0.1026 -0.2015 -0.9741
vn -0.0000 0.0232 -0.9997
vn -0.0314 -0.0586 -0.9978
vn 0.0571 -0.1161 -0.9916
vn 0.2319 -0.2884 -0.9290
vn 0.1329 -0.0921 -0.9868
vn 0.0478 -0.0667 -0.9966
vn 0.0386 -0.0385 -0.9985
vn 0.2522 -0.1255 -0.9595
vn 0.3180 -0.1975 -0.9273
vn 0.1916 -0.0690 -0.9791
vn 0.2746 -0.3840 0.8816
vn 0.2785 -0.5676 0.7748
vn 0.2487 -0.7256 0.6416
vn 0.1674 -0.9220 0.3492
vn 0.2498 -0.8235 0.5094
vn 0.3606 -0.5508 0.7527
vn 0.3200 -0.6900 0.6492
vn 0.3688 -0.4082 0.8351
vn 0.2127 -0.9037 0.3716
vn 0.3062 -0.7977 0.5195
vn 0.3763 -0.6698 0.6401
vn 0.4243 -0.5372 0.7290
vn 0.4621 -0.4087 0.7870
vn 0.2715 -0.8831 0.3826
vn 0.3519 -0.7813 0.5155
vn 0.4295 -0.6534 0.6234
vn 0.5086 -0.5130 0.6915
vn 0.4260 -0.7651 0.4828
vn 0.5362 -0.6261 0.5661
vn 0.5685 -0.3844 0.7273
vn 0.6216 -0.4816 0.6178
vn 0.2252 -0.2254 0.9479
vn 0.0929 -0.0701 0.9932
vn 0.1509 -0.0917 0.9843
vn 0.1091 -0.0042 0.9940
vn 0.1260 -0.0110 0.9920
vn 0.3617 -0.2707 0.8921
vn 0.3489 -0.1443 0.9260
vn 0.3165 -0.0349 0.9479
vn 0.1136 -0.0126 0.9934
vn 0.4886 -0.2751 0.8280
vn 0.5003 -0.1550 0.8519
vn 0.5038 -0.0598 0.8618
vn 0.3123 0.0131 0.9499
vn 0.6079 -0.2609 0.7499
vn 0.6798 -0.3505 0.6443
vn 0.0040 -0.9956 0.0941
vn 0.1134 -0.9675 0.2261
vn 0.0044 -0.9997 0.0229
vn 0.0854 -0.9881 0.1280
vn -0.1173 -0.9930 -0.0155
vn 0.1734 -0.9526 0.2498
vn 0.1826 -0.9724 0.1449
vn 0.2494 -0.9339 0.2561
vn 0.1199 -0.9915 0.0501
vn 0.2228 -0.9748 -0.0071
vn 0.2708 -0.9605 0.0642
vn 0.4138 -0.8379 0.3560
vn 0.3302 -0.8654 0.3769
vn 0.2996 -0.9426 0.1476
vn 0.3257 -0.9100 0.2565
vn 0.4262 -0.8740 0.2335
vn 0.4315 -0.8902 0.1463
vn 0.5253 -0.8010 0.2871
vn 0.3939 -0.9192 0.0059
vn 0.4184 -0.9052 0.0752
vn 0.5332 -0.7310 0.4259
vn 0.6788 -0.7050 0.2054
vn 0.6225 -0.7082 0.3330
vn -0.2370 -0.9663 -0.1000
vn -0.1641 -0.9834 -0.0776
vn -0.2925 -0.9507 -0.1024
vn -0.3332 -0.9390 -0.0856
vn -0.1072 -0.9891 -0.1007
vn -0.0528 -0.9947 -0.0880
vn -0.1516 -0.9844 -0.0896
vn 0.0927 -0.9913 -0.0930
vn 0.1380 -0.9872 -0.0803
vn 0.0474 -0.9952 -0.0857
vn 0.2881 -0.9543 -0.0795
vn 0.3303 -0.9412 -0.0706
vn 0.2515 -0.9647 -0.0784
vn -0.3888 -0.9207 0.0328
vn -0.3863 -0.9224 0.0060
vn -0.3621 -0.9302 -0.0610
vn -0.3777 -0.9256 -0.0224
vn -0.1983 -0.9799 -0.0203
vn -0.2010 -0.9785 -0.0461
vn -0.1847 -0.9828 0.0006
vn -0.1857 -0.9801 -0.0707
vn 0.0027 -0.9986 -0.0523
vn -0.0059 -0.9976 -0.0693
vn 0.0251 -0.9992 -0.0316
vn 0.0113 -0.9973 -0.0731
vn 0.2152 -0.9730 -0.0832
vn 0.2102 -0.9740 -0.0840
vn 0.2261 -0.9712 -0.0752
vn -0.1533 -0.9878 0.0267
vn 0.2072 -0.9782 0.0158
vn 0.1241 -0.9923 -0.0046
vn -0.0872 -0.9939 0.0671
vn 0.2987 -0.9538 0.0307
vn 0.0615 -0.9979 -0.0177
vn 0.3874 -0.9208 -0.0455
vn 0.3216 -0.9452 -0.0559
vn 0.2411 -0.9686 -0.0616
vn 0.5078 -0.8575 -0.0826
vn 0.2760 -0.9596 -0.0544
vn 0.5541 -0.8265 -0.0989
vn 0.4756 -0.8762 -0.0778
vn 0.3859 -0.9222 0.0249
vn 0.4460 -0.8942 0.0378
vn 0.4672 -0.8814 0.0691
vn 0.4596 -0.8839 0.0864
vn 0.3024 -0.9522 0.0432
vn 0.5648 -0.8250 0.0196
vn 0.5268 -0.8497 -0.0231
vn 0.5763 -0.8138 0.0754
vn 0.5772 -0.8095 0.1071
vn 0.6714 -0.7411 0.0044
vn 0.6825 -0.7271 0.0747
vn 0.8617 -0.5038 0.0600
vn 0.8537 -0.5205 -0.0189
vn 0.7691 -0.6390 -0.0115
vn 0.4457 -0.8908 0.0885
vn 0.6187 -0.7793 -0.0998
vn 0.4660 -0.8836 -0.0449
vn 0.7541 -0.6522 -0.0771
vn 0.6510 -0.7571 -0.0545
vn 0.8430 -0.5303 -0.0901
vn 0.7820 -0.6195 0.0680
vn 0.6906 -0.7133 0.1199
vn 0.7917 -0.5980 0.1250
vn 0.8034 -0.5797 0.1360
vn 0.7335 -0.6677 -0.1274
vn 0.8304 -0.5405 -0.1351
vn 0.7047 -0.6965 -0.1348
vn 0.8897 -0.4385 0.1272
vn 0.8736 -0.4731 0.1140
vn 0.9255 -0.3755 0.0499
vn 0.9186 -0.3947 -0.0209
vn 0.9768 -0.2118 0.0319
vn 0.9722 -0.2336 -0.0161
vn 0.9985 -0.0526 0.0161
vn 0.9982 -0.0596 0.0001
vn 0.9998 0.0200 0.0079
vn 0.9999 0.0110 0.0036
vn 0.9130 -0.3981 -0.0895
vn 0.9717 -0.2272 -0.0644
vn 0.9990 -0.0427 -0.0164
vn 0.9997 0.0154 0.0213
vn 0.9364 -0.3398 0.0876
vn 0.9875 -0.1527 0.0393
vn 0.9989 -0.0468 0.0088
vn 0.9796 -0.1903 -0.0642
vn 0.9110 -0.3934 -0.1239
vn 0.9999 -0.0066 0.0131
vn 0.9996 0.0134 0.0263
vn 0.9552 -0.2829 0.0868
vn 0.9954 -0.0881 0.0365
vn 0.2730 -0.9612 0.0381
vn 0.2553 -0.9657 0.0481
vn 0.2530 -0.9654 0.0627
vn 0.4318 -0.8981 0.0835
vn 0.4246 -0.9019 0.0797
vn 0.5812 -0.8062 0.1108
vn 0.5826 -0.8038 0.1205
vn 0.5808 -0.8056 0.1171
vn 0.6997 -0.7025 0.1304
vn 0.4286 -0.8997 0.0827
vn 0.5908 -0.8015 0.0928
vn 0.4420 -0.8928 0.0869
vn -0.0585 -0.9962 0.0646
vn 0.1205 -0.9915 0.0487
vn 0.0872 -0.9950 0.0495
vn -0.0960 -0.9944 0.0452
vn 0.1664 -0.9850 0.0457
vn 0.2597 -0.9631 0.0711
vn 0.0697 -0.9963 0.0493
vn 0.2738 -0.9599 0.0610
vn 0.2984 -0.9535 0.0421
vn 0.4575 -0.8859 0.0763
vn 0.4759 -0.8784 0.0434
vn 0.6422 -0.7649 0.0499
vn 0.6295 -0.7721 0.0874
vn 0.5031 -0.8641 0.0102
vn 0.6548 -0.7558 0.0019
vn 0.2179 -0.9759 0.0134
vn 0.2643 -0.9632 -0.0480
vn 0.3104 -0.9405 -0.1384
vn 0.2720 -0.9234 -0.2709
vn 0.4202 -0.9059 -0.0519
vn 0.4524 -0.8817 -0.1337
vn 0.3665 -0.8920 -0.2646
vn 0.5700 -0.8190 -0.0661
vn 0.4642 -0.8515 -0.2440
vn 0.5842 -0.7416 -0.3296
vn 0.5971 -0.7738 -0.2116
vn 0.7095 -0.6902 -0.1420
vn 0.6949 -0.7141 -0.0845
vn 0.5959 -0.7919 -0.1337
vn 0.5356 -0.8443 -0.0177
vn 0.6747 -0.7373 -0.0358
vn 0.7204 -0.6518 -0.2370
vn 0.4198 -0.6095 -0.6725
vn 0.3680 -0.7477 -0.5528
vn 0.4162 -0.7188 -0.5569
vn 0.3476 -0.8350 -0.4267
vn 0.4227 -0.8096 -0.4072
vn 0.4790 -0.5918 -0.6484
vn 0.5288 -0.4634 -0.7111
vn 0.4915 -0.6895 -0.5321
vn 0.5019 -0.7776 -0.3787
vn 0.5642 -0.5598 -0.6069
vn 0.6594 -0.5254 -0.5377
vn 0.5851 -0.6499 -0.4851
vn 0.7146 -0.4113 -0.5659
vn 0.8048 -0.3871 -0.4499
vn 0.7494 -0.5057 -0.4275
vn 0.8714 -0.3797 -0.3105
vn 0.8070 -0.5179 -0.2838
vn 0.6702 -0.6350 -0.3842
vn 0.4451 -0.1685 -0.8795
vn 0.4563 -0.2433 -0.8559
vn 0.4443 -0.1016 -0.8901
vn 0.4587 -0.3523 -0.8158
vn 0.5723 -0.2527 -0.7801
vn 0.5806 -0.1696 -0.7963
vn 0.5892 -0.0924 -0.8027
vn 0.6816 -0.2407 -0.6910
vn 0.6995 -0.1565 -0.6973
vn 0.7094 -0.0796 -0.7003
vn 0.7824 -0.2167 -0.5838
vn 0.7550 -0.3072 -0.5794
vn 0.6563 -0.3312 -0.6779
vn 0.8009 -0.1372 -0.5828
vn 0.8114 -0.0654 -0.5808
vn 0.8443 -0.2798 -0.4571
vn 0.8723 -0.1874 -0.4516
vn 0.8903 -0.1128 -0.4411
vn 0.9002 -0.0481 -0.4329
vn 0.9145 -0.2535 -0.3152
vn 0.9427 -0.1478 -0.2991
vn 0.9628 -0.0675 -0.2618
vn 0.9740 -0.0208 -0.2256
vn 0.7181 -0.2388 0.6537
vn 0.8503 -0.1179 0.5129
vn 0.7399 -0.1402 0.6580
vn 0.8606 -0.0419 0.5076
vn 0.7510 -0.0486 0.6585
vn 0.8614 0.0277 0.5072
vn 0.7542 0.0286 0.6560
vn 0.5670 -0.8067 0.1667
vn 0.5686 -0.8181 0.0860
vn 0.7083 -0.7000 0.0914
vn 0.5591 -0.8288 0.0205
vn 0.7146 -0.6987 0.0329
vn 0.8187 -0.4185 0.3931
vn 0.7278 -0.5766 0.3713
vn 0.8016 -0.5485 0.2379
vn 0.8768 -0.2766 0.3934
vn 0.9017 -0.3625 0.2355
vn 0.8397 -0.5321 0.1090
vn 0.9533 -0.2858 0.0981
vn 0.9634 -0.1957 0.1834
vn 0.9722 -0.2325 0.0271
vn 0.8518 -0.5226 0.0363
vn 0.9975 -0.0684 0.0158
vn 0.9933 -0.1059 0.0464
vn 0.9609 -0.0194 0.2761
vn 0.9675 0.0323 0.2506
vn 0.9184 -0.1474 0.3672
vn 0.9456 -0.0701 0.3178
vn 0.9898 -0.0642 0.1269
vn 0.9959 -0.0180 0.0891
vn 0.9971 0.0005 0.0756
vn 0.9966 0.0412 0.0714
vn 0.9995 -0.0216 0.0214
vn 0.9995 -0.0036 0.0304
vn 0.9984 0.0414 0.0378
vn 0.9988 -0.0393 0.0281
vn 0.9997 -0.0028 0.0251
vn 0.5390 -0.8412 -0.0423
vn 0.3664 -0.9291 -0.0495
vn 0.5139 -0.8559 -0.0578
vn 0.4853 -0.8720 -0.0645
vn 0.4627 -0.8831 -0.0776
vn 0.7031 -0.7107 -0.0225
vn 0.6748 -0.7356 -0.0590
vn 0.6853 -0.7264 -0.0510
vn 0.6644 -0.7435 -0.0762
vn 0.8541 -0.5201 -0.0012
vn 0.9715 -0.2356 0.0242
vn 0.9978 -0.0585 0.0305
vn 0.8410 -0.5398 -0.0364
vn 0.8327 -0.5496 -0.0670
vn 0.8305 -0.5530 -0.0664
vn 0.9579 -0.2870 0.0111
vn 0.9973 -0.0547 0.0485
vn 0.9390 -0.3406 -0.0472
vn 0.9979 -0.0647 -0.0007
vn 0.9357 -0.3447 -0.0746
vn 0.9943 -0.0724 -0.0779
vn 0.9996 -0.0283 0.0027
vn 0.9999 -0.0032 -0.0095
vn 0.9993 -0.0016 0.0382
vn 0.9999 -0.0050 0.0097
vn 0.9996 0.0001 0.0283
vn 0.9994 0.0075 0.0334
vn 0.9991 0.0293 0.0315
vn 0.9981 -0.0200 0.0579
vn 0.9966 -0.0306 0.0769
vn 0.9971 0.0056 0.0764
vn 0.9992 0.0105 0.0397
vn 0.9999 -0.0153 0.0050
vn 0.9981 -0.0601 0.0095
vn 0.9990 0.0217 0.0397
vn 0.9983 0.0510 0.0297
vn 0.9963 0.0750 -0.0409
vn 0.4465 -0.8913 -0.0791
vn 0.4312 -0.8983 -0.0846
vn 0.4245 -0.8999 -0.1000
vn 0.6186 -0.7785 -0.1061
vn 0.6444 -0.7617 -0.0678
vn 0.6249 -0.7773 -0.0728
vn 0.8160 -0.5771 -0.0339
vn 0.8035 -0.5926 -0.0573
vn 0.9430 -0.3327 -0.0105
vn 0.9429 -0.3311 -0.0357
vn 0.9991 0.0251 -0.0351
vn 0.9980 0.0619 0.0137
vn 0.9988 0.0460 0.0166
vn 0.9992 0.0382 0.0120
vn 0.9991 0.0243 -0.0349
vn 0.9977 -0.0465 -0.0500
vn 0.9990 -0.0103 -0.0424
vn 0.6775 -0.7284 -0.1022
vn 0.6511 -0.7539 -0.0872
vn 0.6302 -0.7690 -0.1076
vn 0.9281 -0.3672 -0.0623
vn 0.8023 -0.5906 -0.0866
vn 0.8148 -0.5687 -0.1124
vn 0.9888 -0.1485 -0.0165
vn 0.9227 -0.3745 -0.0911
vn 0.9377 -0.3440 -0.0485
vn 0.7971 -0.5957 -0.0991
vn 0.9915 -0.1305 0.0005
vn 0.9426 -0.3224 -0.0872
vn 0.9938 -0.1033 -0.0423
vn 0.9965 -0.0833 -0.0066
vn 0.7963 -0.5957 -0.1054
vn 0.9834 -0.1621 -0.0814
vn 0.9853 -0.1628 -0.0510
vn 0.9983 0.0183 -0.0551
vn 0.9964 -0.0288 -0.0797
vn 0.9991 0.0181 -0.0396
vn 0.9930 0.0471 -0.1084
vn 1.0000 0.0017 -0.0098
vn 0.9969 0.0575 -0.0536
vn 0.9972 -0.0735 0.0113
vn 0.9997 0.0244 -0.0038
vn 0.9959 0.0860 -0.0269
vn 0.9979 -0.0591 0.0260
vn 0.9989 0.0013 0.0460
vn 0.9986 0.0500 0.0189
vn 0.9984 -0.0510 -0.0224
vn 0.9973 -0.0722 -0.0137
vn 0.9975 0.0057 -0.0706
vn 0.9975 0.0136 -0.0695
vn 0.9156 -0.3844 -0.1177
vn 0.8230 -0.5501 -0.1418
vn 0.9997 -0.0192 0.0137
vn 0.9080 -0.4007 0.1225
vn 0.7237 -0.6775 0.1309
vn 0.8438 -0.5225 0.1223
vn 0.8190 -0.5559 0.1423
vn 0.7099 -0.6899 0.1420
vn 0.9306 -0.3550 0.0888
vn 0.7429 -0.6626 0.0949
vn 0.8663 -0.4913 0.0907
vn 0.9548 -0.2918 0.0561
vn 0.8774 -0.4716 0.0883
vn 0.9764 -0.2093 0.0537
vn 0.9771 -0.2011 0.0694
vn 0.9973 -0.0647 0.0354
vn 0.9990 -0.0329 0.0313
vn 0.9989 -0.0453 0.0078
vn 0.9996 0.0125 0.0244
vn 1.0000 0.0037 -0.0004
vn 0.9862 -0.1506 0.0691
vn 0.9997 -0.0021 0.0248
vn 0.9998 0.0010 0.0180
vn 0.9896 -0.1413 0.0269
vn 0.9994 0.0337 -0.0039
vn 0.9969 -0.0551 0.0554
vn 0.9994 0.0023 -0.0350
vn 0.9935 -0.1134 -0.0106
vn 0.6116 -0.7860 0.0900
vn 0.7575 -0.6468 0.0882
vn 0.7720 -0.6297 0.0864
vn 0.7980 -0.6027 -0.0029
vn 0.7878 -0.6139 0.0501
vn 0.8912 -0.4478 0.0723
vn 0.9891 -0.1408 0.0440
vn 0.9077 -0.4182 0.0336
vn 0.9940 -0.1071 0.0204
vn 0.9175 -0.3976 -0.0071
vn 0.9951 -0.0993 0.0023
vn 0.9984 -0.0528 -0.0220
vn 1.0000 0.0011 -0.0015
vn 0.9995 -0.0210 -0.0225
vn 0.9967 -0.0394 -0.0706
vn 0.9998 0.0129 -0.0169
vn 0.9975 0.0437 -0.0555
vn 1.0000 -0.0019 -0.0032
vn 0.9996 0.0186 -0.0203
vn 0.9998 0.0126 0.0177
vn 0.9998 -0.0097 0.0185
vn 0.9999 0.0121 0.0056
vn 0.9997 0.0112 -0.0214
vn 0.8105 -0.5618 -0.1658
vn 0.9009 -0.3895 -0.1914
vn 0.9621 -0.2105 -0.1736
vn 0.8028 -0.5941 -0.0500
vn 0.9166 -0.3974 -0.0438
vn 0.9936 -0.1121 -0.0152
vn 0.9111 -0.3994 -0.1018
vn 0.9916 -0.0717 -0.1075
vn 0.9974 -0.0265 -0.0669
vn 0.9985 0.0067 -0.0535
vn 0.9993 0.0213 -0.0299
vn 0.9995 -0.0225 0.0229
vn 0.9999 0.0110 -0.0027
vn 0.9999 0.0130 0.0107
vn 0.9981 0.0562 0.0261
vn 0.9996 0.0218 -0.0150
vn 0.9996 -0.0185 -0.0205
vn 0.9999 0.0155 -0.0009
vn 0.9984 0.0539 -0.0165
vn -0.9996 0.0269 0.0101
vn -0.9878 0.1016 0.1177
vn -0.9997 0.0209 0.0080
vn -0.9979 0.0453 0.0471
vn -0.9933 0.1106 0.0339
vn -0.9967 0.0757 0.0304
vn -0.9490 0.3063 0.0749
vn -0.9994 0.0275 0.0228
vn -0.9958 0.0679 0.0615
vn -0.9793 0.1691 0.1110
vn -0.9131 0.3783 0.1521
vn -0.9850 0.0601 0.1620
vn -0.9721 0.1329 0.1931
vn -0.9364 0.2472 0.2489
vn -0.8634 0.4206 0.2785
vn -0.9666 0.2510 0.0518
vn -0.8308 0.5472 0.1021
vn -0.8432 0.5354 0.0490
vn -0.6441 0.7596 0.0909
vn -0.7954 0.5814 0.1716
vn -0.6250 0.7666 0.1471
vn -0.4017 0.9149 0.0395
vn -0.6527 0.7574 0.0156
vn -0.9701 0.1867 0.1549
vn -0.9855 0.1441 0.0891
vn -0.9968 0.0728 0.0323
vn -0.6457 0.7635 -0.0108
vn -0.6402 0.7682 -0.0048
vn -0.8360 0.5486 0.0101
vn -0.9749 0.2212 0.0268
vn -0.3720 0.9279 -0.0231
vn -0.3951 0.9186 -0.0132
vn -0.3902 0.9206 -0.0140
vn -0.9797 0.1938 0.0507
vn -0.9843 0.1763 -0.0103
vn -0.9668 0.2545 -0.0217
vn -0.9787 0.1574 -0.1320
vn -0.9791 0.1075 -0.1728
vn -0.9843 0.1458 -0.0999
vn -0.9689 0.2303 -0.0909
vn -0.9963 0.0690 -0.0508
vn -0.9971 0.0616 -0.0438
vn -0.9805 0.1900 -0.0498
vn -0.9964 0.0526 -0.0661
vn -0.9972 0.0744 -0.0114
vn -0.9969 0.0787 -0.0058
vn -0.9782 0.2000 -0.0565
vn -0.6367 0.7706 -0.0303
vn -0.8313 0.5558 -0.0036
vn -0.8452 0.5312 -0.0586
vn -0.8387 0.5443 -0.0200
vn -0.8398 0.5356 -0.0887
vn -0.6289 0.7750 -0.0621
vn -0.9683 0.2424 -0.0598
vn -0.8366 0.5403 -0.0906
vn -0.6339 0.7688 -0.0841
vn -0.3520 0.9348 -0.0486
vn -0.3662 0.9292 -0.0494
vn -0.3811 0.9228 -0.0567
vn -0.6459 0.7597 -0.0754
vn -0.9999 -0.0076 -0.0109
vn -0.9988 0.0402 0.0269
vn -0.9907 0.1357 0.0055
vn -0.9994 -0.0343 -0.0000
vn -0.9978 -0.0627 -0.0197
vn -0.9993 0.0338 -0.0138
vn -0.9842 0.1739 -0.0321
vn -0.9268 0.3693 -0.0683
vn -0.9984 -0.0199 -0.0522
vn -0.9502 0.3058 -0.0593
vn -0.8321 0.5460 -0.0972
vn -0.6551 0.7495 -0.0960
vn -0.4015 0.9135 -0.0653
vn -0.9986 0.0398 -0.0352
vn -0.9991 0.0372 -0.0219
vn -0.9986 0.0416 0.0322
vn -0.9977 0.0662 0.0158
vn -0.9994 0.0222 0.0283
vn -0.9988 0.0478 0.0146
vn -0.9991 0.0271 0.0336
vn -0.9995 0.0290 0.0082
vn -0.9991 0.0291 -0.0308
vn -0.9997 0.0217 0.0077
vn -0.9989 0.0375 0.0280
vn -0.9986 -0.0529 -0.0052
vn -0.9988 0.0388 0.0296
vn -0.9989 -0.0125 -0.0443
vn -0.9985 0.0272 0.0471
vn -0.9952 -0.0825 -0.0533
vn -0.9991 -0.0415 0.0050
vn -0.9992 -0.0225 -0.0323
vn -0.9940 0.0922 -0.0582
vn -0.9968 0.0760 -0.0233
vn -0.9622 0.2543 -0.0979
vn -0.9447 0.0334 0.3263
vn -0.8458 0.1101 0.5220
vn -0.9330 0.0914 0.3481
vn -0.8267 0.1984 0.5264
vn -0.9115 0.1793 0.3702
vn -0.7975 0.3096 0.5177
vn -0.8722 0.3018 0.3848
vn -0.7578 0.4303 0.4905
vn -0.7390 0.0286 0.6731
vn -0.6142 0.0845 0.7846
vn -0.7392 0.1058 0.6651
vn -0.6210 0.1674 0.7657
vn -0.7319 0.1938 0.6533
vn -0.6179 0.2662 0.7398
vn -0.7181 0.2924 0.6316
vn -0.6902 0.4097 0.5965
vn -0.6917 0.5694 0.4442
vn -0.7319 0.5863 0.3472
vn -0.8147 0.4352 0.3831
vn -0.5879 0.7231 0.3628
vn -0.6072 0.7457 0.2743
vn -0.5996 0.3813 0.7036
vn -0.6428 0.5437 0.5396
vn -0.5674 0.5086 0.6476
vn -0.5659 0.6901 0.4510
vn -0.4345 0.8354 0.3366
vn -0.4485 0.8577 0.2512
vn -0.7605 0.5963 0.2570
vn -0.6198 0.7592 0.1986
vn -0.4198 0.9037 0.0842
vn -0.4445 0.8782 0.1769
vn -0.4367 0.8913 0.1219
vn -0.1429 0.9893 -0.0308
vn -0.1842 0.9829 0.0005
vn -0.2230 0.9741 0.0384
vn -0.2538 0.9646 0.0718
vn 0.0701 0.9941 -0.0825
vn 0.0081 0.9980 -0.0627
vn 0.1152 0.9901 -0.0807
vn -0.1129 0.9931 -0.0329
vn -0.0861 0.9959 -0.0278
vn 0.1591 0.9850 -0.0674
vn 0.1939 0.9799 -0.0480
vn 0.2112 0.9769 -0.0320
vn 0.4095 0.9078 -0.0903
vn 0.4364 0.8985 -0.0476
vn 0.4536 0.8911 -0.0166
vn 0.4621 0.8868 0.0011
vn 0.3755 0.9201 -0.1113
vn -0.0572 0.9981 -0.0244
vn -0.0603 0.9974 -0.0386
vn -0.0557 0.9982 -0.0209
vn 0.2217 0.9749 -0.0191
vn 0.2393 0.9709 -0.0086
vn 0.2493 0.9684 0.0027
vn 0.4743 0.8803 0.0093
vn 0.6421 0.7663 0.0210
vn -0.9966 0.0363 -0.0737
vn -0.9785 0.1844 -0.0921
vn -0.9066 0.4048 -0.1192
vn -0.6582 0.7457 -0.1040
vn -0.4374 0.8973 -0.0590
vn -0.8074 0.5772 -0.1226
vn -0.8178 0.5655 -0.1070
vn -0.6661 0.7396 -0.0960
vn -0.0660 0.9974 -0.0304
vn -0.1086 0.9941 -0.0047
vn -0.1822 0.9830 0.0228
vn -0.4798 0.8760 -0.0502
vn 0.0682 0.9901 0.1225
vn -0.9992 -0.0392 0.0040
vn -0.9979 0.0582 -0.0271
vn -0.9996 -0.0139 -0.0225
vn -0.9695 0.2314 -0.0814
vn -0.8941 0.4291 -0.1279
vn -0.9556 0.2849 -0.0753
vn -0.9946 0.0957 -0.0395
vn -0.8863 0.4535 -0.0938
vn -0.9995 0.0259 -0.0204
vn -0.9998 0.0184 -0.0027
vn -0.9999 -0.0005 0.0133
vn -0.9925 0.1199 -0.0252
vn -0.9528 0.3026 -0.0245
vn -0.8818 0.4710 -0.0251
vn -0.9997 0.0138 -0.0195
vn -0.9999 -0.0093 -0.0119
vn -0.9941 0.1042 0.0308
vn -0.9980 0.0561 0.0277
vn -0.9541 0.2865 0.0874
vn -0.9507 0.3035 0.0635
vn -0.8813 0.4564 0.1221
vn -0.8778 0.4742 0.0669
vn -0.6732 0.7310 -0.1119
vn -0.5096 0.8583 -0.0604
vn -0.8029 0.5807 -0.1345
vn -0.7967 0.5963 -0.0988
vn -0.6809 0.7278 -0.0817
vn -0.5369 0.8421 -0.0508
vn -0.7928 0.6090 -0.0255
vn -0.7875 0.6010 0.1367
vn -0.7890 0.6111 0.0639
vn -0.6775 0.7333 0.0564
vn -0.5335 0.8418 0.0817
vn -0.6707 0.7323 0.1182
vn -0.5505 0.8337 0.0433
vn -0.3328 0.9430 0.0099
vn -0.5508 0.8345 -0.0101
vn -0.6783 0.7344 -0.0211
vn -0.4196 0.9077 0.0016
vn -0.9997 0.0252 0.0055
vn -0.9988 0.0478 -0.0040
vn -0.9425 0.3254 0.0762
vn -0.9892 0.1405 0.0419
vn -0.9985 0.0359 0.0420
vn -0.9981 -0.0032 0.0614
vn -0.9987 0.0355 0.0372
vn -0.9140 0.3886 0.1167
vn -0.9705 0.2272 0.0800
vn -0.8937 0.4258 0.1414
vn -0.6946 0.7083 0.1259
vn -0.5032 0.8551 0.1252
vn -0.5038 0.8569 0.1096
vn -0.5101 0.8538 0.1041
vn -0.7959 0.5844 0.1584
vn -0.6663 0.7301 0.1516
vn -0.5163 0.8479 0.1199
vn -0.2832 0.9555 0.0825
vn -0.2812 0.9566 0.0770
vn -0.3342 0.9407 0.0589
vn -0.2974 0.9520 0.0732
vn -0.0473 0.9983 0.0335
vn -0.0917 0.9958 0.0030
vn -0.0283 0.9989 0.0371
vn -0.1568 0.9872 -0.0277
vn -0.7219 0.6877 0.0773
vn -0.7072 0.6976 0.1151
vn -0.5923 0.8048 -0.0382
vn -0.7560 0.6515 -0.0630
vn -0.7446 0.6675 -0.0082
vn -0.5699 0.8217 0.0098
vn -0.5208 0.8504 0.0747
vn -0.5437 0.8384 0.0385
vn -0.3157 0.9469 0.0611
vn -0.3612 0.9320 0.0315
vn -0.2864 0.9560 0.0633
vn -0.0356 0.9980 0.0525
vn -0.0710 0.9941 0.0823
vn -0.1329 0.9887 0.0694
vn -0.2030 0.9786 0.0330
vn -0.4031 0.9151 -0.0071
vn 0.2127 0.9759 0.0482
vn 0.2164 0.9763 -0.0051
vn 0.1722 0.9798 0.1018
vn -0.9988 0.0034 -0.0497
vn -0.9949 0.0344 -0.0951
vn -0.9767 0.1429 -0.1602
vn -0.9295 0.3051 -0.2070
vn -0.9553 0.0294 -0.2940
vn -0.9442 0.0974 -0.3146
vn -0.9184 0.2037 -0.3392
vn -0.8811 0.3251 -0.3434
vn -0.8773 0.0431 -0.4779
vn -0.8674 0.1221 -0.4824
vn -0.8504 0.2204 -0.4777
vn -0.8260 0.3235 -0.4616
vn -0.8601 0.4642 -0.2116
vn -0.6126 0.7848 -0.0941
vn -0.7628 0.6351 -0.1218
vn -0.8302 0.4557 -0.3211
vn -0.7445 0.6065 -0.2791
vn -0.6218 0.7669 -0.1590
vn -0.7603 0.6215 -0.1888
vn -0.7875 0.4402 -0.4314
vn -0.4419 0.8951 -0.0593
vn -0.6236 0.7176 -0.3102
vn -0.7174 0.5838 -0.3801
vn -0.6235 0.7476 -0.2289
vn -0.4708 0.8727 -0.1294
vn -0.4916 0.8497 -0.1905
vn -0.3681 0.8874 -0.2775
vn -0.4871 0.7882 -0.3762
vn -0.5020 0.8238 -0.2634
vn -0.7838 0.0529 -0.6188
vn -0.7610 0.2190 -0.6106
vn -0.7743 0.1283 -0.6197
vn -0.7413 0.3176 -0.5913
vn -0.6763 0.0600 -0.7342
vn -0.6663 0.1336 -0.7337
vn -0.6290 0.3160 -0.7103
vn -0.6510 0.2184 -0.7270
vn -0.5459 0.0641 -0.8354
vn -0.5359 0.1391 -0.8327
vn -0.5251 0.2163 -0.8231
vn -0.5111 0.3150 -0.7997
vn -0.7085 0.4303 -0.5594
vn -0.5619 0.6992 -0.4420
vn -0.6424 0.5749 -0.5068
vn -0.5877 0.4348 -0.6824
vn -0.5204 0.5810 -0.6258
vn -0.4525 0.7110 -0.5382
vn -0.3939 0.8222 -0.4108
vn -0.4297 0.5885 -0.6848
vn -0.3676 0.7299 -0.5763
vn -0.4864 0.2357 0.8414
vn -0.4804 0.3454 0.8062
vn -0.4678 0.4678 0.7499
vn -0.5071 0.6573 0.5575
vn -0.2758 0.9526 0.1284
vn -0.2895 0.9308 0.2230
vn -0.3126 0.6933 0.6493
vn -0.3461 0.5654 0.7487
vn -0.2969 0.9000 0.3191
vn -0.4077 0.8032 0.4343
vn -0.2617 0.7957 0.5462
vn -0.3802 0.7478 0.5443
vn -0.2888 0.8557 0.4293
vn -0.1814 0.9591 0.2173
vn -0.1496 0.9842 0.0951
vn -0.1738 0.6953 0.6974
vn -0.0608 0.9913 0.1171
vn -0.0732 0.9520 0.2974
vn -0.0233 0.9992 -0.0325
vn -0.0943 0.7316 0.6752
vn -0.1567 0.8382 0.5224
vn -0.0822 0.8711 0.4842
vn -0.0515 0.9982 -0.0316
vn 0.3145 0.9393 -0.1372
vn 0.2369 0.9576 -0.1638
vn 0.1507 0.9774 -0.1481
vn -0.1001 0.9949 0.0134
vn 0.4286 0.8678 -0.2515
vn 0.5498 0.8170 -0.1738
vn 0.5747 0.7330 -0.3639
vn 0.0527 0.9926 -0.1091
vn 0.3045 0.9113 -0.2770
vn 0.1817 0.9510 -0.2502
vn 0.0854 0.9849 -0.1503
vn 0.4035 0.8177 -0.4105
vn 0.9577 0.2670 0.1069
vn 0.9554 0.2611 0.1379
vn 0.9752 0.1353 0.1754
vn 0.9158 0.3935 0.0800
vn 0.9183 0.3851 0.0916
vn 0.8545 0.5171 0.0501
vn 0.8565 0.5142 0.0446
vn 0.7673 0.6409 0.0232
vn 0.7681 0.6403 0.0010
vn 0.6342 0.7726 -0.0299
vn 0.6270 0.7732 -0.0950
vn 0.6164 0.7849 -0.0637
vn 0.7647 0.6443 -0.0053
vn 0.7537 0.6296 -0.1884
vn 0.6383 0.7697 -0.0012
vn 0.9619 0.2622 0.0771
vn 0.9159 0.3959 0.0668
vn 0.8543 0.5176 0.0475
vn 0.7687 0.6388 0.0309
vn 0.9659 0.2526 0.0562
vn 0.9193 0.3893 0.0570
vn 0.8546 0.5167 0.0513
vn 0.7717 0.6347 0.0398
vn 0.8578 0.5091 0.0701
vn 0.7738 0.6298 0.0671
vn 0.9662 0.2453 0.0794
vn 0.9221 0.3804 0.0713
vn 0.7761 0.6210 0.1098
vn 0.9217 0.3703 0.1158
vn 0.8599 0.4983 0.1109
vn 0.9644 0.2369 0.1174
vn 0.9209 0.3497 0.1721
vn 0.8573 0.4803 0.1855
vn 0.7676 0.6083 0.2022
vn 0.2295 0.9732 0.0152
vn 0.5010 0.8649 0.0307
vn 0.4829 0.8729 0.0704
vn 0.6516 0.7580 0.0274
vn 0.6654 0.7446 0.0531
vn 0.6570 0.7469 0.1019
vn 0.6221 0.7596 0.1899
vn 0.9635 0.2164 0.1572
vn -0.0476 0.9921 0.1159
vn -0.2584 0.9658 0.0194
vn 0.4087 0.9009 0.1464
vn 0.1669 0.9829 0.0774
vn 0.1503 0.9603 0.2351
vn 0.3014 0.9258 0.2283
vn -0.1545 0.9826 0.1027
vn 0.5028 0.8011 0.3247
vn 0.2949 0.8850 0.3602
vn 0.0070 0.9798 0.1997
vn 0.1278 0.9460 0.2980
vn -0.4158 0.9093 0.0149
vn -0.2749 0.9614 0.0073
vn -0.2679 0.9632 -0.0222
vn -0.3815 0.9238 0.0317
vn -0.0883 0.9897 0.1130
vn -0.2370 0.9700 0.0541
vn -0.1360 0.9906 0.0114
vn -0.1250 0.9897 -0.0693
vn 0.0120 0.9851 0.1718
vn -0.0371 0.9992 0.0116
vn -0.0047 0.9901 -0.1402
vn 0.1776 0.9831 -0.0457
vn 0.1064 0.9905 -0.0874
vn 0.0220 0.9916 -0.1276
vn 0.3036 0.9347 -0.1848
vn 0.3749 0.9183 -0.1276
vn -0.2240 0.9739 -0.0375
vn -0.0634 0.9904 -0.1232
vn 0.2034 0.9497 -0.2382
vn 0.0904 0.9669 -0.2385
vn 0.3632 0.8588 -0.3613
vn 0.1933 0.8986 -0.3938
vn 0.4448 0.8953 0.0250
vn 0.4219 0.9053 -0.0492
vn 0.4251 0.8967 0.1229
vn 0.0968 0.9882 0.1185
vn 0.3169 0.9289 0.1913
vn 0.5994 0.7934 -0.1058
vn 0.4848 0.8186 0.3079
vn 0.6704 0.7250 0.1578
vn 0.0021 0.9961 0.0879
vn -0.2637 0.9644 -0.0203
vn -0.0926 0.9953 0.0300
vn -0.1707 0.9841 -0.0488
vn -0.2682 0.9153 -0.3004
vn -0.2265 0.9599 -0.1653
vn -0.0526 0.9985 -0.0158
vn -0.1909 0.9332 -0.3043
vn -0.1255 0.9796 -0.1569
vn 0.0459 0.9942 0.0976
vn 0.1740 0.9699 0.1703
vn -0.0581 0.9887 -0.1382
vn 0.1467 0.9748 0.1682
vn 0.0323 0.9992 0.0223
vn 0.0941 0.9933 0.0675
vn -0.0023 0.9935 -0.1139
vn -0.3773 0.0636 -0.9239
vn -0.3786 0.1295 -0.9165
vn -0.3874 0.1994 -0.9001
vn -0.3920 0.3017 -0.8691
vn -0.1555 0.0697 -0.9854
vn -0.0994 0.0267 -0.9947
vn -0.2254 0.1404 -0.9641
vn -0.3110 0.8422 -0.4404
vn -0.3779 0.4443 -0.8122
vn -0.3380 0.5997 -0.7253
vn -0.2883 0.7428 -0.6042
vn -0.2696 0.2673 -0.9251
vn -0.2707 0.4340 -0.8593
vn -0.2445 0.8525 -0.4619
vn -0.1252 0.9443 -0.3043
vn -0.1825 0.8617 -0.4734
vn -0.1869 0.5834 -0.7904
vn -0.2499 0.5978 -0.7617
vn -0.1710 0.7406 -0.6499
vn -0.2251 0.7448 -0.6282
vn -0.1356 0.8687 -0.4765
vn -0.0796 0.9514 -0.2974
vn -0.0480 0.9581 -0.2824
vn 0.0264 0.9964 -0.0807
vn -0.1253 0.7357 -0.6656
vn -0.0961 0.8696 -0.4843
vn -0.0248 0.0116 -0.9996
vn 0.0003 0.0265 -0.9996
vn -0.0397 0.0373 -0.9985
vn -0.1519 0.0659 -0.9862
vn -0.0820 0.0373 -0.9959
vn -0.0509 0.1114 -0.9925
vn -0.1890 0.0487 -0.9808
vn -0.0633 0.0662 -0.9958
vn -0.0353 0.1015 -0.9942
vn -0.0069 0.0983 -0.9951
vn -0.0125 0.0615 -0.9980
vn -0.1273 0.1842 -0.9746
vn -0.1817 0.4067 -0.8953
vn -0.1025 0.3326 -0.9375
vn -0.1404 0.5653 -0.8129
vn -0.0721 0.2479 -0.9661
vn -0.1041 0.5456 -0.8316
vn 0.0339 0.9993 0.0161
vn -0.0033 0.9751 0.2215
vn -0.0482 0.7659 0.6412
vn -0.0300 0.8997 0.4355
vn 0.0385 0.9907 0.1307
vn 0.0027 0.9274 0.3741
vn -0.0123 0.7944 0.6073
vn 0.0919 0.9758 -0.1986
vn 0.0895 0.9919 -0.0899
vn 0.0488 0.9980 0.0390
vn 0.0147 0.8213 0.5702
vn 0.0198 0.9528 0.3030
vn 0.0390 0.9985 -0.0381
vn 0.0370 0.9712 0.2354
vn 0.0467 0.8493 0.5259
vn 0.2590 0.8841 -0.3890
vn 0.1561 0.9477 -0.2785
vn 0.6230 0.5818 -0.5228
vn 0.4171 0.7005 -0.5791
vn 0.2493 0.8082 -0.5335
vn 0.1469 0.9033 -0.4032
vn 0.1225 0.7332 -0.6689
vn 0.2344 0.5923 -0.7709
vn 0.0729 0.8616 -0.5022
vn -0.0059 0.6862 -0.7274
vn 0.0310 0.8313 -0.5549
vn 0.9300 0.2251 0.2906
vn 0.9169 0.3582 0.1757
vn 0.8639 0.4982 0.0739
vn 0.8704 0.2666 0.4139
vn 0.8005 0.1389 0.5830
vn 0.8624 0.4168 -0.2871
vn 0.8681 0.3590 -0.3429
vn 0.8835 0.4279 0.1903
vn 0.8589 0.4647 -0.2155
vn 0.7981 0.6025 -0.0038
vn 0.2950 0.2790 -0.9138
vn 0.8979 0.1406 -0.4171
vn 0.1901 0.3934 -0.8995
vn -0.1629 0.3785 -0.9112
vn -0.0714 0.5267 -0.8470
vn -0.0066 0.4133 -0.9106
vn 0.0023 0.5455 -0.8381
vn 0.0132 0.6837 -0.7297
vn 0.9755 0.1795 0.1269
vn 0.9345 0.3133 0.1693
vn 0.8742 0.4418 0.2014
vn 0.7966 0.5623 0.2221
vn 0.9334 0.0639 -0.3532
vn 0.9904 0.1240 -0.0615
vn 0.9553 0.1266 -0.2672
vn 0.9691 0.2418 0.0480
vn 0.9657 0.2340 -0.1127
vn 0.9116 0.3739 0.1709
vn 0.9192 0.3810 0.0990
vn 0.8235 0.5076 0.2534
vn 0.3890 0.7814 0.4879
vn 0.7201 0.6548 0.2294
vn 0.6994 0.6466 0.3047
vn 0.6150 0.6434 0.4560
vn 0.2273 0.6910 0.6862
vn 0.8022 0.5075 0.3147
vn 0.3351 0.5581 0.7591
vn -0.0474 0.6462 0.7617
vn 0.0501 0.9737 0.2224
vn 0.1739 0.8969 0.4067
vn 0.0184 0.9998 -0.0023
vn 0.1133 0.8502 0.5140
vn 0.0418 0.9651 0.2586
vn -0.0009 0.9582 0.2862
vn 0.0062 0.9999 -0.0137
vn 0.0303 0.9994 -0.0163
vn -0.0126 0.8274 0.5615
vn -0.1316 0.8428 0.5220
vn -0.0300 0.9995 0.0004
vn 0.9823 0.1864 -0.0164
vn 0.9346 0.1518 -0.3218
vn 0.9519 0.3003 -0.0605
vn 0.8732 0.2679 -0.4070
vn 0.7775 0.0334 -0.6280
vn 0.7275 0.0662 -0.6829
vn 0.6439 0.1633 -0.7475
vn 0.5496 0.2896 -0.7836
vn 0.0612 0.9734 -0.2207
vn 0.0645 0.9600 -0.2723
vn 0.6386 0.7061 -0.3058
vn 0.4773 0.8363 -0.2699
vn 0.5034 0.6973 -0.5102
vn 0.6785 0.7026 -0.2144
vn 0.8524 0.4496 -0.2669
vn 0.8950 0.4194 -0.1522
vn 0.9051 0.3239 -0.2754
vn 0.7831 0.5709 -0.2465
vn 0.7921 0.5547 -0.2549
vn 0.1355 0.8640 -0.4850
vn 0.0789 0.8444 -0.5299
vn 0.0287 0.9582 -0.2847
vn -0.0277 0.9620 -0.2718
vn 0.6698 0.5135 -0.5364
vn 0.4754 0.4212 -0.7724
vn 0.3822 0.5802 -0.7192
vn 0.9454 0.1789 -0.2725
vn 0.9402 0.1902 -0.2827
vn 0.9131 0.3122 -0.2623
vn 0.8672 0.4353 -0.2418
vn 0.8108 0.5456 -0.2118
vn 0.8863 0.1377 -0.4422
vn 0.9003 0.2553 -0.3525
vn 0.8897 0.3850 -0.2455
vn 0.8463 0.5078 -0.1611
vn 0.8940 0.0920 0.4385
vn 0.7105 0.0544 -0.7015
vn 0.8680 0.2169 0.4468
vn 0.7732 0.1270 -0.6213
vn 0.7883 0.4640 0.4040
vn 0.8343 0.2554 -0.4885
vn 0.7729 0.4733 0.4226
vn 0.8733 0.3912 -0.2904
vn 0.6441 0.7644 -0.0300
vn 0.7298 0.6631 -0.1665
vn 0.7766 0.6224 -0.0973
vn 0.8446 0.5341 -0.0371
vn 0.7239 0.4913 0.4844
vn 0.6262 0.5902 0.5095
vn -0.2677 0.0269 0.9631
vn -0.2105 0.0705 0.9750
vn -0.1082 0.1654 0.9803
vn 0.0472 0.2804 0.9587
vn 0.1477 0.0595 0.9872
vn 0.1978 0.1464 0.9693
vn 0.2524 0.2608 0.9318
vn 0.5184 0.0486 0.8537
vn 0.4565 0.1380 0.8790
vn 0.3961 0.2578 0.8813
vn 0.2874 0.3763 0.8808
vn 0.2965 0.9147 0.2747
vn 0.4705 0.7352 0.4879
vn 0.2062 0.9502 0.2336
vn 0.1993 0.9343 0.2954
vn 0.1127 0.9871 0.1139
vn 0.3288 0.8659 0.3770
vn 0.2848 0.8410 0.4600
vn 0.2176 0.4019 0.8895
vn 0.3437 0.7120 0.6124
vn 0.1578 0.9249 0.3458
vn 0.2287 0.8299 0.5089
vn 0.3085 0.4868 0.8172
vn 0.3324 0.5540 0.7632
vn 0.2795 0.7171 0.6384
vn 0.3082 0.5968 0.7408
vn 0.0946 0.9177 0.3858
vn 0.0436 0.9814 0.1872
vn 0.3515 0.3760 0.8573
vn 0.3102 0.4856 0.8173
vn 0.2087 0.7040 0.6788
vn 0.2653 0.5880 0.7641
vn 0.0071 0.9148 0.4038
vn 0.0477 0.8066 0.5892
vn -0.0087 0.9828 0.1846
vn 0.0121 0.9986 -0.0515
vn 0.0792 0.9841 0.1589
vn -0.0328 0.9598 -0.2787
vn -0.0589 0.8662 -0.4963
vn -0.0732 0.7232 -0.6867
vn -0.0651 0.8680 -0.4923
vn -0.0010 0.9990 -0.0439
vn -0.0346 0.9573 -0.2871
vn -0.0478 0.6989 -0.7137
vn -0.0540 0.8578 -0.5111
vn -0.0383 0.9547 -0.2952
vn -0.0181 0.9983 -0.0561
vn -0.0443 0.8422 -0.5374
vn 0.0198 0.1279 -0.9916
vn 0.1010 0.1366 -0.9855
vn 0.0766 0.0617 -0.9951
vn -0.0329 0.1548 -0.9874
vn -0.0710 0.1667 -0.9834
vn -0.0416 0.0686 -0.9968
vn -0.0365 0.0682 -0.9970
vn 0.0185 -0.0068 -0.9998
vn -0.0747 0.1734 -0.9820
vn -0.0611 0.1134 -0.9917
vn -0.0021 0.0003 -1.0000
vn -0.0475 0.1860 -0.9814
vn -0.0660 0.5071 -0.8594
vn 0.0066 0.1397 -0.9902
vn 0.0074 -0.0253 -0.9997
vn -0.0216 0.4579 -0.8887
vn -0.0284 0.6664 -0.7450
vn 0.0554 0.8828 0.4664
vn 0.0423 0.9820 0.1843
vn 0.0228 0.9950 -0.0971
vn 0.0554 0.7052 0.7068
vn 0.0536 0.7514 0.6577
vn 0.0065 0.9896 0.1439
vn 0.0347 0.9070 0.4197
vn -0.0101 0.9892 -0.1466
vn -0.0222 0.9938 0.1086
vn 0.0276 0.9219 0.3864
vn 0.0589 0.7861 0.6152
vn 0.0504 0.9348 0.3515
vn -0.0249 0.9957 0.0890
vn -0.1182 0.9770 -0.1776
vn 0.2967 0.3522 -0.8876
vn 0.0924 0.5149 -0.8522
vn 0.0271 0.9360 -0.3510
vn 0.0527 0.9567 -0.2862
vn -0.0019 0.8113 -0.5846
vn -0.0925 0.9051 -0.4149
vn -0.0128 0.9181 -0.3962
vn -0.0667 0.9820 -0.1767
vn -0.0990 0.7449 -0.6598
vn 0.0970 0.5739 -0.8132
vn -0.0833 0.7892 -0.6084
vn -0.1633 0.8874 -0.4311
vn -0.2874 0.8748 -0.3901
vn -0.5858 0.5633 -0.5827
vn -0.4308 0.7066 -0.5614
vn 0.5461 0.2276 -0.8062
vn 0.3618 0.3918 -0.8459
vn -0.6765 0.4852 -0.5540
vn -0.8478 0.2106 -0.4867
vn -0.9423 -0.0206 -0.3343
vn -0.7701 -0.0704 0.6341
vn -0.8945 0.0225 0.4465
vn -0.9025 0.4209 -0.0910
vn -0.9619 0.1971 0.1895
vn -0.9933 0.0208 -0.1133
vn -0.6530 0.0253 0.7569
vn -0.9937 0.1033 -0.0423
vn -0.6690 0.1956 0.7170
vn -0.9752 0.2021 0.0900
vn -0.6299 0.2679 0.7290
vn -0.9136 0.3029 0.2713
vn -0.0891 0.4502 0.8885
vn -0.2174 0.6861 0.6942
vn -0.5469 0.3231 0.7723
vn -0.7808 0.4270 0.4562
vn -0.5443 0.7038 0.4565
vn -0.3606 0.8312 0.4231
vn -0.5852 0.5870 0.5595
vn -0.3791 0.7422 0.5526
vn -0.0628 0.9592 0.2758
vn -0.2095 0.8765 0.4335
vn -0.1182 0.9743 0.1919
vn -0.1072 0.9662 0.2345
vn -0.2064 0.9178 0.3393
vn -0.0808 0.9967 0.0006
vn -0.0687 0.9976 0.0076
vn -0.0732 0.9669 -0.2445
vn -0.1587 0.9520 0.2617
vn -0.3120 0.8973 0.3122
vn -0.0674 0.9867 0.1477
vn -0.0342 0.9994 -0.0048
vn -0.0995 0.9728 -0.2092
vn -0.0499 0.9819 0.1825
vn -0.1857 0.9588 0.2148
vn 0.9948 0.0253 -0.0988
vn 0.9840 0.0188 -0.1772
vn 0.9546 0.0826 -0.2861
vn 0.8531 0.1993 -0.4821
vn 0.4391 0.1092 -0.8918
vn 0.3746 0.0570 -0.9254
vn 0.2299 0.1934 -0.9538
vn 0.0884 0.3194 -0.9435
vn -0.9990 -0.0404 0.0196
vn -0.9354 -0.0060 0.3534
vn -0.9995 -0.0173 0.0268
vn -0.9650 0.0505 0.2573
vn -0.9999 0.0007 -0.0129
vn -0.9798 0.1745 0.0981
vn -0.9956 0.0737 -0.0581
vn -0.9400 0.3249 -0.1036
vn -0.9935 0.0354 0.1085
vn -0.9888 0.1443 0.0381
vn -0.9609 0.2723 -0.0506
vn -0.9064 0.4033 -0.1257
vn 0.6325 0.3137 -0.7082
vn 0.3684 0.4699 -0.8022
vn 0.0114 0.2935 -0.9559
vn -0.0422 0.4177 -0.9076
vn -0.0333 0.6431 -0.7650
vn -0.2951 0.6931 -0.6576
vn -0.0298 0.8432 -0.5367
vn -0.1411 0.8621 -0.4866
vn -0.8001 0.3030 -0.5178
vn -0.9520 0.1906 -0.2395
vn -0.5357 0.4786 -0.6956
vn -0.4317 0.7887 -0.4376
vn -0.2072 0.8999 -0.3837
vn -0.8343 0.4597 -0.3043
vn -0.6639 0.6028 -0.4427
vn -0.8283 0.5244 -0.1973
vn -0.7197 0.6429 -0.2620
vn -0.1823 0.9465 -0.2663
vn -0.0730 0.9854 -0.1535
vn -0.0755 0.9828 -0.1683
vn -0.8959 0.4261 -0.1255
vn -0.8250 0.5438 -0.1538
vn 0.8065 -0.0163 0.5910
vn 0.7455 0.0306 0.6658
vn 0.6370 0.1434 0.7574
vn 0.6680 -0.0324 0.7434
vn -0.9620 0.0490 0.2687
vn 0.6731 -0.0137 0.7394
vn -0.9275 0.0676 0.3676
vn 0.6342 0.0383 0.7722
vn -0.8668 0.1589 0.4727
vn 0.5362 0.1467 0.8312
vn -0.7085 0.0412 -0.7045
vn -0.7570 0.0558 -0.6510
vn -0.8301 0.1237 -0.5437
vn -0.7269 0.4172 0.5455
vn 0.4796 0.2859 0.8296
vn 0.3236 0.4229 0.8464
vn 0.2007 0.5435 0.8151
vn 0.1120 0.6736 0.7305
vn 0.1608 0.4139 0.8960
vn -0.0651 0.9204 0.3855
vn -0.0628 0.7957 0.6025
vn 0.3715 0.2780 0.8858
vn -0.6101 0.4696 0.6382
vn -0.5307 0.5001 0.6842
vn -0.0014 0.6082 0.7938
vn -0.1836 0.8151 0.5495
vn -0.8979 0.2496 -0.3627
vn -0.9089 0.4001 -0.1174
vn -0.3775 0.8393 0.3912
vn -0.4145 0.6820 0.6025
vn -0.8341 0.5405 0.1101
vn -0.0583 0.9864 0.1534
vn -0.0495 0.9486 -0.3126
vn -0.0529 0.9952 -0.0819
vn -0.0378 0.9375 -0.3459
vn -0.0281 0.8226 -0.5680
vn -0.0516 0.9911 -0.1231
vn 0.0072 0.9248 -0.3805
vn 0.0066 0.8068 -0.5908
vn -0.0150 0.6352 -0.7722
vn -0.0737 0.9914 0.1084
vn 0.0561 0.9124 -0.4055
vn -0.0421 0.9982 0.0431
vn -0.0091 0.9852 -0.1714
vn 0.0548 0.7958 -0.6030
vn 0.1227 0.8992 -0.4200
vn 0.0279 0.6227 -0.7820
vn 0.1030 0.7890 -0.6057
vn -0.0362 0.0344 -0.9988
vn -0.0525 -0.0134 -0.9985
vn -0.0012 0.1892 -0.9819
vn -0.0078 0.0999 -0.9950
vn 0.0525 0.0693 -0.9962
vn 0.0220 -0.0142 -0.9997
vn 0.0799 0.1943 -0.9777
vn 0.0953 0.0878 -0.9916
vn 0.0183 0.0680 -0.9975
vn 0.0295 0.0015 -0.9996
vn 0.0128 0.2079 -0.9781
vn 0.0277 0.1148 -0.9930
vn 0.0289 -0.0595 -0.9978
vn 0.0141 0.0914 -0.9957
vn 0.0523 0.2238 -0.9732
vn 0.0260 0.0979 -0.9949
vn 0.0022 -0.0570 -0.9984
vn -0.0019 0.4080 -0.9130
vn -0.0030 0.6173 -0.7867
vn -0.0061 0.3757 -0.9267
vn 0.0729 -0.0270 -0.9970
vn 0.0066 0.0942 -0.9955
vn 0.0196 0.1444 -0.9893
vn -0.0047 0.3507 -0.9365
vn 0.0195 0.0858 -0.9961
vn 0.0480 0.3712 -0.9273
vn 0.0566 0.0476 0.9973
vn 0.0699 0.0080 0.9975
vn 0.1537 0.1374 0.9785
vn 0.0928 0.8136 0.5740
vn 0.0827 0.9447 0.3174
vn 0.1388 0.8367 0.5297
vn 0.1626 0.6829 0.7122
vn 0.1124 0.9525 0.2830
vn 0.1856 0.8522 0.4891
vn 0.2396 0.7090 0.6632
vn 0.1416 0.2428 0.9597
vn 0.2555 0.3243 0.9108
vn 0.2705 0.5330 0.8017
vn 0.1337 0.9570 0.2574
vn 0.2281 0.8613 0.4540
vn -0.1375 0.9772 -0.1617
vn -0.0109 0.9969 0.0777
vn -0.6922 0.6613 -0.2890
vn -0.1450 0.9799 -0.1369
vn 0.0091 0.9979 0.0638
vn 0.0082 0.9975 0.0698
vn -0.1632 0.9819 -0.0964
vn -0.6069 0.7603 -0.2314
vn -0.3813 0.9000 -0.2113
vn -0.3752 0.9172 -0.1342
vn 0.1477 0.9545 0.2592
vn -0.0039 0.9950 0.0996
vn -0.9265 -0.0318 0.3748
vn -0.9873 0.0373 0.1545
vn -0.9607 0.0735 0.2679
vn -0.9813 0.1794 0.0696
vn -0.9683 0.2268 0.1044
vn -0.9430 0.3325 -0.0145
vn -0.9164 0.3959 -0.0588
vn -0.9954 -0.0671 0.0679
vn -0.9948 0.0805 0.0631
vn -0.9726 0.2278 0.0475
vn -0.9270 0.3744 0.0240
vn -0.8705 0.4839 -0.0895
vn -0.7932 0.5836 -0.1738
vn -0.7298 0.6825 -0.0394
vn -0.8546 0.5193 -0.0054
vn -0.7419 0.6552 -0.1422
vn -0.5322 0.8438 -0.0691
vn -0.5677 0.8068 -0.1640
vn -0.5816 0.8135 -0.0020
vn -0.3508 0.9338 -0.0701
vn -0.8582 0.5081 0.0725
vn -0.6475 0.7621 0.0040
vn -0.7702 0.6360 0.0486
vn -0.6609 0.7503 0.0180
vn -0.6647 0.7466 0.0296
vn -0.5398 0.8417 0.0126
vn -0.5371 0.8435 -0.0054
vn -0.5371 0.8428 0.0357
vn -0.5137 0.8579 -0.0135
vn -0.4581 0.8889 -0.0051
vn -0.3037 0.9526 -0.0155
vn -0.3850 0.9225 -0.0290
vn -0.3502 0.9361 -0.0334
vn -0.4030 0.9152 -0.0092
vn -0.4017 0.9156 0.0173
vn -0.9795 0.0590 0.1928
vn -0.9720 0.0875 0.2183
vn -0.9472 0.1859 0.2613
vn -0.9482 0.2255 0.2236
vn -0.8897 0.3137 0.3318
vn -0.9048 0.3583 0.2301
vn -0.8076 0.4363 0.3967
vn -0.8372 0.4897 0.2434
vn -0.6950 0.5636 0.4464
vn -0.7308 0.6274 0.2688
vn -0.5269 0.8084 0.2625
vn -0.4909 0.8687 0.0654
vn -0.6291 0.7707 0.1011
vn -0.3359 0.9336 0.1249
vn -0.6604 0.7494 0.0483
vn -0.3970 0.9172 0.0332
vn -0.2859 0.9582 0.0091
vn -0.0178 0.9924 0.1218
vn 0.0362 0.9941 0.1024
vn 0.0864 0.9908 0.1046
vn 0.0117 0.9953 -0.0958
vn 0.0544 0.9985 0.0016
vn 0.1330 0.9899 -0.0488
vn 0.1430 0.9891 0.0363
vn 0.1668 0.9859 0.0099
vn 0.1505 0.9865 0.0646
vn 0.2780 0.9601 0.0305
vn 0.2982 0.9539 -0.0329
vn 0.2212 0.9744 0.0400
vn 0.3587 0.9333 -0.0195
vn 0.4147 0.9097 0.0203
vn 0.2934 0.9559 0.0138
vn 0.4068 0.9135 0.0006
vn 0.3871 0.9217 0.0250
vn 0.2633 0.9647 -0.0086
vn -0.5803 0.7635 -0.2834
vn -0.7343 0.6543 -0.1808
vn -0.3166 0.9013 -0.2956
vn -0.6192 0.7616 -0.1910
vn -0.4245 0.8724 -0.2424
vn -0.4925 0.8531 -0.1724
vn -0.1819 0.9631 -0.1982
vn -0.2726 0.9460 -0.1754
vn -0.3401 0.9308 -0.1339
vn 0.2029 0.9786 -0.0338
vn 0.0606 0.9938 -0.0937
vn -0.0265 0.9924 -0.1202
vn -0.1051 0.9879 -0.1142
vn -0.8942 0.4284 -0.1298
vn -0.9474 0.3035 -0.1014
vn -0.9760 0.1831 -0.1176
vn -0.9703 0.1720 -0.1700
vn -0.9922 0.0569 -0.1110
vn -0.6457 0.7543 -0.1187
vn -0.6703 0.7391 -0.0666
vn -0.5762 0.8172 0.0123
vn -0.7023 0.7115 -0.0223
vn -0.5272 0.8433 -0.1039
vn -0.5499 0.8340 -0.0448
vn -0.3854 0.9190 -0.0832
vn -0.4137 0.9099 -0.0305
vn -0.4548 0.8862 0.0879
vn -0.6181 0.7833 0.0662
vn -0.4335 0.9007 0.0296
vn -0.2641 0.9640 0.0305
vn -0.2353 0.9650 0.1154
vn -0.4370 0.8786 0.1928
vn -0.2345 0.9411 0.2437
vn -0.2998 0.9333 0.1975
vn -0.0978 0.9860 0.1352
vn -0.1343 0.9588 0.2503
vn -0.0183 0.9931 0.1157
vn 0.0523 0.9984 0.0214
vn 0.1153 0.9933 0.0040
vn 0.1593 0.9844 -0.0746
vn -0.1038 0.9648 0.2417
vn -0.0371 0.9908 0.1300
vn 0.1736 0.7847 -0.5951
vn 0.0809 0.6340 -0.7691
vn 0.0290 0.9990 -0.0326
vn 0.2044 0.6526 -0.7296
vn 0.1520 0.4822 -0.8628
vn 0.1394 0.6417 -0.7542
vn 0.1259 0.9618 -0.2430
vn 0.2103 0.9345 -0.2872
vn 0.1917 0.9661 -0.1728
vn 0.3000 0.9223 -0.2436
vn 0.2868 0.9450 -0.1575
vn 0.3038 0.8921 -0.3345
vn 0.2857 0.8500 -0.4425
vn 0.3590 0.5455 -0.7573
vn 0.2378 0.5189 -0.8211
vn 0.2783 0.6618 -0.6962
vn 0.3541 0.4054 -0.8427
vn 0.1235 0.1381 -0.9827
vn 0.0987 0.1778 -0.9791
vn 0.0221 0.0176 -0.9996
vn 0.0003 -0.0246 -0.9997
vn 0.1656 -0.0289 -0.9858
vn 0.1454 0.0979 -0.9845
vn 0.0295 0.0947 -0.9951
vn -0.0395 -0.0420 -0.9983
vn 0.0392 -0.0034 -0.9992
vn 0.0224 -0.0155 -0.9996
vn -0.0102 0.0365 -0.9993
vn 0.1518 -0.0251 -0.9881
vn 0.0141 0.0260 -0.9996
vn 0.1451 0.0217 -0.9892
vn 0.1597 0.0637 -0.9851
vn 0.2308 0.0931 -0.9686
vn 0.0484 0.1529 -0.9871
vn 0.1046 0.4307 -0.8964
vn -0.0148 0.0287 -0.9995
vn 0.0757 0.2471 -0.9660
vn 0.1129 0.1280 -0.9853
vn 0.1908 0.3351 -0.9227
vn 0.3188 0.2306 -0.9194
vn 0.2329 0.1284 0.9640
vn 0.1594 0.0046 0.9872
vn 0.2928 0.2544 0.9217
vn 0.3888 0.1856 0.9024
vn 0.3578 0.0749 0.9308
vn 0.3952 0.2987 0.8687
vn 0.5031 0.0322 0.8636
vn 0.5066 0.2060 0.8372
vn 0.5027 0.1142 0.8569
vn 0.5051 0.3218 0.8008
vn 0.6266 0.1172 0.7705
vn 0.6171 0.2181 0.7561
vn 0.7322 0.2091 0.6482
vn 0.7004 0.3205 0.6377
vn 0.6027 0.3321 0.7256
vn 0.3225 0.3909 0.8621
vn 0.3238 0.5591 0.7632
vn 0.2647 0.8652 0.4259
vn 0.3383 0.7369 0.5853
vn 0.2910 0.7233 0.6262
vn 0.3960 0.4322 0.8101
vn 0.3785 0.5868 0.7158
vn 0.2913 0.8600 0.4191
vn 0.1629 0.9473 0.2759
vn 0.3922 0.7402 0.5461
vn 0.4918 0.4561 0.7417
vn 0.4572 0.6020 0.6547
vn 0.4374 0.7277 0.5283
vn 0.3378 0.8469 0.4107
vn 0.5714 0.4614 0.6787
vn 0.5151 0.5967 0.6154
vn 0.6516 0.4440 0.6151
vn 0.5842 0.5790 0.5687
vn 0.5019 0.7113 0.4921
vn 0.0103 0.9904 0.1382
vn -0.1690 0.9854 0.0196
vn 0.2122 0.9358 0.2817
vn 0.0673 0.9839 0.1657
vn 0.1404 0.9736 0.1801
vn -0.0910 0.9941 0.0597
vn 0.2721 0.9185 0.2870
vn 0.3980 0.8288 0.3933
vn 0.2370 0.9551 0.1778
vn 0.3522 0.8929 0.2804
vn 0.4615 0.8044 0.3741
vn 0.3747 0.9166 0.1393
vn 0.4491 0.8580 0.2494
vn -0.2562 0.9664 -0.0201
vn -0.2289 0.9734 -0.0074
vn -0.3817 0.9238 -0.0294
vn -0.1166 0.9931 0.0095
vn 0.0117 0.9964 0.0835
vn -0.1110 0.9932 -0.0339
vn -0.0389 0.9992 -0.0103
vn 0.1349 0.9876 0.0802
vn 0.0439 0.9989 0.0141
vn 0.1576 0.9872 -0.0262
vn 0.3020 0.9521 0.0487
vn 0.2273 0.9738 -0.0019
vn 0.4251 0.9049 -0.0201
vn -0.2468 0.9684 -0.0363
vn -0.1719 0.9835 -0.0565
vn -0.2147 0.9756 -0.0460
vn 0.0254 0.9970 -0.0726
vn -0.0657 0.9961 -0.0583
vn -0.0251 0.9974 -0.0674
vn -0.0992 0.9939 -0.0493
vn 0.0915 0.9946 -0.0490
vn 0.3625 0.9306 -0.0505
vn 0.2349 0.9687 -0.0803
vn 0.3038 0.9507 -0.0627
vn 0.1365 0.9874 -0.0804
vn 0.1776 0.9802 -0.0872
vn 0.3867 0.9164 -0.1030
vn -0.2606 0.9653 -0.0152
vn -0.1125 0.9923 0.0524
vn -0.1228 0.9920 -0.0300
vn 0.0782 0.9968 -0.0152
vn 0.2655 0.9617 -0.0681
vn 0.0700 0.9952 -0.0689
vn 0.0982 0.9921 -0.0781
vn 0.4460 0.8886 -0.1072
vn 0.4592 0.8841 -0.0863
vn 0.2752 0.9561 -0.1002
vn 0.3110 0.9448 -0.1031
vn 0.3469 0.9319 -0.1059
vn 0.6028 0.7853 -0.1415
vn 0.6324 0.7625 -0.1368
vn 0.9998 -0.0160 -0.0139
vn 0.9996 -0.0270 -0.0047
vn 0.9975 0.0696 -0.0130
vn 0.9979 0.0637 -0.0086
vn 0.9585 0.2843 0.0216
vn 0.9619 0.2718 -0.0285
vn 0.9014 0.4312 0.0403
vn 0.9033 0.4262 -0.0488
vn 0.9992 -0.0251 0.0298
vn 0.9997 0.0254 0.0064
vn 0.9767 0.2078 -0.0534
vn 0.9120 0.3968 -0.1040
vn 0.9994 0.0095 0.0318
vn 0.9999 -0.0127 0.0069
vn 0.9914 0.1229 -0.0450
vn 0.9324 0.3431 -0.1139
vn 0.9996 0.0236 0.0146
vn 0.9995 0.0305 0.0011
vn 0.9988 0.0496 -0.0039
vn 0.9812 0.1875 0.0467
vn 0.9681 0.2448 0.0527
vn 0.9113 0.3988 0.1021
vn 0.9022 0.4203 0.0969
vn 0.5196 0.8541 -0.0217
vn 0.4896 0.8695 -0.0649
vn 0.5028 0.8629 0.0521
vn 0.5256 0.8503 0.0281
vn 0.6253 0.7796 -0.0364
vn 0.6106 0.7868 -0.0902
vn 0.6150 0.7852 0.0723
vn 0.6265 0.7787 0.0320
vn 0.8249 0.5640 0.0389
vn 0.8279 0.5588 -0.0481
vn 0.7272 0.6856 0.0336
vn 0.7310 0.6810 -0.0432
vn 0.7318 0.6726 -0.1098
vn 0.7298 0.6679 -0.1463
vn 0.8193 0.5646 0.0998
vn 0.8313 0.5429 -0.1191
vn 0.8426 0.5175 -0.1492
vn 0.8208 0.5581 0.1217
vn 0.7167 0.6884 0.1111
vn 0.7216 0.6869 0.0867
vn 0.7452 0.6479 -0.1578
vn 0.9219 0.3753 0.0966
vn 0.3427 0.9394 0.0132
vn 0.1355 0.9893 -0.0549
vn 0.5996 0.7961 0.0821
vn 0.5826 0.8077 0.0903
vn 0.4403 0.8963 0.0522
vn 0.7168 0.6878 0.1146
vn 0.4100 0.9108 0.0477
vn 0.8308 0.5446 0.1147
vn -0.2597 0.9622 0.0826
vn -0.0645 0.9976 0.0240
vn -0.0496 0.9973 0.0545
vn 0.1480 0.9888 0.0198
vn 0.1538 0.9880 0.0147
vn -0.0568 0.9984 0.0037
vn 0.1690 0.9856 0.0007
vn 0.3891 0.9207 0.0286
vn 0.1929 0.9812 0.0044
vn 0.3705 0.9286 0.0195
vn 0.3571 0.9337 0.0242
vn 0.3582 0.9336 0.0118
vn 0.3662 0.9305 -0.0015
vn 0.1595 0.9870 0.0211
vn 0.3775 0.9257 -0.0254
vn 0.5542 0.8314 0.0404
vn 0.5528 0.8330 0.0231
vn 0.5628 0.8264 -0.0157
vn -0.0190 0.9979 0.0618
vn -0.1746 0.9765 0.1265
vn 0.0137 0.9990 0.0432
vn 0.0599 0.9976 0.0355
vn 0.2589 0.9613 -0.0941
vn 0.4057 0.8850 -0.2287
vn 0.3960 0.9016 -0.1738
vn 0.2036 0.9789 -0.0158
vn 0.1824 0.9831 0.0169
vn 0.2260 0.9727 -0.0523
vn 0.3947 0.9116 -0.1151
vn 0.5147 0.8080 -0.2867
vn 0.5357 0.8136 -0.2262
vn 0.3907 0.9181 -0.0662
vn 0.6574 0.7066 -0.2618
vn 0.6248 0.7070 -0.3312
vn 0.5561 0.8147 -0.1643
vn 0.5639 0.8238 -0.0582
vn 0.5629 0.8195 -0.1078
vn 0.4471 -0.0302 -0.8940
vn 0.4460 0.0376 -0.8942
vn 0.4476 0.1099 -0.8874
vn 0.4638 0.1875 -0.8659
vn 0.5946 -0.0200 -0.8038
vn 0.5978 0.0525 -0.7999
vn 0.5999 0.1396 -0.7878
vn 0.6019 0.2344 -0.7634
vn 0.7142 -0.0066 -0.6999
vn 0.7173 0.0743 -0.6928
vn 0.7161 0.1659 -0.6780
vn 0.7043 0.2638 -0.6591
vn 0.8162 0.0086 -0.5778
vn 0.8150 0.0932 -0.5719
vn 0.8045 0.1817 -0.5654
vn 0.7842 0.2794 -0.5540
vn 0.9026 0.0207 -0.4299
vn 0.8948 0.0961 -0.4360
vn 0.8765 0.1810 -0.4461
vn 0.8484 0.2899 -0.4430
vn 0.9738 0.0139 -0.2268
vn 0.9623 0.0706 -0.2628
vn 0.9403 0.1622 -0.2993
vn 0.9042 0.2869 -0.3163
vn 0.4750 0.4506 -0.7559
vn 0.4610 0.5826 -0.6694
vn 0.4794 0.3027 -0.8238
vn 0.4038 0.8628 -0.3040
vn 0.3933 0.8356 -0.3836
vn 0.5194 0.6285 -0.5789
vn 0.4288 0.6892 -0.5840
vn 0.5973 0.3489 -0.7222
vn 0.5659 0.4952 -0.6592
vn 0.4779 0.7620 -0.4371
vn 0.5575 0.6694 -0.4910
vn 0.4981 0.7901 -0.3572
vn 0.6287 0.5365 -0.5629
vn 0.6786 0.3851 -0.6255
vn 0.5908 0.6950 -0.4099
vn 0.6772 0.5658 -0.4704
vn 0.7456 0.4110 -0.5246
vn 0.7249 0.5771 -0.3761
vn 0.8020 0.4280 -0.4167
vn 0.8454 0.4298 -0.3171
vn 0.7588 0.5798 -0.2968
vn 0.7493 0.1094 0.6531
vn 0.8574 0.0975 0.5054
vn 0.8029 0.2770 0.5279
vn 0.8408 0.1755 0.5122
vn 0.7461 0.4043 0.5290
vn 0.6692 0.5440 0.5061
vn 0.5686 0.6848 0.4558
vn 0.9629 0.0548 0.2641
vn 0.9009 0.2041 0.3831
vn 0.9974 0.0138 0.0711
vn 0.9933 -0.0059 0.1152
vn 0.9405 0.0992 0.3249
vn 0.9769 0.0980 0.1901
vn 0.9347 0.2410 0.2613
vn 0.8441 0.3396 0.4149
vn 0.9992 0.0122 0.0374
vn 0.9985 -0.0488 0.0259
vn 0.9995 0.0201 0.0249
vn 0.9905 0.1078 0.0849
vn 0.9997 -0.0023 0.0228
vn 0.9995 0.0199 -0.0254
vn 0.9999 -0.0041 -0.0119
vn 0.5372 0.7721 0.3396
vn 0.6501 0.6421 0.4063
vn 0.5549 0.8099 0.1903
vn 0.7614 0.4852 0.4300
vn 0.6237 0.7246 0.2933
vn 0.8644 0.3924 0.3143
vn 0.7481 0.5753 0.3307
vn 0.7254 0.6519 0.2208
vn 0.7060 0.7008 0.1017
vn 0.8668 0.4935 0.0714
vn 0.9455 0.2727 0.1781
vn 0.8290 0.5123 0.2242
vn 0.9820 0.1834 0.0460
vn 0.8507 0.5255 -0.0143
vn 0.9993 0.0018 0.0381
vn 0.9988 0.0062 0.0488
vn 0.9987 0.0346 0.0383
vn 0.9984 0.0348 0.0435
vn 0.9999 0.0028 0.0114
vn 0.9996 0.0221 0.0147
vn 0.9996 0.0293 0.0018
vn 0.9991 0.0414 -0.0055
vn 0.9978 0.0594 -0.0307
vn 0.9989 0.0461 -0.0051
vn 0.9986 0.0444 -0.0301
vn 0.9979 0.0473 -0.0453
vn 0.9994 0.0281 -0.0183
vn 0.9981 0.0584 0.0176
vn 0.9987 0.0461 0.0214
vn 0.4861 0.8737 0.0169
vn 0.5326 0.8427 0.0790
vn 0.6718 0.7405 -0.0185
vn 0.6310 0.7747 -0.0404
vn 0.5651 0.8232 -0.0548
vn 0.6957 0.7180 0.0226
vn 0.8308 0.5546 -0.0468
vn 0.7458 0.6649 -0.0409
vn 0.7965 0.6027 -0.0480
vn 0.9623 0.2670 -0.0511
vn 0.9794 0.2005 -0.0258
vn 0.9326 0.3583 -0.0429
vn 0.9986 0.0475 -0.0225
vn 0.9994 0.0342 -0.0099
vn 0.9983 0.0457 -0.0371
vn 0.9964 0.0833 0.0162
vn 0.9985 0.0513 -0.0167
vn 0.4395 0.8945 -0.0820
vn 0.4959 0.8658 -0.0673
vn 0.6838 0.7272 -0.0604
vn 0.5939 0.7960 -0.1168
vn 0.6323 0.7695 -0.0895
vn 0.8903 0.4549 -0.0196
vn 0.8473 0.5297 -0.0385
vn 0.8050 0.5863 -0.0911
vn 0.9980 0.0487 -0.0400
vn 0.9525 0.2973 -0.0666
vn 0.9743 0.2239 -0.0243
vn 0.9998 -0.0148 0.0153
vn 0.9999 0.0159 0.0066
vn 0.9992 0.0345 -0.0190
vn 0.9996 -0.0228 0.0137
vn 0.9609 0.2607 -0.0931
vn 0.9865 0.1573 -0.0457
vn 0.8665 0.4779 -0.1439
vn 0.8999 0.4224 -0.1079
vn 0.9985 0.0481 -0.0244
vn 1.0000 -0.0036 0.0030
vn 0.9984 0.0559 -0.0056
vn 0.9404 0.3330 -0.0694
vn 0.9984 0.0314 -0.0478
vn 0.9972 0.0393 -0.0638
vn 0.9996 0.0192 -0.0226
vn 0.9964 0.0803 -0.0283
vn 0.9983 0.0575 0.0034
vn 0.4635 0.8776 -0.1223
vn 0.5067 0.8544 -0.1150
vn 0.5526 0.8251 -0.1174
vn 0.7848 0.6050 -0.1342
vn 0.6910 0.7135 -0.1160
vn 0.7343 0.6698 -0.1108
vn 0.8309 0.5453 -0.1108
vn 0.7703 0.6272 -0.1148
vn 0.9767 0.2117 -0.0358
vn 0.8686 0.4877 -0.0879
vn 0.9939 0.1095 -0.0132
vn 0.9160 0.3955 -0.0673
vn 0.9984 0.0454 0.0325
vn 0.9986 0.0537 -0.0022
vn 0.9990 0.0340 0.0300
vn 0.9988 0.0431 0.0233
vn 0.9990 0.0411 0.0199
vn 0.9945 0.0980 0.0367
vn 0.9898 0.1327 0.0516
vn 0.9330 0.3530 0.0706
vn 0.9975 0.0546 -0.0445
vn 0.9996 0.0180 -0.0224
vn 0.9969 0.0775 0.0114
vn 0.9445 0.3258 0.0416
vn 0.9996 -0.0130 -0.0230
vn 0.9986 0.0529 0.0055
vn 0.9510 0.3073 0.0325
vn 0.5727 0.8166 0.0719
vn 0.8422 0.5315 0.0909
vn 0.5649 0.8238 0.0469
vn 0.7185 0.6930 0.0603
vn 0.7198 0.6885 0.0882
vn 0.8500 0.5232 0.0610
vn 0.8541 0.5186 0.0400
vn 0.7223 0.6900 0.0453
vn 0.9982 0.0518 -0.0317
vn 0.9997 -0.0127 0.0206
vn 0.9988 0.0482 -0.0022
vn 0.9575 0.2883 0.0072
vn 0.9995 0.0283 0.0142
vn 0.9982 -0.0002 0.0597
vn 0.9950 0.0969 0.0231
vn 0.9629 0.2696 -0.0101
vn 0.9992 -0.0240 0.0314
vn 0.9978 -0.0442 -0.0495
vn 0.9992 -0.0188 -0.0340
vn 0.9913 0.1316 -0.0004
vn 0.9543 0.2982 -0.0174
vn 0.8566 0.5153 0.0259
vn 0.7272 0.6860 0.0224
vn 0.8586 0.5126 -0.0030
vn 0.8548 0.5172 -0.0427
vn 0.7269 0.6860 -0.0331
vn 0.7244 0.6894 -0.0003
vn 0.9987 0.0112 -0.0498
vn 0.9868 0.0999 -0.1275
vn 0.9476 0.2544 -0.1930
vn 0.8866 0.4070 -0.2198
vn 0.9986 -0.0292 0.0436
vn 1.0000 0.0061 -0.0054
vn 0.9795 0.1797 -0.0911
vn 0.9146 0.3811 -0.1349
vn 0.9986 -0.0306 -0.0434
vn 0.9979 -0.0459 -0.0457
vn 0.9902 0.1310 -0.0478
vn 0.9349 0.3495 -0.0614
vn 0.7137 0.6882 -0.1304
vn 0.7992 0.5586 -0.2219
vn 0.6901 0.6947 -0.2029
vn 0.7259 0.6836 -0.0759
vn 0.8292 0.5421 -0.1366
vn 0.8456 0.5280 -0.0783
vn -0.7419 0.6699 0.0275
vn 0.6834 -0.7243 0.0920
vn 0.8075 -0.5817 -0.0977
vn -0.8617 0.4925 -0.1219
vn -0.8350 0.5486 -0.0428
vn -0.8964 0.4164 -0.1516
vn -0.9094 0.3733 -0.1836
vn -0.9151 0.2798 -0.2904
vn -0.9292 -0.2991 -0.2171
vn -0.9350 0.1363 -0.3275
vn -0.8970 0.1589 -0.4125
vn -0.8736 0.0892 -0.4784
vn -0.9324 0.0408 -0.3591
vn -0.9378 -0.0573 -0.3425
vn -0.9339 0.2469 -0.2585
vn -0.7953 0.6023 -0.0686
vn -0.7336 0.6790 0.0263
vn -0.0692 0.1904 0.9793
vn -0.2027 0.1231 0.9715
vn -0.0979 0.2156 0.9716
vn 0.9863 -0.1504 -0.0674
vn 0.8985 -0.3345 -0.2844
vn 0.9319 -0.2195 -0.2888
vn -0.8620 0.5034 0.0600
vn -0.7732 0.6325 0.0450
vn -0.7724 0.6319 0.0642
vn -0.8620 0.5010 0.0769
vn -0.9273 0.3673 0.0719
vn -0.9266 0.3661 0.0857
vn -0.9933 0.0859 0.0774
vn -0.9703 0.2289 0.0777
vn -0.9693 0.2278 0.0920
vn -0.9917 0.0865 0.0952
vn -0.9956 -0.0625 0.0701
vn -0.9652 0.2524 0.0685
vn -0.9980 -0.0476 0.0417
vn -0.9997 0.0259 -0.0014
vn -0.9992 0.0092 0.0383
vn 0.9994 0.0248 -0.0261
vn 0.9983 0.0573 -0.0056
vn 0.9993 -0.0310 0.0193
vn 0.9991 -0.0381 -0.0173
vn 0.9462 -0.3157 0.0711
vn 0.8882 -0.4557 0.0595
vn 0.8844 -0.4596 0.0812
vn 0.9434 -0.3203 0.0867
vn 0.8052 -0.5913 0.0458
vn 0.8011 -0.5946 0.0691
vn 0.9815 -0.1757 0.0762
vn 0.9802 -0.1780 0.0863
vn -0.8815 0.4652 -0.0807
vn -0.8776 0.4611 -0.1311
vn -0.9795 0.1936 -0.0562
vn 0.9981 -0.0619 0.0065
vn 0.9968 -0.0785 -0.0133
vn 0.9964 -0.0814 0.0236
vn -0.0128 0.1963 0.9805
vn -0.1303 0.3076 0.9425
vn -0.2309 0.3883 0.8921
vn -0.1585 0.3131 0.9364
vn -0.0080 0.2285 0.9735
vn -0.2904 0.1788 0.9400
vn -0.1552 0.1903 0.9694
vn -0.0734 -0.1146 -0.9907
vn 0.6957 -0.7183 0.0045
vn 0.8090 -0.5873 0.0243
vn 0.9513 -0.2981 0.0780
vn 0.8926 -0.4488 0.0418
vn 0.9498 -0.3076 0.0570
vn 0.9832 -0.1685 0.0696
vn -0.9247 0.3725 0.0781
vn -0.9697 0.2329 0.0735
vn -0.9940 0.0875 0.0654
vn -0.9967 -0.0609 0.0535
vn 0.5591 0.8291 0.0020
vn 0.9892 0.1465 0.0038
vn 0.6425 -0.5984 0.4787
vn -0.9860 -0.1596 -0.0473
vn -0.9899 -0.1415 -0.0075
vn -0.9170 -0.3974 -0.0347
vn -0.8533 0.5105 0.1058
vn -0.8690 0.4893 0.0734
vn -0.9792 0.1966 0.0499
vn -0.9998 0.0054 0.0173
vn -0.7487 0.6505 -0.1279
vn -0.7675 0.6342 -0.0933
vn -0.8291 0.5436 -0.1306
vn -0.8419 0.5274 -0.1144
vn -0.9005 0.4139 -0.1331
vn -0.9824 0.0510 -0.1795
vn -0.9434 0.3073 -0.1245
vn -0.9433 0.2950 -0.1522
vn -0.9915 -0.0706 -0.1097
vn 0.3967 0.4979 0.7712
vn -0.1287 0.2833 0.9503
vn 0.4467 0.4962 0.7445
vn -0.1667 0.1725 0.9708
vn 0.5666 0.3980 0.7215
vn -0.1778 0.0834 0.9805
vn 0.6755 0.1280 0.7262
vn -0.0429 0.0015 0.9991
vn -0.0988 0.0381 0.9944
vn 0.6527 0.1803 0.7359
vn -0.8759 0.4819 -0.0238
vn -0.9867 0.1618 -0.0154
vn 0.9945 0.0938 -0.0461
vn -0.9962 0.0558 -0.0667
vn -0.9800 0.1809 -0.0826
vn -0.9965 -0.0616 -0.0561
vn -0.9814 -0.1828 -0.0589
vn 0.8799 -0.4614 0.1131
vn 0.9388 -0.3233 0.1185
vn 0.7958 -0.5964 0.1052
vn 0.9765 -0.1797 0.1191
vn 0.9980 -0.0191 -0.0604
vn 0.9956 -0.0837 -0.0415
vn 0.1478 0.8214 0.5509
vn -0.4424 0.3956 0.8048
vn -0.4342 0.6129 0.6602
vn -0.3298 0.5282 0.7824
vn -0.0113 0.1385 -0.9903
vn -0.0495 0.0049 -0.9988
vn 0.0017 -0.0291 -0.9996
vn 0.0113 -0.1350 -0.9908
vn 0.0572 -0.1661 -0.9845
vn -0.9773 0.2116 0.0067
vn -0.9972 0.0740 0.0073
vn -0.9724 0.2318 0.0250
vn -0.8734 0.4861 0.0293
vn -0.9864 0.1627 0.0249
vn -0.9998 0.0007 0.0186
vn -0.0083 0.3565 -0.9342
vn 0.0431 -0.0737 -0.9964
vn 0.0652 -0.1103 -0.9918
vn 0.0165 -0.2630 -0.9646
vn -0.3514 0.9350 -0.0484
vn -0.9782 0.2063 -0.0217
vn -0.9975 0.0685 -0.0178
vn -0.9928 -0.1197 -0.0082
vn -0.0184 0.1675 -0.9857
vn -0.0277 0.0146 -0.9995
vn -0.0301 -0.0244 -0.9992
vn -0.0498 -0.1365 -0.9894
vn 0.6040 0.7875 -0.1226
vn 0.5412 0.8211 -0.1813
vn -0.0938 0.7331 -0.6737
vn -0.0232 0.6567 -0.7538
vn 0.1775 0.6672 -0.7235
vn 0.2504 0.7328 -0.6327
vn 0.1782 -0.9827 -0.0502
vn -0.3892 0.8727 -0.2947
vn -0.1786 0.9831 -0.0406
vn 0.4445 -0.8912 -0.0900
vn 0.0057 -0.9983 -0.0578
vn -0.0783 -0.9960 -0.0429
vn 0.1314 -0.9685 -0.2113
vn 0.1175 -0.9691 -0.2167
vn 0.0850 -0.9787 -0.1870
vn 0.0228 -0.9966 -0.0792
vn -0.1152 -0.9920 -0.0517
vn 0.0598 -0.9980 -0.0190
vn -0.2250 -0.9711 -0.0799
vn -0.1134 0.9364 0.3322
vn 0.3548 0.6430 -0.6788
vn 0.3346 0.7544 -0.5648
vn 0.3365 -0.9413 0.0261
vn 0.0542 -0.9963 -0.0662
vn 0.1135 -0.9830 0.1441
vn 0.4718 0.8803 0.0497
vn 0.3771 0.8033 -0.4611
vn 0.2047 0.8781 -0.4324
vn 0.3801 -0.9249 -0.0019
vn -0.1765 0.9196 0.3509
vn -0.0650 0.9970 -0.0430
vn 0.0295 -0.9769 0.2116
vn 0.3879 -0.9215 -0.0162
vn -0.2049 -0.9770 -0.0586
vn -0.1924 -0.9782 -0.0786
vn -0.4118 -0.9097 -0.0534
vn -0.3562 0.9188 -0.1702
vn 0.0184 -0.9900 -0.1400
vn 0.3152 0.7811 -0.5390
vn -0.3903 0.9207 -0.0037
vn -0.3170 0.9441 -0.0901
vn -0.2133 0.8884 0.4065
vn 0.2481 0.7763 -0.5795
vn 0.0534 0.9763 -0.2096
vn 0.1018 0.9894 -0.1033
vn 0.0076 0.9993 -0.0377
vn -0.0349 0.9992 -0.0183
vn -0.1661 0.9822 -0.0879
vn -0.2148 0.9754 -0.0498
vn 0.2358 0.9718 0.0023
vn 0.2916 0.9565 0.0026
vn 0.0689 0.9961 -0.0557
vn -0.2503 0.9681 -0.0127
vn -0.6798 0.7180 0.1496
vn 0.5626 0.4231 -0.7103
vn -0.7647 0.6336 0.1169
vn -0.4802 0.4451 -0.7558
vn -0.8586 0.4986 0.1194
vn -0.9226 0.3652 0.1241
vn -0.9863 0.0893 0.1389
vn -0.9645 0.2290 0.1318
vn 0.8249 -0.2057 0.5265
vn 0.7860 -0.3153 0.5318
vn 0.7270 -0.4523 0.5167
vn -0.8334 0.5393 0.1209
vn 0.6341 0.0307 0.7726
vn 0.6345 -0.0563 0.7709
vn 0.6268 -0.1509 0.7644
vn -0.3522 0.4157 0.8386
vn -0.3171 0.2685 0.9096
vn -0.2361 0.1287 0.9632
vn -0.4597 0.0474 0.8868
vn -0.1465 0.0365 0.9885
vn -0.1570 0.0510 0.9863
vn -0.4812 0.1282 0.8672
vn 0.5585 -0.3474 -0.7532
vn 0.6197 -0.4398 -0.6500
vn 0.7676 -0.4426 -0.4636
vn 0.3590 -0.3376 -0.8701
vn -0.7622 -0.2940 -0.5767
vn -0.7304 -0.4048 -0.5501
vn 0.7920 -0.0611 0.6074
vn 0.9167 -0.1862 0.3534
vn 0.7442 0.0462 0.6664
vn 0.9061 0.0985 0.4114
vn 0.8773 0.0019 0.4799
vn 0.8822 -0.0866 0.4628
vn -0.8140 0.5623 0.1455
vn 0.3758 -0.4504 0.8099
vn 0.4454 -0.4738 -0.7597
vn 0.9811 0.0028 0.1937
vn 0.9735 -0.1326 0.1862
vn 0.7864 0.3838 -0.4841
vn 0.4595 0.7264 -0.5112
vn -0.6599 0.7204 0.2134
vn -0.7527 -0.4320 -0.4968
vn 0.6604 -0.7016 -0.2676
s 1
usemtl Material.005
f 2//2 3//3 1//1 6//6
f 18//18 6//6 1//1 19//19
f 489//489 490//490 1//1 3//3
f 668//668 19//19 1//1 490//490
f 4//4 5//5 2//2 6//6
f 483//483 482//482 2//2 5//5
f 482//482 479//479 3//3 2//2
f 7//7 5//5 4//4 15//15
f 5//5 7//7 8//8 483//483
f 20//20 4//4 6//6 18//18
f 9//9 10//10 8//8 7//7
f 8//8 492//492 477//477 483//483
f 9//9 7//7 15//15 16//16
f 11//11 12//12 10//10 9//9
f 10//10 493//493 492//492 8//8
f 11//11 9//9 16//16 17//17
f 13//13 14//14 12//12 11//11
f 12//12 495//495 493//493 10//10
f 13//13 11//11 17//17 28//28
f 67//67 14//14 13//13 68//68
f 13//13 28//28 3212//3212 68//68
f 14//14 496//496 495//495 12//12
f 15//15 4//4 20//20 26//26
f 16//16 15//15 26//26 27//27
f 17//17 16//16 27//27 29//29
f 19//19 671//671 21//21 18//18
f 20//20 18//18 21//21 22//22
f 22//22 21//21 23//23 24//24
f 26//26 20//20 22//22 30//30
f 671//671 672//672 23//23 21//21
f 24//24 23//23 25//25 35//35
f 30//30 22//22 24//24 32//32
f 25//25 37//37 36//36 38//38
f 39//39 35//35 25//25 38//38
f 672//672 37//37 25//25 23//23
f 27//27 26//26 30//30 31//31
f 28//28 17//17 29//29 3255//3255
f 28//28 3255//3255 3251//3251 3212//3212
f 29//29 27//27 31//31 33//33
f 29//29 33//33 3256//3256 3255//3255
f 31//31 30//30 32//32 34//34
f 32//32 24//24 35//35 41//41
f 40//40 34//34 32//32 41//41
f 33//33 31//31 34//34 43//43
f 33//33 43//43 44//44 3256//3256
f 42//42 43//43 34//34 40//40
f 45//45 41//41 35//35 39//39
f 909//909 914//914 36//36 37//37
f 36//36 914//914 916//916 49//49
f 38//38 36//36 49//49 51//51
f 50//50 39//39 38//38 51//51
f 57//57 45//45 39//39 50//50
f 47//47 42//42 40//40 46//46
f 46//46 40//40 41//41 45//45
f 44//44 43//43 42//42 48//48
f 58//58 46//46 45//45 57//57
f 48//48 42//42 47//47 60//60
f 47//47 46//46 58//58 59//59
f 92//92 44//44 48//48 93//93
f 52//52 51//51 49//49 53//53
f 61//61 57//57 50//50 54//54
f 54//54 50//50 51//51 52//52
f 52//52 53//53 55//55 56//56
f 916//916 1125//1125 53//53 49//49
f 1129//1129 55//55 53//53 1125//1125
f 54//54 52//52 56//56 65//65
f 56//56 55//55 1133//1133 1134//1134
f 62//62 58//58 57//57 61//61
f 60//60 47//47 59//59 64//64
f 59//59 58//58 62//62 63//63
f 93//93 48//48 60//60 97//97
f 61//61 54//54 65//65 66//66
f 62//62 61//61 66//66 1140//1140
f 64//64 59//59 63//63 109//109
f 63//63 1139//1139 111//111 109//109
f 1140//1140 1139//1139 63//63 62//62
f 97//97 60//60 64//64 107//107
f 108//108 107//107 64//64 109//109
f 65//65 56//56 1134//1134 1137//1137
f 66//66 65//65 1137//1137 1370//1370
f 66//66 1370//1370 1138//1138 1140//1140
f 496//496 14//14 67//67 3409//3409
f 69//69 67//67 68//68 70//70
f 68//68 3212//3212 3213//3213 70//70
f 3409//3409 67//67 69//69 3410//3410
f 71//71 69//69 70//70 72//72
f 70//70 3213//3213 3211//3211 72//72
f 3410//3410 69//69 71//71 3407//3407
f 73//73 71//71 72//72 74//74
f 72//72 3211//3211 82//82 74//74
f 3407//3407 71//71 73//73 3406//3406
f 75//75 73//73 74//74 76//76
f 74//74 82//82 80//80 76//76
f 3406//3406 73//73 75//75 3405//3405
f 77//77 75//75 76//76 79//79
f 78//78 79//79 76//76 80//80
f 2080//2080 2081//2081 77//77 2089//2089
f 3405//3405 75//75 77//77 2081//2081
f 78//78 80//80 81//81 87//87
f 78//78 87//87 2257//2257 2253//2253
f 2089//2089 77//77 79//79 2093//2093
f 79//79 78//78 2253//2253 2093//2093
f 81//81 80//80 82//82 83//83
f 81//81 83//83 84//84 88//88
f 85//85 84//84 83//83 3250//3250
f 3211//3211 3250//3250 83//83 82//82
f 84//84 85//85 86//86 89//89
f 3254//3254 3253//3253 85//85 3250//3250
f 96//96 95//95 86//86 94//94
f 99//99 89//89 86//86 95//95
f 3253//3253 94//94 86//86 85//85
f 87//87 81//81 88//88 90//90
f 87//87 90//90 2261//2261 2257//2257
f 88//88 84//84 89//89 91//91
f 100//100 91//91 89//89 99//99
f 90//90 88//88 91//91 101//101
f 90//90 101//101 2265//2265 2261//2261
f 3256//3256 44//44 92//92 3252//3252
f 94//94 92//92 93//93 96//96
f 3252//3252 92//92 94//94 3253//3253
f 102//102 99//99 95//95 104//104
f 96//96 93//93 97//97 98//98
f 104//104 95//95 96//96 98//98
f 106//106 98//98 97//97 107//107
f 103//103 100//100 99//99 102//102
f 101//101 91//91 100//100 2443//2443
f 100//100 103//103 2444//2444 2443//2443
f 105//105 103//103 102//102 115//115
f 104//104 98//98 106//106 114//114
f 104//104 114//114 115//115 102//102
f 105//105 115//115 116//116 119//119
f 2444//2444 103//103 105//105 2450//2450
f 113//113 114//114 106//106 110//110
f 110//110 106//106 107//107 108//108
f 108//108 109//109 111//111 112//112
f 110//110 108//108 112//112 117//117
f 111//111 1139//1139 1373//1373 2625//2625
f 2624//2624 112//112 111//111 2625//2625
f 2626//2626 117//117 112//112 2624//2624
f 115//115 114//114 113//113 116//116
f 113//113 110//110 117//117 2634//2634
f 113//113 2634//2634 118//118 116//116
f 119//119 116//116 118//118 2630//2630
f 118//118 2634//2634 2635//2635 2636//2636
f 2450//2450 105//105 119//119 2627//2627
f 157//157 158//158 120//120 126//126
f 291//291 121//121 120//120 158//158
f 122//122 120//120 121//121 123//123
f 121//121 291//291 287//287 127//127
f 126//126 120//120 122//122 149//149
f 150//150 149//149 122//122 124//124
f 124//124 122//122 123//123 125//125
f 123//123 121//121 127//127 128//128
f 160//160 150//150 124//124 133//133
f 125//125 123//123 128//128 129//129
f 133//133 124//124 125//125 134//134
f 128//128 127//127 130//130 131//131
f 129//129 128//128 131//131 132//132
f 134//134 125//125 129//129 140//140
f 130//130 127//127 287//287 288//288
f 130//130 288//288 289//289 251//251
f 131//131 130//130 251//251 254//254
f 140//140 129//129 132//132 144//144
f 132//132 131//131 254//254 256//256
f 269//269 144//144 132//132 256//256
f 161//161 160//160 133//133 135//135
f 135//135 133//133 134//134 136//136
f 163//163 161//161 135//135 137//137
f 137//137 135//135 136//136 138//138
f 136//136 134//134 140//140 141//141
f 137//137 138//138 139//139 167//167
f 165//165 163//163 137//137 167//167
f 138//138 136//136 141//141 142//142
f 138//138 142//142 143//143 139//139
f 139//139 143//143 1784//1784 1777//1777
f 141//141 140//140 144//144 145//145
f 142//142 141//141 145//145 146//146
f 142//142 146//146 147//147 143//143
f 143//143 147//147 1788//1788 1784//1784
f 271//271 145//145 144//144 269//269
f 146//146 145//145 271//271 274//274
f 146//146 274//274 1871//1871 147//147
f 147//147 1871//1871 1873//1873 1788//1788
f 148//148 149//149 150//150 154//154
f 151//151 152//152 148//148 153//153
f 152//152 126//126 149//149 148//148
f 151//151 155//155 156//156 152//152
f 173//173 155//155 151//151 174//174
f 151//151 153//153 3273//3273 174//174
f 157//157 126//126 152//152 156//156
f 153//153 148//148 154//154 3332//3332
f 153//153 3332//3332 3272//3272 3273//3273
f 154//154 150//150 160//160 162//162
f 154//154 162//162 176//176 3332//3332
f 156//156 155//155 159//159 3372//3372
f 157//157 304//304 293//293 158//158
f 3372//3372 304//304 157//157 156//156
f 158//158 293//293 292//292 291//291
f 159//159 155//155 173//173 310//310
f 311//311 312//312 159//159 310//310
f 3371//3371 3372//3372 159//159 312//312
f 162//162 160//160 161//161 164//164
f 164//164 161//161 163//163 166//166
f 176//176 162//162 164//164 177//177
f 166//166 163//163 165//165 178//178
f 165//165 167//167 1778//1778 1800//1800
f 177//177 164//164 166//166 179//179
f 167//167 139//139 1777//1777 1778//1778
f 171//171 169//169 168//168 186//186
f 174//174 3273//3273 168//168 170//170
f 170//170 168//168 169//169 172//172
f 193//193 172//172 169//169 194//194
f 194//194 169//169 171//171 197//197
f 175//175 170//170 172//172 199//199
f 198//198 199//199 172//172 193//193
f 309//309 310//310 173//173 175//175
f 175//175 173//173 174//174 170//170
f 175//175 199//199 308//308 309//309
f 176//176 177//177 180//180 3271//3271
f 179//179 166//166 178//178 181//181
f 178//178 165//165 1800//1800 1810//1810
f 180//180 177//177 179//179 182//182
f 182//182 179//179 181//181 184//184
f 181//181 178//178 1810//1810 1811//1811
f 183//183 180//180 182//182 185//185
f 190//190 189//189 183//183 185//185
f 3271//3271 180//180 183//183 188//188
f 185//185 182//182 184//184 191//191
f 184//184 181//181 1811//1811 1813//1813
f 187//187 171//171 186//186 188//188
f 3273//3273 3272//3272 186//186 168//168
f 197//197 171//171 187//187 200//200
f 189//189 187//187 188//188 183//183
f 3272//3272 3271//3271 188//188 186//186
f 200//200 187//187 189//189 201//201
f 191//191 192//192 190//190 185//185
f 201//201 189//189 190//190 203//203
f 202//202 203//203 190//190 192//192
f 191//191 184//184 1813//1813 1814//1814
f 192//192 191//191 1814//1814 1820//1820
f 1837//1837 202//202 192//192 1820//1820
f 195//195 193//193 194//194 196//196
f 198//198 193//193 195//195 324//324
f 195//195 322//322 325//325 324//324
f 196//196 194//194 197//197 204//204
f 196//196 321//321 322//322 195//195
f 333//333 321//321 196//196 204//204
f 198//198 315//315 308//308 199//199
f 204//204 197//197 200//200 205//205
f 205//205 200//200 201//201 206//206
f 207//207 203//203 202//202 1841//1841
f 1840//1840 1841//1841 202//202 1837//1837
f 206//206 201//201 203//203 207//207
f 332//332 333//333 204//204 205//205
f 205//205 206//206 348//348 332//332
f 206//206 207//207 349//349 348//348
f 209//209 210//210 208//208 225//225
f 223//223 224//224 209//209 226//226
f 224//224 3229//3229 210//210 209//209
f 210//210 393//393 392//392 208//208
f 211//211 212//212 213//213 214//214
f 373//373 212//212 211//211 402//402
f 401//401 402//402 211//211 216//216
f 371//371 213//213 212//212 368//368
f 212//212 373//373 375//375 368//368
f 214//214 213//213 215//215 218//218
f 216//216 211//211 214//214 217//217
f 215//215 213//213 371//371 372//372
f 215//215 372//372 394//394 3230//3230
f 215//215 3230//3230 3231//3231 218//218
f 216//216 217//217 219//219 403//403
f 217//217 214//214 218//218 220//220
f 227//227 220//220 218//218 3231//3231
f 219//219 217//217 220//220 222//222
f 221//221 219//219 222//222 232//232
f 239//239 405//405 221//221 237//237
f 403//403 219//219 221//221 405//405
f 222//222 220//220 227//227 231//231
f 3231//3231 224//224 223//223 227//227
f 3230//3230 3229//3229 224//224 3231//3231
f 226//226 209//209 225//225 229//229
f 225//225 208//208 1850//1850 1852//1852
f 228//228 223//223 226//226 230//230
f 228//228 231//231 227//227 223//223
f 235//235 233//233 228//228 230//230
f 230//230 226//226 229//229 1858//1858
f 229//229 225//225 1852//1852 1855//1855
f 236//236 235//235 230//230 1858//1858
f 232//232 222//222 231//231 234//234
f 233//233 234//234 231//231 228//228
f 237//237 221//221 232//232 241//241
f 244//244 242//242 233//233 235//235
f 241//241 232//232 234//234 243//243
f 242//242 243//243 234//234 233//233
f 245//245 244//244 235//235 236//236
f 236//236 1858//1858 1859//1859 1861//1861
f 1865//1865 245//245 236//236 1861//1861
f 238//238 239//239 237//237 240//240
f 409//409 405//405 239//239 411//411
f 424//424 411//411 239//239 238//238
f 240//240 237//237 241//241 246//246
f 422//422 238//238 240//240 423//423
f 249//249 247//247 242//242 244//244
f 246//246 241//241 243//243 248//248
f 247//247 248//248 243//243 242//242
f 250//250 249//249 244//244 245//245
f 1866//1866 250//250 245//245 1865//1865
f 423//423 240//240 246//246 427//427
f 436//436 248//248 247//247 438//438
f 437//437 438//438 247//247 249//249
f 427//427 246//246 248//248 436//436
f 439//439 437//437 249//249 250//250
f 2024//2024 439//439 250//250 1866//1866
f 252//252 253//253 251//251 289//289
f 258//258 253//253 252//252 259//259
f 252//252 289//289 261//261 259//259
f 254//254 251//251 253//253 255//255
f 260//260 255//255 253//253 258//258
f 256//256 254//254 255//255 257//257
f 257//257 255//255 260//260 276//276
f 269//269 256//256 257//257 270//270
f 258//258 259//259 262//262 264//264
f 258//258 264//264 263//263 260//260
f 260//260 263//263 265//265 276//276
f 262//262 259//259 261//261 298//298
f 297//297 298//298 261//261 294//294
f 267//267 264//264 262//262 478//478
f 262//262 298//298 500//500 478//478
f 268//268 265//265 263//263 266//266
f 266//266 263//263 264//264 267//267
f 277//277 276//276 265//265 279//279
f 477//477 268//268 266//266 475//475
f 475//475 266//266 267//267 476//476
f 279//279 265//265 268//268 284//284
f 492//492 284//284 268//268 477//477
f 271//271 269//269 270//270 272//272
f 270//270 257//257 276//276 277//277
f 271//271 272//272 273//273 274//274
f 272//272 270//270 277//277 278//278
f 273//273 272//272 278//278 281//281
f 273//273 281//281 1879//1879 275//275
f 274//274 273//273 275//275 1871//1871
f 275//275 1879//1879 1881//1881 1872//1872
f 278//278 277//277 279//279 280//280
f 281//281 278//278 280//280 282//282
f 280//280 279//279 284//284 285//285
f 281//281 282//282 283//283 1879//1879
f 282//282 280//280 285//285 286//286
f 283//283 282//282 286//286 494//494
f 283//283 494//494 3408//3408 1880//1880
f 493//493 285//285 284//284 492//492
f 286//286 285//285 493//493 495//495
f 288//288 287//287 290//290 294//294
f 294//294 261//261 289//289 288//288
f 291//291 292//292 290//290 287//287
f 296//296 299//299 290//290 292//292
f 293//293 295//295 296//296 292//292
f 305//305 295//295 293//293 304//304
f 299//299 297//297 294//294 290//290
f 295//295 301//301 300//300 296//296
f 306//306 301//301 295//295 305//305
f 302//302 303//303 297//297 299//299
f 500//500 298//298 297//297 303//303
f 299//299 296//296 300//300 302//302
f 497//497 498//498 300//300 301//301
f 511//511 497//497 301//301 306//306
f 302//302 300//300 498//498 501//501
f 303//303 499//499 480//480 500//500
f 501//501 499//499 303//303 302//302
f 307//307 306//306 305//305 3371//3371
f 305//305 304//304 3372//3372 3371//3371
f 512//512 511//511 306//306 307//307
f 307//307 3371//3371 312//312 514//514
f 513//513 512//512 307//307 514//514
f 308//308 315//315 316//316 314//314
f 309//309 313//313 311//311 310//310
f 314//314 313//313 309//309 308//308
f 514//514 312//312 311//311 318//318
f 313//313 317//317 318//318 311//311
f 319//319 317//317 313//313 314//314
f 315//315 198//198 324//324 3370//3370
f 315//315 3370//3370 547//547 316//316
f 316//316 320//320 319//319 314//314
f 529//529 320//320 316//316 547//547
f 317//317 319//319 3369//3369 528//528
f 528//528 515//515 318//318 317//317
f 3369//3369 319//319 320//320 530//530
f 323//323 322//322 321//321 334//334
f 322//322 323//323 326//326 325//325
f 327//327 3370//3370 324//324 325//325
f 327//327 325//325 326//326 329//329
f 326//326 323//323 338//338 328//328
f 330//330 331//331 327//327 329//329
f 329//329 326//326 328//328 549//549
f 328//328 344//344 562//562 549//549
f 548//548 330//330 329//329 549//549
f 552//552 550//550 330//330 548//548
f 529//529 547//547 331//331 551//551
f 550//550 551//551 331//331 330//330
f 331//331 547//547 3370//3370 327//327
f 347//347 345//345 332//332 348//348
f 334//334 321//321 333//333 346//346
f 345//345 346//346 333//333 332//332
f 338//338 323//323 334//334 336//336
f 335//335 336//336 337//337 355//355
f 335//335 341//341 343//343 339//339
f 335//335 355//355 361//361 342//342
f 336//336 335//335 339//339 338//338
f 336//336 334//334 346//346 337//337
f 354//354 355//355 337//337 352//352
f 338//338 339//339 344//344 328//328
f 340//340 342//342 376//376 377//377
f 340//340 377//377 380//380 385//385
f 340//340 385//385 386//386 341//341
f 342//342 340//340 341//341 335//335
f 341//341 386//386 561//561 343//343
f 344//344 339//339 343//343 563//563
f 353//353 352//352 345//345 347//347
f 352//352 337//337 346//346 345//345
f 347//347 348//348 349//349 350//350
f 349//349 207//207 1841//1841 351//351
f 350//350 349//349 351//351 1941//1941
f 353//353 347//347 350//350 357//357
f 356//356 354//354 352//352 353//353
f 361//361 355//355 354//354 362//362
f 356//356 353//353 357//357 358//358
f 362//362 354//354 356//356 364//364
f 356//356 358//358 365//365 364//364
f 357//357 350//350 1941//1941 359//359
f 358//358 357//357 359//359 1950//1950
f 358//358 1950//1950 367//367 365//365
f 359//359 1941//1941 1943//1943 1951//1951
f 1949//1949 1950//1950 359//359 1951//1951
f 361//361 362//362 360//360 397//397
f 398//398 395//395 360//360 363//363
f 376//376 342//342 361//361 397//397
f 363//363 360//360 362//362 364//364
f 363//363 364//364 365//365 366//366
f 366//366 365//365 367//367 400//400
f 398//398 363//363 366//366 399//399
f 368//368 369//369 370//370 371//371
f 368//368 375//375 379//379 369//369
f 376//376 370//370 369//369 377//377
f 369//369 379//379 380//380 377//377
f 372//372 371//371 370//370 378//378
f 375//375 373//373 374//374 381//381
f 402//402 407//407 374//374 373//373
f 375//375 381//381 382//382 379//379
f 378//378 370//370 376//376 397//397
f 394//394 372//372 378//378 395//395
f 380//380 379//379 382//382 384//384
f 380//380 384//384 390//390 385//385
f 381//381 416//416 383//383 382//382
f 381//381 374//374 407//407 416//416
f 384//384 382//382 383//383 388//388
f 384//384 388//388 391//391 390//390
f 389//389 386//386 385//385 390//390
f 388//388 383//383 387//387 420//420
f 416//416 410//410 387//387 383//383
f 389//389 390//390 391//391 573//573
f 561//561 386//386 389//389 574//574
f 391//391 388//388 420//420 572//572
f 399//399 1984//1984 392//392 393//393
f 1850//1850 208//208 392//392 1980//1980
f 3229//3229 396//396 393//393 210//210
f 396//396 394//394 395//395 398//398
f 395//395 378//378 397//397 360//360
f 396//396 398//398 399//399 393//393
f 3230//3230 394//394 396//396 3229//3229
f 399//399 366//366 400//400 1984//1984
f 400//400 367//367 1955//1955 1956//1956
f 403//403 404//404 401//401 216//216
f 408//408 406//406 401//401 404//404
f 402//402 401//401 406//406 407//407
f 404//404 403//403 405//405 409//409
f 416//416 407//407 406//406 410//410
f 408//408 404//404 409//409 413//413
f 410//410 406//406 408//408 414//414
f 409//409 411//411 412//412 413//413
f 415//415 387//387 410//410 414//414
f 412//412 417//417 418//418 413//413
f 412//412 411//411 424//424 431//431
f 433//433 417//417 412//412 431//431
f 414//414 408//408 413//413 418//418
f 419//419 415//415 414//414 418//418
f 420//420 387//387 415//415 586//586
f 415//415 419//419 584//584 586//586
f 417//417 421//421 419//419 418//418
f 585//585 421//421 417//417 433//433
f 584//584 419//419 421//421 591//591
f 424//424 238//238 422//422 432//432
f 425//425 422//422 423//423 426//426
f 430//430 431//431 424//424 432//432
f 432//432 422//422 425//425 429//429
f 426//426 423//423 427//427 442//442
f 428//428 425//425 426//426 448//448
f 429//429 425//425 428//428 461//461
f 428//428 450//450 452//452 461//461
f 430//430 432//432 429//429 434//434
f 433//433 431//431 430//430 598//598
f 430//430 434//434 435//435 598//598
f 434//434 429//429 461//461 460//460
f 435//435 434//434 460//460 599//599
f 600//600 598//598 435//435 604//604
f 435//435 599//599 601//601 604//604
f 442//442 427//427 436//436 443//443
f 438//438 437//437 440//440 444//444
f 443//443 436//436 438//438 444//444
f 439//439 441//441 440//440 437//437
f 440//440 445//445 446//446 444//444
f 441//441 447//447 445//445 440//440
f 2024//2024 2028//2028 441//441 439//439
f 448//448 426//426 442//442 451//451
f 446//446 462//462 443//443 444//444
f 451//451 442//442 443//443 462//462
f 463//463 446//446 445//445 464//464
f 464//464 445//445 447//447 466//466
f 2028//2028 2032//2032 447//447 441//441
f 448//448 449//449 450//450 428//428
f 449//449 448//448 451//451 3417//3417
f 453//453 450//450 449//449 455//455
f 450//450 453//453 454//454 452//452
f 451//451 462//462 3416//3416 3417//3417
f 457//457 458//458 453//453 455//455
f 453//453 458//458 611//611 454//454
f 459//459 452//452 454//454 614//614
f 456//456 457//457 455//455 468//468
f 455//455 449//449 3417//3417 468//468
f 612//612 613//613 457//457 456//456
f 458//458 457//457 613//613 616//616
f 458//458 616//616 617//617 611//611
f 459//459 460//460 461//461 452//452
f 599//599 460//460 459//459 615//615
f 462//462 446//446 463//463 3416//3416
f 465//465 463//463 464//464 467//467
f 465//465 470//470 469//469 471//471
f 3416//3416 463//463 465//465 471//471
f 467//467 464//464 466//466 473//473
f 466//466 447//447 2032//2032 2053//2053
f 467//467 472//472 470//470 465//465
f 469//469 456//456 468//468 471//471
f 469//469 641//641 612//612 456//456
f 470//470 642//642 641//641 469//469
f 3417//3417 3416//3416 471//471 468//468
f 473//473 474//474 472//472 467//467
f 472//472 643//643 642//642 470//470
f 473//473 466//466 2053//2053 2057//2057
f 474//474 644//644 643//643 472//472
f 2057//2057 2061//2061 474//474 473//473
f 475//475 476//476 479//479 482//482
f 483//483 477//477 475//475 482//482
f 476//476 267//267 478//478 481//481
f 484//484 479//479 476//476 481//481
f 480//480 481//481 478//478 500//500
f 489//489 3//3 479//479 484//484
f 485//485 486//486 480//480 499//499
f 481//481 480//480 486//486 484//484
f 488//488 489//489 484//484 486//486
f 506//506 487//487 485//485 502//502
f 487//487 488//488 486//486 485//485
f 487//487 506//506 681//681 667//667
f 667//667 491//491 488//488 487//487
f 491//491 490//490 489//489 488//488
f 669//669 668//668 490//490 491//491
f 491//491 667//667 3368//3368 669//669
f 494//494 286//286 495//495 496//496
f 494//494 496//496 3409//3409 3408//3408
f 497//497 503//503 504//504 498//498
f 516//516 503//503 497//497 511//511
f 502//502 501//501 498//498 504//504
f 502//502 485//485 499//499 501//501
f 505//505 506//506 502//502 504//504
f 503//503 507//507 505//505 504//504
f 509//509 507//507 503//503 516//516
f 505//505 507//507 508//508 682//682
f 506//506 505//505 682//682 681//681
f 507//507 509//509 510//510 508//508
f 684//684 683//683 508//508 510//510
f 510//510 509//509 520//520 699//699
f 510//510 699//699 700//700 684//684
f 517//517 516//516 511//511 512//512
f 518//518 517//517 512//512 513//513
f 519//519 518//518 513//513 515//515
f 515//515 513//513 514//514 318//318
f 520//520 509//509 516//516 517//517
f 521//521 520//520 517//517 518//518
f 522//522 521//521 518//518 519//519
f 519//519 515//515 528//528 532//532
f 525//525 523//523 521//521 522//522
f 699//699 520//520 521//521 524//524
f 522//522 519//519 532//532 3258//3258
f 524//524 521//521 523//523 697//697
f 526//526 527//527 523//523 525//525
f 698//698 697//697 523//523 527//527
f 701//701 699//699 524//524 697//697
f 525//525 522//522 3258//3258 3259//3259
f 713//713 527//527 526//526 3260//3260
f 526//526 525//525 3259//3259 3261//3261
f 531//531 532//532 528//528 3369//3369
f 530//530 320//320 529//529 535//535
f 531//531 3369//3369 530//530 534//534
f 532//532 531//531 536//536 3258//3258
f 533//533 535//535 554//554 556//556
f 559//559 534//534 533//533 3195//3195
f 535//535 533//533 534//534 530//530
f 536//536 531//531 534//534 559//559
f 535//535 529//529 551//551 554//554
f 3259//3259 3258//3258 536//536 3240//3240
f 537//537 538//538 539//539 3263//3263
f 537//537 3263//3263 3242//3242 542//542
f 540//540 541//541 538//538 537//537
f 2111//2111 3427//3427 538//538 541//541
f 539//539 3260//3260 3262//3262 3263//3263
f 3427//3427 3428//3428 539//539 538//538
f 540//540 537//537 542//542 544//544
f 2128//2128 2124//2124 540//540 544//544
f 2124//2124 2109//2109 541//541 540//540
f 543//543 544//544 542//542 545//545
f 542//542 3242//3242 3243//3243 545//545
f 2139//2139 2134//2134 543//543 546//546
f 2134//2134 2128//2128 544//544 543//543
f 546//546 543//543 545//545 753//753
f 545//545 3243//3243 3307//3307 753//753
f 2150//2150 2139//2139 546//546 752//752
f 553//553 552//552 548//548 564//564
f 548//548 549//549 562//562 564//564
f 550//550 555//555 554//554 551//551
f 555//555 550//550 552//552 557//557
f 558//558 557//557 552//552 553//553
f 553//553 564//564 567//567 571//571
f 556//556 554//554 555//555 736//736
f 555//555 557//557 560//560 736//736
f 3195//3195 533//533 556//556 738//738
f 558//558 742//742 560//560 557//557
f 571//571 744//744 558//558 553//553
f 3240//3240 536//536 559//559 3241//3241
f 735//735 736//736 560//560 741//741
f 563//563 343//343 561//561 565//565
f 561//561 574//574 3353//3353 565//565
f 562//562 344//344 563//563 566//566
f 564//564 562//562 566//566 567//567
f 566//566 563//563 565//565 568//568
f 569//569 568//568 565//565 3353//3353
f 567//567 566//566 568//568 570//570
f 570//570 568//568 569//569 3352//3352
f 569//569 3351//3351 3350//3350 3352//3352
f 571//571 567//567 570//570 773//773
f 778//778 773//773 570//570 3352//3352
f 573//573 391//391 572//572 576//576
f 586//586 575//575 572//572 420//420
f 574//574 389//389 573//573 578//578
f 573//573 576//576 577//577 578//578
f 574//574 578//578 579//579 3353//3353
f 576//576 572//572 575//575 589//589
f 588//588 589//589 575//575 587//587
f 582//582 577//577 576//576 589//589
f 581//581 580//580 577//577 582//582
f 578//578 577//577 580//580 579//579
f 579//579 580//580 583//583 3351//3351
f 784//784 583//583 580//580 581//581
f 597//597 783//783 581//581 582//582
f 786//786 784//784 581//581 783//783
f 582//582 589//589 588//588 597//597
f 590//590 587//587 584//584 591//591
f 591//591 421//421 585//585 592//592
f 585//585 433//433 598//598 600//600
f 586//586 584//584 587//587 575//575
f 587//587 590//590 823//823 588//588
f 822//822 597//597 588//588 823//823
f 590//590 591//591 592//592 594//594
f 590//590 594//594 596//596 823//823
f 592//592 585//585 600//600 593//593
f 594//594 592//592 593//593 595//595
f 605//605 595//595 593//593 602//602
f 596//596 594//594 595//595 608//608
f 3433//3433 827//827 795//795 787//787
f 3433//3433 822//822 826//826 827//827
f 599//599 615//615 623//623 601//601
f 602//602 593//593 600//600 604//604
f 601//601 603//603 602//602 604//604
f 606//606 603//603 601//601 623//623
f 607//607 605//605 602//602 603//603
f 608//608 595//595 605//605 847//847
f 607//607 603//603 606//606 610//610
f 606//606 623//623 627//627 609//609
f 847//847 605//605 607//607 852//852
f 607//607 610//610 849//849 852//852
f 824//824 596//596 608//608 848//848
f 610//610 606//606 609//609 873//873
f 626//626 637//637 609//609 627//627
f 872//872 873//873 609//609 637//637
f 610//610 873//873 877//877 849//849
f 614//614 454//454 611//611 621//621
f 618//618 613//613 612//612 645//645
f 615//615 459//459 614//614 620//620
f 619//619 620//620 614//614 621//621
f 616//616 613//613 618//618 622//622
f 621//621 611//611 617//617 625//625
f 617//617 616//616 622//622 624//624
f 631//631 622//622 618//618 649//649
f 625//625 628//628 619//619 621//621
f 619//619 626//626 627//627 620//620
f 619//619 628//628 629//629 626//626
f 623//623 615//615 620//620 627//627
f 622//622 631//631 632//632 624//624
f 625//625 617//617 624//624 630//630
f 633//633 630//630 624//624 632//632
f 639//639 637//637 626//626 629//629
f 628//628 625//625 630//630 633//633
f 633//633 635//635 629//629 628//628
f 631//631 636//636 634//634 632//632
f 650//650 636//636 631//631 649//649
f 634//634 635//635 633//633 632//632
f 635//635 638//638 639//639 629//629
f 640//640 638//638 635//635 634//634
f 636//636 652//652 640//640 634//634
f 880//880 639//639 638//638 875//875
f 872//872 637//637 639//639 880//880
f 640//640 874//874 875//875 638//638
f 890//890 874//874 640//640 652//652
f 645//645 612//612 641//641 646//646
f 646//646 641//641 642//642 647//647
f 647//647 642//642 643//643 648//648
f 648//648 643//643 644//644 660//660
f 2061//2061 2208//2208 644//644 474//474
f 649//649 618//618 645//645 656//656
f 655//655 656//656 645//645 646//646
f 657//657 655//655 646//646 647//647
f 658//658 657//657 647//647 648//648
f 659//659 658//658 648//648 660//660
f 651//651 650//650 649//649 656//656
f 652//652 636//636 650//650 654//654
f 653//653 654//654 650//650 651//651
f 665//665 653//653 651//651 661//661
f 891//891 890//890 652//652 654//654
f 892//892 891//891 654//654 653//653
f 662//662 661//661 655//655 657//657
f 661//661 651//651 656//656 655//655
f 663//663 662//662 657//657 658//658
f 664//664 663//663 658//658 659//659
f 2240//2240 664//664 659//659 2234//2234
f 660//660 644//644 2208//2208 2213//2213
f 2234//2234 659//659 660//660 2213//2213
f 666//666 665//665 661//661 662//662
f 666//666 662//662 663//663 901//901
f 900//900 901//901 663//663 664//664
f 664//664 2240//2240 2241//2241 900//900
f 892//892 653//653 665//665 902//902
f 902//902 665//665 666//666 903//903
f 667//667 681//681 680//680 3368//3368
f 668//668 670//670 671//671 19//19
f 670//670 668//668 669//669 675//675
f 672//672 671//671 670//670 674//674
f 673//673 674//674 670//670 675//675
f 909//909 37//37 672//672 674//674
f 910//910 909//909 674//674 673//673
f 676//676 673//673 675//675 677//677
f 675//675 669//669 3368//3368 677//677
f 676//676 911//911 910//910 673//673
f 912//912 911//911 676//676 678//678
f 678//678 676//676 677//677 687//687
f 677//677 3368//3368 680//680 687//687
f 922//922 912//912 678//678 692//692
f 679//679 680//680 681//681 682//682
f 680//680 679//679 685//685 687//687
f 683//683 679//679 682//682 508//508
f 683//683 686//686 685//685 679//679
f 686//686 683//683 684//684 689//689
f 685//685 686//686 688//688 692//692
f 692//692 678//678 687//687 685//685
f 688//688 686//686 689//689 691//691
f 688//688 691//691 693//693 923//923
f 690//690 691//691 689//689 705//705
f 689//689 684//684 700//700 705//705
f 709//709 694//694 690//690 706//706
f 691//691 690//690 694//694 693//693
f 923//923 922//922 692//692 688//688
f 693//693 696//696 927//927 923//923
f 694//694 695//695 696//696 693//693
f 711//711 695//695 694//694 709//709
f 696//696 695//695 924//924 929//929
f 702//702 701//701 697//697 698//698
f 698//698 527//527 713//713 3419//3419
f 3418//3418 702//702 698//698 3419//3419
f 701//701 3414//3414 700//700 699//699
f 704//704 705//705 700//700 3414//3414
f 701//701 702//702 703//703 3414//3414
f 714//714 703//703 702//702 3418//3418
f 704//704 3414//3414 703//703 707//707
f 719//719 707//707 703//703 714//714
f 705//705 704//704 706//706 690//690
f 707//707 708//708 706//706 704//704
f 710//710 709//709 706//706 708//708
f 727//727 708//708 707//707 719//719
f 725//725 710//710 708//708 727//727
f 710//710 712//712 711//711 709//709
f 711//711 925//925 924//924 695//695
f 725//725 730//730 712//712 710//710
f 712//712 926//926 925//925 711//711
f 3423//3423 3419//3419 713//713 3428//3428
f 715//715 716//716 714//714 3418//3418
f 720//720 719//719 714//714 716//716
f 715//715 3418//3418 3419//3419 3423//3423
f 717//717 718//718 716//716 715//715
f 721//721 720//720 716//716 718//718
f 2288//2288 718//718 717//717 3420//3420
f 717//717 3422//3422 3421//3421 3420//3420
f 717//717 715//715 3423//3423 3422//3422
f 722//722 721//721 718//718 2288//2288
f 724//724 727//727 719//719 720//720
f 721//721 723//723 724//724 720//720
f 729//729 723//723 721//721 722//722
f 2289//2289 729//729 722//722 2287//2287
f 728//728 726//726 724//724 723//723
f 726//726 725//725 727//727 724//724
f 726//726 731//731 730//730 725//725
f 729//729 733//733 728//728 723//723
f 728//728 732//732 731//731 726//726
f 730//730 938//938 926//926 712//712
f 731//731 939//939 938//938 730//730
f 733//733 734//734 732//732 728//728
f 732//732 940//940 939//939 731//731
f 2289//2289 2290//2290 733//733 729//729
f 734//734 941//941 940//940 732//732
f 2290//2290 2292//2292 734//734 733//733
f 2454//2454 941//941 734//734 2292//2292
f 737//737 738//738 735//735 740//740
f 738//738 556//556 736//736 735//735
f 3304//3304 3306//3306 737//737 739//739
f 3306//3306 3195//3195 738//738 737//737
f 739//739 737//737 740//740 757//757
f 3305//3305 3304//3304 739//739 756//756
f 741//741 743//743 740//740 735//735
f 741//741 560//560 742//742 748//748
f 742//742 558//558 744//744 745//745
f 742//742 745//745 746//746 748//748
f 748//748 747//747 743//743 741//741
f 743//743 747//747 749//749 767//767
f 757//757 740//740 743//743 767//767
f 744//744 571//571 773//773 774//774
f 744//744 774//774 775//775 745//745
f 750//750 746//746 745//745 775//775
f 746//746 962//962 747//747 748//748
f 747//747 962//962 769//769 749//749
f 768//768 766//766 749//749 769//769
f 750//750 965//965 961//961 746//746
f 751//751 754//754 755//755 752//752
f 753//753 751//751 752//752 546//546
f 2295//2295 2150//2150 752//752 755//755
f 753//753 3307//3307 758//758 751//751
f 754//754 751//751 758//758 760//760
f 754//754 760//760 761//761 763//763
f 754//754 763//763 765//765 755//755
f 755//755 765//765 2300//2300 2295//2295
f 756//756 739//739 757//757 759//759
f 3307//3307 3305//3305 756//756 758//758
f 758//758 756//756 759//759 760//760
f 759//759 762//762 761//761 760//760
f 759//759 757//757 767//767 762//762
f 761//761 762//762 766//766 770//770
f 764//764 765//765 763//763 771//771
f 763//763 761//761 770//770 771//771
f 764//764 982//982 3293//3293 2299//2299
f 2299//2299 2300//2300 765//765 764//764
f 767//767 749//749 766//766 762//762
f 770//770 766//766 768//768 772//772
f 980//980 772//772 768//768 979//979
f 979//979 768//768 769//769 963//963
f 771//771 770//770 772//772 981//981
f 771//771 981//981 982//982 764//764
f 774//774 773//773 778//778 777//777
f 774//774 777//777 779//779 775//775
f 775//775 779//779 782//782 750//750
f 776//776 777//777 778//778 3349//3349
f 779//779 777//777 776//776 781//781
f 781//781 776//776 780//780 805//805
f 780//780 791//791 790//790 804//804
f 3349//3349 791//791 780//780 776//776
f 782//782 779//779 781//781 997//997
f 782//782 998//998 965//965 750//750
f 1001//1001 998//998 782//782 997//997
f 787//787 786//786 783//783 3433//3433
f 785//785 583//583 784//784 789//789
f 788//788 789//789 784//784 786//786
f 790//790 791//791 785//785 789//789
f 3351//3351 583//583 785//785 3350//3350
f 787//787 793//793 788//788 786//786
f 792//792 793//793 787//787 795//795
f 796//796 790//790 789//789 788//788
f 790//790 796//796 798//798 804//804
f 791//791 3349//3349 3350//3350 785//785
f 802//802 800//800 792//792 794//794
f 796//796 788//788 793//793 797//797
f 800//800 797//797 793//793 792//792
f 794//794 792//792 795//795 810//810
f 818//818 802//802 794//794 809//809
f 825//825 810//810 795//795 827//827
f 797//797 799//799 798//798 796//796
f 798//798 1010//1010 1011//1011 804//804
f 1012//1012 1010//1010 798//798 799//799
f 800//800 801//801 799//799 797//797
f 802//802 803//803 801//801 800//800
f 801//801 1013//1013 1012//1012 799//799
f 818//818 819//819 803//803 802//802
f 803//803 1014//1014 1013//1013 801//801
f 805//805 780//780 804//804 1011//1011
f 997//997 781//781 805//805 1000//1000
f 999//999 1000//1000 805//805 1011//1011
f 807//807 808//808 806//806 3216//3216
f 806//806 812//812 3215//3215 3216//3216
f 807//807 833//833 834//834 808//808
f 835//835 836//836 807//807 3216//3216
f 811//811 806//806 808//808 814//814
f 809//809 794//794 810//810 812//812
f 813//813 818//818 809//809 811//811
f 811//811 809//809 812//812 806//806
f 812//812 810//810 825//825 3215//3215
f 814//814 815//815 813//813 811//811
f 813//813 820//820 819//819 818//818
f 821//821 820//820 813//813 815//815
f 814//814 808//808 834//834 816//816
f 816//816 817//817 815//815 814//814
f 2330//2330 821//821 815//815 817//817
f 816//816 834//834 2353//2353 2326//2326
f 2326//2326 2327//2327 817//817 816//816
f 2331//2331 2330//2330 817//817 2327//2327
f 819//819 1029//1029 1014//1014 803//803
f 1029//1029 819//819 820//820 1031//1031
f 1030//1030 1031//1031 820//820 821//821
f 2508//2508 1030//1030 821//821 2330//2330
f 824//824 822//822 823//823 596//596
f 826//826 822//822 824//824 830//830
f 831//831 830//830 824//824 848//848
f 839//839 3215//3215 825//825 828//828
f 829//829 828//828 826//826 830//830
f 828//828 825//825 827//827 826//826
f 838//838 839//839 828//828 829//829
f 842//842 838//838 829//829 832//832
f 832//832 829//829 830//830 831//831
f 831//831 848//848 853//853 851//851
f 851//851 850//850 832//832 831//831
f 859//859 842//842 832//832 850//850
f 836//836 837//837 833//833 807//807
f 833//833 2352//2352 2353//2353 834//834
f 836//836 835//835 840//840 841//841
f 837//837 836//836 841//841 846//846
f 837//837 2357//2357 2352//2352 833//833
f 843//843 840//840 838//838 842//842
f 840//840 835//835 839//839 838//838
f 3216//3216 3215//3215 839//839 835//835
f 843//843 844//844 841//841 840//840
f 860//860 843//843 842//842 859//859
f 861//861 844//844 843//843 860//860
f 844//844 845//845 846//846 841//841
f 861//861 862//862 845//845 844//844
f 845//845 2361//2361 2362//2362 846//846
f 2357//2357 837//837 846//846 2362//2362
f 848//848 608//608 847//847 853//853
f 854//854 852//852 849//849 856//856
f 855//855 856//856 849//849 877//877
f 850//850 851//851 858//858 3425//3425
f 851//851 853//853 854//854 858//858
f 853//853 847//847 852//852 854//854
f 857//857 858//858 854//854 1049//1049
f 854//854 856//856 1054//1054 1049//1049
f 1054//1054 856//856 855//855 886//886
f 1051//1051 866//866 857//857 1048//1048
f 3425//3425 858//858 857//857 866//866
f 859//859 850//850 3425//3425 865//865
f 860//860 859//859 865//865 868//868
f 863//863 862//862 861//861 870//870
f 861//861 860//860 868//868 870//870
f 862//862 2375//2375 2361//2361 845//845
f 2375//2375 862//862 863//863 2379//2379
f 1077//1077 867//867 864//864 1076//1076
f 866//866 864//864 865//865 3425//3425
f 867//867 868//868 865//865 864//864
f 1076//1076 864//864 866//866 1051//1051
f 1078//1078 869//869 867//867 1077//1077
f 869//869 870//870 868//868 867//867
f 1079//1079 871//871 869//869 1078//1078
f 871//871 863//863 870//870 869//869
f 2379//2379 863//863 871//871 2382//2382
f 872//872 880//880 879//879 876//876
f 876//876 877//877 873//873 872//872
f 874//874 881//881 878//878 875//875
f 882//882 855//855 877//877 876//876
f 878//878 879//879 880//880 875//875
f 883//883 884//884 878//878 881//881
f 3374//3374 879//879 878//878 884//884
f 882//882 876//876 879//879 3374//3374
f 890//890 893//893 881//881 874//874
f 882//882 885//885 886//886 855//855
f 887//887 885//885 882//882 3374//3374
f 893//893 896//896 883//883 881//881
f 899//899 888//888 883//883 896//896
f 887//887 3374//3374 884//884 889//889
f 888//888 889//889 884//884 883//883
f 1097//1097 1055//1055 885//885 887//887
f 1055//1055 1053//1053 886//886 885//885
f 889//889 1096//1096 1097//1097 887//887
f 1098//1098 1096//1096 889//889 888//888
f 894//894 893//893 890//890 891//891
f 895//895 894//894 891//891 892//892
f 906//906 895//895 892//892 902//902
f 894//894 897//897 896//896 893//893
f 895//895 898//898 897//897 894//894
f 896//896 897//897 1107//1107 899//899
f 1106//1106 1107//1107 897//897 898//898
f 898//898 895//895 906//906 3318//3318
f 1114//1114 1106//1106 898//898 3318//3318
f 1098//1098 888//888 899//899 1110//1110
f 2423//2423 904//904 900//900 2241//2241
f 903//903 666//666 901//901 905//905
f 904//904 905//905 901//901 900//900
f 906//906 902//902 903//903 3257//3257
f 2426//2426 907//907 904//904 2423//2423
f 907//907 908//908 905//905 904//904
f 3257//3257 903//903 905//905 908//908
f 2429//2429 2430//2430 907//907 2426//2426
f 2430//2430 3316//3316 908//908 907//907
f 3317//3317 3257//3257 908//908 3316//3316
f 910//910 913//913 914//914 909//909
f 915//915 913//913 910//910 911//911
f 915//915 911//911 912//912 931//931
f 912//912 922//922 928//928 931//931
f 913//913 917//917 916//916 914//914
f 918//918 917//917 913//913 915//915
f 917//917 920//920 1125//1125 916//916
f 918//918 919//919 920//920 917//917
f 921//921 919//919 918//918 935//935
f 918//918 915//915 931//931 935//935
f 1127//1127 1126//1126 919//919 921//921
f 920//920 919//919 1126//1126 1128//1128
f 920//920 1128//1128 1129//1129 1125//1125
f 927//927 928//928 922//922 923//923
f 925//925 942//942 933//933 924//924
f 926//926 943//943 942//942 925//925
f 929//929 932//932 927//927 696//696
f 927//927 932//932 930//930 928//928
f 933//933 934//934 929//929 924//924
f 931//931 928//928 930//930 935//935
f 930//930 932//932 936//936 937//937
f 934//934 936//936 932//932 929//929
f 944//944 945//945 933//933 942//942
f 933//933 945//945 947//947 934//934
f 937//937 921//921 935//935 930//930
f 947//947 1143//1143 936//936 934//934
f 936//936 1143//1143 1144//1144 937//937
f 1127//1127 921//921 937//937 1144//1144
f 938//938 951//951 943//943 926//926
f 939//939 952//952 951//951 938//938
f 940//940 953//953 952//952 939//939
f 941//941 954//954 953//953 940//940
f 946//946 944//944 942//942 943//943
f 955//955 946//946 943//943 951//951
f 948//948 945//945 944//944 950//950
f 949//949 950//950 944//944 946//946
f 1141//1141 947//947 945//945 948//948
f 958//958 949//949 946//946 955//955
f 947//947 1141//1141 1142//1142 1143//1143
f 1173//1173 1154//1154 949//949 958//958
f 1153//1153 948//948 950//950 1155//1155
f 1154//1154 1155//1155 950//950 949//949
f 956//956 955//955 951//951 952//952
f 957//957 956//956 952//952 953//953
f 957//957 953//953 954//954 2473//2473
f 2454//2454 2469//2469 954//954 941//941
f 2472//2472 2473//2473 954//954 2469//2469
f 959//959 958//958 955//955 956//956
f 960//960 959//959 956//956 957//957
f 1174//1174 1173//1173 958//958 959//959
f 1174//1174 959//959 960//960 2651//2651
f 960//960 957//957 2473//2473 2474//2474
f 962//962 746//746 961//961 964//964
f 968//968 966//966 961//961 965//965
f 963//963 769//769 962//962 964//964
f 963//963 964//964 967//967 971//971
f 964//964 961//961 966//966 967//967
f 973//973 969//969 966//966 968//968
f 967//967 966//966 969//969 970//970
f 968//968 965//965 998//998 1004//1004
f 969//969 975//975 974//974 970//970
f 971//971 967//967 970//970 972//972
f 970//970 974//974 976//976 972//972
f 979//979 963//963 971//971 984//984
f 984//984 971//971 972//972 988//988
f 972//972 976//976 993//993 988//988
f 973//973 978//978 975//975 969//969
f 973//973 968//968 1004//1004 977//977
f 1208//1208 976//976 974//974 1206//1206
f 1206//1206 974//974 975//975 1207//1207
f 1217//1217 993//993 976//976 1208//1208
f 978//978 973//973 977//977 1209//1209
f 1222//1222 1209//1209 977//977 1007//1007
f 1207//1207 975//975 978//978 1210//1210
f 981//981 772//772 980//980 983//983
f 980//980 979//979 984//984 985//985
f 982//982 981//981 983//983 986//986
f 982//982 986//986 3294//3294 3293//3293
f 983//983 980//980 985//985 987//987
f 985//985 984//984 988//988 989//989
f 986//986 983//983 987//987 991//991
f 986//986 991//991 2479//2479 3294//3294
f 987//987 985//985 989//989 990//990
f 988//988 993//993 994//994 989//989
f 989//989 994//994 995//995 990//990
f 991//991 987//987 990//990 992//992
f 990//990 995//995 996//996 992//992
f 991//991 992//992 2478//2478 2479//2479
f 1218//1218 994//994 993//993 1217//1217
f 1219//1219 995//995 994//994 1218//1218
f 1220//1220 996//996 995//995 1219//1219
f 996//996 2686//2686 2478//2478 992//992
f 997//997 1000//1000 1002//1002 1001//1001
f 1002//1002 1000//1000 999//999 1019//1019
f 1004//1004 998//998 1001//1001 1003//1003
f 1003//1003 1001//1001 1002//1002 1006//1006
f 1005//1005 1006//1006 1002//1002 1019//1019
f 1009//1009 1007//1007 1003//1003 1006//1006
f 1004//1004 1003//1003 1007//1007 977//977
f 1005//1005 1019//1019 1018//1018 1028//1028
f 1005//1005 1028//1028 1237//1237 1008//1008
f 1008//1008 1009//1009 1006//1006 1005//1005
f 1226//1226 1223//1223 1008//1008 1237//1237
f 1222//1222 1007//1007 1009//1009 1224//1224
f 1223//1223 1224//1224 1009//1009 1008//1008
f 1015//1015 999//999 1011//1011 1010//1010
f 1012//1012 1016//1016 1015//1015 1010//1010
f 1013//1013 1017//1017 1016//1016 1012//1012
f 1035//1035 1017//1017 1013//1013 1014//1014
f 1014//1014 1029//1029 1032//1032 1035//1035
f 1015//1015 1018//1018 1019//1019 999//999
f 1020//1020 1018//1018 3432//3432 1021//1021
f 1022//1022 3432//3432 1016//1016 1017//1017
f 1017//1017 1035//1035 1036//1036 1022//1022
f 1027//1027 1028//1028 1018//1018 1020//1020
f 1024//1024 1025//1025 1020//1020 1021//1021
f 1238//1238 1027//1027 1020//1020 1025//1025
f 1022//1022 1023//1023 1021//1021 3432//3432
f 1026//1026 1024//1024 1021//1021 1023//1023
f 1036//1036 1037//1037 1023//1023 1022//1022
f 1047//1047 1239//1239 1024//1024 1026//1026
f 1239//1239 1240//1240 1025//1025 1024//1024
f 1242//1242 1238//1238 1025//1025 1240//1240
f 1037//1037 1043//1043 1026//1026 1023//1023
f 1237//1237 1028//1028 1027//1027 1241//1241
f 1033//1033 1032//1032 1029//1029 1031//1031
f 2512//2512 1034//1034 1030//1030 2508//2508
f 1034//1034 1033//1033 1031//1031 1030//1030
f 1036//1036 1035//1035 1032//1032 1039//1039
f 1039//1039 1032//1032 1033//1033 1041//1041
f 1041//1041 1033//1033 1034//1034 2516//2516
f 1038//1038 1037//1037 1036//1036 1039//1039
f 1044//1044 1043//1043 1037//1037 1038//1038
f 1045//1045 1044//1044 1038//1038 1040//1040
f 1040//1040 1038//1038 1039//1039 1041//1041
f 1046//1046 1045//1045 1040//1040 1042//1042
f 1042//1042 1040//1040 1041//1041 2516//2516
f 2524//2524 1046//1046 1042//1042 2517//2517
f 1047//1047 1026//1026 1043//1043 1281//1281
f 1043//1043 1044//1044 1282//1282 1281//1281
f 1044//1044 1045//1045 3303//3303 1282//1282
f 1045//1045 1046//1046 3302//3302 3303//3303
f 1046//1046 2524//2524 3300//3300 3302//3302
f 1258//1258 1239//1239 1047//1047 1264//1264
f 1048//1048 857//857 1049//1049 1050//1050
f 1056//1056 1051//1051 1048//1048 1057//1057
f 1061//1061 1057//1057 1048//1048 1050//1050
f 1052//1052 1050//1050 1049//1049 1054//1054
f 1050//1050 1052//1052 1059//1059 1061//1061
f 1080//1080 1076//1076 1051//1051 1056//1056
f 1058//1058 1059//1059 1052//1052 1053//1053
f 1053//1053 1052//1052 1054//1054 886//886
f 1060//1060 1058//1058 1053//1053 1055//1055
f 1084//1084 1080//1080 1056//1056 1064//1064
f 1062//1062 1067//1067 1057//1057 1061//1061
f 1064//1064 1056//1056 1057//1057 1067//1067
f 1063//1063 1059//1059 1058//1058 1065//1065
f 1062//1062 1061//1061 1059//1059 1063//1063
f 1065//1065 1058//1058 1060//1060 1071//1071
f 1060//1060 1055//1055 1097//1097 1102//1102
f 1101//1101 1071//1071 1060//1060 1102//1102
f 1070//1070 1072//1072 1062//1062 1063//1063
f 1088//1088 1084//1084 1064//1064 1066//1066
f 1065//1065 1069//1069 1070//1070 1063//1063
f 1066//1066 1064//1064 1067//1067 1068//1068
f 1066//1066 1074//1074 1092//1092 1088//1088
f 1072//1072 1068//1068 1067//1067 1062//1062
f 1068//1068 1072//1072 1073//1073 1075//1075
f 1068//1068 1075//1075 1074//1074 1066//1066
f 1069//1069 1065//1065 1071//1071 1295//1295
f 1073//1073 1072//1072 1070//1070 1294//1294
f 1293//1293 1294//1294 1070//1070 1069//1069
f 1296//1296 1267//1267 1073//1073 1294//1294
f 3202//3202 1092//1092 1074//1074 1289//1289
f 1259//1259 1288//1288 1075//1075 1262//1262
f 1262//1262 1075//1075 1073//1073 1260//1260
f 1289//1289 1074//1074 1075//1075 1288//1288
f 1081//1081 1077//1077 1076//1076 1080//1080
f 1082//1082 1078//1078 1077//1077 1081//1081
f 1083//1083 1079//1079 1078//1078 1082//1082
f 2382//2382 871//871 1079//1079 2550//2550
f 1079//1079 1083//1083 2553//2553 2550//2550
f 1085//1085 1081//1081 1080//1080 1084//1084
f 1086//1086 1082//1082 1081//1081 1085//1085
f 1087//1087 1083//1083 1082//1082 1086//1086
f 1089//1089 1085//1085 1084//1084 1088//1088
f 1090//1090 1086//1086 1085//1085 1089//1089
f 1091//1091 1087//1087 1086//1086 1090//1090
f 2553//2553 1083//1083 1087//1087 2554//2554
f 1088//1088 1092//1092 1093//1093 1089//1089
f 1089//1089 1093//1093 1094//1094 1090//1090
f 1090//1090 1094//1094 1095//1095 1091//1091
f 2554//2554 1087//1087 1091//1091 2560//2560
f 1291//1291 1093//1093 1092//1092 3202//3202
f 3207//3207 1094//1094 1093//1093 1291//1291
f 3206//3206 1095//1095 1094//1094 3207//3207
f 1095//1095 3205//3205 2560//2560 1091//1091
f 1097//1097 1096//1096 1099//1099 1102//1102
f 1098//1098 1100//1100 1099//1099 1096//1096
f 1108//1108 1100//1100 1098//1098 1110//1110
f 1103//1103 1099//1099 1100//1100 1314//1314
f 1104//1104 1105//1105 1101//1101 1103//1103
f 1295//1295 1071//1071 1101//1101 1105//1105
f 1103//1103 1101//1101 1102//1102 1099//1099
f 1103//1103 1314//1314 1313//1313 1104//1104
f 1315//1315 1105//1105 1104//1104 1316//1316
f 1317//1317 1316//1316 1104//1104 1313//1313
f 1115//1115 1116//1116 1106//1106 1114//1114
f 1110//1110 899//899 1107//1107 3328//3328
f 1107//1107 1106//1106 1116//1116 3328//3328
f 1314//1314 1100//1100 1108//1108 1112//1112
f 1109//1109 1108//1108 1110//1110 3328//3328
f 1109//1109 1111//1111 1112//1112 1108//1108
f 1113//1113 1111//1111 1109//1109 1118//1118
f 1109//1109 3328//3328 1116//1116 1118//1118
f 1325//1325 1326//1326 1111//1111 1113//1113
f 1112//1112 1111//1111 1326//1326 1312//1312
f 1117//1117 1120//1120 1113//1113 1118//1118
f 1114//1114 3318//3318 3317//3317 3336//3336
f 1119//1119 1117//1117 1115//1115 3327//3327
f 1115//1115 1114//1114 3336//3336 3327//3327
f 1117//1117 1118//1118 1116//1116 1115//1115
f 1119//1119 1121//1121 1120//1120 1117//1117
f 1122//1122 1121//1121 1119//1119 1123//1123
f 1119//1119 3327//3327 3326//3326 1123//1123
f 1120//1120 1333//1333 1325//1325 1113//1113
f 1121//1121 1334//1334 1333//1333 1120//1120
f 1335//1335 1334//1334 1121//1121 1122//1122
f 1336//1336 1335//1335 1122//1122 1124//1124
f 1124//1124 1122//1122 1123//1123 2607//2607
f 1123//1123 3326//3326 2603//2603 2607//2607
f 2606//2606 2611//2611 1124//1124 2607//2607
f 1126//1126 1130//1130 1131//1131 1128//1128
f 1126//1126 1127//1127 1147//1147 1130//1130
f 1148//1148 1147//1147 1127//1127 1144//1144
f 1128//1128 1131//1131 1132//1132 1129//1129
f 1129//1129 1132//1132 1133//1133 55//55
f 1130//1130 1135//1135 1136//1136 1131//1131
f 1350//1350 1132//1132 1131//1131 1136//1136
f 1132//1132 1350//1350 1349//1349 1133//1133
f 1348//1348 1134//1134 1133//1133 1349//1349
f 1135//1135 1130//1130 1147//1147 1150//1150
f 1135//1135 1351//1351 1352//1352 1136//1136
f 1354//1354 1350//1350 1136//1136 1352//1352
f 1137//1137 1134//1134 1348//1348 1369//1369
f 1139//1139 1140//1140 1138//1138 1373//1373
f 1138//1138 1370//1370 1371//1371 1372//1372
f 1156//1156 1145//1145 1141//1141 948//948
f 1142//1142 1148//1148 1144//1144 1143//1143
f 1145//1145 1146//1146 1142//1142 1141//1141
f 1149//1149 1148//1148 1142//1142 1146//1146
f 1151//1151 1149//1149 1146//1146 3355//3355
f 1165//1165 3355//3355 1146//1146 1145//1145
f 1149//1149 1150//1150 1147//1147 1148//1148
f 1151//1151 1152//1152 1150//1150 1149//1149
f 1351//1351 1135//1135 1150//1150 1152//1152
f 1388//1388 1384//1384 1151//1151 3355//3355
f 1356//1356 1351//1351 1152//1152 1385//1385
f 1384//1384 1385//1385 1152//1152 1151//1151
f 948//948 1153//1153 1157//1157 1156//1156
f 1153//1153 1167//1167 1166//1166 1157//1157
f 1175//1175 1158//1158 1154//1154 1173//1173
f 1158//1158 1159//1159 1155//1155 1154//1154
f 1155//1155 1159//1159 1162//1162 1153//1153
f 1156//1156 1164//1164 1165//1165 1145//1145
f 1157//1157 1166//1166 1164//1164 1156//1156
f 1163//1163 1160//1160 1159//1159 1158//1158
f 1160//1160 1161//1161 1162//1162 1159//1159
f 1183//1183 1161//1161 1160//1160 1200//1200
f 1186//1186 1187//1187 1161//1161 1183//1183
f 1161//1161 1187//1187 1190//1190 1162//1162
f 1167//1167 1153//1153 1162//1162 1190//1190
f 1163//1163 1158//1158 1175//1175 1177//1177
f 1200//1200 1160//1160 1163//1163 1201//1201
f 1164//1164 1168//1168 1169//1169 1165//1165
f 1388//1388 3355//3355 1165//1165 1169//1169
f 1166//1166 1170//1170 1168//1168 1164//1164
f 1170//1170 1166//1166 1167//1167 1172//1172
f 1171//1171 1172//1172 1167//1167 1190//1190
f 1407//1407 1408//1408 1168//1168 1170//1170
f 1169//1169 1168//1168 1408//1408 3348//3348
f 1409//1409 1407//1407 1170//1170 1172//1172
f 1422//1422 1410//1410 1171//1171 1189//1189
f 1410//1410 1409//1409 1172//1172 1171//1171
f 1175//1175 1173//1173 1174//1174 1176//1176
f 1177//1177 1175//1175 1176//1176 2658//2658
f 1176//1176 1174//1174 2651//2651 2652//2652
f 1201//1201 1163//1163 1177//1177 1203//1203
f 1177//1177 2658//2658 3267//3267 1203//1203
f 1179//1179 1180//1180 1178//1178 1182//1182
f 1178//1178 1185//1185 1184//1184 1181//1181
f 1179//1179 1182//1182 1206//1206 1207//1207
f 1180//1180 1188//1188 1185//1185 1178//1178
f 1180//1180 1179//1179 1212//1212 1420//1420
f 1182//1182 1178//1178 1181//1181 1193//1193
f 1181//1181 1184//1184 1202//1202 1192//1192
f 1185//1185 1186//1186 1183//1183 1184//1184
f 1184//1184 1183//1183 1200//1200 1202//1202
f 1186//1186 1185//1185 1188//1188 1191//1191
f 1191//1191 1189//1189 1187//1187 1186//1186
f 1420//1420 1421//1421 1188//1188 1180//1180
f 1189//1189 1171//1171 1190//1190 1187//1187
f 1423//1423 1422//1422 1189//1189 1191//1191
f 1421//1421 1423//1423 1191//1191 1188//1188
f 1193//1193 1181//1181 1192//1192 1195//1195
f 1192//1192 1202//1202 1204//1204 1194//1194
f 1206//1206 1182//1182 1193//1193 1208//1208
f 1195//1195 1192//1192 1194//1194 1197//1197
f 1194//1194 1204//1204 1205//1205 1196//1196
f 1208//1208 1193//1193 1195//1195 1217//1217
f 1197//1197 1194//1194 1196//1196 1199//1199
f 1217//1217 1195//1195 1197//1197 1218//1218
f 1199//1199 1196//1196 1198//1198 1221//1221
f 1205//1205 3227//3227 1198//1198 1196//1196
f 1198//1198 3226//3226 3396//3396 1221//1221
f 1218//1218 1197//1197 1199//1199 1219//1219
f 1202//1202 1200//1200 1201//1201 1204//1204
f 1204//1204 1201//1201 1203//1203 1205//1205
f 1203//1203 3267//3267 3227//3227 1205//1205
f 1207//1207 1211//1211 1212//1212 1179//1179
f 1210//1210 978//978 1209//1209 1214//1214
f 1225//1225 1214//1214 1209//1209 1222//1222
f 1210//1210 1213//1213 1211//1211 1207//1207
f 1438//1438 1435//1435 1212//1212 1211//1211
f 1213//1213 1210//1210 1214//1214 1231//1231
f 1215//1215 1216//1216 1213//1213 1231//1231
f 1213//1213 1216//1216 1438//1438 1211//1211
f 1216//1216 1436//1436 1437//1437 1438//1438
f 1439//1439 1436//1436 1216//1216 1215//1215
f 1219//1219 1199//1199 1221//1221 1220//1220
f 2686//2686 996//996 1220//1220 2687//2687
f 1221//1221 3396//3396 2687//2687 1220//1220
f 1222//1222 1224//1224 1228//1228 1225//1225
f 1223//1223 1227//1227 1228//1228 1224//1224
f 1231//1231 1214//1214 1225//1225 3361//3361
f 1227//1227 1223//1223 1226//1226 3360//3360
f 1226//1226 1243//1243 1250//1250 3360//3360
f 1229//1229 1230//1230 1227//1227 3360//3360
f 1234//1234 1228//1228 1227//1227 1230//1230
f 3361//3361 1225//1225 1228//1228 1234//1234
f 1229//1229 1236//1236 1235//1235 1230//1230
f 1229//1229 3360//3360 1250//1250 1254//1254
f 1452//1452 1236//1236 1229//1229 1254//1254
f 1230//1230 1235//1235 1233//1233 1234//1234
f 1232//1232 1215//1215 1231//1231 3361//3361
f 1234//1234 1233//1233 1232//1232 3361//3361
f 1232//1232 1448//1448 1439//1439 1215//1215
f 1233//1233 1449//1449 1448//1448 1232//1232
f 1235//1235 1450//1450 1449//1449 1233//1233
f 1451//1451 1450//1450 1235//1235 1236//1236
f 1243//1243 1226//1226 1237//1237 1241//1241
f 1241//1241 1027//1027 1238//1238 1245//1245
f 1238//1238 1242//1242 1246//1246 1245//1245
f 1257//1257 1240//1240 1239//1239 1258//1258
f 1244//1244 1243//1243 1241//1241 1245//1245
f 1242//1242 1240//1240 1257//1257 1271//1271
f 1244//1244 1245//1245 1246//1246 1248//1248
f 1244//1244 1249//1249 1250//1250 1243//1243
f 1247//1247 1248//1248 1246//1246 1272//1272
f 1271//1271 1272//1272 1246//1246 1242//1242
f 1247//1247 1251//1251 1252//1252 1248//1248
f 1280//1280 1251//1251 1247//1247 1277//1277
f 1249//1249 1244//1244 1248//1248 1252//1252
f 1253//1253 1254//1254 1250//1250 1249//1249
f 1253//1253 1249//1249 1252//1252 1256//1256
f 1255//1255 1256//1256 1252//1252 1251//1251
f 1253//1253 1498//1498 1452//1452 1254//1254
f 1499//1499 1498//1498 1253//1253 1256//1256
f 1255//1255 1251//1251 1280//1280 1516//1516
f 1255//1255 1500//1500 1499//1499 1256//1256
f 1515//1515 1500//1500 1255//1255 1516//1516
f 1263//1263 1257//1257 1258//1258 1265//1265
f 1260//1260 1261//1261 1259//1259 1262//1262
f 1259//1259 1265//1265 1266//1266 1288//1288
f 1260//1260 1073//1073 1267//1267 1270//1270
f 1265//1265 1259//1259 1261//1261 1263//1263
f 1270//1270 1274//1274 1261//1261 1260//1260
f 1261//1261 1274//1274 1276//1276 1263//1263
f 1271//1271 1257//1257 1263//1263 1276//1276
f 1265//1265 1258//1258 1264//1264 1266//1266
f 1264//1264 1047//1047 1281//1281 1283//1283
f 1266//1266 1264//1264 1283//1283 1285//1285
f 1267//1267 1268//1268 1269//1269 1270//1270
f 1279//1279 1269//1269 1268//1268 1305//1305
f 1268//1268 1267//1267 1296//1296 1301//1301
f 1269//1269 1275//1275 1274//1274 1270//1270
f 1269//1269 1279//1279 1278//1278 1275//1275
f 1273//1273 1272//1272 1271//1271 1276//1276
f 1277//1277 1247//1247 1272//1272 1273//1273
f 1274//1274 1275//1275 1273//1273 1276//1276
f 1275//1275 1278//1278 1277//1277 1273//1273
f 1280//1280 1277//1277 1278//1278 1513//1513
f 1513//1513 1278//1278 1279//1279 1510//1510
f 1280//1280 1513//1513 1512//1512 1516//1516
f 1283//1283 1281//1281 1282//1282 1284//1284
f 1282//1282 3303//3303 1286//1286 1284//1284
f 1285//1285 1283//1283 1284//1284 1287//1287
f 1288//1288 1266//1266 1285//1285 1289//1289
f 1287//1287 1284//1284 1286//1286 1290//1290
f 1286//1286 3286//3286 1292//1292 1290//1290
f 1289//1289 1285//1285 1287//1287 3202//3202
f 1287//1287 1290//1290 1291//1291 3202//3202
f 1291//1291 1290//1290 1292//1292 3207//3207
f 1292//1292 3283//3283 3206//3206 3207//3207
f 1293//1293 1069//1069 1295//1295 1299//1299
f 1293//1293 1297//1297 1296//1296 1294//1294
f 1298//1298 1297//1297 1293//1293 1299//1299
f 1315//1315 1299//1299 1295//1295 1105//1105
f 1301//1301 1296//1296 1297//1297 1303//1303
f 1298//1298 1302//1302 1303//1303 1297//1297
f 1319//1319 1302//1302 1298//1298 1300//1300
f 1300//1300 1298//1298 1299//1299 1315//1315
f 1300//1300 1315//1315 1316//1316 1318//1318
f 1301//1301 1304//1304 1305//1305 1268//1268
f 1304//1304 1301//1301 1303//1303 1307//1307
f 1306//1306 1307//1307 1303//1303 1302//1302
f 1311//1311 1308//1308 1304//1304 1307//1307
f 1308//1308 1309//1309 1305//1305 1304//1304
f 1510//1510 1279//1279 1305//1305 1309//1309
f 1306//1306 1302//1302 1319//1319 1323//1323
f 1528//1528 1310//1310 1306//1306 1323//1323
f 1310//1310 1311//1311 1307//1307 1306//1306
f 1526//1526 1525//1525 1308//1308 1311//1311
f 1309//1309 1514//1514 1511//1511 1510//1510
f 1525//1525 1514//1514 1309//1309 1308//1308
f 1527//1527 1526//1526 1311//1311 1310//1310
f 1312//1312 1313//1313 1314//1314 1112//1112
f 1317//1317 1313//1313 1312//1312 1327//1327
f 1318//1318 1316//1316 1317//1317 1322//1322
f 1329//1329 1322//1322 1317//1317 1327//1327
f 1319//1319 1300//1300 1318//1318 1321//1321
f 1320//1320 1321//1321 1318//1318 1322//1322
f 1324//1324 1321//1321 1320//1320 1543//1543
f 1320//1320 1331//1331 1542//1542 1543//1543
f 1323//1323 1319//1319 1321//1321 1324//1324
f 1322//1322 1329//1329 1331//1331 1320//1320
f 1528//1528 1323//1323 1324//1324 1545//1545
f 1325//1325 1337//1337 1328//1328 1326//1326
f 1326//1326 1328//1328 1327//1327 1312//1312
f 1327//1327 1328//1328 1330//1330 1329//1329
f 1330//1330 1332//1332 1331//1331 1329//1329
f 1337//1337 1341//1341 1330//1330 1328//1328
f 3415//3415 1332//1332 1330//1330 1341//1341
f 3426//3426 1542//1542 1331//1331 1332//1332
f 1563//1563 3426//3426 1332//1332 3415//3415
f 1333//1333 1338//1338 1337//1337 1325//1325
f 1334//1334 1339//1339 1338//1338 1333//1333
f 1335//1335 1340//1340 1339//1339 1334//1334
f 1336//1336 2784//2784 1340//1340 1335//1335
f 2611//2611 2780//2780 1336//1336 1124//1124
f 1338//1338 1342//1342 1341//1341 1337//1337
f 1339//1339 1343//1343 1342//1342 1338//1338
f 1340//1340 1344//1344 1343//1343 1339//1339
f 1346//1346 3415//3415 1341//1341 1342//1342
f 1345//1345 1346//1346 1342//1342 1343//1343
f 1347//1347 1345//1345 1343//1343 1344//1344
f 2784//2784 2788//2788 1344//1344 1340//1340
f 1562//1562 1560//1560 1345//1345 1347//1347
f 1560//1560 1561//1561 1346//1346 1345//1345
f 2788//2788 2791//2791 1347//1347 1344//1344
f 1374//1374 1369//1369 1348//1348 1355//1355
f 1354//1354 1353//1353 1349//1349 1350//1350
f 1355//1355 1348//1348 1349//1349 1353//1353
f 1352//1352 1351//1351 1356//1356 1357//1357
f 1360//1360 1355//1355 1353//1353 1359//1359
f 1357//1357 1358//1358 1354//1354 1352//1352
f 1359//1359 1353//1353 1354//1354 1358//1358
f 1378//1378 1374//1374 1355//1355 1360//1360
f 1356//1356 1361//1361 1362//1362 1357//1357
f 1357//1357 1362//1362 1363//1363 1358//1358
f 1359//1359 1358//1358 1363//1363 1364//1364
f 1360//1360 1359//1359 1364//1364 1367//1367
f 1361//1361 1396//1396 1365//1365 1362//1362
f 1361//1361 1356//1356 1385//1385 1389//1389
f 1391//1391 1396//1396 1361//1361 1389//1389
f 1363//1363 1362//1362 1365//1365 1366//1366
f 1364//1364 1363//1363 1366//1366 1368//1368
f 1365//1365 1396//1396 1395//1395 1404//1404
f 1366//1366 1365//1365 1404//1404 3270//3270
f 1367//1367 1364//1364 1368//1368 1383//1383
f 1378//1378 1360//1360 1367//1367 1382//1382
f 1368//1368 1366//1366 3270//3270 3400//3400
f 1370//1370 1137//1137 1369//1369 1371//1371
f 1371//1371 1369//1369 1374//1374 1375//1375
f 1373//1373 1138//1138 1372//1372 1377//1377
f 1372//1372 1371//1371 1375//1375 1376//1376
f 1375//1375 1374//1374 1378//1378 1379//1379
f 1377//1377 1372//1372 1376//1376 1381//1381
f 1376//1376 1375//1375 1379//1379 1380//1380
f 2625//2625 1373//1373 1377//1377 2804//2804
f 1378//1378 1382//1382 3404//3404 1379//1379
f 1379//1379 3404//3404 3403//3403 1380//1380
f 1381//1381 1376//1376 1380//1380 2809//2809
f 1380//1380 3403//3403 3402//3402 2809//2809
f 2804//2804 1377//1377 1381//1381 2807//2807
f 1382//1382 1367//1367 1383//1383 1583//1583
f 1382//1382 1583//1583 1585//1585 3404//3404
f 1383//1383 1368//1368 3400//3400 3399//3399
f 1384//1384 1387//1387 1389//1389 1385//1385
f 1388//1388 1386//1386 1387//1387 1384//1384
f 1387//1387 1390//1390 1391//1391 1389//1389
f 1392//1392 1390//1390 1387//1387 1386//1386
f 1388//1388 1169//1169 3348//3348 1386//1386
f 1394//1394 1397//1397 1390//1390 1392//1392
f 1395//1395 1396//1396 1391//1391 1398//1398
f 1397//1397 1398//1398 1391//1391 1390//1390
f 1393//1393 1394//1394 1392//1392 3354//3354
f 1392//1392 1386//1386 3348//3348 3354//3354
f 1393//1393 3354//3354 3347//3347 3343//3343
f 1400//1400 1397//1397 1394//1394 1403//1403
f 1402//1402 1403//1403 1394//1394 1393//1393
f 1399//1399 1401//1401 1395//1395 1398//1398
f 1399//1399 1398//1398 1397//1397 1400//1400
f 1401//1401 1399//1399 1400//1400 1590//1590
f 1591//1591 1590//1590 1400//1400 1403//1403
f 1401//1401 1406//1406 1404//1404 1395//1395
f 1405//1405 1406//1406 1401//1401 1590//1590
f 1591//1591 1403//1403 1402//1402 1593//1593
f 1402//1402 1393//1393 3343//3343 1621//1621
f 1596//1596 3270//3270 1404//1404 1406//1406
f 1591//1591 1592//1592 1405//1405 1590//1590
f 1596//1596 1406//1406 1405//1405 1597//1597
f 1600//1600 1597//1597 1405//1405 1592//1592
f 1411//1411 1412//1412 1407//1407 1409//1409
f 1412//1412 3347//3347 1408//1408 1407//1407
f 3354//3354 3348//3348 1408//1408 3347//3347
f 1413//1413 1411//1411 1409//1409 1410//1410
f 1427//1427 1413//1413 1410//1410 1422//1422
f 1416//1416 1414//1414 1411//1411 1413//1413
f 1414//1414 1415//1415 1412//1412 1411//1411
f 3343//3343 3347//3347 1412//1412 1415//1415
f 1431//1431 1416//1416 1413//1413 1427//1427
f 1419//1419 1417//1417 1414//1414 1416//1416
f 1417//1417 1418//1418 1415//1415 1414//1414
f 1621//1621 3343//3343 1415//1415 1418//1418
f 1434//1434 1419//1419 1416//1416 1431//1431
f 1620//1620 1621//1621 1418//1418 1622//1622
f 1623//1623 1622//1622 1418//1418 1417//1417
f 1419//1419 1624//1624 1623//1623 1417//1417
f 1420//1420 1212//1212 1435//1435 1426//1426
f 1421//1421 1424//1424 1425//1425 1423//1423
f 1426//1426 1424//1424 1421//1421 1420//1420
f 1425//1425 1427//1427 1422//1422 1423//1423
f 1424//1424 1428//1428 1429//1429 1425//1425
f 1430//1430 1428//1428 1424//1424 1426//1426
f 1426//1426 1435//1435 1440//1440 1430//1430
f 1429//1429 1431//1431 1427//1427 1425//1425
f 1428//1428 1432//1432 1433//1433 1429//1429
f 1430//1430 1443//1443 1432//1432 1428//1428
f 1430//1430 1440//1440 1445//1445 1443//1443
f 1433//1433 1434//1434 1431//1431 1429//1429
f 1433//1433 1658//1658 1657//1657 1434//1434
f 1659//1659 1658//1658 1433//1433 1432//1432
f 1624//1624 1419//1419 1434//1434 1657//1657
f 1437//1437 1440//1440 1435//1435 1438//1438
f 1441//1441 1442//1442 1437//1437 1436//1436
f 1445//1445 1440//1440 1437//1437 1442//1442
f 1441//1441 1436//1436 1439//1439 1464//1464
f 1441//1441 1446//1446 1444//1444 1442//1442
f 1443//1443 1445//1445 1447//1447 3346//3346
f 1659//1659 1432//1432 1443//1443 3346//3346
f 1445//1445 1442//1442 1444//1444 1447//1447
f 1464//1464 1463//1463 1446//1446 1441//1441
f 1446//1446 1474//1474 1674//1674 1444//1444
f 1674//1674 1675//1675 1447//1447 1444//1444
f 1447//1447 1675//1675 1676//1676 3346//3346
f 1453//1453 1454//1454 1448//1448 1449//1449
f 1464//1464 1439//1439 1448//1448 1454//1454
f 1450//1450 1455//1455 1453//1453 1449//1449
f 1451//1451 1236//1236 1452//1452 1462//1462
f 1451//1451 1456//1456 1455//1455 1450//1450
f 1501//1501 1462//1462 1452//1452 1498//1498
f 1458//1458 1457//1457 1453//1453 1455//1455
f 1457//1457 1466//1466 1454//1454 1453//1453
f 1463//1463 1464//1464 1454//1454 1466//1466
f 1458//1458 1455//1455 1456//1456 1469//1469
f 1456//1456 1451//1451 1462//1462 1505//1505
f 1458//1458 1468//1468 1461//1461 1457//1457
f 1459//1459 1460//1460 1461//1461 1468//1468
f 1459//1459 1468//1468 1470//1470 1476//1476
f 1477//1477 1478//1478 1460//1460 1459//1459
f 1485//1485 1467//1467 1460//1460 1478//1478
f 1461//1461 1465//1465 1466//1466 1457//1457
f 1467//1467 1465//1465 1461//1461 1460//1460
f 1465//1465 1472//1472 1463//1463 1466//1466
f 1474//1474 1446//1446 1463//1463 1472//1472
f 1473//1473 1472//1472 1465//1465 1467//1467
f 1493//1493 1473//1473 1467//1467 1485//1485
f 1468//1468 1458//1458 1469//1469 1470//1470
f 1471//1471 1470//1470 1469//1469 1506//1506
f 1505//1505 1506//1506 1469//1469 1456//1456
f 1475//1475 1476//1476 1470//1470 1471//1471
f 1710//1710 1475//1475 1471//1471 1713//1713
f 1714//1714 1713//1713 1471//1471 1506//1506
f 1474//1474 1472//1472 1473//1473 1708//1708
f 1707//1707 1708//1708 1473//1473 1493//1493
f 1679//1679 1674//1674 1474//1474 1708//1708
f 1721//1721 1496//1496 1475//1475 1710//1710
f 1477//1477 1459//1459 1476//1476 1489//1489
f 1496//1496 1489//1489 1476//1476 1475//1475
f 1479//1479 1480//1480 1478//1478 1477//1477
f 1486//1486 1485//1485 1478//1478 1480//1480
f 1479//1479 1477//1477 1489//1489 1490//1490
f 1481//1481 1482//1482 1480//1480 1479//1479
f 1481//1481 1479//1479 1490//1490 1491//1491
f 1483//1483 1484//1484 1482//1482 1481//1481
f 1482//1482 1487//1487 1486//1486 1480//1480
f 1483//1483 1481//1481 1491//1491 2903//2903
f 1484//1484 1488//1488 1487//1487 1482//1482
f 2891//2891 2892//2892 1484//1484 1483//1483
f 1486//1486 1492//1492 1493//1493 1485//1485
f 1487//1487 1494//1494 1492//1492 1486//1486
f 1488//1488 1495//1495 1494//1494 1487//1487
f 1488//1488 2899//2899 1709//1709 1495//1495
f 2892//2892 2899//2899 1488//1488 1484//1484
f 1489//1489 1496//1496 1497//1497 1490//1490
f 1491//1491 1490//1490 1497//1497 1724//1724
f 1492//1492 1689//1689 1707//1707 1493//1493
f 1494//1494 1691//1691 1689//1689 1492//1492
f 1495//1495 1693//1693 1691//1691 1494//1494
f 1722//1722 1497//1497 1496//1496 1721//1721
f 1723//1723 1724//1724 1497//1497 1722//1722
f 1501//1501 1498//1498 1499//1499 1502//1502
f 1502//1502 1499//1499 1500//1500 1507//1507
f 1503//1503 1504//1504 1501//1501 1502//1502
f 1501//1501 1504//1504 1505//1505 1462//1462
f 1503//1503 1502//1502 1507//1507 1508//1508
f 1506//1506 1505//1505 1504//1504 1714//1714
f 1711//1711 1714//1714 1504//1504 1503//1503
f 1507//1507 1500//1500 1515//1515 1509//1509
f 1508//1508 1507//1507 1509//1509 1735//1735
f 1711//1711 1503//1503 1508//1508 1716//1716
f 1510//1510 1511//1511 1512//1512 1513//1513
f 1518//1518 1517//1517 1512//1512 1511//1511
f 1518//1518 1511//1511 1514//1514 3359//3359
f 1519//1519 1509//1509 1515//1515 1517//1517
f 1517//1517 1515//1515 1516//1516 1512//1512
f 1520//1520 1519//1519 1517//1517 1518//1518
f 1521//1521 1522//1522 1519//1519 1520//1520
f 1735//1735 1509//1509 1519//1519 1522//1522
f 1520//1520 1518//1518 3359//3359 1523//1523
f 1523//1523 1524//1524 1521//1521 1520//1520
f 1521//1521 1524//1524 1738//1738 1739//1739
f 1522//1522 1737//1737 1736//1736 1735//1735
f 1739//1739 1737//1737 1522//1522 1521//1521
f 1523//1523 3359//3359 3365//3365 1539//1539
f 1539//1539 1540//1540 1524//1524 1523//1523
f 1761//1761 1738//1738 1524//1524 1540//1540
f 1525//1525 1526//1526 1529//1529 3365//3365
f 3359//3359 1514//1514 1525//1525 3365//3365
f 1530//1530 1529//1529 1526//1526 1527//1527
f 1527//1527 1310//1310 1528//1528 1531//1531
f 1546//1546 1531//1531 1528//1528 1545//1545
f 1539//1539 3365//3365 1529//1529 1532//1532
f 1530//1530 1527//1527 1531//1531 1533//1533
f 1532//1532 1529//1529 1530//1530 1538//1538
f 1535//1535 1538//1538 1530//1530 1533//1533
f 1536//1536 1537//1537 1532//1532 1538//1538
f 1540//1540 1539//1539 1532//1532 1537//1537
f 1534//1534 1535//1535 1533//1533 1550//1550
f 1533//1533 1531//1531 1546//1546 1550//1550
f 1534//1534 1550//1550 1553//1553 1559//1559
f 1535//1535 1534//1534 1559//1559 1541//1541
f 1758//1758 3196//3196 1537//1537 1536//1536
f 1761//1761 1540//1540 1537//1537 3196//3196
f 1541//1541 1536//1536 1538//1538 1535//1535
f 1758//1758 1536//1536 1541//1541 1558//1558
f 1548//1548 1547//1547 1542//1542 3426//3426
f 1543//1543 1544//1544 1545//1545 1324//1324
f 1547//1547 1544//1544 1543//1543 1542//1542
f 1549//1549 1546//1546 1545//1545 1544//1544
f 1547//1547 1551//1551 1549//1549 1544//1544
f 1551//1551 1547//1547 1548//1548 3413//3413
f 1548//1548 3426//3426 1563//1563 3412//3412
f 1550//1550 1546//1546 1549//1549 1553//1553
f 1549//1549 1551//1551 1552//1552 1553//1553
f 3413//3413 1554//1554 1552//1552 1551//1551
f 1556//1556 1559//1559 1553//1553 1552//1552
f 1554//1554 1555//1555 1556//1556 1552//1552
f 1572//1572 1571//1571 1554//1554 3413//3413
f 1555//1555 1557//1557 1558//1558 1556//1556
f 1571//1571 1575//1575 1555//1555 1554//1554
f 1575//1575 1579//1579 1557//1557 1555//1555
f 1760//1760 1759//1759 1557//1557 1579//1579
f 1558//1558 1541//1541 1559//1559 1556//1556
f 1759//1759 1758//1758 1558//1558 1557//1557
f 1561//1561 1560//1560 1565//1565 1564//1564
f 3415//3415 1346//1346 1561//1561 1563//1563
f 1565//1565 1560//1560 1562//1562 1566//1566
f 2791//2791 2981//2981 1562//1562 1347//1347
f 1563//1563 1561//1561 1564//1564 3412//3412
f 1572//1572 3412//3412 1564//1564 1567//1567
f 1567//1567 1564//1564 1565//1565 1568//1568
f 1566//1566 1569//1569 1568//1568 1565//1565
f 2981//2981 2985//2985 1566//1566 1562//1562
f 1567//1567 1570//1570 1571//1571 1572//1572
f 1568//1568 1573//1573 1570//1570 1567//1567
f 1569//1569 1574//1574 1573//1573 1568//1568
f 2985//2985 2989//2989 1569//1569 1566//1566
f 1570//1570 1576//1576 1575//1575 1571//1571
f 1573//1573 1577//1577 1576//1576 1570//1570
f 1574//1574 1578//1578 1577//1577 1573//1573
f 2989//2989 2993//2993 1574//1574 1569//1569
f 1576//1576 1580//1580 1579//1579 1575//1575
f 1577//1577 1581//1581 1580//1580 1576//1576
f 1578//1578 1582//1582 1581//1581 1577//1577
f 2993//2993 2997//2997 1578//1578 1574//1574
f 1765//1765 1760//1760 1579//1579 1580//1580
f 1766//1766 1765//1765 1580//1580 1581//1581
f 1767//1767 1766//1766 1581//1581 1582//1582
f 1768//1768 1767//1767 1582//1582 3001//3001
f 2997//2997 3001//3001 1582//1582 1578//1578
f 1584//1584 1585//1585 1583//1583 3398//3398
f 1583//1583 1383//1383 3399//3399 3398//3398
f 1607//1607 1586//1586 1584//1584 1610//1610
f 1584//1584 3398//3398 1609//1609 1610//1610
f 1586//1586 1587//1587 1585//1585 1584//1584
f 1608//1608 1588//1588 1586//1586 1607//1607
f 1588//1588 1589//1589 1587//1587 1586//1586
f 3404//3404 1585//1585 1587//1587 3403//3403
f 3026//3026 1589//1589 1588//1588 3027//3027
f 3403//3403 1587//1587 1589//1589 3402//3402
f 1593//1593 1594//1594 1592//1592 1591//1591
f 1621//1621 1620//1620 1593//1593 1402//1402
f 1625//1625 1594//1594 1593//1593 1620//1620
f 1600//1600 1592//1592 1594//1594 1604//1604
f 1595//1595 1596//1596 1597//1597 1599//1599
f 3399//3399 3400//3400 1595//1595 1598//1598
f 3400//3400 3270//3270 1596//1596 1595//1595
f 1601//1601 1599//1599 1597//1597 1600//1600
f 1598//1598 1595//1595 1599//1599 1602//1602
f 3398//3398 3399//3399 1598//1598 1609//1609
f 1603//1603 1601//1601 1600//1600 1604//1604
f 1602//1602 1599//1599 1601//1601 1606//1606
f 1605//1605 1606//1606 1601//1601 1603//1603
f 1609//1609 1598//1598 1602//1602 1611//1611
f 1629//1629 1630//1630 1603//1603 1604//1604
f 1631//1631 1605//1605 1603//1603 1630//1630
f 1625//1625 1629//1629 1604//1604 1594//1594
f 1641//1641 1618//1618 1605//1605 1631//1631
f 1611//1611 1602//1602 1606//1606 1615//1615
f 1618//1618 1615//1615 1606//1606 1605//1605
f 1612//1612 1613//1613 1607//1607 1610//1610
f 1613//1613 1614//1614 1608//1608 1607//1607
f 3027//3027 1588//1588 1608//1608 3033//3033
f 1610//1610 1609//1609 1611//1611 1612//1612
f 1612//1612 1611//1611 1615//1615 1619//1619
f 1612//1612 1619//1619 1616//1616 1613//1613
f 1616//1616 1617//1617 1614//1614 1613//1613
f 1614//1614 3035//3035 3033//3033 1608//1608
f 1616//1616 1645//1645 1647//1647 1617//1617
f 1617//1617 3041//3041 3035//3035 1614//1614
f 1617//1617 1647//1647 3063//3063 3041//3041
f 1619//1619 1615//1615 1618//1618 1643//1643
f 1642//1642 1643//1643 1618//1618 1641//1641
f 1619//1619 1643//1643 1645//1645 1616//1616
f 1625//1625 1620//1620 1622//1622 1627//1627
f 1623//1623 1626//1626 1627//1627 1622//1622
f 1624//1624 1628//1628 1626//1626 1623//1623
f 1632//1632 1629//1629 1625//1625 1627//1627
f 1626//1626 1633//1633 1632//1632 1627//1627
f 1628//1628 1634//1634 1633//1633 1626//1626
f 1657//1657 1661//1661 1628//1628 1624//1624
f 1663//1663 1634//1634 1628//1628 1661//1661
f 1635//1635 1630//1630 1629//1629 1632//1632
f 1636//1636 1631//1631 1630//1630 1635//1635
f 1648//1648 1641//1641 1631//1631 1636//1636
f 1633//1633 1637//1637 1635//1635 1632//1632
f 1634//1634 1639//1639 1637//1637 1633//1633
f 1665//1665 1639//1639 1634//1634 1663//1663
f 1638//1638 1636//1636 1635//1635 1637//1637
f 1652//1652 1648//1648 1636//1636 1638//1638
f 1640//1640 1638//1638 1637//1637 1639//1639
f 1652//1652 1638//1638 1640//1640 3308//3308
f 1640//1640 1639//1639 1665//1665 3248//3248
f 1649//1649 1642//1642 1641//1641 1648//1648
f 1644//1644 1645//1645 1643//1643 1642//1642
f 1644//1644 1646//1646 1647//1647 1645//1645
f 1649//1649 1650//1650 1644//1644 1642//1642
f 1650//1650 1651//1651 1646//1646 1644//1644
f 1646//1646 3062//3062 3063//3063 1647//1647
f 1653//1653 1649//1649 1648//1648 1652//1652
f 1654//1654 1650//1650 1649//1649 1653//1653
f 1654//1654 1655//1655 1651//1651 1650//1650
f 1651//1651 3067//3067 3062//3062 1646//1646
f 3071//3071 3067//3067 1651//1651 1655//1655
f 1653//1653 1652//1652 3308//3308 3309//3309
f 1656//1656 1655//1655 1654//1654 1667//1667
f 1654//1654 1653//1653 3309//3309 1667//1667
f 3074//3074 3071//3071 1655//1655 1656//1656
f 3090//3090 3074//3074 1656//1656 1668//1668
f 1662//1662 1661//1661 1657//1657 1658//1658
f 1658//1658 1659//1659 1660//1660 1662//1662
f 1676//1676 1660//1660 1659//1659 3346//3346
f 1660//1660 1676//1676 1683//1683 1688//1688
f 1664//1664 1663//1663 1661//1661 1662//1662
f 1688//1688 1664//1664 1662//1662 1660//1660
f 1666//1666 1665//1665 1663//1663 1664//1664
f 1685//1685 1666//1666 1664//1664 1688//1688
f 1686//1686 1687//1687 1666//1666 1685//1685
f 3248//3248 1665//1665 1666//1666 1687//1687
f 1668//1668 1656//1656 1667//1667 1669//1669
f 1667//1667 3309//3309 3249//3249 1669//1669
f 3092//3092 3090//3090 1668//1668 1670//1670
f 1670//1670 1668//1668 1669//1669 1671//1671
f 1669//1669 3249//3249 1672//1672 1671//1671
f 1705//1705 1706//1706 1670//1670 1671//1671
f 1671//1671 1672//1672 1673//1673 1705//1705
f 1702//1702 1705//1705 1673//1673 1701//1701
f 1704//1704 1703//1703 1673//1673 1672//1672
f 1674//1674 1679//1679 1678//1678 1675//1675
f 1676//1676 1675//1675 1678//1678 1683//1683
f 1677//1677 1678//1678 1679//1679 1681//1681
f 1682//1682 1683//1683 1678//1678 1677//1677
f 1680//1680 1677//1677 1681//1681 1690//1690
f 1680//1680 1684//1684 1682//1682 1677//1677
f 1689//1689 1690//1690 1681//1681 1707//1707
f 1681//1681 1679//1679 1708//1708 1707//1707
f 1682//1682 1685//1685 1688//1688 1683//1683
f 1684//1684 1686//1686 1685//1685 1682//1682
f 1697//1697 1700//1700 1684//1684 1680//1680
f 1700//1700 1703//1703 1686//1686 1684//1684
f 1703//1703 1704//1704 1687//1687 1686//1686
f 3247//3247 3248//3248 1687//1687 1704//1704
f 1691//1691 1692//1692 1690//1690 1689//1689
f 1697//1697 1680//1680 1690//1690 1692//1692
f 1693//1693 1694//1694 1692//1692 1691//1691
f 1693//1693 1695//1695 1696//1696 1694//1694
f 1709//1709 1695//1695 1693//1693 1495//1495
f 1694//1694 1698//1698 1697//1697 1692//1692
f 1699//1699 1698//1698 1694//1694 1696//1696
f 1695//1695 3105//3105 3106//3106 1696//1696
f 3113//3113 1699//1699 1696//1696 3106//3106
f 1701//1701 1700//1700 1697//1697 1698//1698
f 1702//1702 1701//1701 1698//1698 1699//1699
f 3117//3117 1702//1702 1699//1699 3113//3113
f 1701//1701 1673//1673 1703//1703 1700//1700
f 1706//1706 1705//1705 1702//1702 3117//3117
f 3249//3249 3247//3247 1704//1704 1672//1672
f 3092//3092 1670//1670 1706//1706 3120//3120
f 3105//3105 1695//1695 1709//1709 2904//2904
f 1712//1712 1715//1715 1710//1710 1713//1713
f 1710//1710 1715//1715 1727//1727 1721//1721
f 1711//1711 1712//1712 1713//1713 1714//1714
f 1716//1716 1717//1717 1712//1712 1711//1711
f 1718//1718 1715//1715 1712//1712 1717//1717
f 1730//1730 1727//1727 1715//1715 1718//1718
f 1719//1719 1717//1717 1716//1716 1736//1736
f 1735//1735 1736//1736 1716//1716 1508//1508
f 1720//1720 1718//1718 1717//1717 1719//1719
f 1734//1734 1730//1730 1718//1718 1720//1720
f 1737//1737 1740//1740 1719//1719 1736//1736
f 1740//1740 1741//1741 1720//1720 1719//1719
f 1722//1722 1721//1721 1727//1727 1732//1732
f 1728//1728 1723//1723 1722//1722 1732//1732
f 1729//1729 1725//1725 1723//1723 1728//1728
f 1725//1725 1726//1726 1724//1724 1723//1723
f 2903//2903 1491//1491 1724//1724 1726//1726
f 3137//3137 3134//3134 1725//1725 1729//1729
f 2907//2907 2903//2903 1726//1726 3135//3135
f 3134//3134 3135//3135 1726//1726 1725//1725
f 1733//1733 1729//1729 1728//1728 1731//1731
f 3142//3142 3137//3137 1729//1729 1733//1733
f 1732//1732 1727//1727 1730//1730 3234//3234
f 1731//1731 1728//1728 1732//1732 3234//3234
f 1731//1731 3234//3234 3235//3235 3233//3233
f 1733//1733 1731//1731 3233//3233 3232//3232
f 1741//1741 1746//1746 1734//1734 1720//1720
f 3234//3234 1730//1730 1734//1734 3235//3235
f 1738//1738 1744//1744 1742//1742 1739//1739
f 1762//1762 1744//1744 1738//1738 1761//1761
f 1739//1739 1742//1742 1740//1740 1737//1737
f 1742//1742 1743//1743 1741//1741 1740//1740
f 1744//1744 1745//1745 1743//1743 1742//1742
f 1743//1743 1747//1747 1746//1746 1741//1741
f 1763//1763 1745//1745 1744//1744 1762//1762
f 1745//1745 1754//1754 1747//1747 1743//1743
f 1773//1773 1754//1754 1745//1745 1763//1763
f 1748//1748 1749//1749 1746//1746 1747//1747
f 3235//3235 1734//1734 1746//1746 1749//1749
f 1755//1755 1748//1748 1747//1747 1754//1754
f 1756//1756 1750//1750 1748//1748 1755//1755
f 1750//1750 1751//1751 1749//1749 1748//1748
f 3233//3233 3235//3235 1749//1749 1751//1751
f 1757//1757 1752//1752 1750//1750 1756//1756
f 1752//1752 1753//1753 1751//1751 1750//1750
f 3232//3232 3233//3233 1751//1751 1753//1753
f 3166//3166 3165//3165 1752//1752 1757//1757
f 3157//3157 3232//3232 1753//1753 3161//3161
f 3165//3165 3161//3161 1753//1753 1752//1752
f 1774//1774 1755//1755 1754//1754 1773//1773
f 1775//1775 1756//1756 1755//1755 1774//1774
f 1776//1776 1757//1757 1756//1756 1775//1775
f 3184//3184 3166//3166 1757//1757 1776//1776
f 1764//1764 3196//3196 1758//1758 1759//1759
f 3214//3214 1764//1764 1759//1759 1760//1760
f 1770//1770 3214//3214 1760//1760 1765//1765
f 1764//1764 1762//1762 1761//1761 3196//3196
f 1763//1763 1762//1762 1764//1764 3214//3214
f 1766//1766 1769//1769 1770//1770 1765//1765
f 1767//1767 1771//1771 1769//1769 1766//1766
f 1768//1768 1772//1772 1771//1771 1767//1767
f 1775//1775 1774//1774 1769//1769 1771//1771
f 1774//1774 1773//1773 1770//1770 1769//1769
f 1772//1772 1776//1776 1775//1775 1771//1771
f 3176//3176 3180//3180 1772//1772 1768//1768
f 1773//1773 1763//1763 3214//3214 1770//1770
f 3180//3180 3184//3184 1776//1776 1772//1772
f 1777//1777 1784//1784 1785//1785 1779//1779
f 1778//1778 1777//1777 1779//1779 1780//1780
f 1779//1779 1785//1785 1786//1786 1781//1781
f 1780//1780 1779//1779 1781//1781 1782//1782
f 1800//1800 1778//1778 1780//1780 1801//1801
f 1781//1781 1786//1786 1787//1787 1783//1783
f 1782//1782 1781//1781 1783//1783 1792//1792
f 1801//1801 1780//1780 1782//1782 1802//1802
f 1784//1784 1788//1788 1789//1789 1785//1785
f 1785//1785 1789//1789 1790//1790 1786//1786
f 1786//1786 1790//1790 1791//1791 1787//1787
f 1787//1787 1796//1796 1793//1793 1783//1783
f 1898//1898 1796//1796 1787//1787 1791//1791
f 1788//1788 1873//1873 1875//1875 1789//1789
f 1789//1789 1875//1875 1877//1877 1790//1790
f 1877//1877 1889//1889 1791//1791 1790//1790
f 1791//1791 1889//1889 1888//1888 1898//1898
f 1792//1792 1783//1783 1793//1793 1794//1794
f 1802//1802 1782//1782 1792//1792 1806//1806
f 1794//1794 1793//1793 1795//1795 1799//1799
f 1806//1806 1792//1792 1794//1794 1805//1805
f 1795//1795 1793//1793 1796//1796 1797//1797
f 1899//1899 1797//1797 1796//1796 1898//1898
f 1797//1797 1900//1900 1798//1798 1795//1795
f 1797//1797 1899//1899 1902//1902 1900//1900
f 1799//1799 1795//1795 1798//1798 1808//1808
f 1904//1904 1903//1903 1798//1798 1900//1900
f 1805//1805 1794//1794 1799//1799 1803//1803
f 1799//1799 1808//1808 1809//1809 1803//1803
f 1800//1800 1801//1801 3321//3321 1810//1810
f 1801//1801 1802//1802 3320//3320 3321//3321
f 1802//1802 1806//1806 3319//3319 3320//3320
f 1807//1807 1804//1804 1803//1803 1809//1809
f 1805//1805 1803//1803 1804//1804 1825//1825
f 1806//1806 1805//1805 1825//1825 3319//3319
f 1824//1824 1804//1804 1807//1807 1833//1833
f 1911//1911 3367//3367 1807//1807 1809//1809
f 1807//1807 3367//3367 1921//1921 1833//1833
f 1808//1808 1798//1798 1903//1903 1910//1910
f 1911//1911 1809//1809 1808//1808 1910//1910
f 1810//1810 3321//3321 1812//1812 1811//1811
f 1813//1813 1811//1811 1812//1812 1816//1816
f 1812//1812 3331//3331 1817//1817 1816//1816
f 1815//1815 1814//1814 1813//1813 1816//1816
f 1821//1821 1820//1820 1814//1814 1815//1815
f 1815//1815 1816//1816 1817//1817 1818//1818
f 1822//1822 1821//1821 1815//1815 1818//1818
f 1818//1818 1817//1817 1819//1819 1823//1823
f 3331//3331 3330//3330 1819//1819 1817//1817
f 1838//1838 1837//1837 1820//1820 1821//1821
f 1839//1839 1838//1838 1821//1821 1822//1822
f 1822//1822 1818//1818 1823//1823 1830//1830
f 1823//1823 1819//1819 1826//1826 1828//1828
f 1825//1825 1804//1804 1824//1824 1827//1827
f 1826//1826 1827//1827 1824//1824 1829//1829
f 3330//3330 1827//1827 1826//1826 1819//1819
f 3319//3319 1825//1825 1827//1827 3330//3330
f 1828//1828 1826//1826 1829//1829 1832//1832
f 1830//1830 1823//1823 1828//1828 1831//1831
f 1829//1829 1824//1824 1833//1833 3329//3329
f 1834//1834 1832//1832 1829//1829 3329//3329
f 1839//1839 1822//1822 1830//1830 1846//1846
f 1831//1831 1828//1828 1832//1832 1836//1836
f 1846//1846 1830//1830 1831//1831 1847//1847
f 1831//1831 1836//1836 1848//1848 1847//1847
f 1835//1835 1836//1836 1832//1832 1834//1834
f 1833//1833 1921//1921 1920//1920 3329//3329
f 1920//1920 1922//1922 1834//1834 3329//3329
f 1848//1848 1836//1836 1835//1835 1849//1849
f 1835//1835 1834//1834 1922//1922 1936//1936
f 1840//1840 1837//1837 1838//1838 1842//1842
f 1843//1843 1842//1842 1838//1838 1839//1839
f 1844//1844 1843//1843 1839//1839 1846//1846
f 1928//1928 1845//1845 1840//1840 1842//1842
f 1841//1841 1840//1840 1845//1845 351//351
f 1929//1929 1928//1928 1842//1842 1843//1843
f 1930//1930 1929//1929 1843//1843 1844//1844
f 1844//1844 1846//1846 1847//1847 1934//1934
f 1933//1933 1930//1930 1844//1844 1934//1934
f 1941//1941 351//351 1845//1845 1943//1943
f 1942//1942 1943//1943 1845//1845 1928//1928
f 1932//1932 1931//1931 1848//1848 1849//1849
f 1934//1934 1847//1847 1848//1848 1931//1931
f 1849//1849 1835//1835 1936//1936 1937//1937
f 1938//1938 1932//1932 1849//1849 1937//1937
f 1852//1852 1850//1850 1851//1851 1854//1854
f 1851//1851 1850//1850 1980//1980 1981//1981
f 1854//1854 1851//1851 1853//1853 1856//1856
f 1853//1853 1851//1851 1981//1981 1983//1983
f 3228//3228 1856//1856 1853//1853 1982//1982
f 1855//1855 1852//1852 1854//1854 1857//1857
f 1858//1858 229//229 1855//1855 1859//1859
f 1857//1857 1854//1854 1856//1856 3277//3277
f 1856//1856 3228//3228 3276//3276 3277//3277
f 1859//1859 1855//1855 1857//1857 1860//1860
f 1857//1857 3277//3277 3324//3324 1860//1860
f 1861//1861 1859//1859 1860//1860 1864//1864
f 1860//1860 3324//3324 1862//1862 1864//1864
f 1863//1863 1865//1865 1861//1861 1864//1864
f 1863//1863 1864//1864 1862//1862 1869//1869
f 1862//1862 3298//3298 3246//3246 1869//1869
f 1868//1868 1867//1867 1863//1863 1869//1869
f 1867//1867 1866//1866 1865//1865 1863//1863
f 2025//2025 2024//2024 1866//1866 1867//1867
f 2026//2026 2025//2025 1867//1867 1868//1868
f 2027//2027 2026//2026 1868//1868 1870//1870
f 1870//1870 1868//1868 1869//1869 3246//3246
f 2036//2036 2027//2027 1870//1870 3245//3245
f 1871//1871 275//275 1872//1872 1873//1873
f 1872//1872 1881//1881 1883//1883 1874//1874
f 1873//1873 1872//1872 1874//1874 1875//1875
f 1874//1874 1883//1883 1885//1885 1876//1876
f 1875//1875 1874//1874 1876//1876 1877//1877
f 1876//1876 1885//1885 1886//1886 1878//1878
f 1877//1877 1876//1876 1878//1878 1889//1889
f 1879//1879 283//283 1880//1880 1881//1881
f 1880//1880 3408//3408 3411//3411 1882//1882
f 1881//1881 1880//1880 1882//1882 1883//1883
f 1882//1882 3411//3411 2074//2074 1884//1884
f 1883//1883 1882//1882 1884//1884 1885//1885
f 1886//1886 1885//1885 1884//1884 1892//1892
f 1886//1886 1893//1893 1887//1887 1878//1878
f 1887//1887 1888//1888 1889//1889 1878//1878
f 1887//1887 1893//1893 1895//1895 1890//1890
f 1890//1890 1891//1891 1888//1888 1887//1887
f 1897//1897 1901//1901 1891//1891 1890//1890
f 1898//1898 1888//1888 1891//1891 1899//1899
f 1891//1891 1901//1901 1902//1902 1899//1899
f 1893//1893 1886//1886 1892//1892 1894//1894
f 1892//1892 1884//1884 2074//2074 2075//2075
f 1895//1895 1893//1893 1894//1894 2077//2077
f 1894//1894 1892//1892 2075//2075 2076//2076
f 1895//1895 1896//1896 1897//1897 1890//1890
f 1896//1896 1895//1895 2077//2077 2083//2083
f 1896//1896 2079//2079 2078//2078 1897//1897
f 1906//1906 1901//1901 1897//1897 2078//2078
f 1901//1901 1906//1906 1905//1905 1902//1902
f 1902//1902 1905//1905 1904//1904 1900//1900
f 1908//1908 1907//1907 1904//1904 1905//1905
f 1904//1904 1907//1907 1909//1909 1903//1903
f 1906//1906 2096//2096 1908//1908 1905//1905
f 1907//1907 2097//2097 1919//1919 1909//1909
f 1908//1908 2098//2098 2097//2097 1907//1907
f 2099//2099 2098//2098 1908//1908 2096//2096
f 1910//1910 1903//1903 1909//1909 1912//1912
f 1911//1911 1910//1910 1912//1912 1913//1913
f 1911//1911 1913//1913 1914//1914 3367//3367
f 1912//1912 1909//1909 1919//1919 1915//1915
f 1913//1913 1912//1912 1915//1915 1916//1916
f 1914//1914 1913//1913 1916//1916 1917//1917
f 1914//1914 1917//1917 1918//1918 1923//1923
f 2118//2118 1916//1916 1915//1915 2120//2120
f 1915//1915 1919//1919 2119//2119 2120//2120
f 1917//1917 2123//2123 1927//1927 1918//1918
f 1917//1917 1916//1916 2118//2118 2123//2123
f 1924//1924 1923//1923 1918//1918 1926//1926
f 1920//1920 1921//1921 1923//1923 1924//1924
f 1922//1922 1920//1920 1924//1924 1925//1925
f 3367//3367 1914//1914 1923//1923 1921//1921
f 1925//1925 1924//1924 1926//1926 2144//2144
f 1936//1936 1922//1922 1925//1925 2143//2143
f 1926//1926 1918//1918 1927//1927 2146//2146
f 1944//1944 1942//1942 1928//1928 1929//1929
f 1945//1945 1944//1944 1929//1929 1930//1930
f 1930//1930 1933//1933 1965//1965 1945//1945
f 1932//1932 1939//1939 1935//1935 1931//1931
f 1933//1933 1935//1935 1963//1963 1965//1965
f 1935//1935 1933//1933 1934//1934 1931//1931
f 1940//1940 1938//1938 1937//1937 2154//2154
f 2143//2143 2154//2154 1937//1937 1936//1936
f 1939//1939 1932//1932 1938//1938 2152//2152
f 1939//1939 1964//1964 1963//1963 1935//1935
f 1940//1940 2151//2151 2152//2152 1938//1938
f 1940//1940 2154//2154 2153//2153 2156//2156
f 2155//2155 2151//2151 1940//1940 2156//2156
f 1946//1946 1947//1947 1942//1942 1944//1944
f 1947//1947 1951//1951 1943//1943 1942//1942
f 1948//1948 1946//1946 1944//1944 1945//1945
f 1954//1954 1953//1953 1946//1946 1948//1948
f 1953//1953 1952//1952 1947//1947 1946//1946
f 1965//1965 1966//1966 1948//1948 1945//1945
f 1969//1969 1954//1954 1948//1948 1966//1966
f 1949//1949 1952//1952 1957//1957 1955//1955
f 1950//1950 1949//1949 1955//1955 367//367
f 1952//1952 1949//1949 1951//1951 1947//1947
f 1957//1957 1952//1952 1953//1953 1960//1960
f 1960//1960 1953//1953 1954//1954 1962//1962
f 1956//1956 1955//1955 1957//1957 1958//1958
f 1984//1984 400//400 1956//1956 1985//1985
f 1986//1986 1985//1985 1956//1956 1958//1958
f 1959//1959 1958//1958 1957//1957 1960//1960
f 1988//1988 1986//1986 1958//1958 1959//1959
f 1989//1989 1988//1988 1959//1959 1961//1961
f 1961//1961 1959//1959 1960//1960 1962//1962
f 1994//1994 1989//1989 1961//1961 1970//1970
f 1962//1962 1954//1954 1969//1969 1971//1971
f 1970//1970 1961//1961 1962//1962 1971//1971
f 1968//1968 1967//1967 1963//1963 1964//1964
f 1964//1964 1939//1939 2152//2152 1976//1976
f 1967//1967 1966//1966 1965//1965 1963//1963
f 1966//1966 1967//1967 1978//1978 1969//1969
f 1968//1968 1964//1964 1976//1976 3376//3376
f 1968//1968 1977//1977 1978//1978 1967//1967
f 1979//1979 1977//1977 1968//1968 3376//3376
f 1970//1970 1971//1971 1972//1972 1974//1974
f 1978//1978 1972//1972 1971//1971 1969//1969
f 1995//1995 1974//1974 1973//1973 1996//1996
f 1999//1999 1996//1996 1973//1973 2165//2165
f 1973//1973 1975//1975 2162//2162 2165//2165
f 1975//1975 1973//1973 1974//1974 1972//1972
f 1994//1994 1970//1970 1974//1974 1995//1995
f 1978//1978 1977//1977 1975//1975 1972//1972
f 1975//1975 1977//1977 1979//1979 2162//2162
f 1976//1976 2152//2152 2151//2151 2157//2157
f 1976//1976 2157//2157 2167//2167 3376//3376
f 2167//2167 2163//2163 1979//1979 3376//3376
f 1980//1980 392//392 1984//1984 1985//1985
f 1981//1981 1980//1980 1985//1985 1986//1986
f 1982//1982 1853//1853 1983//1983 1987//1987
f 1982//1982 3401//3401 3274//3274 3228//3228
f 1982//1982 1987//1987 3424//3424 3401//3401
f 1983//1983 1981//1981 1986//1986 1988//1988
f 1987//1987 1983//1983 1988//1988 1989//1989
f 1987//1987 1989//1989 1994//1994 3424//3424
f 1991//1991 1992//1992 1990//1990 3390//3390
f 1990//1990 1992//1992 1993//1993 2006//2006
f 3424//3424 3390//3390 1990//1990 3401//3401
f 1995//1995 1996//1996 1991//1991 3390//3390
f 1991//1991 2000//2000 1997//1997 1992//1992
f 1991//1991 1996//1996 1999//1999 2000//2000
f 1992//1992 1997//1997 1998//1998 1993//1993
f 2005//2005 2006//2006 1993//1993 2011//2011
f 1994//1994 1995//1995 3390//3390 3424//3424
f 1997//1997 2001//2001 2003//2003 1998//1998
f 2011//2011 1993//1993 1998//1998 2015//2015
f 1999//1999 2004//2004 2002//2002 2000//2000
f 1999//1999 2165//2165 2178//2178 2004//2004
f 2001//2001 1997//1997 2000//2000 2002//2002
f 2174//2174 2173//2173 2001//2001 2002//2002
f 2002//2002 2004//2004 2175//2175 2174//2174
f 2015//2015 1998//1998 2003//2003 2016//2016
f 2021//2021 2016//2016 2003//2003 2022//2022
f 2003//2003 2001//2001 2173//2173 2022//2022
f 2005//2005 2011//2011 2012//2012 3210//3210
f 3274//3274 2006//2006 2005//2005 3275//3275
f 3401//3401 1990//1990 2006//2006 3274//3274
f 2007//2007 2008//2008 2009//2009 2010//2010
f 2007//2007 2010//2010 2014//2014 2020//2020
f 2044//2044 2037//2037 2007//2007 2020//2020
f 2037//2037 2038//2038 2008//2008 2007//2007
f 3297//3297 2009//2009 2008//2008 3244//3244
f 3322//3322 3210//3210 2009//2009 3297//3297
f 3210//3210 2012//2012 2010//2010 2009//2009
f 2013//2013 2012//2012 2011//2011 2015//2015
f 2012//2012 2013//2013 2014//2014 2010//2010
f 2018//2018 2014//2014 2013//2013 2017//2017
f 2019//2019 2020//2020 2014//2014 2018//2018
f 2017//2017 2013//2013 2015//2015 2016//2016
f 2023//2023 2017//2017 2016//2016 2021//2021
f 2018//2018 2017//2017 2023//2023 2187//2187
f 2018//2018 2187//2187 2192//2192 2019//2019
f 2020//2020 2019//2019 2193//2193 2044//2044
f 2022//2022 2173//2173 2177//2177 2185//2185
f 2184//2184 2021//2021 2022//2022 2185//2185
f 2184//2184 2186//2186 2023//2023 2021//2021
f 2025//2025 2029//2029 2028//2028 2024//2024
f 2026//2026 2030//2030 2029//2029 2025//2025
f 2027//2027 2031//2031 2030//2030 2026//2026
f 2039//2039 2031//2031 2027//2027 2036//2036
f 2029//2029 2033//2033 2032//2032 2028//2028
f 2030//2030 2034//2034 2033//2033 2029//2029
f 2031//2031 2035//2035 2034//2034 2030//2030
f 2043//2043 2035//2035 2031//2031 2039//2039
f 2053//2053 2032//2032 2033//2033 2055//2055
f 2054//2054 2055//2055 2033//2033 2034//2034
f 2056//2056 2054//2054 2034//2034 2035//2035
f 2065//2065 2056//2056 2035//2035 2043//2043
f 2040//2040 2039//2039 2036//2036 2042//2042
f 2038//2038 2037//2037 2041//2041 2042//2042
f 3244//3244 2008//2008 2038//2038 3245//3245
f 2040//2040 2042//2042 2041//2041 2047//2047
f 2043//2043 2039//2039 2040//2040 2046//2046
f 2045//2045 2046//2046 2040//2040 2047//2047
f 2041//2041 2037//2037 2044//2044 2048//2048
f 2049//2049 2047//2047 2041//2041 2048//2048
f 3245//3245 2038//2038 2042//2042 2036//2036
f 2044//2044 2193//2193 3377//3377 2048//2048
f 2049//2049 2052//2052 2045//2045 2047//2047
f 2045//2045 2066//2066 2067//2067 2046//2046
f 2065//2065 2043//2043 2046//2046 2067//2067
f 2048//2048 3377//3377 3373//3373 2049//2049
f 2051//2051 2052//2052 2050//2050 2071//2071
f 2197//2197 2196//2196 2050//2050 3373//3373
f 2051//2051 2071//2071 2070//2070 2066//2066
f 2066//2066 2045//2045 2052//2052 2051//2051
f 2052//2052 2049//2049 3373//3373 2050//2050
f 2058//2058 2055//2055 2054//2054 2060//2060
f 2059//2059 2060//2060 2054//2054 2056//2056
f 2057//2057 2053//2053 2055//2055 2058//2058
f 2068//2068 2059//2059 2056//2056 2065//2065
f 2058//2058 2062//2062 2061//2061 2057//2057
f 2060//2060 2063//2063 2062//2062 2058//2058
f 2064//2064 2063//2063 2060//2060 2059//2059
f 2062//2062 2209//2209 2208//2208 2061//2061
f 2063//2063 2210//2210 2209//2209 2062//2062
f 2211//2211 2210//2210 2063//2063 2064//2064
f 2064//2064 2059//2059 2068//2068 3393//3393
f 2216//2216 2211//2211 2064//2064 3393//3393
f 2068//2068 2065//2065 2067//2067 2069//2069
f 2070//2070 2069//2069 2067//2067 2066//2066
f 2073//2073 2072//2072 2069//2069 2070//2070
f 3393//3393 2068//2068 2069//2069 2072//2072
f 2071//2071 2215//2215 2073//2073 2070//2070
f 2071//2071 2050//2050 2196//2196 2215//2215
f 2216//2216 3393//3393 2072//2072 2217//2217
f 2073//2073 2218//2218 2217//2217 2072//2072
f 2074//2074 3407//3407 3406//3406 2075//2075
f 2075//2075 3406//3406 3405//3405 2076//2076
f 2077//2077 1894//1894 2076//2076 3312//3312
f 2076//2076 3405//3405 2081//2081 3312//3312
f 2088//2088 2100//2100 2078//2078 2079//2079
f 2078//2078 2100//2100 2096//2096 1906//1906
f 2083//2083 2082//2082 2079//2079 1896//1896
f 2079//2079 2082//2082 2087//2087 2088//2088
f 2081//2081 2080//2080 2085//2085 3312//3312
f 2083//2083 2085//2085 2086//2086 2082//2082
f 3312//3312 2085//2085 2083//2083 2077//2077
f 2085//2085 2080//2080 2084//2084 2086//2086
f 2089//2089 2094//2094 2084//2084 2080//2080
f 2086//2086 3366//3366 2087//2087 2082//2082
f 2094//2094 3366//3366 2086//2086 2084//2084
f 2091//2091 2090//2090 2087//2087 3366//3366
f 2088//2088 2087//2087 2090//2090 2092//2092
f 2090//2090 2251//2251 2107//2107 2092//2092
f 2252//2252 2251//2251 2090//2090 2091//2091
f 2094//2094 2095//2095 2091//2091 3366//3366
f 2092//2092 2104//2104 2100//2100 2088//2088
f 2094//2094 2089//2089 2093//2093 2095//2095
f 2095//2095 2254//2254 2252//2252 2091//2091
f 2095//2095 2093//2093 2253//2253 2254//2254
f 2097//2097 2102//2102 2119//2119 1919//1919
f 2098//2098 2101//2101 2102//2102 2097//2097
f 2100//2100 2104//2104 2099//2099 2096//2096
f 2099//2099 2105//2105 2101//2101 2098//2098
f 2099//2099 2104//2104 2106//2106 2105//2105
f 2108//2108 2103//2103 2101//2101 2105//2105
f 2102//2102 2101//2101 2103//2103 2122//2122
f 2269//2269 2268//2268 2103//2103 2108//2108
f 2104//2104 2092//2092 2107//2107 2106//2106
f 2108//2108 2105//2105 2106//2106 2266//2266
f 2107//2107 2267//2267 2266//2266 2106//2106
f 2270//2270 2269//2269 2108//2108 2266//2266
f 2109//2109 2110//2110 2111//2111 541//541
f 2109//2109 2112//2112 2113//2113 2110//2110
f 2277//2277 3421//3421 2111//2111 2110//2110
f 2112//2112 2114//2114 2115//2115 2113//2113
f 2124//2124 2125//2125 2112//2112 2109//2109
f 2113//2113 2278//2278 2277//2277 2110//2110
f 2114//2114 2116//2116 2117//2117 2115//2115
f 2125//2125 2126//2126 2114//2114 2112//2112
f 2115//2115 2279//2279 2278//2278 2113//2113
f 2116//2116 2123//2123 2118//2118 2117//2117
f 2126//2126 2127//2127 2116//2116 2114//2114
f 2117//2117 2121//2121 2279//2279 2115//2115
f 2118//2118 2120//2120 2121//2121 2117//2117
f 2121//2121 2120//2120 2119//2119 2286//2286
f 2119//2119 2102//2102 2122//2122 2286//2286
f 2121//2121 2286//2286 2284//2284 2279//2279
f 2122//2122 2103//2103 2268//2268 2285//2285
f 2122//2122 2285//2285 2284//2284 2286//2286
f 2123//2123 2116//2116 2127//2127 1927//1927
f 2129//2129 2125//2125 2124//2124 2128//2128
f 2129//2129 2130//2130 2126//2126 2125//2125
f 2130//2130 2131//2131 2127//2127 2126//2126
f 2146//2146 1927//1927 2127//2127 2131//2131
f 2135//2135 2129//2129 2128//2128 2134//2134
f 2129//2129 2135//2135 2132//2132 2130//2130
f 2130//2130 2132//2132 2133//2133 2131//2131
f 2136//2136 2133//2133 2132//2132 2138//2138
f 2133//2133 2147//2147 2146//2146 2131//2131
f 2148//2148 2147//2147 2133//2133 2136//2136
f 2134//2134 2139//2139 2137//2137 2135//2135
f 2135//2135 2137//2137 2138//2138 2132//2132
f 2149//2149 2148//2148 2136//2136 2142//2142
f 2141//2141 2138//2138 2137//2137 2140//2140
f 2142//2142 2136//2136 2138//2138 2141//2141
f 2140//2140 2137//2137 2139//2139 2150//2150
f 2297//2297 2141//2141 2140//2140 2296//2296
f 2298//2298 2142//2142 2141//2141 2297//2297
f 2143//2143 1925//1925 2144//2144 2145//2145
f 2153//2153 2154//2154 2143//2143 2145//2145
f 2146//2146 2147//2147 2144//2144 1926//1926
f 2145//2145 2144//2144 2147//2147 2148//2148
f 2145//2145 2148//2148 2149//2149 2153//2153
f 2156//2156 2153//2153 2149//2149 2158//2158
f 2149//2149 2142//2142 2298//2298 2308//2308
f 2158//2158 2149//2149 2308//2308 2309//2309
f 2296//2296 2140//2140 2150//2150 2295//2295
f 2157//2157 2151//2151 2155//2155 2160//2160
f 2159//2159 2155//2155 2156//2156 2158//2158
f 2307//2307 2159//2159 2158//2158 2310//2310
f 2160//2160 2155//2155 2159//2159 2161//2161
f 2160//2160 2166//2166 2167//2167 2157//2157
f 2170//2170 2166//2166 2160//2160 2161//2161
f 2161//2161 2159//2159 2307//2307 2316//2316
f 2315//2315 2170//2170 2161//2161 2316//2316
f 2162//2162 1979//1979 2163//2163 2164//2164
f 2165//2165 2162//2162 2164//2164 2178//2178
f 2164//2164 2163//2163 2168//2168 2169//2169
f 2164//2164 2169//2169 2179//2179 2178//2178
f 2171//2171 2168//2168 2166//2166 2170//2170
f 2168//2168 2163//2163 2167//2167 2166//2166
f 2172//2172 2169//2169 2168//2168 2171//2171
f 2317//2317 2171//2171 2170//2170 2315//2315
f 2179//2179 2169//2169 2172//2172 2181//2181
f 2172//2172 2171//2171 2317//2317 2334//2334
f 2173//2173 2174//2174 2176//2176 2177//2177
f 2175//2175 2180//2180 2176//2176 2174//2174
f 2178//2178 2179//2179 2175//2175 2004//2004
f 2176//2176 2180//2180 2182//2182 2337//2337
f 2176//2176 2337//2337 3338//3338 2177//2177
f 2177//2177 3338//3338 2189//2189 2185//2185
f 2179//2179 2181//2181 2180//2180 2175//2175
f 2181//2181 2183//2183 2182//2182 2180//2180
f 2181//2181 2172//2172 2334//2334 2183//2183
f 2335//2335 2345//2345 2183//2183 2334//2334
f 2338//2338 2182//2182 2183//2183 3375//3375
f 2184//2184 2185//2185 2189//2189 2369//2369
f 2187//2187 2023//2023 2186//2186 2188//2188
f 2186//2186 2184//2184 2369//2369 2191//2191
f 2191//2191 2190//2190 2188//2188 2186//2186
f 2188//2188 2202//2202 2192//2192 2187//2187
f 2386//2386 2202//2202 2188//2188 2190//2190
f 2189//2189 3338//3338 2339//2339 2370//2370
f 2190//2190 2191//2191 2374//2374 2387//2387
f 2193//2193 2019//2019 2192//2192 2194//2194
f 2201//2201 2194//2194 2192//2192 2202//2202
f 2193//2193 2194//2194 2195//2195 3377//3377
f 2194//2194 2201//2201 2198//2198 2195//2195
f 2197//2197 2195//2195 2198//2198 2200//2200
f 2199//2199 2196//2196 2197//2197 2200//2200
f 3377//3377 2195//2195 2197//2197 3373//3373
f 2198//2198 2205//2205 2203//2203 2200//2200
f 2198//2198 2201//2201 2204//2204 2205//2205
f 2199//2199 2200//2200 2203//2203 2222//2222
f 2215//2215 2196//2196 2199//2199 2221//2221
f 2202//2202 2386//2386 2204//2204 2201//2201
f 2204//2204 2388//2388 2206//2206 2205//2205
f 2205//2205 2206//2206 2207//2207 2203//2203
f 2206//2206 2390//2390 2231//2231 2207//2207
f 2206//2206 2388//2388 2389//2389 2390//2390
f 2222//2222 2203//2203 2207//2207 2229//2229
f 2230//2230 2229//2229 2207//2207 2231//2231
f 2212//2212 2213//2213 2208//2208 2209//2209
f 2214//2214 2212//2212 2209//2209 2210//2210
f 2214//2214 2210//2210 2211//2211 2219//2219
f 2235//2235 2234//2234 2213//2213 2212//2212
f 2235//2235 2212//2212 2214//2214 2236//2236
f 2215//2215 2221//2221 2218//2218 2073//2073
f 2219//2219 2211//2211 2216//2216 2220//2220
f 2220//2220 2216//2216 2217//2217 2225//2225
f 2227//2227 2225//2225 2217//2217 2218//2218
f 2218//2218 2221//2221 2223//2223 2227//2227
f 2236//2236 2214//2214 2219//2219 2245//2245
f 2245//2245 2219//2219 2220//2220 2246//2246
f 2221//2221 2199//2199 2222//2222 2223//2223
f 2226//2226 2227//2227 2223//2223 2228//2228
f 2229//2229 2228//2228 2223//2223 2222//2222
f 2232//2232 2248//2248 2224//2224 2226//2226
f 2226//2226 2224//2224 2225//2225 2227//2227
f 2246//2246 2220//2220 2225//2225 2224//2224
f 2233//2233 2232//2232 2226//2226 2228//2228
f 2230//2230 2233//2233 2228//2228 2229//2229
f 2230//2230 2231//2231 2410//2410 2412//2412
f 2232//2232 3339//3339 2250//2250 2248//2248
f 2233//2233 2230//2230 2412//2412 2415//2415
f 2233//2233 2415//2415 3339//3339 2232//2232
f 2234//2234 2235//2235 2237//2237 2240//2240
f 2238//2238 2237//2237 2235//2235 2236//2236
f 2239//2239 2238//2238 2236//2236 2245//2245
f 2237//2237 2242//2242 2241//2241 2240//2240
f 2243//2243 2242//2242 2237//2237 2238//2238
f 2244//2244 2243//2243 2238//2238 2239//2239
f 2249//2249 2244//2244 2239//2239 2247//2247
f 2424//2424 2423//2423 2241//2241 2242//2242
f 2424//2424 2242//2242 2243//2243 2425//2425
f 2425//2425 2243//2243 2244//2244 2433//2433
f 2247//2247 2239//2239 2245//2245 2246//2246
f 2248//2248 2247//2247 2246//2246 2224//2224
f 2250//2250 2249//2249 2247//2247 2248//2248
f 2433//2433 2244//2244 2249//2249 2434//2434
f 2435//2435 2434//2434 2249//2249 2250//2250
f 2414//2414 2435//2435 2250//2250 3339//3339
f 2251//2251 2252//2252 2255//2255 2259//2259
f 2251//2251 2259//2259 2267//2267 2107//2107
f 2256//2256 2254//2254 2253//2253 2257//2257
f 2254//2254 2256//2256 2255//2255 2252//2252
f 2255//2255 2256//2256 2262//2262 2260//2260
f 2256//2256 2257//2257 2261//2261 2262//2262
f 2258//2258 2260//2260 2263//2263 2457//2457
f 2258//2258 2271//2271 2267//2267 2259//2259
f 2258//2258 2457//2457 2274//2274 2271//2271
f 2260//2260 2258//2258 2259//2259 2255//2255
f 2264//2264 2262//2262 2261//2261 2265//2265
f 2262//2262 2264//2264 2263//2263 2260//2260
f 2264//2264 2265//2265 2440//2440 2441//2441
f 2264//2264 2441//2441 2442//2442 2263//2263
f 2443//2443 2440//2440 2265//2265 101//101
f 2267//2267 2271//2271 2270//2270 2266//2266
f 2268//2268 2269//2269 2273//2273 3391//3391
f 2269//2269 2270//2270 2272//2272 2273//2273
f 2271//2271 2274//2274 2272//2272 2270//2270
f 2273//2273 2272//2272 2275//2275 2291//2291
f 2274//2274 2276//2276 2275//2275 2272//2272
f 2274//2274 2457//2457 2456//2456 2276//2276
f 2276//2276 2458//2458 2294//2294 2275//2275
f 3420//3420 3421//3421 2277//2277 2281//2281
f 2278//2278 2280//2280 2281//2281 2277//2277
f 2279//2279 2284//2284 2280//2280 2278//2278
f 2285//2285 2282//2282 2280//2280 2284//2284
f 2282//2282 2283//2283 2281//2281 2280//2280
f 2287//2287 2283//2283 2282//2282 3391//3391
f 2283//2283 2288//2288 3420//3420 2281//2281
f 3391//3391 2282//2282 2285//2285 2268//2268
f 2287//2287 722//722 2288//2288 2283//2283
f 2291//2291 2290//2290 2289//2289 2273//2273
f 2289//2289 2287//2287 3391//3391 2273//2273
f 2293//2293 2292//2292 2290//2290 2291//2291
f 2294//2294 2293//2293 2291//2291 2275//2275
f 2455//2455 2454//2454 2292//2292 2293//2293
f 2294//2294 3340//3340 2455//2455 2293//2293
f 2464//2464 3340//3340 2294//2294 2458//2458
f 2295//2295 2300//2300 2302//2302 2296//2296
f 2296//2296 2302//2302 2304//2304 2297//2297
f 2297//2297 2304//2304 2306//2306 2298//2298
f 2299//2299 3293//3293 3296//3296 2301//2301
f 2301//2301 2302//2302 2300//2300 2299//2299
f 2301//2301 3296//3296 3291//3291 2303//2303
f 2303//2303 2304//2304 2302//2302 2301//2301
f 2303//2303 3291//3291 3289//3289 2305//2305
f 2305//2305 2306//2306 2304//2304 2303//2303
f 2309//2309 2306//2306 2305//2305 2312//2312
f 2305//2305 3289//3289 3287//3287 2312//2312
f 2308//2308 2298//2298 2306//2306 2309//2309
f 2318//2318 2316//2316 2307//2307 2311//2311
f 2309//2309 2312//2312 2310//2310 2158//2158
f 2311//2311 2307//2307 2310//2310 2313//2313
f 2313//2313 2310//2310 2312//2312 3287//3287
f 2314//2314 2311//2311 2313//2313 2485//2485
f 2318//2318 2311//2311 2314//2314 2323//2323
f 2314//2314 2486//2486 2324//2324 2323//2323
f 2315//2315 2316//2316 2318//2318 2319//2319
f 2317//2317 2315//2315 2319//2319 2322//2322
f 2320//2320 2319//2319 2318//2318 2323//2323
f 2321//2321 2322//2322 2319//2319 2320//2320
f 2320//2320 2323//2323 2324//2324 2493//2493
f 2325//2325 2321//2321 2320//2320 2493//2493
f 2335//2335 2322//2322 2321//2321 2347//2347
f 2348//2348 2347//2347 2321//2321 2325//2325
f 2322//2322 2335//2335 2334//2334 2317//2317
f 2324//2324 2486//2486 2492//2492 2494//2494
f 2325//2325 2499//2499 2500//2500 2348//2348
f 2326//2326 2353//2353 2342//2342 2328//2328
f 2328//2328 2329//2329 2327//2327 2326//2326
f 2332//2332 2331//2331 2327//2327 2329//2329
f 3429//3429 2329//2329 2328//2328 2341//2341
f 2333//2333 2332//2332 2329//2329 3429//3429
f 2509//2509 2508//2508 2330//2330 2331//2331
f 2510//2510 2509//2509 2331//2331 2332//2332
f 2511//2511 2510//2510 2332//2332 2333//2333
f 2349//2349 2350//2350 2333//2333 3429//3429
f 2346//2346 2345//2345 2335//2335 2347//2347
f 2338//2338 2336//2336 2337//2337 2182//2182
f 2337//2337 2336//2336 2339//2339 3338//3338
f 2338//2338 2349//2349 2344//2344 2336//2336
f 2338//2338 2351//2351 2350//2350 2349//2349
f 2338//2338 3375//3375 3342//3342 2351//2351
f 2339//2339 2336//2336 2344//2344 2343//2343
f 2354//2354 2355//2355 2340//2340 2342//2342
f 2342//2342 2340//2340 2341//2341 2328//2328
f 2343//2343 2344//2344 2341//2341 2340//2340
f 2349//2349 3429//3429 2341//2341 2344//2344
f 2352//2352 2354//2354 2342//2342 2353//2353
f 2355//2355 2356//2356 2343//2343 2340//2340
f 2370//2370 2339//2339 2343//2343 2356//2356
f 2345//2345 2346//2346 3341//3341 3342//3342
f 3375//3375 2183//2183 2345//2345 3342//3342
f 2348//2348 2534//2534 2346//2346 2347//2347
f 2350//2350 2528//2528 2511//2511 2333//2333
f 2351//2351 2529//2529 2528//2528 2350//2350
f 2351//2351 3342//3342 3341//3341 2529//2529
f 2357//2357 2358//2358 2354//2354 2352//2352
f 2358//2358 2359//2359 2355//2355 2354//2354
f 2359//2359 2360//2360 2356//2356 2355//2355
f 2357//2357 2362//2362 2364//2364 2358//2358
f 2358//2358 2364//2364 2366//2366 2359//2359
f 2359//2359 2366//2366 2368//2368 2360//2360
f 2360//2360 2371//2371 2370//2370 2356//2356
f 2361//2361 2363//2363 2364//2364 2362//2362
f 2363//2363 2365//2365 2366//2366 2364//2364
f 2375//2375 2376//2376 2363//2363 2361//2361
f 2365//2365 2367//2367 2368//2368 2366//2366
f 2376//2376 2377//2377 2365//2365 2363//2363
f 2377//2377 2378//2378 2367//2367 2365//2365
f 2368//2368 2372//2372 2371//2371 2360//2360
f 2373//2373 2372//2372 2368//2368 2367//2367
f 2369//2369 2189//2189 2370//2370 2371//2371
f 2372//2372 2191//2191 2369//2369 2371//2371
f 2374//2374 2191//2191 2372//2372 2373//2373
f 2378//2378 2393//2393 2373//2373 2367//2367
f 2373//2373 2393//2393 2398//2398 2374//2374
f 2376//2376 2375//2375 2379//2379 2380//2380
f 2377//2377 2376//2376 2380//2380 2381//2381
f 2378//2378 2377//2377 2381//2381 2385//2385
f 2380//2380 2379//2379 2382//2382 2383//2383
f 2381//2381 2380//2380 2383//2383 2384//2384
f 2383//2383 2382//2382 2550//2550 2551//2551
f 2385//2385 2381//2381 2384//2384 2403//2403
f 2384//2384 2383//2383 2551//2551 2552//2552
f 2393//2393 2378//2378 2385//2385 2397//2397
f 2386//2386 2190//2190 2387//2387 2391//2391
f 2386//2386 2391//2391 2388//2388 2204//2204
f 2398//2398 2394//2394 2387//2387 2374//2374
f 2388//2388 2391//2391 2392//2392 2389//2389
f 2390//2390 2389//2389 2395//2395 2411//2411
f 2390//2390 2411//2411 2410//2410 2231//2231
f 2391//2391 2387//2387 2394//2394 2392//2392
f 2395//2395 2389//2389 2392//2392 2396//2396
f 2399//2399 2396//2396 2392//2392 2394//2394
f 2395//2395 2401//2401 2402//2402 2411//2411
f 2396//2396 3310//3310 2401//2401 2395//2395
f 2396//2396 2399//2399 2405//2405 3310//3310
f 2398//2398 2393//2393 2397//2397 2400//2400
f 2397//2397 2385//2385 2403//2403 2404//2404
f 2398//2398 2400//2400 2399//2399 2394//2394
f 2400//2400 2397//2397 2404//2404 2406//2406
f 2405//2405 2399//2399 2400//2400 2406//2406
f 2408//2408 2407//2407 2401//2401 3310//3310
f 2402//2402 2401//2401 2407//2407 2409//2409
f 2403//2403 2384//2384 2552//2552 2564//2564
f 2404//2404 2403//2403 2564//2564 2565//2565
f 2405//2405 2567//2567 2408//2408 3310//3310
f 2405//2405 2406//2406 2566//2566 2567//2567
f 2406//2406 2404//2404 2565//2565 2566//2566
f 2408//2408 2570//2570 2569//2569 2407//2407
f 2574//2574 2570//2570 2408//2408 2567//2567
f 2409//2409 2421//2421 2416//2416 2402//2402
f 2569//2569 2581//2581 2409//2409 2407//2407
f 2411//2411 2402//2402 2416//2416 2410//2410
f 2412//2412 2410//2410 2416//2416 2417//2417
f 2413//2413 2419//2419 2418//2418 2414//2414
f 2415//2415 2413//2413 2414//2414 3339//3339
f 2415//2415 2412//2412 2417//2417 2413//2413
f 2420//2420 2417//2417 2416//2416 2421//2421
f 2417//2417 2420//2420 2419//2419 2413//2413
f 2418//2418 2419//2419 2422//2422 2439//2439
f 2435//2435 2414//2414 2418//2418 2438//2438
f 2420//2420 2582//2582 2422//2422 2419//2419
f 2421//2421 2409//2409 2581//2581 2583//2583
f 2582//2582 2420//2420 2421//2421 2583//2583
f 2422//2422 2582//2582 2584//2584 2585//2585
f 2427//2427 2426//2426 2423//2423 2424//2424
f 2428//2428 2427//2427 2424//2424 2425//2425
f 2431//2431 2429//2429 2426//2426 2427//2427
f 2432//2432 2431//2431 2427//2427 2428//2428
f 2428//2428 2425//2425 2433//2433 2437//2437
f 2600//2600 2598//2598 2429//2429 2431//2431
f 2598//2598 2599//2599 2430//2430 2429//2429
f 3335//3335 3316//3316 2430//2430 2599//2599
f 2601//2601 2600//2600 2431//2431 2432//2432
f 2432//2432 2428//2428 2437//2437 3315//3315
f 2436//2436 2437//2437 2433//2433 2434//2434
f 2438//2438 2436//2436 2434//2434 2435//2435
f 3315//3315 2437//2437 2436//2436 3314//3314
f 2438//2438 2418//2418 2439//2439 2615//2615
f 3314//3314 2436//2436 2438//2438 2615//2615
f 2439//2439 2422//2422 2585//2585 2589//2589
f 2440//2440 2443//2443 2444//2444 2446//2446
f 2445//2445 2441//2441 2440//2440 2446//2446
f 2441//2441 2445//2445 2447//2447 2442//2442
f 2442//2442 2456//2456 2457//2457 2263//2263
f 2444//2444 2450//2450 2449//2449 2446//2446
f 2449//2449 2448//2448 2445//2445 2446//2446
f 2448//2448 2461//2461 2447//2447 2445//2445
f 2456//2456 2442//2442 2447//2447 2460//2460
f 2448//2448 2449//2449 2451//2451 2452//2452
f 2448//2448 2452//2452 2453//2453 2461//2461
f 2449//2449 2450//2450 2627//2627 2451//2451
f 2629//2629 2628//2628 2451//2451 2627//2627
f 2452//2452 2451//2451 2628//2628 2640//2640
f 2452//2452 2640//2640 2639//2639 2453//2453
f 2459//2459 2461//2461 2453//2453 2465//2465
f 2466//2466 2465//2465 2453//2453 2639//2639
f 2470//2470 2469//2469 2454//2454 2455//2455
f 2463//2463 2470//2470 2455//2455 3340//3340
f 2456//2456 2460//2460 2458//2458 2276//2276
f 2459//2459 2464//2464 2458//2458 2460//2460
f 2459//2459 2465//2465 2462//2462 2464//2464
f 2461//2461 2459//2459 2460//2460 2447//2447
f 2462//2462 2465//2465 2466//2466 2468//2468
f 2462//2462 2468//2468 2467//2467 2463//2463
f 2464//2464 2462//2462 2463//2463 3340//3340
f 2642//2642 3344//3344 2466//2466 2639//2639
f 2467//2467 2471//2471 2470//2470 2463//2463
f 2468//2468 2641//2641 2476//2476 2467//2467
f 3344//3344 2641//2641 2468//2468 2466//2466
f 2471//2471 2472//2472 2469//2469 2470//2470
f 2475//2475 2472//2472 2471//2471 2477//2477
f 2476//2476 2477//2477 2471//2471 2467//2467
f 2474//2474 2473//2473 2472//2472 2475//2475
f 2651//2651 960//960 2474//2474 2653//2653
f 2653//2653 2474//2474 2475//2475 2655//2655
f 2655//2655 2475//2475 2477//2477 2657//2657
f 2477//2477 2476//2476 2663//2663 2657//2657
f 2479//2479 2478//2478 2480//2480 2481//2481
f 2686//2686 2688//2688 2480//2480 2478//2478
f 2481//2481 2480//2480 2482//2482 2483//2483
f 3294//3294 2479//2479 2481//2481 3295//3295
f 2688//2688 2690//2690 2482//2482 2480//2480
f 2483//2483 2482//2482 2484//2484 2487//2487
f 3295//3295 2481//2481 2483//2483 3292//3292
f 2690//2690 2692//2692 2484//2484 2482//2482
f 2486//2486 2314//2314 2485//2485 3313//3313
f 3287//3287 3288//3288 2485//2485 2313//2313
f 2487//2487 2484//2484 2488//2488 3311//3311
f 3292//3292 2483//2483 2487//2487 3290//3290
f 2489//2489 2491//2491 2488//2488 2694//2694
f 2692//2692 2694//2694 2488//2488 2484//2484
f 2488//2488 2491//2491 3313//3313 3311//3311
f 2489//2489 2696//2696 2502//2502 2490//2490
f 2489//2489 2694//2694 2695//2695 2696//2696
f 2491//2491 2489//2489 2490//2490 2492//2492
f 2494//2494 2492//2492 2490//2490 2497//2497
f 2501//2501 2497//2497 2490//2490 2502//2502
f 2492//2492 2486//2486 3313//3313 2491//2491
f 2493//2493 2324//2324 2494//2494 2496//2496
f 2493//2493 2496//2496 2499//2499 2325//2325
f 2495//2495 2496//2496 2494//2494 2497//2497
f 2498//2498 2499//2499 2496//2496 2495//2495
f 2503//2503 2495//2495 2497//2497 2501//2501
f 2500//2500 2499//2499 2498//2498 2505//2505
f 2498//2498 2495//2495 2503//2503 2504//2504
f 2500//2500 2535//2535 2534//2534 2348//2348
f 2506//2506 2501//2501 2502//2502 2507//2507
f 2503//2503 2501//2501 2506//2506 2704//2704
f 2503//2503 2704//2704 2707//2707 2504//2504
f 2505//2505 2498//2498 2504//2504 2546//2546
f 2706//2706 2546//2546 2504//2504 2707//2707
f 2505//2505 2540//2540 2535//2535 2500//2500
f 2506//2506 2507//2507 2703//2703 2705//2705
f 2696//2696 2699//2699 2507//2507 2502//2502
f 2513//2513 2512//2512 2508//2508 2509//2509
f 2514//2514 2513//2513 2509//2509 2510//2510
f 2515//2515 2514//2514 2510//2510 2511//2511
f 2516//2516 1034//1034 2512//2512 2518//2518
f 2518//2518 2512//2512 2513//2513 2520//2520
f 2520//2520 2513//2513 2514//2514 2522//2522
f 2514//2514 2515//2515 2537//2537 2522//2522
f 2528//2528 2530//2530 2515//2515 2511//2511
f 2517//2517 1042//1042 2516//2516 2518//2518
f 2525//2525 2524//2524 2517//2517 2519//2519
f 2519//2519 2517//2517 2518//2518 2520//2520
f 2526//2526 2525//2525 2519//2519 2521//2521
f 2521//2521 2519//2519 2520//2520 2522//2522
f 2527//2527 2526//2526 2521//2521 2523//2523
f 2523//2523 2521//2521 2522//2522 2537//2537
f 2536//2536 2541//2541 2523//2523 2537//2537
f 2524//2524 2525//2525 3301//3301 3300//3300
f 2525//2525 2526//2526 2735//2735 3301//3301
f 2526//2526 2527//2527 2548//2548 2735//2735
f 2541//2541 2543//2543 2527//2527 2523//2523
f 2529//2529 2531//2531 2530//2530 2528//2528
f 2530//2530 2536//2536 2537//2537 2515//2515
f 2531//2531 2532//2532 2533//2533 2538//2538
f 2531//2531 2538//2538 2536//2536 2530//2530
f 3341//3341 2532//2532 2531//2531 2529//2529
f 2534//2534 2535//2535 2533//2533 2532//2532
f 3341//3341 2346//2346 2534//2534 2532//2532
f 2539//2539 2533//2533 2535//2535 2540//2540
f 2539//2539 2542//2542 2538//2538 2533//2533
f 2541//2541 2536//2536 2538//2538 2542//2542
f 2544//2544 2542//2542 2539//2539 2721//2721
f 2545//2545 2723//2723 2539//2539 2540//2540
f 2540//2540 2505//2505 2546//2546 2545//2545
f 2542//2542 2544//2544 2543//2543 2541//2541
f 2548//2548 2527//2527 2543//2543 2549//2549
f 2549//2549 2543//2543 2544//2544 2722//2722
f 2547//2547 2545//2545 2546//2546 2706//2706
f 2547//2547 2706//2706 2708//2708 2731//2731
f 2723//2723 2545//2545 2547//2547 2727//2727
f 2548//2548 2549//2549 3280//3280 2734//2734
f 2549//2549 2722//2722 3278//3278 3280//3280
f 2550//2550 2553//2553 2555//2555 2551//2551
f 2551//2551 2555//2555 2557//2557 2552//2552
f 2552//2552 2557//2557 2559//2559 2564//2564
f 2555//2555 2553//2553 2554//2554 2556//2556
f 2557//2557 2555//2555 2556//2556 2558//2558
f 2556//2556 2554//2554 2560//2560 2561//2561
f 2559//2559 2557//2557 2558//2558 2563//2563
f 2558//2558 2556//2556 2561//2561 2562//2562
f 3205//3205 3204//3204 2561//2561 2560//2560
f 2563//2563 2558//2558 2562//2562 2576//2576
f 3204//3204 3201//3201 2562//2562 2561//2561
f 2571//2571 2559//2559 2563//2563 2572//2572
f 2564//2564 2559//2559 2571//2571 2565//2565
f 2565//2565 2571//2571 2568//2568 2566//2566
f 2567//2567 2566//2566 2568//2568 2574//2574
f 2568//2568 2571//2571 2572//2572 2573//2573
f 2569//2569 2570//2570 2575//2575 3356//3356
f 2569//2569 3356//3356 2590//2590 2581//2581
f 2572//2572 2563//2563 2576//2576 2577//2577
f 2574//2574 2568//2568 2573//2573 2579//2579
f 2573//2573 2572//2572 2577//2577 2580//2580
f 2574//2574 2579//2579 2575//2575 2570//2570
f 2575//2575 3378//3378 2761//2761 3356//3356
f 3201//3201 3199//3199 2576//2576 2562//2562
f 2577//2577 3198//3198 3194//3194 2580//2580
f 3199//3199 3198//3198 2577//2577 2576//2576
f 2578//2578 2752//2752 2754//2754 2753//2753
f 2578//2578 2753//2753 2756//2756 3378//3378
f 3194//3194 2748//2748 3431//3431 2580//2580
f 2580//2580 3431//3431 2579//2579 2573//2573
f 2579//2579 2578//2578 3378//3378 2575//2575
f 2581//2581 2590//2590 2586//2586 2583//2583
f 2584//2584 2582//2582 2583//2583 2586//2586
f 2585//2585 2584//2584 2587//2587 2588//2588
f 2587//2587 2584//2584 2586//2586 2593//2593
f 2586//2586 2590//2590 2592//2592 2593//2593
f 2589//2589 2585//2585 2588//2588 2616//2616
f 2588//2588 2587//2587 2591//2591 2594//2594
f 2588//2588 2594//2594 2596//2596 2616//2616
f 2615//2615 2439//2439 2589//2589 2617//2617
f 2591//2591 2587//2587 2593//2593 3380//3380
f 2592//2592 2761//2761 2762//2762 2765//2765
f 3356//3356 2761//2761 2592//2592 2590//2590
f 2592//2592 2765//2765 3380//3380 2593//2593
f 2594//2594 2591//2591 2595//2595 2597//2597
f 2763//2763 2597//2597 2595//2595 3364//3364
f 2595//2595 2769//2769 2770//2770 3364//3364
f 2595//2595 2591//2591 3380//3380 2769//2769
f 2596//2596 2594//2594 2597//2597 2764//2764
f 2596//2596 2764//2764 2623//2623 2621//2621
f 2604//2604 2602//2602 2598//2598 2600//2600
f 2602//2602 2603//2603 2599//2599 2598//2598
f 3326//3326 3335//3335 2599//2599 2603//2603
f 2605//2605 2604//2604 2600//2600 2601//2601
f 2601//2601 2432//2432 3315//3315 3334//3334
f 2608//2608 2606//2606 2602//2602 2604//2604
f 2606//2606 2607//2607 2603//2603 2602//2602
f 2605//2605 2609//2609 2608//2608 2604//2604
f 2610//2610 2609//2609 2605//2605 2618//2618
f 2605//2605 2601//2601 3334//3334 2618//2618
f 2608//2608 2612//2612 2611//2611 2606//2606
f 2609//2609 2613//2613 2612//2612 2608//2608
f 2614//2614 2613//2613 2609//2609 2610//2610
f 2622//2622 2614//2614 2610//2610 2619//2619
f 2612//2612 2781//2781 2780//2780 2611//2611
f 2613//2613 2782//2782 2781//2781 2612//2612
f 2614//2614 2783//2783 2782//2782 2613//2613
f 3333//3333 3314//3314 2615//2615 2617//2617
f 2617//2617 2589//2589 2616//2616 3325//3325
f 2616//2616 2596//2596 2621//2621 3325//3325
f 2620//2620 3333//3333 2617//2617 3325//3325
f 2619//2619 2610//2610 2618//2618 2620//2620
f 2618//2618 3334//3334 3333//3333 2620//2620
f 2623//2623 2622//2622 2619//2619 2621//2621
f 2621//2621 2619//2619 2620//2620 3325//3325
f 2622//2622 2796//2796 2783//2783 2614//2614
f 2623//2623 2764//2764 2768//2768 2797//2797
f 2623//2623 2797//2797 2796//2796 2622//2622
f 2805//2805 2626//2626 2624//2624 2803//2803
f 2803//2803 2624//2624 2625//2625 2804//2804
f 2634//2634 117//117 2626//2626 2635//2635
f 2818//2818 2635//2635 2626//2626 2805//2805
f 2630//2630 2629//2629 2627//2627 119//119
f 2632//2632 2631//2631 2628//2628 2629//2629
f 2633//2633 2632//2632 2629//2629 2630//2630
f 2630//2630 118//118 2636//2636 2633//2633
f 2638//2638 2637//2637 2631//2631 2632//2632
f 2631//2631 2643//2643 2640//2640 2628//2628
f 2633//2633 2822//2822 2638//2638 2632//2632
f 2633//2633 2636//2636 2819//2819 2822//2822
f 2636//2636 2635//2635 2818//2818 2819//2819
f 2637//2637 2644//2644 2643//2643 2631//2631
f 2637//2637 2649//2649 2650//2650 2644//2644
f 2637//2637 2638//2638 2820//2820 2649//2649
f 2638//2638 2822//2822 2821//2821 2820//2820
f 2640//2640 2643//2643 2642//2642 2639//2639
f 2641//2641 3344//3344 2647//2647 2646//2646
f 2641//2641 2646//2646 2663//2663 2476//2476
f 2645//2645 2642//2642 2643//2643 2644//2644
f 2650//2650 3345//3345 2645//2645 2644//2644
f 3344//3344 2642//2642 2645//2645 2647//2647
f 2646//2646 2647//2647 2648//2648 2668//2668
f 2646//2646 2668//2668 2666//2666 2663//2663
f 3345//3345 2648//2648 2647//2647 2645//2645
f 2838//2838 2670//2670 2648//2648 3345//3345
f 2649//2649 2826//2826 2837//2837 2650//2650
f 2650//2650 2837//2837 2838//2838 3345//3345
f 2652//2652 2651//2651 2653//2653 2654//2654
f 2658//2658 1176//1176 2652//2652 2659//2659
f 2654//2654 2653//2653 2655//2655 2656//2656
f 2659//2659 2652//2652 2654//2654 2660//2660
f 2656//2656 2655//2655 2657//2657 2662//2662
f 2660//2660 2654//2654 2656//2656 2661//2661
f 2658//2658 2659//2659 3266//3266 3267//3267
f 2659//2659 2660//2660 3265//3265 3266//3266
f 2660//2660 2661//2661 3264//3264 3265//3265
f 2661//2661 2656//2656 2662//2662 2665//2665
f 2661//2661 2665//2665 2671//2671 3264//3264
f 2662//2662 2657//2657 2663//2663 2666//2666
f 2664//2664 2665//2665 2662//2662 2666//2666
f 2671//2671 2665//2665 2664//2664 2673//2673
f 2667//2667 2664//2664 2666//2666 2668//2668
f 2664//2664 2667//2667 2669//2669 2672//2672
f 2680//2680 2669//2669 2667//2667 2852//2852
f 2667//2667 2670//2670 2850//2850 2852//2852
f 2670//2670 2667//2667 2668//2668 2648//2648
f 2669//2669 2680//2680 2679//2679 2672//2672
f 2670//2670 2838//2838 2842//2842 2850//2850
f 2671//2671 2673//2673 3218//3218 3217//3217
f 2673//2673 2664//2664 2672//2672 2674//2674
f 2673//2673 2674//2674 2675//2675 3218//3218
f 2679//2679 2677//2677 2674//2674 2672//2672
f 2677//2677 2676//2676 2675//2675 2674//2674
f 2675//2675 2676//2676 2678//2678 2700//2700
f 2676//2676 2677//2677 2682//2682 2684//2684
f 2676//2676 2684//2684 2685//2685 2678//2678
f 2683//2683 2682//2682 2677//2677 2679//2679
f 2698//2698 2700//2700 2678//2678 2697//2697
f 2678//2678 2685//2685 2701//2701 2697//2697
f 2679//2679 2680//2680 2681//2681 2683//2683
f 2852//2852 2851//2851 2681//2681 2680//2680
f 2863//2863 2684//2684 2682//2682 2865//2865
f 2682//2682 2683//2683 2864//2864 2865//2865
f 2855//2855 2864//2864 2683//2683 2681//2681
f 2685//2685 2877//2877 2702//2702 2701//2701
f 2685//2685 2684//2684 2863//2863 2877//2877
f 2688//2688 2686//2686 2687//2687 2689//2689
f 2690//2690 2688//2688 2689//2689 2691//2691
f 3396//3396 3397//3397 2689//2689 2687//2687
f 2692//2692 2690//2690 2691//2691 2693//2693
f 3397//3397 3395//3395 2691//2691 2689//2689
f 2694//2694 2692//2692 2693//2693 2695//2695
f 3395//3395 3394//3394 2693//2693 2691//2691
f 3394//3394 3392//3392 2695//2695 2693//2693
f 2696//2696 2698//2698 2697//2697 2699//2699
f 3392//3392 2698//2698 2696//2696 2695//2695
f 3219//3219 2700//2700 2698//2698 3392//3392
f 2701//2701 2702//2702 2699//2699 2697//2697
f 2703//2703 2507//2507 2699//2699 2878//2878
f 2879//2879 2878//2878 2699//2699 2702//2702
f 3218//3218 2675//2675 2700//2700 3219//3219
f 2702//2702 2877//2877 2869//2869 2879//2879
f 2704//2704 2506//2506 2705//2705 2711//2711
f 2710//2710 2707//2707 2704//2704 2711//2711
f 2705//2705 2703//2703 2709//2709 2714//2714
f 2705//2705 2714//2714 2712//2712 2711//2711
f 2708//2708 2706//2706 2707//2707 2710//2710
f 2878//2878 2880//2880 2709//2709 2703//2703
f 2710//2710 2711//2711 2712//2712 2717//2717
f 2710//2710 2717//2717 2720//2720 2708//2708
f 2712//2712 2714//2714 2715//2715 2718//2718
f 2716//2716 2717//2717 2712//2712 2718//2718
f 2714//2714 2709//2709 2713//2713 2715//2715
f 2713//2713 2709//2709 2880//2880 2881//2881
f 2715//2715 2713//2713 2885//2885 2915//2915
f 2715//2715 2915//2915 2914//2914 2718//2718
f 2916//2916 2719//2719 2716//2716 2917//2917
f 2719//2719 2720//2720 2717//2717 2716//2716
f 2718//2718 2914//2914 2917//2917 2716//2716
f 2730//2730 2720//2720 2719//2719 2936//2936
f 2720//2720 2730//2730 2731//2731 2708//2708
f 2722//2722 2544//2544 2721//2721 2724//2724
f 2721//2721 2539//2539 2723//2723 2725//2725
f 2722//2722 2724//2724 2739//2739 3278//3278
f 2724//2724 2721//2721 2725//2725 2726//2726
f 2725//2725 2723//2723 2727//2727 2728//2728
f 2729//2729 2726//2726 2725//2725 2728//2728
f 2739//2739 2724//2724 2726//2726 2743//2743
f 2731//2731 2732//2732 2727//2727 2547//2547
f 2728//2728 2727//2727 2732//2732 2733//2733
f 2729//2729 2728//2728 2733//2733 3384//3384
f 2743//2743 2726//2726 2729//2729 2745//2745
f 2729//2729 3384//3384 3385//3385 2745//2745
f 2732//2732 2731//2731 2730//2730 2937//2937
f 2733//2733 2732//2732 2937//2937 3388//3388
f 2733//2733 3388//3388 3382//3382 3384//3384
f 2735//2735 2548//2548 2734//2734 3284//3284
f 2734//2734 3280//3280 3281//3281 3282//3282
f 2736//2736 3284//3284 3285//3285 2737//2737
f 3300//3300 3301//3301 2736//2736 2738//2738
f 2738//2738 2736//2736 2737//2737 3283//3283
f 2737//2737 3285//3285 3208//3208 3203//3203
f 3302//3302 3300//3300 2738//2738 3286//3286
f 2739//2739 2743//2743 2744//2744 2740//2740
f 2741//2741 2742//2742 2740//2740 2744//2744
f 3278//3278 2739//2739 2740//2740 3279//3279
f 2741//2741 2744//2744 2746//2746 2749//2749
f 2747//2747 2748//2748 2741//2741 2749//2749
f 2742//2742 2741//2741 2748//2748 3194//3194
f 3198//3198 3209//3209 2742//2742 3194//3194
f 3279//3279 2740//2740 2742//2742 3209//3209
f 2744//2744 2743//2743 2745//2745 2746//2746
f 2745//2745 3385//3385 3389//3389 2746//2746
f 2746//2746 3389//3389 2750//2750 2749//2749
f 2747//2747 2749//2749 2750//2750 2944//2944
f 2751//2751 2752//2752 2747//2747 2944//2944
f 2748//2748 2747//2747 2752//2752 3431//3431
f 2754//2754 2752//2752 2751//2751 2963//2963
f 2754//2754 2963//2963 2755//2755 2753//2753
f 2756//2756 2753//2753 2755//2755 2757//2757
f 2755//2755 2965//2965 2759//2759 2757//2757
f 2756//2756 2757//2757 2758//2758 2762//2762
f 2757//2757 2759//2759 2760//2760 2758//2758
f 2765//2765 2762//2762 2758//2758 3381//3381
f 2758//2758 2760//2760 2771//2771 3381//3381
f 2759//2759 2966//2966 2773//2773 2760//2760
f 2971//2971 2966//2966 2759//2759 2965//2965
f 2760//2760 2773//2773 2772//2772 2771//2771
f 3378//3378 2756//2756 2762//2762 2761//2761
f 2764//2764 2597//2597 2763//2763 2768//2768
f 2763//2763 3379//3379 2766//2766 2768//2768
f 2765//2765 3381//3381 2769//2769 3380//3380
f 2766//2766 2778//2778 2777//2777 2767//2767
f 2768//2768 2766//2766 2767//2767 2797//2797
f 2801//2801 2799//2799 2767//2767 2777//2777
f 2770//2770 2771//2771 2772//2772 2774//2774
f 2770//2770 2774//2774 2775//2775 3364//3364
f 3381//3381 2771//2771 2770//2770 2769//2769
f 2772//2772 3008//3008 3009//3009 2774//2774
f 2968//2968 2967//2967 2773//2773 2966//2966
f 3008//3008 2772//2772 2773//2773 2967//2967
f 2774//2774 3009//3009 3363//3363 2775//2775
f 2775//2775 3363//3363 3358//3358 3379//3379
f 2776//2776 2777//2777 2778//2778 3357//3357
f 3011//3011 3006//3006 2776//2776 3357//3357
f 2777//2777 2776//2776 2779//2779 2801//2801
f 3379//3379 3358//3358 2778//2778 2766//2766
f 3006//3006 3005//3005 2779//2779 2776//2776
f 2780//2780 2785//2785 2784//2784 1336//1336
f 2781//2781 2786//2786 2785//2785 2780//2780
f 2782//2782 2787//2787 2786//2786 2781//2781
f 2783//2783 2798//2798 2787//2787 2782//2782
f 2792//2792 2788//2788 2784//2784 2785//2785
f 2790//2790 2792//2792 2785//2785 2786//2786
f 2787//2787 2789//2789 2790//2790 2786//2786
f 2787//2787 2798//2798 2800//2800 2789//2789
f 2789//2789 2795//2795 2794//2794 2790//2790
f 2790//2790 2794//2794 2793//2793 2792//2792
f 2792//2792 2793//2793 2791//2791 2788//2788
f 2793//2793 2982//2982 2981//2981 2791//2791
f 2794//2794 2983//2983 2982//2982 2793//2793
f 2800//2800 2802//2802 2795//2795 2789//2789
f 2795//2795 2984//2984 2983//2983 2794//2794
f 3007//3007 2984//2984 2795//2795 2802//2802
f 2796//2796 2799//2799 2798//2798 2783//2783
f 2799//2799 2796//2796 2797//2797 2767//2767
f 2800//2800 2798//2798 2799//2799 2801//2801
f 2801//2801 2779//2779 2802//2802 2800//2800
f 3005//3005 3007//3007 2802//2802 2779//2779
f 2808//2808 2805//2805 2803//2803 2806//2806
f 2806//2806 2803//2803 2804//2804 2807//2807
f 2823//2823 2818//2818 2805//2805 2808//2808
f 2812//2812 2808//2808 2806//2806 2810//2810
f 2807//2807 1381//1381 2809//2809 2811//2811
f 2810//2810 2806//2806 2807//2807 2811//2811
f 2828//2828 2823//2823 2808//2808 2812//2812
f 2809//2809 3402//3402 2813//2813 2811//2811
f 2810//2810 2811//2811 2813//2813 2814//2814
f 2812//2812 2810//2810 2814//2814 2817//2817
f 2815//2815 2814//2814 2813//2813 3026//3026
f 2816//2816 2817//2817 2814//2814 2815//2815
f 2815//2815 3026//3026 3027//3027 3029//3029
f 3028//3028 2816//2816 2815//2815 3029//3029
f 3030//3030 2834//2834 2816//2816 3028//3028
f 2828//2828 2812//2812 2817//2817 2832//2832
f 2834//2834 2832//2832 2817//2817 2816//2816
f 2819//2819 2818//2818 2823//2823 2824//2824
f 2820//2820 2825//2825 2826//2826 2649//2649
f 2821//2821 2827//2827 2825//2825 2820//2820
f 2821//2821 2824//2824 2829//2829 2827//2827
f 2822//2822 2819//2819 2824//2824 2821//2821
f 2824//2824 2823//2823 2828//2828 2829//2829
f 2825//2825 2831//2831 2839//2839 2826//2826
f 2826//2826 2839//2839 2840//2840 2837//2837
f 2827//2827 2830//2830 2831//2831 2825//2825
f 2829//2829 2833//2833 2830//2830 2827//2827
f 2829//2829 2828//2828 2832//2832 2833//2833
f 2835//2835 2836//2836 2830//2830 2833//2833
f 2836//2836 2844//2844 2831//2831 2830//2830
f 2835//2835 2833//2833 2832//2832 2834//2834
f 3031//3031 2835//2835 2834//2834 3030//3030
f 3032//3032 2836//2836 2835//2835 3031//3031
f 2836//2836 3032//3032 2847//2847 2844//2844
f 2837//2837 2840//2840 2842//2842 2838//2838
f 2839//2839 2843//2843 2841//2841 2840//2840
f 2844//2844 2843//2843 2839//2839 2831//2831
f 2842//2842 2840//2840 2841//2841 2854//2854
f 2842//2842 2854//2854 2853//2853 2850//2850
f 2845//2845 2841//2841 2843//2843 2846//2846
f 2844//2844 2847//2847 2846//2846 2843//2843
f 2854//2854 2841//2841 2845//2845 2857//2857
f 2848//2848 2845//2845 2846//2846 2849//2849
f 3048//3048 2849//2849 2846//2846 2847//2847
f 3049//3049 3048//3048 2847//2847 3032//3032
f 2857//2857 2845//2845 2848//2848 2860//2860
f 2848//2848 2849//2849 3050//3050 3078//3078
f 2849//2849 3048//3048 3052//3052 3050//3050
f 2850//2850 2853//2853 2851//2851 2852//2852
f 2851//2851 2856//2856 2855//2855 2681//2681
f 2858//2858 2856//2856 2851//2851 2853//2853
f 2853//2853 2854//2854 2857//2857 2858//2858
f 2855//2855 2856//2856 2859//2859 2870//2870
f 2855//2855 2870//2870 2866//2866 2864//2864
f 2858//2858 2861//2861 2859//2859 2856//2856
f 2858//2858 2857//2857 2860//2860 2861//2861
f 2859//2859 2861//2861 2862//2862 2871//2871
f 2862//2862 2861//2861 2860//2860 3077//3077
f 3078//3078 3077//3077 2860//2860 2848//2848
f 2862//2862 3077//3077 3079//3079 3080//3080
f 2862//2862 3080//3080 3081//3081 2871//2871
f 2868//2868 2867//2867 2863//2863 2865//2865
f 2863//2863 2867//2867 2869//2869 2877//2877
f 2865//2865 2864//2864 2866//2866 2868//2868
f 2867//2867 2874//2874 2883//2883 2869//2869
f 2872//2872 2875//2875 2868//2868 2866//2866
f 2868//2868 2875//2875 2874//2874 2867//2867
f 2870//2870 2859//2859 2871//2871 2873//2873
f 2870//2870 2873//2873 2872//2872 2866//2866
f 2876//2876 2875//2875 2872//2872 3094//3094
f 3081//3081 3095//3095 2873//2873 2871//2871
f 3094//3094 2872//2872 2873//2873 3095//3095
f 2874//2874 2875//2875 2876//2876 2888//2888
f 2874//2874 2888//2888 2887//2887 2883//2883
f 3098//3098 3097//3097 2876//2876 3094//3094
f 2878//2878 2879//2879 2882//2882 2880//2880
f 2879//2879 2869//2869 2883//2883 2882//2882
f 2886//2886 2881//2881 2880//2880 2882//2882
f 2881//2881 2884//2884 2885//2885 2713//2713
f 2883//2883 2887//2887 2886//2886 2882//2882
f 2884//2884 2881//2881 2886//2886 3122//3122
f 2890//2890 2889//2889 2884//2884 3122//3122
f 2889//2889 3337//3337 2885//2885 2884//2884
f 2885//2885 3337//3337 2919//2919 2915//2915
f 3123//3123 3122//3122 2886//2886 2887//2887
f 3097//3097 3124//3124 2888//2888 2876//2876
f 2888//2888 3124//3124 3123//3123 2887//2887
f 2889//2889 2934//2934 2927//2927 3337//3337
f 2890//2890 3125//3125 2934//2934 2889//2889
f 3123//3123 3126//3126 2890//2890 3122//3122
f 2891//2891 2893//2893 2894//2894 2892//2892
f 2891//2891 1483//1483 2903//2903 2907//2907
f 2891//2891 2907//2907 2909//2909 2893//2893
f 2900//2900 2899//2899 2892//2892 2894//2894
f 2893//2893 2895//2895 2896//2896 2894//2894
f 2893//2893 2909//2909 2911//2911 2895//2895
f 2901//2901 2900//2900 2894//2894 2896//2896
f 2895//2895 2897//2897 2898//2898 2896//2896
f 2895//2895 2911//2911 2913//2913 2897//2897
f 2902//2902 2901//2901 2896//2896 2898//2898
f 2922//2922 2923//2923 2898//2898 2897//2897
f 2899//2899 2900//2900 2904//2904 1709//1709
f 2900//2900 2901//2901 2905//2905 2904//2904
f 2901//2901 2902//2902 2906//2906 2905//2905
f 2902//2902 2898//2898 2923//2923 2929//2929
f 2902//2902 2929//2929 2930//2930 2906//2906
f 3107//3107 3105//3105 2904//2904 2905//2905
f 3109//3109 3107//3107 2905//2905 2906//2906
f 3111//3111 3109//3109 2906//2906 2930//2930
f 2908//2908 2909//2909 2907//2907 3135//3135
f 2908//2908 3135//3135 3134//3134 3136//3136
f 2910//2910 2911//2911 2909//2909 2908//2908
f 2935//2935 2912//2912 2910//2910 3140//3140
f 2910//2910 2908//2908 3136//3136 3140//3140
f 2912//2912 2913//2913 2911//2911 2910//2910
f 2943//2943 2931//2931 2912//2912 2935//2935
f 2922//2922 2897//2897 2913//2913 2928//2928
f 2931//2931 2928//2928 2913//2913 2912//2912
f 2914//2914 2918//2918 2921//2921 2917//2917
f 2915//2915 2919//2919 2918//2918 2914//2914
f 2936//2936 2719//2719 2916//2916 3362//3362
f 2920//2920 2916//2916 2917//2917 2921//2921
f 2919//2919 2926//2926 2925//2925 2918//2918
f 2927//2927 2926//2926 2919//2919 3337//3337
f 2924//2924 2933//2933 2920//2920 2921//2921
f 2920//2920 2938//2938 3362//3362 2916//2916
f 2925//2925 2924//2924 2921//2921 2918//2918
f 2922//2922 2924//2924 2925//2925 2923//2923
f 2924//2924 2922//2922 2928//2928 2933//2933
f 2929//2929 2923//2923 2925//2925 2926//2926
f 2926//2926 2927//2927 2930//2930 2929//2929
f 2927//2927 2934//2934 3111//3111 2930//2930
f 2931//2931 2932//2932 2933//2933 2928//2928
f 2941//2941 2932//2932 2931//2931 2943//2943
f 2938//2938 2920//2920 2933//2933 2932//2932
f 3139//3139 3141//3141 2935//2935 3140//3140
f 2935//2935 3141//3141 3150//3150 2943//2943
f 2936//2936 3387//3387 2937//2937 2730//2730
f 2937//2937 3387//3387 3386//3386 3388//3388
f 2938//2938 2939//2939 2940//2940 3362//3362
f 2941//2941 2939//2939 2938//2938 2932//2932
f 2942//2942 2940//2940 2939//2939 3149//3149
f 3149//3149 2939//2939 2941//2941 3153//3153
f 2942//2942 2951//2951 2952//2952 3386//3386
f 3387//3387 2940//2940 2942//2942 3386//3386
f 2943//2943 3150//3150 3153//3153 2941//2941
f 2944//2944 2750//2750 2945//2945 2946//2946
f 2944//2944 2946//2946 2962//2962 2751//2751
f 3389//3389 2949//2949 2945//2945 2750//2750
f 2946//2946 2945//2945 2947//2947 2957//2957
f 2949//2949 2948//2948 2947//2947 2945//2945
f 2956//2956 2957//2957 2947//2947 2955//2955
f 2955//2955 2947//2947 2948//2948 2954//2954
f 2950//2950 2948//2948 2949//2949 3383//3383
f 3385//3385 3383//3383 2949//2949 3389//3389
f 2950//2950 2952//2952 2951//2951 2953//2953
f 2954//2954 2948//2948 2950//2950 2953//2953
f 3382//3382 2952//2952 2950//2950 3383//3383
f 2959//2959 2953//2953 2951//2951 3151//3151
f 3149//3149 3151//3151 2951//2951 2942//2942
f 3388//3388 3386//3386 2952//2952 3382//3382
f 2960//2960 2954//2954 2953//2953 2959//2959
f 2955//2955 2954//2954 2960//2960 3268//3268
f 2955//2955 3268//3268 2961//2961 2956//2956
f 2957//2957 2956//2956 2958//2958 2970//2970
f 2957//2957 2970//2970 2962//2962 2946//2946
f 2958//2958 2956//2956 2961//2961 2979//2979
f 2969//2969 2970//2970 2958//2958 2975//2975
f 2958//2958 2979//2979 2980//2980 2975//2975
f 2959//2959 3151//3151 3152//3152 3156//3156
f 2960//2960 2959//2959 3156//3156 3171//3171
f 2963//2963 2751//2751 2962//2962 2964//2964
f 2969//2969 2964//2964 2962//2962 2970//2970
f 2963//2963 2964//2964 2965//2965 2755//2755
f 2964//2964 2969//2969 2971//2971 2965//2965
f 2966//2966 2971//2971 2972//2972 2968//2968
f 3016//3016 3008//3008 2967//2967 2973//2973
f 2973//2973 2967//2967 2968//2968 2974//2974
f 2972//2972 2971//2971 2969//2969 2975//2975
f 2972//2972 2978//2978 2974//2974 2968//2968
f 2973//2973 2977//2977 3019//3019 3016//3016
f 2974//2974 2976//2976 2977//2977 2973//2973
f 2975//2975 2980//2980 2978//2978 2972//2972
f 2976//2976 2974//2974 2978//2978 3190//3190
f 2977//2977 3022//3022 3020//3020 3019//3019
f 3025//3025 3022//3022 2977//2977 2976//2976
f 2978//2978 2980//2980 3188//3188 3190//3190
f 3174//3174 3191//3191 2979//2979 2961//2961
f 3188//3188 2980//2980 2979//2979 3191//3191
f 2982//2982 2986//2986 2985//2985 2981//2981
f 2983//2983 2987//2987 2986//2986 2982//2982
f 2984//2984 2988//2988 2987//2987 2983//2983
f 2984//2984 3007//3007 3012//3012 2988//2988
f 2986//2986 2990//2990 2989//2989 2985//2985
f 2987//2987 2991//2991 2990//2990 2986//2986
f 2987//2987 2988//2988 2992//2992 2991//2991
f 2988//2988 3012//3012 3018//3018 2992//2992
f 2990//2990 2994//2994 2993//2993 2989//2989
f 2991//2991 2995//2995 2994//2994 2990//2990
f 2996//2996 2995//2995 2991//2991 2992//2992
f 3021//3021 2996//2996 2992//2992 3018//3018
f 2994//2994 2998//2998 2997//2997 2993//2993
f 2994//2994 2995//2995 2999//2999 2998//2998
f 2995//2995 2996//2996 3000//3000 2999//2999
f 2997//2997 2998//2998 3002//3002 3001//3001
f 2998//2998 2999//2999 3003//3003 3002//3002
f 2999//2999 3000//3000 3004//3004 3003//3003
f 3021//3021 3023//3023 3000//3000 2996//2996
f 3176//3176 1768//1768 3001//3001 3002//3002
f 3177//3177 3176//3176 3002//3002 3003//3003
f 3178//3178 3177//3177 3003//3003 3004//3004
f 3023//3023 3024//3024 3004//3004 3000//3000
f 3179//3179 3178//3178 3004//3004 3024//3024
f 3006//3006 3010//3010 3013//3013 3005//3005
f 3007//3007 3005//3005 3013//3013 3012//3012
f 3008//3008 3016//3016 3014//3014 3009//3009
f 3010//3010 3006//3006 3011//3011 3430//3430
f 3014//3014 3015//3015 3010//3010 3430//3430
f 3011//3011 3358//3358 3363//3363 3430//3430
f 3012//3012 3013//3013 3017//3017 3018//3018
f 3015//3015 3017//3017 3013//3013 3010//3010
f 3363//3363 3009//3009 3014//3014 3430//3430
f 3016//3016 3019//3019 3015//3015 3014//3014
f 3020//3020 3017//3017 3015//3015 3019//3019
f 3021//3021 3018//3018 3017//3017 3020//3020
f 3020//3020 3022//3022 3023//3023 3021//3021
f 3022//3022 3025//3025 3024//3024 3023//3023
f 3189//3189 3179//3179 3024//3024 3025//3025
f 3190//3190 3189//3189 3025//3025 2976//2976
f 3402//3402 1589//1589 3026//3026 2813//2813
f 3040//3040 3030//3030 3028//3028 3034//3034
f 3029//3029 3027//3027 3033//3033 3037//3037
f 3034//3034 3028//3028 3029//3029 3037//3037
f 3051//3051 3031//3031 3030//3030 3040//3040
f 3049//3049 3032//3032 3031//3031 3051//3051
f 3036//3036 3038//3038 3034//3034 3037//3037
f 3035//3035 3036//3036 3037//3037 3033//3033
f 3041//3041 3042//3042 3036//3036 3035//3035
f 3038//3038 3039//3039 3040//3040 3034//3034
f 3042//3042 3043//3043 3038//3038 3036//3036
f 3043//3043 3044//3044 3039//3039 3038//3038
f 3053//3053 3051//3051 3040//3040 3039//3039
f 3041//3041 3063//3063 3045//3045 3042//3042
f 3045//3045 3046//3046 3043//3043 3042//3042
f 3046//3046 3047//3047 3044//3044 3043//3043
f 3044//3044 3058//3058 3053//3053 3039//3039
f 3062//3062 3064//3064 3045//3045 3063//3063
f 3064//3064 3065//3065 3046//3046 3045//3045
f 3047//3047 3060//3060 3058//3058 3044//3044
f 3065//3065 3066//3066 3047//3047 3046//3046
f 3049//3049 3054//3054 3052//3052 3048//3048
f 3053//3053 3054//3054 3049//3049 3051//3051
f 3050//3050 3052//3052 3055//3055 3056//3056
f 3055//3055 3052//3052 3054//3054 3059//3059
f 3058//3058 3059//3059 3054//3054 3053//3053
f 3057//3057 3056//3056 3055//3055 3059//3059
f 3056//3056 3057//3057 3061//3061 3082//3082
f 3078//3078 3050//3050 3056//3056 3082//3082
f 3058//3058 3060//3060 3057//3057 3059//3059
f 3061//3061 3057//3057 3060//3060 3087//3087
f 3060//3060 3047//3047 3066//3066 3087//3087
f 3079//3079 3082//3082 3061//3061 3083//3083
f 3067//3067 3068//3068 3064//3064 3062//3062
f 3068//3068 3069//3069 3065//3065 3064//3064
f 3069//3069 3070//3070 3066//3066 3065//3065
f 3086//3086 3087//3087 3066//3066 3070//3070
f 3072//3072 3068//3068 3067//3067 3071//3071
f 3073//3073 3069//3069 3068//3068 3072//3072
f 3070//3070 3069//3069 3073//3073 3299//3299
f 3088//3088 3086//3086 3070//3070 3299//3299
f 3075//3075 3072//3072 3071//3071 3074//3074
f 3076//3076 3073//3073 3072//3072 3075//3075
f 3091//3091 3075//3075 3074//3074 3090//3090
f 3089//3089 3076//3076 3075//3075 3091//3091
f 3299//3299 3073//3073 3076//3076 3269//3269
f 3078//3078 3082//3082 3079//3079 3077//3077
f 3080//3080 3079//3079 3083//3083 3085//3085
f 3080//3080 3085//3085 3084//3084 3081//3081
f 3081//3081 3084//3084 3096//3096 3095//3095
f 3083//3083 3061//3061 3087//3087 3086//3086
f 3084//3084 3085//3085 3088//3088 3099//3099
f 3085//3085 3083//3083 3086//3086 3088//3088
f 3269//3269 3099//3099 3088//3088 3299//3299
f 3103//3103 3104//3104 3089//3089 3102//3102
f 3089//3089 3104//3104 3269//3269 3076//3076
f 3091//3091 3090//3090 3092//3092 3093//3093
f 3102//3102 3089//3089 3091//3091 3093//3093
f 3120//3120 3121//3121 3093//3093 3092//3092
f 3132//3132 3102//3102 3093//3093 3121//3121
f 3094//3094 3095//3095 3096//3096 3098//3098
f 3096//3096 3084//3084 3099//3099 3100//3100
f 3096//3096 3100//3100 3101//3101 3098//3098
f 3101//3101 3129//3129 3097//3097 3098//3098
f 3097//3097 3129//3129 3127//3127 3124//3124
f 3099//3099 3269//3269 3104//3104 3100//3100
f 3101//3101 3100//3100 3104//3104 3103//3103
f 3133//3133 3103//3103 3102//3102 3132//3132
f 3129//3129 3101//3101 3103//3103 3133//3133
f 3105//3105 3107//3107 3108//3108 3106//3106
f 3114//3114 3113//3113 3106//3106 3108//3108
f 3107//3107 3109//3109 3110//3110 3108//3108
f 3115//3115 3114//3114 3108//3108 3110//3110
f 3109//3109 3111//3111 3112//3112 3110//3110
f 3116//3116 3115//3115 3110//3110 3112//3112
f 3125//3125 3112//3112 3111//3111 2934//2934
f 3118//3118 3117//3117 3113//3113 3114//3114
f 3119//3119 3118//3118 3114//3114 3115//3115
f 3116//3116 3130//3130 3119//3119 3115//3115
f 3125//3125 3128//3128 3116//3116 3112//3112
f 3120//3120 1706//1706 3117//3117 3118//3118
f 3121//3121 3120//3120 3118//3118 3119//3119
f 3130//3130 3132//3132 3121//3121 3119//3119
f 3124//3124 3127//3127 3126//3126 3123//3123
f 3126//3126 3128//3128 3125//3125 2890//2890
f 3126//3126 3127//3127 3131//3131 3128//3128
f 3127//3127 3129//3129 3133//3133 3131//3131
f 3128//3128 3131//3131 3130//3130 3116//3116
f 3131//3131 3133//3133 3132//3132 3130//3130
f 3137//3137 3138//3138 3136//3136 3134//3134
f 3138//3138 3139//3139 3140//3140 3136//3136
f 3142//3142 3143//3143 3138//3138 3137//3137
f 3143//3143 3144//3144 3139//3139 3138//3138
f 3144//3144 3145//3145 3141//3141 3139//3139
f 3141//3141 3145//3145 3154//3154 3150//3150
f 3146//3146 3143//3143 3142//3142 3157//3157
f 3142//3142 1733//1733 3232//3232 3157//3157
f 3147//3147 3144//3144 3143//3143 3146//3146
f 3148//3148 3145//3145 3144//3144 3147//3147
f 3159//3159 3147//3147 3146//3146 3158//3158
f 3160//3160 3148//3148 3147//3147 3159//3159
f 3148//3148 3155//3155 3154//3154 3145//3145
f 3153//3153 3152//3152 3151//3151 3149//3149
f 3154//3154 3152//3152 3153//3153 3150//3150
f 3156//3156 3152//3152 3154//3154 3155//3155
f 3160//3160 3170//3170 3155//3155 3148//3148
f 3170//3170 3171//3171 3156//3156 3155//3155
f 3158//3158 3146//3146 3157//3157 3161//3161
f 3163//3163 3159//3159 3158//3158 3162//3162
f 3164//3164 3160//3160 3159//3159 3163//3163
f 3172//3172 3170//3170 3160//3160 3164//3164
f 3162//3162 3158//3158 3161//3161 3165//3165
f 3166//3166 3167//3167 3162//3162 3165//3165
f 3167//3167 3168//3168 3163//3163 3162//3162
f 3168//3168 3169//3169 3164//3164 3163//3163
f 3184//3184 3185//3185 3167//3167 3166//3166
f 3185//3185 3186//3186 3168//3168 3167//3167
f 3169//3169 3173//3173 3172//3172 3164//3164
f 3186//3186 3187//3187 3169//3169 3168//3168
f 3171//3171 3170//3170 3172//3172 3175//3175
f 3171//3171 3175//3175 3268//3268 2960//2960
f 3174//3174 3175//3175 3172//3172 3173//3173
f 3187//3187 3193//3193 3173//3173 3169//3169
f 3191//3191 3174//3174 3173//3173 3193//3193
f 3268//3268 3175//3175 3174//3174 2961//2961
f 3176//3176 3177//3177 3181//3181 3180//3180
f 3178//3178 3182//3182 3181//3181 3177//3177
f 3179//3179 3183//3183 3182//3182 3178//3178
f 3180//3180 3181//3181 3185//3185 3184//3184
f 3182//3182 3186//3186 3185//3185 3181//3181
f 3183//3183 3187//3187 3186//3186 3182//3182
f 3189//3189 3192//3192 3183//3183 3179//3179
f 3192//3192 3193//3193 3187//3187 3183//3183
f 3188//3188 3192//3192 3189//3189 3190//3190
f 3191//3191 3193//3193 3192//3192 3188//3188
f 3241//3241 559//559 3195//3195 3306//3306
f 3198//3198 3199//3199 3197//3197 3209//3209
f 3282//3282 3281//3281 3197//3197 3200//3200
f 3199//3199 3201//3201 3200//3200 3197//3197
f 3285//3285 3282//3282 3200//3200 3208//3208
f 3201//3201 3204//3204 3208//3208 3200//3200
f 3204//3204 3205//3205 3203//3203 3208//3208
f 3283//3283 2737//2737 3203//3203 3206//3206
f 3205//3205 1095//1095 3206//3206 3203//3203
f 3281//3281 3279//3279 3209//3209 3197//3197
f 3275//3275 2005//2005 3210//3210 3322//3322
f 3212//3212 3251//3251 3254//3254 3213//3213
f 3213//3213 3254//3254 3250//3250 3211//3211
f 3217//3217 3218//3218 3219//3219 3220//3220
f 3264//3264 2671//2671 3217//3217 3221//3221
f 3221//3221 3217//3217 3220//3220 3222//3222
f 3220//3220 3219//3219 3392//3392 3394//3394
f 3265//3265 3264//3264 3221//3221 3224//3224
f 3224//3224 3221//3221 3222//3222 3225//3225
f 3222//3222 3220//3220 3394//3394 3395//3395
f 3223//3223 3224//3224 3225//3225 3226//3226
f 3267//3267 3266//3266 3223//3223 3227//3227
f 3266//3266 3265//3265 3224//3224 3223//3223
f 3225//3225 3222//3222 3395//3395 3397//3397
f 3227//3227 3223//3223 3226//3226 1198//1198
f 3226//3226 3225//3225 3397//3397 3396//3396
f 3228//3228 3274//3274 3275//3275 3276//3276
f 3236//3236 3237//3237 3238//3238 3239//3239
f 3263//3263 3262//3262 3236//3236 3242//3242
f 3237//3237 3240//3240 3241//3241 3238//3238
f 3262//3262 3261//3261 3237//3237 3236//3236
f 3238//3238 3241//3241 3306//3306 3304//3304
f 3242//3242 3236//3236 3239//3239 3243//3243
f 3239//3239 3238//3238 3304//3304 3305//3305
f 3261//3261 3259//3259 3240//3240 3237//3237
f 3243//3243 3239//3239 3305//3305 3307//3307
f 3298//3298 3297//3297 3244//3244 3246//3246
f 3246//3246 3244//3244 3245//3245 1870//1870
f 3309//3309 3308//3308 3247//3247 3249//3249
f 3308//3308 1640//1640 3248//3248 3247//3247
f 3251//3251 3252//3252 3253//3253 3254//3254
f 3255//3255 3256//3256 3252//3252 3251//3251
f 3318//3318 906//906 3257//3257 3317//3317
f 3260//3260 526//526 3261//3261 3262//3262
f 3428//3428 713//713 3260//3260 539//539
f 3332//3332 176//176 3271//3271 3272//3272
f 3276//3276 3275//3275 3322//3322 3323//3323
f 3277//3277 3276//3276 3323//3323 3324//3324
f 3280//3280 3278//3278 3279//3279 3281//3281
f 3284//3284 2734//2734 3282//3282 3285//3285
f 3286//3286 2738//2738 3283//3283 1292//1292
f 3284//3284 2736//2736 3301//3301 2735//2735
f 3303//3303 3302//3302 3286//3286 1286//1286
f 3289//3289 3290//3290 3288//3288 3287//3287
f 3288//3288 3311//3311 3313//3313 2485//2485
f 3291//3291 3292//3292 3290//3290 3289//3289
f 3290//3290 2487//2487 3311//3311 3288//3288
f 3296//3296 3295//3295 3292//3292 3291//3291
f 3293//3293 3294//3294 3295//3295 3296//3296
f 3323//3323 3322//3322 3297//3297 3298//3298
f 3324//3324 3323//3323 3298//3298 1862//1862
f 3334//3334 3315//3315 3314//3314 3333//3333
f 3336//3336 3317//3317 3316//3316 3335//3335
f 3320//3320 3319//3319 3330//3330 3331//3331
f 3321//3321 3320//3320 3331//3331 1812//1812
f 3327//3327 3336//3336 3335//3335 3326//3326
f 3349//3349 778//778 3352//3352 3350//3350
f 3351//3351 569//569 3353//3353 579//579
f 3358//3358 3011//3011 3357//3357 2778//2778
f 3387//3387 2936//2936 3362//3362 2940//2940
f 3364//3364 2775//2775 3379//3379 2763//2763
f 3384//3384 3382//3382 3383//3383 3385//3385
f 3411//3411 3410//3410 3407//3407 2074//2074
f 3408//3408 3409//3409 3410//3410 3411//3411
f 3413//3413 1548//1548 3412//3412 1572//1572
f 3421//3421 3422//3422 3427//3427 2111//2111
f 3422//3422 3423//3423 3428//3428 3427//3427
f 3431//3431 2752//2752 2578//2578 2579//2579
f 3432//3432 1018//1018 1015//1015 1016//1016
f 3433//3433 783//783 597//597 822//822
