# Blender 4.3.0
# www.blender.org
mtllib 4inflated.mtl
o 4
v 0.783067 -1.484173 6.388896
v 0.521827 -1.447545 6.345808
v 0.535303 -1.726125 6.234498
v 0.514977 -1.176872 6.388556
v 0.787924 -1.742990 6.278142
v 1.050002 -1.494729 6.378662
v 1.039587 -1.756229 6.319939
v 0.792574 -1.208991 6.348021
v 0.531981 -0.918703 6.371526
v 1.314621 -1.518039 6.375817
v 1.281678 -1.779500 6.348517
v 1.068012 -1.231624 6.365428
v 1.344398 -1.260427 6.360395
v 1.073535 -0.975785 6.353811
v 0.830194 -0.693636 6.348173
v 0.552049 -0.634720 6.372231
v 0.790406 -0.958649 6.371932
v 0.590981 -0.366268 6.324904
v 1.154974 -0.450229 6.471085
v 0.872353 -0.407299 6.404127
v 1.127797 -0.706500 6.414290
v 0.887764 -0.154633 6.390615
v 1.386709 -1.004933 6.398951
v 1.413359 -0.747446 6.490901
v 1.583863 -1.564040 6.359634
v 1.518413 -1.781394 6.282688
v 1.633041 -1.310712 6.377691
v 1.730845 -1.836136 6.135914
v 1.699661 -0.792796 6.362202
v 1.661965 -1.048629 6.364285
v 1.729120 -0.532590 6.398478
v 1.435309 -0.496242 6.495115
v 1.459105 -0.230775 6.414483
v 1.934246 -1.099669 6.298053
v 1.977075 -0.838641 6.323428
v 0.647547 0.394331 6.358017
v 0.629185 0.141792 6.337669
v 0.905391 0.094379 6.403625
v 1.174709 -0.198436 6.480293
v 1.215594 0.300151 6.483005
v 0.929551 0.343000 6.361712
v 1.192724 0.051998 6.489957
v 1.227431 0.550908 6.411777
v 0.951975 0.593117 6.408401
v 1.478443 0.016993 6.414796
v 1.494308 0.267924 6.474602
v 0.737645 1.132779 6.373896
v 0.702688 0.892764 6.375553
v 0.975389 0.835650 6.367010
v 0.775285 1.365331 6.380520
v 1.006783 1.071452 6.359846
v 1.248265 0.790887 6.348496
v 1.283056 1.262705 6.369937
v 1.036071 1.304974 6.375368
v 1.262898 1.026338 6.355397
v 1.515231 0.758948 6.349159
v 1.526751 1.245063 6.370848
v 1.521109 1.006553 6.396926
v 0.836721 1.556237 6.336441
v 1.297698 1.509886 6.384297
v 1.070472 1.512968 6.333303
v 1.525578 1.484607 6.374669
v 1.757629 -0.015124 6.351057
v 1.506086 0.521009 6.356997
v 1.782413 0.244603 6.414403
v 2.064138 0.220377 6.377735
v 2.062031 -0.043431 6.381330
v 2.070661 0.481233 6.375839
v 1.789308 0.492967 6.389946
v 1.786579 0.981983 6.362003
v 2.070576 0.738296 6.372094
v 1.787785 0.740833 6.362946
v 2.062931 0.990277 6.365980
v 2.033063 1.231365 6.349702
v 1.774889 1.222562 6.375224
v 1.748453 1.466219 6.370906
v 1.978964 1.444027 6.289505
v -3.523309 -1.323808 2.917596
v -3.550379 -1.454595 3.098630
v -3.547647 -1.177446 3.099998
v -3.543815 -1.306616 3.456519
v -3.546503 -1.534917 3.297583
v -3.541559 -1.248157 3.256767
v -3.537998 -1.020455 3.341368
v -3.526411 -1.004659 3.135797
v -3.536726 -0.776124 3.395092
v -3.511843 -0.757059 3.166489
v -3.536251 -0.509032 3.194218
v -3.607348 -0.782652 2.944489
v -3.545887 -0.255455 3.212178
v -3.612748 -0.509677 2.946222
v -3.531203 -0.523852 3.426444
v -3.533443 -0.270023 3.449397
v -3.544284 -0.011320 3.470238
v -3.519252 -0.000831 3.216960
v -3.548386 -0.808003 3.615166
v -3.528972 -1.564807 2.288297
v -3.512530 -1.581767 2.571269
v -3.627918 -1.389953 2.479831
v -3.472613 -1.809749 2.415800
v -3.508312 -1.783602 2.711555
v -3.597072 -1.361594 2.722307
v -3.559626 -1.091754 2.887937
v -3.745893 -1.099519 2.687206
v -3.753664 -1.099816 2.435613
v -3.752417 -0.797243 2.689305
v -3.585332 -1.327901 2.220836
v -3.618699 -1.071672 2.182823
v -3.555550 -0.828770 2.157501
v -3.749572 -0.866695 2.422528
v -3.722225 -0.508486 2.684016
v -3.733324 -0.242456 2.683534
v -3.710876 -0.247123 2.946253
v -3.610464 0.013888 2.964662
v -3.754266 -0.504418 2.414800
v -3.741747 -0.236835 2.412070
v -3.738381 0.021024 2.683840
v -3.603789 -0.528957 2.149547
v -3.602026 -0.235208 2.139894
v -3.594688 0.035084 2.138656
v -3.727677 0.029124 2.413783
v -3.519974 -1.327331 1.959279
v -3.541665 -1.593281 2.012952
v -3.508612 -1.064124 1.921951
v -3.520492 -0.764212 1.912766
v -3.542440 -1.351884 1.694549
v -3.505483 -1.605267 1.753630
v -3.507592 -1.073838 1.662397
v -3.523252 -0.803499 1.637917
v -3.550607 -1.369112 1.429370
v -3.468053 -1.623348 1.491876
v -3.529042 -1.085184 1.398598
v -3.509762 -0.804423 1.377268
v -3.521798 -0.516496 1.890970
v -3.545309 -0.237931 1.882328
v -3.529599 0.041044 1.878425
v -3.532132 -0.516740 1.634954
v -3.577822 -0.235745 1.616011
v -3.543410 0.045854 1.615257
v -3.510194 -0.514269 1.372086
v -3.538759 -0.236655 1.357718
v -3.567720 0.048213 1.348263
v -3.514445 -1.374756 1.170342
v -3.409978 -1.632212 1.231099
v -3.530725 -1.100268 1.134541
v -3.552996 -0.818576 1.106125
v -3.520406 -0.511956 1.106082
v -3.522328 -0.212974 1.105134
v -3.525136 0.051431 1.082720
v -3.402228 -1.563525 3.434344
v -3.375718 -1.774090 3.159017
v -2.975065 -1.625209 3.609885
v -3.219823 -1.376060 3.714183
v -3.194696 -1.599898 3.529465
v -2.948918 -1.845513 3.352657
v -3.422698 -1.098076 3.714529
v -3.542669 -1.061627 3.552961
v -3.416502 -1.338294 3.601195
v -3.429313 -0.842737 3.797103
v -3.242191 -1.134227 3.848008
v -3.000625 -1.395406 3.790163
v -3.048617 -0.894016 4.043501
v -3.253223 -0.871833 3.938088
v -3.026546 -1.152389 3.931317
v -3.432585 -0.577518 3.849760
v -3.541143 -0.549228 3.657715
v -3.429576 -0.308095 3.881129
v -3.530852 -0.287237 3.684366
v -3.424760 -0.038142 3.896918
v -3.525818 -0.024087 3.695069
v -3.063405 -0.622053 4.120422
v -3.259237 -0.600989 3.998593
v -3.266534 -0.327324 4.044329
v -3.069649 -0.343114 4.167172
v -3.268837 -0.050997 4.069279
v -3.346977 -1.908290 2.857682
v -3.551188 -1.717302 3.012645
v -3.440148 -1.832687 2.132083
v -3.304492 -1.971128 2.553335
v -3.097451 -2.075333 2.676752
v -3.137779 -1.974231 2.976118
v -3.258783 -2.008491 2.258904
v -3.048961 -2.129281 2.377418
v -3.173378 -1.817183 3.267274
v -2.870400 -2.126718 2.780691
v -3.383861 -1.845214 1.858470
v -3.265553 -1.854324 1.321249
v -3.324739 -1.850562 1.588636
v -3.207198 -2.031762 1.972373
v -3.144086 -2.034685 1.693472
v -2.932903 -2.168205 1.799000
v -2.993068 -2.155930 2.084745
v -3.076472 -2.026423 1.420614
v -3.475589 -1.379892 0.909345
v -3.354378 -1.638780 0.969450
v -3.198561 -1.846011 1.057466
v -3.294935 -1.635121 0.714900
v -3.129818 -1.827063 0.796825
v -3.232856 -1.627317 0.455616
v -3.066798 -1.813654 0.534878
v -3.010692 -2.015599 1.151395
v -2.937841 -1.985503 0.888329
v -3.546087 -1.111346 0.864372
v -3.523254 -0.817956 0.842301
v -3.442786 -1.387706 0.646905
v -3.530254 -1.113657 0.599955
v -3.515419 -0.500458 0.844155
v -3.507304 -0.212965 0.826813
v -3.513216 0.053880 0.817262
v -3.519806 -0.236719 0.543030
v -3.507165 0.048697 0.550270
v -3.524165 -0.531507 0.553968
v -3.540139 -0.827967 0.570482
v -3.524161 -0.532967 0.286546
v -3.545848 -0.832682 0.301529
v -3.536276 -0.244724 0.275716
v -3.174513 -1.619178 0.191534
v -3.116474 -1.609094 -0.072713
v -2.999600 -1.792211 0.273319
v -3.389867 -1.382896 0.385609
v -3.345195 -1.378840 0.120168
v -3.503705 -1.112963 0.334716
v -3.471829 -1.111727 0.067086
v -3.542747 -0.829488 0.029484
v -3.294255 -1.368061 -0.145831
v -3.432746 -1.105010 -0.201860
v -3.518952 -0.826503 -0.241817
v -3.243133 -1.357521 -0.413905
v -3.047280 -1.587553 -0.335328
v -3.384160 -1.095458 -0.470793
v -3.535624 -0.535318 0.011860
v -3.517894 -0.237521 0.003603
v -3.520110 0.078179 0.008287
v -3.517457 0.070012 0.279124
v -3.542694 -0.538581 -0.264409
v -3.532495 -0.242051 -0.272943
v -3.517782 0.051895 -0.274227
v -3.542547 -0.531432 -0.541265
v -3.481986 -0.816577 -0.511600
v -3.536400 -0.236643 -0.552478
v -2.915299 -2.012341 3.074666
v -2.717914 -1.855558 3.419803
v -2.484409 -1.860208 3.477386
v -2.516987 -1.650320 3.705432
v -2.749264 -1.643740 3.667148
v -2.444843 -2.027490 3.219893
v -2.247490 -1.854874 3.525366
v -2.283971 -1.661238 3.749897
v -2.207502 -2.022659 3.279123
v -2.777819 -1.419849 3.857541
v -2.804106 -1.171079 4.001329
v -2.545935 -1.426005 3.896363
v -2.343044 -1.189999 4.097245
v -2.600093 -0.922243 4.178427
v -2.574285 -1.181000 4.050716
v -2.845030 -0.636598 4.204136
v -2.825809 -0.907591 4.113075
v -2.854251 -0.355632 4.258837
v -2.387547 -0.655882 4.316805
v -2.616889 -0.646231 4.262259
v -2.368170 -0.929064 4.222025
v -2.628639 -0.365191 4.326368
v -2.397897 -0.372569 4.375117
v -2.631731 -0.078849 4.360649
v -2.820834 -2.199036 2.483573
v -2.764856 -2.235809 2.189003
v -2.585908 -2.234665 2.576428
v -2.636991 -2.151919 2.869404
v -2.529217 -2.280714 2.282790
v -2.399694 -2.156670 2.943969
v -2.680433 -2.019402 3.149898
v -2.347891 -2.244588 2.656126
v -2.290566 -2.299379 2.365541
v -2.703693 -2.252606 1.900414
v -2.863223 -2.154331 1.521686
v -2.634686 -2.240905 1.619748
v -2.396676 -2.280642 1.712315
v -2.465996 -2.292212 1.993508
v -2.227133 -2.305220 2.076160
v -2.720699 -2.100636 0.985897
v -2.486915 -2.170270 1.085065
v -2.560108 -2.205928 1.349143
v -2.792525 -2.133044 1.250566
v -2.416492 -2.128054 0.826447
v -2.650410 -2.066263 0.724606
v -2.346826 -2.088316 0.569978
v -2.322009 -2.245570 1.441693
v -2.175339 -2.142937 0.928529
v -2.932467 -1.768080 0.011819
v -2.870862 -1.745877 -0.251158
v -2.734013 -1.902716 0.105058
v -2.511816 -1.995371 0.208203
v -2.801296 -1.931104 0.365330
v -2.665918 -1.869686 -0.153632
v -2.442473 -1.967302 -0.048684
v -2.579791 -2.026030 0.466481
v -2.602913 -1.847461 -0.415676
v -2.371158 -1.941637 -0.304950
v -2.275883 -2.044377 0.316595
v -2.990324 -1.557957 -0.600873
v -2.812560 -1.715168 -0.517414
v -2.763076 -1.686481 -0.793085
v -2.873029 -1.502323 -1.135852
v -2.682723 -1.677000 -1.053847
v -2.941611 -1.521835 -0.871854
v -2.534013 -1.834486 -0.678450
v -2.781916 -1.491900 -1.393371
v -2.587192 -1.666356 -1.303778
v -2.448666 -1.824910 -0.935258
v -2.362531 -1.820614 -1.190052
v -3.113327 -1.311297 -0.945391
v -3.175257 -1.332462 -0.678604
v -3.260248 -1.067147 -1.006546
v -3.325794 -1.082081 -0.739329
v -3.042341 -1.292979 -1.209911
v -3.186344 -1.052758 -1.272040
v -2.954674 -1.282102 -1.470153
v -3.099897 -1.042342 -1.534282
v -3.438207 -0.809888 -0.783992
v -3.501889 -0.524002 -0.814364
v -3.373963 -0.799239 -1.052825
v -3.451960 -0.515426 -1.084493
v -3.495347 -0.222182 -1.103083
v -3.540130 -0.229371 -0.831835
v -3.299717 -0.788359 -1.319881
v -3.379206 -0.506904 -1.353163
v -3.423718 -0.214958 -1.372226
v -3.213860 -0.778829 -1.583922
v -3.293401 -0.498085 -1.618331
v -3.337494 -0.206848 -1.637573
v -2.684457 -1.485881 -1.647406
v -2.487352 -1.662290 -1.554564
v -2.581656 -1.483887 -1.899866
v -2.383780 -1.668924 -1.805490
v -2.858151 -1.274321 -1.726973
v -3.003601 -1.033947 -1.793180
v -2.754582 -1.268681 -1.981048
v -2.898474 -1.026138 -2.048733
v -3.118746 -0.770759 -1.845086
v -3.196367 -0.489250 -1.879887
v -3.239592 -0.198055 -1.899141
v -3.088459 -0.479903 -2.137155
v -3.008876 -0.760505 -2.100305
v -3.131598 -0.188628 -2.156909
v -2.010127 -1.847163 3.576231
v -2.047642 -1.658428 3.787465
v -1.969631 -2.015558 3.338117
v -2.161142 -2.153395 3.010602
v -1.922070 -2.144062 3.072588
v -1.773201 -1.836252 3.635826
v -1.809036 -1.645368 3.832396
v -1.571990 -1.644467 3.880946
v -1.533829 -1.827089 3.688713
v -1.730540 -2.006317 3.394997
v -1.489074 -1.998939 3.448592
v -2.079501 -1.436409 3.978847
v -2.312993 -1.430735 3.935030
v -2.109114 -1.192390 4.132412
v -1.843493 -1.434559 4.014879
v -2.154784 -0.661137 4.352893
v -2.134507 -0.931605 4.253561
v -2.166821 -0.379833 4.420154
v -2.400187 -0.085171 4.407227
v -1.902568 -0.938369 4.291131
v -1.922617 -0.666723 4.384916
v -1.671573 -0.945255 4.325349
v -1.934170 -0.384572 4.446767
v -1.691930 -0.672564 4.413393
v -1.703515 -0.390017 4.471501
v -1.937222 -0.096942 4.483307
v -2.109192 -2.244945 2.727773
v -1.989208 -2.295666 2.148531
v -2.051531 -2.288502 2.437267
v -1.813254 -2.276268 2.502995
v -1.869930 -2.232452 2.791979
v -1.753386 -2.273880 2.213582
v -1.629721 -2.222608 2.853281
v -1.681984 -2.132746 3.130834
v -1.574656 -2.264579 2.565634
v -1.518406 -2.255981 2.275455
v -2.083076 -2.237427 1.527351
v -2.157498 -2.287564 1.795068
v -1.775944 -2.106221 1.356563
v -1.850499 -2.196026 1.601536
v -1.922000 -2.263051 1.867830
v -1.627444 -2.135007 1.662164
v -1.691737 -2.224381 1.931471
v -1.560721 -2.007250 1.423767
v -1.354250 -1.702082 1.305898
v -1.377334 -1.919376 1.478919
v -1.937695 -2.104204 1.030274
v -2.006402 -2.171039 1.274183
v -2.245985 -2.194167 1.182336
v -1.870531 -2.049159 0.784033
v -2.034729 -2.049315 0.426973
v -1.798480 -1.997912 0.538287
v -2.107053 -2.090637 0.677434
v -1.711991 -2.023335 1.131072
v -1.645742 -1.957375 0.890354
v -1.572617 -1.902180 0.646092
v -1.506655 -1.900867 1.235400
v -1.720788 -1.959826 0.293203
v -1.444417 -1.810523 0.991796
v -1.270749 -1.592494 1.048968
v -1.140854 -1.333145 1.083444
v -1.307570 -1.365671 1.261240
v -1.074824 -1.046347 1.101493
v -1.281096 -1.065593 1.226079
v -1.258015 -0.477592 1.154898
v -1.032476 -0.153830 1.076742
v -1.257735 -0.172558 1.137836
v -2.203299 -2.015260 0.063318
v -2.292971 -1.926654 -0.560095
v -2.128007 -1.988272 -0.188220
v -1.798000 -1.972957 -0.315635
v -1.882086 -1.982582 -0.068842
v -1.641022 -1.930629 0.048948
v -1.960084 -2.009350 0.178745
v -1.557155 -1.913819 -0.194570
v -1.413567 -1.829033 0.161319
v -1.497917 -1.853735 0.402816
v -1.466321 -1.914009 -0.437055
v -2.208062 -1.924514 -0.813689
v -2.046264 -1.975026 -0.438691
v -2.117889 -1.916928 -1.064935
v -1.958966 -1.966345 -0.687992
v -1.709854 -1.964772 -0.561755
v -1.867069 -1.963817 -0.936127
v -1.616938 -1.958466 -0.807064
v -1.514994 -1.969321 -1.049581
v -1.766974 -1.964159 -1.181318
v -2.261827 -1.812377 -1.438301
v -2.467333 -1.482206 -2.147285
v -2.270143 -1.670880 -2.051961
v -2.018680 -1.914190 -1.312136
v -2.043514 -1.823154 -1.928184
v -1.910940 -1.917785 -1.555964
v -2.153927 -1.814352 -1.683981
v -1.799634 -1.933616 -1.798276
v -1.659546 -1.975731 -1.423971
v -2.641709 -1.266140 -2.231128
v -2.787275 -1.022035 -2.301749
v -2.897065 -0.753758 -2.354702
v -2.972491 -0.470350 -2.390749
v -3.015714 -0.178285 -2.411136
v -1.924497 -1.832131 -2.168673
v -2.151599 -1.676036 -2.292620
v -1.805974 -1.855147 -2.407870
v -2.027123 -1.685670 -2.530828
v -2.229106 -1.491849 -2.634460
v -1.908792 -1.705357 -2.770822
v -1.787937 -1.718180 -3.012755
v -1.683366 -1.872666 -2.645191
v -2.351820 -1.487915 -2.393172
v -2.523649 -1.265225 -2.478549
v -2.402311 -1.265524 -2.723461
v -2.544263 -1.013047 -2.796892
v -2.665364 -1.015629 -2.549385
v -2.106844 -1.498671 -2.875563
v -2.279109 -1.266255 -2.966894
v -2.419722 -1.009607 -3.042176
v -2.777669 -0.747003 -2.605418
v -2.855404 -0.462706 -2.643791
v -2.652994 -0.740450 -2.853037
v -2.726871 -0.453520 -2.890772
v -2.764732 -0.158255 -2.909401
v -2.893211 -0.168302 -2.661998
v -2.524141 -0.732507 -3.097963
v -2.593790 -0.442847 -3.134633
v -2.631072 -0.146714 -3.153384
v -1.988504 -1.509058 -3.119401
v -2.152517 -1.265964 -3.208494
v -1.660424 -1.726726 -3.249889
v -2.390431 -0.723848 -3.339682
v -2.284311 -1.001358 -3.280955
v -2.462579 -0.433444 -3.379019
v -2.152830 -0.996946 -3.521653
v -2.251748 -0.714224 -3.578136
v -1.439832 -2.129474 3.188457
v -1.334084 -1.651694 3.919725
v -1.292961 -1.832333 3.733997
v -1.196023 -2.138168 3.247010
v -1.246082 -2.001965 3.500020
v -1.096002 -1.667474 3.956206
v -1.051854 -1.848706 3.780740
v -0.858877 -1.693091 3.997569
v -0.808754 -1.867264 3.829574
v -0.756941 -2.038445 3.614989
v -1.374736 -1.442664 4.086826
v -1.607801 -1.431934 4.046647
v -1.642514 -1.198879 4.199047
v -1.411169 -1.205215 4.228177
v -1.142100 -1.456619 4.120778
v -1.182863 -1.218103 4.259628
v -1.463188 -0.678424 4.436954
v -1.440916 -0.947738 4.342121
v -1.475982 -0.397028 4.501369
v -1.706050 -0.101987 4.502887
v -1.215350 -0.960597 4.374295
v -1.237853 -0.687794 4.462015
v -0.993914 -0.977457 4.406744
v -1.250430 -0.403845 4.520320
v -1.017702 -0.700068 4.486823
v -1.333726 -2.261963 2.627264
v -1.387788 -2.222288 2.914120
v -1.280254 -2.251414 2.337606
v -1.088973 -2.268441 2.686768
v -1.142658 -2.224701 2.972594
v -1.036469 -2.259619 2.394865
v -0.895321 -2.243797 3.032565
v -0.949756 -2.152252 3.305071
v -1.462942 -2.195526 1.990758
v -1.229618 -2.178520 2.055735
v -1.184273 -2.059771 1.787036
v -1.414185 -2.077882 1.722973
v -1.148451 -1.874396 1.549054
v -0.987262 -2.189279 2.107514
v -0.944817 -2.056263 1.836697
v -0.740934 -2.206378 2.155754
v -0.788828 -2.277432 2.448796
v -0.699928 -2.077415 1.873342
v -0.668088 -1.878008 1.620846
v -1.117053 -1.644566 1.379404
v -1.088362 -1.383455 1.257390
v -0.882345 -1.646644 1.411683
v -0.910415 -1.859285 1.594143
v -0.866172 -1.400512 1.266829
v -0.648627 -1.668011 1.440662
v -0.642759 -1.427200 1.290056
v -0.642804 -1.160651 1.165431
v -1.046236 -0.815571 1.143819
v -1.071446 -1.101379 1.176392
v -1.015066 -0.507544 1.145288
v -1.262337 -0.769403 1.191947
v -0.855947 -0.846199 1.062582
v -0.858442 -1.129413 1.155830
v -0.851010 -0.553253 1.006849
v -0.645043 -0.875035 1.068953
v -0.648828 -0.576969 1.002270
v -0.654571 -0.273521 0.968374
v -1.371048 -1.752144 0.744326
v -1.297211 -1.706426 0.500532
v -0.943916 -1.020584 0.905965
v -1.109240 -1.502369 0.576022
v -1.191938 -1.538444 0.810336
v -0.954776 -1.264124 0.638073
v -1.051011 -1.289933 0.860899
v -0.836096 -1.001261 0.690204
v -1.022929 -1.477047 0.343386
v -1.215758 -1.674090 0.259003
v -0.862583 -1.244904 0.412164
v -0.736852 -0.986995 0.468853
v -1.033029 -0.452444 1.087566
v -0.836578 -0.128341 0.940356
v -0.752221 -0.721437 0.730208
v -0.880864 -0.733318 0.931477
v -0.701123 -0.430783 0.755446
v -0.848886 -0.442086 0.943466
v -0.680815 -0.134885 0.764400
v -0.645787 -0.710727 0.512705
v -0.587029 -0.422534 0.540470
v -0.560103 -0.128371 0.554031
v -1.328971 -1.810356 -0.078730
v -1.121595 -1.659951 0.026264
v -1.030064 -1.653198 -0.207487
v -1.239936 -1.803238 -0.318377
v -0.937286 -1.655605 -0.441841
v -0.930536 -1.462101 0.113493
v -0.770633 -1.230973 0.185381
v -0.645917 -0.974391 0.243124
v -0.838303 -1.454397 -0.117206
v -0.679678 -1.222384 -0.042662
v -0.556700 -0.964522 0.015845
v -0.748903 -1.453791 -0.349757
v -0.593550 -1.220410 -0.273143
v -0.470680 -0.963882 -0.212749
v -0.560691 -0.698922 0.286357
v -0.514844 -0.416071 0.306753
v -0.540603 -0.115788 0.292419
v -0.473131 -0.690072 0.064276
v -0.480519 -0.438455 0.090778
v -0.447794 -0.112497 0.078623
v -0.450443 -0.665699 -0.179321
v -0.301729 -0.388991 -0.126117
v -0.222385 -0.098908 -0.125190
v -1.374577 -1.904522 -0.680217
v -1.145845 -1.803535 -0.557677
v -1.406606 -1.972788 -1.291218
v -1.162835 -1.922479 -1.160691
v -1.272275 -1.910763 -0.920745
v -1.047707 -1.803904 -0.797386
v -0.937428 -1.822876 -1.034573
v -0.846740 -1.658150 -0.681324
v -0.666061 -1.454663 -0.585364
v -0.525235 -1.214210 -0.509284
v -0.449766 -0.930249 -0.463885
v -1.680198 -1.948315 -2.037546
v -1.423795 -2.015503 -1.901959
v -1.544646 -1.989981 -1.664205
v -1.288953 -1.993425 -1.530092
v -1.043272 -1.941279 -1.399651
v -1.028124 -2.069401 -1.997514
v -1.163124 -2.024522 -1.766461
v -0.910513 -1.987763 -1.632776
v -0.818692 -1.838873 -1.274130
v -1.438016 -2.007732 -2.510771
v -1.556844 -1.970863 -2.274015
v -1.563015 -1.894283 -2.884064
v -1.295503 -2.043442 -2.136282
v -0.948846 -2.175137 -2.854159
v -1.056679 -2.132506 -2.609843
v -1.319422 -2.034987 -2.749315
v -0.779341 -2.185381 -2.468446
v -1.171748 -2.087715 -2.370533
v -0.895377 -2.121789 -2.229207
v -0.763695 -2.035613 -1.862645
v -0.673716 -2.250789 -2.714229
v -1.448837 -1.915530 -3.124320
v -1.532918 -1.735493 -3.481472
v -1.410270 -1.741326 -3.718674
v -1.328723 -1.922429 -3.362631
v -0.986236 -2.095339 -3.479612
v -1.096668 -2.079960 -3.234776
v -0.844891 -2.210255 -3.102311
v -1.206999 -2.060473 -2.991000
v -1.855974 -1.509375 -3.355602
v -1.722734 -1.508251 -3.589289
v -1.595887 -1.503899 -3.825445
v -1.885724 -1.258599 -3.682722
v -1.749088 -1.247114 -3.917222
v -2.015804 -0.988805 -3.759121
v -1.870306 -0.973383 -3.991029
v -2.108915 -0.702461 -3.813832
v -2.315678 -0.420616 -3.613734
v -2.169932 -0.407380 -3.848780
v -2.348473 -0.122109 -3.630579
v -2.198740 -0.107994 -3.863395
v -1.959154 -0.686578 -4.044919
v -2.016271 -0.391454 -4.078396
v -2.042157 -0.092621 -4.091238
v -1.278820 -1.735087 -3.948078
v -1.207898 -1.929673 -3.600928
v -0.970282 -1.905637 -4.075683
v -0.766351 -2.078888 -3.967645
v -1.090477 -1.924138 -3.839596
v -1.009033 -1.686864 -4.405203
v -0.744183 -1.808305 -4.560045
v -0.852443 -1.868609 -4.310272
v -1.457618 -1.493317 -4.055568
v -1.604120 -1.231686 -4.146357
v -1.718186 -0.955357 -4.218164
v -1.315394 -1.470322 -4.282518
v -1.143045 -1.714979 -4.176009
v -1.452137 -1.207615 -4.370140
v -1.557227 -0.931495 -4.438416
v -1.167453 -1.436440 -4.504956
v -1.290501 -1.174987 -4.585639
v -1.384532 -0.901603 -4.648153
v -1.801157 -0.668128 -4.269983
v -1.853993 -0.373915 -4.301486
v -1.877333 -0.076720 -4.312616
v -1.633137 -0.645702 -4.486991
v -1.681251 -0.353861 -4.515843
v -1.702330 -0.059540 -4.525173
v -1.452298 -0.619292 -4.692193
v -1.495344 -0.331506 -4.717721
v -1.514386 -0.041531 -4.725011
v -0.879753 -1.616761 -4.635396
v -1.009467 -1.388572 -4.716080
v -1.115829 -1.134788 -4.786378
v -0.729017 -1.564345 -4.834999
v -0.594329 -1.766896 -4.756958
v -0.838917 -1.336883 -4.905717
v -0.927115 -1.088326 -4.965480
v -1.197510 -0.866459 -4.841344
v -1.256417 -0.589341 -4.879669
v -1.294242 -0.307238 -4.901300
v -0.994877 -0.826129 -5.011320
v -1.044227 -0.555697 -5.042615
v -1.076749 -0.280682 -5.059656
v -0.702325 -2.178800 3.368954
v -1.002343 -2.017809 3.555502
v -0.624038 -1.728013 4.048602
v -0.566107 -1.901338 3.895714
v -0.510352 -2.068302 3.684549
v -0.452149 -2.211985 3.437695
v -0.393031 -2.313696 3.159586
v -0.395912 -1.770364 4.116220
v -0.335267 -1.938746 3.974700
v -0.266939 -2.111539 3.775583
v -0.138225 -2.371621 3.230207
v -0.200378 -2.259816 3.516550
v -0.205030 -1.812227 4.229149
v -0.115838 -1.998119 4.100731
v -0.021319 -2.182760 3.870652
v -0.688423 -1.507712 4.197456
v -0.911199 -1.474333 4.151062
v -0.958132 -1.235941 4.290525
v -0.739883 -1.259905 4.323462
v -0.475705 -1.547595 4.250638
v -0.536487 -1.294526 4.374499
v -0.804066 -0.714879 4.514475
v -0.777663 -0.992803 4.426463
v -0.818854 -0.425808 4.575039
v -1.030584 -0.412581 4.538826
v -1.033960 -0.120077 4.573415
v -0.577500 -1.022627 4.482162
v -0.600779 -0.736756 4.565564
v -0.375952 -1.017784 4.449632
v -0.613488 -0.440993 4.617200
v -0.423176 -0.439804 4.538929
v -0.645801 -2.274108 3.094833
v -0.590587 -2.322091 2.802386
v -0.538484 -2.315514 2.500149
v -0.840759 -2.285464 2.744303
v -0.337553 -2.372878 2.861634
v -0.284408 -2.366935 2.551452
v -0.238651 -2.309951 2.238447
v 0.018602 -2.385904 2.282541
v -0.025829 -2.432418 2.603957
v -0.491391 -2.248635 2.197679
v -0.422408 -1.919264 1.640906
v -0.451654 -2.117769 1.906570
v -0.171560 -1.986915 1.651183
v -0.199081 -2.181491 1.936388
v 0.056365 -2.275366 1.968400
v 0.081308 -2.105424 1.668307
v -0.411873 -1.712917 1.466631
v -0.421849 -1.472721 1.314595
v -0.430798 -1.202587 1.187399
v -0.171004 -1.794993 1.477578
v 0.086736 -1.914577 1.430477
v -0.437988 -0.910363 1.098338
v -0.447558 -0.611562 1.038231
v -0.458256 -0.293726 0.998129
v -0.252618 -0.948608 1.164310
v -0.228722 -1.247673 1.229283
v -0.095766 -0.962147 1.287672
v -0.054930 -1.268618 1.322081
v -0.744204 -1.669636 -0.918538
v -0.623697 -1.691138 -1.152559
v -0.563087 -1.471190 -0.814366
v -0.410305 -1.247262 -0.723790
v -0.371901 -0.886958 -0.608962
v -0.450297 -1.480903 -1.041672
v -0.322042 -1.222995 -0.938293
v -0.276398 -0.990233 -0.830482
v -0.436666 -0.664820 -0.444242
v -0.210819 -0.375130 -0.384634
v -0.121197 -0.080321 -0.349671
v -0.266280 -0.671848 -0.606418
v -0.035675 -0.351932 -0.592720
v -0.001868 -0.067637 -0.565328
v 0.002430 -0.641640 -0.816508
v 0.069083 -0.356682 -0.804258
v 0.084705 -0.060072 -0.794200
v -0.518107 -1.945076 -1.734848
v -0.681540 -1.884182 -1.508451
v -0.488297 -1.731924 -1.385469
v -0.338298 -2.036770 -1.951531
v -0.320741 -1.796413 -1.616313
v -0.208921 -1.545483 -1.488169
v -0.334011 -1.505927 -1.268680
v -0.070099 -1.883646 -1.799612
v -0.049793 -1.602132 -1.671118
v 0.157470 -1.534476 -1.750553
v -0.229250 -1.257577 -1.193567
v -0.177573 -1.211553 -1.415542
v -0.154808 -0.972354 -1.354904
v -0.270887 -0.932788 -1.103726
v -0.077794 -1.258356 -1.543945
v 0.116704 -0.925046 -1.534325
v 0.014222 -0.895348 -1.702341
v 0.100423 -1.202978 -1.736566
v 0.132318 -0.344653 -1.037258
v 0.159544 -0.048045 -1.025242
v 0.072425 -0.635894 -1.058058
v 0.161478 -0.334556 -1.273417
v 0.187114 -0.033946 -1.263930
v 0.099888 -0.624774 -1.296463
v 0.137680 -0.622304 -1.515330
v 0.141833 -0.316534 -1.502555
v 0.142986 -0.014900 -1.494827
v -0.022814 -0.593074 -1.658066
v -0.038762 -0.292172 -1.633008
v -0.042383 0.006478 -1.628132
v -0.493310 -2.200109 -2.325709
v -0.573083 -2.302595 -2.966507
v -0.384927 -2.289327 -2.574056
v -0.204279 -2.174677 -2.183351
v -0.614235 -2.104208 -2.089327
v -0.082595 -2.296685 -2.437290
v 0.100748 -2.131509 -2.036900
v -0.284668 -2.357330 -2.834774
v 0.018314 -2.381484 -2.711342
v -0.874790 -2.090707 -3.723924
v -0.738780 -2.226271 -3.352904
v -0.473260 -2.330341 -3.225654
v -0.189787 -2.401831 -3.102245
v -0.374690 -2.342378 -3.485168
v -0.003976 -2.419331 -3.638145
v -0.095559 -2.418000 -3.370826
v -0.275802 -2.335943 -3.742870
v -0.636334 -2.234497 -3.605186
v -0.655562 -2.047674 -4.206191
v -0.531975 -2.223045 -3.854489
v -0.543402 -2.007876 -4.440464
v -0.426059 -2.198082 -4.099116
v -0.178110 -2.321229 -3.998115
v -0.417134 -1.959983 -4.649772
v -0.437406 -1.724873 -4.923451
v -0.291579 -1.903132 -4.843223
v -0.207213 -2.112745 -4.560962
v -0.318208 -2.162938 -4.337181
v -0.276320 -1.681014 -5.065880
v 0.009838 -1.938925 -4.963345
v -0.096227 -2.040290 -4.770105
v -0.161037 -1.820927 -5.008184
v 0.025615 -2.228190 -4.486635
v -0.116151 -1.622028 -5.194719
v -0.557053 -1.516008 -5.003322
v -0.649108 -1.285928 -5.066938
v -0.720073 -1.039999 -5.115293
v -0.372356 -1.466331 -5.141174
v -0.441696 -1.235270 -5.194662
v -0.495092 -0.991690 -5.226246
v -0.169977 -1.416490 -5.239165
v -0.216307 -1.189166 -5.266584
v -0.260891 -0.950564 -5.285285
v -0.774386 -0.783308 -5.150572
v -0.814752 -0.519786 -5.173772
v -0.842372 -0.252315 -5.185300
v -0.537783 -0.740395 -5.250117
v -0.572311 -0.483719 -5.261184
v -0.596477 -0.223066 -5.264483
v -0.297116 -0.702682 -5.284703
v -0.325232 -0.449732 -5.286680
v -0.348069 -0.195008 -5.285750
v 0.104321 -1.781480 -5.146246
v -0.061623 -1.738724 -5.134903
v 0.090667 -1.609893 -5.233929
v 0.053635 -1.396993 -5.289208
v 0.014102 -1.161953 -5.286295
v -0.017307 -0.916913 -5.278039
v -0.045688 -0.668509 -5.273394
v -0.070343 -0.417949 -5.273901
v -0.092029 -0.164948 -5.271286
v 0.100851 -1.559442 6.000276
v 0.156790 -1.726347 5.870149
v 0.343622 -1.831258 5.947396
v 0.180145 -1.882957 5.598113
v 0.275959 -1.395078 6.239025
v 0.308382 -1.642175 6.128720
v 0.567269 -1.924400 6.006320
v 0.615250 -2.082519 5.718882
v -0.049685 -1.513079 5.821391
v 0.007106 -1.653274 5.764889
v -0.112703 -1.301192 5.889297
v 0.056970 -1.338387 6.088594
v -0.153705 -1.060371 5.947929
v 0.035335 -1.090215 6.148480
v 0.266513 -1.131217 6.294090
v 0.274996 -0.865989 6.323267
v -0.179320 -0.802397 5.995687
v 0.031830 -0.829500 6.183945
v 0.031109 -0.564222 6.214643
v -0.182121 -0.532826 6.023139
v 0.036920 -0.294851 6.231257
v 0.282497 -0.600430 6.343453
v 0.290514 -0.334271 6.364938
v 0.607540 -0.111574 6.338884
v 0.313037 -0.070539 6.361893
v -0.126027 -1.526098 5.591087
v -0.163884 -1.556179 5.336656
v -0.017705 -1.768205 5.309948
v 0.006647 -1.720398 5.561651
v 0.187531 -1.956136 5.311628
v 0.414239 -2.099140 5.352290
v 0.388016 -1.995795 5.660002
v 0.187025 -2.015640 5.008448
v 0.457081 -2.219018 4.699326
v 0.435943 -2.163497 5.032588
v -0.368530 -1.056640 5.450581
v -0.314819 -1.344584 5.131043
v -0.278089 -1.315962 5.392282
v -0.218976 -1.300678 5.648901
v -0.283971 -1.051706 5.707148
v -0.428663 -0.782013 5.500699
v -0.422280 -1.069707 5.189404
v -0.496183 -0.783518 5.238533
v -0.461340 -0.497344 5.537657
v -0.533269 -0.488845 5.273943
v -0.469477 -0.206668 5.559372
v -0.323288 -0.786299 5.755211
v -0.345729 -0.510873 5.791371
v -0.348828 -0.228532 5.812560
v -0.169033 -1.667493 4.793457
v -0.018960 -1.809932 5.025896
v -0.176505 -1.599825 5.068190
v -0.027705 -1.852905 4.727196
v 0.191386 -2.058563 4.673255
v 0.138501 -2.096715 4.305546
v 0.488554 -2.295116 4.355659
v 0.255804 -2.287085 3.971596
v -0.341328 -1.372977 4.868884
v -0.220251 -1.638035 4.532419
v -0.454427 -1.070556 4.673068
v -0.350139 -1.365712 4.612225
v -0.450031 -1.078259 4.928123
v -0.528014 -0.770811 4.715732
v -0.520678 -0.780588 4.974540
v -0.570649 -0.480835 5.009360
v -0.561018 -0.467410 4.749180
v -0.591155 -0.176844 5.030253
v 0.056760 -2.328589 3.597893
v 0.335661 -2.412732 3.672688
v 0.404868 -2.505582 3.360966
v -0.077497 -2.423220 2.922069
v 0.187218 -2.493917 2.982059
v 0.240322 -2.502070 2.657945
v 0.465367 -2.555572 3.037776
v 0.127271 -2.432487 3.297360
v 0.515985 -2.572273 2.709233
v 0.283736 -2.467600 2.333136
v 0.560142 -2.543722 2.381947
v 0.342415 -2.270035 1.717113
v 0.318929 -2.384291 2.017012
v 0.595956 -2.483929 2.062429
v 0.213296 -1.805691 0.608275
v 0.194282 -1.836354 0.885441
v -0.009739 -1.594684 0.859676
v 0.407503 -2.084864 1.182113
v 0.365979 -2.153944 1.456040
v 0.165842 -1.875472 1.167978
v 0.695579 -2.232224 1.194863
v 0.656316 -2.308255 1.474862
v 0.444791 -2.036181 0.902738
v 0.732420 -2.179349 0.912455
v 0.759469 -2.145151 0.628314
v -0.018446 -1.608378 1.124271
v -0.000541 -1.585088 1.361423
v -0.145248 -1.311815 1.105050
v -0.235565 -1.009232 1.094591
v -0.169442 -1.319745 0.845496
v -0.290323 -1.027521 0.841838
v -0.173196 -1.320244 0.582124
v -0.278751 -0.695256 1.058868
v -0.136572 -0.662267 1.274548
v -0.156033 -0.356563 1.262198
v -0.301627 -0.405513 1.041658
v -0.184611 -0.060074 1.273499
v -0.377830 -0.726522 0.842249
v -0.304025 -1.036748 0.579626
v 0.229876 -1.789518 0.332312
v 0.005653 -1.576075 0.592892
v 0.471313 -2.000525 0.621072
v 0.486682 -1.984497 0.340004
v 0.241433 -1.773244 0.058045
v 0.505646 -1.960848 0.061876
v 0.781659 -2.116434 0.345788
v 0.019128 -1.565337 0.323443
v -0.297670 -1.041949 0.314986
v -0.154280 -1.313276 0.316954
v -0.272654 -1.046450 0.049764
v -0.135172 -1.315244 0.050297
v -0.122909 -1.332505 -0.218156
v -0.405746 -0.753345 0.320495
v -0.398568 -0.739751 0.582168
v -0.469982 -0.436329 0.587435
v -0.469102 -0.454244 0.328191
v -0.507880 -0.127673 0.593489
v -0.350117 -0.775101 0.042341
v -0.401731 -0.428634 0.053539
v -0.454099 -0.140404 0.346625
v -0.246745 -1.066045 -0.214756
v 0.268131 -1.773606 -0.489544
v 0.251233 -1.769327 -0.215752
v 0.049336 -1.566262 -0.217382
v 0.515677 -1.953499 -0.216122
v 0.520455 -1.952023 -0.492920
v 0.518084 -1.959232 -0.768874
v 0.069389 -1.574866 -0.487876
v -0.223642 -1.101211 -0.489504
v -0.098268 -1.346962 -0.488386
v 0.083750 -1.579013 -0.758054
v -0.177597 -1.121602 -0.805558
v -0.068846 -1.344546 -0.758368
v -0.049207 -1.375754 -1.021306
v -0.298175 -0.882039 -0.516158
v -0.310729 -0.784838 -0.197878
v -0.273352 -0.883222 -0.788301
v -0.288017 -0.539312 -0.429367
v -0.530648 -0.516925 -0.771759
v -0.551070 -0.187469 -0.493849
v -0.131433 -1.113158 -1.018461
v -0.459085 -0.532606 -1.033695
v -0.554306 -0.210681 -0.764947
v 0.250474 -1.812732 -1.296875
v 0.264770 -1.791424 -1.031723
v 0.089596 -1.603975 -1.027775
v 0.237670 -1.852338 -1.500816
v 0.103406 -1.637509 -1.299313
v 0.502331 -1.973028 -1.044898
v 0.271741 -1.779181 -0.762278
v 0.385369 -1.960089 -1.550204
v 0.470214 -1.974289 -1.318874
v -0.024819 -1.416365 -1.288322
v 0.134731 -1.712334 -1.536186
v -0.039948 -1.227911 -1.545341
v 0.031288 -1.474375 -1.554954
v -0.094015 -1.170007 -1.270873
v -0.191329 -0.895194 -1.045905
v -0.117841 -0.892969 -1.246451
v -0.218969 -0.884982 -1.567568
v -0.260650 -0.580606 -1.536669
v -0.286269 -0.275202 -1.526982
v 0.235704 -2.291371 -2.323061
v 0.339264 -2.388995 -2.607000
v 0.682809 -2.383337 -2.539568
v 0.754854 -2.437639 -2.829681
v 0.425593 -2.446180 -2.894970
v 0.197490 -2.466740 -3.267189
v 0.110297 -2.437936 -2.989108
v 0.281429 -2.470035 -3.543829
v 0.649184 -2.464151 -3.743212
v 0.578062 -2.483692 -3.462807
v 0.181116 -2.361000 -4.162932
v 0.087991 -2.400365 -3.902601
v -0.073808 -2.276663 -4.243914
v 0.272914 -2.299540 -4.419334
v 0.446236 -2.409762 -4.089373
v 0.364951 -2.444526 -3.816769
v 0.717552 -2.421157 -4.022563
v 0.526084 -2.338469 -4.358112
v 0.602009 -2.242695 -4.626386
v 0.782941 -2.349921 -4.301212
v 0.219322 -2.025776 -4.938452
v 0.361508 -2.204593 -4.670105
v 0.127399 -2.136685 -4.713483
v 0.441952 -2.069113 -4.911015
v 0.723812 -1.892581 -5.102458
v 0.670795 -2.090675 -4.876617
v 0.501614 -1.876705 -5.122844
v 0.297100 -1.639716 -5.283441
v 0.288203 -1.845314 -5.131794
v 0.516943 -1.631160 -5.244807
v 0.742785 -1.641187 -5.254786
v 0.275393 -1.389276 -5.284222
v 0.253267 -1.139363 -5.272502
v 0.230074 -0.889862 -5.264162
v 0.506445 -1.388855 -5.278450
v 0.744447 -1.385087 -5.290846
v 0.735356 -1.120521 -5.270545
v 0.493070 -1.129174 -5.271078
v 0.722627 -0.860540 -5.250732
v 0.204710 -0.640923 -5.261901
v 0.182351 -0.389627 -5.267749
v 0.161459 -0.136062 -5.259174
v 0.459613 -0.622284 -5.296941
v 0.475824 -0.875594 -5.263849
v 0.432647 -0.363627 -5.256706
v 0.707868 -0.598688 -5.285354
v 0.694829 -0.339364 -5.319416
v 0.806980 -1.969907 6.060477
v 0.855349 -2.139832 5.779700
v 0.660207 -2.197619 5.407909
v 0.921318 -2.236085 5.469111
v 1.044165 -1.998682 6.113591
v 1.273910 -1.980218 6.136510
v 1.104167 -2.143661 5.831716
v 1.347613 -2.108925 5.889081
v 1.449124 -2.187757 5.623469
v 0.750155 -2.320826 4.759521
v 0.987434 -2.312452 5.154919
v 0.706797 -2.257958 5.085292
v 1.186740 -2.244205 5.540521
v 1.051620 -2.363566 4.835279
v 1.272553 -2.303996 5.235939
v 0.805521 -2.389763 4.432905
v 1.121775 -2.415882 4.512981
v 1.510132 -2.426258 4.272938
v 1.431334 -2.382447 4.600716
v 1.195053 -2.472620 4.191223
v 0.699509 -2.559300 3.415736
v 0.634490 -2.487397 3.734705
v 0.875709 -2.462605 4.116213
v 0.562153 -2.391265 4.044194
v 1.260680 -2.528915 3.864469
v 0.945028 -2.531670 3.797360
v 1.310750 -2.585492 3.529928
v 0.754452 -2.608011 3.088456
v 0.803759 -2.620132 2.755994
v 1.098025 -2.637949 2.799158
v 1.052427 -2.625856 3.136910
v 1.142474 -2.619466 2.462772
v 1.435380 -2.606512 2.497434
v 0.888963 -2.544851 2.102198
v 0.848745 -2.591541 2.425891
v 0.927127 -2.475150 1.791214
v 0.626886 -2.394529 1.760123
v 0.966688 -2.394085 1.495101
v 1.286101 -2.415082 1.513311
v 1.236401 -2.498583 1.816969
v 1.485185 -2.550489 2.161745
v 1.543104 -2.474683 1.836849
v 1.188389 -2.568625 2.134203
v 1.605597 -2.385692 1.525083
v 1.007362 -2.322673 1.205736
v 1.333766 -2.348115 1.215214
v 1.044925 -2.266693 0.918591
v 1.404589 -2.236275 0.634712
v 1.373062 -2.276555 0.925395
v 1.703828 -2.225796 0.928219
v 1.661935 -2.297257 1.224329
v 1.734176 -2.175890 0.634445
v 0.797205 -2.099905 0.064114
v 1.098962 -2.185307 0.348544
v 1.075493 -2.222193 0.632709
v 1.114094 -2.173499 0.064095
v 1.123577 -2.157398 -0.218594
v 1.426929 -2.199229 0.347222
v 1.451269 -2.164656 -0.223710
v 1.442529 -2.177717 0.061041
v 1.755166 -2.140579 0.343233
v 0.809695 -2.082567 -0.495446
v 0.809833 -2.080095 -0.215857
v 0.802907 -2.090061 -0.774666
v 1.124699 -2.155311 -0.500443
v 1.452682 -2.154716 -0.507206
v 1.447638 -2.159025 -0.790028
v 1.101780 -2.162086 -1.064159
v 1.434035 -2.160477 -1.072845
v 1.118555 -2.152980 -0.781971
v 0.743052 -2.106715 -1.335379
v 0.785292 -2.097900 -1.054623
v 0.659788 -2.109857 -1.620330
v 1.067877 -2.169309 -1.347809
v 1.013005 -2.191260 -1.633657
v 0.488221 -2.136474 -1.904295
v 1.409292 -2.169480 -1.356091
v 0.964091 -2.223444 -1.928907
v 1.353159 -2.212004 -1.926039
v 1.376237 -2.185764 -1.640207
v 0.605105 -2.294960 -2.245461
v 0.990717 -2.298123 -2.219148
v 1.040336 -2.353626 -2.507164
v 1.091459 -2.383390 -2.793482
v 1.426748 -2.304962 -2.771326
v 1.391392 -2.279119 -2.491788
v 0.504435 -2.475036 -3.180310
v 0.821231 -2.457351 -3.117962
v 0.939260 -2.439764 -3.684107
v 0.882077 -2.457631 -3.401977
v 1.142282 -2.404133 -3.075870
v 1.232390 -2.388256 -3.637440
v 1.189131 -2.403142 -3.357446
v 1.520117 -2.290486 -3.601699
v 1.491923 -2.307446 -3.326851
v 1.540687 -2.252279 -3.873799
v 1.041641 -2.330695 -4.246904
v 0.992495 -2.401094 -3.965879
v 1.087685 -2.224325 -4.524659
v 1.300813 -2.280821 -4.194610
v 1.266738 -2.339405 -3.915511
v 1.329791 -2.183672 -4.470821
v 0.902604 -2.094276 -4.838013
v 0.844751 -2.243480 -4.575490
v 0.950742 -1.894010 -5.073888
v 1.133428 -2.080652 -4.795709
v 1.177358 -1.875301 -5.028327
v 0.975024 -1.640109 -5.249926
v 0.984148 -1.378954 -5.284944
v 1.228147 -1.362628 -5.283010
v 1.205222 -1.626336 -5.203066
v 0.981153 -1.107260 -5.271923
v 1.233878 -1.094071 -5.284736
v 0.975304 -0.842867 -5.270413
v 1.225831 -0.823647 -5.267327
v 0.964942 -0.579994 -5.317785
v 1.219034 -0.557875 -5.265441
v 0.953634 -0.311867 -5.258931
v 1.209062 -0.293571 -5.264326
v 1.457347 -1.943256 6.152023
v 1.574213 -2.012084 5.973674
v 1.696451 -2.071544 5.737184
v 1.549055 -2.237716 5.333157
v 1.807749 -2.112250 5.450848
v 1.899650 -1.886419 5.888726
v 2.031622 -1.926499 5.584579
v 2.195105 -1.703113 5.701636
v 2.037354 -1.664966 5.997997
v 1.823772 -1.605283 6.220296
v 2.124608 -1.413890 6.074908
v 1.887201 -1.357009 6.272950
v 2.187666 -1.151211 6.137298
v 2.236392 -0.882751 6.186978
v 2.274860 -0.610743 6.224748
v 2.005690 -0.573870 6.348908
v 2.306358 -0.336467 6.250422
v 2.039639 -0.310059 6.371583
v 1.644950 -2.274148 5.022637
v 1.728348 -2.296148 4.698043
v 1.352438 -2.347457 4.922712
v 2.005457 -2.158775 4.807904
v 1.909328 -2.139341 5.138518
v 2.240373 -1.963891 4.935595
v 2.139450 -1.954013 5.267118
v 2.334310 -1.974955 4.581940
v 1.814589 -2.332117 4.363224
v 1.575679 -2.481622 3.937466
v 1.878239 -2.367570 4.013110
v 2.166860 -2.204726 4.095024
v 2.091248 -2.172606 4.461988
v 1.613830 -2.530184 3.590456
v 1.644450 -2.574482 3.238449
v 1.906477 -2.435872 3.653302
v 1.923606 -2.490600 3.289628
v 2.182225 -2.298980 3.714348
v 2.188823 -2.386734 3.337835
v 1.391008 -2.624171 2.841417
v 1.351131 -2.618050 3.187055
v 1.948488 -2.512572 2.925555
v 1.676704 -2.583081 2.883169
v 1.984688 -2.490710 2.564602
v 2.202399 -2.416779 2.966448
v 2.230165 -2.396780 2.602555
v 1.771390 -2.503854 2.184858
v 1.716943 -2.555632 2.530988
v 1.836125 -2.406304 1.852576
v 2.100962 -2.302000 1.868591
v 2.034014 -2.418879 2.211329
v 2.190401 -2.153872 1.548133
v 2.270560 -2.320297 2.246641
v 2.025407 -2.099556 0.927596
v 1.982697 -2.177689 1.230129
v 2.050325 -2.044389 0.629006
v 1.912281 -2.291416 1.534667
v 2.297238 -1.985691 1.230609
v 2.329074 -1.900591 0.916573
v 2.409375 -2.019114 1.578006
v 1.778998 -2.106956 -0.231774
v 1.768417 -2.113639 0.054834
v 2.071253 -2.015727 0.334136
v 2.079670 -1.985068 0.044202
v 2.087309 -1.971556 -0.243068
v 2.366024 -1.798227 0.026714
v 2.353489 -1.815089 0.317247
v 1.763454 -2.088894 -1.082111
v 1.775215 -2.090674 -0.799573
v 2.088657 -1.961165 -0.527994
v 2.087598 -1.960857 -0.811313
v 1.779367 -2.093072 -0.516160
v 2.077112 -1.956916 -1.093253
v 2.373956 -1.776098 -0.543776
v 2.365896 -1.777314 -0.259602
v 2.367092 -1.765800 -0.825945
v 2.363484 -1.769803 -1.107114
v 1.746821 -2.099241 -1.364270
v 1.709050 -2.122018 -1.927386
v 1.725520 -2.111196 -1.645931
v 2.066952 -1.968088 -1.374293
v 2.035852 -1.979962 -1.932467
v 2.045933 -1.965857 -1.654075
v 2.340413 -1.778973 -1.665849
v 2.349985 -1.769897 -1.387076
v 1.712240 -2.145846 -2.206632
v 1.362146 -2.244321 -2.210631
v 1.746758 -2.177182 -2.760421
v 1.724827 -2.158566 -2.484950
v 1.767626 -2.184183 -3.034849
v 2.031106 -1.989251 -2.209231
v 2.039885 -2.005360 -2.483852
v 2.045146 -2.007219 -2.757120
v 2.055332 -2.014589 -3.028584
v 2.319555 -1.791810 -2.217527
v 2.322285 -1.778202 -1.942554
v 2.316493 -1.797682 -2.491040
v 2.317879 -1.801782 -2.762349
v 2.314101 -1.799763 -3.031832
v 1.786702 -2.179238 -3.307357
v 1.460619 -2.313575 -3.049994
v 1.806551 -2.127112 -3.841680
v 1.799021 -2.157920 -3.576636
v 2.054506 -1.960208 -3.820680
v 2.060188 -1.986132 -3.562439
v 2.309604 -1.794292 -3.297005
v 1.567370 -2.110247 -4.411460
v 1.554894 -2.192340 -4.143874
v 1.577176 -1.980544 -4.668538
v 1.804244 -2.073128 -4.099979
v 1.800369 -2.007332 -4.352848
v 2.040590 -1.920491 -4.071229
v 1.989974 -1.788168 -4.538457
v 2.015918 -1.864249 -4.310193
v 2.244956 -1.731394 -4.060478
v 2.201075 -1.701639 -4.292175
v 2.144289 -1.661066 -4.506017
v 1.358088 -2.036823 -4.733729
v 1.431316 -1.607483 -5.135605
v 1.645107 -1.584454 -5.058956
v 1.397274 -1.842532 -4.965416
v 1.605957 -1.793688 -4.894627
v 1.791174 -1.720830 -4.829856
v 1.789699 -1.901057 -4.595831
v 1.466296 -1.347243 -5.232335
v 2.102022 -1.590607 -4.668268
v 1.478702 -1.076043 -5.277614
v 1.687666 -1.322135 -5.155757
v 1.711134 -1.056170 -5.210275
v 1.894092 -1.289960 -5.045423
v 1.840389 -1.534113 -4.953351
v 1.928796 -1.033740 -5.100595
v 2.020889 -1.478480 -4.851785
v 1.954676 -1.665860 -4.765271
v 2.081973 -1.255728 -4.912876
v 2.128346 -1.012054 -4.959704
v 2.249817 -1.238973 -4.751451
v 2.306819 -0.999944 -4.788249
v 2.170577 -1.454622 -4.706295
v 2.278589 -1.466000 -4.521646
v 2.378574 -1.242845 -4.552308
v 2.450471 -1.000143 -4.582407
v 1.484337 -0.807092 -5.292423
v 1.482281 -0.539914 -5.294629
v 1.470145 -0.273297 -5.284825
v 1.722609 -0.789227 -5.236287
v 1.723354 -0.522054 -5.249051
v 1.713768 -0.254783 -5.255017
v 1.948544 -0.771462 -5.132317
v 1.955410 -0.505840 -5.149596
v 1.950675 -0.238277 -5.158254
v 2.156919 -0.755524 -4.989834
v 2.170759 -0.491964 -5.008626
v 2.171504 -0.224467 -5.019763
v 2.343599 -0.745632 -4.814426
v 2.364160 -0.482475 -4.832285
v 2.373229 -0.214291 -4.846828
v 2.535662 -0.479550 -4.629559
v 2.545862 -0.208311 -4.639952
v 2.316343 -1.457992 5.806162
v 2.403538 -1.194937 5.894439
v 2.468095 -0.921158 5.965348
v 2.516945 -0.640837 6.019107
v 2.547515 -0.355273 6.050784
v 2.428391 -1.745572 5.070740
v 2.519945 -1.747341 4.754166
v 2.324566 -1.731686 5.389621
v 2.462970 -1.486057 5.509752
v 2.567442 -1.221933 5.616059
v 2.575714 -1.500276 5.208021
v 2.692420 -1.235838 5.329589
v 2.661671 -1.497498 4.915478
v 2.775991 -1.229122 5.047580
v 2.738161 -0.362405 5.807349
v 2.778120 -0.953450 5.425666
v 2.645039 -0.943819 5.701862
v 2.839162 -0.659784 5.495471
v 2.699243 -0.655633 5.764381
v 2.880899 -0.359688 5.542461
v 2.875249 -0.948605 5.151676
v 2.948430 -0.653798 5.226267
v 2.982843 -0.347630 5.270709
v 2.456784 -1.963372 4.197530
v 2.740295 -1.478179 4.654372
v 2.855819 -1.213637 4.791145
v 2.606899 -1.725084 4.463840
v 2.823288 -1.430706 4.453243
v 2.926970 -1.178634 4.565065
v 2.723985 -1.638424 4.298317
v 2.911648 -1.399954 4.287592
v 3.005442 -1.155023 4.355382
v 3.040992 -0.328522 5.002968
v 3.011666 -0.634474 4.960203
v 3.043118 -0.303362 4.735783
v 3.043132 -0.587428 4.451117
v 3.032341 -0.286903 4.476716
v 3.051398 -0.610345 4.703066
v 2.429694 -2.243892 3.367645
v 2.445547 -2.129292 3.763662
v 2.439815 -2.302464 3.000917
v 2.768458 -1.633916 4.075619
v 2.680576 -1.930169 3.739579
v 2.814750 -1.708857 3.846226
v 2.832975 -1.543251 4.216501
v 2.856194 -1.414151 4.108790
v 2.934597 -1.435699 3.926193
v 3.017955 -0.865134 4.202218
v 3.052154 -0.880333 4.410003
v 2.942994 -1.139613 4.158421
v 3.043694 -0.584239 4.232739
v 3.025632 -1.160741 3.977068
v 3.046447 -0.880167 4.003870
v 2.670058 -2.180619 3.016296
v 2.665323 -2.111712 3.353124
v 2.461081 -2.295615 2.645482
v 2.681181 -2.179743 2.685965
v 2.699599 -2.129232 2.364856
v 2.899123 -2.013721 2.421729
v 2.893495 -2.053013 2.714078
v 2.330920 -2.198259 1.907770
v 2.530376 -2.097218 1.974780
v 2.593738 -1.917680 1.685560
v 2.720249 -2.012422 2.066963
v 2.487884 -2.222627 2.301791
v 2.908327 -1.928765 2.143400
v 2.753945 -1.853035 1.806496
v 2.917632 -1.764810 1.912497
v 2.968202 -1.574403 1.732230
v 2.907857 -1.353014 1.480082
v 2.812135 -1.620697 1.596764
v 2.802611 -1.414260 1.309063
v 3.003845 -1.050115 1.405102
v 2.996270 -0.769470 1.154809
v 3.053581 -0.735132 1.362428
v 2.908882 -1.095341 1.208871
v 3.044037 -0.417510 1.344913
v 3.047051 -0.441206 1.124999
v 3.029920 -0.101340 1.338557
v 3.031241 -0.686150 1.581356
v 3.044355 -0.987059 1.606156
v 2.526397 -1.773638 1.242106
v 2.540928 -1.682848 0.882205
v 2.558027 -1.630420 0.582451
v 2.713875 -1.447519 1.071653
v 2.868047 -1.124211 0.982821
v 2.720599 -1.413494 0.807245
v 2.737135 -1.378000 0.531723
v 2.981938 -0.794830 0.927102
v 3.039712 -0.458050 0.894571
v 3.058348 -0.119334 0.880333
v 3.046353 -0.109864 1.116664
v 3.037433 -0.460348 0.655941
v 3.052619 -0.125905 0.641536
v 2.981789 -0.779143 0.436537
v 2.967255 -0.789460 0.687139
v 2.865780 -1.111898 0.737166
v 3.044485 -0.456866 0.407821
v 3.052332 -0.127535 0.393495
v 2.571998 -1.597909 0.290804
v 2.341382 -1.846517 0.613146
v 2.580368 -1.575509 0.003699
v 2.588132 -1.563307 -0.280554
v 2.743943 -1.345773 0.253364
v 2.889307 -1.068557 0.212861
v 2.874947 -1.088157 0.478895
v 2.758385 -1.329278 -0.025753
v 2.768507 -1.319855 -0.304871
v 2.997200 -0.768000 0.177958
v 3.041446 -0.451516 0.153053
v 3.058204 -0.126620 0.138700
v 3.036347 -0.446176 -0.107384
v 3.043846 -0.128899 -0.118639
v 2.998617 -0.756826 -0.086401
v 3.046498 -0.445993 -0.372675
v 3.031624 -0.131730 -0.380200
v 2.590362 -1.555252 -0.562750
v 2.769220 -1.311740 -0.583595
v 2.907246 -1.039950 -0.605219
v 2.907637 -1.046518 -0.330769
v 2.593634 -1.555663 -0.843626
v 2.769836 -1.309835 -0.861825
v 2.908002 -1.039047 -0.880205
v 2.765732 -1.310836 -1.139463
v 2.912179 -1.044119 -1.155475
v 3.009416 -0.749508 -0.625021
v 2.999662 -0.750919 -0.354611
v 3.035958 -0.448590 -0.638685
v 3.050037 -0.137773 -0.651209
v 3.030940 -0.141466 -0.917518
v 3.043356 -0.451032 -0.909222
v 3.035972 -0.147473 -1.186961
v 2.574456 -1.554803 -1.401651
v 2.583021 -1.551783 -1.123230
v 2.563957 -1.559618 -1.678692
v 2.551743 -1.564416 -1.954200
v 2.756753 -1.312585 -1.416124
v 2.899511 -1.044050 -1.430404
v 2.747581 -1.316966 -1.691827
v 2.892086 -1.049029 -1.704902
v 2.738817 -1.323290 -1.966509
v 2.890714 -1.058481 -1.978937
v 3.004506 -0.757615 -1.443502
v 3.008542 -0.754365 -1.170072
v 3.045995 -0.462310 -1.452382
v 3.054902 -0.455566 -1.182489
v 3.039567 -0.155148 -1.457509
v 3.048809 -0.164256 -1.730968
v 3.047936 -0.467951 -1.726203
v 3.049158 -0.172988 -2.003019
v 2.543165 -1.571516 -2.228122
v 2.536436 -1.576803 -2.500286
v 2.530826 -1.579916 -2.770385
v 2.523756 -1.575656 -3.038952
v 2.728341 -1.328260 -2.239864
v 2.875914 -1.061335 -2.251986
v 2.719915 -1.332399 -2.511855
v 2.866873 -1.065353 -2.524306
v 2.712282 -1.334921 -2.782473
v 2.859989 -1.069477 -2.795942
v 2.701878 -1.331912 -3.051853
v 2.846005 -1.068046 -3.066641
v 2.987536 -0.778058 -2.263191
v 2.993937 -0.771477 -1.990101
v 3.051201 -0.483530 -2.272073
v 3.048871 -0.474606 -1.999374
v 3.046275 -0.181596 -2.275129
v 3.043134 -0.489142 -2.544980
v 3.050318 -0.189416 -2.548790
v 3.053590 -0.195888 -2.823081
v 3.036618 -0.493828 -2.818034
v 3.054872 -0.200430 -3.097814
v 2.302460 -1.783448 -3.559710
v 2.060567 -2.005239 -3.297705
v 2.279356 -1.757139 -3.818103
v 2.515525 -1.572899 -3.305490
v 2.494630 -1.558952 -3.567921
v 2.464720 -1.540541 -3.824803
v 2.684993 -1.326585 -3.319317
v 2.816021 -1.060150 -3.334739
v 2.784800 -1.053269 -3.600975
v 2.653586 -1.313312 -3.582421
v 2.613303 -1.298586 -3.840645
v 2.731468 -1.040594 -3.861166
v 2.922332 -0.784113 -3.350568
v 2.952200 -0.787582 -3.080234
v 2.995218 -0.497526 -3.363469
v 3.017738 -0.495854 -3.090628
v 3.028067 -0.203829 -3.370637
v 2.980294 -0.205643 -3.641503
v 2.819602 -0.770193 -3.881135
v 2.879155 -0.778132 -3.618137
v 2.879453 -0.491085 -3.897422
v 2.940804 -0.493990 -3.631494
v 2.906239 -0.205970 -3.906408
v 2.415709 -1.515833 -4.071121
v 2.477929 -1.258502 -4.329807
v 2.553830 -1.279395 -4.090637
v 2.570883 -1.011726 -4.357523
v 2.658880 -1.025548 -4.113598
v 2.355031 -1.488177 -4.305266
v 2.790831 -0.486288 -4.154830
v 2.696052 -0.206244 -4.412665
v 2.812586 -0.205959 -4.164614
v 2.503025 -0.744639 -4.609271
v 2.634114 -0.750776 -4.381126
v 2.673904 -0.481096 -4.399119
v 2.738375 -0.760491 -4.136518
v 2.885520 -1.889447 3.531391
v 2.966017 -1.685802 3.679249
v 3.000350 -1.773223 3.424313
v 3.035786 -1.618966 3.499875
v 3.041130 -1.821629 3.242132
v 2.880266 -1.989382 3.280210
v 3.034183 -1.596747 3.254429
v 3.042002 -1.142385 3.768047
v 3.033124 -1.098149 3.535639
v 3.046875 -1.421457 3.745035
v 3.033643 -1.356974 3.525564
v 3.018019 -0.839200 3.544255
v 3.029224 -0.863832 3.781513
v 3.033627 -1.340397 3.275868
v 3.033203 -1.082434 3.278691
v 3.029257 -0.826229 3.285189
v 3.087878 -1.330410 3.019406
v 3.080612 -1.075379 3.014241
v 3.107289 -0.827997 3.035232
v 3.020139 -0.587218 3.792772
v 3.042804 -0.591916 4.018817
v 3.025398 -0.304001 4.029558
v 3.050006 -0.577240 3.550290
v 3.014876 -0.313941 3.552902
v 3.022041 -0.313709 3.798729
v 3.014848 -0.054436 3.548074
v 3.037767 -0.041365 3.796933
v 3.031143 -0.570237 3.289556
v 3.065505 -0.319529 3.293389
v 3.108266 -0.577236 3.034751
v 3.118422 -0.065766 3.285305
v 2.882725 -2.046432 3.004621
v 3.039202 -1.852960 2.461891
v 3.041662 -1.863797 2.730038
v 3.047126 -1.864508 2.995787
v 3.049555 -1.590397 2.475942
v 3.023223 -1.587982 2.996217
v 3.015420 -1.582278 2.729321
v 3.132498 -1.358004 2.756448
v 3.264249 -1.096885 2.763772
v 3.233712 -0.837716 2.764720
v 3.135767 -1.093715 2.488056
v 3.233900 -0.322703 3.041740
v 3.188462 -0.068111 3.035180
v 3.255014 -0.580866 2.769715
v 3.217243 -0.325690 2.764329
v 3.227974 -0.073896 2.754796
v 3.269757 -0.329827 2.481629
v 3.228708 -0.078417 2.480772
v 3.045331 -1.645872 1.957214
v 3.056150 -1.773480 2.203540
v 3.032787 -1.538479 2.244423
v 3.058152 -1.475192 2.032254
v 3.045228 -1.302148 2.251501
v 3.048852 -1.432529 1.871952
v 3.036473 -1.283743 1.644959
v 3.039884 -1.177781 1.840169
v 3.033318 -0.911395 1.817194
v 3.046829 -1.302707 2.026539
v 3.033396 -1.073439 2.033811
v 3.029958 -0.832817 2.029679
v 3.045788 -1.061645 2.271727
v 3.080123 -0.822717 2.272669
v 3.100158 -1.338580 2.487506
v 3.232517 -0.835967 2.483728
v 3.023672 -0.640893 1.799149
v 3.034568 -0.388574 1.562551
v 3.065066 -0.364218 1.783089
v 3.032357 -0.093662 1.554656
v 3.010751 -0.083604 1.778673
v 3.028865 -0.584779 2.019993
v 3.035660 -0.332587 2.013495
v 3.032346 -0.078468 2.011657
v 3.085930 -0.576980 2.257790
v 3.086510 -0.328198 2.257104
v 3.086430 -0.080112 2.256878
v 3.260469 -0.581942 2.489212
v -3.532045 0.255302 3.219442
v -3.529067 0.510229 3.216810
v -3.619386 0.270704 2.962122
v -3.508744 0.246995 3.460986
v -3.511615 0.500375 3.451553
v -3.532012 0.753204 3.442933
v -3.523132 0.762681 3.206759
v -3.532240 0.238378 3.699081
v -3.516652 1.271472 3.176668
v -3.591331 1.048661 2.964370
v -3.513795 1.014021 3.190743
v -3.519423 1.549693 3.163876
v -3.565645 1.318630 2.960407
v -3.550788 0.999568 3.420620
v -3.536036 1.230549 3.375301
v -3.543643 1.409909 3.345231
v -3.520799 1.008969 3.638396
v -3.523266 1.249156 3.582611
v -3.739440 0.282792 2.684447
v -3.726805 0.545659 2.694088
v -3.588696 0.526809 2.960243
v -3.576257 0.785045 2.961963
v -3.748610 0.295237 2.415556
v -3.586823 0.304948 2.141125
v -3.592211 0.576354 2.146460
v -3.747517 0.562762 2.421495
v -3.588852 0.849422 2.153360
v -3.748490 0.832853 2.424134
v -3.747206 0.812999 2.691558
v -3.732696 1.367036 2.715356
v -3.750473 1.085026 2.695446
v -3.637731 1.664144 2.743583
v -3.575266 1.609813 2.964603
v -3.743320 1.108947 2.430004
v -3.729777 1.389828 2.448132
v -3.593246 1.127094 2.166520
v -3.594605 1.408562 2.188928
v -3.548622 1.681036 2.230684
v -3.570166 1.675319 2.490657
v -3.430791 1.928638 2.312089
v -3.523718 0.314354 1.878818
v -3.534517 0.588372 1.883904
v -3.532798 0.864750 1.895752
v -3.537054 0.322754 1.614597
v -3.533685 0.598845 1.621671
v -3.575739 0.882047 1.626837
v -3.539214 0.331121 1.350417
v -3.554014 0.614832 1.356161
v -3.565803 0.899039 1.368505
v -3.516852 1.141598 1.909554
v -3.514146 1.418666 1.936408
v -3.517117 1.694467 1.979514
v -3.493858 1.163729 1.653660
v -3.531994 1.449481 1.671696
v -3.481895 1.700113 1.720806
v -3.520808 1.181204 1.389516
v -3.529279 1.453087 1.412427
v -3.434902 1.683110 1.456049
v -3.316881 1.880738 1.517467
v -3.530955 0.330800 1.086092
v -3.577683 0.624237 1.090429
v -3.513853 0.913742 1.105850
v -3.526825 1.199356 1.126488
v -3.491030 1.461191 1.157441
v -3.377033 1.715448 1.205037
v -3.423246 0.231335 3.903170
v -3.419031 0.499795 3.895586
v -3.535092 0.499808 3.695906
v -3.407738 0.764145 3.864830
v -3.530640 0.757227 3.674237
v -3.259763 0.225494 4.068300
v -3.064409 0.219920 4.195040
v -3.068540 -0.061596 4.188071
v -3.049989 0.499217 4.171556
v -3.245779 0.499325 4.047612
v -3.233783 0.770013 4.014109
v -3.394826 1.021367 3.813435
v -3.386385 1.270388 3.745624
v -3.378894 1.503377 3.643567
v -3.540522 1.466989 3.492398
v -3.217389 1.034153 3.957445
v -3.192426 1.284196 3.865412
v -3.030104 0.773530 4.123940
v -2.974802 1.292549 3.947425
v -3.004872 1.039394 4.050104
v -2.942553 1.528202 3.812521
v -3.166961 1.517037 3.741102
v -3.538246 1.806165 3.126989
v -3.554858 1.662483 3.363820
v -3.517876 1.886488 2.857099
v -3.363218 1.708261 3.486976
v -3.323617 2.012069 2.975112
v -3.145148 1.740015 3.588552
v -3.119882 1.937099 3.339711
v -2.912688 1.742882 3.639049
v -3.402615 1.936093 2.048615
v -3.474888 1.914969 2.583888
v -3.291362 2.077312 2.690876
v -3.253086 2.105855 2.409978
v -3.204650 2.116844 2.137433
v -3.057055 2.166739 2.785269
v -3.090922 2.077440 3.067942
v -3.021317 2.223329 2.502888
v -3.350802 1.917040 1.785557
v -3.229249 1.908645 1.273217
v -3.157413 2.110485 1.870039
v -3.104910 2.097566 1.606534
v -3.522498 0.922471 0.842727
v -3.549967 0.634505 0.826974
v -3.515955 0.334950 0.822366
v -3.510037 0.360201 0.559435
v -3.529830 0.639140 0.561074
v -3.526654 0.930150 0.576289
v -3.516195 0.648230 0.295666
v -3.576308 0.365571 0.279208
v -3.548712 1.211084 0.859804
v -3.457847 1.475094 0.899113
v -3.315957 1.721180 0.952758
v -3.516043 1.212304 0.598766
v -3.413435 1.479697 0.639510
v -3.550871 0.947346 0.303685
v -3.485290 1.220836 0.334871
v -3.360703 1.479491 0.380095
v -3.251183 1.715121 0.701200
v -3.077345 1.896168 0.776099
v -3.146156 1.902361 1.028194
v -2.946393 2.056481 1.108315
v -3.188219 1.706812 0.445930
v -3.025805 2.076113 1.355894
v -2.717948 2.164333 1.193456
v -3.538210 0.376768 0.011645
v -3.531689 0.668614 0.025392
v -3.532397 0.948533 0.036073
v -3.519687 0.466472 -0.217659
v -3.541257 0.687670 -0.254571
v -3.502655 0.955029 -0.234492
v -3.532862 0.064037 -0.555571
v -3.524269 0.665682 -0.531054
v -3.534908 0.364295 -0.558727
v -3.446213 1.223019 0.069063
v -3.308169 1.475385 0.117964
v -3.399775 1.221389 -0.197913
v -3.251476 1.466002 -0.144911
v -3.342873 1.210690 -0.463458
v -3.453210 0.939870 -0.504008
v -3.191444 1.457659 -0.408288
v -3.125833 1.695690 0.185263
v -2.932715 1.857401 0.272074
v -3.064114 1.682216 -0.075706
v -2.855520 -0.070914 4.285901
v -2.834754 0.497998 4.263551
v -2.848099 0.214394 4.285264
v -2.623191 0.208915 4.355124
v -2.393086 0.203757 4.406437
v -2.376621 0.489973 4.373823
v -2.606122 0.493181 4.319717
v -2.582722 0.772571 4.263668
v -2.810503 0.774184 4.204052
v -2.747110 1.295948 4.006416
v -2.779959 1.039854 4.115482
v -2.711712 1.534697 3.864864
v -2.551949 1.041999 4.176057
v -2.515274 1.295539 4.053725
v -2.351332 0.769515 4.310236
v -2.318834 1.038640 4.216732
v -2.476977 1.531861 3.903036
v -2.280647 1.290199 4.088033
v -2.849580 2.102000 3.141692
v -2.881468 1.944057 3.401286
v -2.678015 1.751020 3.684152
v -2.814279 2.214181 2.866352
v -2.606416 2.104740 3.200374
v -2.402905 1.939193 3.498808
v -2.642430 1.943976 3.453191
v -2.440393 1.742978 3.716971
v -2.161988 1.922377 3.531185
v -2.202095 1.733710 3.751861
v -2.923746 2.242056 1.954230
v -2.974971 2.243468 2.225095
v -2.728151 2.311826 2.305447
v -2.774170 2.279502 2.584441
v -2.525018 2.298020 2.651590
v -2.477737 2.336472 2.373645
v -2.675862 2.317287 2.033399
v -2.567447 2.222363 2.929932
v -2.321981 2.215710 2.980207
v -2.277722 2.291315 2.704069
v -2.424809 2.342033 2.101938
v -2.229838 2.331966 2.427932
v -2.863652 2.222949 1.691987
v -2.795402 2.199103 1.439401
v -2.615033 2.294128 1.771495
v -2.547612 2.260905 1.519245
v -2.365571 2.319692 1.840352
v -2.226746 2.218878 1.354387
v -2.472399 2.215547 1.276491
v -2.635309 2.120176 0.951577
v -2.866750 2.028917 0.861834
v -2.713037 1.978417 0.366006
v -2.790135 2.004747 0.613952
v -2.474904 2.052067 0.466024
v -3.002139 1.873521 0.526021
v -2.858715 1.841984 0.018433
v -2.632803 1.956494 0.117936
v -2.698891 1.790569 -0.482649
v -2.780126 1.819216 -0.233349
v -2.467263 1.901790 -0.374635
v -2.390152 2.015961 0.224235
v -2.227296 2.069136 0.570022
v -2.549335 1.925974 -0.127958
v -2.219410 1.962931 -0.260499
v -2.140430 2.029122 0.332705
v -3.536851 0.367079 -0.833957
v -3.505875 0.075132 -1.108828
v -3.542828 0.068641 -0.839183
v -3.482668 0.371861 -1.100637
v -3.486929 0.658052 -0.805661
v -3.423756 0.662062 -1.075154
v -3.432972 0.081601 -1.376947
v -3.406551 0.377074 -1.366636
v -3.344094 0.665685 -1.340096
v -3.345577 0.088909 -1.641396
v -3.317210 0.383371 -1.629390
v -3.252174 0.670700 -1.601075
v -3.401065 0.940598 -0.772727
v -3.272412 1.203992 -0.725546
v -3.328273 0.940077 -1.037485
v -3.195651 1.198916 -0.985751
v -3.105222 1.440187 -0.662712
v -3.027067 1.430793 -0.918592
v -3.244937 0.941281 -1.299317
v -3.109648 1.197065 -1.243608
v -2.939707 1.425665 -1.172414
v -3.150430 0.944601 -1.557307
v -3.013499 1.198586 -1.497999
v -2.843105 1.425575 -1.423189
v -2.907426 1.644108 -0.582754
v -2.993307 1.664538 -0.332161
v -2.825317 1.627633 -0.835047
v -2.738284 1.619728 -1.084981
v -2.522408 1.774920 -0.977587
v -2.644647 1.617775 -1.332684
v -2.378096 1.890856 -0.618741
v -2.612343 1.781078 -0.730265
v -2.424780 1.769745 -1.221166
v -3.246557 0.097290 -1.902201
v -3.216681 0.391023 -1.888594
v -3.149761 0.677232 -1.858252
v -3.137751 0.106709 -2.159259
v -3.106344 0.400208 -2.144142
v -3.038892 0.686293 -2.112031
v -3.045270 0.948853 -1.811093
v -2.909476 1.201899 -1.749471
v -2.740336 1.428234 -1.672032
v -2.936552 0.959115 -2.063535
v -2.795989 1.208921 -1.997229
v -2.624953 1.431912 -1.916094
v -2.542708 1.625375 -1.578538
v -2.426767 1.620930 -1.818613
v -2.161244 0.198532 4.446111
v -2.167772 -0.091046 4.443478
v -2.144950 0.486186 4.416657
v -1.929311 0.193190 4.476910
v -1.698497 0.188306 4.500240
v -1.680715 0.476053 4.463295
v -1.911687 0.480132 4.438709
v -2.118247 0.764810 4.344966
v -2.045326 1.285425 4.117625
v -2.084026 1.031006 4.241852
v -2.003647 1.519547 3.963392
v -2.240192 1.520686 3.929369
v -1.850947 1.029694 4.274026
v -1.810110 1.282526 4.144302
v -1.765666 1.515242 3.986541
v -1.618728 1.029925 4.303289
v -1.575479 1.281295 4.167084
v -2.120906 2.084623 3.285909
v -2.363326 2.097466 3.247717
v -1.920434 1.914092 3.561207
v -1.962163 1.726279 3.778826
v -1.834998 2.182051 3.050324
v -2.078077 2.201189 3.020418
v -1.878235 2.065282 3.312609
v -1.677559 1.903026 3.581678
v -1.720948 1.718717 3.798685
v -1.635065 2.052758 3.335655
v -1.592287 2.166022 3.074631
v -1.434710 1.903973 3.602763
v -1.480781 1.720048 3.818151
v -2.178157 2.333680 2.156818
v -2.033487 2.277187 2.745966
v -1.986429 2.312068 2.469413
v -1.887249 2.261831 1.939228
v -2.120989 2.309000 1.896197
v -1.937265 2.307672 2.198107
v -1.791312 2.255080 2.777073
v -1.746866 2.283631 2.501055
v -1.659358 2.213317 1.970577
v -1.703434 2.263060 2.230184
v -1.549663 2.236236 2.802749
v -2.300012 2.273669 1.591755
v -2.060095 2.247699 1.651866
v -1.831696 2.193526 1.696694
v -1.915893 2.092004 1.208783
v -1.991932 2.172927 1.423732
v -1.773850 2.097619 1.477473
v -1.618211 2.119633 1.731963
v -1.469682 2.228583 2.254506
v -1.410117 2.043931 1.759707
v -1.436745 2.153670 1.997263
v -1.576839 2.001173 1.519200
v -1.384671 1.893160 1.538264
v -1.362639 1.717282 1.367668
v -1.036869 0.160377 1.074599
v -1.261069 0.120751 1.140094
v -1.269043 0.429829 1.154100
v -1.069610 0.757868 1.080223
v -1.292681 0.741623 1.178969
v -1.118482 1.067321 1.072347
v -1.321057 1.076242 1.209206
v -1.224781 1.363621 1.031164
v -1.361857 1.609866 0.974713
v -1.356998 1.457577 1.242858
v -2.147464 2.153601 1.127297
v -2.309593 2.114575 0.806233
v -2.392198 2.163580 1.041118
v -2.065695 2.085349 0.904202
v -1.891390 1.985912 0.442373
v -1.836151 2.009471 0.997889
v -1.981012 2.032643 0.674758
v -1.744480 1.939838 0.778627
v -1.646086 1.893320 0.552848
v -1.625989 1.881763 1.094022
v -1.517482 1.787907 0.883636
v -1.553763 1.849120 0.326575
v -1.799460 1.951068 0.209520
v -2.052770 1.994481 0.094392
v -2.304992 1.990161 -0.018244
v -2.128784 1.946297 -0.501502
v -1.963897 1.971330 -0.143430
v -1.707740 1.928368 -0.023143
v -1.618667 1.902722 -0.255738
v -1.873156 1.949576 -0.379719
v -2.186641 1.877184 -1.103203
v -2.284102 1.877763 -0.861315
v -2.034810 1.937874 -0.740743
v -2.318924 1.771721 -1.463216
v -1.778950 1.949095 -0.615211
v -1.935577 1.930368 -0.977864
v -1.681103 1.938265 -0.849196
v -3.021876 0.117549 -2.413277
v -2.986058 0.410636 -2.395008
v -2.918567 0.696770 -2.361219
v -2.815091 0.969268 -2.310073
v -2.673532 1.218596 -2.240291
v -2.501501 1.441178 -2.155361
v -2.303596 1.630075 -2.053945
v -2.206767 1.776216 -1.701599
v -1.969354 1.886156 -1.576478
v -2.089315 1.785810 -1.936343
v -2.078988 1.873009 -1.340447
v -1.830744 1.938643 -1.212618
v -1.965818 1.801364 -2.168327
v -1.727936 1.916772 -2.037888
v -1.719151 1.943538 -1.444861
v -2.863840 0.422475 -2.644688
v -2.894490 0.128212 -2.661440
v -2.766317 0.139130 -2.908666
v -2.731666 0.433396 -2.888715
v -2.660784 0.718892 -2.849804
v -2.791933 0.707562 -2.607007
v -2.632620 0.151559 -3.152406
v -2.595643 0.446046 -3.129905
v -2.523814 0.731026 -3.088564
v -2.546656 1.229268 -2.480651
v -2.684417 0.977833 -2.551437
v -2.377222 1.453469 -2.393734
v -2.555682 0.990302 -2.792997
v -2.418261 1.242038 -2.719558
v -2.251131 1.468236 -2.630787
v -2.421455 1.003104 -3.030798
v -2.286912 1.256286 -2.956271
v -2.120263 1.482580 -2.864961
v -2.182938 1.645065 -2.290240
v -2.060263 1.665870 -2.526424
v -1.928659 1.679097 -2.757946
v -1.708454 1.850464 -2.627854
v -1.577873 1.882121 -2.857180
v -1.802964 1.702436 -2.993062
v -2.492373 -0.134947 -3.393781
v -2.455107 0.458924 -3.367707
v -2.487217 0.163688 -3.388443
v -2.388958 0.745770 -3.327880
v -2.347244 0.177360 -3.627084
v -2.309416 0.472023 -3.601765
v -2.283107 1.015444 -3.265777
v -1.988210 1.496586 -3.098652
v -2.146632 1.265112 -3.187731
v -2.009792 1.282874 -3.420014
v -1.849009 1.512083 -3.327119
v -1.470220 0.184236 4.524199
v -1.477629 -0.107235 4.522645
v -1.452724 0.474483 4.493985
v -1.654065 0.758157 4.398882
v -1.252959 -0.113131 4.547932
v -1.244798 0.180075 4.544255
v -1.226267 0.471541 4.508883
v -1.025223 0.175718 4.564326
v -1.424467 0.756145 4.420676
v -1.342009 1.284683 4.190331
v -1.386920 1.025901 4.315851
v -1.291426 1.519685 4.027861
v -1.527876 1.511040 4.001639
v -1.158823 1.031503 4.341665
v -1.109719 1.290633 4.210861
v -1.054424 1.533543 4.054980
v -0.934366 1.041318 4.371763
v -0.880952 1.304391 4.239770
v -1.390822 2.051950 3.357170
v -1.239874 1.730981 3.834629
v -0.996636 1.745034 3.857375
v -1.189975 1.907798 3.615166
v -0.945006 1.925059 3.638263
v -1.144681 2.052356 3.372747
v -0.897573 2.062999 3.390736
v -1.102571 2.155059 3.110610
v -1.348155 2.153376 3.093278
v -1.268849 2.229761 2.543913
v -1.509152 2.248907 2.526187
v -1.307128 2.215363 2.820596
v -1.062885 2.206277 2.834320
v -1.026771 2.214827 2.554885
v -0.995886 2.173747 2.279510
v -1.235153 2.190358 2.272513
v -0.855621 2.164216 3.124998
v -0.817169 2.213563 2.844641
v -0.782695 2.214552 2.559749
v -1.044199 0.400753 1.131642
v -1.004596 0.086917 1.131210
v -0.851235 0.068589 0.991939
v -0.844855 -0.245530 0.992818
v -0.996712 -0.209692 1.139801
v -0.870376 0.375309 0.996822
v -0.663101 0.036131 0.960971
v -0.674202 0.345674 0.980165
v -0.686190 0.652531 1.034573
v -1.136952 1.344601 1.265513
v -1.112634 1.037049 1.168016
v -0.926687 1.281881 1.243328
v -0.908492 0.992134 1.130627
v -0.892159 0.690782 1.041605
v -0.698895 0.952041 1.120984
v -0.712170 1.236094 1.239289
v -0.947905 1.538413 1.388920
v -0.723521 1.496816 1.387150
v -1.207395 2.107855 2.013474
v -1.187368 1.984064 1.771725
v -1.178145 1.806802 1.551718
v -0.972252 2.079604 2.018687
v -0.957786 1.940674 1.778131
v -0.733427 2.064449 2.015249
v -0.754076 2.163228 2.280221
v -0.724161 1.728831 1.566929
v -0.840945 0.156300 0.936672
v -1.047312 0.446822 1.073865
v -0.905004 0.752710 0.913238
v -0.684116 0.162020 0.761051
v -0.714901 0.457166 0.741475
v -0.862968 0.455177 0.930774
v -0.775890 0.746247 0.707412
v -0.984139 1.041988 0.873025
v -1.103878 1.308835 0.817286
v -0.868915 1.022284 0.659974
v -0.993730 1.276910 0.601172
v -1.145731 1.501147 0.533528
v -1.252603 1.537301 0.755672
v -1.420544 1.723599 0.668636
v -1.324446 1.687293 0.444605
v -1.232677 1.665142 0.216740
v -0.567105 0.168007 0.549409
v -0.602786 0.457930 0.524399
v -0.670087 0.740815 0.488504
v -0.557836 0.165663 0.292697
v -0.546197 0.466036 0.286440
v -0.589519 0.736899 0.259111
v -0.444362 0.162303 0.061749
v -0.480645 0.465246 0.044398
v -0.504175 0.742601 0.033685
v -0.239649 0.183294 -0.133315
v -0.450585 0.482189 -0.193724
v -0.430319 0.764742 -0.192727
v -0.768292 1.009741 0.439799
v -0.897460 1.257190 0.378816
v -1.055034 1.475358 0.305743
v -0.680145 1.002707 0.215105
v -0.807743 1.247330 0.154125
v -0.965696 1.463807 0.078559
v -0.592687 1.004336 -0.009511
v -0.718480 1.246659 -0.070445
v -0.875489 1.461486 -0.147614
v -0.506645 1.015168 -0.234095
v -0.630317 1.254929 -0.294897
v -0.786383 1.466825 -0.374102
v -1.371612 1.806912 -0.131497
v -1.464755 1.816825 0.097498
v -1.526490 1.896488 -0.488190
v -1.150311 1.646321 -0.014140
v -1.061795 1.644468 -0.241868
v -0.972081 1.646520 -0.469518
v -1.576684 1.938666 -1.080903
v -1.430296 1.891263 -0.719515
v -1.327090 1.894626 -0.948432
v -1.192302 1.790825 -0.592758
v -1.465915 1.949814 -1.310440
v -1.217403 1.911467 -1.175306
v -1.285842 1.792976 -0.363173
v -0.983243 1.816241 -1.044001
v -0.876026 1.652896 -0.695498
v -1.090597 1.797989 -0.819186
v -1.601979 1.959779 -1.674739
v -1.850837 1.893677 -1.808432
v -1.349302 1.973954 -1.537998
v -1.477584 1.985731 -1.901506
v -1.224106 2.012007 -1.761682
v -1.346828 2.023893 -2.124974
v -1.102404 1.934837 -1.402127
v -1.088790 2.051420 -1.982279
v -0.975801 1.972723 -1.624280
v -0.871756 1.842473 -1.270346
v -0.835306 2.024333 -1.840178
v -1.838465 1.823554 -2.398737
v -1.469330 1.987120 -2.490679
v -1.599514 1.947101 -2.264831
v -1.334443 2.019582 -2.716488
v -1.077532 2.121366 -2.569821
v -1.205427 2.052958 -2.946622
v -0.947432 2.104225 -2.199859
v -1.211134 2.067069 -2.346814
v -2.194870 0.191191 -3.857559
v -2.158281 0.485441 -3.831672
v -2.238960 0.756890 -3.557429
v -2.090491 0.770297 -3.786913
v -2.036965 0.205426 -4.083612
v -2.000936 0.498219 -4.056438
v -1.934850 0.781316 -4.010902
v -2.139729 1.029001 -3.497067
v -1.993319 1.042087 -3.725597
v -1.863899 1.294239 -3.646430
v -1.707240 1.525136 -3.553719
v -1.838300 1.049628 -3.947663
v -1.716624 1.301696 -3.871387
v -1.567320 1.532164 -3.781332
v -1.665782 1.714776 -3.220549
v -1.449232 1.907843 -3.088079
v -1.526442 1.730479 -3.445928
v -1.396795 1.746907 -3.679061
v -1.313225 1.920538 -3.316926
v -1.180854 1.940809 -3.548979
v -1.076409 2.080213 -3.179825
v -0.821202 2.204003 -3.035839
v -0.944798 2.099726 -3.414623
v -1.871381 0.219345 -4.303540
v -1.835605 0.509898 -4.274621
v -1.774901 0.792189 -4.230772
v -1.696797 0.233659 -4.515406
v -1.665230 0.522123 -4.487708
v -1.602734 0.800143 -4.439531
v -1.509510 0.247432 -4.714330
v -1.480060 0.532001 -4.685900
v -1.424861 0.808308 -4.640567
v -1.682532 1.059303 -4.167848
v -1.564634 1.309136 -4.092155
v -1.422502 1.538218 -4.005574
v -1.517435 1.065967 -4.379275
v -1.405932 1.313045 -4.306123
v -1.271324 1.537056 -4.224182
v -1.344090 1.071971 -4.580940
v -1.237458 1.316510 -4.509319
v -1.112252 1.537598 -4.434103
v -1.114406 1.740816 -4.129392
v -1.253642 1.741603 -3.902634
v -1.046558 1.946430 -3.781269
v -0.967264 1.732214 -4.348119
v -0.816874 2.117298 -3.652994
v -0.906185 1.945240 -4.009046
v -0.758599 1.936237 -4.227915
v -1.311690 -0.023137 -4.906634
v -1.308663 0.260284 -4.895830
v -1.284024 0.540244 -4.868709
v -1.093032 -0.003729 -5.063208
v -1.092948 0.272955 -5.053587
v -1.075509 0.547318 -5.030297
v -1.234990 0.813252 -4.824900
v -1.162605 1.076894 -4.769285
v -1.062480 1.324603 -4.701302
v -0.934679 1.540921 -4.624466
v -1.038306 0.817296 -4.993598
v -0.801551 1.724480 -4.543674
v -0.812305 0.170940 4.594477
v -0.819946 -0.128511 4.593535
v -0.793797 0.470275 4.564979
v -1.005412 0.469297 4.523405
v -0.975709 0.759659 4.463033
v -0.616668 -0.140213 4.645460
v -0.607525 0.163418 4.641565
v -0.429227 -0.148810 4.558899
v -0.587691 0.466338 4.605968
v -0.418504 0.143368 4.562220
v -0.761314 0.762913 4.493348
v -0.656403 1.319837 4.270108
v -0.715696 1.046798 4.393332
v -0.582522 1.573004 4.116329
v -0.816932 1.547539 4.079126
v -0.445096 1.341256 4.321373
v -0.511228 1.057808 4.441678
v -0.358367 1.611313 4.177248
v -0.312838 1.031265 4.454964
v -0.248325 1.330862 4.376354
v -0.650634 2.090147 3.416024
v -0.696882 1.944641 3.663839
v -0.447826 1.983299 3.703752
v -0.505228 1.802752 3.930997
v -0.196077 2.035882 3.754668
v -0.253320 1.851281 3.994568
v -0.401179 2.124449 3.444097
v -0.570568 2.232887 2.853414
v -0.607539 2.180458 3.140416
v -0.360571 2.221595 3.160585
v -0.324545 2.272615 2.862537
v -0.291579 2.266793 2.558018
v -0.537466 2.232177 2.560245
v -0.510047 2.179014 2.270995
v -0.047327 2.326645 2.556349
v -0.264399 2.211878 2.255433
v -0.077471 2.323448 2.871492
v -0.019515 2.272778 2.240186
v -0.462675 0.005760 0.994294
v -0.475298 0.310278 1.021333
v -0.483331 0.619916 1.063520
v -0.312350 -0.003361 1.121859
v -0.300781 -0.306030 1.127578
v -0.320720 0.273399 1.127813
v -0.192554 0.240985 1.282588
v -0.490609 0.919455 1.131628
v -0.499800 1.204791 1.242575
v -0.501696 1.471349 1.390052
v -0.292806 1.183389 1.249148
v -0.298381 0.887245 1.177042
v -0.287133 1.469883 1.363111
v -0.122168 1.127772 1.340430
v -0.088277 1.422932 1.385786
v -0.151734 0.832871 1.305435
v -0.491049 2.075467 1.996982
v -0.723370 1.915616 1.777192
v -0.483830 1.916317 1.759431
v -0.493588 1.720746 1.563241
v -0.264782 1.734528 1.532033
v -0.238403 1.933721 1.712324
v -0.243641 2.098208 1.966985
v 0.024469 1.966827 1.588343
v 0.005324 2.162488 1.924483
v -0.046914 1.715935 1.449934
v -0.117712 0.205416 -0.346016
v -0.147987 0.484620 -0.357980
v -0.425861 0.762388 -0.432123
v -0.008518 0.223869 -0.565111
v -0.055898 0.506420 -0.580067
v -0.138203 0.793806 -0.606903
v 0.078981 0.234360 -0.792758
v 0.040077 0.522947 -0.803628
v -0.059190 0.810159 -0.834955
v -0.422965 1.030314 -0.458560
v -0.541069 1.267483 -0.517056
v -0.694524 1.476809 -0.598943
v -0.596062 1.490803 -0.820307
v -0.440614 1.279866 -0.732043
v -0.343046 1.075364 -0.666392
v -0.256082 1.092542 -0.829761
v -0.341517 1.320751 -0.940121
v -0.484055 1.534306 -1.034182
v -0.772956 1.668525 -0.919269
v -0.664723 1.707330 -1.142138
v 0.003580 0.810555 -1.076004
v 0.186580 0.265920 -1.261553
v 0.148385 0.248100 -1.024878
v 0.164391 0.562707 -1.267766
v 0.104352 0.537854 -1.037076
v 0.129089 0.855307 -1.285164
v 0.142320 0.285047 -1.494280
v 0.129990 0.584065 -1.499157
v 0.098591 0.881482 -1.508079
v -0.038348 0.303941 -1.647765
v -0.027380 0.602745 -1.663119
v -0.000381 0.902955 -1.699084
v -0.192628 1.154250 -1.036700
v -0.114226 1.156193 -1.335929
v -0.171452 1.386884 -1.378855
v -0.240898 1.369644 -1.156151
v -0.258662 1.628887 -1.472398
v -0.376280 1.575860 -1.254837
v -0.082770 1.216308 -1.506467
v -0.086874 1.483928 -1.578176
v -0.114005 1.727845 -1.670480
v 0.054862 1.207352 -1.748642
v 0.066013 1.531836 -1.767337
v 0.077912 1.848899 -1.777603
v -0.744224 1.887453 -1.488894
v -0.599612 1.948198 -1.700176
v -0.685529 2.094966 -2.051026
v -0.541276 1.749139 -1.358254
v -0.438370 2.024873 -1.907698
v -0.402887 1.805682 -1.574279
v -0.229590 1.902498 -1.771989
v -0.017870 2.031782 -1.948241
v -0.673899 2.229417 -2.647603
v -0.944858 2.157569 -2.799556
v -0.806875 2.169579 -2.418410
v -0.392396 2.259166 -2.490111
v -0.261321 2.127174 -2.107139
v -0.532300 2.173790 -2.263484
v -0.266542 2.323791 -2.738180
v -0.549177 2.281845 -2.887503
v -0.099868 2.245660 -2.325761
v 0.024394 2.345401 -2.588872
v -0.692506 2.225514 -3.276156
v -0.566244 2.243851 -3.519742
v -0.427015 2.318586 -3.135700
v -0.150552 2.379318 -2.996510
v -0.033629 2.399312 -3.260027
v -0.304227 2.336285 -3.387565
v -0.677517 2.111659 -3.885097
v -0.534997 2.101437 -4.113476
v -0.434722 2.246955 -3.761734
v -0.179393 2.342070 -3.640159
v -0.386322 2.076267 -4.337833
v -0.604125 1.926628 -4.440161
v -0.298085 2.227436 -4.001881
v -0.157050 2.196907 -4.240001
v -0.857881 0.016911 -5.187024
v -0.861408 0.286186 -5.180101
v -0.851902 0.553974 -5.161924
v -0.611193 0.039031 -5.263345
v -0.619338 0.301547 -5.263417
v -0.615662 0.562632 -5.256153
v -0.364927 0.060737 -5.282671
v -0.373725 0.321303 -5.287569
v -0.378377 0.578197 -5.287976
v -0.972517 1.078008 -4.938103
v -0.878246 1.329981 -4.872204
v -0.825693 0.818480 -5.131381
v -0.777261 1.077632 -5.087801
v -0.694018 1.325752 -5.024009
v -0.601691 0.820800 -5.234167
v -0.570847 1.073334 -5.202095
v -0.512559 1.314238 -5.151123
v -0.374967 0.833069 -5.288292
v -0.355650 1.079212 -5.277717
v -0.327153 1.311031 -5.236232
v -0.746739 1.564149 -4.793114
v -0.611664 1.734967 -4.711898
v -0.571471 1.552609 -4.944885
v -0.438739 1.717415 -4.879751
v -0.411723 1.533699 -5.084402
v -0.432139 1.896878 -4.634956
v -0.231718 2.039485 -4.555364
v -0.273143 1.675295 -5.041037
v -0.298601 1.465848 -5.187683
v -0.101699 0.081159 -5.268710
v -0.120140 0.346495 -5.275015
v -0.130225 0.601514 -5.274931
v -0.135203 0.856269 -5.268247
v -0.137471 1.109195 -5.279212
v -0.131056 1.346889 -5.270548
v -0.141616 1.546924 -5.233185
v -0.157976 0.019423 6.043045
v -0.172819 -0.258061 6.035992
v 0.057927 -0.024416 6.231231
v -0.128377 0.297588 6.036484
v 0.088949 0.244661 6.220593
v 0.126188 0.512236 6.205460
v 0.339253 0.191088 6.354120
v 0.371583 0.450458 6.342697
v 0.675015 0.646217 6.360864
v 0.411202 0.706194 6.326938
v -0.076354 0.572008 6.008618
v 0.172508 0.777241 6.181018
v 0.070267 1.107893 5.919276
v -0.008267 0.841395 5.967118
v 0.233423 1.037050 6.141508
v 0.175475 1.365456 5.856668
v 0.312344 1.291990 6.087312
v 0.453298 0.958452 6.309118
v 0.493714 1.205813 6.286704
v 0.557985 1.435074 6.241890
v 0.427204 1.541905 6.017198
v 0.630821 1.605098 6.189456
v 0.561565 1.690899 5.959734
v 0.333755 1.596873 5.775838
v 0.752908 1.729519 6.106474
v 0.735601 1.805592 5.932273
v 0.915533 1.738663 6.173429
v -0.405872 0.378585 5.548945
v -0.447336 0.086230 5.561851
v -0.329797 0.057076 5.816355
v -0.287606 0.341875 5.801915
v -0.343701 0.668158 5.520453
v -0.231859 0.625070 5.774597
v -0.530603 0.110041 5.299917
v -0.540428 -0.190294 5.293941
v -0.493804 0.410219 5.289064
v -0.255290 0.950866 5.474635
v -0.154047 0.902829 5.730933
v -0.133160 1.219275 5.411511
v -0.045384 1.168573 5.669576
v 0.021369 1.468984 5.338440
v 0.095436 1.417896 5.597150
v -0.419277 0.704095 5.258240
v -0.191667 1.264716 5.146887
v -0.315760 0.988716 5.209571
v -0.034631 1.522311 5.072098
v 0.208451 1.698842 5.266675
v 0.270958 1.643909 5.524418
v 0.419934 1.874385 5.217600
v 0.464242 1.811116 5.473562
v 0.167111 1.745615 4.996017
v 0.511689 1.757024 5.722832
v 0.683034 1.941663 5.447293
v 0.714302 1.877362 5.696336
v 0.634341 2.051615 4.918643
v 0.389842 1.916250 4.946757
v 0.658860 1.998890 5.187230
v 0.933783 1.956784 5.697134
v -0.572502 0.128418 5.034515
v -0.561647 0.141515 4.772865
v -0.568033 -0.163375 4.770152
v -0.531932 0.446803 4.760462
v -0.526329 0.431561 5.022338
v -0.462819 0.732925 4.994832
v -0.368838 1.027807 4.949517
v -0.233276 1.305662 4.882715
v -0.467850 0.749215 4.734894
v -0.260632 1.337397 4.621725
v -0.375442 1.046501 4.690505
v -0.104430 1.607161 4.526819
v -0.067703 1.563702 4.799068
v -0.156293 1.630978 4.272039
v 0.082107 1.851290 4.421739
v 0.001561 1.912833 4.119827
v 0.319260 2.035045 4.382191
v 0.355064 1.972441 4.668782
v 0.610806 2.106408 4.642436
v 0.295523 2.112752 4.091153
v 0.589409 2.169459 4.360794
v 0.060701 2.114937 3.802778
v 0.100921 2.252255 3.501100
v -0.150299 2.174157 3.476020
v -0.112753 2.275991 3.180675
v 0.360692 2.335831 3.497862
v 0.137189 2.344260 3.192662
v 0.325040 2.231041 3.798229
v 0.600202 2.332374 3.785528
v 0.393898 2.413299 3.190354
v 0.627649 2.416583 3.488461
v 0.170561 2.390062 2.877402
v 0.425030 2.453815 2.876309
v 0.199627 2.393875 2.558730
v 0.452160 2.461307 2.559087
v 0.685002 2.513602 2.870025
v 0.657626 2.474322 3.181867
v 0.712404 2.513415 2.554994
v 0.475616 2.433781 2.242308
v 0.225007 2.352269 2.240229
v 0.245037 2.272271 1.923977
v 0.515633 2.292507 1.624805
v 0.265657 2.154765 1.615286
v 0.497123 2.369312 1.931184
v 0.308240 2.078330 1.309688
v 0.736654 2.492366 2.241108
v 0.759829 2.440693 1.932663
v -0.327028 0.222323 1.045540
v -0.312593 -0.128390 1.041875
v -0.321787 0.528306 1.075065
v -0.178274 0.536495 1.288562
v -0.462848 -0.110285 0.848397
v -0.463394 0.200063 0.853819
v -0.432109 0.506871 0.862066
v -0.499685 0.182158 0.597489
v -0.295286 0.827039 1.109559
v -0.149367 1.408372 1.165341
v -0.235662 1.121427 1.135456
v -0.032008 1.672371 1.214983
v -0.287347 1.099141 0.888770
v -0.170990 1.374753 0.912956
v -0.313243 1.078584 0.631009
v -0.025727 1.625908 0.949173
v -0.180857 1.346442 0.651264
v 0.117108 1.893414 1.280788
v 0.147462 1.844758 0.987081
v 0.163484 1.810455 0.703357
v 0.349788 2.022519 1.013493
v 0.374072 1.986329 0.723817
v 0.581668 2.165380 1.029506
v 0.840463 2.260558 1.039920
v 0.547151 2.218637 1.325465
v 0.809660 2.311670 1.333428
v 0.871403 2.216339 0.751012
v 0.613058 2.120683 0.739810
v -0.462776 0.167948 0.340110
v -0.468315 0.468692 0.345492
v -0.461357 0.487959 0.605350
v -0.403424 0.788893 0.616556
v -0.451843 0.178739 0.082696
v -0.427099 -0.160142 0.066354
v -0.425551 0.455081 0.092059
v -0.408464 0.769713 0.354725
v -0.543157 -0.165930 -0.218630
v -0.542943 0.129663 -0.215718
v -0.181136 1.324304 0.384663
v -0.312329 1.056000 0.367884
v -0.017296 1.569094 0.404516
v -0.019080 1.589908 0.678070
v -0.398373 0.751812 0.094330
v -0.177347 1.307199 0.115262
v -0.303232 1.036042 0.102517
v -0.013936 1.555069 0.130192
v -0.305304 1.025137 -0.164808
v -0.173537 1.294892 -0.156280
v 0.177505 1.784950 0.423416
v 0.636462 2.091786 0.453653
v 0.397614 1.952749 0.440330
v 0.411865 1.937137 0.158340
v 0.673899 2.054297 -0.111136
v 0.424636 1.926664 -0.122055
v 0.659227 2.064230 0.171052
v 0.921309 2.158609 0.181507
v -0.392834 0.459379 -0.160677
v -0.567448 0.116424 -0.487295
v -0.558098 0.097523 -0.760152
v -0.531186 0.405946 -0.754432
v -0.546202 0.419970 -0.481865
v -0.332937 0.761065 -0.432451
v -0.507590 0.077003 -1.028154
v -0.493723 -0.229925 -1.030722
v -0.485459 0.384926 -1.022756
v -0.468086 0.717572 -0.745711
v -0.296370 1.024977 -0.441089
v -0.001209 1.538681 -0.144007
v -0.171354 1.287317 -0.429950
v -0.157552 1.285714 -0.704561
v -0.232331 1.055228 -0.758399
v 0.009134 1.537312 -0.695292
v 0.004309 1.533783 -0.419227
v -0.409535 0.691383 -1.014014
v -0.081293 1.254359 -1.024372
v -0.246339 0.992375 -1.034482
v 0.022944 1.533094 -0.971586
v 0.202323 1.755754 -0.132437
v 0.211964 1.752192 -0.410343
v 0.217261 1.759471 -0.688938
v 0.437948 1.919660 -0.402064
v 0.685750 2.053591 -0.392729
v 0.445632 1.923958 -0.683172
v 0.696458 2.052928 -0.674798
v 0.445533 1.939502 -0.966568
v 0.941615 2.137809 -0.100332
v -0.410347 -0.252959 -1.288810
v -0.423054 0.053352 -1.286334
v -0.402515 0.359299 -1.281215
v -0.289607 0.029587 -1.519538
v -0.280024 0.333558 -1.520394
v -0.263032 0.637743 -1.534339
v -0.037885 1.016750 -1.202337
v -0.014117 1.261063 -1.244792
v -0.225044 0.932803 -1.554336
v 0.062943 1.524758 -1.246243
v -0.025904 1.250527 -1.519656
v 0.026744 1.547407 -1.522665
v 0.187949 1.817395 -1.540479
v 0.391565 2.001071 -1.544256
v 0.688486 2.090090 -1.244417
v 0.434640 1.962837 -1.254079
v 0.699950 2.062465 -0.958736
v 0.660747 2.125770 -1.531411
v 0.314364 2.066689 -1.835328
v 0.621790 2.186409 -1.817012
v 0.973376 2.147847 -0.946167
v 0.218506 2.195098 -2.120639
v 0.334386 2.337111 -2.462252
v 0.661996 2.345347 -2.393345
v 0.740280 2.401776 -2.679748
v 0.433388 2.408466 -2.755378
v 0.989447 2.332204 -2.351597
v 1.112847 2.379150 -2.905394
v 1.046872 2.361188 -2.629218
v 0.245053 2.435961 -3.140851
v 0.136918 2.399807 -2.865942
v 0.083369 2.406690 -3.524007
v 0.352410 2.437909 -3.416642
v 0.461264 2.416353 -3.689455
v 0.203212 2.382673 -3.788577
v 0.530950 2.441856 -3.039992
v 0.625978 2.440639 -3.321908
v 0.821392 2.420268 -2.963535
v -0.051397 2.324823 -3.894271
v 0.081728 2.285693 -4.144973
v 0.220558 2.216413 -4.390955
v -0.009713 2.143150 -4.472868
v 0.327070 2.339382 -4.050912
v 0.573956 2.370582 -3.959256
v 0.690255 2.297526 -4.226613
v 0.454372 2.272247 -4.311215
v 0.362322 2.124765 -4.637205
v 0.722682 2.421107 -3.599184
v 0.585312 2.167299 -4.566619
v -0.096973 1.780195 -5.005780
v -0.263393 1.855214 -4.824011
v -0.068573 1.969225 -4.761451
v 0.143029 2.062159 -4.701317
v 0.087630 1.865235 -4.965013
v 0.286149 1.929794 -4.924922
v 0.497635 1.981631 -4.873690
v 0.144857 0.118311 -5.261558
v 0.122657 0.387728 -5.262544
v 0.405951 0.148326 -5.302442
v 0.425780 -0.105624 -5.320197
v 0.659857 0.182519 -5.264759
v 0.677916 -0.079547 -5.296907
v 0.630004 0.441866 -5.259929
v 0.115758 0.629304 -5.262379
v 0.103245 0.895318 -5.303649
v 0.089548 1.160029 -5.269814
v 0.334511 0.937601 -5.305846
v 0.357917 0.671461 -5.281958
v 0.313382 1.206258 -5.266768
v 0.379344 0.411612 -5.263248
v 0.599476 0.711143 -5.285525
v 0.577759 0.974466 -5.249683
v 0.543029 1.247405 -5.278972
v 0.083683 1.430013 -5.260708
v 0.020986 1.618596 -5.175955
v 0.200789 1.688238 -5.145923
v 0.402013 1.742658 -5.118790
v 0.286823 1.474323 -5.260586
v 0.615269 1.788291 -5.082428
v 0.495441 1.504075 -5.237544
v 1.164979 1.987349 5.707032
v 0.936391 1.863658 5.943901
v 1.150430 1.886084 5.963246
v 1.119697 1.738900 6.196560
v 1.371483 1.885477 5.981116
v 1.336394 1.725899 6.215373
v 1.553140 1.706027 6.224554
v 1.592885 1.848304 5.990937
v 1.401054 1.981865 5.720068
v 0.922810 2.022663 5.438838
v 0.897686 2.139712 4.905397
v 0.912884 2.077057 5.173873
v 1.171444 2.059164 5.442566
v 1.173666 2.118563 5.174121
v 1.437144 2.106490 5.182147
v 1.422027 2.043309 5.451638
v 1.446723 2.162351 4.907433
v 1.171918 2.169028 4.900624
v 1.670079 1.993727 5.469662
v 0.885104 2.192548 4.629004
v 0.871918 2.325698 4.065335
v 0.583231 2.239575 4.073987
v 0.874951 2.250628 4.348162
v 1.164895 2.292591 4.344787
v 1.164779 2.360577 4.060230
v 1.168360 2.229387 4.624796
v 1.452600 2.218415 4.628594
v 1.455338 2.277769 4.345607
v 0.883803 2.399576 3.775361
v 0.903557 2.469245 3.478221
v 1.170821 2.425612 3.768557
v 1.199232 2.532057 3.163267
v 0.927227 2.515114 3.172031
v 1.182630 2.488168 3.470044
v 1.456083 2.415466 3.766792
v 1.469591 2.522260 3.156045
v 1.459320 2.474334 3.465134
v 1.004391 2.520700 2.236012
v 0.977952 2.545778 2.547547
v 0.952136 2.544109 2.860972
v 1.245444 2.553661 2.537165
v 1.220364 2.551584 2.850945
v 1.485852 2.535460 2.840497
v 1.540318 2.495749 2.213328
v 1.273652 2.522756 2.226696
v 1.509112 2.523385 2.524867
v 1.030357 2.480820 1.928950
v 0.781159 2.380326 1.629403
v 1.334700 2.422115 1.625710
v 1.083700 2.367421 1.334723
v 1.056421 2.421444 1.629735
v 1.304294 2.481174 1.921814
v 1.364617 2.365935 1.335066
v 1.611243 2.383127 1.617918
v 1.114190 2.310244 1.045601
v 1.145036 2.264085 0.758907
v 0.897688 2.183891 0.464971
v 1.394297 2.309645 1.049077
v 1.673099 2.263990 1.050848
v 1.643239 2.320271 1.333035
v 1.425244 2.265073 0.764463
v 1.730824 2.169917 0.488375
v 1.453245 2.222349 0.482007
v 1.703252 2.212884 0.769686
v 1.197815 2.200905 0.191313
v 1.173161 2.222867 0.474945
v 1.219748 2.178499 -0.090378
v 0.957371 2.131311 -0.382134
v 1.501451 2.168198 -0.081461
v 1.238412 2.168597 -0.371628
v 1.478748 2.191425 0.199933
v 1.521738 2.149150 -0.361940
v 1.778369 2.111469 -0.074126
v 0.968746 2.134019 -0.663983
v 1.253284 2.163851 -0.652503
v 1.540383 2.143805 -0.641718
v 1.553824 2.140286 -0.920669
v 1.262718 2.164868 -0.933267
v 1.265851 2.185016 -1.213103
v 1.798165 2.085986 -0.353966
v 1.562510 2.147384 -1.198890
v 1.836942 2.062524 -0.910526
v 0.970419 2.164660 -1.229336
v 0.958163 2.190111 -1.512420
v 0.945205 2.230250 -1.793921
v 1.264293 2.204038 -1.492259
v 1.264664 2.225485 -1.770041
v 0.952216 2.287470 -2.073402
v 1.567663 2.156602 -1.475639
v 1.348887 2.303728 -2.589151
v 1.306557 2.286848 -2.316917
v 1.277501 2.255356 -2.044630
v 1.396940 2.305110 -2.861359
v 1.637471 2.206705 -2.560619
v 1.709905 2.194671 -3.089839
v 1.447819 2.296504 -3.129405
v 1.673600 2.206959 -2.826886
v 0.901925 2.420339 -3.242819
v 0.984458 2.399859 -3.519051
v 1.177104 2.370464 -3.179795
v 1.243490 2.348309 -3.449020
v 1.497832 2.270021 -3.392779
v 1.311364 2.303901 -3.714760
v 0.822104 2.374891 -3.872269
v 1.032537 2.189835 -4.404516
v 0.809324 2.183786 -4.485910
v 1.068293 2.349130 -3.790124
v 0.924417 2.294196 -4.140143
v 1.156195 2.277498 -4.057292
v 1.249012 2.172061 -4.316049
v 1.381129 2.231503 -3.974725
v 1.459882 2.136018 -4.226359
v 1.599150 2.165733 -3.901021
v 0.714278 2.015822 -4.809926
v 0.931859 2.038186 -4.737178
v 1.146198 2.039673 -4.650700
v 1.051289 1.838658 -4.957881
v 0.835340 1.822338 -5.031049
v 1.353995 2.027218 -4.557941
v 1.261921 1.844259 -4.866784
v 0.911250 0.205557 -5.260577
v 0.934075 -0.053875 -5.258430
v 0.889166 0.473425 -5.297754
v 1.193988 -0.029320 -5.272799
v 1.169568 0.235193 -5.276142
v 1.138943 0.501924 -5.262022
v 0.775030 1.284197 -5.283787
v 0.818676 1.013565 -5.277913
v 0.853801 0.740965 -5.257587
v 1.104999 0.770617 -5.268496
v 1.066288 1.042416 -5.283769
v 1.013229 1.311135 -5.270769
v 0.714740 1.541769 -5.233691
v 0.939176 1.569406 -5.195268
v 1.159717 1.591227 -5.132725
v 2.327164 -0.060883 6.263354
v 2.331431 0.213546 6.265141
v 2.329475 0.484650 6.256393
v 2.318101 0.752011 6.238587
v 2.291002 1.013731 6.210668
v 2.237626 1.265242 6.167692
v 1.754361 1.646166 6.220913
v 1.914013 1.578187 6.201259
v 1.987832 1.655075 6.032973
v 1.858850 1.842097 5.757890
v 1.799253 1.764840 6.000198
v 2.138411 1.494613 6.098935
v 2.064538 1.712320 5.798470
v 2.243777 1.539567 5.858149
v 1.907215 1.897857 5.497415
v 1.634408 1.930150 5.733408
v 1.695765 2.051078 5.199194
v 2.121897 1.754216 5.536548
v 1.939341 1.944216 5.224699
v 2.164693 1.800084 5.262724
v 1.967979 1.994066 4.944235
v 1.714719 2.100856 4.921364
v 1.738334 2.213685 4.351574
v 1.728550 2.152496 4.638154
v 1.740945 2.286555 4.062514
v 1.455880 2.344060 4.058845
v 2.009921 2.108906 4.364056
v 1.990817 2.045835 4.656207
v 2.200051 1.846397 4.977907
v 2.229650 1.896441 4.684066
v 1.735307 2.367929 3.769255
v 1.728829 2.429054 3.463651
v 2.014072 2.180171 4.068360
v 1.987203 2.356697 3.465303
v 2.000141 2.274870 3.773135
v 1.731777 2.475274 3.149857
v 2.275384 2.030322 4.076666
v 2.228936 2.258442 3.466209
v 2.247334 2.151504 3.778368
v 2.220313 2.321961 3.139922
v 1.981581 2.403633 3.144660
v 1.766000 2.477623 2.509599
v 1.798270 2.435976 2.195580
v 2.011062 2.408001 2.491723
v 1.990420 2.425401 2.818534
v 2.224538 2.343617 2.806729
v 2.268729 2.241485 2.148043
v 2.040556 2.344687 2.174099
v 2.238251 2.311169 2.473946
v 1.574812 2.441188 1.911120
v 1.836944 2.368363 1.894744
v 1.878968 2.297513 1.607247
v 2.166102 2.090568 1.327915
v 1.912136 2.227082 1.330427
v 2.131085 2.167888 1.591926
v 2.085846 2.265193 1.871027
v 2.400768 1.913532 1.324347
v 2.364442 2.002507 1.563795
v 1.943132 2.170766 1.052885
v 1.997990 2.070070 0.493750
v 1.970726 2.111561 0.774784
v 2.225918 1.971427 0.778719
v 2.196053 2.028561 1.057118
v 2.429583 1.838392 1.065476
v 2.244792 1.920983 0.497490
v 2.466907 1.728094 0.496326
v 1.754930 2.133456 0.207222
v 2.019587 2.032358 0.212493
v 2.056935 1.975620 -0.348383
v 2.037583 2.000269 -0.068375
v 2.277287 1.854283 -0.066005
v 2.260376 1.881151 0.215484
v 2.293428 1.831086 -0.346199
v 2.484025 1.698170 0.212732
v 1.850613 2.060401 -1.187756
v 2.103153 1.939863 -0.904014
v 2.079833 1.957932 -0.627042
v 2.336237 1.777861 -0.901602
v 2.310623 1.806511 -0.624796
v 2.381767 1.740115 -1.182001
v 2.121828 1.922292 -1.181382
v 1.861510 2.063890 -1.462987
v 1.576797 2.176009 -1.749336
v 1.871342 2.067853 -1.735584
v 2.141090 1.923246 -1.455452
v 1.880395 2.072511 -2.007120
v 1.587716 2.186657 -2.022509
v 1.608208 2.199210 -2.292797
v 1.914426 2.081182 -2.539502
v 1.957821 2.061347 -3.061119
v 1.895728 2.080974 -2.275216
v 2.155422 1.921424 -1.998162
v 2.170173 1.916157 -2.527895
v 2.159633 1.918788 -2.265031
v 2.181643 1.912865 -2.788062
v 1.933686 2.070719 -2.801957
v 1.775920 2.125010 -3.598500
v 1.547961 2.227356 -3.650271
v 1.742419 2.164800 -3.347997
v 1.977117 2.037257 -3.315191
v 1.809583 2.075877 -3.839519
v 1.992311 2.000249 -3.562646
v 2.193583 1.878271 -3.296053
v 2.186964 1.895625 -3.044615
v 2.195295 1.854135 -3.541997
v 1.549380 2.002113 -4.457815
v 1.731957 1.955462 -4.359471
v 1.656760 2.075396 -4.140237
v 1.842898 1.999021 -4.066549
v 2.008543 1.957929 -3.798911
v 1.993553 1.754860 -4.398397
v 1.835109 1.801240 -4.535895
v 1.891372 1.894681 -4.271356
v 2.178756 1.767241 -4.012817
v 2.016796 1.897134 -4.017183
v 1.451200 -0.007038 -5.283904
v 1.427029 0.259950 -5.284618
v 1.399331 0.529171 -5.291490
v 1.696423 0.012809 -5.256629
v 1.671655 0.281304 -5.253191
v 1.640069 0.551433 -5.249468
v 1.936231 0.030566 -5.163242
v 1.909999 0.300175 -5.160229
v 2.133823 0.315416 -5.022428
v 1.874849 0.570603 -5.152622
v 2.097303 0.585786 -5.014914
v 2.157657 0.044991 -5.022501
v 2.362522 0.056834 -4.850315
v 2.337223 0.328386 -4.847229
v 2.299629 0.599100 -4.839499
v 2.520067 0.339957 -4.644933
v 2.477940 0.611735 -4.633656
v 1.359851 0.799616 -5.292641
v 1.307747 1.069152 -5.274952
v 1.243193 1.334866 -5.226304
v 1.596699 0.822511 -5.236779
v 1.539071 1.092098 -5.203440
v 1.766186 1.110079 -5.102896
v 1.467770 1.357695 -5.148065
v 1.684292 1.371591 -5.039275
v 1.825808 0.840321 -5.131612
v 2.048445 0.855347 -4.999901
v 1.978422 1.119736 -4.963403
v 1.890012 1.376216 -4.904747
v 2.171309 1.128540 -4.790639
v 2.243031 0.866031 -4.819949
v 2.074216 1.379792 -4.738636
v 2.232917 1.381639 -4.541088
v 2.333305 1.134719 -4.581299
v 2.417443 0.878194 -4.613652
v 1.375772 1.614020 -5.047567
v 1.465683 1.840286 -4.766754
v 1.660263 1.831605 -4.658481
v 1.581196 1.617411 -4.933935
v 1.779823 1.614470 -4.809188
v 1.951515 1.614646 -4.662655
v 2.102376 1.608197 -4.484859
v 2.562555 -0.068350 6.065457
v 2.565465 0.217553 6.068647
v 2.553706 0.500928 6.055341
v 2.519072 0.778411 6.022634
v 2.459918 1.047013 5.976447
v 2.373617 1.305257 5.921795
v 2.756198 -0.065775 5.828942
v 2.897806 -0.055110 5.565391
v 2.883398 0.249657 5.562727
v 2.747530 0.230729 5.826543
v 2.841598 0.550019 5.538719
v 2.716250 0.523373 5.804332
v 2.988820 -0.037794 5.290176
v 2.978126 0.272506 5.289180
v 2.936523 0.580090 5.266956
v 2.663672 0.809808 5.766277
v 2.585558 1.087350 5.715455
v 2.777451 0.844058 5.498631
v 2.677151 1.123904 5.441144
v 2.536686 1.380956 5.373753
v 2.464456 1.345370 5.651917
v 2.850462 0.876338 5.221269
v 2.731367 1.157596 5.159444
v 2.589680 1.425151 5.090936
v 2.404493 1.661038 5.024363
v 2.364912 1.613828 5.311821
v 2.299322 1.568276 5.586015
v 3.049185 -0.016832 5.021701
v 3.033050 0.006530 4.748688
v 3.034198 0.014285 4.485178
v 3.044423 0.320403 4.477544
v 3.045118 0.317781 4.743799
v 3.031179 0.622146 4.453485
v 3.019620 0.624104 4.718467
v 2.902819 0.908178 4.945182
v 2.781269 1.197131 4.881251
v 2.625454 1.465645 4.803584
v 2.988193 0.605141 4.990494
v 2.939198 0.931796 4.672655
v 2.819344 1.228827 4.605935
v 2.958882 0.928113 4.408240
v 2.855994 1.230848 4.339961
v 2.438442 1.711486 4.729094
v 2.473016 1.762593 4.418676
v 2.255151 1.950024 4.381053
v 2.666002 1.510121 4.518091
v 2.531619 1.812824 4.095767
v 3.037281 -0.291256 4.250590
v 3.032392 0.298373 4.246840
v 3.043012 0.001994 4.255258
v 3.048049 0.598709 4.226332
v 3.036204 -0.020220 4.031081
v 3.023833 0.264739 4.022439
v 3.024094 0.887356 4.190285
v 2.852382 1.456176 4.049408
v 2.701717 1.525758 4.237939
v 2.945636 1.172167 4.128204
v 3.049345 1.113388 3.932928
v 2.475756 2.017981 3.769978
v 2.445487 2.226139 3.127866
v 2.453228 2.145752 3.453398
v 2.739735 1.721722 3.921284
v 2.693553 1.909244 3.686165
v 2.674127 2.045320 3.404783
v 2.879628 1.798526 3.593137
v 2.919614 1.621497 3.765855
v 2.879825 1.936603 3.344995
v 2.460269 2.221525 2.459213
v 2.446013 2.248769 2.794850
v 2.667697 2.136120 3.101406
v 2.663443 2.155256 2.781478
v 2.481477 2.127482 2.130266
v 2.692073 2.018440 2.138942
v 2.880554 2.058253 2.774102
v 2.876945 2.017931 3.066160
v 2.671908 2.117094 2.457683
v 3.045575 0.217359 1.119853
v 3.042542 0.210662 1.339320
v 3.032256 0.548348 1.136745
v 3.037434 0.518299 1.354208
v 3.007955 0.827927 1.385464
v 3.032423 0.199043 1.556994
v 3.035256 0.474479 1.571712
v 2.970577 0.874114 1.174693
v 2.951402 1.126453 1.439797
v 2.730124 1.502993 1.346626
v 2.859827 1.402145 1.524304
v 2.867484 1.195346 1.241441
v 2.578187 1.790269 1.514880
v 2.768778 1.642275 1.641199
v 2.997421 1.308456 1.674629
v 3.040860 1.052500 1.620531
v 2.940557 1.535559 1.759165
v 2.310834 2.127466 1.841323
v 2.516935 1.982114 1.817051
v 2.540200 1.768115 1.310992
v 2.728920 1.846280 1.838901
v 2.881032 2.011242 2.475167
v 2.889375 1.911883 2.178744
v 2.910484 1.724979 1.915804
v 3.052129 0.219383 0.881793
v 3.032345 0.559299 0.896458
v 2.952504 0.894405 0.928996
v 2.956371 0.882940 0.674634
v 3.051821 0.205720 0.389071
v 3.053138 0.212646 0.638422
v 3.036383 0.537527 0.395538
v 3.024325 0.548683 0.648428
v 2.963141 0.863761 0.415342
v 2.824413 1.226987 0.985015
v 2.644286 1.587326 1.101219
v 2.834949 1.206111 0.716145
v 2.848621 1.181080 0.445420
v 2.452884 1.775309 0.781502
v 3.048465 0.198717 0.134500
v 3.047855 0.526985 0.137776
v 2.974627 0.846014 0.152235
v 2.982265 0.829618 -0.113952
v 3.047023 0.514407 -0.124323
v 2.988439 0.814275 -0.382453
v 2.850122 1.152471 0.174139
v 2.689602 1.441197 0.197343
v 2.678687 1.471744 0.477945
v 2.864943 1.133923 -0.098009
v 2.878025 1.116993 -0.371002
v 2.492291 1.669565 -0.068282
v 3.032068 0.176583 -0.653743
v 3.042600 0.185001 -0.387938
v 3.044062 0.493765 -0.655299
v 3.045483 0.502750 -0.389488
v 2.992580 0.797958 -0.652395
v 2.996068 0.784325 -0.923416
v 3.048130 0.482198 -0.925664
v 2.998010 0.771112 -1.194946
v 2.875470 1.093252 -0.644157
v 2.721073 1.374755 -0.634298
v 2.711414 1.395766 -0.358054
v 2.510184 1.627858 -0.624304
v 2.499999 1.646671 -0.347132
v 2.885174 1.076595 -0.917694
v 2.528368 1.608398 -0.900845
v 2.894154 1.060443 -1.190888
v 3.053121 0.153531 -1.464969
v 3.031347 0.159141 -1.189852
v 3.038139 0.459212 -1.465780
v 3.052217 0.471229 -1.196386
v 2.998673 0.753633 -1.465914
v 3.033388 0.140602 -1.733972
v 3.001629 0.739633 -1.736743
v 3.047163 0.130442 -2.006041
v 3.043630 0.446108 -1.737466
v 3.005021 0.727371 -2.007579
v 2.891563 1.036787 -1.462372
v 2.755562 1.301365 -1.458320
v 2.742654 1.324682 -1.185866
v 2.585211 1.531367 -1.455321
v 2.563640 1.555642 -1.181461
v 2.900926 1.022334 -1.733300
v 2.595201 1.518844 -1.726997
v 2.910434 1.011602 -2.003681
v 2.393096 1.726907 -1.456684
v 2.400924 1.727148 -1.728118
v 2.144864 1.915009 -1.728654
v 3.049786 0.121042 -2.278443
v 3.046504 0.422124 -2.280251
v 3.053931 0.432955 -2.010060
v 3.004620 0.714799 -2.278185
v 3.051885 0.112269 -2.551607
v 3.048036 0.412648 -2.551956
v 3.000817 0.704057 -2.548625
v 3.049443 0.104340 -2.824531
v 2.993416 0.694751 -2.819073
v 3.053259 0.097502 -3.099694
v 3.048078 0.402368 -2.824757
v 2.977905 0.684630 -3.089502
v 2.907226 0.997577 -2.273307
v 2.772305 1.262365 -2.267734
v 2.769964 1.272943 -1.999278
v 2.603711 1.505151 -2.263550
v 2.599257 1.510861 -1.996308
v 2.899770 0.985336 -2.541997
v 2.769739 1.253499 -2.534625
v 2.603239 1.500551 -2.528404
v 2.897680 0.977306 -2.810313
v 2.887825 0.967624 -3.078317
v 2.402544 1.723870 -2.262755
v 2.397952 1.720195 -1.996814
v 2.406579 1.724140 -2.525400
v 3.029402 0.091061 -3.372157
v 3.009942 0.385042 -3.369476
v 3.033068 0.392763 -3.096640
v 2.948847 0.672817 -3.359423
v 2.985058 0.085631 -3.644071
v 2.903488 0.660154 -3.628086
v 2.911494 0.080674 -3.910247
v 2.888379 0.366307 -3.906197
v 2.956727 0.375089 -3.639049
v 2.838320 0.647493 -3.893960
v 2.854807 0.950727 -3.344239
v 2.735587 1.218645 -3.326889
v 2.755735 1.233481 -3.064072
v 2.581248 1.468762 -3.308633
v 2.592580 1.481572 -3.050470
v 2.819215 0.936753 -3.610549
v 2.761183 0.920773 -3.874220
v 2.395651 1.698354 -3.294521
v 2.397412 1.705927 -3.040971
v 2.377250 1.676758 -3.542737
v 2.188694 1.816959 -3.780649
v 2.560050 1.451248 -3.564659
v 2.354819 1.656626 -3.788410
v 2.795306 0.357957 -4.166711
v 2.627952 0.623570 -4.402654
v 2.747875 0.635490 -4.153884
v 2.541711 0.065569 -4.646031
v 2.692839 0.071591 -4.416740
v 2.669002 0.348925 -4.412979
v 2.815626 0.076204 -4.169431
v 2.677524 0.905816 -4.133198
v 2.581447 1.164133 -4.104084
v 2.655655 1.182178 -3.847967
v 2.458601 1.405358 -4.067250
v 2.519202 1.427183 -3.817323
v 2.565819 0.891968 -4.383409
v 2.478330 1.148525 -4.353469
v 2.365880 1.387342 -4.311989
v 2.309328 1.621079 -4.027227
v 2.137852 1.713957 -4.234552
v 2.022409 1.836870 -4.180694
v 2.229852 1.600736 -4.261539
v 3.018245 0.231042 3.787471
v 3.077947 0.506459 3.769823
v 3.041794 0.551119 4.000013
v 3.018891 0.203485 3.537301
v 3.082188 0.469991 3.517248
v 3.027720 0.723622 3.491663
v 3.077581 0.773826 3.741205
v 3.051989 0.195384 3.275099
v 3.088904 0.450039 3.256626
v 3.087121 0.699508 3.238568
v 3.036031 0.833674 3.969435
v 3.035127 1.290603 3.654963
v 2.998519 1.374938 3.869351
v 3.023312 1.038475 3.699857
v 3.035868 0.965015 3.456605
v 3.042470 1.190166 3.409842
v 3.050746 1.395791 3.462128
v 3.045046 1.521987 3.631255
v 3.079935 0.942016 3.208412
v 3.067846 1.255545 3.050456
v 3.061948 1.253497 3.333626
v 3.047704 1.694474 3.541811
v 3.046689 1.533284 3.464173
v 3.053259 1.766706 3.274188
v 3.029611 1.424712 3.284601
v 3.204703 0.183463 3.030280
v 3.262740 0.437720 3.023862
v 3.221908 0.687567 3.018854
v 3.208457 0.180305 2.758127
v 3.253341 0.436439 2.750854
v 3.182673 0.749418 2.722350
v 3.190944 0.662957 2.480400
v 3.180720 1.013019 2.907910
v 3.142199 1.182259 2.910429
v 3.073821 1.316365 3.120610
v 3.241004 1.077700 2.669892
v 3.218762 1.281470 2.660285
v 3.126894 1.485558 2.775634
v 3.130248 0.882283 2.488320
v 3.054161 1.855464 3.030856
v 3.018800 1.657070 2.787307
v 3.032621 1.614676 3.024790
v 3.069056 1.590052 2.551150
v 3.044970 0.191250 1.778933
v 3.027728 0.461567 1.789253
v 3.042934 0.775614 1.587941
v 3.042190 0.723029 1.804758
v 3.032955 0.174583 2.010732
v 3.029096 0.424987 2.015156
v 3.042744 0.673982 2.023714
v 3.071413 0.166469 2.252713
v 3.086452 0.410174 2.251409
v 3.071042 0.641402 2.291458
v 3.191094 0.169509 2.485498
v 3.249422 0.419576 2.479214
v 3.047680 0.979155 1.825080
v 3.042953 1.222806 1.858328
v 3.046875 1.449038 1.910722
v 3.033150 0.897396 2.075093
v 3.031624 1.139501 2.062313
v 3.041379 1.351610 2.100852
v 3.034218 0.869116 2.292127
v 3.063954 1.095316 2.291271
v 3.039150 1.339832 2.314317
v 3.109215 1.126433 2.527928
v 3.089513 1.359681 2.551194
v 3.037945 1.858423 2.507846
v 3.053269 1.788547 2.242889
v 3.046301 1.646630 2.019706
v 3.031264 1.558386 2.345538
v 3.051258 1.508960 2.136868
v 1.740134 -0.267884 6.350682
v -1.043825 -0.745516 1.098214
v -2.020787 -1.263892 -3.446794
v -1.164550 1.603607 1.392278
v -1.077314 0.722564 1.130014
v -0.332870 -1.303701 4.386585
v -0.393578 0.436801 4.546610
v -0.358576 0.732472 4.510265
v -0.557262 0.765752 4.539578
v -0.404353 -0.729179 4.501608
v -0.273570 -1.582043 4.313965
v -0.205897 -1.535500 1.337781
v -0.284474 -0.643540 1.140131
v -0.321036 0.580590 1.147801
v 2.401454 1.715567 -2.784853
v 2.599756 1.491966 -2.790479
v 0.035300 -1.560676 0.053353
v 2.980531 -0.783308 -2.535996
v 2.964053 -0.785470 -2.808112
v 2.761821 1.283085 -1.729426
v 2.728420 1.350063 -0.910242
v 1.818218 2.069652 -0.632781
v -2.554725 2.082395 0.709635
v -2.866961 -1.954802 0.627330
v -0.752349 1.768723 3.888891
v -3.528139 -1.547769 2.841424
v -3.347438 1.892203 3.250407
v -0.953864 1.751338 1.567597
v 3.053791 1.896724 2.773571
v 3.029879 0.295848 5.016079
v 2.947800 -0.930303 4.890646
v 3.007815 -0.901833 4.646424
v 2.765738 1.244468 -2.799970
v -1.875381 -1.195562 4.167107
v 0.128719 1.795439 4.716076
v 2.665589 1.509320 0.763888
v 2.705107 1.201712 -3.588545
v 2.701186 1.417025 -0.081025
v 2.898845 -1.054157 -0.057689
v -1.885413 0.760799 4.372965
v -0.314026 -0.544113 -0.216089
v -0.378443 0.742694 -0.168051
v -0.434741 -0.419870 0.845176
v 3.037490 0.168815 -0.921658
v 3.043305 0.190965 -0.124650
v -0.373423 0.807615 0.873488
v -0.362628 -0.555234 -1.288733
v -0.343915 0.660235 -1.275986
v -1.197678 0.756908 4.441374
v 2.998838 -0.763773 -1.716805
v 3.008535 -0.749974 -0.897001
v -1.710476 1.991156 1.277455
v 0.192070 1.765553 0.145340
v 1.743825 2.491848 2.829817
v 0.609336 2.261804 -2.108363
v 0.224084 1.781346 -1.252083
v 0.227254 1.764015 -0.969077
v 1.003282 -2.590711 3.471110
v -1.525424 1.856115 1.327120
v 0.195010 -1.870903 -1.706591
v -1.462741 1.723820 1.169198
v 2.661725 -1.795689 4.092072
v 2.681814 -1.690406 1.446323
v -0.073494 -1.860822 4.439126
vn -0.0746 -0.1579 0.9846
vn -0.2742 -0.2406 0.9311
vn -0.3476 -0.5633 0.7496
vn -0.1632 -0.0580 0.9849
vn -0.1760 -0.5348 0.8264
vn -0.0310 -0.0779 0.9965
vn -0.1089 -0.4706 0.8756
vn 0.0136 0.0135 0.9998
vn -0.0795 -0.0036 0.9968
vn 0.0215 -0.0847 0.9962
vn 0.0286 -0.4643 0.8852
vn -0.0161 0.0205 0.9997
vn -0.0092 -0.0128 0.9999
vn -0.0923 -0.0879 0.9918
vn -0.0888 -0.0446 0.9950
vn -0.0464 0.0120 0.9989
vn 0.0127 -0.0135 0.9998
vn -0.0531 0.0074 0.9986
vn -0.1475 -0.0271 0.9887
vn -0.2080 -0.0337 0.9776
vn -0.1880 -0.1461 0.9712
vn -0.2482 0.0023 0.9687
vn -0.0041 -0.1395 0.9902
vn 0.0496 -0.1655 0.9850
vn 0.2474 -0.2306 0.9411
vn 0.2633 -0.5267 0.8082
vn 0.1881 -0.0873 0.9783
vn 0.4500 -0.6378 0.6250
vn 0.2248 -0.1279 0.9660
vn 0.1847 -0.0970 0.9780
vn 0.2099 0.0028 0.9777
vn 0.1342 0.0298 0.9905
vn 0.2113 0.0711 0.9748
vn 0.3759 -0.1505 0.9143
vn 0.3056 -0.1428 0.9414
vn -0.0749 -0.0065 0.9972
vn -0.0624 0.0110 0.9980
vn -0.2386 0.0377 0.9704
vn -0.0581 0.0240 0.9980
vn -0.0629 0.1117 0.9918
vn -0.1875 0.0386 0.9815
vn -0.0676 -0.0143 0.9976
vn 0.0233 0.1883 0.9818
vn -0.0776 0.0608 0.9951
vn 0.1949 -0.1058 0.9751
vn 0.1367 0.0630 0.9886
vn -0.1533 0.0534 0.9867
vn -0.1175 0.0476 0.9919
vn 0.0205 0.0685 0.9974
vn -0.2064 0.1808 0.9616
vn 0.0301 -0.0263 0.9992
vn 0.0305 0.0598 0.9977
vn -0.0356 -0.0029 0.9994
vn 0.0005 0.0364 0.9993
vn -0.0295 -0.0363 0.9989
vn -0.0026 0.0045 1.0000
vn -0.0031 0.0053 1.0000
vn -0.0195 -0.0367 0.9991
vn -0.1749 0.4794 0.8600
vn -0.0329 0.3215 0.9463
vn -0.0298 0.3678 0.9294
vn 0.0522 0.3024 0.9517
vn 0.0820 -0.0969 0.9919
vn 0.0611 0.2065 0.9765
vn 0.0895 -0.0117 0.9959
vn 0.2278 -0.0146 0.9736
vn 0.1907 -0.0496 0.9804
vn 0.2464 0.0432 0.9682
vn 0.0263 0.1163 0.9929
vn 0.0266 -0.0131 0.9996
vn 0.2495 0.0552 0.9668
vn -0.0163 0.0147 0.9998
vn 0.3042 0.0835 0.9489
vn 0.3871 0.2060 0.8987
vn 0.0837 0.0564 0.9949
vn 0.1666 0.3547 0.9200
vn 0.4337 0.4592 0.7753
vn -0.9807 -0.0708 0.1824
vn -0.9999 0.0095 -0.0060
vn -1.0000 0.0067 -0.0013
vn -0.9292 -0.1871 0.3188
vn -0.8921 -0.3399 0.2977
vn -0.9996 0.0256 -0.0131
vn -0.9990 0.0294 -0.0345
vn -0.9967 -0.0115 0.0807
vn -0.9986 0.0106 -0.0512
vn -0.9911 -0.0391 0.1273
vn -0.9784 -0.0848 0.1887
vn -0.9089 -0.0645 0.4121
vn -0.9751 0.0021 0.2216
vn -0.9244 -0.1073 0.3662
vn -0.9999 -0.0024 -0.0166
vn -0.9999 0.0022 0.0106
vn -0.9996 0.0296 0.0028
vn -0.9805 0.0602 0.1871
vn -0.9662 -0.0588 0.2510
vn -0.9627 -0.2640 -0.0591
vn -0.9681 -0.2490 -0.0261
vn -0.9150 -0.3977 -0.0678
vn -0.8673 -0.4977 -0.0111
vn -0.8834 -0.4685 0.0124
vn -0.9274 -0.3033 0.2190
vn -0.9184 -0.1280 0.3743
vn -0.9308 -0.2118 0.2979
vn -0.9638 -0.1776 -0.1989
vn -0.9602 -0.0114 0.2790
vn -0.9481 -0.2166 -0.2327
vn -0.9214 -0.0554 -0.3847
vn -0.9211 -0.0029 -0.3893
vn -0.9646 0.0107 -0.2633
vn -0.9787 -0.0286 0.2033
vn -0.9894 -0.0020 0.1454
vn -0.9412 -0.0099 0.3376
vn -0.9272 0.0753 0.3670
vn -0.9738 -0.0049 -0.2273
vn -0.9760 0.0175 -0.2170
vn -0.9854 0.0305 0.1677
vn -0.9206 -0.0556 -0.3866
vn -0.9355 0.0103 -0.3530
vn -0.9376 0.0209 -0.3471
vn -0.9715 -0.0018 -0.2371
vn -0.9940 -0.0303 -0.1048
vn -0.9682 -0.2397 -0.0710
vn -0.9915 0.0115 -0.1296
vn -0.9924 -0.0320 -0.1192
vn -0.9997 -0.0247 0.0052
vn -0.9434 -0.3214 -0.0812
vn -0.9989 0.0384 0.0269
vn -0.9998 -0.0188 -0.0050
vn -0.9898 -0.1315 -0.0554
vn -0.8925 -0.4341 -0.1220
vn -0.9994 0.0286 0.0200
vn -0.9994 0.0121 0.0326
vn -0.9929 -0.0696 -0.0966
vn -0.9967 -0.0100 -0.0803
vn -0.9957 0.0449 -0.0810
vn -0.9972 -0.0729 -0.0175
vn -0.9992 -0.0392 0.0048
vn -0.9981 0.0455 0.0407
vn -0.9989 -0.0389 -0.0252
vn -0.9959 -0.0609 -0.0663
vn -0.9988 0.0116 -0.0476
vn -0.9646 -0.2421 -0.1049
vn -0.8495 -0.5013 -0.1646
vn -0.9990 -0.0423 -0.0114
vn -0.9994 0.0294 0.0208
vn -0.9998 0.0191 -0.0049
vn -0.9979 -0.0325 -0.0568
vn -0.9969 -0.0136 -0.0771
vn -0.5459 -0.6067 0.5778
vn -0.5048 -0.7649 0.4000
vn -0.2783 -0.6877 0.6705
vn -0.4193 -0.5259 0.7400
vn -0.3761 -0.6700 0.6400
vn -0.2551 -0.8020 0.5401
vn -0.7035 -0.2791 0.6536
vn -0.9523 -0.1113 0.2841
vn -0.6316 -0.4212 0.6509
vn -0.7466 -0.1759 0.6416
vn -0.4853 -0.3828 0.7861
vn -0.3056 -0.5606 0.7696
vn -0.3871 -0.3212 0.8643
vn -0.5476 -0.2566 0.7964
vn -0.3376 -0.4368 0.8338
vn -0.7788 -0.0988 0.6194
vn -0.9711 -0.0170 0.2382
vn -0.8067 -0.0479 0.5890
vn -0.9694 -0.0081 0.2453
vn -0.8174 -0.0157 0.5759
vn -0.9702 0.0044 0.2424
vn -0.4380 -0.2148 0.8729
vn -0.5930 -0.1655 0.7880
vn -0.6211 -0.0952 0.7779
vn -0.4623 -0.1194 0.8787
vn -0.6323 -0.0272 0.7742
vn -0.5364 -0.8219 0.1919
vn -0.8838 -0.4461 0.1410
vn -0.8235 -0.5643 -0.0582
vn -0.5829 -0.8105 0.0571
vn -0.3969 -0.9027 0.1661
vn -0.3748 -0.8703 0.3196
vn -0.5948 -0.8037 -0.0161
vn -0.4119 -0.9095 0.0556
vn -0.3648 -0.7913 0.4906
vn -0.2572 -0.9325 0.2537
vn -0.7755 -0.6191 -0.1234
vn -0.7089 -0.6841 -0.1714
vn -0.7433 -0.6525 -0.1475
vn -0.5872 -0.8054 -0.0812
vn -0.5692 -0.8112 -0.1339
vn -0.3972 -0.9129 -0.0940
vn -0.4112 -0.9113 -0.0201
vn -0.5388 -0.8266 -0.1627
vn -0.9322 -0.3460 -0.1058
vn -0.8141 -0.5539 -0.1744
vn -0.6708 -0.7140 -0.2008
vn -0.7745 -0.6045 -0.1862
vn -0.6320 -0.7460 -0.2100
vn -0.7435 -0.6412 -0.1899
vn -0.6015 -0.7732 -0.2008
vn -0.5016 -0.8426 -0.1962
vn -0.4685 -0.8565 -0.2164
vn -0.9929 -0.1127 -0.0381
vn -0.9994 0.0319 -0.0111
vn -0.8916 -0.4299 -0.1425
vn -0.9805 -0.1848 -0.0668
vn -0.9994 0.0334 -0.0066
vn -0.9999 0.0061 -0.0102
vn -0.9996 -0.0075 -0.0279
vn -0.9993 0.0191 0.0325
vn -0.9991 -0.0102 0.0423
vn -0.9991 0.0292 0.0295
vn -1.0000 0.0060 0.0035
vn -0.9996 0.0273 0.0111
vn -0.9986 -0.0498 -0.0204
vn -0.9998 0.0184 0.0099
vn -0.7143 -0.6744 -0.1872
vn -0.6809 -0.7046 -0.1999
vn -0.5700 -0.7963 -0.2026
vn -0.8593 -0.4860 -0.1595
vn -0.8356 -0.5251 -0.1617
vn -0.9568 -0.2750 -0.0949
vn -0.9301 -0.3475 -0.1194
vn -0.9917 -0.1183 -0.0497
vn -0.8099 -0.5575 -0.1825
vn -0.9059 -0.3945 -0.1537
vn -0.9751 -0.2000 -0.0955
vn -0.7823 -0.5853 -0.2129
vn -0.6564 -0.7224 -0.2173
vn -0.8822 -0.4310 -0.1897
vn -0.9998 0.0184 0.0023
vn -0.9996 0.0262 0.0048
vn -0.9991 -0.0277 -0.0316
vn -0.9990 -0.0395 0.0229
vn -0.9995 -0.0289 -0.0150
vn -0.9992 0.0318 0.0252
vn -0.9998 0.0058 0.0182
vn -0.9921 -0.1020 -0.0725
vn -0.9520 -0.2710 -0.1426
vn -1.0000 0.0001 -0.0011
vn -0.2485 -0.8832 0.3977
vn -0.1783 -0.8036 0.5678
vn -0.1384 -0.7982 0.5863
vn -0.1466 -0.7003 0.6986
vn -0.1933 -0.6994 0.6881
vn -0.1272 -0.8751 0.4670
vn -0.1119 -0.7937 0.5979
vn -0.1328 -0.7009 0.7008
vn -0.0946 -0.8696 0.4846
vn -0.2210 -0.5800 0.7841
vn -0.2561 -0.4628 0.8487
vn -0.1604 -0.5943 0.7881
vn -0.1581 -0.4970 0.8532
vn -0.2260 -0.3738 0.8995
vn -0.1930 -0.4867 0.8520
vn -0.3115 -0.2486 0.9171
vn -0.2852 -0.3574 0.8893
vn -0.3408 -0.1417 0.9294
vn -0.1866 -0.2736 0.9436
vn -0.2415 -0.2626 0.9342
vn -0.1669 -0.3849 0.9077
vn -0.2501 -0.1609 0.9547
vn -0.1940 -0.1616 0.9676
vn -0.2565 -0.0460 0.9655
vn -0.2652 -0.9560 0.1253
vn -0.2612 -0.9648 0.0312
vn -0.1598 -0.9703 0.1815
vn -0.1649 -0.9358 0.3115
vn -0.1420 -0.9876 0.0676
vn -0.1089 -0.9333 0.3423
vn -0.1701 -0.8807 0.4420
vn -0.0820 -0.9732 0.2149
vn -0.0439 -0.9950 0.0892
vn -0.2380 -0.9699 -0.0509
vn -0.3652 -0.9186 -0.1508
vn -0.2011 -0.9710 -0.1295
vn -0.0530 -0.9928 -0.1071
vn -0.1029 -0.9943 -0.0265
vn 0.0074 -0.9998 -0.0195
vn -0.2919 -0.9351 -0.2012
vn -0.1170 -0.9758 -0.1846
vn -0.1598 -0.9720 -0.1721
vn -0.3238 -0.9287 -0.1810
vn -0.0814 -0.9793 -0.1853
vn -0.2702 -0.9413 -0.2025
vn -0.0574 -0.9828 -0.1757
vn 0.0048 -0.9861 -0.1660
vn 0.1147 -0.9791 -0.1681
vn -0.5383 -0.8171 -0.2061
vn -0.5219 -0.8278 -0.2059
vn -0.3923 -0.8979 -0.1999
vn -0.2251 -0.9581 -0.1770
vn -0.4106 -0.8896 -0.2001
vn -0.3834 -0.9039 -0.1894
vn -0.2215 -0.9615 -0.1625
vn -0.2433 -0.9506 -0.1927
vn -0.3858 -0.9073 -0.1671
vn -0.2246 -0.9648 -0.1367
vn -0.0430 -0.9876 -0.1510
vn -0.6557 -0.7229 -0.2178
vn -0.5299 -0.8254 -0.1947
vn -0.5422 -0.8178 -0.1929
vn -0.6550 -0.7156 -0.2426
vn -0.5356 -0.8178 -0.2107
vn -0.6649 -0.7144 -0.2181
vn -0.3912 -0.9073 -0.1543
vn -0.6412 -0.7218 -0.2605
vn -0.5295 -0.8180 -0.2248
vn -0.3914 -0.9064 -0.1586
vn -0.3934 -0.9032 -0.1716
vn -0.7620 -0.6036 -0.2345
vn -0.7662 -0.6004 -0.2292
vn -0.8429 -0.4792 -0.2449
vn -0.8586 -0.4630 -0.2201
vn -0.7520 -0.6053 -0.2609
vn -0.8309 -0.4840 -0.2745
vn -0.7392 -0.6100 -0.2856
vn -0.8176 -0.4891 -0.3038
vn -0.9278 -0.3175 -0.1962
vn -0.9734 -0.1717 -0.1518
vn -0.9075 -0.3431 -0.2423
vn -0.9504 -0.2127 -0.2270
vn -0.9730 -0.0920 -0.2118
vn -0.9941 -0.0574 -0.0920
vn -0.8911 -0.3556 -0.2821
vn -0.9316 -0.2259 -0.2848
vn -0.9532 -0.0981 -0.2861
vn -0.8777 -0.3599 -0.3165
vn -0.9176 -0.2275 -0.3259
vn -0.9385 -0.0963 -0.3317
vn -0.6396 -0.7223 -0.2630
vn -0.5304 -0.8189 -0.2191
vn -0.6386 -0.7172 -0.2789
vn -0.5300 -0.8183 -0.2222
vn -0.7316 -0.6111 -0.3022
vn -0.8060 -0.4902 -0.3318
vn -0.7251 -0.6094 -0.3207
vn -0.7990 -0.4861 -0.3541
vn -0.8632 -0.3605 -0.3533
vn -0.9027 -0.2272 -0.3653
vn -0.9241 -0.0937 -0.3704
vn -0.8894 -0.2269 -0.3969
vn -0.8531 -0.3566 -0.3809
vn -0.9108 -0.0922 -0.4024
vn -0.1048 -0.7871 0.6079
vn -0.1135 -0.7021 0.7030
vn -0.0864 -0.8660 0.4925
vn -0.0709 -0.9314 0.3569
vn -0.0519 -0.9308 0.3619
vn -0.1095 -0.7781 0.6185
vn -0.1171 -0.6927 0.7117
vn -0.1356 -0.6828 0.7179
vn -0.1225 -0.7744 0.6207
vn -0.0855 -0.8642 0.4958
vn -0.1059 -0.8594 0.5003
vn -0.1290 -0.6013 0.7886
vn -0.1513 -0.5989 0.7864
vn -0.1390 -0.4922 0.8593
vn -0.1175 -0.6002 0.7911
vn -0.1473 -0.2834 0.9476
vn -0.1420 -0.3885 0.9104
vn -0.1552 -0.1618 0.9745
vn -0.1872 -0.0484 0.9811
vn -0.1421 -0.3875 0.9108
vn -0.1324 -0.2763 0.9519
vn -0.1148 -0.3833 0.9165
vn -0.1214 -0.1650 0.9788
vn -0.1161 -0.2692 0.9561
vn -0.1113 -0.1590 0.9810
vn -0.1214 -0.0483 0.9914
vn -0.0325 -0.9739 0.2249
vn 0.0866 -0.9958 -0.0299
vn 0.0204 -0.9956 0.0917
vn 0.0365 -0.9962 0.0792
vn -0.0129 -0.9743 0.2247
vn 0.1070 -0.9923 -0.0627
vn -0.0304 -0.9746 0.2219
vn -0.0602 -0.9296 0.3636
vn 0.0161 -0.9979 0.0626
vn 0.0824 -0.9914 -0.1017
vn 0.1630 -0.9712 -0.1738
vn 0.0763 -0.9914 -0.1064
vn 0.3937 -0.8909 -0.2266
vn 0.2822 -0.9355 -0.2125
vn 0.1743 -0.9754 -0.1353
vn 0.3363 -0.8945 -0.2947
vn 0.2060 -0.9592 -0.1935
vn 0.5045 -0.7990 -0.3273
vn 0.6903 -0.5998 -0.4047
vn 0.4537 -0.7227 -0.5215
vn 0.2995 -0.9411 -0.1567
vn 0.2454 -0.9508 -0.1893
vn 0.0665 -0.9813 -0.1808
vn 0.3216 -0.9402 -0.1124
vn 0.1490 -0.9821 -0.1156
vn 0.3309 -0.9408 -0.0735
vn 0.1401 -0.9795 -0.1447
vn 0.4734 -0.8662 -0.1600
vn 0.5024 -0.8612 -0.0769
vn 0.5078 -0.8612 -0.0224
vn 0.6573 -0.7245 -0.2076
vn 0.3252 -0.9452 -0.0280
vn 0.6930 -0.7208 -0.0118
vn 0.8435 -0.4974 0.2030
vn 0.8300 -0.3005 0.4700
vn 0.8373 -0.4226 -0.3468
vn 0.7144 -0.1439 0.6848
vn 0.8755 -0.3979 -0.2742
vn 0.9898 0.0611 -0.1284
vn 0.4378 0.0168 0.8989
vn 0.9954 0.0088 -0.0952
vn -0.0345 -0.9918 -0.1234
vn -0.2279 -0.9676 -0.1091
vn -0.0440 -0.9949 -0.0908
vn 0.1157 -0.9933 0.0035
vn 0.1347 -0.9903 -0.0353
vn 0.3080 -0.9512 0.0207
vn 0.1478 -0.9857 -0.0813
vn 0.2915 -0.9542 0.0668
vn 0.4788 -0.8735 0.0877
vn 0.4991 -0.8659 0.0319
vn 0.2807 -0.9559 0.0860
vn -0.2287 -0.9683 -0.1002
vn -0.0593 -0.9965 -0.0587
vn -0.2309 -0.9674 -0.1045
vn -0.0617 -0.9971 -0.0450
vn 0.1062 -0.9942 0.0143
vn -0.0723 -0.9968 -0.0331
vn 0.0923 -0.9950 0.0387
vn 0.0766 -0.9950 0.0636
vn -0.0927 -0.9955 -0.0194
vn -0.3953 -0.9029 -0.1690
vn -0.6365 -0.7133 -0.2934
vn -0.5305 -0.8144 -0.2354
vn -0.2450 -0.9644 -0.1000
vn -0.4116 -0.8969 -0.1616
vn -0.2673 -0.9600 -0.0831
vn -0.4022 -0.9022 -0.1560
vn -0.2845 -0.9555 -0.0780
vn -0.1102 -0.9939 -0.0016
vn -0.7196 -0.6063 -0.3385
vn -0.7910 -0.4832 -0.3752
vn -0.8462 -0.3535 -0.3987
vn -0.8820 -0.2230 -0.4152
vn -0.8997 -0.0869 -0.4278
vn -0.4291 -0.8887 -0.1615
vn -0.5380 -0.8084 -0.2391
vn -0.4522 -0.8791 -0.1508
vn -0.5552 -0.7979 -0.2348
vn -0.6408 -0.7046 -0.3049
vn -0.5692 -0.7883 -0.2339
vn -0.5751 -0.7770 -0.2560
vn -0.4701 -0.8686 -0.1565
vn -0.6359 -0.7109 -0.3005
vn -0.7196 -0.5994 -0.3507
vn -0.7206 -0.5931 -0.3591
vn -0.7851 -0.4722 -0.4008
vn -0.7852 -0.4796 -0.3917
vn -0.6564 -0.6905 -0.3039
vn -0.7245 -0.5805 -0.3716
vn -0.7795 -0.4613 -0.4238
vn -0.8366 -0.3524 -0.4193
vn -0.8725 -0.2166 -0.4380
vn -0.8309 -0.3440 -0.4373
vn -0.8612 -0.2096 -0.4630
vn -0.8788 -0.0723 -0.4717
vn -0.8893 -0.0773 -0.4508
vn -0.8249 -0.3345 -0.4557
vn -0.8563 -0.2011 -0.4757
vn -0.8689 -0.0647 -0.4908
vn -0.6586 -0.6756 -0.3312
vn -0.7280 -0.5614 -0.3934
vn -0.5849 -0.7581 -0.2882
vn -0.8163 -0.3277 -0.4756
vn -0.7773 -0.4481 -0.4416
vn -0.8453 -0.1919 -0.4987
vn -0.7772 -0.4350 -0.4548
vn -0.8115 -0.3119 -0.4942
vn -0.0897 -0.9261 0.3665
vn -0.1518 -0.6779 0.7193
vn -0.1506 -0.7697 0.6204
vn -0.1256 -0.9221 0.3659
vn -0.1445 -0.8522 0.5029
vn -0.1720 -0.6679 0.7241
vn -0.1811 -0.7601 0.6240
vn -0.2219 -0.6545 0.7227
vn -0.2278 -0.7500 0.6210
vn -0.2206 -0.8340 0.5058
vn -0.1500 -0.5808 0.8001
vn -0.1333 -0.5913 0.7953
vn -0.1219 -0.4936 0.8611
vn -0.1360 -0.4781 0.8677
vn -0.1577 -0.5722 0.8048
vn -0.1534 -0.4697 0.8694
vn -0.1108 -0.2709 0.9562
vn -0.1175 -0.3757 0.9193
vn -0.1084 -0.1519 0.9824
vn -0.0989 -0.0468 0.9940
vn -0.1466 -0.3658 0.9191
vn -0.1213 -0.2592 0.9582
vn -0.1434 -0.3554 0.9237
vn -0.1028 -0.1503 0.9833
vn -0.1340 -0.2472 0.9597
vn -0.0195 -0.9985 0.0515
vn -0.0596 -0.9743 0.2172
vn 0.0295 -0.9912 -0.1294
vn -0.0592 -0.9972 0.0468
vn -0.0944 -0.9730 0.2105
vn -0.0216 -0.9900 -0.1395
vn -0.1443 -0.9681 0.2049
vn -0.1664 -0.9163 0.3644
vn 0.1700 -0.9500 -0.2620
vn 0.0909 -0.9465 -0.3097
vn 0.1664 -0.8601 -0.4823
vn 0.2831 -0.8697 -0.4043
vn 0.2336 -0.7113 -0.6629
vn 0.0181 -0.9434 -0.3311
vn 0.0609 -0.8520 -0.5200
vn -0.0539 -0.9411 -0.3339
vn -0.0829 -0.9863 -0.1426
vn -0.0333 -0.8506 -0.5247
vn -0.0145 -0.7208 -0.6930
vn 0.1819 -0.4978 -0.8480
vn 0.0067 -0.3212 -0.9470
vn 0.0700 -0.5700 -0.8187
vn 0.0864 -0.7164 -0.6923
vn 0.0161 -0.4304 -0.9025
vn 0.0055 -0.5894 -0.8079
vn 0.0158 -0.4699 -0.8826
vn 0.0219 -0.3605 -0.9325
vn -0.3032 -0.0969 -0.9480
vn -0.1789 -0.2005 -0.9632
vn -0.3684 -0.0320 -0.9291
vn 0.9659 -0.1253 -0.2268
vn -0.2134 -0.1938 -0.9576
vn -0.0775 -0.3126 -0.9467
vn -0.3442 -0.0829 -0.9352
vn 0.0399 -0.2572 -0.9655
vn 0.0430 -0.1500 -0.9878
vn 0.0201 -0.0557 -0.9982
vn 0.6731 -0.7374 0.0564
vn 0.6460 -0.7567 0.1003
vn 0.8370 -0.2909 0.4634
vn 0.7505 -0.6322 0.1925
vn 0.7899 -0.5903 0.1663
vn 0.8142 -0.5027 0.2905
vn 0.8434 -0.4421 0.3055
vn 0.8473 -0.3702 0.3807
vn 0.7186 -0.6589 0.2223
vn 0.6157 -0.7725 0.1553
vn 0.7983 -0.5299 0.2861
vn 0.8532 -0.3986 0.3364
vn 0.4809 0.0146 0.8767
vn 0.6775 -0.0019 0.7355
vn 0.8521 -0.2411 0.4646
vn 0.7838 -0.1593 0.6002
vn 0.8370 -0.1243 0.5329
vn 0.7185 -0.0634 0.6926
vn 0.8212 -0.0252 0.5701
vn 0.8912 -0.2672 0.3666
vn 0.9266 -0.1235 0.3553
vn 0.9517 -0.0059 0.3070
vn 0.4559 -0.8807 0.1286
vn 0.5923 -0.7821 0.1938
vn 0.5774 -0.7875 0.2155
vn 0.4375 -0.8857 0.1554
vn 0.5753 -0.7861 0.2258
vn 0.7026 -0.6665 0.2494
vn 0.7919 -0.5370 0.2909
vn 0.8585 -0.4009 0.3199
vn 0.6996 -0.6646 0.2624
vn 0.7919 -0.5348 0.2950
vn 0.8828 -0.3678 0.2922
vn 0.7123 -0.6530 0.2573
vn 0.8290 -0.5029 0.2447
vn 0.9420 -0.2814 0.1831
vn 0.9194 -0.2392 0.3121
vn 0.9626 -0.0700 0.2618
vn 0.9714 0.0199 0.2364
vn 0.9287 -0.2302 0.2908
vn 0.9147 -0.1309 0.3823
vn 0.8409 -0.0112 0.5411
vn 0.9347 -0.2965 0.1958
vn 0.8547 -0.3247 0.4051
vn 0.8284 -0.0919 0.5526
vn 0.2674 -0.9577 0.1066
vn 0.4247 -0.8892 0.1698
vn 0.0605 -0.9947 0.0826
vn 0.2254 -0.9597 0.1678
vn 0.2476 -0.9583 0.1429
vn 0.4080 -0.8891 0.2077
vn 0.3886 -0.8874 0.2478
vn 0.5655 -0.7832 0.2585
vn 0.6946 -0.6511 0.3060
vn 0.8335 -0.4520 0.3176
vn 0.9214 -0.2339 0.3104
vn -0.3022 -0.9504 -0.0733
vn -0.1631 -0.9862 0.0288
vn -0.1318 -0.9911 0.0188
vn 0.0240 -0.9924 0.1210
vn 0.1837 -0.9579 0.2206
vn -0.0715 -0.9839 0.1639
vn -0.0233 -0.9890 0.1460
vn 0.1297 -0.9541 0.2698
vn 0.3514 -0.8842 0.3079
vn -0.3610 -0.9310 -0.0550
vn -0.3299 -0.9424 -0.0552
vn -0.4882 -0.8560 -0.1700
vn -0.2035 -0.9779 0.0490
vn -0.3367 -0.9416 0.0069
vn -0.2900 -0.9561 0.0426
vn -0.3902 -0.9178 -0.0732
vn -0.2008 -0.9643 0.1729
vn -0.2443 -0.9679 0.0593
vn -0.1316 -0.9742 0.1836
vn 0.0671 -0.9520 0.2987
vn -0.2500 -0.9605 0.1223
vn -0.5042 -0.8406 -0.1978
vn -0.5997 -0.7405 -0.3035
vn -0.6038 -0.7251 -0.3313
vn -0.5198 -0.8238 -0.2262
vn -0.4547 -0.8711 -0.1858
vn -0.4425 -0.8856 -0.1409
vn -0.3614 -0.9310 -0.0508
vn -0.4187 -0.9025 -0.1012
vn -0.6548 -0.6630 -0.3629
vn -0.6659 -0.6461 -0.3731
vn -0.6702 -0.6238 -0.4021
vn -0.7205 -0.5409 -0.4339
vn -0.7177 -0.5188 -0.4645
vn -0.7684 -0.4202 -0.4827
vn -0.7570 -0.4012 -0.5158
vn -0.8030 -0.2937 -0.5186
vn -0.8329 -0.1815 -0.5227
vn -0.8234 -0.1697 -0.5415
vn -0.8461 -0.0497 -0.5306
vn -0.8313 -0.0438 -0.5542
vn -0.7867 -0.2789 -0.5508
vn -0.8050 -0.1570 -0.5721
vn -0.8125 -0.0335 -0.5820
vn -0.5963 -0.7060 -0.3822
vn -0.5287 -0.8086 -0.2580
vn -0.5344 -0.7663 -0.3567
vn -0.4619 -0.8384 -0.2895
vn -0.5305 -0.7898 -0.3079
vn -0.5964 -0.6476 -0.4742
vn -0.5358 -0.6935 -0.4817
vn -0.5398 -0.7380 -0.4049
vn -0.6588 -0.6031 -0.4498
vn -0.7070 -0.4944 -0.5057
vn -0.7419 -0.3798 -0.5526
vn -0.6506 -0.5784 -0.4921
vn -0.5959 -0.6814 -0.4249
vn -0.6910 -0.4673 -0.5515
vn -0.7181 -0.3546 -0.5988
vn -0.6369 -0.5426 -0.5477
vn -0.6648 -0.4320 -0.6094
vn -0.6813 -0.3235 -0.6567
vn -0.7660 -0.2624 -0.5869
vn -0.7807 -0.1442 -0.6080
vn -0.7873 -0.0257 -0.6160
vn -0.7356 -0.2421 -0.6326
vn -0.7462 -0.1304 -0.6529
vn -0.7514 -0.0192 -0.6596
vn -0.6906 -0.2180 -0.6896
vn -0.6963 -0.1151 -0.7085
vn -0.7000 -0.0135 -0.7140
vn -0.5863 -0.5909 -0.5542
vn -0.6101 -0.4927 -0.6205
vn -0.6229 -0.3864 -0.6802
vn -0.5501 -0.5343 -0.6418
vn -0.5050 -0.6507 -0.5671
vn -0.5639 -0.4299 -0.7051
vn -0.5586 -0.3281 -0.7618
vn -0.6262 -0.2847 -0.7259
vn -0.6256 -0.1889 -0.7569
vn -0.6256 -0.0979 -0.7740
vn -0.5462 -0.2364 -0.8036
vn -0.5345 -0.1537 -0.8311
vn -0.5279 -0.0781 -0.8457
vn -0.2060 -0.9075 0.3662
vn -0.1789 -0.8439 0.5059
vn -0.2905 -0.6407 0.7107
vn -0.2958 -0.7373 0.6073
vn -0.2810 -0.8238 0.4924
vn -0.2572 -0.8965 0.3607
vn -0.2341 -0.9489 0.2116
vn -0.3969 -0.6086 0.6871
vn -0.4028 -0.7221 0.5625
vn -0.3629 -0.8148 0.4521
vn -0.2716 -0.9408 0.2026
vn -0.3143 -0.8875 0.3371
vn -0.6344 -0.6064 0.4794
vn -0.5295 -0.7311 0.4302
vn -0.4291 -0.8242 0.3695
vn -0.2696 -0.5399 0.7974
vn -0.1987 -0.5576 0.8060
vn -0.1667 -0.4607 0.8718
vn -0.2397 -0.4427 0.8641
vn -0.3063 -0.4917 0.8151
vn -0.1851 -0.3904 0.9018
vn -0.1985 -0.2482 0.9482
vn -0.2115 -0.3475 0.9135
vn -0.1896 -0.1397 0.9719
vn -0.1252 -0.1464 0.9813
vn -0.1143 -0.0388 0.9927
vn -0.0767 -0.3047 0.9494
vn 0.0143 -0.2160 0.9763
vn -0.7895 -0.3517 0.5030
vn 0.0717 -0.1226 0.9899
vn -0.8390 -0.1422 0.5252
vn -0.1905 -0.9593 0.2085
vn -0.1738 -0.9840 0.0397
vn -0.1531 -0.9782 -0.1404
vn -0.1160 -0.9924 0.0404
vn -0.2112 -0.9763 0.0465
vn -0.2008 -0.9719 -0.1226
vn -0.2034 -0.9318 -0.3008
vn -0.2467 -0.9342 -0.2576
vn -0.2344 -0.9674 -0.0964
vn -0.1350 -0.9359 -0.3253
vn -0.1108 -0.7238 -0.6810
vn -0.1208 -0.8512 -0.5107
vn -0.2504 -0.7372 -0.6276
vn -0.2162 -0.8517 -0.4773
vn -0.2917 -0.8644 -0.4096
vn -0.3794 -0.7678 -0.5163
vn -0.0791 -0.5838 -0.8080
vn -0.0075 -0.4633 -0.8862
vn 0.0882 -0.3381 -0.9370
vn -0.2023 -0.5515 -0.8093
vn -0.5702 -0.6560 -0.4945
vn 0.2130 -0.2103 -0.9541
vn 0.3325 -0.1170 -0.9358
vn 0.3968 -0.0436 -0.9169
vn 0.4600 -0.0999 -0.8823
vn 0.2747 -0.2342 -0.9326
vn -0.7310 -0.3559 -0.5822
vn -0.7043 -0.4292 -0.5654
vn 0.5438 -0.7795 0.3111
vn 0.5219 -0.7686 0.3698
vn 0.6726 -0.6510 0.3520
vn 0.8019 -0.4414 0.4026
vn 0.7787 -0.3083 0.5464
vn 0.6910 -0.6157 0.3787
vn 0.8829 -0.3404 0.3235
vn 0.8587 -0.3834 0.3401
vn 0.8722 -0.3489 0.3427
vn 0.8024 -0.4261 0.4178
vn 0.8798 -0.1208 0.4596
vn 0.6789 -0.4247 0.5989
vn 0.7906 -0.2975 0.5352
vn 0.8934 -0.0769 0.4427
vn 0.8048 -0.4690 0.3638
vn 0.9015 -0.1962 0.3858
vn 0.9422 -0.0347 0.3333
vn 0.1992 -0.8721 0.4470
vn 0.2915 -0.8769 0.3822
vn 0.4897 -0.7409 0.4596
vn 0.0393 -0.8596 0.5095
vn 0.4008 -0.6978 0.5936
vn 0.6946 -0.4075 0.5928
vn 0.7350 -0.5239 0.4304
vn 0.0751 -0.6422 0.7629
vn 0.4445 -0.2614 0.8568
vn -0.7285 -0.4174 0.5432
vn 0.9080 -0.2529 0.3341
vn 0.8117 -0.2298 0.5370
vn 0.8023 -0.3657 0.4717
vn 0.8870 -0.4200 0.1918
vn 0.7300 -0.2085 0.6508
vn 0.9512 -0.2355 0.1995
vn 0.2519 -0.1412 -0.9574
vn 0.1828 -0.8840 -0.4302
vn 0.9701 -0.1509 0.1900
vn 0.9775 -0.0318 0.2083
vn 0.8697 -0.4641 0.1680
vn 0.9929 -0.1148 0.0306
vn 0.9995 -0.0274 -0.0171
vn 0.9010 -0.3623 0.2385
vn 0.9661 -0.1116 -0.2326
vn 0.8943 -0.0217 -0.4469
vn 0.8648 -0.0116 -0.5021
vn 0.1506 0.0672 -0.9863
vn 0.1158 0.0335 -0.9927
vn 0.1122 -0.0051 -0.9937
vn -0.1275 -0.9424 0.3094
vn -0.2727 -0.9611 0.0444
vn -0.1728 -0.9580 0.2287
vn -0.0872 -0.8879 0.4518
vn -0.0321 -0.9428 0.3318
vn -0.1197 -0.9411 0.3161
vn -0.1301 -0.8365 0.5324
vn -0.1879 -0.9729 0.1351
vn -0.1179 -0.9723 0.2017
vn -0.4606 -0.8559 -0.2352
vn -0.3708 -0.9223 -0.1092
vn -0.2826 -0.9587 -0.0321
vn -0.1941 -0.9800 0.0440
vn -0.2845 -0.9538 -0.0968
vn -0.1900 -0.9765 -0.1016
vn -0.1969 -0.9798 -0.0351
vn -0.2855 -0.9458 -0.1545
vn -0.3754 -0.9124 -0.1633
vn -0.4618 -0.8189 -0.3408
vn -0.3760 -0.8999 -0.2211
vn -0.4534 -0.7953 -0.4025
vn -0.3736 -0.8848 -0.2784
vn -0.2785 -0.9345 -0.2218
vn -0.4319 -0.7634 -0.4803
vn -0.4668 -0.5993 -0.6503
vn -0.4004 -0.7184 -0.5688
vn -0.3410 -0.8438 -0.4143
vn -0.3637 -0.8678 -0.3385
vn -0.4214 -0.5315 -0.7348
vn -0.2561 -0.7382 -0.6241
vn -0.3038 -0.8042 -0.5108
vn -0.3488 -0.6641 -0.6613
vn -0.2381 -0.8985 -0.3689
vn -0.2920 -0.4246 -0.8570
vn -0.4921 -0.4722 -0.7313
vn -0.4881 -0.3527 -0.7983
vn -0.4620 -0.2556 -0.8493
vn -0.4126 -0.3768 -0.8293
vn -0.3633 -0.2539 -0.8964
vn -0.3111 -0.1648 -0.9360
vn -0.2635 -0.2417 -0.9339
vn -0.1817 -0.1247 -0.9754
vn -0.1054 -0.0595 -0.9926
vn -0.4322 -0.1778 -0.8841
vn -0.4077 -0.1098 -0.9065
vn -0.3913 -0.0528 -0.9187
vn -0.2590 -0.1020 -0.9605
vn -0.2210 -0.0561 -0.9737
vn -0.2004 -0.0216 -0.9795
vn -0.0550 -0.0252 -0.9982
vn -0.0279 -0.0103 -0.9996
vn -0.0179 0.0039 -0.9998
vn -0.2028 -0.5976 -0.7757
vn -0.2670 -0.5867 -0.7645
vn -0.1608 -0.3466 -0.9241
vn -0.0958 -0.1097 -0.9893
vn -0.0204 -0.0084 -0.9998
vn 0.0285 0.0120 -0.9995
vn 0.0420 0.0062 -0.9991
vn 0.0422 0.0068 -0.9991
vn 0.0442 0.0134 -0.9989
vn -0.6534 -0.4824 0.5834
vn -0.6112 -0.6614 0.4348
vn -0.5071 -0.7235 0.4684
vn -0.6006 -0.7542 0.2653
vn -0.5117 -0.2934 0.8075
vn -0.5321 -0.5240 0.6651
vn -0.3547 -0.7788 0.5173
vn -0.3424 -0.8747 0.3431
vn -0.7863 -0.4596 0.4129
vn -0.7270 -0.5939 0.3447
vn -0.8090 -0.3279 0.4878
vn -0.6696 -0.3087 0.6756
vn -0.7990 -0.2203 0.5596
vn -0.6409 -0.1783 0.7466
vn -0.4479 -0.1253 0.8852
vn -0.3622 -0.0557 0.9304
vn -0.7755 -0.1338 0.6170
vn -0.6002 -0.1042 0.7930
vn -0.5802 -0.0590 0.8124
vn -0.7537 -0.0589 0.6546
vn -0.5734 0.0017 0.8193
vn -0.2772 -0.0287 0.9604
vn -0.2133 0.0004 0.9770
vn -0.0653 -0.0034 0.9979
vn -0.1958 0.0274 0.9803
vn -0.8408 -0.4843 0.2420
vn -0.8379 -0.5211 0.1623
vn -0.7433 -0.6518 0.1501
vn -0.7345 -0.6395 0.2272
vn -0.6080 -0.7762 0.1668
vn -0.4608 -0.8668 0.1907
vn -0.4777 -0.8224 0.3089
vn -0.6064 -0.7859 0.1206
vn -0.4321 -0.8912 0.1380
vn -0.4439 -0.8864 0.1310
vn -0.9187 -0.3017 0.2548
vn -0.8895 -0.4340 0.1429
vn -0.8909 -0.4072 0.2013
vn -0.8779 -0.3661 0.3088
vn -0.8882 -0.2616 0.3776
vn -0.9330 -0.1949 0.3025
vn -0.9351 -0.3177 0.1571
vn -0.9632 -0.2061 0.1722
vn -0.9388 -0.0948 0.3312
vn -0.9752 -0.1009 0.1971
vn -0.9372 0.0040 0.3488
vn -0.8833 -0.1664 0.4383
vn -0.8693 -0.0798 0.4878
vn -0.8561 0.0046 0.5168
vn -0.8190 -0.5638 0.1069
vn -0.7360 -0.6668 0.1167
vn -0.8262 -0.5497 0.1237
vn -0.7305 -0.6718 0.1223
vn -0.5958 -0.7924 0.1305
vn -0.5560 -0.7924 0.2508
vn -0.4003 -0.8963 0.1908
vn -0.4170 -0.8629 0.2855
vn -0.8984 -0.4317 0.0804
vn -0.8678 -0.4849 0.1087
vn -0.9614 -0.2223 -0.1620
vn -0.9378 -0.3449 -0.0401
vn -0.9507 -0.3037 0.0632
vn -0.9631 -0.1253 -0.2381
vn -0.9790 -0.1965 0.0535
vn -0.9939 -0.0979 0.0502
vn -0.9568 -0.0461 -0.2869
vn -0.9985 -0.0030 0.0540
vn -0.3462 -0.8916 0.2919
vn -0.3195 -0.9157 0.2437
vn -0.2537 -0.9535 0.1629
vn -0.2427 -0.9687 0.0521
vn -0.2527 -0.9659 0.0568
vn -0.2404 -0.9680 -0.0726
vn -0.2152 -0.9746 0.0623
vn -0.2871 -0.9403 0.1830
vn -0.1964 -0.9791 -0.0528
vn -0.2512 -0.9458 -0.2061
vn -0.1977 -0.9669 -0.1614
vn -0.3784 -0.8365 -0.3963
vn -0.2962 -0.8982 -0.3248
vn -0.2271 -0.9404 -0.2533
vn -0.6733 -0.7324 -0.1012
vn -0.6921 -0.7083 -0.1387
vn -0.8213 -0.5675 -0.0581
vn -0.5289 -0.8117 -0.2476
vn -0.4807 -0.7995 -0.3602
vn -0.7391 -0.6479 -0.1846
vn -0.3463 -0.9043 -0.2498
vn -0.3236 -0.8957 -0.3049
vn -0.5265 -0.8316 -0.1765
vn -0.3471 -0.9193 -0.1857
vn -0.3349 -0.9325 -0.1352
vn -0.8932 -0.4496 0.0096
vn -0.6888 -0.4536 -0.5656
vn -0.9230 -0.3034 0.2366
vn -0.8997 -0.1858 0.3949
vn -0.9011 -0.4311 0.0460
vn -0.9414 -0.3022 0.1496
vn -0.8717 -0.4893 -0.0278
vn -0.8671 -0.0972 0.4885
vn -0.7434 -0.1117 -0.6594
vn -0.7418 -0.1142 -0.6608
vn -0.8374 -0.0649 0.5427
vn -0.6811 -0.0230 -0.7319
vn -0.9468 -0.1995 0.2524
vn -0.9304 -0.3660 0.0206
vn -0.6625 -0.7451 -0.0774
vn -0.7869 -0.6129 -0.0711
vn -0.5191 -0.8463 -0.1193
vn -0.5101 -0.8553 -0.0908
vn -0.6528 -0.7555 -0.0553
vn -0.5006 -0.8628 -0.0703
vn -0.3220 -0.9418 -0.0962
vn -0.7756 -0.6279 -0.0657
vn -0.9206 -0.3863 -0.0572
vn -0.8574 -0.5111 -0.0596
vn -0.9275 -0.3639 -0.0857
vn -0.8576 -0.5125 -0.0437
vn -0.8574 -0.5136 -0.0321
vn -0.9637 -0.2552 -0.0782
vn -0.9637 -0.2608 0.0574
vn -0.9890 -0.1403 0.0469
vn -0.9872 -0.1116 -0.1143
vn -0.9994 -0.0344 0.0083
vn -0.9641 -0.2058 -0.1676
vn -0.9787 -0.1827 -0.0933
vn -0.9915 -0.0241 -0.1279
vn -0.9367 -0.3477 -0.0424
vn -0.6479 -0.7617 -0.0110
vn -0.6461 -0.7627 -0.0293
vn -0.7624 -0.6465 -0.0295
vn -0.4935 -0.8692 -0.0299
vn -0.4962 -0.8682 0.0072
vn -0.5024 -0.8635 0.0432
vn -0.7649 -0.6431 -0.0376
vn -0.9236 -0.3788 -0.0587
vn -0.8544 -0.5159 -0.0617
vn -0.7831 -0.6219 -0.0031
vn -0.9166 -0.3737 -0.1422
vn -0.8730 -0.4831 -0.0676
vn -0.9046 -0.4248 -0.0357
vn -0.9611 -0.2717 0.0488
vn -0.9850 -0.1351 -0.1076
vn -0.9053 -0.4188 -0.0707
vn -0.9439 -0.3105 0.1124
vn -0.9383 -0.3424 0.0474
vn -0.9634 -0.2475 0.1028
vn -0.9444 -0.2837 -0.1661
vn -0.9006 -0.3459 -0.2633
vn -0.9910 -0.1329 -0.0188
vn -0.6809 -0.7237 0.1123
vn -0.6694 -0.7399 0.0664
vn -0.7999 -0.5992 0.0348
vn -0.6773 -0.7146 0.1750
vn -0.8306 -0.5559 0.0337
vn -0.5043 -0.8607 0.0703
vn -0.6591 -0.7515 0.0298
vn -0.5227 -0.8272 0.2063
vn -0.5002 -0.8586 0.1121
vn -0.9236 -0.3786 -0.0599
vn -0.8753 -0.4799 -0.0603
vn -0.8962 -0.2618 -0.3581
vn -0.9141 -0.2943 -0.2790
vn -0.9622 -0.2661 -0.0581
vn -0.8788 -0.4126 -0.2397
vn -0.9266 -0.3631 -0.0974
vn -0.8672 -0.2595 -0.4250
vn -0.7997 -0.1526 -0.5807
vn -0.7092 -0.0266 -0.7046
vn -0.0984 -0.9311 0.3514
vn -0.0625 -0.9705 0.2330
vn 0.0099 -0.9751 0.2216
vn 0.0643 -0.9887 0.1356
vn -0.0311 -0.9904 0.1350
vn -0.0999 -0.9948 0.0223
vn -0.1083 -0.9885 0.1060
vn -0.0885 -0.9943 -0.0602
vn 0.0363 -0.9944 -0.0995
vn 0.0210 -0.9995 -0.0229
vn -0.1576 -0.9574 -0.2420
vn -0.1737 -0.9697 -0.1717
vn -0.2637 -0.9212 -0.2860
vn -0.1321 -0.9333 -0.3338
vn -0.0528 -0.9765 -0.2091
vn -0.0738 -0.9884 -0.1326
vn 0.0547 -0.9815 -0.1832
vn -0.0233 -0.9520 -0.3051
vn 0.0110 -0.9049 -0.4254
vn 0.0813 -0.9553 -0.2842
vn -0.1586 -0.7809 -0.6042
vn -0.0966 -0.8897 -0.4463
vn -0.2014 -0.8577 -0.4730
vn -0.0500 -0.8038 -0.5927
vn 0.0413 -0.6481 -0.7604
vn 0.0424 -0.8156 -0.5770
vn 0.0027 -0.6301 -0.7765
vn -0.0336 -0.3279 -0.9441
vn -0.0927 -0.6285 -0.7723
vn 0.0261 -0.3100 -0.9504
vn 0.0084 -0.3386 -0.9409
vn 0.0081 -0.0310 -0.9995
vn 0.0268 0.0359 -0.9990
vn 0.0091 0.0050 -0.9999
vn 0.0101 -0.0281 -0.9996
vn -0.0107 -0.0410 -0.9991
vn -0.0097 0.0517 -0.9986
vn 0.0041 0.0439 -0.9990
vn -0.0124 -0.0479 -0.9988
vn -0.0079 0.0019 -1.0000
vn -0.0168 -0.0078 -0.9998
vn -0.0505 -0.0176 -0.9986
vn -0.0393 -0.0328 -0.9987
vn 0.0057 -0.0273 -0.9996
vn -0.0765 -0.0319 -0.9966
vn -0.0217 -0.0585 -0.9980
vn 0.0162 0.0068 -0.9998
vn -0.2209 -0.7880 0.5746
vn -0.1968 -0.9095 0.3661
vn -0.3074 -0.9279 0.2108
vn -0.1495 -0.9608 0.2334
vn -0.1096 -0.7936 0.5985
vn 0.0530 -0.7994 0.5984
vn -0.0391 -0.9221 0.3849
vn 0.1295 -0.9052 0.4047
vn 0.2012 -0.9350 0.2920
vn -0.2592 -0.9546 0.1466
vn -0.1147 -0.9796 0.1648
vn -0.2817 -0.9484 0.1454
vn 0.0195 -0.9652 0.2606
vn -0.0771 -0.9862 0.1466
vn 0.0681 -0.9800 0.1869
vn -0.2207 -0.9605 0.1697
vn -0.0321 -0.9863 0.1620
vn 0.1744 -0.9686 0.1771
vn 0.1427 -0.9772 0.1574
vn 0.0084 -0.9839 0.1786
vn -0.1730 -0.9740 0.1465
vn -0.2348 -0.9504 0.2039
vn -0.1653 -0.9684 0.1870
vn -0.3199 -0.9209 0.2228
vn 0.0399 -0.9837 0.1756
vn -0.1101 -0.9775 0.1798
vn 0.0629 -0.9881 0.1400
vn -0.1337 -0.9888 0.0665
vn -0.1127 -0.9930 -0.0350
vn -0.0120 -0.9998 -0.0171
vn -0.0320 -0.9973 0.0667
vn -0.0040 -0.9942 -0.1075
vn 0.1160 -0.9890 -0.0917
vn -0.1178 -0.9714 -0.2064
vn -0.1091 -0.9855 -0.1297
vn -0.1317 -0.9554 -0.2645
vn -0.2755 -0.9093 -0.3118
vn -0.1475 -0.9511 -0.2712
vn 0.0274 -0.9683 -0.2483
vn 0.0186 -0.9708 -0.2391
vn 0.1334 -0.9757 -0.1737
vn 0.1597 -0.9599 -0.2304
vn 0.0072 -0.9828 -0.1844
vn 0.2009 -0.9493 -0.2416
vn -0.1557 -0.9587 -0.2382
vn 0.0438 -0.9730 -0.2265
vn -0.1481 -0.9711 -0.1873
vn 0.0676 -0.9890 -0.1316
vn 0.0605 -0.9816 -0.1812
vn 0.2636 -0.9505 -0.1643
vn 0.2404 -0.9458 -0.2185
vn 0.2747 -0.9549 -0.1127
vn -0.3211 -0.9444 -0.0710
vn -0.1277 -0.9871 -0.0962
vn -0.1359 -0.9804 -0.1425
vn -0.1244 -0.9903 -0.0612
vn -0.1233 -0.9917 -0.0362
vn 0.0738 -0.9929 -0.0937
vn 0.0845 -0.9958 -0.0353
vn 0.0814 -0.9952 -0.0540
vn 0.2788 -0.9567 -0.0835
vn -0.3160 -0.9487 0.0109
vn -0.3211 -0.9465 -0.0337
vn -0.3077 -0.9508 0.0367
vn -0.1150 -0.9934 -0.0010
vn 0.0900 -0.9958 -0.0148
vn 0.0989 -0.9951 0.0031
vn -0.0961 -0.9947 0.0355
vn 0.1054 -0.9943 0.0140
vn -0.1045 -0.9943 0.0195
vn -0.3095 -0.9471 0.0855
vn -0.3019 -0.9516 0.0570
vn -0.3199 -0.9330 0.1652
vn -0.0937 -0.9938 0.0601
vn -0.0917 -0.9901 0.1063
vn -0.2387 -0.8998 0.3651
vn 0.1084 -0.9935 0.0349
vn -0.0545 -0.9777 0.2029
vn 0.1441 -0.9834 0.1102
vn 0.1162 -0.9914 0.0603
vn -0.0686 -0.9458 0.3173
vn 0.0395 -0.9712 0.2348
vn 0.1241 -0.9761 0.1784
vn 0.1762 -0.9770 0.1200
vn 0.2955 -0.9503 0.0976
vn 0.2571 -0.9577 0.1295
vn -0.0015 -0.9985 0.0550
vn 0.1007 -0.9929 0.0637
vn 0.1468 -0.9862 -0.0768
vn 0.1254 -0.9921 -0.0021
vn 0.2103 -0.9757 0.0617
vn 0.2583 -0.9637 -0.0679
vn 0.2353 -0.9719 0.0046
vn 0.3726 -0.9258 -0.0639
vn 0.3521 -0.9360 -0.0002
vn 0.3857 -0.9121 -0.1391
vn 0.1821 -0.9480 -0.2611
vn 0.1674 -0.9726 -0.1614
vn 0.1967 -0.9030 -0.3819
vn 0.2905 -0.9281 -0.2327
vn 0.2783 -0.9491 -0.1473
vn 0.3013 -0.8840 -0.3573
vn 0.1240 -0.8240 -0.5529
vn 0.1069 -0.9086 -0.4036
vn 0.1323 -0.6713 -0.7293
vn 0.2213 -0.8196 -0.5285
vn 0.2429 -0.6735 -0.6982
vn 0.1039 -0.3816 -0.9185
vn 0.0327 -0.0712 -0.9969
vn 0.1204 -0.1588 -0.9800
vn 0.2182 -0.4351 -0.8735
vn -0.0209 0.0390 -0.9990
vn 0.0134 -0.0091 -0.9999
vn -0.0110 -0.0422 -0.9990
vn -0.0099 -0.0120 -0.9999
vn 0.0405 -0.0197 -0.9990
vn -0.0010 0.0135 -0.9999
vn 0.0706 0.0511 -0.9962
vn -0.0283 0.0236 -0.9993
vn 0.2131 -0.7707 0.6006
vn 0.3010 -0.8341 0.4623
vn 0.3781 -0.8607 0.3410
vn 0.2523 -0.9432 0.2162
vn 0.4277 -0.8666 0.2569
vn 0.5479 -0.7104 0.4417
vn 0.5877 -0.7438 0.3184
vn 0.6935 -0.5983 0.4015
vn 0.6425 -0.5190 0.5637
vn 0.5054 -0.3967 0.7663
vn 0.6404 -0.3742 0.6707
vn 0.4633 -0.2278 0.8564
vn 0.5972 -0.2830 0.7505
vn 0.5523 -0.2213 0.8038
vn 0.5268 -0.1662 0.8336
vn 0.2575 -0.0966 0.9614
vn 0.5242 -0.1078 0.8447
vn 0.2041 -0.0448 0.9779
vn 0.2880 -0.9422 0.1713
vn 0.3150 -0.9351 0.1624
vn 0.1087 -0.9825 0.1514
vn 0.4842 -0.8568 0.1775
vn 0.4593 -0.8644 0.2045
vn 0.6196 -0.7582 0.2033
vn 0.6039 -0.7576 0.2478
vn 0.6355 -0.7499 0.1837
vn 0.3467 -0.9218 0.1733
vn 0.2002 -0.9633 0.1788
vn 0.3595 -0.9138 0.1889
vn 0.4984 -0.8413 0.2094
vn 0.5066 -0.8446 0.1731
vn 0.2055 -0.9661 0.1561
vn 0.2014 -0.9752 0.0922
vn 0.3341 -0.9242 0.1848
vn 0.3095 -0.9433 0.1202
vn 0.4519 -0.8643 0.2206
vn 0.4147 -0.8971 0.1524
vn 0.0968 -0.9953 -0.0061
vn 0.0786 -0.9943 0.0721
vn 0.3027 -0.9529 0.0205
vn 0.2029 -0.9792 0.0030
vn 0.3185 -0.9443 -0.0827
vn 0.3942 -0.9180 0.0440
vn 0.3980 -0.9139 -0.0802
vn 0.2515 -0.9524 -0.1722
vn 0.2187 -0.9722 -0.0843
vn 0.3037 -0.9235 -0.2345
vn 0.4126 -0.8762 -0.2492
vn 0.3584 -0.9159 -0.1808
vn 0.4896 -0.8301 -0.2669
vn 0.4265 -0.8839 -0.1917
vn 0.4538 -0.8790 -0.1461
vn 0.4224 -0.8820 -0.2089
vn 0.4689 -0.8782 -0.0939
vn 0.3658 -0.8970 -0.2480
vn 0.5819 -0.7866 -0.2064
vn 0.6219 -0.7727 -0.1271
vn 0.5826 -0.7561 -0.2981
vn 0.2899 -0.9565 -0.0317
vn 0.2844 -0.9574 -0.0505
vn 0.4727 -0.8790 -0.0633
vn 0.4740 -0.8793 -0.0465
vn 0.4785 -0.8776 -0.0278
vn 0.6375 -0.7696 -0.0357
vn 0.6387 -0.7683 -0.0425
vn 0.2987 -0.9544 0.0002
vn 0.2963 -0.9550 -0.0107
vn 0.4777 -0.8783 -0.0190
vn 0.4755 -0.8795 -0.0176
vn 0.2921 -0.9561 -0.0218
vn 0.4754 -0.8797 -0.0073
vn 0.6325 -0.7745 -0.0117
vn 0.6347 -0.7725 -0.0203
vn 0.6293 -0.7769 -0.0179
vn 0.6301 -0.7764 -0.0155
vn 0.3010 -0.9535 0.0121
vn 0.3273 -0.9432 0.0562
vn 0.3101 -0.9505 0.0214
vn 0.4762 -0.8793 -0.0060
vn 0.4895 -0.8717 0.0232
vn 0.4798 -0.8774 -0.0054
vn 0.6266 -0.7791 -0.0173
vn 0.6298 -0.7766 -0.0145
vn 0.3543 -0.9316 0.0808
vn 0.2009 -0.9690 0.1436
vn 0.4238 -0.9030 0.0703
vn 0.3897 -0.9171 0.0838
vn 0.4487 -0.8930 0.0335
vn 0.5042 -0.8624 0.0456
vn 0.5235 -0.8509 0.0439
vn 0.5484 -0.8355 0.0347
vn 0.5725 -0.8198 0.0119
vn 0.6396 -0.7684 0.0200
vn 0.6292 -0.7772 -0.0004
vn 0.6530 -0.7572 0.0151
vn 0.6675 -0.7446 0.0031
vn 0.6812 -0.7320 -0.0140
vn 0.4698 -0.8826 -0.0163
vn 0.3252 -0.9444 0.0491
vn 0.4984 -0.8569 -0.1315
vn 0.4887 -0.8699 -0.0661
vn 0.6094 -0.7818 -0.1320
vn 0.6002 -0.7962 -0.0757
vn 0.6913 -0.7213 -0.0429
vn 0.4008 -0.8558 -0.3271
vn 0.3963 -0.8929 -0.2137
vn 0.4037 -0.7804 -0.4775
vn 0.5019 -0.8407 -0.2035
vn 0.5016 -0.8129 -0.2961
vn 0.6126 -0.7656 -0.1963
vn 0.5816 -0.7107 -0.3959
vn 0.6051 -0.7474 -0.2742
vn 0.7152 -0.6677 -0.2066
vn 0.7129 -0.6459 -0.2731
vn 0.6932 -0.6170 -0.3725
vn 0.3188 -0.8027 -0.5040
vn 0.3132 -0.4772 -0.8211
vn 0.4214 -0.4922 -0.7617
vn 0.3269 -0.6738 -0.6627
vn 0.4132 -0.6658 -0.6213
vn 0.4855 -0.6399 -0.5957
vn 0.4882 -0.7542 -0.4391
vn 0.2627 -0.2508 -0.9317
vn 0.6692 -0.5543 -0.4949
vn 0.1668 -0.0920 -0.9817
vn 0.4112 -0.2975 -0.8616
vn 0.3742 -0.1586 -0.9137
vn 0.5291 -0.3124 -0.7889
vn 0.5103 -0.4736 -0.7178
vn 0.5193 -0.1897 -0.8333
vn 0.5997 -0.4413 -0.6675
vn 0.5555 -0.6079 -0.5674
vn 0.6271 -0.3154 -0.7123
vn 0.6330 -0.2078 -0.7457
vn 0.7352 -0.3304 -0.5919
vn 0.7420 -0.2291 -0.6301
vn 0.7112 -0.4442 -0.5449
vn 0.7768 -0.4829 -0.4042
vn 0.8097 -0.3673 -0.4577
vn 0.8197 -0.2641 -0.5083
vn 0.0850 -0.0280 -0.9960
vn 0.0436 -0.0001 -0.9990
vn 0.0296 0.0046 -0.9995
vn 0.3326 -0.0730 -0.9402
vn 0.2932 -0.0218 -0.9558
vn 0.2602 0.0037 -0.9655
vn 0.4981 -0.1025 -0.8611
vn 0.4769 -0.0446 -0.8778
vn 0.4609 -0.0039 -0.8874
vn 0.6268 -0.1223 -0.7695
vn 0.6133 -0.0623 -0.7874
vn 0.5988 -0.0097 -0.8009
vn 0.7347 -0.1459 -0.6625
vn 0.7225 -0.0809 -0.6866
vn 0.7121 -0.0188 -0.7018
vn 0.8112 -0.1013 -0.5759
vn 0.8036 -0.0300 -0.5944
vn 0.7317 -0.4707 0.4931
vn 0.7317 -0.3682 0.5736
vn 0.7221 -0.2822 0.6317
vn 0.7149 -0.2016 0.6696
vn 0.7124 -0.1210 0.6913
vn 0.7221 -0.6498 0.2374
vn 0.7393 -0.6425 0.2013
vn 0.7072 -0.6379 0.3049
vn 0.7672 -0.5238 0.3703
vn 0.8003 -0.4151 0.4327
vn 0.7969 -0.5379 0.2751
vn 0.8433 -0.4339 0.3172
vn 0.8155 -0.5341 0.2229
vn 0.8663 -0.4352 0.2454
vn 0.8317 -0.1327 0.5391
vn 0.8707 -0.3307 0.3640
vn 0.8184 -0.3132 0.4817
vn 0.8886 -0.2287 0.3976
vn 0.8276 -0.2224 0.5153
vn 0.9057 -0.1258 0.4048
vn 0.9035 -0.3345 0.2679
vn 0.9349 -0.2157 0.2819
vn 0.9554 -0.0990 0.2783
vn 0.6403 -0.7342 0.2256
vn 0.8215 -0.5284 0.2144
vn 0.8781 -0.4234 0.2229
vn 0.7463 -0.6325 0.2072
vn 0.8138 -0.5185 0.2625
vn 0.8907 -0.3853 0.2411
vn 0.7642 -0.6073 0.2170
vn 0.9051 -0.4240 0.0318
vn 0.9554 -0.2952 0.0073
vn 0.9913 -0.0522 0.1210
vn 0.9713 -0.1659 0.1705
vn 1.0000 0.0023 -0.0008
vn 1.0000 -0.0061 -0.0071
vn 0.9999 0.0154 -0.0025
vn 0.9948 -0.0742 0.0704
vn 0.4974 -0.8453 0.1950
vn 0.5630 -0.7851 0.2582
vn 0.4547 -0.8876 0.0740
vn 0.8289 -0.5222 0.2004
vn 0.6359 -0.6968 0.3318
vn 0.7464 -0.5254 0.4086
vn 0.8609 -0.5068 0.0454
vn 0.9259 -0.3709 0.0713
vn 0.8446 -0.3549 0.4008
vn 0.9943 -0.1069 0.0002
vn 0.9909 -0.1347 -0.0008
vn 0.9661 -0.2552 0.0398
vn 0.9999 0.0030 -0.0104
vn 0.9477 -0.1920 0.2550
vn 0.9953 -0.0623 0.0746
vn 0.4985 -0.8614 0.0974
vn 0.5280 -0.8148 0.2394
vn 0.4431 -0.8938 -0.0688
vn 0.4920 -0.8692 -0.0488
vn 0.4920 -0.8490 -0.1927
vn 0.6463 -0.7492 -0.1448
vn 0.6519 -0.7577 -0.0286
vn 0.4826 -0.8328 -0.2713
vn 0.5149 -0.8022 -0.3022
vn 0.6130 -0.7061 -0.3546
vn 0.5252 -0.7842 -0.3305
vn 0.4602 -0.8649 -0.2002
vn 0.6416 -0.7061 -0.2996
vn 0.6027 -0.6787 -0.4197
vn 0.6808 -0.5976 -0.4235
vn 0.7953 -0.4217 -0.4356
vn 0.8246 -0.3859 -0.4137
vn 0.7128 -0.5386 -0.4493
vn 0.8308 -0.4660 -0.3043
vn 0.9349 -0.2317 -0.2689
vn 0.9703 -0.2009 -0.1348
vn 0.9913 -0.0912 -0.0946
vn 0.9102 -0.3431 -0.2318
vn 1.0000 -0.0008 0.0055
vn 0.9978 -0.0607 -0.0248
vn 0.9996 0.0028 0.0295
vn 0.9998 -0.0161 0.0136
vn 0.9959 -0.0579 -0.0693
vn 0.7184 -0.6591 -0.2222
vn 0.7675 -0.6349 -0.0880
vn 0.7645 -0.6426 -0.0514
vn 0.8533 -0.4998 -0.1486
vn 0.9224 -0.3764 -0.0863
vn 0.8645 -0.5012 -0.0387
vn 0.8616 -0.5071 -0.0214
vn 0.9673 -0.2489 -0.0481
vn 0.9937 -0.1103 -0.0184
vn 0.9999 -0.0148 0.0058
vn 0.9994 -0.0024 0.0343
vn 0.9928 -0.1196 0.0005
vn 0.9998 -0.0193 -0.0038
vn 0.9674 -0.2515 0.0291
vn 0.9667 -0.2559 -0.0047
vn 0.9260 -0.3773 -0.0157
vn 0.9940 -0.1076 0.0184
vn 0.9999 -0.0141 0.0050
vn 0.7662 -0.6420 -0.0279
vn 0.6346 -0.7691 -0.0764
vn 0.7638 -0.6453 -0.0147
vn 0.7581 -0.6521 -0.0093
vn 0.8576 -0.5143 -0.0088
vn 0.9203 -0.3911 0.0125
vn 0.9248 -0.3802 0.0110
vn 0.8539 -0.5204 0.0068
vn 0.8517 -0.5240 -0.0010
vn 0.9711 -0.2386 0.0112
vn 0.9957 -0.0923 -0.0063
vn 0.9998 -0.0113 -0.0167
vn 0.9973 -0.0735 -0.0084
vn 0.9996 -0.0071 -0.0260
vn 0.9744 -0.2248 0.0050
vn 0.9982 -0.0601 0.0070
vn 1.0000 0.0019 0.0001
vn 0.7565 -0.6540 -0.0066
vn 0.8521 -0.5233 -0.0051
vn 0.9216 -0.3882 0.0002
vn 0.9240 -0.3824 0.0061
vn 0.7538 -0.6569 -0.0135
vn 0.8500 -0.5267 -0.0040
vn 0.9191 -0.3940 0.0043
vn 0.8436 -0.5367 -0.0179
vn 0.9164 -0.4001 -0.0105
vn 0.9761 -0.2172 0.0054
vn 0.9755 -0.2198 0.0102
vn 0.9984 -0.0559 0.0013
vn 1.0000 0.0069 -0.0048
vn 0.9999 0.0157 -0.0050
vn 0.9988 -0.0469 0.0108
vn 0.9997 0.0188 0.0161
vn 0.7494 -0.6619 -0.0173
vn 0.7503 -0.6607 -0.0214
vn 0.7466 -0.6650 -0.0190
vn 0.7442 -0.6678 -0.0131
vn 0.8412 -0.5402 -0.0226
vn 0.9128 -0.4078 -0.0235
vn 0.8390 -0.5440 -0.0143
vn 0.9104 -0.4137 -0.0090
vn 0.8347 -0.5504 -0.0169
vn 0.9073 -0.4201 -0.0164
vn 0.9694 -0.2450 -0.0167
vn 0.9722 -0.2343 -0.0030
vn 0.9980 -0.0625 -0.0037
vn 0.9989 -0.0469 0.0051
vn 0.9999 0.0100 0.0089
vn 0.9999 0.0099 0.0073
vn 0.9968 -0.0794 0.0041
vn 0.9999 0.0079 0.0063
vn 0.7488 -0.6628 -0.0027
vn 0.7565 -0.6540 -0.0049
vn 0.7629 -0.6463 -0.0166
vn 0.7701 -0.6370 -0.0330
vn 0.8359 -0.5485 -0.0200
vn 0.9044 -0.4259 -0.0264
vn 0.8391 -0.5438 -0.0159
vn 0.9045 -0.4257 -0.0238
vn 0.8403 -0.5415 -0.0271
vn 0.9064 -0.4210 -0.0353
vn 0.8456 -0.5311 -0.0533
vn 0.9070 -0.4151 -0.0717
vn 0.9587 -0.2838 -0.0190
vn 0.9634 -0.2679 -0.0086
vn 0.9948 -0.1016 -0.0083
vn 0.9958 -0.0910 -0.0008
vn 1.0000 -0.0017 0.0007
vn 0.9925 -0.1209 -0.0184
vn 0.9999 -0.0119 0.0001
vn 0.9995 -0.0295 -0.0064
vn 0.9885 -0.1479 -0.0319
vn 0.9974 -0.0504 -0.0509
vn 0.6995 -0.7087 -0.0921
vn 0.5894 -0.8072 -0.0308
vn 0.7087 -0.6893 -0.1504
vn 0.7798 -0.6228 -0.0641
vn 0.7897 -0.6024 -0.1159
vn 0.7940 -0.5821 -0.1752
vn 0.8534 -0.5130 -0.0923
vn 0.9071 -0.4049 -0.1149
vn 0.9064 -0.3896 -0.1635
vn 0.8574 -0.4950 -0.1407
vn 0.8570 -0.4734 -0.2037
vn 0.8992 -0.3687 -0.2356
vn 0.9468 -0.2942 -0.1303
vn 0.9525 -0.2950 -0.0756
vn 0.9743 -0.1791 -0.1367
vn 0.9832 -0.1699 -0.0667
vn 0.9889 -0.0646 -0.1335
vn 0.9738 -0.0694 -0.2168
vn 0.9290 -0.2640 -0.2592
vn 0.9414 -0.2803 -0.1877
vn 0.9471 -0.1592 -0.2787
vn 0.9625 -0.1742 -0.2081
vn 0.9526 -0.0625 -0.2977
vn 0.7953 -0.5574 -0.2384
vn 0.8403 -0.4119 -0.3525
vn 0.8519 -0.4464 -0.2738
vn 0.8642 -0.3056 -0.3996
vn 0.8880 -0.3409 -0.3086
vn 0.7957 -0.5235 -0.3046
vn 0.9176 -0.1421 -0.3712
vn 0.8725 -0.0421 -0.4867
vn 0.9215 -0.0517 -0.3850
vn 0.8175 -0.1776 -0.5479
vn 0.8733 -0.2105 -0.4393
vn 0.8748 -0.1233 -0.4685
vn 0.9070 -0.2423 -0.3444
vn 0.6758 -0.6482 0.3510
vn 0.8227 -0.4336 0.3676
vn 0.8983 -0.3838 0.2140
vn 0.9778 -0.1776 0.1116
vn 0.9331 -0.3380 0.1231
vn 0.6405 -0.7334 0.2277
vn 0.9984 -0.0400 0.0393
vn 0.9981 -0.0338 0.0512
vn 0.9995 0.0270 -0.0140
vn 0.9542 -0.1986 0.2237
vn 0.9996 -0.0290 0.0042
vn 1.0000 -0.0056 0.0031
vn 0.9997 0.0070 -0.0240
vn 0.9975 -0.0264 0.0657
vn 0.9935 -0.0003 0.1139
vn 0.9907 -0.0238 0.1342
vn 0.9649 -0.1704 0.2000
vn 0.9368 -0.0668 0.3434
vn 0.9269 -0.0314 0.3741
vn 0.9997 0.0181 -0.0157
vn 0.9996 0.0124 -0.0252
vn 0.9995 -0.0008 -0.0316
vn 0.9994 -0.0114 0.0317
vn 0.9964 -0.0150 0.0836
vn 0.9998 0.0035 -0.0183
vn 0.9944 0.0082 0.1054
vn 0.9995 0.0006 -0.0302
vn 0.9772 -0.0897 0.1922
vn 0.9484 -0.0983 0.3016
vn 0.9247 -0.1265 0.3590
vn 0.9372 0.0336 0.3473
vn 0.6421 -0.7614 0.0898
vn 0.9342 -0.3542 -0.0429
vn 0.9495 -0.3138 -0.0002
vn 0.9430 -0.3311 0.0342
vn 0.9954 -0.0933 -0.0211
vn 0.9956 -0.0884 0.0307
vn 0.9887 -0.1473 0.0277
vn 0.9486 -0.3125 0.0508
vn 0.9792 -0.1739 0.1046
vn 0.9778 -0.0738 0.1963
vn 0.9256 -0.1785 -0.3339
vn 0.9563 -0.0895 0.2783
vn 0.9689 0.0447 0.2433
vn 0.9778 -0.0616 0.2001
vn 0.9931 0.0065 0.1171
vn 0.9970 0.0637 0.0442
vn 0.9654 0.0428 -0.2572
vn 0.9606 0.0869 -0.2639
vn 0.9284 -0.2848 -0.2387
vn 0.9340 -0.3299 -0.1371
vn 0.9994 -0.0247 -0.0246
vn 1.0000 0.0061 0.0041
vn 0.9928 -0.0360 -0.1139
vn 0.9838 -0.1078 -0.1434
vn 0.9444 -0.1998 -0.2611
vn 0.9998 -0.0067 -0.0193
vn 0.9996 0.0228 0.0157
vn 0.9997 0.0245 -0.0008
vn 0.9994 0.0060 -0.0330
vn 0.9962 -0.0114 -0.0864
vn 0.9649 -0.0842 -0.2488
vn 0.9235 -0.0962 -0.3712
vn 0.9590 -0.2072 -0.1933
vn 0.9345 -0.1291 -0.3318
vn 0.9996 -0.0258 0.0082
vn 0.9999 0.0126 0.0036
vn 1.0000 0.0079 0.0039
vn 0.9999 0.0114 0.0060
vn 0.9998 0.0188 -0.0048
vn 0.9954 -0.0309 -0.0904
vn 0.9960 0.0063 -0.0887
vn 0.9945 0.0180 -0.1027
vn 0.9093 -0.0323 -0.4148
vn 0.9107 0.0070 -0.4130
vn 0.9258 0.0482 -0.3750
vn 0.9601 -0.0335 -0.2776
vn -0.9845 0.0169 0.1743
vn -0.9884 0.0194 0.1504
vn -0.9319 0.0202 0.3621
vn -0.9997 0.0218 -0.0075
vn -0.9998 -0.0180 -0.0090
vn -0.9996 -0.0244 -0.0117
vn -0.9951 -0.0042 0.0987
vn -0.9763 0.0105 0.2161
vn -0.9976 0.0030 0.0689
vn -0.9134 0.0156 0.4068
vn -0.9968 0.0063 0.0800
vn -0.9971 -0.0410 0.0634
vn -0.9233 0.0427 0.3818
vn -0.9999 0.0048 -0.0112
vn -0.9996 -0.0047 -0.0283
vn -0.9975 -0.0394 -0.0581
vn -0.9357 0.0848 0.3426
vn -0.9201 0.1173 0.3737
vn -0.9752 0.0083 0.2213
vn -0.9643 0.0105 0.2648
vn -0.9330 0.0408 0.3575
vn -0.9262 -0.0029 0.3770
vn -0.9725 -0.0078 -0.2326
vn -0.9332 -0.0029 -0.3594
vn -0.9323 0.0017 -0.3616
vn -0.9733 -0.0007 -0.2296
vn -0.9306 0.0201 -0.3654
vn -0.9688 -0.0012 -0.2478
vn -0.9646 -0.0226 0.2629
vn -0.9612 0.1656 0.2205
vn -0.9659 0.0206 0.2580
vn -0.9390 0.3352 0.0765
vn -0.9651 0.0960 0.2435
vn -0.9661 0.0343 -0.2559
vn -0.9505 0.2230 -0.2162
vn -0.9246 0.0333 -0.3796
vn -0.9395 0.1440 -0.3108
vn -0.9244 0.3444 -0.1641
vn -0.8959 0.4195 -0.1459
vn -0.7955 0.6012 -0.0757
vn -0.9954 0.0023 -0.0961
vn -0.9961 -0.0242 -0.0847
vn -0.9958 0.0356 -0.0843
vn -0.9990 0.0125 0.0419
vn -0.9980 -0.0507 0.0389
vn -0.9975 0.0536 0.0460
vn -1.0000 -0.0070 0.0062
vn -0.9994 -0.0335 0.0082
vn -0.9973 0.0706 -0.0180
vn -0.9912 0.0440 -0.1249
vn -0.9899 0.0409 -0.1361
vn -0.9464 0.2972 -0.1261
vn -0.9978 0.0581 0.0304
vn -0.9971 0.0714 -0.0271
vn -0.9226 0.3676 -0.1167
vn -0.9979 0.0627 -0.0134
vn -0.9829 0.1729 -0.0632
vn -0.8763 0.4602 -0.1427
vn -0.7381 0.6504 -0.1793
vn -0.9973 -0.0531 -0.0512
vn -0.9994 0.0022 -0.0346
vn -0.9979 0.0593 -0.0263
vn -0.9970 0.0734 -0.0241
vn -0.9506 0.2977 -0.0885
vn -0.8216 0.5462 -0.1635
vn -0.8031 0.0158 0.5956
vn -0.7758 0.0676 0.6274
vn -0.9743 0.0115 0.2251
vn -0.7494 0.1307 0.6491
vn -0.9585 0.0425 0.2820
vn -0.6236 0.0417 0.7807
vn -0.4651 0.0473 0.8840
vn -0.4659 -0.0369 0.8841
vn -0.4479 0.1376 0.8835
vn -0.5962 0.1077 0.7955
vn -0.5581 0.1791 0.8102
vn -0.7120 0.1942 0.6748
vn -0.6424 0.2845 0.7116
vn -0.5539 0.4303 0.7128
vn -0.9161 0.1842 0.3561
vn -0.5032 0.2756 0.8190
vn -0.4247 0.3930 0.8156
vn -0.3983 0.2300 0.8880
vn -0.2817 0.4447 0.8502
vn -0.3341 0.3322 0.8821
vn -0.2298 0.5629 0.7940
vn -0.3457 0.5193 0.7815
vn -0.8430 0.4776 0.2474
vn -0.8832 0.3416 0.3214
vn -0.7951 0.6014 0.0784
vn -0.4831 0.6308 0.6072
vn -0.4890 0.8440 0.2203
vn -0.2886 0.6787 0.6753
vn -0.2700 0.8190 0.5062
vn -0.1766 0.6993 0.6927
vn -0.7769 0.6184 -0.1189
vn -0.7822 0.6197 -0.0644
vn -0.5321 0.8436 0.0725
vn -0.5646 0.8252 -0.0174
vn -0.5620 0.8225 -0.0878
vn -0.3273 0.9256 0.1902
vn -0.2914 0.8948 0.3384
vn -0.3539 0.9328 0.0677
vn -0.7512 0.6383 -0.1678
vn -0.6695 0.7156 -0.1991
vn -0.5532 0.8203 -0.1453
vn -0.5371 0.8238 -0.1815
vn -0.9994 0.0296 -0.0149
vn -0.9988 -0.0025 -0.0493
vn -0.9968 -0.0610 -0.0525
vn -0.9987 -0.0357 0.0372
vn -0.9999 -0.0057 0.0086
vn -0.9994 0.0286 -0.0176
vn -0.9997 0.0187 0.0181
vn -0.9995 -0.0122 0.0294
vn -0.9910 0.1286 -0.0376
vn -0.9048 0.4098 -0.1159
vn -0.7704 0.6114 -0.1809
vn -0.9715 0.2216 -0.0838
vn -0.8592 0.4866 -0.1584
vn -0.9965 0.0789 -0.0262
vn -0.9394 0.3280 -0.0997
vn -0.8266 0.5382 -0.1648
vn -0.7248 0.6610 -0.1942
vn -0.5662 0.7969 -0.2106
vn -0.6100 0.7643 -0.2091
vn -0.4367 0.8715 -0.2231
vn -0.6875 0.6995 -0.1949
vn -0.4907 0.8454 -0.2111
vn -0.2379 0.9450 -0.2245
vn -0.9989 -0.0155 -0.0443
vn -0.9994 0.0223 -0.0248
vn -0.9851 0.1579 -0.0685
vn -0.9997 -0.0227 -0.0077
vn -0.9968 0.0631 -0.0496
vn -0.9588 0.2553 -0.1247
vn -0.9994 0.0071 0.0328
vn -0.9860 0.1419 -0.0871
vn -0.9997 0.0231 0.0037
vn -0.9036 0.4049 -0.1399
vn -0.7962 0.5790 -0.1758
vn -0.8760 0.4492 -0.1756
vn -0.7690 0.6090 -0.1941
vn -0.8477 0.4836 -0.2181
vn -0.9293 0.3257 -0.1743
vn -0.7348 0.6356 -0.2367
vn -0.6574 0.7289 -0.1910
vn -0.4976 0.8453 -0.1944
vn -0.6256 0.7529 -0.2042
vn -0.3557 -0.0412 0.9337
vn -0.3133 0.1571 0.9366
vn -0.3406 0.0550 0.9386
vn -0.2498 0.0685 0.9659
vn -0.1905 0.0654 0.9795
vn -0.1885 0.1782 0.9658
vn -0.2318 0.1697 0.9578
vn -0.2141 0.2755 0.9372
vn -0.2843 0.2653 0.9213
vn -0.2045 0.4702 0.8585
vn -0.2484 0.3659 0.8969
vn -0.1590 0.5895 0.7920
vn -0.1884 0.3871 0.9026
vn -0.1440 0.4965 0.8560
vn -0.1604 0.2894 0.9437
vn -0.1258 0.4012 0.9073
vn -0.0999 0.6045 0.7903
vn -0.1027 0.5115 0.8531
vn -0.1649 0.8947 0.4151
vn -0.1536 0.8170 0.5558
vn -0.1251 0.7100 0.6930
vn -0.1802 0.9459 0.2698
vn -0.0923 0.8871 0.4523
vn -0.0609 0.8038 0.5918
vn -0.1074 0.8089 0.5781
vn -0.0756 0.7096 0.7005
vn -0.0361 0.8032 0.5946
vn -0.0639 0.7103 0.7010
vn -0.3512 0.9303 -0.1055
vn -0.3625 0.9315 -0.0303
vn -0.1854 0.9823 0.0284
vn -0.1869 0.9725 0.1389
vn -0.0659 0.9807 0.1839
vn -0.0503 0.9965 0.0670
vn -0.1708 0.9829 -0.0693
vn -0.0768 0.9462 0.3144
vn -0.0207 0.9432 0.3315
vn 0.0049 0.9792 0.2030
vn -0.0239 0.9989 -0.0398
vn 0.0373 0.9962 0.0791
vn -0.3223 0.9328 -0.1610
vn -0.2864 0.9375 -0.1977
vn -0.1387 0.9802 -0.1412
vn -0.0921 0.9788 -0.1832
vn 0.0167 0.9913 -0.1308
vn 0.1479 0.9668 -0.2082
vn -0.0379 0.9762 -0.2134
vn -0.1885 0.9571 -0.2201
vn -0.3833 0.8976 -0.2177
vn -0.3138 0.9305 -0.1888
vn -0.3449 0.9165 -0.2026
vn -0.1126 0.9787 -0.1717
vn -0.5285 0.8229 -0.2086
vn -0.4584 0.8651 -0.2036
vn -0.2777 0.9421 -0.1880
vn -0.4218 0.8823 -0.2087
vn -0.4245 0.8780 -0.2213
vn -0.2628 0.9506 -0.1653
vn -0.0850 0.9840 -0.1566
vn 0.0912 0.9857 -0.1418
vn -0.2585 0.9474 -0.1889
vn -0.0801 0.9902 -0.1145
vn 0.1069 0.9879 -0.1121
vn -0.9902 0.0917 -0.1053
vn -0.9772 0.0195 -0.2113
vn -0.9976 0.0085 -0.0687
vn -0.9634 0.1402 -0.2283
vn -0.9597 0.2277 -0.1648
vn -0.9294 0.2749 -0.2462
vn -0.9569 0.0297 -0.2888
vn -0.9428 0.1608 -0.2919
vn -0.9098 0.2942 -0.2926
vn -0.9419 0.0366 -0.3340
vn -0.9272 0.1712 -0.3332
vn -0.8930 0.3071 -0.3290
vn -0.9014 0.3776 -0.2118
vn -0.8182 0.5221 -0.2407
vn -0.8753 0.4101 -0.2563
vn -0.7961 0.5484 -0.2559
vn -0.7050 0.6618 -0.2550
vn -0.6922 0.6789 -0.2450
vn -0.8563 0.4283 -0.2887
vn -0.7800 0.5613 -0.2767
vn -0.6798 0.6883 -0.2532
vn -0.8395 0.4401 -0.3187
vn -0.7664 0.5694 -0.2973
vn -0.6729 0.6917 -0.2622
vn -0.5672 0.7871 -0.2424
vn -0.5872 0.7740 -0.2369
vn -0.5683 0.7921 -0.2229
vn -0.5620 0.7970 -0.2212
vn -0.4212 0.8888 -0.1805
vn -0.5563 0.8015 -0.2193
vn -0.2625 0.9546 -0.1410
vn -0.4262 0.8851 -0.1868
vn -0.4133 0.8939 -0.1735
vn -0.9275 0.0424 -0.3715
vn -0.9125 0.1792 -0.3677
vn -0.8792 0.3158 -0.3568
vn -0.9140 0.0487 -0.4028
vn -0.8979 0.1866 -0.3988
vn -0.8659 0.3197 -0.3846
vn -0.8271 0.4485 -0.3388
vn -0.7543 0.5760 -0.3151
vn -0.6615 0.6945 -0.2829
vn -0.8134 0.4562 -0.3609
vn -0.7383 0.5862 -0.3337
vn -0.6452 0.7021 -0.3011
vn -0.5432 0.8058 -0.2356
vn -0.5367 0.8055 -0.2513
vn -0.1488 0.0624 0.9869
vn -0.1579 -0.0470 0.9863
vn -0.1341 0.1833 0.9739
vn -0.1131 0.0715 0.9910
vn -0.1010 0.0699 0.9924
vn -0.1070 0.1841 0.9771
vn -0.1024 0.1848 0.9774
vn -0.1192 0.3033 0.9454
vn -0.0954 0.5129 0.8531
vn -0.1056 0.4090 0.9064
vn -0.0787 0.6185 0.7818
vn -0.0856 0.6123 0.7859
vn -0.1071 0.4124 0.9047
vn -0.0852 0.5208 0.8494
vn -0.0585 0.6255 0.7780
vn -0.0845 0.4126 0.9070
vn -0.0792 0.5281 0.8455
vn -0.0076 0.8816 0.4719
vn -0.0434 0.8836 0.4662
vn -0.0237 0.8084 0.5882
vn -0.0522 0.7173 0.6948
vn 0.0324 0.9411 0.3365
vn 0.0177 0.9411 0.3376
vn 0.0051 0.8840 0.4674
vn -0.0330 0.8128 0.5816
vn -0.0446 0.7211 0.6914
vn -0.0106 0.8905 0.4549
vn 0.0247 0.9463 0.3223
vn -0.0504 0.8172 0.5742
vn -0.0664 0.7244 0.6862
vn 0.0836 0.9959 -0.0355
vn 0.0476 0.9780 0.2029
vn 0.0943 0.9933 0.0670
vn 0.2300 0.9583 -0.1697
vn 0.1455 0.9798 -0.1375
vn 0.1575 0.9857 -0.0602
vn 0.0696 0.9797 0.1880
vn 0.1238 0.9916 0.0373
vn 0.2618 0.9374 -0.2295
vn 0.1848 0.9776 -0.1010
vn 0.0682 0.9840 0.1643
vn 0.0772 0.9793 -0.1873
vn 0.2200 0.9529 -0.2087
vn 0.3163 0.9133 -0.2565
vn 0.3970 0.8934 -0.2104
vn 0.3073 0.9232 -0.2308
vn 0.4267 0.8564 -0.2906
vn 0.3630 0.8696 -0.3348
vn 0.1721 0.9735 -0.1508
vn 0.3206 0.8433 -0.4314
vn 0.2429 0.9220 -0.3014
vn 0.4827 0.7836 -0.3911
vn 0.4216 0.7296 -0.5385
vn 0.5744 0.5567 -0.6002
vn 0.4479 0.0129 0.8940
vn 0.9930 0.0059 -0.1177
vn 0.9854 0.0213 -0.1688
vn 0.5932 0.0837 0.8007
vn 0.9470 0.2238 -0.2306
vn 0.7224 0.2157 0.6570
vn 0.8819 0.3789 -0.2806
vn 0.8133 0.3924 0.4296
vn 0.7847 0.5952 0.1734
vn 0.7907 0.5106 -0.3376
vn 0.2168 0.9547 -0.2040
vn 0.0588 0.9825 -0.1768
vn 0.0133 0.9770 -0.2126
vn 0.2672 0.9506 -0.1581
vn 0.2880 0.9561 -0.0547
vn 0.4549 0.8801 -0.1357
vn 0.2863 0.9533 -0.0964
vn 0.4715 0.8810 -0.0391
vn 0.4713 0.8817 0.0209
vn 0.6244 0.7723 -0.1171
vn 0.6468 0.7620 0.0327
vn 0.4631 0.8845 0.0566
vn 0.2854 0.9583 -0.0164
vn 0.1044 0.9914 -0.0783
vn -0.0773 0.9874 -0.1379
vn -0.0885 0.9926 -0.0837
vn 0.0994 0.9934 -0.0571
vn 0.2791 0.9602 0.0138
vn 0.2641 0.9634 0.0465
vn 0.0876 0.9960 -0.0193
vn -0.2616 0.9580 -0.1175
vn -0.2588 0.9573 -0.1286
vn -0.0967 0.9930 -0.0681
vn -0.4074 0.8966 -0.1736
vn 0.0775 0.9970 0.0050
vn -0.1030 0.9933 -0.0518
vn 0.0702 0.9974 0.0188
vn -0.9007 0.0550 -0.4310
vn -0.8851 0.1932 -0.4235
vn -0.8511 0.3266 -0.4111
vn -0.7964 0.4632 -0.3889
vn -0.7259 0.5917 -0.3506
vn -0.6410 0.7066 -0.2996
vn -0.5439 0.8038 -0.2408
vn -0.4146 0.8925 -0.1777
vn -0.2801 0.9550 -0.0979
vn -0.4276 0.8875 -0.1717
vn -0.2711 0.9568 -0.1051
vn -0.1133 0.9932 -0.0273
vn -0.4404 0.8839 -0.1574
vn -0.3218 0.9442 -0.0697
vn -0.1291 0.9916 -0.0116
vn -0.8739 0.1980 -0.4439
vn -0.8894 0.0595 -0.4532
vn -0.8800 0.0648 -0.4705
vn -0.8624 0.2042 -0.4633
vn -0.8300 0.3394 -0.4426
vn -0.8392 0.3364 -0.4273
vn -0.8661 0.0713 -0.4948
vn -0.8524 0.2061 -0.4805
vn -0.8245 0.3381 -0.4537
vn -0.7253 0.5888 -0.3567
vn -0.7891 0.4662 -0.4000
vn -0.6473 0.7014 -0.2983
vn -0.7861 0.4643 -0.4080
vn -0.7253 0.5850 -0.3630
vn -0.6488 0.6953 -0.3091
vn -0.7782 0.4645 -0.4227
vn -0.7179 0.5821 -0.3818
vn -0.6490 0.6883 -0.3241
vn -0.5530 0.8003 -0.2318
vn -0.5549 0.7961 -0.2414
vn -0.5657 0.7866 -0.2473
vn -0.4750 0.8651 -0.1613
vn -0.4861 0.8561 -0.1757
vn -0.5765 0.7735 -0.2632
vn -0.8582 -0.0537 -0.5104
vn -0.8426 0.2047 -0.4982
vn -0.8567 0.0762 -0.5101
vn -0.8130 0.3380 -0.4742
vn -0.8463 0.0811 -0.5264
vn -0.8293 0.2102 -0.5177
vn -0.7688 0.4652 -0.4389
vn -0.6535 0.6779 -0.3368
vn -0.7161 0.5764 -0.3936
vn -0.7126 0.5719 -0.4064
vn -0.6473 0.6735 -0.3569
vn -0.0971 0.0623 0.9933
vn -0.1015 -0.0412 0.9940
vn -0.0940 0.1832 0.9786
vn -0.0970 0.2962 0.9502
vn -0.1015 -0.0399 0.9940
vn -0.0884 0.0703 0.9936
vn -0.0762 0.1811 0.9805
vn -0.1145 0.0758 0.9905
vn -0.0861 0.3028 0.9492
vn -0.0944 0.5207 0.8485
vn -0.0832 0.4102 0.9082
vn -0.1034 0.6312 0.7687
vn -0.0752 0.6309 0.7722
vn -0.1137 0.4057 0.9069
vn -0.1186 0.5148 0.8491
vn -0.1213 0.6282 0.7685
vn -0.1256 0.3985 0.9085
vn -0.1380 0.5103 0.8488
vn -0.0283 0.8972 0.4407
vn -0.0935 0.7338 0.6729
vn -0.1245 0.7382 0.6630
vn -0.0739 0.8250 0.5602
vn -0.1170 0.8313 0.5433
vn -0.0544 0.9029 0.4264
vn -0.0978 0.9077 0.4080
vn -0.0320 0.9617 0.2724
vn 0.0046 0.9550 0.2965
vn 0.0809 0.9963 -0.0293
vn 0.1142 0.9935 0.0024
vn 0.0437 0.9894 0.1385
vn -0.0017 0.9939 0.1099
vn 0.0311 0.9978 -0.0589
vn 0.0599 0.9694 -0.2379
vn 0.1222 0.9718 -0.2017
vn -0.0730 0.9651 0.2514
vn -0.0524 0.9948 0.0869
vn -0.0340 0.9958 -0.0856
vn -0.3566 0.0013 -0.9343
vn -0.3923 -0.0229 -0.9196
vn -0.4222 -0.0152 -0.9064
vn -0.4222 -0.0287 -0.9061
vn -0.3921 -0.0202 -0.9197
vn -0.3501 0.0395 -0.9359
vn 0.0225 0.0221 -0.9995
vn 0.0586 0.1068 -0.9926
vn 0.0747 0.2109 -0.9746
vn 0.0852 0.3517 -0.9322
vn -0.1238 0.1985 -0.9723
vn 0.0373 0.4172 -0.9081
vn -0.0755 0.2891 -0.9543
vn -0.2235 0.1572 -0.9619
vn 0.0678 0.3217 -0.9444
vn 0.0726 0.4335 -0.8982
vn 0.1096 0.5547 -0.8248
vn 0.0724 0.5503 -0.8318
vn 0.1671 0.9165 -0.3634
vn 0.2196 0.8269 -0.5177
vn 0.2726 0.6980 -0.6622
vn 0.0906 0.9084 -0.4082
vn 0.1220 0.8109 -0.5723
vn -0.0048 0.8979 -0.4401
vn -0.0177 0.9648 -0.2623
vn 0.0452 0.6754 -0.7361
vn 0.6767 0.0434 0.7350
vn 0.4979 0.0256 0.8669
vn 0.7733 0.2061 0.5996
vn 0.8203 0.0679 0.5679
vn 0.8328 0.1684 0.5273
vn 0.7145 0.1056 0.6916
vn 0.8406 0.2828 0.4619
vn 0.8089 0.3506 0.4719
vn 0.7972 0.4975 0.3420
vn 0.8261 0.4094 0.3872
vn 0.7858 0.5354 0.3097
vn 0.7165 0.6579 0.2320
vn 0.7412 0.6344 0.2195
vn 0.6334 0.7659 0.1107
vn 0.6082 0.7804 0.1448
vn 0.5918 0.7900 0.1600
vn 0.9545 0.0633 0.2914
vn 0.9309 0.1612 0.3276
vn 0.8863 0.2993 0.3535
vn 0.9699 0.0448 0.2394
vn 0.9560 0.1157 0.2697
vn 0.9118 0.2677 0.3113
vn 0.8501 0.1338 0.5094
vn 0.9259 0.1538 0.3449
vn 0.9307 0.2061 0.3021
vn 0.7652 0.1995 0.6121
vn 0.8314 0.2821 0.4788
vn 0.9108 0.2409 0.3354
vn 0.8392 0.4294 0.3336
vn 0.7806 0.5551 0.2871
vn 0.7051 0.6721 0.2263
vn 0.8445 0.4291 0.3206
vn 0.7723 0.5638 0.2929
vn 0.6855 0.6852 0.2459
vn 0.8430 0.4224 0.3330
vn 0.7641 0.5660 0.3096
vn 0.6686 0.6932 0.2691
vn 0.8770 0.3742 0.3014
vn 0.7577 0.5668 0.3235
vn 0.6561 0.6982 0.2865
vn 0.4300 0.8953 0.1164
vn 0.4459 0.8905 0.0900
vn 0.2541 0.9642 0.0756
vn 0.5744 0.7974 0.1850
vn 0.5514 0.8074 0.2100
vn 0.5309 0.8143 0.2345
vn 0.0501 0.9973 0.0535
vn 0.2393 0.9660 0.0983
vn 0.2058 0.9690 0.1368
vn 0.3897 0.9045 0.1732
vn 0.0211 0.9964 0.0822
vn 0.1758 0.9693 0.1720
vn 0.4119 0.9003 0.1405
vn 0.3388 0.9054 0.2558
vn 0.5154 0.8133 0.2702
vn 0.3665 0.9054 0.2145
vn -0.1627 0.9866 0.0097
vn -0.2949 0.9515 -0.0879
vn -0.0176 0.9932 0.1154
vn -0.1985 0.9797 0.0290
vn -0.0540 0.9886 0.1402
vn -0.2248 0.9734 0.0437
vn 0.1420 0.9665 0.2139
vn -0.0952 0.9829 0.1578
vn 0.0946 0.9620 0.2561
vn 0.2950 0.9064 0.3023
vn 0.0326 0.9570 0.2882
vn -0.4553 0.8762 -0.1580
vn -0.3710 0.9265 -0.0625
vn -0.3488 0.9353 -0.0595
vn -0.3861 0.9190 -0.0801
vn -0.2857 0.9578 0.0302
vn -0.4026 0.9091 -0.1073
vn -0.1483 0.9732 0.1756
vn -0.2563 0.9652 0.0528
vn -0.8280 0.0862 -0.5541
vn -0.8147 0.2139 -0.5390
vn -0.8006 0.3365 -0.4959
vn -0.7903 0.3341 -0.5135
vn -0.8095 0.0909 -0.5801
vn -0.7974 0.2115 -0.5652
vn -0.7755 0.3308 -0.5378
vn -0.7633 0.4586 -0.4550
vn -0.7525 0.4518 -0.4792
vn -0.7033 0.5653 -0.4311
vn -0.6493 0.6651 -0.3690
vn -0.7424 0.4460 -0.4999
vn -0.7013 0.5522 -0.4508
vn -0.6513 0.6493 -0.3927
vn -0.5753 0.7628 -0.2954
vn -0.4923 0.8450 -0.2087
vn -0.5860 0.7527 -0.3001
vn -0.5864 0.7413 -0.3265
vn -0.5051 0.8331 -0.2255
vn -0.5108 0.8228 -0.2493
vn -0.4202 0.8967 -0.1390
vn -0.3340 0.9416 -0.0426
vn -0.4283 0.8874 -0.1705
vn -0.7863 0.0931 -0.6108
vn -0.7767 0.2087 -0.5943
vn -0.7573 0.3247 -0.5666
vn -0.7520 0.0917 -0.6528
vn -0.7451 0.2053 -0.6345
vn -0.7297 0.3160 -0.6064
vn -0.7017 0.0886 -0.7070
vn -0.7003 0.1962 -0.6863
vn -0.6951 0.3011 -0.6528
vn -0.7294 0.4357 -0.5274
vn -0.6930 0.5387 -0.4791
vn -0.6415 0.6382 -0.4257
vn -0.7073 0.4219 -0.5672
vn -0.6761 0.5237 -0.5183
vn -0.6343 0.6226 -0.4582
vn -0.6817 0.4047 -0.6095
vn -0.6552 0.5078 -0.5593
vn -0.6138 0.6053 -0.5068
vn -0.5744 0.7177 -0.3936
vn -0.5784 0.7291 -0.3660
vn -0.5078 0.8092 -0.2955
vn -0.5536 0.7038 -0.4452
vn -0.4232 0.8799 -0.2162
vn -0.4951 0.8013 -0.3358
vn -0.4756 0.7958 -0.3749
vn -0.6285 -0.0091 -0.7777
vn -0.6352 0.0812 -0.7681
vn -0.6442 0.1771 -0.7441
vn -0.5298 -0.0067 -0.8481
vn -0.5418 0.0666 -0.8379
vn -0.5621 0.1475 -0.8138
vn -0.6497 0.2775 -0.7077
vn -0.6451 0.3818 -0.6619
vn -0.6228 0.4917 -0.6086
vn -0.5805 0.5972 -0.5535
vn -0.5835 0.2428 -0.7750
vn -0.5232 0.6935 -0.4953
vn -0.1806 0.0688 0.9811
vn -0.1792 -0.0348 0.9832
vn -0.1838 0.1812 0.9661
vn -0.1208 0.1801 0.9762
vn -0.1216 0.2837 0.9512
vn 0.0861 -0.0389 0.9955
vn 0.0782 0.0454 0.9959
vn -0.8404 -0.0251 0.5414
vn 0.0433 0.1452 0.9885
vn -0.8447 0.1024 0.5253
vn -0.1756 0.2910 0.9405
vn -0.2044 0.4982 0.8426
vn -0.1767 0.3936 0.9021
vn -0.2391 0.6074 0.7576
vn -0.1580 0.6201 0.7684
vn -0.2432 0.4515 0.8585
vn -0.1327 0.3488 0.9277
vn -0.3321 0.5786 0.7449
vn -0.7892 0.3814 0.4814
vn -0.7350 0.4638 0.4946
vn -0.1510 0.9103 0.3854
vn -0.1689 0.8335 0.5261
vn -0.2343 0.8347 0.4984
vn -0.2526 0.7305 0.6345
vn -0.3114 0.8366 0.4507
vn -0.3540 0.7256 0.5900
vn -0.2092 0.9083 0.3622
vn -0.1192 0.9903 0.0707
vn -0.1323 0.9639 0.2312
vn -0.1957 0.9564 0.2167
vn -0.1884 0.9804 0.0571
vn -0.1887 0.9760 -0.1089
vn -0.1096 0.9885 -0.1038
vn -0.1060 0.9555 -0.2751
vn -0.2521 0.9626 -0.0992
vn -0.1990 0.9402 -0.2764
vn -0.2405 0.9693 0.0513
vn -0.2869 0.9242 -0.2521
vn 0.4185 0.0336 -0.9076
vn 0.3916 0.1000 -0.9147
vn 0.3076 0.1611 -0.9378
vn 0.6960 0.0399 -0.7170
vn 0.6629 0.0088 -0.7487
vn 0.6711 0.0513 -0.7396
vn -0.6751 0.0314 -0.7370
vn 0.1853 0.2681 -0.9454
vn 0.0740 0.3991 -0.9139
vn -0.0061 0.5186 -0.8550
vn 0.2748 0.2752 -0.9213
vn 0.4672 0.1394 -0.8731
vn 0.0231 0.4151 -0.9095
vn -0.7139 0.4238 -0.5575
vn -0.7199 0.4262 -0.5479
vn -0.7298 0.3283 -0.5996
vn -0.1068 0.8844 -0.4543
vn 0.0143 0.7962 -0.6048
vn -0.1008 0.7758 -0.6229
vn -0.0663 0.6460 -0.7605
vn -0.1822 0.5726 -0.7993
vn -0.2488 0.7409 -0.6238
vn -0.2227 0.8672 -0.4454
vn -0.5177 0.7172 -0.4665
vn -0.3564 0.8468 -0.3949
vn -0.6573 0.5273 -0.5384
vn 0.8396 0.1316 0.5270
vn 0.7249 0.3464 0.5954
vn 0.7877 0.3456 0.5100
vn 0.9101 0.0808 0.4064
vn 0.8411 0.2832 0.4607
vn 0.7364 0.4448 0.5098
vn 0.9399 0.0867 0.3302
vn 0.9156 0.2428 0.3207
vn 0.8430 0.4327 0.3196
vn 0.8159 0.3853 0.4310
vn 0.7431 0.5688 0.3525
vn 0.6401 0.7012 0.3140
vn 0.6047 0.7007 0.3787
vn 0.7133 0.5667 0.4123
vn 0.7376 0.4809 0.4741
vn 0.7711 0.5094 0.3821
vn 0.7074 0.5536 0.4395
vn 0.5770 0.6972 0.4254
vn 0.4823 0.8128 0.3268
vn 0.4396 0.8156 0.3763
vn 0.8483 0.4097 0.3355
vn 0.9988 0.0494 0.0029
vn 0.9695 0.0770 0.2327
vn 0.9865 0.1377 0.0889
vn 0.9326 0.2184 0.2874
vn 0.9160 0.3585 0.1798
vn 0.8766 0.0037 -0.4812
vn 0.9106 0.0299 -0.4123
vn 0.9608 0.2333 -0.1495
vn 0.1233 -0.0280 -0.9920
vn 0.1741 -0.0349 -0.9841
vn 0.2935 0.2265 -0.9287
vn 0.8181 0.4558 0.3506
vn 0.8616 0.4288 0.2716
vn 0.8434 0.3599 0.3990
vn 0.7888 0.4844 0.3785
vn 0.6011 0.5837 0.5458
vn 0.6071 0.6656 0.4340
vn 0.9147 0.2586 0.3106
vn 0.7669 0.2274 0.6002
vn 0.4711 0.4763 0.7424
vn 0.1838 0.9300 -0.3182
vn -0.4155 0.4149 0.8095
vn -0.3397 0.6737 0.6563
vn 0.2432 0.9012 0.3588
vn 0.1755 0.8909 0.4189
vn -0.0373 0.9501 0.3096
vn 0.4176 0.8018 0.4275
vn 0.0708 0.8839 0.4622
vn 0.3533 0.7725 0.5277
vn 0.1821 0.7562 0.6285
vn -0.0877 0.7878 0.6097
vn -0.2272 0.9673 0.1129
vn -0.3148 0.9492 -0.0005
vn -0.1920 0.9689 0.1559
vn -0.1534 0.9597 0.2353
vn -0.0482 0.8888 0.4558
vn -0.1045 0.9485 0.2990
vn -0.1741 0.9735 0.1487
vn -0.2472 0.9674 0.0556
vn -0.1116 0.9248 0.3636
vn -0.1119 0.9668 0.2298
vn -0.3367 0.9370 -0.0930
vn -0.3330 0.9325 -0.1401
vn -0.2525 0.9675 -0.0142
vn -0.1726 0.9831 0.0612
vn -0.1615 0.9867 -0.0171
vn -0.2469 0.9661 -0.0757
vn -0.4072 0.8711 -0.2744
vn -0.3879 0.8659 -0.3158
vn -0.3182 0.9255 -0.2053
vn -0.2288 0.9632 -0.1411
vn -0.3566 0.8578 -0.3701
vn -0.4456 0.7844 -0.4314
vn -0.2992 0.9164 -0.2658
vn -0.2641 0.9080 -0.3252
vn -0.3907 -0.0060 -0.9205
vn -0.4102 0.0439 -0.9109
vn -0.4425 0.1092 -0.8901
vn -0.1976 -0.0053 -0.9803
vn -0.2198 0.0155 -0.9754
vn -0.2643 0.0601 -0.9626
vn -0.0166 -0.0034 -0.9999
vn -0.0256 -0.0043 -0.9997
vn -0.0483 0.0190 -0.9987
vn -0.5935 0.3502 -0.7247
vn -0.5801 0.4716 -0.6641
vn -0.4809 0.1916 -0.8556
vn -0.5176 0.3001 -0.8012
vn -0.5286 0.4357 -0.7285
vn -0.3292 0.1209 -0.9365
vn -0.3987 0.2226 -0.8896
vn -0.4512 0.3685 -0.8128
vn -0.0961 0.0448 -0.9944
vn -0.1790 0.1170 -0.9769
vn -0.2927 0.2492 -0.9232
vn -0.5382 0.5949 -0.5971
vn -0.4782 0.6930 -0.5395
vn -0.5006 0.5744 -0.6477
vn -0.4343 0.6882 -0.5812
vn -0.4578 0.5320 -0.7123
vn -0.4024 0.7728 -0.4908
vn -0.3114 0.8404 -0.4436
vn -0.3536 0.6679 -0.6548
vn -0.3833 0.4059 -0.8297
vn 0.0464 -0.0031 -0.9989
vn 0.0489 -0.0066 -0.9988
vn 0.0341 -0.0118 -0.9993
vn 0.0019 -0.0064 -1.0000
vn -0.0303 0.0502 -0.9983
vn -0.0824 0.1644 -0.9829
vn -0.1866 0.4752 -0.8599
vn -0.7268 0.0722 0.6831
vn -0.7376 0.0053 0.6752
vn -0.5582 0.0626 0.8273
vn -0.7227 0.1493 0.6748
vn -0.5510 0.1111 0.8271
vn -0.5665 0.1628 0.8078
vn -0.2225 0.0464 0.9738
vn -0.2652 0.0701 0.9616
vn -0.1065 0.0121 0.9942
vn -0.3217 0.1047 0.9410
vn -0.7256 0.2259 0.6499
vn -0.5984 0.2193 0.7706
vn -0.7451 0.3882 0.5424
vn -0.7354 0.2998 0.6077
vn -0.6380 0.2866 0.7147
vn -0.7287 0.5149 0.4515
vn -0.6675 0.4014 0.6271
vn -0.3997 0.1473 0.9047
vn -0.4930 0.2320 0.8385
vn -0.5451 0.3871 0.7436
vn -0.6450 0.5745 0.5039
vn -0.4902 0.6156 0.6171
vn -0.5423 0.7398 0.3983
vn -0.6510 0.6683 0.3600
vn -0.3493 0.7922 0.5003
vn -0.3771 0.8504 0.3670
vn -0.1484 0.7700 0.6205
vn -0.9068 0.1885 0.3771
vn -0.9248 0.0986 0.3675
vn -0.8498 0.0928 0.5189
vn -0.8421 0.1772 0.5094
vn -0.8875 0.2848 0.3623
vn -0.8267 0.2618 0.4979
vn -0.9679 0.0923 0.2337
vn -0.9754 -0.0021 0.2206
vn -0.9522 0.1914 0.2379
vn -0.8574 0.3906 0.3352
vn -0.8077 0.3578 0.4686
vn -0.8065 0.5003 0.3152
vn -0.7847 0.4647 0.4102
vn -0.7351 0.6095 0.2969
vn -0.7365 0.5811 0.3463
vn -0.9243 0.2955 0.2415
vn -0.8270 0.5076 0.2416
vn -0.8834 0.3997 0.2448
vn -0.7481 0.6222 0.2306
vn -0.6381 0.7220 0.2676
vn -0.6436 0.7021 0.3046
vn -0.5140 0.8240 0.2386
vn -0.5207 0.8069 0.2790
vn -0.6384 0.7377 0.2199
vn -0.5303 0.7908 0.3057
vn -0.3809 0.8893 0.2533
vn -0.3890 0.8738 0.2919
vn -0.3691 0.9050 0.2115
vn -0.5105 0.8330 0.2132
vn -0.3687 0.9022 0.2238
vn -0.2227 0.9283 0.2977
vn -0.9940 0.0879 0.0645
vn -0.9540 0.0655 -0.2925
vn -0.9516 0.0126 -0.3071
vn -0.9589 0.1272 -0.2536
vn -0.9802 0.1788 0.0848
vn -0.9542 0.2765 0.1144
vn -0.9119 0.3841 0.1447
vn -0.8493 0.4994 0.1711
vn -0.9602 0.2008 -0.1942
vn -0.9060 0.4207 0.0473
vn -0.9514 0.2931 -0.0943
vn -0.8017 0.5682 0.1856
vn -0.7602 0.6187 0.1985
vn -0.6438 0.5915 0.4854
vn -0.6443 0.7201 0.2576
vn -0.5134 0.7536 0.4105
vn -0.4846 0.8372 0.2534
vn -0.5025 0.8330 0.2317
vn -0.3595 0.9069 0.2198
vn -0.4342 0.8485 0.3026
vn -0.3408 0.9099 0.2364
vn -0.3758 0.8450 0.3803
vn -0.3067 0.9056 0.2930
vn -0.2726 0.9025 0.3334
vn -0.2493 0.9476 0.1999
vn -0.2884 0.9254 0.2459
vn -0.2694 0.9466 0.1772
vn -0.3529 0.8831 0.3091
vn -0.2709 0.9266 0.2610
vn -0.2483 0.9564 0.1540
vn -0.2254 0.9521 0.2065
vn -0.2563 0.9653 0.0506
vn -0.2332 0.9712 0.0497
vn -0.2689 0.9600 -0.0775
vn -0.2379 0.9696 -0.0571
vn -0.1692 0.9845 0.0465
vn -0.1896 0.9728 0.1331
vn -0.1625 0.9856 -0.0469
vn -0.2617 0.9517 -0.1607
vn -0.3089 0.9289 -0.2042
vn -0.3832 0.8705 -0.3088
vn -0.3638 0.8936 -0.2629
vn -0.4825 0.8123 -0.3276
vn -0.3080 0.9209 -0.2389
vn -0.5533 0.7930 -0.2549
vn -0.1716 0.9764 -0.1313
vn -0.1970 0.9606 -0.1959
vn -0.8462 -0.0120 0.5328
vn -0.8314 -0.0498 0.5535
vn -0.8689 0.0384 0.4935
vn -0.7271 0.0906 -0.6805
vn -0.9249 -0.0447 0.3776
vn -0.9361 0.0307 0.3504
vn -0.9532 0.1065 0.2830
vn -0.9990 0.0425 0.0107
vn -0.8964 0.1102 0.4293
vn -0.9425 0.3083 0.1291
vn -0.9285 0.1986 0.3138
vn -0.8820 0.4624 -0.0912
vn -0.9425 0.3142 0.1136
vn -0.9003 0.4351 0.0084
vn -0.9315 0.3635 0.0135
vn -0.8246 0.5584 -0.0901
vn -0.8729 0.4872 -0.0279
vn -0.7195 0.6505 -0.2432
vn -0.7103 0.6869 -0.1538
vn -0.6943 0.7107 -0.1131
vn -0.5692 0.8012 -0.1847
vn -0.5588 0.8173 -0.1410
vn -0.4131 0.8902 -0.1919
vn -0.2543 0.9488 -0.1875
vn -0.4009 0.8853 -0.2356
vn -0.2479 0.9442 -0.2169
vn -0.2474 0.9564 -0.1554
vn -0.4126 0.8980 -0.1530
vn -0.9945 0.0090 -0.1039
vn -0.9919 0.1068 -0.0682
vn -0.9897 0.1368 0.0426
vn -0.9690 0.2435 0.0429
vn -0.9964 0.0657 0.0531
vn -0.9912 -0.1195 0.0565
vn -0.9895 0.1313 -0.0596
vn -0.9692 0.2425 -0.0430
vn -0.9593 -0.2498 0.1320
vn -0.9741 0.0982 0.2034
vn -0.8663 0.4975 -0.0446
vn -0.9259 0.3756 -0.0407
vn -0.7860 0.6155 -0.0576
vn -0.7998 0.5959 -0.0728
vn -0.9756 0.2051 -0.0790
vn -0.8668 0.4967 -0.0433
vn -0.9289 0.3677 -0.0433
vn -0.7775 0.6263 -0.0563
vn -0.9404 0.3371 -0.0457
vn -0.8632 0.5040 -0.0310
vn -0.6768 0.7311 -0.0862
vn -0.4068 0.9056 -0.1196
vn -0.5464 0.8303 -0.1095
vn -0.5379 0.8399 -0.0720
vn -0.3814 0.9233 -0.0464
vn -0.5346 0.8439 -0.0455
vn -0.3943 0.9151 -0.0849
vn -0.2334 0.9680 -0.0918
vn -0.9695 0.2285 0.0881
vn -0.9961 0.0609 0.0633
vn -0.9936 0.0255 -0.1096
vn -0.9789 0.1904 -0.0747
vn -0.9577 0.2537 0.1358
vn -0.9426 0.3268 0.0688
vn -0.9676 0.0224 -0.2514
vn -0.9615 -0.0691 -0.2659
vn -0.9578 0.1470 -0.2471
vn -0.9219 0.3865 -0.0245
vn -0.9320 0.3615 -0.0260
vn -0.7735 0.6323 -0.0432
vn -0.8688 0.4931 -0.0443
vn -0.8776 0.4664 -0.1107
vn -0.8916 0.4434 -0.0918
vn -0.7964 0.6023 -0.0544
vn -0.7754 0.6312 -0.0202
vn -0.8821 0.3810 -0.2772
vn -0.8823 0.3781 -0.2803
vn -0.8140 0.4790 -0.3286
vn -0.8440 0.5248 -0.1102
vn -0.6663 0.7442 -0.0470
vn -0.6642 0.7474 -0.0169
vn -0.6687 0.7435 -0.0028
vn -0.5322 0.8464 -0.0199
vn -0.3759 0.9265 -0.0191
vn -0.5292 0.8484 0.0121
vn -0.3729 0.9277 0.0139
vn -0.5363 0.8421 0.0560
vn -0.2211 0.9737 -0.0556
vn -0.9222 -0.0713 -0.3801
vn -0.9189 0.0152 -0.3943
vn -0.9238 0.1103 -0.3666
vn -0.6960 0.0056 -0.7180
vn -0.7272 0.0325 -0.6856
vn -0.8134 0.1618 -0.5588
vn -0.8929 0.4080 -0.1902
vn -0.9466 0.3106 -0.0864
vn -0.8808 0.3201 -0.3487
vn -0.9036 0.4284 0.0023
vn -0.9570 0.2551 -0.1384
vn -0.9557 0.2920 0.0375
vn -0.7743 0.5922 0.2230
vn -0.5228 0.8162 0.2460
vn -0.3485 0.9300 0.1167
vn -0.5433 0.8292 0.1312
vn -0.3662 0.9284 0.0630
vn -0.3117 0.9314 0.1879
vn -0.3836 0.8237 0.4176
vn -0.2410 0.9333 0.2662
vn -0.1807 0.9822 0.0520
vn -0.1748 0.8869 0.4277
vn -0.0892 0.9612 0.2609
vn -0.0436 0.9740 0.2223
vn 0.0373 0.9895 0.1398
vn -0.0421 0.9880 0.1489
vn 0.0671 0.9848 0.1603
vn 0.1829 0.9816 0.0553
vn 0.1333 0.9848 0.1113
vn -0.0782 0.9964 0.0313
vn -0.0998 0.9875 0.1217
vn -0.1386 0.9860 -0.0923
vn -0.0479 0.9973 -0.0549
vn -0.0216 0.9910 -0.1317
vn -0.1058 0.9798 -0.1697
vn 0.0033 0.9985 0.0542
vn 0.0384 0.9990 -0.0241
vn 0.0904 0.9941 0.0598
vn -0.2012 0.9559 -0.2141
vn -0.1654 0.9438 -0.2862
vn -0.1238 0.9225 -0.3657
vn -0.2124 0.8912 -0.4008
vn -0.0764 0.9664 -0.2456
vn 0.0119 0.9773 -0.2117
vn 0.0596 0.9508 -0.3041
vn -0.0356 0.9417 -0.3345
vn -0.0682 0.8804 -0.4693
vn 0.0665 0.9929 -0.0989
vn 0.0214 0.8966 -0.4423
vn -0.2284 0.7280 -0.6464
vn -0.3414 0.7629 -0.5490
vn -0.2476 0.8132 -0.5267
vn -0.1543 0.8542 -0.4966
vn -0.1614 0.7431 -0.6494
vn -0.0867 0.7688 -0.6335
vn -0.0078 0.7966 -0.6045
vn -0.0512 0.0176 -0.9985
vn -0.0065 0.0047 -1.0000
vn -0.0247 0.0694 -0.9973
vn -0.0607 -0.0176 -0.9980
vn 0.0480 0.0470 -0.9977
vn 0.0771 0.0367 -0.9963
vn -0.0000 -0.0085 -1.0000
vn -0.0128 -0.0560 -0.9983
vn -0.0379 -0.0068 -0.9993
vn -0.0114 0.0623 -0.9980
vn 0.0356 0.0210 -0.9991
vn 0.0130 -0.0558 -0.9984
vn 0.0204 0.0678 -0.9975
vn -0.0106 0.0091 -0.9999
vn 0.0232 0.0011 -0.9997
vn 0.0315 0.0038 -0.9995
vn 0.0014 0.0544 -0.9985
vn 0.0028 0.2127 -0.9771
vn -0.0906 0.5484 -0.8313
vn -0.0684 0.5734 -0.8164
vn -0.0248 0.5989 -0.8005
vn -0.0061 0.2645 -0.9644
vn 0.0279 0.6391 -0.7686
vn -0.0052 0.3087 -0.9512
vn -0.0630 0.9512 0.3020
vn -0.1959 0.8945 0.4019
vn -0.0652 0.8958 0.4397
vn -0.0550 0.7364 0.6744
vn 0.0549 0.8915 0.4496
vn 0.0059 0.7241 0.6896
vn 0.1395 0.7238 0.6758
vn 0.2141 0.8728 0.4387
vn 0.0935 0.9505 0.2962
vn -0.2245 0.9457 0.2350
vn -0.2059 0.9561 0.2086
vn -0.2141 0.9531 0.2140
vn -0.0531 0.9711 0.2329
vn -0.0502 0.9769 0.2078
vn 0.1157 0.9710 0.2092
vn 0.1119 0.9655 0.2350
vn 0.1196 0.9733 0.1961
vn -0.0457 0.9783 0.2020
vn 0.2670 0.9344 0.2359
vn -0.2023 0.9567 0.2093
vn -0.1830 0.9523 0.2441
vn -0.3136 0.9125 0.2626
vn -0.1981 0.9529 0.2296
vn -0.0402 0.9735 0.2253
vn -0.0308 0.9721 0.2326
vn -0.0435 0.9769 0.2090
vn 0.1263 0.9706 0.2049
vn 0.1283 0.9669 0.2207
vn -0.1519 0.9606 0.2327
vn -0.1220 0.9754 0.1837
vn -0.0198 0.9759 0.2174
vn -0.0016 0.9944 0.1053
vn -0.0976 0.9884 0.1162
vn -0.0106 0.9845 0.1752
vn 0.1070 0.9705 0.2162
vn 0.1098 0.9887 0.1022
vn 0.1058 0.9793 0.1725
vn -0.0685 0.9909 -0.1161
vn -0.0708 0.9965 -0.0439
vn -0.0792 0.9960 0.0413
vn 0.0345 0.9984 -0.0455
vn 0.0159 0.9994 0.0309
vn 0.1203 0.9926 0.0181
vn 0.1607 0.9797 -0.1195
vn 0.0471 0.9926 -0.1123
vn 0.1380 0.9890 -0.0526
vn -0.0721 0.9825 -0.1719
vn -0.2262 0.9477 -0.2252
vn 0.0686 0.9801 -0.1862
vn -0.0876 0.9762 -0.1985
vn -0.0808 0.9763 -0.2010
vn 0.0588 0.9848 -0.1633
vn 0.0773 0.9796 -0.1857
vn 0.2151 0.9597 -0.1810
vn -0.0865 0.9797 -0.1807
vn -0.0785 0.9850 -0.1540
vn -0.2395 0.9634 -0.1205
vn 0.0846 0.9821 -0.1685
vn 0.2493 0.9558 -0.1557
vn 0.2344 0.9560 -0.1764
vn 0.0913 0.9851 -0.1454
vn 0.2739 0.9558 -0.1071
vn 0.1024 0.9878 -0.1169
vn 0.2639 0.9553 -0.1336
vn -0.0573 0.9945 -0.0878
vn -0.0675 0.9906 -0.1189
vn -0.0474 0.9969 -0.0625
vn -0.2054 0.9785 -0.0201
vn 0.1280 0.9898 -0.0623
vn -0.0324 0.9991 -0.0271
vn 0.1157 0.9898 -0.0832
vn 0.1452 0.9887 -0.0365
vn 0.2982 0.9526 -0.0603
vn -0.1937 0.9810 0.0108
vn -0.0127 0.9999 -0.0000
vn 0.1635 0.9865 -0.0100
vn 0.1811 0.9833 0.0165
vn 0.0084 0.9994 0.0348
vn 0.0289 0.9977 0.0620
vn 0.3121 0.9492 -0.0410
vn 0.2039 0.9783 0.0381
vn 0.3469 0.9379 -0.0002
vn -0.1618 0.9830 0.0870
vn -0.1265 0.9841 0.1248
vn -0.0721 0.9824 0.1722
vn 0.0509 0.9955 0.0796
vn 0.0872 0.9905 0.1062
vn -0.0066 0.9820 0.1886
vn 0.2264 0.9726 0.0524
vn 0.2424 0.9668 0.0807
vn 0.1951 0.9745 0.1105
vn 0.1410 0.9824 0.1225
vn 0.2823 0.9584 0.0434
vn 0.3601 0.9314 0.0532
vn 0.4198 0.9076 -0.0111
vn 0.3165 0.9486 -0.0050
vn 0.3927 0.9192 0.0296
vn 0.1253 0.9921 -0.0056
vn 0.1584 0.9844 -0.0765
vn 0.2207 0.9753 -0.0002
vn 0.2529 0.9655 -0.0613
vn 0.3500 0.9350 -0.0572
vn 0.2812 0.9500 -0.1356
vn 0.1037 0.9771 -0.1858
vn 0.1758 0.9090 -0.3779
vn 0.1036 0.9065 -0.4094
vn 0.1898 0.9686 -0.1609
vn 0.1379 0.9514 -0.2753
vn 0.2187 0.9449 -0.2438
vn 0.2551 0.9033 -0.3449
vn 0.3080 0.9270 -0.2141
vn 0.3392 0.8891 -0.3072
vn 0.3929 0.9001 -0.1882
vn 0.0732 0.8198 -0.5679
vn 0.1535 0.8321 -0.5330
vn 0.2305 0.8336 -0.5020
vn 0.2043 0.7075 -0.6766
vn 0.1185 0.6813 -0.7223
vn 0.2961 0.8330 -0.4675
vn 0.2788 0.7259 -0.6288
vn 0.0014 -0.0144 -0.9999
vn 0.0417 0.0217 -0.9989
vn 0.0019 -0.0029 -1.0000
vn -0.0474 -0.0156 -0.9988
vn -0.0309 -0.0148 -0.9994
vn -0.0226 0.0014 -0.9997
vn 0.0023 0.0953 -0.9954
vn -0.0185 -0.0242 -0.9995
vn -0.0029 0.0126 -0.9999
vn -0.0286 -0.0068 -0.9996
vn 0.0149 0.0219 -0.9996
vn 0.0948 0.1939 -0.9764
vn 0.0338 0.3757 -0.9261
vn 0.1369 0.4507 -0.8821
vn 0.2271 0.5141 -0.8271
vn 0.5291 -0.0422 0.8475
vn 0.5325 0.0110 0.8463
vn 0.5571 0.0587 0.8284
vn 0.6087 0.1202 0.7843
vn 0.6691 0.2071 0.7137
vn 0.6940 0.3587 0.6242
vn 0.2752 0.7108 0.6474
vn 0.4065 0.6838 0.6060
vn 0.4810 0.7548 0.4460
vn 0.3988 0.8652 0.3038
vn 0.3550 0.8304 0.4295
vn 0.6259 0.5790 0.5225
vn 0.5477 0.7792 0.3049
vn 0.6962 0.6338 0.3372
vn 0.4266 0.8735 0.2346
vn 0.2524 0.9208 0.2972
vn 0.2808 0.9371 0.2073
vn 0.5792 0.7795 0.2387
vn 0.4380 0.8754 0.2046
vn 0.5764 0.7881 0.2159
vn 0.4381 0.8777 0.1942
vn 0.2895 0.9376 0.1924
vn 0.2793 0.9345 0.2206
vn 0.2873 0.9366 0.2007
vn 0.2646 0.9332 0.2430
vn 0.1185 0.9649 0.2344
vn 0.4294 0.8759 0.2200
vn 0.4353 0.8778 0.1998
vn 0.5711 0.7964 0.1989
vn 0.5698 0.7982 0.1955
vn 0.2405 0.9438 0.2269
vn 0.2240 0.9593 0.1719
vn 0.4081 0.8778 0.2508
vn 0.3264 0.9268 0.1859
vn 0.3675 0.8959 0.2495
vn 0.2208 0.9700 0.1022
vn 0.5321 0.8017 0.2721
vn 0.4091 0.8863 0.2171
vn 0.4654 0.8384 0.2837
vn 0.3730 0.9204 0.1171
vn 0.3036 0.9469 0.1058
vn 0.2319 0.9704 -0.0672
vn 0.2687 0.9530 -0.1403
vn 0.3273 0.9407 -0.0899
vn 0.3044 0.9525 0.0137
vn 0.3658 0.9307 0.0038
vn 0.4268 0.8799 -0.2089
vn 0.3673 0.9151 -0.1664
vn 0.3823 0.9169 -0.1147
vn 0.1888 0.9678 -0.1663
vn 0.3132 0.9327 -0.1788
vn 0.3585 0.9144 -0.1882
vn 0.5309 0.8324 -0.1589
vn 0.3917 0.9052 -0.1648
vn 0.4863 0.8496 -0.2044
vn 0.4232 0.8818 -0.2081
vn 0.6550 0.7383 -0.1610
vn 0.5891 0.7744 -0.2307
vn 0.4075 0.9021 -0.1420
vn 0.4336 0.8960 -0.0959
vn 0.4200 0.8994 -0.1213
vn 0.5726 0.8129 -0.1060
vn 0.5554 0.8218 -0.1267
vn 0.6959 0.7082 -0.1189
vn 0.5830 0.8081 -0.0835
vn 0.7144 0.6972 -0.0589
vn 0.2840 0.9555 -0.0794
vn 0.4475 0.8912 -0.0737
vn 0.4618 0.8863 -0.0364
vn 0.4560 0.8884 -0.0534
vn 0.5882 0.8075 -0.0443
vn 0.5857 0.8083 -0.0604
vn 0.5972 0.8015 -0.0312
vn 0.7124 0.7006 -0.0411
vn 0.3663 0.9303 0.0188
vn 0.4963 0.8681 -0.0134
vn 0.4750 0.8798 -0.0206
vn 0.6208 0.7838 -0.0163
vn 0.6080 0.7937 -0.0212
vn 0.6468 0.7627 -0.0058
vn 0.5161 0.8565 0.0062
vn 0.3850 0.9224 0.0298
vn 0.2517 0.9658 0.0619
vn 0.4077 0.9125 0.0328
vn 0.5320 0.8466 0.0132
vn 0.4272 0.9032 0.0409
vn 0.2852 0.9559 0.0706
vn 0.3230 0.9436 0.0732
vn 0.4761 0.8790 0.0282
vn 0.5254 0.8507 -0.0183
vn 0.4495 0.8923 0.0409
vn 0.5601 0.8282 0.0208
vn 0.5882 0.8086 0.0100
vn 0.5746 0.8182 0.0199
vn 0.6060 0.7954 -0.0118
vn 0.5017 0.8650 0.0114
vn 0.4633 0.8805 -0.1003
vn 0.3748 0.9201 -0.1139
vn 0.4437 0.8941 -0.0614
vn 0.5403 0.8393 -0.0607
vn 0.4792 0.8619 -0.1657
vn 0.5523 0.8279 -0.0978
vn 0.6329 0.7721 -0.0584
vn 0.6232 0.7815 -0.0287
vn 0.6415 0.7601 -0.1034
vn 0.3717 0.8298 -0.4163
vn 0.4569 0.8118 -0.3637
vn 0.4193 0.8652 -0.2750
vn 0.4959 0.8313 -0.2510
vn 0.5682 0.8082 -0.1548
vn 0.5852 0.7085 -0.3944
vn 0.5083 0.7273 -0.4611
vn 0.5289 0.7816 -0.3307
vn 0.6619 0.7104 -0.2391
vn 0.5789 0.7814 -0.2330
vn 0.0349 -0.0016 -0.9994
vn 0.0397 0.0052 -0.9992
vn 0.0454 0.0106 -0.9989
vn 0.2446 0.0199 -0.9694
vn 0.2518 0.0348 -0.9671
vn 0.2786 0.0636 -0.9583
vn 0.4510 0.0316 -0.8920
vn 0.4462 0.0646 -0.8926
vn 0.5870 0.0801 -0.8056
vn 0.4469 0.1078 -0.8880
vn 0.5839 0.1323 -0.8009
vn 0.5904 0.0385 -0.8062
vn 0.7017 0.0406 -0.7114
vn 0.6957 0.0938 -0.7121
vn 0.6958 0.1573 -0.7009
vn 0.7897 0.1059 -0.6043
vn 0.7820 0.1790 -0.5970
vn 0.0813 0.0432 -0.9958
vn 0.1501 0.1342 -0.9795
vn 0.2102 0.2940 -0.9324
vn 0.3082 0.1269 -0.9428
vn 0.3282 0.2246 -0.9175
vn 0.4507 0.2704 -0.8507
vn 0.3379 0.3681 -0.8662
vn 0.4399 0.4134 -0.7972
vn 0.4498 0.1722 -0.8764
vn 0.5804 0.2042 -0.7883
vn 0.5702 0.3048 -0.7629
vn 0.5399 0.4376 -0.7190
vn 0.6820 0.3316 -0.6518
vn 0.6949 0.2360 -0.6792
vn 0.6443 0.4507 -0.6178
vn 0.7245 0.4685 -0.5056
vn 0.7552 0.3577 -0.5493
vn 0.7707 0.2645 -0.5797
vn 0.3192 0.5628 -0.7624
vn 0.3422 0.7331 -0.5878
vn 0.4163 0.7346 -0.5358
vn 0.4007 0.5848 -0.7054
vn 0.4815 0.5911 -0.6471
vn 0.5770 0.5983 -0.5560
vn 0.6587 0.6015 -0.4519
vn 0.7163 -0.0428 0.6965
vn 0.7304 0.0336 0.6822
vn 0.7544 0.1161 0.6461
vn 0.7805 0.2067 0.5900
vn 0.7987 0.3112 0.5150
vn 0.7841 0.4553 0.4217
vn 0.8367 -0.0315 0.5467
vn 0.9167 -0.0167 0.3991
vn 0.9140 0.0935 0.3949
vn 0.8459 0.0711 0.5286
vn 0.9029 0.2010 0.3800
vn 0.8541 0.1670 0.4925
vn 0.9631 -0.0011 0.2692
vn 0.9587 0.0974 0.2672
vn 0.9399 0.2182 0.2627
vn 0.8530 0.2671 0.4485
vn 0.8355 0.3889 0.3881
vn 0.8868 0.3142 0.3390
vn 0.8518 0.4377 0.2880
vn 0.7858 0.5624 0.2572
vn 0.7882 0.5296 0.3136
vn 0.9051 0.3484 0.2439
vn 0.8589 0.4609 0.2233
vn 0.7925 0.5726 0.2099
vn 0.6933 0.6916 0.2025
vn 0.6945 0.6792 0.2374
vn 0.7027 0.6623 0.2598
vn 0.9949 0.0082 0.1004
vn 0.9999 -0.0011 -0.0107
vn 1.0000 -0.0089 0.0011
vn 0.9999 0.0076 0.0066
vn 0.9987 0.0409 0.0305
vn 0.9901 0.1267 0.0608
vn 0.9806 0.1797 0.0786
vn 0.9183 0.3517 0.1818
vn 0.8636 0.4668 0.1905
vn 0.7919 0.5795 0.1926
vn 0.9646 0.2103 0.1589
vn 0.9377 0.3280 0.1144
vn 0.8800 0.4522 0.1454
vn 0.9468 0.2894 0.1411
vn 0.8802 0.4261 0.2092
vn 0.6899 0.6974 0.1940
vn 0.6937 0.6913 0.2020
vn 0.5653 0.7962 0.2158
vn 0.8032 0.5697 0.1740
vn 0.6472 0.6941 0.3153
vn 1.0000 0.0065 -0.0070
vn 0.9999 -0.0076 -0.0140
vn 0.9999 0.0002 -0.0131
vn 0.9983 0.0446 0.0364
vn 0.9997 0.0052 -0.0240
vn 0.9997 -0.0249 0.0037
vn 0.9700 0.1809 0.1623
vn 0.7787 0.4688 0.4171
vn 0.7862 0.5504 0.2810
vn 0.8893 0.3261 0.3207
vn 0.9737 0.1573 0.1646
vn 0.5238 0.7838 0.3336
vn 0.4072 0.9033 0.1351
vn 0.4499 0.8553 0.2571
vn 0.6657 0.6103 0.4294
vn 0.5681 0.7308 0.3784
vn 0.4928 0.8205 0.2899
vn 0.6413 0.6547 0.4001
vn 0.7510 0.4782 0.4552
vn 0.6094 0.7421 0.2790
vn 0.4111 0.9006 -0.1407
vn 0.3949 0.9187 -0.0052
vn 0.4430 0.8834 0.1527
vn 0.4237 0.9057 -0.0123
vn 0.4577 0.8485 -0.2655
vn 0.4921 0.8130 -0.3114
vn 0.5677 0.8232 -0.0124
vn 0.5903 0.7904 0.1637
vn 0.4416 0.8811 -0.1694
vn 0.9996 0.0176 0.0239
vn 0.9998 -0.0020 0.0221
vn 0.9934 0.1125 -0.0211
vn 0.9980 0.0553 -0.0301
vn 0.9760 0.1539 -0.1542
vn 0.9998 -0.0130 0.0141
vn 1.0000 0.0063 -0.0065
vn 0.9630 0.2521 -0.0955
vn 0.9061 0.2997 -0.2985
vn 0.8306 0.5077 -0.2288
vn 0.8040 0.4438 -0.3956
vn 0.9047 0.3882 -0.1753
vn 0.6978 0.6598 -0.2788
vn 0.7002 0.5655 -0.4359
vn 0.8972 0.2755 -0.3451
vn 0.9706 0.1400 -0.1959
vn 0.7770 0.4190 -0.4698
vn 0.5046 0.8237 -0.2587
vn 0.5488 0.7671 -0.3324
vn 0.7556 0.6363 -0.1554
vn 0.5864 0.6944 -0.4171
vn 0.5700 0.8032 -0.1730
vn 0.5947 0.7391 -0.3163
vn 0.6669 0.5865 -0.4597
vn 0.9994 0.0354 0.0066
vn 0.9901 0.1400 -0.0105
vn 0.9576 0.2868 -0.0278
vn 0.9593 0.2825 0.0035
vn 0.9996 0.0260 0.0088
vn 0.9993 0.0366 -0.0025
vn 0.9912 0.1302 0.0224
vn 0.9900 0.1412 0.0024
vn 0.9589 0.2834 0.0129
vn 0.9082 0.4146 -0.0567
vn 0.8222 0.5593 -0.1061
vn 0.9074 0.4202 -0.0080
vn 0.9050 0.4253 -0.0124
vn 0.7133 0.6956 -0.0859
vn 0.9999 0.0124 -0.0074
vn 0.9935 0.1137 0.0088
vn 0.9569 0.2904 0.0108
vn 0.9597 0.2811 0.0068
vn 0.9953 0.0972 -0.0040
vn 0.9631 0.2692 -0.0044
vn 0.9030 0.4296 -0.0056
vn 0.8246 0.5651 -0.0241
vn 0.8238 0.5660 -0.0321
vn 0.9022 0.4311 0.0081
vn 0.9033 0.4289 -0.0097
vn 0.7138 0.6995 -0.0348
vn 1.0000 -0.0076 -0.0032
vn 0.9999 -0.0100 -0.0090
vn 0.9974 0.0714 -0.0002
vn 0.9966 0.0826 -0.0075
vn 0.9640 0.2659 -0.0043
vn 0.9647 0.2633 0.0029
vn 0.9979 0.0644 0.0067
vn 0.9663 0.2572 -0.0148
vn 0.9041 0.4270 -0.0152
vn 0.8242 0.5660 -0.0184
vn 0.8185 0.5743 -0.0175
vn 0.7205 0.6932 -0.0176
vn 0.7166 0.6970 -0.0261
vn 0.9051 0.4251 -0.0018
vn 0.7306 0.6827 -0.0152
vn 0.9084 0.4180 -0.0137
vn 1.0000 -0.0031 0.0036
vn 0.9997 -0.0190 0.0142
vn 0.9973 0.0730 -0.0086
vn 0.9977 0.0674 -0.0047
vn 0.9689 0.2469 -0.0128
vn 1.0000 0.0026 0.0062
vn 0.9706 0.2406 0.0096
vn 0.9999 -0.0015 0.0152
vn 0.9976 0.0682 0.0109
vn 0.9711 0.2388 -0.0041
vn 0.9126 0.4086 -0.0135
vn 0.8456 0.5337 -0.0102
vn 0.8355 0.5494 -0.0102
vn 0.7632 0.6462 -0.0019
vn 0.7510 0.6602 -0.0104
vn 0.9154 0.4025 0.0051
vn 0.7706 0.6373 -0.0052
vn 0.9180 0.3965 -0.0064
vn 0.6613 0.7501 0.0046
vn 0.6692 0.7431 -0.0001
vn 0.5447 0.8386 0.0123
vn 1.0000 -0.0011 0.0022
vn 0.9970 0.0775 -0.0083
vn 0.9977 0.0678 0.0084
vn 0.9705 0.2400 -0.0219
vn 1.0000 0.0041 0.0036
vn 0.9962 0.0864 -0.0070
vn 0.9688 0.2468 -0.0225
vn 0.9999 0.0149 -0.0040
vn 0.9672 0.2506 -0.0412
vn 0.9984 0.0286 -0.0481
vn 0.9945 0.1008 -0.0272
vn 0.9635 0.2534 -0.0866
vn 0.9199 0.3910 -0.0283
vn 0.8578 0.5136 -0.0209
vn 0.8517 0.5241 -0.0048
vn 0.7807 0.6249 -0.0043
vn 0.7736 0.6337 -0.0039
vn 0.9214 0.3875 -0.0300
vn 0.8637 0.5032 -0.0272
vn 0.7884 0.6148 -0.0211
vn 0.9229 0.3830 -0.0397
vn 0.9224 0.3761 -0.0872
vn 0.6848 0.7286 0.0088
vn 0.6774 0.7356 0.0030
vn 0.6946 0.7194 -0.0075
vn 0.9907 0.0348 -0.1317
vn 0.9809 0.1370 -0.1382
vn 0.9902 0.1220 -0.0679
vn 0.9562 0.2559 -0.1420
vn 0.9753 0.0354 -0.2182
vn 0.9474 0.2456 -0.2053
vn 0.9523 0.0318 -0.3034
vn 0.9463 0.1316 -0.2954
vn 0.9662 0.1388 -0.2172
vn 0.9312 0.2298 -0.2829
vn 0.9212 0.3652 -0.1341
vn 0.8734 0.4737 -0.1132
vn 0.8670 0.4928 -0.0737
vn 0.8068 0.5842 -0.0885
vn 0.7978 0.6005 -0.0539
vn 0.9185 0.3499 -0.1844
vn 0.9058 0.3313 -0.2642
vn 0.7218 0.6887 -0.0684
vn 0.7139 0.6991 -0.0387
vn 0.7304 0.6725 -0.1194
vn 0.6524 0.7410 -0.1591
vn 0.8119 0.5660 -0.1430
vn 0.7374 0.6511 -0.1799
vn 0.9112 0.1221 -0.3934
vn 0.8517 0.1951 -0.4863
vn 0.9002 0.2135 -0.3795
vn 0.7962 0.0384 -0.6038
vn 0.8675 0.0359 -0.4961
vn 0.8607 0.1143 -0.4962
vn 0.9188 0.0314 -0.3934
vn 0.8819 0.3098 -0.3553
vn 0.8495 0.4157 -0.3249
vn 0.8667 0.4376 -0.2395
vn 0.7998 0.5237 -0.2932
vn 0.8114 0.5450 -0.2111
vn 0.8358 0.2874 -0.4678
vn 0.8101 0.3886 -0.4390
vn 0.7720 0.4972 -0.3960
vn 0.7368 0.6229 -0.2629
vn 0.6489 0.6875 -0.3259
vn 0.5862 0.7514 -0.3029
vn 0.7150 0.6045 -0.3512
vn 0.9977 -0.0661 0.0150
vn 0.9975 -0.0565 0.0423
vn 0.9980 -0.0267 0.0573
vn 0.9950 -0.0594 0.0797
vn 0.9981 -0.0514 0.0352
vn 0.9965 0.0795 0.0274
vn 0.9977 0.0671 -0.0012
vn 0.9463 -0.0227 0.3225
vn 0.9391 -0.0263 0.3425
vn 0.9395 0.1072 0.3254
vn 0.9930 0.0763 0.0904
vn 0.9949 0.0455 0.0901
vn 0.9039 0.2847 0.3193
vn 0.9989 0.0470 -0.0042
vn 0.9974 0.0344 0.0640
vn 0.9954 -0.0433 0.0855
vn 0.9999 0.0098 -0.0088
vn 0.9533 0.1783 0.2438
vn 0.9570 0.1096 0.2686
vn 0.9614 -0.1131 0.2507
vn 0.9957 -0.0496 0.0778
vn 0.8852 0.3730 0.2779
vn 0.9998 -0.0000 -0.0201
vn 0.9379 0.3265 0.1174
vn 0.9958 0.0906 0.0143
vn 0.9610 -0.0570 0.2707
vn 0.9658 -0.0105 0.2592
vn 0.9569 0.1332 0.2580
vn 0.9974 -0.0723 0.0024
vn 0.9993 0.0080 -0.0354
vn 0.9943 0.0753 -0.0754
vn 0.9314 0.1648 -0.3244
vn 0.9592 0.1193 0.2562
vn 0.9333 0.1655 0.3188
vn 0.9778 0.0175 0.2090
vn 0.9793 0.0950 -0.1785
vn 0.9394 0.2683 -0.2132
vn 0.9540 0.2985 0.0262
vn 0.9260 0.0608 -0.3725
vn 0.9324 0.3538 0.0741
vn 0.9946 0.0996 0.0292
vn 0.9961 0.0731 0.0499
vn 0.9909 0.1117 -0.0746
vn 0.9999 -0.0141 0.0047
vn 1.0000 -0.0087 0.0030
vn 0.9963 0.0322 -0.0801
vn 0.9997 -0.0232 0.0056
vn 0.9955 -0.0067 -0.0948
vn 0.9963 -0.0012 -0.0857
vn 0.9988 0.0162 -0.0467
vn 0.9369 -0.0081 -0.3496
vn 0.9327 0.0052 -0.3605
vn 0.9331 0.1288 -0.3357
vn 0.9592 -0.0320 -0.2808
vn 0.9587 0.0134 -0.2842
vn 0.9997 0.0255 0.0006
vn 0.9950 0.0682 -0.0730
vn 0.9662 0.1448 -0.2131
vn 0.9998 0.0134 -0.0161
vn 0.9999 -0.0066 -0.0087
vn 1.0000 -0.0078 0.0008
vn 0.9700 0.0673 -0.2335
vn 0.9853 0.0183 -0.1696
vn 0.9932 0.0534 -0.1032
vn 0.8807 0.1278 -0.4561
vn 0.9161 0.2298 -0.3285
vn 0.9096 0.4073 -0.0827
vn 0.9032 0.3903 -0.1784
vn 0.9159 0.3029 -0.2634
vn 0.9984 0.0156 -0.0547
vn 0.9995 -0.0193 0.0248
vn 0.1214 0.0578 0.9909
vn 0.5809 -0.0328 0.8133
vn -0.7237 -0.5512 -0.4153
vn 0.2547 0.5392 -0.8027
vn -0.2826 0.0786 -0.9560
vn -0.7599 -0.4072 0.5067
vn -0.8385 0.2306 0.4937
vn -0.8171 0.3192 0.4800
vn -0.0319 0.2506 0.9676
vn -0.8212 -0.2662 0.5047
vn -0.7176 -0.4848 0.5000
vn 0.0199 -0.3728 -0.9277
vn 0.5799 -0.0282 -0.8142
vn 0.5900 0.0606 -0.8052
vn 0.7056 0.7079 -0.0307
vn 0.7915 0.6099 -0.0391
vn -0.7701 -0.6366 -0.0411
vn 0.9558 -0.2926 -0.0296
vn 0.9552 -0.2927 -0.0429
vn 0.8504 0.5261 -0.0005
vn 0.8299 0.5579 -0.0104
vn 0.3269 0.9449 -0.0153
vn -0.1498 0.9703 -0.1900
vn -0.4389 -0.8746 -0.2060
vn -0.1728 0.7349 0.6557
vn -0.9957 -0.0927 0.0052
vn -0.4620 0.7850 0.4128
vn 0.1373 0.6888 -0.7119
vn 0.9168 0.3993 0.0031
vn 0.9891 0.0809 0.1230
vn 0.9283 -0.3069 0.2098
vn 0.9593 -0.2267 0.1683
vn 0.8650 0.5003 -0.0388
vn -0.1310 -0.4950 0.8590
vn -0.6407 0.7344 0.2241
vn 0.8291 0.5572 -0.0466
vn 0.8751 0.4551 -0.1647
vn 0.8217 0.5698 -0.0132
vn 0.9220 -0.3871 0.0107
vn -0.1065 0.2988 0.9484
vn -0.9688 -0.2370 -0.0727
vn -0.9745 0.2240 -0.0153
vn -0.9316 -0.1219 0.3424
vn 0.9998 -0.0179 -0.0029
vn 0.9998 -0.0041 -0.0194
vn -0.9587 0.1994 0.2027
vn -0.9090 -0.3198 -0.2674
vn -0.8990 0.3420 -0.2735
vn -0.0929 0.2936 0.9514
vn 0.9669 -0.2551 -0.0054
vn 0.9750 -0.2221 0.0121
vn 0.5420 0.8026 -0.2491
vn -0.6670 0.7422 -0.0656
vn 0.2189 0.9756 0.0155
vn -0.1410 0.9490 0.2822
vn -0.7407 0.6649 0.0962
vn -0.7009 0.7133 0.0031
vn -0.0667 -0.9883 0.1368
vn 0.6443 0.6759 -0.3577
vn -0.5066 -0.6891 0.5182
vn 0.7975 0.5903 -0.1247
vn 0.7322 -0.6349 0.2465
vn 0.7289 -0.5901 -0.3472
vn -0.7327 -0.6429 0.2232
s 1
usemtl Material.005
f 1//1 2//2 3//3 5//5
f 4//4 2//2 1//1 8//8
f 1//1 6//6 12//12 8//8
f 2//2 852//852 853//853 3//3
f 1064//1064 5//5 3//3 854//854
f 4//4 862//862 852//852 2//2
f 6//6 1//1 5//5 7//7
f 5//5 1064//1064 1068//1068 7//7
f 10//10 6//6 7//7 11//11
f 9//9 4//4 8//8 17//17
f 8//8 12//12 14//14 17//17
f 15//15 16//16 9//9 17//17
f 9//9 863//863 862//862 4//4
f 869//869 863//863 9//9 16//16
f 12//12 6//6 10//10 13//13
f 25//25 10//10 11//11 26//26
f 1068//1068 1069//1069 11//11 7//7
f 14//14 12//12 13//13 23//23
f 13//13 10//10 25//25 27//27
f 15//15 17//17 14//14 21//21
f 18//18 16//16 15//15 20//20
f 19//19 20//20 15//15 21//21
f 18//18 20//20 22//22 871//871
f 18//18 870//870 869//869 16//16
f 22//22 20//20 19//19 39//39
f 19//19 21//21 24//24 32//32
f 19//19 32//32 33//33 39//39
f 21//21 14//14 23//23 24//24
f 23//23 13//13 27//27 30//30
f 29//29 24//24 23//23 30//30
f 31//31 32//32 24//24 29//29
f 25//25 26//26 28//28 1192//1192
f 25//25 1192//1192 1194//1194 27//27
f 1069//1069 1183//1183 26//26 11//11
f 27//27 1194//1194 34//34 30//30
f 28//28 26//26 1183//1183 1184//1184
f 28//28 1184//1184 1185//1185 1188//1188
f 29//29 30//30 34//34 35//35
f 33//33 32//32 31//31 3263//3263
f 31//31 29//29 35//35 1198//1198
f 31//31 1198//1198 1200//1200 3263//3263
f 33//33 3263//3263 63//63 45//45
f 1193//1193 1195//1195 34//34 1194//1194
f 1195//1195 1196//1196 35//35 34//34
f 36//36 37//37 38//38 41//41
f 36//36 41//41 44//44 2407//2407
f 36//36 2406//2406 2405//2405 37//37
f 37//37 2405//2405 872//872 871//871
f 38//38 22//22 39//39 42//42
f 40//40 41//41 38//38 42//42
f 871//871 22//22 38//38 37//37
f 39//39 33//33 45//45 42//42
f 40//40 42//42 45//45 46//46
f 43//43 44//44 41//41 40//40
f 43//43 40//40 46//46 64//64
f 49//49 44//44 43//43 52//52
f 43//43 64//64 56//56 52//52
f 46//46 45//45 63//63 65//65
f 47//47 48//48 49//49 51//51
f 47//47 2417//2417 2416//2416 48//48
f 48//48 2416//2416 2408//2408 2407//2407
f 2407//2407 44//44 49//49 48//48
f 50//50 47//47 51//51 54//54
f 50//50 2418//2418 2417//2417 47//47
f 51//51 49//49 52//52 55//55
f 53//53 54//54 51//51 55//55
f 62//62 60//60 53//53 57//57
f 59//59 50//50 54//54 61//61
f 60//60 61//61 54//54 53//53
f 55//55 52//52 56//56 58//58
f 57//57 53//53 55//55 58//58
f 56//56 72//72 70//70 58//58
f 57//57 58//58 70//70 75//75
f 59//59 2420//2420 2418//2418 50//50
f 2423//2423 2420//2420 59//59 2425//2425
f 2673//2673 61//61 60//60 2675//2675
f 2425//2425 59//59 61//61 2673//2673
f 62//62 57//57 75//75 76//76
f 2675//2675 60//60 62//62 2676//2676
f 66//66 65//65 63//63 67//67
f 64//64 46//46 65//65 69//69
f 64//64 69//69 72//72 56//56
f 68//68 69//69 65//65 66//66
f 2805//2805 2806//2806 66//66 67//67
f 67//67 1200//1200 1199//1199 2805//2805
f 3263//3263 1200//1200 67//67 63//63
f 2806//2806 2807//2807 68//68 66//66
f 71//71 72//72 69//69 68//68
f 74//74 75//75 70//70 73//73
f 2807//2807 2808//2808 71//71 68//68
f 73//73 70//70 72//72 71//71
f 2808//2808 2809//2809 73//73 71//71
f 2809//2809 2810//2810 74//74 73//73
f 77//77 76//76 75//75 74//74
f 76//76 2811//2811 2676//2676 62//62
f 2812//2812 2811//2811 76//76 77//77
f 2810//2810 2816//2816 77//77 74//74
f 77//77 2816//2816 2813//2813 2812//2812
f 78//78 102//102 3288//3288 79//79
f 80//80 78//78 79//79 83//83
f 79//79 82//82 81//81 83//83
f 79//79 3288//3288 177//177 82//82
f 84//84 85//85 80//80 83//83
f 80//80 85//85 103//103 78//78
f 81//81 82//82 150//150 158//158
f 156//156 157//157 81//81 158//158
f 151//151 150//150 82//82 177//177
f 83//83 81//81 157//157 84//84
f 84//84 157//157 96//96 86//86
f 86//86 87//87 85//85 84//84
f 85//85 87//87 89//89 103//103
f 92//92 88//88 87//87 86//86
f 89//89 87//87 88//88 91//91
f 93//93 90//90 88//88 92//92
f 104//104 103//103 89//89 106//106
f 111//111 106//106 89//89 91//91
f 91//91 88//88 90//90 113//113
f 94//94 95//95 90//90 93//93
f 90//90 95//95 114//114 113//113
f 112//112 111//111 91//91 113//113
f 92//92 86//86 96//96 166//166
f 92//92 166//166 168//168 93//93
f 93//93 168//168 170//170 94//94
f 1628//1628 1625//1625 95//95 94//94
f 165//165 166//166 96//96 159//159
f 97//97 98//98 99//99 107//107
f 97//97 123//123 178//178 100//100
f 100//100 101//101 98//98 97//97
f 99//99 102//102 104//104 105//105
f 108//108 107//107 99//99 105//105
f 3288//3288 102//102 99//99 98//98
f 176//176 101//101 100//100 179//179
f 101//101 177//177 3288//3288 98//98
f 102//102 78//78 103//103 104//104
f 105//105 104//104 106//106 110//110
f 109//109 108//108 105//105 110//110
f 115//115 110//110 106//106 111//111
f 107//107 122//122 123//123 97//97
f 108//108 124//124 122//122 107//107
f 109//109 125//125 124//124 108//108
f 118//118 109//109 110//110 115//115
f 116//116 115//115 111//111 112//112
f 112//112 113//113 114//114 117//117
f 114//114 95//95 1625//1625 1627//1627
f 1643//1643 117//117 114//114 1627//1627
f 119//119 118//118 115//115 116//116
f 116//116 112//112 117//117 121//121
f 120//120 119//119 116//116 121//121
f 1647//1647 121//121 117//117 1643//1643
f 118//118 134//134 125//125 109//109
f 119//119 135//135 134//134 118//118
f 120//120 136//136 135//135 119//119
f 1648//1648 120//120 121//121 1647//1647
f 128//128 126//126 122//122 124//124
f 126//126 127//127 123//123 122//122
f 186//186 178//178 123//123 127//127
f 129//129 128//128 124//124 125//125
f 137//137 129//129 125//125 134//134
f 132//132 130//130 126//126 128//128
f 130//130 131//131 127//127 126//126
f 127//127 131//131 188//188 186//186
f 133//133 132//132 128//128 129//129
f 140//140 133//133 129//129 137//137
f 145//145 143//143 130//130 132//132
f 143//143 144//144 131//131 130//130
f 187//187 188//188 131//131 144//144
f 146//146 145//145 132//132 133//133
f 147//147 146//146 133//133 140//140
f 138//138 137//137 134//134 135//135
f 139//139 138//138 135//135 136//136
f 1648//1648 1665//1665 136//136 120//120
f 1668//1668 139//139 136//136 1665//1665
f 141//141 140//140 137//137 138//138
f 142//142 141//141 138//138 139//139
f 1671//1671 142//142 139//139 1668//1668
f 148//148 147//147 140//140 141//141
f 149//149 148//148 141//141 142//142
f 1684//1684 149//149 142//142 1671//1671
f 143//143 194//194 195//195 144//144
f 144//144 195//195 196//196 187//187
f 145//145 203//203 194//194 143//143
f 146//146 204//204 203//203 145//145
f 147//147 207//207 204//204 146//146
f 148//148 208//208 207//207 147//147
f 149//149 209//209 208//208 148//148
f 150//150 154//154 153//153 158//158
f 184//184 154//154 150//150 151//151
f 151//151 176//176 181//181 184//184
f 153//153 154//154 152//152 161//161
f 250//250 161//161 152//152 245//245
f 155//155 152//152 154//154 184//184
f 245//245 152//152 155//155 242//242
f 159//159 96//96 157//157 156//156
f 158//158 153//153 160//160 156//156
f 159//159 156//156 160//160 163//163
f 160//160 153//153 161//161 164//164
f 162//162 163//163 160//160 164//164
f 162//162 164//164 251//251 257//257
f 256//256 171//171 162//162 257//257
f 165//165 159//159 163//163 172//172
f 171//171 172//172 163//163 162//162
f 164//164 161//161 250//250 251//251
f 165//165 172//172 173//173 167//167
f 167//167 168//168 166//166 165//165
f 167//167 173//173 175//175 169//169
f 169//169 170//170 168//168 167//167
f 1628//1628 94//94 170//170 1632//1632
f 1690//1690 1632//1632 170//170 169//169
f 173//173 172//172 171//171 174//174
f 171//171 256//256 258//258 174//174
f 175//175 173//173 174//174 1697//1697
f 174//174 258//258 1774//1774 1697//1697
f 1690//1690 169//169 175//175 1695//1695
f 1696//1696 1695//1695 175//175 1697//1697
f 177//177 101//101 176//176 151//151
f 180//180 181//181 176//176 179//179
f 179//179 100//100 178//178 182//182
f 189//189 182//182 178//178 186//186
f 182//182 183//183 180//180 179//179
f 265//265 185//185 180//180 183//183
f 181//181 180//180 185//185 241//241
f 183//183 182//182 189//189 192//192
f 266//266 265//265 183//183 192//192
f 241//241 155//155 184//184 181//181
f 267//267 268//268 185//185 265//265
f 186//186 188//188 190//190 189//189
f 190//190 188//188 187//187 193//193
f 187//187 196//196 201//201 193//193
f 191//191 192//192 189//189 190//190
f 191//191 190//190 193//193 275//275
f 191//191 275//275 276//276 274//274
f 274//274 266//266 192//192 191//191
f 205//205 197//197 195//195 194//194
f 197//197 198//198 196//196 195//195
f 197//197 199//199 200//200 198//198
f 201//201 196//196 198//198 202//202
f 199//199 197//197 205//205 220//220
f 202//202 198//198 200//200 3286//3286
f 200//200 199//199 217//217 219//219
f 200//200 219//219 293//293 3286//3286
f 275//275 193//193 201//201 283//283
f 201//201 202//202 280//280 283//283
f 202//202 3286//3286 285//285 280//280
f 205//205 194//194 203//203 206//206
f 206//206 203//203 204//204 213//213
f 212//212 213//213 204//204 207//207
f 205//205 206//206 222//222 220//220
f 206//206 213//213 215//215 222//222
f 207//207 208//208 210//210 212//212
f 211//211 210//210 208//208 209//209
f 1684//1684 1734//1734 209//209 149//149
f 1735//1735 211//211 209//209 1734//1734
f 216//216 210//210 211//211 234//234
f 216//216 214//214 212//212 210//210
f 214//214 215//215 213//213 212//212
f 232//232 231//231 214//214 216//216
f 215//215 224//224 223//223 222//222
f 231//231 224//224 215//215 214//214
f 233//233 232//232 216//216 234//234
f 220//220 221//221 217//217 199//199
f 219//219 217//217 218//218 289//289
f 221//221 225//225 218//218 217//217
f 228//228 229//229 218//218 225//225
f 290//290 289//289 218//218 229//229
f 219//219 289//289 291//291 293//293
f 222//222 223//223 221//221 220//220
f 223//223 226//226 225//225 221//221
f 224//224 227//227 226//226 223//223
f 228//228 225//225 226//226 230//230
f 230//230 226//226 227//227 239//239
f 231//231 235//235 227//227 224//224
f 238//238 239//239 227//227 235//235
f 300//300 229//229 228//228 312//312
f 228//228 230//230 314//314 312//312
f 229//229 300//300 301//301 290//290
f 230//230 239//239 319//319 314//314
f 232//232 236//236 235//235 231//231
f 233//233 237//237 236//236 232//232
f 234//234 211//211 1735//1735 1739//1739
f 1755//1755 233//233 234//234 1739//1739
f 240//240 238//238 235//235 236//236
f 240//240 236//236 237//237 1761//1761
f 1755//1755 1758//1758 237//237 233//233
f 319//319 239//239 238//238 320//320
f 320//320 238//238 240//240 324//324
f 240//240 1761//1761 1839//1839 324//324
f 242//242 155//155 241//241 271//271
f 241//241 185//185 268//268 271//271
f 246//246 243//243 242//242 271//271
f 243//243 244//244 245//245 242//242
f 243//243 247//247 248//248 244//244
f 249//249 247//247 243//243 246//246
f 250//250 245//245 244//244 252//252
f 268//268 270//270 246//246 271//271
f 347//347 345//345 247//247 249//249
f 252//252 244//244 248//248 357//357
f 345//345 346//346 248//248 247//247
f 356//356 357//357 248//248 346//346
f 249//249 246//246 270//270 348//348
f 250//250 252//252 255//255 251//251
f 251//251 255//255 254//254 257//257
f 252//252 357//357 253//253 255//255
f 254//254 255//255 253//253 261//261
f 253//253 357//357 356//356 358//358
f 256//256 257//257 254//254 260//260
f 259//259 260//260 254//254 261//261
f 256//256 260//260 262//262 258//258
f 258//258 262//262 264//264 1774//1774
f 262//262 260//260 259//259 263//263
f 362//362 263//263 259//259 360//360
f 261//261 253//253 358//358 361//361
f 360//360 259//259 261//261 361//361
f 264//264 262//262 263//263 363//363
f 1776//1776 1774//1774 264//264 1777//1777
f 1778//1778 1777//1777 264//264 363//363
f 265//265 266//266 269//269 267//267
f 273//273 272//272 267//267 269//269
f 272//272 270//270 268//268 267//267
f 269//269 266//266 274//274 278//278
f 371//371 348//348 270//270 272//272
f 273//273 269//269 278//278 279//279
f 371//371 272//272 273//273 373//373
f 372//372 373//373 273//273 279//279
f 277//277 278//278 274//274 276//276
f 276//276 275//275 283//283 282//282
f 287//287 277//277 276//276 282//282
f 279//279 278//278 277//277 382//382
f 284//284 281//281 280//280 285//285
f 281//281 282//282 283//283 280//280
f 287//287 282//282 281//281 393//393
f 393//393 281//281 284//284 288//288
f 286//286 284//284 285//285 296//296
f 285//285 3286//3286 293//293 296//296
f 288//288 284//284 286//286 397//397
f 286//286 296//296 292//292 299//299
f 395//395 397//397 286//286 299//299
f 287//287 381//381 382//382 277//277
f 288//288 391//391 392//392 393//393
f 394//394 391//391 288//288 397//397
f 291//291 289//289 290//290 294//294
f 290//290 301//301 297//297 294//294
f 291//291 294//294 295//295 292//292
f 293//293 291//291 292//292 296//296
f 297//297 298//298 295//295 294//294
f 299//299 292//292 295//295 412//412
f 298//298 297//297 306//306 413//413
f 412//412 295//295 298//298 414//414
f 302//302 301//301 300//300 305//305
f 306//306 297//297 301//301 302//302
f 303//303 304//304 302//302 305//305
f 309//309 306//306 302//302 304//304
f 317//317 307//307 303//303 315//315
f 307//307 308//308 304//304 303//303
f 310//310 309//309 304//304 308//308
f 312//312 311//311 305//305 300//300
f 315//315 303//303 305//305 311//311
f 423//423 413//413 306//306 309//309
f 335//335 331//331 307//307 317//317
f 331//331 332//332 308//308 307//307
f 310//310 308//308 332//332 432//432
f 423//423 309//309 310//310 425//425
f 310//310 432//432 435//435 425//425
f 314//314 313//313 311//311 312//312
f 316//316 315//315 311//311 313//313
f 319//319 321//321 313//313 314//314
f 325//325 316//316 313//313 321//321
f 318//318 317//317 315//315 316//316
f 328//328 318//318 316//316 325//325
f 336//336 335//335 317//317 318//318
f 339//339 336//336 318//318 328//328
f 320//320 322//322 321//321 319//319
f 326//326 325//325 321//321 322//322
f 324//324 323//323 322//322 320//320
f 327//327 326//326 322//322 323//323
f 1839//1839 1838//1838 323//323 324//324
f 1843//1843 327//327 323//323 1838//1838
f 329//329 328//328 325//325 326//326
f 330//330 329//329 326//326 327//327
f 1846//1846 330//330 327//327 1843//1843
f 340//340 339//339 328//328 329//329
f 341//341 340//340 329//329 330//330
f 1870//1870 341//341 330//330 1846//1846
f 331//331 333//333 334//334 332//332
f 335//335 337//337 333//333 331//331
f 333//333 433//433 434//434 334//334
f 432//432 332//332 334//334 438//438
f 334//334 434//434 436//436 438//438
f 336//336 338//338 337//337 335//335
f 337//337 441//441 433//433 333//333
f 339//339 343//343 338//338 336//336
f 338//338 442//442 441//441 337//337
f 342//342 343//343 339//339 340//340
f 344//344 342//342 340//340 341//341
f 1873//1873 344//344 341//341 1870//1870
f 342//342 444//444 443//443 343//343
f 343//343 443//443 442//442 338//338
f 344//344 445//445 444//444 342//342
f 350//350 351//351 346//346 345//345
f 346//346 351//351 359//359 356//356
f 348//348 349//349 347//347 249//249
f 350//350 345//345 347//347 354//354
f 348//348 371//371 375//375 349//349
f 354//354 347//347 349//349 378//378
f 377//377 378//378 349//349 375//375
f 352//352 351//351 350//350 353//353
f 359//359 351//351 352//352 490//490
f 489//489 490//490 352//352 480//480
f 354//354 355//355 353//353 350//350
f 480//480 352//352 353//353 481//481
f 479//479 355//355 354//354 378//378
f 481//481 353//353 355//355 483//483
f 482//482 483//483 355//355 479//479
f 356//356 359//359 3296//3296 358//358
f 358//358 3296//3296 364//364 361//361
f 359//359 490//490 491//491 3296//3296
f 360//360 361//361 364//364 365//365
f 363//363 263//263 362//362 1885//1885
f 362//362 360//360 365//365 367//367
f 362//362 367//367 370//370 1885//1885
f 1884//1884 1778//1778 363//363 1885//1885
f 365//365 364//364 366//366 368//368
f 366//366 491//491 492//492 496//496
f 495//495 368//368 366//366 496//496
f 3296//3296 491//491 366//366 364//364
f 367//367 365//365 368//368 369//369
f 497//497 369//369 368//368 495//495
f 370//370 367//367 369//369 498//498
f 1884//1884 1885//1885 370//370 1887//1887
f 1888//1888 1887//1887 370//370 498//498
f 374//374 375//375 371//371 373//373
f 372//372 279//279 382//382 385//385
f 376//376 374//374 373//373 372//372
f 380//380 379//379 374//374 376//376
f 379//379 377//377 375//375 374//374
f 376//376 372//372 385//385 387//387
f 504//504 505//505 377//377 379//379
f 378//378 377//377 505//505 479//479
f 506//506 504//504 379//379 380//380
f 380//380 376//376 387//387 512//512
f 383//383 384//384 381//381 392//392
f 381//381 287//287 393//393 392//392
f 382//382 381//381 384//384 385//385
f 401//401 388//388 383//383 398//398
f 384//384 383//383 388//388 386//386
f 386//386 387//387 385//385 384//384
f 390//390 515//515 386//386 388//388
f 512//512 387//387 386//386 515//515
f 389//389 390//390 388//388 401//401
f 405//405 406//406 389//389 404//404
f 524//524 523//523 389//389 406//406
f 390//390 516//516 514//514 515//515
f 523//523 516//516 390//390 389//389
f 399//399 398//398 391//391 394//394
f 398//398 383//383 392//392 391//391
f 400//400 399//399 394//394 396//396
f 402//402 396//396 395//395 418//418
f 395//395 299//299 412//412 418//418
f 397//397 395//395 396//396 394//394
f 401//401 398//398 399//399 403//403
f 400//400 396//396 402//402 421//421
f 403//403 399//399 400//400 541//541
f 404//404 389//389 401//401 403//403
f 420//420 421//421 402//402 417//417
f 404//404 403//403 541//541 545//545
f 405//405 407//407 408//408 406//406
f 543//543 407//407 405//405 547//547
f 405//405 404//404 545//545 547//547
f 534//534 408//408 407//407 3264//3264
f 524//524 406//406 408//408 532//532
f 531//531 532//532 408//408 534//534
f 410//410 411//411 409//409 553//553
f 409//409 534//534 3264//3264 553//553
f 2088//2088 1938//1938 410//410 554//554
f 533//533 409//409 411//411 2066//2066
f 1938//1938 1939//1939 411//411 410//410
f 412//412 414//414 416//416 418//418
f 414//414 298//298 413//413 424//424
f 415//415 416//416 414//414 424//424
f 415//415 419//419 417//417 416//416
f 422//422 419//419 415//415 427//427
f 418//418 416//416 417//417 402//402
f 420//420 417//417 419//419 563//563
f 542//542 421//421 420//420 550//550
f 564//564 550//550 420//420 563//563
f 541//541 400//400 421//421 542//542
f 422//422 427//427 429//429 586//586
f 563//563 419//419 422//422 566//566
f 422//422 586//586 587//587 566//566
f 424//424 413//413 423//423 426//426
f 424//424 426//426 427//427 415//415
f 426//426 423//423 425//425 428//428
f 425//425 435//435 431//431 428//428
f 428//428 429//429 427//427 426//426
f 430//430 429//429 428//428 431//431
f 430//430 431//431 440//440 588//588
f 586//586 429//429 430//430 590//590
f 430//430 588//588 589//589 590//590
f 437//437 435//435 432//432 438//438
f 446//446 436//436 434//434 447//447
f 454//454 447//447 434//434 433//433
f 440//440 431//431 435//435 437//437
f 436//436 446//446 597//597 439//439
f 439//439 437//437 438//438 436//436
f 440//440 437//437 439//439 599//599
f 439//439 597//597 598//598 599//599
f 454//454 433//433 441//441 455//455
f 455//455 441//441 442//442 458//458
f 462//462 458//458 442//442 443//443
f 463//463 462//462 443//443 444//444
f 463//463 444//444 445//445 467//467
f 1873//1873 1975//1975 445//445 344//344
f 448//448 446//446 447//447 449//449
f 450//450 449//449 447//447 454//454
f 448//448 449//449 451//451 453//453
f 597//597 446//446 448//448 607//607
f 448//448 453//453 606//606 607//607
f 451//451 449//449 450//450 459//459
f 471//471 452//452 451//451 459//459
f 453//453 451//451 452//452 608//608
f 452//452 473//473 618//618 608//608
f 456//456 450//450 454//454 455//455
f 457//457 456//456 455//455 458//458
f 456//456 460//460 459//459 450//450
f 457//457 461//461 460//460 456//456
f 464//464 457//457 458//458 462//462
f 471//471 459//459 460//460 472//472
f 464//464 468//468 461//461 457//457
f 472//472 460//460 461//461 475//475
f 474//474 475//475 461//461 468//468
f 465//465 464//464 462//462 463//463
f 466//466 465//465 463//463 467//467
f 465//465 469//469 468//468 464//464
f 466//466 470//470 469//469 465//465
f 467//467 445//445 1975//1975 1991//1991
f 1992//1992 466//466 467//467 1991//1991
f 476//476 474//474 468//468 469//469
f 476//476 469//469 470//470 2014//2014
f 1992//1992 1996//1996 470//470 466//466
f 473//473 452//452 471//471 626//626
f 471//471 472//472 3265//3265 626//626
f 472//472 475//475 477//477 3265//3265
f 477//477 475//475 474//474 478//478
f 478//478 474//474 476//476 634//634
f 476//476 2014//2014 636//636 634//634
f 478//478 633//633 631//631 477//477
f 493//493 489//489 480//480 484//484
f 484//484 480//480 481//481 485//485
f 482//482 479//479 505//505 508//508
f 682//682 483//483 482//482 511//511
f 485//485 481//481 483//483 682//682
f 486//486 484//484 485//485 487//487
f 488//488 487//487 485//485 682//682
f 493//493 484//484 486//486 697//697
f 696//696 697//697 486//486 683//683
f 683//683 486//486 487//487 684//684
f 488//488 685//685 684//684 487//487
f 491//491 490//490 489//489 492//492
f 489//489 493//493 494//494 492//492
f 492//492 494//494 499//499 496//496
f 493//493 697//697 698//698 494//494
f 494//494 698//698 501//501 499//499
f 495//495 496//496 499//499 500//500
f 498//498 369//369 497//497 2026//2026
f 497//497 495//495 500//500 502//502
f 497//497 502//502 2029//2029 2026//2026
f 2025//2025 1888//1888 498//498 2026//2026
f 500//500 499//499 501//501 503//503
f 501//501 698//698 699//699 703//703
f 702//702 503//503 501//501 703//703
f 502//502 500//500 503//503 705//705
f 502//502 705//705 706//706 2029//2029
f 704//704 705//705 503//503 702//702
f 504//504 506//506 509//509 507//507
f 507//507 508//508 505//505 504//504
f 512//512 513//513 506//506 380//380
f 517//517 509//509 506//506 513//513
f 510//510 508//508 507//507 715//715
f 508//508 510//510 511//511 482//482
f 519//519 520//520 509//509 517//517
f 715//715 507//507 509//509 520//520
f 713//713 712//712 510//510 715//715
f 712//712 681//681 511//511 510//510
f 514//514 513//513 512//512 515//515
f 514//514 518//518 517//517 513//513
f 518//518 514//514 516//516 526//526
f 525//525 526//526 516//516 523//523
f 521//521 519//519 517//517 518//518
f 522//522 521//521 518//518 526//526
f 520//520 714//714 713//713 715//715
f 721//721 714//714 520//520 519//519
f 721//721 519//519 521//521 723//723
f 722//722 723//723 521//521 522//522
f 525//525 528//528 522//522 526//526
f 527//527 525//525 523//523 524//524
f 529//529 528//528 525//525 527//527
f 530//530 529//529 527//527 536//536
f 527//527 524//524 532//532 536//536
f 528//528 728//728 722//722 522//522
f 729//729 728//728 528//528 529//529
f 730//730 729//729 529//529 530//530
f 535//535 538//538 530//530 536//536
f 537//537 535//535 531//531 533//533
f 535//535 536//536 532//532 531//531
f 533//533 531//531 534//534 409//409
f 537//537 539//539 538//538 535//535
f 540//540 539//539 537//537 2065//2065
f 537//537 533//533 2066//2066 2065//2065
f 538//538 733//733 730//730 530//530
f 539//539 734//734 733//733 538//538
f 735//735 734//734 539//539 540//540
f 2064//2064 2068//2068 540//540 2065//2065
f 544//544 545//545 541//541 542//542
f 549//549 544//544 542//542 550//550
f 555//555 556//556 543//543 548//548
f 3264//3264 407//407 543//543 556//556
f 551//551 546//546 544//544 549//549
f 546//546 547//547 545//545 544//544
f 552//552 548//548 546//546 551//551
f 548//548 543//543 547//547 546//546
f 560//560 555//555 548//548 552//552
f 564//564 568//568 549//549 550//550
f 568//568 569//569 551//551 549//549
f 569//569 570//570 552//552 551//551
f 554//554 410//410 553//553 558//558
f 553//553 3264//3264 556//556 558//558
f 2091//2091 2088//2088 554//554 559//559
f 561//561 557//557 555//555 560//560
f 557//557 558//558 556//556 555//555
f 562//562 559//559 557//557 561//561
f 559//559 554//554 558//558 557//557
f 570//570 577//577 560//560 552//552
f 577//577 578//578 561//561 560//560
f 578//578 579//579 562//562 561//561
f 562//562 2104//2104 2091//2091 559//559
f 565//565 564//564 563//563 566//566
f 565//565 571//571 568//568 564//564
f 567//567 565//565 566//566 587//587
f 567//567 574//574 571//571 565//565
f 567//567 587//587 591//591 593//593
f 571//571 572//572 569//569 568//568
f 572//572 573//573 570//570 569//569
f 574//574 575//575 572//572 571//571
f 575//575 576//576 573//573 572//572
f 573//573 580//580 577//577 570//570
f 593//593 594//594 574//574 567//567
f 594//594 595//595 575//575 574//574
f 576//576 583//583 580//580 573//573
f 595//595 596//596 576//576 575//575
f 748//748 583//583 576//576 596//596
f 578//578 577//577 580//580 581//581
f 581//581 582//582 579//579 578//578
f 579//579 2107//2107 2104//2104 562//562
f 583//583 584//584 581//581 580//580
f 584//584 585//585 582//582 581//581
f 582//582 2110//2110 2107//2107 579//579
f 749//749 584//584 583//583 748//748
f 750//750 585//585 584//584 749//749
f 585//585 2113//2113 2110//2110 582//582
f 2287//2287 2113//2113 585//585 750//750
f 590//590 591//591 587//587 586//586
f 588//588 440//440 599//599 600//600
f 600//600 601//601 589//589 588//588
f 592//592 591//591 590//590 589//589
f 593//593 591//591 592//592 740//740
f 592//592 589//589 601//601 605//605
f 741//741 740//740 592//592 605//605
f 742//742 594//594 593//593 740//740
f 743//743 595//595 594//594 742//742
f 744//744 596//596 595//595 743//743
f 751//751 748//748 596//596 744//744
f 602//602 603//603 598//598 609//609
f 598//598 597//597 607//607 609//609
f 603//603 600//600 599//599 598//598
f 604//604 601//601 600//600 603//603
f 604//604 603//603 602//602 616//616
f 602//602 609//609 614//614 615//615
f 605//605 601//601 604//604 758//758
f 604//604 616//616 757//757 758//758
f 606//606 453//453 608//608 612//612
f 609//609 607//607 606//606 614//614
f 611//611 614//614 606//606 612//612
f 610//610 611//611 612//612 625//625
f 788//788 617//617 610//610 624//624
f 617//617 613//613 611//611 610//610
f 612//612 608//608 618//618 625//625
f 614//614 611//611 613//613 615//615
f 616//616 602//602 615//615 791//791
f 615//615 613//613 787//787 791//791
f 760//760 757//757 616//616 791//791
f 787//787 613//613 617//617 789//789
f 618//618 473//473 619//619 621//621
f 618//618 621//621 623//623 625//625
f 626//626 627//627 619//619 473//473
f 621//621 619//619 620//620 642//642
f 627//627 628//628 620//620 619//619
f 649//649 641//641 620//620 628//628
f 622//622 623//623 621//621 642//642
f 624//624 623//623 622//622 797//797
f 622//622 642//642 645//645 796//796
f 625//625 623//623 624//624 610//610
f 624//624 797//797 798//798 788//788
f 626//626 3265//3265 629//629 627//627
f 629//629 630//630 628//628 627//627
f 650//650 649//649 628//628 630//630
f 631//631 632//632 630//630 629//629
f 651//651 650//650 630//630 632//632
f 3265//3265 477//477 631//631 629//629
f 633//633 638//638 632//632 631//631
f 659//659 651//651 632//632 638//638
f 634//634 635//635 633//633 478//478
f 636//636 637//637 635//635 634//634
f 635//635 639//639 638//638 633//633
f 637//637 640//640 639//639 635//635
f 2018//2018 2163//2163 637//637 636//636
f 660//660 659//659 638//638 639//639
f 661//661 660//660 639//639 640//640
f 2163//2163 2167//2167 640//640 637//637
f 2186//2186 661//661 640//640 2167//2167
f 642//642 620//620 641//641 645//645
f 641//641 653//653 643//643 645//645
f 652//652 653//653 641//641 649//649
f 643//643 653//653 646//646 648//648
f 645//645 643//643 644//644 796//796
f 644//644 643//643 648//648 805//805
f 804//804 796//796 644//644 806//806
f 647//647 648//648 646//646 668//668
f 669//669 668//668 646//646 656//656
f 671//671 672//672 647//647 668//668
f 805//805 648//648 647//647 807//807
f 647//647 672//672 810//810 807//807
f 654//654 652//652 649//649 650//650
f 655//655 654//654 650//650 651//651
f 662//662 655//655 651//651 659//659
f 657//657 656//656 652//652 654//654
f 656//656 646//646 653//653 652//652
f 658//658 657//657 654//654 655//655
f 665//665 658//658 655//655 662//662
f 670//670 669//669 656//656 657//657
f 675//675 670//670 657//657 658//658
f 676//676 675//675 658//658 665//665
f 663//663 662//662 659//659 660//660
f 664//664 663//663 660//660 661//661
f 2189//2189 664//664 661//661 2186//2186
f 666//666 665//665 662//662 663//663
f 667//667 666//666 663//663 664//664
f 2192//2192 667//667 664//664 2189//2189
f 677//677 676//676 665//665 666//666
f 2211//2211 677//677 666//666 667//667
f 2212//2212 2211//2211 667//667 2192//2192
f 673//673 671//671 668//668 669//669
f 674//674 673//673 669//669 670//670
f 678//678 674//674 670//670 675//675
f 822//822 821//821 671//671 673//673
f 672//672 811//811 812//812 810//810
f 821//821 811//811 672//672 671//671
f 823//823 822//822 673//673 674//674
f 830//830 823//823 674//674 678//678
f 679//679 678//678 675//675 676//676
f 680//680 679//679 676//676 677//677
f 2214//2214 680//680 677//677 2211//2211
f 831//831 830//830 678//678 679//679
f 832//832 831//831 679//679 680//680
f 2363//2363 832//832 680//680 2214//2214
f 681//681 488//488 682//682 511//511
f 681//681 686//686 685//685 488//488
f 687//687 686//686 681//681 712//712
f 700//700 696//696 683//683 688//688
f 688//688 683//683 684//684 689//689
f 690//690 689//689 684//684 685//685
f 690//690 685//685 686//686 692//692
f 691//691 692//692 686//686 687//687
f 693//693 688//688 689//689 694//694
f 690//690 695//695 694//694 689//689
f 691//691 687//687 716//716 918//918
f 915//915 692//692 691//691 922//922
f 691//691 918//918 919//919 922//922
f 692//692 915//915 695//695 690//690
f 700//700 688//688 693//693 3273//3273
f 693//693 3326//3326 906//906 3273//3273
f 3326//3326 900//900 897//897 906//906
f 694//694 695//695 904//904 902//902
f 695//695 915//915 916//916 904//904
f 698//698 697//697 696//696 699//699
f 696//696 700//700 701//701 699//699
f 699//699 701//701 707//707 703//703
f 700//700 3273//3273 3268//3268 701//701
f 701//701 3268//3268 709//709 707//707
f 702//702 703//703 707//707 708//708
f 706//706 705//705 704//704 2224//2224
f 704//704 702//702 708//708 710//710
f 704//704 710//710 2228//2228 2224//2224
f 2030//2030 2029//2029 706//706 2032//2032
f 2223//2223 2032//2032 706//706 2224//2224
f 708//708 707//707 709//709 3272//3272
f 711//711 710//710 708//708 3272//3272
f 908//908 907//907 709//709 3268//3268
f 709//709 907//907 910//910 3272//3272
f 710//710 711//711 2230//2230 2228//2228
f 910//910 913//913 711//711 3272//3272
f 716//716 687//687 712//712 713//713
f 714//714 717//717 716//716 713//713
f 718//718 717//717 714//714 721//721
f 716//716 717//717 720//720 918//918
f 719//719 720//720 717//717 718//718
f 718//718 721//721 723//723 725//725
f 726//726 719//719 718//718 725//725
f 920//920 720//720 719//719 924//924
f 927//927 924//924 719//719 726//726
f 720//720 920//920 919//919 918//918
f 731//731 724//724 722//722 728//728
f 724//724 725//725 723//723 722//722
f 732//732 727//727 724//724 731//731
f 727//727 726//726 725//725 724//724
f 726//726 727//727 926//926 927//927
f 731//731 728//728 729//729 3274//3274
f 736//736 737//737 730//730 733//733
f 3274//3274 729//729 730//730 737//737
f 926//926 727//727 732//732 933//933
f 932//932 933//933 732//732 934//934
f 940//940 934//934 732//732 941//941
f 732//732 731//731 3274//3274 941//941
f 736//736 733//733 734//734 3275//3275
f 2068//2068 2261//2261 735//735 540//540
f 2264//2264 2265//2265 735//735 2261//2261
f 3275//3275 734//734 735//735 2265//2265
f 738//738 739//739 737//737 736//736
f 941//941 3274//3274 737//737 739//739
f 942//942 739//739 738//738 943//943
f 947//947 943//943 738//738 948//948
f 738//738 736//736 3275//3275 948//948
f 940//940 941//941 739//739 942//942
f 745//745 742//742 740//740 741//741
f 758//758 759//759 741//741 605//605
f 763//763 745//745 741//741 759//759
f 745//745 746//746 743//743 742//742
f 746//746 747//747 744//744 743//743
f 754//754 751//751 744//744 747//747
f 767//767 746//746 745//745 763//763
f 747//747 746//746 767//767 770//770
f 752//752 749//749 748//748 751//751
f 753//753 750//750 749//749 752//752
f 2290//2290 2287//2287 750//750 753//753
f 751//751 754//754 755//755 752//752
f 755//755 756//756 753//753 752//752
f 2293//2293 2290//2290 753//753 756//756
f 754//754 747//747 770//770 777//777
f 775//775 755//755 754//754 777//777
f 776//776 756//756 755//755 775//775
f 759//759 758//758 757//757 761//761
f 762//762 763//763 759//759 761//761
f 761//761 757//757 760//760 764//764
f 793//793 764//764 760//760 790//790
f 764//764 765//765 762//762 761//761
f 771//771 768//768 762//762 765//765
f 768//768 767//767 763//763 762//762
f 766//766 765//765 764//764 3322//3322
f 766//766 774//774 771//771 765//765
f 769//769 770//770 767//767 768//768
f 772//772 769//769 768//768 771//771
f 781//781 780//780 769//769 772//772
f 770//770 769//769 780//780 777//777
f 773//773 772//772 771//771 774//774
f 784//784 781//781 772//772 773//773
f 773//773 774//774 1009//1009 1014//1014
f 773//773 1014//1014 1015//1015 784//784
f 774//774 766//766 1010//1010 1009//1009
f 779//779 776//776 775//775 778//778
f 2293//2293 756//756 776//776 2309//2309
f 2308//2308 2309//2309 776//776 779//779
f 778//778 775//775 777//777 780//780
f 783//783 779//779 778//778 782//782
f 2313//2313 2308//2308 779//779 783//783
f 782//782 778//778 780//780 781//781
f 785//785 782//782 781//781 784//784
f 786//786 783//783 782//782 785//785
f 2316//2316 2313//2313 783//783 786//786
f 784//784 1015//1015 1016//1016 785//785
f 786//786 785//785 1016//1016 2593//2593
f 789//789 617//617 788//788 794//794
f 788//788 798//798 799//799 794//794
f 790//790 787//787 789//789 792//792
f 791//791 787//787 790//790 760//760
f 793//793 790//790 792//792 1017//1017
f 794//794 795//795 792//792 789//789
f 3322//3322 1005//1005 1001//1001 1008//1008
f 3322//3322 1008//1008 1010//1010 766//766
f 1136//1136 1005//1005 3322//3322 1139//1139
f 1144//1144 1139//1139 793//793 1017//1017
f 794//794 799//799 1023//1023 795//795
f 1017//1017 792//792 795//795 1018//1018
f 797//797 622//622 796//796 804//804
f 798//798 797//797 804//804 800//800
f 799//799 798//798 800//800 802//802
f 1022//1022 1023//1023 799//799 802//802
f 801//801 802//802 800//800 803//803
f 801//801 803//803 809//809 1028//1028
f 802//802 801//801 1024//1024 1022//1022
f 804//804 806//806 803//803 800//800
f 806//806 644//644 805//805 808//808
f 809//809 803//803 806//806 808//808
f 808//808 805//805 807//807 814//814
f 813//813 814//814 807//807 810//810
f 809//809 808//808 814//814 1029//1029
f 1027//1027 1028//1028 809//809 1029//1029
f 824//824 815//815 811//811 821//821
f 813//813 810//810 812//812 817//817
f 812//812 811//811 815//815 818//818
f 816//816 817//817 812//812 818//818
f 814//814 813//813 819//819 1029//1029
f 819//819 813//813 817//817 1039//1039
f 817//817 816//816 1037//1037 1039//1039
f 818//818 815//815 820//820 840//840
f 839//839 816//816 818//818 840//840
f 819//819 1030//1030 1027//1027 1029//1029
f 1038//1038 1030//1030 819//819 1039//1039
f 824//824 827//827 820//820 815//815
f 839//839 840//840 820//820 841//841
f 842//842 841//841 820//820 827//827
f 825//825 824//824 821//821 822//822
f 826//826 825//825 822//822 823//823
f 833//833 826//826 823//823 830//830
f 825//825 828//828 827//827 824//824
f 829//829 828//828 825//825 826//826
f 843//843 842//842 827//827 828//828
f 844//844 843//843 828//828 829//829
f 833//833 836//836 829//829 826//826
f 845//845 844//844 829//829 836//836
f 834//834 833//833 830//830 831//831
f 835//835 834//834 831//831 832//832
f 2366//2366 835//835 832//832 2363//2363
f 834//834 837//837 836//836 833//833
f 838//838 837//837 834//834 835//835
f 2369//2369 838//838 835//835 2366//2366
f 846//846 845//845 836//836 837//837
f 847//847 846//846 837//837 838//838
f 2392//2392 847//847 838//838 2369//2369
f 1037//1037 816//816 839//839 1045//1045
f 841//841 1044//1044 1045//1045 839//839
f 842//842 1048//1048 1044//1044 841//841
f 843//843 1049//1049 1048//1048 842//842
f 844//844 1050//1050 1049//1049 843//843
f 845//845 1056//1056 1050//1050 844//844
f 846//846 1057//1057 1056//1056 845//845
f 847//847 1058//1058 1057//1057 846//846
f 848//848 849//849 850//850 853//853
f 852//852 859//859 848//848 853//853
f 858//858 856//856 848//848 859//859
f 856//856 857//857 849//849 848//848
f 850//850 849//849 851//851 879//879
f 855//855 854//854 850//850 879//879
f 857//857 876//876 851//851 849//849
f 878//878 879//879 851//851 877//877
f 853//853 850//850 854//854 3//3
f 1065//1065 1064//1064 854//854 855//855
f 873//873 876//876 857//857 856//856
f 873//873 856//856 858//858 886//886
f 860//860 858//858 859//859 861//861
f 862//862 861//861 859//859 852//852
f 886//886 858//858 860//860 887//887
f 863//863 865//865 861//861 862//862
f 864//864 860//860 861//861 865//865
f 866//866 865//865 863//863 869//869
f 864//864 865//865 866//866 867//867
f 887//887 860//860 864//864 894//894
f 864//864 867//867 895//895 894//894
f 867//867 866//866 868//868 2400//2400
f 867//867 2400//2400 896//896 895//895
f 868//868 866//866 869//869 870//870
f 2399//2399 2400//2400 868//868 2401//2401
f 871//871 872//872 870//870 18//18
f 2401//2401 868//868 870//870 872//872
f 2403//2403 2401//2401 872//872 2405//2405
f 873//873 874//874 875//875 876//876
f 874//874 885//885 884//884 899//899
f 886//886 885//885 874//874 873//873
f 875//875 898//898 880//880 877//877
f 875//875 874//874 899//899 898//898
f 876//876 875//875 877//877 851//851
f 878//878 877//877 880//880 882//882
f 1066//1066 855//855 879//879 878//878
f 881//881 882//882 880//880 901//901
f 900//900 901//901 880//880 898//898
f 1079//1079 1073//1073 881//881 903//903
f 1066//1066 878//878 882//882 1075//1075
f 882//882 881//881 1073//1073 1075//1075
f 884//884 885//885 883//883 889//889
f 894//894 888//888 883//883 887//887
f 887//887 883//883 885//885 886//886
f 889//889 883//883 888//888 890//890
f 895//895 891//891 888//888 894//894
f 905//905 884//884 889//889 909//909
f 890//890 888//888 891//891 892//892
f 909//909 889//889 890//890 911//911
f 890//890 892//892 912//912 911//911
f 896//896 893//893 891//891 895//895
f 892//892 891//891 893//893 2433//2433
f 892//892 2433//2433 914//914 912//912
f 2428//2428 2427//2427 893//893 896//896
f 2432//2432 2433//2433 893//893 2427//2427
f 896//896 2400//2400 2399//2399 2428//2428
f 898//898 899//899 897//897 900//900
f 899//899 884//884 905//905 897//897
f 902//902 901//901 900//900 3326//3326
f 903//903 881//881 901//901 902//902
f 903//903 902//902 904//904 1087//1087
f 1086//1086 1079//1079 903//903 1087//1087
f 906//906 897//897 905//905 908//908
f 907//907 908//908 905//905 909//909
f 906//906 908//908 3268//3268 3273//3273
f 910//910 907//907 909//909 911//911
f 910//910 911//911 912//912 913//913
f 913//913 912//912 914//914 2459//2459
f 913//913 2459//2459 2230//2230 711//711
f 914//914 2433//2433 2432//2432 2457//2457
f 2458//2458 2459//2459 914//914 2457//2457
f 917//917 916//916 915//915 922//922
f 1087//1087 904//904 916//916 1085//1085
f 917//917 1084//1084 1085//1085 916//916
f 1091//1091 1084//1084 917//917 921//921
f 923//923 921//921 919//919 920//920
f 921//921 917//917 922//922 919//919
f 924//924 925//925 923//923 920//920
f 1091//1091 921//921 923//923 1092//1092
f 928//928 925//925 924//924 927//927
f 1092//1092 923//923 925//925 1098//1098
f 1097//1097 1098//1098 925//925 928//928
f 928//928 927//927 926//926 1100//1100
f 1099//1099 1097//1097 928//928 1100//1100
f 929//929 930//930 931//931 955//955
f 957//957 956//956 929//929 954//954
f 932//932 934//934 930//930 937//937
f 930//930 929//929 956//956 937//937
f 934//934 940//940 931//931 930//930
f 931//931 944//944 946//946 955//955
f 932//932 935//935 936//936 933//933
f 1100//1100 926//926 933//933 936//936
f 937//937 938//938 935//935 932//932
f 1099//1099 1100//1100 936//936 1101//1101
f 1108//1108 1101//1101 936//936 935//935
f 939//939 938//938 937//937 956//956
f 1108//1108 935//935 938//938 1110//1110
f 957//957 960//960 939//939 956//956
f 1110//1110 938//938 939//939 1118//1118
f 940//940 942//942 944//944 931//931
f 944//944 942//942 943//943 945//945
f 946//946 944//944 945//945 953//953
f 945//945 943//943 947//947 952//952
f 961//961 955//955 946//946 963//963
f 962//962 963//963 946//946 953//953
f 947//947 948//948 949//949 950//950
f 947//947 950//950 3305//3305 952//952
f 948//948 3275//3275 2265//2265 949//949
f 950//950 949//949 951//951 2505//2505
f 950//950 2505//2505 2508//2508 3305//3305
f 951//951 949//949 2265//2265 2264//2264
f 2504//2504 2505//2505 951//951 2267//2267
f 953//953 945//945 952//952 968//968
f 952//952 3305//3305 969//969 968//968
f 967//967 962//962 953//953 968//968
f 954//954 929//929 955//955 961//961
f 954//954 961//961 3279//3279 958//958
f 958//958 959//959 957//957 954//954
f 1116//1116 960//960 957//957 959//959
f 958//958 3279//3279 978//978 977//977
f 977//977 979//979 959//959 958//958
f 960//960 1117//1117 1118//1118 939//939
f 1119//1119 1117//1117 960//960 1116//1116
f 961//961 963//963 965//965 3279//3279
f 972//972 964//964 962//962 967//967
f 964//964 965//965 963//963 962//962
f 966//966 965//965 964//964 975//975
f 982//982 978//978 966//966 984//984
f 983//983 984//984 966//966 975//975
f 3279//3279 965//965 966//966 978//978
f 967//967 968//968 969//969 970//970
f 970//970 969//969 971//971 974//974
f 972//972 967//967 970//970 973//973
f 971//971 2508//2508 2509//2509 2511//2511
f 2532//2532 974//974 971//971 2511//2511
f 3305//3305 2508//2508 971//971 969//969
f 975//975 964//964 972//972 990//990
f 972//972 973//973 3303//3303 990//990
f 973//973 970//970 974//974 2537//2537
f 973//973 2537//2537 2540//2540 3303//3303
f 2536//2536 2537//2537 974//974 2532//2532
f 989//989 983//983 975//975 990//990
f 976//976 977//977 978//978 982//982
f 981//981 980//980 976//976 1004//1004
f 980//980 979//979 977//977 976//976
f 1116//1116 959//959 979//979 1126//1126
f 1125//1125 1126//1126 979//979 980//980
f 1127//1127 1125//1125 980//980 981//981
f 999//999 1003//1003 981//981 1004//1004
f 982//982 985//985 1004//1004 976//976
f 991//991 986//986 983//983 989//989
f 985//985 982//982 984//984 987//987
f 986//986 987//987 984//984 983//983
f 985//985 987//987 988//988 1000//1000
f 988//988 987//987 986//986 995//995
f 990//990 3303//3303 992//992 989//989
f 991//991 989//989 992//992 993//993
f 995//995 986//986 991//991 1012//1012
f 991//991 993//993 996//996 1012//1012
f 993//993 992//992 994//994 997//997
f 994//994 2540//2540 2541//2541 2561//2561
f 2562//2562 997//997 994//994 2561//2561
f 3303//3303 2540//2540 994//994 992//992
f 1007//1007 988//988 995//995 1011//1011
f 996//996 993//993 997//997 2567//2567
f 996//996 2567//2567 2590//2590 3309//3309
f 2566//2566 2567//2567 997//997 2562//2562
f 998//998 999//999 1000//1000 1002//1002
f 1003//1003 999//999 998//998 1006//1006
f 1005//1005 1006//1006 998//998 1001//1001
f 1004//1004 985//985 1000//1000 999//999
f 1000//1000 988//988 1007//1007 1002//1002
f 1001//1001 998//998 1002//1002 1008//1008
f 1127//1127 981//981 1003//1003 1135//1135
f 1134//1134 1135//1135 1003//1003 1006//1006
f 1005//1005 1136//1136 1134//1134 1006//1006
f 1008//1008 1002//1002 1007//1007 1010//1010
f 1009//1009 1010//1010 1007//1007 1011//1011
f 1009//1009 1011//1011 1013//1013 1014//1014
f 1011//1011 995//995 1012//1012 1013//1013
f 1012//1012 996//996 3309//3309 1013//1013
f 1013//1013 3309//3309 1015//1015 1014//1014
f 1016//1016 2590//2590 2591//2591 2593//2593
f 3309//3309 2590//2590 1016//1016 1015//1015
f 1017//1017 1018//1018 1019//1019 1144//1144
f 1020//1020 1019//1019 1018//1018 1021//1021
f 1023//1023 1021//1021 1018//1018 795//795
f 1019//1019 1146//1146 1145//1145 1144//1144
f 1020//1020 1147//1147 1146//1146 1019//1019
f 1150//1150 1151//1151 1020//1020 1021//1021
f 1154//1154 1147//1147 1020//1020 1151//1151
f 1021//1021 1023//1023 1022//1022 1150//1150
f 1026//1026 1150//1150 1022//1022 1024//1024
f 1025//1025 1026//1026 1024//1024 1032//1032
f 1024//1024 801//801 1028//1028 1032//1032
f 1031//1031 1033//1033 1025//1025 1032//1032
f 1025//1025 1033//1033 1161//1161 1152//1152
f 1151//1151 1150//1150 1026//1026 1153//1153
f 1152//1152 1153//1153 1026//1026 1025//1025
f 1028//1028 1027//1027 1031//1031 1032//1032
f 1031//1031 1027//1027 1030//1030 1034//1034
f 1030//1030 1038//1038 1035//1035 1034//1034
f 1033//1033 1031//1031 1034//1034 1036//1036
f 1160//1160 1161//1161 1033//1033 1036//1036
f 1036//1036 1034//1034 1035//1035 1167//1167
f 1035//1035 1038//1038 1040//1040 1042//1042
f 1166//1166 1167//1167 1035//1035 1042//1042
f 1162//1162 1160//1160 1036//1036 1167//1167
f 1037//1037 1040//1040 1038//1038 1039//1039
f 1037//1037 1045//1045 1043//1043 1040//1040
f 1041//1041 1042//1042 1040//1040 1043//1043
f 1171//1171 1168//1168 1041//1041 1047//1047
f 1168//1168 1166//1166 1042//1042 1041//1041
f 1044//1044 1046//1046 1043//1043 1045//1045
f 1047//1047 1041//1041 1043//1043 1046//1046
f 1048//1048 1051//1051 1046//1046 1044//1044
f 1051//1051 1052//1052 1047//1047 1046//1046
f 1172//1172 1171//1171 1047//1047 1052//1052
f 1051//1051 1048//1048 1049//1049 1054//1054
f 1054//1054 1049//1049 1050//1050 1060//1060
f 1059//1059 1060//1060 1050//1050 1056//1056
f 1053//1053 1052//1052 1051//1051 1054//1054
f 1172//1172 1052//1052 1053//1053 1175//1175
f 1055//1055 1053//1053 1054//1054 1060//1060
f 1059//1059 1062//1062 1055//1055 1060//1060
f 1175//1175 1053//1053 1055//1055 1177//1177
f 1179//1179 1177//1177 1055//1055 1062//1062
f 1061//1061 1059//1059 1056//1056 1057//1057
f 1061//1061 1057//1057 1058//1058 2649//2649
f 2392//2392 2646//2646 1058//1058 847//847
f 1061//1061 1063//1063 1062//1062 1059//1059
f 1179//1179 1062//1062 1063//1063 1181//1181
f 2649//2649 2651//2651 1063//1063 1061//1061
f 1066//1066 1067//1067 1065//1065 855//855
f 1068//1068 1064//1064 1065//1065 1070//1070
f 1076//1076 1070//1070 1065//1065 1067//1067
f 1074//1074 1067//1067 1066//1066 1075//1075
f 1068//1068 1070//1070 1071//1071 1069//1069
f 1072//1072 1071//1071 1070//1070 1076//1076
f 1183//1183 1069//1069 1071//1071 1184//1184
f 1184//1184 1071//1071 1072//1072 1185//1185
f 1074//1074 1075//1075 1073//1073 1077//1077
f 1076//1076 1067//1067 1074//1074 1078//1078
f 1076//1076 1078//1078 1186//1186 1072//1072
f 1078//1078 1074//1074 1077//1077 1203//1203
f 1079//1079 1080//1080 1077//1077 1073//1073
f 1201//1201 1186//1186 1078//1078 1203//1203
f 1083//1083 1080//1080 1079//1079 1086//1086
f 1081//1081 1082//1082 1080//1080 1083//1083
f 1203//1203 1077//1077 1080//1080 1082//1082
f 1082//1082 1081//1081 1209//1209 1202//1202
f 1083//1083 1088//1088 1210//1210 1081//1081
f 1089//1089 1085//1085 1084//1084 3320//3320
f 1086//1086 1087//1087 1085//1085 1089//1089
f 1088//1088 1083//1083 1086//1086 1089//1089
f 1090//1090 1088//1088 1089//1089 3320//3320
f 1090//1090 1214//1214 1210//1210 1088//1088
f 1215//1215 1214//1214 1090//1090 1221//1221
f 3320//3320 1084//1084 1091//1091 1094//1094
f 1092//1092 1093//1093 1094//1094 1091//1091
f 1095//1095 1093//1093 1092//1092 1098//1098
f 1093//1093 1095//1095 1096//1096 1220//1220
f 1221//1221 1094//1094 1093//1093 1220//1220
f 1095//1095 1098//1098 1097//1097 1106//1106
f 1104//1104 1096//1096 1095//1095 1106//1106
f 1223//1223 1220//1220 1096//1096 1228//1228
f 1227//1227 1228//1228 1096//1096 1104//1104
f 1106//1106 1097//1097 1099//1099 1103//1103
f 1101//1101 1102//1102 1103//1103 1099//1099
f 1109//1109 1102//1102 1101//1101 1108//1108
f 1107//1107 1105//1105 1103//1103 1102//1102
f 1105//1105 1104//1104 1106//1106 1103//1103
f 1105//1105 1229//1229 1227//1227 1104//1104
f 1107//1107 1102//1102 1109//1109 1114//1114
f 1229//1229 1105//1105 1107//1107 1237//1237
f 1109//1109 1108//1108 1110//1110 1112//1112
f 1113//1113 1114//1114 1109//1109 1112//1112
f 1111//1111 1112//1112 1110//1110 1118//1118
f 1111//1111 1115//1115 1113//1113 1112//1112
f 1124//1124 1115//1115 1111//1111 1121//1121
f 1234//1234 1235//1235 1114//1114 1113//1113
f 1237//1237 1107//1107 1114//1114 1235//1235
f 1115//1115 1236//1236 1234//1234 1113//1113
f 1243//1243 1236//1236 1115//1115 1124//1124
f 1120//1120 1119//1119 1116//1116 1126//1126
f 1121//1121 1111//1111 1118//1118 1117//1117
f 1121//1121 1117//1117 1119//1119 1123//1123
f 1122//1122 1123//1123 1119//1119 1120//1120
f 1125//1125 1128//1128 1120//1120 1126//1126
f 1128//1128 1129//1129 1122//1122 1120//1120
f 1124//1124 1121//1121 1123//1123 1242//1242
f 1241//1241 1242//1242 1123//1123 1122//1122
f 1128//1128 1125//1125 1127//1127 1133//1133
f 1130//1130 1129//1129 1128//1128 1133//1133
f 1241//1241 1122//1122 1129//1129 1252//1252
f 1131//1131 1132//1132 1130//1130 1133//1133
f 1252//1252 1129//1129 1130//1130 1249//1249
f 1140//1140 1132//1132 1131//1131 1137//1137
f 1132//1132 1248//1248 1249//1249 1130//1130
f 1258//1258 1248//1248 1132//1132 1140//1140
f 1133//1133 1127//1127 1135//1135 1131//1131
f 1138//1138 1137//1137 1134//1134 1136//1136
f 1137//1137 1131//1131 1135//1135 1134//1134
f 1138//1138 1136//1136 1139//1139 1141//1141
f 1140//1140 1137//1137 1138//1138 1143//1143
f 1145//1145 1141//1141 1139//1139 1144//1144
f 1141//1141 1142//1142 1143//1143 1138//1138
f 1142//1142 1141//1141 1145//1145 1267//1267
f 1142//1142 1259//1259 1260//1260 1143//1143
f 1266//1266 1259//1259 1142//1142 1267//1267
f 1258//1258 1140//1140 1143//1143 1260//1260
f 1148//1148 1149//1149 1146//1146 1147//1147
f 1267//1267 1145//1145 1146//1146 1149//1149
f 1148//1148 1147//1147 1154//1154 1281//1281
f 1270//1270 1268//1268 1148//1148 1281//1281
f 1266//1266 1267//1267 1149//1149 1269//1269
f 1268//1268 1269//1269 1149//1149 1148//1148
f 1151//1151 1153//1153 1156//1156 1154//1154
f 1155//1155 1156//1156 1153//1153 1152//1152
f 1155//1155 1157//1157 1158//1158 1156//1156
f 1159//1159 1157//1157 1155//1155 1164//1164
f 1155//1155 1152//1152 1161//1161 1164//1164
f 1281//1281 1154//1154 1156//1156 1158//1158
f 1280//1280 1158//1158 1157//1157 1283//1283
f 1282//1282 1283//1283 1157//1157 1159//1159
f 1159//1159 1164//1164 1163//1163 1288//1288
f 1165//1165 1163//1163 1160//1160 1162//1162
f 1163//1163 1164//1164 1161//1161 1160//1160
f 1287//1287 1288//1288 1163//1163 1165//1165
f 1165//1165 1162//1162 1169//1169 1298//1298
f 1289//1289 1287//1287 1165//1165 1298//1298
f 1169//1169 1162//1162 1167//1167 1166//1166
f 1169//1169 1166//1166 1168//1168 1170//1170
f 1169//1169 1170//1170 1301//1301 1298//1298
f 1170//1170 1168//1168 1171//1171 1174//1174
f 1170//1170 1174//1174 1299//1299 1301//1301
f 1171//1171 1172//1172 1173//1173 1174//1174
f 1172//1172 1175//1175 1176//1176 1173//1173
f 1174//1174 1173//1173 1305//1305 1299//1299
f 1175//1175 1177//1177 1178//1178 1176//1176
f 1176//1176 1307//1307 1305//1305 1173//1173
f 1178//1178 1177//1177 1179//1179 1180//1180
f 1178//1178 1323//1323 1307//1307 1176//1176
f 1179//1179 1181//1181 1182//1182 1180//1180
f 1180//1180 1324//1324 1323//1323 1178//1178
f 1181//1181 1063//1063 2651//2651 2791//2791
f 1181//1181 2791//2791 2793//2793 1182//1182
f 1182//1182 1325//1325 1324//1324 1180//1180
f 1186//1186 1187//1187 1185//1185 1072//1072
f 1187//1187 1189//1189 1188//1188 1185//1185
f 1187//1187 1186//1186 1201//1201 1205//1205
f 1188//1188 1191//1191 1192//1192 28//28
f 1189//1189 1190//1190 1191//1191 1188//1188
f 1189//1189 1187//1187 1205//1205 1207//1207
f 1190//1190 1189//1189 1207//1207 1347//1347
f 1191//1191 1193//1193 1194//1194 1192//1192
f 1340//1340 1193//1193 1191//1191 1190//1190
f 1341//1341 1195//1195 1193//1193 1340//1340
f 1342//1342 1196//1196 1195//1195 1341//1341
f 1196//1196 1197//1197 1198//1198 35//35
f 1343//1343 1197//1197 1196//1196 1342//1342
f 1197//1197 1199//1199 1200//1200 1198//1198
f 1344//1344 1199//1199 1197//1197 1343//1343
f 2962//2962 2805//2805 1199//1199 1344//1344
f 1204//1204 1205//1205 1201//1201 1202//1202
f 1202//1202 1201//1201 1203//1203 1082//1082
f 1208//1208 1206//1206 1204//1204 1213//1213
f 1204//1204 1202//1202 1209//1209 1213//1213
f 1206//1206 1207//1207 1205//1205 1204//1204
f 1207//1207 1206//1206 1345//1345 1347//1347
f 1208//1208 1346//1346 1345//1345 1206//1206
f 1210//1210 1211//1211 1209//1209 1081//1081
f 1212//1212 1213//1213 1209//1209 1211//1211
f 1216//1216 1211//1211 1210//1210 1214//1214
f 1218//1218 1212//1212 1211//1211 1216//1216
f 1212//1212 1218//1218 1379//1379 1363//1363
f 1363//1363 1208//1208 1213//1213 1212//1212
f 1217//1217 1216//1216 1214//1214 1215//1215
f 1215//1215 1221//1221 1220//1220 1223//1223
f 1222//1222 1217//1217 1215//1215 1223//1223
f 1219//1219 1218//1218 1216//1216 1217//1217
f 1219//1219 1217//1217 1222//1222 1225//1225
f 1219//1219 1378//1378 1379//1379 1218//1218
f 1380//1380 1378//1378 1219//1219 1225//1225
f 3320//3320 1094//1094 1221//1221 1090//1090
f 1224//1224 1222//1222 1223//1223 1228//1228
f 1225//1225 1222//1222 1224//1224 1226//1226
f 1224//1224 1228//1228 1227//1227 1231//1231
f 1225//1225 1226//1226 1395//1395 1380//1380
f 1231//1231 1233//1233 1226//1226 1224//1224
f 1226//1226 1233//1233 1404//1404 1395//1395
f 1230//1230 1231//1231 1227//1227 1229//1229
f 1232//1232 1230//1230 1229//1229 1237//1237
f 1231//1231 1230//1230 1400//1400 1233//1233
f 1400//1400 1230//1230 1232//1232 1240//1240
f 1233//1233 1400//1400 1401//1401 1404//1404
f 1239//1239 1238//1238 1235//1235 1234//1234
f 1239//1239 1234//1234 1236//1236 1440//1440
f 1238//1238 1232//1232 1237//1237 1235//1235
f 1240//1240 1232//1232 1238//1238 1421//1421
f 1422//1422 1421//1421 1238//1238 1239//1239
f 1423//1423 1422//1422 1239//1239 1440//1440
f 1406//1406 1402//1402 3325//3325 1410//1410
f 1409//1409 1410//1410 3325//3325 1411//1411
f 1241//1241 1245//1245 1244//1244 1242//1242
f 1250//1250 1245//1245 1241//1241 1252//1252
f 1242//1242 1244//1244 1243//1243 1124//1124
f 1246//1246 1247//1247 1243//1243 1244//1244
f 1440//1440 1236//1236 1243//1243 1247//1247
f 1246//1246 1244//1244 1245//1245 1255//1255
f 1254//1254 1255//1255 1245//1245 1250//1250
f 1246//1246 1441//1441 1439//1439 1247//1247
f 1442//1442 1441//1441 1246//1246 1255//1255
f 1247//1247 1439//1439 1423//1423 1440//1440
f 1261//1261 1253//1253 1248//1248 1258//1258
f 1253//1253 1251//1251 1249//1249 1248//1248
f 1251//1251 1250//1250 1252//1252 1249//1249
f 1251//1251 1256//1256 1254//1254 1250//1250
f 1257//1257 1256//1256 1251//1251 1253//1253
f 1254//1254 1456//1456 1442//1442 1255//1255
f 1460//1460 1456//1456 1254//1254 1256//1256
f 1257//1257 1253//1253 1261//1261 1265//1265
f 1460//1460 1256//1256 1257//1257 1473//1473
f 1271//1271 1262//1262 1259//1259 1266//1266
f 1261//1261 1258//1258 1260//1260 1263//1263
f 1262//1262 1263//1263 1260//1260 1259//1259
f 1264//1264 1265//1265 1261//1261 1263//1263
f 1264//1264 1263//1263 1262//1262 1276//1276
f 1275//1275 1276//1276 1262//1262 1271//1271
f 1264//1264 1474//1474 1472//1472 1265//1265
f 1475//1475 1474//1474 1264//1264 1276//1276
f 1265//1265 1472//1472 1473//1473 1257//1257
f 1272//1272 1271//1271 1266//1266 1269//1269
f 1268//1268 1273//1273 1272//1272 1269//1269
f 1270//1270 1274//1274 1273//1273 1268//1268
f 1272//1272 1277//1277 1275//1275 1271//1271
f 1278//1278 1277//1277 1272//1272 1273//1273
f 1274//1274 1279//1279 1278//1278 1273//1273
f 1274//1274 1270//1270 1280//1280 1513//1513
f 1286//1286 1279//1279 1274//1274 1513//1513
f 1275//1275 1490//1490 1475//1475 1276//1276
f 1277//1277 1491//1491 1490//1490 1275//1275
f 1492//1492 1491//1491 1277//1277 1278//1278
f 1493//1493 1492//1492 1278//1278 1279//1279
f 1515//1515 1493//1493 1279//1279 1286//1286
f 1280//1280 1270//1270 1281//1281 1158//1158
f 1288//1288 1290//1290 1282//1282 1159//1159
f 1292//1292 1284//1284 1282//1282 1290//1290
f 1284//1284 1285//1285 1283//1283 1282//1282
f 1513//1513 1280//1280 1283//1283 1285//1285
f 1284//1284 1292//1292 1295//1295 1514//1514
f 1514//1514 1512//1512 1285//1285 1284//1284
f 1287//1287 1291//1291 1290//1290 1288//1288
f 1291//1291 1287//1287 1289//1289 1304//1304
f 1292//1292 1290//1290 1291//1291 1294//1294
f 1293//1293 1294//1294 1291//1291 1304//1304
f 1296//1296 1295//1295 1292//1292 1294//1294
f 1306//1306 1297//1297 1293//1293 1314//1314
f 1297//1297 1296//1296 1294//1294 1293//1293
f 1295//1295 1535//1535 1517//1517 1514//1514
f 1535//1535 1295//1295 1296//1296 1540//1540
f 1319//1319 1320//1320 1297//1297 1306//1306
f 1297//1297 1320//1320 1540//1540 1296//1296
f 1298//1298 1301//1301 1302//1302 1289//1289
f 1301//1301 1299//1299 1300//1300 1302//1302
f 1303//1303 1302//1302 1300//1300 1311//1311
f 1300//1300 1299//1299 1305//1305 1308//1308
f 1302//1302 1303//1303 1304//1304 1289//1289
f 1314//1314 1293//1293 1304//1304 1303//1303
f 1307//1307 1309//1309 1308//1308 1305//1305
f 1308//1308 1310//1310 1311//1311 1300//1300
f 1309//1309 1312//1312 1310//1310 1308//1308
f 1323//1323 1326//1326 1309//1309 1307//1307
f 1310//1310 1315//1315 1313//1313 1311//1311
f 1311//1311 1313//1313 1314//1314 1303//1303
f 1312//1312 1316//1316 1315//1315 1310//1310
f 1326//1326 1329//1329 1312//1312 1309//1309
f 1313//1313 1315//1315 1317//1317 1319//1319
f 1319//1319 1306//1306 1314//1314 1313//1313
f 1316//1316 1318//1318 1317//1317 1315//1315
f 1329//1329 1332//1332 1316//1316 1312//1312
f 1317//1317 1321//1321 1320//1320 1319//1319
f 1318//1318 1322//1322 1321//1321 1317//1317
f 1332//1332 1335//1335 1318//1318 1316//1316
f 1544//1544 1322//1322 1318//1318 1335//1335
f 1320//1320 1321//1321 1536//1536 1540//1540
f 1321//1321 1322//1322 1538//1538 1536//1536
f 1322//1322 1544//1544 1545//1545 1538//1538
f 1324//1324 1327//1327 1326//1326 1323//1323
f 1325//1325 1328//1328 1327//1327 1324//1324
f 2793//2793 2920//2920 1325//1325 1182//1182
f 1327//1327 1330//1330 1329//1329 1326//1326
f 1328//1328 1331//1331 1330//1330 1327//1327
f 2920//2920 2923//2923 1328//1328 1325//1325
f 1330//1330 1333//1333 1332//1332 1329//1329
f 1331//1331 1334//1334 1333//1333 1330//1330
f 2923//2923 2926//2926 1331//1331 1328//1328
f 1333//1333 1336//1336 1335//1335 1332//1332
f 1334//1334 1337//1337 1336//1336 1333//1333
f 2926//2926 2931//2931 1334//1334 1331//1331
f 1338//1338 1544//1544 1335//1335 1336//1336
f 1337//1337 1339//1339 1338//1338 1336//1336
f 2931//2931 2932//2932 1337//1337 1334//1334
f 3176//3176 1339//1339 1337//1337 2932//2932
f 1338//1338 1339//1339 1542//1542 1546//1546
f 1339//1339 3176//3176 3177//3177 1542//1542
f 1347//1347 1348//1348 1340//1340 1190//1190
f 1348//1348 1349//1349 1341//1341 1340//1340
f 1342//1342 1341//1341 1349//1349 1356//1356
f 1354//1354 1344//1344 1343//1343 1358//1358
f 1343//1343 1342//1342 1356//1356 1358//1358
f 2968//2968 2962//2962 1344//1344 1354//1354
f 1346//1346 1352//1352 1350//1350 1345//1345
f 1346//1346 1208//1208 1363//1363 1366//1366
f 1364//1364 1352//1352 1346//1346 1366//1366
f 1350//1350 1348//1348 1347//1347 1345//1345
f 1351//1351 1349//1349 1348//1348 1350//1350
f 1355//1355 1356//1356 1349//1349 1351//1351
f 1352//1352 1353//1353 1351//1351 1350//1350
f 1360//1360 1355//1355 1351//1351 1353//1353
f 1365//1365 1353//1353 1352//1352 1364//1364
f 2969//2969 2968//2968 1354//1354 1359//1359
f 1361//1361 1357//1357 1355//1355 1360//1360
f 1357//1357 1358//1358 1356//1356 1355//1355
f 1359//1359 1354//1354 1358//1358 1357//1357
f 1361//1361 1362//1362 1359//1359 1357//1357
f 1360//1360 1353//1353 1365//1365 3293//3293
f 1372//1372 1362//1362 1361//1361 1373//1373
f 1361//1361 1360//1360 3293//3293 1373//1373
f 1362//1362 2974//2974 2969//2969 1359//1359
f 2989//2989 2974//2974 1362//1362 1372//1372
f 1368//1368 1365//1365 1364//1364 1367//1367
f 1367//1367 1364//1364 1366//1366 1369//1369
f 1366//1366 1363//1363 3324//3324 1369//1369
f 1371//1371 1368//1368 1367//1367 1370//1370
f 3293//3293 1365//1365 1368//1368 3294//3294
f 1370//1370 1367//1367 1369//1369 1384//1384
f 1384//1384 1369//1369 3324//3324 1381//1381
f 1370//1370 1384//1384 1381//1381 1385//1385
f 1371//1371 1370//1370 1385//1385 1389//1389
f 1387//1387 1388//1388 1371//1371 1389//1389
f 3294//3294 1368//1368 1371//1371 1388//1388
f 2990//2990 2989//2989 1372//1372 1374//1374
f 1374//1374 1372//1372 1373//1373 1377//1377
f 1373//1373 3293//3293 3294//3294 1377//1377
f 1375//1375 1376//1376 1374//1374 1377//1377
f 1376//1376 1375//1375 1390//1390 3009//3009
f 1376//1376 2991//2991 2990//2990 1374//1374
f 1377//1377 3294//3294 1388//1388 1375//1375
f 3324//3324 1382//1382 1383//1383 1381//1381
f 1394//1394 1382//1382 1379//1379 1378//1378
f 1380//1380 1393//1393 1394//1394 1378//1378
f 1381//1381 1383//1383 1386//1386 1385//1385
f 1548//1548 1549//1549 1383//1383 1382//1382
f 1385//1385 1386//1386 1391//1391 1389//1389
f 1386//1386 1383//1383 1549//1549 1557//1557
f 1386//1386 1557//1557 1555//1555 1391//1391
f 1387//1387 1389//1389 1391//1391 1392//1392
f 1390//1390 1375//1375 1388//1388 1387//1387
f 1390//1390 1387//1387 1392//1392 1568//1568
f 1390//1390 1568//1568 1569//1569 3009//3009
f 1392//1392 1391//1391 1555//1555 1560//1560
f 1392//1392 1560//1560 1567//1567 1568//1568
f 1395//1395 1396//1396 1393//1393 1380//1380
f 1393//1393 1396//1396 1399//1399 1579//1579
f 1393//1393 1579//1579 1553//1553 1394//1394
f 1548//1548 1382//1382 1394//1394 1553//1553
f 1397//1397 1396//1396 1395//1395 1404//1404
f 1398//1398 1399//1399 1396//1396 1397//1397
f 1401//1401 1403//1403 1397//1397 1404//1404
f 1405//1405 1398//1398 1397//1397 1403//1403
f 1580//1580 1581//1581 1399//1399 1398//1398
f 1400//1400 1240//1240 1402//1402 1401//1401
f 1403//1403 1401//1401 1402//1402 1406//1406
f 1406//1406 1407//1407 1405//1405 1403//1403
f 1580//1580 1398//1398 1405//1405 1598//1598
f 1597//1597 1598//1598 1405//1405 1407//1407
f 1408//1408 1407//1407 1406//1406 1410//1410
f 1408//1408 1410//1410 1409//1409 1603//1603
f 1408//1408 1602//1602 1597//1597 1407//1407
f 1408//1408 1603//1603 1604//1604 1602//1602
f 1412//1412 1409//1409 1411//1411 1415//1415
f 1421//1421 1424//1424 1411//1411 3325//3325
f 1425//1425 1415//1415 1411//1411 1424//1424
f 1413//1413 1414//1414 1412//1412 1415//1415
f 1419//1419 1420//1420 1412//1412 1414//1414
f 1603//1603 1409//1409 1412//1412 1420//1420
f 1416//1416 1414//1414 1413//1413 1417//1417
f 1428//1428 1413//1413 1415//1415 1425//1425
f 1419//1419 1414//1414 1416//1416 1614//1614
f 1418//1418 1416//1416 1417//1417 1431//1431
f 1428//1428 1429//1429 1417//1417 1413//1413
f 1614//1614 1416//1416 1418//1418 1616//1616
f 3038//3038 3039//3039 1418//1418 1431//1431
f 3043//3043 1616//1616 1418//1418 3039//3039
f 1419//1419 1614//1614 1615//1615 1613//1613
f 1420//1420 1419//1419 1613//1613 1605//1605
f 1426//1426 1424//1424 1421//1421 1422//1422
f 1427//1427 1426//1426 1422//1422 1423//1423
f 1425//1425 1424//1424 1426//1426 1436//1436
f 1436//1436 1426//1426 1427//1427 1445//1445
f 1439//1439 1443//1443 1427//1427 1423//1423
f 1444//1444 1445//1445 1427//1427 1443//1443
f 1432//1432 1429//1429 1428//1428 1435//1435
f 1428//1428 1425//1425 1436//1436 1435//1435
f 1429//1429 1430//1430 1431//1431 1417//1417
f 1433//1433 1430//1430 1429//1429 1432//1432
f 3062//3062 3038//3038 1431//1431 1430//1430
f 1434//1434 1437//1437 1432//1432 1435//1435
f 1437//1437 1438//1438 1433//1433 1432//1432
f 3062//3062 1430//1430 1433//1433 3067//3067
f 3066//3066 3067//3067 1433//1433 1438//1438
f 1434//1434 1435//1435 1436//1436 1445//1445
f 1448//1448 1449//1449 1437//1437 1434//1434
f 1449//1449 1450//1450 1438//1438 1437//1437
f 3076//3076 3066//3066 1438//1438 1450//1450
f 1446//1446 1443//1443 1439//1439 1441//1441
f 1447//1447 1446//1446 1441//1441 1442//1442
f 1444//1444 1443//1443 1446//1446 3301//3301
f 1448//1448 1434//1434 1445//1445 1444//1444
f 1456//1456 1457//1457 1447//1447 1442//1442
f 3301//3301 1446//1446 1447//1447 1459//1459
f 1451//1451 1449//1449 1448//1448 1453//1453
f 1448//1448 1444//1444 3301//3301 1453//1453
f 1452//1452 1450//1450 1449//1449 1451//1451
f 1455//1455 1452//1452 1451//1451 1454//1454
f 3076//3076 1450//1450 1452//1452 3307//3307
f 1454//1454 1451//1451 1453//1453 1466//1466
f 1453//1453 3301//3301 1459//1459 1466//1466
f 1454//1454 1466//1466 1465//1465 1467//1467
f 1467//1467 1468//1468 1455//1455 1454//1454
f 3088//3088 3089//3089 1455//1455 1468//1468
f 3307//3307 1452//1452 1455//1455 3089//3089
f 1457//1457 1458//1458 1459//1459 1447//1447
f 1460//1460 1461//1461 1457//1457 1456//1456
f 1461//1461 1462//1462 1458//1458 1457//1457
f 1465//1465 1466//1466 1459//1459 1458//1458
f 1463//1463 1461//1461 1460//1460 1473//1473
f 1464//1464 1462//1462 1461//1461 1463//1463
f 1465//1465 1458//1458 1462//1462 3313//3313
f 1472//1472 1476//1476 1463//1463 1473//1473
f 1476//1476 1477//1477 1464//1464 1463//1463
f 1482//1482 1483//1483 1464//1464 1477//1477
f 3313//3313 1462//1462 1464//1464 1483//1483
f 1469//1469 1468//1468 1467//1467 1470//1470
f 1467//1467 1465//1465 3313//3313 1470//1470
f 3088//3088 1468//1468 1469//1469 3306//3306
f 1471//1471 1469//1469 1470//1470 1485//1485
f 1470//1470 3313//3313 1483//1483 1485//1485
f 1484//1484 1486//1486 1471//1471 1485//1485
f 3306//3306 1469//1469 1471//1471 3105//3105
f 1474//1474 1478//1478 1476//1476 1472//1472
f 1480//1480 1478//1478 1474//1474 1475//1475
f 1478//1478 1479//1479 1477//1477 1476//1476
f 1481//1481 1479//1479 1478//1478 1480//1480
f 1482//1482 1477//1477 1479//1479 3312//3312
f 1490//1490 1494//1494 1480//1480 1475//1475
f 1494//1494 1495//1495 1481//1481 1480//1480
f 1502//1502 1503//1503 1481//1481 1495//1495
f 3312//3312 1479//1479 1481//1481 1503//1503
f 1484//1484 1485//1485 1483//1483 1482//1482
f 1487//1487 1486//1486 1484//1484 1488//1488
f 1484//1484 1482//1482 3312//3312 1488//1488
f 1486//1486 3104//3104 3105//3105 1471//1471
f 3109//3109 3104//3104 1486//1486 1487//1487
f 3111//3111 3109//3109 1487//1487 1489//1489
f 1489//1489 1487//1487 1488//1488 1505//1505
f 1488//1488 3312//3312 1503//1503 1505//1505
f 1504//1504 1506//1506 1489//1489 1505//1505
f 1491//1491 1496//1496 1494//1494 1490//1490
f 1498//1498 1496//1496 1491//1491 1492//1492
f 1500//1500 1498//1498 1492//1492 1493//1493
f 1496//1496 1497//1497 1495//1495 1494//1494
f 1499//1499 1497//1497 1496//1496 1498//1498
f 1502//1502 1495//1495 1497//1497 3280//3280
f 1501//1501 1499//1499 1498//1498 1500//1500
f 1499//1499 1501//1501 1525//1525 3281//3281
f 3280//3280 1497//1497 1499//1499 3281//3281
f 1515//1515 1518//1518 1500//1500 1493//1493
f 1518//1518 1519//1519 1501//1501 1500//1500
f 1524//1524 1525//1525 1501//1501 1519//1519
f 1504//1504 1505//1505 1503//1503 1502//1502
f 1504//1504 1502//1502 3280//3280 1507//1507
f 1507//1507 1508//1508 1506//1506 1504//1504
f 1506//1506 3125//3125 3111//3111 1489//1489
f 1509//1509 1508//1508 1507//1507 1510//1510
f 1508//1508 3129//3129 3125//3125 1506//1506
f 3132//3132 3129//3129 1508//1508 1509//1509
f 3134//3134 3132//3132 1509//1509 1511//1511
f 1511//1511 1509//1509 1510//1510 1527//1527
f 1510//1510 3281//3281 1525//1525 1527//1527
f 3280//3280 3281//3281 1510//1510 1507//1507
f 1526//1526 1528//1528 1511//1511 1527//1527
f 1512//1512 1286//1286 1513//1513 1285//1285
f 1512//1512 1516//1516 1515//1515 1286//1286
f 1517//1517 1516//1516 1512//1512 1514//1514
f 1516//1516 1521//1521 1518//1518 1515//1515
f 1522//1522 1521//1521 1516//1516 1517//1517
f 1537//1537 1522//1522 1517//1517 1535//1535
f 1520//1520 1519//1519 1518//1518 1521//1521
f 1524//1524 1519//1519 1520//1520 1531//1531
f 1530//1530 1531//1531 1520//1520 1523//1523
f 1523//1523 1520//1520 1521//1521 1522//1522
f 1539//1539 1523//1523 1522//1522 1537//1537
f 1547//1547 1530//1530 1523//1523 1539//1539
f 1526//1526 1527//1527 1525//1525 1524//1524
f 1529//1529 1528//1528 1526//1526 1533//1533
f 1526//1526 1524//1524 1531//1531 1533//1533
f 1528//1528 3150//3150 3134//3134 1511//1511
f 3154//3154 3150//3150 1528//1528 1529//1529
f 1532//1532 1534//1534 1529//1529 1533//1533
f 3156//3156 3154//3154 1529//1529 1534//1534
f 1541//1541 1532//1532 1530//1530 1547//1547
f 1532//1532 1533//1533 1531//1531 1530//1530
f 1543//1543 1534//1534 1532//1532 1541//1541
f 3179//3179 3156//3156 1534//1534 1543//1543
f 1536//1536 1537//1537 1535//1535 1540//1540
f 1538//1538 1539//1539 1537//1537 1536//1536
f 1547//1547 1539//1539 1538//1538 1545//1545
f 1542//1542 1543//1543 1541//1541 1546//1546
f 1541//1541 1547//1547 1545//1545 1546//1546
f 3179//3179 1543//1543 1542//1542 3177//3177
f 1544//1544 1338//1338 1546//1546 1545//1545
f 1548//1548 1553//1553 1552//1552 1550//1550
f 1550//1550 1551//1551 1549//1549 1548//1548
f 1558//1558 1557//1557 1549//1549 1551//1551
f 1551//1551 1550//1550 1552//1552 1554//1554
f 1579//1579 1582//1582 1552//1552 1553//1553
f 1554//1554 1561//1561 1558//1558 1551//1551
f 1564//1564 1561//1561 1554//1554 1584//1584
f 1582//1582 1584//1584 1554//1554 1552//1552
f 1559//1559 1560//1560 1555//1555 1556//1556
f 1556//1556 1555//1555 1557//1557 1558//1558
f 1561//1561 1562//1562 1556//1556 1558//1558
f 1562//1562 1563//1563 1559//1559 1556//1556
f 1570//1570 1567//1567 1560//1560 1559//1559
f 1565//1565 1562//1562 1561//1561 1564//1564
f 1566//1566 1563//1563 1562//1562 1565//1565
f 1563//1563 1575//1575 1570//1570 1559//1559
f 1577//1577 1575//1575 1563//1563 1566//1566
f 1586//1586 1587//1587 1565//1565 1564//1564
f 1587//1587 1588//1588 1566//1566 1565//1565
f 1592//1592 1577//1577 1566//1566 1588//1588
f 1569//1569 1568//1568 1567//1567 1572//1572
f 1571//1571 1572//1572 1567//1567 1570//1570
f 1575//1575 1576//1576 1571//1571 1570//1570
f 1573//1573 1574//1574 1572//1572 1571//1571
f 3013//3013 1569//1569 1572//1572 1574//1574
f 1573//1573 1571//1571 1576//1576 1578//1578
f 3199//3199 3195//3195 1573//1573 1578//1578
f 3195//3195 3192//3192 1574//1574 1573//1573
f 1576//1576 1575//1575 1577//1577 1590//1590
f 1590//1590 1591//1591 1578//1578 1576//1576
f 1581//1581 1582//1582 1579//1579 1399//1399
f 1599//1599 1583//1583 1580//1580 1598//1598
f 1581//1581 1580//1580 1583//1583 1585//1585
f 1585//1585 1584//1584 1582//1582 1581//1581
f 1586//1586 1585//1585 1583//1583 1611//1611
f 1601//1601 1611//1611 1583//1583 1599//1599
f 1586//1586 1564//1564 1584//1584 1585//1585
f 1589//1589 1587//1587 1586//1586 1611//1611
f 1588//1588 1587//1587 1589//1589 1612//1612
f 1601//1601 1609//1609 1589//1589 1611//1611
f 1610//1610 1612//1612 1589//1589 1609//1609
f 1592//1592 1593//1593 1590//1590 1577//1577
f 1593//1593 1594//1594 1591//1591 1590//1590
f 1591//1591 3217//3217 3199//3199 1578//1578
f 3220//3220 3217//3217 1591//1591 1594//1594
f 1595//1595 1593//1593 1592//1592 1624//1624
f 1592//1592 1588//1588 1612//1612 1624//1624
f 1596//1596 1594//1594 1593//1593 1595//1595
f 1621//1621 1622//1622 1595//1595 1624//1624
f 1622//1622 1623//1623 1596//1596 1595//1595
f 3220//3220 1594//1594 1596//1596 3245//3245
f 3242//3242 3245//3245 1596//1596 1623//1623
f 1597//1597 1600//1600 1599//1599 1598//1598
f 1601//1601 1599//1599 1600//1600 1606//1606
f 1602//1602 1606//1606 1600//1600 1597//1597
f 1607//1607 1609//1609 1601//1601 1606//1606
f 1603//1603 1420//1420 1605//1605 1604//1604
f 1604//1604 1607//1607 1606//1606 1602//1602
f 1605//1605 1608//1608 1607//1607 1604//1604
f 1608//1608 1610//1610 1609//1609 1607//1607
f 1613//1613 1618//1618 1608//1608 1605//1605
f 1618//1618 1621//1621 1610//1610 1608//1608
f 1621//1621 1624//1624 1612//1612 1610//1610
f 1614//1614 1616//1616 1617//1617 1615//1615
f 1615//1615 1619//1619 1618//1618 1613//1613
f 1616//1616 3043//3043 3235//3235 1617//1617
f 1617//1617 1620//1620 1619//1619 1615//1615
f 1619//1619 1622//1622 1621//1621 1618//1618
f 1620//1620 1623//1623 1622//1622 1619//1619
f 3235//3235 3239//3239 1620//1620 1617//1617
f 3239//3239 3242//3242 1623//1623 1620//1620
f 1629//1629 1626//1626 1625//1625 1628//1628
f 1627//1627 1625//1625 1626//1626 1645//1645
f 1630//1630 1631//1631 1626//1626 1629//1629
f 1626//1626 1631//1631 1646//1646 1645//1645
f 1644//1644 1643//1643 1627//1627 1645//1645
f 1629//1629 1628//1628 1632//1632 1692//1692
f 1629//1629 1692//1692 1694//1694 1630//1630
f 1630//1630 1694//1694 1641//1641 1638//1638
f 1631//1631 1635//1635 1634//1634 1646//1646
f 1638//1638 1635//1635 1631//1631 1630//1630
f 1691//1691 1692//1692 1632//1632 1690//1690
f 1634//1634 1635//1635 1633//1633 1637//1637
f 1633//1633 1639//1639 1640//1640 1636//1636
f 1653//1653 1646//1646 1634//1634 1655//1655
f 1654//1654 1655//1655 1634//1634 1637//1637
f 1639//1639 1633//1633 1635//1635 1638//1638
f 1637//1637 1633//1633 1636//1636 1657//1657
f 1636//1636 1713//1713 1712//1712 1657//1657
f 1656//1656 1654//1654 1637//1637 1657//1657
f 1639//1639 1638//1638 1641//1641 1642//1642
f 1640//1640 1639//1639 1642//1642 1704//1704
f 1640//1640 1704//1704 1713//1713 1636//1636
f 1702//1702 1642//1642 1641//1641 1701//1701
f 1703//1703 1704//1704 1642//1642 1702//1702
f 1644//1644 1645//1645 1646//1646 1653//1653
f 1647//1647 1643//1643 1644//1644 1650//1650
f 1644//1644 1653//1653 1652//1652 1650//1650
f 1649//1649 1648//1648 1647//1647 1650//1650
f 1649//1649 1666//1666 1665//1665 1648//1648
f 1651//1651 1649//1649 1650//1650 1652//1652
f 1651//1651 1667//1667 1666//1666 1649//1649
f 1660//1660 1651//1651 1652//1652 1658//1658
f 1653//1653 1655//1655 1658//1658 1652//1652
f 1658//1658 1655//1655 1654//1654 1659//1659
f 1659//1659 1654//1654 1656//1656 1663//1663
f 1714//1714 1656//1656 1657//1657 1712//1712
f 1661//1661 1660//1660 1658//1658 1659//1659
f 1662//1662 1661//1661 1659//1659 1663//1663
f 1660//1660 1674//1674 1667//1667 1651//1651
f 1661//1661 1675//1675 1674//1674 1660//1660
f 1662//1662 1676//1676 1675//1675 1661//1661
f 1664//1664 1662//1662 1663//1663 1721//1721
f 1663//1663 1656//1656 1714//1714 1721//1721
f 1664//1664 1720//1720 1676//1676 1662//1662
f 1669//1669 1668//1668 1665//1665 1666//1666
f 1670//1670 1669//1669 1666//1666 1667//1667
f 1677//1677 1670//1670 1667//1667 1674//1674
f 1672//1672 1671//1671 1668//1668 1669//1669
f 1673//1673 1672//1672 1669//1669 1670//1670
f 1680//1680 1673//1673 1670//1670 1677//1677
f 1685//1685 1684//1684 1671//1671 1672//1672
f 1686//1686 1685//1685 1672//1672 1673//1673
f 1687//1687 1686//1686 1673//1673 1680//1680
f 1678//1678 1677//1677 1674//1674 1675//1675
f 1679//1679 1678//1678 1675//1675 1676//1676
f 1681//1681 1680//1680 1677//1677 1678//1678
f 1682//1682 1681//1681 1678//1678 1679//1679
f 1683//1683 1682//1682 1679//1679 1728//1728
f 1679//1679 1676//1676 1720//1720 1728//1728
f 1688//1688 1687//1687 1680//1680 1681//1681
f 1689//1689 1688//1688 1681//1681 1682//1682
f 1689//1689 1682//1682 1683//1683 1729//1729
f 1732//1732 1733//1733 1685//1685 1686//1686
f 1685//1685 1733//1733 1734//1734 1684//1684
f 1740//1740 1732//1732 1686//1686 1687//1687
f 1741//1741 1740//1740 1687//1687 1688//1688
f 1689//1689 1742//1742 1741//1741 1688//1688
f 1691//1691 1690//1690 1695//1695 1699//1699
f 1691//1691 1699//1699 1700//1700 1693//1693
f 1693//1693 1694//1694 1692//1692 1691//1691
f 1693//1693 1700//1700 1705//1705 1701//1701
f 1701//1701 1641//1641 1694//1694 1693//1693
f 1698//1698 1699//1699 1695//1695 1696//1696
f 1696//1696 1697//1697 1774//1774 1776//1776
f 1775//1775 1698//1698 1696//1696 1776//1776
f 1700//1700 1699//1699 1698//1698 1707//1707
f 1702//1702 1701//1701 1705//1705 1706//1706
f 1703//1703 1702//1702 1706//1706 1711//1711
f 1703//1703 1711//1711 1717//1717 1715//1715
f 1715//1715 1713//1713 1704//1704 1703//1703
f 1705//1705 1700//1700 1707//1707 1709//1709
f 1708//1708 1706//1706 1705//1705 1709//1709
f 1710//1710 1711//1711 1706//1706 1708//1708
f 1707//1707 1698//1698 1775//1775 1782//1782
f 1785//1785 1710//1710 1708//1708 1783//1783
f 1709//1709 1707//1707 1782//1782 1784//1784
f 1783//1783 1708//1708 1709//1709 1784//1784
f 1717//1717 1711//1711 1710//1710 1719//1719
f 1712//1712 1713//1713 1715//1715 3289//3289
f 1716//1716 1714//1714 1712//1712 3289//3289
f 1722//1722 1721//1721 1714//1714 1716//1716
f 1725//1725 1722//1722 1716//1716 1726//1726
f 1717//1717 1718//1718 3289//3289 1715//1715
f 1718//1718 1717//1717 1719//1719 1793//1793
f 1792//1792 1726//1726 1718//1718 1793//1793
f 1719//1719 1710//1710 1785//1785 1794//1794
f 1720//1720 1664//1664 1723//1723 1724//1724
f 1730//1730 1728//1728 1720//1720 1724//1724
f 1723//1723 1664//1664 1721//1721 1722//1722
f 1727//1727 1723//1723 1722//1722 1725//1725
f 1724//1724 1723//1723 1727//1727 1803//1803
f 1726//1726 1792//1792 1795//1795 1725//1725
f 3289//3289 1718//1718 1726//1726 1716//1716
f 1727//1727 1725//1725 1795//1795 1805//1805
f 1731//1731 1683//1683 1728//1728 1730//1730
f 1729//1729 1683//1683 1731//1731 1753//1753
f 1729//1729 1750//1750 1742//1742 1689//1689
f 1751//1751 1750//1750 1729//1729 1753//1753
f 1730//1730 1724//1724 1803//1803 1802//1802
f 1731//1731 1730//1730 1802//1802 1814//1814
f 1731//1731 1814//1814 1815//1815 1753//1753
f 1743//1743 1737//1737 1732//1732 1740//1740
f 1737//1737 1736//1736 1733//1733 1732//1732
f 1736//1736 1735//1735 1734//1734 1733//1733
f 1738//1738 1739//1739 1735//1735 1736//1736
f 1738//1738 1736//1736 1737//1737 1745//1745
f 1757//1757 1756//1756 1738//1738 1745//1745
f 1756//1756 1755//1755 1739//1739 1738//1738
f 1744//1744 1743//1743 1740//1740 1741//1741
f 1744//1744 1741//1741 1742//1742 1748//1748
f 1749//1749 1748//1748 1742//1742 1750//1750
f 1745//1745 1737//1737 1743//1743 1746//1746
f 1746//1746 1743//1743 1744//1744 1747//1747
f 1764//1764 1757//1757 1745//1745 1746//1746
f 1765//1765 1764//1764 1746//1746 1747//1747
f 1747//1747 1744//1744 1748//1748 1752//1752
f 1771//1771 1765//1765 1747//1747 1752//1752
f 1749//1749 1750//1750 1751//1751 1822//1822
f 1752//1752 1748//1748 1749//1749 1826//1826
f 1749//1749 1822//1822 1824//1824 1826//1826
f 1772//1772 1771//1771 1752//1752 1826//1826
f 1754//1754 1751//1751 1753//1753 1815//1815
f 1754//1754 1821//1821 1822//1822 1751//1751
f 1950//1950 1821//1821 1754//1754 1820//1820
f 1756//1756 1759//1759 1758//1758 1755//1755
f 1757//1757 1760//1760 1759//1759 1756//1756
f 1761//1761 237//237 1758//1758 1763//1763
f 1762//1762 1763//1763 1758//1758 1759//1759
f 1762//1762 1759//1759 1760//1760 1769//1769
f 1760//1760 1757//1757 1764//1764 1766//1766
f 1768//1768 1769//1769 1760//1760 1766//1766
f 1761//1761 1763//1763 1837//1837 1839//1839
f 1837//1837 1763//1763 1762//1762 1841//1841
f 1762//1762 1769//1769 1849//1849 1841//1841
f 1765//1765 1767//1767 1766//1766 1764//1764
f 1770//1770 1768//1768 1766//1766 1767//1767
f 1771//1771 1773//1773 1767//1767 1765//1765
f 1849//1849 1769//1769 1768//1768 1850//1850
f 1770//1770 1767//1767 1773//1773 1862//1862
f 1850//1850 1768//1768 1770//1770 1853//1853
f 1770//1770 1862//1862 1861//1861 1853//1853
f 1772//1772 1827//1827 1773//1773 1771//1771
f 1775//1775 1776//1776 1777//1777 1780//1780
f 1775//1775 1780//1780 1781//1781 1782//1782
f 1779//1779 1780//1780 1777//1777 1778//1778
f 1886//1886 1779//1779 1778//1778 1884//1884
f 1781//1781 1780//1780 1779//1779 1788//1788
f 1782//1782 1781//1781 1786//1786 1784//1784
f 1783//1783 1784//1784 1786//1786 1787//1787
f 1785//1785 1783//1783 1787//1787 1790//1790
f 1786//1786 1781//1781 1788//1788 1789//1789
f 1787//1787 1786//1786 1789//1789 1791//1791
f 1788//1788 1779//1779 1886//1886 1891//1891
f 1789//1789 1788//1788 1891//1891 1893//1893
f 1892//1892 1791//1791 1789//1789 1893//1893
f 1790//1790 1787//1787 1791//1791 1895//1895
f 1790//1790 1799//1799 1794//1794 1785//1785
f 1790//1790 1895//1895 1801//1801 1799//1799
f 1894//1894 1895//1895 1791//1791 1892//1892
f 1798//1798 1796//1796 1792//1792 1793//1793
f 1793//1793 1719//1719 1794//1794 1798//1798
f 1797//1797 1798//1798 1794//1794 1799//1799
f 1795//1795 1792//1792 1796//1796 1809//1809
f 1796//1796 1798//1798 1797//1797 1902//1902
f 1901//1901 1902//1902 1797//1797 1800//1800
f 1800//1800 1797//1797 1799//1799 1801//1801
f 1801//1801 1895//1895 1894//1894 1904//1904
f 1903//1903 1800//1800 1801//1801 1904//1904
f 1802//1802 1803//1803 1804//1804 1808//1808
f 1803//1803 1727//1727 1805//1805 1804//1804
f 1804//1804 1805//1805 1806//1806 1807//1807
f 1805//1805 1795//1795 1809//1809 1806//1806
f 1806//1806 1809//1809 1810//1810 1811//1811
f 1808//1808 1804//1804 1807//1807 1812//1812
f 1807//1807 1806//1806 1811//1811 1813//1813
f 1814//1814 1802//1802 1808//1808 1816//1816
f 1818//1818 1816//1816 1808//1808 1812//1812
f 1809//1809 1796//1796 1902//1902 1810//1810
f 1915//1915 1811//1811 1810//1810 1906//1906
f 1812//1812 1807//1807 1813//1813 1914//1914
f 1918//1918 1818//1818 1812//1812 1914//1914
f 1915//1915 1916//1916 1813//1813 1811//1811
f 1815//1815 1814//1814 1816//1816 1817//1817
f 1815//1815 1817//1817 1820//1820 1754//1754
f 1817//1817 1816//1816 1818//1818 1925//1925
f 1819//1819 1820//1820 1817//1817 1925//1925
f 1819//1819 1925//1925 1926//1926 1929//1929
f 1928//1928 1948//1948 1819//1819 1929//1929
f 1820//1820 1819//1819 1948//1948 1950//1950
f 1824//1824 1822//1822 1821//1821 3285//3285
f 1823//1823 1772//1772 1826//1826 1824//1824
f 1823//1823 1828//1828 1827//1827 1772//1772
f 1825//1825 1823//1823 1824//1824 3285//3285
f 1828//1828 1823//1823 1825//1825 1832//1832
f 1825//1825 3285//3285 1949//1949 1833//1833
f 1827//1827 1830//1830 1862//1862 1773//1773
f 1828//1828 1834//1834 1830//1830 1827//1827
f 1828//1828 1832//1832 1962//1962 1834//1834
f 1829//1829 1861//1861 1862//1862 1830//1830
f 1831//1831 1829//1829 1830//1830 1834//1834
f 1831//1831 1867//1867 1868//1868 1829//1829
f 1832//1832 1825//1825 1833//1833 1836//1836
f 1952//1952 1836//1836 1833//1833 1954//1954
f 1835//1835 1831//1831 1834//1834 1962//1962
f 1835//1835 1963//1963 1867//1867 1831//1831
f 1836//1836 1952//1952 1960//1960 1961//1961
f 1836//1836 1961//1961 1962//1962 1832//1832
f 1837//1837 1840//1840 1838//1838 1839//1839
f 1844//1844 1843//1843 1838//1838 1840//1840
f 1841//1841 1842//1842 1840//1840 1837//1837
f 1845//1845 1844//1844 1840//1840 1842//1842
f 1849//1849 1851//1851 1842//1842 1841//1841
f 1855//1855 1845//1845 1842//1842 1851//1851
f 1847//1847 1846//1846 1843//1843 1844//1844
f 1848//1848 1847//1847 1844//1844 1845//1845
f 1858//1858 1848//1848 1845//1845 1855//1855
f 1871//1871 1870//1870 1846//1846 1847//1847
f 1872//1872 1871//1871 1847//1847 1848//1848
f 1876//1876 1872//1872 1848//1848 1858//1858
f 1850//1850 1852//1852 1851//1851 1849//1849
f 1856//1856 1855//1855 1851//1851 1852//1852
f 1853//1853 1854//1854 1852//1852 1850//1850
f 1857//1857 1856//1856 1852//1852 1854//1854
f 1861//1861 1863//1863 1854//1854 1853//1853
f 1864//1864 1857//1857 1854//1854 1863//1863
f 1859//1859 1858//1858 1855//1855 1856//1856
f 1860//1860 1859//1859 1856//1856 1857//1857
f 1866//1866 1860//1860 1857//1857 1864//1864
f 1877//1877 1876//1876 1858//1858 1859//1859
f 1878//1878 1877//1877 1859//1859 1860//1860
f 1882//1882 1878//1878 1860//1860 1866//1866
f 1861//1861 1829//1829 1868//1868 1863//1863
f 1865//1865 1864//1864 1863//1863 1868//1868
f 1865//1865 1869//1869 1866//1866 1864//1864
f 1867//1867 1969//1969 1865//1865 1868//1868
f 1970//1970 1969//1969 1867//1867 1963//1963
f 1882//1882 1866//1866 1869//1869 1971//1971
f 1969//1969 1968//1968 1869//1869 1865//1865
f 1874//1874 1873//1873 1870//1870 1871//1871
f 1875//1875 1874//1874 1871//1871 1872//1872
f 1879//1879 1875//1875 1872//1872 1876//1876
f 1874//1874 1976//1976 1975//1975 1873//1873
f 1875//1875 1977//1977 1976//1976 1874//1874
f 1879//1879 1876//1876 1877//1877 1880//1880
f 1878//1878 1881//1881 1880//1880 1877//1877
f 1879//1879 1978//1978 1977//1977 1875//1875
f 1880//1880 1979//1979 1978//1978 1879//1879
f 1882//1882 1883//1883 1881//1881 1878//1878
f 1881//1881 1980//1980 1979//1979 1880//1880
f 1982//1982 1883//1883 1882//1882 1971//1971
f 1980//1980 1881//1881 1883//1883 1981//1981
f 1886//1886 1884//1884 1887//1887 1890//1890
f 1886//1886 1890//1890 3302//3302 1891//1891
f 1889//1889 1890//1890 1887//1887 1888//1888
f 2027//2027 1889//1889 1888//1888 2025//2025
f 1890//1890 1889//1889 2028//2028 3302//3302
f 1891//1891 3302//3302 1896//1896 1893//1893
f 1892//1892 1893//1893 1896//1896 1897//1897
f 1894//1894 1892//1892 1897//1897 1898//1898
f 1897//1897 1896//1896 1899//1899 1900//1900
f 1898//1898 1897//1897 1900//1900 2037//2037
f 1904//1904 1894//1894 1898//1898 1909//1909
f 1898//1898 2037//2037 1913//1913 1909//1909
f 1899//1899 2028//2028 2033//2033 2035//2035
f 2034//2034 1900//1900 1899//1899 2035//2035
f 3302//3302 2028//2028 1899//1899 1896//1896
f 2036//2036 2037//2037 1900//1900 2034//2034
f 1901//1901 1800//1800 1903//1903 1907//1907
f 1905//1905 1906//1906 1901//1901 1907//1907
f 1902//1902 1901//1901 1906//1906 1810//1810
f 1910//1910 1907//1907 1903//1903 1908//1908
f 1908//1908 1903//1903 1904//1904 1909//1909
f 1905//1905 1911//1911 1924//1924 1920//1920
f 1906//1906 1905//1905 1920//1920 1915//1915
f 1911//1911 1905//1905 1907//1907 1910//1910
f 1908//1908 1912//1912 2043//2043 1910//1910
f 1912//1912 1908//1908 1909//1909 1913//1913
f 1911//1911 1910//1910 2043//2043 2051//2051
f 1912//1912 1913//1913 2044//2044 2046//2046
f 1912//1912 2046//2046 2048//2048 2043//2043
f 1913//1913 2037//2037 2036//2036 2044//2044
f 1914//1914 1813//1813 1916//1916 1919//1919
f 1916//1916 1915//1915 1920//1920 1921//1921
f 1919//1919 1917//1917 1918//1918 1914//1914
f 1918//1918 1926//1926 1925//1925 1818//1818
f 1927//1927 1926//1926 1918//1918 1917//1917
f 1919//1919 1916//1916 1921//1921 1923//1923
f 1922//1922 1917//1917 1919//1919 1923//1923
f 1921//1921 1920//1920 1924//1924 2053//2053
f 1921//1921 2053//2053 1932//1932 1923//1923
f 1927//1927 1917//1917 1922//1922 1931//1931
f 1922//1922 1923//1923 1932//1932 1934//1934
f 1933//1933 1931//1931 1922//1922 1934//1934
f 1924//1924 1911//1911 2051//2051 2054//2054
f 2052//2052 2053//2053 1924//1924 2054//2054
f 1927//1927 1930//1930 1929//1929 1926//1926
f 1928//1928 1929//1929 1930//1930 3314//3314
f 1957//1957 1953//1953 1928//1928 3314//3314
f 1930//1930 1927//1927 1931//1931 1935//1935
f 1936//1936 1935//1935 1931//1931 1933//1933
f 1932//1932 2053//2053 2052//2052 2058//2058
f 2080//2080 1934//1934 1932//1932 2058//2058
f 1934//1934 2080//2080 2081//2081 1933//1933
f 1935//1935 1936//1936 1937//1937 3321//3321
f 3314//3314 1930//1930 1935//1935 3321//3321
f 1936//1936 1933//1933 2081//2081 2082//2082
f 1945//1945 1946//1946 3323//3323 1947//1947
f 1958//1958 1957//1957 3323//3323 1946//1946
f 2071//2071 1947//1947 1937//1937 3266//3266
f 1937//1937 1936//1936 2082//2082 3266//3266
f 3323//3323 1957//1957 3314//3314 3321//3321
f 1940//1940 1939//1939 1938//1938 2089//2089
f 2062//2062 2063//2063 1939//1939 1940//1940
f 2066//2066 411//411 1939//1939 2063//2063
f 1941//1941 1942//1942 1940//1940 2089//2089
f 2095//2095 1943//1943 1941//1941 2090//2090
f 1943//1943 1944//1944 1942//1942 1941//1941
f 2062//2062 1940//1940 1942//1942 3267//3267
f 1947//1947 1944//1944 1943//1943 1945//1945
f 2071//2071 2072//2072 1944//1944 1947//1947
f 3267//3267 1942//1942 1944//1944 2072//2072
f 1945//1945 1943//1943 2095//2095 2096//2096
f 1946//1946 1945//1945 2096//2096 2100//2100
f 2101//2101 1958//1958 1946//1946 2100//2100
f 1949//1949 1950//1950 1948//1948 1951//1951
f 1953//1953 1951//1951 1948//1948 1928//1928
f 1949//1949 1951//1951 1954//1954 1833//1833
f 1950//1950 1949//1949 3285//3285 1821//1821
f 1955//1955 1954//1954 1951//1951 1953//1953
f 1958//1958 1955//1955 1953//1953 1957//1957
f 1956//1956 1952//1952 1954//1954 1955//1955
f 1958//1958 2101//2101 1956//1956 1955//1955
f 1956//1956 1959//1959 1960//1960 1952//1952
f 2102//2102 1959//1959 1956//1956 2101//2101
f 1959//1959 2129//2129 1965//1965 1960//1960
f 2103//2103 2129//2129 1959//1959 2102//2102
f 1965//1965 1964//1964 1961//1961 1960//1960
f 1964//1964 1835//1835 1962//1962 1961//1961
f 1963//1963 1835//1835 1964//1964 1967//1967
f 1972//1972 1970//1970 1963//1963 1967//1967
f 1965//1965 1966//1966 1967//1967 1964//1964
f 2128//2128 1966//1966 1965//1965 2129//2129
f 1966//1966 2130//2130 1972//1972 1967//1967
f 1968//1968 1969//1969 1970//1970 1973//1973
f 1971//1971 1869//1869 1968//1968 1985//1985
f 1968//1968 1973//1973 1986//1986 1985//1985
f 1983//1983 1982//1982 1971//1971 1985//1985
f 1973//1973 1970//1970 1972//1972 1974//1974
f 2135//2135 1974//1974 1972//1972 2130//2130
f 1974//1974 2134//2134 1986//1986 1973//1973
f 2136//2136 2134//2134 1974//1974 2135//2135
f 1990//1990 1991//1991 1975//1975 1976//1976
f 1990//1990 1976//1976 1977//1977 1995//1995
f 1995//1995 1977//1977 1978//1978 2000//2000
f 1999//1999 2000//2000 1978//1978 1979//1979
f 2001//2001 1999//1999 1979//1979 1980//1980
f 2008//2008 2001//2001 1980//1980 1981//1981
f 1981//1981 1883//1883 1982//1982 1984//1984
f 1984//1984 1982//1982 1983//1983 2145//2145
f 1983//1983 1985//1985 1986//1986 1989//1989
f 1988//1988 1987//1987 1984//1984 2145//2145
f 1984//1984 1987//1987 2008//2008 1981//1981
f 2138//2138 1989//1989 1986//1986 2134//2134
f 2009//2009 2008//2008 1987//1987 2155//2155
f 1987//1987 1988//1988 2157//2157 2155//2155
f 2144//2144 2147//2147 1988//1988 2145//2145
f 1989//1989 2144//2144 2145//2145 1983//1983
f 2146//2146 2144//2144 1989//1989 2138//2138
f 1994//1994 1993//1993 1990//1990 1995//1995
f 1993//1993 1992//1992 1991//1991 1990//1990
f 1993//1993 1997//1997 1996//1996 1992//1992
f 1997//1997 1993//1993 1994//1994 1998//1998
f 2002//2002 1994//1994 1995//1995 2000//2000
f 2014//2014 470//470 1996//1996 2016//2016
f 2015//2015 2016//2016 1996//1996 1997//1997
f 2017//2017 2015//2015 1997//1997 1998//1998
f 2002//2002 2005//2005 1998//1998 1994//1994
f 2004//2004 2003//2003 1999//1999 2001//2001
f 2003//2003 2002//2002 2000//2000 1999//1999
f 2009//2009 2004//2004 2001//2001 2008//2008
f 2003//2003 2006//2006 2005//2005 2002//2002
f 2004//2004 2007//2007 2006//2006 2003//2003
f 2017//2017 1998//1998 2005//2005 2020//2020
f 2020//2020 2005//2005 2006//2006 2022//2022
f 2021//2021 2022//2022 2006//2006 2007//2007
f 2009//2009 2010//2010 2007//2007 2004//2004
f 2013//2013 2021//2021 2007//2007 2010//2010
f 2011//2011 2010//2010 2009//2009 2155//2155
f 2012//2012 2013//2013 2010//2010 2011//2011
f 2012//2012 2011//2011 2156//2156 2158//2158
f 2024//2024 2021//2021 2013//2013 2177//2177
f 2178//2178 2177//2177 2013//2013 2012//2012
f 2014//2014 2016//2016 2018//2018 636//636
f 2018//2018 2016//2016 2015//2015 2019//2019
f 2019//2019 2015//2015 2017//2017 2165//2165
f 2017//2017 2020//2020 2170//2170 2165//2165
f 2019//2019 2164//2164 2163//2163 2018//2018
f 2020//2020 2022//2022 2023//2023 2170//2170
f 2023//2023 2022//2022 2021//2021 2024//2024
f 2023//2023 2172//2172 2171//2171 2170//2170
f 2024//2024 2173//2173 2172//2172 2023//2023
f 2025//2025 2026//2026 2029//2029 2030//2030
f 2028//2028 1889//1889 2027//2027 2033//2033
f 2027//2027 2025//2025 2030//2030 2031//2031
f 2027//2027 2031//2031 3311//3311 2033//2033
f 2031//2031 2030//2030 2032//2032 2226//2226
f 2031//2031 2226//2226 2227//2227 3311//3311
f 2225//2225 2226//2226 2032//2032 2223//2223
f 2033//2033 3311//3311 2038//2038 2035//2035
f 2034//2034 2035//2035 2038//2038 2039//2039
f 2040//2040 2036//2036 2034//2034 2039//2039
f 2039//2039 2038//2038 2041//2041 2042//2042
f 2040//2040 2039//2039 2042//2042 2237//2237
f 2044//2044 2036//2036 2040//2040 2045//2045
f 2040//2040 2237//2237 3287//3287 2045//2045
f 2041//2041 2227//2227 2233//2233 2235//2235
f 2234//2234 2042//2042 2041//2041 2235//2235
f 3311//3311 2227//2227 2041//2041 2038//2038
f 2236//2236 2237//2237 2042//2042 2234//2234
f 2043//2043 2048//2048 2050//2050 2051//2051
f 2046//2046 2044//2044 2045//2045 2047//2047
f 2048//2048 2046//2046 2047//2047 2049//2049
f 2243//2243 2049//2049 2047//2047 2244//2244
f 3287//3287 2244//2244 2047//2047 2045//2045
f 2050//2050 2048//2048 2049//2049 2059//2059
f 2050//2050 2055//2055 2054//2054 2051//2051
f 2057//2057 2058//2058 2052//2052 2056//2056
f 2056//2056 2052//2052 2054//2054 2055//2055
f 2055//2055 2050//2050 2059//2059 2060//2060
f 2056//2056 2055//2055 2060//2060 2061//2061
f 2057//2057 2056//2056 2061//2061 2086//2086
f 2085//2085 2083//2083 2057//2057 2086//2086
f 2058//2058 2057//2057 2083//2083 2080//2080
f 2059//2059 2049//2049 2243//2243 2251//2251
f 2250//2250 2060//2060 2059//2059 2251//2251
f 2060//2060 2250//2250 2255//2255 2061//2061
f 2061//2061 2255//2255 2256//2256 2086//2086
f 2067//2067 2064//2064 2063//2063 2062//2062
f 2064//2064 2065//2065 2066//2066 2063//2063
f 2067//2067 2069//2069 2068//2068 2064//2064
f 2070//2070 2069//2069 2067//2067 2075//2075
f 2067//2067 2062//2062 3267//3267 2075//2075
f 2069//2069 2262//2262 2261//2261 2068//2068
f 2263//2263 2262//2262 2069//2069 2070//2070
f 2268//2268 2263//2263 2070//2070 2076//2076
f 2073//2073 2074//2074 2072//2072 2071//2071
f 2075//2075 3267//3267 2072//2072 2074//2074
f 2073//2073 2077//2077 2076//2076 2074//2074
f 2073//2073 2071//2071 3266//3266 2078//2078
f 2076//2076 2070//2070 2075//2075 2074//2074
f 2078//2078 2079//2079 2077//2077 2073//2073
f 2077//2077 2269//2269 2268//2268 2076//2076
f 2078//2078 3266//3266 2082//2082 3290//3290
f 2087//2087 2079//2079 2078//2078 3290//3290
f 2079//2079 2270//2270 2269//2269 2077//2077
f 2280//2280 2270//2270 2079//2079 2087//2087
f 2081//2081 2080//2080 2083//2083 2084//2084
f 2082//2082 2081//2081 2084//2084 3290//3290
f 2084//2084 2083//2083 2085//2085 2278//2278
f 2084//2084 2278//2278 2087//2087 3290//3290
f 2277//2277 2085//2085 2086//2086 2256//2256
f 2087//2087 2278//2278 2279//2279 2280//2280
f 2089//2089 1938//1938 2088//2088 2093//2093
f 2092//2092 2093//2093 2088//2088 2091//2091
f 2090//2090 1941//1941 2089//2089 2093//2093
f 2097//2097 2095//2095 2090//2090 2094//2094
f 2104//2104 2105//2105 2092//2092 2091//2091
f 2094//2094 2090//2090 2093//2093 2092//2092
f 2105//2105 2106//2106 2094//2094 2092//2092
f 2098//2098 2096//2096 2095//2095 2097//2097
f 2099//2099 2100//2100 2096//2096 2098//2098
f 2106//2106 2116//2116 2097//2097 2094//2094
f 2116//2116 2117//2117 2098//2098 2097//2097
f 2103//2103 2102//2102 2099//2099 2118//2118
f 2117//2117 2118//2118 2099//2099 2098//2098
f 2102//2102 2101//2101 2100//2100 2099//2099
f 2121//2121 2131//2131 2103//2103 2118//2118
f 2128//2128 2129//2129 2103//2103 2131//2131
f 2107//2107 2108//2108 2105//2105 2104//2104
f 2108//2108 2109//2109 2106//2106 2105//2105
f 2110//2110 2111//2111 2108//2108 2107//2107
f 2111//2111 2112//2112 2109//2109 2108//2108
f 2109//2109 2119//2119 2116//2116 2106//2106
f 2113//2113 2114//2114 2111//2111 2110//2110
f 2114//2114 2115//2115 2112//2112 2111//2111
f 2112//2112 2122//2122 2119//2119 2109//2109
f 2288//2288 2114//2114 2113//2113 2287//2287
f 2289//2289 2115//2115 2114//2114 2288//2288
f 2115//2115 2125//2125 2122//2122 2112//2112
f 2296//2296 2125//2125 2115//2115 2289//2289
f 2119//2119 2120//2120 2117//2117 2116//2116
f 2120//2120 2121//2121 2118//2118 2117//2117
f 2122//2122 2123//2123 2120//2120 2119//2119
f 2123//2123 2124//2124 2121//2121 2120//2120
f 2125//2125 2126//2126 2123//2123 2122//2122
f 2126//2126 2127//2127 2124//2124 2123//2123
f 2124//2124 2132//2132 2131//2131 2121//2121
f 2297//2297 2126//2126 2125//2125 2296//2296
f 2298//2298 2127//2127 2126//2126 2297//2297
f 2127//2127 2133//2133 2132//2132 2124//2124
f 2142//2142 2133//2133 2127//2127 2298//2298
f 2130//2130 1966//1966 2128//2128 2140//2140
f 2128//2128 2131//2131 2132//2132 2140//2140
f 2137//2137 2135//2135 2130//2130 2140//2140
f 2133//2133 2137//2137 2140//2140 2132//2132
f 2133//2133 2142//2142 2143//2143 2137//2137
f 2139//2139 2138//2138 2134//2134 2136//2136
f 2135//2135 2137//2137 2143//2143 2136//2136
f 2141//2141 2139//2139 2136//2136 2143//2143
f 2146//2146 2138//2138 2139//2139 2150//2150
f 2153//2153 2150//2150 2139//2139 2141//2141
f 2142//2142 2305//2305 2141//2141 2143//2143
f 2306//2306 2153//2153 2141//2141 2305//2305
f 2148//2148 2147//2147 2144//2144 2146//2146
f 2147//2147 2149//2149 2157//2157 1988//1988
f 2149//2149 2147//2147 2148//2148 2151//2151
f 2150//2150 2152//2152 2148//2148 2146//2146
f 2154//2154 2151//2151 2148//2148 2152//2152
f 2156//2156 2157//2157 2149//2149 2162//2162
f 2331//2331 2152//2152 2150//2150 2153//2153
f 2151//2151 2161//2161 2162//2162 2149//2149
f 2333//2333 2161//2161 2151//2151 2154//2154
f 2332//2332 2154//2154 2152//2152 2331//2331
f 2156//2156 2011//2011 2155//2155 2157//2157
f 2159//2159 2158//2158 2156//2156 2162//2162
f 2158//2158 2160//2160 2178//2178 2012//2012
f 2160//2160 2158//2158 2159//2159 2340//2340
f 2159//2159 2162//2162 2161//2161 2341//2341
f 2339//2339 2340//2340 2159//2159 2341//2341
f 2184//2184 2183//2183 2160//2160 2340//2340
f 2165//2165 2166//2166 2164//2164 2019//2019
f 2164//2164 2168//2168 2167//2167 2163//2163
f 2166//2166 2169//2169 2168//2168 2164//2164
f 2170//2170 2171//2171 2166//2166 2165//2165
f 2187//2187 2186//2186 2167//2167 2168//2168
f 2188//2188 2187//2187 2168//2168 2169//2169
f 2171//2171 2174//2174 2169//2169 2166//2166
f 2195//2195 2188//2188 2169//2169 2174//2174
f 2175//2175 2174//2174 2171//2171 2172//2172
f 2176//2176 2175//2175 2172//2172 2173//2173
f 2177//2177 2179//2179 2173//2173 2024//2024
f 2180//2180 2176//2176 2173//2173 2179//2179
f 2196//2196 2195//2195 2174//2174 2175//2175
f 2197//2197 2196//2196 2175//2175 2176//2176
f 2179//2179 2177//2177 2178//2178 2181//2181
f 2183//2183 2181//2181 2178//2178 2160//2160
f 2181//2181 2182//2182 2180//2180 2179//2179
f 2197//2197 2176//2176 2180//2180 2205//2205
f 2206//2206 2205//2205 2180//2180 2182//2182
f 2182//2182 2181//2181 2183//2183 2185//2185
f 2208//2208 2206//2206 2182//2182 2185//2185
f 2185//2185 2183//2183 2184//2184 2349//2349
f 2184//2184 2340//2340 2339//2339 2346//2346
f 2351//2351 2349//2349 2184//2184 2346//2346
f 2190//2190 2189//2189 2186//2186 2187//2187
f 2190//2190 2187//2187 2188//2188 2191//2191
f 2198//2198 2191//2191 2188//2188 2195//2195
f 2193//2193 2192//2192 2189//2189 2190//2190
f 2194//2194 2193//2193 2190//2190 2191//2191
f 2201//2201 2194//2194 2191//2191 2198//2198
f 2213//2213 2212//2212 2192//2192 2193//2193
f 2217//2217 2213//2213 2193//2193 2194//2194
f 2218//2218 2217//2217 2194//2194 2201//2201
f 2199//2199 2198//2198 2195//2195 2196//2196
f 2200//2200 2199//2199 2196//2196 2197//2197
f 2204//2204 2200//2200 2197//2197 2205//2205
f 2202//2202 2201//2201 2198//2198 2199//2199
f 2203//2203 2202//2202 2199//2199 2200//2200
f 2207//2207 2203//2203 2200//2200 2204//2204
f 2219//2219 2218//2218 2201//2201 2202//2202
f 2219//2219 2202//2202 2203//2203 2220//2220
f 2222//2222 2220//2220 2203//2203 2207//2207
f 2204//2204 2205//2205 2206//2206 2209//2209
f 2209//2209 2210//2210 2207//2207 2204//2204
f 2360//2360 2222//2222 2207//2207 2210//2210
f 2209//2209 2206//2206 2208//2208 2355//2355
f 2349//2349 2350//2350 2208//2208 2185//2185
f 2357//2357 2355//2355 2208//2208 2350//2350
f 2355//2355 2356//2356 2210//2210 2209//2209
f 2215//2215 2214//2214 2211//2211 2212//2212
f 2216//2216 2215//2215 2212//2212 2213//2213
f 2221//2221 2216//2216 2213//2213 2217//2217
f 2364//2364 2363//2363 2214//2214 2215//2215
f 2365//2365 2364//2364 2215//2215 2216//2216
f 2374//2374 2365//2365 2216//2216 2221//2221
f 2218//2218 2372//2372 2221//2221 2217//2217
f 2219//2219 2373//2373 2372//2372 2218//2218
f 2220//2220 2383//2383 2373//2373 2219//2219
f 2375//2375 2374//2374 2221//2221 2372//2372
f 2383//2383 2220//2220 2222//2222 2384//2384
f 2223//2223 2224//2224 2228//2228 2229//2229
f 2227//2227 2226//2226 2225//2225 2233//2233
f 2225//2225 2223//2223 2229//2229 2231//2231
f 2225//2225 2231//2231 3271//3271 2233//2233
f 2229//2229 2228//2228 2230//2230 2232//2232
f 2230//2230 2459//2459 2458//2458 2232//2232
f 2231//2231 2229//2229 2232//2232 3269//3269
f 2231//2231 3269//3269 3270//3270 3271//3271
f 2232//2232 2458//2458 2460//2460 3269//3269
f 2233//2233 3271//3271 2239//2239 2235//2235
f 2240//2240 2236//2236 2234//2234 2238//2238
f 2238//2238 2234//2234 2235//2235 2239//2239
f 2237//2237 2236//2236 2246//2246 3287//3287
f 2238//2238 2239//2239 2241//2241 2242//2242
f 2240//2240 2238//2238 2242//2242 2470//2470
f 2246//2246 2236//2236 2240//2240 2248//2248
f 2240//2240 2470//2470 2472//2472 2248//2248
f 2465//2465 2467//2467 2241//2241 3270//3270
f 2241//2241 2467//2467 2466//2466 2242//2242
f 3271//3271 3270//3270 2241//2241 2239//2239
f 2243//2243 2244//2244 2245//2245 2249//2249
f 2252//2252 2251//2251 2243//2243 2249//2249
f 3287//3287 2246//2246 2245//2245 2244//2244
f 2247//2247 2245//2245 2246//2246 2248//2248
f 2249//2249 2245//2245 2247//2247 2480//2480
f 2479//2479 2480//2480 2247//2247 2478//2478
f 2478//2478 2247//2247 2248//2248 2472//2472
f 2249//2249 2480//2480 2481//2481 2252//2252
f 2252//2252 2253//2253 2250//2250 2251//2251
f 2253//2253 2254//2254 2255//2255 2250//2250
f 2253//2253 2259//2259 2257//2257 2254//2254
f 2481//2481 2259//2259 2253//2253 2252//2252
f 2256//2256 2255//2255 2254//2254 2258//2258
f 2258//2258 2254//2254 2257//2257 2260//2260
f 2257//2257 2259//2259 2488//2488 2490//2490
f 2277//2277 2256//2256 2258//2258 2283//2283
f 2259//2259 2481//2481 2483//2483 2488//2488
f 2283//2283 2258//2258 2260//2260 2285//2285
f 2490//2490 2496//2496 2260//2260 2257//2257
f 2266//2266 2264//2264 2261//2261 2262//2262
f 2266//2266 2262//2262 2263//2263 3276//3276
f 2267//2267 951//951 2264//2264 2266//2266
f 2506//2506 2504//2504 2267//2267 2507//2507
f 2267//2267 2266//2266 3276//3276 2507//2507
f 2271//2271 2272//2272 2268//2268 2269//2269
f 3276//3276 2263//2263 2268//2268 2272//2272
f 2273//2273 2271//2271 2269//2269 2270//2270
f 2272//2272 2271//2271 2274//2274 2276//2276
f 2507//2507 3276//3276 2272//2272 2276//2276
f 2273//2273 2275//2275 2274//2274 2271//2271
f 2273//2273 2270//2270 2280//2280 2281//2281
f 2286//2286 2275//2275 2273//2273 2281//2281
f 2512//2512 2276//2276 2274//2274 2514//2514
f 2513//2513 2514//2514 2274//2274 2275//2275
f 2515//2515 2513//2513 2275//2275 2286//2286
f 2506//2506 2507//2507 2276//2276 2512//2512
f 2278//2278 2085//2085 2277//2277 2279//2279
f 2277//2277 2283//2283 2282//2282 2279//2279
f 2281//2281 2280//2280 2279//2279 2282//2282
f 2284//2284 2286//2286 2281//2281 2282//2282
f 2285//2285 2284//2284 2282//2282 2283//2283
f 2284//2284 2285//2285 2497//2497 2499//2499
f 2501//2501 2521//2521 2284//2284 2499//2499
f 2515//2515 2286//2286 2284//2284 2521//2521
f 2285//2285 2260//2260 2496//2496 2497//2497
f 2288//2288 2287//2287 2290//2290 2291//2291
f 2291//2291 2292//2292 2289//2289 2288//2288
f 2294//2294 2291//2291 2290//2290 2293//2293
f 2294//2294 2295//2295 2292//2292 2291//2291
f 2292//2292 2301//2301 2296//2296 2289//2289
f 2307//2307 2295//2295 2294//2294 2311//2311
f 2294//2294 2293//2293 2309//2309 2311//2311
f 2295//2295 2302//2302 2301//2301 2292//2292
f 2319//2319 2302//2302 2295//2295 2307//2307
f 2300//2300 2297//2297 2296//2296 2301//2301
f 2299//2299 2298//2298 2297//2297 2300//2300
f 2305//2305 2142//2142 2298//2298 2299//2299
f 2304//2304 2299//2299 2300//2300 2303//2303
f 2303//2303 2300//2300 2301//2301 2302//2302
f 2303//2303 2302//2302 2319//2319 2322//2322
f 2304//2304 2306//2306 2305//2305 2299//2299
f 2304//2304 2303//2303 2322//2322 2324//2324
f 2334//2334 2306//2306 2304//2304 2324//2324
f 2306//2306 2334//2334 2331//2331 2153//2153
f 2320//2320 2319//2319 2307//2307 2312//2312
f 2314//2314 2310//2310 2308//2308 2313//2313
f 2310//2310 2311//2311 2309//2309 2308//2308
f 2315//2315 2312//2312 2310//2310 2314//2314
f 2312//2312 2307//2307 2311//2311 2310//2310
f 2325//2325 2320//2320 2312//2312 2315//2315
f 2317//2317 2314//2314 2313//2313 2316//2316
f 2318//2318 2315//2315 2314//2314 2317//2317
f 2328//2328 2325//2325 2315//2315 2318//2318
f 2316//2316 786//786 2593//2593 2594//2594
f 2316//2316 2594//2594 2595//2595 2317//2317
f 2317//2317 2595//2595 2598//2598 2318//2318
f 2321//2321 2322//2322 2319//2319 2320//2320
f 2326//2326 2321//2321 2320//2320 2325//2325
f 2327//2327 2323//2323 2321//2321 2326//2326
f 2323//2323 2324//2324 2322//2322 2321//2321
f 2337//2337 2336//2336 2323//2323 2327//2327
f 2336//2336 2334//2334 2324//2324 2323//2323
f 2329//2329 2326//2326 2325//2325 2328//2328
f 2330//2330 2327//2327 2326//2326 2329//2329
f 2328//2328 2318//2318 2598//2598 2600//2600
f 2329//2329 2328//2328 2600//2600 2601//2601
f 2330//2330 2338//2338 2337//2337 2327//2327
f 2601//2601 2602//2602 2330//2330 2329//2329
f 2330//2330 2602//2602 2603//2603 2608//2608
f 2611//2611 2338//2338 2330//2330 2608//2608
f 2333//2333 2154//2154 2332//2332 2335//2335
f 2334//2334 2336//2336 2332//2332 2331//2331
f 2337//2337 2335//2335 2332//2332 2336//2336
f 2341//2341 2161//2161 2333//2333 2344//2344
f 2335//2335 2343//2343 2344//2344 2333//2333
f 2343//2343 2335//2335 2337//2337 2338//2338
f 2338//2338 2611//2611 2347//2347 2343//2343
f 2342//2342 2339//2339 2341//2341 2344//2344
f 2342//2342 2345//2345 2346//2346 2339//2339
f 2348//2348 2345//2345 2342//2342 2347//2347
f 2347//2347 2342//2342 2344//2344 2343//2343
f 2352//2352 2351//2351 2346//2346 2345//2345
f 2352//2352 2345//2345 2348//2348 2620//2620
f 2348//2348 2347//2347 2611//2611 2612//2612
f 2615//2615 2620//2620 2348//2348 2612//2612
f 2350//2350 2349//2349 2351//2351 2354//2354
f 2358//2358 2357//2357 2350//2350 2354//2354
f 2352//2352 2353//2353 2354//2354 2351//2351
f 2619//2619 2353//2353 2352//2352 2620//2620
f 2358//2358 2354//2354 2353//2353 2621//2621
f 2357//2357 2361//2361 2356//2356 2355//2355
f 2356//2356 2359//2359 2360//2360 2210//2210
f 2628//2628 2361//2361 2357//2357 2358//2358
f 2361//2361 2362//2362 2359//2359 2356//2356
f 2360//2360 2388//2388 2384//2384 2222//2222
f 2389//2389 2388//2388 2360//2360 2359//2359
f 2362//2362 2631//2631 2389//2389 2359//2359
f 2362//2362 2361//2361 2628//2628 2629//2629
f 2367//2367 2366//2366 2363//2363 2364//2364
f 2368//2368 2367//2367 2364//2364 2365//2365
f 2377//2377 2368//2368 2365//2365 2374//2374
f 2367//2367 2370//2370 2369//2369 2366//2366
f 2371//2371 2370//2370 2367//2367 2368//2368
f 2380//2380 2371//2371 2368//2368 2377//2377
f 2393//2393 2392//2392 2369//2369 2370//2370
f 2394//2394 2393//2393 2370//2370 2371//2371
f 2395//2395 2394//2394 2371//2371 2380//2380
f 2375//2375 2372//2372 2373//2373 2376//2376
f 2378//2378 2377//2377 2374//2374 2375//2375
f 2379//2379 2378//2378 2375//2375 2376//2376
f 2383//2383 2385//2385 2376//2376 2373//2373
f 2387//2387 2379//2379 2376//2376 2385//2385
f 2378//2378 2381//2381 2380//2380 2377//2377
f 2379//2379 2382//2382 2381//2381 2378//2378
f 2396//2396 2395//2395 2380//2380 2381//2381
f 2397//2397 2396//2396 2381//2381 2382//2382
f 2387//2387 2391//2391 2382//2382 2379//2379
f 2398//2398 2397//2397 2382//2382 2391//2391
f 2386//2386 2385//2385 2383//2383 2384//2384
f 2390//2390 2387//2387 2385//2385 2386//2386
f 2388//2388 2640//2640 2386//2386 2384//2384
f 2640//2640 2388//2388 2389//2389 2641//2641
f 2642//2642 2641//2641 2389//2389 2631//2631
f 2391//2391 2387//2387 2390//2390 2398//2398
f 2640//2640 2639//2639 2390//2390 2386//2386
f 2646//2646 2392//2392 2393//2393 2647//2647
f 2394//2394 2653//2653 2647//2647 2393//2393
f 2395//2395 2654//2654 2653//2653 2394//2394
f 2396//2396 2655//2655 2654//2654 2395//2395
f 2397//2397 2663//2663 2655//2655 2396//2396
f 2398//2398 2390//2390 2639//2639 2664//2664
f 2398//2398 2664//2664 2663//2663 2397//2397
f 2402//2402 2399//2399 2401//2401 2403//2403
f 2402//2402 2403//2403 2404//2404 2409//2409
f 2428//2428 2399//2399 2402//2402 2429//2429
f 2402//2402 2409//2409 2431//2431 2429//2429
f 2404//2404 2403//2403 2405//2405 2406//2406
f 2407//2407 2408//2408 2406//2406 36//36
f 2410//2410 2404//2404 2406//2406 2408//2408
f 2413//2413 2410//2410 2408//2408 2416//2416
f 2409//2409 2404//2404 2410//2410 2412//2412
f 2409//2409 2412//2412 2436//2436 2431//2431
f 2411//2411 2412//2412 2410//2410 2413//2413
f 2436//2436 2412//2412 2411//2411 2438//2438
f 2414//2414 2411//2411 2413//2413 2415//2415
f 2414//2414 2415//2415 2419//2419 2422//2422
f 2438//2438 2411//2411 2414//2414 2440//2440
f 2414//2414 2422//2422 2446//2446 2440//2440
f 2415//2415 2413//2413 2416//2416 2417//2417
f 2419//2419 2415//2415 2417//2417 2418//2418
f 2419//2419 2418//2418 2420//2420 2421//2421
f 2424//2424 2421//2421 2420//2420 2423//2423
f 2422//2422 2419//2419 2421//2421 2450//2450
f 2421//2421 2424//2424 2452//2452 2450//2450
f 2448//2448 2446//2446 2422//2422 2450//2450
f 2424//2424 2423//2423 2425//2425 2671//2671
f 2424//2424 2671//2671 2456//2456 2452//2452
f 2425//2425 2673//2673 2672//2672 2671//2671
f 2426//2426 2427//2427 2428//2428 2429//2429
f 2434//2434 2432//2432 2427//2427 2426//2426
f 2430//2430 2426//2426 2429//2429 2431//2431
f 2434//2434 2426//2426 2430//2430 2441//2441
f 2435//2435 2430//2430 2431//2431 2436//2436
f 2457//2457 2432//2432 2434//2434 2461//2461
f 2434//2434 2441//2441 2462//2462 2461//2461
f 2441//2441 2430//2430 2435//2435 2443//2443
f 2442//2442 2443//2443 2435//2435 2437//2437
f 2437//2437 2435//2435 2436//2436 2438//2438
f 2444//2444 2442//2442 2437//2437 2439//2439
f 2439//2439 2437//2437 2438//2438 2440//2440
f 2445//2445 2439//2439 2440//2440 2446//2446
f 2441//2441 2443//2443 2463//2463 2462//2462
f 2463//2463 2443//2443 2442//2442 2464//2464
f 2444//2444 2439//2439 2445//2445 2449//2449
f 2464//2464 2442//2442 2444//2444 2469//2469
f 2444//2444 2449//2449 3297//3297 2469//2469
f 2447//2447 2445//2445 2446//2446 2448//2448
f 2449//2449 2445//2445 2447//2447 2454//2454
f 2447//2447 2448//2448 2451//2451 2455//2455
f 2453//2453 2454//2454 2447//2447 2455//2455
f 2449//2449 2454//2454 2474//2474 3297//3297
f 2451//2451 2448//2448 2450//2450 2452//2452
f 2451//2451 2452//2452 2456//2456 2679//2679
f 2474//2474 2454//2454 2453//2453 2475//2475
f 2455//2455 2451//2451 2679//2679 2681//2681
f 2680//2680 2453//2453 2455//2455 2681//2681
f 2682//2682 2679//2679 2456//2456 2670//2670
f 2460//2460 2458//2458 2457//2457 2461//2461
f 2460//2460 2461//2461 2462//2462 2465//2465
f 2460//2460 2465//2465 3270//3270 3269//3269
f 2465//2465 2462//2462 2463//2463 2467//2467
f 2466//2466 2467//2467 2463//2463 2464//2464
f 2468//2468 2466//2466 2464//2464 2469//2469
f 2470//2470 2242//2242 2466//2466 2468//2468
f 2469//2469 3297//3297 2471//2471 2468//2468
f 2470//2470 2468//2468 2471//2471 2472//2472
f 2472//2472 2471//2471 2473//2473 2476//2476
f 2473//2473 2474//2474 2475//2475 2477//2477
f 3297//3297 2474//2474 2473//2473 2471//2471
f 2475//2475 2453//2453 2680//2680 2689//2689
f 2476//2476 2473//2473 2477//2477 2691//2691
f 2478//2478 2472//2472 2476//2476 2484//2484
f 2485//2485 2484//2484 2476//2476 2691//2691
f 2477//2477 2475//2475 2689//2689 2692//2692
f 2690//2690 2691//2691 2477//2477 2692//2692
f 2481//2481 2480//2480 2479//2479 2483//2483
f 2484//2484 2482//2482 2479//2479 2478//2478
f 2483//2483 2479//2479 2482//2482 2486//2486
f 2489//2489 2488//2488 2483//2483 2486//2486
f 2484//2484 2485//2485 2487//2487 2482//2482
f 2485//2485 2691//2691 2690//2690 2698//2698
f 2486//2486 2482//2482 2487//2487 2493//2493
f 2492//2492 2489//2489 2486//2486 2493//2493
f 2487//2487 2485//2485 2698//2698 2699//2699
f 2491//2491 2490//2490 2488//2488 2489//2489
f 2490//2490 2491//2491 2495//2495 2496//2496
f 2491//2491 2489//2489 2492//2492 2494//2494
f 2492//2492 2493//2493 2702//2702 2709//2709
f 2492//2492 2709//2709 2708//2708 2494//2494
f 2493//2493 2487//2487 2699//2699 2702//2702
f 2495//2495 2491//2491 2494//2494 2502//2502
f 2497//2497 2496//2496 2495//2495 2500//2500
f 2498//2498 2499//2499 2497//2497 2500//2500
f 2501//2501 2499//2499 2498//2498 2528//2528
f 2498//2498 2500//2500 2503//2503 2717//2717
f 2500//2500 2495//2495 2502//2502 2503//2503
f 2522//2522 2521//2521 2501//2501 2524//2524
f 2501//2501 2528//2528 2526//2526 2524//2524
f 2708//2708 2707//2707 2502//2502 2494//2494
f 2716//2716 2503//2503 2502//2502 2707//2707
f 2508//2508 2505//2505 2504//2504 2509//2509
f 2509//2509 2504//2504 2506//2506 2510//2510
f 2506//2506 2512//2512 3308//3308 2510//2510
f 2511//2511 2509//2509 2510//2510 2534//2534
f 2510//2510 3308//3308 2535//2535 2534//2534
f 2533//2533 2532//2532 2511//2511 2534//2534
f 2512//2512 2514//2514 2516//2516 3308//3308
f 2516//2516 2514//2514 2513//2513 2517//2517
f 2517//2517 2513//2513 2515//2515 2519//2519
f 2515//2515 2521//2521 2522//2522 2519//2519
f 2518//2518 2516//2516 2517//2517 2520//2520
f 2539//2539 2535//2535 2518//2518 2543//2543
f 2542//2542 2543//2543 2518//2518 2520//2520
f 3308//3308 2516//2516 2518//2518 2535//2535
f 2520//2520 2517//2517 2519//2519 2545//2545
f 2519//2519 2522//2522 2523//2523 2545//2545
f 2544//2544 2542//2542 2520//2520 2545//2545
f 2523//2523 2522//2522 2524//2524 2525//2525
f 2544//2544 2545//2545 2523//2523 2552//2552
f 2525//2525 2524//2524 2526//2526 2531//2531
f 2552//2552 2523//2523 2525//2525 2554//2554
f 2553//2553 2554//2554 2525//2525 2531//2531
f 2530//2530 2531//2531 2526//2526 2527//2527
f 2527//2527 2526//2526 2528//2528 2529//2529
f 2527//2527 2529//2529 2719//2719 2724//2724
f 2717//2717 2529//2529 2528//2528 2498//2498
f 2530//2530 2527//2527 2724//2724 2725//2725
f 2531//2531 2530//2530 2726//2726 2553//2553
f 2538//2538 2536//2536 2532//2532 2533//2533
f 2533//2533 2534//2534 2535//2535 2539//2539
f 2540//2540 2537//2537 2536//2536 2541//2541
f 2538//2538 2533//2533 2539//2539 2546//2546
f 2541//2541 2536//2536 2538//2538 2560//2560
f 2538//2538 2546//2546 3304//3304 2560//2560
f 2549//2549 2547//2547 2542//2542 2544//2544
f 2546//2546 2539//2539 2543//2543 2548//2548
f 2547//2547 2548//2548 2543//2543 2542//2542
f 2546//2546 2548//2548 2550//2550 3304//3304
f 2550//2550 2548//2548 2547//2547 2551//2551
f 2551//2551 2547//2547 2549//2549 2571//2571
f 2549//2549 2544//2544 2552//2552 3315//3315
f 2549//2549 3315//3315 2581//2581 2571//2571
f 2570//2570 2550//2550 2551//2551 2572//2572
f 2552//2552 2554//2554 2555//2555 3315//3315
f 2555//2555 2554//2554 2553//2553 2558//2558
f 2553//2553 2726//2726 2559//2559 2558//2558
f 2556//2556 2557//2557 2555//2555 2558//2558
f 2556//2556 2558//2558 2559//2559 2589//2589
f 2582//2582 2581//2581 2557//2557 2584//2584
f 2585//2585 2584//2584 2557//2557 2556//2556
f 3315//3315 2555//2555 2557//2557 2581//2581
f 2736//2736 2589//2589 2559//2559 2734//2734
f 2561//2561 2541//2541 2560//2560 2564//2564
f 2560//2560 3304//3304 2565//2565 2564//2564
f 2563//2563 2562//2562 2561//2561 2564//2564
f 2568//2568 2566//2566 2562//2562 2563//2563
f 2563//2563 2564//2564 2565//2565 2569//2569
f 2590//2590 2567//2567 2566//2566 2591//2591
f 2568//2568 2563//2563 2569//2569 2577//2577
f 2591//2591 2566//2566 2568//2568 2592//2592
f 2568//2568 2577//2577 3310//3310 2592//2592
f 2569//2569 2565//2565 2570//2570 2574//2574
f 2573//2573 2574//2574 2570//2570 2572//2572
f 3304//3304 2550//2550 2570//2570 2565//2565
f 2572//2572 2551//2551 2571//2571 2576//2576
f 2575//2575 2573//2573 2572//2572 2576//2576
f 2580//2580 2578//2578 2573//2573 2575//2575
f 2577//2577 2569//2569 2574//2574 2579//2579
f 2578//2578 2579//2579 2574//2574 2573//2573
f 2575//2575 2576//2576 2582//2582 2583//2583
f 2576//2576 2571//2571 2581//2581 2582//2582
f 2577//2577 2579//2579 2596//2596 3310//3310
f 2596//2596 2579//2579 2578//2578 2597//2597
f 2580//2580 2575//2575 2583//2583 3319//3319
f 2597//2597 2578//2578 2580//2580 2599//2599
f 2580//2580 3319//3319 3318//3318 2599//2599
f 2583//2583 2582//2582 2584//2584 2586//2586
f 2583//2583 2586//2586 2588//2588 3319//3319
f 2586//2586 2584//2584 2585//2585 2587//2587
f 2585//2585 2556//2556 2589//2589 2737//2737
f 2585//2585 2737//2737 2743//2743 2587//2587
f 2588//2588 2586//2586 2587//2587 2606//2606
f 2587//2587 2743//2743 2610//2610 2606//2606
f 2604//2604 2605//2605 2588//2588 2606//2606
f 2593//2593 2591//2591 2592//2592 2594//2594
f 2592//2592 3310//3310 2595//2595 2594//2594
f 2598//2598 2596//2596 2597//2597 2600//2600
f 3310//3310 2596//2596 2598//2598 2595//2595
f 2600//2600 2597//2597 2599//2599 2601//2601
f 2599//2599 3318//3318 2602//2602 2601//2601
f 2609//2609 2608//2608 2603//2603 2607//2607
f 3318//3318 2605//2605 2603//2603 2602//2602
f 2604//2604 2606//2606 2610//2610 2752//2752
f 2607//2607 2603//2603 2605//2605 2604//2604
f 3319//3319 2588//2588 2605//2605 3318//3318
f 2607//2607 2604//2604 2752//2752 2753//2753
f 2611//2611 2608//2608 2609//2609 3317//3317
f 2609//2609 2607//2607 2753//2753 2754//2754
f 2609//2609 2754//2754 2757//2757 3317//3317
f 2610//2610 2743//2743 2744//2744 2747//2747
f 2610//2610 2747//2747 2748//2748 2752//2752
f 2613//2613 2612//2612 2611//2611 3317//3317
f 2614//2614 2615//2615 2612//2612 2613//2613
f 2757//2757 2616//2616 2613//2613 3317//3317
f 2614//2614 2613//2613 2616//2616 2618//2618
f 2614//2614 2618//2618 2617//2617 2627//2627
f 2614//2614 2627//2627 2625//2625 2615//2615
f 2619//2619 2620//2620 2615//2615 2625//2625
f 2759//2759 2618//2618 2616//2616 2760//2760
f 2759//2759 2762//2762 2617//2617 2618//2618
f 2617//2617 2762//2762 2765//2765 2769//2769
f 2619//2619 2622//2622 2621//2621 2353//2353
f 2623//2623 2624//2624 2621//2621 2622//2622
f 2621//2621 2624//2624 2628//2628 2358//2358
f 2622//2622 2619//2619 2625//2625 2626//2626
f 2622//2622 2626//2626 2637//2637 2623//2623
f 2632//2632 2624//2624 2623//2623 2633//2633
f 2624//2624 2632//2632 2629//2629 2628//2628
f 2767//2767 2626//2626 2625//2625 2627//2627
f 2768//2768 2637//2637 2626//2626 2767//2767
f 2769//2769 2767//2767 2627//2627 2617//2617
f 2629//2629 2630//2630 2631//2631 2362//2362
f 2635//2635 2630//2630 2629//2629 2632//2632
f 2636//2636 2642//2642 2631//2631 2630//2630
f 2633//2633 2634//2634 2635//2635 2632//2632
f 2633//2633 2623//2623 2637//2637 2773//2773
f 2634//2634 2775//2775 2638//2638 2635//2635
f 2634//2634 2633//2633 2773//2773 2777//2777
f 2774//2774 2775//2775 2634//2634 2777//2777
f 2636//2636 2630//2630 2635//2635 2638//2638
f 2645//2645 2636//2636 2638//2638 2783//2783
f 2784//2784 2783//2783 2638//2638 2775//2775
f 2639//2639 2640//2640 2641//2641 2643//2643
f 2642//2642 2644//2644 2643//2643 2641//2641
f 2645//2645 2644//2644 2642//2642 2636//2636
f 2643//2643 2665//2665 2664//2664 2639//2639
f 2644//2644 2666//2666 2665//2665 2643//2643
f 2668//2668 2666//2666 2644//2644 2645//2645
f 2646//2646 2648//2648 2649//2649 1058//1058
f 2648//2648 2646//2646 2647//2647 2659//2659
f 2648//2648 2650//2650 2651//2651 2649//2649
f 2652//2652 2650//2650 2648//2648 2659//2659
f 2790//2790 2791//2791 2651//2651 2650//2650
f 2652//2652 2792//2792 2790//2790 2650//2650
f 2656//2656 2657//2657 2653//2653 2654//2654
f 2659//2659 2647//2647 2653//2653 2657//2657
f 2658//2658 2656//2656 2654//2654 2655//2655
f 2656//2656 2661//2661 2660//2660 2657//2657
f 2658//2658 2662//2662 2661//2661 2656//2656
f 2658//2658 2655//2655 2663//2663 2667//2667
f 2660//2660 2652//2652 2659//2659 2657//2657
f 2792//2792 2652//2652 2660//2660 2798//2798
f 2796//2796 2797//2797 2661//2661 2662//2662
f 2798//2798 2660//2660 2661//2661 2797//2797
f 2667//2667 2669//2669 2662//2662 2658//2658
f 2802//2802 2796//2796 2662//2662 2669//2669
f 2664//2664 2665//2665 2667//2667 2663//2663
f 2667//2667 2665//2665 2666//2666 2669//2669
f 2802//2802 2669//2669 2666//2666 2668//2668
f 2783//2783 2787//2787 2668//2668 2645//2645
f 2670//2670 2456//2456 2671//2671 2672//2672
f 2670//2670 2672//2672 2674//2674 2678//2678
f 2674//2674 2672//2672 2673//2673 2675//2675
f 2674//2674 2675//2675 2676//2676 2677//2677
f 2678//2678 2674//2674 2677//2677 2820//2820
f 2677//2677 2676//2676 2811//2811 2815//2815
f 2677//2677 2815//2815 2814//2814 2820//2820
f 2682//2682 2670//2670 2678//2678 2685//2685
f 2678//2678 2820//2820 2688//2688 2685//2685
f 2679//2679 2682//2682 2683//2683 2681//2681
f 2680//2680 2681//2681 2683//2683 2687//2687
f 2680//2680 2687//2687 2695//2695 2689//2689
f 2684//2684 2683//2683 2682//2682 2685//2685
f 2686//2686 2687//2687 2683//2683 2684//2684
f 2684//2684 2685//2685 2688//2688 2821//2821
f 2695//2695 2687//2687 2686//2686 2696//2696
f 2821//2821 2826//2826 2686//2686 2684//2684
f 2689//2689 2695//2695 2693//2693 2692//2692
f 2690//2690 2692//2692 2693//2693 2694//2694
f 2693//2693 2695//2695 2696//2696 2697//2697
f 2694//2694 2693//2693 2697//2697 2830//2830
f 2698//2698 2690//2690 2694//2694 2700//2700
f 2694//2694 2830//2830 2704//2704 2700//2700
f 2696//2696 2686//2686 2826//2826 2828//2828
f 2827//2827 2697//2697 2696//2696 2828//2828
f 2829//2829 2830//2830 2697//2697 2827//2827
f 2699//2699 2698//2698 2700//2700 2703//2703
f 2701//2701 2702//2702 2699//2699 2703//2703
f 2709//2709 2702//2702 2701//2701 2711//2711
f 2703//2703 2700//2700 2704//2704 2706//2706
f 2705//2705 2701//2701 2703//2703 2706//2706
f 2711//2711 2701//2701 2705//2705 2712//2712
f 2705//2705 2706//2706 2836//2836 2840//2840
f 2705//2705 2840//2840 3316//3316 2712//2712
f 2706//2706 2704//2704 2835//2835 2836//2836
f 2707//2707 2708//2708 2710//2710 2714//2714
f 2709//2709 2711//2711 2710//2710 2708//2708
f 2710//2710 2711//2711 2712//2712 2715//2715
f 2713//2713 2714//2714 2710//2710 2715//2715
f 2712//2712 3316//3316 2846//2846 2715//2715
f 2721//2721 2714//2714 2713//2713 2854//2854
f 2713//2713 2715//2715 2846//2846 2847//2847
f 2716//2716 2707//2707 2714//2714 2721//2721
f 2717//2717 2503//2503 2716//2716 2720//2720
f 2717//2717 2720//2720 2719//2719 2529//2529
f 2719//2719 2720//2720 2718//2718 2722//2722
f 2727//2727 2724//2724 2719//2719 2722//2722
f 2721//2721 2718//2718 2720//2720 2716//2716
f 2721//2721 2854//2854 2723//2723 2718//2718
f 2722//2722 2718//2718 2723//2723 2729//2729
f 2728//2728 2727//2727 2722//2722 2729//2729
f 2723//2723 2854//2854 2855//2855 2856//2856
f 2724//2724 2727//2727 2730//2730 2725//2725
f 2726//2726 2530//2530 2725//2725 2735//2735
f 2725//2725 2730//2730 2732//2732 2735//2735
f 2734//2734 2559//2559 2726//2726 2735//2735
f 2730//2730 2727//2727 2728//2728 2733//2733
f 2729//2729 2723//2723 2856//2856 2858//2858
f 2863//2863 2728//2728 2729//2729 2858//2858
f 2731//2731 2732//2732 2730//2730 2733//2733
f 2740//2740 2732//2732 2731//2731 2871//2871
f 2734//2734 2735//2735 2732//2732 2740//2740
f 2863//2863 2865//2865 2733//2733 2728//2728
f 2864//2864 2731//2731 2733//2733 2865//2865
f 2738//2738 2736//2736 2734//2734 2740//2740
f 2737//2737 2589//2589 2736//2736 2739//2739
f 2739//2739 2736//2736 2738//2738 2741//2741
f 2743//2743 2737//2737 2739//2739 2744//2744
f 2745//2745 2744//2744 2739//2739 2741//2741
f 2740//2740 2871//2871 2742//2742 2738//2738
f 2741//2741 2738//2738 2742//2742 2749//2749
f 2742//2742 2871//2871 2872//2872 2874//2874
f 2873//2873 2749//2749 2742//2742 2874//2874
f 2746//2746 2747//2747 2744//2744 2745//2745
f 2745//2745 2741//2741 2749//2749 3284//3284
f 2745//2745 3284//3284 2751//2751 2746//2746
f 2748//2748 2747//2747 2746//2746 2750//2750
f 2758//2758 2755//2755 2748//2748 2750//2750
f 2749//2749 2873//2873 2881//2881 3284//3284
f 2750//2750 2746//2746 2751//2751 2879//2879
f 2886//2886 2758//2758 2750//2750 2879//2879
f 2752//2752 2748//2748 2755//2755 2753//2753
f 2754//2754 2753//2753 2755//2755 2756//2756
f 2755//2755 2758//2758 2887//2887 2756//2756
f 2757//2757 2754//2754 2756//2756 2761//2761
f 2760//2760 2616//2616 2757//2757 2761//2761
f 2759//2759 2763//2763 2766//2766 2762//2762
f 2763//2763 2759//2759 2760//2760 2892//2892
f 2760//2760 2761//2761 2891//2891 2892//2892
f 2887//2887 2891//2891 2761//2761 2756//2756
f 2764//2764 2765//2765 2762//2762 2766//2766
f 2764//2764 2903//2903 2771//2771 2765//2765
f 2764//2764 2894//2894 2904//2904 2903//2903
f 2770//2770 2769//2769 2765//2765 2771//2771
f 2766//2766 2763//2763 2893//2893 2900//2900
f 2894//2894 2764//2764 2766//2766 2900//2900
f 2767//2767 2769//2769 2770//2770 2768//2768
f 2772//2772 2776//2776 2768//2768 2770//2770
f 2768//2768 2776//2776 2773//2773 2637//2637
f 2772//2772 2770//2770 2771//2771 2902//2902
f 2782//2782 2780//2780 2772//2772 2902//2902
f 2778//2778 2777//2777 2773//2773 2776//2776
f 2774//2774 2777//2777 2778//2778 2779//2779
f 2774//2774 2785//2785 2784//2784 2775//2775
f 2780//2780 2778//2778 2776//2776 2772//2772
f 2781//2781 2779//2779 2778//2778 2780//2780
f 2785//2785 2774//2774 2779//2779 2788//2788
f 2910//2910 2788//2788 2779//2779 2781//2781
f 2781//2781 2780//2780 2782//2782 2912//2912
f 2911//2911 2910//2910 2781//2781 2912//2912
f 2784//2784 2786//2786 2787//2787 2783//2783
f 2785//2785 2789//2789 2786//2786 2784//2784
f 2955//2955 2804//2804 2786//2786 2789//2789
f 2787//2787 2803//2803 2802//2802 2668//2668
f 2804//2804 2803//2803 2787//2787 2786//2786
f 2788//2788 2956//2956 2789//2789 2785//2785
f 2957//2957 2956//2956 2788//2788 2910//2910
f 2790//2790 2792//2792 2795//2795 2794//2794
f 2791//2791 2790//2790 2794//2794 2793//2793
f 2792//2792 2798//2798 2799//2799 2795//2795
f 2794//2794 2921//2921 2920//2920 2793//2793
f 2795//2795 2922//2922 2921//2921 2794//2794
f 2796//2796 2802//2802 2803//2803 2801//2801
f 2797//2797 2796//2796 2801//2801 2800//2800
f 2798//2798 2797//2797 2800//2800 2799//2799
f 2799//2799 2937//2937 2922//2922 2795//2795
f 2800//2800 2938//2938 2937//2937 2799//2799
f 2801//2801 2803//2803 2804//2804 2939//2939
f 2801//2801 2939//2939 2938//2938 2800//2800
f 2963//2963 2806//2806 2805//2805 2962//2962
f 2964//2964 2807//2807 2806//2806 2963//2963
f 2965//2965 2808//2808 2807//2807 2964//2964
f 2966//2966 2809//2809 2808//2808 2965//2965
f 2967//2967 2810//2810 2809//2809 2966//2966
f 2818//2818 2816//2816 2810//2810 2967//2967
f 2811//2811 2812//2812 2813//2813 2815//2815
f 2814//2814 2815//2815 2813//2813 2817//2817
f 2817//2817 2813//2813 2816//2816 2818//2818
f 2819//2819 2814//2814 2817//2817 2822//2822
f 2822//2822 2817//2817 2818//2818 2988//2988
f 2818//2818 2967//2967 2982//2982 2988//2988
f 2819//2819 2688//2688 2820//2820 2814//2814
f 2821//2821 2688//2688 2819//2819 2823//2823
f 2821//2821 2823//2823 2825//2825 2826//2826
f 2823//2823 2819//2819 2822//2822 2824//2824
f 2822//2822 2988//2988 2987//2987 2824//2824
f 2825//2825 2823//2823 2824//2824 2833//2833
f 2986//2986 2833//2833 2824//2824 2987//2987
f 2826//2826 2825//2825 2832//2832 2828//2828
f 2831//2831 2827//2827 2828//2828 2832//2832
f 2829//2829 2827//2827 2831//2831 2837//2837
f 2830//2830 2829//2829 2835//2835 2704//2704
f 2831//2831 2832//2832 2834//2834 3006//3006
f 2831//2831 3006//3006 2841//2841 2837//2837
f 2832//2832 2825//2825 2833//2833 2834//2834
f 3004//3004 2834//2834 2833//2833 2986//2986
f 3005//3005 3006//3006 2834//2834 3004//3004
f 2835//2835 2829//2829 2837//2837 2839//2839
f 2838//2838 2836//2836 2835//2835 2839//2839
f 2840//2840 2836//2836 2838//2838 2845//2845
f 2844//2844 2845//2845 2838//2838 2842//2842
f 2839//2839 2837//2837 2841//2841 2843//2843
f 2842//2842 2838//2838 2839//2839 2843//2843
f 2840//2840 2845//2845 2849//2849 3316//3316
f 3005//3005 3008//3008 2841//2841 3006//3006
f 2842//2842 2843//2843 3020//3020 3022//3022
f 3021//3021 2844//2844 2842//2842 3022//3022
f 3008//3008 3020//3020 2843//2843 2841//2841
f 2849//2849 2845//2845 2844//2844 2850//2850
f 2847//2847 2846//2846 2848//2848 2852//2852
f 2854//2854 2713//2713 2847//2847 2855//2855
f 2847//2847 2852//2852 2860//2860 2855//2855
f 2848//2848 2849//2849 2850//2850 2853//2853
f 2851//2851 2852//2852 2848//2848 2853//2853
f 3316//3316 2849//2849 2848//2848 2846//2846
f 3021//3021 3030//3030 2850//2850 2844//2844
f 2850//2850 3030//3030 3029//3029 2853//2853
f 2860//2860 2852//2852 2851//2851 3055//3055
f 2851//2851 2853//2853 3029//3029 3033//3033
f 2857//2857 2858//2858 2856//2856 2859//2859
f 2860//2860 2859//2859 2856//2856 2855//2855
f 2858//2858 2857//2857 2867//2867 2863//2863
f 2861//2861 2857//2857 2859//2859 2862//2862
f 2860//2860 3055//3055 2862//2862 2859//2859
f 2867//2867 2857//2857 2861//2861 2868//2868
f 3050//3050 3057//3057 2861//2861 2862//2862
f 2862//2862 3055//3055 3056//3056 3050//3050
f 2863//2863 2867//2867 2866//2866 2865//2865
f 2864//2864 2865//2865 2866//2866 2869//2869
f 2871//2871 2731//2731 2864//2864 2872//2872
f 2866//2866 2867//2867 2868//2868 3075//3075
f 2870//2870 2869//2869 2866//2866 3075//3075
f 2868//2868 2861//2861 3057//3057 3072//3072
f 2872//2872 2864//2864 2869//2869 2876//2876
f 2869//2869 2870//2870 2878//2878 2876//2876
f 2875//2875 2874//2874 2872//2872 2876//2876
f 2877//2877 2873//2873 2874//2874 2875//2875
f 2875//2875 2876//2876 2878//2878 3087//3087
f 2881//2881 2873//2873 2877//2877 2883//2883
f 2877//2877 2875//2875 3087//3087 3100//3100
f 2878//2878 2870//2870 3084//3084 3083//3083
f 2878//2878 3083//3083 3300//3300 3087//3087
f 2879//2879 2751//2751 2880//2880 2885//2885
f 2879//2879 2885//2885 2889//2889 2886//2886
f 2884//2884 2885//2885 2880//2880 2882//2882
f 3284//3284 2881//2881 2880//2880 2751//2751
f 2882//2882 2880//2880 2881//2881 2883//2883
f 2883//2883 2877//2877 3100//3100 3099//3099
f 3102//3102 2882//2882 2883//2883 3099//3099
f 2889//2889 2885//2885 2884//2884 3122//3122
f 2884//2884 2882//2882 3102//3102 3118//3118
f 2887//2887 2758//2758 2886//2886 2888//2888
f 2890//2890 2891//2891 2887//2887 2888//2888
f 2888//2888 2886//2886 2889//2889 3124//3124
f 2888//2888 3124//3124 2896//2896 2890//2890
f 3123//3123 3124//3124 2889//2889 3122//3122
f 2895//2895 2892//2892 2891//2891 2890//2890
f 2892//2892 2895//2895 2893//2893 2763//2763
f 2899//2899 2900//2900 2893//2893 2897//2897
f 2894//2894 2900//2900 2899//2899 2908//2908
f 2907//2907 2904//2904 2894//2894 2908//2908
f 2895//2895 2890//2890 2896//2896 2898//2898
f 2897//2897 2893//2893 2895//2895 2898//2898
f 2896//2896 3124//3124 3123//3123 3148//3148
f 3147//3147 2898//2898 2896//2896 3148//3148
f 3149//3149 2897//2897 2898//2898 3147//3147
f 2899//2899 2897//2897 3149//3149 3277//3277
f 2899//2899 3277//3277 3168//3168 2908//2908
f 2901//2901 2903//2903 2904//2904 2906//2906
f 2903//2903 2901//2901 2902//2902 2771//2771
f 2905//2905 2782//2782 2902//2902 2901//2901
f 2909//2909 2906//2906 2904//2904 2907//2907
f 2905//2905 2901//2901 2906//2906 2914//2914
f 2912//2912 2782//2782 2905//2905 2913//2913
f 3167//3167 2907//2907 2908//2908 3168//3168
f 2914//2914 2906//2906 2909//2909 3170//3170
f 2909//2909 2907//2907 3167//3167 3169//3169
f 2916//2916 2957//2957 2910//2910 2911//2911
f 2913//2913 2917//2917 2911//2911 2912//2912
f 2913//2913 2905//2905 2914//2914 2919//2919
f 2918//2918 2919//2919 2914//2914 3170//3170
f 2915//2915 2917//2917 3190//3190 3189//3189
f 2917//2917 2915//2915 2916//2916 2911//2911
f 2916//2916 2915//2915 2961//2961 2960//2960
f 2919//2919 3190//3190 2917//2917 2913//2913
f 3172//3172 3188//3188 2918//2918 3170//3170
f 2918//2918 3188//3188 3191//3191 3189//3189
f 3189//3189 3190//3190 2919//2919 2918//2918
f 2921//2921 2924//2924 2923//2923 2920//2920
f 2922//2922 2925//2925 2924//2924 2921//2921
f 2924//2924 2927//2927 2926//2926 2923//2923
f 2925//2925 2929//2929 2927//2927 2924//2924
f 2937//2937 2940//2940 2925//2925 2922//2922
f 2926//2926 2927//2927 2928//2928 2931//2931
f 2927//2927 2929//2929 2930//2930 2928//2928
f 2928//2928 2933//2933 2932//2932 2931//2931
f 2940//2940 2945//2945 2929//2929 2925//2925
f 2929//2929 2945//2945 2946//2946 2930//2930
f 2930//2930 2934//2934 2933//2933 2928//2928
f 2935//2935 3176//3176 2932//2932 2933//2933
f 2934//2934 2936//2936 2935//2935 2933//2933
f 2946//2946 2950//2950 2934//2934 2930//2930
f 2935//2935 2936//2936 3174//3174 3178//3178
f 2950//2950 2954//2954 2936//2936 2934//2934
f 2936//2936 2954//2954 3185//3185 3174//3174
f 2941//2941 2940//2940 2937//2937 2938//2938
f 2943//2943 2941//2941 2938//2938 2939//2939
f 2955//2955 2943//2943 2939//2939 2804//2804
f 2940//2940 2941//2941 2942//2942 2945//2945
f 2943//2943 2944//2944 2942//2942 2941//2941
f 2942//2942 2947//2947 2946//2946 2945//2945
f 2944//2944 2948//2948 2947//2947 2942//2942
f 2955//2955 2958//2958 2944//2944 2943//2943
f 2946//2946 2947//2947 2949//2949 2950//2950
f 2947//2947 2948//2948 2951//2951 2949//2949
f 2958//2958 2959//2959 2948//2948 2944//2944
f 2960//2960 2951//2951 2948//2948 2959//2959
f 2949//2949 2951//2951 2952//2952 2953//2953
f 2949//2949 2953//2953 2954//2954 2950//2950
f 2951//2951 2960//2960 2961//2961 2952//2952
f 2952//2952 3187//3187 3186//3186 2953//2953
f 3186//3186 3185//3185 2954//2954 2953//2953
f 2956//2956 2958//2958 2955//2955 2789//2789
f 2957//2957 2959//2959 2958//2958 2956//2956
f 2960//2960 2959//2959 2957//2957 2916//2916
f 2961//2961 3191//3191 3187//3187 2952//2952
f 2961//2961 2915//2915 3189//3189 3191//3191
f 2963//2963 2962//2962 2968//2968 2971//2971
f 2964//2964 2963//2963 2971//2971 2973//2973
f 2977//2977 2965//2965 2964//2964 2973//2973
f 2978//2978 2966//2966 2965//2965 2977//2977
f 2967//2967 2966//2966 2978//2978 2982//2982
f 2970//2970 2971//2971 2968//2968 2969//2969
f 2975//2975 2970//2970 2969//2969 2974//2974
f 2976//2976 2972//2972 2970//2970 2975//2975
f 2972//2972 2973//2973 2971//2971 2970//2970
f 2979//2979 2977//2977 2973//2973 2972//2972
f 2975//2975 2974//2974 2989//2989 3292//3292
f 2976//2976 2983//2983 2979//2979 2972//2972
f 2996//2996 2983//2983 2976//2976 2999//2999
f 2976//2976 2975//2975 3292//3292 2999//2999
f 2979//2979 2980//2980 2978//2978 2977//2977
f 2980//2980 2981//2981 2982//2982 2978//2978
f 2983//2983 2984//2984 2980//2980 2979//2979
f 2985//2985 2981//2981 2980//2980 2984//2984
f 2986//2986 2987//2987 2981//2981 2985//2985
f 2987//2987 2988//2988 2982//2982 2981//2981
f 2997//2997 2984//2984 2983//2983 2996//2996
f 2997//2997 2998//2998 2985//2985 2984//2984
f 3004//3004 2986//2986 2985//2985 2998//2998
f 2992//2992 2993//2993 2990//2990 2991//2991
f 3292//3292 2989//2989 2990//2990 2993//2993
f 2991//2991 1376//1376 3009//3009 3011//3011
f 3010//3010 2992//2992 2991//2991 3011//3011
f 3012//3012 2994//2994 2992//2992 3010//3010
f 2994//2994 2995//2995 2993//2993 2992//2992
f 2999//2999 3292//3292 2993//2993 2995//2995
f 3002//3002 3000//3000 2995//2995 2994//2994
f 3001//3001 2997//2997 2996//2996 3000//3000
f 2998//2998 2997//2997 3001//3001 3007//3007
f 3000//3000 2996//2996 2999//2999 2995//2995
f 3003//3003 3001//3001 3000//3000 3002//3002
f 3002//3002 2994//2994 3012//3012 3015//3015
f 3007//3007 3001//3001 3003//3003 3017//3017
f 3003//3003 3002//3002 3015//3015 3018//3018
f 3016//3016 3017//3017 3003//3003 3018//3018
f 3004//3004 2998//2998 3007//3007 3005//3005
f 3008//3008 3005//3005 3007//3007 3017//3017
f 3008//3008 3017//3017 3016//3016 3023//3023
f 3009//3009 1569//1569 3013//3013 3011//3011
f 3010//3010 3011//3011 3013//3013 3014//3014
f 3012//3012 3010//3010 3014//3014 3194//3194
f 3012//3012 3194//3194 3202//3202 3015//3015
f 3192//3192 3014//3014 3013//3013 1574//1574
f 3193//3193 3194//3194 3014//3014 3192//3192
f 3015//3015 3202//3202 3019//3019 3018//3018
f 3016//3016 3018//3018 3019//3019 3204//3204
f 3019//3019 3202//3202 3198//3198 3205//3205
f 3203//3203 3204//3204 3019//3019 3205//3205
f 3020//3020 3008//3008 3023//3023 3024//3024
f 3025//3025 3022//3022 3020//3020 3024//3024
f 3022//3022 3025//3025 3031//3031 3021//3021
f 3204//3204 3027//3027 3023//3023 3016//3016
f 3027//3027 3026//3026 3024//3024 3023//3023
f 3024//3024 3026//3026 3028//3028 3025//3025
f 3209//3209 3213//3213 3026//3026 3027//3027
f 3027//3027 3204//3204 3203//3203 3209//3209
f 3031//3031 3025//3025 3028//3028 3036//3036
f 3028//3028 3026//3026 3213//3213 3215//3215
f 3029//3029 3030//3030 3032//3032 3037//3037
f 3034//3034 3033//3033 3029//3029 3037//3037
f 3030//3030 3021//3021 3031//3031 3032//3032
f 3035//3035 3032//3032 3031//3031 3036//3036
f 3055//3055 2851//2851 3033//3033 3056//3056
f 3033//3033 3034//3034 3058//3058 3056//3056
f 3034//3034 3037//3037 3059//3059 3060//3060
f 3037//3037 3032//3032 3035//3035 3059//3059
f 3035//3035 3036//3036 3231//3231 3291//3291
f 3035//3035 3291//3291 3258//3258 3059//3059
f 3036//3036 3028//3028 3215//3215 3231//3231
f 3063//3063 3040//3040 3038//3038 3062//3062
f 3040//3040 3041//3041 3039//3039 3038//3038
f 3044//3044 3043//3043 3039//3039 3041//3041
f 3042//3042 3041//3041 3040//3040 3045//3045
f 3044//3044 3041//3041 3042//3042 3237//3237
f 3043//3043 3044//3044 3236//3236 3235//3235
f 3044//3044 3237//3237 3238//3238 3236//3236
f 3046//3046 3042//3042 3045//3045 3049//3049
f 3063//3063 3064//3064 3045//3045 3040//3040
f 3047//3047 3048//3048 3046//3046 3049//3049
f 3052//3052 3053//3053 3046//3046 3048//3048
f 3237//3237 3042//3042 3046//3046 3053//3053
f 3050//3050 3051//3051 3048//3048 3047//3047
f 3054//3054 3052//3052 3048//3048 3051//3051
f 3064//3064 3071//3071 3049//3049 3045//3045
f 3072//3072 3047//3047 3049//3049 3071//3071
f 3058//3058 3051//3051 3050//3050 3056//3056
f 3050//3050 3047//3047 3072//3072 3057//3057
f 3052//3052 3054//3054 3249//3249 3248//3248
f 3053//3053 3052//3052 3248//3248 3247//3247
f 3058//3058 3061//3061 3054//3054 3051//3051
f 3260//3260 3249//3249 3054//3054 3061//3061
f 3058//3058 3034//3034 3060//3060 3061//3061
f 3060//3060 3059//3059 3258//3258 3259//3259
f 3061//3061 3060//3060 3259//3259 3260//3260
f 3065//3065 3064//3064 3063//3063 3069//3069
f 3063//3063 3062//3062 3067//3067 3069//3069
f 3073//3073 3071//3071 3064//3064 3065//3065
f 3068//3068 3070//3070 3065//3065 3069//3069
f 3074//3074 3073//3073 3065//3065 3070//3070
f 3077//3077 3068//3068 3066//3066 3076//3076
f 3068//3068 3069//3069 3067//3067 3066//3066
f 3077//3077 3078//3078 3070//3070 3068//3068
f 3072//3072 3071//3071 3073//3073 3298//3298
f 3075//3075 2868//2868 3072//3072 3298//3298
f 3078//3078 3082//3082 3074//3074 3070//3070
f 3083//3083 3084//3084 3074//3074 3082//3082
f 3298//3298 3073//3073 3074//3074 3084//3084
f 3075//3075 3298//3298 3084//3084 2870//2870
f 3079//3079 3078//3078 3077//3077 3080//3080
f 3077//3077 3076//3076 3307//3307 3080//3080
f 3085//3085 3082//3082 3078//3078 3079//3079
f 3086//3086 3085//3085 3079//3079 3081//3081
f 3081//3081 3079//3079 3080//3080 3091//3091
f 3080//3080 3307//3307 3089//3089 3091//3091
f 3090//3090 3092//3092 3081//3081 3091//3091
f 3083//3083 3082//3082 3085//3085 3300//3300
f 3092//3092 3096//3096 3086//3086 3081//3081
f 3097//3097 3098//3098 3086//3086 3096//3096
f 3300//3300 3085//3085 3086//3086 3098//3098
f 3087//3087 3300//3300 3098//3098 3100//3100
f 3090//3090 3091//3091 3089//3089 3088//3088
f 3093//3093 3092//3092 3090//3090 3094//3094
f 3090//3090 3088//3088 3306//3306 3094//3094
f 3101//3101 3096//3096 3092//3092 3093//3093
f 3103//3103 3101//3101 3093//3093 3095//3095
f 3095//3095 3093//3093 3094//3094 3107//3107
f 3094//3094 3306//3306 3105//3105 3107//3107
f 3106//3106 3108//3108 3095//3095 3107//3107
f 3097//3097 3096//3096 3101//3101 3283//3283
f 3102//3102 3099//3099 3097//3097 3283//3283
f 3099//3099 3100//3100 3098//3098 3097//3097
f 3102//3102 3283//3283 3116//3116 3118//3118
f 3108//3108 3114//3114 3103//3103 3095//3095
f 3115//3115 3116//3116 3103//3103 3114//3114
f 3283//3283 3101//3101 3103//3103 3116//3116
f 3106//3106 3107//3107 3105//3105 3104//3104
f 3106//3106 3104//3104 3109//3109 3112//3112
f 3110//3110 3108//3108 3106//3106 3112//3112
f 3119//3119 3114//3114 3108//3108 3110//3110
f 3121//3121 3119//3119 3110//3110 3113//3113
f 3112//3112 3109//3109 3111//3111 3127//3127
f 3126//3126 3127//3127 3111//3111 3125//3125
f 3113//3113 3110//3110 3112//3112 3127//3127
f 3126//3126 3128//3128 3113//3113 3127//3127
f 3115//3115 3114//3114 3119//3119 3282//3282
f 3120//3120 3117//3117 3115//3115 3282//3282
f 3117//3117 3118//3118 3116//3116 3115//3115
f 3123//3123 3122//3122 3117//3117 3120//3120
f 3122//3122 2884//2884 3118//3118 3117//3117
f 3120//3120 3282//3282 3139//3139 3141//3141
f 3128//3128 3137//3137 3121//3121 3113//3113
f 3138//3138 3139//3139 3121//3121 3137//3137
f 3282//3282 3119//3119 3121//3121 3139//3139
f 3123//3123 3120//3120 3141//3141 3148//3148
f 3130//3130 3126//3126 3125//3125 3129//3129
f 3130//3130 3131//3131 3128//3128 3126//3126
f 3130//3130 3129//3129 3132//3132 3135//3135
f 3133//3133 3131//3131 3130//3130 3135//3135
f 3131//3131 3142//3142 3137//3137 3128//3128
f 3145//3145 3142//3142 3131//3131 3133//3133
f 3146//3146 3145//3145 3133//3133 3136//3136
f 3135//3135 3132//3132 3134//3134 3152//3152
f 3151//3151 3152//3152 3134//3134 3150//3150
f 3136//3136 3133//3133 3135//3135 3152//3152
f 3151//3151 3153//3153 3136//3136 3152//3152
f 3143//3143 3138//3138 3137//3137 3142//3142
f 3144//3144 3140//3140 3138//3138 3143//3143
f 3140//3140 3141//3141 3139//3139 3138//3138
f 3149//3149 3147//3147 3140//3140 3144//3144
f 3147//3147 3148//3148 3141//3141 3140//3140
f 3143//3143 3142//3142 3145//3145 3295//3295
f 3144//3144 3143//3143 3295//3295 3278//3278
f 3153//3153 3160//3160 3146//3146 3136//3136
f 3161//3161 3162//3162 3146//3146 3160//3160
f 3295//3295 3145//3145 3146//3146 3162//3162
f 3149//3149 3144//3144 3278//3278 3277//3277
f 3151//3151 3150//3150 3154//3154 3158//3158
f 3155//3155 3153//3153 3151//3151 3158//3158
f 3165//3165 3160//3160 3153//3153 3155//3155
f 3157//3157 3158//3158 3154//3154 3156//3156
f 3166//3166 3165//3165 3155//3155 3159//3159
f 3173//3173 3157//3157 3156//3156 3179//3179
f 3175//3175 3159//3159 3157//3157 3173//3173
f 3159//3159 3155//3155 3158//3158 3157//3157
f 3180//3180 3166//3166 3159//3159 3175//3175
f 3161//3161 3160//3160 3165//3165 3299//3299
f 3163//3163 3164//3164 3162//3162 3161//3161
f 3278//3278 3295//3295 3162//3162 3164//3164
f 3163//3163 3161//3161 3299//3299 3171//3171
f 3167//3167 3168//3168 3164//3164 3163//3163
f 3277//3277 3278//3278 3164//3164 3168//3168
f 3299//3299 3165//3165 3166//3166 3182//3182
f 3167//3167 3163//3163 3171//3171 3169//3169
f 3170//3170 2909//2909 3169//3169 3172//3172
f 3172//3172 3169//3169 3171//3171 3184//3184
f 3171//3171 3299//3299 3182//3182 3184//3184
f 3183//3183 3188//3188 3172//3172 3184//3184
f 3174//3174 3175//3175 3173//3173 3178//3178
f 3173//3173 3179//3179 3177//3177 3178//3178
f 3185//3185 3180//3180 3175//3175 3174//3174
f 3176//3176 2935//2935 3178//3178 3177//3177
f 3180//3180 3181//3181 3182//3182 3166//3166
f 3181//3181 3183//3183 3184//3184 3182//3182
f 3181//3181 3180//3180 3185//3185 3186//3186
f 3186//3186 3187//3187 3183//3183 3181//3181
f 3187//3187 3191//3191 3188//3188 3183//3183
f 3193//3193 3192//3192 3195//3195 3196//3196
f 3202//3202 3194//3194 3193//3193 3198//3198
f 3200//3200 3196//3196 3195//3195 3199//3199
f 3196//3196 3197//3197 3198//3198 3193//3193
f 3201//3201 3197//3197 3196//3196 3200//3200
f 3197//3197 3206//3206 3205//3205 3198//3198
f 3210//3210 3206//3206 3197//3197 3201//3201
f 3217//3217 3218//3218 3200//3200 3199//3199
f 3218//3218 3219//3219 3201//3201 3200//3200
f 3206//3206 3207//3207 3203//3203 3205//3205
f 3211//3211 3207//3207 3206//3206 3210//3210
f 3207//3207 3208//3208 3209//3209 3203//3203
f 3212//3212 3208//3208 3207//3207 3211//3211
f 3208//3208 3214//3214 3213//3213 3209//3209
f 3216//3216 3214//3214 3208//3208 3212//3212
f 3219//3219 3224//3224 3210//3210 3201//3201
f 3224//3224 3225//3225 3211//3211 3210//3210
f 3225//3225 3226//3226 3212//3212 3211//3211
f 3215//3215 3213//3213 3214//3214 3216//3216
f 3216//3216 3212//3212 3226//3226 3233//3233
f 3231//3231 3215//3215 3216//3216 3233//3233
f 3221//3221 3218//3218 3217//3217 3220//3220
f 3221//3221 3222//3222 3219//3219 3218//3218
f 3223//3223 3222//3222 3221//3221 3246//3246
f 3221//3221 3220//3220 3245//3245 3246//3246
f 3222//3222 3227//3227 3224//3224 3219//3219
f 3230//3230 3227//3227 3222//3222 3223//3223
f 3243//3243 3244//3244 3223//3223 3246//3246
f 3228//3228 3225//3225 3224//3224 3227//3227
f 3229//3229 3226//3226 3225//3225 3228//3228
f 3232//3232 3233//3233 3226//3226 3229//3229
f 3228//3228 3227//3227 3230//3230 3256//3256
f 3234//3234 3232//3232 3229//3229 3257//3257
f 3229//3229 3228//3228 3256//3256 3257//3257
f 3244//3244 3253//3253 3230//3230 3223//3223
f 3254//3254 3256//3256 3230//3230 3253//3253
f 3231//3231 3233//3233 3232//3232 3291//3291
f 3255//3255 3261//3261 3234//3234 3257//3257
f 3291//3291 3232//3232 3234//3234 3258//3258
f 3236//3236 3240//3240 3239//3239 3235//3235
f 3237//3237 3053//3053 3247//3247 3238//3238
f 3238//3238 3241//3241 3240//3240 3236//3236
f 3240//3240 3243//3243 3242//3242 3239//3239
f 3241//3241 3244//3244 3243//3243 3240//3240
f 3247//3247 3250//3250 3241//3241 3238//3238
f 3243//3243 3246//3246 3245//3245 3242//3242
f 3250//3250 3253//3253 3244//3244 3241//3241
f 3248//3248 3251//3251 3250//3250 3247//3247
f 3249//3249 3252//3252 3251//3251 3248//3248
f 3251//3251 3254//3254 3253//3253 3250//3250
f 3251//3251 3252//3252 3255//3255 3254//3254
f 3260//3260 3262//3262 3252//3252 3249//3249
f 3252//3252 3262//3262 3261//3261 3255//3255
f 3255//3255 3257//3257 3256//3256 3254//3254
f 3261//3261 3259//3259 3258//3258 3234//3234
f 3260//3260 3259//3259 3261//3261 3262//3262
f 3322//3322 764//764 793//793 1139//1139
f 3323//3323 3321//3321 1937//1937 1947//1947
f 3324//3324 1363//1363 1379//1379 1382//1382
f 3325//3325 1402//1402 1240//1240 1421//1421
f 3326//3326 693//693 694//694 902//902
