# Blender 4.3.0
# www.blender.org
mtllib 7inflated.mtl
o 7
v -2.615345 -1.075331 6.343707
v -2.601886 -1.292671 6.352728
v -2.387995 -1.067329 6.346398
v -2.379328 -1.281881 6.404559
v -2.158146 -1.271419 6.350405
v -2.153388 -1.481096 6.342679
v -2.359905 -1.497325 6.350339
v -1.944854 -1.267587 6.341343
v -2.164124 -1.066840 6.397013
v -1.738435 -1.276922 6.402037
v -1.940420 -1.068480 6.358171
v -1.527716 -1.291648 6.342956
v -1.773585 -1.452162 6.360413
v -1.569229 -1.468323 6.369682
v -2.621484 -0.859503 6.353697
v -2.391921 -0.863087 6.380507
v -2.605271 -0.209074 6.352728
v -2.621820 -0.424773 6.412303
v -2.358718 -0.229774 6.435498
v -2.381133 -0.436792 6.514330
v -2.585303 -0.001389 6.328296
v -2.350577 -0.017492 6.381902
v -2.127836 -0.451784 6.447006
v -2.118504 -0.243585 6.450454
v -2.159933 -0.864808 6.477055
v -1.892282 -0.464251 6.509511
v -1.879174 -0.260732 6.457364
v -2.111790 -0.036471 6.455993
v -1.721138 -1.083250 6.474202
v -1.930307 -0.871310 6.451024
v -1.639151 -0.272098 6.464731
v -1.873723 -0.051567 6.510876
v -1.621636 -0.068287 6.445002
v -1.700509 -0.884535 6.478855
v -1.466344 -0.912829 6.468930
v -1.496592 -1.108308 6.393392
v -1.659111 -0.479843 6.519542
v -1.396254 -0.292707 6.436525
v -1.421090 -0.502219 6.465161
v -1.383424 -0.085002 6.449678
v -1.274901 -1.159965 6.340638
v -1.165349 -0.535838 6.370689
v -1.150818 -0.315373 6.450213
v -2.545320 0.634538 6.360852
v -2.569934 0.427086 6.424734
v -2.309502 0.608348 6.468859
v -2.328845 0.398345 6.524035
v -2.518927 0.839721 6.355824
v -2.291698 0.812812 6.399311
v -2.082374 0.376015 6.475405
v -2.071880 0.584446 6.454471
v -1.846538 0.361180 6.466938
v -1.839713 0.563008 6.454589
v -2.063926 0.790031 6.458014
v -1.607192 0.548869 6.437581
v -1.835474 0.766860 6.443508
v -1.611738 0.750829 6.473797
v -1.611447 0.343323 6.523739
v -1.374281 0.538582 6.438876
v -1.369413 0.331932 6.454441
v -1.254335 0.797721 6.355703
v -2.496000 1.048689 6.424189
v -2.275107 1.020986 6.470453
v -1.647053 1.571174 6.426528
v -1.622115 1.407265 6.385545
v -1.459485 1.526249 6.349754
v -1.421545 1.361625 6.387992
v -1.117029 0.336162 6.444501
v -1.107969 0.551902 6.459515
v -1.374818 1.172322 6.359201
v -1.149903 1.170411 6.359567
v -3.525229 -1.622701 -3.298913
v -3.512783 -1.418378 -3.253160
v -3.514790 -1.571409 -3.531348
v -3.520156 -1.471435 -3.008633
v -3.554361 -1.214319 -3.221272
v -3.547976 -1.378604 -3.496394
v -3.516106 -1.535968 -3.753096
v -3.546803 -1.176009 -3.474733
v -3.526072 -1.698483 -3.062640
v -3.450819 -1.732880 -2.867181
v -3.532748 -1.740467 -3.583977
v -3.533764 -1.780208 -3.360620
v -3.517344 -1.259790 -2.967095
v -3.498778 -1.537445 -2.778986
v -3.517642 -1.845097 -3.120989
v -3.545979 -1.906394 -3.840897
v -3.532131 -1.720120 -3.794497
v -3.543657 -1.897935 -3.384672
v -3.545742 -1.906969 -3.620159
v -3.284996 -1.785739 -2.727067
v -3.345689 -1.586847 -2.612847
v -3.523224 -1.322228 -2.720731
v -3.450518 -1.982985 -3.259055
v -3.452299 -2.035277 -3.872855
v -3.469814 -2.034977 -3.646226
v -3.376316 -2.067154 -3.428073
v -3.478132 -2.016098 -3.487647
v -3.581449 -1.049667 -2.924811
v -3.518121 -0.829477 -2.911002
v -3.548156 -1.005931 -3.197894
v -3.577494 -0.795740 -3.178013
v -3.549002 -0.584913 -3.169383
v -3.518966 -0.617494 -2.894414
v -3.543594 -0.379470 -3.159613
v -3.586872 -0.407762 -2.878701
v -3.521326 -0.190564 -2.873313
v -3.546114 -0.972821 -3.461269
v -3.554090 -0.765202 -3.453287
v -3.554870 -0.559893 -3.443998
v -3.551029 -0.175712 -3.150652
v -3.559613 -0.358751 -3.436769
v -3.542935 -1.100614 -2.681842
v -3.528322 -0.877455 -2.647182
v -3.533900 -0.655008 -2.625048
v -3.473921 -0.684975 -2.392755
v -3.525712 -0.432667 -2.608854
v -3.512318 -1.513342 -3.971535
v -3.522585 -1.322536 -3.967611
v -3.590292 -1.339337 -3.728994
v -3.552993 -1.145064 -3.727129
v -3.521174 -1.488256 -4.184580
v -3.529234 -1.313301 -4.203933
v -3.533406 -1.128285 -3.982891
v -3.538419 -1.697791 -3.996357
v -3.538080 -1.664550 -4.181769
v -3.514602 -1.349059 -4.446868
v -3.536124 -1.501731 -4.407720
v -3.554650 -0.932093 -4.251580
v -3.550047 -1.128093 -4.233227
v -3.541337 -1.607848 -4.568165
v -3.544287 -1.633380 -4.347159
v -3.543314 -1.823552 -4.250760
v -3.541307 -1.736234 -4.429033
v -3.532929 -1.220598 -4.719293
v -3.537193 -1.452630 -4.669469
v -3.541495 -1.879000 -4.052097
v -3.435738 -1.997865 -4.096871
v -3.429880 -1.927866 -4.312397
v -3.429837 -1.826143 -4.514132
v -3.434844 -1.679240 -4.677751
v -3.437509 -1.508749 -4.811665
v -3.266891 -2.002827 -4.348610
v -3.283880 -2.085982 -4.120254
v -3.259851 -1.890121 -4.563025
v -3.563398 -0.947959 -3.727005
v -3.560440 -0.742188 -3.723827
v -3.552063 -0.930673 -3.990789
v -3.578269 -0.541476 -3.718853
v -3.554716 -0.526150 -3.992813
v -3.564560 -0.339094 -3.716124
v -3.553099 -0.322238 -3.991896
v -3.553695 -0.117203 -3.990583
v -3.579964 -0.134684 -3.708129
v -3.554904 0.069608 -3.710402
v -3.561667 -0.729723 -3.993476
v -3.552458 -0.728405 -4.257430
v -3.551757 -0.315526 -4.261202
v -3.540242 -0.521651 -4.260777
v -3.560944 -0.106202 -4.262243
v -3.528744 -0.741378 -4.516742
v -3.516767 -0.531048 -4.515383
v -3.538213 -0.542019 -4.764477
v -3.536415 -0.766457 -4.756580
v -3.534820 -0.317727 -4.765058
v -3.435895 -0.561438 -4.967082
v -3.443888 -0.797597 -4.961823
v -3.425920 -0.327639 -4.963075
v -3.270296 -0.584889 -5.127713
v -3.271811 -0.829521 -5.108226
v -3.266426 -0.341522 -5.134074
v -3.229017 -1.294627 6.178354
v -3.286281 -1.485830 5.955988
v -3.153472 -1.499640 6.133231
v -3.291847 -1.533562 5.745515
v -3.408815 -1.326758 5.736110
v -3.351212 -1.292613 5.969111
v -3.406165 -1.078263 5.976711
v -2.997536 -1.522566 6.276264
v -3.046171 -1.302447 6.316618
v -3.081328 -1.076914 6.329574
v -3.194746 -1.616255 5.942680
v -2.807722 -1.538637 6.376317
v -3.077649 -1.665427 6.040315
v -3.015379 -1.788009 5.876185
v -2.923945 -1.711386 6.154605
v -3.160385 -1.681657 5.795511
v -2.956940 -1.866885 5.669078
v -2.834498 -1.306085 6.373187
v -2.665849 -1.911985 6.078999
v -2.741709 -1.740128 6.254767
v -3.304933 -0.618357 6.183367
v -3.442028 -0.851141 5.978934
v -3.287549 -0.847055 6.181038
v -3.281653 0.074571 6.178066
v -3.458613 -0.140965 5.978989
v -3.289999 -0.156799 6.173025
v -3.479514 -1.099710 5.734931
v -3.516210 -0.863451 5.734640
v -3.537568 -0.621817 5.734310
v -3.449216 -0.616806 5.971998
v -3.457342 -0.379932 5.974607
v -3.545219 -0.376734 5.734410
v -3.535814 -0.129755 5.738670
v -3.535531 0.118643 5.743233
v -3.263877 -1.072721 6.182606
v -3.091168 -0.850174 6.326154
v -3.096114 -0.624671 6.320191
v -3.096620 -0.399528 6.326350
v -3.084775 -0.175320 6.320023
v -3.301185 -0.387620 6.178612
v -2.863066 -0.855701 6.366668
v -2.858677 -1.079244 6.377696
v -2.856992 -0.632953 6.334120
v -3.072313 0.048478 6.319541
v -2.847040 -0.194648 6.360150
v -2.617706 -0.644762 6.335255
v -2.836617 0.023086 6.360776
v -3.402467 -1.363719 5.499125
v -3.078305 -1.648450 4.854264
v -3.158056 -1.626129 5.079476
v -3.307066 -1.415216 5.030422
v -3.429218 -1.176234 4.997495
v -3.236065 -1.434311 4.799106
v -3.066917 -1.776991 5.369484
v -2.888376 -1.915899 5.451801
v -3.220089 -1.604662 5.303504
v -2.996649 -1.797587 5.145939
v -2.914303 -1.822645 4.924796
v -2.607525 -2.070481 5.327592
v -2.695263 -2.030217 5.548741
v -2.812967 -1.951543 5.230814
v -2.410340 -2.114583 4.887664
v -2.510661 -2.091825 5.107575
v -2.724722 -1.973166 5.010042
v -3.494218 -1.127170 5.485567
v -3.539555 -0.881226 5.479555
v -3.540780 -0.634730 5.481199
v -3.590718 -0.378785 5.480109
v -3.520858 -0.126159 5.487300
v -3.515433 -0.921795 4.977437
v -3.476995 -1.154651 5.239028
v -3.540476 -0.903898 5.226233
v -3.541251 -0.663821 4.966918
v -3.537776 -0.649332 5.223248
v -3.523583 -0.395774 4.965712
v -3.521353 -0.389063 5.223275
v -3.471553 -0.938733 4.731499
v -3.366049 -1.192992 4.759708
v -3.537006 -0.675189 4.712925
v -3.533689 -0.130235 4.961765
v -3.537994 -0.405060 4.705506
v -3.580088 0.149768 4.962097
v -3.526698 -0.129179 4.704435
v -2.807141 -1.680274 4.177426
v -2.980445 -1.471224 4.109543
v -2.710507 -1.678478 3.951095
v -2.422512 -2.000899 4.347257
v -2.527466 -2.001315 4.566453
v -2.630693 -1.850907 4.254373
v -2.722110 -1.844625 4.478123
v -2.896948 -1.681032 4.403782
v -2.531593 -1.849165 4.029319
v -2.880610 -1.473879 3.884081
v -2.610916 -1.678446 3.723875
v -3.038675 -1.243477 3.825037
v -2.778621 -1.476946 3.659183
v -3.222125 -1.223911 4.286358
v -3.307180 -1.213357 4.519963
v -3.341340 -0.967565 4.248225
v -3.414176 -0.954439 4.488163
v -3.430205 -0.698211 4.220828
v -3.489434 -0.684571 4.466876
v -3.518332 -0.135995 4.193262
v -3.547495 -0.132133 4.442615
v -3.515782 0.150019 4.191830
v -3.543792 0.150669 4.442820
v -3.256312 -0.978591 4.012496
v -3.128206 -1.231288 4.056380
v -3.355119 -0.710670 3.979465
v -3.449522 0.145751 3.944860
v -3.443264 -0.142912 3.949001
v -2.933563 -1.248033 3.600441
v -3.063152 -0.997164 3.552113
v -3.162521 -0.988264 3.780667
v -3.165193 -0.729427 3.514178
v -3.256485 -0.717901 3.747543
v -3.327386 -0.438661 3.721829
v -3.366659 -0.151251 3.706373
v -3.231968 -0.447820 3.488636
v -3.264941 -0.158702 3.474547
v -3.272890 0.133168 3.467617
v -3.150360 -1.615457 -2.490170
v -3.391635 -1.368351 -2.533340
v -3.213566 -1.404132 -2.377648
v -3.336315 -2.116461 -3.645288
v -3.304055 -2.117491 -3.880516
v -3.079265 -1.803429 -2.634826
v -3.008708 -1.420555 -2.261238
v -3.179587 -2.165086 -3.619833
v -3.140177 -2.173545 -3.867943
v -2.874503 -1.813863 -2.553885
v -2.942570 -1.626819 -2.394299
v -2.732401 -1.633366 -2.308580
v -3.011405 -1.953855 -2.807682
v -2.962940 -2.206807 -3.842035
v -3.009698 -2.208175 -3.583403
v -2.667346 -1.812280 -2.478277
v -2.795200 -1.426256 -2.167977
v -2.577659 -1.426046 -2.091179
v -2.824409 -2.222000 -3.541837
v -2.776103 -2.228489 -3.808572
v -2.605356 -1.965037 -2.674657
v -2.456266 -1.811753 -2.414999
v -2.517013 -1.631032 -2.241336
v -2.357537 -1.421430 -2.028529
v -2.810769 -1.968831 -2.738453
v -2.543820 -2.104202 -2.915738
v -2.747055 -2.097902 -2.970658
v -2.485809 -2.205046 -3.178653
v -3.481100 -0.453459 -2.374024
v -3.355956 -0.465550 -2.162423
v -3.262316 -1.176748 -2.297403
v -3.068113 -1.197586 -2.155583
v -3.333874 -0.705732 -2.191105
v -3.179127 -0.468680 -1.989009
v -3.148223 -0.715225 -2.029185
v -2.946982 -0.718285 -1.891400
v -2.852055 -1.200302 -2.055611
v -2.634452 -1.201195 -1.966795
v -2.976557 -0.463717 -1.851312
v -2.758763 -0.452252 -1.745662
v -2.412325 -1.196027 -1.897001
v -2.726257 -0.710580 -1.794370
v -2.532862 -0.436116 -1.666599
v -3.108891 -2.130912 -4.116195
v -3.071445 -1.931497 -4.582204
v -3.062718 -1.772467 -4.783093
v -2.925658 -2.163239 -4.098948
v -2.874807 -1.955474 -4.577083
v -2.858639 -1.794026 -4.784828
v -2.735347 -2.189845 -4.073459
v -2.538256 -2.203468 -4.041410
v -2.581742 -2.244582 -3.771440
v -2.500873 -2.118689 -4.300319
v -2.701271 -2.103465 -4.327234
v -2.848555 -1.596380 -4.959350
v -3.058350 -1.580530 -4.952034
v -2.638300 -1.620671 -4.959348
v -2.652603 -1.814665 -4.776358
v -2.632183 -1.400857 -5.099061
v -2.848689 -1.379612 -5.098798
v -2.425800 -1.639308 -4.947754
v -2.444362 -1.837484 -4.763079
v -2.415296 -1.426267 -5.101487
v -3.069430 -0.859349 -5.201191
v -3.072663 -0.609250 -5.235662
v -3.072684 -0.358344 -5.249673
v -2.863337 -0.633942 -5.290475
v -2.856155 -0.890074 -5.263755
v -2.858027 -0.373445 -5.283430
v -2.631313 -0.646763 -5.252798
v -2.634149 -0.922663 -5.293863
v -2.625146 -0.388308 -5.250391
v -2.408948 -0.949880 -5.302425
v -2.412545 -0.669543 -5.248715
v -2.391254 -0.412280 -5.314357
v -2.344211 -1.763209 6.381026
v -2.547864 -1.761050 6.328134
v -2.378451 -2.066559 5.963978
v -2.470353 -1.941462 6.170660
v -2.583072 -2.034147 5.870709
v -2.269006 -1.954214 6.239598
v -2.136189 -1.727248 6.372657
v -2.059654 -2.170163 5.843640
v -2.171306 -2.082979 6.051759
v -2.277790 -2.157668 5.750090
v -1.963247 -1.467430 6.401363
v -1.940581 -1.682923 6.351140
v -1.714710 -2.209002 5.732850
v -1.840898 -2.151089 5.931087
v -1.756853 -1.631288 6.369604
v -1.625229 -2.104334 6.016802
v -1.755203 -2.027684 6.197074
v -1.622901 -1.604196 6.384574
v -1.558964 -1.945259 6.258471
v -1.525626 -1.735356 6.378757
v -1.692911 -1.828188 6.383043
v -2.623487 -1.985542 4.789662
v -2.304678 -2.124286 4.668475
v -2.181165 -2.205613 4.992703
v -2.168970 -2.205422 5.531846
v -2.392047 -2.155529 5.429405
v -2.057964 -2.239050 5.316084
v -1.942497 -2.227269 5.633514
v -1.827703 -2.276968 4.889066
v -1.943980 -2.262849 5.102225
v -1.702056 -2.277722 5.214176
v -1.822724 -2.255736 5.423059
v -2.069156 -2.213308 4.776703
v -1.958264 -2.228209 4.560461
v -1.580770 -2.297808 5.005453
v -1.491143 -2.150424 5.830357
v -1.356805 -2.183364 5.639426
v -2.321329 -2.012430 4.125062
v -2.088454 -2.142790 4.231627
v -2.197177 -2.132335 4.450073
v -2.099869 -2.016837 3.686754
v -2.213867 -2.016919 3.904397
v -2.324578 -1.852412 3.584040
v -1.973900 -2.144256 4.015226
v -1.859151 -2.151757 3.798831
v -1.472244 -2.301193 4.250702
v -1.591149 -2.290024 4.463743
v -1.843134 -2.234566 4.345413
v -1.489198 -2.248734 3.702794
v -1.609249 -2.249395 3.915963
v -1.741443 -2.157060 3.584855
v -1.336692 -2.312972 4.585184
v -1.458999 -2.307482 4.795638
v -1.725982 -2.239032 4.130877
v -1.352282 -2.306429 4.037412
v -1.214543 -2.321087 4.373856
v -2.958684 -1.005935 3.327213
v -2.825440 -1.254161 3.378757
v -3.063631 -0.739081 3.286289
v -3.170681 -0.167508 3.241339
v -2.395725 -1.693661 3.287333
v -2.209375 -1.861624 3.369114
v -2.505376 -1.680470 3.504943
v -2.676616 -1.485678 3.436258
v -2.091161 -1.876089 3.156312
v -1.985083 -2.027932 3.471841
v -1.960598 -1.895124 2.949069
v -2.149653 -1.730296 2.865127
v -2.270301 -1.705448 3.075058
v -1.620704 -2.059938 2.840365
v -1.740910 -2.046087 3.050282
v -1.501103 -2.168140 3.160467
v -1.622573 -2.164538 3.371888
v -1.862165 -2.031886 3.261257
v -1.834442 -1.911043 2.744885
v -2.026777 -1.746827 2.657922
v -1.910024 -1.757559 2.446626
v -1.370803 -2.255696 3.489028
v -1.265966 -2.182839 2.734613
v -1.382173 -2.174150 2.948284
v -1.603366 -1.932891 2.320175
v -1.500446 -2.065816 2.629937
v -1.715478 -1.923557 2.534701
v -1.133499 -2.261465 3.061686
v -1.252306 -2.262140 3.275268
v -2.720465 -1.266127 3.157170
v -2.852759 -1.015784 3.104477
v -3.175256 0.125710 3.235035
v -3.069477 -0.175824 3.012647
v -2.497016 -1.286901 2.722579
v -2.614413 -1.280214 2.936729
v -2.637889 -1.036537 2.663764
v -2.745446 -1.026127 2.883582
v -2.749109 -0.768351 2.616223
v -2.846658 -0.755375 2.841554
v -2.530064 -1.047939 2.445014
v -2.390268 -1.302331 2.504257
v -2.638762 -0.776950 2.397693
v -2.764164 0.094500 2.331300
v -2.757062 -0.201300 2.340594
v -2.866230 0.102604 2.555016
v -2.858426 -0.192292 2.564298
v -2.108600 -1.550716 2.360916
v -1.803652 -1.769965 2.231510
v -2.284003 -1.317663 2.286215
v -1.998847 -1.560237 2.145773
v -1.492248 -1.940202 2.101305
v -1.697649 -1.776797 2.008924
v -1.789583 -1.576939 1.706785
v -1.967266 -1.346340 1.631985
v -1.685176 -1.581891 1.488507
v -1.386956 -1.949213 1.881539
v -1.590612 -1.779521 1.790644
v -2.168812 -1.322464 2.072767
v -2.316053 -1.069689 2.008841
v -2.422245 -1.059381 2.227048
v -2.432026 -0.799330 1.957280
v -2.528556 -0.785686 2.180222
v -2.610321 -0.502914 2.142172
v -2.658106 -0.210850 2.116826
v -2.506560 -0.512952 1.922097
v -2.546724 -0.219216 1.900087
v -2.560805 0.077308 1.887053
v -2.067902 -1.334826 1.852285
v -2.211773 -1.079539 1.790143
v -2.452646 -0.229599 1.676479
v -2.323931 -0.807257 1.740184
v -2.108508 -1.088859 1.571563
v -2.359845 0.058659 1.446285
v -2.348871 -0.238797 1.457986
v -2.006490 -1.097048 1.352939
v -1.856856 -1.347691 1.416859
v -2.125151 -0.827787 1.300467
v -2.218031 -0.815213 1.522898
v -2.303610 -0.532356 1.482763
v -2.202411 -0.541708 1.264036
v -2.261950 0.049163 1.225982
v -2.245145 -0.247826 1.240401
v -2.396782 -1.964061 -2.617050
v -2.185312 -1.966321 -2.562221
v -2.336380 -2.105466 -2.865121
v -2.278741 -2.204728 -3.134553
v -1.968977 -1.966131 -2.524699
v -2.241168 -1.807224 -2.364277
v -2.023509 -1.804910 -2.322538
v -2.299698 -1.627541 -2.183589
v -2.124742 -2.108212 -2.820150
v -2.067552 -2.205411 -3.095038
v -1.804251 -1.802191 -2.286385
v -2.079229 -1.618150 -2.143250
v -1.858918 -1.614774 -2.103429
v -1.910279 -2.111126 -2.780101
v -1.853937 -2.216328 -3.056318
v -1.750596 -1.961436 -2.488770
v -1.583025 -1.802421 -2.259834
v -1.637381 -1.613133 -2.073726
v -1.692159 -2.116492 -2.748097
v -1.636751 -2.229077 -3.024133
v -1.529322 -1.965566 -2.466914
v -1.308044 -1.974630 -2.440791
v -1.361371 -1.804073 -2.237924
v -1.471994 -2.119237 -2.721560
v -1.416399 -2.231127 -2.998982
v -2.499578 -0.697255 -1.722228
v -2.272428 -0.682939 -1.660686
v -2.043557 -0.665254 -1.618202
v -2.303273 -0.417002 -1.608597
v -2.187237 -1.185334 -1.846555
v -2.135284 -1.413880 -1.979910
v -1.962177 -1.173215 -1.807571
v -2.072734 -0.395864 -1.566564
v -1.815499 -0.646149 -1.588659
v -1.912228 -1.404055 -1.943201
v -1.737984 -1.160689 -1.779988
v -2.006361 -0.925692 -1.698607
v -1.780414 -0.910486 -1.668306
v -1.689363 -1.393946 -1.918473
v -1.468200 -1.387850 -1.896199
v -1.515579 -1.148089 -1.761909
v -2.336217 -2.217821 -4.007795
v -2.381061 -2.254319 -3.732904
v -2.296412 -2.129902 -4.269502
v -2.175322 -2.271435 -3.696469
v -1.964592 -2.279573 -3.662138
v -1.918754 -2.245958 -3.943682
v -2.129454 -2.226590 -3.973483
v -2.088360 -2.151540 -4.242722
v -1.750455 -2.289132 -3.630404
v -1.703984 -2.257538 -3.914523
v -1.661127 -2.181957 -4.187681
v -1.532998 -2.296109 -3.602315
v -1.486305 -2.273288 -3.888777
v -1.442522 -2.199398 -4.163990
v -1.265474 -2.285923 -3.865374
v -1.313176 -2.314286 -3.578256
v -2.233582 -1.852239 -4.740354
v -2.211468 -1.658963 -4.934454
v -2.196678 -1.449888 -5.098452
v -1.976453 -1.470408 -5.081685
v -1.995244 -1.681639 -4.919642
v -2.020590 -1.867777 -4.716071
v -1.776801 -1.701498 -4.900264
v -1.805026 -1.892512 -4.699363
v -1.754421 -1.489504 -5.062762
v -1.586666 -1.911689 -4.678129
v -1.556078 -1.726158 -4.884122
v -1.530954 -1.520311 -5.054353
v -1.365345 -1.931459 -4.657962
v -1.332546 -1.748999 -4.870338
v -1.304688 -1.547980 -5.044454
v -2.182928 -0.970205 -5.300821
v -2.177809 -0.714044 -5.392729
v -2.168569 -0.437917 -5.346497
v -1.940583 -0.721296 -5.251095
v -1.956895 -1.000018 -5.302231
v -1.718274 -0.750618 -5.319991
v -1.727056 -1.016100 -5.276761
v -1.708381 -0.478673 -5.353984
v -1.936202 -0.454466 -5.386643
v -1.468767 -1.049611 -5.286175
v -1.485157 -0.760861 -5.235650
v -1.479033 -0.490883 -5.374465
v -1.246933 -1.082044 -5.259006
v -1.116998 -0.838886 -5.247963
v -1.245846 -0.511634 -5.327441
v -1.406011 -1.558942 6.356010
v -1.329308 -1.373037 6.400491
v -1.239213 -1.654512 6.380076
v -1.135074 -1.446912 6.355332
v -1.059701 -1.231919 6.355245
v -1.383954 -1.818975 6.315714
v -1.077400 -1.928325 6.031760
v -1.230537 -1.882914 6.188927
v -1.419815 -2.012482 6.100158
v -0.927796 -1.964480 5.857569
v -1.275957 -2.059599 5.930973
v -1.134058 -2.094806 5.749983
v -0.901648 -1.760212 6.128439
v -0.425607 -1.640744 5.867858
v -0.586327 -1.612087 6.045160
v -0.593201 -1.829311 5.773820
v -0.745322 -1.794903 5.955598
v -0.458234 -1.397310 6.116013
v -0.283169 -1.428770 5.948593
v -1.238595 -0.953611 6.417979
v -1.006408 -1.014516 6.335685
v -0.950622 -0.793037 6.406919
v -1.197605 -0.740248 6.353870
v -0.920039 -0.565918 6.369133
v -0.894910 -0.347200 6.385670
v -1.136938 -0.102827 6.488988
v -0.871578 -0.127791 6.384856
v -0.716764 -0.841305 6.356478
v -0.673455 -0.606271 6.343390
v -0.768121 -1.076019 6.385918
v -0.842479 -1.302101 6.376263
v -0.554669 -1.124915 6.306743
v -0.646041 -1.353165 6.260039
v -0.646495 -0.373864 6.340527
v -0.405409 -0.399523 6.365988
v -0.444714 -0.642242 6.345427
v -0.624037 -0.139393 6.355670
v -0.380305 -0.154993 6.372639
v -0.356347 -1.165533 6.173145
v -0.163387 -1.201162 6.020856
v -0.070603 -0.957315 6.076203
v -0.272324 -0.926046 6.223577
v -0.000186 -0.704185 6.118858
v -0.209876 -0.678200 6.261587
v -0.170413 -0.424443 6.281112
v 0.048926 -0.444809 6.148360
v -0.146065 -0.169295 6.290855
v 0.078672 -0.182005 6.164758
v -1.092752 -2.225171 5.243412
v -1.224250 -2.206331 5.443338
v -1.460814 -2.261418 5.328280
v -1.208611 -2.287930 4.916971
v -1.083142 -2.296619 4.708582
v -0.997446 -2.113450 5.557844
v -1.334482 -2.276751 5.123590
v -0.962636 -2.238073 5.039583
v -0.726913 -2.146986 5.160408
v -0.862144 -2.130628 5.360845
v -0.783506 -1.989814 5.671037
v -0.444915 -1.850219 5.586874
v -0.507302 -2.015969 5.275621
v -0.369791 -2.030768 5.073277
v -0.119482 -1.680122 5.486949
v -0.269817 -1.661974 5.681516
v 0.042196 -1.473774 5.576700
v -0.115971 -1.453602 5.768456
v 0.024167 -1.691933 5.284654
v -0.161307 -1.875544 5.186580
v 0.187914 -1.482807 5.372406
v -0.238627 -2.037192 4.863901
v 0.249043 -0.459962 5.986145
v 0.190059 -0.722482 5.948743
v 0.281822 -0.191265 6.004725
v 0.012781 -1.225519 5.844255
v 0.285396 -0.996372 5.716121
v 0.113875 -0.979660 5.903939
v 0.373032 -0.738989 5.768724
v 0.468995 -0.197764 5.824699
v 0.172825 -1.240529 5.649920
v 0.329703 -1.254321 5.451059
v 0.445920 -1.007998 5.516847
v 0.536199 -0.747973 5.568614
v -0.851943 -2.332235 3.733128
v -0.971769 -2.326797 3.947844
v -1.231941 -2.307269 3.824013
v -0.707945 -2.248327 4.622698
v -0.834994 -2.242070 4.832067
v -0.958145 -2.305785 4.498715
v -0.834367 -2.310016 4.286680
v -1.092665 -2.321012 4.161409
v -0.581399 -2.256959 4.411530
v -0.472822 -2.316443 3.640207
v -0.592324 -2.310937 3.857007
v -0.337279 -2.258815 3.980340
v -0.458292 -2.258788 4.197026
v -0.108363 -2.044025 4.651536
v -0.466394 -2.160433 4.745348
v -0.214247 -2.167221 4.318350
v -0.091183 -2.170589 4.101293
v -0.339028 -2.164148 4.533157
v 0.018505 -2.047577 4.436243
v -0.993769 -2.309983 3.395286
v -0.876694 -2.313729 3.179639
v -1.016972 -2.264183 2.846746
v -0.902443 -2.268052 2.630287
v -1.112722 -2.311502 3.609812
v -0.733233 -2.333747 3.517155
v -0.500323 -2.330695 3.081882
v -0.616021 -2.329793 3.300123
v -0.760992 -2.317935 2.962907
v -0.646837 -2.321419 2.744782
v -0.789792 -2.272780 2.412202
v -0.386305 -2.336503 2.862179
v -0.217740 -2.259105 3.761845
v -0.099694 -2.258429 3.541890
v 0.130343 -2.259775 3.096941
v 0.016405 -2.258731 3.320390
v -0.239860 -2.312830 3.201602
v -0.014135 -2.312796 2.756724
v -0.274072 -2.336452 2.640796
v 0.095886 -2.313631 2.531824
v -1.037248 -2.192211 2.302835
v -1.272476 -2.080507 2.198989
v -1.163381 -2.085662 1.980324
v -0.680482 -2.280687 2.191959
v -0.820568 -2.201987 1.863265
v -0.927094 -2.196274 2.084034
v -1.059997 -2.097564 1.759266
v -0.952773 -2.095586 1.539707
v -1.177578 -1.960302 1.442281
v -1.281661 -1.956034 1.662218
v -0.316247 -2.327865 2.081083
v -0.423788 -2.322253 2.304132
v -0.613670 -2.210597 1.418451
v -0.716969 -2.209602 1.640979
v -0.853317 -2.104837 1.316929
v -0.365075 -2.291425 1.523023
v -0.262894 -2.286858 1.298228
v -0.513648 -2.214381 1.194628
v -0.056194 -2.335789 2.193092
v 0.049407 -2.340002 1.966820
v -1.807599 -1.114338 0.914922
v -1.660539 -1.366295 0.976725
v -1.907281 -1.106362 1.133609
v -1.759961 -1.358658 1.196131
v -1.184252 -1.803302 0.912215
v -1.385479 -1.604038 0.829504
v -1.091933 -1.812926 0.688951
v -1.565220 -1.376950 0.756157
v -1.288056 -1.610537 0.609792
v -0.977694 -1.969637 1.000021
v -1.076821 -1.964992 1.220959
v -1.283267 -1.797100 1.131404
v -0.787014 -1.981706 0.554133
v -0.880671 -1.972996 0.778255
v -0.654514 -2.109275 0.871911
v -0.753777 -2.108954 1.094417
v -0.992962 -1.812200 0.468321
v -0.900435 -1.823224 0.246855
v -0.692155 -1.987984 0.331633
v -0.560217 -2.119159 0.647170
v -0.415573 -2.218716 0.969959
v -0.224261 -2.228315 0.518633
v -0.318784 -2.222513 0.744685
v -1.923680 -0.844519 0.864269
v -2.017796 -0.833597 1.084994
v -2.067642 0.028729 0.787090
v -2.053291 -0.268224 0.800478
v -2.156506 -0.258935 1.016956
v -2.165149 0.038934 1.006006
v -1.826965 -0.854256 0.645131
v -1.708614 -1.122509 0.696389
v -1.960403 -0.278924 0.580166
v -1.906147 -0.570006 0.608318
v -2.008002 -0.561487 0.824860
v -1.980248 0.017917 0.564480
v -1.462086 -1.379995 0.539460
v -1.610031 -1.130062 0.478187
v -1.370507 -1.391096 0.318264
v -1.517371 -1.140962 0.258058
v -1.730654 -0.863714 0.426393
v -1.819794 -0.582897 0.385773
v -1.635020 -0.873572 0.207778
v -1.720544 -0.592250 0.168859
v -1.772273 -0.301187 0.142127
v -1.866205 -0.290081 0.360981
v -1.789707 -0.004915 0.127744
v -1.421288 -1.149826 0.039696
v -1.272099 -1.396980 0.100296
v -1.676465 -0.312363 -0.075530
v -1.624484 -0.602843 -0.048793
v -1.700211 -0.016956 -0.092531
v -0.806496 -1.830145 0.024731
v -1.098887 -1.625531 0.168456
v -1.178673 -1.407225 -0.119117
v -1.000481 -1.629083 -0.049947
v -0.984401 -1.427220 -0.553079
v -0.812840 -1.651707 -0.488927
v -0.912171 -1.645015 -0.271760
v -1.082992 -1.417534 -0.337056
v -0.887840 -1.442768 -0.768804
v -0.714173 -1.663179 -0.704796
v -0.615348 -1.681216 -0.919174
v -0.429630 -1.870668 -0.852376
v -0.524647 -1.859237 -0.634891
v -0.412811 -2.011254 -0.337125
v -0.618907 -1.848345 -0.417418
v -0.323417 -2.022019 -0.559918
v -1.330076 -1.162455 -0.180044
v -1.539121 -0.883524 -0.010156
v -1.443856 -0.894555 -0.227767
v -1.583868 -0.324847 -0.294043
v -1.525630 -0.613336 -0.264721
v -1.133417 -1.183603 -0.611495
v -1.226642 -1.168826 -0.393963
v -1.335327 -0.639952 -0.698245
v -1.249306 -0.918706 -0.659830
v -1.349321 -0.906788 -0.445285
v -1.389381 -0.351122 -0.725749
v -1.436234 -0.627606 -0.484169
v -1.486464 -0.337471 -0.510050
v -1.502834 -0.042359 -0.523561
v -1.411007 -0.056458 -0.741341
v -1.232449 -0.653835 -0.910649
v -1.142942 -0.930552 -0.870546
v -1.289483 -0.365910 -0.939663
v -0.785258 -1.459403 -0.980346
v -0.515046 -1.702572 -1.133056
v -0.929788 -1.214118 -1.036034
v -0.682152 -1.479486 -1.190368
v -1.047398 -0.950694 -1.085212
v -0.822894 -1.232186 -1.244043
v -0.928776 -0.964116 -1.287845
v -1.013850 -0.686248 -1.326697
v -1.127179 -0.669944 -1.121083
v -1.070550 -0.398295 -1.355172
v -1.176266 -0.380370 -1.146102
v -1.203069 -0.086623 -1.164288
v -1.083813 -1.984086 -2.429024
v -1.138736 -1.808324 -2.224035
v -1.415770 -1.607614 -2.055530
v -1.249962 -2.129081 -2.700568
v -1.194010 -2.238463 -2.979040
v -0.916499 -1.822390 -2.210912
v -1.195077 -1.605187 -2.045001
v -0.976811 -1.612520 -2.033624
v -1.026085 -2.143631 -2.682394
v -0.970850 -2.262237 -2.958307
v -0.858937 -2.001153 -2.416534
v -0.632430 -2.030368 -2.399930
v -0.800720 -2.165411 -2.668603
v -0.744802 -2.285294 -2.943269
v -0.761632 -1.626084 -2.024650
v -0.402489 -2.080523 -2.390275
v -0.693089 -1.843601 -2.202044
v -0.469447 -1.881122 -2.193169
v -0.573009 -2.198057 -2.654884
v -0.515871 -2.310600 -2.931291
v -0.343032 -2.237673 -2.642849
v -1.248741 -1.383359 -1.881856
v -1.295758 -1.135797 -1.753276
v -1.556220 -0.892262 -1.654757
v -1.079671 -1.125190 -1.749619
v -1.335521 -0.873075 -1.653573
v -1.119094 -0.856155 -1.652081
v -0.913425 -0.824322 -1.659999
v -0.868486 -1.114437 -1.759878
v -0.664382 -1.100196 -1.789291
v -1.221092 -2.218351 -4.143646
v -1.042260 -2.306680 -3.846104
v -1.090824 -2.334393 -3.557482
v -0.996823 -2.237345 -4.125126
v -0.816200 -2.323659 -3.828028
v -0.865688 -2.353263 -3.539248
v -0.769766 -2.254854 -4.107909
v -0.637828 -2.371857 -3.523453
v -0.588149 -2.349212 -3.813337
v -0.540492 -2.273634 -4.092151
v -0.408438 -2.400170 -3.509021
v -0.357780 -2.375668 -3.799151
v -0.309832 -2.305115 -4.081211
v -0.224344 -2.032506 -4.591557
v -0.265091 -2.188021 -4.346613
v -0.496798 -2.165305 -4.359496
v -1.107133 -1.767190 -4.850655
v -1.141358 -1.954746 -4.644886
v -1.077135 -1.563556 -5.024182
v -0.915084 -1.970253 -4.627031
v -0.879491 -1.785414 -4.840919
v -0.849014 -1.578136 -5.008268
v -0.686583 -1.986338 -4.611176
v -0.650925 -1.804689 -4.829412
v -0.620157 -1.600751 -5.001254
v -0.420838 -1.825993 -4.816188
v -0.456553 -2.010705 -4.602308
v -0.389963 -1.623165 -4.991684
v -0.188888 -1.846509 -4.805769
v -0.972916 -0.833414 -5.301870
v -0.966990 -0.574235 -5.369916
v -0.764177 -0.838196 -5.263204
v -0.793508 -1.111119 -5.253524
v -0.752504 -0.576105 -5.304959
v -0.547251 -0.856145 -5.267092
v -0.567136 -1.127908 -5.249605
v -0.532806 -0.590600 -5.304262
v -0.361801 -1.392012 -5.132026
v -0.591743 -1.373609 -5.144416
v -0.338566 -1.153383 -5.240216
v -0.323728 -0.882040 -5.257730
v -0.285751 -0.332149 -5.376664
v -0.514461 -0.314368 -5.383317
v -0.274819 -0.071627 -5.368317
v 0.163131 -1.702291 5.076430
v 0.102672 -1.888088 4.762144
v 0.294202 -1.704166 4.860543
v 0.332654 -1.493405 5.165483
v 0.470315 -1.499530 4.951351
v 0.478189 -1.263860 5.243677
v 0.597567 -1.016147 5.308998
v 0.690367 -0.754250 5.360307
v 0.600232 -0.477926 5.605385
v 0.756558 -0.482172 5.396993
v 0.633914 -0.200962 5.623189
v 0.795051 -0.203368 5.417918
v 0.622215 -1.272012 5.031168
v 0.742031 -1.021540 5.094484
v 0.834255 -0.757150 5.143599
v 0.904981 -0.484647 5.182080
v 0.947105 -0.204399 5.204864
v 0.231578 -1.892188 4.546058
v 0.263814 -2.047664 3.996435
v 0.142391 -2.048168 4.218010
v 0.030094 -2.173175 3.881716
v 0.384404 -2.047875 3.772894
v 0.149300 -2.172448 3.660153
v 0.556788 -1.713338 4.424987
v 0.430423 -1.714172 4.646722
v 0.358207 -1.895314 4.326881
v 0.604044 -1.503573 4.733296
v 0.734385 -1.505542 4.511812
v 0.483210 -1.895331 4.106861
v 0.860676 -1.506170 4.286635
v 0.679491 -1.710825 4.199881
v 0.920229 -1.713754 3.744556
v 0.803345 -1.715320 3.974094
v 0.718008 -1.896223 3.650230
v 0.602973 -1.892082 3.879385
v 1.101429 -1.505141 3.827324
v 0.983210 -1.507560 4.058425
v 0.752521 -1.271137 4.808536
v 0.887309 -1.275129 4.587593
v 1.013757 -1.025700 4.650973
v 0.880484 -1.024386 4.874804
v 1.112116 -0.761054 4.700805
v 0.980953 -0.761869 4.927590
v 1.046557 -0.485645 4.961748
v 1.180451 -0.484926 4.735807
v 1.083519 -0.203109 4.980790
v 1.222802 -0.202239 4.757866
v 1.017815 -1.277920 4.362784
v 1.314209 -0.484387 4.508872
v 1.238914 -0.759299 4.470951
v 1.134983 -1.273444 4.129954
v 1.257615 -1.273631 3.899218
v 1.386845 -1.022813 3.959110
v 1.266296 -1.024855 4.192565
v 1.487377 -0.756596 4.006274
v 1.369024 -0.760092 4.242123
v 1.433562 -0.481027 4.273462
v 1.557167 -0.478710 4.039642
v 1.596442 -0.193666 4.059126
v 1.475575 -0.197059 4.294718
v 0.242630 -2.260522 2.871816
v -0.126136 -2.312517 2.979949
v 0.490699 -2.170397 2.983718
v 0.376713 -2.166271 3.210074
v 0.599110 -2.165941 2.754160
v 0.351664 -2.257174 2.644516
v 0.706981 -2.168008 2.523706
v 0.500220 -2.047798 3.547638
v 0.833735 -1.897125 3.423417
v 0.725241 -2.044386 3.090019
v 0.836574 -2.046027 2.859852
v 1.150719 -1.714224 3.280853
v 1.035152 -1.711254 3.513095
v 1.055916 -1.892001 2.957944
v 0.945661 -1.891437 3.190871
v 1.258566 -1.709945 3.044823
v 1.331083 -1.502097 3.358896
v 1.440881 -1.499579 3.121615
v 1.161979 -1.893334 2.722384
v 1.365760 -1.708362 2.807805
v 1.549762 -1.497152 2.883129
v 1.267284 -1.890727 2.487507
v 1.469584 -1.702988 2.567731
v 1.656022 -1.494131 2.641840
v 1.377306 -1.273333 3.665819
v 1.216923 -1.502219 3.593801
v 1.674952 -0.475415 3.801991
v 1.604275 -0.753327 3.768976
v 1.619070 -1.017824 3.485177
v 1.503046 -1.019659 3.722634
v 1.716470 -0.749241 3.528560
v 1.791918 -0.472382 3.562994
v 1.827163 -0.186089 3.580111
v 1.713423 -0.190013 3.820787
v 1.486959 -1.268272 3.426884
v 1.729777 -1.014562 3.244532
v 1.833215 -0.747994 3.289421
v 1.938071 -0.182011 3.337275
v 1.597337 -1.265451 3.187886
v 1.708136 -1.263681 2.948212
v 1.838323 -1.010980 3.002192
v 1.938727 -0.743023 3.044487
v 1.897252 -0.467391 3.317931
v 2.007974 -0.463886 3.074618
v 2.045223 -0.177808 3.092015
v 1.817069 -1.262384 2.706311
v 1.943984 -1.007335 2.757640
v 2.041117 -0.737948 2.797554
v 2.115646 -0.460308 2.829046
v 2.149371 -0.173578 2.844716
v 0.309737 -2.320152 2.077065
v 0.203483 -2.314013 2.305096
v 0.253872 -2.341790 1.509979
v 0.152720 -2.338118 1.739021
v -0.107582 -2.331252 1.630702
v 0.458663 -2.255722 2.415553
v 0.353183 -2.346263 1.279772
v 0.513638 -2.314689 1.615569
v 1.045690 -2.042369 2.390689
v 0.941808 -2.042710 2.626568
v 0.811548 -2.166710 2.290312
v 1.016915 -2.165519 1.819781
v 0.915742 -2.165445 2.055842
v 0.769856 -2.258867 1.719541
v 0.667773 -2.255287 1.952806
v 1.151877 -2.043030 2.154053
v 1.212233 -2.164050 1.342705
v 1.114916 -2.163777 1.581626
v 0.868398 -2.257544 1.484137
v 1.348101 -2.036448 1.674119
v 1.252451 -2.041818 1.915635
v -0.067350 -2.292767 0.844916
v -0.165700 -2.297352 1.071439
v -0.464026 -2.121186 0.423494
v -0.131245 -2.234399 0.291988
v -0.006629 -2.334453 1.403560
v 0.092544 -2.335272 1.175439
v 0.189428 -2.337620 0.946220
v 0.119028 -2.309111 0.387644
v 0.026134 -2.303438 0.616583
v 0.284169 -2.340128 0.715932
v 0.544510 -2.346240 0.815444
v 0.449939 -2.347835 1.048157
v -0.038670 -2.239661 0.064958
v 0.376384 -2.352233 0.484639
v 0.210667 -2.315145 0.157943
v 0.709769 -2.319192 1.149103
v 0.804330 -2.321049 0.913948
v 0.613121 -2.318295 1.383113
v 0.964670 -2.256274 1.247510
v 0.727699 -2.355902 0.346523
v 0.467953 -2.351186 0.252368
v 1.150840 -2.261086 0.770689
v 1.059899 -2.261590 1.010256
v 0.896682 -2.324527 0.677490
v 1.074881 -2.334931 0.200380
v 0.986806 -2.328915 0.439657
v 0.816517 -2.367322 0.110372
v 0.050455 -2.251848 -0.163401
v -0.278616 -2.136337 -0.026196
v -0.098272 -2.155638 -0.477602
v -0.010801 -2.171051 -0.704266
v 0.388149 -2.336802 -0.304583
v 0.301274 -2.319041 -0.072597
v 0.315388 -2.294188 -0.852842
v 0.226688 -2.278622 -0.622167
v 0.077704 -2.191519 -0.931638
v 0.475773 -2.347780 -0.537690
v 0.644552 -2.374421 -0.216019
v 0.645201 -2.387445 -1.008893
v 0.561389 -2.367520 -0.772279
v 0.400850 -2.316623 -1.085451
v 0.988838 -2.385006 -0.366921
v 0.903632 -2.375086 -0.127483
v 0.815347 -2.400923 -0.690295
v 0.897411 -2.422729 -0.930469
v -0.340360 -1.890947 -1.075881
v -0.240100 -1.922740 -1.291150
v -0.146402 -2.048212 -1.007708
v -0.409844 -1.737000 -1.343705
v -0.574333 -1.504391 -1.396241
v -0.303531 -1.778146 -1.552041
v -0.706924 -1.250581 -1.445583
v -0.463086 -1.532259 -1.597342
v -0.135337 -1.959470 -1.508029
v 0.119789 -2.148814 -1.680326
v 0.039976 -2.110914 -1.453445
v 0.008023 -2.047274 -1.949608
v -0.051580 -1.997608 -1.727457
v -0.112051 -1.849824 -1.969046
v -0.200633 -1.806576 -1.757129
v -0.185777 -1.574836 -1.943343
v -0.347510 -1.559711 -1.791546
v -0.351566 -1.647486 -2.036331
v -0.214982 -1.944560 -2.155302
v 0.167049 -2.214951 -1.159607
v -0.051646 -2.078833 -1.230161
v 0.250407 -2.245617 -1.389373
v 0.180013 -2.202153 -1.909264
v 0.220141 -2.280299 -2.130182
v 0.480304 -2.348901 -1.320496
v 0.394370 -2.332196 -1.857536
v 0.326641 -2.285122 -1.621786
v 0.693120 -2.483502 -2.041981
v 0.626532 -2.429613 -1.798990
v 0.451679 -2.399149 -2.092250
v 0.724934 -2.412463 -1.248259
v 0.800033 -2.448497 -1.490207
v -0.813211 -0.983379 -1.491153
v -0.880885 -0.715229 -1.525115
v -0.918535 -0.438428 -1.523359
v -0.584478 -1.271189 -1.640831
v -0.672619 -1.009615 -1.682020
v -0.747383 -0.758495 -1.690517
v -0.602279 -0.438574 -1.884580
v -0.537437 -0.736999 -1.836002
v -0.772943 -0.435694 -1.734755
v -0.810978 -0.138593 -1.754574
v -0.289015 -1.007006 -1.887686
v -0.502033 -1.030363 -1.811995
v -0.325603 -0.724008 -1.859391
v -0.508414 -1.065281 -1.886774
v -0.432891 -1.358369 -1.935595
v -0.242434 -1.291283 -1.911297
v -0.521425 -0.485013 -1.728055
v -0.580921 -0.791253 -1.859939
v -0.551502 -1.642100 -2.026286
v -0.287961 -2.355582 -2.915704
v -0.169198 -2.149540 -2.375721
v -0.116050 -2.304013 -2.629025
v -0.059316 -2.408474 -2.903741
v 0.002516 -2.122753 -2.144656
v -0.000652 -2.461522 -3.190487
v -0.232020 -2.419289 -3.203124
v 0.055586 -2.473387 -3.481936
v 0.232186 -2.511776 -3.177311
v 0.170594 -2.467431 -2.893414
v 0.290913 -2.513655 -3.467272
v 0.513158 -2.471480 -2.332039
v 0.273997 -2.374116 -2.359076
v 0.406062 -2.527510 -2.878098
v 0.469768 -2.559232 -3.159794
v 0.647869 -2.581755 -2.854153
v 0.579636 -2.538928 -2.585252
v 0.828734 -2.586460 -2.549055
v 0.760144 -2.538880 -2.290527
v -0.674083 -0.791671 -1.709318
v -0.125616 -2.408225 -3.786357
v -0.177560 -2.436155 -3.495541
v -0.031137 -2.210709 -4.333737
v 0.009384 -2.055727 -4.581802
v 0.109239 -2.438376 -3.772171
v 0.159053 -2.357263 -4.053411
v -0.076256 -2.330718 -4.067585
v 0.204269 -2.239519 -4.322657
v 0.244765 -2.076912 -4.568713
v 0.441749 -2.262580 -4.308723
v 0.396410 -2.387106 -4.039585
v 0.481658 -2.101057 -4.557899
v 0.585711 -2.502396 -3.738534
v 0.346027 -2.471750 -3.757175
v 0.636067 -2.412245 -4.021868
v 0.681077 -2.282222 -4.291970
v 0.828238 -2.525381 -3.713347
v 0.773320 -2.579251 -3.423180
v 0.044710 -1.863846 -4.794999
v 0.279490 -1.887588 -4.790011
v 0.546434 -1.692737 -4.959719
v 0.310157 -1.679056 -4.969044
v 0.574418 -1.464157 -5.111029
v 0.783360 -1.700611 -4.946877
v 0.811791 -1.471830 -5.102732
v -0.106856 -1.168517 -5.237986
v -0.089569 -0.913000 -5.311873
v -0.052477 -0.359391 -5.382512
v -0.031131 -0.090188 -5.425519
v 0.126647 -1.192167 -5.232051
v 0.102977 -1.432873 -5.124169
v 0.143959 -0.922457 -5.257250
v 0.200140 -0.104310 -5.422667
v 0.182546 -0.378566 -5.377750
v 0.362533 -1.202426 -5.228759
v 0.338077 -1.448430 -5.120552
v 0.383017 -0.940369 -5.311881
v 0.435770 -0.121103 -5.373477
v 0.418369 -0.394232 -5.370945
v 0.599474 -1.220570 -5.228263
v 0.618716 -0.951552 -5.257052
v 0.653943 -0.401330 -5.377259
v 0.665378 -0.130016 -5.369617
v 0.838573 -1.229734 -5.224006
v 0.889275 -0.411597 -5.351309
v 0.907649 -0.131786 -5.406952
v 1.448308 -2.040244 1.433089
v 1.468689 -1.885467 2.003376
v 1.674425 -1.700831 2.083136
v 1.576175 -1.706615 2.327133
v 1.369458 -1.887032 2.244658
v 1.757988 -1.491893 2.397725
v 1.858422 -1.488761 2.152507
v 1.569935 -1.886238 1.763305
v 1.956225 -1.485800 1.905402
v 1.770760 -1.695946 1.837399
v 1.959997 -1.694826 1.343034
v 1.869294 -1.699214 1.591560
v 1.755547 -1.882257 1.269654
v 1.664313 -1.879124 1.516102
v 2.049795 -1.483552 1.656170
v 2.142158 -1.480716 1.406138
v 1.913118 -1.255082 2.458233
v 2.016258 -1.253890 2.212312
v 2.145788 -1.000073 2.261796
v 2.046050 -1.003622 2.510602
v 2.245224 -0.731305 2.300479
v 2.148812 -0.736250 2.551760
v 2.211610 -0.455148 2.577832
v 2.313172 -0.451654 2.328007
v 2.349008 -0.165357 2.343940
v 2.250967 -0.169448 2.595486
v 2.116572 -1.252714 1.964393
v 2.411427 -0.448201 2.076099
v 2.338395 -0.726413 2.047516
v 2.203693 -1.245530 1.711218
v 2.297836 -1.244148 1.460017
v 2.425801 -0.989380 1.504602
v 2.335452 -0.992967 1.758645
v 2.523612 -0.720003 1.539366
v 2.436888 -0.724807 1.795896
v 2.498174 -0.443348 1.819475
v 2.589312 -0.439924 1.563789
v 2.623260 -0.153613 1.578055
v 2.536706 -0.157594 1.835730
v 1.306297 -2.166047 1.102594
v 1.486610 -2.170129 0.617438
v 1.394709 -2.161922 0.859724
v 1.572194 -2.170893 0.372296
v 1.328129 -2.269421 0.288038
v 1.656754 -2.176335 0.126168
v 1.538481 -2.036163 1.189468
v 1.846402 -1.883178 1.025104
v 1.718043 -2.039021 0.699205
v 1.802938 -2.039351 0.451678
v 2.232588 -1.478981 1.154546
v 2.048993 -1.691859 1.093449
v 1.934062 -1.878738 0.775746
v 2.136457 -1.692333 0.842496
v 2.020185 -1.881943 0.526324
v 2.219303 -1.690896 0.589844
v 2.313660 -1.473814 0.899468
v 2.397755 -1.474248 0.645216
v 1.886241 -2.044024 0.203028
v 2.098829 -1.882905 0.273571
v 2.297324 -1.689796 0.335173
v 2.473898 -1.471230 0.388215
v 2.176325 -1.883555 0.019744
v 2.369379 -1.686659 0.078100
v 2.546121 -1.469066 0.129530
v 2.386714 -1.241445 1.206139
v 2.674334 -0.436057 1.305353
v 2.608814 -0.715963 1.281700
v 2.472422 -1.239577 0.950698
v 2.594963 -0.982109 0.990748
v 2.512647 -0.985808 1.248673
v 2.687239 -0.711146 1.021472
v 2.757294 -0.432686 1.045665
v 2.786326 -0.146168 1.057767
v 2.707088 -0.149825 1.318867
v 2.672501 -0.978343 0.731029
v 2.769420 -0.709289 0.761969
v 2.860816 -0.142625 0.794888
v 2.545712 -1.232884 0.691361
v 2.623733 -1.231521 0.433135
v 2.745242 -0.974499 0.469721
v 2.837388 -0.704270 0.498165
v 2.826314 -0.427916 0.781675
v 2.898677 -0.424490 0.518352
v 2.928879 -0.139083 0.530057
v 2.696538 -1.230078 0.172935
v 2.810827 -0.970017 0.206398
v 2.899570 -0.699344 0.233010
v 2.963493 -0.420828 0.252904
v 2.988815 -0.135624 0.263392
v 1.412293 -2.271304 0.044046
v 1.161088 -2.341309 -0.040315
v 0.731234 -2.380148 -0.452432
v 1.245755 -2.353616 -0.282374
v 1.231291 -2.441644 -1.097331
v 1.152976 -2.416866 -0.851629
v 1.327123 -2.362643 -0.526868
v 1.407149 -2.380054 -0.772841
v 1.577858 -2.295660 -0.447476
v 1.072031 -2.399613 -0.608125
v 1.966705 -2.049234 -0.048233
v 1.815301 -2.185463 -0.372745
v 1.893072 -2.197602 -0.623470
v 2.250082 -1.885369 -0.235186
v 2.184155 -2.061009 -0.810845
v 2.115762 -2.057190 -0.554694
v 1.965690 -2.206836 -0.877116
v 1.052136 -2.475601 -1.419054
v 1.125453 -2.509646 -1.668102
v 0.976464 -2.443586 -1.173622
v 1.307119 -2.466628 -1.346079
v 1.484264 -2.397990 -1.021663
v 1.452703 -2.521302 -1.854089
v 1.380358 -2.490983 -1.598505
v 1.197711 -2.547361 -1.920714
v 1.522567 -2.545786 -2.114934
v 1.803520 -2.332668 -1.201300
v 1.558835 -2.415737 -1.273395
v 1.772879 -2.483349 -2.046787
v 1.702842 -2.460301 -1.785380
v 1.877101 -2.355318 -1.456300
v 1.839531 -2.496432 -2.313743
v 1.590973 -2.567416 -2.381215
v 1.148529 -2.629777 -2.773531
v 1.082181 -2.607993 -2.501455
v 0.960321 -2.625765 -3.100432
v 0.712842 -2.598663 -3.135079
v 1.019540 -2.601418 -3.389009
v 1.211164 -2.628099 -3.055009
v 0.896378 -2.615372 -2.819427
v 1.268247 -2.578288 -2.179271
v 1.012916 -2.575049 -2.238599
v 1.337163 -2.604285 -2.444527
v 1.268579 -2.604174 -3.343867
v 1.319690 -2.541326 -3.635405
v 1.518177 -2.583273 -3.287881
v 1.463204 -2.612137 -2.999564
v 1.655686 -2.578420 -2.654594
v 1.713841 -2.567693 -2.935180
v 1.765627 -2.536734 -3.221886
v 1.959621 -2.492225 -2.864502
v 1.120892 -2.444989 -3.967341
v 0.877722 -2.433228 -3.999115
v 1.162825 -2.306329 -4.242362
v 0.921469 -2.295645 -4.269529
v 1.199388 -2.137178 -4.502347
v 1.231111 -1.933761 -4.732504
v 0.992164 -1.926898 -4.751337
v 0.959555 -2.126158 -4.522414
v 1.365266 -2.444978 -3.925647
v 1.919555 -2.112894 -4.382419
v 1.647753 -2.301078 -4.159344
v 1.680614 -2.127458 -4.432476
v 1.405199 -2.311594 -4.208062
v 1.812546 -2.486906 -3.514007
v 1.567127 -2.526849 -3.580790
v 1.851950 -2.398233 -3.806590
v 1.048759 -1.479273 -5.088634
v 1.020843 -1.712754 -4.937583
v 1.258368 -1.714012 -4.918586
v 1.286176 -1.480743 -5.069602
v 1.468650 -1.922269 -4.708455
v 1.494795 -1.703287 -4.899431
v 1.522829 -1.473610 -5.045907
v 1.703469 -1.907243 -4.684662
v 1.727862 -1.681325 -4.865952
v 1.757482 -1.458730 -5.012384
v 1.988707 -1.437075 -4.960239
v 1.961833 -1.663973 -4.825817
v 1.075557 -1.231904 -5.208673
v 1.123130 -0.420713 -5.328847
v 1.123461 -0.693741 -5.261575
v 1.139552 -0.136625 -5.403501
v 1.313354 -1.234722 -5.186491
v 1.369411 -0.409202 -5.386369
v 1.351908 -0.695818 -5.262984
v 1.374427 -0.139821 -5.387993
v 1.550565 -1.229481 -5.163089
v 1.583745 -0.691938 -5.288728
v 1.604176 -0.422428 -5.309297
v 1.606587 -0.150053 -5.342004
v 1.785225 -1.216062 -5.126939
v 1.834404 -0.700855 -5.272913
v 1.833953 -0.421358 -5.265889
v 1.840483 -0.157892 -5.266794
v 2.074099 -0.423371 -5.247086
v 2.057624 -0.686263 -5.208343
v 2.087385 -0.158316 -5.269821
v 2.321898 -1.887930 -0.491234
v 2.510433 -1.688700 -0.436876
v 2.446367 -1.691561 -0.177507
v 2.613856 -1.466969 -0.130398
v 2.675971 -1.464368 -0.391578
v 2.450860 -1.893523 -1.009518
v 2.390434 -1.893039 -0.747454
v 2.255651 -2.071198 -1.067930
v 2.733171 -1.460972 -0.653923
v 2.570551 -1.686016 -0.697454
v 2.685699 -1.685313 -1.220168
v 2.633822 -1.690176 -0.957923
v 2.510780 -1.895117 -1.269019
v 2.784690 -1.457366 -0.917646
v 2.832258 -1.451761 -1.181598
v 2.754354 -1.222945 -0.090881
v 2.814112 -1.220201 -0.354040
v 2.922708 -0.960112 -0.324107
v 2.874745 -0.966919 -0.057381
v 2.956334 -0.694756 -0.033257
v 3.001553 -0.688884 -0.301194
v 3.008243 -0.415163 -0.016091
v 3.049392 -0.411691 -0.284777
v 3.059405 -0.129545 -0.275690
v 3.036212 -0.132155 -0.004848
v 2.867419 -1.216298 -0.618489
v 3.027822 -0.684587 -0.569108
v 2.962288 -0.952755 -0.591633
v 3.045817 -0.405387 -0.560568
v 3.036075 -0.398817 -0.831010
v 3.093340 -0.119241 -0.825754
v 3.031082 -0.123067 -0.560304
v 2.905138 -1.207268 -0.885245
v 2.947044 -1.200769 -1.150838
v 3.015299 -0.940829 -1.126271
v 3.003412 -0.947592 -0.858744
v 3.045398 -0.676528 -0.839577
v 3.023100 -0.664808 -1.111379
v 3.018636 -0.389447 -1.104733
v 3.029863 -0.115164 -1.097246
v 2.381980 -2.081018 -1.585809
v 2.321155 -2.077355 -1.325791
v 2.172875 -2.240686 -1.648507
v 2.106047 -2.228843 -1.389440
v 1.945016 -2.368187 -1.716040
v 2.239203 -2.250861 -1.910443
v 2.572070 -1.897253 -1.527771
v 2.875345 -1.443518 -1.445610
v 2.738223 -1.680859 -1.481882
v 2.786057 -1.672522 -1.744406
v 2.625159 -1.892786 -1.790305
v 2.919831 -1.435713 -1.708748
v 3.009766 -1.182412 -1.681949
v 2.983638 -1.192113 -1.416563
v 2.683047 -1.884063 -2.052669
v 2.831377 -1.663400 -2.006954
v 3.024569 -1.174509 -1.945871
v 2.501807 -2.077295 -2.110859
v 2.302112 -2.252191 -2.175641
v 2.561285 -2.071129 -2.374416
v 2.950328 -1.423003 -1.972589
v 2.871079 -1.647142 -2.267733
v 3.033609 -0.110799 -1.363726
v 3.080949 -0.664823 -1.378881
v 3.032959 -0.933003 -1.394457
v 3.052060 -0.384878 -1.370453
v 3.042438 -0.920135 -1.663334
v 3.039032 -0.651700 -1.654392
v 3.051370 -0.381251 -1.637497
v 3.056534 -0.107561 -1.627495
v 3.031413 -0.905941 -1.934302
v 3.137859 -0.104213 -1.895633
v 3.057871 -0.645051 -1.919343
v 3.028688 -0.894810 -2.197299
v 3.054120 -0.382855 -1.900487
v 3.053798 -0.636878 -2.185989
v 3.064639 -0.359357 -2.448580
v 3.096079 -0.097043 -2.433346
v 3.080528 -0.094499 -2.169932
v 2.138162 -2.389227 -2.514869
v 2.077873 -2.390477 -2.244544
v 1.903121 -2.502980 -2.586062
v 2.009654 -2.465312 -3.148306
v 2.195921 -2.383157 -2.789321
v 2.245200 -2.360495 -3.068516
v 2.287914 -2.322266 -3.352118
v 2.323638 -2.261456 -3.639827
v 2.092247 -2.347525 -3.730132
v 2.413126 -2.233021 -2.713245
v 2.466006 -2.218410 -2.985954
v 2.708638 -2.011442 -3.172997
v 2.665646 -2.039567 -2.904722
v 2.510824 -2.190048 -3.262300
v 2.948225 -1.604074 -2.783388
v 2.916494 -1.630255 -2.525633
v 2.823496 -1.829129 -2.832817
v 2.780134 -1.851354 -2.573694
v 3.001974 -1.387197 -2.492706
v 3.031470 -1.368860 -2.749619
v 2.616131 -2.057858 -2.638503
v 2.981606 -1.571487 -3.038736
v 2.871682 -1.799088 -3.089797
v 2.905719 -1.760531 -3.347642
v 2.930849 -1.724095 -3.606377
v 2.742278 -1.972475 -3.442388
v 3.044703 -1.135663 -2.470261
v 3.026449 -1.107572 -2.734267
v 3.058142 -0.856617 -2.718467
v 3.049892 -0.878387 -2.458610
v 3.041434 -1.337340 -3.007152
v 3.057079 -0.603037 -2.710769
v 3.056228 -0.838675 -2.976077
v 3.067638 -0.348722 -2.704736
v 3.062298 -0.590235 -2.967898
v 2.372574 -2.021425 -4.217285
v 2.353509 -2.167734 -3.930610
v 2.150105 -2.074695 -4.309923
v 2.170263 -1.857769 -4.574946
v 2.567058 -2.060810 -3.820437
v 2.543232 -2.138930 -3.540897
v 2.587053 -1.952596 -4.103104
v 2.602222 -1.770497 -4.373355
v 2.626225 -1.343732 -4.664544
v 2.614233 -1.562142 -4.548832
v 2.429530 -1.379801 -4.789328
v 2.783352 -1.522914 -4.406246
v 2.781777 -1.716141 -4.226621
v 2.791874 -1.303327 -4.515904
v 2.663068 -0.630468 -4.852945
v 2.652061 -0.873391 -4.811286
v 2.478071 -0.653269 -5.001859
v 2.671398 -0.385410 -4.878966
v 2.487831 -0.401601 -5.031654
v 2.675623 -0.139362 -4.891346
v 2.493861 -0.148793 -5.046625
v 2.824735 -0.605537 -4.674814
v 2.819109 -0.842568 -4.644459
v 2.832891 -0.367138 -4.696863
v 2.833619 -0.127248 -4.704901
v 2.936360 -1.038439 -4.409610
v 2.805538 -1.075375 -4.592228
v 2.956651 -0.348794 -4.481993
v 2.958501 -0.581923 -4.470252
v 2.963822 -0.114323 -4.492155
v 2.189766 -1.635397 -4.759678
v 2.214065 -1.411175 -4.887123
v 2.410646 -1.601887 -4.668763
v 2.394224 -1.821061 -4.485309
v 2.287475 -0.414411 -5.153932
v 2.273445 -0.671684 -5.118799
v 2.295793 -0.155097 -5.171710
v 3.015068 -1.502282 -3.542290
v 3.009626 -1.541286 -3.291459
v 3.035991 -1.307956 -3.260632
v 3.044759 -1.277541 -3.508586
v 3.062976 -1.068809 -3.237460
v 3.006539 -1.033973 -3.494946
v 3.034026 -0.798793 -3.482478
v 3.025395 -0.818376 -3.232335
v 3.067580 -0.575024 -3.222243
v 3.031357 -0.562524 -3.479739
v 3.070573 -0.335437 -3.220358
v 3.050919 -0.324521 -3.479833
v 3.048732 -0.083534 -3.485874
v 3.143061 -0.089038 -3.216097
v 3.018582 -0.784749 -3.732255
v 3.017015 -1.015071 -3.738158
v 3.010495 -0.553791 -3.733812
v 3.042452 -0.321242 -3.736381
v 3.028969 -0.086351 -3.739297
v 2.923770 -1.594458 -4.078359
v 2.899813 -1.502767 -4.266824
v 2.986088 -1.380597 -4.152042
v 3.022799 -1.426317 -4.007607
v 3.056734 -1.223030 -3.983106
v 3.008783 -1.223773 -4.188265
v 3.046272 -1.006624 -3.980477
v 3.029127 -1.012401 -4.207055
v 3.035643 -0.790508 -4.223734
v 3.030708 -0.779118 -3.977106
v 3.020789 -0.553081 -3.983439
v 3.045831 -0.563863 -4.238203
v 2.922082 -1.263517 -4.357418
v 2.950972 -0.812356 -4.447523
v 3.046403 -0.334235 -4.247252
v -3.537148 0.019684 -2.867635
v -3.535824 0.227979 -2.866160
v -3.590346 0.232312 -3.144039
v -3.537184 0.440645 -3.150140
v -3.524030 0.432999 -2.872524
v -3.552824 0.639531 -3.153320
v -3.575613 0.634661 -2.881038
v -3.514131 0.836399 -2.895926
v -3.552209 0.029348 -3.145187
v -3.586981 0.046570 -3.423280
v -3.521023 0.254749 -3.427246
v -3.529549 0.452750 -3.426027
v -3.528388 0.649066 -3.426790
v -3.569568 0.837608 -3.162358
v -3.534937 0.228004 -2.596989
v -3.546119 0.006576 -2.593848
v -3.526604 0.442868 -2.603429
v -3.513933 0.857583 -2.639320
v -3.518962 0.653037 -2.616684
v -3.524020 -0.211527 -2.598385
v -3.496713 0.006841 -2.354524
v -3.493260 0.235410 -2.360195
v -3.588306 1.034816 -3.170760
v -3.523283 0.846204 -3.429982
v -3.545294 1.046283 -3.426530
v -3.546838 1.248125 -3.430301
v -3.504237 1.235878 -3.188157
v -3.541873 1.456092 -3.426794
v -3.564416 1.033010 -2.913184
v -3.551832 1.218589 -2.940875
v -3.515651 1.401065 -2.981310
v -3.536060 1.435561 -3.199053
v -3.531487 1.648215 -3.206412
v -3.514498 1.238689 -2.705624
v -3.524034 1.053927 -2.670351
v -3.541051 1.605549 -3.000157
v -3.467088 1.824755 -3.181400
v -3.467773 1.762373 -2.962992
v -3.516348 1.115496 -2.452350
v -3.497282 1.501338 -2.603037
v -3.521388 1.398760 -2.760070
v -3.540305 1.556883 -2.837929
v -3.465516 1.658363 -2.766374
v -3.524993 0.272169 -3.703691
v -3.553246 0.085379 -3.984262
v -3.550496 0.287640 -3.978967
v -3.523072 0.489322 -3.970419
v -3.518532 0.468910 -3.699394
v -3.506627 0.688082 -3.962076
v -3.509230 0.665987 -3.694959
v -3.526142 0.864536 -3.689930
v -3.542707 0.309331 -4.245533
v -3.530722 0.513533 -4.234346
v -3.523874 0.715791 -4.221285
v -3.526455 0.541183 -4.489238
v -3.528727 0.330370 -4.501943
v -3.512751 0.748792 -4.472529
v -3.506923 0.349633 -4.736762
v -3.513164 0.127902 -4.747410
v -3.531493 0.119996 -4.509444
v -3.492979 0.568677 -4.713396
v -3.415902 0.137454 -4.958584
v -3.397803 0.599625 -4.923937
v -3.403440 0.368751 -4.943547
v -3.523024 1.063651 -3.684067
v -3.570893 0.885215 -3.947466
v -3.521267 1.084409 -3.933811
v -3.553080 1.286236 -3.915108
v -3.513795 1.261254 -3.670847
v -3.510773 1.482638 -3.889469
v -3.534859 1.114855 -4.178112
v -3.533914 1.311781 -4.150885
v -3.511763 1.465985 -3.656723
v -3.528550 1.693314 -3.861282
v -3.536944 1.682729 -4.073038
v -3.541970 1.505006 -4.105316
v -3.517692 1.156684 -4.414323
v -3.540053 0.954230 -4.451032
v -3.517830 0.916725 -4.202595
v -3.581464 1.356453 -4.381076
v -3.542321 1.687683 -3.640829
v -3.476231 1.883919 -3.635096
v -3.469861 1.837350 -4.076412
v -3.532602 1.667529 -4.227813
v -3.508280 1.221484 -4.628604
v -3.498735 1.006070 -4.669593
v -3.503757 1.428674 -4.560502
v -3.305439 2.009075 -3.640121
v -3.472966 1.878991 -3.860883
v -3.454983 1.768225 -4.276559
v -3.299575 1.836433 -4.344022
v -3.294692 1.934324 -4.114190
v -3.349574 1.490860 -4.685481
v -3.362754 1.276847 -4.777202
v -3.327430 1.680690 -4.548240
v -3.241988 0.383435 -5.110745
v -3.254305 0.142615 -5.129294
v -3.228348 0.623026 -5.080668
v -3.210660 0.859296 -5.032561
v -3.389573 0.829001 -4.892032
v -3.151067 1.529034 -4.763191
v -3.177100 1.321702 -4.890151
v -3.125629 1.708484 -4.596192
v -3.266617 0.305722 6.186016
v -3.444770 0.098693 5.978837
v -3.240135 0.535636 6.187589
v -3.215258 0.765024 6.201101
v -3.405275 0.578209 5.993479
v -3.324469 1.054760 6.020796
v -3.368937 0.817054 6.003229
v -3.526577 0.367783 5.748370
v -3.423692 0.338111 5.982065
v -3.508188 0.616417 5.754630
v -3.469604 0.864820 5.767338
v -3.056052 0.271735 6.311468
v -3.038348 0.493836 6.318263
v -3.017421 0.714511 6.329880
v -3.178453 0.992279 6.218187
v -2.985011 0.932213 6.341420
v -2.792897 0.670058 6.372074
v -2.820104 0.239015 6.339926
v -2.756022 0.880510 6.355307
v -3.253668 1.287201 6.036743
v -3.160109 1.513596 6.055988
v -3.121435 1.214579 6.233018
v -3.049563 1.431629 6.248853
v -2.948897 1.637978 6.259243
v -3.408756 1.110202 5.782327
v -3.322392 1.349078 5.799900
v -3.203392 1.576320 5.820936
v -3.050627 1.786649 5.846565
v -2.951261 1.145693 6.367410
v -2.894020 1.351181 6.378707
v -2.810489 1.787276 6.257176
v -3.022002 1.720782 6.070372
v -2.858066 1.942417 5.870682
v -3.039481 1.830860 5.601813
v -2.837998 1.992793 5.641241
v -2.775371 1.673098 6.382030
v -2.831906 1.547697 6.374096
v -2.618438 1.658994 6.378013
v -2.645848 2.070433 5.913995
v -2.615143 2.120214 5.693613
v -2.435175 1.656279 6.368209
v -2.447148 1.879706 6.348591
v -2.440136 2.044620 6.184836
v -2.648735 1.987734 6.123843
v -3.590430 0.133021 5.489189
v -3.532033 0.389706 5.498018
v -3.540882 0.650966 5.503316
v -3.517991 0.904795 5.511683
v -3.520928 0.421114 4.971072
v -3.616362 0.143396 5.229333
v -3.588828 0.412723 5.233432
v -3.528348 0.695342 4.978547
v -3.535891 0.675972 5.240727
v -3.535225 0.428691 4.709038
v -3.522743 0.148426 4.704549
v -3.529594 0.706796 4.716993
v -3.503690 0.957819 4.990644
v -3.410192 1.214592 5.009376
v -3.464574 0.971708 4.734123
v -3.439885 1.154091 5.526187
v -3.342833 1.397956 5.546329
v -3.211560 1.628237 5.570675
v -3.283460 1.457411 5.034524
v -3.446854 1.193017 5.266898
v -3.326734 1.434372 5.289045
v -3.124277 1.681123 5.067186
v -3.175630 1.658751 5.317628
v -2.936060 1.878324 5.111932
v -2.993071 1.853222 5.354205
v -3.222785 1.472211 4.785487
v -3.355443 1.227724 4.756844
v -3.058260 1.696432 4.822714
v -2.865263 1.890911 4.873097
v -2.793324 2.025757 5.407097
v -2.649524 2.050355 4.940975
v -2.566649 2.059090 4.710740
v -2.725712 2.041632 5.172945
v -2.416946 2.182687 5.015967
v -3.487245 0.434964 4.197439
v -3.542606 0.434570 4.448335
v -3.437780 0.716835 4.210117
v -3.490079 0.710890 4.463602
v -3.423939 0.434130 3.949230
v -3.365428 0.139817 3.703881
v -3.246906 0.424871 3.471392
v -3.330991 0.428724 3.711156
v -3.271233 0.713452 3.725372
v -3.178132 0.988887 3.749652
v -3.178469 0.709377 3.489302
v -3.077267 0.982815 3.517812
v -2.952320 1.245347 3.553858
v -3.219122 1.243025 4.263321
v -3.300916 1.242206 4.505797
v -3.072968 1.486208 4.300186
v -3.152014 1.481135 4.540778
v -2.898848 1.708330 4.346983
v -2.975370 1.697212 4.585299
v -2.782242 1.892627 4.638710
v -2.692578 1.897489 4.407207
v -2.985303 1.488370 4.064073
v -3.139317 1.247453 4.022022
v -2.804623 1.707618 4.115884
v -3.050816 1.249109 3.785177
v -2.795515 1.488415 3.601923
v -2.891088 1.488407 3.832087
v -2.612355 1.709365 3.661098
v -2.704449 1.703692 3.889412
v -2.500823 1.899228 3.955903
v -3.484617 -0.222634 -2.363715
v -3.371991 -0.224844 -2.144789
v -3.485351 0.460814 -2.377930
v -3.385921 0.493049 -2.165532
v -3.379301 0.255227 -2.151874
v -3.215092 0.281199 -1.975515
v -3.200573 -0.219232 -1.966470
v -3.018984 0.310342 -1.837952
v -3.212586 0.528879 -2.004593
v -3.013158 0.565467 -1.880793
v -3.206848 0.774337 -2.047018
v -2.996542 -0.206309 -1.832049
v -2.781704 -0.189414 -1.721251
v -2.796619 0.600252 -1.792220
v -3.000931 0.815528 -1.945899
v -2.785623 0.854818 -1.867104
v -2.557098 -0.169044 -1.637436
v -2.800288 0.339447 -1.743917
v -2.571723 0.633364 -1.730092
v -2.562824 0.891445 -1.811281
v -3.504884 0.903115 -2.412516
v -3.365899 1.184430 -2.301284
v -3.518693 1.318857 -2.507358
v -3.331485 1.574843 -2.521714
v -3.372207 0.958244 -2.244160
v -3.191730 1.013567 -2.115458
v -3.171992 1.245410 -2.209668
v -3.348385 1.389341 -2.394072
v -3.131095 1.640135 -2.498645
v -3.116538 1.800247 -2.691959
v -2.987002 1.062011 -2.026418
v -2.963318 1.292746 -2.148227
v -3.149009 1.462687 -2.336616
v -2.925052 1.688055 -2.470966
v -2.912135 1.842200 -2.674321
v -2.701633 1.879078 -2.663877
v -2.901628 1.966267 -2.903517
v -2.748224 1.331861 -2.103329
v -2.938893 1.502807 -2.301801
v -2.727500 1.541370 -2.265816
v -2.691161 1.994570 -2.901736
v -2.477972 2.018476 -2.905254
v -2.684628 2.080726 -3.152293
v -2.471704 2.099740 -3.160989
v -2.768860 1.100167 -1.969960
v -2.528697 1.366030 -2.074724
v -2.511519 1.576064 -2.245947
v -2.486583 1.901324 -2.664499
v -2.262876 2.037442 -2.913898
v -2.257253 2.116852 -3.172815
v -3.305020 1.992534 -3.400237
v -3.306430 1.952261 -3.162563
v -3.102786 2.066896 -3.398975
v -3.297194 1.984445 -3.877915
v -3.098356 2.052524 -3.901649
v -3.102362 2.009853 -3.153664
v -2.895312 2.052962 -3.149150
v -3.098855 2.071283 -3.650272
v -2.889845 2.111298 -3.663692
v -2.890009 2.080598 -3.922497
v -3.100035 1.987145 -4.149323
v -2.891968 2.101804 -3.404293
v -2.678546 2.133307 -3.678536
v -2.679607 2.098627 -3.942160
v -2.894312 2.007481 -4.175166
v -2.903932 1.890520 -4.414176
v -2.693307 1.904085 -4.438108
v -2.679982 2.120798 -3.414001
v -2.467550 2.142134 -3.425885
v -2.684167 2.017944 -4.196519
v -2.471233 2.025862 -4.215471
v -2.478808 1.913796 -4.458126
v -2.466557 2.099734 -3.958113
v -2.252502 2.109951 -3.976878
v -2.255815 2.028661 -4.232607
v -2.253460 2.159190 -3.440405
v -3.057144 0.141934 -5.238839
v -3.044338 0.390836 -5.227659
v -3.028787 0.638104 -5.193655
v -3.009660 0.881647 -5.138119
v -2.844136 0.138054 -5.287743
v -2.832658 0.392776 -5.286743
v -2.812111 0.645549 -5.268511
v -2.791453 0.893642 -5.206695
v -2.595075 0.381924 -5.266933
v -2.608310 0.127078 -5.271383
v -2.583995 0.643658 -5.279323
v -2.365576 0.373622 -5.329434
v -2.384216 0.112275 -5.256299
v -2.355864 0.632437 -5.277512
v -2.964453 1.345608 -4.950800
v -2.940155 1.554650 -4.809715
v -2.918884 1.739403 -4.634785
v -2.744690 1.356800 -4.988594
v -2.723289 1.567893 -4.839994
v -2.705453 1.753086 -4.657625
v -2.503964 1.574772 -4.863741
v -2.523571 1.366553 -5.023232
v -2.488677 1.756097 -4.673289
v -2.282960 1.576767 -4.883271
v -2.299864 1.370449 -5.049761
v -2.270066 1.755831 -4.689856
v -2.438024 1.460681 6.356657
v -2.219865 1.663105 6.343833
v -2.421196 2.149084 5.976172
v -2.197164 2.188704 6.045165
v -2.143714 2.256704 5.829765
v -2.380499 2.208766 5.757731
v -2.254473 1.873759 6.369090
v -2.047316 1.857562 6.371682
v -1.909717 2.273225 5.905966
v -2.077328 2.300374 5.614533
v -2.028187 2.058032 6.292394
v -1.850341 1.826205 6.411170
v -1.828024 2.020276 6.331987
v -1.976251 2.193841 6.111979
v -1.761584 2.164546 6.173445
v -1.679846 2.253216 5.984157
v -1.655374 1.760672 6.371157
v -1.591523 2.295118 5.784286
v -1.358912 2.233662 5.876420
v -2.562596 2.150939 5.468313
v -2.322756 2.245491 5.537639
v -2.252130 2.269864 5.317329
v -1.915417 2.340444 5.185382
v -2.169562 2.277656 5.097487
v -2.235988 2.192315 4.568516
v -2.332293 2.194963 4.790526
v -1.985449 2.287224 4.659861
v -1.658211 2.359530 5.279714
v -1.823204 2.342827 4.971323
v -1.832310 2.316921 5.696998
v -1.748048 2.344841 5.488841
v -1.563591 2.366300 5.069609
v -1.404657 2.341460 5.379205
v -1.628621 2.352583 4.541028
v -1.465604 2.371668 4.858305
v -1.364851 2.371834 4.645791
v -1.500024 2.317906 5.582308
v -1.259706 2.264199 5.682444
v -1.205848 2.356079 4.963843
v -2.984569 0.980748 3.284257
v -2.473289 2.061321 4.483689
v -2.377360 2.061664 4.258938
v -2.600498 1.902359 4.179403
v -2.279871 2.061560 4.035993
v -2.404622 1.902537 3.733840
v -2.856173 1.242548 3.322939
v -2.699194 1.486162 3.372372
v -2.511686 1.703668 3.434615
v -2.137386 2.188538 4.347558
v -2.180013 2.061817 3.814978
v -2.076565 2.060706 3.591996
v -1.837222 2.194335 3.684986
v -1.727734 2.350849 4.756488
v -1.888344 2.291155 4.441024
v -1.788429 2.288829 4.222569
v -1.527110 2.348495 4.325185
v -1.686174 2.287051 4.004435
v -1.584948 2.295977 3.784585
v -1.480649 2.290313 3.565141
v -1.734979 2.192935 3.463718
v -1.262429 2.376292 4.431894
v -1.321335 2.353740 3.890654
v -1.218203 2.357254 3.671391
v -3.145504 0.417919 3.240045
v -3.075592 0.118167 3.005035
v -2.888689 0.977889 3.053237
v -2.946570 0.404957 2.781388
v -2.970469 0.110445 2.779309
v -3.041075 0.410532 3.012040
v -2.981601 0.698841 3.026784
v -2.879740 0.692528 2.799610
v -2.654097 1.234410 2.868979
v -2.779285 0.968962 2.830014
v -2.736434 0.389441 2.334684
v -2.837364 0.396660 2.559151
v -2.451690 1.223204 2.420017
v -2.579303 0.958382 2.379097
v -2.685367 0.966628 2.601126
v -2.552878 1.228654 2.643959
v -2.350603 1.217957 2.197187
v -2.473953 0.950186 2.158242
v -2.756030 1.238500 3.094914
v -2.412298 1.704260 3.208429
v -2.594136 1.479510 3.147710
v -2.498349 1.482087 2.919944
v -2.200810 1.899377 3.282723
v -2.308985 1.701870 2.985443
v -2.097505 1.896248 3.062756
v -1.876768 2.060691 3.146540
v -2.293954 1.469196 2.472583
v -2.390888 1.470873 2.698356
v -2.196408 1.468058 2.248050
v -1.777078 2.061214 2.920869
v -1.533226 2.195147 3.018581
v -1.430851 2.190865 2.795742
v -1.671823 2.054463 2.699186
v -1.572965 2.052392 2.476044
v -1.379291 2.293108 3.343709
v -1.276176 2.290317 3.122087
v -1.175883 2.292210 2.898542
v -2.662392 0.086079 2.108643
v -2.533387 0.373369 1.890233
v -2.632645 0.381396 2.112915
v -2.573429 0.671961 2.127714
v -2.457605 0.068008 1.667421
v -2.433292 0.364576 1.668962
v -2.471586 0.663897 1.906176
v -2.382144 0.946853 1.932209
v -2.373802 0.655857 1.683769
v -2.280553 0.937379 1.711353
v -2.155174 1.204762 1.751363
v -2.335592 0.355445 1.447667
v -2.058091 1.196690 1.529347
v -2.180943 0.927747 1.490741
v -2.243489 0.346811 1.224714
v -2.275771 0.646763 1.462585
v -2.181357 0.638207 1.240659
v -2.086207 0.919432 1.268845
v -2.251493 1.211520 1.974535
v -2.000276 1.454229 1.803000
v -2.090527 1.456519 2.028809
v -1.908597 1.684425 2.091150
v -1.702480 1.885950 2.164510
v -1.814032 1.678033 1.867137
v -1.476298 2.048872 2.252345
v -1.379740 2.047139 2.028012
v -1.601721 1.875169 1.941699
v -1.904583 1.447874 1.579932
v -1.962459 1.188138 1.307658
v -1.418294 1.872380 1.492185
v -1.509589 1.874485 1.717661
v -1.286525 2.042013 1.802816
v -1.806224 1.437555 1.359101
v -1.624852 1.667608 1.420294
v -1.715698 1.430243 1.135498
v -1.534642 1.660649 1.196026
v -2.573443 0.368391 -1.677993
v -2.345149 0.398953 -1.624180
v -2.343247 0.665415 -1.687609
v -2.325692 -0.145760 -1.584800
v -2.114621 0.429905 -1.587599
v -2.113316 0.696851 -1.660994
v -2.335013 0.923432 -1.780093
v -2.093551 -0.120943 -1.550387
v -1.862806 -0.094966 -1.522760
v -1.883288 0.729009 -1.647413
v -2.106108 0.953158 -1.764528
v -1.878017 0.987395 -1.751151
v -1.842382 -0.372490 -1.543037
v -1.632977 -0.067353 -1.508752
v -1.882917 0.459694 -1.574927
v -1.653903 0.762334 -1.645861
v -1.649749 1.023465 -1.747544
v -1.652915 0.490582 -1.575017
v -1.425052 0.525685 -1.576805
v -1.425785 0.797649 -1.655177
v -2.546049 1.133672 -1.932747
v -2.322448 1.169582 -1.901775
v -2.306716 1.396332 -2.057869
v -2.292266 1.604078 -2.236887
v -2.497547 1.752532 -2.443989
v -2.270026 1.919813 -2.670681
v -2.053336 1.949799 -2.674324
v -2.046697 2.060837 -2.924278
v -2.083836 1.428956 -2.044673
v -2.279906 1.777444 -2.442473
v -2.060999 1.801954 -2.445226
v -2.041446 2.131206 -3.188272
v -1.824950 2.147157 -3.207269
v -2.071246 1.628004 -2.235202
v -1.849383 1.656621 -2.235870
v -1.841456 1.831864 -2.448679
v -1.829173 2.078880 -2.940742
v -1.608298 2.170346 -3.228331
v -1.858678 1.454242 -2.048798
v -1.633113 1.485815 -2.054539
v -1.626149 1.685311 -2.243432
v -1.611089 2.098002 -2.960909
v -1.393662 2.130352 -2.981098
v -1.406748 1.522483 -2.064465
v -1.401491 1.717055 -2.252873
v -1.620349 1.859136 -2.459415
v -1.390563 2.186755 -3.254096
v -1.174155 2.219975 -3.281301
v -2.036862 2.120179 -3.997167
v -2.038757 2.031312 -4.250733
v -2.261477 1.910276 -4.471724
v -2.037830 2.161278 -3.458774
v -1.822305 2.182454 -3.478956
v -1.820421 2.032875 -4.270804
v -2.042799 1.907136 -4.486081
v -1.823298 1.911004 -4.506762
v -1.820089 2.167363 -3.750998
v -1.603215 2.182102 -3.775802
v -1.819488 2.119398 -4.017147
v -1.601069 2.034194 -4.292437
v -1.602510 1.912759 -4.527708
v -1.601228 2.121414 -4.039448
v -1.383005 2.135942 -4.068410
v -1.380777 2.035080 -4.316436
v -1.385105 2.190499 -3.802669
v -1.166932 2.207482 -3.833518
v -1.160192 2.041941 -4.347304
v -1.380450 1.906895 -4.546148
v -2.140098 0.089732 -5.367513
v -2.138827 0.359879 -5.306329
v -2.125335 0.619304 -5.245365
v -1.910427 0.072866 -5.383242
v -1.898523 0.335169 -5.374659
v -1.902680 0.612680 -5.246099
v -1.668033 0.328184 -5.343280
v -1.680854 0.059520 -5.371541
v -1.653801 0.601466 -5.382915
v -1.435764 0.313327 -5.333310
v -1.444158 0.040156 -5.409314
v -1.421571 0.575165 -5.308496
v -1.211248 0.015176 -5.391144
v -1.199874 0.282230 -5.354904
v -1.189530 0.564659 -5.257486
v -2.073939 1.362941 -5.062084
v -2.060399 1.573938 -4.898995
v -2.049995 1.759014 -4.706873
v -1.847503 1.350780 -5.072700
v -1.836704 1.567225 -4.913342
v -1.828580 1.756314 -4.723951
v -1.612509 1.559566 -4.928796
v -1.621086 1.341149 -5.091467
v -1.605992 1.750519 -4.736492
v -1.387339 1.552728 -4.943685
v -1.393702 1.331509 -5.103663
v -1.382666 1.746267 -4.752763
v -1.170142 1.080575 -5.225529
v -1.400985 1.093456 -5.215517
v -1.165199 1.321500 -5.112374
v -1.160980 1.546108 -4.960601
v -1.158592 1.745825 -4.775834
v -0.858039 0.110667 6.383090
v -1.126951 0.112960 6.449601
v -0.866665 0.361309 6.463632
v -0.841649 0.571360 6.385127
v -0.864284 0.779007 6.373867
v -1.083499 0.774815 6.379340
v -0.886320 0.992981 6.367919
v -1.100254 0.969788 6.346963
v -0.610834 0.089649 6.363513
v -0.597409 0.352635 6.362048
v -0.624949 0.801957 6.370575
v -0.656615 1.028044 6.366716
v -0.368836 0.335423 6.355703
v -0.369495 0.089454 6.378895
v -0.380146 0.584173 6.357889
v -0.185814 0.844328 6.249471
v -0.403306 0.823313 6.344162
v -0.153607 0.594085 6.273316
v -0.238546 1.088534 6.213986
v -0.440042 1.060194 6.328335
v 0.091120 0.081974 6.169060
v -0.131365 0.086061 6.299289
v 0.085154 0.345450 6.160652
v -0.134755 0.341197 6.292641
v 0.060480 0.606388 6.139324
v 0.016392 0.863064 6.105730
v -0.050894 1.112129 6.058925
v -1.252093 1.509676 6.360472
v -1.471483 1.705226 6.372342
v -0.925119 1.201618 6.423501
v -1.200478 1.359215 6.372549
v -0.981338 1.395882 6.355057
v -1.368420 2.000398 6.290552
v -1.219400 1.851489 6.355057
v -1.254519 2.075047 6.143386
v -0.943131 1.983635 6.072961
v -0.833565 2.034869 5.879632
v -1.140503 2.131988 5.974590
v -0.504732 1.285244 6.301652
v -0.315771 1.322159 6.164955
v -0.590803 1.496299 6.254401
v -0.415555 1.544414 6.108671
v -0.689984 1.678087 6.202986
v -0.534511 1.723967 6.042680
v -0.800893 1.833107 6.146974
v -0.260596 1.575305 5.930570
v -0.392194 1.759833 5.856048
v -0.535505 1.915582 5.779986
v -0.665027 1.885711 5.969720
v 0.253929 0.616274 5.974703
v 0.284407 0.349264 5.998526
v 0.478302 0.077967 5.826838
v 0.293712 0.079262 6.008642
v 0.463470 0.352505 5.813453
v 0.432201 0.624988 5.791960
v 0.368579 0.889049 5.748923
v 0.200827 0.877850 5.936765
v 0.278581 1.142488 5.691825
v 0.124015 1.131438 5.885933
v 0.649388 0.077811 5.631156
v 0.634484 0.356442 5.619630
v 0.524714 0.898562 5.549699
v 0.431804 1.156495 5.495023
v -0.930710 2.188795 5.583604
v -1.160847 2.280745 5.480739
v -1.306570 2.350340 5.172451
v -1.057514 2.297246 5.277661
v -1.103045 2.358357 4.753451
v -0.846872 2.312450 4.863115
v -0.953499 2.303591 5.071136
v -0.711899 2.221120 5.179055
v -0.718810 2.068114 5.685323
v -0.606039 2.085439 5.484373
v -0.370929 2.110909 5.080072
v -0.602599 2.225491 4.971880
v 0.017838 1.371544 5.819615
v 0.167468 1.386518 5.626746
v -0.118356 1.596421 5.740221
v 0.026419 1.615292 5.549917
v -0.130530 1.797648 5.468511
v -0.288645 1.951955 5.382668
v -0.412505 1.938618 5.582337
v -0.161487 1.955264 5.182187
v -0.042376 1.963326 4.974309
v -0.258374 2.113392 4.870459
v -0.998068 2.368141 4.541756
v -1.158572 2.378415 4.216737
v -1.054021 2.375363 4.000223
v -0.950065 2.382393 3.781916
v -0.893147 2.362765 4.327600
v -0.632027 2.320205 4.439753
v -0.524272 2.324790 4.224676
v -0.786917 2.370791 4.112195
v -0.681923 2.371881 3.894158
v -0.418486 2.324096 4.006570
v -0.576936 2.374185 3.674455
v -0.492290 2.231053 4.762413
v -0.381700 2.235458 4.550171
v -0.272038 2.239262 4.335341
v -0.162973 2.244278 4.118063
v -0.145757 2.118188 4.657518
v 0.080066 2.129848 4.226715
v -0.206784 2.330645 3.564915
v -0.311212 2.331507 3.787380
v 0.051942 2.249454 3.675685
v -1.114568 2.354827 3.451244
v -0.911447 2.359177 3.005937
v -1.233060 2.181771 2.348414
v -1.332577 2.189577 2.571658
v -0.977770 2.285010 2.449914
v -1.011913 2.355043 3.229558
v -0.743003 2.388592 3.340147
v -0.641173 2.385479 3.116610
v -0.811216 2.356091 2.781594
v -0.370178 2.381341 3.228754
v -0.540593 2.384298 2.891667
v -0.268855 2.380152 3.003000
v -0.442146 2.388600 2.665026
v -0.713413 2.357511 2.555698
v -0.345096 2.389231 2.437037
v -0.472718 2.380415 3.452781
v -0.102934 2.334072 3.340613
v 0.000177 2.339440 3.114396
v -0.169805 2.377049 2.775329
v -1.044971 2.181071 1.896729
v -1.193347 2.035468 1.578140
v -1.323351 1.858984 1.268705
v -1.103221 2.031789 1.351583
v -0.863304 2.174423 1.442660
v -0.616321 2.353254 2.329106
v -0.882425 2.287048 2.223703
v -0.952031 2.173793 1.670737
v -0.697360 2.283415 1.768747
v -0.787806 2.282054 1.997124
v -0.522072 2.352771 2.101084
v -0.607198 2.280864 1.539923
v -0.772446 2.165637 1.215019
v -0.339674 2.347584 1.641840
v -0.430447 2.352989 1.871744
v -0.066911 2.382596 1.745815
v 0.021304 2.383293 1.512934
v -0.251962 2.348977 1.410354
v -2.138901 0.335633 1.008202
v -2.051096 0.326182 0.785083
v -1.781322 1.171513 0.861572
v -1.899953 0.900146 0.825665
v -1.999886 0.913467 1.043867
v -1.872443 1.180876 1.084175
v -1.813646 0.892170 0.602179
v -1.897284 0.606737 0.579563
v -1.994909 0.618795 0.797868
v -1.691996 1.162683 0.638799
v -1.877788 0.006708 0.348950
v -1.863474 0.303805 0.345846
v -1.814281 0.597720 0.355542
v -1.772966 0.292006 0.125695
v -1.715484 0.583651 0.138852
v -1.633523 0.869210 0.160151
v -1.722179 0.880433 0.381421
v -1.518821 1.142804 0.193355
v -1.597159 1.148724 0.419268
v -1.448246 1.403587 0.465367
v -1.544488 0.857145 -0.060266
v -1.628789 0.572454 -0.082390
v -1.427229 1.129177 -0.026573
v -1.631283 1.425574 0.909325
v -1.535558 1.412711 0.688645
v -1.146721 1.847570 0.816825
v -1.237836 1.858398 1.039536
v -0.928555 2.020204 0.895827
v -1.268876 1.635953 0.522668
v -1.365278 1.394711 0.240711
v -1.065507 1.842631 0.589746
v -1.184246 1.625445 0.297670
v -0.689187 2.164886 0.984756
v -0.603884 2.158570 0.755648
v -0.843760 2.014652 0.668588
v -0.757071 2.006332 0.441266
v -0.517328 2.149633 0.527280
v -0.675594 2.003374 0.213396
v -0.517371 2.273016 1.310802
v -0.433001 2.273338 1.079523
v -0.346986 2.264515 0.849170
v -0.263638 2.262708 0.617787
v -0.165338 2.343343 1.178359
v -0.436715 2.147599 0.297082
v -0.182624 2.261350 0.385756
v -0.355734 2.141189 0.067509
v -1.542471 0.560957 -0.303287
v -1.455194 0.844612 -0.279712
v -1.367392 0.832706 -0.499219
v -1.443032 0.545922 -0.517765
v -1.254197 1.106161 -0.467460
v -1.334968 1.114797 -0.245047
v -1.191344 1.372876 -0.203132
v -1.353302 0.533159 -0.735695
v -1.393551 0.239296 -0.742113
v -1.495700 0.253955 -0.529356
v -1.163429 1.092558 -0.684900
v -1.255142 0.518379 -0.948846
v -1.298838 0.224995 -0.957646
v -1.179009 0.804697 -0.929580
v -1.274256 0.818719 -0.715504
v -0.813874 1.821327 -0.088036
v -1.017184 1.610624 -0.150988
v -1.101115 1.619515 0.072685
v -1.106283 1.360981 -0.424304
v -0.729511 1.809704 -0.312572
v -0.928635 1.594253 -0.371594
v -0.513105 1.989853 -0.241551
v -0.851063 1.588573 -0.596438
v -0.767166 1.577779 -0.817599
v -0.933689 1.338935 -0.862776
v -1.021611 1.350294 -0.644879
v -0.575367 1.791988 -0.765583
v -0.648954 1.799999 -0.538250
v -0.594270 1.996057 -0.014162
v -0.278039 2.139477 -0.163161
v -0.435702 1.981285 -0.471117
v -0.682519 1.570547 -1.036644
v -0.843484 1.328489 -1.077821
v -0.494014 1.784663 -0.988411
v -1.198584 0.209768 -1.170101
v -1.087533 -0.103625 -1.368667
v -1.075582 0.191766 -1.369157
v -1.046754 0.488213 -1.363819
v -1.153630 0.503175 -1.158871
v -0.982349 0.777748 -1.350301
v -1.076389 0.789067 -1.138492
v -0.976015 1.066667 -1.112761
v -0.882824 1.056952 -1.324381
v -1.199985 0.565025 -1.592619
v -1.199258 0.836344 -1.675400
v -1.421448 1.057549 -1.762842
v -1.404917 -0.037868 -1.511911
v -1.388062 -0.321888 -1.525573
v -1.179415 -0.005759 -1.528584
v -0.975288 0.877061 -1.708690
v -1.194024 1.095086 -1.788116
v -0.966902 1.141529 -1.815639
v -1.165727 -0.293366 -1.541970
v -0.962198 0.059441 -1.572768
v -1.191435 0.280941 -1.545207
v -0.970278 0.385083 -1.602231
v -0.972081 0.606971 -1.634017
v -0.762958 0.930920 -1.774611
v -0.741348 1.195447 -1.863558
v -0.962609 -0.235669 -1.579002
v -0.731405 -0.226778 -1.611168
v -0.729808 0.070077 -1.604069
v -1.175673 2.058064 -2.743480
v -0.957708 2.103587 -2.765398
v -1.175696 2.160488 -3.007113
v -0.958754 2.196803 -3.035064
v -1.178650 1.564194 -2.081043
v -0.957336 2.250319 -3.312024
v -0.743205 2.235056 -3.066595
v -1.175575 1.753011 -2.271662
v -0.948673 1.797282 -2.295685
v -0.741345 2.149105 -2.794640
v -0.532045 2.286209 -3.097632
v -0.947818 1.608027 -2.110864
v -0.721518 1.855438 -2.321078
v -0.529493 2.201678 -2.824095
v -0.324547 2.257947 -2.855495
v -0.713557 1.665878 -2.146616
v -0.493294 1.757033 -2.189901
v -0.316580 2.145190 -2.584680
v -0.130375 2.318918 -2.884198
v -1.162954 2.137588 -4.096561
v -0.943041 2.151423 -4.131409
v -1.157659 1.903660 -4.570275
v -0.934527 1.904958 -4.605312
v -0.947711 2.219016 -3.865561
v -0.729367 2.243371 -3.900828
v -0.722055 2.163584 -4.167109
v -0.938296 2.040427 -4.378611
v -0.736355 2.285412 -3.625203
v -0.509536 2.265610 -3.933319
v -0.518902 2.312278 -3.658120
v -0.313341 2.356809 -3.408750
v -0.301229 2.341345 -3.687127
v -0.288276 2.283936 -3.960909
v -0.499117 2.171424 -4.197059
v -0.276129 2.190955 -4.227365
v -0.100086 2.394869 -3.433185
v -0.066542 2.307273 -3.983193
v -0.975609 -0.004853 -5.367027
v -0.966795 0.263436 -5.384836
v -0.964130 0.541906 -5.303157
v -0.735908 0.243457 -5.377199
v -0.743713 -0.025120 -5.368239
v -0.724250 0.510426 -5.385375
v -0.506143 0.227279 -5.373210
v -0.505662 -0.045023 -5.366052
v -0.501862 0.501103 -5.384387
v -0.274171 0.207445 -5.368931
v -0.255651 0.753426 -5.245192
v -0.491070 0.776451 -5.306811
v -0.251567 1.025108 -5.262272
v -0.941048 1.064809 -5.233072
v -0.936126 1.308066 -5.126778
v -0.933656 1.535135 -4.980633
v -0.933520 1.738763 -4.800186
v -0.707086 1.292722 -5.144495
v -0.711134 1.051751 -5.251489
v -0.705750 1.519881 -5.002517
v -0.707446 1.723334 -4.830293
v -0.478535 1.274478 -5.158603
v -0.482042 1.033223 -5.258549
v -0.477916 1.501868 -5.026092
v -0.479315 1.694688 -4.867879
v -0.483241 1.873923 -4.692707
v -0.249380 1.265227 -5.173053
v -0.249684 1.489845 -5.044653
v -0.252130 1.689021 -4.892750
v 0.806056 0.078468 5.422841
v 0.789598 0.359742 5.411878
v 0.589454 0.630132 5.589548
v 0.745080 0.636885 5.384927
v 0.672668 0.906326 5.342787
v 0.572233 1.164252 5.286723
v 0.952152 0.079687 5.206374
v 0.936632 0.363082 5.197335
v 0.892478 0.642910 5.172792
v 0.813168 0.912684 5.129147
v 0.706442 1.170447 5.072453
v 0.308732 1.397790 5.425197
v 0.160419 1.617791 5.345876
v 0.444070 1.406603 5.217949
v 1.231127 0.084345 4.762197
v 1.098844 0.081947 4.989252
v 1.075873 0.366351 4.976697
v 1.209407 0.369939 4.751824
v 1.022759 0.645261 4.948577
v 1.158600 0.651001 4.726911
v 1.075409 0.922456 4.686289
v 0.946197 0.917483 4.909390
v 0.962989 1.180799 4.632013
v 0.839159 1.177458 4.855553
v 1.336309 0.373393 4.522253
v 1.357900 0.087307 4.531609
v 1.282016 0.654134 4.497137
v 1.460927 0.377454 4.290699
v 1.405980 0.658988 4.266857
v 1.321420 0.931431 4.229459
v 1.200571 0.926982 4.459643
v 1.202666 1.187818 4.177089
v 1.090168 1.187629 4.409105
v 1.320708 1.193564 3.946576
v 1.604259 0.094487 4.064454
v 1.485709 0.090698 4.300957
v 1.580156 0.381593 4.055408
v 1.525280 0.663576 4.032838
v 1.435797 0.934538 3.994880
v -0.034436 2.119756 4.442281
v 0.188495 1.978977 4.545653
v 0.412196 1.638572 4.925245
v 0.575425 1.415238 5.005653
v 0.536943 1.644074 4.709225
v 0.304895 1.979545 4.329527
v 0.190706 2.132673 4.006269
v 0.699953 1.419050 4.786880
v 0.824380 1.424201 4.566889
v 0.485876 1.830554 4.411416
v 0.945964 1.427683 4.343603
v 1.062564 1.430860 4.116289
v 0.776607 1.647045 4.267878
v 0.895344 1.652846 4.044556
v 0.715611 1.837085 3.968182
v 0.529626 1.987673 3.884767
v 0.420568 1.982348 4.109584
v 0.300433 2.137273 3.783792
v 0.641700 1.992113 3.661111
v 1.006468 1.652133 3.815321
v 1.551117 0.939045 3.759473
v 1.436661 1.198663 3.713257
v 1.694746 0.385407 3.816890
v 1.719820 0.098369 3.825603
v 1.637011 0.666575 3.793976
v 1.829805 0.102371 3.583405
v 1.807320 0.389692 3.576508
v 1.752759 0.672134 3.556154
v 1.659798 0.942353 3.519723
v 1.541952 1.200519 3.473484
v 1.947040 0.106850 3.343637
v 1.767872 0.946712 3.278680
v 1.649216 1.204511 3.233538
v 1.873787 0.951416 3.035726
v 2.050019 0.110938 3.096592
v 1.916948 0.393953 3.333794
v 2.022164 0.398028 3.088373
v 1.856129 0.674816 3.311675
v 1.961489 0.678978 3.067255
v 2.150049 0.115044 2.847738
v 2.125226 0.402323 2.841320
v 2.068146 0.684490 2.822556
v 1.972618 0.954245 2.789035
v 0.100205 2.338670 2.885548
v 0.198760 2.340730 2.655244
v -0.071793 2.382726 2.546476
v 0.406180 2.138813 3.558097
v 0.158028 2.256568 3.451334
v 0.260885 2.257424 3.223357
v 0.511857 2.145707 3.329776
v 0.363445 2.262538 2.993926
v 0.462428 2.263739 2.761981
v 0.294790 2.339503 2.423145
v 0.613930 2.146297 3.097952
v 1.177684 1.435228 3.886702
v 1.118413 1.656946 3.586000
v 0.743903 1.996609 3.430755
v 1.287073 1.435503 3.652547
v 1.399497 1.443887 3.417905
v 1.224834 1.660668 3.349697
v 0.712460 2.145810 2.863917
v 0.951228 2.005050 2.961832
v 1.329527 1.663280 3.110821
v 1.141499 1.849593 3.037119
v 1.040293 1.843868 3.276940
v 1.502649 1.444665 3.177452
v 1.752448 1.208249 2.990971
v 1.245450 1.851466 2.801670
v 1.430703 1.666366 2.871047
v 1.047682 2.002629 2.724255
v -0.157150 2.381144 1.977544
v -0.249912 2.386707 2.207884
v 0.117490 2.383615 2.084058
v 0.481016 2.343584 1.955080
v 0.207953 2.379371 1.850688
v 0.296670 2.381468 1.616182
v 0.569926 2.343259 1.718676
v 0.383431 2.379608 1.380513
v 0.389811 2.343394 2.190104
v 0.746243 2.264502 2.056689
v 0.836687 2.268112 1.818893
v 0.657422 2.343679 1.481198
v 0.653880 2.261769 2.293091
v 0.559077 2.263058 2.528233
v 0.907382 2.149895 2.392225
v 0.742250 2.340286 1.242330
v 1.011711 2.271662 1.339042
v 1.144837 2.010190 2.485749
v 1.240300 2.012068 2.246058
v 1.002328 2.156261 2.154948
v -0.100480 2.251316 0.154634
v -0.080488 2.339200 0.945732
v 0.192455 2.381951 1.044287
v 0.002070 2.340244 0.712237
v 0.275882 2.376011 0.809098
v 0.084145 2.336416 0.478669
v 0.551934 2.379663 0.906403
v 0.163987 2.335261 0.244447
v 0.437505 2.376910 0.336991
v 0.516212 2.375989 0.100266
v 0.826546 2.345080 1.002892
v 0.634070 2.380022 0.668446
v 0.713718 2.375579 0.429764
v 0.908283 2.342896 0.762349
v 0.792206 2.377253 0.190725
v 1.066531 2.346385 0.279921
v -0.284435 1.973345 -0.928256
v -0.121517 2.131945 -0.624660
v -0.043255 2.132151 -0.854509
v 0.243383 2.330211 0.010265
v -0.023180 2.252533 -0.078152
v -0.199291 2.134474 -0.393651
v 0.133061 2.253818 -0.543474
v 0.036018 2.144527 -1.083759
v 0.289554 2.271828 -1.007108
v 0.321606 2.330769 -0.224297
v 0.594514 2.374236 -0.136510
v 0.869905 2.384101 -0.048679
v 0.671635 2.381623 -0.373611
v 0.475635 2.347004 -0.693962
v 0.748607 2.385959 -0.610910
v 0.825072 2.397899 -0.848204
v 0.554945 2.352797 -0.927912
v 0.946478 2.381303 -0.288634
v -0.919826 0.385608 -1.544762
v -0.943519 0.144141 -1.547301
v -0.861492 0.749058 -1.544041
v -0.774955 1.041046 -1.524603
v -0.653420 1.315788 -1.495552
v -0.750253 1.319670 -1.288969
v -0.812298 0.133292 -1.755944
v -0.550320 1.318266 -1.693279
v -0.654555 1.035698 -1.713017
v -0.625010 0.135991 -1.897004
v -0.622853 -0.152439 -1.885710
v -0.609769 0.426235 -1.905699
v -0.781481 0.429544 -1.745328
v -0.729035 0.673638 -1.701935
v -0.559649 0.725771 -1.881484
v -0.433818 1.322903 -1.870470
v -0.486967 1.040810 -1.841093
v -0.403116 -0.164850 -1.864133
v -0.406695 0.117133 -1.864236
v -0.327982 0.985130 -1.965448
v -0.529687 0.381052 -1.709657
v -0.533760 0.090688 -1.689772
v -0.539973 0.699744 -1.771659
v -0.390574 0.403062 -1.875948
v -0.500993 1.567945 -1.462015
v -0.588527 1.561334 -1.249362
v -0.202923 1.976121 -1.155231
v -0.406193 1.582888 -1.667659
v -0.029968 2.021098 -1.600708
v -0.233626 1.819422 -1.645858
v -0.119999 1.990043 -1.380169
v -0.322177 1.793122 -1.428538
v -0.309910 1.606940 -1.868127
v 0.118130 2.163382 -1.311296
v -0.304965 1.295485 -2.028772
v -0.130890 2.025949 -2.286163
v -0.151077 2.089061 -2.386952
v -0.301806 1.880954 -2.238837
v 0.206079 2.186192 -1.535426
v 0.074524 2.153358 -2.265547
v -0.028876 2.119077 -2.327193
v 0.371213 2.288051 -1.237045
v 0.452204 2.313894 -1.465660
v 0.534550 2.344397 -1.692455
v 0.289334 2.232198 -1.756743
v 0.458170 2.358317 -2.185276
v 0.373436 2.291684 -1.973195
v 0.691551 2.440220 -2.143789
v 0.634093 2.369135 -1.161350
v 0.902005 2.413777 -1.085434
v 0.711605 2.394429 -1.394497
v 0.789557 2.420016 -1.627501
v 0.613661 2.388207 -1.917794
v 0.865417 2.452754 -1.860938
v -0.726248 0.384867 -1.630877
v -0.774598 0.736562 -1.734258
v -0.491873 1.529159 -2.042659
v -0.526595 1.258735 -1.934724
v -0.254129 1.659152 -2.103573
v -0.116299 2.377244 -3.156755
v 0.064487 2.376286 -2.903983
v 0.090039 2.421386 -3.173370
v 0.113239 2.433793 -3.449089
v -0.142445 2.219282 -2.620416
v 0.257570 2.430363 -2.910405
v -0.004936 2.180387 -2.420610
v 0.029777 2.289636 -2.645457
v 0.296351 2.465480 -3.179624
v 0.507978 2.504857 -3.177140
v 0.329059 2.464354 -3.454583
v 0.206384 2.359311 -2.655969
v 0.459066 2.483061 -2.908797
v 0.727887 2.536047 -3.166392
v 0.357113 2.424444 -3.730618
v 0.580315 2.448674 -3.728526
v 0.147434 2.258387 -2.431492
v 0.329436 2.346403 -2.425027
v 0.399391 2.425931 -2.655692
v -0.256159 1.872409 -4.710227
v -0.265024 2.053586 -4.479280
v -0.028673 1.879635 -4.725247
v 0.156443 2.330378 -3.997596
v -0.051264 2.204990 -4.247124
v -0.037869 2.059152 -4.493934
v 0.189688 2.070726 -4.503262
v 0.199744 1.892554 -4.729192
v 0.136591 2.395568 -3.724257
v 0.416586 2.080880 -4.509437
v 0.381272 2.346141 -4.001538
v 0.607412 2.367237 -4.000859
v 0.401515 2.233792 -4.263579
v 0.628570 2.244215 -4.262768
v 0.427830 1.892637 -4.729639
v 0.655324 1.896510 -4.736325
v 0.644223 2.083424 -4.506879
v 0.872659 2.090500 -4.505647
v 0.807021 2.468755 -3.718940
v 0.021153 0.134518 -5.361257
v -0.028891 0.740335 -5.247911
v -0.020661 1.015358 -5.281654
v 0.215888 0.167294 -5.373554
v 0.211980 1.006484 -5.296041
v 0.218500 0.711052 -5.250047
v 0.448007 0.148735 -5.383455
v 0.444680 0.999051 -5.287004
v 0.511055 0.637457 -5.205911
v 0.679073 0.145477 -5.381485
v 0.912135 0.142002 -5.400373
v 0.912657 0.692080 -5.293971
v 0.698798 0.692171 -5.260585
v 0.911603 0.961538 -5.276119
v -0.019266 1.259345 -5.189506
v -0.020463 1.482725 -5.057468
v -0.023877 1.689852 -4.909567
v 0.212178 1.250262 -5.197415
v 0.205555 1.694488 -4.915782
v 0.209504 1.480530 -5.070205
v 0.443938 1.240573 -5.197273
v 0.434760 1.694198 -4.921543
v 0.439908 1.476843 -5.076053
v 0.687843 0.961241 -5.260812
v 0.675609 1.229825 -5.199233
v 0.906335 1.220680 -5.201675
v 1.950834 1.215309 2.500301
v 2.073377 0.958759 2.542411
v 2.167226 0.960923 2.292211
v 2.352267 0.123312 2.348347
v 2.258055 0.119479 2.601302
v 2.225552 0.406295 2.592272
v 2.321436 0.409947 2.340614
v 2.161520 0.686434 2.571680
v 2.263625 0.691748 2.323395
v 2.417402 0.414188 2.088193
v 2.446465 0.127327 2.094729
v 2.537570 0.131079 1.839367
v 2.506471 0.417621 1.832593
v 2.351241 0.693709 2.068818
v 2.443151 0.697917 1.815214
v 2.347780 0.967466 1.787063
v 2.263226 0.966006 2.042032
v 2.137325 1.220440 2.002026
v 2.225996 1.224375 1.750177
v 2.624302 0.134813 1.581820
v 2.592063 0.421088 1.575208
v 2.532907 0.702497 1.560063
v 2.434190 0.970995 1.532177
v 1.624951 1.670963 2.386283
v 1.528999 1.668396 2.630125
v 1.801905 1.455022 2.448525
v 1.437360 1.851903 2.318776
v 1.343347 1.854001 2.563267
v 1.092840 2.156756 1.915090
v 1.332794 2.011127 2.005181
v 1.181809 2.157313 1.674003
v 2.045537 1.217411 2.252070
v 1.530630 1.860265 2.076721
v 1.983839 1.455867 1.952366
v 2.076996 1.464048 1.704130
v 1.897808 1.676335 1.647634
v 1.810661 1.674336 1.896327
v 1.712109 1.858894 1.588022
v 1.509876 2.011767 1.517852
v 1.425809 2.013836 1.764408
v 1.982920 1.681609 1.397362
v 1.794375 1.859357 1.337684
v 1.594719 2.020705 1.271583
v 2.520470 0.975887 1.276424
v 2.677341 0.424966 1.317027
v 2.707551 0.138478 1.322526
v 2.782690 0.141645 1.060370
v 2.754397 0.427860 1.055741
v 2.610248 0.704136 1.300185
v 2.693899 0.708745 1.041750
v 2.594138 0.976899 1.016204
v 2.392644 1.229782 1.240697
v 2.468862 1.232542 0.982933
v 2.863717 0.145229 0.799428
v 2.668530 0.979874 0.755977
v 2.543684 1.235650 0.724453
v 2.763656 0.710270 0.778866
v 2.826750 0.430463 0.792816
v 2.896972 0.433571 0.529076
v 2.928076 0.148136 0.533629
v 2.983520 0.150559 0.266077
v 2.955326 0.435201 0.262387
v 2.830308 0.712175 0.515092
v 2.895483 0.714753 0.250771
v 1.352193 2.161533 1.186798
v 1.093944 2.268603 1.096476
v 1.333933 2.274591 0.366194
v 1.142375 2.344891 0.037306
v 1.433844 2.163520 0.940679
v 1.256732 2.272413 0.610515
v 1.513830 2.161965 0.695412
v 2.159221 1.464971 1.451102
v 2.062619 1.683983 1.145819
v 1.671747 2.020355 1.021523
v 2.237667 1.465130 1.196340
v 2.319759 1.473782 0.942290
v 2.138632 1.688707 0.891636
v 1.588165 2.163135 0.448102
v 1.826201 2.024752 0.524395
v 1.905053 2.023668 0.273752
v 1.663987 2.168013 0.199828
v 2.212922 1.692782 0.635966
v 2.025082 1.875575 0.582727
v 1.947494 1.869091 0.836195
v 2.390256 1.473445 0.684165
v 2.613670 1.238698 0.464446
v 2.099887 1.872750 0.330885
v 1.970732 2.028164 0.019893
v 2.159355 1.880702 0.074313
v 1.219362 2.352881 -0.205003
v 1.293476 2.355905 -0.448319
v 1.022425 2.390764 -0.528606
v 1.097192 2.402429 -0.769140
v 1.365839 2.362423 -0.692355
v 1.171911 2.412746 -1.010393
v 1.407958 2.272409 0.120361
v 1.482977 2.275418 -0.125423
v 1.628025 2.290859 -0.617847
v 1.735848 2.167962 -0.050052
v 1.438081 2.371889 -0.937069
v 1.697352 2.297057 -0.865855
v 1.509866 2.387883 -1.182717
v 1.944978 2.184935 -0.797801
v 1.765716 2.305830 -1.115469
v 1.805510 2.169272 -0.299842
v 2.038805 2.034378 -0.234195
v 2.527919 1.480108 0.167225
v 2.680481 1.241372 0.203408
v 2.589544 1.481174 -0.093358
v 2.349038 1.698901 0.123240
v 2.413231 1.703155 -0.135072
v 2.229748 1.885813 -0.181952
v 0.978025 2.428762 -1.323435
v 1.052349 2.455334 -1.561847
v 0.939276 2.492136 -2.096698
v 0.539326 2.425665 -2.406746
v 1.125165 2.477636 -1.802362
v 1.317303 2.447611 -1.495977
v 1.387216 2.468662 -1.741583
v 1.195583 2.505660 -2.045500
v 1.454917 2.488326 -1.989979
v 1.264170 2.534242 -2.293333
v 1.579209 2.402592 -1.430564
v 1.645670 2.415434 -1.680657
v 1.773434 2.444899 -2.187794
v 1.519218 2.504315 -2.242836
v 1.959283 2.338354 -1.874526
v 1.710082 2.426929 -1.933073
v 1.831049 2.314974 -1.367133
v 2.071708 2.197937 -1.305696
v 0.956544 2.559568 -3.147857
v 1.193710 2.567406 -3.119382
v 1.001187 2.534545 -3.423083
v 0.838825 2.533511 -2.622014
v 0.611329 2.484968 -2.644588
v 0.767960 2.491510 -2.376989
v 0.902636 2.555699 -2.879693
v 0.674053 2.526868 -2.898894
v 1.140912 2.569222 -2.850328
v 1.271094 2.474619 -3.674129
v 1.237311 2.537214 -3.395035
v 1.508192 2.458178 -3.637567
v 1.436438 2.548995 -3.081244
v 1.684349 2.511212 -3.036540
v 1.476693 2.515778 -3.357831
v 1.079782 2.555736 -2.589800
v 1.387655 2.563448 -2.811677
v 1.328700 2.551008 -2.549087
v 1.580874 2.518018 -2.501265
v 1.720129 2.477860 -3.312263
v 1.963593 2.411098 -3.258157
v 1.747514 2.423225 -3.591624
v 0.856714 2.254031 -4.257765
v 1.100970 2.091821 -4.494324
v 1.037417 2.477132 -3.700818
v 1.065179 2.385624 -3.976961
v 1.086327 2.254713 -4.242407
v 1.316966 2.255423 -4.221363
v 1.531461 2.369083 -3.916471
v 1.297091 2.378183 -3.949880
v 1.558477 2.082483 -4.446323
v 1.785834 2.065352 -4.408080
v 1.564431 1.884178 -4.682273
v 1.765096 2.335730 -3.869616
v 1.548190 2.243632 -4.187947
v 1.145691 0.137624 -5.401514
v 1.140815 0.954403 -5.281528
v 1.138500 0.686201 -5.304604
v 1.379056 0.131494 -5.386491
v 1.377326 0.942068 -5.289248
v 1.386824 0.678340 -5.366744
v 1.618633 0.666716 -5.325826
v 1.608252 0.929843 -5.260425
v 1.844896 0.649027 -5.266438
v 1.835279 0.913548 -5.209703
v 2.054616 0.892946 -5.158160
v 2.069367 0.634685 -5.212585
v 1.135905 1.210224 -5.196021
v 1.365321 1.198050 -5.183409
v 1.593888 1.185406 -5.164882
v 1.345991 1.669987 -4.906145
v 1.338806 1.893114 -4.709676
v 1.570678 1.659903 -4.890295
v 1.788771 1.870740 -4.650958
v 1.819206 1.166996 -5.132174
v 2.038561 1.145840 -5.078331
v 2.021354 1.389371 -4.968378
v 1.803285 1.411534 -5.015350
v 2.008777 1.849069 -4.607202
v 1.790336 1.639569 -4.860561
v 2.946887 0.715015 -0.016499
v 3.005445 0.436585 -0.005480
v 3.047167 0.438967 -0.274973
v 3.049953 0.155006 -0.275883
v 3.037989 0.153374 -0.000556
v 3.014720 0.156382 -0.827028
v 3.029395 0.154904 -0.557527
v 3.048913 0.438974 -0.549574
v 3.025332 0.430785 -0.827827
v 3.018844 0.715262 -0.553947
v 3.053057 0.718509 -0.822701
v 2.978742 0.983610 -0.835494
v 2.945586 0.984627 -0.567691
v 2.872992 1.238648 -0.853809
v 2.840473 1.243071 -0.587667
v 3.011486 0.432606 -1.095859
v 3.028170 0.158803 -1.094621
v 2.736398 1.239941 -0.060146
v 2.791454 1.241355 -0.323477
v 2.647481 1.481703 -0.354150
v 2.698635 1.481705 -0.615848
v 2.743474 1.481206 -0.878583
v 2.531534 1.698863 -0.650621
v 2.585308 1.701265 -0.910737
v 2.237280 2.040042 -0.991722
v 2.175272 2.032400 -0.733819
v 2.418548 1.884050 -0.948055
v 2.358468 1.880430 -0.685741
v 2.912668 1.236988 -1.118470
v 2.787684 1.480553 -1.141371
v 3.031501 0.161135 -1.362019
v 3.031864 0.709073 -1.098164
v 3.027126 0.976776 -1.368821
v 3.004473 0.978794 -1.103144
v 2.948165 1.234964 -1.382899
v 3.057843 0.164285 -1.628725
v 3.048412 0.435749 -1.362804
v 3.056244 0.433191 -1.630048
v 3.040047 0.705205 -1.364986
v 3.026824 0.700459 -1.635618
v 3.048782 0.978454 -1.632980
v 2.968389 1.230115 -1.648183
v 3.054131 0.175738 -1.895051
v 3.035682 0.968495 -1.901709
v 2.994160 1.224811 -1.912196
v 3.058006 0.437240 -1.896290
v 3.044271 0.175666 -2.158147
v 3.022583 0.700289 -1.902103
v 3.050244 0.436148 -2.164090
v 3.124434 0.163538 -2.427317
v 3.042666 0.436676 -2.430498
v 2.347055 2.051374 -1.506502
v 2.131273 2.204190 -1.561512
v 2.191928 2.209540 -1.818132
v 2.404660 2.050562 -1.764785
v 2.249867 2.212814 -2.076434
v 2.827000 1.479105 -1.404338
v 2.861283 1.476573 -1.667624
v 2.673696 1.705482 -1.432710
v 2.720082 1.706409 -1.694220
v 2.565950 1.890879 -1.726974
v 2.519953 1.893609 -1.461879
v 2.303430 2.206528 -2.336222
v 2.510853 2.038120 -2.283394
v 2.074777 2.347410 -2.392049
v 2.129259 2.342946 -2.655499
v 2.894338 1.470416 -1.930030
v 3.016885 1.221449 -2.175782
v 2.760333 1.699816 -1.955580
v 2.924897 1.462949 -2.191883
v 2.362102 2.197035 -2.595386
v 2.559416 2.023383 -2.541639
v 3.048617 0.426335 -2.694532
v 3.057363 0.169971 -2.698288
v 3.110568 0.164772 -2.956504
v 3.043964 0.680147 -2.693814
v 3.049424 0.424004 -2.957349
v 1.635896 2.520001 -2.765918
v 1.930591 2.438732 -2.983262
v 2.173854 2.332610 -2.924265
v 1.885112 2.450117 -2.713299
v 1.831501 2.450943 -2.448112
v 2.200612 2.305993 -3.197439
v 2.430264 2.170034 -3.133310
v 2.635412 1.997357 -3.348523
v 2.439554 2.147847 -3.410396
v 2.403951 2.179530 -2.856463
v 2.952277 1.449883 -2.453086
v 3.035938 1.209003 -2.437705
v 2.979747 1.435616 -2.713623
v 2.833462 1.674874 -2.475104
v 2.870567 1.664721 -2.734535
v 2.741370 1.853748 -2.764025
v 2.700065 1.864798 -2.504447
v 2.617070 2.000335 -2.794433
v 2.767076 1.841647 -3.026448
v 2.620349 2.001770 -3.072838
v 3.054350 1.196720 -2.699507
v 3.040170 1.174309 -2.962190
v 3.000567 1.417300 -2.972822
v 2.897918 1.647749 -2.993417
v 2.639128 1.906474 -3.880647
v 2.642522 1.963700 -3.617323
v 2.816293 1.745002 -3.815246
v 2.664177 0.595384 -4.864056
v 2.671865 0.352014 -4.884200
v 2.480968 0.606676 -5.011209
v 2.653890 0.836179 -4.832310
v 2.468603 0.854455 -4.969625
v 2.823598 0.588196 -4.683834
v 2.831952 0.351579 -4.700287
v 2.812520 0.821238 -4.659005
v 2.949072 0.587640 -4.472425
v 2.962117 0.355709 -4.487051
v 2.937613 0.815966 -4.455044
v 1.998558 2.286732 -3.814938
v 2.005662 2.181140 -4.090733
v 1.777905 2.220156 -4.144563
v 2.224739 1.992596 -4.296792
v 2.431664 1.930096 -4.222011
v 2.221119 1.817279 -4.549888
v 2.227995 2.213000 -3.752250
v 2.446115 2.105553 -3.684528
v 2.228264 2.120662 -4.026631
v 2.216950 1.591294 -4.760464
v 2.417705 1.563498 -4.690043
v 2.419194 1.767767 -4.474253
v 2.603895 1.707400 -4.388268
v 2.636329 1.072512 -4.780289
v 2.451976 1.098067 -4.906734
v 2.593830 1.525134 -4.582673
v 2.740543 1.496242 -4.478251
v 2.267273 0.874095 -5.077561
v 2.281039 0.620300 -5.128082
v 2.489176 0.356154 -5.036227
v 2.288817 0.363009 -5.155370
v 2.250702 1.123433 -5.004761
v 2.232605 1.364444 -4.902367
v 2.432382 1.334734 -4.814785
v 3.056098 0.157647 -3.480970
v 3.044280 0.171293 -3.226738
v 3.043084 0.411976 -3.217870
v 3.050695 0.397326 -3.476839
v 3.044283 0.653312 -3.214436
v 3.050568 0.636148 -3.474339
v 3.093504 0.883410 -3.472375
v 3.090978 0.905073 -3.215010
v 3.029492 1.124640 -3.481091
v 3.032453 1.152241 -3.222865
v 3.037743 0.149597 -3.738094
v 3.047624 0.385300 -3.736515
v 3.040846 0.620737 -3.735892
v 3.024452 0.855300 -3.738025
v 3.047952 1.097936 -3.737502
v 3.020981 1.396466 -3.231469
v 3.033155 1.366963 -3.490341
v 2.920193 1.623076 -3.253021
v 2.942206 1.586560 -3.513096
v 2.813300 1.789590 -3.555542
v 3.031904 1.330870 -3.746591
v 2.953420 1.550907 -3.772398
v 3.038860 0.363569 -4.249081
v 3.044434 0.130892 -4.253945
v 2.966815 0.121119 -4.493558
v 3.030281 0.594790 -4.240399
v 2.967080 1.261093 -4.215778
v 3.007007 1.046681 -4.219620
v 2.923965 1.038644 -4.436315
v 2.894630 1.457894 -4.234559
v 2.890261 1.249220 -4.411609
v 2.774160 1.621935 -4.282544
v 2.861537 1.401114 -4.382333
v -0.233927 -2.031842 -0.782422
v -2.000199 1.893571 2.832036
v -0.301689 -1.861452 5.388228
v -0.643998 -2.006625 5.476420
v 0.614180 -2.049200 3.320153
v 0.153943 2.156585 -2.042512
v 0.058301 2.074610 -1.818526
v -1.313405 1.616061 6.377816
v -1.343201 1.786374 6.382688
v -1.464419 1.878383 6.379912
v -1.014253 2.027480 1.123603
v -1.897673 1.890145 2.609760
v 2.445338 -2.086167 -1.847105
v -0.980385 1.835071 0.361373
v -2.302373 1.899158 3.505255
v -0.408185 1.782872 -1.208794
v -0.140621 1.352273 6.002988
v 1.701675 1.449761 2.692115
v 1.604160 1.447687 2.935850
v 1.851805 1.211504 2.746081
v 0.289264 1.629096 5.138003
v 2.978378 -1.404927 -2.234191
v 3.038444 0.691667 -2.430167
v 3.016974 0.694590 -2.166062
v 3.056419 -0.618946 -2.450402
v 3.140109 -0.363441 -2.169177
v 2.801063 1.687764 -2.215063
v 3.045775 -1.158317 -2.210019
v 2.461233 1.477662 0.426390
v 2.283211 1.695212 0.380102
v -2.820515 -1.838362 4.699867
v -2.989058 -1.665330 4.626830
v -0.891191 1.825630 0.139521
v -2.450560 -1.507788 3.003129
v -2.563617 -1.493509 3.219744
v -2.956540 -0.747438 3.062486
v -2.923994 -0.474632 2.807683
v -3.029456 -0.465911 3.031841
v -2.966871 -0.184333 2.786242
v -1.068505 -1.713403 6.273844
v -1.331726 0.983564 6.344741
v -1.445566 -0.707609 6.457732
v -1.372913 0.123740 6.461709
v 3.015882 1.294391 -3.991720
v 3.036370 0.606871 -3.991859
v 3.030496 0.373978 -3.991517
v 3.024524 -0.324444 -3.988802
v 2.933856 -1.665626 -3.855547
v -3.160615 -1.451198 4.566942
v -3.411390 0.982032 4.481251
v -3.538138 -0.410393 4.449873
v -3.549245 0.104095 -4.253150
v -3.364725 -1.392290 5.263508
v -3.520434 0.936487 5.250538
v -3.573952 -0.123134 5.223937
v 3.041032 -1.243591 -3.751730
v 3.025467 -1.466850 -3.784611
v -1.120357 1.702615 6.378628
v -1.072665 1.923862 6.235646
v 2.778905 -1.829609 -3.971044
v -3.307874 1.744250 -2.721255
v -0.595824 -1.991856 0.109902
v -3.379000 0.015922 -2.141711
v -3.211155 0.031420 -1.963341
v -3.380436 0.727849 -2.196879
v -3.068024 -1.108938 -5.152299
v -3.062339 -1.353229 -5.071084
v -3.271272 -1.074452 -5.069667
v -3.066838 -0.107776 -5.244113
v -3.260687 -0.099226 -5.134451
v -2.988247 1.118985 -5.058867
v -3.196037 1.093833 -4.973687
v -2.005550 1.235762 6.434453
v -2.051271 0.994689 6.436880
v -1.776448 1.209830 6.453198
v -2.145971 -0.656950 6.444153
v -2.098363 0.170090 6.457037
v -1.859130 0.153091 6.525871
v -1.971190 1.460911 6.357346
v -1.783512 1.433698 6.366127
v -1.831330 0.976169 6.437855
v -1.911755 -0.669228 6.456169
v -0.713744 -1.839145 -0.196425
v -0.504140 -2.002102 -0.113620
v -1.387423 -1.794534 1.350443
v -3.563517 -0.158192 -3.430540
v -3.108414 1.871520 -4.385486
v -3.302933 -2.031106 -3.166800
v -3.386843 -1.893371 -2.983416
v 3.055317 1.070626 -3.985746
v 3.032947 0.141526 -3.994360
v 2.929098 1.502698 -4.015415
v 2.006835 1.619163 -4.822937
v 0.042044 -2.258552 -2.368882
v -2.583298 -1.524139 6.373073
v -0.360628 1.972720 -0.701170
v -3.263635 -1.554097 -4.912927
v 2.360173 -2.246556 -2.443089
v -1.398020 1.883636 -2.475624
v 1.269988 2.161170 1.431806
v -2.854131 -0.117017 -5.279993
v -2.768758 1.132480 -5.113523
v -3.012030 0.051895 -1.824722
v -3.113465 -0.959653 -2.081655
v -2.903940 -0.964487 -1.961482
v 0.515933 -1.902282 -4.777308
v -0.709891 1.886493 -4.640697
v -0.715230 2.041896 -4.416014
v 0.883574 1.895450 -4.734150
v 1.750502 2.021383 0.773487
v 0.847424 1.997895 3.196390
v -0.488972 2.100141 5.283313
v 2.764637 -1.912155 -3.709415
v 0.107325 -2.380712 -2.621985
v 1.330152 2.090754 -4.475407
v 1.894773 2.325246 -1.620237
v 1.556976 2.283238 -0.371232
v 2.124616 -2.234602 -4.022839
v 1.888368 -2.278080 -4.098117
v 2.037445 -2.217799 -1.132339
v 0.942941 -2.533102 -1.984085
v 1.731081 -2.320739 -0.947450
v 1.653918 -2.301595 -0.697247
v 1.496624 -2.283510 -0.200610
v 1.738226 -2.181387 -0.122248
v 0.338225 -2.466774 -2.608758
v 1.241467 -2.267641 0.530446
v 0.925648 2.271342 1.579823
v 1.175738 2.268668 0.853439
v 0.637223 -2.354070 0.581720
v 2.440832 2.029989 -3.953719
v 1.632354 -2.440102 -1.527321
v 2.043030 -2.052877 -0.301041
v 1.984275 2.358397 -3.535708
v 2.627351 1.833356 -4.139654
v 2.800772 1.684336 -4.062243
v -2.686176 -2.187256 -3.229531
v -2.881736 -2.183193 -3.278015
v -1.605106 2.190448 -3.502859
v -1.388184 2.212508 -3.529477
v -1.615361 1.997423 -2.701404
v -1.395849 2.028459 -2.718978
v -1.175706 1.923420 -2.489904
v -0.490533 2.045168 -4.451731
v -0.733467 2.018108 -2.537173
v 0.899276 1.460385 -5.074592
v 0.669996 1.468638 -5.075910
v 0.174798 2.214569 -4.256198
v -0.083022 2.370564 -3.710520
v -2.712870 1.721389 -2.454190
v -1.876465 -2.163934 -4.212933
v -3.064290 -2.154406 -3.332460
v -3.133557 -2.067465 -3.091234
v -3.234324 -2.126367 -3.381747
v 0.468658 2.382477 1.143932
v 0.917465 0.417385 -5.382710
v 0.871115 -0.696779 -5.397503
v 0.863681 -0.968991 -5.321990
v 0.641588 -0.676442 -5.388756
v 0.684872 0.418819 -5.333022
v 0.891822 1.680443 -4.919065
v 0.663719 1.689464 -4.922359
v 0.398928 2.337157 -0.459116
v 0.054458 2.253803 -0.310928
v 0.107721 2.383384 1.279014
v -0.466498 -2.280683 1.747861
v 0.412562 -2.314892 1.846907
v 1.150126 0.411245 -5.394753
v 0.399142 -0.667039 -5.329379
v -0.188225 -2.146535 -0.251898
v 0.482446 0.401577 -5.344337
v 0.211430 2.257115 -0.775603
v 0.139358 -2.262597 -0.392252
v -0.740980 2.279488 -3.345141
v -0.462026 -2.383492 -3.217265
v -0.322481 2.330067 -3.129991
v -0.690378 -2.352863 -3.231304
v -0.917012 -2.330338 -3.246972
v -1.141310 -2.310605 -3.265667
v -3.106960 1.928212 -2.913710
v -1.583458 -2.285497 -3.312456
v -1.800588 -2.275938 -3.342089
v -2.014540 -2.268997 -3.376487
v -2.430933 -2.251629 -3.454736
v -2.631544 -2.242058 -3.497833
v 2.291078 2.043284 -1.249250
v 1.580320 1.428270 -5.043478
v 1.854273 0.385125 -5.289412
v 1.809096 -0.961073 -5.211398
v 1.853171 0.116324 -5.314631
v 1.614583 0.395111 -5.383875
v 1.616015 0.125789 -5.388853
v 1.575443 -0.973319 -5.250793
v 0.357829 2.374344 0.573434
v 0.547780 2.492790 -3.452034
v 2.008746 2.036822 -4.358511
v 0.247792 2.249462 -2.219869
v 1.609360 -2.429580 -3.871767
v 1.402503 -2.618181 -2.717978
v 0.871957 -2.490461 -1.735201
v 0.556252 -2.384598 -1.558365
v 2.106503 2.034630 -0.484076
v 2.012094 -2.380843 -1.978578
v 1.245186 2.426160 -1.252743
v -1.587480 -2.241581 5.531505
v -1.424668 2.351040 4.108442
v -1.633789 2.190832 3.241972
v -2.845117 1.874379 6.082350
v -2.848265 -1.861575 5.976652
v -1.507890 -1.295008 -5.192059
v -1.736952 -1.261064 -5.199546
v -0.496044 1.923170 -2.349487
v -0.316513 2.012838 -2.386898
v -1.076500 2.290079 2.674410
v -0.615472 -1.380137 -1.888785
v 0.564761 -2.258822 2.185211
v -0.820158 -1.352867 -5.151723
v -0.726204 1.446250 -1.991539
v -0.820860 -1.378720 -1.878996
v -0.025832 0.473581 -5.315487
v -1.414254 1.300882 -1.899612
v -1.641976 1.264728 -1.887471
v -2.041594 2.193876 4.125543
v -2.081169 2.286600 4.878098
v -1.636695 1.966294 6.367580
v -0.066717 -0.635076 -5.397384
v -0.294982 -0.606193 -5.378222
v -1.150776 -2.187778 2.519616
v -1.278372 -1.321434 -5.177039
v -2.187594 -1.216745 -5.217238
v -2.410710 -1.194961 -5.219491
v -1.709943 -2.283125 4.676307
v -2.289462 -2.186602 5.210045
v -2.066983 -1.934818 6.297880
v -1.870766 -1.890645 6.349232
v -2.632514 -1.167831 -5.214926
v -0.255226 0.486923 -5.287553
v -0.585017 0.972043 -1.881144
v -0.949079 -0.537844 -1.623295
v -0.745789 -0.525398 -1.660805
v -0.210672 -2.327779 1.856613
v -0.054327 2.248794 3.898366
v -0.952935 0.797924 -5.244717
v -1.177813 0.817214 -5.286414
v -0.740476 2.314186 4.652171
v 0.069819 1.972462 4.759274
v -1.035512 2.166506 5.782781
v -1.459505 2.184543 6.061060
v -1.406481 0.835734 -5.271485
v -1.877389 0.876897 -5.289020
v -2.108130 0.890125 -5.282888
v -2.337029 0.893217 -5.259895
v -1.645975 0.213644 -1.525862
v -1.417536 0.245888 -1.528762
v -2.339487 0.127417 -1.589856
v -2.107836 0.155141 -1.553952
v -2.569546 0.100631 -1.644160
v -0.130260 -1.412341 -5.129576
v -0.163936 -2.335421 2.417804
v -0.983871 -0.279590 -5.404176
v -1.589119 -0.624325 -1.576212
v -1.366030 -0.601624 -1.574332
v -0.533883 -2.319345 2.525443
v -0.595011 -2.156453 4.954945
v -1.230557 -0.252302 -5.368007
v -1.924137 -0.190173 -5.381205
v -2.157592 -0.172119 -5.339335
v -2.233410 -0.940327 -1.739901
v -2.459994 -0.952514 -1.795732
v -1.614112 -0.348026 -1.527523
v -0.846068 2.386194 3.561956
v -0.821505 2.209800 5.383167
v -0.355444 -2.315123 3.421603
v -0.712804 -2.308471 4.072508
v -1.463177 -0.227215 -5.371491
v -2.386706 -0.149410 -5.285419
v 0.024105 2.384516 2.316002
v -1.185925 1.340612 -1.920757
v -1.136903 2.180911 2.123418
v -1.860764 1.120056 -5.205271
v -2.089756 1.132210 -5.190981
v -2.317901 1.138337 -5.174311
v -2.096012 1.199741 -1.889410
v -1.939871 2.191555 3.905840
v -1.557080 2.102643 6.231243
v -2.233719 2.070749 6.246630
v -2.494687 2.170494 5.242236
v 0.264485 -2.169761 3.436364
v -1.008700 -1.095890 -5.253806
v -1.384605 -2.071547 2.416206
v -2.490382 -2.109645 5.650526
v -1.961697 -2.070118 6.128458
v -2.776819 -1.968361 5.768298
v -0.953236 2.256365 -3.591387
v -0.526631 2.316920 -3.378008
v -2.251482 2.151290 -3.710682
v -2.036449 2.160591 -3.729903
v -3.528596 1.675263 -3.422792
v 1.354520 1.441372 -5.060294
v -0.370867 -2.128277 0.198868
v 1.382370 0.404966 -5.388490
v 0.812287 2.151611 2.629607
v 1.341757 -0.983701 -5.281627
v -2.896943 -2.083823 -4.348576
v -1.621875 -2.065623 -4.444057
v -1.838313 -2.046994 -4.467490
v -0.954196 -2.120515 -4.385435
v -1.179332 -2.101906 -4.403274
v -1.402176 -2.084651 -4.422265
v -0.726660 -2.143325 -4.372189
v -2.465614 2.144942 -3.694024
v -2.051808 -2.030836 -4.493081
v -2.262202 -2.012970 -4.518485
v -2.469582 -1.993195 -4.541255
v -3.087014 -2.053977 -4.357906
v -3.260816 -1.739893 -4.752208
v 2.455114 2.046406 -2.024986
v 0.529754 -2.552891 -3.449123
v 2.793167 1.823257 -3.292061
v 2.008701 2.187698 -1.051333
v 0.987864 2.340795 0.521261
v 1.111451 1.891963 -4.723909
v 1.439032 -2.133393 -4.470078
v 0.753518 -1.916099 -4.768444
v 0.075163 -1.662760 -4.976238
v -3.458231 -0.915204 -2.426403
v -3.493554 0.683646 -2.391765
v -3.431915 -1.144462 -2.470650
v -0.029952 -1.882201 4.974599
v -1.487935 -1.787514 1.570935
v -1.584725 -1.589853 1.268647
v 1.119343 1.676482 -4.919261
v -2.335196 -1.521934 2.788929
v -3.072833 -1.463614 4.337521
v -3.271417 -1.580569 5.529585
v -0.446566 -1.291130 -1.819388
v 2.735456 -1.869630 -2.312390
v -1.586357 0.266965 -0.310746
v -1.602189 -0.029416 -0.308672
v -0.516338 2.070101 -2.560538
v 3.043049 0.671528 -2.955482
v 3.150900 -0.341742 -2.958232
v 3.029576 -1.087858 -2.988111
v -3.267894 -1.319581 -5.011250
v -0.705073 1.246637 6.371972
v -0.611732 0.573027 6.370390
v -0.774158 1.450893 6.367774
v 2.990255 0.715514 -0.284887
v 2.475809 1.703335 -0.392271
v -3.264256 0.988663 3.989238
v -2.086626 0.628766 1.019483
v -2.104081 -0.551231 1.044647
v 2.663605 1.876817 -2.242543
v -2.208374 1.695912 2.760360
v -2.777882 0.686182 2.574037
v -2.820262 -0.484061 2.584236
v 1.895419 1.455739 2.201640
v -3.343811 0.987031 4.232620
v -3.488915 -0.419732 4.202685
v -1.192472 -1.616449 0.389377
v -1.894492 -1.569410 1.925778
v 1.621843 1.859312 1.836734
v 1.719529 1.673840 2.142015
v 0.657921 1.647508 4.490192
v -0.953528 1.965567 -2.513508
v -2.945146 -2.087186 -3.027072
v -3.209715 -1.940051 -2.877385
v -2.644930 1.486428 6.396489
v -2.250684 1.229095 6.426580
v -2.472306 1.258587 6.471792
v -2.381889 -0.649058 6.458447
v -2.341218 0.192357 6.457528
v -2.583588 0.213630 6.402308
v -2.240210 1.443270 6.426466
v -0.134387 1.871692 -1.871583
v -0.361639 0.689175 -1.911637
v -0.374045 -0.444966 -1.862945
v -3.443119 -1.275010 -4.892225
v -3.438779 -1.035168 -4.935974
v -3.421849 -0.094848 -4.964382
v -3.378557 1.055397 -4.843881
v -1.794832 1.886295 2.389838
v -1.445056 1.651625 0.970901
v 0.367420 1.827996 4.628993
v -2.813612 0.455898 6.362892
v -2.851438 -0.413650 6.339636
v -2.684839 1.291481 6.401931
v -2.108439 1.692564 2.535893
v -2.674685 0.678952 2.350614
v 0.428747 -0.469924 5.800242
v -3.485705 1.625460 -4.462266
v -3.495600 0.787955 -4.694502
v 2.615830 1.304294 -4.703874
v 2.772276 1.272004 -4.569676
v 2.639062 -1.112157 -4.750277
v 2.675814 0.106732 -4.893256
v 2.835845 0.112647 -4.707463
v 2.796429 1.049433 -4.623281
v -3.535057 -0.992300 -4.746832
v -3.524778 -0.095013 -4.753619
v 1.872386 1.868861 1.091678
v -3.529745 -0.949982 -4.506184
v -3.578235 -0.312061 -4.526638
v -3.558567 -0.096292 -4.524045
v -3.528743 1.529488 -4.307961
v -3.590677 -1.157175 -4.486580
v 2.632094 1.707036 -1.171842
v -0.528400 -0.198126 -1.695862
v -1.719153 1.673900 1.643474
v -2.630948 1.854246 6.296782
v 2.310761 1.227104 1.496279
v -1.278819 1.384507 0.018021
v -1.678781 0.279463 -0.092414
v -2.719638 1.088074 6.362348
v -0.941434 -1.518038 6.332590
v -0.943643 -0.153915 -1.558036
v 0.006759 1.801270 5.266924
v 2.236194 -1.172866 -4.987425
v 2.446526 -1.144673 -4.881846
v 2.256035 -0.925245 -5.063595
v 2.294097 0.104574 -5.172142
v 2.493233 0.104067 -5.048350
v 2.461754 -0.900942 -4.949653
v -3.081587 0.704439 3.256563
v -3.133061 -0.457258 3.258413
v -2.402479 -0.522073 1.703175
v -0.855242 1.625009 6.337275
v -2.433403 -1.852463 3.803068
v -0.761402 -1.567628 6.199436
v -0.490807 -0.885318 6.330693
v -1.030716 -1.196114 -0.824074
v -1.071463 1.079683 -0.900469
v -1.309942 -0.071159 -0.954577
v -2.714927 -0.493304 2.362848
v -3.414783 -0.429581 3.959539
v -3.357226 0.715580 3.965811
v -2.007380 1.689988 2.313424
v -1.354375 1.643775 0.747175
v -1.956179 0.315031 0.565601
v 3.018157 0.823105 -4.229496
v 3.053399 -0.102337 -4.255690
v 3.029157 0.921191 -2.955839
v 3.007694 0.931148 -2.699821
v 3.087523 -0.091503 -2.694156
v 3.061574 -0.091604 -2.953950
v 3.000732 0.948237 -2.171702
v 1.142467 -1.025884 4.423532
v 1.351350 -0.199847 4.527806
v 2.242523 -0.996589 2.011180
v 2.442745 -0.161252 2.090091
v 2.737355 0.982269 0.494021
v 2.905705 0.984564 -0.300520
v 2.857138 0.984201 -0.034372
v 2.465038 1.889411 -1.207683
v -1.541555 1.220973 6.363326
v -1.613418 0.136013 6.466045
v -1.560540 0.978450 6.423924
v -1.679617 -0.685304 6.459060
v -2.221033 -1.537082 2.575138
v -1.483932 -1.595863 1.049039
v -1.046395 1.561371 6.375794
v -0.947077 1.772826 6.294794
v 0.830095 1.835156 3.741395
v 3.024605 0.950153 -2.433406
v 2.801782 0.984142 0.230818
v 2.292471 1.883855 -0.435366
v 3.044034 0.838991 -3.990438
v 3.013572 -0.092775 -3.989909
v -3.303313 -0.943659 -2.234998
v -1.976274 2.061474 3.369032
v 2.037111 -0.944982 -5.149644
v 2.014341 -1.196357 -5.067889
v 2.079549 0.108559 -5.256404
v 2.079338 0.372618 -5.237197
v 1.936782 -1.886510 -4.632825
v -2.009849 1.647660 6.350469
v 1.876903 2.177884 -0.547850
v 1.628400 -2.037921 0.945043
v -2.852692 -1.139562 -5.197013
v 0.720349 -2.115844 -4.542275
v -2.544512 1.138167 -5.149513
v -2.614217 -0.130533 -5.233769
v -2.564805 0.895286 -5.242076
v 1.073101 -2.536052 -3.678379
v 0.835032 2.377152 -3.992071
v -1.834651 1.972325 -2.686146
v 1.011963 2.525706 -2.338997
v 0.557096 -2.360868 0.018828
v 2.018824 2.345482 -2.131807
v 2.217252 2.267920 -3.474196
v 2.051983 -2.415123 -3.436454
v -2.224726 -2.257450 -3.414244
v -1.363555 -2.296171 -3.287086
v -3.120792 -1.735776 5.588910
v -2.684494 -0.961375 -1.867924
v -2.795381 0.075320 -1.720577
v -2.000366 2.325909 5.399909
v -1.963400 -1.241389 -5.210304
v -1.048366 -1.336758 -5.163013
v -0.158114 -1.642502 -4.982083
v -1.631515 1.109005 -5.214114
v -1.646858 0.859968 -5.326595
v -1.693662 -0.209316 -5.370415
v 0.165022 -0.649149 -5.389613
v 0.244485 0.441816 -5.275260
v -1.032575 -1.377611 -1.880431
v -0.956302 1.386944 -1.950267
v -1.869055 1.230700 -1.885216
v 1.127433 1.451403 -5.070822
v -0.572233 -2.281096 1.970611
v -1.147179 -0.577767 -1.582755
v -0.750117 -0.296664 -5.379546
v -0.725129 0.789151 -5.264103
v 1.101159 -0.969097 -5.277889
v -1.876276 0.183696 -1.533519
v -2.673909 -1.977103 -4.563823
v -1.170711 2.233179 -3.559242
v -3.301785 1.864963 -2.936959
v 0.771426 2.519035 -3.441628
v 0.242441 1.820362 4.843722
v 0.127368 1.811158 5.057362
v -0.258508 1.784466 5.664306
v 2.615119 1.886169 -1.987051
v 0.933303 1.839782 3.514904
v -1.841155 1.618255 6.363609
v -3.471595 1.864896 -3.406388
v 0.599867 1.830935 4.190336
v -0.054200 1.982773 -2.121107
vn 0.0064 0.0160 0.9999
vn -0.0055 0.0369 0.9993
vn -0.1239 -0.0496 0.9911
vn -0.0082 -0.0098 0.9999
vn 0.0355 -0.0337 0.9988
vn -0.0077 0.0139 0.9999
vn 0.0132 -0.0329 0.9994
vn -0.1167 -0.0440 0.9922
vn -0.0202 -0.2054 0.9785
vn -0.0187 -0.1458 0.9891
vn -0.1167 -0.2438 0.9628
vn 0.0678 -0.1002 0.9927
vn 0.0148 -0.0045 0.9999
vn 0.0084 0.0089 0.9999
vn -0.0619 -0.0267 0.9977
vn -0.2142 -0.1476 0.9656
vn -0.1553 0.1666 0.9737
vn -0.2710 -0.0083 0.9626
vn -0.1600 0.2054 0.9655
vn -0.1335 0.0186 0.9909
vn -0.1252 -0.0488 0.9909
vn -0.2129 -0.0461 0.9760
vn -0.0091 0.0068 0.9999
vn -0.0837 0.0685 0.9941
vn -0.0794 -0.1769 0.9810
vn -0.0912 -0.0018 0.9958
vn -0.0452 0.0409 0.9981
vn -0.1827 -0.0508 0.9818
vn -0.0703 -0.2432 0.9674
vn -0.0568 -0.1299 0.9899
vn 0.0834 0.0879 0.9926
vn -0.0120 -0.0867 0.9962
vn 0.0977 -0.0631 0.9932
vn -0.0442 -0.0769 0.9961
vn 0.1713 -0.0963 0.9805
vn 0.1447 -0.2352 0.9611
vn 0.0545 0.0005 0.9985
vn 0.0647 -0.0169 0.9978
vn 0.1977 -0.0559 0.9787
vn -0.0309 -0.0287 0.9991
vn 0.0885 -0.1028 0.9908
vn 0.1266 -0.0994 0.9870
vn 0.1110 -0.1434 0.9834
vn -0.1745 0.1713 0.9697
vn -0.2624 0.0442 0.9639
vn -0.1474 0.2120 0.9661
vn -0.1183 0.0188 0.9928
vn -0.1622 -0.0465 0.9857
vn -0.1708 -0.0101 0.9853
vn 0.0319 0.0358 0.9988
vn 0.0327 0.1069 0.9937
vn -0.0397 0.1089 0.9933
vn -0.0109 0.0680 0.9976
vn -0.0195 0.0350 0.9992
vn 0.0630 0.1197 0.9908
vn 0.0016 0.0383 0.9993
vn 0.0935 0.0645 0.9935
vn 0.0593 0.0891 0.9943
vn 0.0782 0.1417 0.9868
vn 0.0795 0.0346 0.9962
vn 0.0505 0.1805 0.9823
vn -0.1769 -0.1556 0.9718
vn -0.0606 -0.0827 0.9947
vn 0.0111 -0.0147 0.9998
vn 0.0646 0.0183 0.9977
vn 0.0868 0.0181 0.9961
vn 0.0369 -0.0166 0.9992
vn 0.0534 -0.0042 0.9986
vn 0.0285 0.1796 0.9833
vn 0.0751 -0.0306 0.9967
vn -0.0668 -0.0590 0.9960
vn -0.9998 0.0144 0.0135
vn -0.9980 -0.0559 0.0286
vn -0.9989 -0.0405 0.0237
vn -0.9963 -0.0648 0.0559
vn -0.9966 -0.0819 0.0113
vn -0.9940 -0.0923 0.0592
vn -0.9972 -0.0719 -0.0223
vn -0.9990 -0.0031 0.0439
vn -0.9756 -0.1477 0.1627
vn -0.7939 -0.4365 0.4234
vn -0.9966 0.0828 0.0043
vn -0.9986 -0.0318 0.0430
vn -0.9923 -0.1229 0.0159
vn -0.9040 -0.2557 0.3427
vn -0.8833 -0.3917 0.2577
vn -0.9585 -0.2826 -0.0385
vn -0.9967 0.0810 0.0108
vn -0.9379 -0.3316 0.1017
vn -0.9712 -0.2383 0.0013
vn -0.4991 -0.6353 0.5894
vn -0.6307 -0.4625 0.6231
vn -0.9416 -0.1972 0.2729
vn -0.6770 -0.6906 0.2544
vn -0.6675 -0.7381 -0.0982
vn -0.6946 -0.7194 0.0074
vn -0.4925 -0.8550 0.1625
vn -0.7111 -0.6963 0.0972
vn -0.9991 -0.0185 0.0390
vn -0.9958 0.0668 0.0625
vn -0.9996 -0.0286 -0.0063
vn -0.9989 0.0263 0.0382
vn -0.9994 -0.0082 0.0328
vn -0.9973 -0.0606 0.0415
vn -0.9999 -0.0064 0.0092
vn -0.9994 -0.0014 0.0342
vn -0.9986 0.0368 0.0375
vn -0.9996 -0.0282 0.0021
vn -0.9998 -0.0173 0.0033
vn -0.9995 0.0092 0.0301
vn -0.9988 0.0001 0.0490
vn -0.9989 -0.0142 0.0442
vn -0.9673 -0.0895 0.2372
vn -0.9848 -0.0018 0.1739
vn -0.9905 -0.0593 0.1245
vn -0.9104 -0.0943 0.4029
vn -0.9894 -0.0075 0.1453
vn -0.9997 -0.0070 -0.0236
vn -0.9957 -0.0628 -0.0686
vn -0.9966 -0.0734 -0.0385
vn -0.9997 0.0118 -0.0225
vn -0.9985 0.0448 0.0307
vn -0.9957 -0.0831 0.0399
vn -0.9986 -0.0403 -0.0346
vn -0.9972 0.0721 0.0182
vn -0.9978 0.0591 0.0287
vn -0.9966 -0.0802 0.0204
vn -0.9978 0.0639 0.0153
vn -0.9997 0.0180 -0.0142
vn -0.9973 -0.0566 0.0460
vn -0.9450 -0.2056 -0.2543
vn -0.9990 0.0403 0.0205
vn -0.9290 -0.3443 -0.1358
vn -0.9260 -0.3123 -0.2120
vn -0.9596 -0.0697 -0.2727
vn -0.9519 -0.1477 -0.2685
vn -0.9413 -0.3267 -0.0854
vn -0.6353 -0.7444 -0.2054
vn -0.6051 -0.7308 -0.3158
vn -0.5999 -0.6643 -0.4459
vn -0.6416 -0.5322 -0.5523
vn -0.7005 -0.3496 -0.6222
vn -0.3557 -0.8515 -0.3853
vn -0.3773 -0.8923 -0.2480
vn -0.3419 -0.7815 -0.5219
vn -0.9995 -0.0330 -0.0003
vn -0.9996 -0.0262 0.0080
vn -0.9991 -0.0407 -0.0137
vn -1.0000 -0.0035 0.0002
vn -0.9990 0.0094 -0.0446
vn -0.9999 -0.0068 -0.0115
vn -0.9992 -0.0125 -0.0379
vn -0.9997 0.0084 -0.0241
vn -0.9996 -0.0053 -0.0278
vn -0.9952 0.0967 -0.0153
vn -0.9995 -0.0038 -0.0298
vn -0.9979 0.0228 -0.0614
vn -0.9988 -0.0489 0.0086
vn -0.9989 -0.0242 -0.0396
vn -0.9995 0.0310 0.0078
vn -0.9995 0.0215 -0.0244
vn -0.9984 -0.0542 -0.0185
vn -0.9741 -0.0191 -0.2253
vn -0.9806 -0.0046 -0.1962
vn -0.9578 0.0005 -0.2873
vn -0.8075 0.0058 -0.5898
vn -0.8017 -0.0444 -0.5960
vn -0.8127 0.0246 -0.5822
vn -0.5930 -0.0339 -0.8045
vn -0.5546 -0.0987 -0.8263
vn -0.6182 0.0054 -0.7860
vn -0.7265 -0.2477 0.6410
vn -0.8147 -0.4734 0.3349
vn -0.6757 -0.4556 0.5795
vn -0.8271 -0.5525 0.1032
vn -0.9148 -0.3765 0.1463
vn -0.8720 -0.3015 0.3856
vn -0.8865 -0.1779 0.4272
vn -0.5188 -0.4164 0.7467
vn -0.4716 -0.1728 0.8647
vn -0.4328 -0.0540 0.8999
vn -0.7084 -0.6384 0.3008
vn -0.2481 -0.2879 0.9250
vn -0.6079 -0.6698 0.4264
vn -0.5829 -0.7776 0.2359
vn -0.5038 -0.6764 0.5373
vn -0.6951 -0.7061 0.1351
vn -0.5770 -0.8127 0.0814
vn -0.1167 -0.0358 0.9925
vn -0.3857 -0.8047 0.4514
vn -0.3522 -0.6249 0.6968
vn -0.7046 -0.0159 0.7094
vn -0.8892 -0.0869 0.4491
vn -0.7106 -0.0520 0.7017
vn -0.6714 0.0328 0.7403
vn -0.8727 0.0206 0.4879
vn -0.6800 0.0288 0.7326
vn -0.9565 -0.2273 0.1828
vn -0.9763 -0.1032 0.1902
vn -0.9766 -0.0625 0.2056
vn -0.8869 -0.0321 0.4609
vn -0.8799 -0.0026 0.4751
vn -0.9782 0.0060 0.2075
vn -0.9797 0.0137 0.2002
vn -0.9727 0.0149 0.2315
vn -0.7267 -0.1150 0.6773
vn -0.3890 0.0129 0.9211
vn -0.3461 0.0087 0.9381
vn -0.3497 0.0004 0.9369
vn -0.3737 0.0135 0.9275
vn -0.6947 0.0164 0.7191
vn -0.0477 0.0578 0.9972
vn -0.0607 -0.0065 0.9981
vn -0.0775 -0.0028 0.9970
vn -0.3647 0.0355 0.9305
vn -0.0817 0.0308 0.9962
vn -0.2179 -0.1145 0.9692
vn -0.0757 0.0027 0.9971
vn -0.8943 -0.4473 -0.0141
vn -0.7156 -0.6687 -0.2020
vn -0.7407 -0.6506 -0.1677
vn -0.8280 -0.5315 -0.1789
vn -0.9029 -0.3971 -0.1646
vn -0.8027 -0.5597 -0.2060
vn -0.6611 -0.7460 -0.0796
vn -0.5575 -0.8298 -0.0253
vn -0.7650 -0.6335 -0.1161
vn -0.6449 -0.7516 -0.1387
vn -0.6203 -0.7635 -0.1796
vn -0.4207 -0.9062 -0.0416
vn -0.4462 -0.8940 0.0397
vn -0.5352 -0.8395 -0.0939
vn -0.3898 -0.9130 -0.1201
vn -0.4042 -0.9100 -0.0927
vn -0.5097 -0.8484 -0.1430
vn -0.9606 -0.2772 0.0202
vn -0.9940 -0.1043 0.0324
vn -0.9984 -0.0557 0.0018
vn -1.0000 0.0023 -0.0016
vn -0.9974 -0.0383 0.0615
vn -0.9698 -0.2199 -0.1052
vn -0.9366 -0.3399 -0.0855
vn -0.9895 -0.1377 -0.0428
vn -0.9992 -0.0319 -0.0243
vn -0.9991 -0.0091 -0.0411
vn -1.0000 -0.0044 -0.0069
vn -0.9980 -0.0229 -0.0584
vn -0.9401 -0.3005 -0.1611
vn -0.8777 -0.4388 -0.1928
vn -0.9882 -0.1264 -0.0870
vn -0.9931 -0.0863 -0.0793
vn -0.9999 -0.0142 -0.0044
vn -0.9909 0.0044 -0.1347
vn -0.9999 -0.0139 0.0027
vn -0.6525 -0.7084 -0.2690
vn -0.7349 -0.6122 -0.2918
vn -0.6466 -0.7088 -0.2819
vn -0.4753 -0.8574 -0.1976
vn -0.4836 -0.8545 -0.1896
vn -0.5671 -0.7889 -0.2366
vn -0.5784 -0.7849 -0.2224
vn -0.6660 -0.7038 -0.2474
vn -0.5656 -0.7882 -0.2427
vn -0.7190 -0.6233 -0.3075
vn -0.6418 -0.7110 -0.2873
vn -0.7883 -0.5238 -0.3228
vn -0.7119 -0.6269 -0.3165
vn -0.8214 -0.4935 -0.2859
vn -0.8520 -0.4698 -0.2311
vn -0.8835 -0.3806 -0.2732
vn -0.9124 -0.3453 -0.2199
vn -0.9310 -0.2657 -0.2502
vn -0.9598 -0.2155 -0.1798
vn -0.9771 -0.0440 -0.2082
vn -0.9992 -0.0111 -0.0376
vn -0.9787 0.0382 -0.2019
vn -0.9992 0.0147 -0.0366
vn -0.8594 -0.4053 -0.3118
vn -0.8050 -0.5102 -0.3028
vn -0.9038 -0.2893 -0.3155
vn -0.9534 0.0448 -0.2983
vn -0.9521 -0.0630 -0.2993
vn -0.7730 -0.5324 -0.3449
vn -0.8311 -0.4264 -0.3571
vn -0.8461 -0.4132 -0.3368
vn -0.8788 -0.3122 -0.3609
vn -0.8874 -0.3023 -0.3481
vn -0.9172 -0.1882 -0.3511
vn -0.9341 -0.0720 -0.3497
vn -0.9077 -0.1930 -0.3725
vn -0.9212 -0.0780 -0.3812
vn -0.9254 0.0381 -0.3772
vn -0.4382 -0.5720 0.6934
vn -0.7343 -0.3306 0.5929
vn -0.5527 -0.4463 0.7038
vn -0.4188 -0.9077 0.0264
vn -0.3958 -0.9122 -0.1063
vn -0.3264 -0.7057 0.6289
vn -0.4068 -0.5164 0.7535
vn -0.2768 -0.9598 0.0459
vn -0.2360 -0.9662 -0.1034
vn -0.2590 -0.7375 0.6237
vn -0.3323 -0.6289 0.7029
vn -0.2612 -0.6537 0.7102
vn -0.2454 -0.8222 0.5136
vn -0.1388 -0.9856 -0.0969
vn -0.1721 -0.9832 0.0606
vn -0.2035 -0.7543 0.6242
vn -0.3141 -0.5469 0.7760
vn -0.2470 -0.5648 0.7874
vn -0.1084 -0.9915 0.0722
vn -0.0836 -0.9930 -0.0831
vn -0.1524 -0.8398 0.5210
vn -0.1646 -0.7615 0.6270
vn -0.2010 -0.6664 0.7180
vn -0.1816 -0.5763 0.7969
vn -0.1951 -0.8342 0.5158
vn -0.1202 -0.9106 0.3954
vn -0.1479 -0.9111 0.3847
vn -0.0922 -0.9652 0.2449
vn -0.9336 -0.0494 0.3549
vn -0.7821 -0.1148 0.6125
vn -0.6397 -0.3373 0.6906
vn -0.4813 -0.4054 0.7772
vn -0.7435 -0.1732 0.6459
vn -0.6232 -0.1496 0.7676
vn -0.5955 -0.2226 0.7719
vn -0.4628 -0.2508 0.8502
vn -0.3642 -0.4457 0.8177
vn -0.2893 -0.4647 0.8369
vn -0.4883 -0.1567 0.8585
vn -0.3681 -0.1661 0.9148
vn -0.2130 -0.4709 0.8561
vn -0.3376 -0.2639 0.9035
vn -0.2704 -0.1715 0.9473
vn -0.2028 -0.9461 -0.2524
vn -0.1647 -0.8194 -0.5490
vn -0.1514 -0.7150 -0.6826
vn -0.1153 -0.9618 -0.2482
vn -0.0710 -0.8306 -0.5523
vn -0.0667 -0.7280 -0.6823
vn -0.0605 -0.9685 -0.2415
vn -0.0280 -0.9717 -0.2346
vn -0.0553 -0.9956 -0.0752
vn -0.0130 -0.9218 -0.3875
vn -0.0389 -0.9162 -0.3989
vn -0.0777 -0.5942 -0.8006
vn -0.1721 -0.5598 -0.8105
vn -0.0448 -0.6155 -0.7869
vn -0.0387 -0.7404 -0.6711
vn -0.0625 -0.4909 -0.8690
vn -0.1153 -0.4508 -0.8851
vn -0.0223 -0.6369 -0.7706
vn -0.0119 -0.7533 -0.6576
vn -0.0431 -0.5170 -0.8549
vn -0.3556 -0.1497 -0.9226
vn -0.3630 -0.0653 -0.9295
vn -0.3482 -0.0007 -0.9374
vn -0.0831 -0.0259 -0.9962
vn -0.1651 -0.1460 -0.9754
vn -0.0119 0.0145 -0.9998
vn 0.0070 0.0207 -0.9998
vn -0.0481 -0.1006 -0.9938
vn -0.0151 0.0093 -0.9998
vn -0.1046 -0.1433 -0.9841
vn -0.1951 -0.0005 -0.9808
vn -0.2306 0.0099 -0.9730
vn -0.0981 -0.3128 0.9448
vn -0.2219 -0.4840 0.8465
vn -0.2573 -0.9044 0.3403
vn -0.2855 -0.7901 0.5425
vn -0.3582 -0.8958 0.2631
vn -0.1620 -0.7378 0.6552
vn -0.0331 -0.1663 0.9855
vn -0.1079 -0.9580 0.2657
vn -0.1527 -0.8977 0.4133
vn -0.2213 -0.9558 0.1938
vn -0.0497 0.0113 0.9987
vn -0.0481 -0.0914 0.9947
vn 0.0504 -0.9691 0.2416
vn 0.0104 -0.9427 0.3334
vn -0.0406 -0.0100 0.9991
vn 0.1340 -0.9030 0.4082
vn 0.0715 -0.8209 0.5666
vn 0.0029 0.0485 0.9988
vn 0.1898 -0.7161 0.6717
vn 0.0956 -0.2058 0.9739
vn 0.0276 -0.3558 0.9342
vn -0.4960 -0.8520 -0.1677
vn -0.3726 -0.9169 -0.1428
vn -0.2741 -0.9592 -0.0694
vn -0.1892 -0.9778 0.0899
vn -0.3068 -0.9516 0.0210
vn -0.1670 -0.9853 0.0367
vn -0.0728 -0.9840 0.1624
vn -0.1492 -0.9885 -0.0256
vn -0.1545 -0.9880 0.0007
vn -0.0351 -0.9966 0.0741
vn -0.0484 -0.9939 0.0989
vn -0.2637 -0.9605 -0.0888
vn -0.2552 -0.9625 -0.0916
vn -0.0256 -0.9985 0.0492
vn 0.1660 -0.9312 0.3244
vn 0.1837 -0.9476 0.2612
vn -0.4712 -0.8593 -0.1988
vn -0.3589 -0.9203 -0.1555
vn -0.3708 -0.9173 -0.1450
vn -0.4529 -0.8648 -0.2166
vn -0.4558 -0.8630 -0.2177
vn -0.5486 -0.7943 -0.2610
vn -0.3495 -0.9223 -0.1647
vn -0.3502 -0.9224 -0.1629
vn -0.1330 -0.9903 -0.0408
vn -0.1368 -0.9898 -0.0411
vn -0.2442 -0.9643 -0.1027
vn -0.2323 -0.9661 -0.1125
vn -0.2410 -0.9641 -0.1112
vn -0.3429 -0.9245 -0.1667
vn -0.0226 -0.9994 0.0252
vn -0.0206 -0.9994 0.0267
vn -0.2474 -0.9635 -0.1027
vn -0.1204 -0.9913 -0.0527
vn -0.0170 -0.9997 0.0176
vn -0.8194 -0.4394 -0.3680
vn -0.7692 -0.5365 -0.3472
vn -0.8653 -0.3216 -0.3844
vn -0.9170 -0.0832 -0.3901
vn -0.6238 -0.7232 -0.2963
vn -0.5421 -0.8001 -0.2569
vn -0.6327 -0.7171 -0.2923
vn -0.7078 -0.6290 -0.3215
vn -0.5338 -0.8063 -0.2549
vn -0.4482 -0.8678 -0.2145
vn -0.5239 -0.8150 -0.2478
vn -0.6089 -0.7391 -0.2882
vn -0.6177 -0.7294 -0.2939
vn -0.4251 -0.8826 -0.2006
vn -0.4334 -0.8783 -0.2020
vn -0.3330 -0.9294 -0.1594
vn -0.3401 -0.9262 -0.1630
vn -0.4385 -0.8732 -0.2126
vn -0.5166 -0.8192 -0.2492
vn -0.5956 -0.7502 -0.2872
vn -0.5946 -0.7563 -0.2729
vn -0.2299 -0.9675 -0.1053
vn -0.3184 -0.9363 -0.1483
vn -0.3232 -0.9339 -0.1530
vn -0.5048 -0.8332 -0.2258
vn -0.4194 -0.8856 -0.1997
vn -0.5116 -0.8253 -0.2389
vn -0.2179 -0.9704 -0.1042
vn -0.2210 -0.9690 -0.1103
vn -0.7654 -0.5432 -0.3452
vn -0.8174 -0.4389 -0.3731
vn -0.9173 0.0367 -0.3964
vn -0.9088 -0.0887 -0.4076
vn -0.7495 -0.5586 -0.3554
vn -0.7541 -0.5518 -0.3561
vn -0.8073 -0.4553 -0.3755
vn -0.8146 -0.4422 -0.3754
vn -0.8566 -0.3378 -0.3901
vn -0.8590 -0.3324 -0.3894
vn -0.8065 -0.4573 -0.3747
vn -0.7528 -0.5642 -0.3391
vn -0.8477 -0.3433 -0.4044
vn -0.9094 0.0301 -0.4148
vn -0.9068 -0.0975 -0.4101
vn -0.9058 0.0281 -0.4227
vn -0.9032 -0.0934 -0.4190
vn -0.6709 -0.6720 -0.3135
vn -0.5945 -0.7605 -0.2613
vn -0.7432 -0.5705 -0.3495
vn -0.6766 -0.6709 -0.3035
vn -0.5012 -0.8367 -0.2207
vn -0.5896 -0.7637 -0.2629
vn -0.6679 -0.6798 -0.3030
vn -0.7420 -0.5795 -0.3371
vn -0.6737 -0.6780 -0.2941
vn -0.5051 -0.8360 -0.2142
vn -0.5903 -0.7638 -0.2610
vn -0.7435 -0.5746 -0.3422
vn -0.8030 -0.4698 -0.3667
vn -0.8069 -0.4587 -0.3721
vn -0.8534 -0.3507 -0.3856
vn -0.8534 -0.3472 -0.3887
vn -0.8832 -0.2312 -0.4080
vn -0.9014 -0.1033 -0.4204
vn -0.8853 -0.2291 -0.4047
vn -0.9024 -0.1071 -0.4175
vn -0.9076 0.0219 -0.4193
vn -0.7510 -0.5761 -0.3228
vn -0.8058 -0.4690 -0.3615
vn -0.9072 -0.1093 -0.4063
vn -0.8485 -0.3542 -0.3932
vn -0.8072 -0.4685 -0.3592
vn -0.9126 0.0109 -0.4086
vn -0.9037 -0.1127 -0.4131
vn -0.8037 -0.4773 -0.3554
vn -0.7420 -0.5834 -0.3302
vn -0.8537 -0.3611 -0.3753
vn -0.8551 -0.3578 -0.3752
vn -0.8860 -0.2393 -0.3971
vn -0.8893 -0.2389 -0.3900
vn -0.9145 0.0046 -0.4047
vn -0.9102 -0.1163 -0.3976
vn -0.1359 -0.8416 0.5227
vn -0.1141 -0.8389 0.5322
vn -0.0989 -0.9112 0.3999
vn -0.0656 -0.9646 0.2553
vn -0.0899 -0.8353 0.5423
vn -0.1282 -0.7573 0.6404
vn -0.1038 -0.7524 0.6505
vn -0.1486 -0.6724 0.7251
vn -0.0929 -0.9129 0.3975
vn -0.0756 -0.9624 0.2609
vn -0.0893 -0.7521 0.6530
vn -0.1161 -0.6714 0.7320
vn -0.0982 -0.6632 0.7420
vn -0.0872 -0.9078 0.4103
vn -0.0833 -0.9603 0.2663
vn -0.0766 -0.8304 0.5519
vn -0.0754 -0.7478 0.6597
vn -0.0715 -0.6523 0.7546
vn -0.0730 -0.9009 0.4278
vn -0.0677 -0.9590 0.2752
vn -0.0794 -0.8273 0.5561
vn -0.0785 -0.8203 0.5665
vn -0.0623 -0.7334 0.6770
vn -0.0704 -0.8990 0.4322
vn -0.0604 -0.9565 0.2855
vn -0.2566 -0.2664 0.9291
vn -0.1915 -0.2624 0.9458
vn -0.1276 -0.2518 0.9593
vn -0.1927 -0.1570 0.9686
vn -0.1513 -0.4711 0.8690
vn -0.1310 -0.5779 0.8056
vn -0.1044 -0.4696 0.8767
vn -0.1287 -0.1373 0.9821
vn -0.0681 -0.2381 0.9689
vn -0.0966 -0.5695 0.8163
vn -0.0642 -0.4621 0.8845
vn -0.1198 -0.3630 0.9240
vn -0.0651 -0.3535 0.9332
vn -0.0677 -0.5556 0.8287
vn -0.0447 -0.5433 0.8384
vn -0.0290 -0.4405 0.8973
vn -0.0263 -0.9733 -0.2280
vn -0.0443 -0.9966 -0.0691
vn -0.0192 -0.9275 -0.3732
vn -0.0476 -0.9970 -0.0606
vn -0.0428 -0.9979 -0.0494
vn -0.0341 -0.9775 -0.2081
vn -0.0343 -0.9749 -0.2198
vn -0.0238 -0.9324 -0.3606
vn -0.0394 -0.9985 -0.0382
vn -0.0362 -0.9805 -0.1933
vn -0.0341 -0.9374 -0.3465
vn -0.0529 -0.9981 -0.0318
vn -0.0466 -0.9824 -0.1807
vn -0.0394 -0.9405 -0.3374
vn -0.0625 -0.9821 -0.1778
vn -0.0732 -0.9969 -0.0277
vn 0.0010 -0.7634 -0.6459
vn -0.0073 -0.6598 -0.7514
vn -0.0174 -0.5369 -0.8435
vn 0.0061 -0.5515 -0.8342
vn -0.0020 -0.6715 -0.7410
vn -0.0091 -0.7724 -0.6351
vn -0.0135 -0.6758 -0.7370
vn -0.0176 -0.7813 -0.6240
vn -0.0125 -0.5630 -0.8264
vn -0.0184 -0.7902 -0.6125
vn -0.0256 -0.6891 -0.7242
vn -0.0308 -0.5746 -0.8179
vn -0.0255 -0.7966 -0.6040
vn -0.0140 -0.7004 -0.7136
vn 0.0004 -0.5844 -0.8115
vn -0.0105 -0.2071 -0.9783
vn -0.0485 -0.0870 -0.9950
vn -0.1377 -0.0185 -0.9903
vn 0.0663 -0.1368 -0.9884
vn 0.0501 -0.1900 -0.9805
vn 0.0157 -0.1448 -0.9893
vn 0.0187 -0.1576 -0.9873
vn 0.0099 -0.1680 -0.9857
vn 0.0059 -0.1119 -0.9937
vn 0.0460 -0.1378 -0.9894
vn 0.0782 -0.1464 -0.9861
vn 0.0428 -0.1861 -0.9816
vn 0.0067 -0.1549 -0.9879
vn -0.1104 -0.1329 -0.9850
vn -0.0639 -0.2166 -0.9742
vn 0.0164 -0.0465 0.9988
vn 0.0054 0.0152 0.9999
vn 0.1724 -0.2973 0.9391
vn 0.0983 -0.0735 0.9924
vn 0.0093 -0.0187 0.9998
vn 0.2118 -0.5326 0.8195
vn 0.3547 -0.7785 0.5179
vn 0.3131 -0.7212 0.6180
vn 0.2429 -0.8275 0.5062
vn 0.3795 -0.8113 0.4448
vn 0.2633 -0.8700 0.4168
vn 0.2819 -0.8944 0.3472
vn 0.4248 -0.6582 0.6215
vn 0.5221 -0.6461 0.5568
vn 0.4925 -0.5998 0.6306
vn 0.4631 -0.7468 0.4774
vn 0.4491 -0.7118 0.5401
vn 0.5120 -0.4776 0.7140
vn 0.5528 -0.5414 0.6334
vn 0.1616 -0.1104 0.9807
vn -0.0005 -0.0526 0.9986
vn 0.0304 0.0071 0.9995
vn 0.1601 0.0107 0.9870
vn 0.0802 -0.0321 0.9963
vn 0.1698 -0.1064 0.9797
vn 0.1116 -0.0216 0.9935
vn 0.2116 -0.0263 0.9770
vn 0.1087 -0.0152 0.9940
vn 0.0722 -0.0018 0.9974
vn 0.1209 -0.0861 0.9889
vn 0.1758 -0.1867 0.9666
vn 0.3872 -0.2411 0.8899
vn 0.4423 -0.3860 0.8095
vn 0.0315 -0.0392 0.9987
vn 0.1318 -0.0661 0.9891
vn 0.1721 -0.0894 0.9810
vn 0.0196 -0.0318 0.9993
vn 0.1312 -0.0438 0.9904
vn 0.4986 -0.3700 0.7839
vn 0.5640 -0.4378 0.7001
vn 0.5750 -0.3356 0.7462
vn 0.4673 -0.2725 0.8411
vn 0.5767 -0.2432 0.7799
vn 0.4375 -0.1886 0.8792
vn 0.4212 -0.1150 0.8997
vn 0.5660 -0.1546 0.8098
vn 0.4142 -0.0631 0.9080
vn 0.5593 -0.0771 0.8254
vn 0.1945 -0.9603 0.2000
vn 0.1930 -0.9558 0.2218
vn 0.0802 -0.9862 0.1447
vn 0.0919 -0.9908 0.0993
vn 0.0944 -0.9913 0.0921
vn 0.2952 -0.9073 0.2995
vn 0.0861 -0.9888 0.1221
vn 0.1985 -0.9648 0.1726
vn 0.3072 -0.9173 0.2532
vn 0.3014 -0.9125 0.2764
vn 0.3871 -0.8363 0.3883
vn 0.4762 -0.7704 0.4239
vn 0.3977 -0.8584 0.3240
vn 0.4021 -0.8647 0.3009
vn 0.5498 -0.6986 0.4579
vn 0.5365 -0.6770 0.5038
vn 0.6109 -0.6015 0.5148
vn 0.5815 -0.5812 0.5693
vn 0.5634 -0.7102 0.4222
vn 0.4858 -0.7949 0.3635
vn 0.6258 -0.6157 0.4788
vn 0.4086 -0.8699 0.2763
vn 0.6551 -0.1844 0.7327
vn 0.6487 -0.2764 0.7090
vn 0.6588 -0.0876 0.7472
vn 0.6206 -0.4764 0.6228
vn 0.6792 -0.4050 0.6121
vn 0.6409 -0.3729 0.6709
vn 0.7004 -0.2971 0.6489
vn 0.7288 -0.0956 0.6781
vn 0.6543 -0.5014 0.5661
vn 0.6715 -0.5202 0.5276
vn 0.7104 -0.4210 0.5641
vn 0.7421 -0.3116 0.5935
vn -0.0076 -0.9999 0.0095
vn -0.0089 -0.9999 0.0116
vn -0.1209 -0.9914 -0.0510
vn 0.2063 -0.9664 0.1531
vn 0.2034 -0.9667 0.1554
vn 0.0954 -0.9918 0.0851
vn 0.0974 -0.9928 0.0699
vn -0.0094 -0.9999 0.0067
vn 0.2118 -0.9671 0.1410
vn 0.1110 -0.9918 0.0632
vn 0.1050 -0.9919 0.0713
vn 0.2126 -0.9689 0.1265
vn 0.2137 -0.9685 0.1279
vn 0.4092 -0.8730 0.2653
vn 0.3095 -0.9267 0.2129
vn 0.3161 -0.9292 0.1915
vn 0.3179 -0.9301 0.1839
vn 0.3129 -0.9276 0.2040
vn 0.4134 -0.8753 0.2509
vn -0.1112 -0.9922 -0.0569
vn -0.1092 -0.9927 -0.0507
vn -0.2170 -0.9713 -0.0970
vn -0.2129 -0.9724 -0.0957
vn -0.1196 -0.9915 -0.0512
vn -0.0052 -1.0000 -0.0012
vn 0.0029 -0.9999 0.0118
vn -0.0007 -1.0000 -0.0014
vn -0.1103 -0.9930 -0.0424
vn -0.1073 -0.9932 -0.0456
vn -0.2102 -0.9737 -0.0880
vn 0.0087 -0.9999 0.0113
vn 0.2168 -0.9687 0.1205
vn 0.2211 -0.9687 0.1129
vn 0.2249 -0.9676 0.1151
vn 0.2238 -0.9682 0.1119
vn 0.1131 -0.9917 0.0606
vn 0.1207 -0.9909 0.0590
vn 0.0123 -0.9999 0.0062
vn 0.1244 -0.9905 0.0580
vn -0.3158 -0.9387 -0.1380
vn -0.4126 -0.8927 -0.1812
vn -0.4104 -0.8962 -0.1687
vn -0.2078 -0.9746 -0.0830
vn -0.3075 -0.9429 -0.1280
vn -0.3147 -0.9403 -0.1295
vn -0.4063 -0.8975 -0.1713
vn -0.4065 -0.8972 -0.1728
vn -0.4983 -0.8396 -0.2162
vn -0.5030 -0.8372 -0.2148
vn -0.0924 -0.9951 -0.0357
vn -0.0954 -0.9949 -0.0335
vn -0.3041 -0.9448 -0.1218
vn -0.3056 -0.9441 -0.1236
vn -0.4087 -0.8979 -0.1636
vn -0.1989 -0.9770 -0.0770
vn -0.1990 -0.9772 -0.0747
vn -0.3025 -0.9455 -0.1209
vn 0.0138 -0.9997 0.0177
vn 0.0164 -0.9998 0.0131
vn -0.8090 -0.4781 -0.3419
vn -0.7466 -0.5872 -0.3125
vn -0.8067 -0.4787 -0.3465
vn -0.7470 -0.5859 -0.3141
vn -0.5914 -0.7711 -0.2358
vn -0.6701 -0.6891 -0.2757
vn -0.5901 -0.7718 -0.2369
vn -0.7446 -0.5875 -0.3168
vn -0.6728 -0.6867 -0.2753
vn -0.5033 -0.8396 -0.2046
vn -0.5037 -0.8383 -0.2088
vn -0.5874 -0.7693 -0.2512
vn -0.5064 -0.8411 -0.1901
vn -0.5022 -0.8422 -0.1963
vn -0.4078 -0.8998 -0.1553
vn -0.4045 -0.8991 -0.1672
vn -0.5936 -0.7704 -0.2326
vn -0.5959 -0.7697 -0.2292
vn -0.5029 -0.8427 -0.1923
vn -0.4063 -0.9017 -0.1482
vn -0.3044 -0.9457 -0.1136
vn -0.3066 -0.9465 -0.1011
vn -0.3018 -0.9471 -0.1095
vn -0.8563 -0.3660 -0.3644
vn -0.8532 -0.3641 -0.3736
vn -0.9203 0.0014 -0.3912
vn -0.9095 -0.1247 -0.3966
vn -0.9111 -0.1187 -0.3948
vn -0.9154 0.0067 -0.4026
vn -0.8557 -0.3711 -0.3607
vn -0.8056 -0.4821 -0.3443
vn -0.9136 -0.1296 -0.3854
vn -0.8937 -0.2486 -0.3734
vn -0.8883 -0.2489 -0.3861
vn -0.9189 -0.0048 -0.3946
vn -0.7469 -0.5885 -0.3095
vn -0.8069 -0.4862 -0.3354
vn -0.7490 -0.5906 -0.3002
vn -0.8088 -0.4877 -0.3288
vn -0.8551 -0.3781 -0.3547
vn -0.8938 -0.2530 -0.3703
vn -0.8539 -0.3779 -0.3578
vn -0.8881 -0.2562 -0.3816
vn -0.9129 -0.1324 -0.3861
vn -0.9140 -0.1267 -0.3855
vn -0.9237 -0.0106 -0.3829
vn -0.8087 -0.4881 -0.3283
vn -0.7455 -0.5944 -0.3017
vn -0.9099 -0.1439 -0.3890
vn -0.8881 -0.2585 -0.3800
vn -0.9190 -0.0142 -0.3941
vn -0.5964 -0.7711 -0.2230
vn -0.6745 -0.6877 -0.2687
vn -0.7467 -0.5942 -0.2988
vn -0.6802 -0.6851 -0.2605
vn -0.7490 -0.5864 -0.3085
vn -0.6791 -0.6813 -0.2733
vn -0.6815 -0.6833 -0.2620
vn -0.7494 -0.5883 -0.3037
vn -0.7491 -0.5865 -0.3079
vn -0.6833 -0.6796 -0.2668
vn -0.6910 -0.6741 -0.2608
vn -0.6214 -0.7550 -0.2093
vn -0.6101 -0.7603 -0.2232
vn -0.5141 -0.8399 -0.1738
vn -0.6013 -0.7666 -0.2255
vn -0.5220 -0.8354 -0.1722
vn -0.8060 -0.4895 -0.3328
vn -0.8564 -0.3720 -0.3581
vn -0.8574 -0.3717 -0.3558
vn -0.9084 -0.1435 -0.3928
vn -0.8909 -0.2595 -0.3728
vn -0.8043 -0.4852 -0.3430
vn -0.8032 -0.4897 -0.3392
vn -0.8773 -0.2648 -0.4002
vn -0.8443 -0.3787 -0.3791
vn -0.8518 -0.3783 -0.3623
vn -0.9024 -0.1435 -0.4064
vn -0.8882 -0.2597 -0.3791
vn -0.9079 -0.1390 -0.3954
vn -0.9137 -0.0219 -0.4058
vn -0.9112 -0.0225 -0.4113
vn -0.8725 -0.2644 -0.4110
vn -0.8467 -0.3727 -0.3797
vn -0.8888 -0.1494 -0.4333
vn -0.7511 -0.5813 -0.3130
vn -0.7059 -0.6601 -0.2568
vn -0.8027 -0.4748 -0.3608
vn -0.7570 -0.5664 -0.3258
vn -0.8401 -0.3666 -0.3998
vn -0.7974 -0.4601 -0.3904
vn -0.8235 -0.3532 -0.4440
vn -0.8350 -0.2403 -0.4950
vn -0.8652 -0.2571 -0.4304
vn -0.8365 -0.1406 -0.5296
vn -0.8789 -0.1476 -0.4536
vn -0.8817 -0.0380 -0.4702
vn -0.0839 -0.8130 0.5762
vn -0.0669 -0.7201 0.6906
vn -0.0489 -0.6420 0.7651
vn -0.0862 -0.8980 0.4315
vn -0.0906 -0.9531 0.2889
vn -0.0911 -0.7104 0.6979
vn -0.0435 -0.6279 0.7771
vn -0.0555 -0.6058 0.7936
vn -0.1033 -0.8912 0.4418
vn -0.1134 -0.9500 0.2910
vn -0.1159 -0.8047 0.5822
vn -0.1581 -0.7950 0.5856
vn -0.1278 -0.8863 0.4451
vn -0.1244 -0.9491 0.2893
vn -0.0498 -0.5739 0.8174
vn -0.2280 -0.7923 0.5660
vn -0.1136 -0.6902 0.7146
vn -0.1628 -0.6476 0.7444
vn -0.1668 -0.8864 0.4318
vn -0.1611 -0.9465 0.2795
vn -0.2307 -0.8840 0.4066
vn -0.0203 -0.5282 0.8489
vn -0.0016 -0.4145 0.9100
vn -0.0105 -0.3355 0.9420
vn 0.0307 -0.3908 0.9200
vn 0.0190 -0.3134 0.9494
vn 0.0669 -0.2756 0.9589
vn 0.1547 -0.2168 0.9639
vn 0.1006 -0.3457 0.9329
vn 0.3630 -0.2111 0.9076
vn -0.0477 -0.9419 -0.3326
vn -0.0677 -0.9815 -0.1791
vn -0.0817 -0.9964 -0.0245
vn -0.0538 -0.9425 -0.3297
vn -0.0725 -0.9808 -0.1809
vn -0.0858 -0.9960 -0.0242
vn -0.0609 -0.9430 -0.3271
vn -0.1068 -0.9939 -0.0287
vn -0.0959 -0.9783 -0.1834
vn -0.0817 -0.9404 -0.3302
vn -0.1345 -0.9902 -0.0370
vn -0.1163 -0.9752 -0.1881
vn -0.0921 -0.9363 -0.3388
vn -0.0461 -0.7971 -0.6021
vn -0.0664 -0.8772 -0.4754
vn -0.0645 -0.8795 -0.4716
vn -0.0051 -0.6990 -0.7151
vn -0.0241 -0.8001 -0.5993
vn 0.0148 -0.5869 -0.8095
vn -0.0239 -0.8018 -0.5971
vn -0.0161 -0.6978 -0.7161
vn -0.0097 -0.5854 -0.8107
vn -0.0400 -0.8000 -0.5986
vn -0.0289 -0.7029 -0.7107
vn -0.0202 -0.5866 -0.8096
vn -0.0326 -0.7050 -0.7085
vn -0.0486 -0.7981 -0.6006
vn -0.0191 -0.5904 -0.8069
vn -0.0310 -0.7043 -0.7093
vn -0.0142 -0.1713 -0.9851
vn 0.0007 -0.2110 -0.9775
vn 0.0731 -0.1314 -0.9886
vn 0.0182 -0.2361 -0.9716
vn 0.0923 -0.2024 -0.9749
vn -0.0385 -0.1347 -0.9901
vn 0.0066 -0.2302 -0.9731
vn -0.0877 -0.2039 -0.9750
vn -0.0116 -0.4677 -0.8838
vn -0.0087 -0.4648 -0.8854
vn -0.0279 -0.2675 -0.9632
vn -0.1085 -0.2054 -0.9726
vn -0.0832 -0.0292 -0.9961
vn -0.0405 -0.0751 -0.9964
vn -0.0471 0.0301 -0.9984
vn 0.5731 -0.7200 0.3912
vn 0.5002 -0.8027 0.3248
vn 0.5749 -0.7269 0.3756
vn 0.6338 -0.6310 0.4473
vn 0.6446 -0.6388 0.4201
vn 0.6870 -0.5313 0.4957
vn 0.7355 -0.4238 0.5287
vn 0.7705 -0.3201 0.5512
vn 0.7619 -0.2010 0.6157
vn 0.7908 -0.2113 0.5745
vn 0.7738 -0.0981 0.6258
vn 0.8027 -0.0968 0.5885
vn 0.7069 -0.5380 0.4592
vn 0.7532 -0.4300 0.4977
vn 0.7852 -0.3243 0.5275
vn 0.8117 -0.2158 0.5427
vn 0.8287 -0.0969 0.5512
vn 0.5024 -0.8074 0.3095
vn 0.4242 -0.8758 0.2304
vn 0.4181 -0.8761 0.2399
vn 0.3215 -0.9303 0.1764
vn 0.4291 -0.8753 0.2230
vn 0.3260 -0.9303 0.1683
vn 0.5941 -0.7310 0.3357
vn 0.5806 -0.7299 0.3608
vn 0.5098 -0.8101 0.2896
vn 0.6569 -0.6376 0.4024
vn 0.6628 -0.6425 0.3845
vn 0.5164 -0.8094 0.2796
vn 0.6678 -0.6475 0.3672
vn 0.5963 -0.7330 0.3273
vn 0.6087 -0.7330 0.3035
vn 0.5992 -0.7353 0.3167
vn 0.5204 -0.8113 0.2665
vn 0.5182 -0.8108 0.2724
vn 0.6842 -0.6440 0.3423
vn 0.6786 -0.6439 0.3535
vn 0.7176 -0.5421 0.4373
vn 0.7212 -0.5444 0.4283
vn 0.7763 -0.4391 0.4522
vn 0.7635 -0.4404 0.4723
vn 0.8191 -0.3284 0.4703
vn 0.8018 -0.3268 0.5003
vn 0.8308 -0.2116 0.5148
vn 0.8437 -0.2142 0.4923
vn 0.8459 -0.0999 0.5239
vn 0.8594 -0.0972 0.5019
vn 0.7364 -0.5449 0.4010
vn 0.8562 -0.2156 0.4695
vn 0.8262 -0.3292 0.4573
vn 0.7451 -0.5449 0.3846
vn 0.7471 -0.5454 0.3799
vn 0.8024 -0.4406 0.4025
vn 0.7946 -0.4427 0.4155
vn 0.8463 -0.3264 0.4211
vn 0.8367 -0.3269 0.4393
vn 0.8671 -0.2106 0.4514
vn 0.8737 -0.2094 0.4391
vn 0.8903 -0.0938 0.4456
vn 0.8826 -0.0959 0.4602
vn 0.2286 -0.9673 0.1101
vn 0.1164 -0.9912 0.0629
vn 0.3371 -0.9277 0.1603
vn 0.3312 -0.9290 0.1653
vn 0.3397 -0.9278 0.1543
vn 0.2342 -0.9665 0.1050
vn 0.3417 -0.9268 0.1556
vn 0.4271 -0.8778 0.2170
vn 0.5270 -0.8107 0.2549
vn 0.4363 -0.8763 0.2044
vn 0.4387 -0.8754 0.2030
vn 0.6172 -0.7313 0.2902
vn 0.6131 -0.7307 0.3003
vn 0.5328 -0.8104 0.2438
vn 0.5292 -0.8116 0.2475
vn 0.6239 -0.7297 0.2799
vn 0.6975 -0.6393 0.3235
vn 0.7029 -0.6373 0.3159
vn 0.5395 -0.8083 0.2356
vn 0.6298 -0.7273 0.2728
vn 0.7030 -0.6408 0.3085
vn 0.5447 -0.8059 0.2322
vn 0.6325 -0.7262 0.2692
vn 0.7089 -0.6395 0.2975
vn 0.7557 -0.5449 0.3633
vn 0.6876 -0.6446 0.3342
vn 0.8803 -0.2105 0.4252
vn 0.8516 -0.3279 0.4089
vn 0.8157 -0.4369 0.3792
vn 0.8119 -0.4350 0.3894
vn 0.8566 -0.3255 0.4004
vn 0.8881 -0.2081 0.4099
vn 0.9042 -0.0835 0.4189
vn 0.8983 -0.0856 0.4309
vn 0.7627 -0.5440 0.3498
vn 0.8191 -0.4391 0.3692
vn 0.8644 -0.3205 0.3873
vn 0.9099 -0.0876 0.4054
vn 0.7654 -0.5429 0.3457
vn 0.7692 -0.5404 0.3410
vn 0.8279 -0.4320 0.3578
vn 0.8717 -0.3191 0.3718
vn 0.8950 -0.2031 0.3973
vn 0.8989 -0.2023 0.3887
vn 0.9166 -0.0820 0.3913
vn 0.7799 -0.5373 0.3209
vn 0.8353 -0.4273 0.3459
vn 0.8753 -0.3182 0.3641
vn 0.9059 -0.2008 0.3728
vn 0.9215 -0.0767 0.3807
vn 0.1303 -0.9896 0.0613
vn 0.1239 -0.9899 0.0685
vn 0.0252 -0.9994 0.0236
vn 0.0237 -0.9996 0.0128
vn -0.0879 -0.9957 -0.0289
vn 0.2350 -0.9652 0.1149
vn 0.0260 -0.9994 0.0218
vn 0.1346 -0.9886 0.0676
vn 0.4466 -0.8735 0.1938
vn 0.4429 -0.8750 0.1954
vn 0.3470 -0.9254 0.1521
vn 0.3562 -0.9230 0.1454
vn 0.3484 -0.9251 0.1512
vn 0.2448 -0.9635 0.1079
vn 0.2449 -0.9639 0.1044
vn 0.4537 -0.8703 0.1917
vn 0.3627 -0.9199 0.1491
vn 0.3617 -0.9211 0.1442
vn 0.2532 -0.9619 0.1034
vn 0.4628 -0.8673 0.1832
vn 0.4610 -0.8683 0.1833
vn -0.1938 -0.9787 -0.0673
vn -0.1961 -0.9779 -0.0722
vn -0.4047 -0.9019 -0.1510
vn -0.3097 -0.9455 -0.1008
vn -0.0878 -0.9958 -0.0259
vn -0.0881 -0.9957 -0.0284
vn -0.0864 -0.9959 -0.0268
vn -0.2000 -0.9782 -0.0557
vn -0.2002 -0.9784 -0.0506
vn -0.0863 -0.9962 -0.0077
vn 0.0298 -0.9991 0.0295
vn 0.0292 -0.9994 0.0160
vn -0.3096 -0.9465 -0.0910
vn -0.0803 -0.9967 -0.0083
vn -0.1970 -0.9789 -0.0537
vn 0.1461 -0.9872 0.0641
vn 0.1439 -0.9872 0.0688
vn 0.1424 -0.9876 0.0661
vn 0.2545 -0.9609 0.1093
vn 0.0338 -0.9987 0.0371
vn -0.0801 -0.9967 -0.0101
vn 0.2656 -0.9576 0.1119
vn 0.2601 -0.9596 0.1076
vn 0.1460 -0.9867 0.0719
vn 0.1584 -0.9840 0.0814
vn 0.1488 -0.9858 0.0779
vn 0.0337 -0.9981 0.0514
vn -0.3129 -0.9466 -0.0781
vn -0.4139 -0.9008 -0.1314
vn -0.4262 -0.8966 -0.1200
vn -0.4378 -0.8928 -0.1060
vn -0.2031 -0.9789 -0.0216
vn -0.2021 -0.9789 -0.0306
vn -0.3280 -0.9437 -0.0422
vn -0.3251 -0.9439 -0.0578
vn -0.4439 -0.8916 -0.0896
vn -0.2007 -0.9796 -0.0129
vn -0.0828 -0.9965 0.0138
vn -0.2101 -0.9774 0.0242
vn -0.2082 -0.9781 0.0078
vn -0.3343 -0.9424 -0.0145
vn 0.0393 -0.9972 0.0644
vn 0.0399 -0.9978 0.0521
vn -0.0811 -0.9953 0.0529
vn -0.0779 -0.9950 0.0624
vn -0.6367 -0.7467 -0.1926
vn -0.6462 -0.7402 -0.1857
vn -0.5489 -0.8245 -0.1379
vn -0.7205 -0.6426 -0.2607
vn -0.7680 -0.5384 -0.3468
vn -0.7367 -0.6188 -0.2728
vn -0.7931 -0.4338 -0.4276
vn -0.7783 -0.4931 -0.3887
vn -0.6665 -0.7253 -0.1725
vn -0.5970 -0.8018 -0.0278
vn -0.5755 -0.8125 -0.0932
vn -0.7122 -0.6856 0.1507
vn -0.7144 -0.6894 -0.1195
vn -0.8056 -0.5541 0.2095
vn -0.7841 -0.5341 -0.3161
vn -0.8622 -0.4781 0.1675
vn -0.7421 -0.3715 -0.5578
vn -0.2072 -0.4095 0.8885
vn -0.4461 -0.6241 0.6415
vn -0.4514 -0.8900 -0.0639
vn -0.5576 -0.8210 -0.1228
vn -0.4659 -0.8843 -0.0301
vn -0.5890 -0.8008 0.1081
vn -0.5176 -0.8246 0.2283
vn -0.3378 -0.9410 0.0207
vn -0.4594 -0.8827 0.0991
vn -0.4735 -0.8806 0.0177
vn -0.2853 -0.9485 0.1378
vn -0.3258 -0.9398 0.1029
vn -0.4102 -0.8967 0.1663
vn -0.2066 -0.9768 0.0562
vn -0.2008 -0.9754 0.0911
vn -0.8068 -0.3304 -0.4899
vn -0.8085 -0.2098 -0.5498
vn -0.7984 -0.1359 -0.5866
vn -0.7707 -0.3680 -0.5202
vn -0.7200 -0.2640 -0.6418
vn -0.7095 -0.1984 -0.6762
vn -0.3145 -0.1032 -0.9436
vn -0.3614 -0.1258 -0.9239
vn -0.7153 -0.1409 -0.6845
vn -0.7301 -0.0603 -0.6807
vn -0.9135 -0.3925 0.1067
vn -0.4996 -0.1222 -0.8576
vn 0.3703 -0.9194 -0.1322
vn 0.3004 -0.1053 0.9480
vn 0.0796 -0.2406 0.9674
vn -0.8934 -0.4334 0.1184
vn 0.5082 -0.1438 0.8491
vn 0.4549 -0.1357 0.8801
vn -0.0086 -0.5007 0.8656
vn -0.2121 -0.9434 0.2549
vn -0.3711 -0.7932 0.4828
vn -0.3037 -0.8848 0.3533
vn -0.2474 -0.9455 0.2119
vn -0.5855 -0.7224 0.3679
vn -0.2009 -0.9773 0.0678
vn -0.1799 -0.9788 0.0979
vn -0.1595 -0.9846 -0.0717
vn -0.2066 -0.9778 0.0339
vn -0.2641 -0.9516 0.1571
vn -0.1593 -0.9822 -0.0992
vn -0.3349 -0.9249 0.1801
vn -0.4184 -0.8745 0.2451
vn -0.2460 -0.9637 0.1035
vn -0.1808 -0.9835 0.0007
vn -0.1869 -0.9802 0.0655
vn -0.2553 -0.9569 0.1382
vn -0.1581 -0.9818 0.1057
vn -0.2233 -0.9645 0.1408
vn 0.4450 -0.1737 0.8785
vn -0.1191 -0.9724 -0.2004
vn -0.1504 -0.9874 -0.0499
vn -0.0682 -0.8744 -0.4803
vn -0.0498 -0.7948 -0.6048
vn -0.1210 -0.9683 -0.2186
vn -0.0921 -0.9300 -0.3557
vn -0.0891 -0.9333 -0.3479
vn -0.0690 -0.8720 -0.4847
vn -0.0474 -0.7928 -0.6076
vn -0.0516 -0.8699 -0.4904
vn -0.0813 -0.9273 -0.3655
vn -0.0288 -0.7922 -0.6096
vn -0.0871 -0.9646 -0.2490
vn -0.1169 -0.9645 -0.2366
vn -0.0542 -0.9250 -0.3761
vn -0.0225 -0.8673 -0.4973
vn -0.0431 -0.9660 -0.2551
vn -0.0818 -0.9865 -0.1416
vn -0.0362 -0.7040 -0.7093
vn -0.0289 -0.7035 -0.7101
vn 0.0046 -0.6042 -0.7968
vn -0.0146 -0.6030 -0.7976
vn 0.0039 -0.4944 -0.8692
vn 0.0133 -0.6035 -0.7973
vn 0.0225 -0.5014 -0.8649
vn -0.0121 -0.2945 -0.9556
vn -0.0252 -0.2678 -0.9632
vn -0.0381 -0.0342 -0.9987
vn -0.0589 0.0323 -0.9977
vn -0.0076 -0.3037 -0.9527
vn -0.0174 -0.4756 -0.8795
vn 0.0230 -0.2559 -0.9664
vn 0.0433 0.0110 -0.9990
vn 0.0711 -0.0672 -0.9952
vn -0.0096 -0.3088 -0.9511
vn -0.0094 -0.4808 -0.8768
vn -0.0107 -0.2332 -0.9724
vn 0.0515 -0.0145 -0.9986
vn 0.0254 -0.0489 -0.9985
vn -0.0081 -0.3279 -0.9447
vn -0.0555 -0.2591 -0.9643
vn -0.0310 -0.0053 -0.9995
vn -0.0335 -0.0311 -0.9990
vn 0.0079 -0.3583 -0.9336
vn 0.0970 -0.0663 -0.9931
vn -0.0224 -0.0773 -0.9968
vn 0.4705 -0.8634 0.1821
vn 0.5557 -0.8018 0.2196
vn 0.6443 -0.7228 0.2496
vn 0.6362 -0.7261 0.2608
vn 0.5497 -0.8039 0.2268
vn 0.7185 -0.6325 0.2894
vn 0.7211 -0.6324 0.2830
vn 0.5605 -0.7989 0.2184
vn 0.7253 -0.6317 0.2735
vn 0.6478 -0.7196 0.2500
vn 0.6592 -0.7144 0.2347
vn 0.6522 -0.7181 0.2429
vn 0.5690 -0.7954 0.2088
vn 0.5656 -0.7969 0.2121
vn 0.7351 -0.6234 0.2665
vn 0.7397 -0.6198 0.2622
vn 0.7854 -0.5349 0.3115
vn 0.7862 -0.5325 0.3135
vn 0.8443 -0.4247 0.3267
vn 0.8381 -0.4305 0.3351
vn 0.8883 -0.3114 0.3376
vn 0.8817 -0.3133 0.3528
vn 0.9118 -0.1959 0.3609
vn 0.9155 -0.1945 0.3521
vn 0.9317 -0.0773 0.3549
vn 0.9262 -0.0808 0.3684
vn 0.7964 -0.5290 0.2930
vn 0.9215 -0.1927 0.3373
vn 0.8916 -0.3099 0.3301
vn 0.8021 -0.5255 0.2837
vn 0.8051 -0.5207 0.2840
vn 0.8602 -0.4169 0.2935
vn 0.8546 -0.4214 0.3035
vn 0.9046 -0.3003 0.3026
vn 0.8978 -0.3044 0.3183
vn 0.9271 -0.1880 0.3243
vn 0.9321 -0.1847 0.3116
vn 0.9469 -0.0686 0.3140
vn 0.9418 -0.0719 0.3283
vn 0.3735 -0.9170 0.1400
vn 0.3820 -0.9117 0.1511
vn 0.3771 -0.9142 0.1484
vn 0.3892 -0.9098 0.1440
vn 0.2754 -0.9550 0.1097
vn 0.3904 -0.9081 0.1518
vn 0.4761 -0.8617 0.1754
vn 0.5762 -0.7912 0.2049
vn 0.4863 -0.8557 0.1768
vn 0.4942 -0.8514 0.1758
vn 0.7450 -0.6188 0.2492
vn 0.6671 -0.7090 0.2287
vn 0.5834 -0.7868 0.2016
vn 0.6750 -0.7028 0.2246
vn 0.5913 -0.7817 0.1981
vn 0.6843 -0.6962 0.2170
vn 0.7541 -0.6118 0.2385
vn 0.7643 -0.6019 0.2312
vn 0.5024 -0.8464 0.1764
vn 0.6058 -0.7725 0.1906
vn 0.6959 -0.6893 0.2016
vn 0.7718 -0.5971 0.2186
vn 0.6181 -0.7627 0.1904
vn 0.7038 -0.6809 0.2025
vn 0.7814 -0.5889 0.2066
vn 0.8132 -0.5161 0.2690
vn 0.9373 -0.1832 0.2966
vn 0.9101 -0.2983 0.2877
vn 0.8223 -0.5113 0.2498
vn 0.8771 -0.4006 0.2648
vn 0.8698 -0.4058 0.2808
vn 0.9157 -0.2936 0.2745
vn 0.9442 -0.1791 0.2765
vn 0.9580 -0.0585 0.2806
vn 0.9526 -0.0612 0.2979
vn 0.8820 -0.4000 0.2493
vn 0.9234 -0.2854 0.2567
vn 0.9635 -0.0619 0.2603
vn 0.8302 -0.5034 0.2397
vn 0.8378 -0.4940 0.2326
vn 0.8915 -0.3894 0.2315
vn 0.9316 -0.2800 0.2317
vn 0.9509 -0.1720 0.2573
vn 0.9568 -0.1672 0.2380
vn 0.9708 -0.0554 0.2335
vn 0.8498 -0.4841 0.2085
vn 0.9028 -0.3746 0.2115
vn 0.9404 -0.2701 0.2065
vn 0.9668 -0.1605 0.1988
vn 0.9791 -0.0474 0.1979
vn 0.2789 -0.9523 0.1241
vn 0.1650 -0.9819 0.0930
vn -0.0794 -0.9964 0.0281
vn 0.1652 -0.9809 0.1027
vn 0.0607 -0.9917 0.1133
vn 0.0520 -0.9937 0.0990
vn 0.1718 -0.9792 0.1077
vn 0.1828 -0.9751 0.1254
vn 0.3010 -0.9443 0.1329
vn 0.0448 -0.9956 0.0829
vn 0.5146 -0.8402 0.1711
vn 0.4158 -0.8964 0.1536
vn 0.4293 -0.8889 0.1600
vn 0.6277 -0.7561 0.1855
vn 0.5552 -0.8140 0.1707
vn 0.5398 -0.8244 0.1700
vn 0.4465 -0.8797 0.1635
vn -0.0636 -0.9918 0.1111
vn -0.0380 -0.9910 0.1286
vn -0.0770 -0.9933 0.0859
vn 0.0790 -0.9890 0.1254
vn 0.1989 -0.9708 0.1343
vn 0.1271 -0.9819 0.1401
vn 0.1011 -0.9852 0.1385
vn -0.0079 -0.9912 0.1321
vn 0.1538 -0.9800 0.1266
vn 0.3406 -0.9269 0.1578
vn 0.2134 -0.9665 0.1425
vn 0.2821 -0.9497 0.1360
vn 0.2539 -0.9563 0.1449
vn 0.3606 -0.9189 0.1602
vn 0.3123 -0.9435 0.1105
vn 0.1809 -0.9783 0.1010
vn -0.0116 -0.9993 0.0365
vn -0.0560 -0.9943 0.0903
vn -0.0595 -0.9975 -0.0380
vn -0.1316 -0.9910 -0.0265
vn -0.0231 -0.9885 -0.1493
vn 0.0292 -0.9988 -0.0381
vn -0.1033 -0.9936 0.0462
vn 0.0257 -0.9927 0.1180
vn -0.1035 -0.9874 0.1199
vn 0.0578 -0.9941 0.0915
vn 0.0569 -0.9888 -0.1378
vn 0.0746 -0.9658 -0.2482
vn 0.1514 -0.9817 -0.1158
vn 0.1266 -0.9914 -0.0342
vn 0.2109 -0.9763 0.0486
vn 0.2371 -0.9713 -0.0206
vn 0.2551 -0.9626 -0.0914
vn 0.3542 -0.9351 0.0072
vn 0.0279 -0.9275 -0.3727
vn -0.0162 -0.9251 -0.3794
vn 0.0402 -0.8681 -0.4948
vn 0.0041 -0.8655 -0.5009
vn 0.0539 -0.7965 -0.6022
vn 0.0689 -0.7067 -0.7041
vn 0.0255 -0.7045 -0.7092
vn 0.0167 -0.7956 -0.6056
vn 0.0892 -0.9295 -0.3580
vn 0.2377 -0.7982 -0.5536
vn 0.1595 -0.8788 -0.4497
vn 0.1548 -0.7981 -0.5823
vn 0.0971 -0.8727 -0.4786
vn 0.2600 -0.9480 -0.1835
vn 0.1635 -0.9610 -0.2230
vn 0.2492 -0.9231 -0.2930
vn 0.0507 -0.4982 -0.8656
vn 0.0353 -0.6031 -0.7969
vn 0.0772 -0.6035 -0.7936
vn 0.0836 -0.4942 -0.8653
vn 0.1147 -0.7036 -0.7013
vn 0.1243 -0.6010 -0.7895
vn 0.1291 -0.4954 -0.8590
vn 0.1633 -0.6964 -0.6988
vn 0.1775 -0.5947 -0.7841
vn 0.1932 -0.4900 -0.8501
vn 0.2760 -0.4689 -0.8390
vn 0.2466 -0.5827 -0.7743
vn 0.0671 -0.3771 -0.9237
vn 0.0448 -0.1864 -0.9814
vn 0.1297 -0.1076 -0.9857
vn 0.0077 -0.0853 -0.9963
vn 0.0789 -0.3839 -0.9200
vn 0.0433 -0.1901 -0.9808
vn -0.0044 -0.1387 -0.9903
vn 0.0809 -0.0698 -0.9943
vn 0.1365 -0.3899 -0.9107
vn 0.0880 -0.1308 -0.9875
vn 0.1799 -0.1038 -0.9782
vn 0.2222 -0.0980 -0.9701
vn 0.2104 -0.3806 -0.9005
vn 0.1763 -0.1333 -0.9753
vn 0.1461 -0.0508 -0.9880
vn 0.1725 -0.0875 -0.9811
vn 0.2587 -0.0890 -0.9618
vn 0.3085 -0.1704 -0.9358
vn 0.2478 -0.0425 -0.9679
vn 0.6422 -0.7458 0.1769
vn 0.7354 -0.6541 0.1768
vn 0.7166 -0.6698 0.1948
vn 0.7982 -0.5705 0.1934
vn 0.8119 -0.5560 0.1778
vn 0.6772 -0.7166 0.1670
vn 0.6583 -0.7322 0.1749
vn 0.5753 -0.7999 0.1707
vn 0.8271 -0.5379 0.1630
vn 0.7511 -0.6367 0.1746
vn 0.7879 -0.5973 0.1499
vn 0.7681 -0.6194 0.1622
vn 0.6979 -0.6978 0.1615
vn 0.8479 -0.5088 0.1493
vn 0.8650 -0.4826 0.1371
vn 0.8618 -0.4713 0.1874
vn 0.8762 -0.4502 0.1721
vn 0.9295 -0.3373 0.1491
vn 0.9138 -0.3622 0.1838
vn 0.9526 -0.2495 0.1741
vn 0.9697 -0.2152 0.1156
vn 0.9780 -0.1409 0.1541
vn 0.9938 -0.0913 0.0636
vn 0.9999 -0.0074 0.0107
vn 0.9902 -0.0381 0.1341
vn 0.8935 -0.4243 0.1469
vn 0.9861 -0.1520 0.0671
vn 0.9461 -0.2993 0.1235
vn 0.9985 -0.0503 0.0225
vn 0.9986 -0.0458 -0.0276
vn 0.9997 0.0228 -0.0130
vn 0.9997 0.0241 0.0107
vn 0.9111 -0.3934 0.1231
vn 0.9307 -0.3487 0.1109
vn 0.9797 -0.1861 0.0743
vn 0.9680 -0.2401 0.0734
vn 0.9975 -0.0711 0.0061
vn 0.9982 -0.0283 0.0526
vn 1.0000 -0.0067 0.0045
vn 0.9992 0.0111 -0.0396
vn 0.6186 -0.7690 0.1609
vn 0.5975 -0.7848 0.1644
vn 0.5072 -0.8469 0.1596
vn 0.4855 -0.8587 0.1644
vn 0.3840 -0.9109 0.1510
vn 0.5307 -0.8350 0.1453
vn 0.7201 -0.6767 0.1535
vn 0.8804 -0.4569 0.1270
vn 0.8074 -0.5724 0.1429
vn 0.8271 -0.5472 0.1282
vn 0.7426 -0.6552 0.1389
vn 0.9013 -0.4201 0.1052
vn 0.9707 -0.2322 0.0609
vn 0.9505 -0.2953 0.0963
vn 0.7639 -0.6326 0.1272
vn 0.8503 -0.5143 0.1114
vn 0.9849 -0.1672 0.0457
vn 0.6676 -0.7336 0.1267
vn 0.5584 -0.8206 0.1212
vn 0.6849 -0.7202 0.1106
vn 0.9216 -0.3789 0.0838
vn 0.8729 -0.4771 0.1023
vn 0.9985 0.0106 0.0544
vn 0.9988 -0.0262 0.0420
vn 0.9878 -0.1450 0.0566
vn 0.9982 0.0308 0.0516
vn 0.9959 -0.0899 0.0029
vn 0.9994 -0.0272 -0.0212
vn 0.9987 -0.0316 0.0399
vn 0.9940 0.0024 0.1089
vn 0.9987 -0.0497 0.0092
vn 0.9975 0.0386 0.0595
vn 0.9957 -0.0810 0.0452
vn 0.9992 -0.0303 0.0251
vn 0.9906 -0.0967 0.0972
vn 0.9925 -0.1222 0.0074
vn 0.9960 -0.0632 -0.0631
vn 0.9997 -0.0065 -0.0237
vn 0.9981 0.0611 0.0007
vn 0.4634 -0.8821 0.0841
vn 0.4369 -0.8920 0.1159
vn 0.3393 -0.9382 0.0676
vn 0.3601 -0.9309 -0.0612
vn 0.4778 -0.8774 0.0434
vn 0.4761 -0.8793 -0.0151
vn 0.4691 -0.8788 -0.0874
vn 0.4667 -0.8660 -0.1795
vn 0.3476 -0.9069 -0.2381
vn 0.5898 -0.8043 0.0720
vn 0.5966 -0.8019 0.0328
vn 0.7289 -0.6845 0.0168
vn 0.7182 -0.6927 0.0655
vn 0.5997 -0.7995 -0.0332
vn 0.9094 -0.4098 0.0714
vn 0.8906 -0.4454 0.0914
vn 0.8239 -0.5613 0.0786
vn 0.8056 -0.5849 0.0944
vn 0.9651 -0.2559 0.0554
vn 0.9836 -0.1752 0.0428
vn 0.7032 -0.7054 0.0894
vn 0.9349 -0.3515 0.0497
vn 0.8407 -0.5389 0.0534
vn 0.8544 -0.5195 0.0046
vn 0.8597 -0.5075 -0.0578
vn 0.7276 -0.6841 -0.0513
vn 0.9963 -0.0847 0.0144
vn 0.9984 -0.0567 0.0027
vn 0.9986 -0.0520 -0.0022
vn 0.9993 -0.0320 0.0176
vn 0.9920 -0.1207 0.0366
vn 0.9970 -0.0627 0.0460
vn 0.9987 -0.0485 -0.0119
vn 0.9965 -0.0514 0.0666
vn 0.9926 -0.1213 -0.0087
vn 0.4344 -0.7814 -0.4481
vn 0.4559 -0.8374 -0.3015
vn 0.3347 -0.7924 -0.5099
vn 0.3274 -0.6858 -0.6499
vn 0.5870 -0.7798 -0.2175
vn 0.5987 -0.7921 -0.1188
vn 0.5595 -0.7500 -0.3528
vn 0.5523 -0.6415 -0.5324
vn 0.6102 -0.3522 -0.7097
vn 0.5780 -0.4798 -0.6600
vn 0.4861 -0.4012 -0.7763
vn 0.7018 -0.4255 -0.5713
vn 0.6922 -0.5953 -0.4080
vn 0.7287 -0.2906 -0.6201
vn 0.6836 -0.1269 -0.7188
vn 0.6598 -0.1887 -0.7273
vn 0.5663 -0.1595 -0.8086
vn 0.6990 -0.0727 -0.7114
vn 0.5828 -0.0915 -0.8074
vn 0.7056 -0.0262 -0.7082
vn 0.5908 -0.0326 -0.8062
vn 0.7946 -0.0879 -0.6007
vn 0.7773 -0.1433 -0.6126
vn 0.8080 -0.0519 -0.5869
vn 0.8109 -0.0232 -0.5847
vn 0.8670 -0.1488 -0.4756
vn 0.7563 -0.2124 -0.6187
vn 0.8997 -0.0344 -0.4351
vn 0.8954 -0.0529 -0.4421
vn 0.9023 -0.0197 -0.4307
vn 0.3426 -0.5593 -0.7548
vn 0.3747 -0.4387 -0.8168
vn 0.4534 -0.5261 -0.7195
vn 0.4315 -0.6720 -0.6018
vn 0.4636 -0.1103 -0.8792
vn 0.4468 -0.1819 -0.8759
vn 0.4696 -0.0320 -0.8823
vn 0.9684 -0.2494 -0.0091
vn 0.9572 -0.2886 0.0206
vn 0.9969 -0.0792 -0.0000
vn 0.9997 -0.0182 -0.0147
vn 0.9995 0.0100 -0.0293
vn 0.9986 0.0315 -0.0414
vn 0.9980 -0.0253 -0.0585
vn 0.9982 -0.0327 -0.0513
vn 0.9903 -0.1017 -0.0942
vn 0.9958 -0.0524 -0.0752
vn 0.9893 -0.0844 -0.1190
vn 0.9915 -0.0677 -0.1109
vn 0.9922 0.0094 -0.1241
vn 0.9957 0.0403 -0.0830
vn 0.9999 0.0080 0.0107
vn 0.9980 0.0409 0.0487
vn 0.9992 -0.0315 -0.0247
vn 0.9985 -0.0252 -0.0493
vn 0.9983 -0.0027 -0.0584
vn 0.8360 -0.4782 -0.2691
vn 0.8145 -0.3793 -0.4390
vn 0.9112 -0.2507 -0.3269
vn 0.9490 -0.2701 -0.1626
vn 0.9964 -0.0539 -0.0661
vn 0.9415 -0.1366 -0.3079
vn 0.9997 0.0235 0.0029
vn 0.9690 -0.0582 -0.2402
vn 0.9842 -0.0332 -0.1740
vn 0.9989 0.0227 0.0419
vn 0.9989 -0.0109 0.0454
vn 0.9899 -0.0206 -0.1399
vn 0.8417 -0.2212 -0.4925
vn 0.8854 -0.0988 -0.4542
vn 0.9919 -0.0133 -0.1267
vn -0.9981 -0.0468 0.0395
vn -0.9978 0.0358 0.0562
vn -0.9980 0.0609 0.0174
vn -0.9996 0.0147 -0.0240
vn -0.9985 -0.0117 0.0527
vn -0.9989 -0.0289 -0.0361
vn -0.9982 -0.0003 0.0596
vn -0.9951 0.0001 0.0986
vn -0.9977 -0.0340 0.0584
vn -0.9984 0.0563 -0.0097
vn -0.9929 0.1032 -0.0590
vn -0.9978 0.0215 -0.0632
vn -0.9974 -0.0176 -0.0702
vn -0.9986 -0.0484 -0.0225
vn -0.9955 0.0396 0.0864
vn -0.9962 -0.0269 0.0828
vn -0.9943 0.0009 0.1063
vn -0.9969 -0.0039 0.0786
vn -0.9941 0.0179 0.1071
vn -0.9934 -0.0072 0.1148
vn -0.9426 -0.0183 0.3334
vn -0.9446 0.0344 0.3263
vn -0.9990 0.0415 -0.0174
vn -0.9942 -0.0529 -0.0932
vn -0.9968 0.0203 -0.0768
vn -0.9985 0.0433 -0.0337
vn -0.9956 0.0933 0.0016
vn -0.9998 -0.0076 -0.0171
vn -0.9956 -0.0014 0.0941
vn -0.9925 0.1180 0.0327
vn -0.9997 -0.0211 -0.0082
vn -0.9995 -0.0211 0.0218
vn -0.9831 0.1792 0.0381
vn -0.9962 0.0627 0.0609
vn -0.9969 -0.0239 0.0743
vn -0.9828 0.1714 0.0691
vn -0.7986 0.5855 0.1395
vn -0.7548 0.6090 0.2437
vn -0.9295 0.0959 0.3561
vn -0.8278 0.3846 0.4085
vn -0.9950 0.0696 0.0713
vn -0.9814 0.1489 0.1211
vn -0.7438 0.5600 0.3649
vn -0.9954 0.0948 0.0156
vn -0.9988 0.0488 -0.0020
vn -0.9973 0.0696 0.0235
vn -0.9967 0.0750 0.0317
vn -0.9991 0.0428 0.0006
vn -0.9984 -0.0550 0.0117
vn -0.9994 -0.0330 -0.0044
vn -0.9989 -0.0426 0.0206
vn -0.9986 0.0456 -0.0262
vn -0.9982 0.0594 0.0013
vn -0.9997 -0.0210 -0.0118
vn -0.9966 0.0428 -0.0699
vn -0.9968 0.0329 -0.0722
vn -0.9979 -0.0051 -0.0647
vn -0.9626 0.0538 -0.2656
vn -0.9626 0.0568 -0.2649
vn -0.9958 0.0581 -0.0715
vn -0.9610 0.0561 -0.2707
vn -0.8251 0.0578 -0.5620
vn -0.8067 0.1020 -0.5820
vn -0.8202 0.0838 -0.5660
vn -0.9999 0.0121 0.0042
vn -0.9995 -0.0327 0.0013
vn -0.9996 0.0204 0.0184
vn -0.9990 0.0108 0.0427
vn -0.9996 0.0196 -0.0209
vn -0.9990 0.0079 0.0451
vn -0.9994 -0.0331 -0.0103
vn -0.9992 -0.0200 0.0356
vn -0.9995 -0.0046 -0.0298
vn -0.9915 0.1296 -0.0068
vn -0.9793 0.1999 -0.0333
vn -0.9985 0.0372 0.0413
vn -0.9965 -0.0429 -0.0718
vn -0.9983 -0.0136 -0.0568
vn -0.9993 -0.0225 -0.0308
vn -0.9958 0.0240 -0.0887
vn -0.9929 0.1183 -0.0127
vn -0.8053 0.5929 0.0072
vn -0.7464 0.6421 -0.1752
vn -0.9539 0.2599 -0.1500
vn -0.9034 0.1008 -0.4167
vn -0.9370 0.0652 -0.3431
vn -0.8542 0.2453 -0.4584
vn -0.4497 0.8931 -0.0125
vn -0.7782 0.6224 -0.0833
vn -0.7113 0.6261 -0.3196
vn -0.3861 0.8064 -0.4480
vn -0.4036 0.8709 -0.2803
vn -0.5373 0.4597 -0.7071
vn -0.6429 0.2981 -0.7055
vn -0.4317 0.6616 -0.6131
vn -0.6126 0.1032 -0.7836
vn -0.6172 0.0593 -0.7846
vn -0.5901 0.1581 -0.7917
vn -0.5489 0.2206 -0.8063
vn -0.7735 0.1348 -0.6193
vn -0.3248 0.5791 -0.7478
vn -0.4168 0.4239 -0.8041
vn -0.2514 0.7267 -0.6393
vn -0.6642 0.0440 0.7462
vn -0.8654 0.0375 0.4996
vn -0.6626 0.0428 0.7477
vn -0.6692 0.0508 0.7413
vn -0.8486 0.0751 0.5236
vn -0.8502 0.1807 0.4944
vn -0.8492 0.1142 0.5156
vn -0.9660 0.0645 0.2505
vn -0.8559 0.0519 0.5146
vn -0.9614 0.0758 0.2644
vn -0.9427 0.1652 0.2899
vn -0.3515 0.0221 0.9359
vn -0.3673 -0.0093 0.9301
vn -0.3611 0.0108 0.9324
vn -0.6794 0.0866 0.7286
vn -0.3303 0.0072 0.9438
vn -0.0940 0.0455 0.9945
vn -0.1605 -0.0464 0.9859
vn -0.0711 -0.0361 0.9968
vn -0.8423 0.2732 0.4646
vn -0.8138 0.3963 0.4250
vn -0.6899 0.1516 0.7079
vn -0.6868 0.2535 0.6812
vn -0.6492 0.4242 0.6313
vn -0.9257 0.2624 0.2724
vn -0.8988 0.3671 0.2396
vn -0.8408 0.4991 0.2094
vn -0.7232 0.6623 0.1955
vn -0.3438 0.0006 0.9390
vn -0.3545 0.0763 0.9319
vn -0.4781 0.6056 0.6361
vn -0.7142 0.5799 0.3919
vn -0.5850 0.7853 0.2026
vn -0.7055 0.7079 0.0343
vn -0.5753 0.8161 0.0547
vn -0.2991 0.3472 0.8888
vn -0.3597 0.1918 0.9131
vn -0.0495 0.2012 0.9783
vn -0.4556 0.8583 0.2361
vn -0.4431 0.8920 0.0891
vn -0.0226 0.0990 0.9948
vn -0.1745 0.4254 0.8880
vn -0.2950 0.7801 0.5517
vn -0.4298 0.7824 0.4508
vn -0.9915 -0.0156 0.1291
vn -0.9885 0.0941 0.1181
vn -0.9930 0.0733 0.0928
vn -0.9779 0.1815 0.1041
vn -0.9923 0.0819 -0.0933
vn -0.9999 -0.0116 -0.0052
vn -0.9924 0.1225 -0.0151
vn -0.9952 0.0828 -0.0518
vn -0.9966 0.0804 -0.0199
vn -0.9990 0.0417 -0.0140
vn -0.9998 0.0004 -0.0174
vn -0.9886 0.1358 -0.0657
vn -0.9684 0.2360 -0.0813
vn -0.9048 0.4078 -0.1229
vn -0.9425 0.3039 -0.1390
vn -0.9404 0.3217 0.1104
vn -0.8959 0.4367 0.0816
vn -0.8199 0.5706 0.0465
vn -0.8385 0.5281 -0.1344
vn -0.9301 0.3668 -0.0179
vn -0.8681 0.4944 -0.0442
vn -0.7533 0.6450 -0.1282
vn -0.7820 0.6198 -0.0657
vn -0.6496 0.7506 -0.1208
vn -0.6788 0.7313 -0.0668
vn -0.8116 0.5533 -0.1875
vn -0.8810 0.4413 -0.1707
vn -0.7237 0.6623 -0.1940
vn -0.6209 0.7635 -0.1775
vn -0.5555 0.8303 -0.0446
vn -0.5131 0.8465 -0.1422
vn -0.5014 0.8474 -0.1747
vn -0.5295 0.8418 -0.1052
vn -0.4000 0.9108 -0.1026
vn -0.9650 0.1362 -0.2242
vn -0.9922 0.0821 -0.0938
vn -0.9335 0.2600 -0.2469
vn -0.9626 0.2177 -0.1614
vn -0.9391 0.1576 -0.3054
vn -0.9362 0.0448 -0.3486
vn -0.9150 0.1633 -0.3690
vn -0.9237 0.1640 -0.3462
vn -0.8965 0.2799 -0.3435
vn -0.8553 0.3920 -0.3388
vn -0.8860 0.2869 -0.3643
vn -0.8457 0.3964 -0.3572
vn -0.7942 0.5045 -0.3386
vn -0.8321 0.4860 -0.2673
vn -0.8558 0.4679 -0.2209
vn -0.7670 0.5878 -0.2572
vn -0.7848 0.5774 -0.2254
vn -0.6840 0.6897 -0.2375
vn -0.7011 0.6782 -0.2202
vn -0.6046 0.7699 -0.2043
vn -0.5872 0.7796 -0.2177
vn -0.7465 0.6001 -0.2874
vn -0.8172 0.4989 -0.2885
vn -0.6623 0.6963 -0.2767
vn -0.7999 0.5051 -0.3240
vn -0.7275 0.6129 -0.3083
vn -0.7310 0.6124 -0.3011
vn -0.6513 0.7061 -0.2779
vn -0.6564 0.7018 -0.2768
vn -0.5681 0.7853 -0.2460
vn -0.9426 -0.0517 0.3299
vn -0.8051 -0.0653 0.5896
vn -0.9508 0.0317 0.3081
vn -0.8061 0.0632 0.5883
vn -0.8123 0.0339 0.5823
vn -0.6490 0.0580 0.7586
vn -0.6389 -0.0767 0.7655
vn -0.4930 0.0938 0.8650
vn -0.6189 0.1276 0.7750
vn -0.4656 0.1891 0.8646
vn -0.5745 0.2078 0.7917
vn -0.4988 -0.0774 0.8632
vn -0.3877 -0.0703 0.9191
vn -0.3428 0.2256 0.9119
vn -0.4217 0.2750 0.8640
vn -0.3150 0.3296 0.8900
vn -0.2794 -0.0589 0.9584
vn -0.3569 0.1253 0.9257
vn -0.2514 0.2500 0.9350
vn -0.2292 0.3696 0.9005
vn -0.9412 0.0384 0.3357
vn -0.6208 0.2874 0.7294
vn -0.8997 0.2165 0.3790
vn -0.4495 0.6293 0.6339
vn -0.7093 0.1783 0.6820
vn -0.5132 0.3027 0.8031
vn -0.4239 0.4304 0.7969
vn -0.5231 0.4526 0.7222
vn -0.2851 0.7022 0.6524
vn -0.2664 0.8044 0.5311
vn -0.3675 0.3861 0.8461
vn -0.3045 0.5152 0.8012
vn -0.3333 0.5732 0.7486
vn -0.2141 0.7331 0.6456
vn -0.1882 0.8291 0.5264
vn -0.1314 0.8496 0.5109
vn -0.1672 0.9054 0.3902
vn -0.2300 0.5563 0.7985
vn -0.2495 0.6292 0.7361
vn -0.1991 0.6632 0.7215
vn -0.1128 0.9185 0.3789
vn -0.0770 0.9262 0.3692
vn -0.0999 0.9658 0.2392
vn -0.0770 0.9703 0.2292
vn -0.2671 0.4431 0.8558
vn -0.1717 0.5824 0.7946
vn -0.1444 0.6905 0.7088
vn -0.0867 0.8644 0.4952
vn -0.0744 0.9316 0.3559
vn -0.0582 0.9749 0.2150
vn -0.4642 0.8789 0.1099
vn -0.4555 0.8594 0.2321
vn -0.2451 0.9628 0.1140
vn -0.4257 0.8942 -0.1387
vn -0.2347 0.9576 -0.1672
vn -0.2451 0.9343 0.2588
vn -0.1502 0.9555 0.2538
vn -0.2428 0.9696 -0.0304
vn -0.1350 0.9901 -0.0377
vn -0.1265 0.9731 -0.1926
vn -0.2195 0.9186 -0.3286
vn -0.1381 0.9844 0.1088
vn -0.0790 0.9956 -0.0508
vn -0.0701 0.9746 -0.2127
vn -0.1186 0.9280 -0.3532
vn -0.1362 0.8567 -0.4975
vn -0.0899 0.8635 -0.4962
vn -0.0898 0.9912 0.0975
vn -0.0716 0.9940 0.0824
vn -0.0772 0.9311 -0.3565
vn -0.0508 0.9327 -0.3572
vn -0.0525 0.8625 -0.5033
vn -0.0474 0.9739 -0.2220
vn -0.0550 0.9719 -0.2289
vn -0.0430 0.9268 -0.3730
vn -0.0447 0.9968 0.0658
vn -0.3625 0.0384 -0.9312
vn -0.3897 0.0949 -0.9160
vn -0.4021 0.1828 -0.8972
vn -0.3772 0.2755 -0.8842
vn -0.0616 -0.0115 -0.9980
vn -0.1167 0.0453 -0.9921
vn -0.1742 0.1456 -0.9739
vn -0.2097 0.2925 -0.9330
vn -0.0357 -0.0074 -0.9993
vn 0.0038 -0.0569 -0.9984
vn -0.0610 0.1021 -0.9929
vn -0.0730 0.0395 -0.9965
vn -0.1741 -0.0361 -0.9841
vn -0.0031 0.0905 -0.9959
vn -0.2432 0.4975 -0.8327
vn -0.1969 0.6274 -0.7534
vn -0.1668 0.7549 -0.6343
vn -0.1612 0.5328 -0.8307
vn -0.1239 0.6475 -0.7520
vn -0.0989 0.7660 -0.6351
vn -0.0884 0.6679 -0.7390
vn -0.1183 0.5493 -0.8272
vn -0.0606 0.7704 -0.6347
vn -0.0583 0.6773 -0.7334
vn -0.0672 0.5546 -0.8294
vn -0.0460 0.7753 -0.6299
vn -0.0105 0.1890 0.9819
vn 0.0017 0.0602 0.9982
vn -0.3181 0.9011 0.2946
vn -0.1961 0.9085 0.3692
vn -0.1880 0.9624 0.1960
vn -0.3115 0.9405 0.1358
vn -0.0756 0.2642 0.9615
vn -0.0952 0.1555 0.9832
vn -0.0674 0.9628 0.2618
vn -0.1737 0.9800 0.0973
vn -0.0880 0.6473 0.7571
vn -0.0689 0.1032 0.9923
vn -0.0128 0.5546 0.8320
vn -0.0796 0.8845 0.4597
vn 0.0275 0.8361 0.5479
vn 0.0670 0.9376 0.3412
vn 0.0333 0.0658 0.9973
vn 0.0931 0.9723 0.2142
vn 0.2114 0.9284 0.3056
vn -0.4251 0.9051 -0.0074
vn -0.3037 0.9518 0.0419
vn -0.2908 0.9564 -0.0264
vn -0.1476 0.9889 -0.0183
vn -0.2743 0.9595 -0.0641
vn -0.3673 0.9158 -0.1627
vn -0.3826 0.9142 -0.1334
vn -0.2579 0.9602 -0.1069
vn -0.0188 0.9987 0.0476
vn -0.1422 0.9891 -0.0377
vn -0.0417 0.9879 0.1494
vn -0.0241 0.9954 0.0929
vn -0.0188 0.9996 0.0217
vn 0.1030 0.9874 0.1204
vn -0.1331 0.9892 -0.0611
vn -0.0151 0.9998 0.0102
vn -0.0181 0.9998 0.0020
vn 0.1004 0.9824 0.1576
vn 0.2183 0.9488 0.2285
vn 0.0993 0.9926 0.0701
vn -0.8449 0.3980 -0.3574
vn -0.4818 0.8538 -0.1972
vn -0.4693 0.8597 -0.2017
vn -0.5710 0.7838 -0.2442
vn -0.4673 0.8600 -0.2048
vn -0.5613 0.7897 -0.2477
vn -0.7893 0.5089 -0.3435
vn -0.7202 0.6122 -0.3264
vn -0.6438 0.7059 -0.2953
vn -0.3681 0.9161 -0.1589
vn -0.4630 0.8607 -0.2116
vn -0.4617 0.8614 -0.2118
vn -0.3649 0.9164 -0.1647
vn -0.1398 0.9891 -0.0454
vn -0.2584 0.9593 -0.1140
vn -0.2496 0.9609 -0.1194
vn -0.1372 0.9884 -0.0646
vn -0.2538 0.9613 -0.1070
vn -0.2546 0.9606 -0.1114
vn -0.2533 0.9597 -0.1219
vn -0.3607 0.9169 -0.1708
vn -0.0266 0.9996 -0.0018
vn -0.1374 0.9890 -0.0552
vn -0.1411 0.9882 -0.0598
vn -0.9026 0.1615 -0.3990
vn -0.9125 0.0385 -0.4072
vn -0.8343 0.3969 -0.3827
vn -0.8980 0.1547 -0.4120
vn -0.9067 0.0320 -0.4205
vn -0.9021 0.1593 -0.4011
vn -0.8766 0.2758 -0.3945
vn -0.8729 0.2781 -0.4008
vn -0.7811 0.5087 -0.3620
vn -0.8336 0.3963 -0.3849
vn -0.8969 0.1503 -0.4159
vn -0.8946 0.1509 -0.4206
vn -0.7820 0.5044 -0.3661
vn -0.8290 0.3917 -0.3992
vn -0.8346 0.3946 -0.3844
vn -0.7788 0.5104 -0.3647
vn -0.7859 0.4985 -0.3658
vn -0.8368 0.3893 -0.3851
vn -0.7810 0.5113 -0.3586
vn -0.6432 0.7070 -0.2940
vn -0.7197 0.6125 -0.3268
vn -0.7160 0.6119 -0.3359
vn -0.5548 0.7913 -0.2569
vn -0.6390 0.7075 -0.3020
vn -0.5580 0.7886 -0.2585
vn -0.4659 0.8596 -0.2099
vn -0.7229 0.6089 -0.3266
vn -0.7151 0.6110 -0.3396
vn -0.7178 0.6070 -0.3410
vn -0.4648 0.8579 -0.2190
vn -0.3596 0.9178 -0.1683
vn -0.3634 0.9153 -0.1737
vn -0.4638 0.8563 -0.2273
vn -0.4684 0.8565 -0.2167
vn -0.2544 0.9600 -0.1169
vn -0.2539 0.9604 -0.1150
vn -0.2580 0.9590 -0.1174
vn -0.9069 0.0285 -0.4203
vn -0.8988 0.1475 -0.4127
vn -0.8971 0.1502 -0.4155
vn -0.8734 0.2713 -0.4045
vn -0.9110 0.0189 -0.4120
vn -0.9012 0.1427 -0.4093
vn -0.8774 0.2655 -0.3997
vn -0.8405 0.3859 -0.3802
vn -0.8768 0.2637 -0.4020
vn -0.8380 0.3822 -0.3895
vn -0.7902 0.4966 -0.3592
vn -0.9067 0.1389 -0.3982
vn -0.7929 0.4885 -0.3643
vn -0.8417 0.3809 -0.3827
vn -0.9045 0.1345 -0.4047
vn -0.8800 0.2676 -0.3924
vn -0.8837 0.2626 -0.3874
vn -0.8501 0.3797 -0.3649
vn -0.7862 0.5025 -0.3597
vn -0.7299 0.6030 -0.3220
vn -0.7220 0.6058 -0.3344
vn -0.6484 0.6998 -0.2997
vn -0.5630 0.7844 -0.2601
vn -0.6512 0.7005 -0.2921
vn -0.4670 0.8572 -0.2172
vn -0.4735 0.8548 -0.2122
vn -0.5665 0.7822 -0.2593
vn -0.7277 0.5983 -0.3352
vn -0.7974 0.4920 -0.3493
vn -0.5698 0.7800 -0.2585
vn -0.5726 0.7812 -0.2489
vn -0.4773 0.8528 -0.2119
vn -0.7330 0.5953 -0.3291
vn -0.6597 0.6904 -0.2969
vn -0.7415 0.5938 -0.3124
vn -0.6639 0.6910 -0.2860
vn -0.2683 0.1511 0.9514
vn -0.2014 0.1721 0.9643
vn -0.1806 0.2829 0.9420
vn -0.1892 -0.0453 0.9809
vn -0.1280 0.1899 0.9734
vn -0.1232 0.3099 0.9428
vn -0.1577 0.3944 0.9053
vn -0.1285 -0.0325 0.9912
vn -0.0795 -0.0202 0.9966
vn -0.0759 0.3153 0.9459
vn -0.1137 0.4121 0.9040
vn -0.0882 0.4256 0.9006
vn -0.0745 -0.1264 0.9892
vn -0.0237 -0.0059 0.9997
vn -0.0636 0.2034 0.9770
vn -0.0334 0.3158 0.9482
vn -0.0440 0.4337 0.9000
vn -0.0273 0.2132 0.9766
vn 0.0095 0.2215 0.9751
vn 0.0077 0.3284 0.9445
vn -0.2016 0.4814 0.8530
vn -0.1485 0.5023 0.8518
vn -0.1331 0.6076 0.7830
vn -0.1076 0.7119 0.6940
vn -0.1138 0.7863 0.6073
vn -0.0841 0.8725 0.4813
vn -0.0852 0.8802 0.4669
vn -0.0698 0.9397 0.3347
vn -0.0953 0.6266 0.7735
vn -0.0907 0.8025 0.5896
vn -0.0907 0.8086 0.5813
vn -0.0553 0.9793 0.1945
vn -0.0658 0.9811 0.1817
vn -0.0902 0.7254 0.6824
vn -0.0788 0.7296 0.6793
vn -0.0810 0.8162 0.5721
vn -0.0620 0.9461 0.3180
vn -0.0735 0.9833 0.1667
vn -0.0726 0.6374 0.7671
vn -0.0681 0.6437 0.7622
vn -0.0704 0.7363 0.6730
vn -0.0811 0.9491 0.3044
vn -0.0966 0.9521 0.2900
vn -0.0585 0.6467 0.7605
vn -0.0724 0.7455 0.6626
vn -0.0698 0.8249 0.5610
vn -0.0986 0.9843 0.1467
vn -0.1181 0.9848 0.1273
vn -0.0440 0.9699 -0.2394
vn -0.0434 0.9198 -0.3901
vn -0.0340 0.8596 -0.5097
vn -0.0496 0.9974 0.0518
vn -0.0651 0.9972 0.0367
vn -0.0441 0.9185 -0.3930
vn -0.0447 0.8573 -0.5129
vn -0.0484 0.8521 -0.5212
vn -0.0529 0.9926 -0.1089
vn -0.0681 0.9894 -0.1282
vn -0.0404 0.9662 -0.2545
vn -0.0510 0.9142 -0.4020
vn -0.0385 0.8434 -0.5359
vn -0.0632 0.9602 -0.2721
vn -0.0734 0.9542 -0.2899
vn -0.0615 0.9034 -0.4243
vn -0.0820 0.9858 -0.1467
vn -0.0897 0.9811 -0.1712
vn -0.0746 0.8928 -0.4442
vn -0.0486 0.8325 -0.5519
vn -0.2019 0.0228 -0.9791
vn -0.0843 0.1692 -0.9820
vn 0.0014 0.0930 -0.9957
vn -0.0366 0.0345 -0.9987
vn -0.0984 0.1687 -0.9807
vn -0.1691 0.0981 -0.9807
vn 0.0047 0.0958 -0.9954
vn 0.0031 0.0468 -0.9989
vn -0.0190 0.0869 -0.9960
vn 0.0583 0.1443 -0.9878
vn -0.0202 0.0543 -0.9983
vn 0.1544 0.0885 -0.9840
vn 0.0049 0.0354 -0.9994
vn -0.0129 0.1933 -0.9810
vn 0.0083 0.1459 -0.9893
vn -0.0291 0.5523 -0.8332
vn -0.0349 0.6689 -0.7425
vn -0.0444 0.7752 -0.6302
vn -0.0274 0.5458 -0.8375
vn -0.0285 0.6579 -0.7526
vn -0.0365 0.7646 -0.6434
vn -0.0300 0.6529 -0.7568
vn -0.0246 0.5315 -0.8467
vn -0.0305 0.7537 -0.6565
vn -0.0345 0.6429 -0.7652
vn -0.0174 0.5117 -0.8590
vn -0.0434 0.7464 -0.6641
vn 0.0025 0.3021 -0.9533
vn 0.0207 0.3532 -0.9353
vn -0.0231 0.4933 -0.8696
vn -0.0396 0.6240 -0.7804
vn -0.0581 0.7346 -0.6760
vn 0.1828 -0.0659 0.9809
vn 0.1038 0.0036 0.9946
vn 0.1561 0.0012 0.9877
vn 0.1293 0.1299 0.9831
vn 0.0409 0.0888 0.9952
vn -0.0046 0.1905 0.9817
vn -0.0132 -0.0484 0.9987
vn -0.0723 -0.0187 0.9972
vn 0.0571 -0.0371 0.9977
vn 0.1152 0.0048 0.9933
vn 0.0677 0.0377 0.9970
vn 0.1312 0.0228 0.9911
vn 0.1581 0.0364 0.9867
vn 0.1365 0.0093 0.9906
vn 0.2032 0.0458 0.9781
vn 0.4788 0.1845 0.8583
vn 0.2597 0.0985 0.9606
vn 0.4359 0.1135 0.8928
vn 0.5188 0.2764 0.8090
vn 0.3312 0.1638 0.9293
vn 0.5655 -0.0020 0.8248
vn 0.4091 0.0002 0.9125
vn 0.5738 0.0807 0.8150
vn 0.4102 0.0643 0.9097
vn 0.5837 0.1605 0.7959
vn 0.5979 0.2472 0.7625
vn 0.6088 0.3462 0.7138
vn -0.0090 -0.0045 0.9999
vn 0.0282 -0.0101 0.9996
vn -0.0237 -0.0042 0.9997
vn -0.0121 0.0210 0.9997
vn -0.0058 0.0855 0.9963
vn 0.2151 0.6488 0.7299
vn 0.2125 0.4299 0.8775
vn 0.2866 0.7907 0.5409
vn 0.4047 0.7541 0.5173
vn 0.4154 0.8108 0.4124
vn 0.3191 0.8534 0.4121
vn 0.4055 0.2661 0.8745
vn 0.5425 0.3857 0.7462
vn 0.4589 0.4004 0.7931
vn 0.5399 0.5060 0.6726
vn 0.4750 0.5270 0.7047
vn 0.5208 0.6130 0.5941
vn 0.4570 0.6422 0.6155
vn 0.5920 0.5676 0.5721
vn 0.5519 0.6660 0.5019
vn 0.4944 0.7562 0.4287
vn 0.4820 0.7140 0.5078
vn 0.6715 0.1882 0.7167
vn 0.6707 0.0946 0.7357
vn 0.7313 0.0126 0.6819
vn 0.6647 0.0079 0.7470
vn 0.7324 0.1094 0.6720
vn 0.7319 0.2100 0.6482
vn 0.7194 0.3202 0.6164
vn 0.6717 0.2913 0.6812
vn 0.6989 0.4229 0.5768
vn 0.6675 0.3928 0.6325
vn 0.7774 0.0103 0.6289
vn 0.7735 0.1235 0.6216
vn 0.7479 0.3348 0.5732
vn 0.7171 0.4437 0.5375
vn 0.3212 0.9077 0.2701
vn 0.2179 0.9567 0.1929
vn 0.1033 0.9907 0.0890
vn 0.2119 0.9636 0.1629
vn 0.0903 0.9935 0.0687
vn 0.2043 0.9702 0.1299
vn 0.2066 0.9687 0.1374
vn 0.3135 0.9259 0.2106
vn 0.4152 0.8403 0.3486
vn 0.4156 0.8549 0.3106
vn 0.4131 0.8733 0.2585
vn 0.3102 0.9316 0.1897
vn 0.6446 0.5010 0.5775
vn 0.6671 0.5261 0.5275
vn 0.6067 0.6049 0.5158
vn 0.6186 0.6295 0.4701
vn 0.5619 0.7193 0.4085
vn 0.4962 0.7951 0.3487
vn 0.4948 0.7821 0.3789
vn 0.5003 0.8029 0.3240
vn 0.4993 0.8121 0.3022
vn 0.4112 0.8789 0.2417
vn 0.0908 0.9942 0.0583
vn -0.0241 0.9997 -0.0087
vn -0.0281 0.9996 0.0006
vn -0.0312 0.9995 -0.0002
vn 0.0868 0.9949 0.0515
vn 0.1972 0.9731 0.1189
vn 0.1972 0.9740 0.1119
vn 0.0789 0.9954 0.0545
vn 0.0821 0.9952 0.0528
vn 0.1935 0.9750 0.1095
vn 0.0815 0.9951 0.0560
vn 0.3084 0.9339 0.1808
vn 0.3096 0.9341 0.1781
vn 0.3072 0.9357 0.1734
vn 0.2987 0.9389 0.1713
vn 0.4067 0.8835 0.2324
vn 0.3992 0.8886 0.2260
vn 0.1952 0.9755 0.1019
vn 0.1920 0.9755 0.1075
vn 0.2968 0.9424 0.1541
vn -0.1463 0.9869 -0.0673
vn -0.1474 0.9868 -0.0677
vn -0.3672 0.9140 -0.1726
vn -0.3656 0.9138 -0.1768
vn -0.2674 0.9555 -0.1243
vn -0.1509 0.9864 -0.0645
vn -0.0375 0.9992 -0.0110
vn -0.0345 0.9992 -0.0201
vn -0.1489 0.9864 -0.0699
vn 0.0795 0.9961 0.0384
vn -0.0354 0.9993 -0.0151
vn 0.0751 0.9966 0.0334
vn -0.0380 0.9992 -0.0117
vn -0.1572 0.9851 -0.0692
vn -0.0428 0.9989 -0.0182
vn 0.0829 0.9954 0.0471
vn 0.1900 0.9766 0.1011
vn 0.1866 0.9784 0.0888
vn 0.0736 0.9966 0.0377
vn -0.3767 0.9107 -0.1694
vn -0.4789 0.8510 -0.2156
vn -0.5772 0.7768 -0.2518
vn -0.4879 0.8473 -0.2098
vn -0.3879 0.9059 -0.1698
vn -0.1591 0.9844 -0.0748
vn -0.2700 0.9554 -0.1192
vn -0.3858 0.9074 -0.1665
vn -0.2763 0.9540 -0.1166
vn -0.2714 0.9551 -0.1184
vn -0.1594 0.9847 -0.0711
vn -0.2752 0.9532 -0.1255
vn -0.3897 0.9056 -0.1674
vn -0.1603 0.9845 -0.0710
vn -0.1558 0.9853 -0.0705
vn -0.0501 0.9985 -0.0203
vn -0.0526 0.9984 -0.0211
vn -0.1698 0.9829 -0.0716
vn -0.9073 0.1284 -0.4004
vn -0.9128 0.1270 -0.3882
vn -0.8043 0.4812 -0.3486
vn -0.8510 0.3681 -0.3745
vn -0.8499 0.3753 -0.3699
vn -0.8014 0.4901 -0.3428
vn -0.8563 0.3656 -0.3648
vn -0.8918 0.2481 -0.3783
vn -0.8869 0.2507 -0.3881
vn -0.8027 0.4799 -0.3540
vn -0.9189 -0.0068 -0.3944
vn -0.9133 0.1166 -0.3902
vn -0.8926 0.2418 -0.3805
vn -0.9144 0.1162 -0.3878
vn -0.8917 0.2370 -0.3857
vn -0.8620 0.3520 -0.3647
vn -0.8573 0.3631 -0.3649
vn -0.8163 0.4696 -0.3363
vn -0.8103 0.4781 -0.3388
vn -0.7512 0.5824 -0.3107
vn -0.8613 0.3493 -0.3690
vn -0.8978 0.2307 -0.3751
vn -0.8109 0.4625 -0.3585
vn -0.7393 0.5919 -0.3212
vn -0.7394 0.5872 -0.3294
vn -0.5887 0.7683 -0.2513
vn -0.5837 0.7723 -0.2507
vn -0.4982 0.8416 -0.2088
vn -0.6802 0.6773 -0.2805
vn -0.7543 0.5792 -0.3093
vn -0.5956 0.7650 -0.2452
vn -0.6819 0.6743 -0.2834
vn -0.3958 0.9037 -0.1634
vn -0.3952 0.9017 -0.1752
vn -0.4993 0.8400 -0.2122
vn -0.5020 0.8388 -0.2109
vn -0.4050 0.8993 -0.1648
vn -0.5122 0.8345 -0.2033
vn -0.2817 0.9519 -0.1209
vn -0.2828 0.9514 -0.1219
vn -0.2861 0.9499 -0.1258
vn -0.2996 0.9469 -0.1168
vn -0.1738 0.9816 -0.0797
vn -0.4102 0.8972 -0.1636
vn -0.3024 0.9450 -0.1247
vn -0.4133 0.8959 -0.1629
vn -0.8942 0.2239 -0.3877
vn -0.8611 0.3488 -0.3698
vn -0.8634 0.3351 -0.3772
vn -0.8906 0.2156 -0.4004
vn -0.8213 0.4519 -0.3482
vn -0.8179 0.4587 -0.3473
vn -0.7608 0.5607 -0.3268
vn -0.8898 0.2065 -0.4069
vn -0.9055 0.0923 -0.4141
vn -0.9078 0.0952 -0.4085
vn -0.8191 0.4391 -0.3691
vn -0.8816 0.2038 -0.4257
vn -0.8998 0.0870 -0.4276
vn -0.8535 0.3152 -0.4150
vn -0.8603 0.3240 -0.3935
vn -0.6089 0.7521 -0.2521
vn -0.6884 0.6625 -0.2954
vn -0.6852 0.6712 -0.2829
vn -0.7644 0.5588 -0.3216
vn -0.6172 0.7438 -0.2565
vn -0.6961 0.6554 -0.2930
vn -0.5274 0.8232 -0.2102
vn -0.7069 0.6475 -0.2846
vn -0.7150 0.6322 -0.2985
vn -0.7751 0.5290 -0.3455
vn -0.7694 0.5473 -0.3293
vn -0.6391 0.7281 -0.2476
vn -0.6287 0.7382 -0.2446
vn -0.5180 0.8299 -0.2071
vn -0.4256 0.8912 -0.1568
vn -0.5392 0.8163 -0.2073
vn -0.7220 0.6149 -0.3172
vn -0.7790 0.5148 -0.3579
vn -0.6534 0.7107 -0.2609
vn -0.8784 0.0766 -0.4718
vn -0.8347 -0.0352 -0.5496
vn -0.8289 0.0644 -0.5557
vn -0.8333 0.1582 -0.5297
vn -0.8708 0.1932 -0.4521
vn -0.8366 0.2649 -0.4796
vn -0.8556 0.3002 -0.4217
vn -0.8257 0.4067 -0.3908
vn -0.8192 0.3846 -0.4254
vn 0.0859 0.2218 0.9713
vn 0.0545 0.3351 0.9406
vn 0.0008 0.4372 0.8994
vn 0.0396 0.0054 0.9992
vn 0.0430 -0.1060 0.9934
vn 0.1341 0.0149 0.9909
vn 0.1519 0.3069 0.9396
vn 0.0249 0.4344 0.9004
vn 0.0732 0.4149 0.9069
vn 0.1430 -0.0903 0.9856
vn 0.1631 0.0333 0.9861
vn 0.1178 0.1138 0.9865
vn 0.1701 0.1469 0.9744
vn 0.1802 0.2312 0.9561
vn 0.2683 0.2790 0.9220
vn 0.1883 0.3435 0.9201
vn 0.1793 -0.0797 0.9806
vn 0.2639 -0.0838 0.9609
vn 0.2619 0.0280 0.9647
vn -0.1098 0.9024 0.4166
vn -0.1356 0.9067 0.3994
vn -0.1165 0.9538 0.2769
vn -0.1313 0.9576 0.2565
vn -0.0410 0.6471 0.7613
vn -0.1245 0.9866 0.1055
vn -0.1596 0.9605 0.2280
vn -0.0730 0.7478 0.6599
vn -0.0855 0.7417 0.6653
vn -0.1560 0.9112 0.3814
vn -0.1851 0.9626 0.1978
vn -0.0368 0.6414 0.7663
vn -0.1206 0.7382 0.6637
vn -0.1935 0.9137 0.3574
vn -0.2279 0.9214 0.3147
vn -0.0625 0.6256 0.7776
vn -0.1187 0.6102 0.7833
vn -0.2677 0.8496 0.4545
vn -0.2511 0.9326 0.2594
vn -0.0794 0.9480 -0.3081
vn -0.1000 0.9381 -0.3317
vn -0.0696 0.8213 -0.5662
vn -0.0615 0.8089 -0.5847
vn -0.1146 0.9740 -0.1954
vn -0.1274 0.9668 -0.2217
vn -0.1041 0.9258 -0.3635
vn -0.0795 0.8801 -0.4681
vn -0.1398 0.9875 -0.0723
vn -0.1238 0.9601 -0.2508
vn -0.1445 0.9845 -0.0993
vn -0.1746 0.9846 0.0110
vn -0.1485 0.9798 -0.1336
vn -0.1261 0.9532 -0.2748
vn -0.1083 0.9147 -0.3893
vn -0.1065 0.9053 -0.4112
vn -0.1748 0.9843 -0.0237
vn -0.1142 0.9474 -0.2989
vn 0.0082 0.0234 -0.9997
vn -0.0683 0.1062 -0.9920
vn -0.1154 0.2146 -0.9699
vn -0.0271 0.0038 -0.9996
vn 0.0201 0.0155 -0.9997
vn -0.0931 0.1878 -0.9778
vn 0.0619 0.0102 -0.9980
vn 0.0069 0.0141 -0.9999
vn 0.1179 0.1571 -0.9805
vn 0.0384 0.1093 -0.9933
vn 0.0898 0.0929 -0.9916
vn 0.0720 0.1836 -0.9804
vn -0.0025 0.1764 -0.9843
vn -0.0150 0.2548 -0.9669
vn -0.0336 0.4777 -0.8779
vn -0.0398 0.6052 -0.7951
vn -0.0494 0.7179 -0.6944
vn -0.0316 0.4641 -0.8852
vn -0.0590 0.2470 -0.9672
vn -0.0368 0.5890 -0.8073
vn -0.0477 0.6973 -0.7152
vn -0.0257 0.4451 -0.8951
vn -0.0021 0.2363 -0.9717
vn -0.0394 0.5702 -0.8205
vn -0.0523 0.6715 -0.7392
vn -0.0722 0.7606 -0.6452
vn -0.0408 0.4313 -0.9013
vn -0.0436 0.5541 -0.8313
vn -0.0532 0.6542 -0.7545
vn 0.8105 0.0136 0.5856
vn 0.8049 0.1262 0.5798
vn 0.7663 0.2283 0.6006
vn 0.7869 0.2403 0.5684
vn 0.7664 0.3507 0.5382
vn 0.7356 0.4585 0.4986
vn 0.8317 0.0186 0.5550
vn 0.8279 0.1299 0.5456
vn 0.8136 0.2481 0.5258
vn 0.7841 0.3634 0.5031
vn 0.7456 0.4696 0.4728
vn 0.6794 0.5485 0.4874
vn 0.6308 0.6451 0.4312
vn 0.6874 0.5645 0.4570
vn 0.8669 0.0235 0.4979
vn 0.8492 0.0196 0.5278
vn 0.8433 0.1408 0.5187
vn 0.8582 0.1443 0.4927
vn 0.8272 0.2548 0.5008
vn 0.8364 0.2590 0.4831
vn 0.8043 0.3710 0.4642
vn 0.7973 0.3674 0.4788
vn 0.7589 0.4833 0.4364
vn 0.7546 0.4781 0.4494
vn 0.8677 0.1452 0.4754
vn 0.8762 0.0266 0.4812
vn 0.8475 0.2611 0.4622
vn 0.8749 0.1482 0.4611
vn 0.8537 0.2653 0.4480
vn 0.8212 0.3816 0.4242
vn 0.8146 0.3750 0.4425
vn 0.7764 0.4892 0.3974
vn 0.7683 0.4872 0.4151
vn 0.7772 0.4908 0.3937
vn 0.8956 0.0286 0.4439
vn 0.8849 0.0268 0.4649
vn 0.8862 0.1497 0.4384
vn 0.8631 0.2692 0.4272
vn 0.8258 0.3832 0.4137
vn 0.3998 0.8870 0.2311
vn 0.4851 0.8274 0.2831
vn 0.6321 0.6702 0.3889
vn 0.6957 0.5735 0.4325
vn 0.6382 0.6727 0.3745
vn 0.4912 0.8281 0.2700
vn 0.4024 0.8901 0.2140
vn 0.7018 0.5805 0.4130
vn 0.7041 0.5871 0.3996
vn 0.5729 0.7581 0.3115
vn 0.7095 0.5906 0.3844
vn 0.7175 0.5901 0.3702
vn 0.6431 0.6815 0.3493
vn 0.6477 0.6831 0.3374
vn 0.5727 0.7626 0.3008
vn 0.4928 0.8309 0.2582
vn 0.4947 0.8278 0.2648
vn 0.4006 0.8922 0.2085
vn 0.4967 0.8316 0.2484
vn 0.6536 0.6846 0.3226
vn 0.8333 0.3825 0.3992
vn 0.7850 0.4915 0.3771
vn 0.8927 0.1489 0.4254
vn 0.9032 0.0317 0.4281
vn 0.8677 0.2708 0.4168
vn 0.9054 0.0339 0.4233
vn 0.8966 0.1508 0.4163
vn 0.8739 0.2733 0.4021
vn 0.8387 0.3868 0.3834
vn 0.7925 0.4909 0.3619
vn 0.9119 0.0363 0.4089
vn 0.8424 0.3875 0.3744
vn 0.7946 0.4941 0.3528
vn 0.8466 0.3894 0.3629
vn 0.9218 0.0390 0.3856
vn 0.9027 0.1592 0.3997
vn 0.9085 0.1594 0.3863
vn 0.8804 0.2747 0.3865
vn 0.8823 0.2755 0.3816
vn 0.9222 0.0410 0.3844
vn 0.9124 0.1582 0.3774
vn 0.8888 0.2778 0.3646
vn 0.8504 0.3930 0.3498
vn 0.1818 0.9796 0.0855
vn 0.1843 0.9794 0.0826
vn 0.0732 0.9966 0.0384
vn 0.3997 0.8938 0.2031
vn 0.2947 0.9432 0.1535
vn 0.2964 0.9439 0.1456
vn 0.4030 0.8944 0.1940
vn 0.2989 0.9444 0.1371
vn 0.3010 0.9447 0.1300
vn 0.1895 0.9786 0.0798
vn 0.4075 0.8945 0.1842
vn 0.7201 0.5929 0.3606
vn 0.6533 0.6875 0.3171
vn 0.5013 0.8323 0.2365
vn 0.7223 0.5961 0.3506
vn 0.7290 0.5962 0.3364
vn 0.6555 0.6916 0.3034
vn 0.4057 0.8962 0.1794
vn 0.4982 0.8381 0.2223
vn 0.6606 0.6918 0.2917
vn 0.5830 0.7697 0.2603
vn 0.5807 0.7682 0.2694
vn 0.7349 0.5970 0.3218
vn 0.7977 0.4996 0.3378
vn 0.5851 0.7705 0.2530
vn 0.6666 0.6890 0.2845
vn 0.4984 0.8401 0.2142
vn -0.0458 0.9985 -0.0283
vn -0.0452 0.9986 -0.0267
vn 0.0662 0.9976 0.0211
vn 0.1842 0.9802 0.0728
vn 0.0626 0.9978 0.0228
vn 0.0632 0.9977 0.0243
vn 0.1783 0.9815 0.0703
vn 0.0649 0.9976 0.0224
vn 0.1889 0.9790 0.0771
vn 0.2957 0.9472 0.1239
vn 0.2942 0.9485 0.1176
vn 0.1767 0.9822 0.0637
vn 0.2995 0.9459 0.1247
vn 0.3004 0.9456 0.1251
vn 0.3999 0.9007 0.1698
vn 0.1772 0.9822 0.0624
vn 0.2924 0.9508 0.1027
vn 0.4991 0.8405 0.2110
vn 0.5056 0.8386 0.2027
vn 0.3995 0.9017 0.1654
vn -0.3067 0.9441 -0.1212
vn -0.1802 0.9806 -0.0775
vn -0.0620 0.9976 -0.0313
vn -0.1818 0.9806 -0.0729
vn -0.0631 0.9975 -0.0332
vn -0.1848 0.9799 -0.0752
vn 0.0562 0.9983 0.0146
vn -0.1951 0.9778 -0.0761
vn -0.0689 0.9973 -0.0265
vn -0.0763 0.9967 -0.0261
vn 0.1794 0.9818 0.0615
vn 0.0549 0.9984 0.0126
vn 0.0550 0.9983 0.0176
vn 0.1794 0.9822 0.0554
vn 0.0481 0.9985 0.0253
vn 0.1707 0.9833 0.0629
vn -0.5660 0.8007 -0.1963
vn -0.4491 0.8799 -0.1552
vn -0.4641 0.8751 -0.1374
vn -0.1994 0.9773 -0.0715
vn -0.3137 0.9433 -0.1086
vn -0.4375 0.8846 -0.1616
vn -0.3365 0.9361 -0.1026
vn -0.4816 0.8684 -0.1180
vn -0.3567 0.9319 -0.0660
vn -0.2044 0.9772 -0.0574
vn -0.0847 0.9963 -0.0157
vn 0.0456 0.9986 0.0250
vn -0.0832 0.9965 -0.0031
vn -0.2199 0.9747 -0.0390
vn -0.0849 0.9964 0.0084
vn -0.0924 0.9955 0.0223
vn -0.2235 0.9744 -0.0222
vn 0.0438 0.9985 0.0326
vn -0.8027 0.1246 -0.5832
vn -0.8157 0.0531 -0.5760
vn -0.7895 0.2131 -0.5755
vn -0.7997 0.3251 -0.5047
vn -0.7934 0.4586 -0.4001
vn -0.7828 0.4971 -0.3743
vn -0.7408 0.0344 -0.6708
vn -0.7889 0.3705 -0.4902
vn -0.7510 0.2402 -0.6151
vn -0.2802 -0.0067 -0.9599
vn -0.2826 -0.0366 -0.9585
vn -0.3562 0.0644 -0.9322
vn -0.7437 0.1414 -0.6534
vn -0.7373 0.1962 -0.6465
vn -0.4786 0.1139 -0.8706
vn -0.8027 0.2105 -0.5579
vn -0.6454 0.1025 -0.7570
vn 0.9463 0.0026 -0.3232
vn 0.9486 -0.0222 -0.3157
vn -0.6195 0.7511 0.2282
vn 0.5622 0.1051 0.8203
vn 0.6161 0.0170 0.7875
vn 0.4427 0.2287 0.8670
vn 0.9570 0.0330 -0.2882
vn -0.7621 0.5676 -0.3115
vn -0.7376 0.5960 -0.3175
vn -0.5889 0.7869 -0.1847
vn -0.7868 0.5190 -0.3341
vn -0.6245 0.7723 -0.1165
vn -0.7315 0.6477 -0.2129
vn -0.6089 0.7764 -0.1626
vn -0.7027 0.6725 -0.2324
vn -0.8521 0.4268 -0.3031
vn -0.4924 0.8642 -0.1033
vn -0.7892 0.4002 0.4658
vn -0.4636 0.6860 0.5607
vn -0.3685 0.7824 0.5021
vn -0.3391 0.6161 0.7109
vn -0.4997 0.8644 -0.0561
vn -0.5228 0.7972 0.3018
vn -0.4581 0.7749 0.4355
vn -0.3617 0.9312 -0.0448
vn -0.3674 0.9300 -0.0126
vn -0.3554 0.9341 0.0343
vn -0.4933 0.8697 0.0163
vn -0.4036 0.9044 0.1386
vn -0.4627 0.8826 0.0838
vn -0.2825 0.9519 0.1184
vn -0.2273 0.9738 0.0048
vn -0.0881 0.9954 0.0380
vn -0.2239 0.9742 0.0281
vn -0.2136 0.9754 0.0550
vn -0.3270 0.9409 0.0878
vn -0.1894 0.9778 0.0901
vn 0.2509 0.1630 0.9542
vn 0.2733 0.2570 0.9270
vn 0.0730 0.4235 0.9030
vn 0.2515 0.2533 0.9341
vn -0.6500 0.5939 0.4741
vn -0.2091 0.9702 0.1223
vn -0.2610 0.9440 0.2021
vn -0.2073 0.9750 0.0798
vn -0.1642 0.9846 -0.0593
vn -0.3046 0.8708 0.3858
vn -0.2591 0.9547 0.1467
vn -0.3941 0.8321 0.3904
vn -0.3253 0.8913 0.3160
vn -0.1951 0.9802 0.0344
vn -0.1664 0.9860 -0.0072
vn -0.1456 0.9852 -0.0904
vn -0.3325 0.9109 0.2443
vn -0.2276 0.9688 0.0983
vn -0.1211 0.9921 -0.0342
vn -0.1122 0.9698 -0.2165
vn -0.0884 0.9680 -0.2348
vn -0.4161 0.8596 0.2966
vn -0.3955 0.8927 0.2160
vn -0.3024 0.9358 0.1812
vn -0.0629 0.7474 -0.6614
vn -0.0807 0.8346 -0.5449
vn -0.0569 0.7413 -0.6687
vn -0.0976 0.9411 -0.3239
vn -0.0835 0.8957 -0.4367
vn -0.0646 0.8257 -0.5603
vn -0.0550 0.8195 -0.5704
vn -0.0348 0.7367 -0.6753
vn -0.1282 0.9727 -0.1934
vn -0.0333 0.8105 -0.5847
vn -0.0850 0.9353 -0.3434
vn -0.0581 0.9315 -0.3591
vn -0.0586 0.8808 -0.4698
vn -0.0327 0.8748 -0.4833
vn -0.0159 0.7295 -0.6838
vn -0.0025 0.7216 -0.6924
vn -0.0164 0.8042 -0.5942
vn 0.0086 0.8012 -0.5984
vn -0.0472 0.9671 -0.2501
vn -0.0134 0.1994 -0.9798
vn -0.0178 0.0346 -0.9992
vn -0.0484 0.1261 -0.9908
vn -0.0001 0.1991 -0.9800
vn 0.0064 0.1059 -0.9944
vn 0.0420 0.0266 -0.9988
vn -0.0020 0.1142 -0.9935
vn 0.0389 0.0921 -0.9950
vn -0.0494 0.1403 -0.9889
vn -0.0572 0.0602 -0.9965
vn -0.0711 0.0442 -0.9965
vn -0.0911 0.1755 -0.9803
vn -0.1285 0.1252 -0.9838
vn -0.0410 0.1655 -0.9854
vn -0.0399 0.4298 -0.9020
vn -0.0371 0.5440 -0.8383
vn -0.0463 0.6424 -0.7650
vn -0.0059 0.4240 -0.9057
vn -0.0260 0.6385 -0.7692
vn -0.0191 0.5339 -0.8453
vn 0.0316 0.3962 -0.9176
vn -0.0054 0.6343 -0.7730
vn 0.0045 0.5231 -0.8523
vn -0.0352 0.0989 -0.9945
vn 0.0206 0.3673 -0.9299
vn 0.0080 0.3709 -0.9286
vn 0.8035 0.5008 0.3217
vn 0.8544 0.3932 0.3397
vn 0.8579 0.3944 0.3294
vn 0.9349 0.0448 0.3522
vn 0.9274 0.0435 0.3716
vn 0.9165 0.1643 0.3647
vn 0.9217 0.1661 0.3505
vn 0.8927 0.2792 0.3537
vn 0.8965 0.2798 0.3435
vn 0.9264 0.1676 0.3372
vn 0.9381 0.0458 0.3435
vn 0.9435 0.0496 0.3277
vn 0.9308 0.1678 0.3247
vn 0.9024 0.2818 0.3259
vn 0.9042 0.2847 0.3183
vn 0.8672 0.3959 0.3021
vn 0.8640 0.3942 0.3133
vn 0.8093 0.5055 0.2992
vn 0.8165 0.5013 0.2864
vn 0.9482 0.0519 0.3134
vn 0.9359 0.1669 0.3102
vn 0.9093 0.2845 0.3036
vn 0.8687 0.3988 0.2940
vn 0.6680 0.6937 0.2694
vn 0.6696 0.6902 0.2743
vn 0.7405 0.6022 0.2983
vn 0.5930 0.7694 0.2374
vn 0.5907 0.7697 0.2421
vn 0.4053 0.9004 0.1579
vn 0.5050 0.8401 0.1981
vn 0.4083 0.8995 0.1553
vn 0.8077 0.5039 0.3062
vn 0.5919 0.7712 0.2344
vn 0.7474 0.6031 0.2788
vn 0.7500 0.6038 0.2699
vn 0.6775 0.6942 0.2431
vn 0.6791 0.6898 0.2511
vn 0.6006 0.7707 0.2129
vn 0.5117 0.8392 0.1843
vn 0.5075 0.8409 0.1880
vn 0.6817 0.6944 0.2303
vn 0.6014 0.7710 0.2095
vn 0.5133 0.8391 0.1801
vn 0.8746 0.3991 0.2752
vn 0.9412 0.1667 0.2937
vn 0.9541 0.0520 0.2948
vn 0.9578 0.0543 0.2821
vn 0.9464 0.1664 0.2769
vn 0.9146 0.2840 0.2878
vn 0.9199 0.2851 0.2692
vn 0.8793 0.4002 0.2581
vn 0.8215 0.5067 0.2616
vn 0.8284 0.5026 0.2474
vn 0.9630 0.0562 0.2637
vn 0.8849 0.3966 0.2442
vn 0.8333 0.4999 0.2359
vn 0.9258 0.2848 0.2484
vn 0.9509 0.1715 0.2576
vn 0.9579 0.1702 0.2311
vn 0.9722 0.0563 0.2271
vn 0.9783 0.0559 0.1998
vn 0.9660 0.1621 0.2015
vn 0.9304 0.2821 0.2339
vn 0.9393 0.2750 0.2050
vn 0.4059 0.9032 0.1398
vn 0.2937 0.9508 0.0986
vn 0.2974 0.9499 0.0965
vn 0.1768 0.9822 0.0639
vn 0.4073 0.9032 0.1351
vn 0.2927 0.9508 0.1017
vn 0.4131 0.9007 0.1344
vn 0.7582 0.6027 0.2487
vn 0.6862 0.6923 0.2232
vn 0.5154 0.8406 0.1668
vn 0.7599 0.6017 0.2459
vn 0.7640 0.6008 0.2352
vn 0.6873 0.6937 0.2154
vn 0.4135 0.9008 0.1330
vn 0.5147 0.8416 0.1637
vn 0.5235 0.8378 0.1547
vn 0.4143 0.9010 0.1286
vn 0.6934 0.6910 0.2042
vn 0.6076 0.7718 0.1873
vn 0.6041 0.7734 0.1920
vn 0.7699 0.5991 0.2196
vn 0.8378 0.4978 0.2242
vn 0.6168 0.7678 0.1736
vn 0.5256 0.8367 0.1537
vn 0.6182 0.7664 0.1747
vn 0.1749 0.9818 0.0742
vn 0.1756 0.9811 0.0809
vn 0.0424 0.9979 0.0484
vn 0.0488 0.9970 0.0601
vn 0.1814 0.9795 0.0874
vn 0.0556 0.9960 0.0699
vn 0.2992 0.9492 0.0975
vn 0.3039 0.9467 0.1071
vn 0.3105 0.9434 0.1169
vn 0.4188 0.8989 0.1289
vn 0.1881 0.9771 0.0993
vn 0.3200 0.9399 0.1194
vn 0.1993 0.9734 0.1127
vn 0.4499 0.8826 0.1363
vn 0.3371 0.9329 0.1265
vn 0.4250 0.8945 0.1387
vn 0.5292 0.8344 0.1541
vn 0.7804 0.5938 0.1959
vn 0.8473 0.4915 0.2011
vn 0.7912 0.5835 0.1828
vn 0.7027 0.6864 0.1876
vn 0.7115 0.6795 0.1788
vn 0.6262 0.7613 0.1685
vn -0.0789 0.9949 0.0624
vn -0.0684 0.9943 0.0818
vn -0.1487 0.9827 0.1108
vn -0.3255 0.9327 0.1552
vn -0.0474 0.9943 0.0956
vn 0.0728 0.9921 0.1025
vn 0.0972 0.9897 0.1050
vn -0.0159 0.9941 0.1072
vn 0.1246 0.9861 0.1100
vn 0.0232 0.9951 0.0964
vn 0.2205 0.9684 0.1166
vn 0.2422 0.9631 0.1174
vn 0.2809 0.9539 0.1061
vn 0.1522 0.9833 0.0994
vn 0.3862 0.9134 0.1284
vn 0.2590 0.9585 0.1195
vn 0.3539 0.9265 0.1283
vn 0.4750 0.8689 0.1393
vn -0.0607 0.9970 -0.0488
vn 0.0246 0.9981 -0.0571
vn -0.0242 0.9886 -0.1487
vn -0.1578 0.9833 0.0904
vn -0.2453 0.9610 0.1280
vn -0.2230 0.9674 0.1202
vn -0.1017 0.9944 0.0302
vn -0.1733 0.9832 0.0571
vn -0.0142 0.9997 0.0191
vn 0.0720 0.9635 -0.2580
vn 0.0557 0.9868 -0.1518
vn 0.1446 0.9595 -0.2416
vn 0.1217 0.9909 -0.0570
vn 0.2246 0.9736 -0.0418
vn 0.1389 0.9801 -0.1420
vn -0.0540 0.9959 0.0728
vn 0.0936 0.9954 0.0189
vn 0.0602 0.9957 0.0701
vn 0.1820 0.9807 0.0713
vn 0.2333 0.9644 -0.1245
vn 0.3515 0.9310 -0.0982
vn 0.2377 0.9469 -0.2164
vn -0.0027 0.8722 -0.4891
vn 0.0394 0.8006 -0.5979
vn 0.0087 0.9656 -0.2600
vn 0.0285 0.9275 -0.3727
vn 0.0361 0.8732 -0.4861
vn 0.0786 0.8756 -0.4765
vn 0.1440 0.9265 -0.3477
vn 0.0778 0.9279 -0.3646
vn 0.1330 0.8063 -0.5763
vn 0.1915 0.8112 -0.5526
vn 0.1269 0.7189 -0.6834
vn 0.2292 0.9197 -0.3188
vn 0.1404 0.8772 -0.4592
vn 0.0223 0.0184 -0.9996
vn -0.0304 0.2295 -0.9728
vn -0.0778 0.1938 -0.9780
vn 0.0514 -0.0165 -0.9985
vn 0.0398 0.2930 -0.9553
vn 0.0080 0.1995 -0.9799
vn 0.2078 0.1956 -0.9584
vn 0.1788 0.2974 -0.9379
vn 0.2616 0.1710 -0.9499
vn 0.2343 0.2676 -0.9346
vn 0.3033 0.2537 -0.9185
vn 0.3050 0.1552 -0.9396
vn 0.0367 0.3936 -0.9185
vn 0.0757 0.4076 -0.9100
vn 0.1398 0.3985 -0.9065
vn 0.0761 0.6147 -0.7851
vn 0.0769 0.7164 -0.6934
vn 0.1230 0.6148 -0.7791
vn 0.1782 0.7205 -0.6701
vn 0.2116 0.3740 -0.9030
vn 0.2932 0.3549 -0.8877
vn 0.2729 0.4736 -0.8374
vn 0.1905 0.4927 -0.8491
vn 0.2501 0.7191 -0.6484
vn 0.1785 0.6106 -0.7715
vn 0.9489 0.2651 0.1713
vn 0.9766 0.1471 0.1570
vn 0.9926 0.0997 0.0688
vn 0.9998 0.0167 0.0107
vn 0.9896 0.0467 0.1357
vn 0.9980 0.0612 -0.0182
vn 0.9995 0.0203 -0.0252
vn 0.9998 0.0206 -0.0064
vn 0.9991 -0.0311 -0.0290
vn 0.9805 0.1797 0.0795
vn 0.9950 0.0970 0.0215
vn 0.9492 0.3025 0.0861
vn 0.9338 0.3349 0.1262
vn 0.8951 0.4297 0.1192
vn 0.8821 0.4509 0.1363
vn 0.9994 -0.0239 0.0237
vn 0.9992 0.0406 -0.0006
vn 0.8574 0.4816 0.1815
vn 0.8678 0.4677 0.1680
vn 0.8013 0.5740 0.1685
vn 0.8143 0.5615 0.1467
vn 0.8303 0.5399 0.1383
vn 0.7380 0.6568 0.1548
vn 0.7528 0.6409 0.1500
vn 0.5735 0.8061 0.1459
vn 0.5608 0.8140 0.1514
vn 0.6688 0.7281 0.1505
vn 0.6538 0.7400 0.1575
vn 0.9078 0.4026 0.1175
vn 0.8436 0.5206 0.1317
vn 0.9981 -0.0048 0.0613
vn 0.9991 0.0384 0.0200
vn 0.9834 0.1703 0.0623
vn 0.9691 0.2370 0.0678
vn 0.9216 0.3760 0.0961
vn 0.9966 0.0301 0.0761
vn 0.9986 0.0053 0.0530
vn 0.9992 0.0392 0.0114
vn 0.9990 0.0267 0.0367
vn 0.9996 0.0282 -0.0077
vn 0.9929 0.1171 0.0196
vn 0.9380 0.3398 0.0679
vn 0.9965 0.0839 -0.0035
vn 0.9980 0.0560 -0.0284
vn 0.9638 0.2631 0.0430
vn 0.9982 0.0574 -0.0168
vn 0.9954 0.0894 0.0358
vn 0.9982 0.0480 -0.0348
vn 0.9963 0.0821 0.0245
vn 0.9968 0.0785 0.0146
vn 0.9949 0.0991 0.0165
vn 0.6036 0.7846 0.1416
vn 0.4916 0.8598 0.1383
vn 0.5152 0.8471 0.1306
vn 0.6276 0.7682 0.1263
vn 0.5408 0.8336 0.1124
vn 0.8577 0.5013 0.1145
vn 0.8749 0.4732 0.1033
vn 0.7837 0.6074 0.1299
vn 0.7994 0.5888 0.1199
vn 0.7184 0.6845 0.1236
vn 0.7004 0.7001 0.1391
vn 0.5610 0.8222 0.0964
vn 0.6664 0.7388 0.1005
vn 0.4380 0.8948 0.0868
vn 0.4573 0.8875 0.0572
vn 0.8896 0.4465 0.0965
vn 0.9816 0.1834 0.0534
vn 0.8160 0.5677 0.1085
vn 0.9015 0.4250 0.0822
vn 0.5804 0.8112 0.0721
vn 0.6841 0.7245 0.0846
vn 0.9963 0.0863 0.0003
vn 0.9973 0.0699 -0.0239
vn 0.9968 0.0794 0.0129
vn 0.9982 0.0591 0.0077
vn 0.9973 0.0722 -0.0107
vn 0.2088 0.9776 0.0272
vn 0.3435 0.9390 -0.0187
vn 0.4707 0.8823 0.0057
vn 0.3274 0.9440 0.0409
vn 0.3071 0.9486 0.0764
vn 0.4663 0.8826 -0.0598
vn 0.5846 0.8112 -0.0140
vn 0.6827 0.7300 -0.0310
vn 0.5632 0.8226 -0.0780
vn 0.5920 0.8053 0.0320
vn 0.9135 0.3998 0.0749
vn 0.9901 0.1281 0.0580
vn 0.9323 0.3578 0.0520
vn 0.8463 0.5257 0.0858
vn 0.8589 0.5067 0.0741
vn 0.7820 0.6194 0.0695
vn 0.7716 0.6298 0.0898
vn 0.6997 0.7124 0.0543
vn 0.7861 0.6172 0.0345
vn 0.6928 0.7209 0.0180
vn 0.9961 0.0848 0.0230
vn 0.9965 0.0777 0.0312
vn 0.9549 0.2957 0.0261
vn 0.8709 0.4894 0.0448
vn 0.6422 0.7374 -0.2093
vn 0.6670 0.7354 -0.1197
vn 0.7719 0.6179 -0.1494
vn 0.6874 0.1059 -0.7185
vn 0.6982 0.0607 -0.7133
vn 0.5636 0.1304 -0.8157
vn 0.6676 0.1663 -0.7258
vn 0.5395 0.2051 -0.8166
vn 0.8038 0.0875 -0.5884
vn 0.8065 0.0533 -0.5888
vn 0.7919 0.1249 -0.5977
vn 0.9036 0.0731 -0.4220
vn 0.9072 0.0483 -0.4178
vn 0.8966 0.0882 -0.4340
vn 0.3163 0.9074 -0.2766
vn 0.2919 0.8723 -0.3923
vn 0.2113 0.8773 -0.4309
vn 0.3632 0.8048 -0.4695
vn 0.4730 0.7821 -0.4058
vn 0.3393 0.7129 -0.6137
vn 0.4225 0.8777 -0.2263
vn 0.5444 0.8205 -0.1745
vn 0.3950 0.8527 -0.3419
vn 0.3372 0.5809 -0.7408
vn 0.4431 0.5560 -0.7032
vn 0.4437 0.6964 -0.5640
vn 0.5562 0.6688 -0.4932
vn 0.6348 0.2492 -0.7314
vn 0.5079 0.2970 -0.8086
vn 0.5553 0.5225 -0.6470
vn 0.6748 0.4780 -0.5623
vn 0.4199 0.2368 -0.8762
vn 0.4369 0.1494 -0.8870
vn 0.5783 0.0739 -0.8124
vn 0.4432 0.0838 -0.8925
vn 0.3941 0.3323 -0.8569
vn 0.3621 0.4454 -0.8188
vn 0.4728 0.4068 -0.7816
vn 0.9974 0.0389 -0.0607
vn 0.9933 0.1012 -0.0563
vn 0.9990 0.0378 -0.0225
vn 1.0000 0.0044 -0.0002
vn 0.9974 -0.0594 0.0413
vn 0.9981 -0.0537 -0.0294
vn 0.9981 0.0202 -0.0579
vn 0.9980 0.0288 0.0565
vn 0.9953 0.0947 -0.0192
vn 0.9933 0.1125 0.0273
vn 0.9984 -0.0292 -0.0490
vn 0.9993 -0.0020 -0.0379
vn 0.9990 -0.0040 -0.0439
vn 0.9992 -0.0108 -0.0396
vn 0.9990 0.0430 -0.0157
vn 0.9712 0.2375 0.0203
vn 0.9793 0.2025 0.0056
vn 0.8795 0.4755 0.0196
vn 0.8875 0.4604 -0.0212
vn 0.7866 0.6144 -0.0611
vn 0.9764 0.2117 -0.0424
vn 0.8878 0.4485 -0.1028
vn 0.9886 0.0285 -0.1478
vn 0.9918 0.0088 -0.1273
vn 0.9061 0.0147 -0.4229
vn 0.9831 0.0369 -0.1793
vn 0.9271 0.2395 -0.2884
vn 0.9567 0.1059 -0.2712
vn 0.8807 0.1448 -0.4510
vn 0.8576 0.4143 -0.3047
vn 0.8538 0.2404 -0.4617
vn 0.7123 0.5910 -0.3786
vn 0.8197 0.3566 -0.4481
vn -0.5357 -0.8295 -0.1582
vn -0.5609 0.7853 -0.2621
vn 0.4781 -0.7859 0.3922
vn 0.3942 -0.8519 0.3447
vn 0.4296 -0.8788 0.2079
vn -0.5944 0.7970 0.1070
vn -0.6307 0.7759 -0.0147
vn -0.0376 -0.0761 0.9964
vn 0.0384 0.1435 0.9889
vn 0.0586 0.2722 0.9604
vn -0.4914 0.8452 -0.2100
vn -0.5556 0.7869 -0.2685
vn 0.6452 -0.7503 0.1442
vn -0.5958 0.7626 -0.2520
vn -0.5554 0.7915 -0.2550
vn -0.6768 0.6910 -0.2537
vn 0.6100 0.4567 0.6475
vn 0.7384 0.6007 0.3065
vn 0.7377 0.5990 0.3113
vn 0.7995 0.5012 0.3310
vn 0.6307 0.6601 0.4080
vn 0.9417 -0.3290 0.0709
vn 0.9977 0.0626 0.0260
vn 0.9977 0.0674 0.0021
vn 0.9973 -0.0710 -0.0205
vn 0.9968 -0.0783 -0.0134
vn 0.8337 0.5446 0.0913
vn 0.9922 -0.1169 0.0436
vn 0.7726 0.5984 0.2121
vn 0.6988 0.6886 0.1935
vn -0.5948 -0.7764 -0.2085
vn -0.6892 -0.6875 -0.2290
vn -0.6025 0.7600 -0.2436
vn -0.6872 -0.6482 -0.3281
vn -0.6979 -0.6386 -0.3241
vn -0.8567 -0.3280 -0.3981
vn -0.8875 -0.2171 -0.4064
vn -0.8891 -0.2116 -0.4059
vn -0.9031 -0.0917 -0.4196
vn 0.3492 -0.5322 0.7712
vn 0.1309 0.0716 0.9888
vn 0.2066 -0.0222 0.9782
vn 0.0326 -0.0261 0.9991
vn 0.9581 0.2418 -0.1534
vn 0.9998 0.0094 -0.0203
vn 0.9999 0.0019 -0.0111
vn 0.9995 -0.0053 0.0321
vn 0.8519 -0.5052 -0.1383
vn -0.7745 -0.5876 -0.2343
vn -0.9142 0.3508 -0.2032
vn -0.9907 -0.0904 -0.1018
vn -0.9987 0.0427 -0.0267
vn -0.8594 -0.4978 -0.1166
vn -0.9818 0.1893 -0.0126
vn -0.9930 -0.1155 -0.0257
vn 0.9994 -0.0012 0.0346
vn 0.9662 -0.2547 -0.0404
vn 0.1553 0.1935 0.9687
vn 0.3529 0.6530 0.6701
vn 0.7074 -0.6646 -0.2408
vn -0.4210 0.7572 0.4994
vn -0.5036 -0.8442 -0.1833
vn -0.8111 -0.0092 0.5848
vn -0.6516 -0.0070 0.7585
vn -0.7729 0.1140 0.6242
vn -0.3111 -0.2474 -0.9176
vn -0.2378 -0.3834 -0.8925
vn -0.5138 -0.1740 -0.8401
vn -0.3441 0.0200 -0.9387
vn -0.6195 0.0259 -0.7845
vn -0.3146 0.3753 -0.8719
vn -0.4943 0.2989 -0.8163
vn 0.0265 0.1470 0.9888
vn -0.0038 0.0065 1.0000
vn 0.0881 0.1418 0.9860
vn -0.0336 -0.0745 0.9967
vn -0.1159 -0.0752 0.9904
vn -0.0313 -0.0041 0.9995
vn 0.0290 0.1766 0.9839
vn -0.0622 0.0885 0.9941
vn 0.0318 0.0581 0.9978
vn -0.0617 -0.0698 0.9957
vn -0.5975 -0.7715 -0.2185
vn -0.5093 -0.8426 -0.1748
vn -0.5892 -0.7667 -0.2549
vn -0.9988 -0.0350 0.0351
vn -0.2165 0.8424 -0.4935
vn -0.4211 -0.8466 0.3256
vn -0.5965 -0.6786 0.4287
vn 0.9948 0.0542 -0.0860
vn 0.9997 -0.0200 0.0140
vn 0.8776 0.4365 -0.1981
vn 0.2517 0.5982 -0.7608
vn -0.4465 -0.8225 0.3522
vn -0.0624 -0.1193 0.9909
vn -0.5506 0.8104 -0.2001
vn -0.3947 -0.4901 -0.7772
vn 0.5780 -0.8101 0.0979
vn -0.0795 0.8295 0.5528
vn 0.4095 0.9003 0.1476
vn -0.0173 -0.0090 -0.9998
vn -0.1958 0.4203 -0.8860
vn -0.5015 -0.0007 0.8652
vn -0.5476 -0.3058 0.7789
vn -0.4170 -0.3496 0.8390
vn -0.0094 -0.7006 -0.7134
vn -0.0649 0.7875 -0.6129
vn -0.0831 0.8642 -0.4963
vn 0.0202 0.7142 -0.6996
vn 0.5146 0.8415 0.1648
vn 0.4996 0.8350 0.2305
vn 0.4127 0.8652 0.2849
vn 0.7184 -0.6825 -0.1345
vn -0.3413 -0.9001 0.2708
vn 0.0783 0.8030 -0.5909
vn 0.3679 0.9208 0.1293
vn 0.3088 0.9442 0.1143
vn 0.3407 -0.8661 -0.3658
vn 0.2391 -0.8798 -0.4109
vn 0.4631 -0.8703 0.1678
vn -0.1500 -0.9804 0.1279
vn 0.3245 -0.9339 0.1502
vn 0.3105 -0.9394 0.1455
vn 0.2872 -0.9485 0.1335
vn 0.4022 -0.9028 0.1522
vn -0.3260 -0.9255 0.1926
vn 0.2677 -0.9564 0.1166
vn 0.2932 0.9496 0.1109
vn 0.2923 0.9512 0.0993
vn 0.0343 -0.9989 0.0331
vn 0.5138 0.8119 -0.2771
vn 0.2287 -0.9621 0.1487
vn 0.5260 -0.8332 0.1704
vn 0.3404 0.9231 -0.1788
vn 0.6031 0.7290 -0.3237
vn 0.7534 0.6102 -0.2451
vn -0.1153 -0.9650 0.2355
vn -0.1450 -0.9634 0.2256
vn -0.0684 0.9974 0.0209
vn -0.0923 0.9957 0.0023
vn -0.0769 0.8973 0.4346
vn -0.0892 0.8993 0.4280
vn -0.0979 0.8318 0.5463
vn -0.0932 0.8485 -0.5209
vn -0.1440 0.8371 0.5278
vn 0.0263 0.5192 -0.8542
vn 0.0191 0.5193 -0.8544
vn -0.0748 0.8869 -0.4559
vn -0.1437 0.9757 -0.1657
vn -0.1614 0.7597 0.6300
vn -0.0243 -0.9351 -0.3536
vn -0.2193 -0.9524 0.2116
vn -0.2801 -0.8918 0.3553
vn -0.3251 -0.9262 0.1909
vn 0.0630 0.9978 0.0189
vn -0.0956 0.1910 -0.9769
vn 0.1279 -0.1100 -0.9857
vn 0.0437 -0.2555 -0.9658
vn -0.0736 -0.1370 -0.9878
vn -0.1215 0.2463 -0.9615
vn 0.0260 0.6176 -0.7861
vn 0.0146 0.6245 -0.7809
vn -0.2145 0.9757 -0.0460
vn -0.3213 0.9409 -0.1069
vn -0.0574 0.9980 -0.0272
vn -0.2010 -0.9766 -0.0759
vn 0.1361 -0.9892 0.0552
vn -0.0331 0.1398 -0.9896
vn -0.0071 -0.1631 -0.9866
vn -0.4180 -0.8997 -0.1259
vn -0.0600 0.2748 -0.9596
vn -0.3519 0.9321 -0.0861
vn -0.3208 -0.9447 -0.0678
vn -0.1485 0.9857 0.0791
vn -0.1511 -0.9814 0.1180
vn -0.1971 0.9667 0.1630
vn -0.1166 -0.9848 0.1290
vn -0.1026 -0.9854 0.1359
vn -0.0899 -0.9861 0.1394
vn -0.2524 0.8833 0.3951
vn -0.0592 -0.9917 0.1137
vn -0.0597 -0.9918 0.1129
vn -0.0590 -0.9916 0.1148
vn -0.0646 -0.9941 0.0875
vn -0.0863 -0.9931 0.0790
vn 0.5875 0.7961 0.1453
vn 0.1229 0.5024 -0.8559
vn 0.2819 0.0934 -0.9549
vn 0.2054 -0.2698 -0.9408
vn 0.2485 -0.0270 -0.9683
vn 0.1908 0.0867 -0.9778
vn 0.1850 -0.0494 -0.9815
vn 0.1040 -0.2257 -0.9686
vn -0.0666 0.9974 -0.0265
vn -0.1217 0.9859 -0.1148
vn 0.2675 0.8131 -0.5170
vn -0.5026 0.8438 0.1882
vn 0.1663 -0.9280 -0.3333
vn 0.0917 -0.9951 0.0369
vn -0.1837 -0.9762 0.1155
vn -0.3380 -0.9394 0.0571
vn 0.5452 0.8247 0.1501
vn 0.4076 -0.9020 0.1420
vn 0.0590 0.9942 0.0905
vn 0.0730 -0.9816 0.1763
vn -0.1412 0.9884 -0.0562
vn -0.3617 0.9182 -0.1612
vn -0.5667 0.7250 0.3914
vn -0.4862 -0.8009 0.3495
vn -0.0166 -0.4280 -0.9036
vn -0.0081 -0.4194 -0.9077
vn -0.1940 0.7415 0.6423
vn -0.2993 0.7562 0.5818
vn -0.2594 0.9572 -0.1283
vn 0.1705 -0.3440 0.9234
vn 0.2431 -0.9640 0.1078
vn -0.0053 -0.4580 -0.8889
vn 0.0368 0.5009 0.8647
vn 0.0240 -0.4528 0.8913
vn 0.0229 0.2006 -0.9794
vn -0.0279 0.5434 0.8390
vn -0.0572 0.5477 0.8347
vn -0.3636 0.9173 -0.1625
vn -0.2591 0.9618 -0.0883
vn 0.0663 0.4237 0.9034
vn -0.0267 -0.1640 -0.9861
vn -0.1370 -0.1709 -0.9757
vn -0.3163 -0.9376 -0.1441
vn 0.0188 -0.4328 -0.9013
vn -0.0225 -0.3969 -0.9176
vn -0.0478 -0.3855 -0.9215
vn -0.1397 -0.9893 -0.0407
vn -0.2917 -0.9561 -0.0288
vn -0.0598 -0.6125 0.7882
vn -0.0309 -0.4699 0.8822
vn -0.0892 -0.3646 -0.9269
vn 0.1174 0.1824 -0.9762
vn 0.3668 0.2210 0.9037
vn 0.1835 -0.1396 0.9730
vn 0.3173 -0.1589 0.9349
vn -0.0923 -0.9952 -0.0312
vn 0.2990 0.9410 0.1583
vn -0.0448 0.1410 -0.9890
vn 0.0319 0.1049 -0.9940
vn 0.2041 0.9715 0.1204
vn 0.4906 0.8215 0.2907
vn 0.3307 0.8891 0.3164
vn 0.1927 0.8803 0.4336
vn 0.1133 0.1773 -0.9776
vn -0.1196 0.1624 -0.9794
vn -0.0265 0.1321 -0.9909
vn -0.0440 0.1941 -0.9800
vn -0.0247 0.1099 0.9936
vn 0.0241 0.1153 0.9930
vn -0.1976 0.0634 0.9782
vn -0.1289 0.0696 0.9892
vn -0.2787 0.0545 0.9588
vn -0.0221 -0.4713 -0.8817
vn 0.0138 -0.9998 0.0115
vn 0.0055 -0.0500 -0.9987
vn -0.0109 -0.2284 0.9735
vn 0.0355 -0.2152 0.9759
vn -0.1008 -0.9940 -0.0433
vn 0.3083 -0.9236 0.2280
vn -0.0133 -0.0743 -0.9971
vn -0.0405 -0.0127 -0.9991
vn -0.2024 0.0176 -0.9791
vn -0.1741 -0.3643 0.9149
vn -0.2382 -0.3627 0.9009
vn -0.0200 -0.1192 0.9927
vn -0.0344 0.9994 -0.0055
vn 0.3162 0.9183 0.2384
vn 0.1138 -0.9920 0.0547
vn 0.1012 -0.9927 0.0659
vn -0.0012 -0.0709 -0.9975
vn -0.2118 0.0415 -0.9764
vn 0.0719 0.9970 0.0272
vn -0.0080 0.5349 0.8449
vn -0.3744 0.9130 -0.1622
vn -0.0366 0.4246 -0.9046
vn -0.0398 0.4184 -0.9074
vn -0.0767 0.4167 -0.9058
vn -0.1040 0.5159 0.8503
vn -0.3620 0.9176 -0.1643
vn 0.1384 0.7642 0.6300
vn -0.1698 0.7270 0.6653
vn -0.4112 0.9087 -0.0722
vn 0.3297 -0.9300 0.1626
vn -0.0094 -0.2178 -0.9760
vn -0.4172 -0.8885 -0.1909
vn -0.3296 -0.9368 0.1173
vn -0.0416 -0.8718 0.4882
vn -0.4709 -0.8657 0.1695
vn -0.1213 0.9913 -0.0517
vn -0.1684 0.9847 0.0456
vn -0.0480 0.9953 -0.0845
vn -0.0467 0.9948 -0.0900
vn -0.9871 0.1585 0.0214
vn 0.0785 0.5071 -0.8583
vn -0.4104 -0.9008 -0.1418
vn 0.0122 0.0894 -0.9959
vn 0.4048 0.8983 0.1711
vn 0.0399 -0.1651 -0.9855
vn -0.0899 -0.9107 -0.4032
vn -0.0250 -0.8744 -0.4846
vn -0.0182 -0.8691 -0.4943
vn -0.0391 -0.8803 -0.4729
vn -0.0355 -0.8802 -0.4733
vn -0.0325 -0.8775 -0.4785
vn -0.0517 -0.8799 -0.4724
vn -0.0556 0.9958 -0.0732
vn -0.0132 -0.8621 -0.5066
vn -0.0100 -0.8584 -0.5129
vn -0.0123 -0.8525 -0.5225
vn -0.1840 -0.8968 -0.4024
vn -0.3531 -0.6701 -0.6529
vn 0.6469 0.7536 0.1164
vn -0.1274 -0.9843 -0.1224
vn 0.7897 0.6135 0.0024
vn 0.4617 0.8763 0.1374
vn 0.1704 0.9835 0.0611
vn 0.0404 0.7131 -0.6999
vn 0.1040 -0.7960 -0.5964
vn 0.0061 -0.7004 -0.7137
vn -0.0270 -0.6017 -0.7983
vn -0.8733 -0.1486 0.4640
vn -0.9508 0.0287 0.3084
vn -0.8137 -0.2282 0.5347
vn 0.4972 -0.8001 0.3355
vn -0.5935 -0.7640 -0.2532
vn -0.6750 -0.6798 -0.2867
vn 0.0415 0.6155 -0.7871
vn -0.6849 -0.6533 -0.3227
vn -0.7502 -0.6026 -0.2720
vn -0.7934 -0.6084 -0.0201
vn -0.6321 -0.2149 -0.7445
vn 0.7854 -0.6085 0.1134
vn -0.9115 0.1016 -0.3986
vn -0.9146 -0.0185 -0.4039
vn -0.1993 0.8402 0.5043
vn 0.9991 0.0158 0.0389
vn 0.9981 -0.0527 0.0323
vn 0.9995 -0.0259 0.0203
vn -0.4571 -0.2902 -0.8408
vn 0.2078 0.1122 0.9717
vn 0.0994 0.0505 0.9938
vn 0.2447 0.2432 0.9386
vn 0.9627 0.2408 0.1231
vn 0.7240 0.6705 0.1621
vn -0.8709 0.3900 -0.2991
vn -0.8866 0.2522 -0.3878
vn -0.8889 -0.2465 -0.3862
vn 0.7553 0.6481 0.0977
vn -0.6439 0.7030 -0.3021
vn -0.8722 0.2729 -0.4061
vn -0.8877 -0.2149 -0.4072
vn 0.7473 0.6022 0.2807
vn -0.8876 0.3792 -0.2615
vn -0.9614 -0.1490 -0.2312
vn -0.6741 -0.6878 -0.2691
vn -0.6769 -0.6745 -0.2948
vn 0.5981 0.7708 0.2193
vn 0.6741 0.6917 0.2592
vn 0.6439 0.6771 0.3562
vn -0.1212 0.8328 0.5401
vn -0.1911 -0.9068 0.3757
vn -0.3691 -0.7909 0.4881
vn -0.0126 0.1061 0.9943
vn 0.0352 0.1275 0.9912
vn -0.0969 0.0981 0.9905
vn -0.1908 -0.1651 0.9676
vn -0.1609 -0.2208 0.9620
vn -0.2222 -0.1775 0.9587
vn 0.0258 0.2064 0.9781
vn -0.7683 0.6329 -0.0957
vn 0.8516 0.4373 -0.2890
vn 0.9398 -0.2082 -0.2711
vn -0.7563 -0.1697 -0.6319
vn -0.7841 -0.0961 -0.6132
vn -0.8213 0.0333 -0.5695
vn -0.7196 0.1936 -0.6668
vn -0.5602 0.7876 -0.2568
vn -0.6641 0.6894 -0.2893
vn 0.5654 0.7550 0.3322
vn -0.1755 -0.0095 0.9844
vn -0.1159 -0.0349 0.9926
vn -0.1317 0.0154 0.9912
vn -0.6447 0.7041 -0.2977
vn -0.8701 0.2705 -0.4120
vn 0.7174 -0.1956 0.6686
vn -0.7719 0.4719 -0.4260
vn -0.9537 0.0323 -0.2990
vn 0.5934 0.3584 -0.7207
vn 0.7201 0.2944 -0.6284
vn 0.6355 -0.2630 -0.7259
vn 0.7047 0.0155 -0.7094
vn 0.8085 0.0102 -0.5884
vn 0.7648 0.1921 -0.6150
vn -0.9673 0.0050 -0.2535
vn -0.9547 0.0632 -0.2906
vn 0.6035 0.7728 0.1963
vn -0.9971 0.0633 -0.0432
vn -0.9981 -0.0489 -0.0386
vn -0.9953 0.0708 -0.0660
vn -0.9775 0.1856 -0.0997
vn -0.9994 -0.0283 -0.0175
vn 0.7677 0.6258 0.1381
vn 0.5954 -0.0326 0.8028
vn -0.6542 0.6975 -0.2925
vn -0.2926 0.5805 0.7599
vn 0.8198 0.5033 0.2732
vn -0.7554 0.5690 -0.3251
vn -0.9142 0.1134 -0.3892
vn -0.1435 -0.1225 0.9820
vn 0.2855 -0.3377 0.8969
vn -0.8092 -0.0606 -0.5844
vn 0.5684 0.7306 0.3782
vn 0.4052 -0.3410 -0.8483
vn 0.5168 -0.3048 -0.8000
vn 0.4296 -0.2577 -0.8655
vn 0.4552 0.0385 -0.8896
vn 0.5877 0.0235 -0.8087
vn 0.5435 -0.2292 -0.8075
vn -0.8805 0.2818 -0.3813
vn -0.8991 -0.1985 -0.3902
vn -0.8846 -0.2356 -0.4024
vn 0.3088 0.3303 0.8920
vn -0.5583 -0.7885 -0.2580
vn 0.4521 -0.5236 0.7221
vn 0.2766 -0.1314 0.9520
vn -0.8059 -0.4801 -0.3466
vn -0.8204 0.4223 -0.3855
vn -0.8999 -0.0312 -0.4350
vn -0.8839 -0.2233 -0.4109
vn -0.9356 -0.1722 -0.3083
vn -0.9108 0.2738 -0.3091
vn -0.6421 0.7045 -0.3023
vn -0.6696 0.6832 -0.2912
vn -0.9113 0.1247 -0.3925
vn 0.9734 0.0401 -0.2254
vn 0.9926 -0.0100 -0.1208
vn 0.9976 0.0080 0.0690
vn 0.9999 -0.0044 0.0094
vn 1.0000 -0.0005 0.0006
vn 0.9971 0.0565 0.0504
vn 0.9997 0.0156 0.0165
vn 0.7886 -0.4368 0.4328
vn 0.8737 -0.0935 0.4774
vn 0.8518 -0.4189 0.3146
vn 0.9368 -0.0720 0.3423
vn 0.8915 0.3898 0.2306
vn 0.9221 0.3555 0.1530
vn 0.9097 0.3756 0.1771
vn 0.6817 0.7172 0.1443
vn 0.1168 0.0238 0.9929
vn 0.0995 -0.0764 0.9921
vn 0.1872 0.1179 0.9752
vn 0.0059 -0.0828 0.9966
vn -0.6790 -0.6635 -0.3142
vn -0.6694 -0.6873 -0.2819
vn 0.0759 0.0603 0.9953
vn 0.3636 0.4909 0.7917
vn 0.5809 0.7620 0.2862
vn 0.9993 -0.0032 0.0383
vn 0.8999 0.3848 0.2052
vn 0.6391 0.7532 0.1553
vn 0.9993 -0.0086 -0.0353
vn 0.9996 -0.0046 0.0268
vn -0.6985 -0.2465 0.6719
vn -0.4622 0.8607 -0.2136
vn 0.3218 -0.2754 -0.9059
vn 0.3038 -0.3663 -0.8795
vn 0.2804 0.0280 -0.9595
vn 0.3045 0.0875 -0.9485
vn 0.2362 -0.6925 -0.6817
vn -0.0330 -0.0123 0.9994
vn 0.4364 0.8886 0.1412
vn 0.4767 -0.8608 0.1779
vn -0.1738 -0.3154 -0.9329
vn -0.0019 -0.7933 -0.6089
vn -0.1237 0.4239 -0.8972
vn -0.0058 0.0050 -1.0000
vn -0.0927 0.2580 -0.9617
vn 0.0067 -0.9664 -0.2569
vn -0.0193 0.9286 -0.3707
vn -0.0698 0.8913 0.4480
vn -0.1004 0.9895 0.1041
vn -0.0895 -0.9959 0.0132
vn 0.4133 0.9039 0.1098
vn 0.4451 0.8861 -0.1293
vn 0.3580 -0.9236 -0.1371
vn -0.0560 -0.9931 0.1034
vn -0.0682 -0.9894 0.1286
vn -0.6810 -0.7321 0.0162
vn -0.3157 -0.3646 0.8760
vn -0.3780 0.0263 0.9254
vn -0.1593 0.9868 0.0293
vn 0.0090 -0.4126 -0.9109
vn 0.0152 -0.4420 -0.8969
vn -0.0249 -0.5964 -0.8023
vn 0.0073 0.4054 -0.9141
vn -0.0057 0.2257 -0.9742
vn 0.0009 -0.0311 -0.9995
vn 0.0678 -0.1649 -0.9840
vn 0.0114 0.2502 -0.9681
vn -0.0064 -0.5010 0.8654
vn 0.0145 0.5278 0.8493
vn -0.0805 0.5348 0.8411
vn 0.0479 0.5136 -0.8567
vn -0.2016 -0.9757 -0.0858
vn 0.1182 -0.1770 0.9771
vn 0.0575 -0.0774 -0.9953
vn -0.1080 0.2071 -0.9723
vn 0.1256 -0.1731 -0.9769
vn -0.0711 0.0901 0.9934
vn -0.0334 -0.8408 -0.5403
vn -0.1068 0.9940 -0.0255
vn -0.4336 0.8232 0.3665
vn -0.0824 0.9876 -0.1338
vn 0.5648 0.7499 0.3444
vn 0.5699 0.7407 0.3557
vn 0.5595 0.6967 0.4491
vn 0.7342 0.6689 0.1163
vn 0.5805 0.7657 0.2772
vn -0.1160 -0.0597 0.9915
vn -0.8129 0.5764 0.0840
vn 0.5716 0.7606 0.3079
vn -0.6670 0.6899 0.2814
s 1
usemtl Material.005
f 16//16 15//15 1//1 3//3
f 189//189 2//2 1//1 213//213
f 212//212 213//213 1//1 15//15
f 3//3 1//1 2//2 4//4
f 7//7 4//4 2//2 3177//3177
f 2//2 189//189 183//183 3177//3177
f 3//3 4//4 5//5 9//9
f 7//7 6//6 5//5 4//4
f 8//8 5//5 6//6 378//378
f 379//379 378//378 6//6 374//374
f 369//369 368//368 7//7 3177//3177
f 374//374 6//6 7//7 368//368
f 9//9 5//5 8//8 11//11
f 16//16 3//3 9//9 25//25
f 11//11 8//8 10//10 29//29
f 36//36 29//29 10//10 12//12
f 10//10 8//8 378//378 13//13
f 25//25 9//9 11//11 30//30
f 12//12 10//10 13//13 14//14
f 41//41 36//36 12//12 594//594
f 593//593 594//594 12//12 14//14
f 379//379 382//382 13//13 378//378
f 382//382 385//385 14//14 13//13
f 16//16 3453//3453 217//217 15//15
f 3158//3158 3453//3453 16//16 25//25
f 22//22 21//21 17//17 19//19
f 218//218 216//216 17//17 21//21
f 17//17 216//216 3468//3468 18//18
f 19//19 17//17 18//18 20//20
f 214//214 217//217 18//18 3468//3468
f 3453//3453 20//20 18//18 217//217
f 19//19 20//20 23//23 24//24
f 1690//1690 218//218 21//21 3455//3455
f 22//22 19//19 24//24 28//28
f 3159//3159 3454//3454 22//22 28//28
f 22//22 3454//3454 3455//3455 21//21
f 23//23 20//20 3453//3453 3158//3158
f 24//24 23//23 26//26 27//27
f 3164//3164 3158//3158 25//25 30//30
f 31//31 27//27 26//26 37//37
f 26//26 23//23 3158//3158 3164//3164
f 3540//3540 37//37 26//26 3164//3164
f 28//28 24//24 27//27 32//32
f 33//33 32//32 27//27 31//31
f 3160//3160 3159//3159 28//28 32//32
f 30//30 11//11 29//29 34//34
f 35//35 34//34 29//29 36//36
f 40//40 33//33 31//31 38//38
f 33//33 3538//3538 3160//3160 32//32
f 34//34 3540//3540 3164//3164 30//30
f 35//35 36//36 41//41 612//612
f 615//615 3124//3124 35//35 612//612
f 35//35 3124//3124 3540//3540 34//34
f 38//38 31//31 37//37 39//39
f 3124//3124 39//39 37//37 3540//3540
f 38//38 39//39 42//42 43//43
f 40//40 38//38 43//43 618//618
f 2120//2120 3125//3125 40//40 618//618
f 40//40 3125//3125 3538//3538 33//33
f 613//613 612//612 41//41 597//597
f 614//614 616//616 42//42 615//615
f 617//617 43//43 42//42 616//616
f 42//42 39//39 3124//3124 615//615
f 619//619 618//618 43//43 617//617
f 49//49 48//48 44//44 46//46
f 1691//1691 1689//1689 44//44 48//48
f 3467//3467 45//45 44//44 1689//1689
f 46//46 44//44 45//45 47//47
f 1690//1690 3455//3455 45//45 3467//3467
f 3454//3454 47//47 45//45 3455//3455
f 46//46 47//47 50//50 51//51
f 63//63 62//62 48//48 49//49
f 49//49 46//46 51//51 54//54
f 50//50 47//47 3454//3454 3159//3159
f 51//51 50//50 52//52 53//53
f 55//55 53//53 52//52 58//58
f 52//52 50//50 3159//3159 3160//3160
f 3538//3538 58//58 52//52 3160//3160
f 54//54 51//51 53//53 56//56
f 57//57 56//56 53//53 55//55
f 63//63 49//49 54//54 3156//3156
f 3163//3163 3156//3156 54//54 56//56
f 61//61 57//57 55//55 59//59
f 57//57 3539//3539 3163//3163 56//56
f 59//59 55//55 58//58 60//60
f 3125//3125 60//60 58//58 3538//3538
f 59//59 60//60 68//68 69//69
f 61//61 59//59 69//69 2124//2124
f 2126//2126 3123//3123 61//61 2124//2124
f 61//61 3123//3123 3539//3539 57//57
f 1691//1691 48//48 62//62 3496//3496
f 62//62 3452//3452 3469//3469 3496//3496
f 3155//3155 3451//3451 63//63 3156//3156
f 63//63 3451//3451 3452//3452 62//62
f 64//64 1899//1899 1894//1894 3607//3607
f 3162//3162 65//65 64//64 3607//3607
f 66//66 64//64 65//65 67//67
f 70//70 67//67 65//65 3537//3537
f 66//66 2147//2147 1899//1899 64//64
f 67//67 70//70 71//71 2149//2149
f 67//67 2149//2149 2146//2146 66//66
f 2119//2119 2121//2121 68//68 2120//2120
f 2122//2122 69//69 68//68 2121//2121
f 68//68 60//60 3125//3125 2120//2120
f 2150//2150 2149//2149 71//71 2148//2148
f 71//71 70//70 3123//3123 2126//2126
f 74//74 72//72 73//73 77//77
f 79//79 77//77 73//73 76//76
f 80//80 75//75 73//73 72//72
f 74//74 82//82 83//83 72//72
f 76//76 73//73 75//75 84//84
f 75//75 80//80 81//81 85//85
f 76//76 84//84 99//99 101//101
f 108//108 79//79 76//76 101//101
f 78//78 74//74 77//77 120//120
f 121//121 120//120 77//77 79//79
f 78//78 88//88 82//82 74//74
f 119//119 118//118 78//78 120//120
f 80//80 72//72 83//83 86//86
f 81//81 80//80 86//86 3171//3171
f 82//82 88//88 87//87 90//90
f 82//82 90//90 89//89 83//83
f 84//84 75//75 85//85 93//93
f 85//85 81//81 91//91 92//92
f 86//86 83//83 89//89 94//94
f 87//87 95//95 96//96 90//90
f 118//118 125//125 88//88 78//78
f 88//88 125//125 137//137 87//87
f 96//96 98//98 89//89 90//90
f 293//293 92//92 91//91 298//298
f 91//91 81//81 3171//3171 3449//3449
f 93//93 85//85 92//92 294//294
f 295//295 294//294 92//92 293//293
f 99//99 84//84 93//93 113//113
f 93//93 294//294 3410//3410 113//113
f 98//98 97//97 94//94 89//89
f 94//94 3170//3170 3171//3171 86//86
f 3236//3236 3170//3170 94//94 97//97
f 137//137 138//138 95//95 87//87
f 144//144 297//297 95//95 138//138
f 297//297 296//296 96//96 95//95
f 98//98 96//96 296//296 97//97
f 99//99 113//113 114//114 100//100
f 101//101 99//99 100//100 102//102
f 103//103 102//102 100//100 104//104
f 100//100 114//114 115//115 104//104
f 109//109 108//108 101//101 102//102
f 109//109 102//102 103//103 110//110
f 105//105 103//103 104//104 106//106
f 105//105 106//106 107//107 111//111
f 110//110 103//103 105//105 112//112
f 106//106 104//104 115//115 117//117
f 117//117 1589//1589 107//107 106//106
f 121//121 79//79 108//108 146//146
f 147//147 146//146 108//108 109//109
f 147//147 109//109 110//110 149//149
f 151//151 149//149 110//110 112//112
f 112//112 105//105 111//111 3168//3168
f 111//111 107//107 1570//1570 1578//1578
f 111//111 1578//1578 1579//1579 3168//3168
f 113//113 3410//3410 3408//3408 114//114
f 114//114 3408//3408 116//116 115//115
f 117//117 115//115 116//116 321//321
f 322//322 321//321 116//116 325//325
f 3551//3551 325//325 116//116 3408//3408
f 123//123 122//122 118//118 119//119
f 119//119 124//124 130//130 123//123
f 124//124 119//119 120//120 121//121
f 122//122 126//126 125//125 118//118
f 127//127 128//128 122//122 123//123
f 132//132 126//126 122//122 128//128
f 129//129 130//130 124//124 148//148
f 124//124 121//121 146//146 148//148
f 134//134 133//133 126//126 132//132
f 137//137 125//125 126//126 133//133
f 130//130 3488//3488 127//127 123//123
f 131//131 128//128 127//127 136//136
f 135//135 136//136 127//127 3488//3488
f 129//129 157//157 161//161 3484//3484
f 130//130 129//129 3484//3484 3488//3488
f 132//132 128//128 131//131 134//134
f 138//138 137//137 133//133 139//139
f 140//140 139//139 133//133 134//134
f 134//134 131//131 141//141 140//140
f 135//135 3481//3481 3461//3461 3460//3460
f 3484//3484 3481//3481 135//135 3488//3488
f 136//136 142//142 141//141 131//131
f 136//136 135//135 3460//3460 142//142
f 139//139 143//143 144//144 138//138
f 140//140 145//145 143//143 139//139
f 3398//3398 145//145 140//140 141//141
f 142//142 3179//3179 3398//3398 141//141
f 144//144 336//336 301//301 297//297
f 144//144 143//143 3397//3397 336//336
f 338//338 337//337 145//145 3398//3398
f 3397//3397 143//143 145//145 337//337
f 148//148 146//146 147//147 156//156
f 147//147 149//149 150//150 156//156
f 148//148 156//156 157//157 129//129
f 149//149 151//151 152//152 150//150
f 153//153 152//152 151//151 154//154
f 151//151 112//112 3168//3168 154//154
f 152//152 158//158 159//159 150//150
f 153//153 154//154 155//155 1614//1614
f 153//153 160//160 158//158 152//152
f 153//153 1614//1614 3134//3134 160//160
f 155//155 154//154 3168//3168 1579//1579
f 156//156 150//150 159//159 157//157
f 162//162 159//159 158//158 3485//3485
f 161//161 157//157 159//159 162//162
f 160//160 3486//3486 3485//3485 158//158
f 163//163 164//164 161//161 162//162
f 161//161 164//164 3481//3481 3484//3484
f 165//165 163//163 162//162 3485//3485
f 163//163 166//166 167//167 164//164
f 165//165 168//168 166//166 163//163
f 165//165 3482//3482 3462//3462 168//168
f 3486//3486 3482//3482 165//165 3485//3485
f 171//171 169//169 166//166 168//168
f 169//169 170//170 167//167 166//166
f 3150//3150 3461//3461 167//167 170//170
f 3481//3481 164//164 167//167 3461//3461
f 358//358 357//357 169//169 171//171
f 357//357 356//356 170//170 169//169
f 170//170 356//356 3148//3148 3150//3150
f 171//171 168//168 3462//3462 3152//3152
f 173//173 174//174 172//172 177//177
f 172//172 206//206 178//178 177//177
f 172//172 174//174 179//179 180//180
f 172//172 180//180 181//181 206//206
f 176//176 175//175 173//173 177//177
f 182//182 184//184 174//174 173//173
f 182//182 173//173 175//175 187//187
f 3576//3576 187//187 175//175 3417//3417
f 176//176 177//177 178//178 198//198
f 3417//3417 175//175 176//176 219//219
f 179//179 174//174 184//184 186//186
f 179//179 186//186 191//191 183//183
f 180//180 179//179 183//183 189//189
f 181//181 180//180 189//189 213//213
f 194//194 206//206 181//181 207//207
f 181//181 213//213 212//212 207//207
f 369//369 3177//3177 183//183 191//191
f 187//187 185//185 184//184 182//182
f 186//186 184//184 185//185 3291//3291
f 185//185 188//188 3375//3375 3291//3291
f 190//190 191//191 186//186 3291//3291
f 188//188 185//185 187//187 3576//3576
f 225//225 226//226 188//188 3576//3576
f 369//369 191//191 190//190 371//371
f 193//193 194//194 192//192 201//201
f 192//192 211//211 202//202 201//201
f 192//192 194//194 207//207 208//208
f 192//192 208//208 209//209 211//211
f 198//198 178//178 193//193 199//199
f 200//200 199//199 193//193 201//201
f 206//206 194//194 193//193 178//178
f 196//196 197//197 195//195 1674//1674
f 195//195 197//197 210//210 215//215
f 203//203 202//202 196//196 204//204
f 205//205 204//204 196//196 1674//1674
f 211//211 197//197 196//196 202//202
f 219//219 176//176 198//198 236//236
f 236//236 198//198 199//199 237//237
f 238//238 237//237 199//199 200//200
f 200//200 201//201 202//202 203//203
f 239//239 238//238 200//200 203//203
f 239//239 203//203 204//204 240//240
f 240//240 204//204 205//205 1717//1717
f 1718//1718 1717//1717 205//205 1680//1680
f 207//207 212//212 214//214 208//208
f 209//209 208//208 214//214 3468//3468
f 209//209 3468//3468 216//216 210//210
f 211//211 209//209 210//210 197//197
f 217//217 214//214 212//212 15//15
f 215//215 210//210 216//216 218//218
f 1673//1673 195//195 215//215 1684//1684
f 1684//1684 215//215 218//218 1690//1690
f 242//242 3135//3135 219//219 236//236
f 220//220 221//221 222//222 224//224
f 3131//3131 3114//3114 220//220 224//224
f 221//221 220//220 229//229 228//228
f 3135//3135 222//222 221//221 227//227
f 242//242 223//223 222//222 3135//3135
f 224//224 222//222 223//223 249//249
f 248//248 249//249 223//223 241//241
f 269//269 3131//3131 224//224 249//249
f 225//225 228//228 232//232 226//226
f 3417//3417 227//227 225//225 3576//3576
f 3375//3375 188//188 226//226 231//231
f 228//228 225//225 227//227 221//221
f 229//229 235//235 232//232 228//228
f 3114//3114 3113//3113 229//229 220//220
f 235//235 234//234 230//230 232//232
f 230//230 234//234 3315//3315 393//393
f 232//232 230//230 231//231 226//226
f 393//393 3373//3373 231//231 230//230
f 233//233 234//234 235//235 389//389
f 233//233 389//389 259//259 390//390
f 233//233 391//391 3315//3315 234//234
f 235//235 229//229 3113//3113 389//389
f 236//236 237//237 243//243 242//242
f 243//243 237//237 238//238 245//245
f 245//245 238//238 239//239 247//247
f 3137//3137 247//247 239//239 240//240
f 1722//1722 3137//3137 240//240 1717//1717
f 241//241 223//223 242//242 243//243
f 250//250 248//248 241//241 244//244
f 244//244 241//241 243//243 245//245
f 246//246 244//244 245//245 247//247
f 250//250 244//244 246//246 252//252
f 3137//3137 251//251 246//246 247//247
f 269//269 249//249 248//248 271//271
f 271//271 248//248 250//250 273//273
f 3133//3133 273//273 250//250 252//252
f 252//252 246//246 251//251 254//254
f 1722//1722 253//253 251//251 3137//3137
f 275//275 3133//3133 252//252 254//254
f 254//254 251//251 253//253 1727//1727
f 1726//1726 1727//1727 253//253 1721//1721
f 277//277 275//275 254//254 1727//1727
f 263//263 260//260 255//255 257//257
f 255//255 262//262 3416//3416 256//256
f 257//257 255//255 256//256 264//264
f 266//266 264//264 256//256 279//279
f 268//268 279//279 256//256 3416//3416
f 3510//3510 263//263 257//257 265//265
f 260//260 258//258 259//259 261//261
f 407//407 390//390 259//259 258//258
f 3113//3113 261//261 259//259 389//389
f 260//260 261//261 262//262 255//255
f 260//260 263//263 405//405 258//258
f 3113//3113 3114//3114 262//262 261//261
f 3131//3131 3416//3416 262//262 3114//3114
f 265//265 257//257 264//264 267//267
f 265//265 267//267 431//431 430//430
f 267//267 264//264 266//266 283//283
f 278//278 285//285 266//266 279//279
f 284//284 283//283 266//266 285//285
f 278//278 279//279 268//268 270//270
f 270//270 268//268 269//269 271//271
f 269//269 268//268 3416//3416 3131//3131
f 280//280 278//278 270//270 272//272
f 272//272 270//270 271//271 273//273
f 3133//3133 3441//3441 272//272 273//273
f 281//281 282//282 274//274 276//276
f 274//274 282//282 3517//3517 3441//3441
f 276//276 274//274 275//275 277//277
f 275//275 274//274 3441//3441 3133//3133
f 1755//1755 281//281 276//276 1751//1751
f 277//277 1727//1727 1726//1726 1752//1752
f 1751//1751 276//276 277//277 1752//1752
f 280//280 287//287 285//285 278//278
f 288//288 287//287 280//280 3517//3517
f 3441//3441 3517//3517 280//280 272//272
f 281//281 1756//1756 289//289 282//282
f 424//424 425//425 283//283 284//284
f 283//283 425//425 431//431 267//267
f 426//426 424//424 284//284 286//286
f 286//286 284//284 285//285 287//287
f 286//286 287//287 288//288 290//290
f 286//286 290//290 3507//3507 426//426
f 290//290 288//288 289//289 291//291
f 292//292 291//291 289//289 1756//1756
f 289//289 288//288 3517//3517 282//282
f 290//290 291//291 427//427 3507//3507
f 427//427 291//291 292//292 455//455
f 299//299 295//295 293//293 303//303
f 324//324 323//323 295//295 299//299
f 295//295 323//323 3410//3410 294//294
f 301//301 300//300 296//296 297//297
f 296//296 300//300 3236//3236 97//97
f 298//298 302//302 303//303 293//293
f 3449//3449 305//305 298//298 91//91
f 299//299 303//303 304//304 309//309
f 301//301 306//306 307//307 300//300
f 302//302 308//308 304//304 303//303
f 302//302 298//298 305//305 317//317
f 310//310 309//309 304//304 315//315
f 336//336 339//339 306//306 301//301
f 342//342 312//312 306//306 339//339
f 312//312 311//311 307//307 306//306
f 307//307 311//311 3220//3220 3234//3234
f 307//307 3234//3234 3236//3236 300//300
f 308//308 314//314 315//315 304//304
f 308//308 302//302 317//317 313//313
f 324//324 299//299 309//309 329//329
f 330//330 329//329 309//309 310//310
f 333//333 330//330 310//310 316//316
f 312//312 344//344 3267//3267 311//311
f 314//314 308//308 313//313 506//506
f 314//314 506//506 507//507 511//511
f 513//513 315//315 314//314 511//511
f 316//316 310//310 315//315 513//513
f 316//316 536//536 535//535 333//333
f 318//318 313//313 317//317 319//319
f 3448//3448 319//319 317//317 305//305
f 318//318 508//508 506//506 313//313
f 320//320 318//318 319//319 3219//3219
f 3220//3220 3219//3219 319//319 3448//3448
f 320//320 509//509 508//508 318//318
f 3267//3267 3266//3266 320//320 3219//3219
f 3574//3574 509//509 320//320 3266//3266
f 1589//1589 117//117 321//321 1781//1781
f 1782//1782 1781//1781 321//321 322//322
f 1787//1787 1782//1782 322//322 326//326
f 323//323 3551//3551 3408//3408 3410//3410
f 3187//3187 3186//3186 324//324 329//329
f 324//324 3186//3186 3551//3551 323//323
f 326//326 322//322 325//325 327//327
f 3186//3186 327//327 325//325 3551//3551
f 326//326 327//327 328//328 331//331
f 332//332 331//331 328//328 334//334
f 328//328 327//327 3186//3186 3187//3187
f 3577//3577 334//334 328//328 3187//3187
f 330//330 3577//3577 3187//3187 329//329
f 1787//1787 326//326 331//331 1792//1792
f 1793//1793 1792//1792 331//331 332//332
f 1797//1797 1793//1793 332//332 335//335
f 3350//3350 3351//3351 333//333 535//535
f 3577//3577 330//330 333//333 3351//3351
f 335//335 332//332 334//334 531//531
f 334//334 3577//3577 3351//3351 531//531
f 335//335 531//531 532//532 534//534
f 341//341 340//340 337//337 338//338
f 337//337 340//340 3386//3386 3397//3397
f 3179//3179 348//348 338//338 3398//3398
f 3397//3397 3386//3386 339//339 336//336
f 340//340 341//341 350//350 3598//3598
f 348//348 347//347 341//341 338//338
f 342//342 343//343 344//344 312//312
f 3386//3386 346//346 342//342 339//339
f 346//346 345//345 343//343 342//342
f 343//343 547//547 548//548 344//344
f 344//344 548//548 3266//3266 3267//3267
f 345//345 549//549 547//547 343//343
f 345//345 3396//3396 3395//3395 549//549
f 346//346 3598//3598 3396//3396 345//345
f 347//347 349//349 350//350 341//341
f 348//348 3149//3149 352//352 347//347
f 3426//3426 3149//3149 348//348 3179//3179
f 352//352 351//351 349//349 347//347
f 349//349 353//353 354//354 350//350
f 355//355 353//353 349//349 351//351
f 352//352 3561//3561 3318//3318 351//351
f 565//565 564//564 353//353 355//355
f 564//564 563//563 354//354 353//353
f 354//354 563//563 3395//3395 3396//3396
f 3598//3598 350//350 354//354 3396//3396
f 3318//3318 3313//3313 355//355 351//351
f 357//357 359//359 360//360 356//356
f 358//358 361//361 359//359 357//357
f 3152//3152 3151//3151 358//358 171//171
f 359//359 362//362 363//363 360//360
f 3148//3148 356//356 360//360 3561//3561
f 361//361 364//364 362//362 359//359
f 3151//3151 3183//3183 361//361 358//358
f 361//361 3183//3183 3564//3564 364//364
f 367//367 366//366 362//362 364//364
f 366//366 365//365 363//363 362//362
f 363//363 365//365 3313//3313 3318//3318
f 3561//3561 360//360 363//363 3318//3318
f 3358//3358 367//367 364//364 3564//3564
f 579//579 578//578 365//365 366//366
f 365//365 578//578 3312//3312 3313//3313
f 580//580 579//579 366//366 367//367
f 369//369 371//371 373//373 368//368
f 372//372 370//370 371//371 190//190
f 376//376 373//373 371//371 370//370
f 372//372 3373//3373 377//377 370//370
f 3291//3291 3375//3375 372//372 190//190
f 373//373 3316//3316 374//374 368//368
f 373//373 376//376 3374//3374 3316//3316
f 380//380 381//381 375//375 395//395
f 375//375 381//381 3374//3374 376//376
f 377//377 375//375 376//376 370//370
f 377//377 392//392 395//395 375//375
f 388//388 382//382 379//379 3317//3317
f 3316//3316 3317//3317 379//379 374//374
f 380//380 403//403 383//383 381//381
f 404//404 403//403 380//380 3287//3287
f 381//381 383//383 384//384 3374//3374
f 387//387 385//385 382//382 388//388
f 383//383 601//601 386//386 384//384
f 383//383 403//403 603//603 601//601
f 388//388 3317//3317 384//384 386//386
f 384//384 3317//3317 3316//3316 3374//3374
f 593//593 14//14 385//385 387//387
f 387//387 388//388 386//386 598//598
f 386//386 601//601 600//600 598//598
f 387//387 598//598 595//595 593//593
f 391//391 233//233 390//390 400//400
f 390//390 407//407 401//401 400//400
f 396//396 397//397 391//391 400//400
f 392//392 377//377 3373//3373 393//393
f 394//394 392//392 393//393 3315//3315
f 395//395 392//392 394//394 399//399
f 395//395 399//399 3287//3287 380//380
f 396//396 400//400 401//401 3314//3314
f 420//420 402//402 396//396 3314//3314
f 397//397 398//398 399//399 394//394
f 397//397 396//396 402//402 398//398
f 3315//3315 391//391 397//397 394//394
f 398//398 643//643 3287//3287 399//399
f 406//406 415//415 401//401 407//407
f 402//402 647//647 643//643 398//398
f 402//402 420//420 644//644 647//647
f 403//403 404//404 604//604 603//603
f 405//405 406//406 407//407 258//258
f 405//405 263//263 3510//3510 409//409
f 406//406 405//405 409//409 411//411
f 406//406 411//411 421//421 415//415
f 429//429 433//433 408//408 410//410
f 410//410 408//408 409//409 3510//3510
f 412//412 411//411 409//409 408//408
f 428//428 429//429 410//410 430//430
f 411//411 412//412 417//417 421//421
f 433//433 418//418 412//412 408//408
f 413//413 414//414 415//415 421//421
f 413//413 421//421 417//417 422//422
f 413//413 423//423 419//419 414//414
f 414//414 419//419 420//420 3314//3314
f 415//415 414//414 3314//3314 401//401
f 416//416 677//677 422//422 417//417
f 418//418 416//416 417//417 412//412
f 418//418 440//440 445//445 416//416
f 419//419 423//423 680//680 645//645
f 645//645 644//644 420//420 419//419
f 423//423 413//413 422//422 682//682
f 422//422 677//677 676//676 682//682
f 423//423 682//682 681//681 680//680
f 453//453 425//425 424//424 454//454
f 454//454 424//424 426//426 3118//3118
f 426//426 3507//3507 3120//3120 3118//3118
f 428//428 430//430 431//431 3117//3117
f 428//428 436//436 432//432 429//429
f 428//428 3117//3117 3116//3116 436//436
f 430//430 410//410 3510//3510 265//265
f 431//431 425//425 453//453 3117//3117
f 433//433 429//429 432//432 441//441
f 435//435 434//434 432//432 436//436
f 432//432 434//434 438//438 441//441
f 433//433 441//441 440//440 418//418
f 437//437 438//438 434//434 442//442
f 443//443 442//442 434//434 435//435
f 3116//3116 3415//3415 435//435 436//436
f 435//435 3415//3415 3541//3541 443//443
f 437//437 447//447 439//439 438//438
f 446//446 447//447 437//437 449//449
f 450//450 449//449 437//437 442//442
f 438//438 439//439 440//440 441//441
f 452//452 445//445 440//440 439//439
f 442//442 443//443 444//444 450//450
f 470//470 444//444 443//443 3541//3541
f 445//445 698//698 677//677 416//416
f 446//446 696//696 451//451 447//447
f 697//697 696//696 446//446 3310//3310
f 447//447 451//451 452//452 439//439
f 449//449 450//450 448//448 3372//3372
f 475//475 474//474 448//448 471//471
f 449//449 3372//3372 3310//3310 446//446
f 471//471 448//448 450//450 444//444
f 451//451 696//696 702//702 695//695
f 695//695 694//694 452//452 451//451
f 698//698 445//445 452//452 694//694
f 458//458 453//453 454//454 460//460
f 456//456 427//427 455//455 1947//1947
f 455//455 292//292 1757//1757 1946//1946
f 3507//3507 427//427 456//456 3120//3120
f 459//459 457//457 458//458 460//460
f 458//458 3116//3116 3117//3117 453//453
f 458//458 457//457 3415//3415 3116//3116
f 459//459 463//463 464//464 457//457
f 461//461 459//459 460//460 462//462
f 460//460 454//454 3118//3118 462//462
f 461//461 465//465 463//463 459//459
f 3119//3119 3438//3438 461//461 462//462
f 461//461 3438//3438 3516//3516 465//465
f 463//463 483//483 472//472 464//464
f 3415//3415 457//457 464//464 3541//3541
f 465//465 485//485 483//483 463//463
f 486//486 485//485 465//465 3516//3516
f 466//466 1983//1983 487//487 467//467
f 1957//1957 1956//1956 466//466 468//468
f 468//468 466//466 467//467 469//469
f 3438//3438 469//469 467//467 3516//3516
f 1949//1949 1957//1957 468//468 1950//1950
f 1950//1950 468//468 469//469 3121//3121
f 471//471 444//444 470//470 473//473
f 471//471 473//473 3443//3443 475//475
f 473//473 470//470 472//472 481//481
f 482//482 481//481 472//472 483//483
f 472//472 470//470 3541//3541 464//464
f 473//473 481//481 491//491 3443//3443
f 3372//3372 448//448 474//474 715//715
f 475//475 3443//3443 476//476 480//480
f 475//475 480//480 479//479 474//474
f 3412//3412 480//480 476//476 478//478
f 478//478 476//476 477//477 499//499
f 477//477 491//491 492//492 495//495
f 498//498 499//499 477//477 495//495
f 3443//3443 491//491 477//477 476//476
f 737//737 3413//3413 478//478 499//499
f 479//479 716//716 715//715 474//474
f 720//720 716//716 479//479 723//723
f 723//723 479//479 480//480 3412//3412
f 491//491 481//481 482//482 492//492
f 484//484 482//482 483//483 485//485
f 484//484 485//485 486//486 488//488
f 492//492 482//482 484//484 494//494
f 484//484 488//488 3508//3508 494//494
f 488//488 486//486 487//487 489//489
f 490//490 489//489 487//487 1983//1983
f 487//487 486//486 3516//3516 467//467
f 488//488 489//489 493//493 3508//3508
f 493//493 489//489 490//490 1987//1987
f 1988//1988 1987//1987 490//490 1984//1984
f 496//496 497//497 493//493 1987//1987
f 493//493 497//497 502//502 3508//3508
f 495//495 492//492 494//494 501//501
f 494//494 3508//3508 502//502 501//501
f 500//500 498//498 495//495 501//501
f 1997//1997 504//504 496//496 1994//1994
f 503//503 502//502 497//497 505//505
f 504//504 505//505 497//497 496//496
f 498//498 736//736 737//737 499//499
f 500//500 501//501 502//502 503//503
f 500//500 758//758 736//736 498//498
f 3434//3434 758//758 500//500 503//503
f 761//761 3434//3434 503//503 505//505
f 504//504 762//762 761//761 505//505
f 508//508 514//514 507//507 506//506
f 519//519 510//510 507//507 514//514
f 509//509 515//515 514//514 508//508
f 3265//3265 515//515 509//509 3574//3574
f 511//511 507//507 510//510 512//512
f 516//516 512//512 510//510 521//521
f 524//524 521//521 510//510 519//519
f 513//513 511//511 512//512 517//517
f 518//518 517//517 512//512 516//516
f 536//536 316//316 513//513 517//517
f 520//520 519//519 514//514 515//515
f 523//523 518//518 516//516 522//522
f 536//536 517//517 518//518 540//540
f 525//525 524//524 519//519 520//520
f 3265//3265 3264//3264 520//520 515//515
f 522//522 516//516 521//521 526//526
f 522//522 526//526 527//527 528//528
f 523//523 522//522 528//528 833//833
f 540//540 518//518 523//523 544//544
f 545//545 544//544 523//523 833//833
f 524//524 529//529 526//526 521//521
f 525//525 530//530 529//529 524//524
f 3264//3264 3263//3263 525//525 520//520
f 3575//3575 530//530 525//525 3263//3263
f 529//529 834//834 527//527 526//526
f 839//839 831//831 527//527 834//834
f 528//528 527//527 831//831 832//832
f 530//530 835//835 834//834 529//529
f 3261//3261 835//835 530//530 3575//3575
f 532//532 531//531 3351//3351 3350//3350
f 534//534 532//532 533//533 538//538
f 533//533 532//532 3350//3350 542//542
f 1797//1797 335//335 534//534 2022//2022
f 542//542 3350//3350 535//535 537//537
f 537//537 535//535 536//536 540//540
f 543//543 542//542 537//537 541//541
f 538//538 533//533 539//539 2031//2031
f 2022//2022 534//534 538//538 2026//2026
f 2027//2027 2026//2026 538//538 2031//2031
f 539//539 533//533 542//542 543//543
f 539//539 3343//3343 3352//3352 2031//2031
f 541//541 537//537 540//540 544//544
f 541//541 544//544 545//545 546//546
f 543//543 541//541 546//546 854//854
f 3343//3343 539//539 543//543 854//854
f 546//546 545//545 852//852 853//853
f 550//550 548//548 547//547 553//553
f 554//554 553//553 547//547 549//549
f 552//552 551//551 550//550 553//553
f 550//550 551//551 3265//3265 3574//3574
f 550//550 3574//3574 3266//3266 548//548
f 556//556 555//555 551//551 552//552
f 551//551 555//555 3264//3264 3265//3265
f 552//552 553//553 554//554 3233//3233
f 557//557 556//556 552//552 3233//3233
f 3395//3395 3394//3394 554//554 549//549
f 559//559 558//558 555//555 556//556
f 555//555 558//558 3263//3263 3264//3264
f 560//560 559//559 556//556 557//557
f 3388//3388 3387//3387 557//557 3233//3233
f 559//559 561//561 562//562 558//558
f 861//861 561//561 559//559 560//560
f 3387//3387 3391//3391 560//560 557//557
f 561//561 862//862 863//863 562//562
f 562//562 3575//3575 3263//3263 558//558
f 567//567 568//568 563//563 564//564
f 563//563 568//568 3394//3394 3395//3395
f 565//565 566//566 567//567 564//564
f 3313//3313 3312//3312 565//565 355//355
f 3580//3580 566//566 565//565 3312//3312
f 566//566 571//571 569//569 567//567
f 3293//3293 571//571 566//566 3580//3580
f 567//567 569//569 570//570 568//568
f 574//574 573//573 569//569 571//571
f 573//573 572//572 570//570 569//569
f 3394//3394 568//568 570//570 3388//3388
f 576//576 575//575 572//572 573//573
f 3388//3388 570//570 572//572 3387//3387
f 577//577 576//576 573//573 574//574
f 3293//3293 3292//3292 574//574 571//571
f 3387//3387 572//572 575//575 3391//3391
f 576//576 877//877 878//878 575//575
f 577//577 879//879 877//877 576//576
f 3292//3292 3311//3311 577//577 574//574
f 3581//3581 879//879 577//577 3311//3311
f 579//579 581//581 582//582 578//578
f 580//580 586//586 581//581 579//579
f 3358//3358 3349//3349 580//580 367//367
f 581//581 583//583 584//584 582//582
f 3312//3312 578//578 582//582 3580//3580
f 586//586 585//585 583//583 581//581
f 588//588 587//587 584//584 583//583
f 584//584 587//587 3292//3292 3293//3293
f 3580//3580 582//582 584//584 3293//3293
f 585//585 589//589 588//588 583//583
f 585//585 3585//3585 3357//3357 589//589
f 3349//3349 3348//3348 586//586 580//580
f 586//586 3348//3348 3585//3585 585//585
f 591//591 590//590 587//587 588//588
f 587//587 590//590 3311//3311 3292//3292
f 592//592 591//591 588//588 589//589
f 891//891 890//890 591//591 592//592
f 591//591 890//890 3371//3371 590//590
f 3357//3357 3347//3347 592//592 589//589
f 595//595 596//596 594//594 593//593
f 597//597 41//41 594//594 596//596
f 595//595 598//598 600//600 3122//3122
f 3122//3122 3497//3497 596//596 595//595
f 3497//3497 623//623 597//597 596//596
f 599//599 600//600 601//601 603//603
f 599//599 605//605 3122//3122 600//600
f 603//603 604//604 602//602 599//599
f 605//605 599//599 602//602 609//609
f 608//608 609//609 602//602 651//651
f 642//642 646//646 604//604 404//404
f 651//651 602//602 604//604 646//646
f 607//607 3511//3511 605//605 609//609
f 605//605 3511//3511 3497//3497 3122//3122
f 652//652 656//656 606//606 608//608
f 658//658 611//611 606//606 656//656
f 608//608 606//606 607//607 609//609
f 611//611 610//610 607//607 606//606
f 607//607 610//610 625//625 3511//3511
f 610//610 631//631 624//624 625//625
f 632//632 631//631 610//610 611//611
f 613//613 614//614 615//615 612//612
f 620//620 614//614 613//613 622//622
f 613//613 597//597 623//623 622//622
f 621//621 616//616 614//614 620//620
f 617//617 616//616 621//621 626//626
f 619//619 617//617 626//626 629//629
f 619//619 2119//2119 2120//2120 618//618
f 2127//2127 2119//2119 619//619 629//629
f 624//624 3512//3512 620//620 622//622
f 627//627 626//626 621//621 628//628
f 3512//3512 628//628 621//621 620//620
f 624//624 622//622 623//623 625//625
f 3511//3511 625//625 623//623 3497//3497
f 634//634 3512//3512 624//624 631//631
f 630//630 629//629 626//626 627//627
f 636//636 637//637 627//627 628//628
f 637//637 639//639 630//630 627//627
f 630//630 2132//2132 2127//2127 629//629
f 2140//2140 2132//2132 630//630 639//639
f 632//632 633//633 634//634 631//631
f 632//632 611//611 658//658 666//666
f 633//633 635//635 636//636 634//634
f 666//666 668//668 633//633 632//632
f 663//663 638//638 635//635 664//664
f 668//668 664//664 635//635 633//633
f 638//638 637//637 636//636 635//635
f 636//636 628//628 3512//3512 634//634
f 640//640 639//639 637//637 638//638
f 665//665 640//640 638//638 663//663
f 640//640 2139//2139 2140//2140 639//639
f 641//641 642//642 643//643 647//647
f 641//641 650//650 646//646 642//642
f 649//649 650//650 641//641 648//648
f 3287//3287 643//643 642//642 404//404
f 645//645 679//679 648//648 644//644
f 648//648 641//641 647//647 644//644
f 648//648 679//679 3346//3346 649//649
f 654//654 653//653 649//649 3346//3346
f 649//649 653//653 3086//3086 650//650
f 650//650 3086//3086 651//651 646//646
f 652//652 608//608 651//651 3086//3086
f 655//655 656//656 652//652 3085//3085
f 3085//3085 653//653 654//654 660//660
f 660//660 659//659 655//655 3085//3085
f 657//657 658//658 656//656 655//655
f 659//659 661//661 657//657 655//655
f 666//666 658//658 657//657 671//671
f 672//672 671//671 657//657 661//661
f 659//659 905//905 908//908 661//661
f 660//660 654//654 662//662 3411//3411
f 905//905 659//659 660//660 3411//3411
f 910//910 672//672 661//661 908//908
f 3346//3346 689//689 662//662 654//654
f 663//663 664//664 669//669 3472//3472
f 670//670 665//665 663//663 3472//3472
f 665//665 2171//2171 2139//2139 640//640
f 667//667 668//668 666//666 671//671
f 672//672 673//673 667//667 671//671
f 669//669 664//664 668//668 667//667
f 673//673 674//674 669//669 667//667
f 669//669 674//674 913//913 3472//3472
f 670//670 3472//3472 913//913 915//915
f 670//670 2170//2170 2171//2171 665//665
f 2178//2178 2170//2170 670//670 915//915
f 910//910 911//911 673//673 672//672
f 911//911 912//912 674//674 673//673
f 914//914 913//913 674//674 912//912
f 675//675 676//676 677//677 698//698
f 684//684 685//685 675//675 699//699
f 675//675 685//685 3356//3356 676//676
f 681//681 682//682 676//676 3356//3356
f 678//678 689//689 3346//3346 679//679
f 680//680 678//678 679//679 645//645
f 680//680 681//681 683//683 678//678
f 687//687 683//683 681//681 3356//3356
f 683//683 692//692 689//689 678//678
f 683//683 687//687 690//690 692//692
f 684//684 706//706 686//686 685//685
f 707//707 706//706 684//684 3355//3355
f 685//685 686//686 687//687 3356//3356
f 686//686 706//706 925//925 691//691
f 691//691 690//690 687//687 686//686
f 688//688 662//662 689//689 692//692
f 922//922 906//906 688//688 693//693
f 688//688 906//906 3411//3411 662//662
f 693//693 690//690 691//691 924//924
f 693//693 688//688 692//692 690//690
f 693//693 924//924 930//930 922//922
f 699//699 694//694 695//695 701//701
f 696//696 697//697 703//703 702//702
f 699//699 675//675 698//698 694//694
f 699//699 701//701 3355//3355 684//684
f 700//700 710//710 3355//3355 701//701
f 702//702 700//700 701//701 695//695
f 702//702 703//703 705//705 700//700
f 703//703 697//697 704//704 3345//3345
f 712//712 705//705 703//703 3345//3345
f 3310//3310 714//714 704//704 697//697
f 705//705 966//966 710//710 700//700
f 705//705 712//712 711//711 966//966
f 706//706 707//707 927//927 925//925
f 708//708 709//709 710//710 966//966
f 967//967 968//968 708//708 965//965
f 708//708 968//968 3370//3370 709//709
f 927//927 707//707 709//709 3370//3370
f 709//709 707//707 3355//3355 710//710
f 713//713 711//711 712//712 3341//3341
f 725//725 3341//3341 712//712 3345//3345
f 965//965 711//711 713//713 970//970
f 714//714 715//715 716//716 719//719
f 717//717 704//704 714//714 719//719
f 715//715 714//714 3310//3310 3372//3372
f 717//717 719//719 718//718 3592//3592
f 724//724 725//725 717//717 3592//3592
f 717//717 725//725 3345//3345 704//704
f 720//720 718//718 719//719 716//716
f 722//722 721//721 720//720 723//723
f 720//720 721//721 727//727 718//718
f 722//722 744//744 728//728 721//721
f 3167//3167 722//722 723//723 3412//3412
f 733//733 732//732 724//724 3323//3323
f 724//724 732//732 3341//3341 725//725
f 726//726 728//728 749//749 731//731
f 728//728 726//726 727//727 721//721
f 727//727 726//726 729//729 3248//3248
f 3592//3592 718//718 727//727 3248//3248
f 728//728 744//744 743//743 749//749
f 731//731 730//730 729//729 726//726
f 729//729 730//730 1040//1040 1019//1019
f 3323//3323 3248//3248 729//729 1019//1019
f 731//731 754//754 1037//1037 730//730
f 1015//1015 1016//1016 732//732 733//733
f 1019//1019 1018//1018 733//733 3323//3323
f 734//734 764//764 741//741 735//735
f 763//763 764//764 734//734 757//757
f 736//736 734//734 735//735 737//737
f 3413//3413 737//737 735//735 3542//3542
f 757//757 734//734 736//736 758//758
f 738//738 743//743 744//744 745//745
f 740//740 738//738 739//739 742//742
f 739//739 738//738 745//745 3542//3542
f 740//740 747//747 743//743 738//738
f 746//746 747//747 740//740 750//750
f 740//740 742//742 3442//3442 750//750
f 742//742 739//739 741//741 769//769
f 770//770 769//769 741//741 764//764
f 741//741 739//739 3542//3542 735//735
f 742//742 769//769 771//771 3442//3442
f 3167//3167 745//745 744//744 722//722
f 746//746 753//753 748//748 747//747
f 746//746 750//750 751//751 752//752
f 747//747 748//748 749//749 743//743
f 754//754 731//731 749//749 748//748
f 751//751 750//750 3442//3442 786//786
f 753//753 746//746 752//752 1038//1038
f 785//785 3144//3144 752//752 751//751
f 752//752 3144//3144 3382//3382 1038//1038
f 753//753 756//756 754//754 748//748
f 755//755 756//756 753//753 1038//1038
f 1043//1043 1044//1044 755//755 1039//1039
f 756//756 1036//1036 1037//1037 754//754
f 1044//1044 1036//1036 756//756 755//755
f 3434//3434 767//767 757//757 758//758
f 759//759 760//760 761//761 762//762
f 768//768 765//765 760//760 759//759
f 761//761 760//760 767//767 3434//3434
f 1997//1997 2261//2261 762//762 504//504
f 762//762 2261//2261 2262//2262 759//759
f 767//767 766//766 763//763 757//757
f 763//763 766//766 774//774 773//773
f 773//773 770//770 764//764 763//763
f 765//765 766//766 767//767 760//760
f 765//765 778//778 774//774 766//766
f 768//768 2271//2271 778//778 765//765
f 2262//2262 3521//3521 768//768 759//759
f 768//768 3521//3521 2272//2272 2271//2271
f 772//772 771//771 769//769 770//770
f 780//780 781//781 771//771 772//772
f 771//771 781//781 786//786 3442//3442
f 772//772 770//770 773//773 775//775
f 775//775 773//773 774//774 776//776
f 777//777 776//776 774//774 778//778
f 775//775 802//802 780//780 772//772
f 782//782 783//783 776//776 777//777
f 776//776 783//783 802//802 775//775
f 784//784 782//782 777//777 779//779
f 779//779 777//777 778//778 2271//2271
f 779//779 2271//2271 2272//2272 2274//2274
f 801//801 787//787 781//781 780//780
f 803//803 802//802 783//783 805//805
f 804//804 805//805 783//783 782//782
f 804//804 782//782 784//784 3421//3421
f 2274//2274 3495//3495 784//784 779//779
f 784//784 3495//3495 3420//3420 3421//3421
f 785//785 751//751 786//786 788//788
f 791//791 3165//3165 785//785 788//788
f 787//787 788//788 786//786 781//781
f 787//787 792//792 791//791 788//788
f 789//789 790//790 791//791 792//792
f 793//793 794//794 790//790 789//789
f 797//797 799//799 790//790 794//794
f 791//791 790//790 799//799 3165//3165
f 801//801 807//807 792//792 787//787
f 806//806 789//789 792//792 807//807
f 806//806 3513//3513 793//793 789//789
f 793//793 3513//3513 821//821 819//819
f 794//794 793//793 819//819 795//795
f 795//795 796//796 797//797 794//794
f 1081//1081 796//796 795//795 820//820
f 796//796 3083//3083 800//800 797//797
f 1065//1065 3252//3252 798//798 800//800
f 3165//3165 799//799 798//798 3166//3166
f 800//800 798//798 799//799 797//797
f 1066//1066 1065//1065 800//800 3083//3083
f 801//801 780//780 802//802 803//803
f 810//810 807//807 801//801 803//803
f 812//812 810//810 803//803 805//805
f 804//804 813//813 812//812 805//805
f 810//810 809//809 806//806 807//807
f 808//808 809//809 810//810 812//812
f 818//818 816//816 808//808 811//811
f 816//816 817//817 809//809 808//808
f 809//809 817//817 3513//3513 806//806
f 811//811 808//808 812//812 813//813
f 811//811 815//815 3515//3515 818//818
f 813//813 814//814 815//815 811//811
f 3421//3421 814//814 813//813 804//804
f 2316//2316 2315//2315 815//815 814//814
f 815//815 2315//2315 2319//2319 3515//3515
f 816//816 827//827 823//823 817//817
f 818//818 829//829 827//827 816//816
f 818//818 3515//3515 830//830 829//829
f 820//820 795//795 819//819 822//822
f 822//822 819//819 821//821 824//824
f 822//822 1085//1085 1084//1084 820//820
f 824//824 821//821 823//823 825//825
f 826//826 825//825 823//823 827//827
f 3513//3513 817//817 823//823 821//821
f 824//824 1087//1087 1085//1085 822//822
f 1113//1113 1087//1087 824//824 825//825
f 826//826 1114//1114 1113//1113 825//825
f 828//828 826//826 827//827 829//829
f 828//828 829//829 830//830 2342//2342
f 828//828 1115//1115 1114//1114 826//826
f 828//828 2342//2342 3498//3498 1115//1115
f 836//836 832//832 831//831 841//841
f 833//833 528//528 832//832 837//837
f 838//838 837//837 832//832 836//836
f 852//852 545//545 833//833 837//837
f 840//840 839//839 834//834 835//835
f 836//836 841//841 842//842 847//847
f 845//845 838//838 836//836 847//847
f 852//852 837//837 838//838 3588//3588
f 839//839 843//843 841//841 831//831
f 840//840 844//844 843//843 839//839
f 3261//3261 3260//3260 840//840 835//835
f 843//843 849//849 842//842 841//841
f 844//844 850//850 849//849 843//843
f 3257//3257 850//850 844//844 3259//3259
f 3260//3260 3259//3259 844//844 840//840
f 845//845 847//847 848//848 1131//1131
f 3297//3297 3301//3301 845//845 1131//1131
f 3588//3588 838//838 845//845 3301//3301
f 847//847 842//842 846//846 848//848
f 849//849 851//851 846//846 842//842
f 1099//1099 848//848 846//846 1133//1133
f 1134//1134 1133//1133 846//846 851//851
f 1132//1132 851//851 849//849 850//850
f 855//855 853//853 852//852 3588//3588
f 854//854 546//546 853//853 856//856
f 857//857 856//856 853//853 855//855
f 3344//3344 3343//3343 854//854 856//856
f 858//858 857//857 855//855 859//859
f 3301//3301 859//859 855//855 3588//3588
f 3344//3344 856//856 857//857 3593//3593
f 858//858 859//859 860//860 1151//1151
f 3322//3322 3321//3321 858//858 1151//1151
f 3593//3593 857//857 858//858 3321//3321
f 1130//1130 1151//1151 860//860 1126//1126
f 860//860 859//859 3301//3301 3297//3297
f 861//861 864//864 862//862 561//561
f 3391//3391 3390//3390 861//861 560//560
f 862//862 865//865 866//866 863//863
f 863//863 866//866 3260//3260 3261//3261
f 863//863 3261//3261 3575//3575 562//562
f 864//864 867//867 865//865 862//862
f 3390//3390 3389//3389 864//864 861//861
f 864//864 3389//3389 3392//3392 867//867
f 869//869 868//868 866//866 865//865
f 866//866 868//868 3259//3259 3260//3260
f 867//867 870//870 869//869 865//865
f 867//867 3392//3392 876//876 870//870
f 872//872 871//871 868//868 869//869
f 873//873 872//872 869//869 870//870
f 871//871 3257//3257 3259//3259 868//868
f 872//872 1152//1152 1153//1153 871//871
f 876//876 875//875 873//873 870//870
f 873//873 1158//1158 1152//1152 872//872
f 874//874 875//875 876//876 887//887
f 886//886 889//889 874//874 887//887
f 1155//1155 1154//1154 875//875 874//874
f 875//875 1154//1154 1158//1158 873//873
f 881//881 880//880 878//878 877//877
f 878//878 880//880 3389//3389 3390//3390
f 3391//3391 575//575 878//878 3390//3390
f 879//879 882//882 881//881 877//877
f 3299//3299 882//882 879//879 3581//3581
f 884//884 883//883 880//880 881//881
f 880//880 883//883 3392//3392 3389//3389
f 885//885 884//884 881//881 882//882
f 884//884 886//886 887//887 883//883
f 888//888 886//886 884//884 885//885
f 3299//3299 899//899 885//885 882//882
f 886//886 888//888 3582//3582 889//889
f 3392//3392 883//883 887//887 876//876
f 899//899 898//898 888//888 885//885
f 3340//3340 3582//3582 888//888 898//898
f 889//889 1170//1170 1155//1155 874//874
f 889//889 3582//3582 3407//3407 1170//1170
f 890//890 892//892 893//893 3371//3371
f 891//891 894//894 892//892 890//890
f 3347//3347 3342//3342 891//891 592//592
f 891//891 3342//3342 3594//3594 894//894
f 892//892 895//895 896//896 893//893
f 893//893 896//896 899//899 3299//3299
f 3581//3581 3371//3371 893//893 3299//3299
f 894//894 897//897 895//895 892//892
f 894//894 3594//3594 903//903 897//897
f 901//901 900//900 896//896 895//895
f 897//897 3309//3309 901//901 895//895
f 900//900 898//898 899//899 896//896
f 1178//1178 1177//1177 900//900 901//901
f 900//900 1177//1177 3340//3340 898//898
f 1180//1180 1179//1179 902//902 904//904
f 902//902 1179//1179 3308//3308 3309//3309
f 904//904 902//902 903//903 2413//2413
f 903//903 902//902 3309//3309 897//897
f 2695//2695 1180//1180 904//904 2415//2415
f 906//906 907//907 905//905 3411//3411
f 909//909 908//908 905//905 907//907
f 929//929 907//907 906//906 922//922
f 917//917 910//910 908//908 909//909
f 929//929 931//931 909//909 907//907
f 917//917 918//918 911//911 910//910
f 918//918 919//919 912//912 911//911
f 920//920 914//914 912//912 919//919
f 916//916 915//915 913//913 914//914
f 921//921 916//916 914//914 920//920
f 916//916 2435//2435 2178//2178 915//915
f 931//931 942//942 917//917 909//909
f 945//945 918//918 917//917 942//942
f 947//947 919//919 918//918 945//945
f 947//947 948//948 920//920 919//919
f 948//948 950//950 921//921 920//920
f 921//921 2441//2441 2435//2435 916//916
f 2450//2450 2441//2441 921//921 950//950
f 923//923 926//926 939//939 933//933
f 925//925 923//923 924//924 691//691
f 933//933 930//930 924//924 923//923
f 925//925 927//927 926//926 923//923
f 938//938 939//939 926//926 972//972
f 972//972 926//926 927//927 3370//3370
f 933//933 935//935 928//928 930//930
f 934//934 932//932 928//928 935//935
f 930//930 928//928 929//929 922//922
f 932//932 931//931 929//929 928//928
f 943//943 942//942 931//931 932//932
f 952//952 943//943 932//932 934//934
f 937//937 935//935 933//933 939//939
f 937//937 941//941 934//934 935//935
f 936//936 940//940 941//941 937//937
f 973//973 977//977 936//936 938//938
f 938//938 936//936 937//937 939//939
f 977//977 990//990 940//940 936//936
f 989//989 956//956 940//940 990//990
f 941//941 955//955 952//952 934//934
f 956//956 955//955 941//941 940//940
f 943//943 944//944 945//945 942//942
f 944//944 946//946 947//947 945//945
f 952//952 3529//3529 944//944 943//943
f 953//953 949//949 946//946 954//954
f 3529//3529 954//954 946//946 944//944
f 949//949 948//948 947//947 946//946
f 951//951 950//950 948//948 949//949
f 953//953 3530//3530 951//951 949//949
f 951//951 2449//2449 2450//2450 950//950
f 958//958 3529//3529 952//952 955//955
f 960//960 961//961 953//953 954//954
f 964//964 3530//3530 953//953 961//961
f 956//956 957//957 958//958 955//955
f 957//957 959//959 960//960 958//958
f 989//989 994//994 957//957 956//956
f 991//991 962//962 959//959 992//992
f 994//994 992//992 959//959 957//957
f 962//962 961//961 960//960 959//959
f 960//960 954//954 3529//3529 958//958
f 962//962 963//963 964//964 961//961
f 991//991 998//998 963//963 962//962
f 963//963 2469//2469 2470//2470 964//964
f 966//966 711//711 965//965 708//708
f 965//965 970//970 969//969 967//967
f 975//975 974//974 967//967 969//969
f 967//967 974//974 3087//3087 968//968
f 971//971 969//969 970//970 1020//1020
f 1016//1016 1020//1020 970//970 713//713
f 971//971 1024//1024 975//975 969//969
f 3298//3298 1025//1025 971//971 1020//1020
f 973//973 938//938 972//972 3087//3087
f 976//976 977//977 973//973 979//979
f 978//978 979//979 974//974 975//975
f 975//975 1024//1024 983//983 978//978
f 978//978 980//980 976//976 979//979
f 982//982 981//981 976//976 980//980
f 990//990 977//977 976//976 981//981
f 3087//3087 974//974 979//979 973//973
f 983//983 984//984 980//980 978//978
f 985//985 982//982 980//980 984//984
f 989//989 990//990 981//981 999//999
f 1003//1003 999//999 981//981 982//982
f 1004//1004 1003//1003 982//982 985//985
f 1023//1023 986//986 983//983 1024//1024
f 986//986 987//987 984//984 983//983
f 988//988 985//985 984//984 987//987
f 1010//1010 1004//1004 985//985 988//988
f 986//986 1023//1023 1030//1030 1202//1202
f 1201//1201 987//987 986//986 1202//1202
f 1201//1201 1203//1203 988//988 987//987
f 993//993 994//994 989//989 999//999
f 993//993 995//995 992//992 994//994
f 996//996 991//991 992//992 995//995
f 1001//1001 995//995 993//993 1000//1000
f 996//996 997//997 998//998 991//991
f 996//996 995//995 1001//1001 1007//1007
f 1002//1002 997//997 996//996 1007//1007
f 997//997 2499//2499 2497//2497 998//998
f 2504//2504 2499//2499 997//997 1002//1002
f 998//998 2497//2497 2469//2469 963//963
f 1000//1000 993//993 999//999 1003//1003
f 1004//1004 1005//1005 1000//1000 1003//1003
f 1005//1005 1006//1006 1001//1001 1000//1000
f 1008//1008 1007//1007 1001//1001 1006//1006
f 1008//1008 1009//1009 1002//1002 1007//1007
f 1010//1010 1011//1011 1005//1005 1004//1004
f 1011//1011 1012//1012 1006//1006 1005//1005
f 1013//1013 1008//1008 1006//1006 1012//1012
f 1013//1013 1014//1014 1009//1009 1008//1008
f 1009//1009 2508//2508 2504//2504 1002//1002
f 1203//1203 1214//1214 1010//1010 988//988
f 1217//1217 1011//1011 1010//1010 1214//1214
f 1219//1219 1012//1012 1011//1011 1217//1217
f 1219//1219 1220//1220 1013//1013 1012//1012
f 1223//1223 1014//1014 1013//1013 1220//1220
f 1014//1014 2513//2513 2508//2508 1009//1009
f 2725//2725 2513//2513 1014//1014 1223//1223
f 1015//1015 733//733 1018//1018 3249//3249
f 1020//1020 1016//1016 1015//1015 3298//3298
f 1029//1029 3298//3298 1015//1015 3249//3249
f 3341//3341 732//732 1016//1016 713//713
f 1017//1017 1018//1018 1019//1019 1040//1040
f 1017//1017 1022//1022 3249//3249 1018//1018
f 1022//1022 1017//1017 1021//1021 1053//1053
f 1040//1040 1041//1041 1021//1021 1017//1017
f 1021//1021 1047//1047 1051//1051 1053//1053
f 1025//1025 1023//1023 1024//1024 971//971
f 1025//1025 1027//1027 1030//1030 1023//1023
f 1030//1030 1027//1027 1026//1026 1035//1035
f 1033//1033 1032//1032 1026//1026 1028//1028
f 1028//1028 1026//1026 1027//1027 1029//1029
f 1027//1027 1025//1025 3298//3298 1029//1029
f 1053//1053 1033//1033 1028//1028 1022//1022
f 3249//3249 1022//1022 1028//1028 1029//1029
f 1031//1031 1032//1032 1033//1033 1054//1054
f 1031//1031 1054//1054 1058//1058 1237//1237
f 1032//1032 1034//1034 1035//1035 1026//1026
f 1032//1032 1031//1031 1198//1198 1034//1034
f 1202//1202 1030//1030 1035//1035 1199//1199
f 1205//1205 1199//1199 1035//1035 1034//1034
f 1037//1037 1041//1041 1040//1040 730//730
f 1037//1037 1036//1036 1042//1042 1041//1041
f 1039//1039 755//755 1038//1038 3382//3382
f 1064//1064 1048//1048 1039//1039 3382//3382
f 1047//1047 1021//1021 1041//1041 1042//1042
f 1042//1042 1036//1036 1044//1044 1045//1045
f 1043//1043 1039//1039 1048//1048 1050//1050
f 1044//1044 1043//1043 1049//1049 1045//1045
f 1045//1045 1046//1046 1047//1047 1042//1042
f 1046//1046 1045//1045 1049//1049 3212//3212
f 1052//1052 1051//1051 1047//1047 1046//1046
f 1049//1049 1043//1043 1050//1050 1056//1056
f 1049//1049 1056//1056 1055//1055 3212//3212
f 1063//1063 1068//1068 1050//1050 1048//1048
f 3570//3570 1056//1056 1050//1050 1068//1068
f 1058//1058 1054//1054 1051//1051 1052//1052
f 3212//3212 1059//1059 1052//1052 1046//1046
f 1054//1054 1033//1033 1053//1053 1051//1051
f 1062//1062 1055//1055 1056//1056 3570//3570
f 1057//1057 1239//1239 1237//1237 1058//1058
f 1238//1238 1239//1239 1057//1057 3209//3209
f 1059//1059 1057//1057 1058//1058 1052//1052
f 1059//1059 1061//1061 3209//3209 1057//1057
f 1060//1060 1062//1062 1078//1078 1288//1288
f 3209//3209 1061//1061 1060//1060 1241//1241
f 1062//1062 1060//1060 1061//1061 1055//1055
f 1061//1061 1059//1059 3212//3212 1055//1055
f 1073//1073 1078//1078 1062//1062 3570//3570
f 1063//1063 1048//1048 1064//1064 3252//3252
f 1067//1067 1068//1068 1063//1063 3255//3255
f 3255//3255 1065//1065 1066//1066 1070//1070
f 1067//1067 3255//3255 1070//1070 1072//1072
f 1067//1067 1073//1073 3570//3570 1068//1068
f 1100//1100 1076//1076 1069//1069 1071//1071
f 1071//1071 1069//1069 1070//1070 1066//1066
f 1075//1075 1072//1072 1070//1070 1069//1069
f 1101//1101 1100//1100 1071//1071 1083//1083
f 3083//3083 1083//1083 1071//1071 1066//1066
f 1073//1073 1067//1067 1072//1072 1289//1289
f 1072//1072 1075//1075 1079//1079 1289//1289
f 1077//1077 1078//1078 1073//1073 1289//1289
f 1105//1105 1111//1111 1074//1074 1076//1076
f 1306//1306 1080//1080 1074//1074 1111//1111
f 1076//1076 1074//1074 1075//1075 1069//1069
f 1080//1080 1079//1079 1075//1075 1074//1074
f 1077//1077 1289//1289 1079//1079 1296//1296
f 1290//1290 1288//1288 1078//1078 1077//1077
f 1291//1291 1292//1292 1080//1080 1306//1306
f 1080//1080 1292//1292 1296//1296 1079//1079
f 1084//1084 1082//1082 1081//1081 820//820
f 1081//1081 1083//1083 3083//3083 796//796
f 1083//1083 1081//1081 1082//1082 1101//1101
f 1082//1082 1084//1084 1086//1086 1089//1089
f 1091//1091 1101//1101 1082//1082 1089//1089
f 1086//1086 1084//1084 1085//1085 1088//1088
f 1093//1093 1089//1089 1086//1086 1095//1095
f 1097//1097 1095//1095 1086//1086 1088//1088
f 1088//1088 1085//1085 1087//1087 1116//1116
f 3418//3418 1097//1097 1088//1088 1116//1116
f 1090//1090 1091//1091 1089//1089 1093//1093
f 1091//1091 1090//1090 1107//1107 1102//1102
f 1099//1099 1136//1136 1092//1092 1094//1094
f 1104//1104 1103//1103 1092//1092 1136//1136
f 1094//1094 1092//1092 1093//1093 1095//1095
f 1103//1103 1090//1090 1093//1093 1092//1092
f 1097//1097 1096//1096 1094//1094 1095//1095
f 1096//1096 1098//1098 1099//1099 1094//1094
f 1096//1096 1128//1128 1127//1127 1098//1098
f 3418//3418 1128//1128 1096//1096 1097//1097
f 1131//1131 848//848 1099//1099 1098//1098
f 1105//1105 1076//1076 1100//1100 1102//1102
f 1102//1102 1100//1100 1101//1101 1091//1091
f 1102//1102 1107//1107 3283//3283 1105//1105
f 1103//1103 1106//1106 1107//1107 1090//1090
f 1104//1104 1110//1110 1106//1106 1103//1103
f 3176//3176 1144//1144 1104//1104 1136//1136
f 1112//1112 1111//1111 1105//1105 3283//3283
f 1109//1109 3283//3283 1107//1107 1106//1106
f 1143//1143 1150//1150 1108//1108 1110//1110
f 3282//3282 1109//1109 1108//1108 3203//3203
f 1110//1110 1108//1108 1109//1109 1106//1106
f 1144//1144 1143//1143 1110//1110 1104//1104
f 1304//1304 1306//1306 1111//1111 1112//1112
f 1305//1305 1304//1304 1112//1112 3282//3282
f 1116//1116 1087//1087 1113//1113 1117//1117
f 1117//1117 1113//1113 1114//1114 1118//1118
f 1118//1118 1114//1114 1115//1115 1121//1121
f 1115//1115 3498//3498 1122//1122 1121//1121
f 1117//1117 1124//1124 3418//3418 1116//1116
f 1119//1119 1120//1120 1118//1118 1121//1121
f 1118//1118 1120//1120 1124//1124 1117//1117
f 1119//1119 1121//1121 1122//1122 2608//2608
f 1125//1125 1120//1120 1119//1119 3459//3459
f 1119//1119 2608//2608 2615//2615 3459//3459
f 1123//1123 1124//1124 1120//1120 1125//1125
f 2607//2607 2608//2608 1122//1122 2604//2604
f 1123//1123 1125//1125 1130//1130 1126//1126
f 1124//1124 1123//1123 1128//1128 3418//3418
f 1129//1129 1130//1130 1125//1125 3459//3459
f 1126//1126 1127//1127 1128//1128 1123//1123
f 3297//3297 1127//1127 1126//1126 860//860
f 1127//1127 3297//3297 1131//1131 1098//1098
f 1151//1151 1130//1130 1129//1129 3322//3322
f 1132//1132 1135//1135 1134//1134 851//851
f 3257//3257 1138//1138 1132//1132 850//850
f 1136//1136 1099//1099 1133//1133 3176//3176
f 1134//1134 3196//3196 3176//3176 1133//1133
f 1138//1138 1137//1137 1135//1135 1132//1132
f 1140//1140 1141//1141 1135//1135 1137//1137
f 1135//1135 1141//1141 3196//3196 1134//1134
f 1142//1142 1140//1140 1137//1137 1139//1139
f 1139//1139 1137//1137 1138//1138 1153//1153
f 1152//1152 1156//1156 1139//1139 1153//1153
f 1140//1140 1142//1142 3400//3400 1146//1146
f 1146//1146 1145//1145 1141//1141 1140//1140
f 1141//1141 1145//1145 3208//3208 3196//3196
f 1156//1156 1165//1165 1142//1142 1139//1139
f 3208//3208 1148//1148 1143//1143 1144//1144
f 1145//1145 1147//1147 1148//1148 3208//3208
f 1146//1146 1323//1323 1147//1147 1145//1145
f 1322//1322 1326//1326 1147//1147 1323//1323
f 1148//1148 1149//1149 1150//1150 1143//1143
f 1148//1148 1147//1147 1326//1326 1149//1149
f 1320//1320 1321//1321 1149//1149 1326//1326
f 1149//1149 1321//1321 1328//1328 1150//1150
f 1150//1150 1328//1328 3203//3203 1108//1108
f 1152//1152 1158//1158 1157//1157 1156//1156
f 1153//1153 1138//1138 3257//3257 871//871
f 1160//1160 1159//1159 1154//1154 1155//1155
f 1171//1171 1160//1160 1155//1155 1170//1170
f 1156//1156 1157//1157 1162//1162 1165//1165
f 1159//1159 1157//1157 1158//1158 1154//1154
f 1159//1159 1161//1161 1162//1162 1157//1157
f 1163//1163 1161//1161 1159//1159 1160//1160
f 1161//1161 1167//1167 1166//1166 1162//1162
f 3562//3562 1167//1167 1161//1161 1163//1163
f 1171//1171 3188//3188 1163//1163 1160//1160
f 3406//3406 3562//3562 1163//1163 3188//3188
f 1164//1164 1168//1168 1169//1169 3400//3400
f 1339//1339 1168//1168 1164//1164 1166//1166
f 1166//1166 1164//1164 1165//1165 1162//1162
f 1165//1165 1164//1164 3400//3400 1142//1142
f 1167//1167 1341//1341 1339//1339 1166//1166
f 1345//1345 1341//1341 1167//1167 3562//3562
f 1324//1324 1169//1169 1168//1168 3566//3566
f 1338//1338 3566//3566 1168//1168 1339//1339
f 3407//3407 1173//1173 1171//1171 1170//1170
f 1176//1176 1175//1175 1172//1172 1174//1174
f 1172//1172 1175//1175 3406//3406 3188//3188
f 1174//1174 1172//1172 1173//1173 1187//1187
f 1173//1173 1172//1172 3188//3188 1171//1171
f 1195//1195 1176//1176 1174//1174 1191//1191
f 1176//1176 1354//1354 1355//1355 1175//1175
f 1177//1177 1181//1181 1182//1182 3340//3340
f 1178//1178 1183//1183 1181//1181 1177//1177
f 3309//3309 3308//3308 1178//1178 901//901
f 3586//3586 1183//1183 1178//1178 3308//3308
f 1180//1180 1184//1184 1185//1185 1179//1179
f 1181//1181 1186//1186 1187//1187 1182//1182
f 1182//1182 3407//3407 3582//3582 3340//3340
f 1183//1183 1188//1188 1186//1186 1181//1181
f 1183//1183 3586//3586 3251//3251 1188//1188
f 1184//1184 1189//1189 1190//1190 1185//1185
f 2695//2695 2698//2698 1184//1184 1180//1180
f 1185//1185 3586//3586 3308//3308 1179//1179
f 1192//1192 1191//1191 1186//1186 1188//1188
f 1191//1191 1174//1174 1187//1187 1186//1186
f 1187//1187 1173//1173 3407//3407 1182//1182
f 2698//2698 2701//2701 1189//1189 1184//1184
f 2704//2704 1194//1194 1189//1189 2701//2701
f 1194//1194 1193//1193 1190//1190 1189//1189
f 1190//1190 1193//1193 3241//3241 3251//3251
f 3586//3586 1185//1185 1190//1190 3251//3251
f 1192//1192 3240//3240 1195//1195 1191//1191
f 3251//3251 3241//3241 1192//1192 1188//1188
f 1197//1197 1196//1196 1193//1193 1194//1194
f 1193//1193 1196//1196 3239//3239 3241//3241
f 2705//2705 1197//1197 1194//1194 2704//2704
f 1195//1195 1366//1366 1354//1354 1176//1176
f 3596//3596 1366//1366 1195//1195 3240//3240
f 1196//1196 1367//1367 1368//1368 3239//3239
f 1197//1197 1369//1369 1367//1367 1196//1196
f 1198//1198 1211//1211 1205//1205 1034//1034
f 1210//1210 1211//1211 1198//1198 1243//1243
f 1198//1198 1031//1031 1237//1237 1243//1243
f 1199//1199 1200//1200 1201//1201 1202//1202
f 1205//1205 1207//1207 1200//1200 1199//1199
f 1206//1206 1204//1204 1200//1200 1207//1207
f 1204//1204 1203//1203 1201//1201 1200//1200
f 1215//1215 1214//1214 1203//1203 1204//1204
f 1224//1224 1215//1215 1204//1204 1206//1206
f 1209//1209 1207//1207 1205//1205 1211//1211
f 1209//1209 1212//1212 1206//1206 1207//1207
f 1244//1244 1248//1248 1208//1208 1210//1210
f 1247//1247 1213//1213 1208//1208 1248//1248
f 1210//1210 1208//1208 1209//1209 1211//1211
f 1213//1213 1212//1212 1209//1209 1208//1208
f 1212//1212 1227//1227 1224//1224 1206//1206
f 1228//1228 1227//1227 1212//1212 1213//1213
f 1262//1262 1228//1228 1213//1213 1247//1247
f 1215//1215 1216//1216 1217//1217 1214//1214
f 1216//1216 1218//1218 1219//1219 1217//1217
f 1224//1224 3531//3531 1216//1216 1215//1215
f 1225//1225 1221//1221 1218//1218 1226//1226
f 3531//3531 1226//1226 1218//1218 1216//1216
f 1221//1221 1220//1220 1219//1219 1218//1218
f 1221//1221 1222//1222 1223//1223 1220//1220
f 1225//1225 3532//3532 1222//1222 1221//1221
f 1222//1222 2724//2724 2725//2725 1223//1223
f 1230//1230 3531//3531 1224//1224 1227//1227
f 1232//1232 1233//1233 1225//1225 1226//1226
f 1236//1236 3532//3532 1225//1225 1233//1233
f 1228//1228 1229//1229 1230//1230 1227//1227
f 1229//1229 1231//1231 1232//1232 1230//1230
f 1262//1262 1267//1267 1229//1229 1228//1228
f 1263//1263 1234//1234 1231//1231 1264//1264
f 1267//1267 1264//1264 1231//1231 1229//1229
f 1234//1234 1233//1233 1232//1232 1231//1231
f 1232//1232 1226//1226 3531//3531 1230//1230
f 1234//1234 1235//1235 1236//1236 1233//1233
f 1263//1263 1271//1271 1235//1235 1234//1234
f 1235//1235 2740//2740 2732//2732 1236//1236
f 1236//1236 2732//2732 2731//2731 3532//3532
f 3560//3560 1243//1243 1237//1237 1239//1239
f 1246//1246 1245//1245 1238//1238 1240//1240
f 3560//3560 1239//1239 1238//1238 1245//1245
f 1240//1240 1242//1242 1255//1255 1246//1246
f 3209//3209 1241//1241 1240//1240 1238//1238
f 1242//1242 1240//1240 1241//1241 1287//1287
f 1288//1288 1287//1287 1241//1241 1060//1060
f 1297//1297 1255//1255 1242//1242 3207//3207
f 3206//3206 3207//3207 1242//1242 1287//1287
f 1244//1244 1210//1210 1243//1243 3560//3560
f 1245//1245 1249//1249 1244//1244 3560//3560
f 1251//1251 1249//1249 1245//1245 1246//1246
f 1247//1247 1248//1248 1250//1250 1253//1253
f 1265//1265 1262//1262 1247//1247 1253//1253
f 1249//1249 1250//1250 1248//1248 1244//1244
f 1251//1251 1252//1252 1250//1250 1249//1249
f 1254//1254 1253//1253 1250//1250 1252//1252
f 1251//1251 1246//1246 1255//1255 1256//1256
f 1256//1256 1257//1257 1252//1252 1251//1251
f 1258//1258 1254//1254 1252//1252 1257//1257
f 1265//1265 1253//1253 1254//1254 1275//1275
f 1276//1276 1275//1275 1254//1254 1258//1258
f 1297//1297 1259//1259 1256//1256 1255//1255
f 1259//1259 1260//1260 1257//1257 1256//1256
f 1261//1261 1258//1258 1257//1257 1260//1260
f 1282//1282 1276//1276 1258//1258 1261//1261
f 1387//1387 1260//1260 1259//1259 1300//1300
f 1387//1387 1388//1388 1261//1261 1260//1260
f 1266//1266 1268//1268 1264//1264 1267//1267
f 1269//1269 1263//1263 1264//1264 1268//1268
f 1265//1265 1266//1266 1267//1267 1262//1262
f 1272//1272 1266//1266 1265//1265 1275//1275
f 1273//1273 1268//1268 1266//1266 1272//1272
f 1269//1269 1270//1270 1271//1271 1263//1263
f 1269//1269 1268//1268 1273//1273 1279//1279
f 1274//1274 1270//1270 1269//1269 1279//1279
f 1270//1270 2767//2767 2766//2766 1271//1271
f 2774//2774 2767//2767 1270//1270 1274//1274
f 1271//1271 2766//2766 2740//2740 1235//1235
f 1276//1276 1277//1277 1272//1272 1275//1275
f 1277//1277 1278//1278 1273//1273 1272//1272
f 1280//1280 1279//1279 1273//1273 1278//1278
f 1280//1280 1281//1281 1274//1274 1279//1279
f 1282//1282 1283//1283 1277//1277 1276//1276
f 1283//1283 1284//1284 1278//1278 1277//1277
f 1285//1285 1280//1280 1278//1278 1284//1284
f 1285//1285 1286//1286 1281//1281 1280//1280
f 1281//1281 2780//2780 2774//2774 1274//1274
f 1388//1388 1400//1400 1282//1282 1261//1261
f 1403//1403 1283//1283 1282//1282 1400//1400
f 1403//1403 1404//1404 1284//1284 1283//1283
f 1404//1404 1406//1406 1285//1285 1284//1284
f 1409//1409 1286//1286 1285//1285 1406//1406
f 1286//1286 2781//2781 2780//2780 1281//1281
f 2915//2915 2781//2781 1286//1286 1409//1409
f 3206//3206 1287//1287 1288//1288 1290//1290
f 1295//1295 3206//3206 1290//1290 1293//1293
f 1296//1296 1293//1293 1290//1290 1077//1077
f 1291//1291 1308//1308 1294//1294 1292//1292
f 1291//1291 1306//1306 1304//1304 1307//1307
f 1293//1293 1296//1296 1292//1292 1294//1294
f 1295//1295 1293//1293 1294//1294 3205//3205
f 3204//3204 3205//3205 1294//1294 1308//1308
f 1299//1299 1298//1298 1295//1295 3205//3205
f 3207//3207 3206//3206 1295//1295 1298//1298
f 1300//1300 1259//1259 1297//1297 3215//3215
f 3204//3204 1303//1303 1299//1299 3205//3205
f 3215//3215 1298//1298 1299//1299 1302//1302
f 1303//1303 1301//1301 1302//1302 1299//1299
f 1391//1391 1385//1385 1302//1302 1301//1301
f 1303//1303 3202//3202 1392//1392 1301//1301
f 1305//1305 1310//1310 1307//1307 1304//1304
f 1308//1308 1291//1291 1307//1307 1314//1314
f 1307//1307 1310//1310 3214//3214 1314//1314
f 1308//1308 1314//1314 1313//1313 3204//3204
f 1315//1315 1316//1316 1309//1309 1312//1312
f 1309//1309 1316//1316 3214//3214 1310//1310
f 1311//1311 1309//1309 1310//1310 1305//1305
f 1312//1312 1309//1309 1311//1311 1327//1327
f 3282//3282 3203//3203 1311//1311 1305//1305
f 1317//1317 1313//1313 1314//1314 3214//3214
f 1319//1319 1318//1318 1315//1315 1312//1312
f 1429//1429 1316//1316 1315//1315 3285//3285
f 1316//1316 1429//1429 1317//1317 3214//3214
f 1427//1427 1428//1428 1317//1317 1429//1429
f 1317//1317 1428//1428 3202//3202 1313//1313
f 1334//1334 1466//1466 1318//1318 1319//1319
f 1318//1318 1465//1465 3285//3285 1315//1315
f 1319//1319 1312//1312 1327//1327 1329//1329
f 1322//1322 1325//1325 1320//1320 1326//1326
f 3281//3281 1329//1329 1321//1321 1320//1320
f 1330//1330 1325//1325 1322//1322 1324//1324
f 1324//1324 1322//1322 1323//1323 1169//1169
f 3400//3400 1169//1169 1323//1323 1146//1146
f 1331//1331 1330//1330 1324//1324 3566//3566
f 1325//1325 1333//1333 3281//3281 1320//1320
f 3203//3203 1328//1328 1327//1327 1311//1311
f 1329//1329 1327//1327 1328//1328 1321//1321
f 1334//1334 1319//1319 1329//1329 3281//3281
f 1330//1330 1332//1332 1333//1333 1325//1325
f 1330//1330 1331//1331 1352//1352 1332//1332
f 1338//1338 1346//1346 1331//1331 3566//3566
f 1332//1332 1336//1336 1335//1335 1333//1333
f 1351//1351 1336//1336 1332//1332 1352//1352
f 1333//1333 1335//1335 1334//1334 3281//3281
f 1335//1335 1337//1337 1466//1466 1334//1334
f 1337//1337 1335//1335 1336//1336 1467//1467
f 1469//1469 1468//1468 1337//1337 1467//1467
f 1338//1338 1340//1340 1350//1350 1346//1346
f 1340//1340 1338//1338 1339//1339 1341//1341
f 1342//1342 1340//1340 1341//1341 1345//1345
f 1344//1344 1343//1343 1342//1342 1345//1345
f 1342//1342 3405//3405 1350//1350 1340//1340
f 1355//1355 1356//1356 1343//1343 1344//1344
f 1359//1359 1358//1358 1343//1343 1356//1356
f 1343//1343 1358//1358 3405//3405 1342//1342
f 1344//1344 1345//1345 3562//3562 3406//3406
f 1346//1346 1350//1350 1348//1348 3280//3280
f 1346//1346 3280//3280 1352//1352 1331//1331
f 1348//1348 1349//1349 1347//1347 3201//3201
f 1347//1347 1349//1349 1361//1361 3557//3557
f 1502//1502 1501//1501 1347//1347 3557//3557
f 1347//1347 1501//1501 3200//3200 3201//3201
f 1349//1349 1348//1348 1350//1350 3405//3405
f 1358//1358 1361//1361 1349//1349 3405//3405
f 1467//1467 1336//1336 1351//1351 3573//3573
f 1472//1472 3573//3573 1351//1351 1353//1353
f 1353//1353 1351//1351 1352//1352 3280//3280
f 1354//1354 1357//1357 1356//1356 1355//1355
f 3406//3406 1175//1175 1355//1355 1344//1344
f 1360//1360 1359//1359 1356//1356 1357//1357
f 1366//1366 1370//1370 1357//1357 1354//1354
f 1374//1374 1360//1360 1357//1357 1370//1370
f 1359//1359 1362//1362 1361//1361 1358//1358
f 1363//1363 1362//1362 1359//1359 1360//1360
f 1378//1378 1363//1363 1360//1360 1374//1374
f 1361//1361 1362//1362 1365//1365 3557//3557
f 1363//1363 1364//1364 1365//1365 1362//1362
f 1363//1363 1378//1378 3554//3554 1364//1364
f 1364//1364 1530//1530 1529//1529 1365//1365
f 1364//1364 3554//3554 3500//3500 1530//1530
f 1365//1365 1529//1529 1502//1502 3557//3557
f 3385//3385 1370//1370 1366//1366 3596//3596
f 1367//1367 1371//1371 1372//1372 1368//1368
f 1368//1368 3596//3596 3240//3240 3239//3239
f 1369//1369 1373//1373 1371//1371 1367//1367
f 2705//2705 2886//2886 1369//1369 1197//1197
f 1377//1377 1376//1376 1371//1371 1373//1373
f 1376//1376 1375//1375 1372//1372 1371//1371
f 1372//1372 1375//1375 3275//3275 3385//3385
f 1372//1372 3385//3385 3596//3596 1368//1368
f 2886//2886 2889//2889 1373//1373 1369//1369
f 3385//3385 3275//3275 1374//1374 1370//1370
f 1380//1380 1379//1379 1375//1375 1376//1376
f 1375//1375 1379//1379 3271//3271 3275//3275
f 1381//1381 1380//1380 1376//1376 1377//1377
f 2889//2889 3274//3274 1377//1377 1373//1373
f 3275//3275 3271//3271 1378//1378 1374//1374
f 1378//1378 3271//3271 3553//3553 3554//3554
f 1380//1380 1382//1382 1383//1383 1379//1379
f 1381//1381 1384//1384 1382//1382 1380//1380
f 3274//3274 3272//3272 1381//1381 1377//1377
f 1381//1381 3272//3272 3555//3555 1384//1384
f 1382//1382 1533//1533 1534//1534 1383//1383
f 3271//3271 1379//1379 1383//1383 3553//3553
f 1384//1384 1535//1535 1533//1533 1382//1382
f 1384//1384 3555//3555 3503//3503 1535//1535
f 1385//1385 1386//1386 1387//1387 1300//1300
f 3215//3215 1302//1302 1385//1385 1300//1300
f 1391//1391 1394//1394 1386//1386 1385//1385
f 1393//1393 1389//1389 1386//1386 1394//1394
f 1389//1389 1388//1388 1387//1387 1386//1386
f 1401//1401 1400//1400 1388//1388 1389//1389
f 1410//1410 1401//1401 1389//1389 1393//1393
f 1390//1390 1392//1392 1426//1426 1397//1397
f 1392//1392 1390//1390 1391//1391 1301//1301
f 1396//1396 1394//1394 1391//1391 1390//1390
f 1392//1392 3202//3202 1428//1428 1426//1426
f 1396//1396 1398//1398 1393//1393 1394//1394
f 1431//1431 1433//1433 1395//1395 1397//1397
f 1432//1432 1399//1399 1395//1395 1433//1433
f 1397//1397 1395//1395 1396//1396 1390//1390
f 1399//1399 1398//1398 1396//1396 1395//1395
f 1398//1398 1417//1417 1410//1410 1393//1393
f 1418//1418 1417//1417 1398//1398 1399//1399
f 1438//1438 1418//1418 1399//1399 1432//1432
f 1401//1401 1402//1402 1403//1403 1400//1400
f 1410//1410 1412//1412 1402//1402 1401//1401
f 1411//1411 1405//1405 1402//1402 1412//1412
f 1405//1405 1404//1404 1403//1403 1402//1402
f 1407//1407 1406//1406 1404//1404 1405//1405
f 1413//1413 1407//1407 1405//1405 1411//1411
f 1407//1407 1408//1408 1409//1409 1406//1406
f 1413//1413 1416//1416 1408//1408 1407//1407
f 1408//1408 2914//2914 2915//2915 1409//1409
f 1408//1408 1416//1416 2917//2917 2914//2914
f 1420//1420 1412//1412 1410//1410 1417//1417
f 1414//1414 1413//1413 1411//1411 1421//1421
f 1420//1420 1421//1421 1411//1411 1412//1412
f 1414//1414 1415//1415 1416//1416 1413//1413
f 1423//1423 1424//1424 1415//1415 1414//1414
f 1415//1415 2916//2916 2917//2917 1416//1416
f 1418//1418 1419//1419 1420//1420 1417//1417
f 1438//1438 1449//1449 1419//1419 1418//1418
f 1448//1448 1422//1422 1419//1419 1449//1449
f 1422//1422 1421//1421 1420//1420 1419//1419
f 1423//1423 1414//1414 1421//1421 1422//1422
f 1422//1422 1448//1448 1450//1450 1423//1423
f 1447//1447 1424//1424 1423//1423 1450//1450
f 1424//1424 2927//2927 2916//2916 1415//1415
f 2941//2941 2927//2927 1424//1424 1447//1447
f 1430//1430 3095//3095 1425//1425 1427//1427
f 1427//1427 1425//1425 1426//1426 1428//1428
f 1431//1431 1397//1397 1426//1426 1425//1425
f 1430//1430 1427//1427 1429//1429 3285//3285
f 1465//1465 1443//1443 1430//1430 3285//3285
f 3095//3095 1435//1435 1431//1431 1425//1425
f 1435//1435 1434//1434 1433//1433 1431//1431
f 1436//1436 1432//1432 1433//1433 1434//1434
f 1439//1439 1440//1440 1434//1434 1435//1435
f 1436//1436 1437//1437 1438//1438 1432//1432
f 1436//1436 1434//1434 1440//1440 1445//1445
f 1441//1441 1437//1437 1436//1436 1445//1445
f 1437//1437 1451//1451 1449//1449 1438//1438
f 1455//1455 1451//1451 1437//1437 1441//1441
f 1444//1444 3419//3419 1439//1439 1442//1442
f 1439//1439 1435//1435 3095//3095 1442//1442
f 3419//3419 1446//1446 1440//1440 1439//1439
f 1458//1458 1455//1455 1441//1441 3110//3110
f 1444//1444 1442//1442 1443//1443 3180//3180
f 1464//1464 3180//3180 1443//1443 1465//1465
f 1443//1443 1442//1442 3095//3095 1430//1430
f 1445//1445 1440//1440 1446//1446 3104//3104
f 3110//3110 1441//1441 1445//1445 3104//3104
f 1453//1453 1454//1454 1447//1447 1450//1450
f 1453//1453 1450//1450 1448//1448 1452//1452
f 1452//1452 1448//1448 1449//1449 1451//1451
f 1452//1452 1451//1451 1455//1455 1457//1457
f 1456//1456 1454//1454 1453//1453 1459//1459
f 1453//1453 1452//1452 1457//1457 1459//1459
f 1454//1454 2946//2946 2941//2941 1447//1447
f 2953//2953 2946//2946 1454//1454 1456//1456
f 2957//2957 2953//2953 1456//1456 1463//1463
f 1457//1457 1455//1455 1458//1458 1460//1460
f 1459//1459 1457//1457 1460//1460 3108//3108
f 1463//1463 1456//1456 1459//1459 3108//3108
f 1493//1493 3107//3107 1460//1460 1458//1458
f 1461//1461 1462//1462 1463//1463 3108//3108
f 1495//1495 1497//1497 1461//1461 3107//3107
f 1461//1461 1497//1497 3526//3526 1462//1462
f 1462//1462 2960//2960 2957//2957 1463//1463
f 1462//1462 3526//3526 2984//2984 2960//2960
f 1466//1466 1464//1464 1465//1465 1318//1318
f 1468//1468 1464//1464 1466//1466 1337//1337
f 1470//1470 1469//1469 1467//1467 3573//3573
f 1474//1474 1473//1473 1468//1468 1469//1469
f 3180//3180 1464//1464 1468//1468 1473//1473
f 1469//1469 1470//1470 1477//1477 1474//1474
f 1472//1472 1471//1471 1470//1470 3573//3573
f 1471//1471 1504//1504 1477//1477 1470//1470
f 3200//3200 1500//1500 1471//1471 1472//1472
f 3201//3201 3200//3200 1472//1472 1353//1353
f 1474//1474 1476//1476 1484//1484 1473//1473
f 1487//1487 1486//1486 1475//1475 1489//1489
f 1504//1504 1489//1489 1475//1475 1477//1477
f 1477//1477 1475//1475 1476//1476 1474//1474
f 1481//1481 1484//1484 1476//1476 1480//1480
f 1486//1486 1480//1480 1476//1476 1475//1475
f 1486//1486 1485//1485 1478//1478 1480//1480
f 1480//1480 1478//1478 1479//1479 1481//1481
f 1483//1483 1482//1482 1479//1479 1478//1478
f 1479//1479 1482//1482 3104//3104 1446//1446
f 1479//1479 1446//1446 3419//3419 1481//1481
f 1491//1491 1490//1490 1482//1482 1483//1483
f 1482//1482 1490//1490 3110//3110 3104//3104
f 1483//1483 1478//1478 1485//1485 1494//1494
f 3180//3180 1473//1473 1484//1484 1444//1444
f 3419//3419 1444//1444 1484//1484 1481//1481
f 1486//1486 1487//1487 1537//1537 1485//1485
f 1488//1488 1487//1487 1489//1489 3195//3195
f 1488//1488 1536//1536 1537//1537 1487//1487
f 3139//3139 1536//1536 1488//1488 3130//3130
f 3142//3142 3130//3130 1488//1488 3195//3195
f 1503//1503 3195//3195 1489//1489 1504//1504
f 1491//1491 1492//1492 1493//1493 1490//1490
f 1491//1491 1483//1483 1494//1494 3425//3425
f 1496//1496 1492//1492 1491//1491 3425//3425
f 1492//1492 1495//1495 3107//3107 1493//1493
f 1493//1493 1458//1458 3110//3110 1490//1490
f 1537//1537 1538//1538 1494//1494 1485//1485
f 1495//1495 1492//1492 1496//1496 1498//1498
f 1497//1497 1495//1495 1498//1498 3424//3424
f 3527//3527 3526//3526 1497//1497 3424//3424
f 1543//1543 1544//1544 1498//1498 1496//1496
f 1506//1506 1505//1505 1499//1499 1532//1532
f 1501//1501 1499//1499 1500//1500 3200//3200
f 1500//1500 1503//1503 1504//1504 1471//1471
f 1505//1505 1503//1503 1500//1500 1499//1499
f 1501//1501 1502//1502 1532//1532 1499//1499
f 1505//1505 1506//1506 1511//1511 3142//3142
f 1505//1505 3142//3142 3195//3195 1503//1503
f 1506//1506 1532//1532 1531//1531 1508//1508
f 1507//1507 1512//1512 1510//1510 1508//1508
f 1507//1507 3477//3477 1525//1525 1512//1512
f 1509//1509 1507//1507 1508//1508 1531//1531
f 1508//1508 1510//1510 1511//1511 1506//1506
f 1509//1509 3501//3501 3477//3477 1507//1507
f 1567//1567 1556//1556 1510//1510 1512//1512
f 1556//1556 1555//1555 1511//1511 1510//1510
f 1511//1511 1555//1555 3130//3130 3142//3142
f 1512//1512 1525//1525 1524//1524 1567//1567
f 1517//1517 1516//1516 1513//1513 1515//1515
f 1513//1513 1520//1520 1521//1521 1514//1514
f 1515//1515 1513//1513 1514//1514 3505//3505
f 3501//3501 3505//3505 1514//1514 3477//3477
f 1533//1533 1517//1517 1515//1515 1534//1534
f 3502//3502 1534//1534 1515//1515 3505//3505
f 1519//1519 1518//1518 1516//1516 1517//1517
f 1516//1516 1522//1522 1520//1520 1513//1513
f 1535//1535 1519//1519 1517//1517 1533//1533
f 1518//1518 1523//1523 1522//1522 1516//1516
f 1518//1518 3478//3478 3479//3479 1523//1523
f 1519//1519 3504//3504 3478//3478 1518//1518
f 1521//1521 1520//1520 1527//1527 1568//1568
f 3477//3477 1514//1514 1521//1521 1525//1525
f 1522//1522 1526//1526 1527//1527 1520//1520
f 1522//1522 1523//1523 1528//1528 1526//1526
f 1523//1523 3479//3479 3074//3074 1528//1528
f 1525//1525 1521//1521 1568//1568 1524//1524
f 1569//1569 1566//1566 1527//1527 1526//1526
f 1528//1528 3523//3523 1569//1569 1526//1526
f 1529//1529 1531//1531 1532//1532 1502//1502
f 1530//1530 1509//1509 1531//1531 1529//1529
f 1530//1530 3500//3500 3501//3501 1509//1509
f 3553//3553 1383//1383 1534//1534 3502//3502
f 1535//1535 3503//3503 3504//3504 1519//1519
f 1539//1539 1538//1538 1537//1537 1536//1536
f 1541//1541 1540//1540 1538//1538 1539//1539
f 1538//1538 1540//1540 3425//3425 1494//1494
f 3139//3139 3138//3138 1539//1539 1536//1536
f 1541//1541 1542//1542 1543//1543 1540//1540
f 3138//3138 1551//1551 1541//1541 1539//1539
f 1551//1551 1550//1550 1542//1542 1541//1541
f 1552//1552 1545//1545 1542//1542 1550//1550
f 1545//1545 1544//1544 1543//1543 1542//1542
f 3425//3425 1540//1540 1543//1543 1496//1496
f 1547//1547 1546//1546 1544//1544 1545//1545
f 1544//1544 1546//1546 3424//3424 1498//1498
f 1553//1553 1547//1547 1545//1545 1552//1552
f 1547//1547 1548//1548 1549//1549 1546//1546
f 1553//1553 1554//1554 1548//1548 1547//1547
f 1548//1548 3050//3050 3051//3051 1549//1549
f 3424//3424 1546//1546 1549//1549 3527//3527
f 1559//1559 1561//1561 1551//1551 3138//3138
f 1564//1564 1550//1550 1551//1551 1561//1561
f 1564//1564 1565//1565 1552//1552 1550//1550
f 1565//1565 3129//3129 1553//1553 1552//1552
f 3550//3550 1554//1554 1553//1553 3129//3129
f 1554//1554 3060//3060 3050//3050 1548//1548
f 3173//3173 3060//3060 1554//1554 3550//3550
f 1556//1556 1557//1557 1558//1558 1555//1555
f 1560//1560 1557//1557 1556//1556 1567//1567
f 1560//1560 1559//1559 1558//1558 1557//1557
f 3130//3130 1555//1555 1558//1558 3139//3139
f 1558//1558 1559//1559 3138//3138 3139//3139
f 1562//1562 1561//1561 1559//1559 1560//1560
f 1562//1562 1563//1563 1564//1564 1561//1561
f 1562//1562 1560//1560 1567//1567 1524//1524
f 1568//1568 1563//1563 1562//1562 1524//1524
f 1566//1566 1565//1565 1564//1564 1563//1563
f 1566//1566 1563//1563 1568//1568 1527//1527
f 3129//3129 1565//1565 1566//1566 1569//1569
f 1570//1570 1571//1571 1572//1572 1578//1578
f 1570//1570 1585//1585 1584//1584 1571//1571
f 1589//1589 1585//1585 1570//1570 107//107
f 1573//1573 1572//1572 1571//1571 1574//1574
f 1571//1571 1584//1584 1586//1586 1574//1574
f 1580//1580 1572//1572 1573//1573 1581//1581
f 1575//1575 1573//1573 1574//1574 1576//1576
f 1575//1575 1576//1576 1577//1577 1583//1583
f 1581//1581 1573//1573 1575//1575 1582//1582
f 1576//1576 1574//1574 1586//1586 1588//1588
f 1588//1588 1587//1587 1577//1577 1576//1576
f 1580//1580 1579//1579 1578//1578 1572//1572
f 1613//1613 155//155 1579//1579 1580//1580
f 1613//1613 1580//1580 1581//1581 1617//1617
f 1582//1582 1575//1575 1583//1583 1593//1593
f 1617//1617 1581//1581 1582//1582 1619//1619
f 1620//1620 1619//1619 1582//1582 1593//1593
f 1583//1583 1577//1577 1598//1598 1592//1592
f 1584//1584 1585//1585 1590//1590 1591//1591
f 1586//1586 1584//1584 1591//1591 1783//1783
f 1586//1586 1783//1783 3409//3409 1588//1588
f 1587//1587 1604//1604 1598//1598 1577//1577
f 1588//1588 3409//3409 1801//1801 1587//1587
f 1589//1589 1781//1781 1590//1590 1585//1585
f 1782//1782 3145//3145 1590//1590 1781//1781
f 1784//1784 1783//1783 1591//1591 1785//1785
f 3145//3145 1785//1785 1591//1591 1590//1590
f 1593//1593 1583//1583 1592//1592 1594//1594
f 1595//1595 1594//1594 1592//1592 1596//1596
f 1634//1634 1620//1620 1593//1593 1594//1594
f 1634//1634 1594//1594 1595//1595 1638//1638
f 1597//1597 1595//1595 1596//1596 1601//1601
f 1596//1596 1592//1592 1598//1598 1599//1599
f 1596//1596 1599//1599 1600//1600 1601//1601
f 1597//1597 1601//1601 1602//1602 3380//3380
f 1638//1638 1595//1595 1597//1597 1642//1642
f 1598//1598 1604//1604 1603//1603 1599//1599
f 1599//1599 1603//1603 1610//1610 1600//1600
f 1602//1602 1601//1601 1600//1600 1605//1605
f 1602//1602 1606//1606 3608//3608 3380//3380
f 1603//1603 1604//1604 1608//1608 1803//1803
f 1609//1609 1610//1610 1603//1603 1803//1803
f 1801//1801 1608//1608 1604//1604 1587//1587
f 1606//1606 1602//1602 1605//1605 1607//1607
f 1610//1610 1611//1611 1605//1605 1600//1600
f 1607//1607 1605//1605 1611//1611 1612//1612
f 1832//1832 1606//1606 1607//1607 3600//3600
f 3143//3143 3600//3600 1607//1607 1612//1612
f 3143//3143 1612//1612 1609//1609 1804//1804
f 1612//1612 1611//1611 1610//1610 1609//1609
f 1614//1614 155//155 1613//1613 1615//1615
f 1616//1616 1615//1615 1613//1613 1617//1617
f 1622//1622 1621//1621 1615//1615 1616//1616
f 1615//1615 1621//1621 3134//3134 1614//1614
f 1623//1623 1622//1622 1616//1616 1618//1618
f 1618//1618 1616//1616 1617//1617 1619//1619
f 1618//1618 1619//1619 1620//1620 1635//1635
f 1624//1624 1625//1625 1621//1621 1622//1622
f 1621//1621 1625//1625 1629//1629 3134//3134
f 1626//1626 1624//1624 1622//1622 1623//1623
f 1635//1635 1648//1648 1623//1623 1618//1618
f 1624//1624 1630//1630 1627//1627 1625//1625
f 1624//1624 1626//1626 3474//3474 1630//1630
f 1625//1625 1627//1627 1628//1628 1629//1629
f 1648//1648 1647//1647 1626//1626 1623//1623
f 1626//1626 1647//1647 1655//1655 3474//3474
f 1631//1631 1628//1628 1627//1627 1633//1633
f 1632//1632 1633//1633 1627//1627 1630//1630
f 3486//3486 1629//1629 1628//1628 3482//3482
f 3152//3152 3462//3462 1631//1631 1666//1666
f 3482//3482 1628//1628 1631//1631 3462//3462
f 1632//1632 1667//1667 1665//1665 1633//1633
f 3474//3474 1669//1669 1632//1632 1630//1630
f 1633//1633 1665//1665 1666//1666 1631//1631
f 1635//1635 1620//1620 1634//1634 1636//1636
f 1637//1637 1636//1636 1634//1634 1638//1638
f 1641//1641 1640//1640 1636//1636 1637//1637
f 1636//1636 1640//1640 1648//1648 1635//1635
f 1639//1639 1637//1637 1638//1638 1642//1642
f 1639//1639 1645//1645 1641//1641 1637//1637
f 1644//1644 1645//1645 1639//1639 1643//1643
f 1649//1649 1646//1646 1640//1640 1641//1641
f 1643//1643 1639//1639 1642//1642 1650//1650
f 3380//3380 1650//1650 1642//1642 1597//1597
f 1643//1643 1650//1650 1651//1651 1658//1658
f 1644//1644 1643//1643 1658//1658 1652//1652
f 1645//1645 3487//3487 1649//1649 1641//1641
f 1645//1645 1644//1644 1653//1653 3487//3487
f 1646//1646 1647//1647 1648//1648 1640//1640
f 1646//1646 1654//1654 1655//1655 1647//1647
f 1649//1649 1656//1656 1654//1654 1646//1646
f 1649//1649 3487//3487 3473//3473 1656//1656
f 1831//1831 1657//1657 1651//1651 3608//3608
f 1651//1651 1650//1650 3380//3380 3608//3608
f 1653//1653 1644//1644 1652//1652 1659//1659
f 1660//1660 1659//1659 1652//1652 1661//1661
f 3473//3473 3487//3487 1653//1653 1659//1659
f 1662//1662 1663//1663 1654//1654 1656//1656
f 1654//1654 1663//1663 3463//3463 1655//1655
f 1655//1655 3463//3463 1669//1669 3474//3474
f 1664//1664 1662//1662 1656//1656 3473//3473
f 1658//1658 1651//1651 1657//1657 1834//1834
f 1833//1833 1838//1838 1657//1657 1831//1831
f 1835//1835 1834//1834 1657//1657 1838//1838
f 1661//1661 1652//1652 1658//1658 1834//1834
f 1660//1660 1661//1661 1841//1841 3169//3169
f 1660//1660 1664//1664 3473//3473 1659//1659
f 1661//1661 1834//1834 1835//1835 1841//1841
f 1662//1662 1670//1670 1671//1671 1663//1663
f 1664//1664 1672//1672 1670//1670 1662//1662
f 1664//1664 1660//1660 3169//3169 1672//1672
f 1859//1859 1858//1858 1665//1665 1667//1667
f 1858//1858 1857//1857 1666//1666 1665//1665
f 1666//1666 1857//1857 3151//3151 3152//3152
f 1669//1669 1668//1668 1667//1667 1632//1632
f 1860//1860 1859//1859 1667//1667 1668//1668
f 1669//1669 3463//3463 3154//3154 1668//1668
f 1873//1873 1872//1872 1670//1670 1672//1672
f 1872//1872 1871//1871 1671//1671 1670//1670
f 1671//1671 1871//1871 3153//3153 3154//3154
f 3463//3463 1663//1663 1671//1671 3154//3154
f 1674//1674 195//195 1673//1673 1681//1681
f 1673//1673 1675//1675 1677//1677 1681//1681
f 1673//1673 1684//1684 1685//1685 1675//1675
f 1680//1680 205//205 1674//1674 1681//1681
f 1675//1675 1685//1685 1686//1686 1676//1676
f 1677//1677 1675//1675 1676//1676 1679//1679
f 1678//1678 1679//1679 1676//1676 1687//1687
f 1680//1680 1681//1681 1677//1677 1682//1682
f 1683//1683 1679//1679 1678//1678 1697//1697
f 1698//1698 1697//1697 1678//1678 1692//1692
f 1682//1682 1677//1677 1679//1679 1683//1683
f 1719//1719 1718//1718 1680//1680 1682//1682
f 1719//1719 1682//1682 1683//1683 1720//1720
f 1684//1684 1690//1690 3467//3467 1685//1685
f 1685//1685 3467//3467 1689//1689 1686//1686
f 1687//1687 1676//1676 1686//1686 1688//1688
f 1692//1692 1678//1678 1687//1687 1694//1694
f 1687//1687 1688//1688 1701//1701 1694//1694
f 1688//1688 1686//1686 1689//1689 1691//1691
f 1701//1701 1688//1688 1691//1691 3496//3496
f 1699//1699 1698//1698 1692//1692 1693//1693
f 1693//1693 1692//1692 1694//1694 1695//1695
f 1693//1693 1695//1695 1696//1696 1704//1704
f 1700//1700 1699//1699 1693//1693 1704//1704
f 1695//1695 1694//1694 1701//1701 1702//1702
f 1696//1696 1695//1695 1702//1702 1709//1709
f 1720//1720 1683//1683 1697//1697 1732//1732
f 1733//1733 1732//1732 1697//1697 1698//1698
f 1734//1734 1733//1733 1698//1698 1699//1699
f 1707//1707 1706//1706 1700//1700 1705//1705
f 1734//1734 1699//1699 1700//1700 1706//1706
f 1701//1701 3496//3496 3469//3469 1702//1702
f 1702//1702 3469//3469 3450//3450 1709//1709
f 1704//1704 1696//1696 1703//1703 3290//3290
f 1703//1703 1696//1696 1709//1709 1708//1708
f 1703//1703 3492//3492 1716//1716 3290//3290
f 1705//1705 1700//1700 1704//1704 3290//3290
f 1706//1706 1741//1741 1739//1739 1734//1734
f 1746//1746 1741//1741 1706//1706 1707//1707
f 1707//1707 1705//1705 1711//1711 1712//1712
f 1708//1708 1710//1710 3492//3492 1703//1703
f 1710//1710 1708//1708 1709//1709 3450//3450
f 1710//1710 1713//1713 1714//1714 3492//3492
f 1888//1888 1712//1712 1711//1711 1885//1885
f 1711//1711 1705//1705 3290//3290 1716//1716
f 1746//1746 1707//1707 1712//1712 1902//1902
f 1903//1903 1902//1902 1712//1712 1888//1888
f 3450//3450 1883//1883 1713//1713 1710//1710
f 1714//1714 1715//1715 1716//1716 3492//3492
f 1884//1884 1889//1889 1714//1714 1713//1713
f 1714//1714 1889//1889 3368//3368 1715//1715
f 1886//1886 1885//1885 1715//1715 3368//3368
f 1885//1885 1711//1711 1716//1716 1715//1715
f 1722//1722 1717//1717 1718//1718 1723//1723
f 1723//1723 1718//1718 1719//1719 1725//1725
f 3136//3136 1725//1725 1719//1719 1720//1720
f 1736//1736 3136//3136 1720//1720 1732//1732
f 1721//1721 253//253 1722//1722 1723//1723
f 1728//1728 1726//1726 1721//1721 1724//1724
f 1724//1724 1721//1721 1723//1723 1725//1725
f 3136//3136 1729//1729 1724//1724 1725//1725
f 1728//1728 1724//1724 1729//1729 1731//1731
f 1752//1752 1726//1726 1728//1728 1754//1754
f 3132//3132 1754//1754 1728//1728 1731//1731
f 1736//1736 1730//1730 1729//1729 3136//3136
f 1731//1731 1729//1729 1730//1730 1743//1743
f 1742//1742 1743//1743 1730//1730 1735//1735
f 1765//1765 3132//3132 1731//1731 1743//1743
f 1736//1736 1732//1732 1733//1733 1737//1737
f 1737//1737 1733//1733 1734//1734 1739//1739
f 1735//1735 1730//1730 1736//1736 1737//1737
f 1744//1744 1742//1742 1735//1735 1738//1738
f 1738//1738 1735//1735 1737//1737 1739//1739
f 1745//1745 1744//1744 1738//1738 1740//1740
f 1740//1740 1738//1738 1739//1739 1741//1741
f 1740//1740 1741//1741 1746//1746 1749//1749
f 1765//1765 1743//1743 1742//1742 1767//1767
f 1767//1767 1742//1742 1744//1744 1769//1769
f 1770//1770 1769//1769 1744//1744 1745//1745
f 1745//1745 1747//1747 1748//1748 1770//1770
f 1749//1749 1747//1747 1745//1745 1740//1740
f 1746//1746 1902//1902 3369//3369 1749//1749
f 1908//1908 1748//1748 1747//1747 1750//1750
f 1771//1771 1770//1770 1748//1748 1923//1923
f 1750//1750 1747//1747 1749//1749 3369//3369
f 1904//1904 1906//1906 1750//1750 3369//3369
f 1753//1753 1751//1751 1752//1752 1754//1754
f 1753//1753 3518//3518 1755//1755 1751//1751
f 3132//3132 3440//3440 1753//1753 1754//1754
f 1753//1753 3440//3440 3432//3432 3518//3518
f 1755//1755 1758//1758 1756//1756 281//281
f 1759//1759 1758//1758 1755//1755 3518//3518
f 1757//1757 292//292 1756//1756 1758//1758
f 1757//1757 1758//1758 1759//1759 1761//1761
f 1757//1757 1761//1761 3506//3506 1946//1946
f 1761//1761 1759//1759 1760//1760 1762//1762
f 1763//1763 1762//1762 1760//1760 1775//1775
f 1760//1760 1759//1759 3518//3518 3432//3432
f 1761//1761 1762//1762 1922//1922 3506//3506
f 1922//1922 1762//1762 1763//1763 1928//1928
f 1766//1766 1764//1764 1765//1765 1767//1767
f 1765//1765 1764//1764 3440//3440 3132//3132
f 1766//1766 1772//1772 1773//1773 1764//1764
f 1768//1768 1766//1766 1767//1767 1769//1769
f 1770//1770 1771//1771 1768//1768 1769//1769
f 1768//1768 1774//1774 1772//1772 1766//1766
f 1768//1768 1771//1771 1925//1925 1774//1774
f 1772//1772 1777//1777 1775//1775 1773//1773
f 3440//3440 1764//1764 1773//1773 3432//3432
f 1774//1774 1779//1779 1777//1777 1772//1772
f 1780//1780 1779//1779 1774//1774 1925//1925
f 1776//1776 1763//1763 1775//1775 1777//1777
f 1775//1775 1760//1760 3432//3432 1773//1773
f 1928//1928 1763//1763 1776//1776 1929//1929
f 1778//1778 1776//1776 1777//1777 1779//1779
f 1778//1778 1779//1779 1780//1780 1927//1927
f 1929//1929 1776//1776 1778//1778 1930//1930
f 3146//3146 3145//3145 1782//1782 1787//1787
f 1784//1784 1785//1785 1786//1786 1789//1789
f 1791//1791 3147//3147 1784//1784 1789//1789
f 1784//1784 3147//3147 3409//3409 1783//1783
f 1786//1786 1785//1785 3145//3145 3146//3146
f 3185//3185 3146//3146 1787//1787 1792//1792
f 1789//1789 1786//1786 1788//1788 1790//1790
f 1794//1794 1790//1790 1788//1788 1798//1798
f 1788//1788 1786//1786 3146//3146 3185//3185
f 3578//3578 1798//1798 1788//1788 3185//3185
f 1791//1791 1789//1789 1790//1790 1795//1795
f 1796//1796 1795//1795 1790//1790 1794//1794
f 1811//1811 1806//1806 1791//1791 1795//1795
f 1793//1793 3578//3578 3185//3185 1792//1792
f 1800//1800 1796//1796 1794//1794 1799//1799
f 1796//1796 1825//1825 1811//1811 1795//1795
f 3337//3337 3339//3339 1797//1797 2022//2022
f 3578//3578 1793//1793 1797//1797 3339//3339
f 1799//1799 1794//1794 1798//1798 2019//2019
f 1798//1798 3578//3578 3339//3339 2019//2019
f 1799//1799 2019//2019 2020//2020 2021//2021
f 1825//1825 1796//1796 1800//1800 2039//2039
f 1800//1800 1799//1799 2021//2021 2025//2025
f 2040//2040 2039//2039 1800//1800 2025//2025
f 1802//1802 1608//1608 1801//1801 1805//1805
f 3147//3147 1805//1805 1801//1801 3409//3409
f 1803//1803 1608//1608 1802//1802 1808//1808
f 1802//1802 1805//1805 1806//1806 1807//1807
f 1804//1804 1609//1609 1803//1803 1808//1808
f 1804//1804 1809//1809 1810//1810 3143//3143
f 1804//1804 1808//1808 1813//1813 1809//1809
f 1806//1806 1805//1805 3147//3147 1791//1791
f 1808//1808 1802//1802 1807//1807 1813//1813
f 1807//1807 1806//1806 1811//1811 1812//1812
f 1809//1809 1814//1814 1815//1815 1810//1810
f 1810//1810 3262//3262 3600//3600 3143//3143
f 1818//1818 1812//1812 1811//1811 1825//1825
f 1813//1813 1807//1807 1812//1812 1819//1819
f 1820//1820 1819//1819 1812//1812 1818//1818
f 1814//1814 1809//1809 1813//1813 1819//1819
f 1814//1814 3232//3232 1816//1816 1815//1815
f 1820//1820 3232//3232 1814//1814 1819//1819
f 1815//1815 1817//1817 3262//3262 1810//1810
f 1817//1817 1815//1815 1816//1816 1821//1821
f 1822//1822 1821//1821 1816//1816 1828//1828
f 1816//1816 3232//3232 2043//2043 1828//1828
f 1823//1823 1837//1837 1817//1817 1821//1821
f 1827//1827 1820//1820 1818//1818 1826//1826
f 1824//1824 1823//1823 1821//1821 1822//1822
f 1830//1830 1824//1824 1822//1822 1829//1829
f 1842//1842 1837//1837 1823//1823 1848//1848
f 1849//1849 1848//1848 1823//1823 1824//1824
f 1856//1856 1849//1849 1824//1824 1830//1830
f 1826//1826 1818//1818 1825//1825 2039//2039
f 1826//1826 2039//2039 2040//2040 2041//2041
f 1827//1827 1826//1826 2041//2041 2042//2042
f 1827//1827 2043//2043 3232//3232 1820//1820
f 1829//1829 1822//1822 1828//1828 2044//2044
f 1828//1828 2043//2043 2048//2048 2044//2044
f 1829//1829 2044//2044 2045//2045 2046//2046
f 1830//1830 1829//1829 2046//2046 2050//2050
f 1833//1833 1831//1831 1832//1832 1836//1836
f 3262//3262 1836//1836 1832//1832 3600//3600
f 3608//3608 1606//1606 1832//1832 1831//1831
f 1833//1833 1836//1836 1837//1837 1842//1842
f 1839//1839 1838//1838 1833//1833 1842//1842
f 1835//1835 1838//1838 1839//1839 1840//1840
f 1837//1837 1836//1836 3262//3262 1817//1817
f 1841//1841 1835//1835 1840//1840 1845//1845
f 1840//1840 1839//1839 1843//1843 1844//1844
f 1846//1846 3169//3169 1841//1841 1845//1845
f 1843//1843 1839//1839 1842//1842 1848//1848
f 1849//1849 3393//3393 1843//1843 1848//1848
f 1845//1845 1840//1840 1844//1844 1850//1850
f 1851//1851 1850//1850 1844//1844 1853//1853
f 3393//3393 1853//1853 1844//1844 1843//1843
f 1847//1847 1846//1846 1845//1845 1850//1850
f 1873//1873 1846//1846 1847//1847 1876//1876
f 1852//1852 1847//1847 1850//1850 1851//1851
f 1851//1851 1853//1853 1854//1854 1855//1855
f 1852//1852 1851//1851 1855//1855 2069//2069
f 1876//1876 1847//1847 1852//1852 1879//1879
f 1882//1882 1879//1879 1852//1852 2069//2069
f 1854//1854 1853//1853 3393//3393 3378//3378
f 1855//1855 1854//1854 2067//2067 2068//2068
f 1856//1856 1830//1830 2050//2050 2070//2070
f 3379//3379 3378//3378 1856//1856 2070//2070
f 1856//1856 3378//3378 3393//3393 1849//1849
f 1862//1862 1861//1861 1857//1857 1858//1858
f 1857//1857 1861//1861 3183//3183 3151//3151
f 1863//1863 1862//1862 1858//1858 1859//1859
f 1864//1864 1863//1863 1859//1859 1860//1860
f 3154//3154 3153//3153 1860//1860 1668//1668
f 1862//1862 1865//1865 1866//1866 1861//1861
f 1863//1863 1867//1867 1865//1865 1862//1862
f 1863//1863 1864//1864 3565//3565 1867//1867
f 3153//3153 3184//3184 1864//1864 1860//1860
f 1864//1864 3184//3184 3563//3563 3565//3565
f 1865//1865 1868//1868 1869//1869 1866//1866
f 3183//3183 1861//1861 1866//1866 3564//3564
f 1867//1867 1870//1870 1868//1868 1865//1865
f 3334//3334 1870//1870 1867//1867 3565//3565
f 2089//2089 2088//2088 1868//1868 1870//1870
f 2088//2088 2087//2087 1869//1869 1868//1868
f 1869//1869 2087//2087 3349//3349 3358//3358
f 1869//1869 3358//3358 3564//3564 1866//1866
f 1875//1875 1874//1874 1871//1871 1872//1872
f 1871//1871 1874//1874 3184//3184 3153//3153
f 1876//1876 1875//1875 1872//1872 1873//1873
f 1873//1873 1672//1672 3169//3169 1846//1846
f 1875//1875 1877//1877 1878//1878 1874//1874
f 1876//1876 1879//1879 1877//1877 1875//1875
f 1877//1877 1880//1880 1881//1881 1878//1878
f 3184//3184 1874//1874 1878//1878 3563//3563
f 1879//1879 1882//1882 1880//1880 1877//1877
f 2104//2104 2103//2103 1880//1880 1882//1882
f 2103//2103 2102//2102 1881//1881 1880//1880
f 1881//1881 2102//2102 3363//3363 3364//3364
f 3563//3563 1878//1878 1881//1881 3364//3364
f 1884//1884 1713//1713 1883//1883 3456//3456
f 3451//3451 3456//3456 1883//1883 3452//3452
f 3469//3469 3452//3452 1883//1883 3450//3450
f 1890//1890 1889//1889 1884//1884 3558//3558
f 1884//1884 3456//3456 3161//3161 3558//3558
f 1887//1887 1888//1888 1885//1885 1886//1886
f 1886//1886 1896//1896 1891//1891 1887//1887
f 1892//1892 1903//1903 1888//1888 1887//1887
f 1890//1890 1893//1893 3368//3368 1889//1889
f 1892//1892 1887//1887 1891//1891 1912//1912
f 1894//1894 1895//1895 1893//1893 1890//1890
f 1897//1897 1896//1896 1893//1893 1895//1895
f 1894//1894 1890//1890 3558//3558 3607//3607
f 1895//1895 1894//1894 1899//1899 3307//3307
f 1898//1898 1891//1891 1896//1896 1897//1897
f 1896//1896 1886//1886 3368//3368 1893//1893
f 3307//3307 3367//3367 1897//1897 1895//1895
f 1901//1901 1900//1900 1898//1898 3330//3330
f 1898//1898 1900//1900 1912//1912 1891//1891
f 3367//3367 3330//3330 1898//1898 1897//1897
f 1913//1913 1912//1912 1900//1900 1919//1919
f 1900//1900 1901//1901 1920//1920 1919//1919
f 3329//3329 1920//1920 1901//1901 2156//2156
f 1904//1904 3369//3369 1902//1902 1903//1903
f 3579//3579 1904//1904 1903//1903 1892//1892
f 1905//1905 1906//1906 1904//1904 3579//3579
f 1913//1913 1910//1910 1905//1905 3579//3579
f 1905//1905 1911//1911 3306//3306 1906//1906
f 1906//1906 3306//3306 1908//1908 1750//1750
f 1924//1924 1923//1923 1907//1907 1931//1931
f 1936//1936 1931//1931 1907//1907 1909//1909
f 1909//1909 1907//1907 1908//1908 3306//3306
f 1908//1908 1907//1907 1923//1923 1748//1748
f 1911//1911 1905//1905 1910//1910 1914//1914
f 1910//1910 1915//1915 2184//2184 1914//1914
f 3579//3579 1892//1892 1912//1912 1913//1913
f 1915//1915 1910//1910 1913//1913 1919//1919
f 1921//1921 1917//1917 1914//1914 2184//2184
f 1914//1914 1917//1917 1935//1935 1911//1911
f 1915//1915 1919//1919 1920//1920 2183//2183
f 2185//2185 2184//2184 1915//1915 2183//2183
f 1917//1917 1918//1918 1916//1916 1935//1935
f 1916//1916 1938//1938 1937//1937 1936//1936
f 1943//1943 1938//1938 1916//1916 1918//1918
f 2186//2186 1918//1918 1917//1917 1921//1921
f 1918//1918 2186//2186 2204//2204 1943//1943
f 2182//2182 2183//2183 1920//1920 3329//3329
f 2187//2187 2186//2186 1921//1921 2188//2188
f 1923//1923 1924//1924 1925//1925 1771//1771
f 3305//3305 1926//1926 1924//1924 1931//1931
f 1925//1925 1924//1924 1926//1926 1780//1780
f 1927//1927 1780//1780 1926//1926 1932//1932
f 1930//1930 1778//1778 1927//1927 3097//3097
f 1933//1933 3097//3097 1927//1927 1932//1932
f 1948//1948 1922//1922 1928//1928 1964//1964
f 1964//1964 1928//1928 1929//1929 1966//1966
f 1965//1965 1966//1966 1929//1929 1930//1930
f 1934//1934 1933//1933 1932//1932 3366//3366
f 3305//3305 3366//3366 1932//1932 1926//1926
f 1934//1934 1942//1942 3552//3552 1933//1933
f 1935//1935 1916//1916 1936//1936 1909//1909
f 3306//3306 1911//1911 1935//1935 1909//1909
f 1936//1936 1937//1937 3305//3305 1931//1931
f 3366//3366 3305//3305 1937//1937 1939//1939
f 1939//1939 1937//1937 1938//1938 3288//3288
f 1940//1940 1941//1941 1942//1942 1934//1934
f 1940//1940 1944//1944 1945//1945 1941//1941
f 3288//3288 1944//1944 1940//1940 1939//1939
f 3366//3366 1939//1939 1940//1940 1934//1934
f 1941//1941 1980//1980 3289//3289 1942//1942
f 1942//1942 3289//3289 1971//1971 3552//3552
f 1943//1943 2205//2205 3288//3288 1938//1938
f 2205//2205 2206//2206 1944//1944 3288//3288
f 2207//2207 1945//1945 1944//1944 2206//2206
f 1980//1980 1941//1941 1945//1945 2224//2224
f 1945//1945 2207//2207 3353//3353 2224//2224
f 1947//1947 455//455 1946//1946 1951//1951
f 1946//1946 3506//3506 1952//1952 1951//1951
f 1949//1949 1950//1950 1947//1947 1951//1951
f 3121//3121 456//456 1947//1947 1950//1950
f 1953//1953 1952//1952 1948//1948 1955//1955
f 1954//1954 1955//1955 1948//1948 1964//1964
f 3506//3506 1922//1922 1948//1948 1952//1952
f 1949//1949 1951//1951 1952//1952 1953//1953
f 3437//3437 1957//1957 1949//1949 1953//1953
f 1960//1960 3437//3437 1953//1953 1955//1955
f 1954//1954 1961//1961 1960//1960 1955//1955
f 1956//1956 1985//1985 1983//1983 466//466
f 3437//3437 3471//3471 1956//1956 1957//1957
f 1958//1958 1959//1959 1960//1960 1961//1961
f 1974//1974 1962//1962 1958//1958 1972//1972
f 1962//1962 1963//1963 1959//1959 1958//1958
f 1959//1959 1963//1963 1986//1986 3471//3471
f 1960//1960 1959//1959 3471//3471 3437//3437
f 1967//1967 1973//1973 1961//1961 1954//1954
f 1972//1972 1958//1958 1961//1961 1973//1973
f 1962//1962 2001//2001 1990//1990 1963//1963
f 1967//1967 1954//1954 1964//1964 1966//1966
f 1967//1967 1966//1966 1965//1965 1969//1969
f 3097//3097 1968//1968 1965//1965 1930//1930
f 3436//3436 1973//1973 1967//1967 1969//1969
f 1969//1969 1965//1965 1968//1968 1970//1970
f 1971//1971 1970//1970 1968//1968 3552//3552
f 3084//3084 3436//3436 1969//1969 1970//1970
f 1975//1975 3084//3084 1970//1970 1971//1971
f 1976//1976 1975//1975 1971//1971 3289//3289
f 3436//3436 3470//3470 1972//1972 1973//1973
f 1974//1974 2003//2003 2001//2001 1962//1962
f 1974//1974 3519//3519 2004//2004 2003//2003
f 3470//3470 3519//3519 1974//1974 1972//1972
f 1975//1975 1976//1976 1977//1977 1978//1978
f 1975//1975 1978//1978 3094//3094 3084//3084
f 1980//1980 1981//1981 1976//1976 3289//3289
f 1982//1982 1977//1977 1976//1976 1981//1981
f 1979//1979 1978//1978 1977//1977 2227//2227
f 1978//1978 1979//1979 3464//3464 3094//3094
f 1979//1979 2007//2007 2005//2005 3464//3464
f 2229//2229 1981//1981 1980//1980 2224//2224
f 2225//2225 1982//1982 1981//1981 2229//2229
f 1982//1982 3296//3296 2227//2227 1977//1977
f 1984//1984 490//490 1983//1983 1985//1985
f 1984//1984 1985//1985 1986//1986 1989//1989
f 3471//3471 1986//1986 1985//1985 1956//1956
f 1986//1986 1963//1963 1990//1990 1989//1989
f 1994//1994 496//496 1987//1987 1988//1988
f 1988//1988 1984//1984 1989//1989 1991//1991
f 1991//1991 1989//1989 1990//1990 1992//1992
f 1993//1993 1992//1992 1990//1990 2001//2001
f 1991//1991 1998//1998 1994//1994 1988//1988
f 1995//1995 1996//1996 1992//1992 1993//1993
f 1992//1992 1996//1996 1998//1998 1991//1991
f 2010//2010 1995//1995 1993//1993 2002//2002
f 2000//2000 1996//1996 1995//1995 2011//2011
f 1999//1999 1998//1998 1996//1996 2000//2000
f 1997//1997 1994//1994 1998//1998 1999//1999
f 3433//3433 2261//2261 1997//1997 1999//1999
f 2265//2265 3433//3433 1999//1999 2000//2000
f 2002//2002 1993//1993 2001//2001 2003//2003
f 2002//2002 2003//2003 2004//2004 2006//2006
f 2002//2002 2006//2006 3491//3491 2010//2010
f 2006//2006 2004//2004 2005//2005 2009//2009
f 2008//2008 2009//2009 2005//2005 2007//2007
f 3519//3519 3464//3464 2005//2005 2004//2004
f 2006//2006 2009//2009 2013//2013 3491//3491
f 2227//2227 2226//2226 2007//2007 1979//1979
f 2007//2007 2226//2226 3361//3361 2008//2008
f 2008//2008 2014//2014 2013//2013 2009//2009
f 2243//2243 2014//2014 2008//2008 3361//3361
f 2011//2011 1995//1995 2010//2010 2015//2015
f 2010//2010 3491//3491 2016//2016 2015//2015
f 2011//2011 2266//2266 2265//2265 2000//2000
f 2012//2012 2013//2013 2014//2014 2244//2244
f 2018//2018 2016//2016 2012//2012 2245//2245
f 2246//2246 2245//2245 2012//2012 2244//2244
f 3491//3491 2013//2013 2012//2012 2016//2016
f 2014//2014 2243//2243 2250//2250 2244//2244
f 2015//2015 2017//2017 2266//2266 2011//2011
f 2017//2017 2015//2015 2016//2016 2018//2018
f 2018//2018 3465//3465 2284//2284 2017//2017
f 2018//2018 2245//2245 2287//2287 3465//3465
f 2020//2020 2019//2019 3339//3339 3337//3337
f 2021//2021 2020//2020 2023//2023 2024//2024
f 3338//3338 3337//3337 2022//2022 2026//2026
f 2028//2028 2024//2024 2023//2023 2033//2033
f 2023//2023 2020//2020 3337//3337 3338//3338
f 2023//2023 3338//3338 3597//3597 2033//2033
f 2025//2025 2021//2021 2024//2024 2029//2029
f 2030//2030 2029//2029 2024//2024 2028//2028
f 3365//3365 2040//2040 2025//2025 2029//2029
f 3338//3338 2026//2026 2027//2027 3597//3597
f 2035//2035 2030//2030 2028//2028 2034//2034
f 2030//2030 3590//3590 3365//3365 2029//2029
f 2032//2032 2027//2027 2031//2031 3352//3352
f 3336//3336 3335//3335 2032//2032 2353//2353
f 3597//3597 2027//2027 2032//2032 3335//3335
f 2034//2034 2028//2028 2033//2033 2036//2036
f 2033//2033 3597//3597 3335//3335 2036//2036
f 2034//2034 2036//2036 2037//2037 2038//2038
f 2035//2035 2034//2034 2038//2038 2352//2352
f 3303//3303 3304//3304 2035//2035 2352//2352
f 2035//2035 3304//3304 3590//3590 2030//2030
f 2037//2037 2036//2036 3335//3335 3336//3336
f 2038//2038 2037//2037 2350//2350 2351//2351
f 2047//2047 2041//2041 2040//2040 3365//3365
f 2043//2043 1827//1827 2042//2042 2048//2048
f 2042//2042 2041//2041 2047//2047 2052//2052
f 2049//2049 2048//2048 2042//2042 2052//2052
f 2045//2045 2044//2044 2048//2048 2049//2049
f 2045//2045 2049//2049 2054//2054 3568//3568
f 2051//2051 2050//2050 2046//2046 2055//2055
f 2046//2046 2045//2045 3568//3568 2055//2055
f 2053//2053 2052//2052 2047//2047 2057//2057
f 2047//2047 3365//3365 3590//3590 2057//2057
f 2071//2071 2070//2070 2050//2050 2051//2051
f 2054//2054 2049//2049 2052//2052 2053//2053
f 2053//2053 2057//2057 2058//2058 2059//2059
f 2054//2054 2053//2053 2059//2059 2064//2064
f 2056//2056 2051//2051 2055//2055 2060//2060
f 2055//2055 3568//3568 3223//3223 2060//2060
f 2056//2056 2060//2060 2061//2061 2065//2065
f 2071//2071 2051//2051 2056//2056 3221//3221
f 3222//3222 3221//3221 2056//2056 2065//2065
f 2057//2057 3590//3590 3304//3304 2058//2058
f 2059//2059 2058//2058 2062//2062 2063//2063
f 2066//2066 2065//2065 2061//2061 2371//2371
f 2061//2061 2060//2060 3223//3223 3224//3224
f 2062//2062 2058//2058 3304//3304 3303//3303
f 2064//2064 2059//2059 2063//2063 3181//3181
f 2063//2063 2062//2062 2373//2373 2376//2376
f 3225//3225 3181//3181 2063//2063 2376//2376
f 3224//3224 3223//3223 2064//2064 3181//3181
f 3568//3568 2054//2054 2064//2064 3223//3223
f 2066//2066 2371//2371 2372//2372 2374//2374
f 2066//2066 3599//3599 3222//3222 2065//2065
f 2072//2072 2068//2068 2067//2067 2077//2077
f 2075//2075 2077//2077 2067//2067 3379//3379
f 2067//2067 1854//1854 3378//3378 3379//3379
f 2069//2069 1855//1855 2068//2068 2073//2073
f 2074//2074 2073//2073 2068//2068 2072//2072
f 2104//2104 1882//1882 2069//2069 2073//2073
f 2076//2076 2075//2075 2071//2071 3221//3221
f 2071//2071 2075//2075 3379//3379 2070//2070
f 2079//2079 2074//2074 2072//2072 2078//2078
f 2104//2104 2073//2073 2074//2074 2107//2107
f 2076//2076 2080//2080 2077//2077 2075//2075
f 2081//2081 2080//2080 2076//2076 2083//2083
f 2076//2076 3221//3221 3222//3222 2083//2083
f 2078//2078 2072//2072 2077//2077 2080//2080
f 2078//2078 2080//2080 2081//2081 2082//2082
f 2079//2079 2078//2078 2082//2082 2086//2086
f 2107//2107 2074//2074 2079//2079 2110//2110
f 2113//2113 2110//2110 2079//2079 2086//2086
f 2081//2081 2083//2083 2084//2084 2388//2388
f 2085//2085 2082//2082 2081//2081 2388//2388
f 3599//3599 2084//2084 2083//2083 3222//3222
f 2389//2389 2388//2388 2084//2084 2392//2392
f 3376//3376 2392//2392 2084//2084 3599//3599
f 2086//2086 2082//2082 2085//2085 2390//2390
f 2085//2085 2388//2388 2389//2389 2395//2395
f 2391//2391 2390//2390 2085//2085 2395//2395
f 2118//2118 2113//2113 2086//2086 2390//2390
f 2091//2091 2090//2090 2087//2087 2088//2088
f 2087//2087 2090//2090 3348//3348 3349//3349
f 2092//2092 2091//2091 2088//2088 2089//2089
f 3334//3334 3333//3333 2089//2089 1870//1870
f 2091//2091 2093//2093 2094//2094 2090//2090
f 2092//2092 2095//2095 2093//2093 2091//2091
f 3333//3333 3332//3332 2092//2092 2089//2089
f 2092//2092 3332//3332 3584//3584 2095//2095
f 2093//2093 2096//2096 2097//2097 2094//2094
f 3348//3348 2090//2090 2094//2094 3585//3585
f 2095//2095 2098//2098 2096//2096 2093//2093
f 2095//2095 3584//3584 3331//3331 2098//2098
f 2101//2101 2100//2100 2096//2096 2098//2098
f 2100//2100 2099//2099 2097//2097 2096//2096
f 2097//2097 2099//2099 3347//3347 3357//3357
f 3585//3585 2094//2094 2097//2097 3357//3357
f 2407//2407 2406//2406 2099//2099 2100//2100
f 2099//2099 2406//2406 3342//3342 3347//3347
f 2408//2408 2407//2407 2100//2100 2101//2101
f 3331//3331 3326//3326 2101//2101 2098//2098
f 2106//2106 2105//2105 2102//2102 2103//2103
f 2102//2102 2105//2105 3362//3362 3363//3363
f 2107//2107 2106//2106 2103//2103 2104//2104
f 2106//2106 2108//2108 2109//2109 2105//2105
f 2107//2107 2110//2110 2108//2108 2106//2106
f 2108//2108 2111//2111 2112//2112 2109//2109
f 3362//3362 2105//2105 2109//2109 3583//3583
f 2110//2110 2113//2113 2111//2111 2108//2108
f 2118//2118 2117//2117 2111//2111 2113//2113
f 2117//2117 2116//2116 2112//2112 2111//2111
f 3583//3583 2109//2109 2112//2112 2115//2115
f 2420//2420 2419//2419 2114//2114 2116//2116
f 2114//2114 2419//2419 3325//3325 3326//3326
f 2116//2116 2114//2114 2115//2115 2112//2112
f 2115//2115 2114//2114 3326//3326 3331//3331
f 3584//3584 3583//3583 2115//2115 3331//3331
f 2421//2421 2420//2420 2116//2116 2117//2117
f 2422//2422 2421//2421 2117//2117 2118//2118
f 2118//2118 2390//2390 2391//2391 2422//2422
f 2128//2128 2121//2121 2119//2119 2127//2127
f 2122//2122 2123//2123 2124//2124 69//69
f 2122//2122 2121//2121 2128//2128 3428//3428
f 2129//2129 2123//2123 2122//2122 3428//3428
f 2123//2123 2125//2125 2126//2126 2124//2124
f 2130//2130 2125//2125 2123//2123 2129//2129
f 2148//2148 71//71 2126//2126 2125//2125
f 2131//2131 2128//2128 2127//2127 2132//2132
f 2128//2128 2131//2131 2133//2133 3428//3428
f 2129//2129 2135//2135 2138//2138 2130//2130
f 2148//2148 2125//2125 2130//2130 3427//3427
f 2140//2140 2142//2142 2131//2131 2132//2132
f 2142//2142 2136//2136 2133//2133 2131//2131
f 2134//2134 2137//2137 2138//2138 2135//2135
f 2143//2143 2144//2144 2134//2134 2136//2136
f 2136//2136 2134//2134 2135//2135 2133//2133
f 3428//3428 2133//2133 2135//2135 2129//2129
f 2144//2144 2145//2145 2137//2137 2134//2134
f 2137//2137 2145//2145 3099//3099 2158//2158
f 2158//2158 2157//2157 2138//2138 2137//2137
f 2138//2138 2157//2157 3427//3427 2130//2130
f 2139//2139 2141//2141 2142//2142 2140//2140
f 2168//2168 2143//2143 2141//2141 2169//2169
f 2171//2171 2169//2169 2141//2141 2139//2139
f 2143//2143 2136//2136 2142//2142 2141//2141
f 2168//2168 2175//2175 2144//2144 2143//2143
f 2175//2175 2177//2177 2145//2145 2144//2144
f 2147//2147 66//66 2146//2146 3090//3090
f 2146//2146 2149//2149 2150//2150 3543//3543
f 2147//2147 3090//3090 3091//3091 3092//3092
f 3307//3307 1899//1899 2147//2147 3092//3092
f 2150//2150 2148//2148 3427//3427 3429//3429
f 2151//2151 3092//3092 3091//3091 2152//2152
f 2151//2151 2153//2153 3330//3330 3367//3367
f 2153//2153 2151//2151 2152//2152 3141//3141
f 2152//2152 3091//3091 3090//3090 3140//3140
f 2154//2154 2163//2163 2167//2167 2155//2155
f 3544//3544 2163//2163 2154//2154 3141//3141
f 2156//2156 2154//2154 2155//2155 3329//3329
f 3141//3141 2154//2154 2156//2156 2153//2153
f 3330//3330 2153//2153 2156//2156 1901//1901
f 2160//2160 2159//2159 2157//2157 2158//2158
f 2157//2157 2159//2159 3429//3429 3427//3427
f 2159//2159 2161//2161 3509//3509 3429//3429
f 2161//2161 2159//2159 2160//2160 2162//2162
f 2160//2160 2164//2164 2165//2165 2162//2162
f 2160//2160 2158//2158 3099//3099 2164//2164
f 2163//2163 2161//2161 2162//2162 2167//2167
f 2163//2163 3544//3544 3509//3509 2161//2161
f 2164//2164 3099//3099 2194//2194 2196//2196
f 2164//2164 2196//2196 3604//3604 2165//2165
f 2165//2165 2166//2166 2167//2167 2162//2162
f 2191//2191 2190//2190 2166//2166 2200//2200
f 3604//3604 2200//2200 2166//2166 2165//2165
f 2167//2167 2166//2166 2190//2190 2155//2155
f 2170//2170 2172//2172 2169//2169 2171//2171
f 2173//2173 2168//2168 2169//2169 2172//2172
f 2179//2179 2172//2172 2170//2170 2178//2178
f 2173//2173 2174//2174 2175//2175 2168//2168
f 2173//2173 2172//2172 2179//2179 2437//2437
f 2180//2180 2174//2174 2173//2173 2437//2437
f 2174//2174 2176//2176 2177//2177 2175//2175
f 2181//2181 2176//2176 2174//2174 2180//2180
f 2195//2195 2194//2194 2177//2177 2176//2176
f 3099//3099 2145//2145 2177//2177 2194//2194
f 2436//2436 2179//2179 2178//2178 2435//2435
f 2438//2438 2437//2437 2179//2179 2436//2436
f 2438//2438 2439//2439 2180//2180 2437//2437
f 2195//2195 2176//2176 2181//2181 2446//2446
f 2439//2439 2440//2440 2181//2181 2180//2180
f 2183//2183 2182//2182 3354//3354 2185//2185
f 2188//2188 1921//1921 2184//2184 2185//2185
f 2189//2189 2188//2188 2185//2185 3354//3354
f 2189//2189 2193//2193 2187//2187 2188//2188
f 2187//2187 3327//3327 2204//2204 2186//2186
f 2192//2192 2193//2193 2189//2189 3194//3194
f 2190//2190 2182//2182 3329//3329 2155//2155
f 2190//2190 2191//2191 3354//3354 2182//2182
f 2199//2199 2201//2201 2192//2192 3194//3194
f 2202//2202 2203//2203 2192//2192 2201//2201
f 2192//2192 2203//2203 2215//2215 2193//2193
f 2193//2193 2215//2215 3327//3327 2187//2187
f 2197//2197 2196//2196 2194//2194 2195//2195
f 2197//2197 2195//2195 2446//2446 2447//2447
f 2197//2197 2447//2447 3499//3499 2198//2198
f 3604//3604 2196//2196 2197//2197 2198//2198
f 2198//2198 2199//2199 2200//2200 3604//3604
f 3499//3499 2201//2201 2199//2199 2198//2198
f 2200//2200 2199//2199 3194//3194 2191//2191
f 3603//3603 2202//2202 2201//2201 3499//3499
f 3602//3602 3328//3328 2202//2202 3603//3603
f 2216//2216 2215//2215 2203//2203 2219//2219
f 2203//2203 2202//2202 3328//3328 2219//2219
f 2205//2205 1943//1943 2204//2204 2208//2208
f 2204//2204 3327//3327 2209//2209 2208//2208
f 2211//2211 2206//2206 2205//2205 2208//2208
f 2211//2211 2212//2212 2207//2207 2206//2206
f 2209//2209 2210//2210 2211//2211 2208//2208
f 2215//2215 2216//2216 2209//2209 3327//3327
f 2210//2210 2213//2213 2212//2212 2211//2211
f 2216//2216 2217//2217 2210//2210 2209//2209
f 2218//2218 2213//2213 2210//2210 2217//2217
f 2212//2212 2214//2214 3353//3353 2207//2207
f 2214//2214 2212//2212 2213//2213 2222//2222
f 2219//2219 2474//2474 2217//2217 2216//2216
f 2220//2220 2218//2218 2217//2217 2474//2474
f 2218//2218 3324//3324 2222//2222 2213//2213
f 2475//2475 2474//2474 2219//2219 3328//3328
f 2475//2475 2479//2479 2220//2220 2474//2474
f 2220//2220 2480//2480 3324//3324 2218//2218
f 2521//2521 2240//2240 2221//2221 2223//2223
f 2223//2223 2221//2221 2222//2222 3324//3324
f 2222//2222 2221//2221 2239//2239 2214//2214
f 2230//2230 2229//2229 2224//2224 3353//3353
f 2230//2230 2231//2231 2225//2225 2229//2229
f 2225//2225 2232//2232 3296//3296 1982//1982
f 2249//2249 3361//3361 2226//2226 2228//2228
f 2228//2228 2226//2226 2227//2227 3296//3296
f 2233//2233 2231//2231 2230//2230 2239//2239
f 2232//2232 2225//2225 2231//2231 2234//2234
f 2236//2236 2237//2237 2232//2232 2234//2234
f 2233//2233 2235//2235 2234//2234 2231//2231
f 2241//2241 2235//2235 2233//2233 2240//2240
f 2236//2236 2234//2234 2235//2235 2242//2242
f 2235//2235 2241//2241 2517//2517 2242//2242
f 2519//2519 2238//2238 2236//2236 2242//2242
f 2237//2237 2236//2236 2238//2238 2248//2248
f 2237//2237 2248//2248 2249//2249 2228//2228
f 3296//3296 2232//2232 2237//2237 2228//2228
f 2253//2253 2248//2248 2238//2238 2545//2545
f 2238//2238 2519//2519 3359//3359 2545//2545
f 2240//2240 2233//2233 2239//2239 2221//2221
f 3353//3353 2214//2214 2239//2239 2230//2230
f 2521//2521 2522//2522 2241//2241 2240//2240
f 2524//2524 2517//2517 2241//2241 2522//2522
f 2249//2249 2252//2252 2243//2243 3361//3361
f 2251//2251 2250//2250 2243//2243 2252//2252
f 2247//2247 2246//2246 2244//2244 2250//2250
f 2246//2246 3093//3093 2287//2287 2245//2245
f 2251//2251 2254//2254 2247//2247 2250//2250
f 3093//3093 2246//2246 2247//2247 2255//2255
f 2248//2248 2253//2253 2252//2252 2249//2249
f 2251//2251 2252//2252 2253//2253 2257//2257
f 2255//2255 2247//2247 2254//2254 2299//2299
f 2257//2257 2256//2256 2254//2254 2251//2251
f 2254//2254 2256//2256 2260//2260 2299//2299
f 2259//2259 2260//2260 2256//2256 2258//2258
f 2258//2258 2256//2256 2257//2257 2544//2544
f 2545//2545 2544//2544 2257//2257 2253//2253
f 2546//2546 2548//2548 2258//2258 2544//2544
f 2548//2548 2549//2549 2259//2259 2258//2258
f 2300//2300 2299//2299 2260//2260 2303//2303
f 2260//2260 2259//2259 3247//3247 2303//2303
f 3433//3433 2269//2269 2262//2262 2261//2261
f 2263//2263 2264//2264 2265//2265 2266//2266
f 2263//2263 2270//2270 2267//2267 2264//2264
f 2265//2265 2264//2264 2269//2269 3433//3433
f 2284//2284 2263//2263 2266//2266 2017//2017
f 2267//2267 2268//2268 2269//2269 2264//2264
f 2267//2267 2277//2277 2273//2273 2268//2268
f 2269//2269 2268//2268 3521//3521 2262//2262
f 2270//2270 2279//2279 2277//2277 2267//2267
f 2270//2270 2285//2285 2280//2280 2279//2279
f 2284//2284 2285//2285 2270//2270 2263//2263
f 2274//2274 2272//2272 2273//2273 2275//2275
f 2276//2276 2275//2275 2273//2273 2277//2277
f 3521//3521 2268//2268 2273//2273 2272//2272
f 2274//2274 2275//2275 2282//2282 3495//3495
f 2276//2276 2281//2281 2282//2282 2275//2275
f 2278//2278 2276//2276 2277//2277 2279//2279
f 2278//2278 2279//2279 2280//2280 2290//2290
f 2278//2278 2283//2283 2281//2281 2276//2276
f 2278//2278 2290//2290 3494//3494 2283//2283
f 2307//2307 2282//2282 2281//2281 2308//2308
f 2308//2308 2281//2281 2283//2283 2312//2312
f 2283//2283 3494//3494 2313//2313 2312//2312
f 2284//2284 3465//3465 3520//3520 2285//2285
f 2285//2285 3520//3520 2289//2289 2280//2280
f 3465//3465 2287//2287 2286//2286 3520//3520
f 2288//2288 2286//2286 2287//2287 3093//3093
f 2291//2291 2286//2286 2288//2288 2295//2295
f 2290//2290 2280//2280 2289//2289 2292//2292
f 2290//2290 2292//2292 2324//2324 3494//3494
f 2292//2292 2289//2289 2291//2291 3096//3096
f 3520//3520 2286//2286 2291//2291 2289//2289
f 2293//2293 2294//2294 2295//2295 2288//2288
f 2299//2299 2300//2300 2293//2293 2255//2255
f 3093//3093 2255//2255 2293//2293 2288//2288
f 2294//2294 2297//2297 2296//2296 2295//2295
f 2300//2300 2301//2301 2294//2294 2293//2293
f 2302//2302 2297//2297 2294//2294 2301//2301
f 2295//2295 2296//2296 3096//3096 2291//2291
f 2298//2298 2296//2296 2297//2297 2304//2304
f 2298//2298 2335//2335 2322//2322 3115//3115
f 2298//2298 3115//3115 3096//3096 2296//2296
f 2565//2565 2301//2301 2300//2300 2303//2303
f 2567//2567 2302//2302 2301//2301 2565//2565
f 2302//2302 2305//2305 2304//2304 2297//2297
f 2566//2566 2565//2565 2303//2303 3247//3247
f 2304//2304 2306//2306 2335//2335 2298//2298
f 2306//2306 2304//2304 2305//2305 2564//2564
f 2567//2567 2569//2569 2305//2305 2302//2302
f 2305//2305 2569//2569 2571//2571 2564//2564
f 2584//2584 2336//2336 2306//2306 2564//2564
f 2309//2309 2310//2310 2307//2307 2308//2308
f 2316//2316 3420//3420 2307//2307 2310//2310
f 3495//3495 2282//2282 2307//2307 3420//3420
f 2311//2311 2309//2309 2308//2308 2312//2312
f 2314//2314 2310//2310 2309//2309 2321//2321
f 2309//2309 2311//2311 2317//2317 2321//2321
f 2311//2311 2312//2312 2313//2313 2325//2325
f 2311//2311 2325//2325 2332//2332 2317//2317
f 2314//2314 2315//2315 2316//2316 2310//2310
f 2314//2314 2318//2318 2319//2319 2315//2315
f 2316//2316 814//814 3421//3421 3420//3420
f 2317//2317 2332//2332 2331//2331 3514//3514
f 2321//2321 2320//2320 2318//2318 2314//2314
f 2318//2318 2345//2345 2341//2341 2319//2319
f 2320//2320 2347//2347 2345//2345 2318//2318
f 2320//2320 3514//3514 2348//2348 2347//2347
f 2321//2321 2317//2317 3514//3514 2320//2320
f 2322//2322 2323//2323 2324//2324 3115//3115
f 2328//2328 2326//2326 2322//2322 2335//2335
f 2325//2325 2313//2313 2323//2323 2327//2327
f 2326//2326 2327//2327 2323//2323 2322//2322
f 3494//3494 2324//2324 2323//2323 2313//2313
f 3096//3096 3115//3115 2324//2324 2292//2292
f 2325//2325 2327//2327 2329//2329 2332//2332
f 2329//2329 2327//2327 2326//2326 2334//2334
f 2334//2334 2326//2326 2328//2328 2337//2337
f 2333//2333 2330//2330 2329//2329 2334//2334
f 2330//2330 2331//2331 2332//2332 2329//2329
f 2340//2340 2338//2338 2330//2330 2333//2333
f 2338//2338 2339//2339 2331//2331 2330//2330
f 2337//2337 3178//3178 2333//2333 2334//2334
f 2333//2333 3178//3178 2580//2580 2340//2340
f 2335//2335 2306//2306 2336//2336 2328//2328
f 2337//2337 2328//2328 2336//2336 2585//2585
f 2336//2336 2584//2584 3246//3246 2585//2585
f 2603//2603 2339//2339 2338//2338 2623//2623
f 3098//3098 2623//2623 2338//2338 2340//2340
f 2349//2349 2348//2348 2339//2339 2603//2603
f 3514//3514 2331//2331 2339//2339 2348//2348
f 2624//2624 3098//3098 2340//2340 2580//2580
f 2342//2342 830//830 2341//2341 2343//2343
f 2344//2344 2343//2343 2341//2341 2345//2345
f 3515//3515 2319//2319 2341//2341 830//830
f 2342//2342 2343//2343 2599//2599 3498//3498
f 2344//2344 2598//2598 2599//2599 2343//2343
f 2346//2346 2344//2344 2345//2345 2347//2347
f 2346//2346 2347//2347 2348//2348 2349//2349
f 2346//2346 2600//2600 2598//2598 2344//2344
f 2349//2349 2601//2601 2600//2600 2346//2346
f 2602//2602 2601//2601 2349//2349 2603//2603
f 2356//2356 2351//2351 2350//2350 2363//2363
f 2350//2350 2037//2037 3336//3336 2361//2361
f 2352//2352 2038//2038 2351//2351 2357//2357
f 2358//2358 2357//2357 2351//2351 2356//2356
f 3360//3360 3303//3303 2352//2352 2357//2357
f 2361//2361 3336//3336 2353//2353 2355//2355
f 3352//3352 2354//2354 2353//2353 2032//2032
f 2355//2355 2353//2353 2354//2354 2359//2359
f 2354//2354 3352//3352 3343//3343 3344//3344
f 3593//3593 2359//2359 2354//2354 3344//3344
f 2362//2362 2361//2361 2355//2355 2360//2360
f 2365//2365 2358//2358 2356//2356 2364//2364
f 2358//2358 3589//3589 3360//3360 2357//2357
f 2360//2360 2355//2355 2359//2359 2366//2366
f 3321//3321 2366//2366 2359//2359 3593//3593
f 2360//2360 2366//2366 2367//2367 2368//2368
f 2363//2363 2350//2350 2361//2361 2362//2362
f 2362//2362 2360//2360 2368//2368 2652//2652
f 2653//2653 2363//2363 2362//2362 2652//2652
f 2364//2364 2356//2356 2363//2363 2653//2653
f 2655//2655 2365//2365 2364//2364 3320//3320
f 2365//2365 2655//2655 2654//2654 3300//3300
f 2365//2365 3300//3300 3589//3589 2358//2358
f 2619//2619 2368//2368 2367//2367 3490//3490
f 2367//2367 2366//2366 3321//3321 3322//3322
f 2618//2618 2652//2652 2368//2368 2619//2619
f 2371//2371 2369//2369 2370//2370 2372//2372
f 2370//2370 2369//2369 3225//3225 3447//3447
f 2370//2370 3447//3447 3227//3227 2378//2378
f 2371//2371 2061//2061 3224//3224 2369//2369
f 2378//2378 2375//2375 2372//2372 2370//2370
f 2377//2377 2376//2376 2373//2373 2380//2380
f 2373//2373 2062//2062 3303//3303 3360//3360
f 2373//2373 3360//3360 3589//3589 2380//2380
f 2374//2374 2372//2372 2375//2375 3256//3256
f 2396//2396 3376//3376 2374//2374 3256//3256
f 2374//2374 3376//3376 3599//3599 2066//2066
f 3447//3447 3225//3225 2376//2376 2377//2377
f 2379//2379 2375//2375 2378//2378 2382//2382
f 2379//2379 2382//2382 2383//2383 3258//3258
f 2399//2399 3377//3377 2379//2379 3258//3258
f 2379//2379 3377//3377 3256//3256 2375//2375
f 2381//2381 2377//2377 2380//2380 2384//2384
f 2380//2380 3589//3589 3300//3300 2384//2384
f 2381//2381 2384//2384 2385//2385 3294//3294
f 2381//2381 3227//3227 3447//3447 2377//2377
f 2386//2386 2383//2383 2382//2382 3422//3422
f 2382//2382 2378//2378 3227//3227 3422//3422
f 3295//3295 3294//3294 2385//2385 2635//2635
f 2385//2385 2384//2384 3300//3300 2654//2654
f 2387//2387 2383//2383 2386//2386 2661//2661
f 2634//2634 2661//2661 2386//2386 3295//3295
f 2386//2386 3422//3422 3294//3294 3295//3295
f 2387//2387 2657//2657 3258//3258 2383//2383
f 2389//2389 2392//2392 2393//2393 2394//2394
f 2426//2426 2422//2422 2391//2391 3189//3189
f 3190//3190 3189//3189 2391//2391 2395//2395
f 2393//2393 2392//2392 3376//3376 2396//2396
f 2395//2395 2389//2389 2394//2394 3190//3190
f 2394//2394 2393//2393 2397//2397 2402//2402
f 3226//3226 3190//3190 2394//2394 2402//2402
f 2397//2397 2393//2393 2396//2396 2398//2398
f 3377//3377 2398//2398 2396//2396 3256//3256
f 2403//2403 2402//2402 2397//2397 2401//2401
f 2399//2399 2400//2400 2398//2398 3377//3377
f 2401//2401 2397//2397 2398//2398 2400//2400
f 2400//2400 2399//2399 2404//2404 3231//3231
f 2405//2405 2401//2401 2400//2400 3231//3231
f 2403//2403 2401//2401 2405//2405 2680//2680
f 3226//3226 2402//2402 2403//2403 2677//2677
f 3258//3258 2657//2657 2404//2404 2399//2399
f 2407//2407 2409//2409 2410//2410 2406//2406
f 2408//2408 2411//2411 2409//2409 2407//2407
f 3326//3326 3325//3325 2408//2408 2101//2101
f 3595//3595 2411//2411 2408//2408 3325//3325
f 2409//2409 2412//2412 2413//2413 2410//2410
f 3342//3342 2406//2406 2410//2410 3594//3594
f 2411//2411 2414//2414 2412//2412 2409//2409
f 2417//2417 2414//2414 2411//2411 3595//3595
f 2415//2415 904//904 2413//2413 2412//2412
f 2413//2413 903//903 3594//3594 2410//2410
f 2414//2414 3319//3319 2415//2415 2412//2412
f 2697//2697 2696//2696 2416//2416 2418//2418
f 2416//2416 2696//2696 3302//3302 3319//3319
f 2418//2418 2416//2416 2417//2417 2428//2428
f 2417//2417 2416//2416 3319//3319 2414//2414
f 2709//2709 2697//2697 2418//2418 2432//2432
f 2420//2420 2423//2423 2424//2424 2419//2419
f 2421//2421 2425//2425 2423//2423 2420//2420
f 2422//2422 2426//2426 2425//2425 2421//2421
f 2423//2423 2427//2427 2428//2428 2424//2424
f 3325//3325 2419//2419 2424//2424 3595//3595
f 2425//2425 2429//2429 2427//2427 2423//2423
f 2429//2429 2425//2425 2426//2426 2430//2430
f 2431//2431 2430//2430 2426//2426 3189//3189
f 2432//2432 2418//2418 2428//2428 2427//2427
f 3595//3595 2424//2424 2428//2428 2417//2417
f 2429//2429 2433//2433 2432//2432 2427//2427
f 2434//2434 2433//2433 2429//2429 2430//2430
f 2434//2434 2430//2430 2431//2431 2676//2676
f 2677//2677 2676//2676 2431//2431 3226//3226
f 2431//2431 3189//3189 3190//3190 3226//3226
f 2433//2433 2710//2710 2709//2709 2432//2432
f 2711//2711 2710//2710 2433//2433 2434//2434
f 2442//2442 2436//2436 2435//2435 2441//2441
f 2443//2443 2438//2438 2436//2436 2442//2442
f 2443//2443 2444//2444 2439//2439 2438//2438
f 2444//2444 2445//2445 2440//2440 2439//2439
f 2446//2446 2181//2181 2440//2440 2448//2448
f 2450//2450 2451//2451 2442//2442 2441//2441
f 2451//2451 2453//2453 2443//2443 2442//2442
f 2456//2456 2444//2444 2443//2443 2453//2453
f 2458//2458 2445//2445 2444//2444 2456//2456
f 2445//2445 2477//2477 2448//2448 2440//2440
f 2447//2447 2446//2446 2448//2448 3103//3103
f 2459//2459 2452//2452 2449//2449 2460//2460
f 3530//3530 2460//2460 2449//2449 951//951
f 2452//2452 2451//2451 2450//2450 2449//2449
f 2454//2454 2453//2453 2451//2451 2452//2452
f 2461//2461 2454//2454 2452//2452 2459//2459
f 2454//2454 2455//2455 2456//2456 2453//2453
f 2454//2454 2461//2461 2465//2465 2455//2455
f 2455//2455 2457//2457 2458//2458 2456//2456
f 2455//2455 2465//2465 2467//2467 2457//2457
f 2481//2481 2458//2458 2457//2457 2482//2482
f 2458//2458 2481//2481 2477//2477 2445//2445
f 2463//2463 2461//2461 2459//2459 2462//2462
f 2462//2462 2459//2459 2460//2460 2470//2470
f 2472//2472 2463//2463 2462//2462 2471//2471
f 2463//2463 2464//2464 2465//2465 2461//2461
f 2464//2464 2466//2466 2467//2467 2465//2465
f 2468//2468 2466//2466 2464//2464 2473//2473
f 2472//2472 2473//2473 2464//2464 2463//2463
f 2467//2467 2484//2484 2482//2482 2457//2457
f 2485//2485 2484//2484 2467//2467 2466//2466
f 2485//2485 2466//2466 2468//2468 2528//2528
f 2496//2496 2471//2471 2469//2469 2497//2497
f 2471//2471 2462//2462 2470//2470 2469//2469
f 2470//2470 2460//2460 3530//3530 964//964
f 2498//2498 2472//2472 2471//2471 2496//2496
f 2494//2494 2473//2473 2472//2472 2498//2498
f 2495//2495 2468//2468 2473//2473 2494//2494
f 2483//2483 2479//2479 2475//2475 3466//3466
f 2476//2476 2478//2478 3466//3466 3602//3602
f 2476//2476 3602//3602 3603//3603 3103//3103
f 2478//2478 2476//2476 2477//2477 2481//2481
f 2477//2477 2476//2476 3103//3103 2448//2448
f 2478//2478 2481//2481 2482//2482 3446//3446
f 2480//2480 2220//2220 2479//2479 2490//2490
f 2489//2489 2491//2491 2480//2480 2490//2490
f 2483//2483 3446//3446 2486//2486 3609//3609
f 2490//2490 2479//2479 2483//2483 3609//3609
f 2487//2487 2486//2486 2484//2484 2485//2485
f 2484//2484 2486//2486 3446//3446 2482//2482
f 2487//2487 2485//2485 2528//2528 2493//2493
f 3609//3609 2486//2486 2487//2487 2488//2488
f 2488//2488 2489//2489 2490//2490 3609//3609
f 2492//2492 2489//2489 2488//2488 3545//3545
f 2488//2488 2487//2487 2493//2493 3545//3545
f 2491//2491 2489//2489 2492//2492 2520//2520
f 2491//2491 2520//2520 2521//2521 2223//2223
f 3324//3324 2480//2480 2491//2491 2223//2223
f 2523//2523 2520//2520 2492//2492 2530//2530
f 2501//2501 2502//2502 2494//2494 2498//2498
f 2502//2502 2503//2503 2495//2495 2494//2494
f 2528//2528 2468//2468 2495//2495 2531//2531
f 2532//2532 2531//2531 2495//2495 2503//2503
f 2501//2501 2498//2498 2496//2496 2500//2500
f 2500//2500 2496//2496 2497//2497 2499//2499
f 2500//2500 2499//2499 2504//2504 2509//2509
f 2505//2505 2502//2502 2501//2501 2511//2511
f 2501//2501 2500//2500 2509//2509 2511//2511
f 2503//2503 2502//2502 2505//2505 2506//2506
f 2510//2510 2509//2509 2504//2504 2508//2508
f 2506//2506 2505//2505 2507//2507 2540//2540
f 2532//2532 2503//2503 2506//2506 2539//2539
f 2507//2507 2505//2505 2511//2511 2512//2512
f 2515//2515 2516//2516 2507//2507 2512//2512
f 2514//2514 2510//2510 2508//2508 2513//2513
f 2512//2512 2511//2511 2509//2509 2510//2510
f 2515//2515 2512//2512 2510//2510 2514//2514
f 2725//2725 2726//2726 2514//2514 2513//2513
f 2722//2722 2516//2516 2515//2515 2728//2728
f 2726//2726 2728//2728 2515//2515 2514//2514
f 2516//2516 3102//3102 2540//2540 2507//2507
f 2517//2517 2518//2518 2519//2519 2242//2242
f 2524//2524 2525//2525 2518//2518 2517//2517
f 2518//2518 2526//2526 3359//3359 2519//2519
f 2522//2522 2521//2521 2520//2520 2523//2523
f 2524//2524 2522//2522 2523//2523 2527//2527
f 2523//2523 2530//2530 3193//3193 2527//2527
f 2526//2526 2518//2518 2525//2525 2557//2557
f 2527//2527 2534//2534 2525//2525 2524//2524
f 3384//3384 2557//2557 2525//2525 2534//2534
f 2535//2535 2534//2534 2527//2527 3193//3193
f 2529//2529 2493//2493 2528//2528 2531//2531
f 2532//2532 2533//2533 2529//2529 2531//2531
f 3545//3545 2493//2493 2529//2529 3606//3606
f 2538//2538 3193//3193 2530//2530 3606//3606
f 2530//2530 2492//2492 3545//3545 3606//3606
f 2536//2536 2533//2533 2532//2532 2539//2539
f 2533//2533 2536//2536 2537//2537 2538//2538
f 2533//2533 2538//2538 3606//3606 2529//2529
f 2538//2538 2537//2537 2535//2535 3193//3193
f 2541//2541 2543//2543 2535//2535 2537//2537
f 2535//2535 2543//2543 3384//3384 2534//2534
f 2541//2541 2537//2537 2536//2536 2542//2542
f 2539//2539 2506//2506 2540//2540 3101//3101
f 2542//2542 2536//2536 2539//2539 3101//3101
f 2541//2541 2748//2748 2561//2561 2543//2543
f 2542//2542 2745//2745 2748//2748 2541//2541
f 2546//2546 2544//2544 2545//2545 3359//3359
f 2547//2547 2548//2548 2546//2546 2552//2552
f 2547//2547 2550//2550 2549//2549 2548//2548
f 2554//2554 2550//2550 2547//2547 2553//2553
f 2549//2549 2551//2551 3247//3247 2259//2259
f 2551//2551 2549//2549 2550//2550 2555//2555
f 2550//2550 2554//2554 3210//3210 2555//2555
f 2553//2553 2547//2547 2552//2552 2556//2556
f 2557//2557 2556//2556 2552//2552 2526//2526
f 3359//3359 2526//2526 2552//2552 2546//2546
f 2563//2563 2749//2749 2554//2554 2553//2553
f 2560//2560 2559//2559 2555//2555 3210//3210
f 2555//2555 2559//2559 3237//3237 2551//2551
f 2563//2563 2553//2553 2556//2556 2558//2558
f 2558//2558 2556//2556 2557//2557 3384//3384
f 2560//2560 2786//2786 2574//2574 2559//2559
f 2785//2785 2786//2786 2560//2560 3182//3182
f 2561//2561 2562//2562 2563//2563 2558//2558
f 3384//3384 2543//2543 2561//2561 2558//2558
f 2748//2748 2747//2747 2562//2562 2561//2561
f 2562//2562 2750//2750 2749//2749 2563//2563
f 2753//2753 2750//2750 2562//2562 2747//2747
f 2566//2566 2568//2568 2567//2567 2565//2565
f 2570//2570 2568//2568 2566//2566 3237//3237
f 2569//2569 2567//2567 2568//2568 3276//3276
f 2572//2572 2571//2571 2569//2569 3276//3276
f 3276//3276 2568//2568 2570//2570 2575//2575
f 2571//2571 2572//2572 2573//2573 2583//2583
f 2571//2571 2583//2583 2584//2584 2564//2564
f 2575//2575 2576//2576 2572//2572 3276//3276
f 2578//2578 2573//2573 2572//2572 2576//2576
f 2589//2589 2583//2583 2573//2573 2590//2590
f 2591//2591 2590//2590 2573//2573 2578//2578
f 2575//2575 2570//2570 2574//2574 2577//2577
f 2574//2574 2570//2570 3237//3237 2559//2559
f 3403//3403 2576//2576 2575//2575 2577//2577
f 2579//2579 2578//2578 2576//2576 3403//3403
f 2786//2786 3211//3211 2577//2577 2574//2574
f 2790//2790 3403//3403 2577//2577 3211//3211
f 2591//2591 2578//2578 2579//2579 2788//2788
f 2790//2790 2787//2787 2579//2579 3403//3403
f 2581//2581 2582//2582 2580//2580 3178//3178
f 2587//2587 2624//2624 2580//2580 2582//2582
f 3254//3254 2582//2582 2581//2581 2586//2586
f 2588//2588 2587//2587 2582//2582 3254//3254
f 3246//3246 2584//2584 2583//2583 2589//2589
f 2586//2586 2581//2581 2585//2585 3246//3246
f 2585//2585 2581//2581 3178//3178 2337//2337
f 2593//2593 3254//3254 2586//2586 3245//3245
f 2628//2628 2624//2624 2587//2587 2631//2631
f 2593//2593 2596//2596 2588//2588 3254//3254
f 2588//2588 2639//2639 2631//2631 2587//2587
f 2590//2590 2592//2592 3245//3245 2589//2589
f 2592//2592 2590//2590 2591//2591 2597//2597
f 2591//2591 2788//2788 2810//2810 2597//2597
f 2592//2592 2594//2594 2593//2593 3245//3245
f 2812//2812 2594//2594 2592//2592 2597//2597
f 2595//2595 2596//2596 2593//2593 2594//2594
f 2813//2813 2595//2595 2594//2594 2812//2812
f 2595//2595 2647//2647 2646//2646 2596//2596
f 2639//2639 2588//2588 2596//2596 2646//2646
f 2604//2604 2599//2599 2598//2598 2610//2610
f 2598//2598 2600//2600 2611//2611 2610//2610
f 2605//2605 2606//2606 2601//2601 2602//2602
f 2601//2601 2606//2606 2611//2611 2600//2600
f 2625//2625 2605//2605 2602//2602 2622//2622
f 2622//2622 2602//2602 2603//2603 2623//2623
f 2609//2609 2607//2607 2604//2604 2610//2610
f 3498//3498 2599//2599 2604//2604 1122//1122
f 2630//2630 2613//2613 2605//2605 2625//2625
f 2612//2612 2611//2611 2606//2606 2614//2614
f 2613//2613 2614//2614 2606//2606 2605//2605
f 2615//2615 2608//2608 2607//2607 2616//2616
f 2609//2609 2610//2610 2611//2611 2612//2612
f 2616//2616 2607//2607 2609//2609 2621//2621
f 2609//2609 2612//2612 3458//3458 2621//2621
f 2612//2612 2614//2614 2617//2617 3458//3458
f 2617//2617 2614//2614 2613//2613 2632//2632
f 2615//2615 2616//2616 2619//2619 3490//3490
f 2618//2618 2619//2619 2616//2616 2621//2621
f 2655//2655 3320//3320 2617//2617 2632//2632
f 2620//2620 2618//2618 2621//2621 3458//3458
f 2620//2620 2653//2653 2652//2652 2618//2618
f 3098//3098 2629//2629 2622//2622 2623//2623
f 2624//2624 2628//2628 2629//2629 3098//3098
f 2629//2629 2627//2627 2625//2625 2622//2622
f 2626//2626 2628//2628 2631//2631 2636//2636
f 2642//2642 3089//3089 2626//2626 2636//2636
f 2628//2628 2626//2626 2627//2627 2629//2629
f 2630//2630 2625//2625 2627//2627 3457//3457
f 2627//2627 2626//2626 3089//3089 3457//3457
f 2632//2632 2613//2613 2630//2630 2656//2656
f 2630//2630 3457//3457 3610//3610 2656//2656
f 2631//2631 2639//2639 2640//2640 2636//2636
f 2654//2654 2655//2655 2632//2632 2656//2656
f 2635//2635 2633//2633 2634//2634 3295//3295
f 2638//2638 2663//2663 2634//2634 2633//2633
f 2638//2638 2633//2633 3610//3610 2637//2637
f 2654//2654 2656//2656 2635//2635 2385//2385
f 3089//3089 3088//3088 3610//3610 3457//3457
f 2663//2663 2638//2638 2637//2637 2673//2673
f 2674//2674 2673//2673 2637//2637 3279//3279
f 3088//3088 3279//3279 2637//2637 3610//3610
f 2648//2648 2640//2640 2639//2639 2646//2646
f 2640//2640 2641//2641 2642//2642 2636//2636
f 2640//2640 2648//2648 2649//2649 2641//2641
f 2644//2644 2642//2642 2641//2641 2650//2650
f 2643//2643 2836//2836 2674//2674 3279//3279
f 2856//2856 2836//2836 2643//2643 2645//2645
f 2643//2643 3279//3279 3088//3088 2644//2644
f 2645//2645 2643//2643 2644//2644 2650//2650
f 2644//2644 3088//3088 3089//3089 2642//2642
f 2645//2645 2650//2650 2651//2651 2835//2835
f 2648//2648 2646//2646 2647//2647 2833//2833
f 2813//2813 2815//2815 2647//2647 2595//2595
f 2647//2647 2815//2815 3286//3286 2833//2833
f 2834//2834 2649//2649 2648//2648 2833//2833
f 2650//2650 2641//2641 2649//2649 2651//2651
f 2834//2834 2837//2837 2651//2651 2649//2649
f 3320//3320 2364//2364 2653//2653 2620//2620
f 2658//2658 2659//2659 2657//2657 2387//2387
f 2660//2660 2404//2404 2657//2657 2659//2659
f 2661//2661 2664//2664 2658//2658 2387//2387
f 2659//2659 2658//2658 2662//2662 2665//2665
f 2660//2660 2659//2659 2665//2665 2667//2667
f 2671//2671 2684//2684 2660//2660 2667//2667
f 2660//2660 2684//2684 3231//3231 2404//2404
f 2663//2663 2664//2664 2661//2661 2634//2634
f 2662//2662 2658//2658 2664//2664 2668//2668
f 2668//2668 2664//2664 2663//2663 2673//2673
f 2665//2665 2662//2662 2669//2669 2666//2666
f 2667//2667 2665//2665 2666//2666 3277//3277
f 3601//3601 3277//3277 2666//2666 2670//2670
f 2672//2672 2671//2671 2667//2667 3277//3277
f 2669//2669 2662//2662 2668//2668 2675//2675
f 2668//2668 2673//2673 2674//2674 2675//2675
f 2670//2670 2666//2666 2669//2669 2858//2858
f 2679//2679 2684//2684 2671//2671 2686//2686
f 2672//2672 2687//2687 2686//2686 2671//2671
f 2675//2675 2674//2674 2836//2836 2855//2855
f 2858//2858 2669//2669 2675//2675 2855//2855
f 2676//2676 2678//2678 2711//2711 2434//2434
f 2678//2678 2676//2676 2677//2677 2681//2681
f 2677//2677 2403//2403 2680//2680 2681//2681
f 2678//2678 2683//2683 2713//2713 2711//2711
f 2680//2680 2405//2405 2679//2679 3230//3230
f 2688//2688 3230//3230 2679//2679 2686//2686
f 2679//2679 2405//2405 3231//3231 2684//2684
f 2682//2682 2681//2681 2680//2680 3230//3230
f 2683//2683 2678//2678 2681//2681 2682//2682
f 2688//2688 2685//2685 2682//2682 3230//3230
f 2683//2683 2682//2682 2685//2685 2690//2690
f 2716//2716 2713//2713 2683//2683 2690//2690
f 2685//2685 2688//2688 2689//2689 2692//2692
f 2691//2691 2690//2690 2685//2685 2692//2692
f 2688//2688 2686//2686 2687//2687 2689//2689
f 2687//2687 2672//2672 2694//2694 3567//3567
f 2873//2873 2689//2689 2687//2687 3567//3567
f 2689//2689 2873//2873 2693//2693 2692//2692
f 2691//2691 2692//2692 2693//2693 3191//3191
f 2691//2691 3244//3244 2716//2716 2690//2690
f 2853//2853 2875//2875 2694//2694 3601//3601
f 2694//2694 2672//2672 3277//3277 3601//3601
f 3319//3319 3302//3302 2695//2695 2415//2415
f 3587//3587 2698//2698 2695//2695 3302//3302
f 2697//2697 2699//2699 2700//2700 2696//2696
f 2698//2698 3587//3587 3253//3253 2701//2701
f 2699//2699 2702//2702 2703//2703 2700//2700
f 2709//2709 2712//2712 2699//2699 2697//2697
f 2700//2700 3587//3587 3302//3302 2696//2696
f 2712//2712 2715//2715 2702//2702 2699//2699
f 2719//2719 2718//2718 2702//2702 2715//2715
f 2703//2703 2702//2702 2718//2718 2707//2707
f 2703//2703 2707//2707 3242//3242 3253//3253
f 3587//3587 2700//2700 2703//2703 3253//3253
f 3253//3253 3242//3242 2704//2704 2701//2701
f 3242//3242 3238//3238 2705//2705 2704//2704
f 3250//3250 2886//2886 2705//2705 3238//3238
f 2706//2706 2708//2708 2887//2887 2888//2888
f 2706//2706 2888//2888 3250//3250 3238//3238
f 2708//2708 2706//2706 2707//2707 2718//2718
f 2707//2707 2706//2706 3238//3238 3242//3242
f 2714//2714 2712//2712 2709//2709 2710//2710
f 2711//2711 2713//2713 2714//2714 2710//2710
f 2717//2717 2715//2715 2712//2712 2714//2714
f 2713//2713 2716//2716 2717//2717 2714//2714
f 3229//3229 2717//2717 2716//2716 3244//3244
f 2717//2717 3229//3229 2719//2719 2715//2715
f 2720//2720 2708//2708 2718//2718 2719//2719
f 2720//2720 2898//2898 2887//2887 2708//2708
f 3229//3229 3228//3228 2720//2720 2719//2719
f 3591//3591 2898//2898 2720//2720 3228//3228
f 2721//2721 2722//2722 2723//2723 2752//2752
f 2721//2721 2746//2746 3100//3100 3102//3102
f 2729//2729 2723//2723 2722//2722 2728//2728
f 2722//2722 2721//2721 3102//3102 2516//2516
f 2730//2730 2727//2727 2724//2724 2731//2731
f 3532//3532 2731//2731 2724//2724 1222//1222
f 2727//2727 2726//2726 2725//2725 2724//2724
f 2729//2729 2728//2728 2726//2726 2727//2727
f 2730//2730 2734//2734 2729//2729 2727//2727
f 2729//2729 2734//2734 2737//2737 2723//2723
f 2735//2735 2734//2734 2730//2730 2733//2733
f 2733//2733 2730//2730 2731//2731 2732//2732
f 2741//2741 2733//2733 2732//2732 2740//2740
f 2742//2742 2735//2735 2733//2733 2741//2741
f 2735//2735 2736//2736 2737//2737 2734//2734
f 2742//2742 2743//2743 2736//2736 2735//2735
f 2739//2739 2738//2738 2737//2737 2736//2736
f 2737//2737 2738//2738 2752//2752 2723//2723
f 2755//2755 2754//2754 2738//2738 2739//2739
f 2738//2738 2754//2754 3439//3439 2752//2752
f 2739//2739 2736//2736 2743//2743 3493//3493
f 2765//2765 2741//2741 2740//2740 2766//2766
f 2764//2764 2743//2743 2742//2742 2769//2769
f 2742//2742 2741//2741 2765//2765 2769//2769
f 2748//2748 2745//2745 2744//2744 2747//2747
f 2744//2744 3445//3445 2753//2753 2747//2747
f 2746//2746 2744//2744 2745//2745 3100//3100
f 2745//2745 2542//2542 3101//3101 3100//3100
f 2746//2746 2721//2721 2752//2752 3439//3439
f 3445//3445 2744//2744 2746//2746 3439//3439
f 2749//2749 2751//2751 3210//3210 2554//2554
f 2751//2751 2749//2749 2750//2750 2760//2760
f 2760//2760 2750//2750 2753//2753 3444//3444
f 2755//2755 2756//2756 2757//2757 2754//2754
f 2761//2761 2756//2756 2755//2755 2792//2792
f 2755//2755 2739//2739 3493//3493 2792//2792
f 3444//3444 2757//2757 2756//2756 2758//2758
f 3439//3439 2754//2754 2757//2757 3445//3445
f 2758//2758 2759//2759 2760//2760 3444//3444
f 2758//2758 2756//2756 2761//2761 2762//2762
f 2758//2758 2762//2762 2763//2763 2759//2759
f 2760//2760 2759//2759 3182//3182 2751//2751
f 2761//2761 2793//2793 3483//3483 2762//2762
f 2789//2789 2785//2785 2763//2763 2794//2794
f 3182//3182 2759//2759 2763//2763 2785//2785
f 3483//3483 2794//2794 2763//2763 2762//2762
f 2770//2770 2771//2771 2764//2764 2769//2769
f 2773//2773 2772//2772 2764//2764 2771//2771
f 3493//3493 2743//2743 2764//2764 2772//2772
f 2770//2770 2769//2769 2765//2765 2768//2768
f 2768//2768 2765//2765 2766//2766 2767//2767
f 2768//2768 2767//2767 2774//2774 2778//2778
f 2775//2775 2771//2771 2770//2770 2777//2777
f 2770//2770 2768//2768 2778//2778 2777//2777
f 2776//2776 2773//2773 2771//2771 2775//2775
f 2792//2792 3493//3493 2772//2772 2795//2795
f 2796//2796 2795//2795 2772//2772 2773//2773
f 2779//2779 2778//2778 2774//2774 2780//2780
f 2806//2806 2776//2776 2775//2775 3533//3533
f 2796//2796 2773//2773 2776//2776 2805//2805
f 2777//2777 2778//2778 2779//2779 2783//2783
f 3533//3533 2775//2775 2777//2777 2783//2783
f 2784//2784 2783//2783 2779//2779 2782//2782
f 2782//2782 2779//2779 2780//2780 2781//2781
f 2915//2915 2912//2912 2782//2782 2781//2781
f 3547//3547 3533//3533 2783//2783 2784//2784
f 2912//2912 2911//2911 2784//2784 2782//2782
f 3535//3535 3547//3547 2784//2784 2911//2911
f 3211//3211 2786//2786 2785//2785 2789//2789
f 2788//2788 2579//2579 2787//2787 2816//2816
f 2791//2791 2798//2798 2787//2787 2790//2790
f 2787//2787 2798//2798 2801//2801 2816//2816
f 2789//2789 2791//2791 2790//2790 3211//3211
f 2789//2789 2794//2794 3192//3192 2791//2791
f 2799//2799 2798//2798 2791//2791 3192//3192
f 2793//2793 2761//2761 2792//2792 2795//2795
f 2796//2796 2797//2797 2793//2793 2795//2795
f 2804//2804 3192//3192 2794//2794 3483//3483
f 2802//2802 2797//2797 2796//2796 2805//2805
f 2803//2803 2804//2804 2797//2797 2802//2802
f 2797//2797 2804//2804 3483//3483 2793//2793
f 2800//2800 2801//2801 2798//2798 2799//2799
f 2807//2807 2800//2800 2799//2799 2803//2803
f 2809//2809 2808//2808 2800//2800 2807//2807
f 2801//2801 2800//2800 2808//2808 2819//2819
f 2817//2817 2816//2816 2801//2801 2819//2819
f 2802//2802 2805//2805 3111//3111 3112//3112
f 2803//2803 2802//2802 3112//3112 2807//2807
f 3192//3192 2804//2804 2803//2803 2799//2799
f 2805//2805 2776//2776 2806//2806 3111//3111
f 2830//2830 2809//2809 2807//2807 3112//3112
f 2832//2832 2826//2826 2808//2808 2809//2809
f 2810//2810 2811//2811 2812//2812 2597//2597
f 2816//2816 2817//2817 2810//2810 2788//2788
f 2810//2810 2817//2817 3199//3199 2811//2811
f 2811//2811 2814//2814 2813//2813 2812//2812
f 2818//2818 2814//2814 2811//2811 3199//3199
f 2815//2815 2813//2813 2814//2814 2820//2820
f 2822//2822 3286//3286 2815//2815 2820//2820
f 2820//2820 2814//2814 2818//2818 2821//2821
f 2823//2823 2821//2821 2818//2818 3559//3559
f 2826//2826 2825//2825 2819//2819 2808//2808
f 2819//2819 2825//2825 3199//3199 2817//2817
f 2822//2822 2820//2820 2821//2821 2824//2824
f 2821//2821 2823//2823 3402//3402 2824//2824
f 2822//2822 2843//2843 2838//2838 3286//3286
f 2935//2935 3402//3402 2823//2823 2936//2936
f 3284//3284 2936//2936 2823//2823 3559//3559
f 2824//2824 2849//2849 2843//2843 2822//2822
f 2850//2850 2849//2849 2824//2824 3402//3402
f 3548//3548 3284//3284 2826//2826 2832//2832
f 2826//2826 3284//3284 3559//3559 2825//2825
f 2831//2831 2830//2830 2827//2827 2829//2829
f 2827//2827 2830//2830 3112//3112 3111//3111
f 2829//2829 2827//2827 2828//2828 2928//2928
f 2828//2828 2827//2827 3111//3111 2806//2806
f 2828//2828 2806//2806 3533//3533 3547//3547
f 2829//2829 2928//2928 2929//2929 2930//2930
f 2830//2830 2831//2831 2832//2832 2809//2809
f 2831//2831 2829//2829 2930//2930 3431//3431
f 3431//3431 3548//3548 2832//2832 2831//2831
f 2838//2838 2834//2834 2833//2833 3286//3286
f 2839//2839 2837//2837 2834//2834 2838//2838
f 2835//2835 2651//2651 2837//2837 2840//2840
f 2835//2835 2840//2840 2842//2842 3569//3569
f 2835//2835 3569//3569 2856//2856 2645//2645
f 2839//2839 2841//2841 2840//2840 2837//2837
f 2843//2843 2844//2844 2839//2839 2838//2838
f 2842//2842 2840//2840 2841//2841 2846//2846
f 2844//2844 2848//2848 2841//2841 2839//2839
f 2845//2845 2846//2846 2841//2841 2848//2848
f 2866//2866 3569//3569 2842//2842 2868//2868
f 3198//3198 2844//2844 2843//2843 2849//2849
f 2847//2847 2848//2848 2844//2844 3198//3198
f 2845//2845 2848//2848 2847//2847 3571//3571
f 2869//2869 2846//2846 2845//2845 2992//2992
f 2868//2868 2842//2842 2846//2846 2869//2869
f 2963//2963 2964//2964 2847//2847 3198//3198
f 2963//2963 3198//3198 2849//2849 2850//2850
f 2935//2935 3268//3268 2850//2850 3402//3402
f 2962//2962 2963//2963 2850//2850 3268//3268
f 2858//2858 2857//2857 2851//2851 2670//2670
f 3601//3601 2670//2670 2851//2851 2853//2853
f 2853//2853 2851//2851 2852//2852 2861//2861
f 2857//2857 2859//2859 2852//2852 2851//2851
f 2867//2867 2863//2863 2852//2852 2859//2859
f 2854//2854 2857//2857 2858//2858 2855//2855
f 2859//2859 2857//2857 2854//2854 2866//2866
f 2854//2854 2856//2856 3569//3569 2866//2866
f 2856//2856 2854//2854 2855//2855 2836//2836
f 2876//2876 2875//2875 2860//2860 2880//2880
f 2879//2879 2880//2880 2860//2860 2862//2862
f 2862//2862 2860//2860 2861//2861 2865//2865
f 2861//2861 2852//2852 2863//2863 2865//2865
f 2861//2861 2860//2860 2875//2875 2853//2853
f 2862//2862 2865//2865 2870//2870 2872//2872
f 2865//2865 2863//2863 2864//2864 2870//2870
f 2867//2867 2988//2988 2864//2864 2863//2863
f 2991//2991 2989//2989 2864//2864 2988//2988
f 2867//2867 2859//2859 2866//2866 2868//2868
f 2867//2867 2868//2868 2869//2869 2988//2988
f 2989//2989 2871//2871 2870//2870 2864//2864
f 2872//2872 2870//2870 2871//2871 3216//3216
f 2871//2871 2989//2989 2990//2990 2993//2993
f 3572//3572 3216//3216 2871//2871 2993//2993
f 2879//2879 2862//2862 2872//2872 2884//2884
f 3026//3026 2884//2884 2872//2872 3216//3216
f 2874//2874 2693//2693 2873//2873 2877//2877
f 2876//2876 2877//2877 2873//2873 3567//3567
f 2874//2874 3404//3404 3191//3191 2693//2693
f 3567//3567 2694//2694 2875//2875 2876//2876
f 2878//2878 2877//2877 2876//2876 2880//2880
f 3197//3197 2874//2874 2877//2877 2878//2878
f 2879//2879 2885//2885 2878//2878 2880//2880
f 2878//2878 2885//2885 2881//2881 3197//3197
f 2881//2881 2883//2883 2902//2902 3197//3197
f 2883//2883 2881//2881 2882//2882 2904//2904
f 2882//2882 2881//2881 2885//2885 3028//3028
f 2885//2885 2879//2879 2884//2884 3028//3028
f 3383//3383 2889//2889 2886//2886 3250//3250
f 2887//2887 2890//2890 2891//2891 2888//2888
f 2898//2898 2899//2899 2890//2890 2887//2887
f 2900//2900 2893//2893 2890//2890 2899//2899
f 2893//2893 2892//2892 2891//2891 2890//2890
f 2891//2891 3383//3383 3250//3250 2888//2888
f 2891//2891 2892//2892 3273//3273 3383//3383
f 2895//2895 2894//2894 2892//2892 2893//2893
f 2892//2892 2894//2894 3270//3270 3273//3273
f 2905//2905 2895//2895 2893//2893 2900//2900
f 2895//2895 2896//2896 2897//2897 2894//2894
f 2905//2905 2906//2906 2896//2896 2895//2895
f 2896//2896 3043//3043 3044//3044 2897//2897
f 3270//3270 2894//2894 2897//2897 3556//3556
f 3381//3381 2899//2899 2898//2898 3591//3591
f 3381//3381 3269//3269 2900//2900 2899//2899
f 2901//2901 2903//2903 3269//3269 3381//3381
f 2901//2901 3381//3381 3591//3591 3414//3414
f 2903//2903 2901//2901 2902//2902 2883//2883
f 2902//2902 2901//2901 3414//3414 3404//3404
f 2903//2903 2883//2883 2904//2904 2910//2910
f 2903//2903 2910//2910 2908//2908 3269//3269
f 3278//3278 2909//2909 2904//2904 2882//2882
f 3269//3269 2908//2908 2905//2905 2900//2900
f 2908//2908 2907//2907 2906//2906 2905//2905
f 2906//2906 3047//3047 3043//3043 2896//2896
f 2907//2907 3175//3175 3035//3035 3048//3048
f 2907//2907 3048//3048 3047//3047 2906//2906
f 2908//2908 2910//2910 3175//3175 2907//2907
f 2910//2910 2904//2904 2909//2909 3175//3175
f 2909//2909 3278//3278 3029//3029 3031//3031
f 2911//2911 2912//2912 2913//2913 3430//3430
f 3534//3534 3535//3535 2911//2911 3430//3430
f 2913//2913 2912//2912 2915//2915 2914//2914
f 2917//2917 2918//2918 2913//2913 2914//2914
f 2926//2926 2919//2919 2916//2916 2927//2927
f 2919//2919 2918//2918 2917//2917 2916//2916
f 2921//2921 2920//2920 2918//2918 2919//2919
f 2918//2918 2920//2920 3430//3430 2913//2913
f 2921//2921 2922//2922 2923//2923 2920//2920
f 2921//2921 2919//2919 2926//2926 2942//2942
f 2944//2944 2922//2922 2921//2921 2942//2942
f 2922//2922 2924//2924 2925//2925 2923//2923
f 2939//2939 2924//2924 2922//2922 2944//2944
f 3430//3430 2920//2920 2923//2923 3534//3534
f 2925//2925 2931//2931 2930//2930 2929//2929
f 2932//2932 2931//2931 2925//2925 2924//2924
f 3534//3534 2923//2923 2925//2925 2929//2929
f 2926//2926 2927//2927 2941//2941 2947//2947
f 2928//2928 2828//2828 3547//3547 3535//3535
f 2929//2929 2928//2928 3535//3535 3534//3534
f 2934//2934 2933//2933 2931//2931 2932//2932
f 2931//2931 2933//2933 3431//3431 2930//2930
f 2932//2932 2924//2924 2939//2939 2940//2940
f 2937//2937 2938//2938 2933//2933 2934//2934
f 2934//2934 2932//2932 2940//2940 3489//3489
f 3536//3536 3268//3268 2935//2935 2937//2937
f 2937//2937 2935//2935 2936//2936 2938//2938
f 3489//3489 3536//3536 2937//2937 2934//2934
f 2938//2938 2936//2936 3284//3284 3548//3548
f 3431//3431 2933//2933 2938//2938 3548//3548
f 2940//2940 2939//2939 2945//2945 2967//2967
f 2948//2948 2947//2947 2941//2941 2946//2946
f 2943//2943 2944//2944 2942//2942 2949//2949
f 2942//2942 2926//2926 2947//2947 2949//2949
f 2950//2950 2951//2951 2943//2943 2949//2949
f 2945//2945 2939//2939 2944//2944 2943//2943
f 2951//2951 2952//2952 2945//2945 2943//2943
f 2968//2968 2967//2967 2945//2945 2952//2952
f 2950//2950 2949//2949 2947//2947 2948//2948
f 2948//2948 2946//2946 2953//2953 2956//2956
f 2954//2954 2951//2951 2950//2950 2958//2958
f 2950//2950 2948//2948 2956//2956 2958//2958
f 2955//2955 2952//2952 2951//2951 2954//2954
f 2978//2978 2955//2955 2954//2954 3528//3528
f 2968//2968 2952//2952 2955//2955 2977//2977
f 2956//2956 2953//2953 2957//2957 2959//2959
f 2961//2961 2959//2959 2957//2957 2960//2960
f 2958//2958 2956//2956 2959//2959 3106//3106
f 3528//3528 2954//2954 2958//2958 3106//3106
f 2984//2984 2983//2983 2961//2961 2960//2960
f 2961//2961 3105//3105 3106//3106 2959//2959
f 2962//2962 2965//2965 2964//2964 2963//2963
f 2964//2964 2966//2966 3571//3571 2847//2847
f 2966//2966 2964//2964 2965//2965 3399//3399
f 2972//2972 2971//2971 2965//2965 2962//2962
f 3605//3605 3399//3399 2965//2965 2971//2971
f 2974//2974 2973//2973 2966//2966 3399//3399
f 2966//2966 2973//2973 2975//2975 3571//3571
f 2970//2970 2969//2969 2967//2967 2968//2968
f 3489//3489 2940//2940 2967//2967 2969//2969
f 2972//2972 2969//2969 2970//2970 2971//2971
f 2970//2970 2968//2968 2977//2977 2979//2979
f 2971//2971 2970//2970 2979//2979 3605//3605
f 2972//2972 2962//2962 3268//3268 3536//3536
f 3489//3489 2969//2969 2972//2972 3536//3536
f 2976//2976 2975//2975 2973//2973 2981//2981
f 2974//2974 2982//2982 2981//2981 2973//2973
f 2991//2991 2992//2992 2975//2975 2976//2976
f 2976//2976 2990//2990 2989//2989 2991//2991
f 2977//2977 2955//2955 2978//2978 2980//2980
f 2979//2979 2977//2977 2980//2980 3109//3109
f 2999//2999 2998//2998 2980//2980 2978//2978
f 2990//2990 2976//2976 2981//2981 2997//2997
f 2981//2981 2982//2982 3005//3005 2997//2997
f 2982//2982 3004//3004 3003//3003 3005//3005
f 2982//2982 2974//2974 3435//3435 3004//3004
f 2983//2983 2984//2984 2985//2985 2987//2987
f 2983//2983 2986//2986 3105//3105 2961//2961
f 2985//2985 2984//2984 3526//3526 3527//3527
f 2986//2986 2983//2983 2987//2987 3423//3423
f 3524//3524 3525//3525 2986//2986 3423//3423
f 3051//3051 3052//3052 2987//2987 2985//2985
f 2992//2992 2991//2991 2988//2988 2869//2869
f 2994//2994 2993//2993 2990//2990 2997//2997
f 2992//2992 2845//2845 3571//3571 2975//2975
f 2996//2996 3572//3572 2993//2993 2994//2994
f 2995//2995 2996//2996 2994//2994 3007//3007
f 2994//2994 2997//2997 3005//3005 3007//3007
f 2995//2995 3007//3007 3006//3006 3401//3401
f 2995//2995 3013//3013 3033//3033 2996//2996
f 2996//2996 3033//3033 3032//3032 3572//3572
f 3002//3002 3001//3001 2998//2998 3000//3000
f 2998//2998 3001//3001 3109//3109 2980//2980
f 3000//3000 2998//2998 2999//2999 3008//3008
f 2999//2999 2978//2978 3528//3528 3546//3546
f 3000//3000 3008//3008 3009//3009 3010//3010
f 3001//3001 3004//3004 3435//3435 3109//3109
f 3002//3002 3003//3003 3004//3004 3001//3001
f 3002//3002 3000//3000 3010//3010 3011//3011
f 3011//3011 3006//3006 3003//3003 3002//3002
f 3005//3005 3003//3003 3006//3006 3007//3007
f 3546//3546 3525//3525 3008//3008 2999//2999
f 3009//3009 3008//3008 3525//3525 3524//3524
f 3059//3059 3065//3065 3010//3010 3009//3009
f 3065//3065 3067//3067 3011//3011 3010//3010
f 3401//3401 3006//3006 3011//3011 3067//3067
f 3033//3033 3013//3013 3012//3012 3213//3213
f 3014//3014 3012//3012 3013//3013 3069//3069
f 3401//3401 3069//3069 3013//3013 2995//2995
f 3014//3014 3218//3218 3217//3217 3012//3012
f 3019//3019 3018//3018 3015//3015 3017//3017
f 3015//3015 3020//3020 3021//3021 3016//3016
f 3017//3017 3015//3015 3016//3016 3045//3045
f 3504//3504 3045//3045 3016//3016 3478//3478
f 3043//3043 3019//3019 3017//3017 3044//3044
f 3018//3018 3022//3022 3020//3020 3015//3015
f 3040//3040 3039//3039 3018//3018 3019//3019
f 3018//3018 3039//3039 3480//3480 3022//3022
f 3047//3047 3040//3040 3019//3019 3043//3043
f 3020//3020 3023//3023 3024//3024 3021//3021
f 3478//3478 3016//3016 3021//3021 3479//3479
f 3022//3022 3025//3025 3023//3023 3020//3020
f 3022//3022 3480//3480 3078//3078 3025//3025
f 3075//3075 3072//3072 3024//3024 3023//3023
f 3479//3479 3021//3021 3024//3024 3074//3074
f 3025//3025 3522//3522 3075//3075 3023//3023
f 3026//3026 3027//3027 3028//3028 2884//2884
f 3029//3029 3278//3278 3027//3027 3034//3034
f 3027//3027 3026//3026 3032//3032 3034//3034
f 3278//3278 2882//2882 3028//3028 3027//3027
f 3031//3031 3029//3029 3030//3030 3037//3037
f 3030//3030 3029//3029 3034//3034 3213//3213
f 3038//3038 3037//3037 3030//3030 3217//3217
f 3036//3036 3035//3035 3031//3031 3037//3037
f 3031//3031 3035//3035 3175//3175 2909//2909
f 3032//3032 3026//3026 3216//3216 3572//3572
f 3034//3034 3032//3032 3033//3033 3213//3213
f 3048//3048 3035//3035 3036//3036 3049//3049
f 3036//3036 3041//3041 3475//3475 3049//3049
f 3041//3041 3036//3036 3037//3037 3038//3038
f 3042//3042 3041//3041 3038//3038 3081//3081
f 3049//3049 3475//3475 3039//3039 3040//3040
f 3039//3039 3475//3475 3476//3476 3480//3480
f 3048//3048 3049//3049 3040//3040 3047//3047
f 3475//3475 3041//3041 3042//3042 3476//3476
f 3044//3044 3017//3017 3045//3045 3046//3046
f 3556//3556 2897//2897 3044//3044 3046//3046
f 3503//3503 3046//3046 3045//3045 3504//3504
f 3555//3555 3556//3556 3046//3046 3503//3503
f 3061//3061 3053//3053 3050//3050 3060//3060
f 3053//3053 3052//3052 3051//3051 3050//3050
f 3527//3527 1549//1549 3051//3051 2985//2985
f 3055//3055 3054//3054 3052//3052 3053//3053
f 3052//3052 3054//3054 3423//3423 2987//2987
f 3062//3062 3055//3055 3053//3053 3061//3061
f 3055//3055 3056//3056 3057//3057 3054//3054
f 3056//3056 3058//3058 3059//3059 3057//3057
f 3062//3062 3063//3063 3056//3056 3055//3055
f 3423//3423 3054//3054 3057//3057 3524//3524
f 3063//3063 3064//3064 3058//3058 3056//3056
f 3070//3070 3066//3066 3058//3058 3064//3064
f 3066//3066 3065//3065 3059//3059 3058//3058
f 3524//3524 3057//3057 3059//3059 3009//3009
f 3173//3173 3128//3128 3061//3061 3060//3060
f 3128//3128 3127//3127 3062//3062 3061//3061
f 3549//3549 3063//3063 3062//3062 3127//3127
f 3172//3172 3064//3064 3063//3063 3549//3549
f 3068//3068 3067//3067 3065//3065 3066//3066
f 3071//3071 3068//3068 3066//3066 3070//3070
f 3067//3067 3068//3068 3069//3069 3401//3401
f 3071//3071 3014//3014 3069//3069 3068//3068
f 3172//3172 3126//3126 3070//3070 3064//3064
f 3126//3126 3174//3174 3071//3071 3070//3070
f 3071//3071 3174//3174 3218//3218 3014//3014
f 3072//3072 3073//3073 3074//3074 3024//3024
f 3072//3072 3075//3075 3127//3127 3128//3128
f 3073//3073 3072//3072 3128//3128 3173//3173
f 3073//3073 3173//3173 3550//3550 3523//3523
f 3074//3074 3073//3073 3523//3523 1528//1528
f 3076//3076 3077//3077 3078//3078 3080//3080
f 3077//3077 3076//3076 3126//3126 3172//3172
f 3077//3077 3172//3172 3549//3549 3522//3522
f 3078//3078 3077//3077 3522//3522 3025//3025
f 3079//3079 3076//3076 3080//3080 3082//3082
f 3079//3079 3174//3174 3126//3126 3076//3076
f 3480//3480 3476//3476 3080//3080 3078//3078
f 3081//3081 3079//3079 3082//3082 3042//3042
f 3081//3081 3218//3218 3174//3174 3079//3079
f 3217//3217 3218//3218 3081//3081 3038//3038
f 3476//3476 3042//3042 3082//3082 3080//3080
f 3084//3084 3094//3094 3470//3470 3436//3436
f 3086//3086 653//653 3085//3085 652//652
f 3087//3087 972//972 3370//3370 968//968
f 3090//3090 2146//2146 3543//3543 3140//3140
f 3092//3092 2151//2151 3367//3367 3307//3307
f 3094//3094 3464//3464 3519//3519 3470//3470
f 3097//3097 1933//1933 3552//3552 1968//1968
f 3102//3102 3100//3100 3101//3101 2540//2540
f 3499//3499 2447//2447 3103//3103 3603//3603
f 3105//3105 2986//2986 3525//3525 3546//3546
f 3546//3546 3528//3528 3106//3106 3105//3105
f 3107//3107 1461//1461 3108//3108 1460//1460
f 3109//3109 3435//3435 3605//3605 2979//2979
f 3119//3119 462//462 3118//3118 3120//3120
f 3121//3121 3119//3119 3120//3120 456//456
f 3121//3121 469//469 3438//3438 3119//3119
f 3123//3123 70//70 3537//3537 3539//3539
f 3522//3522 3549//3549 3127//3127 3075//3075
f 3523//3523 3550//3550 3129//3129 1569//1569
f 3134//3134 1629//1629 3486//3486 160//160
f 3135//3135 227//227 3417//3417 219//219
f 3141//3141 2152//2152 3140//3140 3544//3544
f 3165//3165 3166//3166 3144//3144 785//785
f 3150//3150 3148//3148 3149//3149 3426//3426
f 3149//3149 3148//3148 3561//3561 352//352
f 3162//3162 3161//3161 3155//3155 3157//3157
f 3157//3157 3155//3155 3156//3156 3163//3163
f 3539//3539 3537//3537 3157//3157 3163//3163
f 3161//3161 3456//3456 3451//3451 3155//3155
f 3537//3537 65//65 3162//3162 3157//3157
f 3558//3558 3161//3161 3162//3162 3607//3607
f 3252//3252 1064//1064 3166//3166 798//798
f 3166//3166 1064//1064 3382//3382 3144//3144
f 3167//3167 3413//3413 3542//3542 745//745
f 3170//3170 3235//3235 3449//3449 3171//3171
f 3176//3176 3196//3196 3208//3208 1144//1144
f 3460//3460 3426//3426 3179//3179 142//142
f 3210//3210 2751//2751 3182//3182 2560//2560
f 3191//3191 3243//3243 3244//3244 2691//2691
f 3414//3414 3243//3243 3191//3191 3404//3404
f 3354//3354 2191//2191 3194//3194 2189//2189
f 3197//3197 2902//2902 3404//3404 2874//2874
f 3559//3559 2818//2818 3199//3199 2825//2825
f 3280//3280 1348//1348 3201//3201 1353//1353
f 3202//3202 1303//1303 3204//3204 1313//1313
f 3215//3215 1297//1297 3207//3207 1298//1298
f 3217//3217 3030//3030 3213//3213 3012//3012
f 3220//3220 3448//3448 3235//3235 3234//3234
f 3267//3267 3219//3219 3220//3220 311//311
f 3224//3224 3181//3181 3225//3225 2369//2369
f 3294//3294 3422//3422 3227//3227 2381//2381
f 3244//3244 3243//3243 3228//3228 3229//3229
f 3414//3414 3591//3591 3228//3228 3243//3243
f 3394//3394 3388//3388 3233//3233 554//554
f 3236//3236 3234//3234 3235//3235 3170//3170
f 3247//3247 2551//2551 3237//3237 2566//2566
f 3241//3241 3239//3239 3240//3240 1192//1192
f 3246//3246 2589//2589 3245//3245 2586//2586
f 3252//3252 1065//1065 3255//3255 1063//1063
f 3273//3273 3270//3270 3272//3272 3274//3274
f 3272//3272 3270//3270 3556//3556 3555//3555
f 3383//3383 3273//3273 3274//3274 2889//2889
f 3283//3283 1109//1109 3282//3282 1112//1112
f 3311//3311 590//590 3371//3371 3581//3581
f 3320//3320 2620//2620 3458//3458 2617//2617
f 3490//3490 2367//2367 3322//3322 1129//1129
f 3592//3592 3248//3248 3323//3323 724//724
f 3466//3466 2475//2475 3328//3328 3602//3602
f 3363//3363 3362//3362 3332//3332 3333//3333
f 3332//3332 3362//3362 3583//3583 3584//3584
f 3364//3364 3363//3363 3333//3333 3334//3334
f 3565//3565 3563//3563 3364//3364 3334//3334
f 3375//3375 231//231 3373//3373 372//372
f 3386//3386 340//340 3598//3598 346//346
f 3435//3435 2974//2974 3399//3399 3605//3605
f 3413//3413 3167//3167 3412//3412 478//478
f 3426//3426 3460//3460 3461//3461 3150//3150
f 3543//3543 2150//2150 3429//3429 3509//3509
f 3445//3445 2757//2757 3444//3444 2753//2753
f 3466//3466 2478//2478 3446//3446 2483//2483
f 3449//3449 3235//3235 3448//3448 305//305
f 3490//3490 1129//1129 3459//3459 2615//2615
f 3500//3500 3502//3502 3505//3505 3501//3501
f 3554//3554 3553//3553 3502//3502 3500//3500
f 3543//3543 3509//3509 3544//3544 3140//3140
f 3610//3610 2633//2633 2635//2635 2656//2656
